word,count,first_occurrence,number_of_distinct_surahs,character_length
آباء,1,24:31,1,4
آبائك,1,2:133,1,5
آبائي,1,12:38,1,5
آتاك,1,28:77,1,4
آتانا,1,9:75,1,5
آتاها,1,65:7,1,5
آتت,1,18:33,1,3
آتهم,1,33:68,1,4
آتوا,1,23:60,1,4
آتوه,1,12:66,1,4
آتي,1,19:93,1,3
آتيتك,1,7:144,1,5
آتيتكم,1,3:81,1,6
آتيتنا,1,7:189,1,6
آتيتني,1,12:101,1,6
آتيتهن,1,33:51,1,6
آتيناها,1,6:83,1,7
آتيه,1,19:95,1,4
آتيهم,1,11:76,1,5
آثار,1,30:50,1,4
آثارهما,1,18:64,1,7
آثرك,1,12:91,1,4
آثم,1,2:283,1,3
آثما,1,76:24,1,4
آخذ,1,11:56,1,3
آخذين,1,51:16,1,5
آخران,1,5:106,1,5
آخره,1,3:72,1,4
آخرون,1,25:4,1,5
آذاننا,1,41:5,1,6
آذناك,1,41:47,1,5
آذنتكم,1,21:109,1,6
آذوا,1,33:69,1,4
آذيتمونا,1,14:12,1,8
آزر,1,6:74,1,3
آسفونا,1,43:55,1,6
آسن,1,47:15,1,3
آسى,1,7:93,1,3
آلهتي,1,19:46,1,5
آمره,1,12:32,1,4
آمنة,1,16:112,1,4
آمنكم,1,12:64,1,5
آمين,1,5:2,1,4
آن,1,55:44,1,2
آنس,1,28:29,1,3
آنستم,1,4:6,1,5
آنفا,1,47:16,1,4
آنية,1,88:5,1,4
آوي,1,11:80,1,3
آياتها,1,21:32,1,6
آيتين,1,17:12,1,5
أآلهتنا,1,43:58,1,7
أأتخذ,1,36:23,1,5
أأرباب,1,12:39,1,6
أأسجد,1,17:61,1,5
أأسلمتم,1,3:20,1,7
أأشفقتم,1,58:13,1,7
أأشكر,1,27:40,1,5
أأعجمي,1,41:44,1,6
أأقررتم,1,3:81,1,7
أألد,1,11:72,1,4
أألقي,1,54:25,1,5
أأمنتم,1,67:16,1,6
أأنزل,1,38:8,1,5
أؤنبئكم,1,3:15,1,7
أئذا,1,56:47,1,4
أئفكا,1,37:86,1,5
أبابيل,1,105:3,1,6
أباكم,1,12:80,1,5
أبالله,1,9:65,1,6
أباه,1,12:61,1,4
أباهم,1,12:16,1,5
أبتغي,1,6:114,1,5
أبحر,1,31:27,1,4
أبدله,1,10:15,1,5
أبرئ,1,12:53,1,4
أبرموا,1,43:79,1,6
أبسلوا,1,6:70,1,6
أبشر,1,64:6,1,4
أبشرا,1,54:24,1,5
أبشرتموني,1,15:54,1,9
أبصار,1,21:97,1,5
أبصاركم,1,41:22,1,7
أبصارنا,1,15:15,1,7
أبصارها,1,79:9,1,7
أبصارهن,1,24:31,1,7
أبصرنا,1,32:12,1,6
أبغي,1,6:164,1,4
أبغيكم,1,7:140,1,6
أبق,1,37:140,1,3
أبقى,1,53:51,1,4
أبكارا,1,56:36,1,6
أبكم,1,16:76,1,4
أبلغه,1,9:6,1,5
أبلغوا,1,72:28,1,6
أبناءنا,1,3:61,1,7
أبنائكم,1,4:23,1,7
أبوك,1,19:28,1,4
أبوهما,1,18:82,1,6
أبويك,1,12:6,1,5
أبويكم,1,7:27,1,6
أبينا,1,12:8,1,5
أبيهم,1,12:63,1,5
أتأخذونه,1,4:20,1,8
أتأمرون,1,2:44,1,7
أتانا,1,74:47,1,5
أتبعك,1,18:66,1,5
أتبعه,1,28:49,1,5
أتبنون,1,26:128,1,6
أتت,1,51:42,1,3
أتتخذ,1,6:74,1,5
أتتخذنا,1,2:67,1,7
أتتركون,1,26:146,1,7
أتتك,1,20:126,1,4
أتتكم,1,6:40,1,5
أتتهم,1,9:70,1,5
أتجادلونني,1,7:71,1,10
أتجعل,1,2:30,1,5
أتحاجوننا,1,2:139,1,9
أتحاجوني,1,6:80,1,8
أتحدثونهم,1,2:76,1,9
أتخذتم,1,2:80,1,6
أتخذناهم,1,38:63,1,8
أتخشونهم,1,9:13,1,8
أتدعون,1,37:125,1,6
أتذر,1,7:127,1,4
أتراب,1,38:52,1,5
أترفتم,1,21:13,1,6
أترفوا,1,11:116,1,6
أتريد,1,28:19,1,5
أتستبدلون,1,2:61,1,9
أتصبرون,1,25:20,1,7
أتعجبين,1,11:73,1,7
أتعدانني,1,46:17,1,8
أتقاكم,1,49:13,1,6
أتقتلون,1,40:28,1,7
أتقن,1,27:88,1,4
أتل,1,6:151,1,3
أتلو,1,27:92,1,4
أتمدونن,1,27:36,1,7
أتمم,1,66:8,1,4
أتممت,1,28:27,1,5
أتمها,1,12:6,1,5
أتموا,1,2:187,1,5
أتنبئون,1,10:18,1,7
أتنهانا,1,11:62,1,7
أتهتدي,1,27:41,1,6
أتهلكنا,1,7:155,1,7
أتواصوا,1,51:53,1,7
أتوب,1,2:160,1,4
أتوك,1,9:92,1,4
أتوكأ,1,20:18,1,5
أتوه,1,27:87,1,4
أتيا,1,18:77,1,4
أتيت,1,2:145,1,4
أتين,1,4:25,1,4
أثارة,1,46:4,1,5
أثاما,1,25:68,1,5
أثخنتموهم,1,47:4,1,9
أثري,1,20:84,1,4
أثقالكم,1,16:7,1,7
أثقالها,1,99:2,1,7
أثقلت,1,7:189,1,5
أثم,1,10:51,1,3
أثيما,1,4:107,1,5
أجاجا,1,56:70,1,5
أجرمنا,1,34:25,1,6
أجرها,1,33:31,1,5
أجزعنا,1,14:21,1,6
أجسامهم,1,63:4,1,7
أجعلتم,1,9:19,1,6
أجعلنا,1,43:45,1,6
أجلنا,1,6:128,1,5
أجمعوا,1,12:102,1,6
أجنة,1,53:32,1,4
أجنحة,1,35:1,1,5
أجيب,1,2:186,1,4
أجيبت,1,10:89,1,5
أجيبوا,1,46:31,1,6
أحبارهم,1,9:31,1,7
أحدث,1,18:70,1,4
أحدكما,1,12:41,1,6
أحدنا,1,12:78,1,5
أحرص,1,2:96,1,4
أحس,1,3:52,1,3
أحسب,1,29:2,1,4
أحسنه,1,39:18,1,5
أحسوا,1,21:12,1,5
أحصاه,1,58:6,1,5
أحصاها,1,18:49,1,6
أحصاهم,1,19:94,1,6
أحصرتم,1,2:196,1,6
أحصروا,1,2:273,1,6
أحصن,1,4:25,1,4
أحصى,1,18:12,1,4
أحضرت,1,81:14,1,5
أحطت,1,27:22,1,4
أحطنا,1,18:91,1,5
أحقابا,1,78:23,1,6
أحكم,1,11:45,1,4
أحكمت,1,11:1,1,5
أحلامهم,1,52:32,1,7
أحللنا,1,33:50,1,6
أحلنا,1,35:35,1,5
أحمد,1,61:6,1,4
أحمل,1,12:36,1,4
أحملكم,1,9:92,1,6
أحوى,1,87:5,1,4
أحيا,1,5:32,1,4
أحياكم,1,22:66,1,6
أحياهم,1,2:243,1,6
أحيط,1,10:22,1,4
أحيي,1,2:258,1,4
أحييناها,1,36:33,1,8
أخا,1,46:21,1,3
أخالفكم,1,11:88,1,7
أخبارها,1,99:4,1,7
أختك,1,20:40,1,4
أخذا,1,73:16,1,4
أخذة,1,69:10,1,4
أخذتم,1,8:68,1,5
أخذتها,1,22:48,1,6
أخذه,1,11:102,1,4
أخذوا,1,33:61,1,5
أخراكم,1,3:153,1,6
أخراهم,1,7:38,1,6
أخرتن,1,17:62,1,5
أخرتنا,1,4:77,1,6
أخرتني,1,63:10,1,6
أخرجت,1,3:110,1,5
أخرجتك,1,47:13,1,6
أخرجتم,1,59:11,1,6
أخرجك,1,8:5,1,5
أخرجكم,1,16:78,1,6
أخرجني,1,12:100,1,6
أخرجه,1,9:40,1,5
أخرجوكم,1,2:191,1,7
أخرجوهم,1,7:82,1,7
أخرقتها,1,18:71,1,7
أخزى,1,41:16,1,4
أخزيته,1,3:192,1,6
أخطأتم,1,33:5,1,6
أخطأنا,1,2:286,1,6
أخفي,1,32:17,1,4
أخفيتم,1,60:1,1,6
أخفيها,1,20:15,1,6
أخلد,1,7:176,1,4
أخلده,1,104:3,1,5
أخلصناهم,1,38:46,1,8
أخلفنا,1,20:87,1,6
أخلفوا,1,9:77,1,6
أخلق,1,3:49,1,4
أخنه,1,12:52,1,4
أخواتكم,1,24:61,1,7
أخوالكم,1,24:61,1,7
أخوك,1,12:69,1,4
أخويكم,1,49:10,1,6
أدباركم,1,5:21,1,7
أدبارها,1,4:47,1,7
أدخلني,1,17:80,1,6
أدخلوا,1,40:46,1,6
أدر,1,69:26,1,3
أدراكم,1,10:16,1,6
أدركه,1,10:90,1,5
أدعوتموهم,1,7:193,1,9
أدعياءكم,1,33:4,1,8
أدعيائهم,1,33:37,1,8
أدلك,1,20:120,1,4
أدهى,1,54:46,1,4
أدوا,1,44:18,1,4
أذاعوا,1,4:83,1,6
أذاقهم,1,30:33,1,6
أذاهم,1,33:48,1,5
أذبحك,1,37:102,1,5
أذكركم,1,2:152,1,6
أذكره,1,18:63,1,5
أذنت,1,9:43,1,4
أذنيه,1,31:7,1,5
أذهب,1,35:34,1,4
أذهبتم,1,46:20,1,6
أرأيتك,1,17:62,1,6
أرادا,1,2:233,1,5
أراذلنا,1,11:27,1,7
أراغب,1,19:46,1,5
أراكهم,1,8:43,1,6
أربى,1,16:92,1,4
أرجائها,1,69:17,1,7
أرجع,1,12:46,1,4
أرجل,1,7:195,1,4
أرجلكم,1,6:65,1,6
أرحامهن,1,2:228,1,7
أرداكم,1,41:23,1,6
أردت,1,11:34,1,4
أردن,1,24:33,1,4
أردناه,1,16:40,1,6
أرساها,1,79:32,1,6
أرسلناه,1,51:38,1,7
أرسلوا,1,83:33,1,6
أرضا,1,12:9,1,4
أرضعت,1,22:2,1,5
أرضعن,1,65:6,1,5
أرضعنكم,1,4:23,1,7
أرضعيه,1,28:7,1,6
أرضهم,1,33:27,1,5
أرضي,1,29:56,1,4
أرضيتم,1,9:38,1,6
أركسهم,1,4:88,1,6
أركسوا,1,4:91,1,6
أرهطي,1,11:92,1,5
أريكم,1,40:29,1,5
أريناك,1,17:60,1,6
أريناه,1,20:56,1,6
أزا,1,19:83,1,3
أزاغ,1,61:5,1,4
أزري,1,20:31,1,4
أزفت,1,53:57,1,4
أزلفت,1,81:13,1,5
أزواجهن,1,2:232,1,7
أزيد,1,74:15,1,4
أسأتم,1,17:7,1,5
أسألك,1,11:47,1,5
أسارى,1,2:85,1,5
أسباب,1,40:37,1,5
أسباطا,1,7:160,1,6
أستجب,1,40:60,1,5
أستخلصه,1,12:54,1,7
أستغفر,1,12:98,1,6
أستغفرت,1,63:6,1,7
أستكبرت,1,38:75,1,7
أسحر,1,10:77,1,4
أسخط,1,47:28,1,4
أسرف,1,20:127,1,4
أسرفوا,1,39:53,1,6
أسرهم,1,76:28,1,5
أسروا,1,5:52,1,5
أسفارا,1,62:5,1,6
أسفارنا,1,34:19,1,7
أسفر,1,74:34,1,4
أسفى,1,12:84,1,4
أسكنت,1,14:37,1,5
أسكنوهن,1,65:6,1,7
أسلحتهم,1,4:102,1,7
أسلفت,1,10:30,1,5
أسلفتم,1,69:24,1,6
أسلما,1,37:103,1,5
أسلمنا,1,49:14,1,6
أسمائه,1,7:180,1,6
أسمعهم,1,8:23,1,6
أسورة,1,43:53,1,5
أشاء,1,7:156,1,4
أشداء,1,48:29,1,5
أشدهما,1,18:82,1,6
أشراطها,1,47:18,1,7
أشركت,1,39:65,1,5
أشركتمون,1,14:22,1,8
أشركنا,1,6:148,1,6
أشقاها,1,91:12,1,6
أشكو,1,12:86,1,4
أشهدتهم,1,18:51,1,7
أشهدوا,1,43:19,1,6
أشياء,1,5:101,1,5
أشياعكم,1,54:51,1,7
أصابت,1,3:117,1,5
أصابته,1,22:11,1,6
أصابه,1,22:11,1,5
أصابها,1,2:265,1,6
أصب,1,12:33,1,3
أصبتم,1,3:165,1,5
أصبح,1,67:30,1,4
أصبحوا,1,5:102,1,6
أصبرهم,1,2:175,1,6
أصبناهم,1,7:100,1,7
أصحابهم,1,51:59,1,7
أصدقت,1,27:27,1,5
أصطفى,1,37:153,1,5
أصل,1,37:64,1,3
أصلابكم,1,4:23,1,7
أصلاتك,1,11:87,1,6
أصلها,1,14:24,1,5
أصنام,1,7:138,1,5
أصنامكم,1,21:57,1,7
أصواتكم,1,49:2,1,7
أصواتهم,1,49:3,1,7
أصوافها,1,16:80,1,7
أصولها,1,59:5,1,6
أصيب,1,7:156,1,4
أضاء,1,2:20,1,4
أضاءت,1,2:17,1,5
أضاعوا,1,19:59,1,6
أضحك,1,53:43,1,4
أضطره,1,2:126,1,5
أضعف,1,72:24,1,4
أضغانكم,1,47:37,1,7
أضغانهم,1,47:29,1,7
أضلانا,1,41:29,1,6
أضللتم,1,25:17,1,6
أضللن,1,14:36,1,5
أضلنا,1,26:99,1,5
أضلني,1,25:29,1,5
أضلوا,1,71:24,1,5
أضلونا,1,7:38,1,6
أضيع,1,3:195,1,4
أطاع,1,4:80,1,4
أطاعونا,1,3:168,1,7
أطعتم,1,23:34,1,5
أطعتموهم,1,6:121,1,8
أطعمه,1,36:47,1,5
أطعمهم,1,106:4,1,6
أطعنكم,1,4:34,1,6
أطغيته,1,50:27,1,6
أطفأها,1,5:64,1,6
أطمع,1,26:82,1,4
أطوارا,1,71:14,1,6
أظفركم,1,48:24,1,6
أعثرنا,1,18:21,1,6
أعجب,1,57:20,1,4
أعجبكم,1,2:221,1,6
أعجزت,1,5:31,1,5
أعجلتم,1,7:150,1,6
أعجلك,1,20:83,1,5
أعجمي,1,16:103,1,5
أعجميا,1,41:44,1,6
أعرضتم,1,17:67,1,6
أعز,1,11:92,1,3
أعصر,1,12:36,1,4
أعصي,1,18:69,1,4
أعطوا,1,9:58,1,5
أعطيناك,1,108:1,1,7
أعظك,1,11:46,1,4
أعظكم,1,34:46,1,5
أعقابنا,1,6:71,1,7
أعلنت,1,71:9,1,5
أعلنتم,1,60:1,1,6
أعمال,1,23:63,1,5
أعمالا,1,18:103,1,6
أعمامكم,1,24:61,1,7
أعناق,1,34:33,1,5
أعنده,1,53:35,1,5
أعهد,1,36:60,1,4
أعيبها,1,18:79,1,6
أعيذها,1,3:36,1,6
أعينهن,1,33:51,1,6
أغرقناهم,1,25:37,1,8
أغرقوا,1,71:25,1,6
أغشيت,1,10:27,1,5
أغفلنا,1,18:28,1,6
أغلالا,1,36:8,1,6
أغناهم,1,9:74,1,6
أغنت,1,11:101,1,4
أغني,1,12:67,1,4
أغوينا,1,28:63,1,6
أغويناهم,1,28:63,1,8
أفأصفاكم,1,17:40,1,8
أفأمنتم,1,17:68,1,7
أفأنبئكم,1,22:72,1,8
أفأنتم,1,21:50,1,6
أفاتخذتم,1,13:16,1,8
أفاض,1,2:199,1,4
أفاق,1,7:143,1,4
أفبنعمة,1,16:71,1,7
أفبهذا,1,56:81,1,6
أفتأتون,1,21:3,1,7
أفتؤمنون,1,2:85,1,8
أفتتخذونه,1,18:50,1,9
أفترى,1,34:8,1,5
أفتطمعون,1,2:75,1,8
أفتعبدون,1,21:66,1,8
أفتمارونه,1,53:12,1,9
أفتنا,1,12:46,1,5
أفتهلكنا,1,7:173,1,8
أفحسب,1,18:102,1,5
أفحسبتم,1,23:115,1,7
أفحكم,1,5:50,1,5
أفسحر,1,52:15,1,5
أفسدوها,1,27:34,1,7
أفصح,1,28:34,1,4
أفضى,1,4:21,1,4
أفطال,1,20:86,1,5
أفعصيت,1,20:93,1,6
أفعيينا,1,50:15,1,7
أفك,1,51:9,1,3
أفكلما,1,2:87,1,6
أفلت,1,6:78,1,4
أفما,1,37:58,1,4
أفنان,1,55:48,1,5
أفنجعل,1,68:35,1,6
أفنضرب,1,43:5,1,6
أقبل,1,28:31,1,4
أقبلنا,1,12:82,1,6
أقتت,1,77:11,1,4
أقتل,1,40:26,1,4
أقتلت,1,18:74,1,5
أقدامكم,1,47:7,1,7
أقربهم,1,5:82,1,6
أقررتم,1,2:84,1,6
أقررنا,1,3:81,1,6
أقطار,1,55:33,1,5
أقطارها,1,33:14,1,7
أقفالها,1,47:24,1,7
أقلام,1,31:27,1,5
أقلامهم,1,3:44,1,7
أقلت,1,7:57,1,4
أقلعي,1,11:44,1,5
أقمتم,1,5:12,1,5
أقواتها,1,41:10,1,7
أقوم,1,17:9,1,4
أك,1,19:20,1,2
أكابر,1,6:123,1,5
أكاد,1,20:15,1,4
أكالون,1,5:42,1,6
أكان,1,10:2,1,4
أكبرنه,1,12:31,1,6
أكذبتم,1,27:84,1,6
أكرمكم,1,49:13,1,6
أكرمن,1,89:15,1,5
أكرمي,1,12:21,1,5
أكره,1,16:106,1,4
أكرهتنا,1,20:73,1,7
أكفاركم,1,54:43,1,7
أكفر,1,27:40,1,4
أكفرت,1,18:37,1,5
أكفرتم,1,3:106,1,6
أكفره,1,80:17,1,5
أكفلنيها,1,38:23,1,8
أكلا,1,89:19,1,4
أكلم,1,19:26,1,4
أكمامها,1,41:47,1,7
أكملت,1,5:3,1,5
أكنانا,1,16:81,1,6
أكننتم,1,2:235,1,6
ألتناهم,1,52:21,1,7
ألحقتم,1,34:27,1,6
ألحقنا,1,52:21,1,6
ألد,1,2:204,1,3
ألربك,1,37:149,1,5
ألزمناه,1,17:13,1,7
ألست,1,7:172,1,4
ألفا,1,8:65,1,4
ألفافا,1,78:16,1,6
ألفت,1,8:63,1,4
ألفوا,1,37:69,1,5
ألفين,1,8:66,1,5
ألفينا,1,2:170,1,6
ألقاه,1,12:96,1,5
ألقاها,1,4:171,1,6
ألقها,1,20:19,1,5
ألقيا,1,50:24,1,5
ألكم,1,53:21,1,4
ألهاكم,1,102:1,1,6
ألهم,1,7:195,1,4
ألواح,1,54:13,1,5
ألوف,1,2:243,1,4
أمات,1,53:44,1,4
أماته,1,80:21,1,5
أماذا,1,27:84,1,5
أمامه,1,75:5,1,5
أماناتكم,1,8:27,1,8
أمانته,1,2:283,1,6
أمانيهم,1,2:111,1,7
أمتا,1,20:107,1,4
أمتعكن,1,33:28,1,6
أمتنا,1,40:11,1,5
أمثلهم,1,20:104,1,6
أمرتك,1,7:12,1,5
أمرتني,1,5:117,1,6
أمرتهم,1,24:53,1,6
أمسكن,1,5:4,1,5
أمسكهما,1,35:41,1,7
أمشاج,1,76:2,1,5
أمضي,1,18:60,1,4
أمطرت,1,25:40,1,5
أمعاءهم,1,47:15,1,7
أملا,1,18:46,1,4
أمليت,1,22:48,1,5
أمنا,1,24:55,1,4
أمنتكم,1,12:64,1,6
أمنيته,1,22:52,1,6
أمها,1,28:59,1,4
أمهلهم,1,86:17,1,6
أموت,1,19:33,1,4
أميون,1,2:78,1,5
أنبأك,1,66:3,1,5
أنبأهم,1,2:33,1,6
أنبئهم,1,2:33,1,6
أنبئوني,1,2:31,1,7
أنبائكم,1,33:20,1,7
أنبائها,1,7:101,1,7
أنبتت,1,2:261,1,5
أنبتكم,1,71:17,1,6
أنبتنا,1,26:7,1,6
أنبنا,1,60:4,1,5
أنتما,1,28:35,1,5
أنجاكم,1,14:6,1,6
أنجانا,1,6:63,1,6
أنجاهم,1,10:23,1,6
أنجيتنا,1,10:22,1,7
أنحن,1,34:32,1,4
أندعو,1,6:71,1,5
أنذرتكم,1,41:13,1,7
أنذركم,1,21:45,1,6
أنذرناكم,1,78:40,1,8
أنذرهم,1,54:36,1,6
أنزلتموه,1,56:69,1,8
أنزلناها,1,24:1,1,8
أنزلني,1,23:29,1,6
أنساب,1,23:101,1,5
أنسانيه,1,18:63,1,7
أنسجد,1,25:60,1,5
أنسوكم,1,23:110,1,6
أنشأتم,1,56:72,1,6
أنشأناه,1,23:14,1,7
أنشأناهن,1,56:35,1,8
أنشأها,1,36:79,1,6
أنشره,1,80:22,1,5
أنصارا,1,71:25,1,6
أنصتوا,1,46:29,1,6
أنصح,1,11:34,1,4
أنطعم,1,36:47,1,5
أنطق,1,41:21,1,4
أنطقنا,1,41:21,1,6
أنظر,1,7:143,1,4
أنظرني,1,7:14,1,6
أنعام,1,6:138,1,5
أنعامكم,1,20:54,1,7
أنعامهم,1,32:27,1,7
أنعمها,1,8:53,1,6
أنفقت,1,8:63,1,5
أنقض,1,94:3,1,4
أنكاثا,1,16:92,1,6
أنكالا,1,73:12,1,6
أنكحك,1,28:27,1,5
أنكر,1,31:19,1,4
أنلزمكموها,1,11:28,1,10
أننا,1,6:111,1,4
أنهار,1,47:15,1,5
أنهاكم,1,11:88,1,6
أنهكما,1,7:22,1,6
أهانن,1,89:16,1,5
أهدك,1,19:43,1,4
أهدكم,1,40:38,1,5
أهديكم,1,40:29,1,6
أهكذا,1,27:42,1,5
أهلكت,1,90:6,1,5
أهلكتهم,1,7:155,1,7
أهلكني,1,67:28,1,6
أهلهن,1,4:25,1,5
أهليكم,1,5:89,1,6
أهليهم,1,48:12,1,6
أهمتهم,1,3:154,1,6
أهواءكم,1,6:56,1,7
أهون,1,30:27,1,4
أهوى,1,53:53,1,4
أوأمن,1,7:98,1,5
أواه,1,11:75,1,4
أوبي,1,34:10,1,4
أوت,1,69:25,1,3
أوتادا,1,78:7,1,6
أوتوه,1,2:213,1,5
أوتيت,1,20:36,1,5
أوجفتم,1,59:6,1,6
أوحيت,1,5:111,1,5
أودية,1,13:17,1,5
أوديتهم,1,46:24,1,7
أوذي,1,29:10,1,4
أوذينا,1,7:129,1,6
أورثنا,1,35:32,1,6
أورثوا,1,42:14,1,6
أوزار,1,16:25,1,5
أوزارا,1,20:87,1,6
أوزارها,1,47:4,1,7
أوسط,1,5:89,1,4
أوسطهم,1,68:28,1,6
أوعظت,1,26:136,1,5
أوف,1,2:40,1,3
أوفي,1,12:59,1,4
أوقدوا,1,5:64,1,6
أوكلما,1,2:100,1,6
أولئكم,1,54:43,1,6
أولات,1,65:6,1,5
أولاهم,1,7:39,1,6
أولاهما,1,17:5,1,7
أولما,1,3:165,1,5
أولياؤكم,1,41:31,1,8
أولياؤه,1,8:34,1,7
أوليائكم,1,33:6,1,8
أوليائهم,1,6:121,1,8
أوهن,1,29:41,1,4
أوى,1,18:10,1,3
أوينا,1,18:63,1,5
أيأمركم,1,3:80,1,7
أيا,1,17:110,1,3
أيبتغون,1,4:139,1,7
أيحب,1,49:12,1,4
أيحسبون,1,23:55,1,7
أيد,1,7:195,1,3
أيدتك,1,5:110,1,5
أيدك,1,8:62,1,4
أيديهما,1,5:38,1,7
أيشركون,1,7:191,1,7
أيطمع,1,70:38,1,5
أيعدكم,1,23:35,1,6
أيقاظا,1,18:18,1,6
أيما,1,28:28,1,4
أيمسكه,1,16:59,1,6
أينا,1,20:71,1,4
أيوب,1,38:41,1,4
أيود,1,2:266,1,4
إثمه,1,2:181,1,4
إجرامي,1,11:35,1,6
إحداهن,1,4:20,1,6
إخراج,1,2:240,1,5
إخراجا,1,71:18,1,6
إخراجكم,1,60:9,1,7
إخراجهم,1,2:85,1,7
إخوان,1,17:27,1,5
إخوانكم,1,24:61,1,7
إخوانهم,1,58:22,1,7
إخوتك,1,12:5,1,5
إخوتي,1,12:100,1,5
إدا,1,19:89,1,3
إدريس,1,19:56,1,5
إذنه,1,10:3,1,4
إرم,1,89:7,1,3
إستبرق,1,55:54,1,6
إسرارا,1,71:9,1,6
إسرارهم,1,47:26,1,7
إسرافا,1,4:6,1,6
إسلامكم,1,49:17,1,7
إسلامهم,1,9:74,1,7
إصرا,1,2:286,1,4
إصرهم,1,7:157,1,5
إصري,1,3:81,1,4
إعراضا,1,4:128,1,6
إعراضهم,1,6:35,1,7
إعصار,1,2:266,1,5
إفكا,1,29:17,1,4
إقامتكم,1,16:80,1,7
إكراه,1,2:256,1,5
إكراههن,1,24:33,1,7
إل,1,37:130,1,2
إلحافا,1,2:273,1,6
إلياس,1,37:123,1,5
إليكما,1,28:35,1,6
إمام,1,36:12,1,4
إمرا,1,18:71,1,4
إناه,1,33:53,1,4
إنسان,1,17:13,1,5
إنسيا,1,19:26,1,5
إنشاء,1,56:35,1,5
إنهما,1,37:122,1,5
إنهن,1,14:36,1,4
إي,1,10:53,1,2
إيابهم,1,88:25,1,6
إياك,1,1:5,1,4
إيلافهم,1,106:2,1,7
اؤتمن,1,2:283,1,5
ائتيا,1,41:11,1,5
ائذن,1,9:49,1,4
ابتدعوها,1,57:27,1,8
ابتغوا,1,9:48,1,6
ابتغيت,1,33:51,1,6
ابتلى,1,2:124,1,5
ابتلي,1,33:11,1,5
ابعث,1,2:246,1,4
ابلعي,1,11:44,1,5
ابنت,1,66:12,1,4
ابنتي,1,28:27,1,5
ابنك,1,12:81,1,4
ابنه,1,11:42,1,4
ابيضت,1,3:107,1,5
اتباع,1,4:157,1,5
اتبعتم,1,7:90,1,6
اتبعتني,1,18:70,1,7
اتبعكما,1,28:35,1,7
اتبعن,1,3:20,1,5
اتبعني,1,12:108,1,6
اتبعوك,1,3:55,1,6
اتبعون,1,40:38,1,6
اتبعوهم,1,9:100,1,7
اتخذها,1,45:9,1,6
اتخذوني,1,5:116,1,7
اتخذوه,1,7:148,1,6
اتخذوها,1,5:58,1,7
اتخذوهم,1,5:81,1,7
اتخذي,1,16:68,1,5
اتسق,1,84:18,1,4
اتقيتن,1,33:32,1,6
اتل,1,29:45,1,3
اثاقلتم,1,9:38,1,7
اثنا,1,9:36,1,4
اثنان,1,5:106,1,5
اثنتي,1,7:160,1,5
اثني,1,5:12,1,4
اجتباكم,1,22:78,1,7
اجتبيتها,1,7:203,1,8
اجتثت,1,14:26,1,5
اجترحوا,1,45:21,1,7
اجتمعت,1,17:88,1,6
اجتمعوا,1,22:73,1,7
اجعلوا,1,12:62,1,6
اجهروا,1,67:13,1,6
احتمل,1,4:112,1,5
احتملوا,1,33:58,1,7
احشروا,1,37:22,1,6
احمل,1,11:40,1,4
اخترتك,1,20:13,1,6
اخترناهم,1,44:32,1,8
اختصموا,1,22:19,1,7
اختلافا,1,4:82,1,7
اختلاق,1,38:7,1,6
اختلط,1,6:146,1,5
اختلفتم,1,42:10,1,7
اخرجوا,1,4:66,1,6
اخسئوا,1,23:108,1,6
اخلفني,1,7:142,1,6
ادارك,1,27:66,1,5
اداركوا,1,7:38,1,7
ادخل,1,36:26,1,4
ادخلا,1,66:10,1,5
ادخلي,1,27:44,1,5
ادعهن,1,2:260,1,5
ادعوني,1,40:60,1,6
ادعوهم,1,33:5,1,6
ادفعوا,1,3:167,1,6
اذكر,1,5:110,1,4
اذكرني,1,12:42,1,6
ارتابوا,1,24:50,1,7
ارتدوا,1,47:25,1,6
ارجعون,1,23:99,1,6
ارجعي,1,89:28,1,5
ارحمهما,1,17:24,1,7
اركب,1,11:42,1,4
اركبوا,1,11:41,1,6
اركض,1,38:42,1,4
استأجرت,1,28:26,1,7
استأجره,1,28:26,1,7
استأذن,1,24:59,1,6
استأذنك,1,9:86,1,7
استأذنوك,1,24:62,1,8
استبدال,1,4:20,1,7
استجارك,1,9:6,1,7
استجيب,1,42:16,1,6
استحفظوا,1,5:44,1,8
استحق,1,5:107,1,5
استحقا,1,5:107,1,6
استحوذ,1,58:19,1,6
استحياء,1,28:25,1,7
استخرجها,1,12:76,1,8
استخلف,1,24:55,1,6
استرق,1,15:18,1,5
استزلهم,1,3:155,1,7
استسقاه,1,7:160,1,7
استسقى,1,2:60,1,6
استضعفوني,1,7:150,1,9
استطاع,1,3:97,1,6
استطعما,1,18:77,1,7
استطعنا,1,9:42,1,7
استعجالهم,1,10:11,1,9
استعجلتم,1,46:24,1,8
استعلى,1,20:64,1,6
استغفار,1,9:114,1,7
استقر,1,7:143,1,5
استكبر,1,38:74,1,6
استكبرتم,1,2:87,1,8
استكثرتم,1,6:128,1,8
استمتعتم,1,4:24,1,8
استمع,1,72:1,1,5
استمعوه,1,21:2,1,7
استنصره,1,28:18,1,7
استنصروكم,1,8:72,1,9
استنكفوا,1,4:173,1,8
استهزئوا,1,9:64,1,8
استهوته,1,6:71,1,7
استوقد,1,2:17,1,6
استويت,1,23:28,1,6
استويتم,1,43:13,1,7
استيأس,1,12:110,1,6
استيأسوا,1,12:80,1,8
اسطاعوا,1,18:97,1,7
اسلك,1,28:32,1,4
اسودت,1,3:106,1,5
اشتدت,1,14:18,1,5
اشترى,1,9:111,1,5
اشتهت,1,21:102,1,5
اشدد,1,20:31,1,4
اشرح,1,20:25,1,4
اشمأزت,1,39:45,1,6
اشهدوا,1,3:64,1,6
اصبر,1,38:17,1,4
اصبروا,1,3:200,1,6
اصرف,1,25:65,1,4
اصطفاك,1,3:42,1,6
اصطفاه,1,2:247,1,6
اصطفيتك,1,7:144,1,7
اصطفينا,1,35:32,1,7
اصطفيناه,1,2:130,1,8
اصنع,1,23:27,1,4
اضربوه,1,2:73,1,6
اضطررتم,1,6:119,1,7
اطرحوه,1,12:9,1,6
اطلعت,1,18:18,1,5
اطمأن,1,22:11,1,5
اطمأننتم,1,4:103,1,8
اطمس,1,10:88,1,4
اطيرنا,1,27:47,1,6
اعبدوني,1,36:61,1,7
اعتدوا,1,2:65,1,6
اعتدينا,1,5:107,1,7
اعتراك,1,11:54,1,6
اعترفوا,1,9:102,1,7
اعتزلتموهم,1,18:16,1,10
اعتزلهم,1,19:49,1,7
اعتزلوكم,1,4:90,1,8
اعتمر,1,2:158,1,5
اعدلوا,1,5:8,1,6
اعمل,1,34:11,1,4
اغترف,1,2:249,1,5
اغدوا,1,68:22,1,5
افتح,1,7:89,1,4
افتدت,1,2:229,1,5
افتدى,1,3:91,1,5
افترينا,1,7:89,1,7
افعل,1,37:102,1,4
اقتتل,1,2:253,1,5
اقتحم,1,90:11,1,5
اقتده,1,6:90,1,5
اقتربت,1,54:1,1,6
اقترفتموها,1,9:24,1,10
اقتلوه,1,29:24,1,6
اقذفيه,1,20:39,1,6
اقرءوا,1,69:19,1,6
اقضوا,1,10:71,1,5
اقعدوا,1,9:46,1,6
اقنتي,1,3:43,1,5
اكتالوا,1,83:2,1,7
اكتتبها,1,25:5,1,7
اكتسب,1,24:11,1,5
اكتسبت,1,2:286,1,6
اكتسبن,1,4:32,1,6
اكشف,1,44:12,1,4
اكفر,1,59:16,1,4
الآثمين,1,5:106,1,7
الآفاق,1,41:53,1,6
الآفلين,1,6:76,1,7
الآلهة,1,38:5,1,6
الآمرون,1,9:112,1,7
الآمنين,1,28:31,1,7
الآية,1,79:20,1,5
الأبتر,1,108:3,1,6
الأبيض,1,2:187,1,6
الأتقى,1,92:17,1,6
الأثيم,1,44:44,1,6
الأجل,1,28:29,1,5
الأجلين,1,28:28,1,7
الأحبار,1,9:34,1,7
الأحلام,1,12:44,1,7
الأحمال,1,65:4,1,7
الأحياء,1,35:22,1,7
الأخ,1,4:23,1,4
الأخت,1,4:23,1,5
الأختين,1,4:23,1,7
الأخدود,1,85:4,1,7
الأخسرين,1,21:70,1,8
الأخضر,1,36:80,1,6
الأخلاء,1,43:67,1,7
الأذقان,1,36:8,1,7
الأذل,1,63:8,1,5
الأذلين,1,58:20,1,7
الأرذلون,1,26:111,1,8
الأسرى,1,8:70,1,6
الأسفل,1,4:145,1,6
الأسود,1,2:187,1,6
الأشر,1,54:26,1,5
الأشرار,1,38:62,1,7
الأشهر,1,9:5,1,6
الأصنام,1,14:35,1,7
الأطفال,1,24:59,1,7
الأعجمين,1,26:198,1,8
الأعداء,1,7:150,1,7
الأعز,1,63:8,1,5
الأعناق,1,8:12,1,7
الأغنياء,1,59:7,1,8
الأفئدة,1,104:7,1,7
الأقاويل,1,69:44,1,8
الأقدام,1,8:11,1,7
الأقدمون,1,26:76,1,8
الأقربين,1,26:214,1,8
الأقصى,1,17:1,1,6
الأكرم,1,96:3,1,6
الأكل,1,13:4,1,5
الأكمام,1,55:11,1,7
الأمانات,1,4:58,1,8
الأمانة,1,33:72,1,7
الأماني,1,57:14,1,7
الأمد,1,57:16,1,5
الأمل,1,15:3,1,5
الأمم,1,35:42,1,5
الأموات,1,35:22,1,7
الأنامل,1,3:119,1,7
الأهلة,1,2:189,1,6
الأوثان,1,22:30,1,7
الأوفى,1,53:41,1,6
الأوليان,1,5:107,1,8
الأيامى,1,24:32,1,7
الأيد,1,38:17,1,5
الأيدي,1,38:45,1,6
الإربة,1,24:31,1,6
الإصباح,1,6:96,1,7
الإصلاح,1,11:88,1,7
الإنفاق,1,17:100,1,7
الاسم,1,49:11,1,5
البائس,1,22:28,1,6
البارئ,1,59:24,1,6
البالغة,1,6:149,1,7
البحران,1,35:12,1,7
البدو,1,12:100,1,5
البروج,1,85:1,1,6
البسط,1,17:29,1,5
البشير,1,12:96,1,6
البطشة,1,44:16,1,6
البغاء,1,24:33,1,6
البغضاء,1,3:118,1,7
البغي,1,42:39,1,5
البقعة,1,28:30,1,6
البكم,1,8:22,1,5
البلاء,1,37:106,1,6
البلدة,1,27:91,1,6
البنين,1,37:153,1,6
البوار,1,14:28,1,6
البيان,1,55:4,1,6
التائبون,1,9:112,1,8
التابعين,1,24:31,1,8
التجارة,1,62:11,1,7
التذكرة,1,74:49,1,7
التراب,1,16:59,1,6
التراث,1,89:19,1,6
التراقي,1,75:26,1,7
التعفف,1,2:273,1,6
التغابن,1,64:9,1,7
التقتا,1,3:13,1,6
التقيتم,1,8:44,1,7
التكاثر,1,102:1,1,7
التلاق,1,40:15,1,6
التماثيل,1,21:52,1,8
التناد,1,40:32,1,6
التناوش,1,34:52,1,7
التهلكة,1,2:195,1,7
التوابين,1,2:222,1,8
التوب,1,40:3,1,5
الثابت,1,14:27,1,6
الثاقب,1,86:3,1,6
الثالثة,1,53:20,1,7
الثرى,1,20:6,1,5
الثقال,1,13:12,1,6
الثقلان,1,55:31,1,7
الثلاثة,1,9:118,1,7
الثلثان,1,4:176,1,7
الثمن,1,4:12,1,5
الجارية,1,69:11,1,7
الجان,1,55:15,1,5
الجاهل,1,2:273,1,6
الجبار,1,59:23,1,6
الجدار,1,18:82,1,6
الجرز,1,32:27,1,5
الجزاء,1,53:41,1,6
الجزية,1,9:29,1,6
الجلاء,1,59:3,1,6
الجمعة,1,62:9,1,6
الجمل,1,7:40,1,5
الجميل,1,15:85,1,6
الجنات,1,42:22,1,6
الجنب,1,4:36,1,5
الجنود,1,85:17,1,6
الجوارح,1,5:4,1,7
الجودي,1,11:44,1,6
الجوع,1,16:112,1,5
الجياد,1,38:31,1,6
الحاج,1,9:19,1,5
الحاسبين,1,6:62,1,8
الحافرة,1,79:10,1,7
الحامدون,1,9:112,1,8
الحب,1,6:95,1,4
الحبك,1,51:7,1,5
الحجارة,1,2:74,1,7
الحجة,1,6:149,1,5
الحجرات,1,49:4,1,7
الحرم,1,9:5,1,5
الحرور,1,35:21,1,6
الحزبين,1,18:12,1,7
الحسرة,1,19:39,1,6
الحسنات,1,11:114,1,7
الحسنيين,1,9:52,1,8
الحشر,1,59:2,1,5
الحصيد,1,50:9,1,6
الحطب,1,111:4,1,5
الحكام,1,2:188,1,6
الحلقوم,1,56:83,1,7
الحلية,1,43:18,1,6
الحليم,1,11:87,1,6
الحمار,1,62:5,1,6
الحمية,1,48:26,1,6
الحمير,1,31:19,1,6
الحنث,1,56:46,1,5
الحواريين,1,5:111,1,9
الحوايا,1,6:146,1,7
الحول,1,2:240,1,5
الحيوان,1,29:64,1,7
الخائضين,1,74:45,1,8
الخاشعين,1,2:45,1,8
الخاطئون,1,69:37,1,8
الخاطئين,1,12:29,1,8
الخالدون,1,21:34,1,8
الخالدين,1,7:20,1,8
الخالص,1,39:3,1,6
الخالفين,1,9:83,1,8
الخالق,1,59:24,1,6
الخالية,1,69:24,1,7
الخبء,1,27:25,1,5
الخبيثات,1,24:26,1,8
الخراصون,1,51:10,1,8
الخرطوم,1,68:16,1,7
الخصم,1,38:21,1,5
الخطفة,1,37:10,1,6
الخلطاء,1,38:24,1,7
الخلود,1,50:34,1,6
الخناس,1,114:4,1,6
الخياط,1,7:40,1,6
الخيام,1,55:72,1,6
الخيل,1,8:60,1,5
الداخلين,1,66:10,1,8
الداعي,1,20:108,1,6
الدبر,1,54:45,1,5
الدرك,1,4:145,1,5
الدماء,1,2:30,1,6
الدوائر,1,9:98,1,7
الديار,1,17:5,1,6
الذباب,1,22:73,1,6
الذكران,1,26:165,1,7
الذكور,1,42:49,1,6
الذنب,1,40:3,1,5
الرأس,1,19:4,1,5
الرأي,1,11:27,1,5
الراجفة,1,79:6,1,7
الرادفة,1,79:7,1,7
الراسخون,1,4:162,1,8
الراشدون,1,49:7,1,8
الراكعون,1,9:112,1,8
الربانيون,1,5:63,1,9
الرجع,1,86:11,1,5
الرجعى,1,96:8,1,6
الرزاق,1,51:58,1,6
الرسولا,1,33:66,1,7
الرشيد,1,11:87,1,6
الرعاء,1,28:23,1,6
الرعد,1,13:13,1,5
الرفث,1,2:187,1,5
الرفد,1,11:99,1,5
الرقيب,1,5:117,1,6
الرهب,1,28:32,1,5
الروع,1,11:74,1,5
الروم,1,30:2,1,5
الزاد,1,2:197,1,5
الزارعون,1,56:64,1,8
الزاني,1,24:3,1,6
الزانية,1,24:2,1,7
الزاهدين,1,12:20,1,8
الزبانية,1,96:18,1,8
الزبد,1,13:17,1,5
الزبور,1,21:105,1,6
الزجاجة,1,24:35,1,7
الزراع,1,48:29,1,6
الزرع,1,16:11,1,5
الزنا,1,17:32,1,5
الزينة,1,20:59,1,6
السائحون,1,9:112,1,8
السائل,1,93:10,1,6
السابقون,1,56:10,1,8
الساجدون,1,9:112,1,8
الساحرون,1,10:77,1,8
الساخرين,1,39:56,1,8
الساق,1,75:29,1,5
السبل,1,6:153,1,5
السبيلا,1,33:67,1,7
السجل,1,21:104,1,5
السدرة,1,53:16,1,6
السدين,1,18:93,1,6
السراء,1,3:134,1,6
السرائر,1,86:9,1,7
السرد,1,34:11,1,5
السعي,1,37:102,1,5
السفلى,1,9:40,1,6
السقاية,1,12:70,1,7
السقف,1,16:26,1,5
السوأى,1,30:10,1,6
السوي,1,20:135,1,5
السيارة,1,12:10,1,7
السير,1,34:18,1,5
السيل,1,13:17,1,5
الشافعين,1,74:48,1,8
الشتاء,1,106:2,1,6
الشح,1,4:128,1,4
الشراب,1,18:29,1,6
الشرك,1,31:13,1,5
الشعر,1,36:69,1,5
الشعرى,1,53:49,1,6
الشقة,1,9:42,1,5
الشكور,1,34:13,1,6
الشهور,1,9:36,1,6
الشوكة,1,8:7,1,6
الصاخة,1,80:33,1,6
الصافنات,1,38:31,1,8
الصافون,1,37:165,1,7
الصالح,1,35:10,1,6
الصخر,1,89:9,1,5
الصخرة,1,18:63,1,6
الصدع,1,86:12,1,5
الصدفين,1,18:96,1,7
الصدق,1,46:16,1,5
الصديق,1,12:46,1,6
الصديقون,1,57:19,1,8
الصرح,1,27:44,1,5
الصفا,1,2:158,1,5
الصفح,1,15:85,1,5
الصلب,1,86:7,1,5
الصلوات,1,2:238,1,7
الصمد,1,112:2,1,5
الضأن,1,6:143,1,5
الضراء,1,7:95,1,6
الضرر,1,4:95,1,5
الضعف,1,34:37,1,5
الطائفتين,1,8:7,1,9
الطارق,1,86:2,1,6
الطالب,1,22:73,1,6
الطامة,1,79:34,1,6
الطريقة,1,72:16,1,7
الطفل,1,24:31,1,5
الظانين,1,48:6,1,7
الظلة,1,26:189,1,5
الظمآن,1,24:39,1,6
الظنونا,1,33:10,1,7
الظهيرة,1,24:58,1,7
العابدون,1,9:112,1,8
العابدين,1,43:81,1,8
العادين,1,23:113,1,7
العاقبة,1,11:49,1,7
العاكف,1,22:25,1,6
العالمون,1,29:43,1,8
العالين,1,38:75,1,7
العاملون,1,37:61,1,8
العدو,1,63:4,1,5
العرم,1,34:16,1,5
العزم,1,46:35,1,5
العسرة,1,9:117,1,6
العشاء,1,24:58,1,6
العشار,1,81:4,1,6
العشير,1,22:13,1,6
العصف,1,55:12,1,5
العظم,1,19:4,1,5
العقد,1,113:4,1,5
العقيم,1,51:41,1,6
العلقة,1,23:14,1,6
العلماء,1,35:28,1,7
العليا,1,9:40,1,6
العماد,1,89:7,1,6
العمى,1,41:17,1,5
العنت,1,4:25,1,5
العين,1,3:13,1,5
العيون,1,36:34,1,6
الغائبين,1,27:20,1,8
الغار,1,9:40,1,5
الغاشية,1,88:1,1,7
الغافرين,1,7:155,1,8
الغافلات,1,24:23,1,8
الغاوون,1,26:224,1,7
الغراب,1,5:31,1,6
الغربي,1,28:44,1,6
الغرفات,1,34:37,1,7
الغرفة,1,25:75,1,6
الغرق,1,10:90,1,5
الغروب,1,50:39,1,6
الغضب,1,7:154,1,5
الغلام,1,18:80,1,6
الفؤاد,1,53:11,1,6
الفئتان,1,8:48,1,7
الفاتحين,1,7:89,1,8
الفاصلين,1,6:57,1,8
الفتاح,1,34:26,1,6
الفتية,1,18:10,1,6
الفجرة,1,80:42,1,6
الفرار,1,33:16,1,6
الفراق,1,75:28,1,6
الفرحين,1,28:76,1,7
الفريضة,1,4:24,1,7
الفزع,1,21:103,1,5
الفسوق,1,49:11,1,6
الفقر,1,2:268,1,5
الفقير,1,22:28,1,6
الفلق,1,113:1,1,5
الفيل,1,105:1,1,5
القادر,1,6:65,1,6
القادرون,1,77:23,1,8
القاضية,1,69:27,1,7
القاعدون,1,4:95,1,8
القالين,1,26:168,1,7
القانتين,1,66:12,1,8
القانطين,1,15:55,1,8
القانع,1,22:36,1,6
القبلة,1,2:143,1,6
القتلى,1,2:178,1,6
القدير,1,30:54,1,6
القرح,1,3:172,1,5
القردة,1,5:60,1,6
القريتين,1,43:31,1,8
القرين,1,43:38,1,6
القسط,1,21:47,1,5
القسمة,1,4:8,1,6
القصوى,1,8:42,1,6
القطر,1,34:12,1,5
القلائد,1,5:2,1,7
القلب,1,3:159,1,5
القوى,1,53:5,1,5
القيمة,1,98:5,1,6
الكذاب,1,54:26,1,6
الكرة,1,17:6,1,5
الكعبين,1,5:6,1,7
الكفرة,1,80:42,1,6
الكفور,1,34:17,1,6
الكلالة,1,4:176,1,7
الكلب,1,7:176,1,5
الكنس,1,81:16,1,5
الكنوز,1,28:76,1,6
الكوافر,1,60:10,1,7
الكوثر,1,108:1,1,6
اللات,1,53:19,1,5
اللاعبين,1,21:55,1,8
اللاعنون,1,2:159,1,8
اللذين,1,41:29,1,6
اللمم,1,53:32,1,5
اللهب,1,77:31,1,5
اللهو,1,62:11,1,5
اللوامة,1,75:2,1,7
المآب,1,3:14,1,5
المؤمن,1,59:23,1,6
الماعون,1,107:7,1,7
الماهدون,1,51:48,1,8
المباركة,1,28:30,1,8
المبثوث,1,101:4,1,7
المبذرين,1,17:27,1,8
المتربصين,1,52:31,1,9
المتصدقين,1,12:88,1,9
المتطهرين,1,2:222,1,9
المتعال,1,13:9,1,7
المتكبر,1,59:23,1,7
المتكلفين,1,38:86,1,9
المتلقيان,1,50:17,1,9
المتنافسون,1,83:26,1,10
المتوكلين,1,3:159,1,9
المتين,1,51:58,1,6
المثاني,1,15:87,1,7
المثلات,1,13:6,1,7
المثلى,1,20:63,1,6
المجالس,1,58:11,1,7
المجرم,1,70:11,1,6
المجيبون,1,37:75,1,8
المحال,1,13:13,1,6
المحتظر,1,54:31,1,7
المحرم,1,14:37,1,6
المخاض,1,19:23,1,6
المخبتين,1,22:34,1,8
المخرجين,1,26:167,1,8
المخسرين,1,26:181,1,8
المدثر,1,74:1,1,6
المدحضين,1,37:141,1,8
المر,1,13:1,1,4
المراضع,1,28:12,1,7
المرافق,1,5:6,1,7
المرجومين,1,26:116,1,9
المرضى,1,9:91,1,6
المرعى,1,87:4,1,6
المرفود,1,11:99,1,7
المرفوع,1,52:5,1,7
المزمل,1,73:1,1,6
المزن,1,56:69,1,5
المس,1,2:275,1,4
المساق,1,75:30,1,6
المسبحون,1,37:166,1,8
المسبحين,1,37:143,1,8
المستأخرين,1,15:24,1,10
المستبين,1,37:117,1,8
المستضعفين,1,4:98,1,10
المستقدمين,1,15:24,1,10
المستقر,1,75:12,1,7
المستكبرين,1,16:23,1,10
المستهزئين,1,15:95,1,10
المسجور,1,52:6,1,7
المسجونين,1,26:29,1,9
المسخر,1,2:164,1,6
المسكنة,1,3:112,1,7
المسلمون,1,72:14,1,8
المسومة,1,3:14,1,7
المسيء,1,40:58,1,6
المشركات,1,2:221,1,8
المشعر,1,2:198,1,6
المص,1,7:1,1,4
المصباح,1,24:35,1,7
المصطفين,1,38:47,1,8
المصلح,1,2:220,1,6
المصور,1,59:24,1,6
المصيطرون,1,52:37,1,9
المضطر,1,27:62,1,6
المضعفون,1,30:39,1,8
المضغة,1,23:14,1,6
المضلين,1,18:51,1,7
المطمئنة,1,89:27,1,8
المطهرون,1,56:79,1,8
المطهرين,1,9:108,1,8
المطوعين,1,9:79,1,8
المعارج,1,70:3,1,7
المعتبين,1,41:24,1,8
المعتدون,1,9:10,1,8
المعذبين,1,26:213,1,8
المعذرون,1,9:90,1,8
المعروف,1,9:67,1,7
المعز,1,6:143,1,5
المعصرات,1,78:14,1,8
المعمور,1,52:4,1,7
المعوقين,1,33:18,1,8
المغرب,1,2:258,1,6
المغربين,1,55:17,1,8
المغرقين,1,11:43,1,8
المغشي,1,47:20,1,6
المغضوب,1,1:7,1,7
المفترين,1,7:152,1,8
المفتون,1,68:6,1,7
المفر,1,75:10,1,5
المفسد,1,2:220,1,6
المفسدون,1,2:12,1,8
المفلحين,1,28:67,1,8
المقابر,1,102:2,1,7
المقامة,1,35:35,1,7
المقبوحين,1,28:42,1,9
المقتر,1,2:236,1,6
المقتسمين,1,15:90,1,9
المقدسة,1,5:21,1,7
المقنطرة,1,3:14,1,8
المكذبون,1,56:51,1,8
المكنون,1,56:23,1,7
المكيدون,1,52:42,1,8
الملة,1,38:7,1,5
الملعونة,1,17:60,1,8
الملقين,1,7:115,1,7
الملكين,1,2:102,1,7
الملوك,1,27:34,1,6
الممات,1,17:75,1,6
المناد,1,50:41,1,6
المنام,1,37:102,1,6
المنتصرين,1,28:81,1,9
المنزلون,1,56:69,1,8
المنشآت,1,55:24,1,7
المنشئون,1,56:72,1,8
المنصورون,1,37:172,1,9
المنفوش,1,101:5,1,7
المنون,1,52:30,1,6
المهتدون,1,2:157,1,8
المهتدي,1,7:178,1,7
المهلكين,1,23:48,1,8
المهيمن,1,59:23,1,7
الموءودة,1,81:8,1,8
الموازين,1,21:47,1,8
الموالي,1,19:5,1,7
الموتة,1,44:56,1,6
المودة,1,42:23,1,6
المورود,1,11:98,1,7
الموسع,1,2:236,1,6
الموعود,1,85:2,1,7
الموقدة,1,104:6,1,7
الموقنين,1,6:75,1,8
المولود,1,2:233,1,7
الميثاق,1,13:20,1,7
الميل,1,4:129,1,5
النادمين,1,5:31,1,8
الناصرين,1,3:150,1,8
الناظرين,1,2:69,1,8
الناقور,1,74:8,1,7
النبإ,1,78:2,1,5
النجاة,1,40:41,1,6
النجدين,1,90:10,1,7
النجم,1,86:3,1,5
النحل,1,16:68,1,5
النخيل,1,16:67,1,6
النسوة,1,12:50,1,6
النسيء,1,9:37,1,6
النصب,1,5:3,1,5
النصف,1,4:11,1,5
النطفة,1,23:14,1,6
النعاس,1,8:11,1,6
النعم,1,5:95,1,5
النعمة,1,73:11,1,6
النفاثات,1,113:4,1,8
النفاق,1,9:101,1,6
النفوس,1,81:7,1,6
النون,1,21:87,1,5
الهالكين,1,12:85,1,8
الهدهد,1,27:20,1,6
الهيم,1,56:55,1,5
الواد,1,28:30,1,5
الوارث,1,2:233,1,6
الواعظين,1,26:136,1,8
الوالدين,1,4:135,1,8
الوتين,1,69:46,1,6
الوثاق,1,47:4,1,6
الوحوش,1,81:5,1,6
الودود,1,85:14,1,6
الورد,1,11:98,1,5
الوريد,1,50:16,1,6
الوزن,1,55:9,1,5
الوسطى,1,2:238,1,6
الوسواس,1,114:4,1,7
الوقود,1,85:5,1,6
الوكيل,1,3:173,1,6
الولاية,1,18:44,1,7
الويل,1,21:18,1,5
الياقوت,1,55:58,1,7
اليسر,1,2:185,1,5
امتحن,1,49:3,1,5
امتلأت,1,50:30,1,6
امرأ,1,19:28,1,4
امرأتين,1,28:23,1,7
امرؤ,1,4:176,1,4
امشوا,1,38:6,1,5
انبعاثهم,1,9:46,1,8
انبعث,1,91:12,1,5
انتبذت,1,19:16,1,6
انتثرت,1,82:2,1,6
انتصر,1,42:41,1,5
انتظروا,1,6:158,1,7
انتقمنا,1,43:55,1,7
انسلخ,1,9:5,1,5
انشزوا,1,58:11,1,6
انصرفوا,1,9:127,1,7
انطلقتم,1,48:15,1,7
انظرنا,1,2:104,1,6
انظرونا,1,57:13,1,7
انفخوا,1,18:96,1,6
انفصام,1,2:256,1,6
انفضوا,1,62:11,1,6
انفطرت,1,82:1,1,6
انقص,1,73:3,1,4
انقلب,1,22:11,1,5
انكدرت,1,81:2,1,6
اهبط,1,11:48,1,4
اهبطا,1,20:123,1,5
اهتديت,1,34:50,1,6
اهتديتم,1,5:105,1,7
اهدنا,1,1:6,1,5
بآخذيه,1,2:267,1,6
بآخرين,1,4:133,1,6
بآل,1,40:45,1,3
بآنية,1,76:15,1,5
بأبصارهم,1,68:51,1,8
بأحسنها,1,7:145,1,7
بأحكم,1,95:8,1,5
بأخ,1,12:59,1,3
بأخيك,1,28:35,1,5
بأرجلهن,1,24:31,1,7
بأسماء,1,2:31,1,6
بأسه,1,6:147,1,4
بأسهم,1,59:14,1,5
بأشياعهم,1,34:54,1,8
بأصحاب,1,105:1,1,6
بأعدائكم,1,4:45,1,8
بأكواب,1,56:18,1,6
بألسنة,1,33:19,1,6
بألسنتكم,1,24:15,1,8
بألف,1,8:9,1,4
بأمانيكم,1,4:123,1,8
بأمرهم,1,12:15,1,6
بأنعام,1,26:133,1,6
بأنعم,1,16:112,1,5
بأنكم,1,45:35,1,5
بأننا,1,5:111,1,5
بأهدى,1,43:24,1,5
بأهلكم,1,12:93,1,6
بأهوائهم,1,6:119,1,8
بأوعيتهم,1,12:76,1,8
بأيام,1,14:5,1,5
بأيد,1,51:47,1,4
بأيدي,1,80:15,1,5
بأيدينا,1,9:52,1,7
بأيكم,1,68:6,1,5
بإبراهيم,1,3:68,1,8
بإثمي,1,5:29,1,5
بإخراج,1,9:13,1,6
بإلحاد,1,22:25,1,6
بإمامهم,1,17:71,1,7
بإيمان,1,52:21,1,6
بإيمانكم,1,4:25,1,8
بإيمانهم,1,10:9,1,8
بإيمانهن,1,60:10,1,8
بئيس,1,7:165,1,4
باتخاذكم,1,2:54,1,8
بادون,1,33:20,1,5
بادي,1,11:27,1,4
بارزة,1,18:47,1,5
بارزون,1,40:16,1,6
بازغا,1,6:77,1,5
بازغة,1,6:78,1,5
باسرة,1,75:24,1,5
باسط,1,18:18,1,4
باسطو,1,6:93,1,5
باسقات,1,50:10,1,6
باشروهن,1,2:187,1,7
باطنه,1,57:13,1,5
باعد,1,34:19,1,4
باق,1,16:96,1,3
بالأبصار,1,24:43,1,8
بالأحقاف,1,46:21,1,8
بالأخسرين,1,18:103,1,9
بالأذن,1,5:45,1,6
بالأزلام,1,5:3,1,8
بالأسحار,1,3:17,1,8
بالألقاب,1,49:11,1,8
بالأمن,1,6:81,1,6
بالأنف,1,5:45,1,6
بالإفك,1,24:11,1,6
بالبصر,1,54:50,1,6
بالبيت,1,22:29,1,6
بالتقوى,1,96:12,1,7
بالتوراة,1,3:93,1,8
بالجبت,1,4:51,1,6
بالجنب,1,4:36,1,6
بالجنة,1,41:30,1,6
بالجنود,1,2:249,1,7
بالحج,1,22:27,1,5
بالحجاب,1,38:32,1,7
بالحر,1,2:178,1,5
بالحسنات,1,7:168,1,8
بالخاطئة,1,69:9,1,8
بالخلق,1,50:15,1,6
بالخنس,1,81:15,1,6
بالخيرات,1,35:32,1,8
بالدهن,1,23:20,1,6
بالذكر,1,41:41,1,6
بالرسل,1,2:87,1,6
بالروح,1,16:2,1,6
بالساحل,1,20:39,1,7
بالساق,1,75:29,1,6
بالساهرة,1,79:14,1,8
بالسن,1,5:45,1,5
بالسنين,1,7:130,1,7
بالسوق,1,38:33,1,6
بالشاكرين,1,6:53,1,9
بالشفق,1,84:16,1,6
بالشمس,1,2:258,1,6
بالشهادة,1,5:108,1,8
بالشهداء,1,24:13,1,8
بالشهر,1,2:194,1,6
بالطاغوت,1,2:256,1,8
بالطاغية,1,69:5,1,8
بالطيب,1,4:2,1,6
بالعبد,1,2:178,1,6
بالعرف,1,7:199,1,6
بالعصبة,1,28:76,1,7
بالعقود,1,5:1,1,7
بالعمرة,1,2:196,1,7
بالعهد,1,17:34,1,6
بالعين,1,5:45,1,6
بالغمام,1,25:25,1,7
بالغوه,1,7:135,1,6
بالغيه,1,16:7,1,6
بالفتح,1,5:52,1,6
بالقارعة,1,69:4,1,8
بالقعود,1,9:83,1,7
بالقلم,1,96:4,1,6
بالمرحمة,1,90:17,1,8
بالمعتدين,1,6:119,1,9
بالمغفرة,1,2:175,1,8
بالملإ,1,38:69,1,6
بالملائكة,1,15:7,1,9
بالملك,1,2:247,1,6
بالمن,1,2:264,1,5
بالمنكر,1,9:67,1,7
بالناصية,1,96:15,1,8
بالنبيين,1,39:69,1,8
بالنواصي,1,55:41,1,8
بالهزل,1,86:14,1,6
بالوحي,1,21:45,1,6
بالوصيد,1,18:18,1,7
بالوعيد,1,50:28,1,7
بايعتم,1,9:111,1,6
ببابل,1,2:102,1,5
بباسط,1,5:28,1,5
ببالغه,1,13:14,1,6
ببالغيه,1,40:56,1,7
ببدر,1,3:123,1,4
ببدنك,1,10:92,1,5
ببضاعة,1,12:88,1,6
ببطن,1,48:24,1,4
ببعضها,1,2:73,1,6
ببغيهم,1,6:146,1,6
ببكة,1,3:96,1,4
ببنيه,1,70:11,1,5
ببهتان,1,60:12,1,6
ببيعكم,1,9:111,1,6
بتاركي,1,11:53,1,6
بتحية,1,4:86,1,5
بث,1,42:29,1,2
بثالث,1,36:14,1,5
بثلاثة,1,3:124,1,6
بثمره,1,18:42,1,5
بثمن,1,12:20,1,4
بثي,1,12:86,1,3
بجالوت,1,2:249,1,6
بجبار,1,50:45,1,5
بجذع,1,19:25,1,4
بجناحيه,1,6:38,1,7
بجنتيهم,1,34:16,1,7
بجنوده,1,20:78,1,6
بحاملين,1,29:12,1,7
بحجارة,1,105:4,1,6
بحديث,1,52:34,1,5
بحر,1,24:40,1,3
بحرب,1,2:279,1,4
بحسبان,1,55:5,1,6
بحق,1,5:116,1,3
بحكمه,1,27:78,1,5
بحمدك,1,2:30,1,5
بحيرة,1,5:103,1,5
بخارج,1,6:122,1,5
بخازنين,1,15:22,1,7
بخالصة,1,38:46,1,6
بخس,1,12:20,1,3
بخسا,1,72:13,1,4
بخل,1,92:8,1,3
بخلاقكم,1,9:69,1,7
بخلقهن,1,46:33,1,6
بخمرهن,1,24:31,1,6
بخمسة,1,3:125,1,5
بخيلك,1,17:64,1,5
بدءوكم,1,9:13,1,6
بدأ,1,29:20,1,3
بدأكم,1,7:29,1,5
بدأنا,1,21:104,1,5
بدخان,1,44:10,1,5
بدعا,1,46:9,1,4
بدعاء,1,19:48,1,5
بدعائك,1,19:4,1,6
بدل,1,27:11,1,3
بدلا,1,18:50,1,4
بدلناهم,1,4:56,1,7
بدم,1,12:18,1,3
بدين,1,2:282,1,4
بدينار,1,3:75,1,6
بدينكم,1,49:16,1,6
بذبح,1,37:107,1,4
بذكرهم,1,23:71,1,6
بذنبه,1,29:40,1,5
بذنوبكم,1,5:18,1,7
بذنوبنا,1,40:11,1,7
برءوسكم,1,5:6,1,7
برآء,1,60:4,1,4
برأس,1,7:150,1,4
برأسي,1,20:94,1,5
براء,1,43:26,1,4
برادي,1,16:71,1,5
برازقين,1,15:20,1,7
بربه,1,72:13,1,4
بربوة,1,2:265,1,5
برجال,1,72:6,1,5
برجلك,1,38:42,1,5
برحمتنا,1,12:56,1,7
برد,1,24:43,1,3
بردهن,1,2:228,1,5
بررة,1,80:16,1,4
برزخا,1,25:53,1,5
برزق,1,18:19,1,4
برسالاتي,1,7:144,1,8
برسلنا,1,57:27,1,6
برسلي,1,5:12,1,5
برسول,1,61:6,1,5
برسوله,1,57:28,1,6
برسولهم,1,40:5,1,7
برشيد,1,11:97,1,5
برق,1,75:7,1,3
برقه,1,24:43,1,4
بركات,1,7:96,1,5
بركنه,1,51:39,1,5
برهانان,1,28:32,1,7
بروج,1,4:78,1,4
بريئا,1,4:112,1,5
بريئون,1,10:41,1,6
بسؤال,1,38:24,1,5
بسا,1,56:5,1,3
بساحتهم,1,37:177,1,7
بساطا,1,71:19,1,5
بسبب,1,22:15,1,4
بسحرك,1,20:57,1,5
بسحره,1,26:35,1,5
بسحرهما,1,20:63,1,7
بسخط,1,3:162,1,4
بسط,1,42:27,1,3
بسطت,1,5:28,1,4
بسكارى,1,22:2,1,6
بسمعهم,1,2:20,1,6
بسور,1,57:13,1,4
بشراكم,1,57:12,1,6
بشرر,1,77:32,1,4
بشرككم,1,35:14,1,6
بشرناك,1,15:55,1,6
بشق,1,16:7,1,3
بشماله,1,69:25,1,6
بشهاب,1,27:7,1,5
بشهاداتهم,1,70:33,1,9
بشهيد,1,4:41,1,5
بصاحبكم,1,34:46,1,7
بصاحبهم,1,7:184,1,7
بصحاف,1,43:71,1,5
بصدقة,1,4:114,1,5
بصدقهم,1,33:24,1,6
بصرت,1,20:96,1,4
بصره,1,45:23,1,4
بصلاتك,1,17:110,1,6
بصوتك,1,17:64,1,5
بضارهم,1,58:10,1,6
بضارين,1,2:102,1,6
بضاعة,1,12:19,1,5
بضاعتنا,1,12:65,1,7
بضنين,1,81:24,1,5
بضياء,1,28:71,1,5
بطائنها,1,55:54,1,7
بطانة,1,3:118,1,5
بطرا,1,8:47,1,4
بطرت,1,28:58,1,4
بطريقتكم,1,20:63,1,8
بطش,1,85:12,1,3
بطشتنا,1,54:36,1,6
بطغواها,1,91:11,1,7
بطني,1,3:35,1,4
بطونه,1,16:66,1,5
بظاهر,1,13:33,1,5
بعاد,1,89:6,1,4
بعالمين,1,12:44,1,7
بعبادة,1,18:110,1,6
بعبده,1,17:1,1,5
بعثر,1,100:9,1,4
بعثرت,1,82:4,1,5
بعثكم,1,31:28,1,5
بعثناكم,1,2:56,1,7
بعثه,1,2:259,1,4
بعدتهم,1,18:22,1,6
بعدك,1,20:85,1,4
بعدكم,1,6:133,1,5
بعدهن,1,24:58,1,5
بعذابكم,1,4:147,1,7
بعرشها,1,27:38,1,6
بعزة,1,26:44,1,4
بعصم,1,60:10,1,4
بعظم,1,6:146,1,4
بعلا,1,37:125,1,4
بعلها,1,4:128,1,5
بعلي,1,11:72,1,4
بعهدكم,1,2:40,1,6
بعهدهم,1,2:177,1,6
بعهدي,1,2:40,1,5
بعورة,1,33:13,1,5
بعوضة,1,2:26,1,5
بغائبين,1,82:16,1,7
بغت,1,49:9,1,3
بغرور,1,7:22,1,5
بغم,1,3:153,1,3
بغى,1,38:22,1,3
بغي,1,22:60,1,3
بغيظكم,1,3:119,1,6
بغيظهم,1,33:25,1,6
بغيكم,1,10:23,1,5
بفاتنين,1,37:162,1,7
بفضل,1,10:58,1,4
بقبس,1,20:10,1,4
بقبول,1,3:37,1,5
بقدرها,1,13:17,1,6
بقرآن,1,10:15,1,5
بقربان,1,3:183,1,6
بقريب,1,11:81,1,5
بقلها,1,2:61,1,5
بقميصي,1,12:93,1,6
بقنطار,1,3:75,1,6
بقي,1,2:278,1,3
بقية,1,11:116,1,4
بقيت,1,11:86,1,4
بقيعة,1,24:39,1,5
بكأس,1,37:45,1,4
بكاف,1,39:36,1,4
بكافرين,1,6:89,1,7
بكاهن,1,52:29,1,5
بكت,1,44:29,1,3
بكتابكم,1,37:157,1,7
بكتابي,1,27:28,1,6
بكر,1,2:68,1,3
بكفرك,1,39:8,1,5
بكيدهن,1,12:50,1,6
بلاغا,1,72:23,1,5
بلحيتي,1,20:94,1,6
بلدا,1,2:126,1,4
بلغا,1,18:61,1,4
بلغني,1,3:40,1,5
بلونا,1,68:17,1,5
بلوناهم,1,68:17,1,7
بليغا,1,4:63,1,5
بليل,1,28:72,1,4
بم,1,27:35,1,2
بمؤمن,1,12:17,1,5
بمال,1,27:36,1,4
بمثلها,1,10:27,1,6
بمخرجين,1,15:48,1,7
بمزحزحه,1,2:96,1,7
بمستيقنين,1,45:32,1,9
بمسمع,1,35:22,1,5
بمصر,1,10:87,1,4
بمصرخكم,1,14:22,1,7
بمصرخي,1,14:22,1,6
بمصيطر,1,88:22,1,6
بمعجز,1,46:32,1,5
بمغفرة,1,36:11,1,6
بمفازة,1,3:188,1,6
بمفازتهم,1,39:61,1,8
بمقدار,1,13:8,1,6
بمقعدهم,1,9:81,1,7
بمكرهن,1,12:31,1,6
بملكنا,1,20:87,1,6
بملوم,1,51:54,1,5
بمنشرين,1,44:35,1,7
بمواقع,1,56:75,1,6
بموسى,1,7:131,1,5
بميت,1,14:17,1,4
بميتين,1,37:58,1,6
بميثاقهم,1,4:154,1,8
بنات,1,43:16,1,4
بناتك,1,11:79,1,5
بناصيتها,1,11:56,1,8
بنان,1,8:12,1,4
بنانه,1,75:4,1,5
بنخل,1,18:32,1,4
بنصب,1,38:41,1,4
بنصر,1,30:5,1,4
بنعمته,1,3:103,1,6
بنفسك,1,17:14,1,5
بنميم,1,68:11,1,5
بنهر,1,2:249,1,4
بنو,1,10:90,1,3
بنوا,1,9:110,1,4
بنور,1,39:69,1,4
بنورهم,1,2:17,1,6
بنون,1,26:88,1,4
بنيان,1,61:4,1,5
بنيه,1,2:132,1,4
بهاد,1,30:53,1,4
بهادي,1,27:81,1,5
بهتان,1,24:16,1,5
بهجة,1,27:60,1,4
بهدية,1,27:35,1,5
بهديتكم,1,27:36,1,7
بواحدة,1,34:46,1,6
بواد,1,14:37,1,4
بوالدتي,1,19:32,1,7
بوجهه,1,39:24,1,5
بورقكم,1,18:19,1,6
بورك,1,27:8,1,4
بولده,1,2:233,1,5
بولدها,1,2:233,1,6
بيان,1,3:138,1,4
بيانه,1,75:19,1,5
بيته,1,4:100,1,4
بيتها,1,12:23,1,5
بيحيى,1,3:39,1,5
بيدي,1,38:75,1,4
بيناه,1,2:159,1,5
بينت,1,35:40,1,4
بينهن,1,65:12,1,5
بيوتنا,1,33:13,1,6
بيوتهن,1,65:1,1,6
بيوسف,1,12:89,1,5
تأتنا,1,7:132,1,5
تأتوا,1,2:189,1,5
تأتوننا,1,37:28,1,7
تأتوني,1,12:60,1,6
تأثيم,1,52:23,1,5
تأثيما,1,56:25,1,6
تأجرني,1,28:27,1,6
تأخذ,1,20:94,1,4
تأخذكم,1,24:2,1,6
تأخذه,1,2:255,1,5
تأخذهم,1,36:49,1,6
تأخذونه,1,4:21,1,7
تأخذونها,1,48:20,1,8
تأسوا,1,57:23,1,5
تأكله,1,3:183,1,5
تأكلوها,1,4:6,1,7
تأمرك,1,11:87,1,5
تأمرنا,1,25:60,1,6
تأمرهم,1,52:32,1,6
تأمروننا,1,34:33,1,8
تأمروني,1,39:64,1,7
تأمرين,1,27:33,1,6
تأمنا,1,12:11,1,5
تؤاخذنا,1,2:286,1,7
تؤاخذني,1,18:73,1,7
تؤتوا,1,4:5,1,5
تؤتون,1,12:66,1,5
تؤتونهن,1,4:127,1,7
تؤتوه,1,5:41,1,5
تؤثرون,1,87:16,1,6
تؤدوا,1,4:58,1,5
تؤذوا,1,33:53,1,5
تؤذونني,1,61:5,1,7
تؤزهم,1,19:83,1,5
تؤويه,1,70:13,1,5
تائبات,1,66:5,1,6
تابا,1,4:16,1,4
تارك,1,11:12,1,4
تباب,1,40:37,1,4
تبارا,1,71:28,1,5
تباشروهن,1,2:187,1,8
تبايعتم,1,2:282,1,7
تبتغون,1,4:94,1,6
تبتيلا,1,73:8,1,6
تبخلوا,1,47:37,1,6
تبدونها,1,6:91,1,7
تبدوه,1,3:29,1,5
تبذر,1,17:26,1,4
تبذيرا,1,17:26,1,6
تبرءوا,1,2:167,1,6
تبرأنا,1,28:63,1,6
تبرج,1,33:33,1,4
تبرجن,1,33:33,1,5
تبرنا,1,25:39,1,5
تبروا,1,2:224,1,5
تبروهم,1,60:8,1,6
تبسطها,1,17:29,1,6
تبسل,1,6:70,1,4
تبشرون,1,15:54,1,6
تبصرة,1,50:8,1,5
تبعثون,1,23:16,1,6
تبعني,1,14:36,1,5
تبعوا,1,2:145,1,5
تبغ,1,28:77,1,3
تبغوا,1,4:34,1,5
تبغونها,1,3:99,1,7
تبغي,1,49:9,1,4
تبقي,1,74:28,1,4
تبكون,1,53:60,1,5
تبلغ,1,17:37,1,4
تبلو,1,10:30,1,4
تبلى,1,86:9,1,4
تبوء,1,5:29,1,4
تبوءوا,1,59:9,1,6
تبوآ,1,10:87,1,4
تبوئ,1,3:121,1,4
تبور,1,35:29,1,4
تبيانا,1,16:89,1,6
تبيد,1,18:35,1,4
تبيض,1,3:106,1,4
تبيعا,1,17:69,1,5
تبينت,1,34:14,1,5
تتبدلوا,1,4:2,1,7
تتبعان,1,10:89,1,6
تتبعن,1,20:93,1,5
تتبعها,1,79:7,1,6
تتبعونا,1,48:15,1,7
تتبيب,1,11:101,1,5
تتجافى,1,32:16,1,6
تتخذ,1,18:86,1,4
تتركه,1,7:176,1,5
تتركوا,1,9:16,1,6
تترى,1,23:44,1,4
تتفرقوا,1,42:13,1,7
تتفكروا,1,34:46,1,7
تتقلب,1,24:37,1,5
تتكبر,1,7:13,1,5
تتلون,1,2:44,1,5
تتمارى,1,53:55,1,6
تتمنوا,1,4:32,1,6
تتناجوا,1,58:9,1,7
تتنزل,1,41:30,1,5
تتوبا,1,66:4,1,5
تثبيتا,1,4:66,1,6
تثريب,1,12:92,1,5
تثقفنهم,1,8:57,1,7
تثير,1,2:71,1,4
تجأروا,1,23:65,1,6
تجأرون,1,16:53,1,6
تجادلك,1,58:1,1,6
تجادلوا,1,29:46,1,7
تجارتهم,1,2:16,1,7
تجتنبوا,1,4:31,1,7
تجرمون,1,11:35,1,6
تجريان,1,55:50,1,6
تجسسوا,1,49:12,1,6
تجعلونه,1,6:91,1,7
تجمعوا,1,4:23,1,6
تجهروا,1,49:2,1,6
تجوع,1,20:118,1,4
تحاضون,1,89:18,1,6
تحاوركما,1,58:1,1,8
تحبرون,1,43:70,1,6
تحبسونهما,1,5:106,1,9
تحبط,1,49:2,1,4
تحبوا,1,2:216,1,5
تحبونها,1,61:13,1,7
تحبونهم,1,3:119,1,7
تحتك,1,19:24,1,4
تحته,1,18:82,1,4
تحتي,1,43:51,1,4
تحدث,1,99:4,1,4
تحذرون,1,9:64,1,6
تحرثون,1,56:63,1,6
تحرص,1,16:37,1,4
تحرك,1,75:16,1,4
تحرم,1,66:1,1,4
تحرموا,1,5:87,1,6
تحروا,1,72:14,1,5
تحرير,1,5:89,1,5
تحس,1,19:98,1,3
تحسب,1,25:44,1,4
تحسبنهم,1,3:188,1,7
تحسبها,1,27:88,1,6
تحسبهم,1,59:14,1,6
تحسبوه,1,24:11,1,6
تحسدوننا,1,48:15,1,8
تحسنوا,1,4:128,1,6
تحسونهم,1,3:152,1,7
تحصنا,1,24:33,1,5
تحصنون,1,12:48,1,6
تحصوه,1,73:20,1,5
تحكم,1,39:46,1,4
تحكموا,1,4:58,1,6
تحلة,1,66:2,1,4
تحلقوا,1,2:196,1,6
تحلوا,1,5:2,1,5
تحملنا,1,2:286,1,6
تحنث,1,38:44,1,4
تحيد,1,50:19,1,4
تحيطوا,1,27:84,1,6
تحيون,1,7:25,1,5
تحيي,1,2:260,1,4
تخاصم,1,38:64,1,5
تخاف,1,20:77,1,4
تخافا,1,20:46,1,5
تخافت,1,17:110,1,5
تخافن,1,8:58,1,5
تخافوا,1,41:30,1,6
تخافونهم,1,30:28,1,8
تخافوهم,1,3:175,1,7
تخافي,1,28:7,1,5
تخالطوهم,1,2:220,1,8
تختانون,1,2:187,1,7
تختصموا,1,50:28,1,7
تختصمون,1,39:31,1,7
تخرجوا,1,9:83,1,6
تخرجوهن,1,65:1,1,7
تخرصون,1,6:148,1,6
تخرق,1,17:37,1,4
تخزنا,1,3:194,1,5
تخزني,1,26:87,1,5
تخسروا,1,55:9,1,6
تخسير,1,11:63,1,5
تخشاه,1,33:37,1,5
تخشع,1,57:16,1,4
تخشوا,1,5:44,1,5
تخشون,1,9:24,1,5
تخشوه,1,9:13,1,5
تخشى,1,20:77,1,4
تخضعن,1,33:32,1,5
تخطه,1,29:48,1,4
تخفوا,1,3:29,1,5
تخفوها,1,2:271,1,6
تخفى,1,69:18,1,4
تخفيف,1,2:178,1,5
تخلدون,1,26:129,1,6
تخلف,1,3:194,1,4
تخلفه,1,20:97,1,5
تخلق,1,5:110,1,4
تخلقونه,1,56:59,1,7
تخوف,1,16:47,1,4
تخونوا,1,8:27,1,6
تخويفا,1,17:59,1,6
تخيرون,1,68:38,1,6
تداركه,1,68:49,1,6
تداينتم,1,2:282,1,7
تدخرون,1,3:49,1,6
تدخل,1,3:192,1,4
تدخلوها,1,24:28,1,7
تدرك,1,36:40,1,4
تدركه,1,6:103,1,5
تدرون,1,4:11,1,5
تدعهم,1,18:57,1,5
تدعو,1,70:17,1,4
تدعوننا,1,14:9,1,7
تدعونه,1,6:63,1,6
تدعى,1,45:28,1,4
تدمر,1,46:25,1,4
تدهن,1,68:9,1,4
تدور,1,33:19,1,4
تديرونها,1,2:282,1,8
تذبحوا,1,2:67,1,6
تذرني,1,21:89,1,5
تذرهم,1,71:27,1,5
تذروه,1,18:45,1,5
تذليلا,1,76:14,1,6
تذهب,1,35:8,1,4
تذهبوا,1,12:13,1,6
تذهبون,1,81:26,1,6
تذهل,1,22:2,1,4
تذودان,1,28:23,1,6
تراءت,1,8:48,1,5
تراءى,1,26:61,1,5
تراضوا,1,2:232,1,6
تراضيتم,1,4:24,1,7
تراهم,1,48:29,1,5
تراود,1,12:30,1,5
تربص,1,2:226,1,4
تربصوا,1,52:31,1,6
تربصون,1,9:52,1,6
ترتابوا,1,2:282,1,7
ترتدوا,1,5:21,1,6
ترثوا,1,4:19,1,5
ترجعونها,1,56:87,1,8
ترجعوهن,1,60:10,1,7
ترجمون,1,44:20,1,6
ترجو,1,28:86,1,4
ترجون,1,71:13,1,5
ترجوها,1,17:28,1,6
ترجي,1,33:51,1,4
ترد,1,5:108,1,3
تردى,1,92:11,1,4
ترزقانه,1,12:37,1,7
ترضاها,1,2:144,1,6
ترضوا,1,9:96,1,5
ترضون,1,2:282,1,5
ترضونها,1,9:24,1,7
ترفع,1,24:36,1,4
ترفعوا,1,49:2,1,6
ترقب,1,20:94,1,4
ترقى,1,17:93,1,4
تركبون,1,43:12,1,6
تركتموها,1,59:5,1,8
تركضوا,1,21:13,1,6
تركنا,1,29:35,1,5
تركناها,1,54:15,1,7
تركنوا,1,11:113,1,6
ترمي,1,77:32,1,4
ترميهم,1,105:4,1,6
ترن,1,18:39,1,3
ترهبون,1,8:60,1,6
ترهقني,1,18:73,1,6
ترهقها,1,80:41,1,6
ترونهم,1,7:27,1,6
تريحون,1,16:6,1,6
ترين,1,19:26,1,4
تريني,1,23:93,1,5
تزال,1,5:13,1,4
تزاور,1,18:17,1,5
تزداد,1,13:8,1,5
تزدري,1,11:31,1,5
تزرعون,1,12:47,1,6
تزرعونه,1,56:64,1,7
تزغ,1,3:8,1,3
تزكوا,1,53:32,1,5
تزولا,1,35:41,1,5
تزيدونني,1,11:63,1,8
تزيلوا,1,48:25,1,6
تسأل,1,2:119,1,4
تسألن,1,11:46,1,5
تسألني,1,18:70,1,6
تسأموا,1,2:282,1,6
تسؤكم,1,5:101,1,5
تساءلون,1,4:1,1,7
تساقط,1,19:25,1,5
تسبح,1,17:44,1,4
تسبحون,1,68:28,1,6
تسبوا,1,6:108,1,5
تسبيحهم,1,17:44,1,7
تستأخرون,1,34:30,1,8
تستأنسوا,1,24:27,1,8
تستترون,1,41:22,1,7
تستخفونها,1,16:80,1,9
تسترضعوا,1,2:233,1,8
تستطع,1,18:78,1,5
تستطيعوا,1,4:129,1,8
تستطيعون,1,25:19,1,8
تستعجل,1,46:35,1,6
تستعجلوه,1,16:1,1,8
تستغفرون,1,27:46,1,8
تستغيثون,1,8:9,1,8
تستفت,1,18:22,1,5
تستفتحوا,1,8:19,1,8
تستفتيان,1,12:41,1,8
تستقدمون,1,34:30,1,8
تستقسموا,1,5:3,1,8
تستكثر,1,74:6,1,6
تستمعون,1,26:25,1,7
تستهزئون,1,9:65,1,8
تسجدوا,1,41:37,1,6
تسحرون,1,23:89,1,6
تسخروا,1,11:38,1,6
تسخرون,1,11:38,1,6
تسر,1,2:69,1,3
تسرحون,1,16:6,1,6
تسريح,1,2:229,1,5
تسطع,1,18:82,1,4
تسعا,1,18:25,1,4
تسفكون,1,2:84,1,6
تسقى,1,88:5,1,4
تسقي,1,2:71,1,4
تسكن,1,28:58,1,4
تسكنون,1,28:72,1,6
تسلمون,1,16:81,1,6
تسمعوا,1,41:26,1,6
تسمى,1,76:18,1,4
تسمية,1,53:27,1,5
تسنيم,1,83:27,1,5
تسوروا,1,38:21,1,6
تسوى,1,4:42,1,4
تسيمون,1,16:10,1,6
تشابهت,1,2:118,1,6
تشاقون,1,16:27,1,6
تشتهي,1,41:31,1,5
تشتهيه,1,43:71,1,6
تشخص,1,14:42,1,4
تشطط,1,38:22,1,4
تشكروا,1,39:7,1,6
تشمت,1,7:150,1,4
تشيع,1,24:19,1,4
تصاحبني,1,18:76,1,7
تصبحون,1,30:17,1,6
تصبر,1,18:68,1,4
تصبكم,1,3:120,1,5
تصدق,1,5:45,1,4
تصدقوا,1,2:280,1,6
تصدقون,1,56:57,1,6
تصدون,1,3:99,1,5
تصدونا,1,14:10,1,6
تصدى,1,80:6,1,4
تصرف,1,12:33,1,4
تصعدون,1,3:153,1,6
تصعر,1,31:18,1,4
تصف,1,16:116,1,3
تصلحوا,1,4:129,1,6
تصلى,1,88:4,1,4
تصنعون,1,29:45,1,6
تصوموا,1,2:184,1,6
تصيبن,1,8:25,1,5
تصيبنا,1,5:52,1,6
تصيبوا,1,49:6,1,6
تصير,1,42:53,1,4
تضار,1,2:233,1,4
تضاروهن,1,65:6,1,7
تضحكون,1,23:110,1,6
تضحى,1,20:119,1,4
تضربوا,1,16:74,1,6
تضرعوا,1,6:43,1,6
تضرونه,1,11:57,1,6
تضروه,1,9:39,1,5
تضعوا,1,4:102,1,5
تضعون,1,24:58,1,5
تضليل,1,105:2,1,5
تطئوها,1,33:27,1,6
تطئوهم,1,48:25,1,6
تطرد,1,6:52,1,4
تطعمون,1,5:89,1,6
تطعه,1,96:19,1,4
تطمئن,1,13:28,1,5
تطهرن,1,2:222,1,5
تطهرهم,1,9:103,1,6
تطهيرا,1,33:33,1,6
تطيرنا,1,36:18,1,6
تطيعوه,1,24:54,1,6
تظلموا,1,9:36,1,6
تظمأ,1,20:119,1,4
تظن,1,75:25,1,3
تظهرون,1,30:18,1,6
تعاسرتم,1,65:6,1,7
تعاونوا,1,5:2,1,7
تعبثون,1,26:128,1,6
تعبرون,1,12:43,1,6
تعتدونها,1,33:49,1,8
تعتدوها,1,2:229,1,7
تعجب,1,13:5,1,4
تعجبون,1,53:59,1,6
تعد,1,18:28,1,3
تعدل,1,6:70,1,4
تعذب,1,18:86,1,4
تعرج,1,70:4,1,4
تعرض,1,5:42,1,4
تعرضن,1,17:28,1,5
تعرضوا,1,4:135,1,6
تعرضون,1,69:18,1,6
تعرفهم,1,2:273,1,6
تعرى,1,20:118,1,4
تعزموا,1,2:235,1,6
تعظون,1,7:164,1,5
تعلمن,1,18:66,1,5
تعلمها,1,11:49,1,6
تعلمهم,1,9:101,1,6
تعلمونهم,1,8:60,1,8
تعلمونهن,1,5:4,1,8
تعلموهم,1,48:25,1,7
تعمدت,1,33:5,1,5
تعمل,1,21:74,1,4
تعودون,1,7:29,1,6
تعولوا,1,4:3,1,6
تغتسلوا,1,4:43,1,7
تغرب,1,18:86,1,4
تغشاها,1,7:189,1,6
تغفلون,1,4:102,1,6
تغلبون,1,41:26,1,6
تغمضوا,1,2:267,1,6
تغيض,1,13:8,1,4
تغيظا,1,25:12,1,5
تفادوهم,1,2:85,1,7
تفاوت,1,67:3,1,5
تفتأ,1,12:85,1,4
تفتح,1,7:40,1,4
تفتروا,1,20:61,1,6
تفتنون,1,27:47,1,6
تفتني,1,9:49,1,5
تفثهم,1,22:29,1,5
تفجر,1,17:90,1,4
تفرح,1,28:76,1,4
تفرحوا,1,57:23,1,6
تفرضوا,1,2:236,1,6
تفرق,1,98:4,1,4
تفرون,1,62:8,1,5
تفسحوا,1,58:11,1,6
تفسقون,1,46:20,1,6
تفسيرا,1,25:33,1,6
تفشلا,1,3:122,1,5
تفصيلا,1,17:12,1,6
تفضحون,1,15:68,1,6
تفعل,1,5:67,1,4
تفعلوه,1,8:73,1,6
تفقدون,1,12:71,1,6
تفقهون,1,17:44,1,6
تفكهون,1,56:65,1,6
تفلحوا,1,18:20,1,6
تفندون,1,12:94,1,6
تفور,1,67:7,1,4
تفيء,1,49:9,1,4
تق,1,40:9,1,2
تقاة,1,3:28,1,4
تقاتل,1,3:13,1,5
تقاتلونهم,1,48:16,1,9
تقاتلوهم,1,2:191,1,8
تقاته,1,3:102,1,5
تقاسموا,1,27:49,1,7
تقبلوا,1,24:4,1,6
تقتلني,1,28:19,1,6
تقتلوه,1,28:9,1,6
تقتلوهم,1,8:17,1,7
تقتيلا,1,33:61,1,6
تقدم,1,48:2,1,4
تقربكم,1,34:37,1,6
تقربون,1,12:60,1,6
تقربوها,1,2:187,1,7
تقربوهن,1,2:222,1,7
تقرضهم,1,18:17,1,6
تقرضوا,1,64:17,1,6
تقسطوا,1,4:3,1,6
تقسموا,1,24:53,1,6
تقشعر,1,39:23,1,5
تقصروا,1,4:101,1,6
تقصص,1,12:5,1,4
تقضي,1,20:72,1,4
تقع,1,22:65,1,3
تقعد,1,6:68,1,4
تقف,1,17:36,1,3
تقل,1,17:23,1,3
تقلبون,1,29:21,1,6
تقنطوا,1,39:53,1,6
تقهر,1,93:9,1,4
تقواهم,1,47:17,1,6
تقولن,1,18:23,1,5
تقوله,1,52:33,1,5
تقويم,1,95:4,1,5
تقيموا,1,5:68,1,6
تكبيرا,1,17:111,1,6
تكتبوه,1,2:282,1,6
تكتبوها,1,2:282,1,7
تكتموا,1,2:283,1,6
تكتمونه,1,3:187,1,7
تكذبوا,1,29:18,1,6
تكذيب,1,85:19,1,5
تكرمون,1,89:17,1,6
تكره,1,10:99,1,4
تكفر,1,2:102,1,4
تكلمهم,1,27:82,1,6
تكلمون,1,23:108,1,6
تكليما,1,4:164,1,6
تكنزون,1,9:35,1,6
تلاها,1,91:2,1,5
تلاوته,1,2:121,1,6
تلبثوا,1,33:14,1,6
تلبسوا,1,2:42,1,6
تلبسون,1,3:71,1,6
تلظى,1,92:14,1,4
تلفح,1,23:104,1,4
تلقوا,1,2:195,1,5
تلقون,1,60:1,1,5
تلقونه,1,24:15,1,6
تلقوه,1,3:143,1,5
تلكم,1,7:43,1,4
تلكما,1,7:22,1,5
تلمزوا,1,49:11,1,6
تلهكم,1,63:9,1,5
تلهى,1,80:10,1,4
تلهيهم,1,24:37,1,6
تلوته,1,10:16,1,5
تلوموني,1,14:22,1,7
تلووا,1,4:135,1,5
تلوون,1,3:153,1,5
تليت,1,8:2,1,4
تلين,1,39:23,1,4
تمار,1,18:22,1,4
تماما,1,6:154,1,5
تمت,1,39:42,1,3
تمترن,1,43:61,1,5
تمتعون,1,33:16,1,6
تمر,1,27:88,1,3
تمرحون,1,40:75,1,6
تمسسكم,1,3:120,1,6
تمسسه,1,24:35,1,5
تمسكوا,1,60:10,1,6
تمسكوهن,1,2:231,1,7
تمسون,1,30:17,1,5
تمشون,1,57:28,1,5
تمكرون,1,10:21,1,6
تملكهم,1,27:23,1,6
تملى,1,25:5,1,4
تمنعهم,1,21:43,1,6
تمنن,1,74:6,1,4
تمنها,1,26:22,1,5
تمهيدا,1,74:14,1,6
تموتون,1,7:25,1,6
تميز,1,67:8,1,4
تنابزوا,1,49:11,1,7
تناجيتم,1,58:9,1,7
تنازعتم,1,4:59,1,7
تنازعوا,1,8:46,1,7
تناصرون,1,37:25,1,7
تناله,1,5:94,1,5
تنالوا,1,3:92,1,6
تنبئهم,1,9:64,1,6
تنبئونه,1,13:33,1,7
تنبتوا,1,27:60,1,6
تنتشرون,1,30:20,1,7
تنتصران,1,55:35,1,7
تنجيكم,1,61:10,1,6
تنحتون,1,37:95,1,6
تنزع,1,54:20,1,4
تنزلت,1,26:210,1,5
تنس,1,28:77,1,3
تنسوا,1,2:237,1,5
تنصروا,1,47:7,1,6
تنصروه,1,9:40,1,6
تنفد,1,18:109,1,4
تنفذوا,1,55:33,1,6
تنفذون,1,55:33,1,6
تنفس,1,81:18,1,4
تنفعكم,1,60:3,1,6
تنفعها,1,2:123,1,6
تنفعهم,1,74:48,1,6
تنقذ,1,39:19,1,4
تنقص,1,50:4,1,4
تنقصوا,1,11:84,1,6
تنقضوا,1,16:91,1,6
تنقم,1,7:126,1,4
تنقمون,1,5:59,1,6
تنكح,1,2:230,1,4
تنكرون,1,40:81,1,6
تنكصون,1,23:66,1,6
تنكيلا,1,4:84,1,6
تنهر,1,93:10,1,4
تنهرهما,1,17:23,1,7
تنهون,1,4:31,1,5
تنهى,1,29:45,1,4
تنيا,1,20:42,1,4
تهجرون,1,23:67,1,6
تهدوا,1,4:88,1,5
توارت,1,38:32,1,5
تواعدتم,1,8:42,1,7
تواعدوهن,1,2:235,1,8
توبتهم,1,3:90,1,6
توجل,1,15:53,1,4
توجه,1,28:22,1,4
تود,1,3:30,1,3
تورون,1,56:71,1,5
توسوس,1,50:16,1,5
توصون,1,4:12,1,5
توصية,1,36:50,1,5
توعظون,1,58:3,1,6
توفاهم,1,4:97,1,6
توفته,1,6:61,1,5
توفتهم,1,47:27,1,6
توفني,1,12:101,1,5
توفون,1,3:185,1,5
توفيتني,1,5:117,1,7
توفيقي,1,11:88,1,6
توقدون,1,36:80,1,6
توقنون,1,13:2,1,6
توكلوا,1,10:84,1,6
توكيدها,1,16:91,1,7
تول,1,27:28,1,3
تولاه,1,22:4,1,5
تولج,1,3:27,1,4
تولون,1,40:33,1,5
تيأسوا,1,12:87,1,6
تيمموا,1,2:267,1,6
ثابت,1,14:24,1,4
ثاقب,1,37:10,1,4
ثالث,1,5:73,1,4
ثاويا,1,28:45,1,5
ثبات,1,4:71,1,4
ثبتناك,1,17:74,1,6
ثبوتها,1,16:94,1,6
ثجاجا,1,78:14,1,5
ثقالا,1,7:57,1,5
ثلاثون,1,46:15,1,6
ثلاثين,1,7:142,1,6
ثلثا,1,4:11,1,4
ثلثي,1,73:20,1,4
ثماني,1,28:27,1,5
ثمانين,1,24:4,1,6
ثمر,1,18:34,1,3
ثمرة,1,2:25,1,4
ثوب,1,83:36,1,3
ثيابا,1,18:31,1,5
ثيابكم,1,24:58,1,6
ثيابهن,1,24:60,1,6
ثيبات,1,66:5,1,5
جئتك,1,26:30,1,4
جئناكم,1,43:78,1,6
جئناهم,1,7:52,1,6
جاءتك,1,39:59,1,5
جاءتنا,1,7:126,1,6
جاءته,1,2:211,1,5
جاءتها,1,10:22,1,6
جائر,1,16:9,1,4
جابوا,1,89:9,1,5
جاثية,1,45:28,1,5
جادلتم,1,4:109,1,6
جادلتنا,1,11:32,1,7
جادلوك,1,22:68,1,6
جار,1,8:48,1,3
جارية,1,88:12,1,5
جاز,1,31:33,1,3
جاعلك,1,2:124,1,5
جالوت,1,2:251,1,5
جامدة,1,27:88,1,5
جاهلون,1,12:89,1,6
جاوزا,1,18:62,1,5
جاوزه,1,2:249,1,5
جباههم,1,9:35,1,6
جبلا,1,36:62,1,4
جحدوا,1,11:59,1,5
جد,1,72:3,1,2
جدارا,1,18:77,1,5
جدال,1,2:197,1,4
جدالنا,1,11:32,1,6
جدد,1,35:27,1,3
جدر,1,59:14,1,3
جذاذا,1,21:58,1,5
جذع,1,19:23,1,3
جذوة,1,28:29,1,4
جذوع,1,20:71,1,4
جراد,1,54:7,1,4
جرحتم,1,6:60,1,5
جرزا,1,18:8,1,4
جرف,1,9:109,1,3
جزء,1,15:44,1,3
جزاؤكم,1,17:63,1,6
جزوعا,1,70:20,1,5
جزيتهم,1,23:111,1,6
جعلا,1,7:190,1,4
جعلتم,1,16:91,1,5
جعلته,1,51:42,1,5
جعلها,1,12:100,1,5
جفاء,1,13:17,1,4
جلابيبهن,1,33:59,1,8
جلاها,1,91:3,1,5
جلودا,1,4:56,1,5
جلودكم,1,41:22,1,6
جما,1,89:20,1,3
جمال,1,16:6,1,4
جمالت,1,77:33,1,5
جمع,1,104:2,1,3
جمعكم,1,7:48,1,5
جمعناكم,1,77:38,1,7
جمعناهم,1,3:25,1,7
جمعه,1,75:17,1,4
جمعهم,1,42:29,1,5
جمعوا,1,3:173,1,5
جملة,1,25:32,1,4
جن,1,6:76,1,2
جنته,1,18:35,1,4
جنتي,1,89:30,1,4
جنحوا,1,8:61,1,5
جندا,1,19:75,1,4
جندنا,1,37:173,1,5
جنفا,1,2:182,1,4
جنوبكم,1,4:103,1,6
جنوبها,1,22:36,1,6
جنودا,1,9:26,1,5
جنوده,1,27:17,1,5
جنيا,1,19:25,1,4
جهاده,1,22:78,1,5
جهارا,1,71:8,1,5
جهدهم,1,9:79,1,5
جهر,1,13:10,1,3
جهولا,1,33:72,1,5
جو,1,16:79,1,2
جوفه,1,33:4,1,4
جيدها,1,111:5,1,5
جيوبهن,1,24:31,1,6
حاج,1,2:258,1,3
حاججتم,1,3:66,1,6
حاجزا,1,27:61,1,5
حاجزين,1,69:47,1,6
حاجك,1,3:61,1,4
حاجوك,1,3:20,1,5
حاد,1,58:22,1,3
حاذرون,1,26:56,1,6
حارب,1,9:107,1,4
حاسبين,1,21:47,1,6
حاسد,1,113:5,1,4
حاضرا,1,18:49,1,5
حاضري,1,2:196,1,5
حافظ,1,86:4,1,4
حافظا,1,12:64,1,5
حافظات,1,4:34,1,6
حافظوا,1,2:238,1,6
حافين,1,39:75,1,5
حام,1,5:103,1,3
حبب,1,49:7,1,3
حبط,1,5:5,1,3
حتما,1,19:71,1,4
حثيثا,1,7:54,1,5
حجتنا,1,6:83,1,5
حجج,1,28:27,1,3
حجرا,1,25:22,1,4
حجوركم,1,4:23,1,6
حداد,1,33:19,1,4
حدب,1,21:96,1,3
حدوده,1,4:14,1,5
حديدا,1,17:50,1,5
حذرهم,1,4:102,1,5
حرا,1,9:81,1,3
حرام,1,16:116,1,4
حراما,1,10:59,1,5
حرثه,1,42:20,1,4
حرد,1,68:25,1,3
حرسا,1,72:8,1,4
حرصت,1,12:103,1,4
حرصتم,1,4:129,1,5
حرض,1,8:65,1,3
حرضا,1,12:85,1,4
حرف,1,22:11,1,3
حرمات,1,22:30,1,5
حرمها,1,27:91,1,5
حرمهما,1,7:50,1,6
حريص,1,9:128,1,4
حزبه,1,35:6,1,4
حزنا,1,9:92,1,4
حسابك,1,6:52,1,5
حسبت,1,18:9,1,4
حسبته,1,27:44,1,5
حسبتهم,1,76:19,1,6
حسبه,1,65:3,1,4
حسد,1,113:5,1,3
حسدا,1,2:109,1,4
حسرتا,1,39:56,1,5
حسرتنا,1,6:31,1,6
حسنات,1,25:70,1,5
حسنت,1,25:76,1,4
حسنهن,1,33:52,1,5
حسوما,1,69:7,1,5
حسير,1,67:4,1,4
حسيسها,1,21:102,1,6
حشرت,1,81:5,1,4
حشرتني,1,20:125,1,6
حصاده,1,6:141,1,5
حصب,1,21:98,1,3
حصحص,1,12:51,1,4
حصدتم,1,12:47,1,5
حصرت,1,4:90,1,4
حصونهم,1,59:2,1,6
حصيرا,1,17:8,1,5
حضروه,1,46:29,1,5
حطبا,1,72:15,1,4
حفرة,1,3:103,1,4
حفظ,1,4:34,1,3
حفظة,1,6:61,1,4
حفظهما,1,2:255,1,6
حفي,1,7:187,1,3
حفيا,1,19:47,1,4
حقبا,1,18:60,1,4
حقيق,1,7:105,1,4
حكمة,1,54:5,1,4
حكمت,1,5:42,1,4
حكمتم,1,4:58,1,5
حكمه,1,18:26,1,4
حلا,1,3:93,1,3
حلاف,1,68:10,1,4
حلال,1,16:116,1,4
حلفتم,1,5:89,1,5
حللتم,1,5:2,1,5
حليهم,1,7:148,1,5
حمئة,1,18:86,1,4
حمارك,1,2:259,1,5
حمالة,1,111:4,1,5
حمر,1,74:50,1,3
حملتم,1,24:54,1,5
حملناكم,1,69:11,1,7
حملوا,1,62:5,1,5
حمولة,1,6:142,1,5
حمية,1,48:26,1,4
حميدا,1,4:131,1,5
حنيذ,1,11:69,1,4
حنين,1,9:25,1,4
حوبا,1,4:2,1,4
حوتهما,1,18:61,1,6
حور,1,55:72,1,3
حولا,1,18:108,1,4
حولك,1,3:159,1,4
حولين,1,2:233,1,5
حياتكم,1,46:20,1,6
حية,1,20:20,1,3
حيتانهم,1,7:163,1,7
حيران,1,6:71,1,5
حيلة,1,4:98,1,4
حينئذ,1,56:84,1,5
حيوك,1,58:8,1,4
حييتم,1,4:86,1,5
خائبين,1,3:127,1,6
خائفين,1,2:114,1,6
خادعهم,1,4:142,1,6
خاسئا,1,67:4,1,5
خاسرة,1,79:12,1,5
خاشعا,1,59:21,1,5
خاشعون,1,23:2,1,6
خاصة,1,8:25,1,4
خاضعين,1,26:4,1,6
خاضوا,1,9:69,1,5
خاطئة,1,96:16,1,5
خاطبهم,1,25:63,1,6
خافت,1,4:128,1,4
خافضة,1,56:3,1,5
خافوا,1,4:9,1,5
خافية,1,69:18,1,5
خالاتك,1,33:50,1,6
خالاتكم,1,24:61,1,7
خالد,1,47:15,1,4
خالصا,1,16:66,1,5
خالك,1,33:50,1,4
خامدون,1,36:29,1,6
خامدين,1,21:15,1,6
خانوا,1,8:71,1,5
خبت,1,17:97,1,3
خبث,1,7:58,1,3
خبزا,1,12:36,1,4
ختار,1,31:32,1,4
ختامه,1,83:26,1,5
ختم,1,2:7,1,3
خدك,1,31:18,1,3
خذها,1,20:21,1,4
خذولا,1,25:29,1,5
خرابها,1,2:114,1,6
خرجتم,1,60:1,1,5
خرجن,1,2:240,1,4
خرقها,1,18:71,1,5
خروج,1,40:11,1,4
خزائنه,1,15:21,1,6
خسرا,1,65:9,1,4
خسرانا,1,4:119,1,6
خسفنا,1,29:40,1,5
خشب,1,63:4,1,3
خشعا,1,54:7,1,4
خشوعا,1,17:109,1,5
خشيت,1,20:94,1,4
خشيته,1,21:28,1,5
خصاصة,1,59:9,1,5
خصمون,1,43:58,1,5
خصيما,1,4:105,1,5
خطئا,1,17:31,1,4
خطابا,1,78:37,1,5
خطاياهم,1,29:12,1,7
خطبة,1,2:235,1,4
خطبك,1,20:95,1,4
خطبكما,1,28:23,1,6
خطبكن,1,12:51,1,5
خطف,1,37:10,1,3
خطيئاتكم,1,7:161,1,8
خطيئاتهم,1,71:25,1,8
خطيئة,1,4:112,1,5
خطيئته,1,2:81,1,6
خطيئتي,1,26:82,1,6
خفافا,1,9:41,1,5
خفتكم,1,26:21,1,5
خفف,1,8:66,1,3
خفي,1,42:45,1,3
خفيا,1,19:3,1,4
خفيفا,1,7:189,1,5
خلافك,1,17:76,1,5
خلالكم,1,9:47,1,6
خلالهما,1,18:33,1,7
خلة,1,2:254,1,3
خلصوا,1,12:80,1,5
خلطوا,1,9:102,1,5
خلفة,1,25:62,1,4
خلفتموني,1,7:150,1,8
خلفك,1,10:92,1,4
خلفكم,1,36:45,1,5
خلفنا,1,19:64,1,5
خلفها,1,2:66,1,5
خلفوا,1,9:118,1,5
خلقتك,1,19:9,1,5
خلقته,1,15:33,1,5
خلقناهما,1,44:39,1,8
خلقني,1,26:78,1,5
خلقها,1,16:5,1,5
خمر,1,47:15,1,3
خمسه,1,8:41,1,4
خمط,1,34:16,1,3
خنزير,1,6:145,1,5
خوان,1,22:38,1,4
خوانا,1,4:107,1,5
خوض,1,52:12,1,3
خوضهم,1,6:91,1,5
خوفهم,1,24:55,1,5
خولناكم,1,6:94,1,7
خولناه,1,39:49,1,6
خوله,1,39:8,1,4
خيانة,1,8:58,1,5
خيانتك,1,8:71,1,6
خيرات,1,55:70,1,5
خيفته,1,13:13,1,5
خيل,1,59:6,1,3
دأب,1,40:31,1,3
دأبا,1,12:47,1,4
دائبين,1,14:33,1,6
دائم,1,13:35,1,4
دائمون,1,70:23,1,6
داحضة,1,42:16,1,5
داخلون,1,5:22,1,6
داركم,1,11:65,1,5
دافق,1,86:6,1,4
داموا,1,5:24,1,5
دان,1,55:54,1,3
دبره,1,8:16,1,4
دحاها,1,79:30,1,5
دحورا,1,37:9,1,5
دخان,1,41:11,1,4
دخلتموه,1,5:23,1,7
دخله,1,3:97,1,4
دخلوه,1,17:7,1,5
دراستهم,1,6:156,1,7
دراهم,1,12:20,1,5
درست,1,6:105,1,4
دركا,1,20:77,1,4
دري,1,24:35,1,3
دساها,1,91:10,1,5
دعاءكم,1,35:14,1,6
دعاءه,1,17:11,1,5
دعاؤكم,1,25:77,1,6
دعائهم,1,46:5,1,6
دعائي,1,71:6,1,5
دعان,1,2:186,1,4
دعاه,1,27:62,1,4
دعوت,1,71:5,1,4
دعوتك,1,14:44,1,5
دعوتكم,1,14:22,1,6
دعوتكما,1,10:89,1,7
دعي,1,40:12,1,3
دعيتم,1,33:53,1,5
دفء,1,16:5,1,3
دفعتم,1,4:6,1,5
دكاء,1,18:98,1,4
دكة,1,69:14,1,3
دكت,1,89:21,1,3
دلهم,1,34:14,1,4
دلوه,1,12:19,1,4
دليلا,1,25:45,1,5
دما,1,6:145,1,3
دماءكم,1,2:84,1,6
دماؤها,1,22:37,1,6
دمتم,1,5:96,1,4
دمر,1,47:10,1,3
دمرناهم,1,27:51,1,7
دنا,1,53:8,1,3
دهاقا,1,78:34,1,5
دولة,1,59:7,1,4
دونكم,1,3:118,1,5
دوننا,1,21:43,1,5
دونها,1,18:90,1,5
ديارا,1,71:26,1,5
ديارنا,1,2:246,1,6
ذاقا,1,7:22,1,4
ذاهب,1,37:99,1,4
ذبابا,1,22:73,1,5
ذبح,1,5:3,1,3
ذرأنا,1,7:179,1,5
ذراعا,1,69:32,1,5
ذراعيه,1,18:18,1,6
ذرعها,1,69:32,1,5
ذرنا,1,9:86,1,4
ذرني,1,74:11,1,4
ذروا,1,51:1,1,4
ذرونا,1,48:15,1,5
ذروني,1,40:26,1,5
ذريتنا,1,2:128,1,6
ذق,1,44:49,1,2
ذكرانا,1,42:50,1,6
ذكراها,1,79:43,1,6
ذكراهم,1,47:18,1,6
ذكرت,1,17:46,1,4
ذكرتم,1,36:19,1,5
ذكرك,1,94:4,1,4
ذكركم,1,21:10,1,5
ذكرهم,1,23:71,1,5
ذكيتم,1,5:3,1,5
ذلكما,1,12:37,1,5
ذللا,1,16:69,1,4
ذلول,1,2:71,1,4
ذلولا,1,67:15,1,5
ذنبك,1,48:2,1,4
ذنبه,1,55:39,1,4
ذنوب,1,51:59,1,4
ذنوبا,1,51:59,1,5
ذهاب,1,23:18,1,4
ذهبا,1,3:91,1,4
ذهبت,1,60:11,1,4
ذهبنا,1,12:17,1,5
ذهبوا,1,12:15,1,5
ذواتا,1,55:48,1,5
ذواتي,1,34:16,1,5
رآك,1,21:36,1,3
رأته,1,27:44,1,4
رأتهم,1,25:12,1,5
رأسي,1,12:36,1,4
رأوك,1,25:41,1,4
رأوها,1,68:26,1,5
رأوهم,1,83:32,1,5
رأي,1,3:13,1,3
رأيتموه,1,3:143,1,7
رأينه,1,12:31,1,5
رؤياك,1,12:5,1,5
رابيا,1,13:17,1,5
رابية,1,69:10,1,5
راد,1,10:107,1,3
رادوه,1,28:7,1,5
راسيات,1,34:13,1,6
راعنا,1,2:104,1,5
رافعة,1,56:3,1,5
راق,1,75:27,1,3
راكعا,1,38:24,1,5
راكعون,1,5:55,1,6
ران,1,83:14,1,3
راودتن,1,12:51,1,6
راودتني,1,12:26,1,7
راودوه,1,54:37,1,6
رباط,1,8:60,1,4
ربانيين,1,3:79,1,7
ربحت,1,2:16,1,4
ربطنا,1,28:10,1,5
ربما,1,15:2,1,4
ربوة,1,23:50,1,4
ربياني,1,17:24,1,6
ربيون,1,3:146,1,5
رتقا,1,21:30,1,4
رجا,1,56:4,1,3
رجت,1,56:4,1,3
رجسا,1,9:125,1,4
رجسهم,1,9:125,1,5
رجعت,1,41:50,1,4
رجعك,1,9:83,1,4
رجعنا,1,63:8,1,5
رجعه,1,86:8,1,4
رجلان,1,5:23,1,5
رجما,1,18:22,1,4
رجوما,1,67:5,1,5
رحالهم,1,12:62,1,6
رحل,1,12:70,1,3
رحلة,1,106:2,1,4
رحله,1,12:75,1,4
رحما,1,18:81,1,4
رحماء,1,48:29,1,5
رحمتك,1,7:151,1,5
رحمتي,1,29:23,1,5
رحمنا,1,67:28,1,5
رحمناهم,1,23:75,1,7
رحمه,1,6:16,1,4
رحيق,1,83:25,1,4
رخاء,1,38:36,1,4
ردءا,1,28:34,1,4
رددت,1,18:36,1,4
رددنا,1,17:6,1,5
رددناه,1,95:5,1,6
ردف,1,27:72,1,3
ردما,1,18:95,1,4
ردها,1,21:40,1,4
ردوه,1,4:83,1,4
رزقنا,1,2:25,1,5
رزقناه,1,16:75,1,6
رزقهن,1,2:233,1,5
رزقوا,1,2:25,1,5
رسالة,1,7:79,1,5
رسلك,1,3:194,1,4
رسلكم,1,40:50,1,5
رسلي,1,34:45,1,4
رسولها,1,23:44,1,6
رشده,1,21:51,1,4
رشيد,1,11:78,1,4
رضيا,1,19:6,1,4
رضيتم,1,9:83,1,5
رطب,1,6:59,1,3
رطبا,1,19:25,1,4
رعايتها,1,57:27,1,7
رعبا,1,18:18,1,4
رعوها,1,57:27,1,5
رغبا,1,21:90,1,4
رفث,1,2:197,1,3
رفرف,1,55:76,1,4
رفعت,1,88:18,1,4
رفعه,1,4:158,1,4
رفعها,1,55:7,1,5
رفيع,1,40:15,1,4
رفيقا,1,4:69,1,5
رق,1,52:3,1,2
رقود,1,18:18,1,4
ركاب,1,59:6,1,4
ركاما,1,24:43,1,5
ركبا,1,18:71,1,4
ركبانا,1,2:239,1,6
ركبك,1,82:8,1,4
ركبوا,1,29:65,1,5
ركزا,1,19:98,1,4
ركعا,1,48:29,1,4
ركن,1,11:80,1,3
ركوبهم,1,36:72,1,6
رمزا,1,3:41,1,4
رمضان,1,2:185,1,5
رمى,1,8:17,1,3
رميم,1,36:78,1,4
رهبة,1,59:13,1,4
رهط,1,27:48,1,3
رهطك,1,11:91,1,4
رهوا,1,44:24,1,4
رهين,1,52:21,1,4
رهينة,1,74:38,1,5
رواكد,1,42:33,1,5
روحا,1,42:52,1,4
روحه,1,32:9,1,4
روضات,1,42:22,1,5
روضة,1,30:15,1,4
رويدا,1,86:17,1,5
ريبة,1,9:110,1,4
ريبهم,1,9:45,1,5
ريحكم,1,8:46,1,5
ريع,1,26:128,1,3
زادته,1,9:124,1,5
زادتهم,1,8:2,1,6
زادوكم,1,9:47,1,6
زادوهم,1,11:101,1,6
زاغ,1,53:17,1,3
زاغوا,1,61:5,1,5
زالت,1,21:15,1,4
زالتا,1,35:41,1,5
زان,1,24:3,1,3
زانية,1,24:3,1,5
زاهق,1,21:18,1,4
زبد,1,13:17,1,3
زبدا,1,13:17,1,4
زبرا,1,23:53,1,4
زجاجة,1,24:35,1,5
زجرا,1,37:2,1,4
زحزح,1,3:185,1,4
زحفا,1,8:15,1,4
زخرفها,1,10:24,1,6
زد,1,73:4,1,2
زدني,1,20:114,1,4
زرتم,1,102:2,1,4
زرع,1,14:37,1,3
زرقا,1,20:102,1,4
زعم,1,64:7,1,3
زعمت,1,17:92,1,4
زقوم,1,56:52,1,4
زكاها,1,91:9,1,5
زكى,1,24:21,1,3
زكيا,1,19:19,1,4
زكية,1,18:74,1,4
زلتم,1,40:34,1,4
زلزالا,1,33:11,1,6
زلزالها,1,99:1,1,7
زلزلة,1,22:1,1,5
زلزلت,1,99:1,1,5
زلفة,1,67:27,1,4
زلقا,1,18:40,1,4
زللتم,1,2:209,1,5
زمهريرا,1,76:13,1,7
زنجبيلا,1,76:17,1,7
زنيم,1,68:13,1,4
زهرة,1,20:131,1,4
زهوقا,1,17:81,1,5
زوال,1,14:44,1,4
زوجا,1,2:230,1,4
زوجان,1,55:52,1,5
زوجت,1,81:7,1,4
زوجك,1,33:37,1,4
زوجناكها,1,33:37,1,8
زوجه,1,21:90,1,4
زيادة,1,9:37,1,5
زيتها,1,24:35,1,5
زيتونة,1,24:35,1,6
زيد,1,33:37,1,3
زيغ,1,3:7,1,3
زينتكم,1,7:31,1,6
زينته,1,28:79,1,5
سآتيكم,1,27:7,1,6
سآوي,1,11:43,1,4
سأتلو,1,18:83,1,5
سأرهقه,1,74:17,1,6
سأستغفر,1,19:47,1,7
سأصرف,1,7:146,1,5
سأصليه,1,74:26,1,6
سأل,1,70:1,1,3
سألتك,1,18:76,1,5
سألتم,1,2:61,1,5
سألتموه,1,14:34,1,7
سألتموهن,1,33:53,1,8
سألقي,1,8:12,1,5
سألك,1,2:186,1,4
سألها,1,5:102,1,5
سألهم,1,67:8,1,5
سألوا,1,4:153,1,5
سأنبئك,1,18:78,1,6
سأنزل,1,6:93,1,5
سؤلك,1,20:36,1,4
سئل,1,2:108,1,3
سئلت,1,81:8,1,4
سئلوا,1,33:14,1,5
ساءت,1,25:66,1,4
سائبة,1,5:103,1,5
سائحات,1,66:5,1,6
سائغ,1,35:12,1,4
سائغا,1,16:66,1,5
سائق,1,50:21,1,4
سائل,1,70:1,1,4
سابغات,1,34:11,1,6
سابقوا,1,57:21,1,6
سابقون,1,23:61,1,6
سابقين,1,29:39,1,6
ساجدا,1,39:9,1,5
سادتنا,1,33:67,1,6
سارقين,1,12:73,1,6
سافلين,1,95:5,1,6
ساق,1,68:42,1,3
ساقطا,1,52:44,1,5
ساقيها,1,27:44,1,6
ساكنا,1,25:45,1,5
سالمون,1,68:43,1,6
سامدون,1,53:61,1,6
سامرا,1,23:67,1,5
سامري,1,20:95,1,5
ساوى,1,18:96,1,4
سبإ,1,27:22,1,3
سبتهم,1,7:163,1,5
سبحوا,1,19:11,1,5
سبعون,1,69:32,1,5
سبقا,1,79:4,1,4
سبقوا,1,8:59,1,5
سبيلنا,1,29:12,1,6
سبيلهم,1,9:5,1,6
ستجدون,1,4:91,1,6
ستدعون,1,48:16,1,6
ستذكرونهن,1,2:235,1,9
سترا,1,18:90,1,4
ستغلبون,1,3:12,1,7
ستكتب,1,43:19,1,5
ستين,1,58:4,1,4
سجدوا,1,4:102,1,5
سجرت,1,81:6,1,4
سجى,1,93:2,1,3
سحار,1,26:37,1,4
سحران,1,28:48,1,5
سحرهم,1,20:66,1,5
سحروا,1,7:116,1,5
سحيق,1,22:31,1,4
سخرنا,1,38:18,1,5
سخرناها,1,22:36,1,7
سخط,1,5:80,1,3
سدرة,1,53:14,1,4
سدى,1,75:36,1,3
سرابا,1,78:20,1,5
سرابيل,1,16:81,1,6
سرابيلهم,1,14:50,1,8
سرادقها,1,18:29,1,7
سربا,1,18:61,1,4
سرحوهن,1,2:231,1,6
سركم,1,6:3,1,4
سريا,1,19:24,1,4
سطحت,1,88:20,1,4
سعدوا,1,11:108,1,5
سعرت,1,81:12,1,4
سعيا,1,2:260,1,4
سعيه,1,53:40,1,4
سعيها,1,17:19,1,5
سفرة,1,80:15,1,4
سفرنا,1,18:62,1,5
سفه,1,2:130,1,3
سفها,1,6:140,1,4
سفينة,1,18:79,1,5
سفيها,1,2:282,1,5
سفيهنا,1,72:4,1,6
سقاية,1,9:19,1,5
سقط,1,7:149,1,3
سقطوا,1,9:49,1,5
سقناه,1,7:57,1,5
سقيت,1,28:25,1,4
سكت,1,7:154,1,3
سكرا,1,16:67,1,4
سكرة,1,50:19,1,4
سكرت,1,15:15,1,4
سكرتهم,1,15:72,1,6
سكنتم,1,65:6,1,5
سكينا,1,12:31,1,5
سكينة,1,2:248,1,5
سل,1,2:211,1,2
سلاسل,1,76:4,1,5
سلسبيلا,1,76:18,1,7
سلسلة,1,69:32,1,5
سلطانه,1,16:100,1,6
سلطانيه,1,69:29,1,7
سلفا,1,43:56,1,4
سلقوكم,1,33:19,1,6
سلككم,1,74:42,1,5
سلكناه,1,26:200,1,6
سلمتم,1,2:233,1,5
سلهم,1,68:40,1,4
سم,1,7:40,1,2
سماكم,1,22:78,1,5
سمعت,1,12:31,1,4
سمعتم,1,4:140,1,5
سمكها,1,79:28,1,5
سموم,1,56:42,1,4
سموهم,1,13:33,1,5
سميتها,1,3:36,1,6
سمين,1,51:26,1,4
سنؤتيهم,1,4:162,1,7
سنا,1,24:43,1,3
سنابل,1,2:261,1,5
سنبلة,1,2:261,1,5
سنبله,1,12:47,1,5
سنجزي,1,6:157,1,5
سندع,1,96:18,1,4
سنراود,1,12:61,1,6
سنريهم,1,41:53,1,6
سنزيد,1,7:161,1,5
سنسمه,1,68:16,1,5
سنشد,1,28:35,1,4
سنطيعكم,1,47:26,1,7
سنعذبهم,1,9:101,1,7
سنعيدها,1,20:21,1,7
سنفرغ,1,55:31,1,5
سنقتل,1,7:127,1,5
سنقرئك,1,87:6,1,6
سنمتعهم,1,11:48,1,7
سننظر,1,27:27,1,5
سهولها,1,7:74,1,6
سوآتكم,1,7:26,1,6
سواعا,1,71:23,1,5
سواك,1,18:37,1,4
سواه,1,32:9,1,4
سواها,1,91:7,1,5
سود,1,35:27,1,3
سور,1,11:13,1,3
سوط,1,89:13,1,3
سوقه,1,48:29,1,4
سول,1,47:25,1,3
سوى,1,20:58,1,3
سيؤتينا,1,9:59,1,7
سيئا,1,9:102,1,4
سيئاتنا,1,3:193,1,7
سيئت,1,67:27,1,4
سيئه,1,17:38,1,4
سيارة,1,12:19,1,5
سيبطله,1,10:81,1,6
سيحلفون,1,9:95,1,7
سيدخلهم,1,9:99,1,7
سيدخلون,1,40:60,1,7
سيدها,1,12:25,1,5
سيذكر,1,87:10,1,5
سيرا,1,52:10,1,4
سيرتها,1,20:21,1,6
سيرحمهم,1,9:71,1,7
سيريكم,1,27:93,1,6
سيصلى,1,111:3,1,5
سيصيبهم,1,39:51,1,7
سيطوقون,1,3:180,1,7
سيغفر,1,7:169,1,5
سيغلبون,1,30:3,1,7
سيكفرون,1,19:82,1,7
سيكون,1,73:20,1,5
سيل,1,34:16,1,3
سيماهم,1,48:29,1,6
سيناء,1,23:20,1,5
سينالهم,1,7:152,1,7
سينين,1,95:2,1,5
سيهديهم,1,47:5,1,7
سيهزم,1,54:45,1,5
شأنهم,1,24:62,1,5
شاخصة,1,21:97,1,5
شاطئ,1,28:30,1,4
شافعين,1,26:100,1,6
شاكر,1,2:158,1,4
شاكرون,1,21:80,1,6
شاكرين,1,7:17,1,6
شاكلته,1,17:84,1,6
شامخات,1,77:27,1,6
شانئك,1,108:3,1,5
شاهدون,1,37:150,1,6
شبه,1,4:157,1,3
شجرت,1,44:43,1,4
شجرتها,1,56:72,1,6
شجرها,1,27:60,1,5
شحومهما,1,6:146,1,7
شدادا,1,78:12,1,5
شرابه,1,35:12,1,5
شرع,1,42:13,1,3
شرعا,1,7:163,1,4
شرعة,1,5:48,1,4
شرعوا,1,42:21,1,5
شرقيا,1,19:16,1,5
شرقية,1,24:35,1,5
شركاءهم,1,16:86,1,7
شركاؤكم,1,6:22,1,7
شركاؤنا,1,16:86,1,7
شره,1,76:7,1,3
شروا,1,2:102,1,4
شريعة,1,45:18,1,5
شطأه,1,48:29,1,4
شعب,1,77:30,1,3
شعوبا,1,49:13,1,5
شغفها,1,12:30,1,5
شغل,1,36:55,1,3
شغلتنا,1,48:11,1,6
شفعاءكم,1,6:94,1,7
شفعاؤنا,1,10:18,1,7
شقا,1,80:26,1,3
شقاقي,1,11:89,1,5
شققنا,1,80:26,1,5
شقوا,1,11:106,1,4
شقوتنا,1,23:106,1,6
شقي,1,11:105,1,3
شكرا,1,34:13,1,4
شكله,1,38:58,1,4
شمائلهم,1,7:17,1,7
شمسا,1,76:13,1,4
شهابا,1,72:9,1,5
شهادتهم,1,43:19,1,7
شهادتهما,1,5:107,1,8
شهدتم,1,41:21,1,5
شهود,1,85:7,1,4
شهيدين,1,2:282,1,6
شهيقا,1,67:7,1,5
شواظ,1,55:35,1,4
شورى,1,42:38,1,4
شياطين,1,6:112,1,6
شياطينهم,1,2:14,1,8
شية,1,2:71,1,3
شيخ,1,28:23,1,3
شيع,1,15:10,1,3
شيعة,1,19:69,1,4
شيوخا,1,40:67,1,5
ص,1,38:1,1,1
صابرة,1,8:66,1,5
صابرون,1,8:65,1,6
صاحبه,1,18:37,1,5
صاحبهم,1,54:29,1,6
صادق,1,19:54,1,4
صادقا,1,40:28,1,5
صارمين,1,68:22,1,6
صاغرين,1,7:119,1,6
صال,1,37:163,1,3
صالو,1,38:59,1,4
صامتون,1,7:193,1,6
صبا,1,80:25,1,3
صباح,1,37:177,1,4
صببنا,1,80:25,1,5
صبحا,1,100:3,1,4
صبحهم,1,54:38,1,5
صبرك,1,16:127,1,4
صبوا,1,44:48,1,4
صخرة,1,31:16,1,4
صد,1,4:55,1,2
صددتم,1,16:94,1,5
صددناكم,1,34:32,1,7
صدرا,1,16:106,1,4
صدقا,1,6:115,1,4
صدقات,1,58:13,1,5
صدقاتكم,1,2:264,1,7
صدقاتهن,1,4:4,1,7
صدقت,1,37:105,1,4
صدقتنا,1,5:113,1,6
صدقكم,1,3:152,1,5
صدقنا,1,39:74,1,5
صدقناهم,1,21:9,1,7
صدودا,1,4:61,1,5
صدوكم,1,5:2,1,5
صديد,1,14:16,1,4
صديق,1,26:101,1,4
صديقة,1,5:75,1,5
صديقكم,1,24:61,1,6
صر,1,3:117,1,2
صراطك,1,7:16,1,5
صراطي,1,6:153,1,5
صرة,1,51:29,1,3
صرح,1,27:44,1,3
صرصر,1,69:6,1,4
صرعى,1,69:7,1,4
صرف,1,9:127,1,3
صرفا,1,25:19,1,4
صرفت,1,7:47,1,4
صرفكم,1,3:152,1,5
صرفناه,1,25:50,1,6
صريخ,1,36:43,1,4
صعدا,1,72:17,1,4
صعقا,1,7:143,1,4
صعودا,1,74:17,1,5
صغار,1,6:124,1,4
صغت,1,66:4,1,3
صغير,1,54:53,1,4
صفحا,1,43:5,1,4
صفر,1,77:33,1,3
صفراء,1,2:69,1,5
صفصفا,1,20:106,1,5
صفوان,1,2:264,1,5
صلاتك,1,9:103,1,5
صلاته,1,24:41,1,5
صلاتي,1,6:162,1,5
صلبوه,1,4:157,1,5
صلحا,1,4:128,1,4
صلدا,1,2:264,1,4
صلوا,1,33:56,1,4
صلوات,1,2:157,1,5
صلواتهم,1,23:9,1,7
صلوه,1,69:31,1,4
صليا,1,19:70,1,4
صما,1,25:73,1,3
صنع,1,27:88,1,3
صنعا,1,18:104,1,4
صنعة,1,21:80,1,4
صوابا,1,78:38,1,5
صواع,1,12:72,1,4
صواف,1,22:36,1,4
صوامع,1,22:40,1,5
صوت,1,49:2,1,3
صوتك,1,31:19,1,4
صورة,1,82:8,1,4
صورناكم,1,7:11,1,7
صوما,1,19:26,1,4
صياصيهم,1,33:26,1,7
صيام,1,2:196,1,4
صياما,1,5:95,1,5
ضاحكا,1,27:19,1,5
ضاحكة,1,80:39,1,5
ضاقت,1,9:118,1,4
ضالا,1,93:7,1,4
ضامر,1,22:27,1,4
ضبحا,1,100:1,1,4
ضدا,1,19:82,1,3
ضربت,1,3:112,1,4
ضربوه,1,43:58,1,5
ضريع,1,88:6,1,4
ضعافا,1,4:9,1,5
ضعفاء,1,2:266,1,5
ضعفوا,1,3:146,1,5
ضغثا,1,38:44,1,4
ضلالة,1,7:61,1,5
ضلالك,1,12:95,1,5
ضللنا,1,32:10,1,5
ضنكا,1,20:124,1,4
ضياء,1,10:5,1,4
ضير,1,26:50,1,3
ضيزى,1,53:22,1,4
ضيفه,1,54:37,1,4
طائر,1,6:38,1,4
طائره,1,17:13,1,5
طائرهم,1,7:131,1,6
طائعين,1,41:11,1,6
طائفتين,1,6:156,1,7
طاب,1,4:3,1,3
طاعم,1,6:145,1,4
طال,1,21:44,1,3
طبتم,1,39:73,1,4
طبق,1,84:19,1,3
طبقا,1,84:19,1,4
طبن,1,4:4,1,3
طحاها,1,91:6,1,5
طردتهم,1,11:30,1,6
طرف,1,42:45,1,3
طرفا,1,3:127,1,4
طرفك,1,27:40,1,4
طرفهم,1,14:43,1,5
طرفي,1,11:114,1,4
طريقة,1,20:104,1,5
طس,1,27:1,1,2
طعاما,1,18:19,1,5
طعامك,1,2:259,1,5
طعامه,1,80:24,1,5
طعمتم,1,33:53,1,5
طعمه,1,47:15,1,4
طعموا,1,5:93,1,5
طغوا,1,89:11,1,4
طلبا,1,18:41,1,4
طلع,1,50:10,1,3
طلعت,1,18:17,1,4
طلقكن,1,66:5,1,5
طمست,1,77:8,1,4
طه,1,20:1,1,2
طهرا,1,2:125,1,4
طوافون,1,24:58,1,6
طوبى,1,13:29,1,4
طور,1,23:20,1,3
طيباتكم,1,46:20,1,7
طيبين,1,16:32,1,5
طير,1,56:21,1,3
طينا,1,17:61,1,4
ظاهر,1,6:120,1,4
ظاهروهم,1,33:26,1,7
ظعنكم,1,16:80,1,5
ظفر,1,6:146,1,3
ظلا,1,4:57,1,3
ظلالا,1,16:81,1,5
ظلاله,1,16:48,1,5
ظلالها,1,76:14,1,6
ظلة,1,7:171,1,3
ظلت,1,20:97,1,3
ظلمك,1,38:24,1,4
ظلمنا,1,7:23,1,5
ظلوما,1,33:72,1,5
ظليل,1,77:31,1,4
ظليلا,1,4:57,1,5
ظمأ,1,9:120,1,3
ظننت,1,69:20,1,4
ظنه,1,34:20,1,3
ظنوا,1,72:7,1,4
ظهرك,1,94:3,1,4
ظهرها,1,35:45,1,5
ظهريا,1,11:92,1,5
ظهوركم,1,6:94,1,6
ظهوره,1,43:13,1,5
ظهورهما,1,6:146,1,7
عائدون,1,44:15,1,6
عائلا,1,93:8,1,5
عابد,1,109:4,1,4
عابدات,1,66:5,1,6
عابري,1,4:43,1,5
عاتية,1,69:6,1,5
عادون,1,26:166,1,5
عاديتم,1,60:7,1,6
عارض,1,46:24,1,4
عارضا,1,46:24,1,5
عاصفة,1,21:81,1,5
عاقب,1,22:60,1,4
عاقبتم,1,16:126,1,6
عاقبتهما,1,59:17,1,8
عاقر,1,3:40,1,4
عاكفا,1,20:97,1,5
عاليا,1,44:31,1,5
عالين,1,23:46,1,5
عاليهم,1,76:21,1,6
عاملة,1,88:3,1,5
عامهم,1,9:28,1,5
عامين,1,31:14,1,5
عاهدت,1,8:56,1,5
عبادتكم,1,10:29,1,7
عبادتي,1,40:60,1,6
عبادكم,1,24:32,1,6
عبثا,1,23:115,1,4
عبدت,1,26:22,1,4
عبدتم,1,109:4,1,5
عبدناهم,1,43:20,1,7
عبدين,1,66:10,1,5
عبرة,1,12:111,1,4
عبوسا,1,76:10,1,5
عتت,1,65:8,1,3
عتل,1,68:13,1,3
عتو,1,67:21,1,3
عثر,1,5:107,1,3
عجاب,1,38:5,1,4
عجبت,1,37:12,1,4
عجبوا,1,50:2,1,5
عجلنا,1,17:18,1,5
عجولا,1,17:11,1,5
عدتم,1,17:8,1,4
عدتهم,1,74:31,1,5
عدوانا,1,4:30,1,6
عدوهم,1,61:14,1,5
عدوي,1,60:1,1,4
عذابهما,1,24:2,1,7
عربا,1,56:37,1,4
عرشك,1,27:42,1,4
عرشه,1,11:7,1,4
عرشها,1,27:41,1,5
عرضة,1,2:224,1,4
عرضتم,1,2:235,1,5
عرضنا,1,33:72,1,5
عرضهم,1,2:31,1,5
عرف,1,66:3,1,3
عرفا,1,77:1,1,4
عرفات,1,2:198,1,5
عرفها,1,47:6,1,5
عريض,1,41:51,1,4
عزا,1,19:81,1,3
عزة,1,38:2,1,3
عزلت,1,33:51,1,4
عزما,1,20:115,1,4
عزمت,1,3:159,1,4
عزموا,1,2:227,1,5
عزير,1,9:30,1,4
عزين,1,70:37,1,4
عسرا,1,18:73,1,4
عسرة,1,2:280,1,4
عسعس,1,81:17,1,4
عسق,1,42:2,1,3
عسل,1,47:15,1,3
عسير,1,74:9,1,4
عسيرا,1,25:26,1,5
عشاء,1,12:16,1,4
عشرون,1,8:65,1,5
عشية,1,79:46,1,4
عشيرتك,1,26:214,1,6
عشيرتهم,1,58:22,1,7
عصاني,1,14:36,1,5
عصاي,1,20:18,1,4
عصفا,1,77:2,1,4
عصوك,1,26:216,1,4
عصوني,1,71:21,1,5
عصيب,1,11:77,1,4
عصيته,1,11:63,1,5
عضدا,1,18:51,1,4
عضدك,1,28:35,1,4
عضوا,1,3:119,1,4
عضين,1,15:91,1,4
عطاؤنا,1,38:39,1,6
عطفه,1,22:9,1,4
عطلت,1,81:4,1,4
عظامه,1,75:3,1,5
عفريت,1,27:39,1,5
عفونا,1,2:52,1,5
عفي,1,2:178,1,3
عقبا,1,18:44,1,4
عقباها,1,91:15,1,6
عقبه,1,43:28,1,4
عقدت,1,4:33,1,4
عقدتم,1,5:89,1,5
عقلوه,1,2:75,1,5
عقيما,1,42:50,1,5
علا,1,28:4,1,3
علق,1,96:2,1,3
علماء,1,26:197,1,5
علمتك,1,5:110,1,5
علمتموهن,1,60:10,1,8
علمتنا,1,2:32,1,6
علمته,1,5:116,1,5
علمني,1,12:37,1,5
علمهم,1,27:66,1,5
علموا,1,2:102,1,5
علمي,1,26:112,1,4
عليكما,1,55:35,1,6
عليون,1,83:19,1,5
عليين,1,83:18,1,5
عم,1,78:1,1,2
عماتك,1,33:50,1,5
عماتكم,1,24:61,1,6
عمرا,1,10:16,1,4
عمرك,1,26:18,1,4
عمره,1,35:11,1,4
عمروها,1,30:9,1,6
عمك,1,33:50,1,3
عملتم,1,64:7,1,5
عملته,1,36:35,1,5
عملك,1,39:65,1,4
عملي,1,10:41,1,4
عموا,1,5:71,1,4
عمون,1,27:66,1,4
عمى,1,41:44,1,3
عميا,1,17:97,1,4
عميق,1,22:27,1,4
عمين,1,7:64,1,4
عنقك,1,17:29,1,4
عنقه,1,17:13,1,4
عنيدا,1,74:16,1,5
عهدنا,1,20:115,1,5
عهده,1,2:80,1,4
عهدي,1,2:124,1,4
عوان,1,2:68,1,4
عورة,1,33:13,1,4
عوقب,1,22:60,1,4
عوقبتم,1,16:126,1,6
عيدا,1,5:114,1,4
عيلة,1,9:28,1,4
عيناك,1,18:28,1,5
عيناه,1,12:84,1,5
عيني,1,20:39,1,4
عينين,1,90:8,1,5
عيونا,1,54:12,1,5
غائبة,1,27:75,1,5
غائبين,1,7:7,1,6
غاسق,1,113:3,1,4
غاشية,1,12:107,1,5
غافر,1,40:3,1,4
غافلا,1,14:42,1,5
غالبون,1,5:23,1,6
غاوين,1,37:32,1,5
غبرة,1,80:40,1,4
غداءنا,1,18:62,1,6
غدقا,1,72:16,1,4
غدوا,1,40:46,1,4
غدوت,1,3:121,1,4
غدوها,1,34:12,1,5
غر,1,8:49,1,2
غرابا,1,5:31,1,5
غراما,1,25:65,1,5
غربت,1,18:17,1,4
غربية,1,24:35,1,5
غرفا,1,29:58,1,4
غرفة,1,2:249,1,4
غرقا,1,79:1,1,4
غرك,1,82:6,1,3
غروبها,1,20:130,1,6
غرور,1,67:20,1,4
غزلها,1,16:92,1,5
غزى,1,3:156,1,3
غسق,1,17:78,1,3
غسلين,1,69:36,1,5
غشى,1,53:54,1,3
غصبا,1,18:79,1,4
غصة,1,73:13,1,3
غضبوا,1,42:37,1,5
غطاء,1,18:101,1,4
غطاءك,1,50:22,1,5
غفارا,1,71:10,1,5
غفر,1,36:27,1,3
غفرانك,1,2:285,1,6
غلا,1,59:10,1,3
غلاظ,1,66:6,1,4
غلبا,1,80:30,1,4
غلبهم,1,30:3,1,5
غلبوا,1,18:21,1,5
غلت,1,5:64,1,3
غلظة,1,9:123,1,4
غلمان,1,52:24,1,5
غم,1,22:22,1,2
غما,1,3:153,1,3
غمة,1,10:71,1,3
غمرات,1,6:93,1,5
غمرتهم,1,23:54,1,6
غنم,1,21:78,1,3
غنمي,1,20:18,1,4
غواش,1,7:41,1,4
غول,1,37:47,1,3
غوى,1,53:2,1,3
غوينا,1,28:63,1,5
غيا,1,19:59,1,3
غيبه,1,72:26,1,4
غيث,1,57:20,1,3
غيرها,1,4:56,1,5
غيظ,1,9:15,1,3
فآت,1,30:38,1,3
فآتاهم,1,3:148,1,6
فآتت,1,2:265,1,4
فآتهم,1,7:38,1,5
فآتوا,1,60:11,1,5
فآتوهم,1,4:33,1,6
فآتينا,1,57:27,1,6
فآخران,1,5:107,1,6
فآذوهما,1,4:16,1,7
فآزره,1,48:29,1,5
فآمنت,1,61:14,1,5
فآواكم,1,8:26,1,6
فآوى,1,93:6,1,4
فأبوا,1,18:77,1,5
فأبين,1,33:72,1,5
فأتبع,1,18:85,1,5
فأتبعنا,1,23:44,1,7
فأتبعوهم,1,26:60,1,8
فأتت,1,19:27,1,4
فأتمهن,1,2:124,1,6
فأتموا,1,9:4,1,6
فأتونا,1,14:10,1,6
فأتوهن,1,2:222,1,6
فأتى,1,16:26,1,4
فأتيا,1,26:16,1,5
فأتياه,1,20:47,1,6
فأثابكم,1,3:153,1,7
فأثابهم,1,5:85,1,7
فأثرن,1,100:4,1,5
فأجاءها,1,19:23,1,7
فأحكم,1,3:55,1,5
فأحياكم,1,2:28,1,7
فأحيينا,1,35:9,1,7
فأحييناه,1,6:122,1,8
فأخذتكم,1,2:55,1,7
فأخذه,1,79:25,1,5
فأخرجناهم,1,26:57,1,9
فأخرجهما,1,2:36,1,8
فأخلفتكم,1,14:22,1,8
فأخلفتم,1,20:86,1,7
فأدخلوا,1,71:25,1,7
فأدلى,1,12:19,1,5
فأذاقها,1,16:112,1,7
فأذاقهم,1,39:26,1,7
فأذنوا,1,2:279,1,6
فأرادوا,1,37:98,1,7
فأراه,1,79:20,1,5
فأردت,1,18:79,1,5
فأردنا,1,18:81,1,6
فأرسله,1,28:34,1,6
فأرسلوا,1,12:19,1,7
فأرسلون,1,12:45,1,7
فأروني,1,31:11,1,6
فأزلهما,1,2:36,1,7
فأسرها,1,12:77,1,6
فأسقط,1,26:187,1,5
فأسقيناكموه,1,15:22,1,11
فأسكناه,1,23:18,1,7
فأشارت,1,19:29,1,6
فأشهدوا,1,4:6,1,7
فأصابتكم,1,5:106,1,8
فأصابه,1,2:264,1,6
فأصابها,1,2:266,1,7
فأصبحت,1,68:20,1,6
فأصحاب,1,56:8,1,6
فأصدق,1,63:10,1,5
فأصلح,1,2:182,1,5
فأصمهم,1,47:23,1,6
فأضلونا,1,33:67,1,7
فأطاعوه,1,43:54,1,7
فأطلع,1,40:37,1,5
فأعذبهم,1,3:56,1,7
فأعقبهم,1,9:77,1,7
فأعينوني,1,18:95,1,8
فأغرقناه,1,17:103,1,8
فأغرينا,1,5:14,1,7
فأغشيناهم,1,36:9,1,9
فأغنى,1,93:8,1,5
فأغويناكم,1,37:32,1,9
فأفوز,1,4:73,1,5
فأقامه,1,18:77,1,6
فأقبره,1,80:21,1,6
فأقبلت,1,51:29,1,6
فأقبلوا,1,37:94,1,7
فأقمت,1,4:102,1,5
فأكثرت,1,11:32,1,6
فأكثروا,1,89:12,1,7
فأكرمه,1,89:15,1,6
فأكلا,1,20:121,1,5
فأكله,1,12:17,1,5
فأكون,1,39:58,1,5
فألف,1,3:103,1,4
فألقاها,1,20:20,1,7
فألقه,1,27:28,1,5
فألقياه,1,50:26,1,7
فألقيه,1,28:7,1,6
فألهمها,1,91:8,1,7
فأماته,1,2:259,1,6
فأمتعه,1,2:126,1,6
فأمطر,1,8:32,1,5
فأمكن,1,8:71,1,5
فأمه,1,101:9,1,4
فأنا,1,43:81,1,4
فأنتم,1,30:28,1,5
فأنجاه,1,29:24,1,6
فأنجيناكم,1,2:50,1,9
فأنجيناهم,1,21:9,1,9
فأنذر,1,74:2,1,5
فأنذرتكم,1,92:14,1,8
فأنساه,1,12:42,1,6
فأنشأنا,1,23:19,1,7
فأنشرنا,1,43:11,1,7
فأنفخ,1,3:49,1,5
فأنفقوا,1,65:6,1,7
فأنقذكم,1,3:103,1,7
فأهلكته,1,3:117,1,7
فأهلكنا,1,43:8,1,7
فأواري,1,5:31,1,6
فأوردهم,1,11:98,1,7
فأوعى,1,70:18,1,5
فأوف,1,12:88,1,4
فأوفوا,1,7:85,1,6
فأوقد,1,28:38,1,5
فأووا,1,18:16,1,5
فأيدنا,1,61:14,1,6
فأين,1,81:26,1,4
فأينما,1,2:115,1,6
فؤاد,1,28:10,1,4
فإطعام,1,58:4,1,6
فإلم,1,11:14,1,4
فإلهكم,1,22:34,1,6
فإليه,1,16:53,1,5
فإمساك,1,2:229,1,6
فئتكم,1,8:19,1,5
فاءت,1,49:9,1,4
فاءوا,1,2:226,1,5
فابتغوا,1,29:17,1,7
فاتباع,1,2:178,1,6
فاتبع,1,75:18,1,5
فاتبعني,1,19:43,1,7
فاتبعها,1,45:18,1,7
فاتخذ,1,18:61,1,5
فاتخذت,1,19:17,1,6
فاتخذتموهم,1,23:110,1,10
فاتخذه,1,73:9,1,6
فاتخذوه,1,35:6,1,7
فاتلوها,1,3:93,1,7
فاثبتوا,1,8:45,1,7
فاجتباه,1,68:50,1,7
فاجتنبوا,1,22:30,1,8
فاجتنبوه,1,5:90,1,8
فاجرا,1,71:27,1,5
فاجلدوا,1,24:2,1,7
فاجلدوهم,1,24:4,1,8
فاجنح,1,8:61,1,5
فاحترقت,1,2:266,1,7
فاحتمل,1,13:17,1,6
فاحذرهم,1,63:4,1,7
فاحذروا,1,5:41,1,7
فاحذروه,1,2:235,1,7
فاحذروهم,1,64:14,1,8
فاختلفوا,1,10:19,1,8
فاخشوهم,1,3:173,1,7
فاخلع,1,20:12,1,5
فادارأتم,1,2:72,1,8
فادخلوها,1,39:73,1,8
فادخلي,1,89:29,1,6
فادرءوا,1,3:168,1,7
فادعوهم,1,7:194,1,7
فادفعوا,1,4:6,1,7
فاذكروني,1,2:152,1,8
فاذهبا,1,26:15,1,6
فارتد,1,12:96,1,5
فارتدا,1,18:64,1,6
فارتقبهم,1,54:27,1,8
فارجع,1,67:3,1,5
فارجعنا,1,32:12,1,7
فارزقوهم,1,4:8,1,8
فارض,1,2:68,1,4
فارغا,1,28:10,1,5
فارغب,1,94:8,1,5
فارقوهن,1,65:2,1,7
فارهين,1,26:149,1,6
فاسأله,1,12:50,1,6
فاسألوهم,1,21:63,1,8
فاسألوهن,1,33:53,1,8
فاستأذنوك,1,9:83,1,9
فاستبشروا,1,9:111,1,9
فاستجبتم,1,14:22,1,8
فاستحبوا,1,41:17,1,8
فاستخف,1,43:54,1,6
فاستشهدوا,1,4:15,1,9
فاستعصم,1,12:32,1,7
فاستغاثه,1,28:15,1,8
فاستغفروه,1,11:61,1,9
فاستغلظ,1,48:29,1,7
فاستقم,1,11:112,1,6
فاستقيما,1,10:89,1,8
فاستكبرتم,1,45:31,1,9
فاستمتعتم,1,9:69,1,9
فاستمتعوا,1,9:69,1,9
فاستمسك,1,43:43,1,7
فاستمع,1,20:13,1,6
فاسجد,1,76:26,1,5
فاسجدوا,1,53:62,1,7
فاسعوا,1,62:9,1,6
فاسق,1,49:6,1,4
فاسقا,1,32:18,1,5
فاسلك,1,23:27,1,5
فاسلكوه,1,69:32,1,7
فاسلكي,1,16:69,1,6
فاسمعون,1,36:25,1,7
فاشهدوا,1,3:81,1,7
فاصدع,1,15:94,1,5
فاصطادوا,1,5:2,1,8
فاضربوا,1,8:12,1,7
فاطلع,1,37:55,1,5
فاطهروا,1,5:6,1,7
فاعبدني,1,20:14,1,7
فاعبدوا,1,39:15,1,7
فاعتبروا,1,59:2,1,8
فاعتدوا,1,2:194,1,7
فاعترفنا,1,40:11,1,8
فاعترفوا,1,67:11,1,8
فاعتزلوا,1,2:222,1,8
فاعتزلون,1,44:21,1,8
فاعتلوه,1,44:47,1,7
فاعدلوا,1,6:152,1,7
فاعفوا,1,2:109,1,6
فاعل,1,18:23,1,4
فاعلون,1,23:4,1,6
فاعمل,1,41:5,1,5
فاغسلوا,1,5:6,1,7
فافتح,1,26:118,1,5
فافرق,1,5:25,1,5
فافسحوا,1,58:11,1,7
فافعلوا,1,2:68,1,7
فاقتلوهم,1,2:191,1,8
فاقذفيه,1,20:39,1,7
فاقرة,1,75:25,1,5
فاقصص,1,7:176,1,5
فاقض,1,20:72,1,4
فاقطعوا,1,5:38,1,7
فاقع,1,2:69,1,4
فاقعدوا,1,9:83,1,7
فاكتبوه,1,2:282,1,7
فاكهون,1,36:55,1,6
فالآن,1,2:187,1,5
فالتاليات,1,37:3,1,9
فالتقطه,1,28:8,1,7
فالتقمه,1,37:142,1,7
فالتقى,1,54:12,1,6
فالتمسوا,1,57:13,1,8
فالجاريات,1,51:3,1,9
فالحاملات,1,51:2,1,9
فالحق,1,38:84,1,5
فالحكم,1,40:12,1,6
فالزاجرات,1,37:2,1,9
فالسابقات,1,79:4,1,9
فالصالحات,1,4:34,1,9
فالعاصفات,1,77:2,1,9
فالفارقات,1,77:4,1,9
فالمدبرات,1,79:5,1,9
فالمغيرات,1,100:3,1,9
فالمقسمات,1,51:4,1,9
فالملقيات,1,77:5,1,9
فالموريات,1,100:2,1,9
فامتحنوهن,1,60:10,1,9
فامشوا,1,67:15,1,6
فامنن,1,38:39,1,5
فان,1,55:26,1,3
فانبجست,1,7:160,1,7
فانبذ,1,8:58,1,5
فانتبذت,1,19:22,1,7
فانتصر,1,54:10,1,6
فانتهوا,1,59:7,1,7
فانتهى,1,2:275,1,6
فانسلخ,1,7:175,1,6
فانشزوا,1,58:11,1,7
فانصب,1,94:7,1,5
فانصرنا,1,2:286,1,7
فانطلقوا,1,68:23,1,8
فانظري,1,27:33,1,6
فانفجرت,1,2:60,1,7
فانفذوا,1,55:33,1,7
فانفروا,1,4:71,1,7
فانفلق,1,26:63,1,6
فانقلبوا,1,3:174,1,8
فانكحوا,1,4:3,1,7
فانكحوهن,1,4:25,1,8
فانهار,1,9:109,1,6
فاه,1,13:14,1,3
فاهبط,1,7:13,1,5
فاهجر,1,74:5,1,5
فاهدوهم,1,37:23,1,7
فباءوا,1,2:90,1,6
فبايعهن,1,60:12,1,7
فبدأ,1,12:76,1,4
فبدت,1,20:121,1,4
فبذلك,1,10:58,1,5
فبرأه,1,33:69,1,5
فبشر,1,39:17,1,4
فبشرناه,1,37:101,1,7
فبشرناها,1,11:71,1,8
فبصرت,1,28:11,1,5
فبصرك,1,50:22,1,5
فبظلم,1,4:160,1,5
فبعزتك,1,38:82,1,6
فبغى,1,28:76,1,4
فبم,1,15:54,1,3
فبهت,1,2:258,1,4
فبهداهم,1,6:90,1,7
فتأتون,1,78:18,1,6
فتأتيهم,1,6:35,1,7
فتأكل,1,12:41,1,5
فتاها,1,12:30,1,5
فتبسم,1,27:19,1,5
فتبهتهم,1,21:40,1,7
فتحسسوا,1,12:87,1,7
فتحوا,1,12:65,1,5
فتخبت,1,22:54,1,5
فتخرجوه,1,6:148,1,7
فتخشى,1,79:19,1,5
فتخطفه,1,22:31,1,6
فتدلى,1,53:8,1,5
فتذروها,1,4:129,1,7
فتذكر,1,2:282,1,5
فترة,1,5:19,1,4
فتردى,1,20:16,1,5
فترضى,1,93:5,1,5
فتركه,1,2:264,1,5
فتزل,1,16:94,1,4
فتستجيبون,1,17:52,1,9
فتشابه,1,13:16,1,6
فتشقى,1,20:117,1,5
فتصبحوا,1,49:6,1,7
فتصيبكم,1,48:25,1,7
فتطاول,1,28:45,1,6
فتطردهم,1,6:52,1,7
فتعاطى,1,54:29,1,6
فتعالين,1,33:28,1,7
فتعرفونها,1,27:93,1,9
فتعسا,1,47:8,1,5
فتفجر,1,17:91,1,5
فتفرق,1,6:153,1,5
فتفشلوا,1,8:46,1,7
فتقبلها,1,3:37,1,7
فتقطعوا,1,23:53,1,7
فتقول,1,20:40,1,5
فتكفرون,1,40:10,1,7
فتكن,1,31:16,1,4
فتكونون,1,4:89,1,7
فتكوى,1,9:35,1,5
فتم,1,7:142,1,3
فتماروا,1,54:36,1,7
فتمثل,1,19:17,1,5
فتمسكم,1,11:113,1,6
فتنادوا,1,68:21,1,7
فتنازعوا,1,20:62,1,8
فتناه,1,38:24,1,5
فتنتك,1,7:155,1,5
فتنتكم,1,51:14,1,6
فتنته,1,5:41,1,5
فتنتهم,1,6:23,1,6
فتنفخ,1,5:110,1,5
فتنفعه,1,80:4,1,6
فتهاجروا,1,4:97,1,8
فتهجد,1,17:79,1,5
فتوبوا,1,2:54,1,6
فتوكلوا,1,5:23,1,7
فتولوا,1,37:90,1,6
فتونا,1,20:40,1,5
فتى,1,21:60,1,3
فتيان,1,12:36,1,5
فتية,1,18:13,1,4
فثبتوا,1,8:12,1,6
فثبطهم,1,9:46,1,6
فثم,1,2:115,1,3
فج,1,22:27,1,2
فجاء,1,51:26,1,4
فجاءته,1,28:25,1,6
فجاءها,1,7:4,1,6
فجاسوا,1,17:5,1,6
فجرت,1,82:3,1,4
فجزاء,1,5:95,1,5
فجزاؤه,1,4:93,1,6
فجعلتم,1,10:59,1,6
فجعلنا,1,15:74,1,6
فجعلناهن,1,56:36,1,8
فجمعناهم,1,18:99,1,8
فجوة,1,18:17,1,4
فجورها,1,91:8,1,6
فحاسبناها,1,65:8,1,9
فحبطت,1,18:105,1,5
فحدث,1,93:11,1,4
فحسبه,1,2:206,1,5
فحشر,1,79:23,1,4
فحكمه,1,42:10,1,5
فحملته,1,19:22,1,6
فحيوا,1,4:86,1,5
فخانتاهما,1,66:10,1,9
فخذها,1,7:145,1,5
فخر,1,16:26,1,3
فخراج,1,23:72,1,5
فخسفنا,1,28:81,1,6
فخشينا,1,18:80,1,6
فخلق,1,75:38,1,4
فخلوا,1,9:5,1,5
فخورا,1,4:36,1,5
فداء,1,47:4,1,4
فدخلوا,1,12:58,1,6
فدكتا,1,69:14,1,5
فدلاهما,1,7:22,1,7
فدمدم,1,91:14,1,5
فدمرناها,1,17:16,1,8
فدمرناهم,1,25:36,1,8
فذاقت,1,65:9,1,5
فذاقوا,1,64:5,1,6
فذانك,1,28:32,1,5
فذبحوها,1,2:71,1,7
فذرني,1,68:44,1,5
فذروه,1,12:47,1,5
فذلكم,1,10:32,1,5
فذلكن,1,12:32,1,5
فذو,1,41:51,1,3
فذوقوه,1,8:14,1,6
فرأوه,1,30:51,1,5
فراتا,1,77:27,1,5
فرادى,1,6:94,1,5
فراشا,1,2:22,1,5
فراق,1,18:78,1,4
فربكم,1,17:84,1,5
فرت,1,74:51,1,3
فرث,1,16:66,1,3
فرجالا,1,2:239,1,6
فرجت,1,77:9,1,4
فرجع,1,20:86,1,4
فرجعناك,1,20:40,1,7
فرجعوا,1,21:64,1,6
فرجل,1,2:282,1,4
فرحين,1,3:170,1,5
فرددناه,1,28:13,1,7
فردوا,1,14:9,1,5
فردوه,1,4:59,1,5
فررتم,1,33:16,1,5
فرش,1,55:54,1,3
فرشناها,1,51:48,1,7
فرضنا,1,33:50,1,5
فرطا,1,18:28,1,4
فرطت,1,39:56,1,4
فرطتم,1,12:80,1,5
فرغت,1,94:7,1,4
فرق,1,26:63,1,3
فرقا,1,77:4,1,4
فرقانا,1,8:29,1,6
فرقة,1,9:122,1,4
فرقت,1,20:94,1,4
فرقنا,1,2:50,1,5
فرقناه,1,17:106,1,6
فرهان,1,2:283,1,5
فروج,1,50:6,1,4
فروجهن,1,24:31,1,6
فروح,1,56:89,1,4
فريا,1,19:27,1,4
فريقان,1,27:45,1,6
فزادوهم,1,72:6,1,7
فزده,1,38:61,1,4
فزعوا,1,34:51,1,5
فزيلنا,1,10:28,1,6
فزين,1,16:63,1,4
فزينوا,1,41:25,1,6
فسأكتبها,1,7:156,1,8
فساد,1,5:32,1,4
فسالت,1,13:17,1,5
فساهم,1,37:141,1,5
فستبصر,1,68:5,1,6
فستذكرون,1,40:44,1,8
فسترضع,1,65:6,1,6
فسحقا,1,67:11,1,5
فسخرنا,1,38:36,1,6
فسق,1,5:3,1,3
فسقا,1,6:145,1,4
فسقناه,1,35:9,1,6
فسقى,1,28:24,1,4
فسلام,1,56:91,1,5
فسلكه,1,39:21,1,5
فسلموا,1,24:61,1,6
فسواك,1,82:7,1,5
فسواهن,1,2:29,1,6
فسيأتيهم,1,26:6,1,8
فسيؤتيه,1,48:10,1,7
فسيحشرهم,1,4:172,1,8
فسيحوا,1,9:2,1,6
فسيدخلهم,1,4:175,1,8
فسيرى,1,9:105,1,5
فسيكفيكهم,1,2:137,1,9
فسينغضون,1,17:51,1,8
فسينفقونها,1,8:36,1,10
فشدوا,1,47:4,1,5
فشربوا,1,2:249,1,6
فشرد,1,8:57,1,4
فشلتم,1,3:152,1,5
فشهادة,1,24:6,1,6
فصالا,1,2:233,1,5
فصب,1,89:13,1,3
فصبروا,1,6:34,1,6
فصدقت,1,12:26,1,5
فصرف,1,12:34,1,4
فصرهن,1,2:260,1,5
فصعق,1,39:68,1,4
فصكت,1,51:29,1,4
فصلى,1,87:15,1,4
فضحكت,1,11:71,1,5
فضربنا,1,18:11,1,6
فضلكم,1,7:140,1,5
فطاف,1,68:19,1,4
فطال,1,57:16,1,4
فطبع,1,63:3,1,4
فطرت,1,30:30,1,4
فطركم,1,17:51,1,5
فطرنا,1,20:72,1,5
فطرهن,1,21:56,1,5
فطفق,1,38:33,1,4
فطل,1,2:265,1,3
فطلقوهن,1,65:1,1,7
فطمسنا,1,54:37,1,6
فطهر,1,74:4,1,4
فطور,1,67:3,1,4
فطوعت,1,5:30,1,5
فظا,1,3:159,1,3
فظلت,1,26:4,1,4
فظلتم,1,56:65,1,5
فظلوا,1,15:14,1,5
فظن,1,21:87,1,3
فظنوا,1,18:53,1,5
فعاقبتم,1,60:11,1,7
فعاقبوا,1,16:126,1,7
فعتوا,1,51:44,1,5
فعجب,1,13:5,1,4
فعجل,1,48:20,1,4
فعدتهن,1,65:4,1,6
فعدلك,1,82:7,1,5
فعرفهم,1,12:58,1,6
فعززنا,1,36:14,1,6
فعصوا,1,69:10,1,5
فعصى,1,73:16,1,4
فعظوهن,1,4:34,1,6
فعفونا,1,4:153,1,6
فعقر,1,54:29,1,4
فعقروا,1,7:77,1,6
فعلتك,1,26:19,1,5
فعلته,1,18:82,1,5
فعلتها,1,26:20,1,6
فعلموا,1,28:75,1,6
فعلنا,1,14:45,1,5
فعله,1,21:63,1,4
فعلى,1,10:71,1,4
فعلي,1,11:35,1,4
فعليكم,1,8:72,1,6
فعليهم,1,16:106,1,6
فعليهن,1,4:25,1,6
فعموا,1,5:71,1,5
فغشاها,1,53:54,1,6
فغشيهم,1,20:78,1,6
فغفر,1,28:16,1,4
فغفرنا,1,38:25,1,6
فغلبوا,1,7:119,1,6
فغلوه,1,69:30,1,5
فغوى,1,20:121,1,4
ففتحنا,1,54:11,1,6
ففتقناهما,1,21:30,1,9
ففدية,1,2:196,1,5
ففررت,1,26:21,1,5
ففروا,1,51:50,1,5
ففريقا,1,2:87,1,6
ففسق,1,18:50,1,4
ففسقوا,1,17:16,1,6
ففهمناها,1,21:79,1,8
فقاتل,1,4:84,1,5
فقاتلا,1,5:24,1,6
فقالت,1,28:12,1,5
فقبضت,1,20:96,1,5
فقتل,1,74:19,1,4
فقدر,1,89:16,1,4
فقدرنا,1,77:23,1,6
فقدموا,1,58:12,1,6
فقذفناها,1,20:87,1,8
فقرأه,1,26:199,1,5
فقراء,1,24:32,1,5
فقربه,1,51:27,1,5
فقست,1,57:16,1,4
فقضاهن,1,41:12,1,6
فقضى,1,28:15,1,4
فقلت,1,71:10,1,4
فقليلا,1,2:88,1,6
فقنا,1,3:191,1,4
فقولي,1,19:26,1,5
فك,1,90:13,1,2
فكأين,1,22:45,1,5
فكاتبوهم,1,24:33,1,8
فكبت,1,27:90,1,4
فكبر,1,74:3,1,4
فكبكبوا,1,26:94,1,7
فكثركم,1,7:86,1,6
فكذبنا,1,67:9,1,6
فكذلك,1,20:87,1,5
فكر,1,74:18,1,3
فكرهتموه,1,49:12,1,8
فكسونا,1,23:14,1,6
فكف,1,5:11,1,3
فكفارته,1,5:89,1,7
فكفرت,1,16:112,1,5
فكفى,1,10:29,1,4
فكلوه,1,4:4,1,5
فكلي,1,19:26,1,4
فكهين,1,83:31,1,5
فكيدون,1,77:39,1,6
فكيدوني,1,11:55,1,7
فلأقطعن,1,20:71,1,7
فلأنفسكم,1,2:272,1,8
فلأنفسهم,1,30:44,1,8
فلانا,1,25:28,1,5
فلبئس,1,16:29,1,5
فلبثت,1,20:40,1,5
فلتقم,1,4:102,1,5
فلذلك,1,42:15,1,5
فلسوف,1,26:49,1,5
فلعرفتهم,1,47:30,1,8
فلعنة,1,2:89,1,5
فلقاتلوكم,1,4:90,1,9
فلكل,1,4:12,1,4
فللذكر,1,4:176,1,6
فللوالدين,1,2:215,1,9
فلمسوه,1,6:7,1,6
فلنأتينك,1,20:58,1,8
فلنأتينهم,1,27:37,1,9
فلنحيينه,1,16:97,1,8
فلنذيقن,1,41:27,1,7
فلنسألن,1,7:6,1,7
فلنعم,1,37:75,1,5
فلنقصن,1,7:7,1,6
فلننبئن,1,41:50,1,7
فلنولينك,1,2:144,1,8
فلهما,1,4:176,1,5
فليأت,1,52:38,1,5
فليأتكم,1,18:19,1,7
فليأتنا,1,21:5,1,7
فليأكل,1,4:6,1,6
فليؤد,1,2:283,1,5
فليؤمن,1,18:29,1,6
فليبتكن,1,4:119,1,7
فليتقوا,1,4:9,1,7
فليتنافس,1,83:26,1,8
فليحذر,1,24:63,1,6
فليدع,1,96:17,1,5
فليذوقوه,1,38:57,1,8
فليرتقوا,1,38:10,1,8
فليستأذنوا,1,24:59,1,10
فليستعفف,1,4:6,1,8
فليصلوا,1,4:102,1,7
فليصمه,1,2:185,1,6
فليضحكوا,1,9:82,1,8
فليعبدوا,1,106:3,1,8
فليعلمن,1,29:3,1,7
فليغيرن,1,4:119,1,7
فليفرحوا,1,10:58,1,8
فليقاتل,1,4:74,1,7
فليكتب,1,2:282,1,6
فليكفر,1,18:29,1,6
فليكونوا,1,4:102,1,8
فليلقه,1,20:39,1,6
فليملل,1,2:282,1,6
فلينفق,1,65:7,1,6
فمأواهم,1,32:20,1,7
فمتعناهم,1,37:148,1,8
فمتعوهن,1,33:49,1,7
فمحونا,1,17:12,1,6
فمرت,1,7:189,1,4
فمستقر,1,6:98,1,6
فمكث,1,27:22,1,4
فملاقيه,1,84:6,1,7
فمنه,1,36:33,1,4
فمنها,1,36:72,1,5
فمهل,1,86:17,1,4
فناداها,1,19:24,1,7
فنادته,1,3:39,1,6
فناظرة,1,27:35,1,6
فنبذتها,1,20:96,1,7
فنبذناه,1,37:145,1,7
فنبذوه,1,3:187,1,6
فنتبرأ,1,2:167,1,6
فنجعل,1,3:61,1,5
فنجي,1,12:110,1,4
فنجيناك,1,20:40,1,7
فنخرج,1,32:27,1,5
فنذر,1,10:11,1,4
فنردها,1,4:47,1,6
فنزل,1,56:93,1,4
فنسوا,1,5:14,1,5
فنسيتها,1,20:126,1,7
فنسيهم,1,9:67,1,6
فنصف,1,2:237,1,4
فنظر,1,37:88,1,4
فنظرة,1,2:280,1,5
فنظل,1,26:71,1,4
فنعما,1,2:271,1,5
فنعمل,1,7:53,1,5
فنفعها,1,10:98,1,6
فنقبوا,1,50:36,1,6
فنكون,1,26:102,1,5
فننبئكم,1,10:23,1,7
فننبئهم,1,31:23,1,7
فهب,1,19:5,1,3
فهديناهم,1,41:17,1,8
فهذا,1,30:56,1,4
فهزموهم,1,2:251,1,7
فواحدة,1,4:3,1,6
فواق,1,38:15,1,4
فوت,1,34:51,1,3
فوجا,1,27:83,1,4
فوجد,1,28:15,1,4
فوجدناها,1,72:8,1,8
فورب,1,51:23,1,4
فورهم,1,3:125,1,5
فوسطن,1,100:5,1,5
فوفاه,1,24:39,1,5
فوقاه,1,40:45,1,5
فوقاهم,1,76:11,1,6
فوقع,1,7:118,1,4
فوقهن,1,42:5,1,5
فوكزه,1,28:15,1,5
فوهب,1,26:21,1,4
فيأتيهم,1,26:202,1,7
فيؤخذ,1,55:41,1,5
فيؤمنوا,1,22:54,1,7
فيئوس,1,41:49,1,5
فيبسطه,1,30:48,1,6
فيتعلمون,1,2:102,1,8
فيجعله,1,8:37,1,6
فيحفكم,1,47:37,1,6
فيحل,1,20:81,1,4
فيحلفون,1,58:18,1,7
فيحلوا,1,9:37,1,6
فيحيي,1,30:24,1,5
فيخرج,1,2:74,1,5
فيدخلهم,1,45:30,1,7
فيدمغه,1,21:18,1,6
فيدهنون,1,68:9,1,7
فيذرها,1,20:106,1,6
فيذهب,1,13:17,1,5
فيرسل,1,17:69,1,5
فيركمه,1,8:37,1,6
فيسبوا,1,6:108,1,6
فيستحيي,1,33:53,1,7
فيسحتكم,1,20:61,1,7
فيسخرون,1,9:79,1,7
فيسقي,1,12:41,1,5
فيشفعوا,1,7:53,1,7
فيصبحوا,1,5:52,1,7
فيصلب,1,12:41,1,5
فيضل,1,14:4,1,4
فيضلك,1,38:26,1,5
فيطمع,1,33:32,1,5
فيظللن,1,42:33,1,6
فيعتذرون,1,77:36,1,8
فيعذبهم,1,4:173,1,7
فيعلمون,1,2:26,1,7
فيغرقكم,1,17:69,1,7
فيغفر,1,2:284,1,5
فيقتل,1,4:74,1,5
فيقتلون,1,9:111,1,7
فيقولون,1,2:26,1,7
فيكشف,1,6:41,1,5
فيكيدوا,1,12:5,1,7
فيمت,1,2:217,1,4
فيمسك,1,39:42,1,5
فيمكث,1,13:17,1,5
فيموتوا,1,35:36,1,7
فيميلون,1,4:102,1,7
فينتقم,1,5:95,1,6
فينسخ,1,22:52,1,5
فينظر,1,7:129,1,5
فينقلبوا,1,3:127,1,8
فيوحي,1,42:51,1,5
ق,1,50:1,1,1
قائلها,1,23:100,1,6
قائلون,1,7:4,1,6
قائمون,1,70:33,1,6
قاب,1,53:9,1,3
قاتل,1,3:146,1,4
قاتلكم,1,48:22,1,6
قاتلوهم,1,9:14,1,7
قادرون,1,10:24,1,6
قارعة,1,13:31,1,5
قاسية,1,5:13,1,5
قاصدا,1,9:42,1,5
قاصفا,1,17:69,1,5
قاض,1,20:72,1,3
قاطعة,1,27:32,1,5
قاعا,1,20:106,1,4
قاعدا,1,10:12,1,5
قاعدون,1,5:24,1,6
قالها,1,39:50,1,5
قام,1,72:19,1,3
قانت,1,39:9,1,4
قانتا,1,16:120,1,5
قانتين,1,2:238,1,6
قاهرون,1,7:127,1,6
قبره,1,9:84,1,4
قبس,1,27:7,1,3
قبضا,1,25:46,1,4
قبضة,1,20:96,1,4
قبضته,1,39:67,1,5
قبضناه,1,25:46,1,6
قبلتك,1,2:145,1,5
قبيلا,1,17:92,1,5
قتالا,1,3:167,1,5
قتر,1,10:26,1,3
قترة,1,80:41,1,4
قتلتموهم,1,3:183,1,8
قتله,1,5:95,1,4
قتورا,1,17:100,1,5
قدحا,1,100:2,1,4
قددا,1,72:11,1,4
قدرناه,1,36:39,1,6
قدرناها,1,27:57,1,7
قدروها,1,76:16,1,6
قدمتم,1,12:48,1,5
قدمتموه,1,38:60,1,7
قدموا,1,36:12,1,5
قديم,1,46:11,1,4
قرآنه,1,75:18,1,5
قرأناه,1,75:18,1,6
قراطيس,1,6:91,1,6
قربا,1,5:27,1,4
قربات,1,9:99,1,5
قربة,1,9:99,1,4
قرت,1,28:9,1,3
قرطاس,1,6:7,1,5
قرناء,1,41:25,1,5
قروء,1,2:228,1,4
قريتك,1,47:13,1,5
قريتنا,1,7:88,1,6
قريش,1,106:1,1,4
قسم,1,89:5,1,3
قسمنا,1,43:32,1,5
قسوة,1,2:74,1,4
قسورة,1,74:51,1,5
قسيسين,1,5:82,1,6
قصد,1,16:9,1,3
قصصا,1,18:64,1,4
قصصناهم,1,4:164,1,7
قصصهم,1,12:111,1,5
قصمنا,1,21:11,1,5
قصيا,1,19:22,1,4
قصيه,1,28:11,1,4
قضاها,1,12:68,1,5
قضوا,1,33:37,1,4
قطرا,1,18:96,1,4
قطران,1,14:50,1,5
قطع,1,13:4,1,3
قطعا,1,10:27,1,4
قطعتم,1,59:5,1,5
قطعن,1,12:50,1,4
قطمير,1,35:13,1,5
قطنا,1,38:16,1,4
قعود,1,85:6,1,4
قعيد,1,50:17,1,4
قفينا,1,57:27,1,5
قلبها,1,28:10,1,5
قلبي,1,2:260,1,4
قلبين,1,33:4,1,5
قلته,1,5:116,1,4
قلن,1,12:51,1,3
قلوبكما,1,66:4,1,7
قلى,1,93:3,1,3
قليلة,1,2:249,1,5
قليلون,1,26:54,1,6
قمتم,1,5:6,1,4
قمطريرا,1,76:10,1,7
قنطارا,1,4:20,1,6
قنطوا,1,42:28,1,5
قنوان,1,6:99,1,5
قنوط,1,41:49,1,4
قوا,1,66:6,1,3
قواريرا,1,76:15,1,7
قواما,1,25:67,1,5
قوامون,1,4:34,1,6
قوتكم,1,11:52,1,5
قوتلتم,1,59:11,1,6
قوتلوا,1,59:12,1,6
قوسين,1,53:9,1,5
قولك,1,11:53,1,4
قولنا,1,16:40,1,5
قولها,1,27:19,1,5
قومها,1,19:27,1,5
قويا,1,33:25,1,4
قيمة,1,98:3,1,4
كأحد,1,33:32,1,4
كأس,1,76:5,1,3
كألف,1,22:47,1,4
كأمثال,1,56:23,1,6
كأنك,1,7:187,1,4
كاتبا,1,2:283,1,5
كاتبون,1,21:94,1,6
كاتبين,1,82:11,1,6
كادت,1,28:10,1,4
كادح,1,84:6,1,4
كاذبون,1,26:223,1,6
كارهين,1,7:88,1,6
كاشفات,1,39:38,1,6
كاشفة,1,53:58,1,5
كاشفو,1,44:15,1,5
كاظمين,1,40:18,1,6
كافرة,1,3:13,1,5
كافورا,1,76:5,1,6
كالأعمى,1,11:24,1,7
كالأنثى,1,3:36,1,7
كالتي,1,16:92,1,5
كالجبال,1,11:42,1,7
كالجواب,1,34:13,1,7
كالحجارة,1,2:74,1,8
كالحون,1,23:104,1,6
كالدهان,1,55:37,1,7
كالرميم,1,51:42,1,7
كالصريم,1,68:20,1,7
كالطود,1,26:63,1,6
كالظلل,1,31:32,1,6
كالعرجون,1,36:39,1,8
كالفجار,1,38:28,1,7
كالفخار,1,55:14,1,7
كالفراش,1,101:4,1,7
كالقصر,1,77:32,1,6
كالمجرمين,1,68:35,1,9
كالمعلقة,1,4:129,1,8
كالمفسدين,1,38:28,1,9
كالوهم,1,83:3,1,6
كاملين,1,2:233,1,6
كاهن,1,69:42,1,4
كبارا,1,71:22,1,5
كباسط,1,13:14,1,5
كبت,1,58:5,1,3
كبتوا,1,58:5,1,5
كبد,1,90:4,1,3
كبرت,1,18:5,1,4
كبره,1,24:11,1,4
كتابك,1,17:14,1,5
كتابنا,1,45:29,1,6
كتابها,1,45:28,1,6
كتابهم,1,17:71,1,6
كتبناها,1,57:27,1,7
كتم,1,2:140,1,3
كثر,1,4:7,1,3
كثرة,1,5:100,1,4
كثرت,1,8:19,1,4
كثرتكم,1,9:25,1,6
كثيبا,1,73:14,1,5
كجهر,1,49:2,1,4
كحب,1,2:165,1,3
كخشية,1,4:77,1,5
كخلقه,1,13:16,1,5
كخيفتكم,1,30:28,1,7
كدحا,1,84:6,1,4
كدعاء,1,24:63,1,5
كدنا,1,12:76,1,4
كذبه,1,40:28,1,4
كذبوكم,1,25:19,1,6
كذبوه,1,23:44,1,5
كذكركم,1,2:200,1,6
كذلكم,1,48:15,1,5
كرام,1,80:16,1,4
كرب,1,6:64,1,3
كرتين,1,67:4,1,5
كرماد,1,14:18,1,5
كرمت,1,17:62,1,4
كرمنا,1,17:70,1,5
كرهتموهن,1,4:19,1,8
كزرع,1,48:29,1,4
كسادها,1,9:24,1,6
كسبا,1,5:38,1,4
كسراب,1,24:39,1,5
كسوتهم,1,5:89,1,6
كشطت,1,81:11,1,4
كشفت,1,7:134,1,4
كصاحب,1,68:48,1,5
كصيب,1,2:19,1,4
كطي,1,21:104,1,3
كظلمات,1,24:40,1,6
كعذاب,1,29:10,1,5
كعرض,1,57:21,1,4
كعصف,1,105:5,1,4
كغلي,1,44:46,1,4
كف,1,48:24,1,2
كفاتا,1,77:25,1,5
كفران,1,21:94,1,5
كفرت,1,14:22,1,4
كففت,1,5:110,1,4
كفل,1,4:85,1,3
كفلين,1,57:28,1,5
كفيلا,1,16:91,1,5
كفيناك,1,15:95,1,6
كلالة,1,4:12,1,5
كلاهما,1,17:23,1,6
كلتا,1,18:33,1,4
كلتم,1,17:35,1,4
كلمتنا,1,37:171,1,6
كلمه,1,12:54,1,4
كلهن,1,33:51,1,4
كلي,1,16:69,1,3
كمثله,1,42:11,1,5
كمشكاة,1,24:35,1,6
كنزتم,1,9:35,1,5
كنزهما,1,18:82,1,6
كنفس,1,31:28,1,4
كهشيم,1,54:31,1,5
كهيعص,1,19:1,1,5
كورت,1,81:1,1,4
كوكب,1,24:35,1,4
كوني,1,21:69,1,4
كيدكم,1,20:64,1,5
كيدون,1,7:195,1,5
لآتوها,1,33:14,1,6
لآتينا,1,32:13,1,6
لآتيناهم,1,4:67,1,8
لآتينهم,1,7:17,1,7
لآمن,1,10:99,1,4
لآياتنا,1,74:16,1,7
لأبي,1,26:86,1,4
لأتخذن,1,4:118,1,6
لأجد,1,12:94,1,4
لأجدن,1,18:36,1,5
لأجعلنك,1,26:29,1,7
لأحتنكن,1,17:62,1,7
لأحدهما,1,18:32,1,7
لأخته,1,28:11,1,5
لأخذنا,1,69:45,1,6
لأخراهم,1,7:39,1,7
لأخيه,1,7:142,1,5
لأذبحنه,1,27:21,1,7
لأذقناك,1,17:75,1,7
لأرجمنك,1,19:46,1,7
لأريناكهم,1,47:30,1,9
لأزواجهم,1,2:240,1,8
لأزيدنكم,1,14:7,1,8
لأزينن,1,15:39,1,6
لأستغفرن,1,60:4,1,8
لأسجد,1,15:33,1,5
لأسقيناهم,1,72:16,1,9
لأسمعهم,1,8:23,1,7
لأصلبنكم,1,7:124,1,8
لأعدل,1,42:15,1,5
لأعدوا,1,9:46,1,6
لأعذبنه,1,27:21,1,7
لأعنتكم,1,2:220,1,7
لأغلبن,1,58:21,1,6
لأغوينهم,1,38:82,1,8
لأقتلك,1,5:28,1,6
لأقتلنك,1,5:27,1,7
لأقرب,1,18:24,1,5
لأقعدن,1,7:16,1,6
لأكثرهم,1,7:102,1,7
لأكفر,1,40:42,1,5
لأكلوا,1,5:66,1,6
لأكونن,1,6:77,1,6
لأكيدن,1,21:57,1,6
لأمارة,1,12:53,1,6
لأمر,1,9:106,1,4
لأمسكتم,1,17:100,1,7
لأن,1,39:12,1,3
لأنتم,1,59:13,1,5
لأنذركم,1,6:19,1,7
لأنعمه,1,16:121,1,6
لأهب,1,19:19,1,4
لأهل,1,9:120,1,4
لأواه,1,9:114,1,5
لأوتين,1,19:77,1,6
لأول,1,59:2,1,4
لأولاهم,1,7:38,1,7
لأولنا,1,5:114,1,6
لأي,1,77:12,1,3
لأيمانكم,1,2:224,1,8
لؤلؤ,1,52:24,1,4
لؤلؤا,1,76:19,1,5
لإثم,1,5:3,1,4
لإحدى,1,74:35,1,5
لإيلاف,1,106:1,1,6
لائم,1,5:54,1,4
لابتغوا,1,17:42,1,7
لابثين,1,78:23,1,6
لابنه,1,31:13,1,5
لاتبعتم,1,4:83,1,7
لاتبعناكم,1,3:167,1,9
لاتبعوك,1,9:42,1,7
لاتخذت,1,18:77,1,6
لاتخذناه,1,21:17,1,8
لاتخذوك,1,17:73,1,7
لاختلفتم,1,8:42,1,8
لارتاب,1,29:48,1,6
لازب,1,37:11,1,4
لاستكثرت,1,7:188,1,8
لاصطفى,1,39:4,1,6
لاغية,1,88:11,1,5
لافتدت,1,10:54,1,6
لاقيه,1,28:61,1,5
لامرأته,1,12:21,1,7
لانتصر,1,47:4,1,6
لانفضوا,1,3:159,1,7
لاهية,1,21:3,1,5
لبإمام,1,15:79,1,6
لباسهما,1,7:27,1,7
لبالمرصاد,1,89:14,1,9
لبث,1,11:69,1,3
لبرز,1,3:154,1,4
لبس,1,50:15,1,3
لبسبيل,1,15:76,1,6
لبشرين,1,23:47,1,6
لبعثنا,1,25:51,1,6
لبعولتهن,1,24:31,1,8
لبغوا,1,42:27,1,5
لبلاغا,1,21:106,1,6
لبلد,1,7:57,1,4
لبن,1,47:15,1,3
لبنا,1,16:66,1,4
لبنيه,1,2:133,1,5
لبوس,1,21:80,1,4
لبيت,1,29:41,1,4
لبيوتهم,1,43:33,1,7
لتأتنني,1,12:66,1,7
لتأتينكم,1,34:3,1,8
لتأخذوها,1,48:15,1,8
لتأفكنا,1,46:22,1,7
لتؤمنن,1,3:81,1,6
لتاركو,1,37:36,1,6
لتبدي,1,28:10,1,5
لتبشر,1,19:97,1,5
لتبعثن,1,64:7,1,6
لتبلون,1,3:186,1,6
لتبيننه,1,3:187,1,7
لتتلو,1,13:30,1,5
لتجدن,1,5:82,1,5
لتجزى,1,20:15,1,5
لتحسبوه,1,3:78,1,7
لتحصنكم,1,21:80,1,7
لتحكم,1,4:105,1,5
لتحملهم,1,9:92,1,7
لتخرج,1,14:1,1,5
لتخرجنا,1,20:57,1,7
لتخرجوا,1,7:123,1,7
لتدخلن,1,48:27,1,6
لتدعوهم,1,23:73,1,7
لتذكرة,1,69:48,1,6
لتذهبوا,1,4:19,1,7
لتردين,1,37:56,1,6
لترضوا,1,9:96,1,6
لترضى,1,20:84,1,5
لتركبن,1,84:19,1,6
لتركبوا,1,40:79,1,7
لتركبوها,1,16:8,1,8
لترون,1,102:6,1,5
لترونها,1,102:7,1,7
لتزول,1,14:46,1,5
لتستووا,1,43:13,1,7
لتسحرنا,1,7:132,1,7
لتسلكوا,1,71:20,1,7
لتشرك,1,29:8,1,5
لتشقى,1,20:2,1,5
لتشهدون,1,6:19,1,7
لتضيقوا,1,65:6,1,7
لتعارفوا,1,49:13,1,8
لتعتدوا,1,2:231,1,7
لتعجل,1,75:16,1,5
لتعرضوا,1,9:95,1,7
لتعلم,1,11:79,1,5
لتغرق,1,18:71,1,5
لتغفر,1,71:7,1,5
لتفتروا,1,16:116,1,7
لتفتري,1,17:73,1,6
لتفسدن,1,17:4,1,6
لتقتلني,1,5:28,1,7
لتقرأه,1,17:106,1,6
لتقولون,1,17:40,1,7
لتكبروا,1,22:37,1,7
لتكفرون,1,41:9,1,7
لتلفتنا,1,10:78,1,7
لتلقى,1,27:6,1,5
لتمرون,1,37:137,1,6
لتنبؤن,1,64:7,1,6
لتنبئنهم,1,12:15,1,8
لتنزيل,1,26:192,1,6
لتنفقوا,1,47:38,1,7
لتنوء,1,28:76,1,5
لتهتدوا,1,6:97,1,7
لتهدي,1,42:52,1,5
لتولوا,1,8:23,1,6
لثمود,1,11:68,1,5
لجاءهم,1,29:53,1,6
لجاعلون,1,18:8,1,7
لجالوت,1,2:250,1,6
لجبريل,1,2:97,1,6
لجة,1,27:44,1,3
لجعل,1,11:118,1,4
لجعله,1,25:45,1,5
لجعلهم,1,42:8,1,6
لجلودهم,1,41:21,1,7
لجمعهم,1,6:35,1,6
لجميع,1,26:56,1,5
لجنبه,1,10:12,1,5
لجوا,1,67:21,1,4
لجي,1,24:40,1,3
لحافظين,1,82:10,1,7
لحب,1,100:8,1,3
لحبط,1,6:88,1,4
لحدود,1,9:112,1,5
لحديث,1,33:53,1,5
لحسرة,1,69:50,1,5
لحسن,1,38:49,1,4
لحكمه,1,13:41,1,5
لحكمهم,1,21:78,1,6
لحليم,1,11:75,1,5
لحن,1,47:30,1,3
لحومها,1,22:37,1,6
لحياتي,1,89:24,1,6
لخاطئين,1,12:91,1,7
لخرجنا,1,9:42,1,6
لخزنة,1,40:49,1,5
لخسف,1,28:82,1,4
لدا,1,19:97,1,3
لداوود,1,38:30,1,6
لدلوك,1,17:78,1,5
لدني,1,18:76,1,4
لذائقو,1,37:38,1,6
لذائقون,1,37:31,1,7
لذكري,1,20:14,1,5
لذكورنا,1,6:139,1,7
لذنوبهم,1,3:135,1,7
لذي,1,89:5,1,3
لرأيته,1,59:21,1,6
لرادك,1,28:85,1,5
لربكم,1,42:47,1,5
لرجمناك,1,11:91,1,7
لرحمة,1,29:51,1,5
لرزقنا,1,38:54,1,6
لرسلهم,1,14:13,1,6
لرسوله,1,63:1,1,6
لرفعناه,1,7:176,1,7
لرقيك,1,17:93,1,5
لساحران,1,20:63,1,7
لسارقون,1,12:70,1,7
لسانك,1,75:16,1,5
لسبإ,1,34:15,1,4
لستن,1,33:32,1,4
لسحر,1,10:76,1,4
لسريع,1,7:167,1,5
لسعيه,1,21:94,1,5
لسعيها,1,88:9,1,6
لسلطهم,1,4:90,1,6
لسليمان,1,27:17,1,7
لسنتنا,1,17:77,1,6
لسوف,1,19:66,1,4
لشاعر,1,37:36,1,5
لشتى,1,92:4,1,4
لشر,1,38:55,1,3
لشرذمة,1,26:54,1,6
لشركائنا,1,6:136,1,8
لشركائهم,1,6:136,1,8
لشهادتنا,1,5:107,1,8
لشهيد,1,100:7,1,5
لشوبا,1,37:67,1,5
لصادق,1,51:5,1,5
لصالو,1,83:16,1,5
لصوت,1,31:19,1,4
لطمسنا,1,36:66,1,6
لطيفا,1,33:34,1,5
لظالمون,1,12:79,1,7
لظالمين,1,15:78,1,7
لظلم,1,31:13,1,4
لظلوا,1,30:51,1,5
لظلوم,1,14:34,1,5
لظى,1,70:15,1,3
لعاد,1,11:60,1,4
لعادوا,1,6:28,1,6
لعال,1,10:83,1,4
لعبا,1,6:70,1,4
لعبادته,1,19:65,1,7
لعبادنا,1,37:171,1,7
لعجل,1,18:58,1,4
لعدتهن,1,65:1,1,6
لعذبنا,1,48:25,1,6
لعذبهم,1,59:3,1,6
لعلم,1,43:61,1,4
لعلمه,1,4:83,1,5
لعلنا,1,26:40,1,5
لعليم,1,22:59,1,5
لعمرك,1,15:72,1,5
لعملكم,1,26:168,1,6
لعناهم,1,5:13,1,6
لعنتم,1,49:7,1,5
لعنتي,1,38:78,1,5
لعنوا,1,24:23,1,5
لغائظون,1,26:55,1,7
لغافلون,1,10:92,1,7
لغد,1,59:18,1,3
لغفار,1,20:82,1,5
لغلامين,1,18:82,1,7
لغو,1,52:23,1,3
لغوي,1,28:18,1,4
لفاسقون,1,5:49,1,7
لفاسقين,1,7:102,1,7
لفاعلون,1,12:61,1,7
لفتحنا,1,7:96,1,6
لفتيانه,1,12:62,1,7
لفرح,1,11:10,1,4
لفريقا,1,3:78,1,6
لفسدتا,1,21:22,1,6
لفسق,1,6:121,1,4
لفشلتم,1,8:43,1,6
لفضله,1,10:107,1,5
لفيفا,1,17:104,1,5
لقائه,1,32:23,1,5
لقادر,1,86:8,1,5
لقال,1,6:7,1,4
لقتال,1,8:16,1,5
لقدير,1,22:39,1,5
لقرآن,1,56:77,1,5
لقسم,1,56:76,1,4
لقطعنا,1,69:46,1,6
لقلنا,1,8:31,1,5
لقلوبكم,1,33:53,1,7
لقوكم,1,3:119,1,5
لقولهم,1,63:4,1,6
لقومكما,1,10:87,1,7
لقومهم,1,60:4,1,6
لقيا,1,18:74,1,4
لقينا,1,18:62,1,5
لكارهون,1,8:5,1,7
لكافرون,1,30:8,1,7
لكتاب,1,41:41,1,5
لكثير,1,6:137,1,5
لكفرنا,1,5:65,1,6
لكنتم,1,2:64,1,5
لكنود,1,100:6,1,5
للآخرة,1,92:13,1,6
للآخرين,1,43:56,1,7
للآكلين,1,23:20,1,7
للأبرار,1,3:198,1,7
للأنام,1,55:10,1,6
للأوابين,1,17:25,1,8
للبث,1,37:144,1,4
للتي,1,17:9,1,4
للجبل,1,7:143,1,5
للجبين,1,37:103,1,6
للجوا,1,23:75,1,5
للحرب,1,5:64,1,5
للحسنى,1,41:50,1,6
للحواريين,1,61:14,1,9
للحي,1,20:111,1,4
للخائنين,1,4:105,1,8
للخبيثات,1,24:26,1,8
للخبيثين,1,24:26,1,8
للخروج,1,9:83,1,6
للذاكرين,1,11:114,1,8
للرؤيا,1,12:43,1,6
للرسل,1,41:43,1,5
للزكاة,1,23:4,1,6
للساعة,1,43:61,1,6
للسحت,1,5:42,1,5
للسلم,1,8:61,1,5
للسمع,1,72:9,1,5
للشهادة,1,2:282,1,7
للشوى,1,70:16,1,5
للشياطين,1,67:5,1,8
للشيطان,1,19:45,1,7
للصابرين,1,16:126,1,8
للصلاة,1,62:9,1,6
للطيبات,1,24:26,1,7
للطيبين,1,24:26,1,7
للعابدين,1,21:84,1,8
للعسرى,1,92:10,1,6
للغاوين,1,26:91,1,7
للقاسية,1,39:22,1,7
للقتال,1,3:121,1,6
للقمر,1,41:37,1,5
للكتب,1,21:104,1,5
للكفر,1,3:167,1,5
للمؤمنات,1,24:31,1,8
للمتكبرين,1,39:60,1,9
للمتوسمين,1,15:75,1,9
للمحسنات,1,33:29,1,8
للمخلفين,1,48:16,1,8
للمصلين,1,107:4,1,7
للمطففين,1,83:1,1,8
للمقوين,1,56:73,1,7
للملإ,1,26:34,1,5
للموقنين,1,51:20,1,8
للهدى,1,92:12,1,5
للوالدين,1,2:180,1,8
لليتامى,1,4:127,1,7
لمبتلين,1,23:30,1,7
لمبلسين,1,30:49,1,7
لمتنني,1,12:32,1,6
لمثل,1,37:61,1,4
لمثله,1,24:17,1,5
لمثوبة,1,2:103,1,6
لمجموعون,1,56:50,1,8
لمحجوبون,1,83:15,1,8
لمخرجون,1,27:67,1,7
لمدركون,1,26:61,1,7
لمدين,1,11:95,1,5
لمدينون,1,37:53,1,7
لمردودون,1,79:10,1,8
لمرسلون,1,36:16,1,7
لمزة,1,104:1,1,4
لمساكين,1,18:79,1,7
لمستقر,1,36:38,1,6
لمسجد,1,9:108,1,5
لمسخناهم,1,36:67,1,8
لمسرفون,1,5:32,1,7
لمسنا,1,72:8,1,5
لمشركون,1,6:121,1,7
لمع,1,29:69,1,3
لمعزولون,1,26:212,1,8
لمعكم,1,5:53,1,5
لمغرمون,1,56:66,1,7
لمغفرة,1,3:157,1,6
لمفعولا,1,17:108,1,7
لمقت,1,40:10,1,4
لمكر,1,7:123,1,4
لمنجوهم,1,15:59,1,7
لمنقلبون,1,43:14,1,8
لمنكم,1,9:56,1,5
لمهلكهم,1,18:59,1,7
لموسعون,1,51:47,1,7
لموسى,1,10:83,1,5
لموعدهم,1,15:43,1,7
لموفوهم,1,11:109,1,7
لميتون,1,23:15,1,6
لميقات,1,26:38,1,6
لنؤمنن,1,7:134,1,6
لناصحون,1,12:11,1,7
لناكبون,1,23:74,1,7
لنبذ,1,68:49,1,4
لنبلوهم,1,18:7,1,7
لنبيتنه,1,27:49,1,7
لنبين,1,22:5,1,5
لنت,1,3:159,1,3
لنتخذن,1,18:21,1,6
لنثبت,1,25:32,1,5
لنجعلها,1,69:12,1,7
لنحرقنه,1,20:97,1,7
لنحشرنهم,1,19:68,1,8
لنحضرنهم,1,19:68,1,8
لنحيي,1,25:49,1,5
لنخرج,1,78:15,1,5
لنخرجن,1,59:11,1,6
لنخرجنك,1,7:88,1,7
لنخرجنكم,1,14:13,1,8
لندخلنهم,1,29:9,1,8
لنذهبن,1,17:86,1,6
لنذيقهم,1,41:16,1,7
لنراها,1,12:30,1,6
لنرجمنكم,1,36:18,1,8
لنرسل,1,51:33,1,5
لنريك,1,20:23,1,5
لنريه,1,17:1,1,5
لنزلنا,1,17:95,1,6
لنسألنهم,1,15:92,1,8
لنسفعا,1,96:15,1,6
لنسلم,1,6:71,1,5
لنصدقن,1,9:75,1,6
لنصرف,1,12:24,1,5
لنظنك,1,7:66,1,5
لنعبد,1,7:70,1,5
لنغرينك,1,33:60,1,7
لنفد,1,18:109,1,4
لنفسد,1,12:73,1,5
لنقولن,1,27:49,1,6
لنكفرن,1,29:7,1,6
لننجينه,1,29:32,1,7
لننزعن,1,19:69,1,6
لننسفنه,1,20:97,1,7
لننصر,1,40:51,1,5
لننصرنكم,1,59:11,1,8
لننظر,1,10:14,1,5
لنهتدي,1,7:43,1,6
لنهدينهم,1,29:69,1,8
لنهلكن,1,14:13,1,6
لنوره,1,24:35,1,5
لهاد,1,22:54,1,4
لهدمت,1,22:40,1,5
لهديناكم,1,14:21,1,8
لهمت,1,4:113,1,4
لهي,1,29:64,1,3
لواحة,1,74:29,1,5
لواحد,1,37:4,1,5
لواذا,1,24:63,1,5
لواقح,1,15:22,1,5
لوالديه,1,46:17,1,7
لوجه,1,76:9,1,4
لوح,1,85:22,1,3
لوقتها,1,7:187,1,6
لوقعتها,1,56:2,1,7
لوليت,1,18:18,1,5
لومة,1,5:54,1,4
لووا,1,63:5,1,4
ليأتيني,1,27:21,1,7
ليأخذ,1,12:76,1,5
ليأخذوه,1,40:5,1,7
ليأكلوا,1,36:35,1,7
ليؤذن,1,9:90,1,5
ليئوس,1,11:9,1,5
ليا,1,4:46,1,3
ليالي,1,34:18,1,5
ليبتليكم,1,3:152,1,8
ليبدي,1,7:20,1,5
ليبطئن,1,4:72,1,6
ليبعثن,1,7:167,1,6
ليبغي,1,38:24,1,5
ليبلغ,1,13:14,1,5
ليبلو,1,47:4,1,5
ليبلونكم,1,5:94,1,8
ليبلوني,1,27:40,1,7
ليتخذ,1,43:32,1,5
ليتساءلوا,1,18:19,1,9
ليتفقهوا,1,9:122,1,8
ليتها,1,69:27,1,5
ليتوبوا,1,9:118,1,7
ليثبت,1,16:102,1,5
ليثبتوك,1,8:30,1,7
ليجادلوكم,1,6:121,1,9
ليجزيك,1,28:25,1,6
ليحاجوكم,1,2:76,1,8
ليحبطن,1,39:65,1,6
ليحزن,1,58:10,1,5
ليحزنك,1,6:33,1,6
ليحزنني,1,12:13,1,7
ليحق,1,8:8,1,4
ليحملوا,1,16:25,1,7
ليخرج,1,65:11,1,5
ليخرجوك,1,17:76,1,7
ليدبروا,1,38:29,1,7
ليدخلنهم,1,22:59,1,8
ليذر,1,3:179,1,4
ليذهب,1,33:33,1,5
ليذوق,1,5:95,1,5
ليذوقوا,1,4:56,1,7
ليذيقهم,1,30:41,1,7
ليربو,1,30:39,1,5
ليردوهم,1,6:137,1,7
ليرزقنهم,1,22:58,1,8
ليرضوكم,1,9:62,1,7
ليروا,1,99:6,1,5
ليريكم,1,31:31,1,6
ليريه,1,5:31,1,5
ليريهما,1,7:27,1,7
ليزلقونك,1,68:51,1,8
ليسأل,1,33:8,1,5
ليستأذنكم,1,24:58,1,9
ليستخفوا,1,11:5,1,8
ليستخلفنهم,1,24:55,1,10
ليستفزونك,1,17:76,1,9
ليستيقن,1,74:31,1,7
ليسجنن,1,12:32,1,6
ليسجننه,1,12:35,1,7
ليسكن,1,7:189,1,5
ليسكنوا,1,27:86,1,7
ليسمون,1,53:27,1,6
ليسوءوا,1,17:7,1,7
ليشتروا,1,2:79,1,7
ليشهدوا,1,22:28,1,7
ليصبحن,1,23:40,1,6
ليصدوا,1,8:36,1,6
ليصدونهم,1,43:37,1,8
ليصرمنها,1,68:17,1,8
ليضلنا,1,25:42,1,6
ليضلون,1,6:119,1,6
ليضيع,1,2:143,1,5
ليطاع,1,4:64,1,5
ليطغى,1,96:6,1,5
ليطفئوا,1,61:8,1,7
ليطلعكم,1,3:179,1,7
ليطمئن,1,2:260,1,6
ليعبدون,1,51:56,1,7
ليعجزه,1,35:44,1,6
ليعذب,1,33:73,1,5
ليعلموا,1,18:21,1,7
ليعلمون,1,2:144,1,7
ليغيظ,1,48:29,1,5
ليفتدوا,1,5:36,1,7
ليفتنونك,1,17:73,1,8
ليفجر,1,75:5,1,5
ليفسد,1,2:205,1,5
ليفسدوا,1,7:127,1,7
ليقتلوك,1,28:20,1,7
ليقربونا,1,39:3,1,8
ليقض,1,43:77,1,4
ليقضوا,1,22:29,1,6
ليقضى,1,6:60,1,5
ليقولوا,1,6:53,1,7
ليقوم,1,57:25,1,5
ليقيموا,1,14:37,1,7
ليكتمون,1,2:146,1,7
ليكفر,1,39:35,1,5
ليكونا,1,41:29,1,6
ليكونن,1,35:42,1,6
ليلها,1,79:29,1,5
ليمسن,1,5:73,1,5
ليمكروا,1,6:123,1,7
ليميز,1,8:37,1,5
لينا,1,20:44,1,4
لينبذن,1,104:4,1,6
لينة,1,59:5,1,4
لينصرنه,1,22:60,1,7
لينفروا,1,9:122,1,7
لينفق,1,65:7,1,5
ليواطئوا,1,9:37,1,8
ليوحون,1,6:121,1,6
ليوفينهم,1,11:111,1,8
ليوفيهم,1,35:30,1,7
ليولن,1,59:12,1,5
مآرب,1,20:18,1,4
مأتيا,1,19:61,1,5
مأكول,1,105:5,1,5
مأمنه,1,9:6,1,5
مأمون,1,70:28,1,5
مأواكم,1,57:15,1,6
مؤجلا,1,3:145,1,5
ماءك,1,11:44,1,4
ماءها,1,79:31,1,5
ماؤكم,1,67:30,1,5
ماؤها,1,18:41,1,5
مارج,1,55:15,1,4
مارد,1,37:7,1,4
ماكثون,1,43:77,1,6
ماكثين,1,18:3,1,6
مالكون,1,36:71,1,6
ماليه,1,69:28,1,5
مانعتهم,1,59:2,1,7
مبتليكم,1,2:249,1,7
مبثوثة,1,88:16,1,6
مبديه,1,33:37,1,5
مبرءون,1,24:26,1,6
مبرمون,1,43:79,1,6
مبسوطتان,1,5:64,1,8
مبشرات,1,30:46,1,6
مبصرون,1,7:201,1,6
مبطلون,1,30:58,1,6
مبعدون,1,21:101,1,6
مبلغهم,1,53:30,1,6
مبنية,1,39:20,1,5
مبوأ,1,10:93,1,4
متاب,1,13:30,1,4
متابا,1,25:71,1,5
متاعهم,1,12:65,1,6
متبر,1,7:139,1,4
متبرجات,1,24:60,1,7
متجانف,1,5:3,1,6
متجاورات,1,13:4,1,8
متحرفا,1,8:16,1,6
متحيزا,1,8:16,1,6
متخذ,1,18:51,1,4
متخذات,1,4:25,1,6
متخذي,1,5:5,1,5
متراكبا,1,6:99,1,7
متربة,1,90:16,1,5
متربص,1,20:135,1,5
متربصون,1,9:52,1,7
مترفين,1,56:45,1,6
مترفيها,1,17:16,1,7
مترفيهم,1,23:64,1,7
متشابهات,1,3:7,1,8
متشاكسون,1,39:29,1,8
متصدعا,1,59:21,1,6
متعت,1,43:29,1,4
متعتهم,1,25:18,1,6
متعناه,1,28:61,1,6
متعناهم,1,26:205,1,7
متفرقة,1,12:67,1,6
متفرقون,1,12:39,1,7
متقلبكم,1,47:19,1,7
متكأ,1,12:31,1,4
متكئون,1,36:56,1,6
متوفيك,1,3:55,1,6
مثابة,1,2:125,1,5
مثاني,1,39:23,1,5
مثبورا,1,17:102,1,6
مثقلة,1,35:18,1,5
مثلهن,1,65:12,1,5
مثليها,1,3:165,1,6
مثليهم,1,3:13,1,6
مثواكم,1,6:128,1,6
مثواه,1,12:21,1,5
مثواي,1,12:23,1,5
مثوبة,1,5:60,1,5
مجتمعون,1,26:39,1,7
مجذوذ,1,11:108,1,5
مجراها,1,11:41,1,6
مجرما,1,20:74,1,5
مجرميها,1,6:123,1,7
مجموع,1,11:103,1,5
مجيب,1,11:61,1,4
محاريب,1,34:13,1,6
محبة,1,20:39,1,4
محتضر,1,54:28,1,5
محذورا,1,17:57,1,6
محررا,1,3:35,1,5
محرم,1,2:85,1,4
محرما,1,6:145,1,5
محرمة,1,5:26,1,5
محسنون,1,16:128,1,6
محسنين,1,51:16,1,6
محسورا,1,17:29,1,6
محشورة,1,38:19,1,6
محصنات,1,4:25,1,6
محصنة,1,59:14,1,5
محضرا,1,3:30,1,5
محظورا,1,17:20,1,6
محفوظ,1,85:22,1,5
محفوظا,1,21:32,1,6
محكمات,1,3:7,1,6
محكمة,1,47:20,1,5
محلقين,1,48:27,1,6
محلها,1,22:33,1,5
محلي,1,5:1,1,4
محمودا,1,17:79,1,6
محياهم,1,45:21,1,6
محيصا,1,4:121,1,5
مختالا,1,4:36,1,6
مختلفون,1,78:3,1,7
مختلفين,1,11:118,1,7
مختوم,1,83:25,1,5
مخذولا,1,17:22,1,6
مخرجا,1,65:2,1,5
مخرجون,1,23:35,1,6
مخزي,1,9:2,1,4
مخضرة,1,22:63,1,5
مخضود,1,56:28,1,5
مخلصون,1,2:139,1,6
مخلف,1,14:47,1,4
مدادا,1,18:109,1,5
مدت,1,84:3,1,3
مدتهم,1,9:4,1,5
مدخل,1,17:80,1,4
مددا,1,18:109,1,4
مدهامتان,1,55:64,1,8
مدهنون,1,56:81,1,6
مدينين,1,56:86,1,6
مذءوما,1,7:18,1,6
مذبذبين,1,4:143,1,7
مذعنين,1,24:49,1,6
مذكر,1,88:21,1,4
مذكورا,1,76:1,1,6
مذموم,1,68:49,1,5
مراء,1,18:22,1,4
مرات,1,24:58,1,4
مراغما,1,4:100,1,6
مرتاب,1,40:34,1,5
مرتان,1,2:229,1,5
مرتقبون,1,44:59,1,7
مرجوا,1,11:62,1,5
مرجون,1,9:106,1,5
مردا,1,19:76,1,4
مردفين,1,8:9,1,6
مردنا,1,40:43,1,5
مردوا,1,9:101,1,5
مردود,1,11:76,1,5
مرسلا,1,13:43,1,5
مرسلة,1,27:35,1,5
مرسلو,1,54:27,1,5
مرسلون,1,36:14,1,6
مرشدا,1,18:17,1,5
مرصادا,1,78:21,1,6
مرصد,1,9:5,1,4
مرصوص,1,61:4,1,5
مرضا,1,2:10,1,4
مرضاتي,1,60:1,1,6
مرضت,1,26:80,1,4
مرضعة,1,22:2,1,5
مرضيا,1,19:55,1,5
مرضية,1,89:28,1,5
مرفقا,1,18:16,1,5
مرقدنا,1,36:52,1,6
مركوم,1,52:44,1,5
مريئا,1,4:4,1,5
مريج,1,50:5,1,4
مريد,1,22:3,1,4
مريدا,1,4:117,1,5
مزجاة,1,12:88,1,5
مزدجر,1,54:4,1,5
مزقتم,1,34:7,1,5
مسئولون,1,37:24,1,7
مساس,1,20:97,1,4
مسافحات,1,4:25,1,7
مساكن,1,14:45,1,5
مساكنكم,1,27:18,1,7
مستأنسين,1,33:53,1,8
مستبشرة,1,80:39,1,7
مستبصرين,1,29:38,1,8
مستخف,1,13:10,1,5
مستخلفين,1,57:7,1,8
مستسلمون,1,37:26,1,8
مستضعفون,1,8:26,1,8
مستضعفين,1,4:97,1,8
مستطر,1,54:53,1,5
مستطيرا,1,76:7,1,7
مستقبل,1,46:24,1,6
مستقرها,1,11:6,1,7
مستكبرين,1,23:67,1,8
مستمسكون,1,43:21,1,8
مستمعهم,1,52:38,1,7
مستمعون,1,26:15,1,7
مستنفرة,1,74:50,1,7
مستهزئون,1,2:14,1,8
مستورا,1,17:45,1,6
مسحا,1,38:33,1,4
مسحورون,1,15:15,1,7
مسد,1,111:5,1,3
مسرفين,1,43:5,1,6
مسطور,1,52:2,1,5
مسغبة,1,90:14,1,5
مسفرة,1,80:38,1,5
مسفوحا,1,6:145,1,6
مسك,1,83:26,1,3
مسكنهم,1,34:15,1,6
مسكوب,1,56:31,1,5
مسكونة,1,24:29,1,6
مسلمات,1,66:5,1,6
مسمع,1,4:46,1,4
مسندة,1,63:4,1,5
مسهم,1,7:201,1,4
مسودة,1,39:60,1,5
مسومين,1,3:125,1,6
مشاء,1,68:11,1,4
مشارق,1,7:137,1,5
مشتبها,1,6:99,1,6
مشهد,1,19:37,1,4
مشهود,1,11:103,1,5
مشهودا,1,17:78,1,6
مشوا,1,2:20,1,4
مشيد,1,22:45,1,4
مشيدة,1,4:78,1,5
مشيك,1,31:19,1,4
مصانع,1,26:129,1,5
مصباح,1,24:35,1,5
مصرا,1,2:61,1,4
مصرفا,1,18:53,1,5
مصروفا,1,11:8,1,6
مصفى,1,47:15,1,4
مصلى,1,2:125,1,4
مصيبها,1,11:81,1,6
مصيركم,1,14:30,1,6
مضاجعهم,1,3:154,1,7
مضار,1,4:12,1,4
مضاعفة,1,3:130,1,6
مضت,1,8:38,1,3
مضيا,1,36:67,1,4
مطاع,1,81:21,1,4
مطلعون,1,37:54,1,6
مطمئن,1,16:106,1,5
مطمئنة,1,16:112,1,6
مطمئنين,1,17:95,1,7
مطويات,1,39:67,1,6
مظلما,1,10:27,1,5
مظلمون,1,36:37,1,6
مظلوما,1,17:33,1,6
معاد,1,28:85,1,4
معاذيره,1,75:15,1,7
معاشا,1,78:11,1,5
معدود,1,11:104,1,5
معذبوها,1,17:58,1,7
معذبين,1,17:15,1,6
معذرة,1,7:164,1,5
معرة,1,48:25,1,4
معروفة,1,24:53,1,6
معزل,1,11:42,1,4
معشار,1,34:45,1,5
معطلة,1,22:45,1,5
معقب,1,13:41,1,4
معقبات,1,13:11,1,6
معكما,1,20:46,1,5
معكوفا,1,48:25,1,6
معلم,1,44:14,1,4
معمر,1,35:11,1,4
معها,1,50:21,1,4
معيشة,1,20:124,1,5
معيشتها,1,28:58,1,7
معيشتهم,1,43:32,1,7
مغارات,1,9:57,1,6
مغاضبا,1,21:87,1,6
مغتسل,1,38:42,1,5
مغرب,1,18:86,1,4
مغرما,1,9:98,1,5
مغلوب,1,54:10,1,5
مغيرا,1,8:53,1,5
مفاتح,1,6:59,1,5
مفازا,1,78:31,1,5
مفتحة,1,38:50,1,5
مفتر,1,16:101,1,4
مفترون,1,11:50,1,6
مفتريات,1,11:13,1,7
مفرطون,1,16:62,1,6
مفسدون,1,18:94,1,6
مفصلا,1,6:114,1,5
مفصلات,1,7:133,1,6
مقامع,1,22:21,1,5
مقامك,1,27:39,1,5
مقامهما,1,5:107,1,7
مقبوضة,1,2:283,1,6
مقتحم,1,38:59,1,5
مقتدرا,1,18:45,1,6
مقتدرون,1,43:42,1,7
مقتدون,1,43:23,1,6
مقترفون,1,6:113,1,7
مقترنين,1,43:53,1,7
مقتصدة,1,5:66,1,6
مقتكم,1,40:10,1,5
مقدورا,1,33:38,1,6
مقربة,1,90:15,1,5
مقسوم,1,15:44,1,5
مقصورات,1,55:72,1,7
مقطوع,1,15:66,1,5
مقطوعة,1,56:33,1,6
مقعد,1,54:55,1,4
مقمحون,1,36:8,1,6
مقنعي,1,14:43,1,5
مقيتا,1,4:85,1,5
مقيلا,1,25:24,1,5
مكاء,1,8:35,1,4
مكانتهم,1,36:67,1,7
مكانكم,1,10:28,1,6
مكبا,1,67:22,1,4
مكة,1,48:24,1,3
مكتوبا,1,7:157,1,6
مكث,1,17:106,1,3
مكذبين,1,69:49,1,6
مكذوب,1,11:65,1,5
مكرتموه,1,7:123,1,7
مكرم,1,22:18,1,4
مكرمة,1,80:13,1,5
مكروها,1,17:38,1,6
مكظوم,1,68:48,1,5
مكلبين,1,5:4,1,6
مكني,1,18:95,1,4
ملء,1,3:91,1,3
ملأ,1,11:38,1,3
ملئت,1,72:8,1,4
ملاق,1,69:20,1,4
ملاقوه,1,2:223,1,6
ملاقيكم,1,62:8,1,7
ملتكم,1,7:89,1,5
ملجإ,1,42:47,1,4
ملعونين,1,33:61,1,7
ملكتم,1,24:61,1,5
ملكين,1,7:20,1,5
ملوكا,1,5:20,1,5
مليا,1,19:46,1,4
مليك,1,54:55,1,4
مم,1,86:5,1,2
ممددة,1,104:9,1,5
ممدكم,1,8:9,1,5
ممدود,1,56:30,1,5
ممدودا,1,74:12,1,6
ممرد,1,27:44,1,4
ممسك,1,35:2,1,4
ممسكات,1,39:38,1,6
ممطرنا,1,46:24,1,6
مملوكا,1,16:75,1,6
ممنوعة,1,56:33,1,6
مناديا,1,3:193,1,6
مناسككم,1,2:200,1,7
مناسكنا,1,2:128,1,7
مناص,1,38:3,1,4
منافقون,1,9:101,1,7
مناكبها,1,67:15,1,7
منامك,1,8:43,1,5
منامكم,1,30:23,1,6
منامها,1,39:42,1,6
منبثا,1,56:6,1,5
منتشر,1,54:7,1,5
منتصر,1,54:44,1,5
منتصرا,1,18:43,1,6
منتصرين,1,51:45,1,7
منتهاها,1,79:44,1,7
منتهون,1,5:91,1,6
منجوك,1,29:33,1,5
منذرون,1,26:208,1,6
منزل,1,6:114,1,4
منزلا,1,23:29,1,5
منزلها,1,5:115,1,6
منزلون,1,29:34,1,6
منسأته,1,34:14,1,6
منسيا,1,19:23,1,5
منشرة,1,74:52,1,5
منشور,1,52:3,1,5
منشورا,1,17:13,1,6
منصورا,1,17:33,1,6
منطق,1,27:16,1,4
منظرون,1,26:203,1,6
منعنا,1,17:59,1,5
منعهم,1,9:54,1,5
منفطر,1,73:18,1,5
منفكين,1,98:1,1,6
منقعر,1,54:20,1,5
منقلب,1,26:227,1,5
منقلبا,1,18:36,1,6
منقوص,1,11:109,1,5
منكر,1,5:79,1,4
منكرا,1,58:2,1,5
منكرة,1,16:22,1,5
منهمر,1,54:11,1,5
منوعا,1,70:21,1,5
منيبا,1,39:8,1,5
مهاجر,1,29:26,1,5
مهاجرا,1,4:100,1,6
مهاجرات,1,60:10,1,7
مهاد,1,7:41,1,4
مهادا,1,78:6,1,5
مهانا,1,25:69,1,5
مهتد,1,57:26,1,4
مهجورا,1,25:30,1,6
مهزوم,1,38:11,1,5
مهلكهم,1,7:164,1,6
مهلكو,1,29:31,1,5
مهلكوها,1,17:58,1,7
مهلكي,1,28:59,1,5
مهما,1,7:132,1,4
مهيلا,1,73:14,1,5
موئلا,1,18:58,1,5
مواطن,1,9:25,1,5
مواقعوها,1,18:53,1,8
مواقيت,1,2:189,1,6
موالي,1,4:33,1,5
موبقا,1,18:52,1,5
موتا,1,25:3,1,4
موتكم,1,2:56,1,5
موثقهم,1,12:66,1,6
مورا,1,52:9,1,4
موزون,1,15:19,1,5
موص,1,2:182,1,3
موضوعة,1,88:14,1,6
موضونة,1,56:15,1,6
موطئا,1,9:120,1,5
موعد,1,18:58,1,4
موعدة,1,9:114,1,5
موعدك,1,20:87,1,5
موعدكم,1,20:59,1,6
موعده,1,11:17,1,5
موعدي,1,20:86,1,5
موفورا,1,17:63,1,6
موقنون,1,32:12,1,6
موقوتا,1,4:103,1,6
موقوفون,1,34:31,1,7
موليها,1,2:148,1,6
موهن,1,8:18,1,4
ميتون,1,39:30,1,5
ميسرة,1,2:280,1,5
ميسورا,1,17:28,1,6
ميعاد,1,34:30,1,5
ميقاتا,1,78:17,1,6
ميقاتهم,1,44:40,1,7
ميلا,1,4:27,1,4
ميلة,1,4:102,1,4
ن,1,68:1,1,1
نأت,1,2:106,1,3
نأتيكم,1,14:11,1,6
نأخذ,1,12:79,1,4
نأكل,1,5:113,1,4
نؤتها,1,33:31,1,5
نؤتى,1,6:124,1,4
نؤثرك,1,20:72,1,5
نؤخره,1,11:104,1,5
ناج,1,12:42,1,3
ناجيتم,1,58:12,1,6
نادانا,1,37:75,1,6
ناداه,1,79:16,1,5
نادوا,1,18:52,1,5
ناديتم,1,5:58,1,6
ناديكم,1,29:29,1,6
نادينا,1,28:46,1,6
ناديه,1,96:17,1,5
ناسكوه,1,22:67,1,6
ناشئة,1,73:6,1,5
ناصبة,1,88:3,1,5
ناصح,1,7:68,1,4
ناصحون,1,28:12,1,6
ناصرا,1,72:24,1,5
ناصية,1,96:16,1,5
ناضرة,1,75:22,1,5
ناظرة,1,75:23,1,5
ناظرين,1,33:53,1,6
ناعمة,1,88:8,1,5
ناكسو,1,32:12,1,5
نبأت,1,66:3,1,4
نبأتكما,1,12:37,1,7
نبأنا,1,9:94,1,5
نبأني,1,66:3,1,5
نبأه,1,38:88,1,4
نبأها,1,66:3,1,5
نبأهم,1,18:13,1,5
نبئ,1,15:49,1,3
نبئنا,1,12:36,1,5
نبئوني,1,6:143,1,6
نبتغي,1,28:55,1,5
نبتليه,1,76:2,1,6
نبتهل,1,3:61,1,5
نبذ,1,2:101,1,3
نبذه,1,2:100,1,4
نبرأها,1,57:22,1,6
نبرح,1,20:91,1,4
نبطش,1,44:16,1,4
نبغ,1,18:64,1,3
نبغي,1,12:65,1,4
نبلوهم,1,7:163,1,6
نبين,1,5:75,1,4
نتبعكم,1,48:15,1,6
نتبعه,1,54:24,1,5
نتبعهم,1,77:17,1,6
نتبوأ,1,39:74,1,5
نتخطف,1,28:57,1,5
نترك,1,11:87,1,4
نتقبل,1,46:16,1,5
نتقنا,1,7:171,1,5
نتكلم,1,24:16,1,5
نتلو,1,28:3,1,4
نتلوه,1,3:58,1,5
نتنزل,1,19:64,1,5
نتوكل,1,14:12,1,5
نثبت,1,11:120,1,4
نجا,1,12:45,1,3
نجازي,1,34:17,1,5
نجاكم,1,17:67,1,5
نجب,1,14:44,1,3
نجد,1,20:115,1,3
نجزيه,1,21:29,1,5
نجس,1,9:28,1,3
نجعلها,1,28:83,1,6
نجعلهم,1,45:21,1,6
نجعلهما,1,41:29,1,7
نجمع,1,75:3,1,4
نجواهم,1,4:114,1,6
نجوت,1,28:25,1,4
نجيناكم,1,2:49,1,7
نجيناه,1,37:134,1,6
نجيناهم,1,54:34,1,7
نحبه,1,33:23,1,4
نحس,1,54:19,1,3
نحسات,1,41:16,1,5
نحلة,1,4:4,1,4
نختم,1,36:65,1,4
نخرة,1,79:11,1,4
نخسف,1,34:9,1,4
نخشى,1,5:52,1,4
نخفي,1,14:38,1,4
نخلفه,1,20:58,1,5
نخلقكم,1,77:20,1,6
نداء,1,19:3,1,4
نداولها,1,3:140,1,7
ندع,1,3:61,1,3
ندعوه,1,52:28,1,5
ندلكم,1,34:7,1,5
نديا,1,19:73,1,4
نذر,1,2:270,1,3
نذرا,1,77:6,1,4
نذرتم,1,2:270,1,5
نذل,1,20:134,1,3
نذهبن,1,43:41,1,5
نذورهم,1,22:29,1,6
نذيقهم,1,10:70,1,6
نربك,1,26:18,1,4
نرث,1,19:40,1,3
نرزقك,1,20:132,1,5
نرزقكم,1,6:151,1,6
نرزقهم,1,17:31,1,6
نري,1,6:75,1,3
نريك,1,23:95,1,4
نريهم,1,43:48,1,5
نزاعة,1,70:16,1,5
نزعناها,1,11:9,1,7
نزلة,1,53:13,1,4
نزلت,1,47:20,1,4
نزلناه,1,26:198,1,6
نزلهم,1,56:56,1,5
نزيدكم,1,78:30,1,6
نسأل,1,34:25,1,4
نسألك,1,20:132,1,5
نساؤكم,1,2:223,1,6
نسارع,1,23:56,1,5
نسبح,1,2:30,1,4
نسبحك,1,20:33,1,5
نستبق,1,12:17,1,5
نستحوذ,1,4:141,1,6
نستعين,1,1:5,1,6
نستنسخ,1,45:29,1,6
نسختها,1,7:154,1,6
نسخر,1,11:38,1,4
نسفت,1,77:10,1,4
نسقط,1,34:9,1,4
نسقي,1,28:23,1,4
نسك,1,2:196,1,3
نسلخ,1,36:37,1,4
نسلكه,1,15:12,1,5
نسله,1,32:8,1,4
نسوة,1,12:30,1,4
نسوق,1,32:27,1,4
نسوه,1,7:53,1,4
نسوي,1,75:4,1,4
نسويكم,1,26:98,1,6
نسي,1,39:8,1,3
نسير,1,18:47,1,4
نسينا,1,2:286,1,5
نسيناكم,1,32:14,1,7
نشتري,1,5:106,1,5
نشرا,1,77:3,1,4
نشرت,1,81:10,1,4
نشرح,1,94:1,1,4
نشطا,1,79:2,1,4
نشهد,1,63:1,1,4
نشوزا,1,4:128,1,5
نشوزهن,1,4:34,1,6
نصبا,1,18:62,1,4
نصبت,1,88:19,1,4
نصبر,1,2:61,1,4
نصحوا,1,9:91,1,5
نصحي,1,11:34,1,4
نصرانيا,1,3:67,1,7
نصره,1,9:40,1,4
نصروهم,1,59:12,1,6
نصفه,1,73:3,1,4
نصليه,1,4:30,1,5
نصليهم,1,4:56,1,6
نصوحا,1,66:8,1,5
نصيبك,1,28:77,1,5
نضاختان,1,55:66,1,7
نضجت,1,4:56,1,4
نضطرهم,1,31:24,1,6
نضيد,1,50:10,1,4
نطبع,1,10:74,1,4
نطعم,1,74:44,1,4
نطعمكم,1,76:9,1,6
نطمس,1,4:47,1,4
نطمع,1,26:51,1,4
نطوي,1,21:104,1,4
نطيع,1,59:11,1,4
نظرة,1,37:88,1,4
نظن,1,45:32,1,3
نظنك,1,26:186,1,4
نظنكم,1,11:27,1,5
نعاجه,1,38:24,1,5
نعاسا,1,3:154,1,5
نعبدهم,1,39:3,1,6
نعجتك,1,38:24,1,5
نعجز,1,72:12,1,4
نعجزه,1,72:12,1,5
نعذب,1,9:66,1,4
نعذبه,1,18:87,1,5
نعف,1,9:66,1,3
نعقل,1,67:10,1,4
نعلمهم,1,9:101,1,6
نعلن,1,14:38,1,4
نعليك,1,20:12,1,5
نعما,1,4:58,1,4
نعماء,1,11:10,1,5
نعمركم,1,35:37,1,6
نعمره,1,36:68,1,5
نعمه,1,31:20,1,4
نعود,1,7:89,1,4
نعيدكم,1,20:55,1,6
نعيده,1,21:104,1,5
نعيما,1,76:20,1,5
نغادر,1,18:47,1,5
نغرقهم,1,36:43,1,6
نفاد,1,38:54,1,4
نفاقا,1,9:77,1,5
نفحة,1,21:46,1,4
نفخة,1,69:13,1,4
نفدت,1,31:27,1,4
نفشت,1,21:78,1,4
نفعت,1,87:9,1,4
نفعه,1,22:13,1,4
نفعهما,1,2:219,1,6
نفقا,1,6:35,1,4
نفقاتهم,1,9:54,1,7
نفقد,1,12:72,1,4
نفقه,1,11:91,1,4
نفوسكم,1,17:25,1,6
نفيرا,1,17:6,1,5
نقبا,1,18:97,1,4
نقتبس,1,57:13,1,5
نقدر,1,21:87,1,4
نقذف,1,21:18,1,4
نقر,1,74:8,1,3
نقرؤه,1,17:93,1,5
نقصص,1,40:78,1,4
نقصصهم,1,4:164,1,6
نقصه,1,11:100,1,4
نقضت,1,16:92,1,4
نقعا,1,100:4,1,4
نقعد,1,72:9,1,4
نقيبا,1,5:12,1,5
نقيض,1,43:36,1,4
نقيم,1,18:105,1,4
نكال,1,79:25,1,4
نكتل,1,12:63,1,4
نكتم,1,5:106,1,4
نكث,1,48:10,1,3
نكح,1,4:22,1,3
نكحتم,1,33:49,1,5
نكدا,1,7:58,1,4
نكر,1,54:6,1,3
نكرهم,1,11:70,1,5
نكروا,1,27:41,1,5
نكسوا,1,21:65,1,5
نكسوها,1,2:259,1,6
نكص,1,8:48,1,3
نكلم,1,19:29,1,4
نلعنهم,1,4:47,1,6
نمتعهم,1,31:24,1,6
نمد,1,17:20,1,3
نمدهم,1,23:55,1,5
نملة,1,27:18,1,4
نمن,1,28:5,1,3
ننبئكم,1,18:103,1,6
ننج,1,10:103,1,3
ننجيك,1,10:92,1,5
ننزله,1,15:21,1,5
ننساكم,1,45:34,1,6
ننساهم,1,7:51,1,6
ننسخ,1,2:106,1,4
ننسها,1,2:106,1,5
ننشزها,1,2:259,1,6
ننظر,1,27:41,1,4
ننكسه,1,36:68,1,5
ننهك,1,15:70,1,4
نهار,1,46:35,1,4
نهاكم,1,59:7,1,5
نهاكما,1,7:20,1,6
نهدي,1,42:52,1,4
نهرا,1,18:33,1,4
نوحيها,1,11:49,1,6
نورث,1,19:63,1,4
نوركم,1,57:13,1,5
نورنا,1,66:8,1,5
نوف,1,11:15,1,3
نوله,1,4:115,1,4
نولي,1,6:129,1,4
نوم,1,2:255,1,3
نومكم,1,78:9,1,5
نيلا,1,9:120,1,4
هاؤم,1,69:19,1,4
هاتين,1,28:27,1,5
هاجر,1,59:9,1,4
هاجرن,1,33:50,1,5
هادي,1,7:186,1,4
هاديا,1,25:31,1,5
هار,1,9:109,1,3
هاروت,1,2:102,1,5
هالك,1,28:88,1,4
هامدة,1,22:5,1,5
هاوية,1,101:9,1,5
هجرا,1,73:10,1,4
هدا,1,19:90,1,3
هدان,1,6:80,1,4
هداها,1,32:13,1,5
هدنا,1,7:156,1,4
هدي,1,3:101,1,3
هديا,1,5:95,1,4
هديتنا,1,3:8,1,6
هديناه,1,76:3,1,6
هربا,1,72:12,1,4
هشيما,1,18:45,1,5
هضما,1,20:112,1,4
هضيم,1,26:148,1,4
هلوعا,1,70:19,1,5
هما,1,9:40,1,3
هماز,1,68:11,1,4
همزات,1,23:97,1,5
همزة,1,104:1,1,4
همسا,1,20:108,1,4
هواء,1,14:43,1,4
هون,1,16:59,1,3
هونا,1,25:63,1,4
هيت,1,12:23,1,3
هينا,1,24:15,1,4
هيه,1,101:10,1,3
وآت,1,17:26,1,3
وآتاه,1,2:251,1,5
وآتاهم,1,47:17,1,6
وآتت,1,12:31,1,4
وآتنا,1,3:194,1,5
وآتوهن,1,4:25,1,6
وآتين,1,33:33,1,5
وآتيناهما,1,37:117,1,9
وآثارهم,1,36:12,1,7
وآثر,1,79:38,1,4
وآخرنا,1,5:114,1,6
وآلهتك,1,7:127,1,6
وآمنهم,1,106:4,1,6
وآويناهما,1,23:50,1,9
وأبا,1,80:31,1,4
وأباريق,1,56:18,1,7
وأبرئ,1,3:49,1,5
وأبشروا,1,41:30,1,7
وأبصارا,1,46:26,1,7
وأبصاركم,1,6:46,1,8
وأبصرهم,1,37:175,1,7
وأبكارا,1,66:5,1,7
وأبكى,1,53:43,1,5
وأبلغكم,1,46:23,1,7
وأبناءكم,1,3:61,1,8
وأبنائنا,1,2:246,1,8
وأبونا,1,28:23,1,6
وأبى,1,20:56,1,4
وأبيه,1,80:35,1,5
وأتاهم,1,16:26,1,6
وأتبعناهم,1,28:42,1,9
وأترفناهم,1,23:33,1,9
وأتمروا,1,65:6,1,7
وأتممت,1,5:3,1,6
وأتممناها,1,7:142,1,9
وأتموا,1,2:196,1,6
وأتيناك,1,15:64,1,7
وأثابهم,1,48:18,1,7
وأثاروا,1,30:9,1,7
وأثقالا,1,29:13,1,7
وأثل,1,34:16,1,4
وأجدر,1,9:97,1,5
وأجلب,1,17:64,1,5
وأجمعوا,1,12:15,1,7
وأحاط,1,72:28,1,5
وأحاطت,1,2:81,1,6
وأحباؤه,1,5:18,1,7
وأحصوا,1,65:1,1,6
وأحصى,1,72:28,1,5
وأحضرت,1,4:128,1,6
وأحلت,1,22:30,1,5
وأحلوا,1,14:28,1,6
وأحيا,1,53:44,1,5
وأحيط,1,18:42,1,5
وأحيي,1,3:49,1,5
وأحييتنا,1,40:11,1,8
وأحيينا,1,50:11,1,7
وأخاف,1,12:13,1,5
وأخبتوا,1,11:23,1,7
وأخذت,1,11:94,1,5
وأخذتم,1,3:81,1,6
وأخذن,1,4:21,1,5
وأخذناهم,1,43:48,1,8
وأخذهم,1,4:161,1,6
وأخذوا,1,34:51,1,6
وأخرت,1,82:5,1,5
وأخرج,1,79:29,1,5
وأخرجت,1,99:2,1,6
وأخرجنا,1,36:33,1,7
وأخرجني,1,17:80,1,7
وأخرجوا,1,3:195,1,7
وأخرجوكم,1,60:9,1,8
وأخرجوهم,1,2:191,1,8
وأخفى,1,20:7,1,5
وأخلصوا,1,4:146,1,7
وأخوك,1,20:42,1,5
وأخوه,1,12:8,1,5
وأداء,1,2:178,1,5
وأدبار,1,50:40,1,6
وأدخلنا,1,7:151,1,7
وأدخلناه,1,21:75,1,8
وأدخلناهم,1,21:86,1,9
وأدخلني,1,27:19,1,7
وأدخلهم,1,40:8,1,7
وأدعو,1,19:48,1,5
وأدنى,1,2:282,1,5
وأذان,1,9:3,1,5
وأذن,1,22:27,1,4
وأرادوا,1,21:70,1,7
وأرجلهن,1,60:12,1,7
وأرسلناك,1,4:79,1,8
وأرسلناه,1,37:147,1,8
وأرض,1,39:10,1,4
وأرضا,1,33:27,1,5
وأرنا,1,2:128,1,5
وأرى,1,20:46,1,4
وأزلفنا,1,26:64,1,7
وأزواج,1,3:15,1,6
وأزواجه,1,33:6,1,7
وأسبغ,1,31:20,1,5
وأسرحكن,1,33:28,1,7
وأسررت,1,71:9,1,6
وأسروه,1,12:19,1,6
وأسقيناكم,1,77:27,1,9
وأسلحتهم,1,4:102,1,8
وأسلمت,1,27:44,1,6
وأسلموا,1,39:54,1,7
وأسلنا,1,34:12,1,6
وأسمع,1,18:26,1,5
وأسيرا,1,76:8,1,6
وأشربوا,1,2:93,1,7
وأشرقت,1,39:69,1,6
وأشرك,1,40:42,1,5
وأشركه,1,20:32,1,6
وأشعارها,1,16:80,1,8
وأشفقن,1,33:72,1,6
وأشهدهم,1,7:172,1,7
وأصابه,1,2:266,1,6
وأصروا,1,71:7,1,6
وأصفاكم,1,43:16,1,7
وأصلحا,1,4:16,1,6
وأصلحنا,1,21:90,1,7
وأضعف,1,19:75,1,5
وأضله,1,45:23,1,5
وأضلهم,1,20:85,1,6
وأضلوا,1,5:77,1,6
وأطراف,1,20:130,1,6
وأطعن,1,33:33,1,5
وأطغى,1,53:52,1,5
وأظهره,1,66:3,1,6
وأعانه,1,25:4,1,6
وأعتدت,1,12:31,1,6
وأعتزلكم,1,19:48,1,8
وأعدوا,1,8:60,1,6
وأعز,1,18:34,1,4
وأعطى,1,53:34,1,5
وأعظم,1,73:20,1,5
وأعمى,1,47:23,1,5
وأعنابا,1,78:32,1,7
وأعوذ,1,23:98,1,5
وأعينهم,1,9:92,1,7
وأغطش,1,79:29,1,5
وأغلالا,1,76:4,1,7
وأفئدة,1,46:26,1,6
وأفئدتهم,1,14:43,1,8
وأفوض,1,40:44,1,5
وأقبلوا,1,12:71,1,7
وأقرب,1,18:81,1,5
وأقرضتم,1,5:12,1,7
وأقسطوا,1,49:9,1,7
وأقمن,1,33:33,1,5
وأقنى,1,53:48,1,5
وأكبر,1,17:21,1,5
وأكدى,1,53:34,1,5
وأكيد,1,86:16,1,5
وألزمهم,1,48:26,1,7
وألسنتهم,1,60:2,1,8
وألف,1,8:63,1,4
وألفيا,1,12:25,1,6
وألقت,1,84:4,1,5
وألقوه,1,12:10,1,6
وألقي,1,7:120,1,5
وألقيت,1,20:39,1,6
وألنا,1,34:10,1,5
وألو,1,72:16,1,4
وألوانكم,1,30:22,1,8
وأمتعتكم,1,4:102,1,8
وأمددناكم,1,17:6,1,9
وأمددناهم,1,52:22,1,9
وأمرنا,1,6:71,1,6
وأمره,1,2:275,1,5
وأمرهم,1,42:38,1,6
وأمروا,1,22:41,1,6
وأملى,1,47:25,1,5
وأمم,1,11:48,1,4
وأمنا,1,2:125,1,5
وأمهات,1,4:23,1,6
وأمهاتكم,1,4:23,1,8
وأمواتا,1,77:26,1,7
وأموال,1,9:24,1,6
وأموالا,1,10:88,1,7
وأمي,1,5:116,1,4
وأميت,1,2:258,1,5
وأناب,1,38:24,1,5
وأنابوا,1,39:17,1,7
وأناسي,1,25:49,1,6
وأنبئكم,1,3:49,1,7
وأنبتت,1,22:5,1,6
وأنبتها,1,3:37,1,7
وأنثى,1,49:13,1,5
وأنصتوا,1,7:204,1,7
وأنصح,1,7:62,1,5
وأنعمت,1,33:37,1,6
وأنفسنا,1,3:61,1,7
وأنك,1,20:119,1,4
وأنكحوا,1,24:32,1,7
وأنكم,1,23:115,1,5
وأنيبوا,1,39:54,1,7
وأهديك,1,79:19,1,6
وأهش,1,20:18,1,4
وأهل,1,74:56,1,4
وأهلكنا,1,21:9,1,7
وأهلنا,1,12:88,1,6
وأهلونا,1,48:11,1,7
وأهلي,1,26:169,1,5
وأهليكم,1,66:6,1,7
وأوبارها,1,16:80,1,8
وأوتيت,1,27:23,1,6
وأوجس,1,11:70,1,5
وأورثكم,1,33:27,1,7
وأوصاني,1,19:31,1,7
وأولئكم,1,4:91,1,7
وأولات,1,65:4,1,6
وأولادهم,1,9:85,1,8
وأولي,1,4:59,1,5
وأياما,1,34:18,1,6
وأيدكم,1,8:26,1,6
وأيده,1,9:40,1,5
وأيدهم,1,58:22,1,6
وأيدي,1,59:2,1,5
وأيديهم,1,24:24,1,7
وأيمانهم,1,3:77,1,8
وإثمك,1,5:29,1,5
وإثمهما,1,2:219,1,7
وإخراج,1,2:217,1,6
وإخوان,1,50:13,1,6
وإخوته,1,12:7,1,6
وإدبار,1,52:49,1,6
وإدريس,1,21:85,1,6
وإرصادا,1,9:107,1,7
وإسرائيل,1,19:58,1,8
وإسرافنا,1,3:147,1,8
وإلهنا,1,29:46,1,6
وإلي,1,22:48,1,4
وإلياس,1,6:85,1,6
وإمائكم,1,24:32,1,7
وإناثا,1,42:50,1,6
وإننا,1,11:62,1,5
وإنني,1,6:19,1,5
وإنهما,1,15:79,1,6
وإياك,1,1:5,1,5
وإياهم,1,6:151,1,6
وابتغاؤكم,1,30:23,1,9
وابتلوا,1,4:6,1,7
وابنها,1,21:91,1,6
وابيضت,1,12:84,1,6
واتبعت,1,12:38,1,6
واتبعتهم,1,52:21,1,8
واتبعك,1,26:111,1,6
واتبعنا,1,3:53,1,7
واتبعون,1,43:61,1,7
واتبعوه,1,7:158,1,7
واتخذتموه,1,11:92,1,9
واترك,1,44:24,1,5
واتق,1,33:37,1,4
واتقون,1,2:197,1,6
واتقين,1,33:55,1,6
واثقكم,1,5:7,1,6
واجتبينا,1,19:58,1,8
واجتبيناهم,1,6:87,1,10
واجعلني,1,26:85,1,7
واجعله,1,19:6,1,6
واجعلوا,1,10:87,1,7
واجفة,1,79:8,1,5
واجنبني,1,14:35,1,7
واحذرهم,1,5:49,1,7
واحذروا,1,5:92,1,7
واحصروهم,1,9:5,1,8
واحفظوا,1,5:89,1,7
واحلل,1,20:27,1,5
واختار,1,7:155,1,6
واختلفوا,1,3:105,1,8
واخشوا,1,31:33,1,6
واخشوني,1,2:150,1,7
وادخلي,1,89:30,1,6
وادكر,1,12:45,1,5
واديا,1,9:121,1,5
واذكرن,1,33:34,1,6
واذكروه,1,2:198,1,7
وارتابت,1,9:45,1,7
وارتبتم,1,57:14,1,7
وارتقبوا,1,11:93,1,8
وارجعوا,1,21:13,1,7
وارجوا,1,29:36,1,6
وارحم,1,23:118,1,5
واردها,1,19:71,1,6
واردهم,1,12:19,1,6
واردون,1,21:98,1,6
وارزق,1,2:126,1,5
وارزقنا,1,5:114,1,7
وارزقهم,1,14:37,1,7
وارزقوهم,1,4:5,1,8
وارعوا,1,20:54,1,6
واركعوا,1,2:43,1,7
واركعي,1,3:43,1,6
وازدادوا,1,18:25,1,8
وازدجر,1,54:9,1,6
وازينت,1,10:24,1,6
واسألهم,1,7:163,1,7
واستبقا,1,12:25,1,7
واستحيوا,1,40:25,1,8
واسترهبوهم,1,7:116,1,10
واستشهدوا,1,2:282,1,9
واستعمركم,1,11:61,1,9
واستعينوا,1,2:45,1,9
واستغشوا,1,71:7,1,8
واستغفره,1,110:3,1,8
واستغفروه,1,41:6,1,9
واستغفري,1,12:29,1,8
واستفتحوا,1,14:15,1,9
واستفزز,1,17:64,1,7
واستقم,1,42:15,1,6
واستكبرت,1,39:59,1,8
واستكبرتم,1,46:10,1,9
واستمتعتم,1,46:20,1,9
واستمع,1,50:41,1,6
واستوت,1,11:44,1,6
واستوى,1,28:14,1,6
واستيقنتها,1,27:14,1,10
واسجد,1,96:19,1,5
واسجدي,1,3:43,1,6
واسعا,1,4:130,1,5
واشتروا,1,3:187,1,7
واشتعل,1,19:4,1,6
واشدد,1,10:88,1,5
واشربي,1,19:26,1,6
واشهدوا,1,11:54,1,7
واصب,1,37:9,1,4
واصبا,1,16:52,1,5
واصطفاك,1,3:42,1,7
واصطنعتك,1,20:41,1,8
واصفح,1,5:13,1,5
واصفحوا,1,2:109,1,7
واصنع,1,11:37,1,5
واضربوا,1,8:12,1,7
واضربوهن,1,4:34,1,8
واطمأنوا,1,10:7,1,8
واعبد,1,15:99,1,5
واعبدوه,1,29:17,1,7
واعدنا,1,2:51,1,6
واعف,1,2:286,1,4
واعلم,1,2:260,1,5
واعية,1,69:12,1,5
واغضض,1,31:19,1,5
وافعلوا,1,22:77,1,7
واقصد,1,31:19,1,5
واقعدوا,1,9:5,1,7
واكتب,1,7:156,1,5
واكسوهم,1,4:5,1,7
واكفروا,1,3:72,1,7
وال,1,13:11,1,3
والآخر,1,57:3,1,6
والآخرين,1,56:49,1,8
والأحزاب,1,40:5,1,8
والأذن,1,5:45,1,6
والأذى,1,2:264,1,6
والأرحام,1,4:1,1,8
والأزلام,1,5:90,1,8
والأصم,1,11:24,1,6
والأعناق,1,38:33,1,8
والأغلال,1,7:157,1,8
والأقدام,1,55:41,1,8
والأميين,1,3:20,1,8
والأنصاب,1,5:90,1,8
والأنف,1,5:45,1,6
والأنفس,1,2:155,1,7
والأولين,1,77:38,1,8
والإثم,1,7:33,1,6
والإحسان,1,16:90,1,8
والإشراق,1,38:18,1,8
والباد,1,22:25,1,6
والباطل,1,13:17,1,7
والباطن,1,57:3,1,7
والبدن,1,22:36,1,6
والبصر,1,17:36,1,6
والبغال,1,16:8,1,7
والبلد,1,7:58,1,6
والبنون,1,18:46,1,7
والبنين,1,3:14,1,7
والبيت,1,52:4,1,6
والترائب,1,86:7,1,8
والتفت,1,75:29,1,6
والتين,1,95:1,1,6
والثمرات,1,2:155,1,8
والجان,1,15:27,1,6
والجبلة,1,26:184,1,7
والجراد,1,7:133,1,7
والجروح,1,5:45,1,7
والجسم,1,2:247,1,6
والجلود,1,22:20,1,7
والجوع,1,2:155,1,6
والحافظات,1,33:35,1,9
والحافظون,1,9:112,1,9
والحافظين,1,33:35,1,9
والحب,1,55:12,1,5
والحج,1,2:189,1,5
والحرث,1,3:14,1,6
والحرمات,1,2:194,1,8
والحق,1,38:84,1,5
والحمير,1,16:8,1,7
والحياة,1,67:2,1,7
والخاشعات,1,33:35,1,9
والخاشعين,1,33:35,1,9
والخبيثون,1,24:26,1,9
والخنازير,1,5:60,1,9
والخوف,1,16:112,1,6
والخير,1,21:35,1,6
والد,1,31:33,1,4
والدة,1,2:233,1,5
والدتك,1,5:110,1,6
والده,1,31:33,1,5
والذاريات,1,51:1,1,9
والذاكرات,1,33:35,1,9
والذاكرين,1,33:35,1,9
والذكر,1,3:58,1,6
والراسخون,1,3:7,1,9
والربانيون,1,5:44,1,10
والرجز,1,74:5,1,6
والرقيم,1,18:9,1,7
والركب,1,8:42,1,6
والرهبان,1,9:34,1,8
والريحان,1,55:12,1,8
والزاني,1,24:2,1,7
والزانية,1,24:3,1,8
والزرع,1,6:141,1,6
والسائلين,1,2:177,1,9
والسابحات,1,79:3,1,9
والسارق,1,5:38,1,7
والسارقة,1,5:38,1,8
والسحاب,1,2:164,1,7
والسراء,1,7:95,1,7
والسعة,1,24:22,1,6
والسقف,1,52:5,1,6
والسلاسل,1,40:71,1,8
والسميع,1,11:24,1,7
والسن,1,5:45,1,5
والسوء,1,16:27,1,6
والسيئات,1,7:168,1,8
والشجرة,1,17:60,1,7
والشعراء,1,26:224,1,8
والشفع,1,89:3,1,6
والشمائل,1,16:48,1,8
والشهر,1,5:97,1,6
والصائمات,1,33:35,1,9
والصائمين,1,33:35,1,9
والصابئون,1,5:69,1,9
والصابرات,1,33:35,1,9
والصاحب,1,4:36,1,7
والصادقات,1,33:35,1,9
والصافات,1,37:1,1,8
والصديقين,1,4:69,1,9
والصلح,1,4:128,1,6
والصيف,1,106:2,1,6
والضحى,1,93:1,1,6
والضفادع,1,7:133,1,8
والضلال,1,34:8,1,7
والطارق,1,86:1,1,7
والطاغوت,1,4:51,1,8
والطور,1,52:1,1,6
والطيب,1,5:100,1,6
والطيبون,1,24:26,1,8
والظالمون,1,42:8,1,9
والظالمين,1,76:31,1,9
والظاهر,1,57:3,1,7
والعاديات,1,100:1,1,9
والعافين,1,3:134,1,8
والعاكفين,1,2:125,1,9
والعاملين,1,9:60,1,9
والعبد,1,2:178,1,6
والعذاب,1,2:175,1,7
والعزى,1,53:19,1,6
والعصر,1,103:1,1,6
والعصيان,1,49:7,1,8
والعمرة,1,2:196,1,7
والعمل,1,35:10,1,6
والعنهم,1,33:68,1,7
والعير,1,12:82,1,6
والعين,1,5:45,1,6
والغارمين,1,9:60,1,9
والغاوون,1,26:94,1,8
والغنم,1,6:146,1,6
والغوا,1,41:26,1,6
والفؤاد,1,17:36,1,7
والفتح,1,110:1,1,6
والفجر,1,89:1,1,6
والفسوق,1,49:7,1,7
والقائلين,1,33:18,1,9
والقائمين,1,22:26,1,9
والقاسية,1,22:53,1,8
والقانتات,1,33:35,1,9
والقلائد,1,5:97,1,8
والقلم,1,68:1,1,6
والقمل,1,7:133,1,6
والقناطير,1,3:14,1,9
والقواعد,1,24:60,1,8
والكاظمين,1,3:134,1,9
والكافرين,1,4:140,1,9
واللذان,1,4:16,1,7
والمؤتفكة,1,53:53,1,9
والمؤتون,1,4:162,1,8
والمؤلفة,1,9:60,1,8
والمؤمنين,1,33:35,1,9
والمتردية,1,5:3,1,9
والمتصدقات,1,33:35,1,10
والمتصدقين,1,33:35,1,10
والمجاهدون,1,4:95,1,10
والمجوس,1,22:17,1,7
والمرجفون,1,33:60,1,9
والمرسلات,1,77:1,1,9
والمروة,1,2:158,1,7
والمستغفرين,1,3:17,1,11
والمسكنة,1,2:61,1,8
والمسلمات,1,33:35,1,9
والمسيح,1,9:31,1,7
والمصدقات,1,57:18,1,9
والمطلقات,1,2:228,1,9
والمطلوب,1,22:73,1,8
والمعتر,1,22:36,1,7
والمغارب,1,70:40,1,8
والمغفرة,1,2:221,1,8
والمقيمي,1,22:35,1,8
والمقيمين,1,4:162,1,9
والمكذبين,1,73:11,1,9
والمنخنقة,1,5:3,1,9
والمنفقين,1,3:17,1,9
والموتى,1,6:36,1,7
والموعظة,1,16:125,1,8
والموفون,1,2:177,1,8
والموقوذة,1,5:3,1,9
والنار,1,47:12,1,6
والنازعات,1,79:1,1,9
والناشرات,1,77:3,1,9
والناشطات,1,79:2,1,9
والناهون,1,9:112,1,8
والنبي,1,5:81,1,6
والنبيون,1,3:84,1,8
والنخيل,1,16:11,1,7
والنذر,1,10:101,1,6
والنسل,1,2:205,1,6
والنطيحة,1,5:3,1,8
والنوم,1,25:47,1,6
والنوى,1,6:95,1,6
والهدى,1,2:159,1,6
والوالدات,1,2:233,1,9
والوتر,1,89:3,1,6
والوزن,1,7:8,1,6
وامتازوا,1,36:59,1,8
وامرأة,1,33:50,1,6
وامرأت,1,66:10,1,6
وامرأتان,1,2:282,1,8
وامرأتي,1,3:40,1,7
وامسحوا,1,5:6,1,7
وامضوا,1,15:65,1,6
وانتصروا,1,26:227,1,8
وانتظر,1,32:30,1,6
وانتظروا,1,11:122,1,8
وانحر,1,108:2,1,5
وانشق,1,54:1,1,5
وانشقت,1,69:16,1,6
وانصروا,1,21:68,1,7
وانطلق,1,38:6,1,6
وانظرنا,1,4:46,1,7
وانظروا,1,7:86,1,7
وانقلبوا,1,7:119,1,8
وانه,1,31:17,1,4
واهجرني,1,19:46,1,7
واهجرهم,1,73:10,1,7
واهجروهن,1,4:34,1,8
واهدنا,1,38:22,1,6
واهية,1,69:16,1,5
وبئر,1,22:45,1,4
وبارك,1,41:10,1,5
وباركنا,1,37:113,1,7
وباطنة,1,31:20,1,6
وباطنه,1,6:120,1,6
وبالآخرة,1,2:4,1,8
وبالأسحار,1,51:18,1,9
وبالذي,1,3:183,1,6
وبالرسول,1,24:47,1,8
وبالزبر,1,35:25,1,7
وبالكتاب,1,35:25,1,8
وبالليل,1,37:138,1,7
وبالمؤمنين,1,8:62,1,10
وبالنجم,1,16:16,1,7
وباليوم,1,2:8,1,7
وبدأ,1,32:7,1,4
وبدارا,1,4:6,1,6
وبداره,1,28:81,1,6
وبدلناهم,1,34:16,1,8
وبذلك,1,6:163,1,5
وبذي,1,4:36,1,4
وبرحمته,1,10:58,1,7
وبرسوله,1,9:54,1,7
وبرسولي,1,5:111,1,7
وبرق,1,2:19,1,4
وبركات,1,11:48,1,6
وبركاته,1,11:73,1,7
وبست,1,56:5,1,4
وبسر,1,74:22,1,4
وبشرناه,1,37:112,1,7
وبشروه,1,51:28,1,6
وبصدهم,1,4:160,1,6
وبصلها,1,2:61,1,6
وبطل,1,7:118,1,4
وبعثنا,1,5:12,1,6
وبعهد,1,6:152,1,5
وبعولتهن,1,2:228,1,8
وبقية,1,2:248,1,5
وبكفرهم,1,4:156,1,7
وبكلامي,1,7:144,1,7
وبكم,1,6:39,1,4
وبكما,1,17:97,1,5
وبكيا,1,19:58,1,5
وبلغ,1,46:15,1,4
وبلغت,1,33:10,1,5
وبلغنا,1,6:128,1,6
وبلوناهم,1,7:168,1,8
وبمن,1,27:47,1,4
وبناتك,1,33:59,1,6
وبناتكم,1,4:23,1,7
وبنعمة,1,29:67,1,6
وبنعمت,1,16:72,1,6
وبني,1,14:35,1,4
وبنينا,1,78:12,1,6
وبنيه,1,80:36,1,5
وبوأكم,1,7:74,1,6
وبيع,1,22:40,1,4
وبيلا,1,73:16,1,5
وبينات,1,2:185,1,6
وبينهما,1,7:46,1,7
وبينوا,1,2:160,1,6
وتأبى,1,9:8,1,5
وتأتون,1,29:29,1,6
وتأسرون,1,33:26,1,7
وتأكلون,1,89:19,1,7
وتؤتوها,1,2:271,1,7
وتؤوي,1,33:51,1,5
وتاب,1,58:13,1,4
وتالله,1,21:57,1,6
وتبارك,1,43:85,1,6
وتبتل,1,73:8,1,5
وتبرئ,1,5:110,1,5
وتبغونها,1,7:86,1,8
وتبين,1,14:45,1,5
وتتخذون,1,26:129,1,7
وتتلقاهم,1,21:103,1,8
وتثبيتا,1,2:265,1,7
وتجارة,1,9:24,1,6
وتجاهدون,1,61:11,1,8
وتحبون,1,89:20,1,6
وتحرير,1,4:92,1,6
وتحسبهم,1,18:18,1,7
وتحسبونه,1,24:15,1,8
وتحشرون,1,3:12,1,7
وتحمل,1,16:7,1,5
وتحيتهم,1,10:10,1,7
وتخر,1,19:90,1,4
وتخرجون,1,2:85,1,7
وتخشى,1,33:37,1,5
وتخفون,1,6:91,1,6
وتخفي,1,33:37,1,5
وتخلت,1,84:4,1,5
وتخلقون,1,29:17,1,7
وتخونوا,1,8:27,1,7
وتدعوا,1,47:35,1,6
وتدعونني,1,40:41,1,8
وتدلوا,1,2:188,1,6
وتذكيري,1,10:71,1,7
وتذل,1,3:26,1,4
وتذهب,1,8:46,1,5
وتذوقوا,1,16:94,1,7
وتربصتم,1,57:14,1,7
وترجون,1,4:104,1,6
وترحمنا,1,7:23,1,7
وترحمني,1,11:47,1,7
وترزق,1,3:27,1,5
وترغبون,1,4:127,1,7
وتركتم,1,6:94,1,6
وتركهم,1,2:17,1,6
وتركوك,1,62:11,1,6
وترهقهم,1,10:27,1,7
وتزكيهم,1,9:103,1,7
وتزودوا,1,2:197,1,7
وتسبحوه,1,48:9,1,7
وتسبيحه,1,24:41,1,7
وتستخرجوا,1,16:14,1,9
وتستخرجون,1,35:12,1,9
وتسعون,1,38:23,1,6
وتسلموا,1,24:27,1,7
وتسليما,1,33:22,1,7
وتسود,1,3:106,1,5
وتسير,1,52:10,1,5
وتشاور,1,2:233,1,6
وتشتكي,1,58:1,1,6
وتشهد,1,36:65,1,5
وتصدق,1,12:88,1,5
وتصدون,1,7:86,1,6
وتصدية,1,8:35,1,6
وتصف,1,16:62,1,4
وتصفحوا,1,64:14,1,7
وتصلحوا,1,2:224,1,7
وتصلية,1,56:94,1,6
وتضحكون,1,53:60,1,7
وتضع,1,22:2,1,4
وتعاونوا,1,5:2,1,8
وتعز,1,3:26,1,4
وتعزروه,1,48:9,1,7
وتعلم,1,9:43,1,5
وتعمل,1,33:31,1,5
وتعيها,1,69:12,1,6
وتغشى,1,14:50,1,5
وتغفروا,1,64:14,1,7
وتفاخر,1,57:20,1,6
وتفريقا,1,9:107,1,7
وتفقد,1,27:20,1,5
وتقبل,1,14:40,1,5
وتقسطوا,1,60:8,1,7
وتقطعت,1,2:166,1,6
وتقطعون,1,29:29,1,7
وتقلبك,1,26:219,1,6
وتقواها,1,91:8,1,7
وتقول,1,50:30,1,5
وتقولوا,1,43:13,1,7
وتقولون,1,24:15,1,7
وتكاثر,1,57:20,1,6
وتكتموا,1,2:42,1,7
وتكتمون,1,3:71,1,7
وتكفرون,1,2:85,1,7
وتكلمنا,1,36:65,1,7
وتلذ,1,43:71,1,4
وتله,1,37:103,1,4
وتماثيل,1,34:13,1,7
وتمتعوا,1,77:46,1,7
وتناجوا,1,58:9,1,7
وتنازعتم,1,3:152,1,8
وتنزع,1,3:26,1,5
وتنشق,1,19:90,1,5
وتنهون,1,3:110,1,6
وتهدي,1,7:155,1,5
وتوبوا,1,24:31,1,6
وتودون,1,8:7,1,6
وتوفى,1,16:111,1,5
وتوفيقا,1,4:62,1,7
وتوقروه,1,48:9,1,7
وتول,1,37:178,1,4
وتولج,1,3:27,1,5
وثاقه,1,89:26,1,5
وثامنهم,1,18:22,1,7
وثقالا,1,9:41,1,6
وثلة,1,56:40,1,4
وثلثه,1,73:20,1,5
وثمانية,1,69:7,1,7
وثيابك,1,74:4,1,6
وجئتك,1,27:22,1,5
وجئتكم,1,3:50,1,6
وجاءته,1,11:74,1,6
وجاءك,1,11:120,1,5
وجاءكم,1,35:37,1,6
وجاءه,1,11:78,1,5
وجادلهم,1,16:125,1,7
وجادلوا,1,40:5,1,7
وجاعل,1,3:55,1,5
وجاعلوه,1,28:7,1,7
وجاهد,1,9:19,1,5
وجاهدهم,1,25:52,1,7
وجبت,1,22:36,1,4
وجحدوا,1,27:14,1,6
وجحيما,1,73:12,1,6
وجدت,1,27:23,1,4
وجدتها,1,27:24,1,6
وجدكم,1,65:6,1,5
وجدناه,1,38:44,1,6
وجدوا,1,12:65,1,5
وجرين,1,10:22,1,5
وجزاء,1,42:40,1,5
وجزاهم,1,76:12,1,6
وجعلت,1,74:12,1,5
وجعلكم,1,5:20,1,6
وجعلها,1,43:28,1,6
وجفان,1,34:13,1,5
وجلة,1,23:60,1,4
وجلودهم,1,41:20,1,7
وجلون,1,15:52,1,5
وجنت,1,56:89,1,4
وجنوبهم,1,9:35,1,7
وجنود,1,26:95,1,5
وجنودا,1,33:9,1,6
وجنى,1,55:54,1,4
وجهاد,1,9:24,1,5
وجهة,1,2:148,1,4
وجهت,1,6:79,1,4
وجهرا,1,16:75,1,5
وجهركم,1,6:3,1,6
وجوها,1,4:47,1,5
وحاجه,1,6:80,1,5
وحال,1,11:43,1,4
وحب,1,50:9,1,3
وحبط,1,11:16,1,4
وحبل,1,3:112,1,4
وحجرا,1,25:53,1,5
وحدائق,1,80:30,1,6
وحرام,1,21:95,1,5
وحرث,1,6:138,1,4
وحرض,1,4:84,1,4
وحرمنا,1,28:12,1,6
وحرموا,1,6:140,1,6
وحريرا,1,76:12,1,6
وحزنا,1,28:8,1,5
وحزني,1,12:86,1,5
وحسبوا,1,5:71,1,6
وحسنت,1,18:31,1,5
وحشر,1,27:17,1,4
وحشرنا,1,6:111,1,6
وحشرناهم,1,18:47,1,8
وحصل,1,100:10,1,4
وحصورا,1,3:39,1,6
وحصيد,1,11:100,1,5
وحفدة,1,16:72,1,5
وحفظناها,1,15:17,1,8
وحففناهما,1,18:32,1,9
وحق,1,41:25,1,3
وحكما,1,4:35,1,5
وحكمة,1,3:81,1,5
وحلائل,1,4:23,1,6
وحلالا,1,10:59,1,6
وحلوا,1,76:21,1,5
وحمر,1,35:27,1,4
وحملت,1,69:14,1,5
وحملناه,1,54:13,1,7
وحملناهم,1,17:70,1,8
وحمله,1,46:15,1,5
وحملها,1,33:72,1,6
وحميم,1,56:42,1,5
وحنانا,1,19:13,1,6
وحور,1,56:22,1,4
وحي,1,53:4,1,3
وحيا,1,42:51,1,4
وحيدا,1,74:11,1,5
وحيل,1,34:54,1,4
وحيه,1,20:114,1,4
وخاب,1,14:15,1,4
وخاتم,1,33:40,1,5
وخاف,1,14:14,1,4
وخافون,1,3:175,1,6
وخالاتكم,1,4:23,1,8
وخذ,1,38:44,1,3
وخذوا,1,4:102,1,5
وخذوهم,1,9:5,1,6
وخرقوا,1,6:100,1,6
وخروا,1,12:100,1,5
وخسف,1,75:8,1,4
وخشعت,1,20:108,1,5
وخشي,1,36:11,1,4
وخضتم,1,9:69,1,5
وخلقنا,1,36:42,1,6
وخلقناكم,1,78:8,1,8
وخلقهم,1,6:100,1,6
وخيفة,1,7:205,1,5
وداعيا,1,33:46,1,6
ودانية,1,76:14,1,6
وداوود,1,21:78,1,6
ودت,1,3:69,1,3
ودرسوا,1,7:169,1,6
ودسر,1,54:13,1,4
ودع,1,33:48,1,3
ودعك,1,93:3,1,4
ودم,1,16:66,1,3
ودمرنا,1,7:137,1,6
ودود,1,11:90,1,4
ودون,1,7:205,1,4
وديارهم,1,33:27,1,7
ودية,1,4:92,1,4
وذات,1,18:18,1,4
وذر,1,6:70,1,3
وذرني,1,73:11,1,5
وذرياتنا,1,25:74,1,8
وذرية,1,13:38,1,5
وذريته,1,18:50,1,6
وذريتها,1,3:36,1,7
وذكرا,1,21:48,1,5
وذكرهم,1,14:5,1,6
وذكروا,1,26:227,1,6
وذلة,1,7:152,1,4
وذلكم,1,41:23,1,5
وذللت,1,76:14,1,5
وذللناها,1,36:72,1,8
وذو,1,41:43,1,3
وذي,1,2:83,1,3
ورأى,1,18:53,1,4
ورأيت,1,110:2,1,5
ورأيتهم,1,63:5,1,7
ورئاء,1,8:47,1,5
ورئيا,1,19:74,1,5
وراءه,1,2:91,1,5
ورائكم,1,4:102,1,6
ورائي,1,19:5,1,5
ورابطوا,1,3:200,1,7
وراعنا,1,4:46,1,6
ورافعك,1,3:55,1,6
وراودته,1,12:23,1,7
وربائبكم,1,4:23,1,8
وربطنا,1,18:14,1,6
ورتل,1,73:4,1,4
ورتلناه,1,25:32,1,7
ورثة,1,26:85,1,4
ورثوا,1,7:169,1,5
ورجلا,1,39:29,1,5
ورجلك,1,17:64,1,5
ورحمت,1,43:32,1,5
ورحمتي,1,7:156,1,6
وردا,1,19:86,1,4
وردة,1,55:37,1,4
وردوا,1,10:30,1,5
وردوها,1,21:99,1,6
ورزقا,1,16:67,1,5
ورزقني,1,11:88,1,6
ورسالاته,1,72:23,1,8
ورسلنا,1,43:80,1,6
ورسول,1,43:29,1,5
ورسولا,1,3:49,1,6
ورضي,1,20:109,1,4
ورضيت,1,5:3,1,5
ورعد,1,2:19,1,4
ورفعناه,1,19:57,1,7
ورقة,1,6:59,1,4
ورماحكم,1,5:94,1,7
ورمان,1,55:68,1,5
ورهبا,1,21:90,1,5
ورهبانا,1,5:82,1,7
ورهبانهم,1,9:31,1,8
ورهبانية,1,57:27,1,8
ورواحها,1,34:12,1,7
وروح,1,4:171,1,4
وريحان,1,56:89,1,6
وريشا,1,7:26,1,5
وزادكم,1,7:69,1,6
وزاده,1,2:247,1,5
وزادهم,1,25:60,1,6
وزخرفا,1,43:35,1,6
وزدناهم,1,18:13,1,7
وزرا,1,20:100,1,4
وزرابي,1,88:16,1,6
وزرع,1,13:4,1,4
وزرك,1,94:2,1,4
وزفيرا,1,25:12,1,6
وزكاة,1,19:13,1,5
وزلفا,1,11:114,1,5
وزنا,1,18:105,1,4
وزنوهم,1,83:3,1,6
وزهق,1,17:81,1,4
وزوجه,1,2:102,1,5
وزيادة,1,10:26,1,6
وزيتونا,1,80:29,1,7
وزينا,1,41:12,1,5
وزينه,1,49:7,1,5
وسار,1,28:29,1,4
وسارب,1,13:10,1,5
وسارعوا,1,3:133,1,7
وسبحه,1,76:26,1,5
وسبحوا,1,32:15,1,6
وسبحوه,1,33:42,1,6
وسبعة,1,2:196,1,5
وسبلا,1,16:15,1,5
وستردون,1,9:105,1,7
وسخرنا,1,21:79,1,6
وسرابيل,1,16:81,1,7
وسراجا,1,33:46,1,6
وسرحوهن,1,33:49,1,7
وسررا,1,43:34,1,5
وسرورا,1,76:11,1,6
وسطا,1,2:143,1,4
وسعة,1,4:100,1,4
وسعيد,1,11:105,1,5
وسعيرا,1,76:4,1,6
وسفرا,1,9:42,1,5
وسق,1,84:17,1,3
وسقاهم,1,76:21,1,6
وسقوا,1,47:15,1,5
وسقياها,1,91:13,1,7
وسكنتم,1,14:45,1,6
وسلك,1,20:53,1,4
وسلموا,1,33:56,1,6
وسمعنا,1,32:12,1,6
وسمعهم,1,16:108,1,6
وسنجزي,1,3:145,1,6
وسنزيد,1,2:58,1,6
وسنقول,1,18:88,1,6
وسواء,1,36:10,1,5
وسيجزي,1,3:144,1,6
وسيجنبها,1,92:17,1,8
وسيحبط,1,47:32,1,6
وسيحلفون,1,9:42,1,8
وسيدا,1,3:39,1,5
وسيرت,1,78:20,1,5
وسيرى,1,9:94,1,5
وسيصلون,1,4:10,1,7
وشاركهم,1,17:64,1,7
وشاقوا,1,47:32,1,6
وشاهد,1,85:3,1,5
وشاورهم,1,3:159,1,7
وشجرة,1,23:20,1,5
وشرابك,1,2:259,1,6
وشركاءكم,1,10:71,1,8
وشركاؤكم,1,10:28,1,8
وشروه,1,12:20,1,5
وشفتين,1,90:9,1,6
وشقاق,1,38:2,1,5
وشمال,1,34:15,1,5
وشهبا,1,72:8,1,5
وشهيد,1,50:21,1,5
وشهيق,1,11:106,1,5
وشيء,1,34:16,1,4
وشيبة,1,30:54,1,5
وصابروا,1,3:200,1,7
وصاحبهما,1,31:15,1,8
وصالح,1,66:4,1,5
وصبروا,1,16:110,1,6
وصبغ,1,23:20,1,4
وصدف,1,6:157,1,4
وصدقت,1,66:12,1,5
وصدها,1,27:43,1,5
وصدوكم,1,48:25,1,6
وصفهم,1,6:139,1,5
وصل,1,9:103,1,3
وصلنا,1,28:51,1,5
وصما,1,17:97,1,4
وصهرا,1,25:54,1,5
وصى,1,42:13,1,3
وصيلة,1,5:103,1,5
وضائق,1,11:12,1,5
وضحاها,1,91:1,1,6
وضربنا,1,14:45,1,6
وضع,1,3:96,1,3
وضعت,1,3:36,1,4
وضعف,1,17:75,1,4
وضعها,1,55:10,1,5
وضلوا,1,5:77,1,5
وضياء,1,21:48,1,5
وطئا,1,73:6,1,4
وطعام,1,5:5,1,5
وطعاما,1,73:13,1,6
وطعامكم,1,5:5,1,7
وطعامه,1,5:96,1,6
وطعنا,1,4:46,1,5
وطعنوا,1,9:12,1,6
وطلح,1,56:29,1,4
وطهر,1,22:26,1,4
وطهرك,1,3:42,1,5
وطور,1,95:2,1,4
وظالم,1,37:113,1,5
وظاهره,1,57:13,1,6
وظاهروا,1,60:9,1,7
وظلالهم,1,13:15,1,7
وظلما,1,4:30,1,5
وظلها,1,13:35,1,5
وظننتم,1,48:12,1,6
وظهر,1,9:48,1,4
وظهورهم,1,9:35,1,7
وعاشروهن,1,4:19,1,8
وعباد,1,25:63,1,5
وعبد,1,5:60,1,4
وعبقري,1,55:76,1,6
وعجبوا,1,38:4,1,6
وعجلت,1,20:84,1,5
وعدتنا,1,3:194,1,6
وعدتهم,1,40:8,1,6
وعدده,1,104:2,1,5
وعدسها,1,2:61,1,6
وعدك,1,11:45,1,4
وعدلا,1,6:115,1,5
وعدناه,1,28:61,1,6
وعدناهم,1,43:42,1,7
وعدو,1,20:39,1,4
وعدوا,1,10:90,1,5
وعدوه,1,9:77,1,5
وعذابا,1,73:13,1,6
وعذب,1,9:26,1,4
وعذبناها,1,65:8,1,8
وعربي,1,41:44,1,5
وعرضنا,1,18:100,1,6
وعرضوا,1,18:48,1,6
وعزرتموهم,1,5:12,1,9
وعزروه,1,7:157,1,6
وعزني,1,38:23,1,5
وعشرا,1,2:234,1,5
وعشيرتكم,1,9:24,1,8
وعصيتم,1,3:152,1,6
وعظهم,1,4:63,1,5
وعفا,1,2:187,1,4
وعقبى,1,13:35,1,5
وعلامات,1,16:16,1,7
وعلمتم,1,6:91,1,6
وعلمتني,1,12:101,1,7
وعلمك,1,4:113,1,5
وعلمه,1,2:251,1,5
وعلوا,1,27:14,1,5
وعليكم,1,24:54,1,6
وعلينا,1,13:40,1,6
وعليهم,1,42:16,1,6
وعماتكم,1,4:23,1,7
وعمارة,1,9:19,1,6
وعمروها,1,30:9,1,7
وعمله,1,66:11,1,5
وعميانا,1,25:73,1,7
وعنب,1,17:91,1,4
وعنبا,1,80:28,1,5
وعنت,1,20:111,1,4
وعندنا,1,50:4,1,6
وعهدنا,1,2:125,1,6
وغدوا,1,68:25,1,5
وغرابيب,1,35:27,1,7
وغركم,1,57:14,1,5
وغرهم,1,3:24,1,5
وغساق,1,38:57,1,5
وغساقا,1,78:25,1,6
وغفر,1,42:43,1,4
وغلقت,1,12:23,1,5
وغواص,1,38:37,1,5
وغيض,1,11:44,1,4
وفاقا,1,78:26,1,5
وفتح,1,61:13,1,4
وفتناك,1,20:40,1,6
وفدا,1,19:85,1,4
وفديناه,1,37:107,1,7
وفرادى,1,34:46,1,6
وفرش,1,56:34,1,4
وفرشا,1,6:142,1,5
وفرضناها,1,24:1,1,8
وفرعها,1,14:24,1,6
وفريق,1,42:7,1,5
وفساد,1,8:73,1,5
وفصل,1,38:20,1,4
وفصيلته,1,70:13,1,7
وفضلا,1,2:268,1,5
وفعلت,1,26:19,1,5
وفواكه,1,77:42,1,6
وفوق,1,12:76,1,4
وفومها,1,2:61,1,6
وفى,1,53:37,1,3
وفيه,1,12:49,1,4
وقائما,1,39:9,1,6
وقابل,1,40:3,1,5
وقاتل,1,57:10,1,5
وقارا,1,71:13,1,5
وقاسمهما,1,7:21,1,8
وقالا,1,27:15,1,5
وقب,1,113:3,1,3
وقبائل,1,49:13,1,6
وقبيله,1,7:27,1,6
وقتل,1,2:251,1,4
وقتلت,1,20:40,1,5
وقثائها,1,2:61,1,7
وقدت,1,12:25,1,4
وقدرنا,1,34:18,1,6
وقدره,1,10:5,1,5
وقدمنا,1,25:23,1,6
وقدموا,1,2:223,1,6
وقدور,1,34:13,1,5
وقرآنا,1,17:106,1,6
وقرآنه,1,75:17,1,6
وقربناه,1,19:52,1,7
وقرن,1,33:33,1,4
وقرونا,1,25:38,1,6
وقري,1,19:26,1,4
وقص,1,28:25,1,3
وقصر,1,22:45,1,4
وقضبا,1,80:28,1,5
وقضى,1,17:23,1,4
وقطعن,1,12:31,1,5
وقطعنا,1,7:72,1,6
وقعد,1,9:90,1,4
وقعدوا,1,3:168,1,6
وقفوهم,1,37:24,1,6
وقلبوا,1,9:48,1,6
وقلوبهن,1,33:53,1,7
وقمرا,1,25:61,1,5
وقود,1,3:10,1,4
وقول,1,47:21,1,4
وقومك,1,6:74,1,5
وقومها,1,27:24,1,6
وقومهم,1,27:51,1,6
وقوموا,1,2:238,1,6
وقياما,1,25:64,1,6
وقيضنا,1,41:25,1,6
وقيله,1,43:88,1,5
وكأس,1,56:18,1,4
وكأسا,1,78:34,1,5
وكادوا,1,7:150,1,6
وكبراءنا,1,33:67,1,8
وكبره,1,17:111,1,5
وكبير,1,54:53,1,5
وكذبتم,1,6:57,1,6
وكره,1,49:7,1,4
وكسوتهن,1,2:233,1,7
وكشفت,1,27:44,1,5
وكشفنا,1,23:75,1,6
وكف,1,48:20,1,3
وكفرت,1,61:14,1,5
وكفرتم,1,46:10,1,6
وكفرنا,1,40:84,1,6
وكفرهم,1,4:155,1,6
وكفلها,1,3:37,1,6
وكلبهم,1,18:18,1,6
وكلم,1,4:164,1,4
وكلما,1,11:38,1,5
وكلماته,1,7:158,1,7
وكلمة,1,9:40,1,5
وكلمته,1,4:171,1,6
وكلمه,1,7:143,1,5
وكلمهم,1,6:111,1,6
وكلنا,1,6:89,1,5
وكلهم,1,19:95,1,5
وكنوز,1,26:58,1,5
وكواعب,1,78:33,1,6
وكونوا,1,9:119,1,6
ولأبويه,1,4:11,1,7
ولأبين,1,43:63,1,6
ولأتم,1,2:150,1,5
ولأحل,1,3:50,1,5
ولأخي,1,7:151,1,5
ولأدخلناهم,1,5:65,1,10
ولأدخلنكم,1,5:12,1,9
ولأدخلنهم,1,3:195,1,9
ولأضلنهم,1,4:119,1,8
ولأغوينهم,1,15:39,1,9
ولأمة,1,2:221,1,5
ولأمنينهم,1,4:119,1,9
ولأوضعوا,1,9:47,1,8
ولإخواننا,1,59:10,1,9
ولات,1,38:3,1,4
ولاهم,1,2:142,1,5
ولايتهم,1,8:72,1,7
ولباس,1,7:26,1,5
ولبثت,1,26:18,1,5
ولبثوا,1,18:25,1,6
ولبيوتهم,1,43:34,1,8
ولتأت,1,4:102,1,5
ولتتقوا,1,7:63,1,7
ولتجدن,1,5:82,1,6
ولتجدنهم,1,2:96,1,8
ولتجري,1,30:46,1,6
ولتجزى,1,45:22,1,6
ولتسألن,1,16:93,1,7
ولتستبين,1,6:55,1,8
ولتسمعن,1,3:186,1,7
ولتصغى,1,6:113,1,6
ولتصنع,1,20:39,1,6
ولتعرفنهم,1,47:30,1,9
ولتعلم,1,28:13,1,6
ولتعلموا,1,17:12,1,8
ولتعلن,1,17:4,1,6
ولتكبروا,1,2:185,1,8
ولتكملوا,1,2:185,1,8
ولتكن,1,3:104,1,5
ولتكون,1,48:20,1,6
ولتكونن,1,39:65,1,7
ولتنازعتم,1,8:43,1,9
ولتنذر,1,6:92,1,6
ولتنصرنه,1,3:81,1,8
ولتنظر,1,59:18,1,6
ولدت,1,19:33,1,4
ولدنهم,1,58:2,1,6
ولده,1,31:33,1,4
ولذكر,1,29:45,1,5
ولذلك,1,11:119,1,5
ولربك,1,74:7,1,5
ولرسوله,1,63:8,1,7
ولزوجك,1,20:117,1,6
ولسانا,1,90:9,1,6
ولستم,1,2:267,1,5
ولعب,1,29:64,1,4
ولعبد,1,2:221,1,5
ولعلا,1,23:91,1,5
ولعنه,1,4:93,1,5
ولعنوا,1,5:64,1,6
ولقاهم,1,76:11,1,6
ولقومك,1,43:44,1,6
ولك,1,28:9,1,3
ولكنه,1,7:176,1,5
ولكنهم,1,9:56,1,6
وللأرض,1,41:11,1,6
وللبسنا,1,6:9,1,7
وللدار,1,6:32,1,6
وللذين,1,67:6,1,6
وللرجال,1,2:228,1,7
وللسيارة,1,5:96,1,8
وللمطلقات,1,2:241,1,9
ولملئت,1,18:18,1,6
ولنا,1,2:139,1,4
ولنبينه,1,6:105,1,7
ولنجزين,1,16:96,1,7
ولنجعلك,1,2:259,1,7
ولنجعله,1,19:21,1,7
ولنحمل,1,29:12,1,6
ولنخرجنهم,1,27:37,1,9
ولنرسلن,1,7:134,1,7
ولنسألن,1,7:6,1,7
ولنسكننكم,1,14:14,1,9
ولنصبرن,1,14:12,1,7
ولنعلمه,1,12:21,1,7
ولنعم,1,16:30,1,5
ولنكونن,1,9:75,1,7
ولهديناهم,1,4:68,1,9
ولهوا,1,6:70,1,5
ولوالديك,1,31:14,1,8
ولوموا,1,14:22,1,6
وليأتينهم,1,29:53,1,9
وليؤمنوا,1,2:186,1,8
وليال,1,89:2,1,5
وليبتلي,1,3:154,1,7
وليبدلنهم,1,24:55,1,9
وليبكوا,1,9:82,1,7
وليبلي,1,8:17,1,6
وليبينن,1,16:92,1,7
وليتبروا,1,17:7,1,8
وليتذكر,1,38:29,1,7
وليتلطف,1,18:19,1,7
وليتمتعوا,1,29:66,1,9
وليجة,1,9:16,1,5
وليجدوا,1,9:123,1,7
وليحكم,1,5:47,1,6
وليحلفن,1,9:107,1,7
وليحملن,1,29:13,1,7
وليخزي,1,59:5,1,6
وليخش,1,4:9,1,5
وليدا,1,26:18,1,5
وليدخلوا,1,17:7,1,8
وليدع,1,40:26,1,5
وليذكر,1,14:52,1,6
وليذيقكم,1,30:46,1,8
وليربط,1,8:11,1,6
وليرضوه,1,6:113,1,7
وليسألن,1,29:13,1,7
وليسألوا,1,60:10,1,8
وليست,1,4:18,1,5
وليستعفف,1,24:33,1,8
وليشهد,1,24:2,1,6
وليصفحوا,1,24:22,1,8
وليضربن,1,24:31,1,7
وليطوفوا,1,22:29,1,8
وليعفوا,1,24:22,1,7
وليعلموا,1,14:52,1,8
وليقترفوا,1,6:113,1,9
وليقول,1,74:31,1,6
وليكتب,1,2:282,1,6
وليكم,1,5:55,1,5
وليكون,1,6:75,1,6
وليكونا,1,12:32,1,7
وليلبسوا,1,6:137,1,8
وليمسنكم,1,36:18,1,8
وليمكنن,1,24:55,1,7
وليملل,1,2:282,1,6
ولينصرن,1,22:40,1,7
وليه,1,2:282,1,4
وليهما,1,3:122,1,6
وليوفوا,1,22:29,1,7
وليوفيهم,1,46:19,1,8
وماء,1,56:31,1,4
وماذا,1,4:39,1,5
وماروت,1,2:102,1,6
ومتعناهم,1,10:98,1,8
ومتعوهن,1,2:236,1,7
ومثواكم,1,47:19,1,7
ومحرم,1,6:139,1,5
ومحياي,1,6:162,1,6
ومخرج,1,6:95,1,5
ومرساها,1,11:41,1,7
ومرعاها,1,79:31,1,7
ومريم,1,66:12,1,5
ومزاجه,1,83:27,1,6
ومزقناهم,1,34:19,1,8
ومساجد,1,22:40,1,6
ومساكنكم,1,21:13,1,8
ومستودع,1,6:98,1,7
ومستودعها,1,11:6,1,9
ومشارب,1,36:73,1,6
ومشهود,1,85:3,1,6
ومصيرا,1,25:15,1,6
ومضى,1,43:8,1,4
ومطهرك,1,3:55,1,6
ومعارج,1,43:33,1,6
ومعين,1,23:50,1,5
ومغاربها,1,7:137,1,8
ومغانم,1,48:19,1,6
ومقتا,1,4:22,1,5
ومقصرين,1,48:27,1,7
ومكرنا,1,27:50,1,6
وملأه,1,10:88,1,5
وملئهم,1,10:83,1,6
وملك,1,20:120,1,4
وملكا,1,76:20,1,5
ومماتهم,1,45:21,1,7
ومماتي,1,6:162,1,6
ومناة,1,53:20,1,5
ومنك,1,33:7,1,4
ومنه,1,16:10,1,4
ومنهاجا,1,5:48,1,7
ومهدت,1,74:14,1,5
ومهلهم,1,73:11,1,6
ومهيمنا,1,5:48,1,7
ومواليكم,1,33:5,1,8
وميثاقه,1,5:7,1,7
وميكال,1,2:98,1,6
وناداهما,1,7:22,1,8
ونباتا,1,78:15,1,6
ونبلو,1,47:31,1,5
ونبلوكم,1,21:35,1,7
ونبيا,1,3:39,1,5
ونتبع,1,14:44,1,5
ونتجاوز,1,46:16,1,7
ونجنا,1,10:86,1,5
ونجينا,1,41:18,1,6
ونجيناهم,1,11:58,1,8
ونجيناهما,1,37:115,1,9
ونحاس,1,55:35,1,5
ونحشر,1,20:102,1,5
ونحشره,1,20:124,1,6
ونحشرهم,1,17:97,1,7
ونحفظ,1,12:65,1,5
ونخرج,1,17:13,1,5
ونخزى,1,20:134,1,5
ونخلا,1,80:29,1,5
ونخوفهم,1,17:60,1,7
ونخيل,1,13:4,1,5
ونداء,1,2:171,1,5
وندخلكم,1,4:31,1,7
وندخلهم,1,4:57,1,7
ونذرهم,1,6:110,1,6
ونذكرك,1,20:34,1,6
ونذير,1,5:19,1,5
ونذيقه,1,22:9,1,6
ونراه,1,70:7,1,5
ونرثه,1,19:80,1,5
ونرد,1,6:71,1,4
ونري,1,28:6,1,4
ونريد,1,28:5,1,5
ونزداد,1,12:65,1,6
ونزل,1,25:25,1,4
ونزلناه,1,17:106,1,7
ونساءكم,1,3:61,1,7
ونساءنا,1,3:61,1,7
ونستحيي,1,7:127,1,7
ونسرا,1,71:23,1,5
ونسقيه,1,25:49,1,6
ونسكي,1,6:162,1,5
ونسوا,1,5:13,1,5
ونسوق,1,19:86,1,5
ونسوه,1,58:6,1,5
ونصرناه,1,21:77,1,7
ونصرناهم,1,37:116,1,8
ونصروه,1,7:157,1,6
ونصفه,1,73:20,1,5
ونصله,1,4:115,1,5
ونصيرا,1,25:31,1,6
ونضع,1,21:47,1,4
ونطبع,1,7:100,1,5
ونطمع,1,5:84,1,5
ونعمه,1,89:15,1,5
ونعيم,1,52:17,1,5
ونفاقا,1,9:97,1,6
ونفس,1,91:7,1,4
ونفصل,1,9:11,1,5
ونفضل,1,13:4,1,5
ونفور,1,67:21,1,5
ونقدس,1,2:30,1,5
ونقر,1,22:5,1,4
ونقلب,1,6:110,1,5
ونقلبهم,1,18:18,1,7
ونكتب,1,36:12,1,5
ونكفر,1,4:150,1,5
ونلعب,1,9:65,1,5
ونمارق,1,88:15,1,6
ونمد,1,19:79,1,4
ونمكن,1,28:6,1,5
ونمنعكم,1,4:141,1,7
ونمير,1,12:65,1,5
وننزل,1,17:82,1,5
وننشئكم,1,56:61,1,7
ونهارا,1,71:5,1,6
ونهر,1,54:54,1,4
ونهوا,1,22:41,1,5
ونهى,1,79:40,1,4
ونودوا,1,7:43,1,6
ونورهم,1,57:19,1,6
ونيسرك,1,87:8,1,6
وهؤلاء,1,17:20,1,6
وهاجا,1,78:13,1,5
وهبت,1,33:50,1,4
وهبنا,1,19:49,1,5
وهداه,1,16:121,1,5
وهديناه,1,90:10,1,7
وهديناهم,1,6:87,1,8
وهديناهما,1,37:118,1,9
وهذه,1,43:51,1,4
وهزي,1,19:25,1,4
وهما,1,46:17,1,4
وهمت,1,40:5,1,4
وهنا,1,31:14,1,4
وهنوا,1,3:146,1,5
وهيئ,1,18:10,1,4
وواعدنا,1,7:142,1,7
وواعدناكم,1,20:80,1,9
ووالد,1,90:3,1,5
ووجدوا,1,18:49,1,6
وودوا,1,60:2,1,5
وورث,1,27:16,1,4
وورثه,1,4:11,1,5
ووري,1,7:20,1,4
ووصى,1,2:132,1,4
ووضعته,1,46:15,1,6
ووضعنا,1,94:2,1,6
ووعدتكم,1,14:22,1,7
ووقانا,1,52:27,1,6
ووقع,1,27:85,1,4
وولده,1,71:21,1,5
ويأبى,1,9:32,1,5
ويأتوكم,1,3:125,1,7
ويأتينا,1,19:80,1,7
ويأتيه,1,14:17,1,6
ويأخذ,1,9:104,1,5
ويأكلون,1,47:12,1,7
ويأمركم,1,2:268,1,7
ويأمنوا,1,4:91,1,7
ويؤتوا,1,98:5,1,6
ويؤثرون,1,59:9,1,7
ويؤمنون,1,40:7,1,7
ويبسط,1,2:245,1,5
ويبسطوا,1,60:2,1,7
ويبصرون,1,68:5,1,7
ويبطل,1,8:8,1,5
ويبغون,1,42:42,1,6
ويبقى,1,55:27,1,5
ويتجنبها,1,87:11,1,8
ويتخذها,1,31:6,1,7
ويتخطف,1,29:67,1,6
ويتربص,1,9:98,1,6
ويتعد,1,4:14,1,5
ويتعلمون,1,2:102,1,8
ويتفكرون,1,3:191,1,8
ويتقه,1,24:52,1,5
ويتلوه,1,11:17,1,6
ويتمتعوا,1,15:3,1,8
ويتناجون,1,58:8,1,8
ويتولوا,1,9:50,1,7
ويتيما,1,76:8,1,6
ويجادل,1,18:56,1,6
ويجركم,1,46:31,1,6
ويجزي,1,53:31,1,5
ويجزيهم,1,39:35,1,7
ويجعلكم,1,27:62,1,7
ويجعله,1,30:48,1,6
ويحب,1,2:222,1,4
ويحبون,1,3:188,1,6
ويحبونه,1,5:54,1,7
ويحرم,1,7:157,1,5
ويحرمونه,1,9:37,1,8
ويحفظن,1,24:31,1,6
ويحفظوا,1,24:30,1,7
ويحمل,1,69:17,1,5
ويحيي,1,30:19,1,5
ويختار,1,28:68,1,6
ويخرجكم,1,71:18,1,7
ويخرجهم,1,5:16,1,7
ويخرون,1,17:109,1,6
ويخزهم,1,9:14,1,6
ويخش,1,24:52,1,4
ويخشون,1,13:21,1,6
ويخشونه,1,33:39,1,7
ويخلد,1,25:69,1,5
ويخلق,1,16:8,1,5
ويخوفونك,1,39:36,1,8
ويدخله,1,64:9,1,6
ويدرأ,1,24:8,1,5
ويدع,1,17:11,1,4
ويدعون,1,68:42,1,6
ويدعوننا,1,21:90,1,8
ويذبحون,1,14:6,1,7
ويذرك,1,7:127,1,5
ويذرهم,1,7:186,1,6
ويذكر,1,24:36,1,5
ويذكروا,1,22:28,1,7
ويذهبا,1,20:63,1,6
ويذيق,1,6:65,1,5
ويربي,1,2:276,1,5
ويرث,1,19:6,1,4
ويرجو,1,39:9,1,5
ويرجون,1,17:57,1,6
ويرحم,1,29:21,1,5
ويرزقه,1,65:3,1,6
ويرضى,1,53:26,1,5
ويرضين,1,33:51,1,6
ويرى,1,34:6,1,4
ويزداد,1,74:31,1,6
ويزدكم,1,11:52,1,6
ويزكيكم,1,2:151,1,7
ويزيد,1,19:76,1,5
ويسألون,1,43:19,1,7
ويسارعون,1,3:114,1,8
ويسبح,1,13:13,1,5
ويسبحونه,1,7:206,1,8
ويستأذن,1,33:13,1,7
ويستبدل,1,9:39,1,7
ويستبشرون,1,3:170,1,9
ويستجيب,1,42:26,1,7
ويستحيي,1,28:4,1,7
ويستخرجا,1,18:82,1,8
ويستخلفكم,1,7:129,1,9
ويستغفروا,1,18:55,1,9
ويستغفرونه,1,5:74,1,10
ويستفتونك,1,4:127,1,9
ويستكبر,1,4:172,1,7
ويستنبئونك,1,10:53,1,10
ويستهزأ,1,4:140,1,7
ويسر,1,20:26,1,4
ويسفك,1,2:30,1,5
ويسقون,1,76:17,1,6
ويسقى,1,14:16,1,5
ويسقين,1,26:79,1,6
ويسلموا,1,4:65,1,7
ويشترون,1,2:174,1,7
ويشرب,1,23:33,1,5
ويشف,1,9:14,1,4
ويشهد,1,2:204,1,5
ويصبر,1,12:90,1,5
ويصدكم,1,5:91,1,6
ويصرفه,1,24:43,1,6
ويصلح,1,47:5,1,5
ويصلى,1,84:12,1,5
ويصنع,1,11:38,1,5
ويضع,1,7:157,1,4
ويضل,1,14:27,1,4
ويضيق,1,26:13,1,5
ويطاف,1,76:15,1,5
ويطعمون,1,76:8,1,7
ويطهركم,1,33:33,1,7
ويطيعون,1,9:71,1,7
ويعظم,1,65:5,1,5
ويعف,1,42:34,1,4
ويعلمك,1,12:6,1,6
ويعلمه,1,3:48,1,6
ويعملون,1,21:82,1,7
ويعوق,1,71:23,1,5
ويعيد,1,85:13,1,5
ويفعل,1,14:27,1,5
ويقبضن,1,67:19,1,6
ويقبضون,1,9:67,1,7
ويقطع,1,8:7,1,5
ويقللكم,1,8:44,1,7
ويقولوا,1,54:2,1,7
ويقيموا,1,98:5,1,7
ويكأن,1,28:82,1,5
ويكأنه,1,28:82,1,6
ويكتمون,1,4:37,1,7
ويكشف,1,27:62,1,5
ويكفرون,1,2:91,1,7
ويكفوا,1,4:91,1,6
ويكلم,1,3:46,1,5
ويكور,1,39:5,1,5
ويكونون,1,19:82,1,7
ويلبسون,1,18:31,1,7
ويلتا,1,5:31,1,5
ويلتنا,1,18:49,1,6
ويلعب,1,12:12,1,5
ويلعن,1,29:25,1,5
ويلعنهم,1,2:159,1,7
ويلقوا,1,4:91,1,6
ويلقون,1,25:75,1,6
ويلك,1,46:17,1,4
ويلههم,1,15:3,1,6
ويمح,1,42:24,1,4
ويمحق,1,3:141,1,5
ويمددكم,1,71:12,1,7
ويمدهم,1,2:15,1,6
ويمسك,1,22:65,1,5
ويمشون,1,25:20,1,6
ويمشي,1,25:7,1,5
ويمكر,1,8:30,1,5
ويمكرون,1,8:30,1,7
ويمنعون,1,107:7,1,7
ويمنيهم,1,4:120,1,7
وينأون,1,6:26,1,6
وينجي,1,39:61,1,5
وينذر,1,18:4,1,5
وينشئ,1,13:12,1,5
وينشر,1,42:28,1,5
وينصرك,1,48:3,1,6
وينصركم,1,9:14,1,7
وينصرون,1,59:8,1,7
وينعه,1,6:99,1,5
وينفقوا,1,14:31,1,7
وينقلب,1,84:9,1,6
وينهاهم,1,7:157,1,7
وينهى,1,16:90,1,5
ويهب,1,42:49,1,4
ويهديك,1,48:2,1,6
ويهديه,1,22:4,1,6
ويهلك,1,2:205,1,5
ويهيئ,1,18:16,1,5
ويوسف,1,6:84,1,5
ويولون,1,54:45,1,6
ويومئذ,1,30:4,1,6
يأتك,1,19:43,1,4
يأتل,1,24:22,1,4
يأتمرون,1,28:20,1,7
يأته,1,20:75,1,4
يأتوكم,1,2:85,1,6
يأتونك,1,25:33,1,6
يأتوننا,1,19:38,1,7
يأتوني,1,27:38,1,6
يأتيانها,1,4:16,1,8
يأتيك,1,15:99,1,5
يأتينك,1,2:260,1,6
يأتيها,1,16:112,1,6
يأخذ,1,18:79,1,4
يأخذه,1,20:39,1,5
يأخذوا,1,7:145,1,6
يأخذون,1,7:169,1,6
يأخذونها,1,48:19,1,8
يأخذوه,1,7:169,1,6
يأكلان,1,5:75,1,6
يأكلن,1,12:48,1,5
يأكلوا,1,15:3,1,6
يألمون,1,4:104,1,6
يألونكم,1,3:118,1,7
يأمرهم,1,7:157,1,6
يأمن,1,7:99,1,4
يأمنوكم,1,4:91,1,7
يأن,1,57:16,1,3
يؤاخذهم,1,18:58,1,7
يؤتوا,1,24:22,1,5
يؤتين,1,18:40,1,5
يؤثر,1,74:24,1,4
يؤذي,1,33:53,1,4
يؤذين,1,33:59,1,5
يؤلف,1,24:43,1,4
يؤلون,1,2:226,1,5
يؤيد,1,3:13,1,4
يئسن,1,65:4,1,4
يئوده,1,2:255,1,5
يئوسا,1,17:83,1,5
يابس,1,6:59,1,4
ياسين,1,37:130,1,5
يبايعنك,1,60:12,1,7
يبايعون,1,48:10,1,7
يبتغ,1,3:85,1,4
يبث,1,45:4,1,3
يبحث,1,5:31,1,4
يبخس,1,2:282,1,4
يبخسون,1,11:15,1,6
يبدلنا,1,68:32,1,6
يبدله,1,66:5,1,5
يبدلهما,1,18:81,1,7
يبدلوا,1,48:15,1,6
يبدلونه,1,2:181,1,7
يبدها,1,12:77,1,5
يبدون,1,3:154,1,5
يبسا,1,20:77,1,4
يبسطوا,1,5:11,1,6
يبشر,1,42:23,1,4
يبشرهم,1,9:21,1,6
يبصر,1,19:42,1,4
يبصروا,1,20:96,1,6
يبصرونهم,1,70:11,1,8
يبطش,1,28:19,1,4
يبطشون,1,7:195,1,6
يبعثك,1,17:79,1,5
يبعثكم,1,6:60,1,6
يبعثوا,1,64:7,1,6
يبغونكم,1,9:47,1,7
يبغيان,1,55:20,1,6
يبلس,1,30:12,1,4
يبلغا,1,18:82,1,5
يبلغن,1,17:23,1,5
يبلغوا,1,24:58,1,6
يبلغون,1,33:39,1,6
يبلوكم,1,16:92,1,6
يبلى,1,20:120,1,4
يبنؤم,1,20:94,1,5
يبور,1,35:10,1,4
يبينها,1,2:230,1,6
يتأخر,1,74:37,1,5
يتامى,1,4:127,1,5
يتب,1,49:11,1,3
يتبدل,1,2:108,1,5
يتبعها,1,2:263,1,6
يتبعهم,1,26:224,1,6
يتبعوكم,1,7:193,1,7
يتبوأ,1,12:56,1,5
يتجرعه,1,14:17,1,6
يتحاجون,1,40:47,1,7
يتحاكموا,1,4:60,1,8
يتخبطه,1,2:275,1,6
يتخذون,1,4:139,1,6
يتخطفكم,1,8:26,1,7
يتخلفوا,1,9:120,1,7
يتخيرون,1,56:20,1,7
يتراجعا,1,2:230,1,7
يتربصون,1,4:141,1,7
يترددون,1,9:45,1,7
يترك,1,75:36,1,4
يتركم,1,47:35,1,5
يتركوا,1,29:2,1,6
يتسللون,1,24:63,1,7
يتسنه,1,2:259,1,5
يتطهروا,1,9:108,1,7
يتعارفون,1,10:45,1,8
يتغامزون,1,83:30,1,8
يتغير,1,47:15,1,5
يتفجر,1,2:74,1,5
يتفرقا,1,4:130,1,6
يتفرقون,1,30:14,1,7
يتفضل,1,23:24,1,5
يتفيأ,1,16:48,1,5
يتقدم,1,74:37,1,5
يتقي,1,39:24,1,4
يتكئون,1,43:34,1,6
يتكبرون,1,7:146,1,7
يتكلم,1,30:35,1,5
يتكلمون,1,78:38,1,7
يتلاومون,1,68:30,1,8
يتلقى,1,50:17,1,5
يتلونه,1,2:121,1,6
يتمتعون,1,47:12,1,7
يتمطى,1,75:33,1,5
يتمنونه,1,62:7,1,7
يتمنوه,1,2:95,1,6
يتناهون,1,5:79,1,7
يتنزل,1,65:12,1,5
يتوارى,1,16:59,1,6
يتوفاهن,1,4:15,1,7
يتوفونهم,1,7:37,1,8
يتولوا,1,9:74,1,6
يتولونه,1,16:100,1,7
يتيمين,1,18:82,1,6
يتيهون,1,5:26,1,6
يثبت,1,14:27,1,4
يثخن,1,8:67,1,4
يثرب,1,33:13,1,4
يثقفوكم,1,60:2,1,7
يثنون,1,11:5,1,5
يجأرون,1,23:64,1,6
يجادلنا,1,11:74,1,7
يجار,1,23:88,1,4
يجاهد,1,29:6,1,5
يجاهدون,1,5:54,1,7
يجاورونك,1,33:60,1,8
يجب,1,46:32,1,3
يجبى,1,28:57,1,4
يجتبيك,1,12:6,1,6
يجدك,1,93:6,1,4
يجده,1,24:39,1,4
يجدونه,1,7:157,1,6
يجره,1,7:150,1,4
يجز,1,4:123,1,3
يجزاه,1,53:41,1,5
يجعلني,1,19:32,1,6
يجعلوه,1,12:15,1,6
يجليها,1,7:187,1,6
يجمحون,1,9:57,1,6
يجهلون,1,6:111,1,6
يجيب,1,27:62,1,4
يجيرني,1,72:22,1,6
يحاجوكم,1,3:73,1,7
يحاجون,1,42:16,1,6
يحادد,1,9:63,1,5
يحاربون,1,5:33,1,7
يحاسب,1,84:8,1,5
يحاسبكم,1,2:284,1,7
يحاط,1,12:66,1,4
يحببكم,1,3:31,1,6
يحبرون,1,30:15,1,6
يحبسه,1,11:8,1,5
يحبهم,1,5:54,1,5
يحبونكم,1,3:119,1,7
يحبونهم,1,2:165,1,7
يحتسب,1,65:3,1,5
يحتسبوا,1,59:2,1,7
يحتسبون,1,39:47,1,7
يحرفونه,1,2:75,1,7
يحرمون,1,9:29,1,6
يحزن,1,33:51,1,4
يحزنهم,1,21:103,1,6
يحسب,1,104:3,1,4
يحسبه,1,24:39,1,5
يحسبهم,1,2:273,1,6
يحسدون,1,4:54,1,6
يحسنون,1,18:104,1,6
يحشروا,1,6:51,1,6
يحضرون,1,23:98,1,6
يحضن,1,65:4,1,4
يحطمنكم,1,27:18,1,7
يحفظونه,1,13:11,1,7
يحق,1,8:7,1,3
يحكمان,1,21:78,1,6
يحكموك,1,4:65,1,6
يحكمونك,1,5:43,1,7
يحلل,1,20:81,1,4
يحلونه,1,9:37,1,6
يحمدوا,1,3:188,1,6
يحملنها,1,33:72,1,7
يحملوها,1,62:5,1,7
يحموم,1,56:43,1,5
يحمى,1,9:35,1,4
يحور,1,84:14,1,4
يحول,1,8:24,1,4
يحيطوا,1,10:39,1,6
يحيف,1,24:50,1,4
يحيق,1,35:43,1,4
يحيك,1,58:8,1,4
يحيين,1,26:81,1,5
يحييها,1,36:79,1,6
يخافا,1,2:229,1,5
يخافه,1,5:94,1,5
يخافوا,1,5:108,1,6
يخالفون,1,24:63,1,7
يختانون,1,4:107,1,7
يختم,1,42:24,1,4
يخدعوك,1,8:62,1,6
يخدعون,1,2:9,1,6
يخذلكم,1,3:160,1,6
يخربون,1,59:2,1,6
يخرجاكم,1,20:63,1,7
يخرجن,1,65:1,1,5
يخرجنكما,1,20:117,1,8
يخرجهم,1,2:257,1,6
يخرجوك,1,8:30,1,6
يخرجوكم,1,60:8,1,7
يخرجونهم,1,2:257,1,8
يخروا,1,25:73,1,5
يخرون,1,17:107,1,5
يخزي,1,66:8,1,4
يخزيهم,1,16:27,1,6
يخسر,1,45:27,1,4
يخسرون,1,83:3,1,6
يخش,1,9:18,1,3
يخشاها,1,79:45,1,6
يخصمون,1,36:49,1,6
يخطف,1,2:20,1,4
يخفين,1,24:31,1,5
يخل,1,12:9,1,3
يخلفه,1,34:39,1,5
يخلفون,1,43:60,1,6
يخلقكم,1,39:6,1,6
يخلقوا,1,22:73,1,6
يخوضون,1,6:68,1,6
يخيل,1,20:66,1,4
يدا,1,111:1,1,3
يدافع,1,22:38,1,5
يداك,1,22:10,1,4
يدبروا,1,23:68,1,6
يدخلنا,1,5:84,1,6
يدخلنها,1,68:24,1,7
يدرسونها,1,34:44,1,8
يدرك,1,6:103,1,4
يدرككم,1,4:78,1,6
يدركه,1,4:100,1,5
يدسه,1,16:59,1,4
يدعنا,1,10:12,1,5
يدعوك,1,28:25,1,5
يدعونني,1,12:33,1,7
يدعونه,1,6:71,1,6
يدعوه,1,72:19,1,5
يدعوهم,1,31:21,1,6
يدعى,1,61:7,1,4
يدنين,1,33:59,1,5
يدينون,1,9:29,1,6
يديها,1,2:66,1,5
يذبح,1,28:4,1,4
يذبحون,1,2:49,1,6
يذرؤكم,1,42:11,1,6
يذكرهم,1,21:60,1,6
يذهب,1,24:43,1,4
يذوقوا,1,38:8,1,6
يراد,1,38:6,1,4
يراك,1,26:218,1,4
يراها,1,24:40,1,5
يربو,1,30:39,1,4
يرتاب,1,74:31,1,5
يرتابوا,1,49:15,1,7
يرتدد,1,2:217,1,5
يرتع,1,12:12,1,4
يرثني,1,19:6,1,5
يرجموكم,1,18:20,1,7
يرحمنا,1,7:149,1,6
يردك,1,10:107,1,4
يردن,1,36:23,1,4
يردونكم,1,2:109,1,7
يرزقها,1,29:60,1,6
يرشدون,1,2:186,1,6
يرضعن,1,2:233,1,5
يرضه,1,39:7,1,4
يرضونكم,1,9:8,1,7
يرضونه,1,22:59,1,6
يرضوه,1,9:62,1,5
يرغب,1,2:130,1,4
يرغبوا,1,9:120,1,6
يرفعه,1,35:10,1,5
يرقبوا,1,9:8,1,6
يرقبون,1,9:10,1,6
يركبون,1,36:42,1,6
يركضون,1,21:12,1,6
يركعون,1,77:48,1,6
يرم,1,4:112,1,3
يرهبون,1,7:154,1,6
يرهق,1,10:26,1,4
يرهقهما,1,18:80,1,7
يرونه,1,70:6,1,5
يرونهم,1,3:13,1,6
يريدا,1,4:35,1,5
يريدان,1,20:63,1,6
يريكموهم,1,8:44,1,8
يريكهم,1,8:43,1,6
يريهم,1,2:167,1,5
يزده,1,71:21,1,4
يزدهم,1,71:6,1,5
يزعمون,1,4:60,1,6
يزغ,1,34:12,1,3
يزفون,1,37:94,1,5
يزكون,1,4:49,1,5
يزنون,1,25:68,1,5
يزنين,1,60:12,1,5
يزوجهم,1,42:50,1,6
يزيدون,1,37:147,1,6
يزيغ,1,9:117,1,4
يس,1,36:1,1,2
يسألكموها,1,47:37,1,9
يسأله,1,55:29,1,5
يسأم,1,41:49,1,4
يسأمون,1,41:38,1,6
يساقون,1,8:6,1,6
يسبتون,1,7:163,1,6
يسبقونا,1,29:4,1,7
يسبقونه,1,21:27,1,7
يستأذنوه,1,24:62,1,8
يستبدل,1,47:38,1,6
يستثنون,1,68:18,1,7
يستجيبون,1,13:14,1,8
يستحبون,1,14:3,1,7
يستحسرون,1,21:19,1,8
يستخفنك,1,30:60,1,7
يستسخرون,1,37:14,1,8
يستصرخه,1,28:18,1,7
يستضعف,1,28:4,1,6
يستضعفون,1,7:137,1,8
يستعتبوا,1,41:24,1,8
يستعجلونك,1,29:54,1,9
يستعففن,1,24:60,1,7
يستغشون,1,11:5,1,7
يستغفروا,1,9:113,1,8
يستغيثان,1,46:17,1,8
يستغيثوا,1,18:29,1,8
يستفتحون,1,2:89,1,8
يستفتونك,1,4:176,1,8
يستفزهم,1,17:103,1,7
يستقيم,1,81:28,1,6
يستنبطونه,1,4:83,1,9
يستنقذوه,1,22:73,1,8
يستنكحها,1,33:50,1,8
يستهزئ,1,2:15,1,6
يستوفون,1,83:2,1,7
يسجدان,1,55:6,1,6
يسجدوا,1,27:25,1,6
يسجرون,1,40:72,1,6
يسجن,1,12:25,1,4
يسخر,1,49:11,1,4
يسخطون,1,9:58,1,6
يسر,1,89:4,1,3
يسرف,1,17:33,1,4
يسرفوا,1,25:67,1,6
يسرق,1,12:77,1,4
يسرقن,1,60:12,1,5
يسره,1,80:20,1,4
يسطرون,1,68:1,1,6
يسطون,1,22:72,1,5
يسعون,1,34:38,1,5
يسقى,1,13:4,1,4
يسكن,1,42:33,1,4
يسلبهم,1,22:73,1,6
يسلط,1,59:6,1,4
يسلك,1,72:27,1,4
يسلكه,1,72:17,1,5
يسلم,1,31:22,1,4
يسلمون,1,48:16,1,6
يسمعونكم,1,26:72,1,8
يسمن,1,88:7,1,4
يسومهم,1,7:167,1,6
يسيركم,1,10:22,1,6
يسيغه,1,14:17,1,5
يشاق,1,59:4,1,4
يشتري,1,31:6,1,5
يشربون,1,76:5,1,6
يشرح,1,6:125,1,4
يشركن,1,60:12,1,5
يشرون,1,4:74,1,5
يشري,1,2:207,1,4
يشعركم,1,6:109,1,6
يشعرن,1,18:19,1,5
يشفعون,1,21:28,1,6
يشفين,1,26:80,1,5
يشقق,1,2:74,1,4
يشقى,1,20:123,1,4
يشهده,1,83:21,1,5
يشوي,1,18:29,1,4
يصب,1,22:19,1,3
يصبح,1,18:41,1,4
يصبروا,1,41:24,1,6
يصبكم,1,40:28,1,5
يصبها,1,2:265,1,5
يصحبون,1,21:43,1,6
يصدقني,1,28:34,1,6
يصدقوا,1,4:92,1,6
يصدقون,1,70:26,1,6
يصدكم,1,34:43,1,5
يصدنكم,1,43:62,1,6
يصر,1,45:8,1,3
يصرف,1,6:16,1,4
يصرفون,1,40:69,1,6
يصروا,1,3:135,1,5
يصرون,1,56:46,1,5
يصطرخون,1,35:37,1,7
يصطفي,1,22:75,1,5
يصعقون,1,52:45,1,6
يصلبوا,1,5:33,1,6
يصلحا,1,4:128,1,5
يصلى,1,87:12,1,4
يصنع,1,7:137,1,4
يصهر,1,22:20,1,4
يصوركم,1,3:6,1,6
يصيب,1,10:107,1,4
يصيبنا,1,9:51,1,6
يضار,1,2:282,1,4
يضاعفه,1,64:17,1,6
يضاعفها,1,4:40,1,7
يضاهئون,1,9:30,1,7
يضر,1,3:144,1,3
يضربن,1,24:31,1,5
يضرعون,1,7:94,1,6
يضرك,1,10:106,1,4
يضرنا,1,6:71,1,5
يضره,1,22:12,1,4
يضروك,1,5:42,1,5
يضروكم,1,3:111,1,6
يضرون,1,26:73,1,5
يضرونك,1,4:113,1,6
يضلله,1,6:39,1,5
يضلهم,1,4:60,1,5
يضلوا,1,71:27,1,5
يضلونكم,1,3:69,1,7
يضلونهم,1,16:25,1,7
يضيء,1,24:35,1,4
يضيفوهما,1,18:77,1,8
يضيق,1,15:97,1,4
يطئون,1,9:120,1,5
يطاع,1,40:18,1,4
يطعمني,1,26:79,1,6
يطعمها,1,6:138,1,6
يطعمون,1,51:57,1,6
يطغى,1,20:45,1,4
يطفئوا,1,9:32,1,6
يطلبه,1,7:54,1,5
يطمع,1,74:15,1,4
يطمعون,1,7:46,1,6
يطهر,1,5:41,1,4
يطهرن,1,2:222,1,5
يطوفون,1,55:44,1,6
يطير,1,6:38,1,4
يطيروا,1,7:131,1,6
يطيعكم,1,49:7,1,6
يطيقونه,1,2:184,1,7
يظاهروا,1,9:4,1,7
يظهرون,1,43:33,1,6
يظهروه,1,18:97,1,6
يعبأ,1,25:77,1,4
يعبدونني,1,24:55,1,8
يعبدوها,1,39:17,1,7
يعتذرون,1,9:94,1,7
يعتزلوكم,1,4:91,1,8
يعتصم,1,3:101,1,5
يعجب,1,48:29,1,4
يعجبك,1,2:204,1,5
يعجزون,1,8:59,1,6
يعجل,1,10:11,1,4
يعد,1,35:40,1,3
يعدون,1,7:163,1,5
يعذبنا,1,58:8,1,6
يعذبه,1,48:17,1,5
يعرجون,1,15:14,1,6
يعرضوا,1,54:2,1,6
يعرف,1,55:41,1,4
يعرفن,1,33:59,1,5
يعرفوا,1,23:69,1,6
يعرفونها,1,12:62,1,8
يعرفونهم,1,7:48,1,8
يعش,1,43:36,1,3
يعصرون,1,12:49,1,6
يعصمك,1,5:67,1,5
يعصمكم,1,33:17,1,6
يعصمني,1,11:43,1,6
يعصون,1,66:6,1,5
يعصينك,1,60:12,1,6
يعض,1,25:27,1,3
يعطيك,1,93:5,1,5
يعظه,1,31:13,1,4
يعفون,1,2:237,1,5
يعقلها,1,29:43,1,6
يعكفون,1,7:138,1,6
يعلمان,1,2:102,1,6
يعمروا,1,9:17,1,6
يعودوا,1,8:38,1,6
يعوذون,1,72:6,1,6
يعي,1,46:33,1,3
يعيد,1,34:49,1,4
يعيدنا,1,17:51,1,6
يعيدوكم,1,18:20,1,7
يغاث,1,12:49,1,4
يغاثوا,1,18:29,1,6
يغادر,1,18:49,1,5
يغتب,1,49:12,1,4
يغررك,1,40:4,1,5
يغرنك,1,3:196,1,5
يغشاه,1,24:40,1,5
يغشاها,1,91:4,1,6
يغشاهم,1,29:55,1,6
يغشيكم,1,8:11,1,6
يغضضن,1,24:31,1,5
يغضوا,1,24:30,1,5
يغضون,1,49:3,1,5
يغفروا,1,45:14,1,6
يغفرون,1,42:37,1,6
يغل,1,3:161,1,3
يغلب,1,4:74,1,4
يغلبون,1,8:36,1,6
يغلل,1,3:161,1,4
يغلي,1,44:45,1,4
يغن,1,4:130,1,3
يغنهم,1,24:32,1,5
يغنيا,1,66:10,1,5
يغنيكم,1,9:28,1,6
يغنيه,1,80:37,1,5
يغنيهم,1,24:33,1,6
يغوث,1,71:23,1,4
يغوصون,1,21:82,1,6
يغويكم,1,11:34,1,6
يغير,1,13:11,1,4
يفتدي,1,70:11,1,5
يفتر,1,43:75,1,4
يفتري,1,16:105,1,5
يفترينه,1,60:12,1,7
يفتنكم,1,4:101,1,6
يفتننكم,1,7:27,1,7
يفتنهم,1,10:83,1,6
يفتنوك,1,5:49,1,6
يفجرونها,1,76:6,1,8
يفر,1,80:34,1,3
يفرح,1,30:4,1,4
يفرحوا,1,3:120,1,6
يفرط,1,20:45,1,4
يفرطون,1,6:61,1,6
يفرق,1,44:4,1,4
يفسح,1,58:11,1,4
يفسد,1,2:30,1,4
يفعله,1,60:1,1,5
يفقهوا,1,20:28,1,6
يقاتل,1,4:74,1,5
يقاتلوا,1,4:90,1,7
يقبض,1,2:245,1,4
يقتتلان,1,28:15,1,7
يقترف,1,42:23,1,5
يقترفون,1,6:120,1,7
يقتروا,1,25:67,1,6
يقتلن,1,60:12,1,5
يقتلوا,1,5:33,1,6
يقتلوك,1,8:30,1,6
يقتلونني,1,7:150,1,8
يقدم,1,11:98,1,4
يقذف,1,34:48,1,4
يقربوا,1,9:28,1,6
يقسم,1,30:55,1,4
يقسمون,1,43:32,1,6
يقصرون,1,7:202,1,6
يقض,1,80:23,1,3
يقضون,1,40:20,1,5
يقطعون,1,9:121,1,6
يقطين,1,37:146,1,5
يقل,1,21:29,1,3
يقنت,1,33:31,1,4
يقنط,1,15:56,1,4
يقنطون,1,30:36,1,6
يقولا,1,2:102,1,5
يقومان,1,5:107,1,6
يقومون,1,2:275,1,6
يقيموا,1,14:31,1,6
يقين,1,27:22,1,4
يقينا,1,4:157,1,5
يكبتهم,1,3:127,1,6
يكبر,1,17:51,1,4
يكبروا,1,4:6,1,6
يكتم,1,40:28,1,4
يكتمن,1,2:228,1,5
يكتمها,1,2:283,1,6
يكد,1,24:40,1,3
يكذبك,1,95:7,1,5
يكذبونك,1,6:33,1,7
يكرههن,1,24:33,1,6
يكرهون,1,16:62,1,6
يكسبه,1,4:111,1,5
يكشف,1,68:42,1,4
يكفروه,1,3:115,1,6
يكفل,1,3:44,1,4
يكفله,1,20:40,1,5
يكفلونه,1,28:12,1,7
يكفهم,1,29:51,1,5
يكفون,1,21:39,1,5
يكفيكم,1,3:124,1,6
يكلؤكم,1,21:42,1,6
يكلمنا,1,2:118,1,6
يكلمه,1,42:51,1,5
يكنزون,1,9:34,1,6
يكور,1,39:5,1,4
يكونا,1,2:282,1,5
يكونون,1,72:19,1,6
يكيدون,1,86:15,1,6
يلبثون,1,17:76,1,6
يلبسكم,1,6:65,1,6
يلبسوا,1,6:82,1,6
يلتقطه,1,12:10,1,6
يلتقيان,1,55:19,1,7
يلتكم,1,49:14,1,5
يلد,1,112:3,1,3
يلدوا,1,71:27,1,5
يلعن,1,4:52,1,4
يلعنهم,1,2:159,1,6
يلفظ,1,50:18,1,4
يلق,1,25:68,1,3
يلقاه,1,17:13,1,5
يلمزك,1,9:58,1,5
يلمزون,1,9:79,1,6
يلونكم,1,9:123,1,6
يلوون,1,3:78,1,5
يمارون,1,42:18,1,6
يمتعكم,1,11:3,1,6
يمتعون,1,26:207,1,6
يمحق,1,2:276,1,4
يمحو,1,13:39,1,4
يمددكم,1,3:125,1,6
يمدكم,1,3:124,1,5
يمده,1,31:27,1,4
يمدونهم,1,7:202,1,7
يمرون,1,12:105,1,5
يمسسكم,1,3:140,1,6
يمسسهم,1,3:174,1,6
يمسكون,1,7:170,1,6
يمسه,1,56:79,1,4
يمكر,1,8:30,1,4
يمل,1,2:282,1,3
يمنون,1,49:17,1,5
يمنى,1,75:37,1,4
يمهدون,1,30:44,1,6
يموتون,1,4:18,1,6
يموج,1,18:99,1,4
يميتني,1,26:81,1,6
يميز,1,3:179,1,4
يمين,1,34:15,1,4
ينابيع,1,39:21,1,6
يناد,1,50:41,1,4
ينادونك,1,49:4,1,7
ينادونهم,1,57:14,1,8
ينادي,1,3:193,1,5
ينازعنك,1,22:67,1,7
يناله,1,22:37,1,5
ينالون,1,9:120,1,6
ينبئك,1,35:14,1,5
ينبت,1,16:11,1,4
ينبوعا,1,17:90,1,6
ينتظر,1,33:23,1,5
ينتظرون,1,10:102,1,7
ينتهون,1,9:12,1,6
ينجيه,1,70:14,1,5
ينحتون,1,15:82,1,6
ينذرون,1,21:45,1,6
ينزع,1,7:27,1,4
ينزغ,1,17:53,1,4
ينسفها,1,20:105,1,6
ينسى,1,20:52,1,4
ينسينك,1,6:68,1,6
ينشأ,1,43:18,1,4
ينشئ,1,29:20,1,4
ينشر,1,18:16,1,4
ينشرون,1,21:21,1,6
ينصر,1,30:5,1,4
ينصرنا,1,40:29,1,6
ينصرونكم,1,26:93,1,8
ينطلق,1,26:13,1,5
ينعق,1,2:171,1,4
ينفد,1,16:96,1,4
ينفضوا,1,63:7,1,6
ينفعك,1,10:106,1,5
ينفعه,1,22:12,1,5
ينفعونكم,1,26:73,1,8
ينفقونها,1,9:34,1,8
ينفوا,1,5:33,1,5
ينقص,1,35:11,1,4
ينقصوكم,1,9:4,1,7
ينقض,1,18:77,1,4
ينقلبون,1,26:227,1,7
ينكث,1,48:10,1,4
ينكحن,1,2:232,1,5
ينكحها,1,24:3,1,6
ينكر,1,13:36,1,4
ينكرونها,1,16:83,1,8
ينهاهم,1,5:63,1,6
ينهى,1,96:9,1,4
يهاجر,1,4:100,1,5
يهب,1,42:49,1,3
يهبط,1,2:74,1,4
يهجعون,1,51:17,1,6
يهدني,1,6:77,1,5
يهدوننا,1,64:6,1,7
يهدى,1,10:35,1,4
يهديكم,1,27:63,1,6
يهديني,1,28:22,1,6
يهلكنا,1,45:24,1,6
يهن,1,22:18,1,3
يهوديا,1,3:67,1,6
يهيمون,1,26:225,1,6
يوادون,1,58:22,1,6
يوبقهن,1,42:34,1,6
يوثق,1,89:26,1,4
يوجهه,1,16:76,1,5
يوح,1,6:93,1,3
يودوا,1,33:20,1,5
يورث,1,4:12,1,4
يورثها,1,7:128,1,6
يوسوس,1,114:5,1,5
يوصى,1,4:12,1,4
يوصي,1,4:11,1,4
يوصيكم,1,4:11,1,6
يوصين,1,4:12,1,5
يوعظون,1,4:66,1,6
يوعون,1,84:23,1,5
يوفضون,1,70:43,1,6
يوفق,1,4:35,1,4
يوفى,1,39:10,1,4
يوفيهم,1,24:25,1,6
يوقد,1,24:35,1,4
يوقدون,1,13:17,1,6
يوقع,1,5:91,1,4
يولد,1,112:3,1,4
يولهم,1,8:16,1,5
يولوكم,1,3:111,1,6
يولون,1,33:15,1,5
