word,count,first_occurrence,number_of_distinct_surahs,character_length
ااتخذ,1,36:23,1,5
اارباب,1,12:39,1,6
ااسجد,1,17:61,1,5
ااسلمتم,1,3:20,1,7
ااشفقتم,1,58:13,1,7
ااشكر,1,27:40,1,5
ااعجمي,1,41:44,1,6
ااقررتم,1,3:81,1,7
االد,1,11:72,1,4
االقي,1,54:25,1,5
االهتنا,1,43:58,1,7
اامنتم,1,67:16,1,6
اانزل,1,38:8,1,5
اباء,1,24:31,1,4
ابابيل,1,105:3,1,6
اباكم,1,12:80,1,5
ابالله,1,9:65,1,6
اباه,1,12:61,1,4
اباهم,1,12:16,1,5
ابايك,1,2:133,1,5
ابايي,1,12:38,1,5
ابتدعوها,1,57:27,1,8
ابتغوا,1,9:48,1,6
ابتغيت,1,33:51,1,6
ابحر,1,31:27,1,4
ابدله,1,10:15,1,5
ابرموا,1,43:79,1,6
ابري,1,12:53,1,4
ابسلوا,1,6:70,1,6
ابشر,1,64:6,1,4
ابشرا,1,54:24,1,5
ابشرتموني,1,15:54,1,9
ابصار,1,21:97,1,5
ابصاركم,1,41:22,1,7
ابصارنا,1,15:15,1,7
ابصارها,1,79:9,1,7
ابصارهن,1,24:31,1,7
ابصرنا,1,32:12,1,6
ابغي,1,6:164,1,4
ابغيكم,1,7:140,1,6
ابق,1,37:140,1,3
ابقي,1,53:51,1,4
ابكارا,1,56:36,1,6
ابكم,1,16:76,1,4
ابلعي,1,11:44,1,5
ابلغه,1,9:6,1,5
ابلغوا,1,72:28,1,6
ابناءنا,1,3:61,1,7
ابنايكم,1,4:23,1,7
ابنت,1,66:12,1,4
ابنتي,1,28:27,1,5
ابنك,1,12:81,1,4
ابنه,1,11:42,1,4
ابوك,1,19:28,1,4
ابوهما,1,18:82,1,6
ابويك,1,12:6,1,5
ابويكم,1,7:27,1,6
ابيضت,1,3:107,1,5
ابينا,1,12:8,1,5
ابيهم,1,12:63,1,5
اتاخذونه,1,4:20,1,8
اتامرون,1,2:44,1,7
اتباع,1,4:157,1,5
اتبعتم,1,7:90,1,6
اتبعتني,1,18:70,1,7
اتبعكما,1,28:35,1,7
اتبعن,1,3:20,1,5
اتبعني,1,12:108,1,6
اتبعه,1,28:49,1,5
اتبعوك,1,3:55,1,6
اتبعون,1,40:38,1,6
اتبعوهم,1,9:100,1,7
اتبنون,1,26:128,1,6
اتتخذ,1,6:74,1,5
اتتخذنا,1,2:67,1,7
اتتركون,1,26:146,1,7
اتتك,1,20:126,1,4
اتتكم,1,6:40,1,5
اتتهم,1,9:70,1,5
اتجادلونني,1,7:71,1,10
اتجعل,1,2:30,1,5
اتحاجوننا,1,2:139,1,9
اتحاجوني,1,6:80,1,8
اتحدثونهم,1,2:76,1,9
اتخذناهم,1,38:63,1,8
اتخذها,1,45:9,1,6
اتخذوني,1,5:116,1,7
اتخذوه,1,7:148,1,6
اتخذوها,1,5:58,1,7
اتخذوهم,1,5:81,1,7
اتخذي,1,16:68,1,5
اتخشونهم,1,9:13,1,8
اتدعون,1,37:125,1,6
اتذر,1,7:127,1,4
اتراب,1,38:52,1,5
اترفتم,1,21:13,1,6
اترفوا,1,11:116,1,6
اتريد,1,28:19,1,5
اتستبدلون,1,2:61,1,9
اتسق,1,84:18,1,4
اتصبرون,1,25:20,1,7
اتعجبين,1,11:73,1,7
اتعدانني,1,46:17,1,8
اتقاكم,1,49:13,1,6
اتقتلون,1,40:28,1,7
اتقن,1,27:88,1,4
اتقيتن,1,33:32,1,6
اتلو,1,27:92,1,4
اتمدونن,1,27:36,1,7
اتمم,1,66:8,1,4
اتممت,1,28:27,1,5
اتمها,1,12:6,1,5
اتموا,1,2:187,1,5
اتنبيون,1,10:18,1,7
اتنهانا,1,11:62,1,7
اتهتدي,1,27:41,1,6
اتهلكنا,1,7:155,1,7
اتهم,1,33:68,1,4
اتواصوا,1,51:53,1,7
اتوب,1,2:160,1,4
اتوك,1,9:92,1,4
اتوكا,1,20:18,1,5
اتيا,1,18:77,1,4
اتيتك,1,7:144,1,5
اتيتكم,1,3:81,1,6
اتيتنا,1,7:189,1,6
اتيتني,1,12:101,1,6
اتيتهن,1,33:51,1,6
اتين,1,4:25,1,4
اتيناها,1,6:83,1,7
اتيهم,1,11:76,1,5
اثار,1,30:50,1,4
اثاره,1,46:4,1,5
اثارهما,1,18:64,1,7
اثاقلتم,1,9:38,1,7
اثاما,1,25:68,1,5
اثخنتموهم,1,47:4,1,9
اثرك,1,12:91,1,4
اثري,1,20:84,1,4
اثقالكم,1,16:7,1,7
اثقالها,1,99:2,1,7
اثقلت,1,7:189,1,5
اثمه,1,2:181,1,4
اثنا,1,9:36,1,4
اثنان,1,5:106,1,5
اثنتي,1,7:160,1,5
اثني,1,5:12,1,4
اثيما,1,4:107,1,5
اجاجا,1,56:70,1,5
اجتباكم,1,22:78,1,7
اجتبيتها,1,7:203,1,8
اجتثت,1,14:26,1,5
اجترحوا,1,45:21,1,7
اجتمعت,1,17:88,1,6
اجتمعوا,1,22:73,1,7
اجرامي,1,11:35,1,6
اجرمنا,1,34:25,1,6
اجرها,1,33:31,1,5
اجزعنا,1,14:21,1,6
اجسامهم,1,63:4,1,7
اجعلتم,1,9:19,1,6
اجعلنا,1,43:45,1,6
اجعلوا,1,12:62,1,6
اجلنا,1,6:128,1,5
اجمعوا,1,12:102,1,6
اجنحه,1,35:1,1,5
اجنه,1,53:32,1,4
اجهروا,1,67:13,1,6
اجيب,1,2:186,1,4
اجيبت,1,10:89,1,5
اجيبوا,1,46:31,1,6
احبارهم,1,9:31,1,7
احتمل,1,4:112,1,5
احتملوا,1,33:58,1,7
احداهن,1,4:20,1,6
احدث,1,18:70,1,4
احدكما,1,12:41,1,6
احدنا,1,12:78,1,5
احرص,1,2:96,1,4
احس,1,3:52,1,3
احسب,1,29:2,1,4
احسنه,1,39:18,1,5
احسوا,1,21:12,1,5
احشروا,1,37:22,1,6
احصاه,1,58:6,1,5
احصاها,1,18:49,1,6
احصاهم,1,19:94,1,6
احصرتم,1,2:196,1,6
احصروا,1,2:273,1,6
احصن,1,4:25,1,4
احصي,1,18:12,1,4
احضرت,1,81:14,1,5
احطت,1,27:22,1,4
احطنا,1,18:91,1,5
احقابا,1,78:23,1,6
احكمت,1,11:1,1,5
احلامهم,1,52:32,1,7
احللنا,1,33:50,1,6
احلنا,1,35:35,1,5
احمد,1,61:6,1,4
احملكم,1,9:92,1,6
احوي,1,87:5,1,4
احيا,1,5:32,1,4
احياكم,1,22:66,1,6
احياهم,1,2:243,1,6
احيط,1,10:22,1,4
احيي,1,2:258,1,4
احييناها,1,36:33,1,8
اخا,1,46:21,1,3
اخالفكم,1,11:88,1,7
اخبارها,1,99:4,1,7
اخترتك,1,20:13,1,6
اخترناهم,1,44:32,1,8
اختصموا,1,22:19,1,7
اختك,1,20:40,1,4
اختلافا,1,4:82,1,7
اختلاق,1,38:7,1,6
اختلط,1,6:146,1,5
اختلفتم,1,42:10,1,7
اخذا,1,73:16,1,4
اخذتم,1,8:68,1,5
اخذتها,1,22:48,1,6
اخذوا,1,33:61,1,5
اخذين,1,51:16,1,5
اخراج,1,2:240,1,5
اخراجا,1,71:18,1,6
اخراجكم,1,60:9,1,7
اخراجهم,1,2:85,1,7
اخراكم,1,3:153,1,6
اخران,1,5:106,1,5
اخراهم,1,7:38,1,6
اخرتن,1,17:62,1,5
اخرتنا,1,4:77,1,6
اخرتني,1,63:10,1,6
اخرجت,1,3:110,1,5
اخرجتك,1,47:13,1,6
اخرجتم,1,59:11,1,6
اخرجك,1,8:5,1,5
اخرجكم,1,16:78,1,6
اخرجني,1,12:100,1,6
اخرجه,1,9:40,1,5
اخرجوكم,1,2:191,1,7
اخرجوهم,1,7:82,1,7
اخرقتها,1,18:71,1,7
اخره,1,3:72,1,4
اخرون,1,25:4,1,5
اخزي,1,41:16,1,4
اخزيته,1,3:192,1,6
اخسيوا,1,23:108,1,6
اخطاتم,1,33:5,1,6
اخطانا,1,2:286,1,6
اخفي,1,32:17,1,4
اخفيتم,1,60:1,1,6
اخفيها,1,20:15,1,6
اخلد,1,7:176,1,4
اخلده,1,104:3,1,5
اخلصناهم,1,38:46,1,8
اخلفنا,1,20:87,1,6
اخلفني,1,7:142,1,6
اخلفوا,1,9:77,1,6
اخلق,1,3:49,1,4
اخنه,1,12:52,1,4
اخواتكم,1,24:61,1,7
اخوالكم,1,24:61,1,7
اخوان,1,17:27,1,5
اخوانكم,1,24:61,1,7
اخوانهم,1,58:22,1,7
اخوتك,1,12:5,1,5
اخوتي,1,12:100,1,5
اخوك,1,12:69,1,4
اخويكم,1,49:10,1,6
ادا,1,19:89,1,3
ادارك,1,27:66,1,5
اداركوا,1,7:38,1,7
ادباركم,1,5:21,1,7
ادبارها,1,4:47,1,7
ادخل,1,36:26,1,4
ادخلا,1,66:10,1,5
ادخلني,1,17:80,1,6
ادخلي,1,27:44,1,5
ادر,1,69:26,1,3
ادراكم,1,10:16,1,6
ادركه,1,10:90,1,5
ادريس,1,19:56,1,5
ادعهن,1,2:260,1,5
ادعوتموهم,1,7:193,1,9
ادعوني,1,40:60,1,6
ادعوهم,1,33:5,1,6
ادعياءكم,1,33:4,1,8
ادعيايهم,1,33:37,1,8
ادفعوا,1,3:167,1,6
ادلك,1,20:120,1,4
ادهي,1,54:46,1,4
ادوا,1,44:18,1,4
اذاعوا,1,4:83,1,6
اذاقهم,1,30:33,1,6
اذاننا,1,41:5,1,6
اذاهم,1,33:48,1,5
اذبحك,1,37:102,1,5
اذكر,1,5:110,1,4
اذكركم,1,2:152,1,6
اذكرني,1,12:42,1,6
اذكره,1,18:63,1,5
اذناك,1,41:47,1,5
اذنت,1,9:43,1,4
اذنتكم,1,21:109,1,6
اذنه,1,10:3,1,4
اذنيه,1,31:7,1,5
اذهبتم,1,46:20,1,6
اذوا,1,33:69,1,4
اذيتمونا,1,14:12,1,8
ارادا,1,2:233,1,5
اراذلنا,1,11:27,1,7
اراغب,1,19:46,1,5
اراكهم,1,8:43,1,6
ارايتك,1,17:62,1,6
اربي,1,16:92,1,4
ارتابوا,1,24:50,1,7
ارتدوا,1,47:25,1,6
ارجايها,1,69:17,1,7
ارجعون,1,23:99,1,6
ارجعي,1,89:28,1,5
ارجل,1,7:195,1,4
ارجلكم,1,6:65,1,6
ارحامهن,1,2:228,1,7
ارحمهما,1,17:24,1,7
ارداكم,1,41:23,1,6
اردت,1,11:34,1,4
اردن,1,24:33,1,4
اردناه,1,16:40,1,6
ارساها,1,79:32,1,6
ارسلناه,1,51:38,1,7
ارسلوا,1,83:33,1,6
ارضا,1,12:9,1,4
ارضعت,1,22:2,1,5
ارضعن,1,65:6,1,5
ارضعنكم,1,4:23,1,7
ارضعيه,1,28:7,1,6
ارضهم,1,33:27,1,5
ارضي,1,29:56,1,4
ارضيتم,1,9:38,1,6
اركب,1,11:42,1,4
اركبوا,1,11:41,1,6
اركسهم,1,4:88,1,6
اركسوا,1,4:91,1,6
اركض,1,38:42,1,4
ارم,1,89:7,1,3
ارهطي,1,11:92,1,5
اريكم,1,40:29,1,5
اريناك,1,17:60,1,6
اريناه,1,20:56,1,6
ازا,1,19:83,1,3
ازاغ,1,61:5,1,4
ازر,1,6:74,1,3
ازري,1,20:31,1,4
ازفت,1,53:57,1,4
ازلفت,1,81:13,1,5
ازواجهن,1,2:232,1,7
ازيد,1,74:15,1,4
اساتم,1,17:7,1,5
اساري,1,2:85,1,5
اسالك,1,11:47,1,5
اسباب,1,40:37,1,5
اسباطا,1,7:160,1,6
استاجرت,1,28:26,1,7
استاجره,1,28:26,1,7
استاذن,1,24:59,1,6
استاذنك,1,9:86,1,7
استاذنوك,1,24:62,1,8
استبدال,1,4:20,1,7
استبرق,1,55:54,1,6
استجارك,1,9:6,1,7
استجب,1,40:60,1,5
استجيب,1,42:16,1,6
استحفظوا,1,5:44,1,8
استحق,1,5:107,1,5
استحقا,1,5:107,1,6
استحوذ,1,58:19,1,6
استحياء,1,28:25,1,7
استخرجها,1,12:76,1,8
استخلصه,1,12:54,1,7
استخلف,1,24:55,1,6
استرق,1,15:18,1,5
استزلهم,1,3:155,1,7
استسقاه,1,7:160,1,7
استسقي,1,2:60,1,6
استضعفوني,1,7:150,1,9
استطاع,1,3:97,1,6
استطعما,1,18:77,1,7
استطعنا,1,9:42,1,7
استعجالهم,1,10:11,1,9
استعجلتم,1,46:24,1,8
استعلي,1,20:64,1,6
استغفار,1,9:114,1,7
استغفرت,1,63:6,1,7
استقر,1,7:143,1,5
استكبر,1,38:74,1,6
استكبرت,1,38:75,1,7
استكبرتم,1,2:87,1,8
استكثرتم,1,6:128,1,8
استمتعتم,1,4:24,1,8
استمع,1,72:1,1,5
استمعوه,1,21:2,1,7
استنصره,1,28:18,1,7
استنصروكم,1,8:72,1,9
استنكفوا,1,4:173,1,8
استهزيوا,1,9:64,1,8
استهوته,1,6:71,1,7
استوقد,1,2:17,1,6
استويت,1,23:28,1,6
استويتم,1,43:13,1,7
استياس,1,12:110,1,6
استياسوا,1,12:80,1,8
اسحر,1,10:77,1,4
اسخط,1,47:28,1,4
اسرارا,1,71:9,1,6
اسرارهم,1,47:26,1,7
اسرافا,1,4:6,1,6
اسرف,1,20:127,1,4
اسرفوا,1,39:53,1,6
اسرهم,1,76:28,1,5
اسروا,1,5:52,1,5
اسطاعوا,1,18:97,1,7
اسفارا,1,62:5,1,6
اسفارنا,1,34:19,1,7
اسفر,1,74:34,1,4
اسفونا,1,43:55,1,6
اسفي,1,12:84,1,4
اسكنت,1,14:37,1,5
اسكنوهن,1,65:6,1,7
اسلامكم,1,49:17,1,7
اسلامهم,1,9:74,1,7
اسلحتهم,1,4:102,1,7
اسلفت,1,10:30,1,5
اسلفتم,1,69:24,1,6
اسلك,1,28:32,1,4
اسلما,1,37:103,1,5
اسلمنا,1,49:14,1,6
اسمايه,1,7:180,1,6
اسمعهم,1,8:23,1,6
اسن,1,47:15,1,3
اسودت,1,3:106,1,5
اسوره,1,43:53,1,5
اسي,1,7:93,1,3
اشاء,1,7:156,1,4
اشتدت,1,14:18,1,5
اشتري,1,9:111,1,5
اشتهت,1,21:102,1,5
اشداء,1,48:29,1,5
اشدد,1,20:31,1,4
اشدهما,1,18:82,1,6
اشراطها,1,47:18,1,7
اشرح,1,20:25,1,4
اشركت,1,39:65,1,5
اشركتمون,1,14:22,1,8
اشركنا,1,6:148,1,6
اشقاها,1,91:12,1,6
اشكو,1,12:86,1,4
اشمازت,1,39:45,1,6
اشهدتهم,1,18:51,1,7
اشياء,1,5:101,1,5
اشياعكم,1,54:51,1,7
اصابت,1,3:117,1,5
اصابته,1,22:11,1,6
اصابه,1,22:11,1,5
اصابها,1,2:265,1,6
اصب,1,12:33,1,3
اصبتم,1,3:165,1,5
اصبح,1,67:30,1,4
اصبحوا,1,5:102,1,6
اصبر,1,38:17,1,4
اصبرهم,1,2:175,1,6
اصبروا,1,3:200,1,6
اصبناهم,1,7:100,1,7
اصحابهم,1,51:59,1,7
اصدقت,1,27:27,1,5
اصرا,1,2:286,1,4
اصرف,1,25:65,1,4
اصرهم,1,7:157,1,5
اصري,1,3:81,1,4
اصطفاك,1,3:42,1,6
اصطفاه,1,2:247,1,6
اصطفيتك,1,7:144,1,7
اصطفينا,1,35:32,1,7
اصطفيناه,1,2:130,1,8
اصل,1,37:64,1,3
اصلابكم,1,4:23,1,7
اصلاتك,1,11:87,1,6
اصلها,1,14:24,1,5
اصنام,1,7:138,1,5
اصنامكم,1,21:57,1,7
اصنع,1,23:27,1,4
اصواتكم,1,49:2,1,7
اصواتهم,1,49:3,1,7
اصوافها,1,16:80,1,7
اصولها,1,59:5,1,6
اصيب,1,7:156,1,4
اضاء,1,2:20,1,4
اضاءت,1,2:17,1,5
اضاعوا,1,19:59,1,6
اضحك,1,53:43,1,4
اضربوه,1,2:73,1,6
اضطررتم,1,6:119,1,7
اضطره,1,2:126,1,5
اضعف,1,72:24,1,4
اضغانكم,1,47:37,1,7
اضغانهم,1,47:29,1,7
اضلانا,1,41:29,1,6
اضللتم,1,25:17,1,6
اضللن,1,14:36,1,5
اضلنا,1,26:99,1,5
اضلني,1,25:29,1,5
اضلوا,1,71:24,1,5
اضلونا,1,7:38,1,6
اضيع,1,3:195,1,4
اطاع,1,4:80,1,4
اطاعونا,1,3:168,1,7
اطرحوه,1,12:9,1,6
اطعتم,1,23:34,1,5
اطعتموهم,1,6:121,1,8
اطعمه,1,36:47,1,5
اطعمهم,1,106:4,1,6
اطعنكم,1,4:34,1,6
اطغيته,1,50:27,1,6
اطفاها,1,5:64,1,6
اطلعت,1,18:18,1,5
اطمان,1,22:11,1,5
اطماننتم,1,4:103,1,8
اطمس,1,10:88,1,4
اطمع,1,26:82,1,4
اطوارا,1,71:14,1,6
اطيرنا,1,27:47,1,6
اظفركم,1,48:24,1,6
اعبدوني,1,36:61,1,7
اعتدوا,1,2:65,1,6
اعتدينا,1,5:107,1,7
اعتراك,1,11:54,1,6
اعترفوا,1,9:102,1,7
اعتزلتموهم,1,18:16,1,10
اعتزلهم,1,19:49,1,7
اعتزلوكم,1,4:90,1,8
اعتمر,1,2:158,1,5
اعثرنا,1,18:21,1,6
اعجب,1,57:20,1,4
اعجبكم,1,2:221,1,6
اعجزت,1,5:31,1,5
اعجلتم,1,7:150,1,6
اعجلك,1,20:83,1,5
اعجمي,1,16:103,1,5
اعجميا,1,41:44,1,6
اعدلوا,1,5:8,1,6
اعراضا,1,4:128,1,6
اعراضهم,1,6:35,1,7
اعرضتم,1,17:67,1,6
اعز,1,11:92,1,3
اعصار,1,2:266,1,5
اعصر,1,12:36,1,4
اعصي,1,18:69,1,4
اعطوا,1,9:58,1,5
اعطيناك,1,108:1,1,7
اعظك,1,11:46,1,4
اعظكم,1,34:46,1,5
اعقابنا,1,6:71,1,7
اعلنت,1,71:9,1,5
اعلنتم,1,60:1,1,6
اعمال,1,23:63,1,5
اعمالا,1,18:103,1,6
اعمامكم,1,24:61,1,7
اعناق,1,34:33,1,5
اعنده,1,53:35,1,5
اعهد,1,36:60,1,4
اعيبها,1,18:79,1,6
اعيذها,1,3:36,1,6
اعينهن,1,33:51,1,6
اغترف,1,2:249,1,5
اغدوا,1,68:22,1,5
اغرقناهم,1,25:37,1,8
اغرقوا,1,71:25,1,6
اغشيت,1,10:27,1,5
اغفلنا,1,18:28,1,6
اغلالا,1,36:8,1,6
اغناهم,1,9:74,1,6
اغنت,1,11:101,1,4
اغوينا,1,28:63,1,6
اغويناهم,1,28:63,1,8
افاتخذتم,1,13:16,1,8
افاصفاكم,1,17:40,1,8
افاض,1,2:199,1,4
افاق,1,7:143,1,4
افامنتم,1,17:68,1,7
افانبيكم,1,22:72,1,8
افانتم,1,21:50,1,6
افبنعمه,1,16:71,1,7
افبهذا,1,56:81,1,6
افتاتون,1,21:3,1,7
افتتخذونه,1,18:50,1,9
افتح,1,7:89,1,4
افتدت,1,2:229,1,5
افتدي,1,3:91,1,5
افترينا,1,7:89,1,7
افتطمعون,1,2:75,1,8
افتعبدون,1,21:66,1,8
افتمارونه,1,53:12,1,9
افتنا,1,12:46,1,5
افتهلكنا,1,7:173,1,8
افتومنون,1,2:85,1,8
افحسب,1,18:102,1,5
افحسبتم,1,23:115,1,7
افحكم,1,5:50,1,5
افسحر,1,52:15,1,5
افسدوها,1,27:34,1,7
افصح,1,28:34,1,4
افضي,1,4:21,1,4
افطال,1,20:86,1,5
افعصيت,1,20:93,1,6
افعل,1,37:102,1,4
افعيينا,1,50:15,1,7
افكا,1,29:17,1,4
افكلما,1,2:87,1,6
افلت,1,6:78,1,4
افما,1,37:58,1,4
افنان,1,55:48,1,5
افنجعل,1,68:35,1,6
افنضرب,1,43:5,1,6
اقامتكم,1,16:80,1,7
اقبل,1,28:31,1,4
اقبلنا,1,12:82,1,6
اقتت,1,77:11,1,4
اقتتل,1,2:253,1,5
اقتحم,1,90:11,1,5
اقتده,1,6:90,1,5
اقتربت,1,54:1,1,6
اقترفتموها,1,9:24,1,10
اقتل,1,40:26,1,4
اقتلت,1,18:74,1,5
اقتلوه,1,29:24,1,6
اقدامكم,1,47:7,1,7
اقذفيه,1,20:39,1,6
اقرءوا,1,69:19,1,6
اقربهم,1,5:82,1,6
اقررتم,1,2:84,1,6
اقررنا,1,3:81,1,6
اقضوا,1,10:71,1,5
اقطار,1,55:33,1,5
اقطارها,1,33:14,1,7
اقعدوا,1,9:46,1,6
اقفالها,1,47:24,1,7
اقلام,1,31:27,1,5
اقلامهم,1,3:44,1,7
اقلت,1,7:57,1,4
اقلعي,1,11:44,1,5
اقمتم,1,5:12,1,5
اقنتي,1,3:43,1,5
اقواتها,1,41:10,1,7
اقوم,1,17:9,1,4
اك,1,19:20,1,2
اكابر,1,6:123,1,5
اكاد,1,20:15,1,4
اكالون,1,5:42,1,6
اكان,1,10:2,1,4
اكبرنه,1,12:31,1,6
اكتالوا,1,83:2,1,7
اكتتبها,1,25:5,1,7
اكتسب,1,24:11,1,5
اكتسبت,1,2:286,1,6
اكتسبن,1,4:32,1,6
اكذبتم,1,27:84,1,6
اكراه,1,2:256,1,5
اكراههن,1,24:33,1,7
اكرمكم,1,49:13,1,6
اكرمن,1,89:15,1,5
اكرمي,1,12:21,1,5
اكره,1,16:106,1,4
اكرهتنا,1,20:73,1,7
اكشف,1,44:12,1,4
اكفاركم,1,54:43,1,7
اكفرت,1,18:37,1,5
اكفرتم,1,3:106,1,6
اكفره,1,80:17,1,5
اكفلنيها,1,38:23,1,8
اكلا,1,89:19,1,4
اكلم,1,19:26,1,4
اكمامها,1,41:47,1,7
اكملت,1,5:3,1,5
اكنانا,1,16:81,1,6
اكننتم,1,2:235,1,6
الابتر,1,108:3,1,6
الابيض,1,2:187,1,6
الاتقي,1,92:17,1,6
الاثمين,1,5:106,1,7
الاثيم,1,44:44,1,6
الاجل,1,28:29,1,5
الاجلين,1,28:28,1,7
الاحبار,1,9:34,1,7
الاحلام,1,12:44,1,7
الاحمال,1,65:4,1,7
الاحياء,1,35:22,1,7
الاخ,1,4:23,1,4
الاخت,1,4:23,1,5
الاختين,1,4:23,1,7
الاخدود,1,85:4,1,7
الاخسرين,1,21:70,1,8
الاخضر,1,36:80,1,6
الاخلاء,1,43:67,1,7
الاذقان,1,36:8,1,7
الاذل,1,63:8,1,5
الاذلين,1,58:20,1,7
الاربه,1,24:31,1,6
الارذلون,1,26:111,1,8
الاسري,1,8:70,1,6
الاسفل,1,4:145,1,6
الاسم,1,49:11,1,5
الاسود,1,2:187,1,6
الاشر,1,54:26,1,5
الاشرار,1,38:62,1,7
الاشهر,1,9:5,1,6
الاصباح,1,6:96,1,7
الاصلاح,1,11:88,1,7
الاصنام,1,14:35,1,7
الاطفال,1,24:59,1,7
الاعجمين,1,26:198,1,8
الاعداء,1,7:150,1,7
الاعز,1,63:8,1,5
الاعناق,1,8:12,1,7
الاغنياء,1,59:7,1,8
الافاق,1,41:53,1,6
الافلين,1,6:76,1,7
الافيده,1,104:7,1,7
الاقاويل,1,69:44,1,8
الاقدام,1,8:11,1,7
الاقدمون,1,26:76,1,8
الاقربين,1,26:214,1,8
الاقصي,1,17:1,1,6
الاكرم,1,96:3,1,6
الاكل,1,13:4,1,5
الاكمام,1,55:11,1,7
الالهه,1,38:5,1,6
الامانات,1,4:58,1,8
الامانه,1,33:72,1,7
الاماني,1,57:14,1,7
الامد,1,57:16,1,5
الامرون,1,9:112,1,7
الامل,1,15:3,1,5
الامم,1,35:42,1,5
الامنين,1,28:31,1,7
الاموات,1,35:22,1,7
الانامل,1,3:119,1,7
الانفاق,1,17:100,1,7
الاهله,1,2:189,1,6
الاوثان,1,22:30,1,7
الاوفي,1,53:41,1,6
الاوليان,1,5:107,1,8
الايامي,1,24:32,1,7
الايد,1,38:17,1,5
الايدي,1,38:45,1,6
الايه,1,79:20,1,5
الباري,1,59:24,1,6
البالغه,1,6:149,1,7
البايس,1,22:28,1,6
البحران,1,35:12,1,7
البدو,1,12:100,1,5
البروج,1,85:1,1,6
البسط,1,17:29,1,5
البشير,1,12:96,1,6
البطشه,1,44:16,1,6
البغاء,1,24:33,1,6
البغضاء,1,3:118,1,7
البغي,1,42:39,1,5
البقعه,1,28:30,1,6
البكم,1,8:22,1,5
البلاء,1,37:106,1,6
البلده,1,27:91,1,6
البنين,1,37:153,1,6
البوار,1,14:28,1,6
البيان,1,55:4,1,6
التابعين,1,24:31,1,8
التايبون,1,9:112,1,8
التجاره,1,62:11,1,7
التذكره,1,74:49,1,7
التراب,1,16:59,1,6
التراث,1,89:19,1,6
التراقي,1,75:26,1,7
التعفف,1,2:273,1,6
التغابن,1,64:9,1,7
التقتا,1,3:13,1,6
التقيتم,1,8:44,1,7
التكاثر,1,102:1,1,7
التلاق,1,40:15,1,6
التماثيل,1,21:52,1,8
التناد,1,40:32,1,6
التناهم,1,52:21,1,7
التناوش,1,34:52,1,7
التهلكه,1,2:195,1,7
التوابين,1,2:222,1,8
التوب,1,40:3,1,5
الثابت,1,14:27,1,6
الثاقب,1,86:3,1,6
الثالثه,1,53:20,1,7
الثري,1,20:6,1,5
الثقال,1,13:12,1,6
الثقلان,1,55:31,1,7
الثلاثه,1,9:118,1,7
الثلثان,1,4:176,1,7
الثمن,1,4:12,1,5
الجاريه,1,69:11,1,7
الجان,1,55:15,1,5
الجاهل,1,2:273,1,6
الجبار,1,59:23,1,6
الجدار,1,18:82,1,6
الجرز,1,32:27,1,5
الجزاء,1,53:41,1,6
الجزيه,1,9:29,1,6
الجلاء,1,59:3,1,6
الجمعه,1,62:9,1,6
الجمل,1,7:40,1,5
الجميل,1,15:85,1,6
الجنات,1,42:22,1,6
الجنب,1,4:36,1,5
الجنود,1,85:17,1,6
الجوارح,1,5:4,1,7
الجودي,1,11:44,1,6
الجوع,1,16:112,1,5
الجياد,1,38:31,1,6
الحاج,1,9:19,1,5
الحاسبين,1,6:62,1,8
الحافا,1,2:273,1,6
الحافره,1,79:10,1,7
الحامدون,1,9:112,1,8
الحب,1,6:95,1,4
الحبك,1,51:7,1,5
الحجاره,1,2:74,1,7
الحجرات,1,49:4,1,7
الحجه,1,6:149,1,5
الحرم,1,9:5,1,5
الحرور,1,35:21,1,6
الحزبين,1,18:12,1,7
الحسره,1,19:39,1,6
الحسنات,1,11:114,1,7
الحسنيين,1,9:52,1,8
الحشر,1,59:2,1,5
الحصيد,1,50:9,1,6
الحطب,1,111:4,1,5
الحقتم,1,34:27,1,6
الحقنا,1,52:21,1,6
الحكام,1,2:188,1,6
الحلقوم,1,56:83,1,7
الحليم,1,11:87,1,6
الحليه,1,43:18,1,6
الحمار,1,62:5,1,6
الحمير,1,31:19,1,6
الحميه,1,48:26,1,6
الحنث,1,56:46,1,5
الحواريين,1,5:111,1,9
الحوايا,1,6:146,1,7
الحول,1,2:240,1,5
الحيوان,1,29:64,1,7
الخاشعين,1,2:45,1,8
الخاطيون,1,69:37,1,8
الخاطيين,1,12:29,1,8
الخالدون,1,21:34,1,8
الخالدين,1,7:20,1,8
الخالص,1,39:3,1,6
الخالفين,1,9:83,1,8
الخالق,1,59:24,1,6
الخاليه,1,69:24,1,7
الخايضين,1,74:45,1,8
الخبء,1,27:25,1,5
الخبيثات,1,24:26,1,8
الخراصون,1,51:10,1,8
الخرطوم,1,68:16,1,7
الخصم,1,38:21,1,5
الخطفه,1,37:10,1,6
الخلطاء,1,38:24,1,7
الخلود,1,50:34,1,6
الخناس,1,114:4,1,6
الخياط,1,7:40,1,6
الخيام,1,55:72,1,6
الخيل,1,8:60,1,5
الد,1,2:204,1,3
الداخلين,1,66:10,1,8
الداعي,1,20:108,1,6
الدبر,1,54:45,1,5
الدرك,1,4:145,1,5
الدماء,1,2:30,1,6
الدواير,1,9:98,1,7
الديار,1,17:5,1,6
الذباب,1,22:73,1,6
الذكران,1,26:165,1,7
الذكور,1,42:49,1,6
الذنب,1,40:3,1,5
الراجفه,1,79:6,1,7
الرادفه,1,79:7,1,7
الراس,1,19:4,1,5
الراسخون,1,4:162,1,8
الراشدون,1,49:7,1,8
الراكعون,1,9:112,1,8
الراي,1,11:27,1,5
الربانيون,1,5:63,1,9
الربك,1,37:149,1,5
الرجع,1,86:11,1,5
الرجعي,1,96:8,1,6
الرزاق,1,51:58,1,6
الرسولا,1,33:66,1,7
الرشيد,1,11:87,1,6
الرعاء,1,28:23,1,6
الرعد,1,13:13,1,5
الرفث,1,2:187,1,5
الرفد,1,11:99,1,5
الرقيب,1,5:117,1,6
الرهب,1,28:32,1,5
الروع,1,11:74,1,5
الروم,1,30:2,1,5
الزاد,1,2:197,1,5
الزارعون,1,56:64,1,8
الزاني,1,24:3,1,6
الزانيه,1,24:2,1,7
الزاهدين,1,12:20,1,8
الزبانيه,1,96:18,1,8
الزبد,1,13:17,1,5
الزبور,1,21:105,1,6
الزجاجه,1,24:35,1,7
الزراع,1,48:29,1,6
الزرع,1,16:11,1,5
الزمناه,1,17:13,1,7
الزنا,1,17:32,1,5
الزينه,1,20:59,1,6
السابقون,1,56:10,1,8
الساجدون,1,9:112,1,8
الساحرون,1,10:77,1,8
الساخرين,1,39:56,1,8
الساق,1,75:29,1,5
السايحون,1,9:112,1,8
السايل,1,93:10,1,6
السبل,1,6:153,1,5
السبيلا,1,33:67,1,7
الست,1,7:172,1,4
السجل,1,21:104,1,5
السدره,1,53:16,1,6
السدين,1,18:93,1,6
السراء,1,3:134,1,6
السراير,1,86:9,1,7
السرد,1,34:11,1,5
السعي,1,37:102,1,5
السفلي,1,9:40,1,6
السقايه,1,12:70,1,7
السقف,1,16:26,1,5
السواي,1,30:10,1,6
السوي,1,20:135,1,5
السياره,1,12:10,1,7
السير,1,34:18,1,5
السيل,1,13:17,1,5
الشافعين,1,74:48,1,8
الشتاء,1,106:2,1,6
الشح,1,4:128,1,4
الشراب,1,18:29,1,6
الشرك,1,31:13,1,5
الشعر,1,36:69,1,5
الشعري,1,53:49,1,6
الشقه,1,9:42,1,5
الشكور,1,34:13,1,6
الشهور,1,9:36,1,6
الشوكه,1,8:7,1,6
الصاخه,1,80:33,1,6
الصافنات,1,38:31,1,8
الصافون,1,37:165,1,7
الصالح,1,35:10,1,6
الصخر,1,89:9,1,5
الصخره,1,18:63,1,6
الصدع,1,86:12,1,5
الصدفين,1,18:96,1,7
الصدق,1,46:16,1,5
الصديق,1,12:46,1,6
الصديقون,1,57:19,1,8
الصرح,1,27:44,1,5
الصفا,1,2:158,1,5
الصفح,1,15:85,1,5
الصلب,1,86:7,1,5
الصلوات,1,2:238,1,7
الصمد,1,112:2,1,5
الضان,1,6:143,1,5
الضراء,1,7:95,1,6
الضرر,1,4:95,1,5
الضعف,1,34:37,1,5
الطارق,1,86:2,1,6
الطالب,1,22:73,1,6
الطامه,1,79:34,1,6
الطايفتين,1,8:7,1,9
الطريقه,1,72:16,1,7
الطفل,1,24:31,1,5
الظانين,1,48:6,1,7
الظله,1,26:189,1,5
الظمان,1,24:39,1,6
الظنونا,1,33:10,1,7
الظهيره,1,24:58,1,7
العابدون,1,9:112,1,8
العابدين,1,43:81,1,8
العادين,1,23:113,1,7
العاقبه,1,11:49,1,7
العاكف,1,22:25,1,6
العالمون,1,29:43,1,8
العالين,1,38:75,1,7
العاملون,1,37:61,1,8
العدو,1,63:4,1,5
العرم,1,34:16,1,5
العزم,1,46:35,1,5
العسره,1,9:117,1,6
العشاء,1,24:58,1,6
العشار,1,81:4,1,6
العشير,1,22:13,1,6
العصف,1,55:12,1,5
العظم,1,19:4,1,5
العقد,1,113:4,1,5
العقيم,1,51:41,1,6
العلقه,1,23:14,1,6
العلماء,1,35:28,1,7
العليا,1,9:40,1,6
العماد,1,89:7,1,6
العنت,1,4:25,1,5
العين,1,3:13,1,5
العيون,1,36:34,1,6
الغار,1,9:40,1,5
الغاشيه,1,88:1,1,7
الغافرين,1,7:155,1,8
الغافلات,1,24:23,1,8
الغاوون,1,26:224,1,7
الغايبين,1,27:20,1,8
الغراب,1,5:31,1,6
الغربي,1,28:44,1,6
الغرفات,1,34:37,1,7
الغرفه,1,25:75,1,6
الغرق,1,10:90,1,5
الغروب,1,50:39,1,6
الغضب,1,7:154,1,5
الغلام,1,18:80,1,6
الفا,1,8:65,1,4
الفاتحين,1,7:89,1,8
الفاصلين,1,6:57,1,8
الفافا,1,78:16,1,6
الفت,1,8:63,1,4
الفتاح,1,34:26,1,6
الفتيه,1,18:10,1,6
الفجره,1,80:42,1,6
الفرار,1,33:16,1,6
الفراق,1,75:28,1,6
الفرحين,1,28:76,1,7
الفريضه,1,4:24,1,7
الفزع,1,21:103,1,5
الفسوق,1,49:11,1,6
الفقر,1,2:268,1,5
الفقير,1,22:28,1,6
الفلق,1,113:1,1,5
الفوا,1,37:69,1,5
الفواد,1,53:11,1,6
الفيتان,1,8:48,1,7
الفيل,1,105:1,1,5
الفين,1,8:66,1,5
الفينا,1,2:170,1,6
القادر,1,6:65,1,6
القادرون,1,77:23,1,8
القاضيه,1,69:27,1,7
القاعدون,1,4:95,1,8
القالين,1,26:168,1,7
القانتين,1,66:12,1,8
القانطين,1,15:55,1,8
القانع,1,22:36,1,6
القاه,1,12:96,1,5
القاها,1,4:171,1,6
القبله,1,2:143,1,6
القتلي,1,2:178,1,6
القدير,1,30:54,1,6
القرح,1,3:172,1,5
القرده,1,5:60,1,6
القريتين,1,43:31,1,8
القرين,1,43:38,1,6
القسط,1,21:47,1,5
القسمه,1,4:8,1,6
القصوي,1,8:42,1,6
القطر,1,34:12,1,5
القلايد,1,5:2,1,7
القلب,1,3:159,1,5
القها,1,20:19,1,5
القيا,1,50:24,1,5
القيمه,1,98:5,1,6
الكذاب,1,54:26,1,6
الكره,1,17:6,1,5
الكعبين,1,5:6,1,7
الكفره,1,80:42,1,6
الكفور,1,34:17,1,6
الكلاله,1,4:176,1,7
الكلب,1,7:176,1,5
الكم,1,53:21,1,4
الكنس,1,81:16,1,5
الكنوز,1,28:76,1,6
الكوافر,1,60:10,1,7
الكوثر,1,108:1,1,6
اللات,1,53:19,1,5
اللاعبين,1,21:55,1,8
اللاعنون,1,2:159,1,8
اللذين,1,41:29,1,6
اللمم,1,53:32,1,5
اللهب,1,77:31,1,5
اللهو,1,62:11,1,5
اللوامه,1,75:2,1,7
الماب,1,3:14,1,5
الماعون,1,107:7,1,7
الماهدون,1,51:48,1,8
المباركه,1,28:30,1,8
المبثوث,1,101:4,1,7
المبذرين,1,17:27,1,8
المتربصين,1,52:31,1,9
المتصدقين,1,12:88,1,9
المتطهرين,1,2:222,1,9
المتعال,1,13:9,1,7
المتكبر,1,59:23,1,7
المتكلفين,1,38:86,1,9
المتلقيان,1,50:17,1,9
المتنافسون,1,83:26,1,10
المتوكلين,1,3:159,1,9
المتين,1,51:58,1,6
المثاني,1,15:87,1,7
المثلات,1,13:6,1,7
المثلي,1,20:63,1,6
المجالس,1,58:11,1,7
المجرم,1,70:11,1,6
المجيبون,1,37:75,1,8
المحال,1,13:13,1,6
المحتظر,1,54:31,1,7
المحرم,1,14:37,1,6
المخاض,1,19:23,1,6
المخبتين,1,22:34,1,8
المخرجين,1,26:167,1,8
المخسرين,1,26:181,1,8
المدثر,1,74:1,1,6
المدحضين,1,37:141,1,8
المر,1,13:1,1,4
المراضع,1,28:12,1,7
المرافق,1,5:6,1,7
المرجومين,1,26:116,1,9
المرضي,1,9:91,1,6
المرعي,1,87:4,1,6
المرفود,1,11:99,1,7
المرفوع,1,52:5,1,7
المزمل,1,73:1,1,6
المزن,1,56:69,1,5
المس,1,2:275,1,4
المساق,1,75:30,1,6
المسبحون,1,37:166,1,8
المسبحين,1,37:143,1,8
المستاخرين,1,15:24,1,10
المستبين,1,37:117,1,8
المستضعفين,1,4:98,1,10
المستقدمين,1,15:24,1,10
المستقر,1,75:12,1,7
المستكبرين,1,16:23,1,10
المستهزيين,1,15:95,1,10
المسجور,1,52:6,1,7
المسجونين,1,26:29,1,9
المسخر,1,2:164,1,6
المسكنه,1,3:112,1,7
المسلمون,1,72:14,1,8
المسومه,1,3:14,1,7
المسيء,1,40:58,1,6
المشركات,1,2:221,1,8
المشعر,1,2:198,1,6
المص,1,7:1,1,4
المصباح,1,24:35,1,7
المصطفين,1,38:47,1,8
المصلح,1,2:220,1,6
المصور,1,59:24,1,6
المصيطرون,1,52:37,1,9
المضطر,1,27:62,1,6
المضعفون,1,30:39,1,8
المضغه,1,23:14,1,6
المضلين,1,18:51,1,7
المطمينه,1,89:27,1,8
المطهرون,1,56:79,1,8
المطهرين,1,9:108,1,8
المطوعين,1,9:79,1,8
المعارج,1,70:3,1,7
المعتبين,1,41:24,1,8
المعتدون,1,9:10,1,8
المعذبين,1,26:213,1,8
المعذرون,1,9:90,1,8
المعروف,1,9:67,1,7
المعز,1,6:143,1,5
المعصرات,1,78:14,1,8
المعمور,1,52:4,1,7
المعوقين,1,33:18,1,8
المغرب,1,2:258,1,6
المغربين,1,55:17,1,8
المغرقين,1,11:43,1,8
المغشي,1,47:20,1,6
المغضوب,1,1:7,1,7
المفترين,1,7:152,1,8
المفتون,1,68:6,1,7
المفر,1,75:10,1,5
المفسد,1,2:220,1,6
المفسدون,1,2:12,1,8
المفلحين,1,28:67,1,8
المقابر,1,102:2,1,7
المقامه,1,35:35,1,7
المقبوحين,1,28:42,1,9
المقتر,1,2:236,1,6
المقتسمين,1,15:90,1,9
المقدسه,1,5:21,1,7
المقنطره,1,3:14,1,8
المكذبون,1,56:51,1,8
المكنون,1,56:23,1,7
المكيدون,1,52:42,1,8
الملعونه,1,17:60,1,8
الملقين,1,7:115,1,7
الملكين,1,2:102,1,7
المله,1,38:7,1,5
الملوك,1,27:34,1,6
الممات,1,17:75,1,6
المناد,1,50:41,1,6
المنام,1,37:102,1,6
المنتصرين,1,28:81,1,9
المنزلون,1,56:69,1,8
المنشات,1,55:24,1,7
المنشيون,1,56:72,1,8
المنصورون,1,37:172,1,9
المنفوش,1,101:5,1,7
المنون,1,52:30,1,6
المهتدون,1,2:157,1,8
المهتدي,1,7:178,1,7
المهلكين,1,23:48,1,8
المهيمن,1,59:23,1,7
الموءوده,1,81:8,1,8
الموازين,1,21:47,1,8
الموالي,1,19:5,1,7
الموته,1,44:56,1,6
الموده,1,42:23,1,6
المورود,1,11:98,1,7
الموسع,1,2:236,1,6
الموعود,1,85:2,1,7
الموقده,1,104:6,1,7
الموقنين,1,6:75,1,8
المولود,1,2:233,1,7
المومن,1,59:23,1,6
الميثاق,1,13:20,1,7
الميل,1,4:129,1,5
النادمين,1,5:31,1,8
الناصرين,1,3:150,1,8
الناظرين,1,2:69,1,8
الناقور,1,74:8,1,7
النبا,1,78:2,1,5
النجاه,1,40:41,1,6
النجدين,1,90:10,1,7
النجم,1,86:3,1,5
النحل,1,16:68,1,5
النخيل,1,16:67,1,6
النسوه,1,12:50,1,6
النسيء,1,9:37,1,6
النصب,1,5:3,1,5
النصف,1,4:11,1,5
النطفه,1,23:14,1,6
النعاس,1,8:11,1,6
النعم,1,5:95,1,5
النعمه,1,73:11,1,6
النفاثات,1,113:4,1,8
النفاق,1,9:101,1,6
النفوس,1,81:7,1,6
النون,1,21:87,1,5
الهاكم,1,102:1,1,6
الهالكين,1,12:85,1,8
الهتي,1,19:46,1,5
الهدهد,1,27:20,1,6
الهم,1,7:195,1,4
الهيم,1,56:55,1,5
الواح,1,54:13,1,5
الواد,1,28:30,1,5
الوارث,1,2:233,1,6
الواعظين,1,26:136,1,8
الوالدين,1,4:135,1,8
الوتين,1,69:46,1,6
الوثاق,1,47:4,1,6
الوحوش,1,81:5,1,6
الودود,1,85:14,1,6
الورد,1,11:98,1,5
الوريد,1,50:16,1,6
الوزن,1,55:9,1,5
الوسطي,1,2:238,1,6
الوسواس,1,114:4,1,7
الوف,1,2:243,1,4
الوقود,1,85:5,1,6
الوكيل,1,3:173,1,6
الولايه,1,18:44,1,7
الويل,1,21:18,1,5
الياس,1,37:123,1,5
الياقوت,1,55:58,1,7
اليسر,1,2:185,1,5
اليكما,1,28:35,1,6
امات,1,53:44,1,4
اماته,1,80:21,1,5
اماذا,1,27:84,1,5
امام,1,36:12,1,4
امامه,1,75:5,1,5
اماناتكم,1,8:27,1,8
امانته,1,2:283,1,6
امانيهم,1,2:111,1,7
امتا,1,20:107,1,4
امتحن,1,49:3,1,5
امتعكن,1,33:28,1,6
امتلات,1,50:30,1,6
امتنا,1,40:11,1,5
امثلهم,1,20:104,1,6
امراتين,1,28:23,1,7
امرتك,1,7:12,1,5
امرتني,1,5:117,1,6
امرتهم,1,24:53,1,6
امرو,1,4:176,1,4
امسكن,1,5:4,1,5
امسكهما,1,35:41,1,7
امشاج,1,76:2,1,5
امشوا,1,38:6,1,5
امضي,1,18:60,1,4
امطرت,1,25:40,1,5
امعاءهم,1,47:15,1,7
املا,1,18:46,1,4
امليت,1,22:48,1,5
امنتكم,1,12:64,1,6
امنكم,1,12:64,1,5
امنيته,1,22:52,1,6
امها,1,28:59,1,4
امهلهم,1,86:17,1,6
اموت,1,19:33,1,4
اميون,1,2:78,1,5
اناه,1,33:53,1,4
انباك,1,66:3,1,5
انباهم,1,2:33,1,6
انبايكم,1,33:20,1,7
انبايها,1,7:101,1,7
انبتت,1,2:261,1,5
انبتكم,1,71:17,1,6
انبتنا,1,26:7,1,6
انبعاثهم,1,9:46,1,8
انبعث,1,91:12,1,5
انبنا,1,60:4,1,5
انبيهم,1,2:33,1,6
انبيوني,1,2:31,1,7
انتبذت,1,19:16,1,6
انتثرت,1,82:2,1,6
انتصر,1,42:41,1,5
انتظروا,1,6:158,1,7
انتقمنا,1,43:55,1,7
انتما,1,28:35,1,5
انجاكم,1,14:6,1,6
انجانا,1,6:63,1,6
انجاهم,1,10:23,1,6
انجيتنا,1,10:22,1,7
انحن,1,34:32,1,4
اندعو,1,6:71,1,5
انذرتكم,1,41:13,1,7
انذركم,1,21:45,1,6
انذرناكم,1,78:40,1,8
انذرهم,1,54:36,1,6
انزلتموه,1,56:69,1,8
انزلناها,1,24:1,1,8
انزلني,1,23:29,1,6
انساب,1,23:101,1,5
انسان,1,17:13,1,5
انسانيه,1,18:63,1,7
انستم,1,4:6,1,5
انسجد,1,25:60,1,5
انسلخ,1,9:5,1,5
انسوكم,1,23:110,1,6
انسيا,1,19:26,1,5
انشاء,1,56:35,1,5
انشاتم,1,56:72,1,6
انشاناه,1,23:14,1,7
انشاناهن,1,56:35,1,8
انشاها,1,36:79,1,6
انشره,1,80:22,1,5
انشزوا,1,58:11,1,6
انصارا,1,71:25,1,6
انصتوا,1,46:29,1,6
انصح,1,11:34,1,4
انصرفوا,1,9:127,1,7
انطعم,1,36:47,1,5
انطق,1,41:21,1,4
انطقنا,1,41:21,1,6
انطلقتم,1,48:15,1,7
انظرنا,1,2:104,1,6
انظرني,1,7:14,1,6
انظرونا,1,57:13,1,7
انعام,1,6:138,1,5
انعامكم,1,20:54,1,7
انعامهم,1,32:27,1,7
انعمها,1,8:53,1,6
انفا,1,47:16,1,4
انفخوا,1,18:96,1,6
انفصام,1,2:256,1,6
انفضوا,1,62:11,1,6
انفطرت,1,82:1,1,6
انفقت,1,8:63,1,5
انقص,1,73:3,1,4
انقض,1,94:3,1,4
انقلب,1,22:11,1,5
انكاثا,1,16:92,1,6
انكالا,1,73:12,1,6
انكحك,1,28:27,1,5
انكدرت,1,81:2,1,6
انكر,1,31:19,1,4
انلزمكموها,1,11:28,1,10
انهار,1,47:15,1,5
انهاكم,1,11:88,1,6
انهكما,1,7:22,1,6
انهن,1,14:36,1,4
انيه,1,88:5,1,4
اهانن,1,89:16,1,5
اهبط,1,11:48,1,4
اهبطا,1,20:123,1,5
اهتديت,1,34:50,1,6
اهتديتم,1,5:105,1,7
اهدك,1,19:43,1,4
اهدكم,1,40:38,1,5
اهدنا,1,1:6,1,5
اهديكم,1,40:29,1,6
اهكذا,1,27:42,1,5
اهلكت,1,90:6,1,5
اهلكتهم,1,7:155,1,7
اهلكني,1,67:28,1,6
اهلهن,1,4:25,1,5
اهليكم,1,5:89,1,6
اهليهم,1,48:12,1,6
اهمتهم,1,3:154,1,6
اهواءكم,1,6:56,1,7
اهون,1,30:27,1,4
اهوي,1,53:53,1,4
اوامن,1,7:98,1,5
اواه,1,11:75,1,4
اوبي,1,34:10,1,4
اوت,1,69:25,1,3
اوتادا,1,78:7,1,6
اوتمن,1,2:283,1,5
اوتوه,1,2:213,1,5
اوتيت,1,20:36,1,5
اوجفتم,1,59:6,1,6
اوحيت,1,5:111,1,5
اوديتهم,1,46:24,1,7
اوديه,1,13:17,1,5
اوذي,1,29:10,1,4
اوذينا,1,7:129,1,6
اورثنا,1,35:32,1,6
اورثوا,1,42:14,1,6
اوزار,1,16:25,1,5
اوزارا,1,20:87,1,6
اوزارها,1,47:4,1,7
اوسط,1,5:89,1,4
اوسطهم,1,68:28,1,6
اوعظت,1,26:136,1,5
اوف,1,2:40,1,3
اوقدوا,1,5:64,1,6
اوكلما,1,2:100,1,6
اولات,1,65:6,1,5
اولاهم,1,7:39,1,6
اولاهما,1,17:5,1,7
اولما,1,3:165,1,5
اولياوكم,1,41:31,1,8
اولياوه,1,8:34,1,7
اوليايكم,1,33:6,1,8
اوليايهم,1,6:121,1,8
اوليكم,1,54:43,1,6
اونبيكم,1,3:15,1,7
اوهن,1,29:41,1,4
اوينا,1,18:63,1,5
ايا,1,17:110,1,3
ايابهم,1,88:25,1,6
اياتها,1,21:32,1,6
اياك,1,1:5,1,4
ايامركم,1,3:80,1,7
ايبتغون,1,4:139,1,7
ايتيا,1,41:11,1,5
ايتين,1,17:12,1,5
ايحب,1,49:12,1,4
ايحسبون,1,23:55,1,7
ايد,1,7:195,1,3
ايدتك,1,5:110,1,5
ايدك,1,8:62,1,4
ايديهما,1,5:38,1,7
ايذا,1,56:47,1,4
ايذن,1,9:49,1,4
ايشركون,1,7:191,1,7
ايطمع,1,70:38,1,5
ايعدكم,1,23:35,1,6
ايفكا,1,37:86,1,5
ايقاظا,1,18:18,1,6
ايلافهم,1,106:2,1,7
ايما,1,28:28,1,4
ايمسكه,1,16:59,1,6
ايوب,1,38:41,1,4
ايود,1,2:266,1,4
بابراهيم,1,3:68,1,8
بابصارهم,1,68:51,1,8
باتخاذكم,1,2:54,1,8
باثمي,1,5:29,1,5
باحسنها,1,7:145,1,7
باحكم,1,95:8,1,5
باخ,1,12:59,1,3
باخذيه,1,2:267,1,6
باخراج,1,9:13,1,6
باخرين,1,4:133,1,6
باخيك,1,28:35,1,5
بادون,1,33:20,1,5
بادي,1,11:27,1,4
بارجلهن,1,24:31,1,7
بارزه,1,18:47,1,5
بارزون,1,40:16,1,6
بازغا,1,6:77,1,5
بازغه,1,6:78,1,5
باسره,1,75:24,1,5
باسط,1,18:18,1,4
باسطو,1,6:93,1,5
باسقات,1,50:10,1,6
باسماء,1,2:31,1,6
باسه,1,6:147,1,4
باسهم,1,59:14,1,5
باشروهن,1,2:187,1,7
باشياعهم,1,34:54,1,8
باصحاب,1,105:1,1,6
باطنه,1,57:13,1,5
باعد,1,34:19,1,4
باعدايكم,1,4:45,1,8
باق,1,16:96,1,3
باكواب,1,56:18,1,6
بالابصار,1,24:43,1,8
بالاحقاف,1,46:21,1,8
بالاخسرين,1,18:103,1,9
بالاذن,1,5:45,1,6
بالازلام,1,5:3,1,8
بالاسحار,1,3:17,1,8
بالافك,1,24:11,1,6
بالالقاب,1,49:11,1,8
بالامن,1,6:81,1,6
بالانف,1,5:45,1,6
بالبصر,1,54:50,1,6
بالبيت,1,22:29,1,6
بالتقوي,1,96:12,1,7
بالتوراه,1,3:93,1,8
بالجبت,1,4:51,1,6
بالجنب,1,4:36,1,6
بالجنه,1,41:30,1,6
بالجنود,1,2:249,1,7
بالحاد,1,22:25,1,6
بالحج,1,22:27,1,5
بالحجاب,1,38:32,1,7
بالحر,1,2:178,1,5
بالحسنات,1,7:168,1,8
بالخاطيه,1,69:9,1,8
بالخلق,1,50:15,1,6
بالخنس,1,81:15,1,6
بالخيرات,1,35:32,1,8
بالدهن,1,23:20,1,6
بالذكر,1,41:41,1,6
بالرسل,1,2:87,1,6
بالروح,1,16:2,1,6
بالساحل,1,20:39,1,7
بالساق,1,75:29,1,6
بالساهره,1,79:14,1,8
بالسن,1,5:45,1,5
بالسنتكم,1,24:15,1,8
بالسنه,1,33:19,1,6
بالسنين,1,7:130,1,7
بالسوق,1,38:33,1,6
بالشاكرين,1,6:53,1,9
بالشفق,1,84:16,1,6
بالشمس,1,2:258,1,6
بالشهاده,1,5:108,1,8
بالشهداء,1,24:13,1,8
بالشهر,1,2:194,1,6
بالطاغوت,1,2:256,1,8
بالطاغيه,1,69:5,1,8
بالطيب,1,4:2,1,6
بالعبد,1,2:178,1,6
بالعرف,1,7:199,1,6
بالعصبه,1,28:76,1,7
بالعقود,1,5:1,1,7
بالعمره,1,2:196,1,7
بالعهد,1,17:34,1,6
بالعين,1,5:45,1,6
بالغمام,1,25:25,1,7
بالغوه,1,7:135,1,6
بالغيه,1,16:7,1,6
بالف,1,8:9,1,4
بالفتح,1,5:52,1,6
بالقارعه,1,69:4,1,8
بالقعود,1,9:83,1,7
بالقلم,1,96:4,1,6
بالمرحمه,1,90:17,1,8
بالمعتدين,1,6:119,1,9
بالمغفره,1,2:175,1,8
بالملا,1,38:69,1,6
بالملايكه,1,15:7,1,9
بالملك,1,2:247,1,6
بالمن,1,2:264,1,5
بالمنكر,1,9:67,1,7
بالناصيه,1,96:15,1,8
بالنبيين,1,39:69,1,8
بالنواصي,1,55:41,1,8
بالهزل,1,86:14,1,6
بالوحي,1,21:45,1,6
بالوصيد,1,18:18,1,7
بالوعيد,1,50:28,1,7
بامامهم,1,17:71,1,7
بامانيكم,1,4:123,1,8
بامرهم,1,12:15,1,6
بانعام,1,26:133,1,6
بانعم,1,16:112,1,5
بانكم,1,45:35,1,5
باننا,1,5:111,1,5
بانيه,1,76:15,1,5
باهدي,1,43:24,1,5
باهلكم,1,12:93,1,6
باهوايهم,1,6:119,1,8
باوعيتهم,1,12:76,1,8
بايام,1,14:5,1,5
بايد,1,51:47,1,4
بايدي,1,80:15,1,5
بايدينا,1,9:52,1,7
بايعتم,1,9:111,1,6
بايكم,1,68:6,1,5
بايمان,1,52:21,1,6
بايمانكم,1,4:25,1,8
بايمانهم,1,10:9,1,8
بايمانهن,1,60:10,1,8
ببابل,1,2:102,1,5
بباسط,1,5:28,1,5
ببالغه,1,13:14,1,6
ببالغيه,1,40:56,1,7
ببدر,1,3:123,1,4
ببدنك,1,10:92,1,5
ببضاعه,1,12:88,1,6
ببطن,1,48:24,1,4
ببعضها,1,2:73,1,6
ببغيهم,1,6:146,1,6
ببكه,1,3:96,1,4
ببنيه,1,70:11,1,5
ببهتان,1,60:12,1,6
ببيعكم,1,9:111,1,6
بتاركي,1,11:53,1,6
بتحيه,1,4:86,1,5
بث,1,42:29,1,2
بثالث,1,36:14,1,5
بثلاثه,1,3:124,1,6
بثمره,1,18:42,1,5
بثمن,1,12:20,1,4
بثي,1,12:86,1,3
بجالوت,1,2:249,1,6
بجبار,1,50:45,1,5
بجذع,1,19:25,1,4
بجناحيه,1,6:38,1,7
بجنتيهم,1,34:16,1,7
بجنوده,1,20:78,1,6
بحاملين,1,29:12,1,7
بحجاره,1,105:4,1,6
بحديث,1,52:34,1,5
بحر,1,24:40,1,3
بحرب,1,2:279,1,4
بحسبان,1,55:5,1,6
بحق,1,5:116,1,3
بحكمه,1,27:78,1,5
بحمدك,1,2:30,1,5
بحيره,1,5:103,1,5
بخارج,1,6:122,1,5
بخازنين,1,15:22,1,7
بخالصه,1,38:46,1,6
بخس,1,12:20,1,3
بخسا,1,72:13,1,4
بخل,1,92:8,1,3
بخلاقكم,1,9:69,1,7
بخلقهن,1,46:33,1,6
بخمرهن,1,24:31,1,6
بخمسه,1,3:125,1,5
بخيلك,1,17:64,1,5
بدءوكم,1,9:13,1,6
بداكم,1,7:29,1,5
بدانا,1,21:104,1,5
بدخان,1,44:10,1,5
بدعا,1,46:9,1,4
بدعاء,1,19:48,1,5
بدعايك,1,19:4,1,6
بدل,1,27:11,1,3
بدلا,1,18:50,1,4
بدلناهم,1,4:56,1,7
بدم,1,12:18,1,3
بدين,1,2:282,1,4
بدينار,1,3:75,1,6
بدينكم,1,49:16,1,6
بذبح,1,37:107,1,4
بذكرهم,1,23:71,1,6
بذنبه,1,29:40,1,5
بذنوبكم,1,5:18,1,7
بذنوبنا,1,40:11,1,7
برءوسكم,1,5:6,1,7
برادي,1,16:71,1,5
برازقين,1,15:20,1,7
براس,1,7:150,1,4
براسي,1,20:94,1,5
بربه,1,72:13,1,4
بربوه,1,2:265,1,5
برجال,1,72:6,1,5
برجلك,1,38:42,1,5
برحمتنا,1,12:56,1,7
برد,1,24:43,1,3
بردهن,1,2:228,1,5
برره,1,80:16,1,4
برزخا,1,25:53,1,5
برزق,1,18:19,1,4
برسالاتي,1,7:144,1,8
برسلنا,1,57:27,1,6
برسلي,1,5:12,1,5
برسول,1,61:6,1,5
برسوله,1,57:28,1,6
برسولهم,1,40:5,1,7
برشيد,1,11:97,1,5
برق,1,75:7,1,3
برقه,1,24:43,1,4
بركات,1,7:96,1,5
بركنه,1,51:39,1,5
برهانان,1,28:32,1,7
بروج,1,4:78,1,4
برييا,1,4:112,1,5
برييون,1,10:41,1,6
بسا,1,56:5,1,3
بساحتهم,1,37:177,1,7
بساطا,1,71:19,1,5
بسبب,1,22:15,1,4
بسحرك,1,20:57,1,5
بسحره,1,26:35,1,5
بسحرهما,1,20:63,1,7
بسخط,1,3:162,1,4
بسط,1,42:27,1,3
بسطت,1,5:28,1,4
بسكاري,1,22:2,1,6
بسمعهم,1,2:20,1,6
بسوال,1,38:24,1,5
بسور,1,57:13,1,4
بشراكم,1,57:12,1,6
بشرر,1,77:32,1,4
بشرككم,1,35:14,1,6
بشرناك,1,15:55,1,6
بشق,1,16:7,1,3
بشماله,1,69:25,1,6
بشهاب,1,27:7,1,5
بشهاداتهم,1,70:33,1,9
بشهيد,1,4:41,1,5
بصاحبكم,1,34:46,1,7
بصاحبهم,1,7:184,1,7
بصحاف,1,43:71,1,5
بصدقه,1,4:114,1,5
بصدقهم,1,33:24,1,6
بصرت,1,20:96,1,4
بصره,1,45:23,1,4
بصلاتك,1,17:110,1,6
بصوتك,1,17:64,1,5
بضارهم,1,58:10,1,6
بضارين,1,2:102,1,6
بضاعتنا,1,12:65,1,7
بضاعه,1,12:19,1,5
بضنين,1,81:24,1,5
بضياء,1,28:71,1,5
بطانه,1,3:118,1,5
بطاينها,1,55:54,1,7
بطرا,1,8:47,1,4
بطرت,1,28:58,1,4
بطريقتكم,1,20:63,1,8
بطش,1,85:12,1,3
بطشتنا,1,54:36,1,6
بطغواها,1,91:11,1,7
بطني,1,3:35,1,4
بطونه,1,16:66,1,5
بظاهر,1,13:33,1,5
بعاد,1,89:6,1,4
بعالمين,1,12:44,1,7
بعبده,1,17:1,1,5
بعثر,1,100:9,1,4
بعثرت,1,82:4,1,5
بعثكم,1,31:28,1,5
بعثناكم,1,2:56,1,7
بعثه,1,2:259,1,4
بعدتهم,1,18:22,1,6
بعدك,1,20:85,1,4
بعدكم,1,6:133,1,5
بعدهن,1,24:58,1,5
بعذابكم,1,4:147,1,7
بعرشها,1,27:38,1,6
بعزه,1,26:44,1,4
بعصم,1,60:10,1,4
بعظم,1,6:146,1,4
بعلا,1,37:125,1,4
بعلها,1,4:128,1,5
بعلي,1,11:72,1,4
بعهدكم,1,2:40,1,6
بعهدهم,1,2:177,1,6
بعهدي,1,2:40,1,5
بعوره,1,33:13,1,5
بعوضه,1,2:26,1,5
بغايبين,1,82:16,1,7
بغت,1,49:9,1,3
بغرور,1,7:22,1,5
بغم,1,3:153,1,3
بغيظكم,1,3:119,1,6
بغيظهم,1,33:25,1,6
بغيكم,1,10:23,1,5
بفاتنين,1,37:162,1,7
بفضل,1,10:58,1,4
بقبس,1,20:10,1,4
بقبول,1,3:37,1,5
بقدرها,1,13:17,1,6
بقران,1,10:15,1,5
بقربان,1,3:183,1,6
بقريب,1,11:81,1,5
بقلها,1,2:61,1,5
بقميصي,1,12:93,1,6
بقنطار,1,3:75,1,6
بقي,1,2:278,1,3
بقيت,1,11:86,1,4
بقيعه,1,24:39,1,5
بقيه,1,11:116,1,4
بكاس,1,37:45,1,4
بكاف,1,39:36,1,4
بكافرين,1,6:89,1,7
بكاهن,1,52:29,1,5
بكت,1,44:29,1,3
بكتابكم,1,37:157,1,7
بكتابي,1,27:28,1,6
بكر,1,2:68,1,3
بكفرك,1,39:8,1,5
بكيدهن,1,12:50,1,6
بلاغا,1,72:23,1,5
بلحيتي,1,20:94,1,6
بلدا,1,2:126,1,4
بلغا,1,18:61,1,4
بلغني,1,3:40,1,5
بلونا,1,68:17,1,5
بلوناهم,1,68:17,1,7
بليغا,1,4:63,1,5
بليل,1,28:72,1,4
بم,1,27:35,1,2
بمال,1,27:36,1,4
بمثلها,1,10:27,1,6
بمخرجين,1,15:48,1,7
بمزحزحه,1,2:96,1,7
بمستيقنين,1,45:32,1,9
بمسمع,1,35:22,1,5
بمصر,1,10:87,1,4
بمصرخكم,1,14:22,1,7
بمصرخي,1,14:22,1,6
بمصيطر,1,88:22,1,6
بمعجز,1,46:32,1,5
بمغفره,1,36:11,1,6
بمفازتهم,1,39:61,1,8
بمفازه,1,3:188,1,6
بمقدار,1,13:8,1,6
بمقعدهم,1,9:81,1,7
بمكرهن,1,12:31,1,6
بملكنا,1,20:87,1,6
بملوم,1,51:54,1,5
بمنشرين,1,44:35,1,7
بمواقع,1,56:75,1,6
بموسي,1,7:131,1,5
بمومن,1,12:17,1,5
بميت,1,14:17,1,4
بميتين,1,37:58,1,6
بميثاقهم,1,4:154,1,8
بنات,1,43:16,1,4
بناتك,1,11:79,1,5
بناصيتها,1,11:56,1,8
بنان,1,8:12,1,4
بنانه,1,75:4,1,5
بنخل,1,18:32,1,4
بنصب,1,38:41,1,4
بنصر,1,30:5,1,4
بنعمته,1,3:103,1,6
بنفسك,1,17:14,1,5
بنميم,1,68:11,1,5
بنهر,1,2:249,1,4
بنو,1,10:90,1,3
بنوا,1,9:110,1,4
بنور,1,39:69,1,4
بنورهم,1,2:17,1,6
بنون,1,26:88,1,4
بنيان,1,61:4,1,5
بنيه,1,2:132,1,4
بهاد,1,30:53,1,4
بهادي,1,27:81,1,5
بهتان,1,24:16,1,5
بهجه,1,27:60,1,4
بهديتكم,1,27:36,1,7
بهديه,1,27:35,1,5
بواحده,1,34:46,1,6
بواد,1,14:37,1,4
بوالدتي,1,19:32,1,7
بوجهه,1,39:24,1,5
بورقكم,1,18:19,1,6
بورك,1,27:8,1,4
بولده,1,2:233,1,5
بولدها,1,2:233,1,6
بيان,1,3:138,1,4
بيانه,1,75:19,1,5
بيته,1,4:100,1,4
بيتها,1,12:23,1,5
بيحيي,1,3:39,1,5
بيدي,1,38:75,1,4
بيناه,1,2:159,1,5
بينت,1,35:40,1,4
بينهن,1,65:12,1,5
بيوتنا,1,33:13,1,6
بيوتهن,1,65:1,1,6
بيوسف,1,12:89,1,5
بييس,1,7:165,1,4
تابا,1,4:16,1,4
تاتنا,1,7:132,1,5
تاتوا,1,2:189,1,5
تاتوننا,1,37:28,1,7
تاتوني,1,12:60,1,6
تاثيم,1,52:23,1,5
تاثيما,1,56:25,1,6
تاجرني,1,28:27,1,6
تاخذ,1,20:94,1,4
تاخذكم,1,24:2,1,6
تاخذه,1,2:255,1,5
تاخذهم,1,36:49,1,6
تاخذونه,1,4:21,1,7
تاخذونها,1,48:20,1,8
تارك,1,11:12,1,4
تاسوا,1,57:23,1,5
تاكله,1,3:183,1,5
تاكلوها,1,4:6,1,7
تامرك,1,11:87,1,5
تامرنا,1,25:60,1,6
تامرهم,1,52:32,1,6
تامروننا,1,34:33,1,8
تامروني,1,39:64,1,7
تامرين,1,27:33,1,6
تامنا,1,12:11,1,5
تايبات,1,66:5,1,6
تباب,1,40:37,1,4
تبارا,1,71:28,1,5
تباشروهن,1,2:187,1,8
تبايعتم,1,2:282,1,7
تبتغون,1,4:94,1,6
تبتيلا,1,73:8,1,6
تبخلوا,1,47:37,1,6
تبدونها,1,6:91,1,7
تبدوه,1,3:29,1,5
تبذر,1,17:26,1,4
تبذيرا,1,17:26,1,6
تبرءوا,1,2:167,1,6
تبرانا,1,28:63,1,6
تبرج,1,33:33,1,4
تبرجن,1,33:33,1,5
تبرنا,1,25:39,1,5
تبروا,1,2:224,1,5
تبروهم,1,60:8,1,6
تبسطها,1,17:29,1,6
تبسل,1,6:70,1,4
تبشرون,1,15:54,1,6
تبصره,1,50:8,1,5
تبعثون,1,23:16,1,6
تبعني,1,14:36,1,5
تبعوا,1,2:145,1,5
تبغ,1,28:77,1,3
تبغوا,1,4:34,1,5
تبغونها,1,3:99,1,7
تبغي,1,49:9,1,4
تبقي,1,74:28,1,4
تبكون,1,53:60,1,5
تبلغ,1,17:37,1,4
تبلو,1,10:30,1,4
تبلي,1,86:9,1,4
تبوء,1,5:29,1,4
تبوءوا,1,59:9,1,6
تبوا,1,10:87,1,4
تبور,1,35:29,1,4
تبوي,1,3:121,1,4
تبيانا,1,16:89,1,6
تبيد,1,18:35,1,4
تبيض,1,3:106,1,4
تبيعا,1,17:69,1,5
تبينت,1,34:14,1,5
تتبدلوا,1,4:2,1,7
تتبعان,1,10:89,1,6
تتبعن,1,20:93,1,5
تتبعها,1,79:7,1,6
تتبعونا,1,48:15,1,7
تتبيب,1,11:101,1,5
تتجافي,1,32:16,1,6
تتخذ,1,18:86,1,4
تتركه,1,7:176,1,5
تتركوا,1,9:16,1,6
تتري,1,23:44,1,4
تتفرقوا,1,42:13,1,7
تتفكروا,1,34:46,1,7
تتقلب,1,24:37,1,5
تتكبر,1,7:13,1,5
تتلون,1,2:44,1,5
تتماري,1,53:55,1,6
تتمنوا,1,4:32,1,6
تتناجوا,1,58:9,1,7
تتنزل,1,41:30,1,5
تتوبا,1,66:4,1,5
تثبيتا,1,4:66,1,6
تثريب,1,12:92,1,5
تثقفنهم,1,8:57,1,7
تثير,1,2:71,1,4
تجادلك,1,58:1,1,6
تجادلوا,1,29:46,1,7
تجارتهم,1,2:16,1,7
تجاروا,1,23:65,1,6
تجارون,1,16:53,1,6
تجتنبوا,1,4:31,1,7
تجرمون,1,11:35,1,6
تجريان,1,55:50,1,6
تجسسوا,1,49:12,1,6
تجعلونه,1,6:91,1,7
تجمعوا,1,4:23,1,6
تجهروا,1,49:2,1,6
تجوع,1,20:118,1,4
تحاضون,1,89:18,1,6
تحاوركما,1,58:1,1,8
تحبرون,1,43:70,1,6
تحبسونهما,1,5:106,1,9
تحبط,1,49:2,1,4
تحبوا,1,2:216,1,5
تحبونها,1,61:13,1,7
تحبونهم,1,3:119,1,7
تحتك,1,19:24,1,4
تحته,1,18:82,1,4
تحتي,1,43:51,1,4
تحدث,1,99:4,1,4
تحذرون,1,9:64,1,6
تحرثون,1,56:63,1,6
تحرص,1,16:37,1,4
تحرك,1,75:16,1,4
تحرم,1,66:1,1,4
تحرموا,1,5:87,1,6
تحروا,1,72:14,1,5
تحرير,1,5:89,1,5
تحس,1,19:98,1,3
تحسب,1,25:44,1,4
تحسبنهم,1,3:188,1,7
تحسبها,1,27:88,1,6
تحسبهم,1,59:14,1,6
تحسبوه,1,24:11,1,6
تحسدوننا,1,48:15,1,8
تحسنوا,1,4:128,1,6
تحسونهم,1,3:152,1,7
تحصنا,1,24:33,1,5
تحصنون,1,12:48,1,6
تحصوه,1,73:20,1,5
تحكم,1,39:46,1,4
تحكموا,1,4:58,1,6
تحلقوا,1,2:196,1,6
تحله,1,66:2,1,4
تحلوا,1,5:2,1,5
تحملنا,1,2:286,1,6
تحنث,1,38:44,1,4
تحيد,1,50:19,1,4
تحيطوا,1,27:84,1,6
تحيون,1,7:25,1,5
تحيي,1,2:260,1,4
تخاصم,1,38:64,1,5
تخاف,1,20:77,1,4
تخافا,1,20:46,1,5
تخافت,1,17:110,1,5
تخافن,1,8:58,1,5
تخافوا,1,41:30,1,6
تخافونهم,1,30:28,1,8
تخافوهم,1,3:175,1,7
تخافي,1,28:7,1,5
تخالطوهم,1,2:220,1,8
تختانون,1,2:187,1,7
تختصموا,1,50:28,1,7
تختصمون,1,39:31,1,7
تخرجوا,1,9:83,1,6
تخرجوهن,1,65:1,1,7
تخرصون,1,6:148,1,6
تخرق,1,17:37,1,4
تخزنا,1,3:194,1,5
تخزني,1,26:87,1,5
تخسروا,1,55:9,1,6
تخسير,1,11:63,1,5
تخشاه,1,33:37,1,5
تخشع,1,57:16,1,4
تخشوا,1,5:44,1,5
تخشون,1,9:24,1,5
تخشوه,1,9:13,1,5
تخشي,1,20:77,1,4
تخضعن,1,33:32,1,5
تخطه,1,29:48,1,4
تخفوا,1,3:29,1,5
تخفوها,1,2:271,1,6
تخفيف,1,2:178,1,5
تخلدون,1,26:129,1,6
تخلف,1,3:194,1,4
تخلفه,1,20:97,1,5
تخلق,1,5:110,1,4
تخلقونه,1,56:59,1,7
تخوف,1,16:47,1,4
تخونوا,1,8:27,1,6
تخويفا,1,17:59,1,6
تخيرون,1,68:38,1,6
تداركه,1,68:49,1,6
تداينتم,1,2:282,1,7
تدخرون,1,3:49,1,6
تدخل,1,3:192,1,4
تدخلوها,1,24:28,1,7
تدرك,1,36:40,1,4
تدركه,1,6:103,1,5
تدرون,1,4:11,1,5
تدعهم,1,18:57,1,5
تدعو,1,70:17,1,4
تدعوننا,1,14:9,1,7
تدعونه,1,6:63,1,6
تدعي,1,45:28,1,4
تدمر,1,46:25,1,4
تدهن,1,68:9,1,4
تدور,1,33:19,1,4
تديرونها,1,2:282,1,8
تذبحوا,1,2:67,1,6
تذرني,1,21:89,1,5
تذرهم,1,71:27,1,5
تذروه,1,18:45,1,5
تذليلا,1,76:14,1,6
تذهب,1,35:8,1,4
تذهبوا,1,12:13,1,6
تذهبون,1,81:26,1,6
تذهل,1,22:2,1,4
تذودان,1,28:23,1,6
تراءت,1,8:48,1,5
تراءي,1,26:61,1,5
تراضوا,1,2:232,1,6
تراضيتم,1,4:24,1,7
تراهم,1,48:29,1,5
تراود,1,12:30,1,5
تربص,1,2:226,1,4
تربصوا,1,52:31,1,6
تربصون,1,9:52,1,6
ترتابوا,1,2:282,1,7
ترتدوا,1,5:21,1,6
ترثوا,1,4:19,1,5
ترجعونها,1,56:87,1,8
ترجعوهن,1,60:10,1,7
ترجمون,1,44:20,1,6
ترجو,1,28:86,1,4
ترجون,1,71:13,1,5
ترجوها,1,17:28,1,6
ترجي,1,33:51,1,4
ترد,1,5:108,1,3
تردي,1,92:11,1,4
ترزقانه,1,12:37,1,7
ترضاها,1,2:144,1,6
ترضوا,1,9:96,1,5
ترضون,1,2:282,1,5
ترضونها,1,9:24,1,7
ترفع,1,24:36,1,4
ترفعوا,1,49:2,1,6
ترقب,1,20:94,1,4
ترقي,1,17:93,1,4
تركبون,1,43:12,1,6
تركتموها,1,59:5,1,8
تركضوا,1,21:13,1,6
تركنا,1,29:35,1,5
تركناها,1,54:15,1,7
تركنوا,1,11:113,1,6
ترمي,1,77:32,1,4
ترميهم,1,105:4,1,6
ترن,1,18:39,1,3
ترهبون,1,8:60,1,6
ترهقني,1,18:73,1,6
ترهقها,1,80:41,1,6
ترونهم,1,7:27,1,6
تريحون,1,16:6,1,6
ترين,1,19:26,1,4
تريني,1,23:93,1,5
تزال,1,5:13,1,4
تزاور,1,18:17,1,5
تزداد,1,13:8,1,5
تزدري,1,11:31,1,5
تزرعون,1,12:47,1,6
تزرعونه,1,56:64,1,7
تزغ,1,3:8,1,3
تزكوا,1,53:32,1,5
تزولا,1,35:41,1,5
تزيدونني,1,11:63,1,8
تزيلوا,1,48:25,1,6
تساءلون,1,4:1,1,7
تساقط,1,19:25,1,5
تسال,1,2:119,1,4
تسالن,1,11:46,1,5
تسالني,1,18:70,1,6
تساموا,1,2:282,1,6
تسبح,1,17:44,1,4
تسبحون,1,68:28,1,6
تسبوا,1,6:108,1,5
تسبيحهم,1,17:44,1,7
تستاخرون,1,34:30,1,8
تستانسوا,1,24:27,1,8
تستترون,1,41:22,1,7
تستخفونها,1,16:80,1,9
تسترضعوا,1,2:233,1,8
تستطع,1,18:78,1,5
تستطيعوا,1,4:129,1,8
تستطيعون,1,25:19,1,8
تستعجل,1,46:35,1,6
تستعجلوه,1,16:1,1,8
تستغفرون,1,27:46,1,8
تستغيثون,1,8:9,1,8
تستفت,1,18:22,1,5
تستفتحوا,1,8:19,1,8
تستفتيان,1,12:41,1,8
تستقدمون,1,34:30,1,8
تستقسموا,1,5:3,1,8
تستكثر,1,74:6,1,6
تستمعون,1,26:25,1,7
تستهزيون,1,9:65,1,8
تسجدوا,1,41:37,1,6
تسحرون,1,23:89,1,6
تسخروا,1,11:38,1,6
تسخرون,1,11:38,1,6
تسر,1,2:69,1,3
تسرحون,1,16:6,1,6
تسريح,1,2:229,1,5
تسطع,1,18:82,1,4
تسعا,1,18:25,1,4
تسفكون,1,2:84,1,6
تسكن,1,28:58,1,4
تسكنون,1,28:72,1,6
تسلمون,1,16:81,1,6
تسمعوا,1,41:26,1,6
تسمي,1,76:18,1,4
تسميه,1,53:27,1,5
تسنيم,1,83:27,1,5
تسوروا,1,38:21,1,6
تسوكم,1,5:101,1,5
تسوي,1,4:42,1,4
تسيمون,1,16:10,1,6
تشابهت,1,2:118,1,6
تشاقون,1,16:27,1,6
تشتهي,1,41:31,1,5
تشتهيه,1,43:71,1,6
تشخص,1,14:42,1,4
تشطط,1,38:22,1,4
تشكروا,1,39:7,1,6
تشمت,1,7:150,1,4
تشيع,1,24:19,1,4
تصاحبني,1,18:76,1,7
تصبحون,1,30:17,1,6
تصبر,1,18:68,1,4
تصبكم,1,3:120,1,5
تصدق,1,5:45,1,4
تصدقوا,1,2:280,1,6
تصدقون,1,56:57,1,6
تصدون,1,3:99,1,5
تصدونا,1,14:10,1,6
تصدي,1,80:6,1,4
تصرف,1,12:33,1,4
تصعدون,1,3:153,1,6
تصعر,1,31:18,1,4
تصف,1,16:116,1,3
تصلحوا,1,4:129,1,6
تصلي,1,88:4,1,4
تصنعون,1,29:45,1,6
تصوموا,1,2:184,1,6
تصيبن,1,8:25,1,5
تصيبنا,1,5:52,1,6
تصيبوا,1,49:6,1,6
تصير,1,42:53,1,4
تضار,1,2:233,1,4
تضاروهن,1,65:6,1,7
تضحكون,1,23:110,1,6
تضحي,1,20:119,1,4
تضربوا,1,16:74,1,6
تضرعوا,1,6:43,1,6
تضرونه,1,11:57,1,6
تضروه,1,9:39,1,5
تضعوا,1,4:102,1,5
تضعون,1,24:58,1,5
تضليل,1,105:2,1,5
تطرد,1,6:52,1,4
تطعمون,1,5:89,1,6
تطعه,1,96:19,1,4
تطمين,1,13:28,1,5
تطهرن,1,2:222,1,5
تطهرهم,1,9:103,1,6
تطهيرا,1,33:33,1,6
تطيرنا,1,36:18,1,6
تطيعوه,1,24:54,1,6
تطيوها,1,33:27,1,6
تطيوهم,1,48:25,1,6
تظلموا,1,9:36,1,6
تظما,1,20:119,1,4
تظن,1,75:25,1,3
تظهرون,1,30:18,1,6
تعاسرتم,1,65:6,1,7
تعاونوا,1,5:2,1,7
تعبثون,1,26:128,1,6
تعبرون,1,12:43,1,6
تعتدونها,1,33:49,1,8
تعتدوها,1,2:229,1,7
تعجب,1,13:5,1,4
تعجبون,1,53:59,1,6
تعد,1,18:28,1,3
تعدل,1,6:70,1,4
تعذب,1,18:86,1,4
تعرج,1,70:4,1,4
تعرض,1,5:42,1,4
تعرضن,1,17:28,1,5
تعرضوا,1,4:135,1,6
تعرضون,1,69:18,1,6
تعرفهم,1,2:273,1,6
تعري,1,20:118,1,4
تعزموا,1,2:235,1,6
تعظون,1,7:164,1,5
تعلمن,1,18:66,1,5
تعلمها,1,11:49,1,6
تعلمهم,1,9:101,1,6
تعلمونهم,1,8:60,1,8
تعلمونهن,1,5:4,1,8
تعلموهم,1,48:25,1,7
تعمدت,1,33:5,1,5
تعمل,1,21:74,1,4
تعودون,1,7:29,1,6
تعولوا,1,4:3,1,6
تغتسلوا,1,4:43,1,7
تغرب,1,18:86,1,4
تغشاها,1,7:189,1,6
تغفلون,1,4:102,1,6
تغلبون,1,41:26,1,6
تغمضوا,1,2:267,1,6
تغيض,1,13:8,1,4
تغيظا,1,25:12,1,5
تفادوهم,1,2:85,1,7
تفاوت,1,67:3,1,5
تفتا,1,12:85,1,4
تفتح,1,7:40,1,4
تفتروا,1,20:61,1,6
تفتنون,1,27:47,1,6
تفتني,1,9:49,1,5
تفثهم,1,22:29,1,5
تفجر,1,17:90,1,4
تفرح,1,28:76,1,4
تفرحوا,1,57:23,1,6
تفرضوا,1,2:236,1,6
تفرق,1,98:4,1,4
تفرون,1,62:8,1,5
تفسحوا,1,58:11,1,6
تفسقون,1,46:20,1,6
تفسيرا,1,25:33,1,6
تفشلا,1,3:122,1,5
تفصيلا,1,17:12,1,6
تفضحون,1,15:68,1,6
تفعل,1,5:67,1,4
تفعلوه,1,8:73,1,6
تفقدون,1,12:71,1,6
تفقهون,1,17:44,1,6
تفكهون,1,56:65,1,6
تفلحوا,1,18:20,1,6
تفندون,1,12:94,1,6
تفور,1,67:7,1,4
تفيء,1,49:9,1,4
تق,1,40:9,1,2
تقاتل,1,3:13,1,5
تقاتلونهم,1,48:16,1,9
تقاتلوهم,1,2:191,1,8
تقاته,1,3:102,1,5
تقاسموا,1,27:49,1,7
تقاه,1,3:28,1,4
تقبلوا,1,24:4,1,6
تقتلني,1,28:19,1,6
تقتلوه,1,28:9,1,6
تقتلوهم,1,8:17,1,7
تقتيلا,1,33:61,1,6
تقدم,1,48:2,1,4
تقربكم,1,34:37,1,6
تقربون,1,12:60,1,6
تقربوها,1,2:187,1,7
تقربوهن,1,2:222,1,7
تقرضهم,1,18:17,1,6
تقرضوا,1,64:17,1,6
تقسطوا,1,4:3,1,6
تقسموا,1,24:53,1,6
تقشعر,1,39:23,1,5
تقصروا,1,4:101,1,6
تقصص,1,12:5,1,4
تقضي,1,20:72,1,4
تقع,1,22:65,1,3
تقعد,1,6:68,1,4
تقف,1,17:36,1,3
تقل,1,17:23,1,3
تقلبون,1,29:21,1,6
تقنطوا,1,39:53,1,6
تقهر,1,93:9,1,4
تقواهم,1,47:17,1,6
تقولن,1,18:23,1,5
تقوله,1,52:33,1,5
تقويم,1,95:4,1,5
تقيموا,1,5:68,1,6
تكبيرا,1,17:111,1,6
تكتبوه,1,2:282,1,6
تكتبوها,1,2:282,1,7
تكتموا,1,2:283,1,6
تكتمونه,1,3:187,1,7
تكذبوا,1,29:18,1,6
تكذيب,1,85:19,1,5
تكرمون,1,89:17,1,6
تكره,1,10:99,1,4
تكفر,1,2:102,1,4
تكلمهم,1,27:82,1,6
تكلمون,1,23:108,1,6
تكليما,1,4:164,1,6
تكنزون,1,9:35,1,6
تلاها,1,91:2,1,5
تلاوته,1,2:121,1,6
تلبثوا,1,33:14,1,6
تلبسوا,1,2:42,1,6
تلبسون,1,3:71,1,6
تلظي,1,92:14,1,4
تلفح,1,23:104,1,4
تلقوا,1,2:195,1,5
تلقون,1,60:1,1,5
تلقونه,1,24:15,1,6
تلقوه,1,3:143,1,5
تلكم,1,7:43,1,4
تلكما,1,7:22,1,5
تلمزوا,1,49:11,1,6
تلهكم,1,63:9,1,5
تلهي,1,80:10,1,4
تلهيهم,1,24:37,1,6
تلوته,1,10:16,1,5
تلوموني,1,14:22,1,7
تلووا,1,4:135,1,5
تلوون,1,3:153,1,5
تليت,1,8:2,1,4
تلين,1,39:23,1,4
تمار,1,18:22,1,4
تماما,1,6:154,1,5
تمت,1,39:42,1,3
تمترن,1,43:61,1,5
تمتعون,1,33:16,1,6
تمر,1,27:88,1,3
تمرحون,1,40:75,1,6
تمسسكم,1,3:120,1,6
تمسسه,1,24:35,1,5
تمسكوا,1,60:10,1,6
تمسكوهن,1,2:231,1,7
تمسون,1,30:17,1,5
تمشون,1,57:28,1,5
تمكرون,1,10:21,1,6
تملكهم,1,27:23,1,6
تملي,1,25:5,1,4
تمنعهم,1,21:43,1,6
تمنن,1,74:6,1,4
تمنها,1,26:22,1,5
تمهيدا,1,74:14,1,6
تموتون,1,7:25,1,6
تميز,1,67:8,1,4
تنابزوا,1,49:11,1,7
تناجيتم,1,58:9,1,7
تنازعتم,1,4:59,1,7
تنازعوا,1,8:46,1,7
تناصرون,1,37:25,1,7
تناله,1,5:94,1,5
تنالوا,1,3:92,1,6
تنبتوا,1,27:60,1,6
تنبيهم,1,9:64,1,6
تنبيونه,1,13:33,1,7
تنتشرون,1,30:20,1,7
تنتصران,1,55:35,1,7
تنجيكم,1,61:10,1,6
تنحتون,1,37:95,1,6
تنزع,1,54:20,1,4
تنزلت,1,26:210,1,5
تنس,1,28:77,1,3
تنسوا,1,2:237,1,5
تنصروا,1,47:7,1,6
تنصروه,1,9:40,1,6
تنفد,1,18:109,1,4
تنفذوا,1,55:33,1,6
تنفذون,1,55:33,1,6
تنفس,1,81:18,1,4
تنفعكم,1,60:3,1,6
تنفعها,1,2:123,1,6
تنفعهم,1,74:48,1,6
تنقذ,1,39:19,1,4
تنقص,1,50:4,1,4
تنقصوا,1,11:84,1,6
تنقضوا,1,16:91,1,6
تنقم,1,7:126,1,4
تنقمون,1,5:59,1,6
تنكح,1,2:230,1,4
تنكرون,1,40:81,1,6
تنكصون,1,23:66,1,6
تنكيلا,1,4:84,1,6
تنهر,1,93:10,1,4
تنهرهما,1,17:23,1,7
تنهون,1,4:31,1,5
تنهي,1,29:45,1,4
تنيا,1,20:42,1,4
تهجرون,1,23:67,1,6
تهدوا,1,4:88,1,5
تواخذنا,1,2:286,1,7
تواخذني,1,18:73,1,7
توارت,1,38:32,1,5
تواعدتم,1,8:42,1,7
تواعدوهن,1,2:235,1,8
توبتهم,1,3:90,1,6
توتوا,1,4:5,1,5
توتون,1,12:66,1,5
توتونهن,1,4:127,1,7
توتوه,1,5:41,1,5
توثرون,1,87:16,1,6
توجل,1,15:53,1,4
توجه,1,28:22,1,4
تود,1,3:30,1,3
تودوا,1,4:58,1,5
توذوا,1,33:53,1,5
توذونني,1,61:5,1,7
تورون,1,56:71,1,5
توزهم,1,19:83,1,5
توسوس,1,50:16,1,5
توصون,1,4:12,1,5
توصيه,1,36:50,1,5
توعظون,1,58:3,1,6
توفاهم,1,4:97,1,6
توفته,1,6:61,1,5
توفتهم,1,47:27,1,6
توفني,1,12:101,1,5
توفون,1,3:185,1,5
توفيتني,1,5:117,1,7
توفيقي,1,11:88,1,6
توقدون,1,36:80,1,6
توقنون,1,13:2,1,6
توكلوا,1,10:84,1,6
توكيدها,1,16:91,1,7
تول,1,27:28,1,3
تولاه,1,22:4,1,5
تولج,1,3:27,1,4
تولون,1,40:33,1,5
توويه,1,70:13,1,5
تياسوا,1,12:87,1,6
تيمموا,1,2:267,1,6
ثابت,1,14:24,1,4
ثاقب,1,37:10,1,4
ثالث,1,5:73,1,4
ثاويا,1,28:45,1,5
ثبات,1,4:71,1,4
ثبتناك,1,17:74,1,6
ثبوتها,1,16:94,1,6
ثجاجا,1,78:14,1,5
ثقالا,1,7:57,1,5
ثلاثون,1,46:15,1,6
ثلاثين,1,7:142,1,6
ثلثا,1,4:11,1,4
ثلثي,1,73:20,1,4
ثماني,1,28:27,1,5
ثمانين,1,24:4,1,6
ثمر,1,18:34,1,3
ثوب,1,83:36,1,3
ثيابا,1,18:31,1,5
ثيابكم,1,24:58,1,6
ثيابهن,1,24:60,1,6
ثيبات,1,66:5,1,5
جاءتك,1,39:59,1,5
جاءتنا,1,7:126,1,6
جاءته,1,2:211,1,5
جاءتها,1,10:22,1,6
جابوا,1,89:9,1,5
جاثيه,1,45:28,1,5
جادلتم,1,4:109,1,6
جادلتنا,1,11:32,1,7
جادلوك,1,22:68,1,6
جار,1,8:48,1,3
جاريه,1,88:12,1,5
جاز,1,31:33,1,3
جاعلك,1,2:124,1,5
جالوت,1,2:251,1,5
جامده,1,27:88,1,5
جاهلون,1,12:89,1,6
جاوزا,1,18:62,1,5
جاوزه,1,2:249,1,5
جاير,1,16:9,1,4
جباههم,1,9:35,1,6
جبلا,1,36:62,1,4
جحدوا,1,11:59,1,5
جد,1,72:3,1,2
جدارا,1,18:77,1,5
جدال,1,2:197,1,4
جدالنا,1,11:32,1,6
جدد,1,35:27,1,3
جدر,1,59:14,1,3
جذاذا,1,21:58,1,5
جذع,1,19:23,1,3
جذوع,1,20:71,1,4
جذوه,1,28:29,1,4
جراد,1,54:7,1,4
جرحتم,1,6:60,1,5
جرزا,1,18:8,1,4
جرف,1,9:109,1,3
جزء,1,15:44,1,3
جزاوكم,1,17:63,1,6
جزوعا,1,70:20,1,5
جزيتهم,1,23:111,1,6
جعلا,1,7:190,1,4
جعلتم,1,16:91,1,5
جعلته,1,51:42,1,5
جعلها,1,12:100,1,5
جفاء,1,13:17,1,4
جلابيبهن,1,33:59,1,8
جلاها,1,91:3,1,5
جلودا,1,4:56,1,5
جلودكم,1,41:22,1,6
جما,1,89:20,1,3
جمال,1,16:6,1,4
جمالت,1,77:33,1,5
جمع,1,104:2,1,3
جمعكم,1,7:48,1,5
جمعناكم,1,77:38,1,7
جمعناهم,1,3:25,1,7
جمعه,1,75:17,1,4
جمعهم,1,42:29,1,5
جمعوا,1,3:173,1,5
جمله,1,25:32,1,4
جن,1,6:76,1,2
جنته,1,18:35,1,4
جنتي,1,89:30,1,4
جنحوا,1,8:61,1,5
جندا,1,19:75,1,4
جندنا,1,37:173,1,5
جنفا,1,2:182,1,4
جنوبكم,1,4:103,1,6
جنوبها,1,22:36,1,6
جنودا,1,9:26,1,5
جنوده,1,27:17,1,5
جنيا,1,19:25,1,4
جهاده,1,22:78,1,5
جهارا,1,71:8,1,5
جهدهم,1,9:79,1,5
جهر,1,13:10,1,3
جهولا,1,33:72,1,5
جو,1,16:79,1,2
جوفه,1,33:4,1,4
جيتك,1,26:30,1,4
جيدها,1,111:5,1,5
جيناكم,1,43:78,1,6
جيناهم,1,7:52,1,6
جيوبهن,1,24:31,1,6
حاج,1,2:258,1,3
حاججتم,1,3:66,1,6
حاجزا,1,27:61,1,5
حاجزين,1,69:47,1,6
حاجك,1,3:61,1,4
حاجوك,1,3:20,1,5
حاد,1,58:22,1,3
حاذرون,1,26:56,1,6
حارب,1,9:107,1,4
حاسبين,1,21:47,1,6
حاسد,1,113:5,1,4
حاضرا,1,18:49,1,5
حاضري,1,2:196,1,5
حافظ,1,86:4,1,4
حافظا,1,12:64,1,5
حافظات,1,4:34,1,6
حافظوا,1,2:238,1,6
حافين,1,39:75,1,5
حام,1,5:103,1,3
حبب,1,49:7,1,3
حبط,1,5:5,1,3
حتما,1,19:71,1,4
حثيثا,1,7:54,1,5
حجتنا,1,6:83,1,5
حجج,1,28:27,1,3
حجرا,1,25:22,1,4
حجوركم,1,4:23,1,6
حداد,1,33:19,1,4
حدب,1,21:96,1,3
حدوده,1,4:14,1,5
حديدا,1,17:50,1,5
حذرهم,1,4:102,1,5
حرا,1,9:81,1,3
حرام,1,16:116,1,4
حراما,1,10:59,1,5
حرثه,1,42:20,1,4
حرد,1,68:25,1,3
حرسا,1,72:8,1,4
حرصت,1,12:103,1,4
حرصتم,1,4:129,1,5
حرض,1,8:65,1,3
حرضا,1,12:85,1,4
حرف,1,22:11,1,3
حرمات,1,22:30,1,5
حرمها,1,27:91,1,5
حرمهما,1,7:50,1,6
حريص,1,9:128,1,4
حزبه,1,35:6,1,4
حزنا,1,9:92,1,4
حسابك,1,6:52,1,5
حسبت,1,18:9,1,4
حسبته,1,27:44,1,5
حسبتهم,1,76:19,1,6
حسبه,1,65:3,1,4
حسد,1,113:5,1,3
حسدا,1,2:109,1,4
حسرتا,1,39:56,1,5
حسرتنا,1,6:31,1,6
حسنات,1,25:70,1,5
حسنت,1,25:76,1,4
حسنهن,1,33:52,1,5
حسوما,1,69:7,1,5
حسير,1,67:4,1,4
حسيسها,1,21:102,1,6
حشرت,1,81:5,1,4
حشرتني,1,20:125,1,6
حصاده,1,6:141,1,5
حصب,1,21:98,1,3
حصحص,1,12:51,1,4
حصدتم,1,12:47,1,5
حصرت,1,4:90,1,4
حصونهم,1,59:2,1,6
حصيرا,1,17:8,1,5
حضروه,1,46:29,1,5
حطبا,1,72:15,1,4
حفره,1,3:103,1,4
حفظ,1,4:34,1,3
حفظه,1,6:61,1,4
حفظهما,1,2:255,1,6
حفي,1,7:187,1,3
حفيا,1,19:47,1,4
حقبا,1,18:60,1,4
حقيق,1,7:105,1,4
حكمت,1,5:42,1,4
حكمتم,1,4:58,1,5
حلا,1,3:93,1,3
حلاف,1,68:10,1,4
حلال,1,16:116,1,4
حلفتم,1,5:89,1,5
حللتم,1,5:2,1,5
حليهم,1,7:148,1,5
حمارك,1,2:259,1,5
حماله,1,111:4,1,5
حمر,1,74:50,1,3
حملتم,1,24:54,1,5
حملناكم,1,69:11,1,7
حملوا,1,62:5,1,5
حموله,1,6:142,1,5
حميدا,1,4:131,1,5
حنيذ,1,11:69,1,4
حنين,1,9:25,1,4
حوبا,1,4:2,1,4
حوتهما,1,18:61,1,6
حور,1,55:72,1,3
حولا,1,18:108,1,4
حولك,1,3:159,1,4
حولين,1,2:233,1,5
حياتكم,1,46:20,1,6
حيتانهم,1,7:163,1,7
حيران,1,6:71,1,5
حيله,1,4:98,1,4
حينيذ,1,56:84,1,5
حيه,1,20:20,1,3
حيوك,1,58:8,1,4
حييتم,1,4:86,1,5
خادعهم,1,4:142,1,6
خاسره,1,79:12,1,5
خاسيا,1,67:4,1,5
خاشعا,1,59:21,1,5
خاشعون,1,23:2,1,6
خاصه,1,8:25,1,4
خاضعين,1,26:4,1,6
خاضوا,1,9:69,1,5
خاطبهم,1,25:63,1,6
خاطيه,1,96:16,1,5
خافت,1,4:128,1,4
خافضه,1,56:3,1,5
خافوا,1,4:9,1,5
خافيه,1,69:18,1,5
خالاتك,1,33:50,1,6
خالاتكم,1,24:61,1,7
خالد,1,47:15,1,4
خالصا,1,16:66,1,5
خالك,1,33:50,1,4
خامدون,1,36:29,1,6
خامدين,1,21:15,1,6
خانوا,1,8:71,1,5
خايبين,1,3:127,1,6
خايفين,1,2:114,1,6
خبت,1,17:97,1,3
خبث,1,7:58,1,3
خبزا,1,12:36,1,4
ختار,1,31:32,1,4
ختامه,1,83:26,1,5
ختم,1,2:7,1,3
خدك,1,31:18,1,3
خذها,1,20:21,1,4
خذولا,1,25:29,1,5
خرابها,1,2:114,1,6
خرجتم,1,60:1,1,5
خرجن,1,2:240,1,4
خرقها,1,18:71,1,5
خروج,1,40:11,1,4
خزاينه,1,15:21,1,6
خسرا,1,65:9,1,4
خسرانا,1,4:119,1,6
خسفنا,1,29:40,1,5
خشب,1,63:4,1,3
خشعا,1,54:7,1,4
خشوعا,1,17:109,1,5
خشيت,1,20:94,1,4
خشيته,1,21:28,1,5
خصاصه,1,59:9,1,5
خصمون,1,43:58,1,5
خصيما,1,4:105,1,5
خطابا,1,78:37,1,5
خطاياهم,1,29:12,1,7
خطبك,1,20:95,1,4
خطبكما,1,28:23,1,6
خطبكن,1,12:51,1,5
خطبه,1,2:235,1,4
خطف,1,37:10,1,3
خطيا,1,17:31,1,4
خطيياتكم,1,7:161,1,8
خطيياتهم,1,71:25,1,8
خطييته,1,2:81,1,6
خطييتي,1,26:82,1,6
خطييه,1,4:112,1,5
خفافا,1,9:41,1,5
خفتكم,1,26:21,1,5
خفف,1,8:66,1,3
خفي,1,42:45,1,3
خفيا,1,19:3,1,4
خفيفا,1,7:189,1,5
خلافك,1,17:76,1,5
خلالكم,1,9:47,1,6
خلالهما,1,18:33,1,7
خلصوا,1,12:80,1,5
خلطوا,1,9:102,1,5
خلفتموني,1,7:150,1,8
خلفك,1,10:92,1,4
خلفكم,1,36:45,1,5
خلفنا,1,19:64,1,5
خلفها,1,2:66,1,5
خلفوا,1,9:118,1,5
خلقتك,1,19:9,1,5
خلقته,1,15:33,1,5
خلقناهما,1,44:39,1,8
خلقني,1,26:78,1,5
خلقها,1,16:5,1,5
خله,1,2:254,1,3
خمر,1,47:15,1,3
خمط,1,34:16,1,3
خنزير,1,6:145,1,5
خوان,1,22:38,1,4
خوانا,1,4:107,1,5
خوض,1,52:12,1,3
خوضهم,1,6:91,1,5
خوفهم,1,24:55,1,5
خولناكم,1,6:94,1,7
خولناه,1,39:49,1,6
خوله,1,39:8,1,4
خيانتك,1,8:71,1,6
خيانه,1,8:58,1,5
خيرات,1,55:70,1,5
خيفته,1,13:13,1,5
خيل,1,59:6,1,3
داب,1,40:31,1,3
دابا,1,12:47,1,4
داحضه,1,42:16,1,5
داخلون,1,5:22,1,6
داركم,1,11:65,1,5
دافق,1,86:6,1,4
داموا,1,5:24,1,5
دان,1,55:54,1,3
دايبين,1,14:33,1,6
دايم,1,13:35,1,4
دايمون,1,70:23,1,6
دبره,1,8:16,1,4
دحاها,1,79:30,1,5
دحورا,1,37:9,1,5
دخان,1,41:11,1,4
دخلتموه,1,5:23,1,7
دخله,1,3:97,1,4
دخلوه,1,17:7,1,5
دراستهم,1,6:156,1,7
دراهم,1,12:20,1,5
درست,1,6:105,1,4
دركا,1,20:77,1,4
دري,1,24:35,1,3
دساها,1,91:10,1,5
دعاءكم,1,35:14,1,6
دعاءه,1,17:11,1,5
دعان,1,2:186,1,4
دعاه,1,27:62,1,4
دعاوكم,1,25:77,1,6
دعايهم,1,46:5,1,6
دعايي,1,71:6,1,5
دعوت,1,71:5,1,4
دعوتك,1,14:44,1,5
دعوتكم,1,14:22,1,6
دعوتكما,1,10:89,1,7
دعي,1,40:12,1,3
دعيتم,1,33:53,1,5
دفء,1,16:5,1,3
دفعتم,1,4:6,1,5
دكاء,1,18:98,1,4
دكت,1,89:21,1,3
دكه,1,69:14,1,3
دلهم,1,34:14,1,4
دلوه,1,12:19,1,4
دليلا,1,25:45,1,5
دما,1,6:145,1,3
دماءكم,1,2:84,1,6
دماوها,1,22:37,1,6
دمتم,1,5:96,1,4
دمر,1,47:10,1,3
دمرناهم,1,27:51,1,7
دنا,1,53:8,1,3
دهاقا,1,78:34,1,5
دوله,1,59:7,1,4
دونكم,1,3:118,1,5
دوننا,1,21:43,1,5
دونها,1,18:90,1,5
ديارا,1,71:26,1,5
ديارنا,1,2:246,1,6
ذاقا,1,7:22,1,4
ذاهب,1,37:99,1,4
ذبابا,1,22:73,1,5
ذبح,1,5:3,1,3
ذراعا,1,69:32,1,5
ذراعيه,1,18:18,1,6
ذرانا,1,7:179,1,5
ذرعها,1,69:32,1,5
ذرنا,1,9:86,1,4
ذرني,1,74:11,1,4
ذروا,1,51:1,1,4
ذرونا,1,48:15,1,5
ذروني,1,40:26,1,5
ذريتنا,1,2:128,1,6
ذق,1,44:49,1,2
ذكرانا,1,42:50,1,6
ذكراها,1,79:43,1,6
ذكراهم,1,47:18,1,6
ذكرت,1,17:46,1,4
ذكرتم,1,36:19,1,5
ذكرك,1,94:4,1,4
ذكركم,1,21:10,1,5
ذكرهم,1,23:71,1,5
ذكيتم,1,5:3,1,5
ذلكما,1,12:37,1,5
ذللا,1,16:69,1,4
ذلول,1,2:71,1,4
ذلولا,1,67:15,1,5
ذنبك,1,48:2,1,4
ذنبه,1,55:39,1,4
ذنوب,1,51:59,1,4
ذنوبا,1,51:59,1,5
ذهاب,1,23:18,1,4
ذهبا,1,3:91,1,4
ذهبت,1,60:11,1,4
ذهبنا,1,12:17,1,5
ذهبوا,1,12:15,1,5
ذواتا,1,55:48,1,5
ذواتي,1,34:16,1,5
رابيا,1,13:17,1,5
رابيه,1,69:10,1,5
راته,1,27:44,1,4
راتهم,1,25:12,1,5
راد,1,10:107,1,3
رادوه,1,28:7,1,5
راسي,1,12:36,1,4
راسيات,1,34:13,1,6
راعنا,1,2:104,1,5
رافعه,1,56:3,1,5
راق,1,75:27,1,3
راك,1,21:36,1,3
راكعا,1,38:24,1,5
راكعون,1,5:55,1,6
ران,1,83:14,1,3
راودتن,1,12:51,1,6
راودتني,1,12:26,1,7
راودوه,1,54:37,1,6
راوك,1,25:41,1,4
راوها,1,68:26,1,5
راوهم,1,83:32,1,5
رايتموه,1,3:143,1,7
راينه,1,12:31,1,5
رباط,1,8:60,1,4
ربانيين,1,3:79,1,7
ربحت,1,2:16,1,4
ربطنا,1,28:10,1,5
ربما,1,15:2,1,4
ربوه,1,23:50,1,4
ربياني,1,17:24,1,6
ربيون,1,3:146,1,5
رتقا,1,21:30,1,4
رجا,1,56:4,1,3
رجت,1,56:4,1,3
رجسا,1,9:125,1,4
رجسهم,1,9:125,1,5
رجعت,1,41:50,1,4
رجعك,1,9:83,1,4
رجعنا,1,63:8,1,5
رجعه,1,86:8,1,4
رجلان,1,5:23,1,5
رجما,1,18:22,1,4
رجوما,1,67:5,1,5
رحالهم,1,12:62,1,6
رحل,1,12:70,1,3
رحما,1,18:81,1,4
رحماء,1,48:29,1,5
رحمتك,1,7:151,1,5
رحمتي,1,29:23,1,5
رحمنا,1,67:28,1,5
رحمناهم,1,23:75,1,7
رحيق,1,83:25,1,4
رخاء,1,38:36,1,4
ردءا,1,28:34,1,4
رددت,1,18:36,1,4
رددنا,1,17:6,1,5
رددناه,1,95:5,1,6
ردف,1,27:72,1,3
ردما,1,18:95,1,4
ردها,1,21:40,1,4
ردوه,1,4:83,1,4
رزقنا,1,2:25,1,5
رزقناه,1,16:75,1,6
رزقهن,1,2:233,1,5
رزقوا,1,2:25,1,5
رساله,1,7:79,1,5
رسلك,1,3:194,1,4
رسلكم,1,40:50,1,5
رسلي,1,34:45,1,4
رسولها,1,23:44,1,6
رشده,1,21:51,1,4
رشيد,1,11:78,1,4
رضيا,1,19:6,1,4
رضيتم,1,9:83,1,5
رطب,1,6:59,1,3
رطبا,1,19:25,1,4
رعايتها,1,57:27,1,7
رعبا,1,18:18,1,4
رعوها,1,57:27,1,5
رغبا,1,21:90,1,4
رفث,1,2:197,1,3
رفرف,1,55:76,1,4
رفعت,1,88:18,1,4
رفعه,1,4:158,1,4
رفعها,1,55:7,1,5
رفيع,1,40:15,1,4
رفيقا,1,4:69,1,5
رق,1,52:3,1,2
رقود,1,18:18,1,4
ركاب,1,59:6,1,4
ركاما,1,24:43,1,5
ركبا,1,18:71,1,4
ركبانا,1,2:239,1,6
ركبك,1,82:8,1,4
ركبوا,1,29:65,1,5
ركزا,1,19:98,1,4
ركعا,1,48:29,1,4
ركن,1,11:80,1,3
ركوبهم,1,36:72,1,6
رمزا,1,3:41,1,4
رمضان,1,2:185,1,5
رمي,1,8:17,1,3
رميم,1,36:78,1,4
رهبه,1,59:13,1,4
رهط,1,27:48,1,3
رهطك,1,11:91,1,4
رهوا,1,44:24,1,4
رهين,1,52:21,1,4
رهينه,1,74:38,1,5
رواكد,1,42:33,1,5
روحا,1,42:52,1,4
روحه,1,32:9,1,4
روضات,1,42:22,1,5
روضه,1,30:15,1,4
روياك,1,12:5,1,5
رويدا,1,86:17,1,5
ريبه,1,9:110,1,4
ريبهم,1,9:45,1,5
ريحكم,1,8:46,1,5
ريع,1,26:128,1,3
زادته,1,9:124,1,5
زادتهم,1,8:2,1,6
زادوكم,1,9:47,1,6
زادوهم,1,11:101,1,6
زاغ,1,53:17,1,3
زاغوا,1,61:5,1,5
زالت,1,21:15,1,4
زالتا,1,35:41,1,5
زان,1,24:3,1,3
زانيه,1,24:3,1,5
زاهق,1,21:18,1,4
زبد,1,13:17,1,3
زبدا,1,13:17,1,4
زبرا,1,23:53,1,4
زجاجه,1,24:35,1,5
زجرا,1,37:2,1,4
زحزح,1,3:185,1,4
زحفا,1,8:15,1,4
زخرفها,1,10:24,1,6
زد,1,73:4,1,2
زدني,1,20:114,1,4
زرتم,1,102:2,1,4
زرع,1,14:37,1,3
زرقا,1,20:102,1,4
زعم,1,64:7,1,3
زعمت,1,17:92,1,4
زقوم,1,56:52,1,4
زكاها,1,91:9,1,5
زكي,1,24:21,1,3
زكيا,1,19:19,1,4
زكيه,1,18:74,1,4
زلتم,1,40:34,1,4
زلزالا,1,33:11,1,6
زلزالها,1,99:1,1,7
زلزلت,1,99:1,1,5
زلزله,1,22:1,1,5
زلفه,1,67:27,1,4
زلقا,1,18:40,1,4
زللتم,1,2:209,1,5
زمهريرا,1,76:13,1,7
زنجبيلا,1,76:17,1,7
زنيم,1,68:13,1,4
زهره,1,20:131,1,4
زهوقا,1,17:81,1,5
زوال,1,14:44,1,4
زوجا,1,2:230,1,4
زوجان,1,55:52,1,5
زوجت,1,81:7,1,4
زوجك,1,33:37,1,4
زوجناكها,1,33:37,1,8
زوجه,1,21:90,1,4
زياده,1,9:37,1,5
زيتها,1,24:35,1,5
زيتونه,1,24:35,1,6
زيد,1,33:37,1,3
زيغ,1,3:7,1,3
زينتكم,1,7:31,1,6
زينته,1,28:79,1,5
ساءت,1,25:66,1,4
سابغات,1,34:11,1,6
سابقوا,1,57:21,1,6
سابقون,1,23:61,1,6
سابقين,1,29:39,1,6
ساتلو,1,18:83,1,5
ساتيكم,1,27:7,1,6
ساجدا,1,39:9,1,5
سادتنا,1,33:67,1,6
سارقين,1,12:73,1,6
سارهقه,1,74:17,1,6
ساستغفر,1,19:47,1,7
ساصرف,1,7:146,1,5
ساصليه,1,74:26,1,6
سافلين,1,95:5,1,6
ساق,1,68:42,1,3
ساقطا,1,52:44,1,5
ساقيها,1,27:44,1,6
ساكنا,1,25:45,1,5
سال,1,70:1,1,3
سالتك,1,18:76,1,5
سالتم,1,2:61,1,5
سالتموه,1,14:34,1,7
سالتموهن,1,33:53,1,8
سالقي,1,8:12,1,5
سالك,1,2:186,1,4
سالمون,1,68:43,1,6
سالها,1,5:102,1,5
سالهم,1,67:8,1,5
سالوا,1,4:153,1,5
سامدون,1,53:61,1,6
سامرا,1,23:67,1,5
سامري,1,20:95,1,5
سانبيك,1,18:78,1,6
سانزل,1,6:93,1,5
سايبه,1,5:103,1,5
سايحات,1,66:5,1,6
سايغ,1,35:12,1,4
سايغا,1,16:66,1,5
سايق,1,50:21,1,4
سايل,1,70:1,1,4
سبا,1,27:22,1,3
سبتهم,1,7:163,1,5
سبحوا,1,19:11,1,5
سبعون,1,69:32,1,5
سبقا,1,79:4,1,4
سبقوا,1,8:59,1,5
سبيلنا,1,29:12,1,6
سبيلهم,1,9:5,1,6
ستجدون,1,4:91,1,6
ستدعون,1,48:16,1,6
ستذكرونهن,1,2:235,1,9
سترا,1,18:90,1,4
ستغلبون,1,3:12,1,7
ستكتب,1,43:19,1,5
ستين,1,58:4,1,4
سجدوا,1,4:102,1,5
سجرت,1,81:6,1,4
سجي,1,93:2,1,3
سحار,1,26:37,1,4
سحران,1,28:48,1,5
سحرهم,1,20:66,1,5
سحروا,1,7:116,1,5
سحيق,1,22:31,1,4
سخرنا,1,38:18,1,5
سخرناها,1,22:36,1,7
سخط,1,5:80,1,3
سدره,1,53:14,1,4
سدي,1,75:36,1,3
سرابا,1,78:20,1,5
سرابيل,1,16:81,1,6
سرابيلهم,1,14:50,1,8
سرادقها,1,18:29,1,7
سربا,1,18:61,1,4
سرحوهن,1,2:231,1,6
سركم,1,6:3,1,4
سريا,1,19:24,1,4
سطحت,1,88:20,1,4
سعدوا,1,11:108,1,5
سعرت,1,81:12,1,4
سعيا,1,2:260,1,4
سعيه,1,53:40,1,4
سعيها,1,17:19,1,5
سفرنا,1,18:62,1,5
سفره,1,80:15,1,4
سفه,1,2:130,1,3
سفها,1,6:140,1,4
سفينه,1,18:79,1,5
سفيها,1,2:282,1,5
سفيهنا,1,72:4,1,6
سقايه,1,9:19,1,5
سقط,1,7:149,1,3
سقطوا,1,9:49,1,5
سقناه,1,7:57,1,5
سقيت,1,28:25,1,4
سكت,1,7:154,1,3
سكرا,1,16:67,1,4
سكرت,1,15:15,1,4
سكرتهم,1,15:72,1,6
سكره,1,50:19,1,4
سكنتم,1,65:6,1,5
سكينا,1,12:31,1,5
سكينه,1,2:248,1,5
سل,1,2:211,1,2
سلاسل,1,76:4,1,5
سلسبيلا,1,76:18,1,7
سلسله,1,69:32,1,5
سلطانه,1,16:100,1,6
سلطانيه,1,69:29,1,7
سلفا,1,43:56,1,4
سلقوكم,1,33:19,1,6
سلككم,1,74:42,1,5
سلكناه,1,26:200,1,6
سلمتم,1,2:233,1,5
سلهم,1,68:40,1,4
سم,1,7:40,1,2
سماكم,1,22:78,1,5
سمعت,1,12:31,1,4
سمعتم,1,4:140,1,5
سمكها,1,79:28,1,5
سموم,1,56:42,1,4
سموهم,1,13:33,1,5
سميتها,1,3:36,1,6
سمين,1,51:26,1,4
سنا,1,24:43,1,3
سنابل,1,2:261,1,5
سنجزي,1,6:157,1,5
سندع,1,96:18,1,4
سنراود,1,12:61,1,6
سنريهم,1,41:53,1,6
سنزيد,1,7:161,1,5
سنسمه,1,68:16,1,5
سنشد,1,28:35,1,4
سنطيعكم,1,47:26,1,7
سنعذبهم,1,9:101,1,7
سنعيدها,1,20:21,1,7
سنفرغ,1,55:31,1,5
سنقتل,1,7:127,1,5
سنقريك,1,87:6,1,6
سنمتعهم,1,11:48,1,7
سننظر,1,27:27,1,5
سنوتيهم,1,4:162,1,7
سهولها,1,7:74,1,6
سواتكم,1,7:26,1,6
سواعا,1,71:23,1,5
سواك,1,18:37,1,4
سواه,1,32:9,1,4
سواها,1,91:7,1,5
سود,1,35:27,1,3
سور,1,11:13,1,3
سوط,1,89:13,1,3
سوقه,1,48:29,1,4
سول,1,47:25,1,3
سولك,1,20:36,1,4
سوي,1,20:58,1,3
سياره,1,12:19,1,5
سيبطله,1,10:81,1,6
سيحلفون,1,9:95,1,7
سيدخلهم,1,9:99,1,7
سيدخلون,1,40:60,1,7
سيدها,1,12:25,1,5
سيذكر,1,87:10,1,5
سيرا,1,52:10,1,4
سيرتها,1,20:21,1,6
سيرحمهم,1,9:71,1,7
سيريكم,1,27:93,1,6
سيصلي,1,111:3,1,5
سيصيبهم,1,39:51,1,7
سيطوقون,1,3:180,1,7
سيغفر,1,7:169,1,5
سيغلبون,1,30:3,1,7
سيكفرون,1,19:82,1,7
سيكون,1,73:20,1,5
سيلت,1,81:8,1,4
سيلوا,1,33:14,1,5
سيماهم,1,48:29,1,6
سيناء,1,23:20,1,5
سينالهم,1,7:152,1,7
سينين,1,95:2,1,5
سيهديهم,1,47:5,1,7
سيهزم,1,54:45,1,5
سيوتينا,1,9:59,1,7
سييا,1,9:102,1,4
سيياتنا,1,3:193,1,7
سييت,1,67:27,1,4
شاخصه,1,21:97,1,5
شاطي,1,28:30,1,4
شافعين,1,26:100,1,6
شاكر,1,2:158,1,4
شاكرون,1,21:80,1,6
شاكرين,1,7:17,1,6
شاكلته,1,17:84,1,6
شامخات,1,77:27,1,6
شانهم,1,24:62,1,5
شانيك,1,108:3,1,5
شاهدون,1,37:150,1,6
شبه,1,4:157,1,3
شجرت,1,44:43,1,4
شجرتها,1,56:72,1,6
شجرها,1,27:60,1,5
شحومهما,1,6:146,1,7
شدادا,1,78:12,1,5
شرابه,1,35:12,1,5
شرع,1,42:13,1,3
شرعا,1,7:163,1,4
شرعه,1,5:48,1,4
شرعوا,1,42:21,1,5
شرقيا,1,19:16,1,5
شرقيه,1,24:35,1,5
شركاءهم,1,16:86,1,7
شركاوكم,1,6:22,1,7
شركاونا,1,16:86,1,7
شره,1,76:7,1,3
شروا,1,2:102,1,4
شريعه,1,45:18,1,5
شطاه,1,48:29,1,4
شعب,1,77:30,1,3
شعوبا,1,49:13,1,5
شغفها,1,12:30,1,5
شغل,1,36:55,1,3
شغلتنا,1,48:11,1,6
شفعاءكم,1,6:94,1,7
شفعاونا,1,10:18,1,7
شقا,1,80:26,1,3
شقاقي,1,11:89,1,5
شققنا,1,80:26,1,5
شقوا,1,11:106,1,4
شقوتنا,1,23:106,1,6
شقي,1,11:105,1,3
شكرا,1,34:13,1,4
شكله,1,38:58,1,4
شمايلهم,1,7:17,1,7
شمسا,1,76:13,1,4
شهابا,1,72:9,1,5
شهادتهم,1,43:19,1,7
شهادتهما,1,5:107,1,8
شهدتم,1,41:21,1,5
شهود,1,85:7,1,4
شهيدين,1,2:282,1,6
شهيقا,1,67:7,1,5
شواظ,1,55:35,1,4
شوري,1,42:38,1,4
شياطين,1,6:112,1,6
شياطينهم,1,2:14,1,8
شيخ,1,28:23,1,3
شيع,1,15:10,1,3
شيعه,1,19:69,1,4
شيه,1,2:71,1,3
شيوخا,1,40:67,1,5
ص,1,38:1,1,1
صابره,1,8:66,1,5
صابرون,1,8:65,1,6
صاحبهم,1,54:29,1,6
صادق,1,19:54,1,4
صادقا,1,40:28,1,5
صارمين,1,68:22,1,6
صاغرين,1,7:119,1,6
صال,1,37:163,1,3
صالو,1,38:59,1,4
صامتون,1,7:193,1,6
صبا,1,80:25,1,3
صباح,1,37:177,1,4
صببنا,1,80:25,1,5
صبحا,1,100:3,1,4
صبحهم,1,54:38,1,5
صبرك,1,16:127,1,4
صبوا,1,44:48,1,4
صخره,1,31:16,1,4
صد,1,4:55,1,2
صددتم,1,16:94,1,5
صددناكم,1,34:32,1,7
صدرا,1,16:106,1,4
صدقا,1,6:115,1,4
صدقات,1,58:13,1,5
صدقاتكم,1,2:264,1,7
صدقاتهن,1,4:4,1,7
صدقت,1,37:105,1,4
صدقتنا,1,5:113,1,6
صدقكم,1,3:152,1,5
صدقنا,1,39:74,1,5
صدقناهم,1,21:9,1,7
صدودا,1,4:61,1,5
صدوكم,1,5:2,1,5
صديد,1,14:16,1,4
صديق,1,26:101,1,4
صديقكم,1,24:61,1,6
صديقه,1,5:75,1,5
صر,1,3:117,1,2
صراطك,1,7:16,1,5
صراطي,1,6:153,1,5
صرح,1,27:44,1,3
صرصر,1,69:6,1,4
صرعي,1,69:7,1,4
صرف,1,9:127,1,3
صرفا,1,25:19,1,4
صرفت,1,7:47,1,4
صرفكم,1,3:152,1,5
صرفناه,1,25:50,1,6
صره,1,51:29,1,3
صريخ,1,36:43,1,4
صعدا,1,72:17,1,4
صعقا,1,7:143,1,4
صعودا,1,74:17,1,5
صغار,1,6:124,1,4
صغت,1,66:4,1,3
صغير,1,54:53,1,4
صفحا,1,43:5,1,4
صفر,1,77:33,1,3
صفراء,1,2:69,1,5
صفصفا,1,20:106,1,5
صفوان,1,2:264,1,5
صلاتك,1,9:103,1,5
صلاته,1,24:41,1,5
صلاتي,1,6:162,1,5
صلبوه,1,4:157,1,5
صلحا,1,4:128,1,4
صلدا,1,2:264,1,4
صلوا,1,33:56,1,4
صلوات,1,2:157,1,5
صلواتهم,1,23:9,1,7
صلوه,1,69:31,1,4
صليا,1,19:70,1,4
صما,1,25:73,1,3
صنع,1,27:88,1,3
صنعا,1,18:104,1,4
صنعه,1,21:80,1,4
صوابا,1,78:38,1,5
صواع,1,12:72,1,4
صواف,1,22:36,1,4
صوامع,1,22:40,1,5
صوت,1,49:2,1,3
صوتك,1,31:19,1,4
صورناكم,1,7:11,1,7
صوره,1,82:8,1,4
صوما,1,19:26,1,4
صياصيهم,1,33:26,1,7
صيام,1,2:196,1,4
صياما,1,5:95,1,5
ضاحكا,1,27:19,1,5
ضاحكه,1,80:39,1,5
ضاقت,1,9:118,1,4
ضالا,1,93:7,1,4
ضامر,1,22:27,1,4
ضبحا,1,100:1,1,4
ضدا,1,19:82,1,3
ضربت,1,3:112,1,4
ضربوه,1,43:58,1,5
ضريع,1,88:6,1,4
ضعافا,1,4:9,1,5
ضعفاء,1,2:266,1,5
ضعفوا,1,3:146,1,5
ضغثا,1,38:44,1,4
ضلالك,1,12:95,1,5
ضلاله,1,7:61,1,5
ضللنا,1,32:10,1,5
ضنكا,1,20:124,1,4
ضياء,1,10:5,1,4
ضير,1,26:50,1,3
ضيزي,1,53:22,1,4
ضيفه,1,54:37,1,4
طاب,1,4:3,1,3
طاعم,1,6:145,1,4
طال,1,21:44,1,3
طاير,1,6:38,1,4
طايره,1,17:13,1,5
طايرهم,1,7:131,1,6
طايعين,1,41:11,1,6
طايفتين,1,6:156,1,7
طبتم,1,39:73,1,4
طبق,1,84:19,1,3
طبقا,1,84:19,1,4
طبن,1,4:4,1,3
طحاها,1,91:6,1,5
طردتهم,1,11:30,1,6
طرف,1,42:45,1,3
طرفا,1,3:127,1,4
طرفك,1,27:40,1,4
طرفهم,1,14:43,1,5
طرفي,1,11:114,1,4
طريقه,1,20:104,1,5
طس,1,27:1,1,2
طعاما,1,18:19,1,5
طعامك,1,2:259,1,5
طعامه,1,80:24,1,5
طعمتم,1,33:53,1,5
طعمه,1,47:15,1,4
طعموا,1,5:93,1,5
طغوا,1,89:11,1,4
طلبا,1,18:41,1,4
طلع,1,50:10,1,3
طلعت,1,18:17,1,4
طلقكن,1,66:5,1,5
طمست,1,77:8,1,4
طه,1,20:1,1,2
طهرا,1,2:125,1,4
طوافون,1,24:58,1,6
طوبي,1,13:29,1,4
طور,1,23:20,1,3
طيباتكم,1,46:20,1,7
طيبين,1,16:32,1,5
طير,1,56:21,1,3
طينا,1,17:61,1,4
ظاهر,1,6:120,1,4
ظاهروهم,1,33:26,1,7
ظعنكم,1,16:80,1,5
ظفر,1,6:146,1,3
ظلا,1,4:57,1,3
ظلالا,1,16:81,1,5
ظلاله,1,16:48,1,5
ظلالها,1,76:14,1,6
ظلت,1,20:97,1,3
ظلمك,1,38:24,1,4
ظلمنا,1,7:23,1,5
ظله,1,7:171,1,3
ظلوما,1,33:72,1,5
ظليل,1,77:31,1,4
ظليلا,1,4:57,1,5
ظما,1,9:120,1,3
ظننت,1,69:20,1,4
ظنه,1,34:20,1,3
ظنوا,1,72:7,1,4
ظهرك,1,94:3,1,4
ظهرها,1,35:45,1,5
ظهريا,1,11:92,1,5
ظهوركم,1,6:94,1,6
ظهوره,1,43:13,1,5
ظهورهما,1,6:146,1,7
عابد,1,109:4,1,4
عابدات,1,66:5,1,6
عابري,1,4:43,1,5
عاتيه,1,69:6,1,5
عادون,1,26:166,1,5
عاديتم,1,60:7,1,6
عارض,1,46:24,1,4
عارضا,1,46:24,1,5
عاصفه,1,21:81,1,5
عاقب,1,22:60,1,4
عاقبتم,1,16:126,1,6
عاقبتهما,1,59:17,1,8
عاقر,1,3:40,1,4
عاكفا,1,20:97,1,5
عاليا,1,44:31,1,5
عالين,1,23:46,1,5
عاليهم,1,76:21,1,6
عامله,1,88:3,1,5
عامهم,1,9:28,1,5
عامين,1,31:14,1,5
عاهدت,1,8:56,1,5
عايدون,1,44:15,1,6
عايلا,1,93:8,1,5
عبادتكم,1,10:29,1,7
عبادتي,1,40:60,1,6
عبادكم,1,24:32,1,6
عبثا,1,23:115,1,4
عبدت,1,26:22,1,4
عبدتم,1,109:4,1,5
عبدناهم,1,43:20,1,7
عبدين,1,66:10,1,5
عبره,1,12:111,1,4
عبوسا,1,76:10,1,5
عتت,1,65:8,1,3
عتل,1,68:13,1,3
عتو,1,67:21,1,3
عثر,1,5:107,1,3
عجاب,1,38:5,1,4
عجبت,1,37:12,1,4
عجبوا,1,50:2,1,5
عجلنا,1,17:18,1,5
عجولا,1,17:11,1,5
عدتم,1,17:8,1,4
عدتهم,1,74:31,1,5
عدوانا,1,4:30,1,6
عدوهم,1,61:14,1,5
عدوي,1,60:1,1,4
عذابهما,1,24:2,1,7
عربا,1,56:37,1,4
عرشك,1,27:42,1,4
عرشه,1,11:7,1,4
عرشها,1,27:41,1,5
عرضتم,1,2:235,1,5
عرضنا,1,33:72,1,5
عرضه,1,2:224,1,4
عرضهم,1,2:31,1,5
عرف,1,66:3,1,3
عرفا,1,77:1,1,4
عرفات,1,2:198,1,5
عرفها,1,47:6,1,5
عريض,1,41:51,1,4
عزا,1,19:81,1,3
عزلت,1,33:51,1,4
عزما,1,20:115,1,4
عزمت,1,3:159,1,4
عزموا,1,2:227,1,5
عزه,1,38:2,1,3
عزير,1,9:30,1,4
عزين,1,70:37,1,4
عسرا,1,18:73,1,4
عسره,1,2:280,1,4
عسعس,1,81:17,1,4
عسق,1,42:2,1,3
عسل,1,47:15,1,3
عسير,1,74:9,1,4
عسيرا,1,25:26,1,5
عشاء,1,12:16,1,4
عشرون,1,8:65,1,5
عشيرتك,1,26:214,1,6
عشيرتهم,1,58:22,1,7
عشيه,1,79:46,1,4
عصاني,1,14:36,1,5
عصاي,1,20:18,1,4
عصفا,1,77:2,1,4
عصوك,1,26:216,1,4
عصوني,1,71:21,1,5
عصيب,1,11:77,1,4
عصيته,1,11:63,1,5
عضدا,1,18:51,1,4
عضدك,1,28:35,1,4
عضوا,1,3:119,1,4
عضين,1,15:91,1,4
عطاونا,1,38:39,1,6
عطفه,1,22:9,1,4
عطلت,1,81:4,1,4
عظامه,1,75:3,1,5
عفريت,1,27:39,1,5
عفونا,1,2:52,1,5
عفي,1,2:178,1,3
عقبا,1,18:44,1,4
عقباها,1,91:15,1,6
عقبه,1,43:28,1,4
عقدت,1,4:33,1,4
عقدتم,1,5:89,1,5
عقلوه,1,2:75,1,5
عقيما,1,42:50,1,5
علا,1,28:4,1,3
علق,1,96:2,1,3
علماء,1,26:197,1,5
علمتك,1,5:110,1,5
علمتموهن,1,60:10,1,8
علمتنا,1,2:32,1,6
علمته,1,5:116,1,5
علمني,1,12:37,1,5
علمهم,1,27:66,1,5
علموا,1,2:102,1,5
علمي,1,26:112,1,4
عليكما,1,55:35,1,6
عليون,1,83:19,1,5
عليين,1,83:18,1,5
عم,1,78:1,1,2
عماتك,1,33:50,1,5
عماتكم,1,24:61,1,6
عمرا,1,10:16,1,4
عمرك,1,26:18,1,4
عمره,1,35:11,1,4
عمروها,1,30:9,1,6
عمك,1,33:50,1,3
عملتم,1,64:7,1,5
عملته,1,36:35,1,5
عملك,1,39:65,1,4
عملي,1,10:41,1,4
عموا,1,5:71,1,4
عمون,1,27:66,1,4
عميا,1,17:97,1,4
عميق,1,22:27,1,4
عمين,1,7:64,1,4
عنقك,1,17:29,1,4
عنقه,1,17:13,1,4
عنيدا,1,74:16,1,5
عهدنا,1,20:115,1,5
عهده,1,2:80,1,4
عهدي,1,2:124,1,4
عوان,1,2:68,1,4
عوره,1,33:13,1,4
عوقب,1,22:60,1,4
عوقبتم,1,16:126,1,6
عيدا,1,5:114,1,4
عيله,1,9:28,1,4
عيناك,1,18:28,1,5
عيناه,1,12:84,1,5
عيني,1,20:39,1,4
عينين,1,90:8,1,5
عيونا,1,54:12,1,5
غاسق,1,113:3,1,4
غاشيه,1,12:107,1,5
غافر,1,40:3,1,4
غافلا,1,14:42,1,5
غالبون,1,5:23,1,6
غاوين,1,37:32,1,5
غايبه,1,27:75,1,5
غايبين,1,7:7,1,6
غبره,1,80:40,1,4
غداءنا,1,18:62,1,6
غدقا,1,72:16,1,4
غدوا,1,40:46,1,4
غدوت,1,3:121,1,4
غدوها,1,34:12,1,5
غر,1,8:49,1,2
غرابا,1,5:31,1,5
غراما,1,25:65,1,5
غربت,1,18:17,1,4
غربيه,1,24:35,1,5
غرفا,1,29:58,1,4
غرفه,1,2:249,1,4
غرقا,1,79:1,1,4
غرك,1,82:6,1,3
غروبها,1,20:130,1,6
غرور,1,67:20,1,4
غزلها,1,16:92,1,5
غزي,1,3:156,1,3
غسق,1,17:78,1,3
غسلين,1,69:36,1,5
غشي,1,53:54,1,3
غصبا,1,18:79,1,4
غصه,1,73:13,1,3
غضبوا,1,42:37,1,5
غطاء,1,18:101,1,4
غطاءك,1,50:22,1,5
غفارا,1,71:10,1,5
غفر,1,36:27,1,3
غفرانك,1,2:285,1,6
غلا,1,59:10,1,3
غلاظ,1,66:6,1,4
غلبا,1,80:30,1,4
غلبهم,1,30:3,1,5
غلبوا,1,18:21,1,5
غلت,1,5:64,1,3
غلظه,1,9:123,1,4
غلمان,1,52:24,1,5
غم,1,22:22,1,2
غما,1,3:153,1,3
غمرات,1,6:93,1,5
غمرتهم,1,23:54,1,6
غمه,1,10:71,1,3
غنم,1,21:78,1,3
غنمي,1,20:18,1,4
غواش,1,7:41,1,4
غول,1,37:47,1,3
غوي,1,53:2,1,3
غوينا,1,28:63,1,5
غيا,1,19:59,1,3
غيبه,1,72:26,1,4
غيث,1,57:20,1,3
غيرها,1,4:56,1,5
غيظ,1,9:15,1,3
فاءت,1,49:9,1,4
فاءوا,1,2:226,1,5
فابتغوا,1,29:17,1,7
فابوا,1,18:77,1,5
فابين,1,33:72,1,5
فاتباع,1,2:178,1,6
فاتبعنا,1,23:44,1,7
فاتبعني,1,19:43,1,7
فاتبعها,1,45:18,1,7
فاتبعوهم,1,26:60,1,8
فاتخذ,1,18:61,1,5
فاتخذت,1,19:17,1,6
فاتخذتموهم,1,23:110,1,10
فاتخذه,1,73:9,1,6
فاتخذوه,1,35:6,1,7
فاتلوها,1,3:93,1,7
فاتمهن,1,2:124,1,6
فاتموا,1,9:4,1,6
فاتهم,1,7:38,1,5
فاتونا,1,14:10,1,6
فاتوهم,1,4:33,1,6
فاتي,1,16:26,1,4
فاتيا,1,26:16,1,5
فاتياه,1,20:47,1,6
فاتينا,1,57:27,1,6
فاثابكم,1,3:153,1,7
فاثابهم,1,5:85,1,7
فاثبتوا,1,8:45,1,7
فاثرن,1,100:4,1,5
فاجاءها,1,19:23,1,7
فاجتباه,1,68:50,1,7
فاجتنبوا,1,22:30,1,8
فاجتنبوه,1,5:90,1,8
فاجرا,1,71:27,1,5
فاجلدوا,1,24:2,1,7
فاجلدوهم,1,24:4,1,8
فاجنح,1,8:61,1,5
فاحترقت,1,2:266,1,7
فاحتمل,1,13:17,1,6
فاحذرهم,1,63:4,1,7
فاحذروا,1,5:41,1,7
فاحذروه,1,2:235,1,7
فاحذروهم,1,64:14,1,8
فاحياكم,1,2:28,1,7
فاحيينا,1,35:9,1,7
فاحييناه,1,6:122,1,8
فاختلفوا,1,10:19,1,8
فاخذتكم,1,2:55,1,7
فاخذه,1,79:25,1,5
فاخران,1,5:107,1,6
فاخرجناهم,1,26:57,1,9
فاخرجهما,1,2:36,1,8
فاخشوهم,1,3:173,1,7
فاخلع,1,20:12,1,5
فاخلفتكم,1,14:22,1,8
فاخلفتم,1,20:86,1,7
فاداراتم,1,2:72,1,8
فادخلوها,1,39:73,1,8
فادخلي,1,89:29,1,6
فادرءوا,1,3:168,1,7
فادعوهم,1,7:194,1,7
فادفعوا,1,4:6,1,7
فادلي,1,12:19,1,5
فاذاقها,1,16:112,1,7
فاذاقهم,1,39:26,1,7
فاذكروني,1,2:152,1,8
فاذنوا,1,2:279,1,6
فاذهبا,1,26:15,1,6
فاذوهما,1,4:16,1,7
فارادوا,1,37:98,1,7
فاراه,1,79:20,1,5
فارتد,1,12:96,1,5
فارتدا,1,18:64,1,6
فارتقبهم,1,54:27,1,8
فارجع,1,67:3,1,5
فارجعنا,1,32:12,1,7
فاردت,1,18:79,1,5
فاردنا,1,18:81,1,6
فارزقوهم,1,4:8,1,8
فارسله,1,28:34,1,6
فارسلوا,1,12:19,1,7
فارسلون,1,12:45,1,7
فارض,1,2:68,1,4
فارغا,1,28:10,1,5
فارغب,1,94:8,1,5
فارقوهن,1,65:2,1,7
فارهين,1,26:149,1,6
فاروني,1,31:11,1,6
فازره,1,48:29,1,5
فازلهما,1,2:36,1,7
فاساله,1,12:50,1,6
فاسالوهم,1,21:63,1,8
فاسالوهن,1,33:53,1,8
فاستاذنوك,1,9:83,1,9
فاستبشروا,1,9:111,1,9
فاستجبتم,1,14:22,1,8
فاستحبوا,1,41:17,1,8
فاستخف,1,43:54,1,6
فاستشهدوا,1,4:15,1,9
فاستعصم,1,12:32,1,7
فاستغاثه,1,28:15,1,8
فاستغفروه,1,11:61,1,9
فاستغلظ,1,48:29,1,7
فاستقم,1,11:112,1,6
فاستقيما,1,10:89,1,8
فاستكبرتم,1,45:31,1,9
فاستمتعتم,1,9:69,1,9
فاستمتعوا,1,9:69,1,9
فاستمسك,1,43:43,1,7
فاستمع,1,20:13,1,6
فاسجد,1,76:26,1,5
فاسجدوا,1,53:62,1,7
فاسرها,1,12:77,1,6
فاسعوا,1,62:9,1,6
فاسق,1,49:6,1,4
فاسقا,1,32:18,1,5
فاسقط,1,26:187,1,5
فاسقيناكموه,1,15:22,1,11
فاسكناه,1,23:18,1,7
فاسلك,1,23:27,1,5
فاسلكوه,1,69:32,1,7
فاسلكي,1,16:69,1,6
فاسمعون,1,36:25,1,7
فاشارت,1,19:29,1,6
فاصابتكم,1,5:106,1,8
فاصابه,1,2:264,1,6
فاصابها,1,2:266,1,7
فاصبحت,1,68:20,1,6
فاصحاب,1,56:8,1,6
فاصدع,1,15:94,1,5
فاصدق,1,63:10,1,5
فاصطادوا,1,5:2,1,8
فاصلح,1,2:182,1,5
فاصمهم,1,47:23,1,6
فاضربوا,1,8:12,1,7
فاضلونا,1,33:67,1,7
فاطاعوه,1,43:54,1,7
فاطعام,1,58:4,1,6
فاطهروا,1,5:6,1,7
فاعبدني,1,20:14,1,7
فاعبدوا,1,39:15,1,7
فاعتبروا,1,59:2,1,8
فاعتدوا,1,2:194,1,7
فاعترفنا,1,40:11,1,8
فاعترفوا,1,67:11,1,8
فاعتزلوا,1,2:222,1,8
فاعتزلون,1,44:21,1,8
فاعتلوه,1,44:47,1,7
فاعدلوا,1,6:152,1,7
فاعذبهم,1,3:56,1,7
فاعفوا,1,2:109,1,6
فاعقبهم,1,9:77,1,7
فاعل,1,18:23,1,4
فاعلون,1,23:4,1,6
فاعمل,1,41:5,1,5
فاعينوني,1,18:95,1,8
فاغرقناه,1,17:103,1,8
فاغرينا,1,5:14,1,7
فاغسلوا,1,5:6,1,7
فاغشيناهم,1,36:9,1,9
فاغني,1,93:8,1,5
فاغويناكم,1,37:32,1,9
فافتح,1,26:118,1,5
فافرق,1,5:25,1,5
فافسحوا,1,58:11,1,7
فافعلوا,1,2:68,1,7
فافوز,1,4:73,1,5
فاقامه,1,18:77,1,6
فاقبره,1,80:21,1,6
فاقبلت,1,51:29,1,6
فاقبلوا,1,37:94,1,7
فاقتلوهم,1,2:191,1,8
فاقذفيه,1,20:39,1,7
فاقره,1,75:25,1,5
فاقصص,1,7:176,1,5
فاقض,1,20:72,1,4
فاقطعوا,1,5:38,1,7
فاقع,1,2:69,1,4
فاقعدوا,1,9:83,1,7
فاقمت,1,4:102,1,5
فاكتبوه,1,2:282,1,7
فاكثرت,1,11:32,1,6
فاكثروا,1,89:12,1,7
فاكرمه,1,89:15,1,6
فاكلا,1,20:121,1,5
فاكله,1,12:17,1,5
فاكهون,1,36:55,1,6
فاكون,1,39:58,1,5
فالان,1,2:187,1,5
فالتاليات,1,37:3,1,9
فالتقطه,1,28:8,1,7
فالتقمه,1,37:142,1,7
فالتقي,1,54:12,1,6
فالتمسوا,1,57:13,1,8
فالجاريات,1,51:3,1,9
فالحاملات,1,51:2,1,9
فالحق,1,38:84,1,5
فالحكم,1,40:12,1,6
فالزاجرات,1,37:2,1,9
فالسابقات,1,79:4,1,9
فالصالحات,1,4:34,1,9
فالعاصفات,1,77:2,1,9
فالف,1,3:103,1,4
فالفارقات,1,77:4,1,9
فالقاها,1,20:20,1,7
فالقه,1,27:28,1,5
فالقياه,1,50:26,1,7
فالقيه,1,28:7,1,6
فالم,1,11:14,1,4
فالمدبرات,1,79:5,1,9
فالمغيرات,1,100:3,1,9
فالمقسمات,1,51:4,1,9
فالملقيات,1,77:5,1,9
فالموريات,1,100:2,1,9
فالهكم,1,22:34,1,6
فالهمها,1,91:8,1,7
فاليه,1,16:53,1,5
فاماته,1,2:259,1,6
فامتحنوهن,1,60:10,1,9
فامتعه,1,2:126,1,6
فامساك,1,2:229,1,6
فامشوا,1,67:15,1,6
فامطر,1,8:32,1,5
فامكن,1,8:71,1,5
فامنت,1,61:14,1,5
فامنن,1,38:39,1,5
فامه,1,101:9,1,4
فانبجست,1,7:160,1,7
فانبذ,1,8:58,1,5
فانتبذت,1,19:22,1,7
فانتصر,1,54:10,1,6
فانتم,1,30:28,1,5
فانتهوا,1,59:7,1,7
فانتهي,1,2:275,1,6
فانجاه,1,29:24,1,6
فانجيناكم,1,2:50,1,9
فانجيناهم,1,21:9,1,9
فانذر,1,74:2,1,5
فانذرتكم,1,92:14,1,8
فانساه,1,12:42,1,6
فانسلخ,1,7:175,1,6
فانشانا,1,23:19,1,7
فانشرنا,1,43:11,1,7
فانشزوا,1,58:11,1,7
فانصب,1,94:7,1,5
فانصرنا,1,2:286,1,7
فانطلقوا,1,68:23,1,8
فانظري,1,27:33,1,6
فانفجرت,1,2:60,1,7
فانفخ,1,3:49,1,5
فانفذوا,1,55:33,1,7
فانفروا,1,4:71,1,7
فانفقوا,1,65:6,1,7
فانفلق,1,26:63,1,6
فانقذكم,1,3:103,1,7
فانقلبوا,1,3:174,1,8
فانكحوا,1,4:3,1,7
فانكحوهن,1,4:25,1,8
فانهار,1,9:109,1,6
فاه,1,13:14,1,3
فاهبط,1,7:13,1,5
فاهجر,1,74:5,1,5
فاهدوهم,1,37:23,1,7
فاهلكته,1,3:117,1,7
فاهلكنا,1,43:8,1,7
فاواري,1,5:31,1,6
فاواكم,1,8:26,1,6
فاوردهم,1,11:98,1,7
فاوعي,1,70:18,1,5
فاوف,1,12:88,1,4
فاوفوا,1,7:85,1,6
فاوقد,1,28:38,1,5
فاووا,1,18:16,1,5
فاوي,1,93:6,1,4
فايدنا,1,61:14,1,6
فاين,1,81:26,1,4
فاينما,1,2:115,1,6
فباءوا,1,2:90,1,6
فبايعهن,1,60:12,1,7
فبدا,1,12:76,1,4
فبدت,1,20:121,1,4
فبذلك,1,10:58,1,5
فبراه,1,33:69,1,5
فبشر,1,39:17,1,4
فبشرناه,1,37:101,1,7
فبشرناها,1,11:71,1,8
فبصرت,1,28:11,1,5
فبصرك,1,50:22,1,5
فبظلم,1,4:160,1,5
فبعزتك,1,38:82,1,6
فبغي,1,28:76,1,4
فبم,1,15:54,1,3
فبهت,1,2:258,1,4
فبهداهم,1,6:90,1,7
فتاتون,1,78:18,1,6
فتاتيهم,1,6:35,1,7
فتاكل,1,12:41,1,5
فتاها,1,12:30,1,5
فتبسم,1,27:19,1,5
فتبهتهم,1,21:40,1,7
فتحسسوا,1,12:87,1,7
فتحوا,1,12:65,1,5
فتخبت,1,22:54,1,5
فتخرجوه,1,6:148,1,7
فتخشي,1,79:19,1,5
فتخطفه,1,22:31,1,6
فتدلي,1,53:8,1,5
فتذروها,1,4:129,1,7
فتذكر,1,2:282,1,5
فتردي,1,20:16,1,5
فترضي,1,93:5,1,5
فتركه,1,2:264,1,5
فتره,1,5:19,1,4
فتزل,1,16:94,1,4
فتستجيبون,1,17:52,1,9
فتشابه,1,13:16,1,6
فتشقي,1,20:117,1,5
فتصبحوا,1,49:6,1,7
فتصيبكم,1,48:25,1,7
فتطاول,1,28:45,1,6
فتطردهم,1,6:52,1,7
فتعاطي,1,54:29,1,6
فتعالين,1,33:28,1,7
فتعرفونها,1,27:93,1,9
فتعسا,1,47:8,1,5
فتفجر,1,17:91,1,5
فتفرق,1,6:153,1,5
فتفشلوا,1,8:46,1,7
فتقبلها,1,3:37,1,7
فتقطعوا,1,23:53,1,7
فتقول,1,20:40,1,5
فتكفرون,1,40:10,1,7
فتكن,1,31:16,1,4
فتكونون,1,4:89,1,7
فتكوي,1,9:35,1,5
فتم,1,7:142,1,3
فتماروا,1,54:36,1,7
فتمثل,1,19:17,1,5
فتمسكم,1,11:113,1,6
فتنادوا,1,68:21,1,7
فتنازعوا,1,20:62,1,8
فتناه,1,38:24,1,5
فتنتك,1,7:155,1,5
فتنتكم,1,51:14,1,6
فتنته,1,5:41,1,5
فتنتهم,1,6:23,1,6
فتنفخ,1,5:110,1,5
فتنفعه,1,80:4,1,6
فتهاجروا,1,4:97,1,8
فتهجد,1,17:79,1,5
فتوبوا,1,2:54,1,6
فتوكلوا,1,5:23,1,7
فتولوا,1,37:90,1,6
فتونا,1,20:40,1,5
فتي,1,21:60,1,3
فتيان,1,12:36,1,5
فتيه,1,18:13,1,4
فثبتوا,1,8:12,1,6
فثبطهم,1,9:46,1,6
فثم,1,2:115,1,3
فج,1,22:27,1,2
فجاء,1,51:26,1,4
فجاءته,1,28:25,1,6
فجاءها,1,7:4,1,6
فجاسوا,1,17:5,1,6
فجرت,1,82:3,1,4
فجزاء,1,5:95,1,5
فجزاوه,1,4:93,1,6
فجعلتم,1,10:59,1,6
فجعلنا,1,15:74,1,6
فجعلناهن,1,56:36,1,8
فجمعناهم,1,18:99,1,8
فجورها,1,91:8,1,6
فجوه,1,18:17,1,4
فحاسبناها,1,65:8,1,9
فحبطت,1,18:105,1,5
فحدث,1,93:11,1,4
فحسبه,1,2:206,1,5
فحشر,1,79:23,1,4
فحكمه,1,42:10,1,5
فحملته,1,19:22,1,6
فحيوا,1,4:86,1,5
فخانتاهما,1,66:10,1,9
فخذها,1,7:145,1,5
فخر,1,16:26,1,3
فخراج,1,23:72,1,5
فخسفنا,1,28:81,1,6
فخشينا,1,18:80,1,6
فخلق,1,75:38,1,4
فخلوا,1,9:5,1,5
فخورا,1,4:36,1,5
فداء,1,47:4,1,4
فدخلوا,1,12:58,1,6
فدكتا,1,69:14,1,5
فدلاهما,1,7:22,1,7
فدمدم,1,91:14,1,5
فدمرناها,1,17:16,1,8
فدمرناهم,1,25:36,1,8
فذاقت,1,65:9,1,5
فذاقوا,1,64:5,1,6
فذانك,1,28:32,1,5
فذبحوها,1,2:71,1,7
فذرني,1,68:44,1,5
فذروه,1,12:47,1,5
فذلكم,1,10:32,1,5
فذلكن,1,12:32,1,5
فذو,1,41:51,1,3
فذوقوه,1,8:14,1,6
فراتا,1,77:27,1,5
فرادي,1,6:94,1,5
فراشا,1,2:22,1,5
فراق,1,18:78,1,4
فراوه,1,30:51,1,5
فربكم,1,17:84,1,5
فرت,1,74:51,1,3
فرث,1,16:66,1,3
فرجالا,1,2:239,1,6
فرجت,1,77:9,1,4
فرجع,1,20:86,1,4
فرجعناك,1,20:40,1,7
فرجعوا,1,21:64,1,6
فرجل,1,2:282,1,4
فرحين,1,3:170,1,5
فرددناه,1,28:13,1,7
فردوا,1,14:9,1,5
فردوه,1,4:59,1,5
فررتم,1,33:16,1,5
فرش,1,55:54,1,3
فرشناها,1,51:48,1,7
فرضنا,1,33:50,1,5
فرطا,1,18:28,1,4
فرطت,1,39:56,1,4
فرطتم,1,12:80,1,5
فرغت,1,94:7,1,4
فرق,1,26:63,1,3
فرقا,1,77:4,1,4
فرقانا,1,8:29,1,6
فرقت,1,20:94,1,4
فرقنا,1,2:50,1,5
فرقناه,1,17:106,1,6
فرقه,1,9:122,1,4
فرهان,1,2:283,1,5
فروج,1,50:6,1,4
فروجهن,1,24:31,1,6
فروح,1,56:89,1,4
فريا,1,19:27,1,4
فريقان,1,27:45,1,6
فزادوهم,1,72:6,1,7
فزده,1,38:61,1,4
فزعوا,1,34:51,1,5
فزيلنا,1,10:28,1,6
فزين,1,16:63,1,4
فزينوا,1,41:25,1,6
فساد,1,5:32,1,4
فساكتبها,1,7:156,1,8
فسالت,1,13:17,1,5
فساهم,1,37:141,1,5
فستبصر,1,68:5,1,6
فستذكرون,1,40:44,1,8
فسترضع,1,65:6,1,6
فسحقا,1,67:11,1,5
فسخرنا,1,38:36,1,6
فسق,1,5:3,1,3
فسقا,1,6:145,1,4
فسقناه,1,35:9,1,6
فسقي,1,28:24,1,4
فسلام,1,56:91,1,5
فسلكه,1,39:21,1,5
فسلموا,1,24:61,1,6
فسواك,1,82:7,1,5
فسواهن,1,2:29,1,6
فسياتيهم,1,26:6,1,8
فسيحشرهم,1,4:172,1,8
فسيحوا,1,9:2,1,6
فسيدخلهم,1,4:175,1,8
فسيري,1,9:105,1,5
فسيكفيكهم,1,2:137,1,9
فسينغضون,1,17:51,1,8
فسينفقونها,1,8:36,1,10
فسيوتيه,1,48:10,1,7
فشدوا,1,47:4,1,5
فشربوا,1,2:249,1,6
فشرد,1,8:57,1,4
فشلتم,1,3:152,1,5
فشهاده,1,24:6,1,6
فصالا,1,2:233,1,5
فصب,1,89:13,1,3
فصبروا,1,6:34,1,6
فصدقت,1,12:26,1,5
فصرف,1,12:34,1,4
فصرهن,1,2:260,1,5
فصعق,1,39:68,1,4
فصكت,1,51:29,1,4
فصلي,1,87:15,1,4
فضحكت,1,11:71,1,5
فضربنا,1,18:11,1,6
فضلكم,1,7:140,1,5
فطاف,1,68:19,1,4
فطال,1,57:16,1,4
فطبع,1,63:3,1,4
فطرت,1,30:30,1,4
فطركم,1,17:51,1,5
فطرنا,1,20:72,1,5
فطرهن,1,21:56,1,5
فطفق,1,38:33,1,4
فطل,1,2:265,1,3
فطلقوهن,1,65:1,1,7
فطمسنا,1,54:37,1,6
فطهر,1,74:4,1,4
فطور,1,67:3,1,4
فطوعت,1,5:30,1,5
فظا,1,3:159,1,3
فظلت,1,26:4,1,4
فظلتم,1,56:65,1,5
فظلوا,1,15:14,1,5
فظن,1,21:87,1,3
فظنوا,1,18:53,1,5
فعاقبتم,1,60:11,1,7
فعاقبوا,1,16:126,1,7
فعتوا,1,51:44,1,5
فعجب,1,13:5,1,4
فعجل,1,48:20,1,4
فعدتهن,1,65:4,1,6
فعدلك,1,82:7,1,5
فعرفهم,1,12:58,1,6
فعززنا,1,36:14,1,6
فعصوا,1,69:10,1,5
فعصي,1,73:16,1,4
فعظوهن,1,4:34,1,6
فعفونا,1,4:153,1,6
فعقر,1,54:29,1,4
فعقروا,1,7:77,1,6
فعلتك,1,26:19,1,5
فعلته,1,18:82,1,5
فعلتها,1,26:20,1,6
فعلموا,1,28:75,1,6
فعلنا,1,14:45,1,5
فعله,1,21:63,1,4
فعليكم,1,8:72,1,6
فعليهم,1,16:106,1,6
فعليهن,1,4:25,1,6
فعموا,1,5:71,1,5
فغشاها,1,53:54,1,6
فغشيهم,1,20:78,1,6
فغفر,1,28:16,1,4
فغفرنا,1,38:25,1,6
فغلبوا,1,7:119,1,6
فغلوه,1,69:30,1,5
فغوي,1,20:121,1,4
ففتحنا,1,54:11,1,6
ففتقناهما,1,21:30,1,9
ففديه,1,2:196,1,5
ففررت,1,26:21,1,5
ففروا,1,51:50,1,5
ففريقا,1,2:87,1,6
ففسق,1,18:50,1,4
ففسقوا,1,17:16,1,6
ففهمناها,1,21:79,1,8
فقاتل,1,4:84,1,5
فقاتلا,1,5:24,1,6
فقالت,1,28:12,1,5
فقبضت,1,20:96,1,5
فقتل,1,74:19,1,4
فقدر,1,89:16,1,4
فقدرنا,1,77:23,1,6
فقدموا,1,58:12,1,6
فقذفناها,1,20:87,1,8
فقراء,1,24:32,1,5
فقراه,1,26:199,1,5
فقربه,1,51:27,1,5
فقست,1,57:16,1,4
فقضاهن,1,41:12,1,6
فقضي,1,28:15,1,4
فقلت,1,71:10,1,4
فقليلا,1,2:88,1,6
فقنا,1,3:191,1,4
فقولي,1,19:26,1,5
فك,1,90:13,1,2
فكاتبوهم,1,24:33,1,8
فكاين,1,22:45,1,5
فكبت,1,27:90,1,4
فكبر,1,74:3,1,4
فكبكبوا,1,26:94,1,7
فكثركم,1,7:86,1,6
فكذبنا,1,67:9,1,6
فكذلك,1,20:87,1,5
فكر,1,74:18,1,3
فكرهتموه,1,49:12,1,8
فكسونا,1,23:14,1,6
فكف,1,5:11,1,3
فكفارته,1,5:89,1,7
فكفرت,1,16:112,1,5
فكفي,1,10:29,1,4
فكلوه,1,4:4,1,5
فكلي,1,19:26,1,4
فكهين,1,83:31,1,5
فكيدون,1,77:39,1,6
فكيدوني,1,11:55,1,7
فلاقطعن,1,20:71,1,7
فلانا,1,25:28,1,5
فلانفسكم,1,2:272,1,8
فلانفسهم,1,30:44,1,8
فلبثت,1,20:40,1,5
فلبيس,1,16:29,1,5
فلتقم,1,4:102,1,5
فلذلك,1,42:15,1,5
فلسوف,1,26:49,1,5
فلعرفتهم,1,47:30,1,8
فلعنه,1,2:89,1,5
فلقاتلوكم,1,4:90,1,9
فلكل,1,4:12,1,4
فللذكر,1,4:176,1,6
فللوالدين,1,2:215,1,9
فلمسوه,1,6:7,1,6
فلناتينك,1,20:58,1,8
فلناتينهم,1,27:37,1,9
فلنحيينه,1,16:97,1,8
فلنذيقن,1,41:27,1,7
فلنسالن,1,7:6,1,7
فلنعم,1,37:75,1,5
فلنقصن,1,7:7,1,6
فلننبين,1,41:50,1,7
فلنولينك,1,2:144,1,8
فلهما,1,4:176,1,5
فليات,1,52:38,1,5
فلياتكم,1,18:19,1,7
فلياتنا,1,21:5,1,7
فلياكل,1,4:6,1,6
فليبتكن,1,4:119,1,7
فليتقوا,1,4:9,1,7
فليتنافس,1,83:26,1,8
فليحذر,1,24:63,1,6
فليدع,1,96:17,1,5
فليذوقوه,1,38:57,1,8
فليرتقوا,1,38:10,1,8
فليستاذنوا,1,24:59,1,10
فليستعفف,1,4:6,1,8
فليصلوا,1,4:102,1,7
فليصمه,1,2:185,1,6
فليضحكوا,1,9:82,1,8
فليعبدوا,1,106:3,1,8
فليعلمن,1,29:3,1,7
فليغيرن,1,4:119,1,7
فليفرحوا,1,10:58,1,8
فليقاتل,1,4:74,1,7
فليكتب,1,2:282,1,6
فليكفر,1,18:29,1,6
فليكونوا,1,4:102,1,8
فليلقه,1,20:39,1,6
فليملل,1,2:282,1,6
فلينفق,1,65:7,1,6
فليود,1,2:283,1,5
فليومن,1,18:29,1,6
فماواهم,1,32:20,1,7
فمتعناهم,1,37:148,1,8
فمتعوهن,1,33:49,1,7
فمحونا,1,17:12,1,6
فمرت,1,7:189,1,4
فمستقر,1,6:98,1,6
فمكث,1,27:22,1,4
فملاقيه,1,84:6,1,7
فمنه,1,36:33,1,4
فمنها,1,36:72,1,5
فمهل,1,86:17,1,4
فناداها,1,19:24,1,7
فنادته,1,3:39,1,6
فناظره,1,27:35,1,6
فنبذتها,1,20:96,1,7
فنبذناه,1,37:145,1,7
فنبذوه,1,3:187,1,6
فنتبرا,1,2:167,1,6
فنجعل,1,3:61,1,5
فنجي,1,12:110,1,4
فنجيناك,1,20:40,1,7
فنخرج,1,32:27,1,5
فنذر,1,10:11,1,4
فنردها,1,4:47,1,6
فنزل,1,56:93,1,4
فنسوا,1,5:14,1,5
فنسيتها,1,20:126,1,7
فنسيهم,1,9:67,1,6
فنصف,1,2:237,1,4
فنظر,1,37:88,1,4
فنظره,1,2:280,1,5
فنظل,1,26:71,1,4
فنعما,1,2:271,1,5
فنعمل,1,7:53,1,5
فنفعها,1,10:98,1,6
فنقبوا,1,50:36,1,6
فنكون,1,26:102,1,5
فننبيكم,1,10:23,1,7
فننبيهم,1,31:23,1,7
فهب,1,19:5,1,3
فهديناهم,1,41:17,1,8
فهذا,1,30:56,1,4
فهزموهم,1,2:251,1,7
فواحده,1,4:3,1,6
فواد,1,28:10,1,4
فواق,1,38:15,1,4
فوت,1,34:51,1,3
فوجا,1,27:83,1,4
فوجد,1,28:15,1,4
فوجدناها,1,72:8,1,8
فورب,1,51:23,1,4
فورهم,1,3:125,1,5
فوسطن,1,100:5,1,5
فوفاه,1,24:39,1,5
فوقاه,1,40:45,1,5
فوقاهم,1,76:11,1,6
فوقع,1,7:118,1,4
فوقهن,1,42:5,1,5
فوكزه,1,28:15,1,5
فوهب,1,26:21,1,4
فياتيهم,1,26:202,1,7
فيبسطه,1,30:48,1,6
فيتعلمون,1,2:102,1,8
فيتكم,1,8:19,1,5
فيجعله,1,8:37,1,6
فيحفكم,1,47:37,1,6
فيحل,1,20:81,1,4
فيحلفون,1,58:18,1,7
فيحلوا,1,9:37,1,6
فيحيي,1,30:24,1,5
فيخرج,1,2:74,1,5
فيدخلهم,1,45:30,1,7
فيدمغه,1,21:18,1,6
فيدهنون,1,68:9,1,7
فيذرها,1,20:106,1,6
فيذهب,1,13:17,1,5
فيرسل,1,17:69,1,5
فيركمه,1,8:37,1,6
فيسبوا,1,6:108,1,6
فيستحيي,1,33:53,1,7
فيسحتكم,1,20:61,1,7
فيسخرون,1,9:79,1,7
فيسقي,1,12:41,1,5
فيشفعوا,1,7:53,1,7
فيصبحوا,1,5:52,1,7
فيصلب,1,12:41,1,5
فيضل,1,14:4,1,4
فيضلك,1,38:26,1,5
فيطمع,1,33:32,1,5
فيظللن,1,42:33,1,6
فيعتذرون,1,77:36,1,8
فيعذبهم,1,4:173,1,7
فيعلمون,1,2:26,1,7
فيغرقكم,1,17:69,1,7
فيغفر,1,2:284,1,5
فيقتل,1,4:74,1,5
فيقتلون,1,9:111,1,7
فيقولون,1,2:26,1,7
فيكشف,1,6:41,1,5
فيكيدوا,1,12:5,1,7
فيمت,1,2:217,1,4
فيمسك,1,39:42,1,5
فيمكث,1,13:17,1,5
فيموتوا,1,35:36,1,7
فيميلون,1,4:102,1,7
فينتقم,1,5:95,1,6
فينسخ,1,22:52,1,5
فينظر,1,7:129,1,5
فينقلبوا,1,3:127,1,8
فيوحي,1,42:51,1,5
فيوخذ,1,55:41,1,5
فيومنوا,1,22:54,1,7
فييوس,1,41:49,1,5
ق,1,50:1,1,1
قاب,1,53:9,1,3
قاتل,1,3:146,1,4
قاتلكم,1,48:22,1,6
قاتلوهم,1,9:14,1,7
قادرون,1,10:24,1,6
قارعه,1,13:31,1,5
قاسيه,1,5:13,1,5
قاصدا,1,9:42,1,5
قاصفا,1,17:69,1,5
قاض,1,20:72,1,3
قاطعه,1,27:32,1,5
قاعا,1,20:106,1,4
قاعدا,1,10:12,1,5
قاعدون,1,5:24,1,6
قالها,1,39:50,1,5
قام,1,72:19,1,3
قانت,1,39:9,1,4
قانتا,1,16:120,1,5
قانتين,1,2:238,1,6
قاهرون,1,7:127,1,6
قايلها,1,23:100,1,6
قايلون,1,7:4,1,6
قايمون,1,70:33,1,6
قبره,1,9:84,1,4
قبس,1,27:7,1,3
قبضا,1,25:46,1,4
قبضته,1,39:67,1,5
قبضناه,1,25:46,1,6
قبضه,1,20:96,1,4
قبلتك,1,2:145,1,5
قبيلا,1,17:92,1,5
قتالا,1,3:167,1,5
قتر,1,10:26,1,3
قتره,1,80:41,1,4
قتلتموهم,1,3:183,1,8
قتله,1,5:95,1,4
قتورا,1,17:100,1,5
قدحا,1,100:2,1,4
قددا,1,72:11,1,4
قدرناه,1,36:39,1,6
قدرناها,1,27:57,1,7
قدروها,1,76:16,1,6
قدمتم,1,12:48,1,5
قدمتموه,1,38:60,1,7
قدموا,1,36:12,1,5
قديم,1,46:11,1,4
قراطيس,1,6:91,1,6
قراناه,1,75:18,1,6
قرانه,1,75:18,1,5
قربا,1,5:27,1,4
قربات,1,9:99,1,5
قربه,1,9:99,1,4
قرت,1,28:9,1,3
قرطاس,1,6:7,1,5
قرناء,1,41:25,1,5
قروء,1,2:228,1,4
قريتك,1,47:13,1,5
قريتنا,1,7:88,1,6
قريش,1,106:1,1,4
قسم,1,89:5,1,3
قسمنا,1,43:32,1,5
قسوره,1,74:51,1,5
قسوه,1,2:74,1,4
قسيسين,1,5:82,1,6
قصد,1,16:9,1,3
قصصا,1,18:64,1,4
قصصناهم,1,4:164,1,7
قصصهم,1,12:111,1,5
قصمنا,1,21:11,1,5
قصيا,1,19:22,1,4
قصيه,1,28:11,1,4
قضاها,1,12:68,1,5
قضوا,1,33:37,1,4
قطرا,1,18:96,1,4
قطران,1,14:50,1,5
قطع,1,13:4,1,3
قطعا,1,10:27,1,4
قطعتم,1,59:5,1,5
قطعن,1,12:50,1,4
قطمير,1,35:13,1,5
قطنا,1,38:16,1,4
قعود,1,85:6,1,4
قعيد,1,50:17,1,4
قفينا,1,57:27,1,5
قلبها,1,28:10,1,5
قلبي,1,2:260,1,4
قلبين,1,33:4,1,5
قلته,1,5:116,1,4
قلن,1,12:51,1,3
قلوبكما,1,66:4,1,7
قلي,1,93:3,1,3
قليله,1,2:249,1,5
قليلون,1,26:54,1,6
قمتم,1,5:6,1,4
قمطريرا,1,76:10,1,7
قنطارا,1,4:20,1,6
قنطوا,1,42:28,1,5
قنوان,1,6:99,1,5
قنوط,1,41:49,1,4
قوا,1,66:6,1,3
قواريرا,1,76:15,1,7
قواما,1,25:67,1,5
قوامون,1,4:34,1,6
قوتكم,1,11:52,1,5
قوتلتم,1,59:11,1,6
قوتلوا,1,59:12,1,6
قوسين,1,53:9,1,5
قولك,1,11:53,1,4
قولنا,1,16:40,1,5
قولها,1,27:19,1,5
قومها,1,19:27,1,5
قويا,1,33:25,1,4
قيمه,1,98:3,1,4
كاتبا,1,2:283,1,5
كاتبون,1,21:94,1,6
كاتبين,1,82:11,1,6
كاحد,1,33:32,1,4
كادت,1,28:10,1,4
كادح,1,84:6,1,4
كاذبون,1,26:223,1,6
كارهين,1,7:88,1,6
كاس,1,76:5,1,3
كاشفات,1,39:38,1,6
كاشفه,1,53:58,1,5
كاشفو,1,44:15,1,5
كاظمين,1,40:18,1,6
كافره,1,3:13,1,5
كافورا,1,76:5,1,6
كالاعمي,1,11:24,1,7
كالانثي,1,3:36,1,7
كالتي,1,16:92,1,5
كالجبال,1,11:42,1,7
كالجواب,1,34:13,1,7
كالحجاره,1,2:74,1,8
كالحون,1,23:104,1,6
كالدهان,1,55:37,1,7
كالرميم,1,51:42,1,7
كالصريم,1,68:20,1,7
كالطود,1,26:63,1,6
كالظلل,1,31:32,1,6
كالعرجون,1,36:39,1,8
كالف,1,22:47,1,4
كالفجار,1,38:28,1,7
كالفخار,1,55:14,1,7
كالفراش,1,101:4,1,7
كالقصر,1,77:32,1,6
كالمجرمين,1,68:35,1,9
كالمعلقه,1,4:129,1,8
كالمفسدين,1,38:28,1,9
كالوهم,1,83:3,1,6
كامثال,1,56:23,1,6
كاملين,1,2:233,1,6
كانك,1,7:187,1,4
كاهن,1,69:42,1,4
كبارا,1,71:22,1,5
كباسط,1,13:14,1,5
كبت,1,58:5,1,3
كبتوا,1,58:5,1,5
كبد,1,90:4,1,3
كبرت,1,18:5,1,4
كبره,1,24:11,1,4
كتابك,1,17:14,1,5
كتابنا,1,45:29,1,6
كتابها,1,45:28,1,6
كتابهم,1,17:71,1,6
كتبناها,1,57:27,1,7
كتم,1,2:140,1,3
كثر,1,4:7,1,3
كثرت,1,8:19,1,4
كثرتكم,1,9:25,1,6
كثره,1,5:100,1,4
كثيبا,1,73:14,1,5
كجهر,1,49:2,1,4
كحب,1,2:165,1,3
كخشيه,1,4:77,1,5
كخلقه,1,13:16,1,5
كخيفتكم,1,30:28,1,7
كدحا,1,84:6,1,4
كدعاء,1,24:63,1,5
كدنا,1,12:76,1,4
كذبه,1,40:28,1,4
كذبوكم,1,25:19,1,6
كذبوه,1,23:44,1,5
كذكركم,1,2:200,1,6
كذلكم,1,48:15,1,5
كرام,1,80:16,1,4
كرب,1,6:64,1,3
كرتين,1,67:4,1,5
كرماد,1,14:18,1,5
كرمت,1,17:62,1,4
كرمنا,1,17:70,1,5
كرهتموهن,1,4:19,1,8
كزرع,1,48:29,1,4
كسادها,1,9:24,1,6
كسبا,1,5:38,1,4
كسراب,1,24:39,1,5
كسوتهم,1,5:89,1,6
كشطت,1,81:11,1,4
كشفت,1,7:134,1,4
كصاحب,1,68:48,1,5
كصيب,1,2:19,1,4
كطي,1,21:104,1,3
كظلمات,1,24:40,1,6
كعذاب,1,29:10,1,5
كعرض,1,57:21,1,4
كعصف,1,105:5,1,4
كغلي,1,44:46,1,4
كف,1,48:24,1,2
كفاتا,1,77:25,1,5
كفران,1,21:94,1,5
كفرت,1,14:22,1,4
كففت,1,5:110,1,4
كفل,1,4:85,1,3
كفلين,1,57:28,1,5
كفيلا,1,16:91,1,5
كفيناك,1,15:95,1,6
كلاله,1,4:12,1,5
كلاهما,1,17:23,1,6
كلتا,1,18:33,1,4
كلتم,1,17:35,1,4
كلمتنا,1,37:171,1,6
كلهن,1,33:51,1,4
كلي,1,16:69,1,3
كمثله,1,42:11,1,5
كمشكاه,1,24:35,1,6
كنزتم,1,9:35,1,5
كنزهما,1,18:82,1,6
كنفس,1,31:28,1,4
كهشيم,1,54:31,1,5
كهيعص,1,19:1,1,5
كورت,1,81:1,1,4
كوكب,1,24:35,1,4
كوني,1,21:69,1,4
كيدكم,1,20:64,1,5
كيدون,1,7:195,1,5
لابتغوا,1,17:42,1,7
لابثين,1,78:23,1,6
لابنه,1,31:13,1,5
لابي,1,26:86,1,4
لاتبعتم,1,4:83,1,7
لاتبعناكم,1,3:167,1,9
لاتبعوك,1,9:42,1,7
لاتخذت,1,18:77,1,6
لاتخذن,1,4:118,1,6
لاتخذناه,1,21:17,1,8
لاتخذوك,1,17:73,1,7
لاتوها,1,33:14,1,6
لاتينا,1,32:13,1,6
لاتيناهم,1,4:67,1,8
لاتينهم,1,7:17,1,7
لاثم,1,5:3,1,4
لاجد,1,12:94,1,4
لاجدن,1,18:36,1,5
لاجعلنك,1,26:29,1,7
لاحتنكن,1,17:62,1,7
لاحدهما,1,18:32,1,7
لاحدي,1,74:35,1,5
لاختلفتم,1,8:42,1,8
لاخته,1,28:11,1,5
لاخذنا,1,69:45,1,6
لاخراهم,1,7:39,1,7
لاخيه,1,7:142,1,5
لاذبحنه,1,27:21,1,7
لاذقناك,1,17:75,1,7
لارتاب,1,29:48,1,6
لارجمنك,1,19:46,1,7
لاريناكهم,1,47:30,1,9
لازب,1,37:11,1,4
لازواجهم,1,2:240,1,8
لازيدنكم,1,14:7,1,8
لازينن,1,15:39,1,6
لاستغفرن,1,60:4,1,8
لاستكثرت,1,7:188,1,8
لاسجد,1,15:33,1,5
لاسقيناهم,1,72:16,1,9
لاسمعهم,1,8:23,1,7
لاصطفي,1,39:4,1,6
لاصلبنكم,1,7:124,1,8
لاعدل,1,42:15,1,5
لاعدوا,1,9:46,1,6
لاعذبنه,1,27:21,1,7
لاعنتكم,1,2:220,1,7
لاغلبن,1,58:21,1,6
لاغوينهم,1,38:82,1,8
لاغيه,1,88:11,1,5
لافتدت,1,10:54,1,6
لاقتلك,1,5:28,1,6
لاقتلنك,1,5:27,1,7
لاقرب,1,18:24,1,5
لاقعدن,1,7:16,1,6
لاقيه,1,28:61,1,5
لاكثرهم,1,7:102,1,7
لاكفر,1,40:42,1,5
لاكلوا,1,5:66,1,6
لاكونن,1,6:77,1,6
لاكيدن,1,21:57,1,6
لاماره,1,12:53,1,6
لامر,1,9:106,1,4
لامراته,1,12:21,1,7
لامسكتم,1,17:100,1,7
لامن,1,10:99,1,4
لان,1,39:12,1,3
لانتصر,1,47:4,1,6
لانتم,1,59:13,1,5
لانذركم,1,6:19,1,7
لانعمه,1,16:121,1,6
لانفضوا,1,3:159,1,7
لاهب,1,19:19,1,4
لاهل,1,9:120,1,4
لاهيه,1,21:3,1,5
لاواه,1,9:114,1,5
لاوتين,1,19:77,1,6
لاول,1,59:2,1,4
لاولاهم,1,7:38,1,7
لاولنا,1,5:114,1,6
لاي,1,77:12,1,3
لاياتنا,1,74:16,1,7
لايلاف,1,106:1,1,6
لايم,1,5:54,1,4
لايمانكم,1,2:224,1,8
لباسهما,1,7:27,1,7
لبالمرصاد,1,89:14,1,9
لبامام,1,15:79,1,6
لبث,1,11:69,1,3
لبرز,1,3:154,1,4
لبس,1,50:15,1,3
لبسبيل,1,15:76,1,6
لبشرين,1,23:47,1,6
لبعثنا,1,25:51,1,6
لبعولتهن,1,24:31,1,8
لبغوا,1,42:27,1,5
لبلاغا,1,21:106,1,6
لبلد,1,7:57,1,4
لبن,1,47:15,1,3
لبنا,1,16:66,1,4
لبنيه,1,2:133,1,5
لبوس,1,21:80,1,4
لبيت,1,29:41,1,4
لبيوتهم,1,43:33,1,7
لتاتنني,1,12:66,1,7
لتاتينكم,1,34:3,1,8
لتاخذوها,1,48:15,1,8
لتاركو,1,37:36,1,6
لتافكنا,1,46:22,1,7
لتبدي,1,28:10,1,5
لتبشر,1,19:97,1,5
لتبعثن,1,64:7,1,6
لتبلون,1,3:186,1,6
لتبيننه,1,3:187,1,7
لتتلو,1,13:30,1,5
لتجدن,1,5:82,1,5
لتجزي,1,20:15,1,5
لتحسبوه,1,3:78,1,7
لتحصنكم,1,21:80,1,7
لتحكم,1,4:105,1,5
لتحملهم,1,9:92,1,7
لتخرج,1,14:1,1,5
لتخرجنا,1,20:57,1,7
لتخرجوا,1,7:123,1,7
لتدخلن,1,48:27,1,6
لتدعوهم,1,23:73,1,7
لتذكره,1,69:48,1,6
لتذهبوا,1,4:19,1,7
لتردين,1,37:56,1,6
لترضوا,1,9:96,1,6
لترضي,1,20:84,1,5
لتركبن,1,84:19,1,6
لتركبوا,1,40:79,1,7
لتركبوها,1,16:8,1,8
لترون,1,102:6,1,5
لترونها,1,102:7,1,7
لتزول,1,14:46,1,5
لتستووا,1,43:13,1,7
لتسحرنا,1,7:132,1,7
لتسلكوا,1,71:20,1,7
لتشرك,1,29:8,1,5
لتشقي,1,20:2,1,5
لتشهدون,1,6:19,1,7
لتضيقوا,1,65:6,1,7
لتعارفوا,1,49:13,1,8
لتعتدوا,1,2:231,1,7
لتعجل,1,75:16,1,5
لتعرضوا,1,9:95,1,7
لتعلم,1,11:79,1,5
لتغرق,1,18:71,1,5
لتغفر,1,71:7,1,5
لتفتروا,1,16:116,1,7
لتفتري,1,17:73,1,6
لتفسدن,1,17:4,1,6
لتقتلني,1,5:28,1,7
لتقراه,1,17:106,1,6
لتقولون,1,17:40,1,7
لتكبروا,1,22:37,1,7
لتكفرون,1,41:9,1,7
لتلفتنا,1,10:78,1,7
لتلقي,1,27:6,1,5
لتمرون,1,37:137,1,6
لتنبون,1,64:7,1,6
لتنبينهم,1,12:15,1,8
لتنزيل,1,26:192,1,6
لتنفقوا,1,47:38,1,7
لتنوء,1,28:76,1,5
لتهتدوا,1,6:97,1,7
لتهدي,1,42:52,1,5
لتولوا,1,8:23,1,6
لتومنن,1,3:81,1,6
لثمود,1,11:68,1,5
لجاءهم,1,29:53,1,6
لجاعلون,1,18:8,1,7
لجالوت,1,2:250,1,6
لجبريل,1,2:97,1,6
لجعل,1,11:118,1,4
لجعله,1,25:45,1,5
لجعلهم,1,42:8,1,6
لجلودهم,1,41:21,1,7
لجمعهم,1,6:35,1,6
لجميع,1,26:56,1,5
لجنبه,1,10:12,1,5
لجه,1,27:44,1,3
لجوا,1,67:21,1,4
لجي,1,24:40,1,3
لحافظين,1,82:10,1,7
لحب,1,100:8,1,3
لحبط,1,6:88,1,4
لحدود,1,9:112,1,5
لحديث,1,33:53,1,5
لحسره,1,69:50,1,5
لحسن,1,38:49,1,4
لحكمه,1,13:41,1,5
لحكمهم,1,21:78,1,6
لحليم,1,11:75,1,5
لحن,1,47:30,1,3
لحومها,1,22:37,1,6
لحياتي,1,89:24,1,6
لخاطيين,1,12:91,1,7
لخرجنا,1,9:42,1,6
لخزنه,1,40:49,1,5
لخسف,1,28:82,1,4
لدا,1,19:97,1,3
لداوود,1,38:30,1,6
لدلوك,1,17:78,1,5
لدني,1,18:76,1,4
لذايقو,1,37:38,1,6
لذايقون,1,37:31,1,7
لذكورنا,1,6:139,1,7
لذنوبهم,1,3:135,1,7
لذي,1,89:5,1,3
لرادك,1,28:85,1,5
لرايته,1,59:21,1,6
لربكم,1,42:47,1,5
لرجمناك,1,11:91,1,7
لرحمه,1,29:51,1,5
لرزقنا,1,38:54,1,6
لرسلهم,1,14:13,1,6
لرسوله,1,63:1,1,6
لرفعناه,1,7:176,1,7
لرقيك,1,17:93,1,5
لساحران,1,20:63,1,7
لسارقون,1,12:70,1,7
لسانك,1,75:16,1,5
لسبا,1,34:15,1,4
لستن,1,33:32,1,4
لسحر,1,10:76,1,4
لسريع,1,7:167,1,5
لسعيه,1,21:94,1,5
لسعيها,1,88:9,1,6
لسلطهم,1,4:90,1,6
لسليمان,1,27:17,1,7
لسنتنا,1,17:77,1,6
لسوف,1,19:66,1,4
لشاعر,1,37:36,1,5
لشتي,1,92:4,1,4
لشر,1,38:55,1,3
لشرذمه,1,26:54,1,6
لشركاينا,1,6:136,1,8
لشركايهم,1,6:136,1,8
لشهادتنا,1,5:107,1,8
لشهيد,1,100:7,1,5
لشوبا,1,37:67,1,5
لصادق,1,51:5,1,5
لصالو,1,83:16,1,5
لصوت,1,31:19,1,4
لطمسنا,1,36:66,1,6
لطيفا,1,33:34,1,5
لظالمون,1,12:79,1,7
لظالمين,1,15:78,1,7
لظلم,1,31:13,1,4
لظلوا,1,30:51,1,5
لظلوم,1,14:34,1,5
لظي,1,70:15,1,3
لعاد,1,11:60,1,4
لعادوا,1,6:28,1,6
لعال,1,10:83,1,4
لعبا,1,6:70,1,4
لعبادته,1,19:65,1,7
لعبادنا,1,37:171,1,7
لعجل,1,18:58,1,4
لعدتهن,1,65:1,1,6
لعذبنا,1,48:25,1,6
لعذبهم,1,59:3,1,6
لعلم,1,43:61,1,4
لعلمه,1,4:83,1,5
لعلنا,1,26:40,1,5
لعليم,1,22:59,1,5
لعمرك,1,15:72,1,5
لعملكم,1,26:168,1,6
لعناهم,1,5:13,1,6
لعنتم,1,49:7,1,5
لعنتي,1,38:78,1,5
لعنوا,1,24:23,1,5
لغافلون,1,10:92,1,7
لغايظون,1,26:55,1,7
لغد,1,59:18,1,3
لغفار,1,20:82,1,5
لغلامين,1,18:82,1,7
لغو,1,52:23,1,3
لغوي,1,28:18,1,4
لفاسقون,1,5:49,1,7
لفاسقين,1,7:102,1,7
لفاعلون,1,12:61,1,7
لفتحنا,1,7:96,1,6
لفتيانه,1,12:62,1,7
لفرح,1,11:10,1,4
لفريقا,1,3:78,1,6
لفسدتا,1,21:22,1,6
لفسق,1,6:121,1,4
لفشلتم,1,8:43,1,6
لفضله,1,10:107,1,5
لفيفا,1,17:104,1,5
لقادر,1,86:8,1,5
لقال,1,6:7,1,4
لقايه,1,32:23,1,5
لقتال,1,8:16,1,5
لقدير,1,22:39,1,5
لقران,1,56:77,1,5
لقسم,1,56:76,1,4
لقطعنا,1,69:46,1,6
لقلنا,1,8:31,1,5
لقلوبكم,1,33:53,1,7
لقوكم,1,3:119,1,5
لقولهم,1,63:4,1,6
لقومكما,1,10:87,1,7
لقومهم,1,60:4,1,6
لقيا,1,18:74,1,4
لقينا,1,18:62,1,5
لكارهون,1,8:5,1,7
لكافرون,1,30:8,1,7
لكتاب,1,41:41,1,5
لكثير,1,6:137,1,5
لكفرنا,1,5:65,1,6
لكنتم,1,2:64,1,5
لكنود,1,100:6,1,5
للابرار,1,3:198,1,7
للاخره,1,92:13,1,6
للاخرين,1,43:56,1,7
للاكلين,1,23:20,1,7
للانام,1,55:10,1,6
للاوابين,1,17:25,1,8
للبث,1,37:144,1,4
للتي,1,17:9,1,4
للجبل,1,7:143,1,5
للجبين,1,37:103,1,6
للجوا,1,23:75,1,5
للحرب,1,5:64,1,5
للحسني,1,41:50,1,6
للحواريين,1,61:14,1,9
للحي,1,20:111,1,4
للخاينين,1,4:105,1,8
للخبيثات,1,24:26,1,8
للخبيثين,1,24:26,1,8
للخروج,1,9:83,1,6
للذاكرين,1,11:114,1,8
للرسل,1,41:43,1,5
للرويا,1,12:43,1,6
للزكاه,1,23:4,1,6
للساعه,1,43:61,1,6
للسحت,1,5:42,1,5
للسلم,1,8:61,1,5
للسمع,1,72:9,1,5
للشهاده,1,2:282,1,7
للشوي,1,70:16,1,5
للشياطين,1,67:5,1,8
للشيطان,1,19:45,1,7
للصابرين,1,16:126,1,8
للصلاه,1,62:9,1,6
للطيبات,1,24:26,1,7
للطيبين,1,24:26,1,7
للعابدين,1,21:84,1,8
للعسري,1,92:10,1,6
للغاوين,1,26:91,1,7
للقاسيه,1,39:22,1,7
للقتال,1,3:121,1,6
للقمر,1,41:37,1,5
للكتب,1,21:104,1,5
للكفر,1,3:167,1,5
للمتكبرين,1,39:60,1,9
للمتوسمين,1,15:75,1,9
للمحسنات,1,33:29,1,8
للمخلفين,1,48:16,1,8
للمصلين,1,107:4,1,7
للمطففين,1,83:1,1,8
للمقوين,1,56:73,1,7
للملا,1,26:34,1,5
للموقنين,1,51:20,1,8
للمومنات,1,24:31,1,8
للهدي,1,92:12,1,5
للوالدين,1,2:180,1,8
لليتامي,1,4:127,1,7
لمبتلين,1,23:30,1,7
لمبلسين,1,30:49,1,7
لمتنني,1,12:32,1,6
لمثل,1,37:61,1,4
لمثله,1,24:17,1,5
لمثوبه,1,2:103,1,6
لمجموعون,1,56:50,1,8
لمحجوبون,1,83:15,1,8
لمخرجون,1,27:67,1,7
لمدركون,1,26:61,1,7
لمدين,1,11:95,1,5
لمدينون,1,37:53,1,7
لمردودون,1,79:10,1,8
لمرسلون,1,36:16,1,7
لمزه,1,104:1,1,4
لمساكين,1,18:79,1,7
لمستقر,1,36:38,1,6
لمسجد,1,9:108,1,5
لمسخناهم,1,36:67,1,8
لمسرفون,1,5:32,1,7
لمسنا,1,72:8,1,5
لمشركون,1,6:121,1,7
لمع,1,29:69,1,3
لمعزولون,1,26:212,1,8
لمعكم,1,5:53,1,5
لمغرمون,1,56:66,1,7
لمغفره,1,3:157,1,6
لمفعولا,1,17:108,1,7
لمقت,1,40:10,1,4
لمكر,1,7:123,1,4
لمنجوهم,1,15:59,1,7
لمنقلبون,1,43:14,1,8
لمنكم,1,9:56,1,5
لمهلكهم,1,18:59,1,7
لموسعون,1,51:47,1,7
لموسي,1,10:83,1,5
لموعدهم,1,15:43,1,7
لموفوهم,1,11:109,1,7
لميتون,1,23:15,1,6
لميقات,1,26:38,1,6
لناصحون,1,12:11,1,7
لناكبون,1,23:74,1,7
لنبذ,1,68:49,1,4
لنبلوهم,1,18:7,1,7
لنبيتنه,1,27:49,1,7
لنبين,1,22:5,1,5
لنت,1,3:159,1,3
لنتخذن,1,18:21,1,6
لنثبت,1,25:32,1,5
لنجعلها,1,69:12,1,7
لنحرقنه,1,20:97,1,7
لنحشرنهم,1,19:68,1,8
لنحضرنهم,1,19:68,1,8
لنحيي,1,25:49,1,5
لنخرج,1,78:15,1,5
لنخرجن,1,59:11,1,6
لنخرجنك,1,7:88,1,7
لنخرجنكم,1,14:13,1,8
لندخلنهم,1,29:9,1,8
لنذهبن,1,17:86,1,6
لنذيقهم,1,41:16,1,7
لنراها,1,12:30,1,6
لنرجمنكم,1,36:18,1,8
لنرسل,1,51:33,1,5
لنريك,1,20:23,1,5
لنريه,1,17:1,1,5
لنزلنا,1,17:95,1,6
لنسالنهم,1,15:92,1,8
لنسفعا,1,96:15,1,6
لنسلم,1,6:71,1,5
لنصدقن,1,9:75,1,6
لنصرف,1,12:24,1,5
لنظنك,1,7:66,1,5
لنعبد,1,7:70,1,5
لنغرينك,1,33:60,1,7
لنفد,1,18:109,1,4
لنفسد,1,12:73,1,5
لنقولن,1,27:49,1,6
لنكفرن,1,29:7,1,6
لننجينه,1,29:32,1,7
لننزعن,1,19:69,1,6
لننسفنه,1,20:97,1,7
لننصر,1,40:51,1,5
لننصرنكم,1,59:11,1,8
لننظر,1,10:14,1,5
لنهتدي,1,7:43,1,6
لنهدينهم,1,29:69,1,8
لنهلكن,1,14:13,1,6
لنوره,1,24:35,1,5
لنومنن,1,7:134,1,6
لهاد,1,22:54,1,4
لهدمت,1,22:40,1,5
لهديناكم,1,14:21,1,8
لهمت,1,4:113,1,4
لهي,1,29:64,1,3
لواحد,1,37:4,1,5
لواحه,1,74:29,1,5
لواذا,1,24:63,1,5
لواقح,1,15:22,1,5
لوالديه,1,46:17,1,7
لوجه,1,76:9,1,4
لوح,1,85:22,1,3
لوقتها,1,7:187,1,6
لوقعتها,1,56:2,1,7
لولو,1,52:24,1,4
لوليت,1,18:18,1,5
لومه,1,5:54,1,4
لووا,1,63:5,1,4
ليا,1,4:46,1,3
لياتيني,1,27:21,1,7
لياخذ,1,12:76,1,5
لياخذوه,1,40:5,1,7
لياكلوا,1,36:35,1,7
ليالي,1,34:18,1,5
ليبتليكم,1,3:152,1,8
ليبدي,1,7:20,1,5
ليبطين,1,4:72,1,6
ليبعثن,1,7:167,1,6
ليبغي,1,38:24,1,5
ليبلغ,1,13:14,1,5
ليبلو,1,47:4,1,5
ليبلونكم,1,5:94,1,8
ليبلوني,1,27:40,1,7
ليتخذ,1,43:32,1,5
ليتساءلوا,1,18:19,1,9
ليتفقهوا,1,9:122,1,8
ليتها,1,69:27,1,5
ليتوبوا,1,9:118,1,7
ليثبت,1,16:102,1,5
ليثبتوك,1,8:30,1,7
ليجادلوكم,1,6:121,1,9
ليجزيك,1,28:25,1,6
ليحاجوكم,1,2:76,1,8
ليحبطن,1,39:65,1,6
ليحزن,1,58:10,1,5
ليحزنك,1,6:33,1,6
ليحزنني,1,12:13,1,7
ليحق,1,8:8,1,4
ليحملوا,1,16:25,1,7
ليخرج,1,65:11,1,5
ليخرجوك,1,17:76,1,7
ليدبروا,1,38:29,1,7
ليدخلنهم,1,22:59,1,8
ليذر,1,3:179,1,4
ليذهب,1,33:33,1,5
ليذوق,1,5:95,1,5
ليذوقوا,1,4:56,1,7
ليذيقهم,1,30:41,1,7
ليربو,1,30:39,1,5
ليردوهم,1,6:137,1,7
ليرزقنهم,1,22:58,1,8
ليرضوكم,1,9:62,1,7
ليروا,1,99:6,1,5
ليريكم,1,31:31,1,6
ليريه,1,5:31,1,5
ليريهما,1,7:27,1,7
ليزلقونك,1,68:51,1,8
ليسال,1,33:8,1,5
ليستاذنكم,1,24:58,1,9
ليستخفوا,1,11:5,1,8
ليستخلفنهم,1,24:55,1,10
ليستفزونك,1,17:76,1,9
ليستيقن,1,74:31,1,7
ليسجنن,1,12:32,1,6
ليسجننه,1,12:35,1,7
ليسكن,1,7:189,1,5
ليسكنوا,1,27:86,1,7
ليسمون,1,53:27,1,6
ليسوءوا,1,17:7,1,7
ليشتروا,1,2:79,1,7
ليشهدوا,1,22:28,1,7
ليصبحن,1,23:40,1,6
ليصدوا,1,8:36,1,6
ليصدونهم,1,43:37,1,8
ليصرمنها,1,68:17,1,8
ليضلنا,1,25:42,1,6
ليضلون,1,6:119,1,6
ليضيع,1,2:143,1,5
ليطاع,1,4:64,1,5
ليطغي,1,96:6,1,5
ليطفيوا,1,61:8,1,7
ليطلعكم,1,3:179,1,7
ليطمين,1,2:260,1,6
ليعبدون,1,51:56,1,7
ليعجزه,1,35:44,1,6
ليعذب,1,33:73,1,5
ليعلموا,1,18:21,1,7
ليعلمون,1,2:144,1,7
ليغيظ,1,48:29,1,5
ليفتدوا,1,5:36,1,7
ليفتنونك,1,17:73,1,8
ليفجر,1,75:5,1,5
ليفسد,1,2:205,1,5
ليفسدوا,1,7:127,1,7
ليقتلوك,1,28:20,1,7
ليقربونا,1,39:3,1,8
ليقض,1,43:77,1,4
ليقضوا,1,22:29,1,6
ليقولوا,1,6:53,1,7
ليقوم,1,57:25,1,5
ليقيموا,1,14:37,1,7
ليكتمون,1,2:146,1,7
ليكفر,1,39:35,1,5
ليكونا,1,41:29,1,6
ليكونن,1,35:42,1,6
ليلها,1,79:29,1,5
ليمسن,1,5:73,1,5
ليمكروا,1,6:123,1,7
ليميز,1,8:37,1,5
لينا,1,20:44,1,4
لينبذن,1,104:4,1,6
لينصرنه,1,22:60,1,7
لينفروا,1,9:122,1,7
لينفق,1,65:7,1,5
لينه,1,59:5,1,4
ليواطيوا,1,9:37,1,8
ليوحون,1,6:121,1,6
ليوذن,1,9:90,1,5
ليوفينهم,1,11:111,1,8
ليوفيهم,1,35:30,1,7
ليولن,1,59:12,1,5
لييوس,1,11:9,1,5
ماءك,1,11:44,1,4
ماءها,1,79:31,1,5
ماتيا,1,19:61,1,5
مارب,1,20:18,1,4
مارج,1,55:15,1,4
مارد,1,37:7,1,4
ماكثون,1,43:77,1,6
ماكثين,1,18:3,1,6
ماكول,1,105:5,1,5
مالكون,1,36:71,1,6
ماليه,1,69:28,1,5
مامنه,1,9:6,1,5
مامون,1,70:28,1,5
مانعتهم,1,59:2,1,7
ماواكم,1,57:15,1,6
ماوكم,1,67:30,1,5
ماوها,1,18:41,1,5
مبتليكم,1,2:249,1,7
مبثوثه,1,88:16,1,6
مبديه,1,33:37,1,5
مبرءون,1,24:26,1,6
مبرمون,1,43:79,1,6
مبسوطتان,1,5:64,1,8
مبشرات,1,30:46,1,6
مبصرون,1,7:201,1,6
مبطلون,1,30:58,1,6
مبعدون,1,21:101,1,6
مبلغهم,1,53:30,1,6
مبنيه,1,39:20,1,5
مبوا,1,10:93,1,4
متاب,1,13:30,1,4
متابا,1,25:71,1,5
متاعهم,1,12:65,1,6
متبر,1,7:139,1,4
متبرجات,1,24:60,1,7
متجانف,1,5:3,1,6
متجاورات,1,13:4,1,8
متحرفا,1,8:16,1,6
متحيزا,1,8:16,1,6
متخذ,1,18:51,1,4
متخذات,1,4:25,1,6
متخذي,1,5:5,1,5
متراكبا,1,6:99,1,7
متربص,1,20:135,1,5
متربصون,1,9:52,1,7
متربه,1,90:16,1,5
مترفين,1,56:45,1,6
مترفيها,1,17:16,1,7
مترفيهم,1,23:64,1,7
متشابهات,1,3:7,1,8
متشاكسون,1,39:29,1,8
متصدعا,1,59:21,1,6
متعت,1,43:29,1,4
متعتهم,1,25:18,1,6
متعناه,1,28:61,1,6
متعناهم,1,26:205,1,7
متفرقه,1,12:67,1,6
متفرقون,1,12:39,1,7
متقلبكم,1,47:19,1,7
متكا,1,12:31,1,4
متكيون,1,36:56,1,6
متوفيك,1,3:55,1,6
مثابه,1,2:125,1,5
مثاني,1,39:23,1,5
مثبورا,1,17:102,1,6
مثقله,1,35:18,1,5
مثلهن,1,65:12,1,5
مثليها,1,3:165,1,6
مثليهم,1,3:13,1,6
مثواكم,1,6:128,1,6
مثواه,1,12:21,1,5
مثواي,1,12:23,1,5
مثوبه,1,5:60,1,5
مجتمعون,1,26:39,1,7
مجذوذ,1,11:108,1,5
مجراها,1,11:41,1,6
مجرما,1,20:74,1,5
مجرميها,1,6:123,1,7
مجموع,1,11:103,1,5
مجيب,1,11:61,1,4
محاريب,1,34:13,1,6
محبه,1,20:39,1,4
محتضر,1,54:28,1,5
محذورا,1,17:57,1,6
محررا,1,3:35,1,5
محرم,1,2:85,1,4
محرما,1,6:145,1,5
محرمه,1,5:26,1,5
محسنون,1,16:128,1,6
محسنين,1,51:16,1,6
محسورا,1,17:29,1,6
محشوره,1,38:19,1,6
محصنات,1,4:25,1,6
محصنه,1,59:14,1,5
محضرا,1,3:30,1,5
محظورا,1,17:20,1,6
محفوظ,1,85:22,1,5
محفوظا,1,21:32,1,6
محكمات,1,3:7,1,6
محكمه,1,47:20,1,5
محلقين,1,48:27,1,6
محلها,1,22:33,1,5
محلي,1,5:1,1,4
محمودا,1,17:79,1,6
محياهم,1,45:21,1,6
محيصا,1,4:121,1,5
مختالا,1,4:36,1,6
مختلفون,1,78:3,1,7
مختلفين,1,11:118,1,7
مختوم,1,83:25,1,5
مخذولا,1,17:22,1,6
مخرجا,1,65:2,1,5
مخرجون,1,23:35,1,6
مخزي,1,9:2,1,4
مخضره,1,22:63,1,5
مخضود,1,56:28,1,5
مخلصون,1,2:139,1,6
مخلف,1,14:47,1,4
مدادا,1,18:109,1,5
مدت,1,84:3,1,3
مدتهم,1,9:4,1,5
مدخل,1,17:80,1,4
مددا,1,18:109,1,4
مدهامتان,1,55:64,1,8
مدهنون,1,56:81,1,6
مدينين,1,56:86,1,6
مذءوما,1,7:18,1,6
مذبذبين,1,4:143,1,7
مذعنين,1,24:49,1,6
مذكر,1,88:21,1,4
مذكورا,1,76:1,1,6
مذموم,1,68:49,1,5
مراء,1,18:22,1,4
مرات,1,24:58,1,4
مراغما,1,4:100,1,6
مرتاب,1,40:34,1,5
مرتان,1,2:229,1,5
مرتقبون,1,44:59,1,7
مرجوا,1,11:62,1,5
مرجون,1,9:106,1,5
مردا,1,19:76,1,4
مردفين,1,8:9,1,6
مردنا,1,40:43,1,5
مردوا,1,9:101,1,5
مردود,1,11:76,1,5
مرسلا,1,13:43,1,5
مرسله,1,27:35,1,5
مرسلو,1,54:27,1,5
مرسلون,1,36:14,1,6
مرشدا,1,18:17,1,5
مرصادا,1,78:21,1,6
مرصد,1,9:5,1,4
مرصوص,1,61:4,1,5
مرضا,1,2:10,1,4
مرضاتي,1,60:1,1,6
مرضت,1,26:80,1,4
مرضعه,1,22:2,1,5
مرضيا,1,19:55,1,5
مرضيه,1,89:28,1,5
مرفقا,1,18:16,1,5
مرقدنا,1,36:52,1,6
مركوم,1,52:44,1,5
مريج,1,50:5,1,4
مريد,1,22:3,1,4
مريدا,1,4:117,1,5
مرييا,1,4:4,1,5
مزجاه,1,12:88,1,5
مزدجر,1,54:4,1,5
مزقتم,1,34:7,1,5
مساس,1,20:97,1,4
مسافحات,1,4:25,1,7
مساكن,1,14:45,1,5
مساكنكم,1,27:18,1,7
مستانسين,1,33:53,1,8
مستبشره,1,80:39,1,7
مستبصرين,1,29:38,1,8
مستخف,1,13:10,1,5
مستخلفين,1,57:7,1,8
مستسلمون,1,37:26,1,8
مستضعفون,1,8:26,1,8
مستضعفين,1,4:97,1,8
مستطر,1,54:53,1,5
مستطيرا,1,76:7,1,7
مستقبل,1,46:24,1,6
مستقرها,1,11:6,1,7
مستكبرين,1,23:67,1,8
مستمسكون,1,43:21,1,8
مستمعهم,1,52:38,1,7
مستمعون,1,26:15,1,7
مستنفره,1,74:50,1,7
مستهزيون,1,2:14,1,8
مستورا,1,17:45,1,6
مسحا,1,38:33,1,4
مسحورون,1,15:15,1,7
مسد,1,111:5,1,3
مسرفين,1,43:5,1,6
مسطور,1,52:2,1,5
مسغبه,1,90:14,1,5
مسفره,1,80:38,1,5
مسفوحا,1,6:145,1,6
مسك,1,83:26,1,3
مسكنهم,1,34:15,1,6
مسكوب,1,56:31,1,5
مسكونه,1,24:29,1,6
مسلمات,1,66:5,1,6
مسمع,1,4:46,1,4
مسنده,1,63:4,1,5
مسهم,1,7:201,1,4
مسوده,1,39:60,1,5
مسومين,1,3:125,1,6
مسيولون,1,37:24,1,7
مشاء,1,68:11,1,4
مشارق,1,7:137,1,5
مشتبها,1,6:99,1,6
مشهد,1,19:37,1,4
مشهود,1,11:103,1,5
مشهودا,1,17:78,1,6
مشوا,1,2:20,1,4
مشيد,1,22:45,1,4
مشيده,1,4:78,1,5
مشيك,1,31:19,1,4
مصانع,1,26:129,1,5
مصباح,1,24:35,1,5
مصرا,1,2:61,1,4
مصرفا,1,18:53,1,5
مصروفا,1,11:8,1,6
مصفي,1,47:15,1,4
مصلي,1,2:125,1,4
مصيبها,1,11:81,1,6
مصيركم,1,14:30,1,6
مضاجعهم,1,3:154,1,7
مضار,1,4:12,1,4
مضاعفه,1,3:130,1,6
مضت,1,8:38,1,3
مضيا,1,36:67,1,4
مطاع,1,81:21,1,4
مطلعون,1,37:54,1,6
مطمين,1,16:106,1,5
مطمينه,1,16:112,1,6
مطمينين,1,17:95,1,7
مطويات,1,39:67,1,6
مظلما,1,10:27,1,5
مظلمون,1,36:37,1,6
مظلوما,1,17:33,1,6
معاد,1,28:85,1,4
معاذيره,1,75:15,1,7
معاشا,1,78:11,1,5
معدود,1,11:104,1,5
معذبوها,1,17:58,1,7
معذبين,1,17:15,1,6
معذره,1,7:164,1,5
معره,1,48:25,1,4
معروفه,1,24:53,1,6
معزل,1,11:42,1,4
معشار,1,34:45,1,5
معطله,1,22:45,1,5
معقب,1,13:41,1,4
معقبات,1,13:11,1,6
معكما,1,20:46,1,5
معكوفا,1,48:25,1,6
معلم,1,44:14,1,4
معمر,1,35:11,1,4
معها,1,50:21,1,4
معيشتها,1,28:58,1,7
معيشتهم,1,43:32,1,7
معيشه,1,20:124,1,5
مغارات,1,9:57,1,6
مغاضبا,1,21:87,1,6
مغتسل,1,38:42,1,5
مغرب,1,18:86,1,4
مغرما,1,9:98,1,5
مغلوب,1,54:10,1,5
مغيرا,1,8:53,1,5
مفاتح,1,6:59,1,5
مفازا,1,78:31,1,5
مفتحه,1,38:50,1,5
مفتر,1,16:101,1,4
مفترون,1,11:50,1,6
مفتريات,1,11:13,1,7
مفرطون,1,16:62,1,6
مفسدون,1,18:94,1,6
مفصلا,1,6:114,1,5
مفصلات,1,7:133,1,6
مقامع,1,22:21,1,5
مقامك,1,27:39,1,5
مقامهما,1,5:107,1,7
مقبوضه,1,2:283,1,6
مقتحم,1,38:59,1,5
مقتدرا,1,18:45,1,6
مقتدرون,1,43:42,1,7
مقتدون,1,43:23,1,6
مقترفون,1,6:113,1,7
مقترنين,1,43:53,1,7
مقتصده,1,5:66,1,6
مقتكم,1,40:10,1,5
مقدورا,1,33:38,1,6
مقربه,1,90:15,1,5
مقسوم,1,15:44,1,5
مقصورات,1,55:72,1,7
مقطوع,1,15:66,1,5
مقطوعه,1,56:33,1,6
مقعد,1,54:55,1,4
مقمحون,1,36:8,1,6
مقنعي,1,14:43,1,5
مقيتا,1,4:85,1,5
مقيلا,1,25:24,1,5
مكاء,1,8:35,1,4
مكانتهم,1,36:67,1,7
مكانكم,1,10:28,1,6
مكبا,1,67:22,1,4
مكتوبا,1,7:157,1,6
مكث,1,17:106,1,3
مكذبين,1,69:49,1,6
مكذوب,1,11:65,1,5
مكرتموه,1,7:123,1,7
مكرم,1,22:18,1,4
مكرمه,1,80:13,1,5
مكروها,1,17:38,1,6
مكظوم,1,68:48,1,5
مكلبين,1,5:4,1,6
مكني,1,18:95,1,4
مكه,1,48:24,1,3
ملء,1,3:91,1,3
ملا,1,11:38,1,3
ملاق,1,69:20,1,4
ملاقوه,1,2:223,1,6
ملاقيكم,1,62:8,1,7
ملتكم,1,7:89,1,5
ملعونين,1,33:61,1,7
ملكتم,1,24:61,1,5
ملكين,1,7:20,1,5
ملوكا,1,5:20,1,5
مليا,1,19:46,1,4
مليت,1,72:8,1,4
مليك,1,54:55,1,4
مم,1,86:5,1,2
ممدده,1,104:9,1,5
ممدكم,1,8:9,1,5
ممدود,1,56:30,1,5
ممدودا,1,74:12,1,6
ممرد,1,27:44,1,4
ممسك,1,35:2,1,4
ممسكات,1,39:38,1,6
ممطرنا,1,46:24,1,6
مملوكا,1,16:75,1,6
ممنوعه,1,56:33,1,6
مناديا,1,3:193,1,6
مناسككم,1,2:200,1,7
مناسكنا,1,2:128,1,7
مناص,1,38:3,1,4
منافقون,1,9:101,1,7
مناكبها,1,67:15,1,7
منامك,1,8:43,1,5
منامكم,1,30:23,1,6
منامها,1,39:42,1,6
منبثا,1,56:6,1,5
منتشر,1,54:7,1,5
منتصر,1,54:44,1,5
منتصرا,1,18:43,1,6
منتصرين,1,51:45,1,7
منتهاها,1,79:44,1,7
منتهون,1,5:91,1,6
منجوك,1,29:33,1,5
منذرون,1,26:208,1,6
منزل,1,6:114,1,4
منزلا,1,23:29,1,5
منزلها,1,5:115,1,6
منزلون,1,29:34,1,6
منساته,1,34:14,1,6
منسيا,1,19:23,1,5
منشره,1,74:52,1,5
منشور,1,52:3,1,5
منشورا,1,17:13,1,6
منصورا,1,17:33,1,6
منطق,1,27:16,1,4
منظرون,1,26:203,1,6
منعنا,1,17:59,1,5
منعهم,1,9:54,1,5
منفطر,1,73:18,1,5
منفكين,1,98:1,1,6
منقعر,1,54:20,1,5
منقلب,1,26:227,1,5
منقلبا,1,18:36,1,6
منقوص,1,11:109,1,5
منكر,1,5:79,1,4
منكرا,1,58:2,1,5
منكره,1,16:22,1,5
منهمر,1,54:11,1,5
منوعا,1,70:21,1,5
منيبا,1,39:8,1,5
مهاجر,1,29:26,1,5
مهاجرا,1,4:100,1,6
مهاجرات,1,60:10,1,7
مهاد,1,7:41,1,4
مهادا,1,78:6,1,5
مهانا,1,25:69,1,5
مهتد,1,57:26,1,4
مهجورا,1,25:30,1,6
مهزوم,1,38:11,1,5
مهلكهم,1,7:164,1,6
مهلكو,1,29:31,1,5
مهلكوها,1,17:58,1,7
مهلكي,1,28:59,1,5
مهما,1,7:132,1,4
مهيلا,1,73:14,1,5
مواطن,1,9:25,1,5
مواقعوها,1,18:53,1,8
مواقيت,1,2:189,1,6
موالي,1,4:33,1,5
موبقا,1,18:52,1,5
موتا,1,25:3,1,4
موتكم,1,2:56,1,5
موثقهم,1,12:66,1,6
موجلا,1,3:145,1,5
مورا,1,52:9,1,4
موزون,1,15:19,1,5
موص,1,2:182,1,3
موضوعه,1,88:14,1,6
موضونه,1,56:15,1,6
موطيا,1,9:120,1,5
موعد,1,18:58,1,4
موعدك,1,20:87,1,5
موعدكم,1,20:59,1,6
موعدي,1,20:86,1,5
موفورا,1,17:63,1,6
موقنون,1,32:12,1,6
موقوتا,1,4:103,1,6
موقوفون,1,34:31,1,7
موليها,1,2:148,1,6
موهن,1,8:18,1,4
مويلا,1,18:58,1,5
ميتون,1,39:30,1,5
ميسره,1,2:280,1,5
ميسورا,1,17:28,1,6
ميعاد,1,34:30,1,5
ميقاتا,1,78:17,1,6
ميقاتهم,1,44:40,1,7
ميلا,1,4:27,1,4
ميله,1,4:102,1,4
ن,1,68:1,1,1
نات,1,2:106,1,3
ناتيكم,1,14:11,1,6
ناج,1,12:42,1,3
ناجيتم,1,58:12,1,6
ناخذ,1,12:79,1,4
نادانا,1,37:75,1,6
ناداه,1,79:16,1,5
نادوا,1,18:52,1,5
ناديتم,1,5:58,1,6
ناديكم,1,29:29,1,6
نادينا,1,28:46,1,6
ناديه,1,96:17,1,5
ناسكوه,1,22:67,1,6
ناشيه,1,73:6,1,5
ناصبه,1,88:3,1,5
ناصح,1,7:68,1,4
ناصحون,1,28:12,1,6
ناصرا,1,72:24,1,5
ناصيه,1,96:16,1,5
ناضره,1,75:22,1,5
ناظره,1,75:23,1,5
ناظرين,1,33:53,1,6
ناعمه,1,88:8,1,5
ناكسو,1,32:12,1,5
ناكل,1,5:113,1,4
نباتكما,1,12:37,1,7
نبانا,1,9:94,1,5
نباني,1,66:3,1,5
نباه,1,38:88,1,4
نباها,1,66:3,1,5
نباهم,1,18:13,1,5
نبتغي,1,28:55,1,5
نبتليه,1,76:2,1,6
نبتهل,1,3:61,1,5
نبذ,1,2:101,1,3
نبذه,1,2:100,1,4
نبراها,1,57:22,1,6
نبرح,1,20:91,1,4
نبطش,1,44:16,1,4
نبغ,1,18:64,1,3
نبغي,1,12:65,1,4
نبلوهم,1,7:163,1,6
نبين,1,5:75,1,4
نبينا,1,12:36,1,5
نبيوني,1,6:143,1,6
نتبعكم,1,48:15,1,6
نتبعه,1,54:24,1,5
نتبعهم,1,77:17,1,6
نتبوا,1,39:74,1,5
نتخطف,1,28:57,1,5
نترك,1,11:87,1,4
نتقبل,1,46:16,1,5
نتقنا,1,7:171,1,5
نتكلم,1,24:16,1,5
نتلو,1,28:3,1,4
نتلوه,1,3:58,1,5
نتنزل,1,19:64,1,5
نتوكل,1,14:12,1,5
نثبت,1,11:120,1,4
نجا,1,12:45,1,3
نجازي,1,34:17,1,5
نجاكم,1,17:67,1,5
نجب,1,14:44,1,3
نجد,1,20:115,1,3
نجزيه,1,21:29,1,5
نجس,1,9:28,1,3
نجعلها,1,28:83,1,6
نجعلهم,1,45:21,1,6
نجعلهما,1,41:29,1,7
نجمع,1,75:3,1,4
نجواهم,1,4:114,1,6
نجوت,1,28:25,1,4
نجيناكم,1,2:49,1,7
نجيناه,1,37:134,1,6
نجيناهم,1,54:34,1,7
نحبه,1,33:23,1,4
نحس,1,54:19,1,3
نحسات,1,41:16,1,5
نحله,1,4:4,1,4
نختم,1,36:65,1,4
نخره,1,79:11,1,4
نخسف,1,34:9,1,4
نخشي,1,5:52,1,4
نخفي,1,14:38,1,4
نخلفه,1,20:58,1,5
نخلقكم,1,77:20,1,6
نداء,1,19:3,1,4
نداولها,1,3:140,1,7
ندع,1,3:61,1,3
ندعوه,1,52:28,1,5
ندلكم,1,34:7,1,5
نديا,1,19:73,1,4
نذر,1,2:270,1,3
نذرا,1,77:6,1,4
نذرتم,1,2:270,1,5
نذل,1,20:134,1,3
نذهبن,1,43:41,1,5
نذورهم,1,22:29,1,6
نذيقهم,1,10:70,1,6
نربك,1,26:18,1,4
نرث,1,19:40,1,3
نرزقك,1,20:132,1,5
نرزقكم,1,6:151,1,6
نرزقهم,1,17:31,1,6
نريك,1,23:95,1,4
نريهم,1,43:48,1,5
نزاعه,1,70:16,1,5
نزعناها,1,11:9,1,7
نزلت,1,47:20,1,4
نزلناه,1,26:198,1,6
نزلهم,1,56:56,1,5
نزيدكم,1,78:30,1,6
نسارع,1,23:56,1,5
نسال,1,34:25,1,4
نسالك,1,20:132,1,5
نساوكم,1,2:223,1,6
نسبح,1,2:30,1,4
نسبحك,1,20:33,1,5
نستبق,1,12:17,1,5
نستحوذ,1,4:141,1,6
نستعين,1,1:5,1,6
نستنسخ,1,45:29,1,6
نسختها,1,7:154,1,6
نسخر,1,11:38,1,4
نسفت,1,77:10,1,4
نسقط,1,34:9,1,4
نسقي,1,28:23,1,4
نسك,1,2:196,1,3
نسلخ,1,36:37,1,4
نسلكه,1,15:12,1,5
نسله,1,32:8,1,4
نسوق,1,32:27,1,4
نسوي,1,75:4,1,4
نسويكم,1,26:98,1,6
نسي,1,39:8,1,3
نسير,1,18:47,1,4
نسينا,1,2:286,1,5
نسيناكم,1,32:14,1,7
نشتري,1,5:106,1,5
نشرا,1,77:3,1,4
نشرت,1,81:10,1,4
نشرح,1,94:1,1,4
نشطا,1,79:2,1,4
نشهد,1,63:1,1,4
نشوزا,1,4:128,1,5
نشوزهن,1,4:34,1,6
نصبا,1,18:62,1,4
نصبت,1,88:19,1,4
نصبر,1,2:61,1,4
نصحوا,1,9:91,1,5
نصحي,1,11:34,1,4
نصرانيا,1,3:67,1,7
نصره,1,9:40,1,4
نصروهم,1,59:12,1,6
نصفه,1,73:3,1,4
نصليه,1,4:30,1,5
نصليهم,1,4:56,1,6
نصوحا,1,66:8,1,5
نصيبك,1,28:77,1,5
نضاختان,1,55:66,1,7
نضجت,1,4:56,1,4
نضطرهم,1,31:24,1,6
نضيد,1,50:10,1,4
نطبع,1,10:74,1,4
نطعم,1,74:44,1,4
نطعمكم,1,76:9,1,6
نطمس,1,4:47,1,4
نطمع,1,26:51,1,4
نطوي,1,21:104,1,4
نطيع,1,59:11,1,4
نظره,1,37:88,1,4
نظن,1,45:32,1,3
نظنك,1,26:186,1,4
نظنكم,1,11:27,1,5
نعاجه,1,38:24,1,5
نعاسا,1,3:154,1,5
نعبدهم,1,39:3,1,6
نعجتك,1,38:24,1,5
نعجز,1,72:12,1,4
نعجزه,1,72:12,1,5
نعذب,1,9:66,1,4
نعذبه,1,18:87,1,5
نعف,1,9:66,1,3
نعقل,1,67:10,1,4
نعلمهم,1,9:101,1,6
نعلن,1,14:38,1,4
نعليك,1,20:12,1,5
نعما,1,4:58,1,4
نعماء,1,11:10,1,5
نعمركم,1,35:37,1,6
نعمره,1,36:68,1,5
نعود,1,7:89,1,4
نعيدكم,1,20:55,1,6
نعيده,1,21:104,1,5
نعيما,1,76:20,1,5
نغادر,1,18:47,1,5
نغرقهم,1,36:43,1,6
نفاد,1,38:54,1,4
نفاقا,1,9:77,1,5
نفحه,1,21:46,1,4
نفخه,1,69:13,1,4
نفدت,1,31:27,1,4
نفشت,1,21:78,1,4
نفعت,1,87:9,1,4
نفعه,1,22:13,1,4
نفعهما,1,2:219,1,6
نفقا,1,6:35,1,4
نفقاتهم,1,9:54,1,7
نفقد,1,12:72,1,4
نفوسكم,1,17:25,1,6
نفيرا,1,17:6,1,5
نقبا,1,18:97,1,4
نقتبس,1,57:13,1,5
نقدر,1,21:87,1,4
نقذف,1,21:18,1,4
نقر,1,74:8,1,3
نقروه,1,17:93,1,5
نقصص,1,40:78,1,4
نقصصهم,1,4:164,1,6
نقصه,1,11:100,1,4
نقضت,1,16:92,1,4
نقعا,1,100:4,1,4
نقعد,1,72:9,1,4
نقيبا,1,5:12,1,5
نقيض,1,43:36,1,4
نقيم,1,18:105,1,4
نكال,1,79:25,1,4
نكتل,1,12:63,1,4
نكتم,1,5:106,1,4
نكث,1,48:10,1,3
نكح,1,4:22,1,3
نكحتم,1,33:49,1,5
نكدا,1,7:58,1,4
نكر,1,54:6,1,3
نكرهم,1,11:70,1,5
نكروا,1,27:41,1,5
نكسوا,1,21:65,1,5
نكسوها,1,2:259,1,6
نكص,1,8:48,1,3
نكلم,1,19:29,1,4
نلعنهم,1,4:47,1,6
نمتعهم,1,31:24,1,6
نمد,1,17:20,1,3
نمدهم,1,23:55,1,5
نمله,1,27:18,1,4
نمن,1,28:5,1,3
ننبيكم,1,18:103,1,6
ننج,1,10:103,1,3
ننجيك,1,10:92,1,5
ننزله,1,15:21,1,5
ننساكم,1,45:34,1,6
ننساهم,1,7:51,1,6
ننسخ,1,2:106,1,4
ننسها,1,2:106,1,5
ننشزها,1,2:259,1,6
ننظر,1,27:41,1,4
ننكسه,1,36:68,1,5
ننهك,1,15:70,1,4
نهار,1,46:35,1,4
نهاكم,1,59:7,1,5
نهاكما,1,7:20,1,6
نهدي,1,42:52,1,4
نهرا,1,18:33,1,4
نوتها,1,33:31,1,5
نوتي,1,6:124,1,4
نوثرك,1,20:72,1,5
نوحيها,1,11:49,1,6
نوخره,1,11:104,1,5
نورث,1,19:63,1,4
نوركم,1,57:13,1,5
نورنا,1,66:8,1,5
نوف,1,11:15,1,3
نوله,1,4:115,1,4
نولي,1,6:129,1,4
نوم,1,2:255,1,3
نومكم,1,78:9,1,5
نيلا,1,9:120,1,4
هاتين,1,28:27,1,5
هاجر,1,59:9,1,4
هاجرن,1,33:50,1,5
هادي,1,7:186,1,4
هاديا,1,25:31,1,5
هار,1,9:109,1,3
هاروت,1,2:102,1,5
هالك,1,28:88,1,4
هامده,1,22:5,1,5
هاوم,1,69:19,1,4
هاويه,1,101:9,1,5
هجرا,1,73:10,1,4
هدا,1,19:90,1,3
هدان,1,6:80,1,4
هداها,1,32:13,1,5
هدنا,1,7:156,1,4
هديا,1,5:95,1,4
هديتنا,1,3:8,1,6
هديناه,1,76:3,1,6
هربا,1,72:12,1,4
هشيما,1,18:45,1,5
هضما,1,20:112,1,4
هضيم,1,26:148,1,4
هلوعا,1,70:19,1,5
هما,1,9:40,1,3
هماز,1,68:11,1,4
همزات,1,23:97,1,5
همزه,1,104:1,1,4
همسا,1,20:108,1,4
هواء,1,14:43,1,4
هون,1,16:59,1,3
هونا,1,25:63,1,4
هيت,1,12:23,1,3
هينا,1,24:15,1,4
هيه,1,101:10,1,3
وابا,1,80:31,1,4
واباريق,1,56:18,1,7
وابتغاوكم,1,30:23,1,9
وابتلوا,1,4:6,1,7
وابري,1,3:49,1,5
وابشروا,1,41:30,1,7
وابصارا,1,46:26,1,7
وابصاركم,1,6:46,1,8
وابصرهم,1,37:175,1,7
وابكارا,1,66:5,1,7
وابكي,1,53:43,1,5
وابلغكم,1,46:23,1,7
وابناءكم,1,3:61,1,8
وابناينا,1,2:246,1,8
وابنها,1,21:91,1,6
وابونا,1,28:23,1,6
وابي,1,20:56,1,4
وابيضت,1,12:84,1,6
وابيه,1,80:35,1,5
وات,1,17:26,1,3
واتاه,1,2:251,1,5
واتبعت,1,12:38,1,6
واتبعتهم,1,52:21,1,8
واتبعك,1,26:111,1,6
واتبعنا,1,3:53,1,7
واتبعناهم,1,28:42,1,9
واتبعون,1,43:61,1,7
واتبعوه,1,7:158,1,7
واتت,1,12:31,1,4
واتخذتموه,1,11:92,1,9
واترفناهم,1,23:33,1,9
واترك,1,44:24,1,5
واتق,1,33:37,1,4
واتقون,1,2:197,1,6
واتقين,1,33:55,1,6
واتمروا,1,65:6,1,7
واتممت,1,5:3,1,6
واتممناها,1,7:142,1,9
واتموا,1,2:196,1,6
واتنا,1,3:194,1,5
واتوهن,1,4:25,1,6
واتين,1,33:33,1,5
واتيناك,1,15:64,1,7
واتيناهما,1,37:117,1,9
واثابهم,1,48:18,1,7
واثارهم,1,36:12,1,7
واثاروا,1,30:9,1,7
واثر,1,79:38,1,4
واثقالا,1,29:13,1,7
واثقكم,1,5:7,1,6
واثل,1,34:16,1,4
واثمك,1,5:29,1,5
واثمهما,1,2:219,1,7
واجتبينا,1,19:58,1,8
واجتبيناهم,1,6:87,1,10
واجدر,1,9:97,1,5
واجعلني,1,26:85,1,7
واجعله,1,19:6,1,6
واجعلوا,1,10:87,1,7
واجفه,1,79:8,1,5
واجلب,1,17:64,1,5
واجمعوا,1,12:15,1,7
واجنبني,1,14:35,1,7
واحاط,1,72:28,1,5
واحاطت,1,2:81,1,6
واحباوه,1,5:18,1,7
واحذرهم,1,5:49,1,7
واحذروا,1,5:92,1,7
واحصروهم,1,9:5,1,8
واحصوا,1,65:1,1,6
واحصي,1,72:28,1,5
واحضرت,1,4:128,1,6
واحفظوا,1,5:89,1,7
واحلت,1,22:30,1,5
واحلل,1,20:27,1,5
واحلوا,1,14:28,1,6
واحيا,1,53:44,1,5
واحيط,1,18:42,1,5
واحيي,1,3:49,1,5
واحييتنا,1,40:11,1,8
واحيينا,1,50:11,1,7
واخاف,1,12:13,1,5
واخبتوا,1,11:23,1,7
واختار,1,7:155,1,6
واختلفوا,1,3:105,1,8
واخذت,1,11:94,1,5
واخذتم,1,3:81,1,6
واخذن,1,4:21,1,5
واخذناهم,1,43:48,1,8
واخذهم,1,4:161,1,6
واخذوا,1,34:51,1,6
واخراج,1,2:217,1,6
واخرت,1,82:5,1,5
واخرج,1,79:29,1,5
واخرجت,1,99:2,1,6
واخرجنا,1,36:33,1,7
واخرجني,1,17:80,1,7
واخرجوا,1,3:195,1,7
واخرجوكم,1,60:9,1,8
واخرجوهم,1,2:191,1,8
واخرنا,1,5:114,1,6
واخشوا,1,31:33,1,6
واخشوني,1,2:150,1,7
واخفي,1,20:7,1,5
واخلصوا,1,4:146,1,7
واخوان,1,50:13,1,6
واخوته,1,12:7,1,6
واخوك,1,20:42,1,5
واخوه,1,12:8,1,5
واداء,1,2:178,1,5
وادخلنا,1,7:151,1,7
وادخلناه,1,21:75,1,8
وادخلناهم,1,21:86,1,9
وادخلني,1,27:19,1,7
وادخلهم,1,40:8,1,7
وادخلي,1,89:30,1,6
وادريس,1,21:85,1,6
وادعو,1,19:48,1,5
وادكر,1,12:45,1,5
وادني,1,2:282,1,5
واديا,1,9:121,1,5
واذان,1,9:3,1,5
واذكرن,1,33:34,1,6
واذكروه,1,2:198,1,7
واذن,1,22:27,1,4
وارادوا,1,21:70,1,7
وارتابت,1,9:45,1,7
وارتبتم,1,57:14,1,7
وارتقبوا,1,11:93,1,8
وارجعوا,1,21:13,1,7
وارجلهن,1,60:12,1,7
وارجوا,1,29:36,1,6
وارحم,1,23:118,1,5
واردها,1,19:71,1,6
واردهم,1,12:19,1,6
واردون,1,21:98,1,6
وارزق,1,2:126,1,5
وارزقنا,1,5:114,1,7
وارزقهم,1,14:37,1,7
وارزقوهم,1,4:5,1,8
وارسلناك,1,4:79,1,8
وارسلناه,1,37:147,1,8
وارصادا,1,9:107,1,7
وارض,1,39:10,1,4
وارضا,1,33:27,1,5
وارعوا,1,20:54,1,6
واركعوا,1,2:43,1,7
واركعي,1,3:43,1,6
وارنا,1,2:128,1,5
واري,1,20:46,1,4
وازدادوا,1,18:25,1,8
وازدجر,1,54:9,1,6
وازلفنا,1,26:64,1,7
وازواج,1,3:15,1,6
وازواجه,1,33:6,1,7
وازينت,1,10:24,1,6
واسالهم,1,7:163,1,7
واسبغ,1,31:20,1,5
واستبقا,1,12:25,1,7
واستحيوا,1,40:25,1,8
واسترهبوهم,1,7:116,1,10
واستشهدوا,1,2:282,1,9
واستعمركم,1,11:61,1,9
واستعينوا,1,2:45,1,9
واستغشوا,1,71:7,1,8
واستغفره,1,110:3,1,8
واستغفروه,1,41:6,1,9
واستغفري,1,12:29,1,8
واستفتحوا,1,14:15,1,9
واستفزز,1,17:64,1,7
واستقم,1,42:15,1,6
واستكبرت,1,39:59,1,8
واستكبرتم,1,46:10,1,9
واستمتعتم,1,46:20,1,9
واستمع,1,50:41,1,6
واستوت,1,11:44,1,6
واستوي,1,28:14,1,6
واستيقنتها,1,27:14,1,10
واسجد,1,96:19,1,5
واسجدي,1,3:43,1,6
واسرافنا,1,3:147,1,8
واسراييل,1,19:58,1,8
واسرحكن,1,33:28,1,7
واسررت,1,71:9,1,6
واسروه,1,12:19,1,6
واسعا,1,4:130,1,5
واسقيناكم,1,77:27,1,9
واسلحتهم,1,4:102,1,8
واسلمت,1,27:44,1,6
واسلموا,1,39:54,1,7
واسلنا,1,34:12,1,6
واسيرا,1,76:8,1,6
واشتروا,1,3:187,1,7
واشتعل,1,19:4,1,6
واشدد,1,10:88,1,5
واشربي,1,19:26,1,6
واشرقت,1,39:69,1,6
واشرك,1,40:42,1,5
واشركه,1,20:32,1,6
واشعارها,1,16:80,1,8
واشفقن,1,33:72,1,6
واشهدهم,1,7:172,1,7
واصابه,1,2:266,1,6
واصب,1,37:9,1,4
واصبا,1,16:52,1,5
واصروا,1,71:7,1,6
واصطفاك,1,3:42,1,7
واصطنعتك,1,20:41,1,8
واصفاكم,1,43:16,1,7
واصفح,1,5:13,1,5
واصفحوا,1,2:109,1,7
واصلحا,1,4:16,1,6
واصلحنا,1,21:90,1,7
واصنع,1,11:37,1,5
واضربوا,1,8:12,1,7
واضربوهن,1,4:34,1,8
واضعف,1,19:75,1,5
واضله,1,45:23,1,5
واضلهم,1,20:85,1,6
واضلوا,1,5:77,1,6
واطراف,1,20:130,1,6
واطعن,1,33:33,1,5
واطغي,1,53:52,1,5
واطمانوا,1,10:7,1,8
واظهره,1,66:3,1,6
واعانه,1,25:4,1,6
واعبد,1,15:99,1,5
واعبدوه,1,29:17,1,7
واعتدت,1,12:31,1,6
واعتزلكم,1,19:48,1,8
واعدنا,1,2:51,1,6
واعدوا,1,8:60,1,6
واعز,1,18:34,1,4
واعطي,1,53:34,1,5
واعظم,1,73:20,1,5
واعف,1,2:286,1,4
واعمي,1,47:23,1,5
واعنابا,1,78:32,1,7
واعوذ,1,23:98,1,5
واعينهم,1,9:92,1,7
واعيه,1,69:12,1,5
واغضض,1,31:19,1,5
واغطش,1,79:29,1,5
واغلالا,1,76:4,1,7
وافعلوا,1,22:77,1,7
وافوض,1,40:44,1,5
وافيدتهم,1,14:43,1,8
وافيده,1,46:26,1,6
واقبلوا,1,12:71,1,7
واقرب,1,18:81,1,5
واقرضتم,1,5:12,1,7
واقسطوا,1,49:9,1,7
واقصد,1,31:19,1,5
واقعدوا,1,9:5,1,7
واقمن,1,33:33,1,5
واقني,1,53:48,1,5
واكبر,1,17:21,1,5
واكتب,1,7:156,1,5
واكدي,1,53:34,1,5
واكسوهم,1,4:5,1,7
واكفروا,1,3:72,1,7
واكيد,1,86:16,1,5
والاثم,1,7:33,1,6
والاحزاب,1,40:5,1,8
والاحسان,1,16:90,1,8
والاخر,1,57:3,1,6
والاخرين,1,56:49,1,8
والاذن,1,5:45,1,6
والاذي,1,2:264,1,6
والارحام,1,4:1,1,8
والازلام,1,5:90,1,8
والاشراق,1,38:18,1,8
والاصم,1,11:24,1,6
والاعناق,1,38:33,1,8
والاغلال,1,7:157,1,8
والاقدام,1,55:41,1,8
والاميين,1,3:20,1,8
والانصاب,1,5:90,1,8
والانف,1,5:45,1,6
والانفس,1,2:155,1,7
والاولين,1,77:38,1,8
والباد,1,22:25,1,6
والباطل,1,13:17,1,7
والباطن,1,57:3,1,7
والبدن,1,22:36,1,6
والبصر,1,17:36,1,6
والبغال,1,16:8,1,7
والبلد,1,7:58,1,6
والبنون,1,18:46,1,7
والبنين,1,3:14,1,7
والبيت,1,52:4,1,6
والترايب,1,86:7,1,8
والتفت,1,75:29,1,6
والتين,1,95:1,1,6
والثمرات,1,2:155,1,8
والجان,1,15:27,1,6
والجبله,1,26:184,1,7
والجراد,1,7:133,1,7
والجروح,1,5:45,1,7
والجسم,1,2:247,1,6
والجلود,1,22:20,1,7
والجوع,1,2:155,1,6
والحافظات,1,33:35,1,9
والحافظون,1,9:112,1,9
والحافظين,1,33:35,1,9
والحب,1,55:12,1,5
والحج,1,2:189,1,5
والحرث,1,3:14,1,6
والحرمات,1,2:194,1,8
والحق,1,38:84,1,5
والحمير,1,16:8,1,7
والحياه,1,67:2,1,7
والخاشعات,1,33:35,1,9
والخاشعين,1,33:35,1,9
والخبيثون,1,24:26,1,9
والخنازير,1,5:60,1,9
والخوف,1,16:112,1,6
والخير,1,21:35,1,6
والد,1,31:33,1,4
والدتك,1,5:110,1,6
والذاريات,1,51:1,1,9
والذاكرات,1,33:35,1,9
والذاكرين,1,33:35,1,9
والذكر,1,3:58,1,6
والراسخون,1,3:7,1,9
والربانيون,1,5:44,1,10
والرجز,1,74:5,1,6
والرقيم,1,18:9,1,7
والركب,1,8:42,1,6
والرهبان,1,9:34,1,8
والريحان,1,55:12,1,8
والزاني,1,24:2,1,7
والزانيه,1,24:3,1,8
والزرع,1,6:141,1,6
والزمهم,1,48:26,1,7
والسابحات,1,79:3,1,9
والسارق,1,5:38,1,7
والسارقه,1,5:38,1,8
والسايلين,1,2:177,1,9
والسحاب,1,2:164,1,7
والسراء,1,7:95,1,7
والسعه,1,24:22,1,6
والسقف,1,52:5,1,6
والسلاسل,1,40:71,1,8
والسميع,1,11:24,1,7
والسن,1,5:45,1,5
والسنتهم,1,60:2,1,8
والسوء,1,16:27,1,6
والسييات,1,7:168,1,8
والشجره,1,17:60,1,7
والشعراء,1,26:224,1,8
والشفع,1,89:3,1,6
والشمايل,1,16:48,1,8
والشهر,1,5:97,1,6
والصابرات,1,33:35,1,9
والصابيون,1,5:69,1,9
والصاحب,1,4:36,1,7
والصادقات,1,33:35,1,9
والصافات,1,37:1,1,8
والصايمات,1,33:35,1,9
والصايمين,1,33:35,1,9
والصديقين,1,4:69,1,9
والصلح,1,4:128,1,6
والصيف,1,106:2,1,6
والضحي,1,93:1,1,6
والضفادع,1,7:133,1,8
والضلال,1,34:8,1,7
والطارق,1,86:1,1,7
والطاغوت,1,4:51,1,8
والطور,1,52:1,1,6
والطيب,1,5:100,1,6
والطيبون,1,24:26,1,8
والظالمون,1,42:8,1,9
والظالمين,1,76:31,1,9
والظاهر,1,57:3,1,7
والعاديات,1,100:1,1,9
والعافين,1,3:134,1,8
والعاكفين,1,2:125,1,9
والعاملين,1,9:60,1,9
والعبد,1,2:178,1,6
والعذاب,1,2:175,1,7
والعزي,1,53:19,1,6
والعصر,1,103:1,1,6
والعصيان,1,49:7,1,8
والعمره,1,2:196,1,7
والعمل,1,35:10,1,6
والعنهم,1,33:68,1,7
والعير,1,12:82,1,6
والعين,1,5:45,1,6
والغارمين,1,9:60,1,9
والغاوون,1,26:94,1,8
والغنم,1,6:146,1,6
والغوا,1,41:26,1,6
والف,1,8:63,1,4
والفتح,1,110:1,1,6
والفجر,1,89:1,1,6
والفسوق,1,49:7,1,7
والفواد,1,17:36,1,7
والفيا,1,12:25,1,6
والقاسيه,1,22:53,1,8
والقانتات,1,33:35,1,9
والقايلين,1,33:18,1,9
والقايمين,1,22:26,1,9
والقت,1,84:4,1,5
والقلايد,1,5:97,1,8
والقلم,1,68:1,1,6
والقمل,1,7:133,1,6
والقناطير,1,3:14,1,9
والقواعد,1,24:60,1,8
والقوه,1,12:10,1,6
والقيت,1,20:39,1,6
والكاظمين,1,3:134,1,9
والكافرين,1,4:140,1,9
واللذان,1,4:16,1,7
والمترديه,1,5:3,1,9
والمتصدقات,1,33:35,1,10
والمتصدقين,1,33:35,1,10
والمجاهدون,1,4:95,1,10
والمجوس,1,22:17,1,7
والمرجفون,1,33:60,1,9
والمرسلات,1,77:1,1,9
والمروه,1,2:158,1,7
والمستغفرين,1,3:17,1,11
والمسكنه,1,2:61,1,8
والمسلمات,1,33:35,1,9
والمسيح,1,9:31,1,7
والمصدقات,1,57:18,1,9
والمطلقات,1,2:228,1,9
والمطلوب,1,22:73,1,8
والمعتر,1,22:36,1,7
والمغارب,1,70:40,1,8
والمغفره,1,2:221,1,8
والمقيمي,1,22:35,1,8
والمقيمين,1,4:162,1,9
والمكذبين,1,73:11,1,9
والمنخنقه,1,5:3,1,9
والمنفقين,1,3:17,1,9
والموتفكه,1,53:53,1,9
والموتون,1,4:162,1,8
والموتي,1,6:36,1,7
والموعظه,1,16:125,1,8
والموفون,1,2:177,1,8
والموقوذه,1,5:3,1,9
والمولفه,1,9:60,1,8
والمومنين,1,33:35,1,9
والنا,1,34:10,1,5
والنار,1,47:12,1,6
والنازعات,1,79:1,1,9
والناشرات,1,77:3,1,9
والناشطات,1,79:2,1,9
والناهون,1,9:112,1,8
والنبي,1,5:81,1,6
والنبيون,1,3:84,1,8
والنخيل,1,16:11,1,7
والنذر,1,10:101,1,6
والنسل,1,2:205,1,6
والنطيحه,1,5:3,1,8
والنوم,1,25:47,1,6
والنوي,1,6:95,1,6
والهتك,1,7:127,1,6
والهنا,1,29:46,1,6
والو,1,72:16,1,4
والوالدات,1,2:233,1,9
والوانكم,1,30:22,1,8
والوتر,1,89:3,1,6
والوزن,1,7:8,1,6
والياس,1,6:85,1,6
وامايكم,1,24:32,1,7
وامتازوا,1,36:59,1,8
وامتعتكم,1,4:102,1,8
وامددناكم,1,17:6,1,9
وامددناهم,1,52:22,1,9
وامرات,1,66:10,1,6
وامراتان,1,2:282,1,8
وامراتي,1,3:40,1,7
وامراه,1,33:50,1,6
وامرنا,1,6:71,1,6
وامره,1,2:275,1,5
وامرهم,1,42:38,1,6
وامروا,1,22:41,1,6
وامسحوا,1,5:6,1,7
وامضوا,1,15:65,1,6
وامم,1,11:48,1,4
وامنا,1,2:125,1,5
وامنهم,1,106:4,1,6
وامهات,1,4:23,1,6
وامهاتكم,1,4:23,1,8
وامواتا,1,77:26,1,7
واموال,1,9:24,1,6
واموالا,1,10:88,1,7
وامي,1,5:116,1,4
واميت,1,2:258,1,5
واناب,1,38:24,1,5
وانابوا,1,39:17,1,7
واناثا,1,42:50,1,6
واناسي,1,25:49,1,6
وانبتت,1,22:5,1,6
وانبتها,1,3:37,1,7
وانبيكم,1,3:49,1,7
وانتصروا,1,26:227,1,8
وانتظر,1,32:30,1,6
وانتظروا,1,11:122,1,8
وانثي,1,49:13,1,5
وانحر,1,108:2,1,5
وانشق,1,54:1,1,5
وانشقت,1,69:16,1,6
وانصتوا,1,7:204,1,7
وانصح,1,7:62,1,5
وانصروا,1,21:68,1,7
وانطلق,1,38:6,1,6
وانظرنا,1,4:46,1,7
وانظروا,1,7:86,1,7
وانعمت,1,33:37,1,6
وانفسنا,1,3:61,1,7
وانقلبوا,1,7:119,1,8
وانكحوا,1,24:32,1,7
واننا,1,11:62,1,5
وانني,1,6:19,1,5
وانهما,1,15:79,1,6
وانيبوا,1,39:54,1,7
واهجرني,1,19:46,1,7
واهجرهم,1,73:10,1,7
واهجروهن,1,4:34,1,8
واهدنا,1,38:22,1,6
واهديك,1,79:19,1,6
واهش,1,20:18,1,4
واهل,1,74:56,1,4
واهلكنا,1,21:9,1,7
واهلنا,1,12:88,1,6
واهلونا,1,48:11,1,7
واهلي,1,26:169,1,5
واهليكم,1,66:6,1,7
واهيه,1,69:16,1,5
واوبارها,1,16:80,1,8
واوتيت,1,27:23,1,6
واوجس,1,11:70,1,5
واورثكم,1,33:27,1,7
واوصاني,1,19:31,1,7
واولات,1,65:4,1,6
واولادهم,1,9:85,1,8
واولي,1,4:59,1,5
واوليكم,1,4:91,1,7
واويناهما,1,23:50,1,9
واياك,1,1:5,1,5
واياما,1,34:18,1,6
واياهم,1,6:151,1,6
وايدكم,1,8:26,1,6
وايده,1,9:40,1,5
وايدهم,1,58:22,1,6
وايدي,1,59:2,1,5
وايديهم,1,24:24,1,7
وايمانهم,1,3:77,1,8
وبارك,1,41:10,1,5
وباركنا,1,37:113,1,7
وبالاخره,1,2:4,1,8
وبالاسحار,1,51:18,1,9
وبالذي,1,3:183,1,6
وبالرسول,1,24:47,1,8
وبالزبر,1,35:25,1,7
وبالكتاب,1,35:25,1,8
وبالليل,1,37:138,1,7
وبالمومنين,1,8:62,1,10
وبالنجم,1,16:16,1,7
وباليوم,1,2:8,1,7
وبدارا,1,4:6,1,6
وبداره,1,28:81,1,6
وبدلناهم,1,34:16,1,8
وبذلك,1,6:163,1,5
وبذي,1,4:36,1,4
وبرحمته,1,10:58,1,7
وبرسوله,1,9:54,1,7
وبرسولي,1,5:111,1,7
وبرق,1,2:19,1,4
وبركات,1,11:48,1,6
وبركاته,1,11:73,1,7
وبست,1,56:5,1,4
وبسر,1,74:22,1,4
وبشرناه,1,37:112,1,7
وبشروه,1,51:28,1,6
وبصدهم,1,4:160,1,6
وبصلها,1,2:61,1,6
وبطل,1,7:118,1,4
وبعثنا,1,5:12,1,6
وبعهد,1,6:152,1,5
وبعولتهن,1,2:228,1,8
وبقيه,1,2:248,1,5
وبكفرهم,1,4:156,1,7
وبكلامي,1,7:144,1,7
وبكم,1,6:39,1,4
وبكما,1,17:97,1,5
وبكيا,1,19:58,1,5
وبلغ,1,46:15,1,4
وبلغت,1,33:10,1,5
وبلغنا,1,6:128,1,6
وبلوناهم,1,7:168,1,8
وبمن,1,27:47,1,4
وبناتك,1,33:59,1,6
وبناتكم,1,4:23,1,7
وبنعمت,1,16:72,1,6
وبنعمه,1,29:67,1,6
وبني,1,14:35,1,4
وبنينا,1,78:12,1,6
وبنيه,1,80:36,1,5
وبواكم,1,7:74,1,6
وبير,1,22:45,1,4
وبيع,1,22:40,1,4
وبيلا,1,73:16,1,5
وبينات,1,2:185,1,6
وبينهما,1,7:46,1,7
وبينوا,1,2:160,1,6
وتاب,1,58:13,1,4
وتابي,1,9:8,1,5
وتاتون,1,29:29,1,6
وتاسرون,1,33:26,1,7
وتاكلون,1,89:19,1,7
وتالله,1,21:57,1,6
وتبارك,1,43:85,1,6
وتبتل,1,73:8,1,5
وتبري,1,5:110,1,5
وتبغونها,1,7:86,1,8
وتبين,1,14:45,1,5
وتتخذون,1,26:129,1,7
وتتلقاهم,1,21:103,1,8
وتثبيتا,1,2:265,1,7
وتجاره,1,9:24,1,6
وتجاهدون,1,61:11,1,8
وتحبون,1,89:20,1,6
وتحرير,1,4:92,1,6
وتحسبهم,1,18:18,1,7
وتحسبونه,1,24:15,1,8
وتحشرون,1,3:12,1,7
وتحمل,1,16:7,1,5
وتحيتهم,1,10:10,1,7
وتخر,1,19:90,1,4
وتخرجون,1,2:85,1,7
وتخشي,1,33:37,1,5
وتخفون,1,6:91,1,6
وتخفي,1,33:37,1,5
وتخلت,1,84:4,1,5
وتخلقون,1,29:17,1,7
وتخونوا,1,8:27,1,7
وتدعوا,1,47:35,1,6
وتدعونني,1,40:41,1,8
وتدلوا,1,2:188,1,6
وتذكيري,1,10:71,1,7
وتذل,1,3:26,1,4
وتذهب,1,8:46,1,5
وتذوقوا,1,16:94,1,7
وتربصتم,1,57:14,1,7
وترجون,1,4:104,1,6
وترحمنا,1,7:23,1,7
وترحمني,1,11:47,1,7
وترزق,1,3:27,1,5
وترغبون,1,4:127,1,7
وتركتم,1,6:94,1,6
وتركهم,1,2:17,1,6
وتركوك,1,62:11,1,6
وترهقهم,1,10:27,1,7
وتزكيهم,1,9:103,1,7
وتزودوا,1,2:197,1,7
وتسبحوه,1,48:9,1,7
وتسبيحه,1,24:41,1,7
وتستخرجوا,1,16:14,1,9
وتستخرجون,1,35:12,1,9
وتسعون,1,38:23,1,6
وتسلموا,1,24:27,1,7
وتسليما,1,33:22,1,7
وتسود,1,3:106,1,5
وتسير,1,52:10,1,5
وتشاور,1,2:233,1,6
وتشتكي,1,58:1,1,6
وتشهد,1,36:65,1,5
وتصدق,1,12:88,1,5
وتصدون,1,7:86,1,6
وتصديه,1,8:35,1,6
وتصف,1,16:62,1,4
وتصفحوا,1,64:14,1,7
وتصلحوا,1,2:224,1,7
وتصليه,1,56:94,1,6
وتضحكون,1,53:60,1,7
وتضع,1,22:2,1,4
وتعاونوا,1,5:2,1,8
وتعز,1,3:26,1,4
وتعزروه,1,48:9,1,7
وتعلم,1,9:43,1,5
وتعمل,1,33:31,1,5
وتعيها,1,69:12,1,6
وتغشي,1,14:50,1,5
وتغفروا,1,64:14,1,7
وتفاخر,1,57:20,1,6
وتفريقا,1,9:107,1,7
وتفقد,1,27:20,1,5
وتقبل,1,14:40,1,5
وتقسطوا,1,60:8,1,7
وتقطعت,1,2:166,1,6
وتقطعون,1,29:29,1,7
وتقلبك,1,26:219,1,6
وتقواها,1,91:8,1,7
وتقول,1,50:30,1,5
وتقولوا,1,43:13,1,7
وتقولون,1,24:15,1,7
وتكاثر,1,57:20,1,6
وتكتموا,1,2:42,1,7
وتكتمون,1,3:71,1,7
وتكفرون,1,2:85,1,7
وتكلمنا,1,36:65,1,7
وتلذ,1,43:71,1,4
وتله,1,37:103,1,4
وتماثيل,1,34:13,1,7
وتمتعوا,1,77:46,1,7
وتناجوا,1,58:9,1,7
وتنازعتم,1,3:152,1,8
وتنزع,1,3:26,1,5
وتنشق,1,19:90,1,5
وتنهون,1,3:110,1,6
وتهدي,1,7:155,1,5
وتوبوا,1,24:31,1,6
وتوتوها,1,2:271,1,7
وتودون,1,8:7,1,6
وتوفي,1,16:111,1,5
وتوفيقا,1,4:62,1,7
وتوقروه,1,48:9,1,7
وتول,1,37:178,1,4
وتولج,1,3:27,1,5
وتووي,1,33:51,1,5
وثاقه,1,89:26,1,5
وثامنهم,1,18:22,1,7
وثقالا,1,9:41,1,6
وثلثه,1,73:20,1,5
وثله,1,56:40,1,4
وثمانيه,1,69:7,1,7
وثيابك,1,74:4,1,6
وجاءته,1,11:74,1,6
وجاءك,1,11:120,1,5
وجاءكم,1,35:37,1,6
وجاءه,1,11:78,1,5
وجادلهم,1,16:125,1,7
وجادلوا,1,40:5,1,7
وجاعل,1,3:55,1,5
وجاعلوه,1,28:7,1,7
وجاهد,1,9:19,1,5
وجاهدهم,1,25:52,1,7
وجبت,1,22:36,1,4
وجحدوا,1,27:14,1,6
وجحيما,1,73:12,1,6
وجدت,1,27:23,1,4
وجدتها,1,27:24,1,6
وجدكم,1,65:6,1,5
وجدناه,1,38:44,1,6
وجدوا,1,12:65,1,5
وجرين,1,10:22,1,5
وجزاء,1,42:40,1,5
وجزاهم,1,76:12,1,6
وجعلت,1,74:12,1,5
وجعلكم,1,5:20,1,6
وجعلها,1,43:28,1,6
وجفان,1,34:13,1,5
وجله,1,23:60,1,4
وجلودهم,1,41:20,1,7
وجلون,1,15:52,1,5
وجنت,1,56:89,1,4
وجنوبهم,1,9:35,1,7
وجنود,1,26:95,1,5
وجنودا,1,33:9,1,6
وجني,1,55:54,1,4
وجهاد,1,9:24,1,5
وجهت,1,6:79,1,4
وجهرا,1,16:75,1,5
وجهركم,1,6:3,1,6
وجوها,1,4:47,1,5
وجيتك,1,27:22,1,5
وجيتكم,1,3:50,1,6
وحاجه,1,6:80,1,5
وحال,1,11:43,1,4
وحب,1,50:9,1,3
وحبط,1,11:16,1,4
وحبل,1,3:112,1,4
وحجرا,1,25:53,1,5
وحدايق,1,80:30,1,6
وحرام,1,21:95,1,5
وحرث,1,6:138,1,4
وحرض,1,4:84,1,4
وحرمنا,1,28:12,1,6
وحرموا,1,6:140,1,6
وحريرا,1,76:12,1,6
وحزنا,1,28:8,1,5
وحزني,1,12:86,1,5
وحسبوا,1,5:71,1,6
وحسنت,1,18:31,1,5
وحشر,1,27:17,1,4
وحشرنا,1,6:111,1,6
وحشرناهم,1,18:47,1,8
وحصل,1,100:10,1,4
وحصورا,1,3:39,1,6
وحصيد,1,11:100,1,5
وحفده,1,16:72,1,5
وحفظناها,1,15:17,1,8
وحففناهما,1,18:32,1,9
وحق,1,41:25,1,3
وحكما,1,4:35,1,5
وحكمه,1,3:81,1,5
وحلالا,1,10:59,1,6
وحلايل,1,4:23,1,6
وحلوا,1,76:21,1,5
وحمر,1,35:27,1,4
وحملت,1,69:14,1,5
وحملناه,1,54:13,1,7
وحملناهم,1,17:70,1,8
وحمله,1,46:15,1,5
وحملها,1,33:72,1,6
وحميم,1,56:42,1,5
وحنانا,1,19:13,1,6
وحور,1,56:22,1,4
وحي,1,53:4,1,3
وحيا,1,42:51,1,4
وحيدا,1,74:11,1,5
وحيل,1,34:54,1,4
وحيه,1,20:114,1,4
وخاب,1,14:15,1,4
وخاتم,1,33:40,1,5
وخاف,1,14:14,1,4
وخافون,1,3:175,1,6
وخالاتكم,1,4:23,1,8
وخذ,1,38:44,1,3
وخذوا,1,4:102,1,5
وخذوهم,1,9:5,1,6
وخرقوا,1,6:100,1,6
وخروا,1,12:100,1,5
وخسف,1,75:8,1,4
وخشعت,1,20:108,1,5
وخشي,1,36:11,1,4
وخضتم,1,9:69,1,5
وخلقنا,1,36:42,1,6
وخلقناكم,1,78:8,1,8
وخلقهم,1,6:100,1,6
وخيفه,1,7:205,1,5
وداعيا,1,33:46,1,6
ودانيه,1,76:14,1,6
وداوود,1,21:78,1,6
ودت,1,3:69,1,3
ودرسوا,1,7:169,1,6
ودسر,1,54:13,1,4
ودع,1,33:48,1,3
ودعك,1,93:3,1,4
ودم,1,16:66,1,3
ودمرنا,1,7:137,1,6
ودود,1,11:90,1,4
ودون,1,7:205,1,4
وديارهم,1,33:27,1,7
وديه,1,4:92,1,4
وذات,1,18:18,1,4
وذر,1,6:70,1,3
وذرني,1,73:11,1,5
وذرياتنا,1,25:74,1,8
وذريته,1,18:50,1,6
وذريتها,1,3:36,1,7
وذريه,1,13:38,1,5
وذكرا,1,21:48,1,5
وذكرهم,1,14:5,1,6
وذكروا,1,26:227,1,6
وذلكم,1,41:23,1,5
وذللت,1,76:14,1,5
وذللناها,1,36:72,1,8
وذله,1,7:152,1,4
وذو,1,41:43,1,3
وذي,1,2:83,1,3
وراءه,1,2:91,1,5
ورابطوا,1,3:200,1,7
وراعنا,1,4:46,1,6
ورافعك,1,3:55,1,6
وراودته,1,12:23,1,7
وراي,1,18:53,1,4
ورايت,1,110:2,1,5
ورايتهم,1,63:5,1,7
ورايكم,1,4:102,1,6
ورايي,1,19:5,1,5
وربايبكم,1,4:23,1,8
وربطنا,1,18:14,1,6
ورتل,1,73:4,1,4
ورتلناه,1,25:32,1,7
ورثه,1,26:85,1,4
ورثوا,1,7:169,1,5
ورجلا,1,39:29,1,5
ورجلك,1,17:64,1,5
ورحمت,1,43:32,1,5
ورحمتي,1,7:156,1,6
وردا,1,19:86,1,4
ورده,1,55:37,1,4
وردوا,1,10:30,1,5
وردوها,1,21:99,1,6
ورزقا,1,16:67,1,5
ورزقني,1,11:88,1,6
ورسالاته,1,72:23,1,8
ورسلنا,1,43:80,1,6
ورسول,1,43:29,1,5
ورسولا,1,3:49,1,6
ورضي,1,20:109,1,4
ورضيت,1,5:3,1,5
ورعد,1,2:19,1,4
ورفعناه,1,19:57,1,7
ورقه,1,6:59,1,4
ورماحكم,1,5:94,1,7
ورمان,1,55:68,1,5
ورهبا,1,21:90,1,5
ورهبانا,1,5:82,1,7
ورهبانهم,1,9:31,1,8
ورهبانيه,1,57:27,1,8
ورواحها,1,34:12,1,7
وروح,1,4:171,1,4
ورياء,1,8:47,1,5
وريحان,1,56:89,1,6
وريشا,1,7:26,1,5
ورييا,1,19:74,1,5
وزادكم,1,7:69,1,6
وزاده,1,2:247,1,5
وزادهم,1,25:60,1,6
وزخرفا,1,43:35,1,6
وزدناهم,1,18:13,1,7
وزرا,1,20:100,1,4
وزرابي,1,88:16,1,6
وزرع,1,13:4,1,4
وزرك,1,94:2,1,4
وزفيرا,1,25:12,1,6
وزكاه,1,19:13,1,5
وزلفا,1,11:114,1,5
وزنا,1,18:105,1,4
وزنوهم,1,83:3,1,6
وزهق,1,17:81,1,4
وزوجه,1,2:102,1,5
وزياده,1,10:26,1,6
وزيتونا,1,80:29,1,7
وزينا,1,41:12,1,5
وسار,1,28:29,1,4
وسارب,1,13:10,1,5
وسارعوا,1,3:133,1,7
وسبحه,1,76:26,1,5
وسبحوا,1,32:15,1,6
وسبحوه,1,33:42,1,6
وسبعه,1,2:196,1,5
وسبلا,1,16:15,1,5
وستردون,1,9:105,1,7
وسخرنا,1,21:79,1,6
وسرابيل,1,16:81,1,7
وسراجا,1,33:46,1,6
وسرحوهن,1,33:49,1,7
وسررا,1,43:34,1,5
وسرورا,1,76:11,1,6
وسطا,1,2:143,1,4
وسعه,1,4:100,1,4
وسعيد,1,11:105,1,5
وسعيرا,1,76:4,1,6
وسفرا,1,9:42,1,5
وسق,1,84:17,1,3
وسقاهم,1,76:21,1,6
وسقوا,1,47:15,1,5
وسقياها,1,91:13,1,7
وسكنتم,1,14:45,1,6
وسلك,1,20:53,1,4
وسلموا,1,33:56,1,6
وسمعنا,1,32:12,1,6
وسمعهم,1,16:108,1,6
وسنجزي,1,3:145,1,6
وسنزيد,1,2:58,1,6
وسنقول,1,18:88,1,6
وسواء,1,36:10,1,5
وسيجزي,1,3:144,1,6
وسيجنبها,1,92:17,1,8
وسيحبط,1,47:32,1,6
وسيحلفون,1,9:42,1,8
وسيدا,1,3:39,1,5
وسيرت,1,78:20,1,5
وسيري,1,9:94,1,5
وسيصلون,1,4:10,1,7
وشاركهم,1,17:64,1,7
وشاقوا,1,47:32,1,6
وشاهد,1,85:3,1,5
وشاورهم,1,3:159,1,7
وشجره,1,23:20,1,5
وشرابك,1,2:259,1,6
وشركاءكم,1,10:71,1,8
وشركاوكم,1,10:28,1,8
وشروه,1,12:20,1,5
وشفتين,1,90:9,1,6
وشقاق,1,38:2,1,5
وشمال,1,34:15,1,5
وشهبا,1,72:8,1,5
وشهيد,1,50:21,1,5
وشهيق,1,11:106,1,5
وشيء,1,34:16,1,4
وشيبه,1,30:54,1,5
وصابروا,1,3:200,1,7
وصاحبهما,1,31:15,1,8
وصالح,1,66:4,1,5
وصبروا,1,16:110,1,6
وصبغ,1,23:20,1,4
وصدف,1,6:157,1,4
وصدقت,1,66:12,1,5
وصدها,1,27:43,1,5
وصدوكم,1,48:25,1,6
وصفهم,1,6:139,1,5
وصل,1,9:103,1,3
وصلنا,1,28:51,1,5
وصما,1,17:97,1,4
وصهرا,1,25:54,1,5
وصي,1,42:13,1,3
وصيله,1,5:103,1,5
وضايق,1,11:12,1,5
وضحاها,1,91:1,1,6
وضربنا,1,14:45,1,6
وضع,1,3:96,1,3
وضعت,1,3:36,1,4
وضعف,1,17:75,1,4
وضعها,1,55:10,1,5
وضلوا,1,5:77,1,5
وضياء,1,21:48,1,5
وطعام,1,5:5,1,5
وطعاما,1,73:13,1,6
وطعامكم,1,5:5,1,7
وطعامه,1,5:96,1,6
وطعنا,1,4:46,1,5
وطعنوا,1,9:12,1,6
وطلح,1,56:29,1,4
وطهر,1,22:26,1,4
وطهرك,1,3:42,1,5
وطور,1,95:2,1,4
وطيا,1,73:6,1,4
وظالم,1,37:113,1,5
وظاهره,1,57:13,1,6
وظاهروا,1,60:9,1,7
وظلالهم,1,13:15,1,7
وظلما,1,4:30,1,5
وظلها,1,13:35,1,5
وظننتم,1,48:12,1,6
وظهر,1,9:48,1,4
وظهورهم,1,9:35,1,7
وعاشروهن,1,4:19,1,8
وعباد,1,25:63,1,5
وعبد,1,5:60,1,4
وعبقري,1,55:76,1,6
وعجبوا,1,38:4,1,6
وعجلت,1,20:84,1,5
وعدتنا,1,3:194,1,6
وعدتهم,1,40:8,1,6
وعدده,1,104:2,1,5
وعدسها,1,2:61,1,6
وعدك,1,11:45,1,4
وعدلا,1,6:115,1,5
وعدناه,1,28:61,1,6
وعدناهم,1,43:42,1,7
وعدو,1,20:39,1,4
وعدوا,1,10:90,1,5
وعدوه,1,9:77,1,5
وعذابا,1,73:13,1,6
وعذب,1,9:26,1,4
وعذبناها,1,65:8,1,8
وعربي,1,41:44,1,5
وعرضنا,1,18:100,1,6
وعرضوا,1,18:48,1,6
وعزرتموهم,1,5:12,1,9
وعزروه,1,7:157,1,6
وعزني,1,38:23,1,5
وعشرا,1,2:234,1,5
وعشيرتكم,1,9:24,1,8
وعصيتم,1,3:152,1,6
وعظهم,1,4:63,1,5
وعفا,1,2:187,1,4
وعقبي,1,13:35,1,5
وعلامات,1,16:16,1,7
وعلمتم,1,6:91,1,6
وعلمتني,1,12:101,1,7
وعلمك,1,4:113,1,5
وعلمه,1,2:251,1,5
وعلوا,1,27:14,1,5
وعليكم,1,24:54,1,6
وعلينا,1,13:40,1,6
وعليهم,1,42:16,1,6
وعماتكم,1,4:23,1,7
وعماره,1,9:19,1,6
وعمروها,1,30:9,1,7
وعمله,1,66:11,1,5
وعميانا,1,25:73,1,7
وعنب,1,17:91,1,4
وعنبا,1,80:28,1,5
وعنت,1,20:111,1,4
وعندنا,1,50:4,1,6
وعهدنا,1,2:125,1,6
وغدوا,1,68:25,1,5
وغرابيب,1,35:27,1,7
وغركم,1,57:14,1,5
وغرهم,1,3:24,1,5
وغساق,1,38:57,1,5
وغساقا,1,78:25,1,6
وغفر,1,42:43,1,4
وغلقت,1,12:23,1,5
وغواص,1,38:37,1,5
وغيض,1,11:44,1,4
وفاقا,1,78:26,1,5
وفتح,1,61:13,1,4
وفتناك,1,20:40,1,6
وفدا,1,19:85,1,4
وفديناه,1,37:107,1,7
وفرادي,1,34:46,1,6
وفرش,1,56:34,1,4
وفرشا,1,6:142,1,5
وفرضناها,1,24:1,1,8
وفرعها,1,14:24,1,6
وفريق,1,42:7,1,5
وفساد,1,8:73,1,5
وفصل,1,38:20,1,4
وفصيلته,1,70:13,1,7
وفضلا,1,2:268,1,5
وفعلت,1,26:19,1,5
وفواكه,1,77:42,1,6
وفوق,1,12:76,1,4
وفومها,1,2:61,1,6
وفيه,1,12:49,1,4
وقابل,1,40:3,1,5
وقاتل,1,57:10,1,5
وقارا,1,71:13,1,5
وقاسمهما,1,7:21,1,8
وقالا,1,27:15,1,5
وقايما,1,39:9,1,6
وقب,1,113:3,1,3
وقبايل,1,49:13,1,6
وقبيله,1,7:27,1,6
وقتل,1,2:251,1,4
وقتلت,1,20:40,1,5
وقثايها,1,2:61,1,7
وقدت,1,12:25,1,4
وقدرنا,1,34:18,1,6
وقدره,1,10:5,1,5
وقدمنا,1,25:23,1,6
وقدموا,1,2:223,1,6
وقدور,1,34:13,1,5
وقرانا,1,17:106,1,6
وقرانه,1,75:17,1,6
وقربناه,1,19:52,1,7
وقرن,1,33:33,1,4
وقرونا,1,25:38,1,6
وقري,1,19:26,1,4
وقص,1,28:25,1,3
وقصر,1,22:45,1,4
وقضبا,1,80:28,1,5
وقطعن,1,12:31,1,5
وقطعنا,1,7:72,1,6
وقعد,1,9:90,1,4
وقعدوا,1,3:168,1,6
وقفوهم,1,37:24,1,6
وقلبوا,1,9:48,1,6
وقلوبهن,1,33:53,1,7
وقمرا,1,25:61,1,5
وقود,1,3:10,1,4
وقول,1,47:21,1,4
وقومك,1,6:74,1,5
وقومها,1,27:24,1,6
وقومهم,1,27:51,1,6
وقوموا,1,2:238,1,6
وقياما,1,25:64,1,6
وقيضنا,1,41:25,1,6
وقيله,1,43:88,1,5
وكادوا,1,7:150,1,6
وكاس,1,56:18,1,4
وكاسا,1,78:34,1,5
وكبراءنا,1,33:67,1,8
وكبره,1,17:111,1,5
وكبير,1,54:53,1,5
وكذبتم,1,6:57,1,6
وكره,1,49:7,1,4
وكسوتهن,1,2:233,1,7
وكشفت,1,27:44,1,5
وكشفنا,1,23:75,1,6
وكف,1,48:20,1,3
وكفرت,1,61:14,1,5
وكفرتم,1,46:10,1,6
وكفرنا,1,40:84,1,6
وكفرهم,1,4:155,1,6
وكفلها,1,3:37,1,6
وكلبهم,1,18:18,1,6
وكلم,1,4:164,1,4
وكلما,1,11:38,1,5
وكلماته,1,7:158,1,7
وكلمته,1,4:171,1,6
وكلمهم,1,6:111,1,6
وكلنا,1,6:89,1,5
وكلهم,1,19:95,1,5
وكنوز,1,26:58,1,5
وكواعب,1,78:33,1,6
وكونوا,1,9:119,1,6
ولابويه,1,4:11,1,7
ولابين,1,43:63,1,6
ولات,1,38:3,1,4
ولاتم,1,2:150,1,5
ولاحل,1,3:50,1,5
ولاخواننا,1,59:10,1,9
ولاخي,1,7:151,1,5
ولادخلناهم,1,5:65,1,10
ولادخلنكم,1,5:12,1,9
ولادخلنهم,1,3:195,1,9
ولاضلنهم,1,4:119,1,8
ولاغوينهم,1,15:39,1,9
ولامنينهم,1,4:119,1,9
ولامه,1,2:221,1,5
ولاهم,1,2:142,1,5
ولاوضعوا,1,9:47,1,8
ولايتهم,1,8:72,1,7
ولباس,1,7:26,1,5
ولبثت,1,26:18,1,5
ولبثوا,1,18:25,1,6
ولبيوتهم,1,43:34,1,8
ولتات,1,4:102,1,5
ولتتقوا,1,7:63,1,7
ولتجدن,1,5:82,1,6
ولتجدنهم,1,2:96,1,8
ولتجري,1,30:46,1,6
ولتجزي,1,45:22,1,6
ولتسالن,1,16:93,1,7
ولتستبين,1,6:55,1,8
ولتسمعن,1,3:186,1,7
ولتصغي,1,6:113,1,6
ولتصنع,1,20:39,1,6
ولتعرفنهم,1,47:30,1,9
ولتعلم,1,28:13,1,6
ولتعلموا,1,17:12,1,8
ولتعلن,1,17:4,1,6
ولتكبروا,1,2:185,1,8
ولتكملوا,1,2:185,1,8
ولتكن,1,3:104,1,5
ولتكون,1,48:20,1,6
ولتكونن,1,39:65,1,7
ولتنازعتم,1,8:43,1,9
ولتنذر,1,6:92,1,6
ولتنصرنه,1,3:81,1,8
ولتنظر,1,59:18,1,6
ولدت,1,19:33,1,4
ولدنهم,1,58:2,1,6
ولده,1,31:33,1,4
ولذكر,1,29:45,1,5
ولذلك,1,11:119,1,5
ولربك,1,74:7,1,5
ولرسوله,1,63:8,1,7
ولزوجك,1,20:117,1,6
ولسانا,1,90:9,1,6
ولستم,1,2:267,1,5
ولعب,1,29:64,1,4
ولعبد,1,2:221,1,5
ولعلا,1,23:91,1,5
ولعنه,1,4:93,1,5
ولعنوا,1,5:64,1,6
ولقاهم,1,76:11,1,6
ولقومك,1,43:44,1,6
ولك,1,28:9,1,3
ولكنه,1,7:176,1,5
ولكنهم,1,9:56,1,6
وللارض,1,41:11,1,6
وللبسنا,1,6:9,1,7
وللدار,1,6:32,1,6
وللذين,1,67:6,1,6
وللرجال,1,2:228,1,7
وللسياره,1,5:96,1,8
وللمطلقات,1,2:241,1,9
ولمليت,1,18:18,1,6
ولنا,1,2:139,1,4
ولنبينه,1,6:105,1,7
ولنجزين,1,16:96,1,7
ولنجعلك,1,2:259,1,7
ولنجعله,1,19:21,1,7
ولنحمل,1,29:12,1,6
ولنخرجنهم,1,27:37,1,9
ولنرسلن,1,7:134,1,7
ولنسالن,1,7:6,1,7
ولنسكننكم,1,14:14,1,9
ولنصبرن,1,14:12,1,7
ولنعلمه,1,12:21,1,7
ولنعم,1,16:30,1,5
ولنكونن,1,9:75,1,7
ولهديناهم,1,4:68,1,9
ولهوا,1,6:70,1,5
ولوالديك,1,31:14,1,8
ولوموا,1,14:22,1,6
ولياتينهم,1,29:53,1,9
وليال,1,89:2,1,5
وليبتلي,1,3:154,1,7
وليبدلنهم,1,24:55,1,9
وليبكوا,1,9:82,1,7
وليبلي,1,8:17,1,6
وليبينن,1,16:92,1,7
وليتبروا,1,17:7,1,8
وليتذكر,1,38:29,1,7
وليتلطف,1,18:19,1,7
وليتمتعوا,1,29:66,1,9
وليجدوا,1,9:123,1,7
وليجه,1,9:16,1,5
وليحكم,1,5:47,1,6
وليحلفن,1,9:107,1,7
وليحملن,1,29:13,1,7
وليخزي,1,59:5,1,6
وليخش,1,4:9,1,5
وليدا,1,26:18,1,5
وليدخلوا,1,17:7,1,8
وليدع,1,40:26,1,5
وليذكر,1,14:52,1,6
وليذيقكم,1,30:46,1,8
وليربط,1,8:11,1,6
وليرضوه,1,6:113,1,7
وليسالن,1,29:13,1,7
وليسالوا,1,60:10,1,8
وليست,1,4:18,1,5
وليستعفف,1,24:33,1,8
وليشهد,1,24:2,1,6
وليصفحوا,1,24:22,1,8
وليضربن,1,24:31,1,7
وليطوفوا,1,22:29,1,8
وليعفوا,1,24:22,1,7
وليعلموا,1,14:52,1,8
وليقترفوا,1,6:113,1,9
وليقول,1,74:31,1,6
وليكتب,1,2:282,1,6
وليكم,1,5:55,1,5
وليكون,1,6:75,1,6
وليكونا,1,12:32,1,7
وليلبسوا,1,6:137,1,8
وليمسنكم,1,36:18,1,8
وليمكنن,1,24:55,1,7
وليملل,1,2:282,1,6
ولينصرن,1,22:40,1,7
وليه,1,2:282,1,4
وليهما,1,3:122,1,6
وليوفوا,1,22:29,1,7
وليوفيهم,1,46:19,1,8
وليومنوا,1,2:186,1,8
وماء,1,56:31,1,4
وماذا,1,4:39,1,5
وماروت,1,2:102,1,6
ومتعناهم,1,10:98,1,8
ومتعوهن,1,2:236,1,7
ومثواكم,1,47:19,1,7
ومحرم,1,6:139,1,5
ومحياي,1,6:162,1,6
ومخرج,1,6:95,1,5
ومرساها,1,11:41,1,7
ومرعاها,1,79:31,1,7
ومريم,1,66:12,1,5
ومزاجه,1,83:27,1,6
ومزقناهم,1,34:19,1,8
ومساجد,1,22:40,1,6
ومساكنكم,1,21:13,1,8
ومستودع,1,6:98,1,7
ومستودعها,1,11:6,1,9
ومشارب,1,36:73,1,6
ومشهود,1,85:3,1,6
ومصيرا,1,25:15,1,6
ومضي,1,43:8,1,4
ومطهرك,1,3:55,1,6
ومعارج,1,43:33,1,6
ومعين,1,23:50,1,5
ومغاربها,1,7:137,1,8
ومغانم,1,48:19,1,6
ومقتا,1,4:22,1,5
ومقصرين,1,48:27,1,7
ومكرنا,1,27:50,1,6
وملاه,1,10:88,1,5
وملك,1,20:120,1,4
وملكا,1,76:20,1,5
ومليهم,1,10:83,1,6
ومماتهم,1,45:21,1,7
ومماتي,1,6:162,1,6
ومناه,1,53:20,1,5
ومنك,1,33:7,1,4
ومنه,1,16:10,1,4
ومنهاجا,1,5:48,1,7
ومهدت,1,74:14,1,5
ومهلهم,1,73:11,1,6
ومهيمنا,1,5:48,1,7
ومواليكم,1,33:5,1,8
وميثاقه,1,5:7,1,7
وميكال,1,2:98,1,6
وناداهما,1,7:22,1,8
ونباتا,1,78:15,1,6
ونبلو,1,47:31,1,5
ونبلوكم,1,21:35,1,7
ونبيا,1,3:39,1,5
ونتبع,1,14:44,1,5
ونتجاوز,1,46:16,1,7
ونجنا,1,10:86,1,5
ونجينا,1,41:18,1,6
ونجيناهم,1,11:58,1,8
ونجيناهما,1,37:115,1,9
ونحاس,1,55:35,1,5
ونحشر,1,20:102,1,5
ونحشره,1,20:124,1,6
ونحشرهم,1,17:97,1,7
ونحفظ,1,12:65,1,5
ونخرج,1,17:13,1,5
ونخزي,1,20:134,1,5
ونخلا,1,80:29,1,5
ونخوفهم,1,17:60,1,7
ونخيل,1,13:4,1,5
ونداء,1,2:171,1,5
وندخلكم,1,4:31,1,7
وندخلهم,1,4:57,1,7
ونذرهم,1,6:110,1,6
ونذكرك,1,20:34,1,6
ونذير,1,5:19,1,5
ونذيقه,1,22:9,1,6
ونراه,1,70:7,1,5
ونرثه,1,19:80,1,5
ونرد,1,6:71,1,4
ونري,1,28:6,1,4
ونريد,1,28:5,1,5
ونزداد,1,12:65,1,6
ونزل,1,25:25,1,4
ونزلناه,1,17:106,1,7
ونساءكم,1,3:61,1,7
ونساءنا,1,3:61,1,7
ونستحيي,1,7:127,1,7
ونسرا,1,71:23,1,5
ونسقيه,1,25:49,1,6
ونسكي,1,6:162,1,5
ونسوا,1,5:13,1,5
ونسوق,1,19:86,1,5
ونسوه,1,58:6,1,5
ونصرناه,1,21:77,1,7
ونصرناهم,1,37:116,1,8
ونصروه,1,7:157,1,6
ونصفه,1,73:20,1,5
ونصله,1,4:115,1,5
ونصيرا,1,25:31,1,6
ونضع,1,21:47,1,4
ونطبع,1,7:100,1,5
ونطمع,1,5:84,1,5
ونعيم,1,52:17,1,5
ونفاقا,1,9:97,1,6
ونفس,1,91:7,1,4
ونفصل,1,9:11,1,5
ونفضل,1,13:4,1,5
ونفور,1,67:21,1,5
ونقدس,1,2:30,1,5
ونقر,1,22:5,1,4
ونقلب,1,6:110,1,5
ونقلبهم,1,18:18,1,7
ونكتب,1,36:12,1,5
ونكفر,1,4:150,1,5
ونلعب,1,9:65,1,5
ونمارق,1,88:15,1,6
ونمد,1,19:79,1,4
ونمكن,1,28:6,1,5
ونمنعكم,1,4:141,1,7
ونمير,1,12:65,1,5
وننزل,1,17:82,1,5
وننشيكم,1,56:61,1,7
ونهارا,1,71:5,1,6
ونهر,1,54:54,1,4
ونهوا,1,22:41,1,5
ونهي,1,79:40,1,4
ونودوا,1,7:43,1,6
ونورهم,1,57:19,1,6
ونيسرك,1,87:8,1,6
وهاجا,1,78:13,1,5
وهبت,1,33:50,1,4
وهبنا,1,19:49,1,5
وهداه,1,16:121,1,5
وهديناه,1,90:10,1,7
وهديناهم,1,6:87,1,8
وهديناهما,1,37:118,1,9
وهذه,1,43:51,1,4
وهزي,1,19:25,1,4
وهما,1,46:17,1,4
وهمت,1,40:5,1,4
وهنا,1,31:14,1,4
وهنوا,1,3:146,1,5
وهولاء,1,17:20,1,6
وهيي,1,18:10,1,4
وواعدنا,1,7:142,1,7
وواعدناكم,1,20:80,1,9
ووالد,1,90:3,1,5
ووجدوا,1,18:49,1,6
وودوا,1,60:2,1,5
وورث,1,27:16,1,4
وورثه,1,4:11,1,5
ووري,1,7:20,1,4
ووصي,1,2:132,1,4
ووضعته,1,46:15,1,6
ووضعنا,1,94:2,1,6
ووعدتكم,1,14:22,1,7
ووقانا,1,52:27,1,6
ووقع,1,27:85,1,4
وولده,1,71:21,1,5
ويابي,1,9:32,1,5
وياتوكم,1,3:125,1,7
وياتينا,1,19:80,1,7
وياتيه,1,14:17,1,6
وياخذ,1,9:104,1,5
وياكلون,1,47:12,1,7
ويامركم,1,2:268,1,7
ويامنوا,1,4:91,1,7
ويبسط,1,2:245,1,5
ويبسطوا,1,60:2,1,7
ويبصرون,1,68:5,1,7
ويبطل,1,8:8,1,5
ويبغون,1,42:42,1,6
ويبقي,1,55:27,1,5
ويتجنبها,1,87:11,1,8
ويتخذها,1,31:6,1,7
ويتخطف,1,29:67,1,6
ويتربص,1,9:98,1,6
ويتعد,1,4:14,1,5
ويتعلمون,1,2:102,1,8
ويتفكرون,1,3:191,1,8
ويتقه,1,24:52,1,5
ويتلوه,1,11:17,1,6
ويتمتعوا,1,15:3,1,8
ويتناجون,1,58:8,1,8
ويتولوا,1,9:50,1,7
ويتيما,1,76:8,1,6
ويجادل,1,18:56,1,6
ويجركم,1,46:31,1,6
ويجزي,1,53:31,1,5
ويجزيهم,1,39:35,1,7
ويجعلكم,1,27:62,1,7
ويجعله,1,30:48,1,6
ويحب,1,2:222,1,4
ويحبون,1,3:188,1,6
ويحبونه,1,5:54,1,7
ويحرم,1,7:157,1,5
ويحرمونه,1,9:37,1,8
ويحفظن,1,24:31,1,6
ويحفظوا,1,24:30,1,7
ويحمل,1,69:17,1,5
ويختار,1,28:68,1,6
ويخرجكم,1,71:18,1,7
ويخرجهم,1,5:16,1,7
ويخرون,1,17:109,1,6
ويخزهم,1,9:14,1,6
ويخش,1,24:52,1,4
ويخشون,1,13:21,1,6
ويخشونه,1,33:39,1,7
ويخلد,1,25:69,1,5
ويخلق,1,16:8,1,5
ويخوفونك,1,39:36,1,8
ويدخله,1,64:9,1,6
ويدرا,1,24:8,1,5
ويدع,1,17:11,1,4
ويدعون,1,68:42,1,6
ويدعوننا,1,21:90,1,8
ويذبحون,1,14:6,1,7
ويذرك,1,7:127,1,5
ويذرهم,1,7:186,1,6
ويذكر,1,24:36,1,5
ويذكروا,1,22:28,1,7
ويذهبا,1,20:63,1,6
ويذيق,1,6:65,1,5
ويربي,1,2:276,1,5
ويرث,1,19:6,1,4
ويرجو,1,39:9,1,5
ويرجون,1,17:57,1,6
ويرحم,1,29:21,1,5
ويرزقه,1,65:3,1,6
ويرضي,1,53:26,1,5
ويرضين,1,33:51,1,6
ويري,1,34:6,1,4
ويزداد,1,74:31,1,6
ويزدكم,1,11:52,1,6
ويزكيكم,1,2:151,1,7
ويزيد,1,19:76,1,5
ويسارعون,1,3:114,1,8
ويسالون,1,43:19,1,7
ويسبح,1,13:13,1,5
ويسبحونه,1,7:206,1,8
ويستاذن,1,33:13,1,7
ويستبدل,1,9:39,1,7
ويستبشرون,1,3:170,1,9
ويستجيب,1,42:26,1,7
ويستحيي,1,28:4,1,7
ويستخرجا,1,18:82,1,8
ويستخلفكم,1,7:129,1,9
ويستغفروا,1,18:55,1,9
ويستغفرونه,1,5:74,1,10
ويستفتونك,1,4:127,1,9
ويستكبر,1,4:172,1,7
ويستنبيونك,1,10:53,1,10
ويستهزا,1,4:140,1,7
ويسر,1,20:26,1,4
ويسفك,1,2:30,1,5
ويسقون,1,76:17,1,6
ويسقي,1,14:16,1,5
ويسقين,1,26:79,1,6
ويسلموا,1,4:65,1,7
ويشترون,1,2:174,1,7
ويشرب,1,23:33,1,5
ويشف,1,9:14,1,4
ويشهد,1,2:204,1,5
ويصبر,1,12:90,1,5
ويصدكم,1,5:91,1,6
ويصرفه,1,24:43,1,6
ويصلح,1,47:5,1,5
ويصلي,1,84:12,1,5
ويصنع,1,11:38,1,5
ويضع,1,7:157,1,4
ويضل,1,14:27,1,4
ويضيق,1,26:13,1,5
ويطاف,1,76:15,1,5
ويطعمون,1,76:8,1,7
ويطهركم,1,33:33,1,7
ويطيعون,1,9:71,1,7
ويعظم,1,65:5,1,5
ويعف,1,42:34,1,4
ويعلمك,1,12:6,1,6
ويعلمه,1,3:48,1,6
ويعملون,1,21:82,1,7
ويعوق,1,71:23,1,5
ويعيد,1,85:13,1,5
ويفعل,1,14:27,1,5
ويقبضن,1,67:19,1,6
ويقبضون,1,9:67,1,7
ويقطع,1,8:7,1,5
ويقللكم,1,8:44,1,7
ويقولوا,1,54:2,1,7
ويقيموا,1,98:5,1,7
ويكان,1,28:82,1,5
ويكانه,1,28:82,1,6
ويكتمون,1,4:37,1,7
ويكشف,1,27:62,1,5
ويكفرون,1,2:91,1,7
ويكفوا,1,4:91,1,6
ويكلم,1,3:46,1,5
ويكور,1,39:5,1,5
ويكونون,1,19:82,1,7
ويلبسون,1,18:31,1,7
ويلتا,1,5:31,1,5
ويلتنا,1,18:49,1,6
ويلعب,1,12:12,1,5
ويلعن,1,29:25,1,5
ويلعنهم,1,2:159,1,7
ويلقوا,1,4:91,1,6
ويلقون,1,25:75,1,6
ويلك,1,46:17,1,4
ويلههم,1,15:3,1,6
ويمح,1,42:24,1,4
ويمحق,1,3:141,1,5
ويمددكم,1,71:12,1,7
ويمدهم,1,2:15,1,6
ويمسك,1,22:65,1,5
ويمشون,1,25:20,1,6
ويمشي,1,25:7,1,5
ويمكر,1,8:30,1,5
ويمكرون,1,8:30,1,7
ويمنعون,1,107:7,1,7
ويمنيهم,1,4:120,1,7
ويناون,1,6:26,1,6
وينجي,1,39:61,1,5
وينذر,1,18:4,1,5
وينشر,1,42:28,1,5
وينشي,1,13:12,1,5
وينصرك,1,48:3,1,6
وينصركم,1,9:14,1,7
وينصرون,1,59:8,1,7
وينعه,1,6:99,1,5
وينفقوا,1,14:31,1,7
وينقلب,1,84:9,1,6
وينهاهم,1,7:157,1,7
وينهي,1,16:90,1,5
ويهب,1,42:49,1,4
ويهديك,1,48:2,1,6
ويهديه,1,22:4,1,6
ويهلك,1,2:205,1,5
ويهيي,1,18:16,1,5
ويوتوا,1,98:5,1,6
ويوثرون,1,59:9,1,7
ويوسف,1,6:84,1,5
ويولون,1,54:45,1,6
ويومنون,1,40:7,1,7
ويوميذ,1,30:4,1,6
يابس,1,6:59,1,4
ياتك,1,19:43,1,4
ياتل,1,24:22,1,4
ياتمرون,1,28:20,1,7
ياته,1,20:75,1,4
ياتوكم,1,2:85,1,6
ياتونك,1,25:33,1,6
ياتوننا,1,19:38,1,7
ياتوني,1,27:38,1,6
ياتيانها,1,4:16,1,8
ياتيك,1,15:99,1,5
ياتينك,1,2:260,1,6
ياتيها,1,16:112,1,6
ياخذ,1,18:79,1,4
ياخذه,1,20:39,1,5
ياخذوا,1,7:145,1,6
ياخذون,1,7:169,1,6
ياخذونها,1,48:19,1,8
ياخذوه,1,7:169,1,6
ياسين,1,37:130,1,5
ياكلان,1,5:75,1,6
ياكلن,1,12:48,1,5
ياكلوا,1,15:3,1,6
يالمون,1,4:104,1,6
يالونكم,1,3:118,1,7
يامرهم,1,7:157,1,6
يامن,1,7:99,1,4
يامنوكم,1,4:91,1,7
يان,1,57:16,1,3
يبايعنك,1,60:12,1,7
يبايعون,1,48:10,1,7
يبتغ,1,3:85,1,4
يبث,1,45:4,1,3
يبحث,1,5:31,1,4
يبخس,1,2:282,1,4
يبخسون,1,11:15,1,6
يبدلنا,1,68:32,1,6
يبدله,1,66:5,1,5
يبدلهما,1,18:81,1,7
يبدلوا,1,48:15,1,6
يبدلونه,1,2:181,1,7
يبدها,1,12:77,1,5
يبدون,1,3:154,1,5
يبسا,1,20:77,1,4
يبسطوا,1,5:11,1,6
يبشر,1,42:23,1,4
يبشرهم,1,9:21,1,6
يبصر,1,19:42,1,4
يبصروا,1,20:96,1,6
يبصرونهم,1,70:11,1,8
يبطش,1,28:19,1,4
يبطشون,1,7:195,1,6
يبعثك,1,17:79,1,5
يبعثكم,1,6:60,1,6
يبعثوا,1,64:7,1,6
يبغونكم,1,9:47,1,7
يبغيان,1,55:20,1,6
يبلس,1,30:12,1,4
يبلغا,1,18:82,1,5
يبلغن,1,17:23,1,5
يبلغوا,1,24:58,1,6
يبلغون,1,33:39,1,6
يبلوكم,1,16:92,1,6
يبلي,1,20:120,1,4
يبنوم,1,20:94,1,5
يبور,1,35:10,1,4
يبينها,1,2:230,1,6
يتاخر,1,74:37,1,5
يتامي,1,4:127,1,5
يتب,1,49:11,1,3
يتبدل,1,2:108,1,5
يتبعها,1,2:263,1,6
يتبعهم,1,26:224,1,6
يتبعوكم,1,7:193,1,7
يتبوا,1,12:56,1,5
يتجرعه,1,14:17,1,6
يتحاجون,1,40:47,1,7
يتحاكموا,1,4:60,1,8
يتخبطه,1,2:275,1,6
يتخذون,1,4:139,1,6
يتخطفكم,1,8:26,1,7
يتخلفوا,1,9:120,1,7
يتخيرون,1,56:20,1,7
يتراجعا,1,2:230,1,7
يتربصون,1,4:141,1,7
يترددون,1,9:45,1,7
يترك,1,75:36,1,4
يتركم,1,47:35,1,5
يتركوا,1,29:2,1,6
يتسللون,1,24:63,1,7
يتسنه,1,2:259,1,5
يتطهروا,1,9:108,1,7
يتعارفون,1,10:45,1,8
يتغامزون,1,83:30,1,8
يتغير,1,47:15,1,5
يتفجر,1,2:74,1,5
يتفرقا,1,4:130,1,6
يتفرقون,1,30:14,1,7
يتفضل,1,23:24,1,5
يتفيا,1,16:48,1,5
يتقدم,1,74:37,1,5
يتقي,1,39:24,1,4
يتكبرون,1,7:146,1,7
يتكلم,1,30:35,1,5
يتكلمون,1,78:38,1,7
يتكيون,1,43:34,1,6
يتلاومون,1,68:30,1,8
يتلقي,1,50:17,1,5
يتلونه,1,2:121,1,6
يتمتعون,1,47:12,1,7
يتمطي,1,75:33,1,5
يتمنونه,1,62:7,1,7
يتمنوه,1,2:95,1,6
يتناهون,1,5:79,1,7
يتنزل,1,65:12,1,5
يتواري,1,16:59,1,6
يتوفاهن,1,4:15,1,7
يتوفونهم,1,7:37,1,8
يتولوا,1,9:74,1,6
يتولونه,1,16:100,1,7
يتيمين,1,18:82,1,6
يتيهون,1,5:26,1,6
يثبت,1,14:27,1,4
يثخن,1,8:67,1,4
يثرب,1,33:13,1,4
يثقفوكم,1,60:2,1,7
يثنون,1,11:5,1,5
يجادلنا,1,11:74,1,7
يجار,1,23:88,1,4
يجارون,1,23:64,1,6
يجاهد,1,29:6,1,5
يجاهدون,1,5:54,1,7
يجاورونك,1,33:60,1,8
يجب,1,46:32,1,3
يجبي,1,28:57,1,4
يجتبيك,1,12:6,1,6
يجدك,1,93:6,1,4
يجده,1,24:39,1,4
يجدونه,1,7:157,1,6
يجره,1,7:150,1,4
يجز,1,4:123,1,3
يجزاه,1,53:41,1,5
يجعلني,1,19:32,1,6
يجعلوه,1,12:15,1,6
يجليها,1,7:187,1,6
يجمحون,1,9:57,1,6
يجهلون,1,6:111,1,6
يجيب,1,27:62,1,4
يجيرني,1,72:22,1,6
يحاجوكم,1,3:73,1,7
يحاجون,1,42:16,1,6
يحادد,1,9:63,1,5
يحاربون,1,5:33,1,7
يحاسب,1,84:8,1,5
يحاسبكم,1,2:284,1,7
يحاط,1,12:66,1,4
يحببكم,1,3:31,1,6
يحبرون,1,30:15,1,6
يحبسه,1,11:8,1,5
يحبهم,1,5:54,1,5
يحبونكم,1,3:119,1,7
يحبونهم,1,2:165,1,7
يحتسب,1,65:3,1,5
يحتسبوا,1,59:2,1,7
يحتسبون,1,39:47,1,7
يحرفونه,1,2:75,1,7
يحرمون,1,9:29,1,6
يحزن,1,33:51,1,4
يحزنهم,1,21:103,1,6
يحسب,1,104:3,1,4
يحسبه,1,24:39,1,5
يحسبهم,1,2:273,1,6
يحسدون,1,4:54,1,6
يحسنون,1,18:104,1,6
يحشروا,1,6:51,1,6
يحضرون,1,23:98,1,6
يحضن,1,65:4,1,4
يحطمنكم,1,27:18,1,7
يحفظونه,1,13:11,1,7
يحق,1,8:7,1,3
يحكمان,1,21:78,1,6
يحكموك,1,4:65,1,6
يحكمونك,1,5:43,1,7
يحلل,1,20:81,1,4
يحلونه,1,9:37,1,6
يحمدوا,1,3:188,1,6
يحملنها,1,33:72,1,7
يحملوها,1,62:5,1,7
يحموم,1,56:43,1,5
يحمي,1,9:35,1,4
يحور,1,84:14,1,4
يحول,1,8:24,1,4
يحيطوا,1,10:39,1,6
يحيف,1,24:50,1,4
يحيق,1,35:43,1,4
يحيك,1,58:8,1,4
يحيين,1,26:81,1,5
يحييها,1,36:79,1,6
يخافا,1,2:229,1,5
يخافه,1,5:94,1,5
يخافوا,1,5:108,1,6
يخالفون,1,24:63,1,7
يختانون,1,4:107,1,7
يختم,1,42:24,1,4
يخدعوك,1,8:62,1,6
يخدعون,1,2:9,1,6
يخذلكم,1,3:160,1,6
يخربون,1,59:2,1,6
يخرجاكم,1,20:63,1,7
يخرجن,1,65:1,1,5
يخرجنكما,1,20:117,1,8
يخرجهم,1,2:257,1,6
يخرجوك,1,8:30,1,6
يخرجوكم,1,60:8,1,7
يخرجونهم,1,2:257,1,8
يخروا,1,25:73,1,5
يخرون,1,17:107,1,5
يخزي,1,66:8,1,4
يخزيهم,1,16:27,1,6
يخسر,1,45:27,1,4
يخسرون,1,83:3,1,6
يخش,1,9:18,1,3
يخشاها,1,79:45,1,6
يخصمون,1,36:49,1,6
يخطف,1,2:20,1,4
يخفين,1,24:31,1,5
يخل,1,12:9,1,3
يخلفه,1,34:39,1,5
يخلفون,1,43:60,1,6
يخلقكم,1,39:6,1,6
يخلقوا,1,22:73,1,6
يخوضون,1,6:68,1,6
يخيل,1,20:66,1,4
يدا,1,111:1,1,3
يدافع,1,22:38,1,5
يداك,1,22:10,1,4
يدبروا,1,23:68,1,6
يدخلنا,1,5:84,1,6
يدخلنها,1,68:24,1,7
يدرسونها,1,34:44,1,8
يدرك,1,6:103,1,4
يدرككم,1,4:78,1,6
يدركه,1,4:100,1,5
يدسه,1,16:59,1,4
يدعنا,1,10:12,1,5
يدعوك,1,28:25,1,5
يدعونني,1,12:33,1,7
يدعونه,1,6:71,1,6
يدعوه,1,72:19,1,5
يدعوهم,1,31:21,1,6
يدعي,1,61:7,1,4
يدنين,1,33:59,1,5
يدينون,1,9:29,1,6
يديها,1,2:66,1,5
يذبح,1,28:4,1,4
يذبحون,1,2:49,1,6
يذروكم,1,42:11,1,6
يذكرهم,1,21:60,1,6
يذهب,1,24:43,1,4
يذوقوا,1,38:8,1,6
يراد,1,38:6,1,4
يراك,1,26:218,1,4
يراها,1,24:40,1,5
يربو,1,30:39,1,4
يرتاب,1,74:31,1,5
يرتابوا,1,49:15,1,7
يرتدد,1,2:217,1,5
يرتع,1,12:12,1,4
يرثني,1,19:6,1,5
يرجموكم,1,18:20,1,7
يرحمنا,1,7:149,1,6
يردك,1,10:107,1,4
يردن,1,36:23,1,4
يردونكم,1,2:109,1,7
يرزقها,1,29:60,1,6
يرشدون,1,2:186,1,6
يرضعن,1,2:233,1,5
يرضه,1,39:7,1,4
يرضونكم,1,9:8,1,7
يرضونه,1,22:59,1,6
يرضوه,1,9:62,1,5
يرغب,1,2:130,1,4
يرغبوا,1,9:120,1,6
يرفعه,1,35:10,1,5
يرقبوا,1,9:8,1,6
يرقبون,1,9:10,1,6
يركبون,1,36:42,1,6
يركضون,1,21:12,1,6
يركعون,1,77:48,1,6
يرم,1,4:112,1,3
يرهبون,1,7:154,1,6
يرهق,1,10:26,1,4
يرهقهما,1,18:80,1,7
يرونه,1,70:6,1,5
يرونهم,1,3:13,1,6
يريدا,1,4:35,1,5
يريدان,1,20:63,1,6
يريكموهم,1,8:44,1,8
يريكهم,1,8:43,1,6
يريهم,1,2:167,1,5
يزده,1,71:21,1,4
يزدهم,1,71:6,1,5
يزعمون,1,4:60,1,6
يزغ,1,34:12,1,3
يزفون,1,37:94,1,5
يزكون,1,4:49,1,5
يزنون,1,25:68,1,5
يزنين,1,60:12,1,5
يزوجهم,1,42:50,1,6
يزيدون,1,37:147,1,6
يزيغ,1,9:117,1,4
يس,1,36:1,1,2
يساقون,1,8:6,1,6
يسالكموها,1,47:37,1,9
يساله,1,55:29,1,5
يسام,1,41:49,1,4
يسامون,1,41:38,1,6
يسبتون,1,7:163,1,6
يسبقونا,1,29:4,1,7
يسبقونه,1,21:27,1,7
يستاذنوه,1,24:62,1,8
يستبدل,1,47:38,1,6
يستثنون,1,68:18,1,7
يستجيبون,1,13:14,1,8
يستحبون,1,14:3,1,7
يستحسرون,1,21:19,1,8
يستخفنك,1,30:60,1,7
يستسخرون,1,37:14,1,8
يستصرخه,1,28:18,1,7
يستضعف,1,28:4,1,6
يستضعفون,1,7:137,1,8
يستعتبوا,1,41:24,1,8
يستعجلونك,1,29:54,1,9
يستعففن,1,24:60,1,7
يستغشون,1,11:5,1,7
يستغفروا,1,9:113,1,8
يستغيثان,1,46:17,1,8
يستغيثوا,1,18:29,1,8
يستفتحون,1,2:89,1,8
يستفتونك,1,4:176,1,8
يستفزهم,1,17:103,1,7
يستقيم,1,81:28,1,6
يستنبطونه,1,4:83,1,9
يستنقذوه,1,22:73,1,8
يستنكحها,1,33:50,1,8
يستهزي,1,2:15,1,6
يستوفون,1,83:2,1,7
يسجدان,1,55:6,1,6
يسجدوا,1,27:25,1,6
يسجرون,1,40:72,1,6
يسجن,1,12:25,1,4
يسخر,1,49:11,1,4
يسخطون,1,9:58,1,6
يسر,1,89:4,1,3
يسرف,1,17:33,1,4
يسرفوا,1,25:67,1,6
يسرق,1,12:77,1,4
يسرقن,1,60:12,1,5
يسره,1,80:20,1,4
يسطرون,1,68:1,1,6
يسطون,1,22:72,1,5
يسعون,1,34:38,1,5
يسقي,1,13:4,1,4
يسكن,1,42:33,1,4
يسلبهم,1,22:73,1,6
يسلط,1,59:6,1,4
يسلك,1,72:27,1,4
يسلكه,1,72:17,1,5
يسلم,1,31:22,1,4
يسلمون,1,48:16,1,6
يسمعونكم,1,26:72,1,8
يسمن,1,88:7,1,4
يسومهم,1,7:167,1,6
يسيركم,1,10:22,1,6
يسيغه,1,14:17,1,5
يشاق,1,59:4,1,4
يشتري,1,31:6,1,5
يشربون,1,76:5,1,6
يشرح,1,6:125,1,4
يشركن,1,60:12,1,5
يشرون,1,4:74,1,5
يشري,1,2:207,1,4
يشعركم,1,6:109,1,6
يشعرن,1,18:19,1,5
يشفعون,1,21:28,1,6
يشفين,1,26:80,1,5
يشقق,1,2:74,1,4
يشقي,1,20:123,1,4
يشهده,1,83:21,1,5
يشوي,1,18:29,1,4
يصب,1,22:19,1,3
يصبح,1,18:41,1,4
يصبروا,1,41:24,1,6
يصبكم,1,40:28,1,5
يصبها,1,2:265,1,5
يصحبون,1,21:43,1,6
يصدقني,1,28:34,1,6
يصدقوا,1,4:92,1,6
يصدقون,1,70:26,1,6
يصدكم,1,34:43,1,5
يصدنكم,1,43:62,1,6
يصر,1,45:8,1,3
يصرف,1,6:16,1,4
يصرفون,1,40:69,1,6
يصروا,1,3:135,1,5
يصرون,1,56:46,1,5
يصطرخون,1,35:37,1,7
يصطفي,1,22:75,1,5
يصعقون,1,52:45,1,6
يصلبوا,1,5:33,1,6
يصلحا,1,4:128,1,5
يصنع,1,7:137,1,4
يصهر,1,22:20,1,4
يصوركم,1,3:6,1,6
يصيب,1,10:107,1,4
يصيبنا,1,9:51,1,6
يضار,1,2:282,1,4
يضاعفه,1,64:17,1,6
يضاعفها,1,4:40,1,7
يضاهيون,1,9:30,1,7
يضر,1,3:144,1,3
يضربن,1,24:31,1,5
يضرعون,1,7:94,1,6
يضرك,1,10:106,1,4
يضرنا,1,6:71,1,5
يضره,1,22:12,1,4
يضروك,1,5:42,1,5
يضروكم,1,3:111,1,6
يضرون,1,26:73,1,5
يضرونك,1,4:113,1,6
يضلله,1,6:39,1,5
يضلهم,1,4:60,1,5
يضلوا,1,71:27,1,5
يضلونكم,1,3:69,1,7
يضلونهم,1,16:25,1,7
يضيء,1,24:35,1,4
يضيفوهما,1,18:77,1,8
يضيق,1,15:97,1,4
يطاع,1,40:18,1,4
يطعمني,1,26:79,1,6
يطعمها,1,6:138,1,6
يطعمون,1,51:57,1,6
يطغي,1,20:45,1,4
يطفيوا,1,9:32,1,6
يطلبه,1,7:54,1,5
يطمع,1,74:15,1,4
يطمعون,1,7:46,1,6
يطهر,1,5:41,1,4
يطهرن,1,2:222,1,5
يطوفون,1,55:44,1,6
يطير,1,6:38,1,4
يطيروا,1,7:131,1,6
يطيعكم,1,49:7,1,6
يطيقونه,1,2:184,1,7
يطيون,1,9:120,1,5
يظاهروا,1,9:4,1,7
يظهرون,1,43:33,1,6
يظهروه,1,18:97,1,6
يعبا,1,25:77,1,4
يعبدونني,1,24:55,1,8
يعبدوها,1,39:17,1,7
يعتذرون,1,9:94,1,7
يعتزلوكم,1,4:91,1,8
يعتصم,1,3:101,1,5
يعجب,1,48:29,1,4
يعجبك,1,2:204,1,5
يعجزون,1,8:59,1,6
يعجل,1,10:11,1,4
يعد,1,35:40,1,3
يعدون,1,7:163,1,5
يعذبنا,1,58:8,1,6
يعذبه,1,48:17,1,5
يعرجون,1,15:14,1,6
يعرضوا,1,54:2,1,6
يعرف,1,55:41,1,4
يعرفن,1,33:59,1,5
يعرفوا,1,23:69,1,6
يعرفونها,1,12:62,1,8
يعرفونهم,1,7:48,1,8
يعش,1,43:36,1,3
يعصرون,1,12:49,1,6
يعصمك,1,5:67,1,5
يعصمكم,1,33:17,1,6
يعصمني,1,11:43,1,6
يعصون,1,66:6,1,5
يعصينك,1,60:12,1,6
يعض,1,25:27,1,3
يعطيك,1,93:5,1,5
يعظه,1,31:13,1,4
يعفون,1,2:237,1,5
يعقلها,1,29:43,1,6
يعكفون,1,7:138,1,6
يعلمان,1,2:102,1,6
يعمروا,1,9:17,1,6
يعودوا,1,8:38,1,6
يعوذون,1,72:6,1,6
يعي,1,46:33,1,3
يعيد,1,34:49,1,4
يعيدنا,1,17:51,1,6
يعيدوكم,1,18:20,1,7
يغاث,1,12:49,1,4
يغاثوا,1,18:29,1,6
يغادر,1,18:49,1,5
يغتب,1,49:12,1,4
يغررك,1,40:4,1,5
يغرنك,1,3:196,1,5
يغشاه,1,24:40,1,5
يغشاها,1,91:4,1,6
يغشاهم,1,29:55,1,6
يغشيكم,1,8:11,1,6
يغضضن,1,24:31,1,5
يغضوا,1,24:30,1,5
يغضون,1,49:3,1,5
يغفروا,1,45:14,1,6
يغفرون,1,42:37,1,6
يغل,1,3:161,1,3
يغلب,1,4:74,1,4
يغلبون,1,8:36,1,6
يغلل,1,3:161,1,4
يغلي,1,44:45,1,4
يغن,1,4:130,1,3
يغنهم,1,24:32,1,5
يغنيا,1,66:10,1,5
يغنيكم,1,9:28,1,6
يغنيه,1,80:37,1,5
يغنيهم,1,24:33,1,6
يغوث,1,71:23,1,4
يغوصون,1,21:82,1,6
يغويكم,1,11:34,1,6
يغير,1,13:11,1,4
يفتدي,1,70:11,1,5
يفتر,1,43:75,1,4
يفترينه,1,60:12,1,7
يفتنكم,1,4:101,1,6
يفتننكم,1,7:27,1,7
يفتنهم,1,10:83,1,6
يفتنوك,1,5:49,1,6
يفجرونها,1,76:6,1,8
يفر,1,80:34,1,3
يفرح,1,30:4,1,4
يفرحوا,1,3:120,1,6
يفرط,1,20:45,1,4
يفرطون,1,6:61,1,6
يفرق,1,44:4,1,4
يفسح,1,58:11,1,4
يفسد,1,2:30,1,4
يفعله,1,60:1,1,5
يفقهوا,1,20:28,1,6
يقاتل,1,4:74,1,5
يقاتلوا,1,4:90,1,7
يقبض,1,2:245,1,4
يقتتلان,1,28:15,1,7
يقترف,1,42:23,1,5
يقترفون,1,6:120,1,7
يقتروا,1,25:67,1,6
يقتلن,1,60:12,1,5
يقتلوا,1,5:33,1,6
يقتلوك,1,8:30,1,6
يقتلونني,1,7:150,1,8
يقدم,1,11:98,1,4
يقذف,1,34:48,1,4
يقربوا,1,9:28,1,6
يقسم,1,30:55,1,4
يقسمون,1,43:32,1,6
يقصرون,1,7:202,1,6
يقض,1,80:23,1,3
يقضون,1,40:20,1,5
يقطعون,1,9:121,1,6
يقطين,1,37:146,1,5
يقل,1,21:29,1,3
يقنت,1,33:31,1,4
يقنط,1,15:56,1,4
يقنطون,1,30:36,1,6
يقولا,1,2:102,1,5
يقومان,1,5:107,1,6
يقومون,1,2:275,1,6
يقيموا,1,14:31,1,6
يقين,1,27:22,1,4
يقينا,1,4:157,1,5
يكبتهم,1,3:127,1,6
يكبر,1,17:51,1,4
يكبروا,1,4:6,1,6
يكتم,1,40:28,1,4
يكتمن,1,2:228,1,5
يكتمها,1,2:283,1,6
يكد,1,24:40,1,3
يكذبك,1,95:7,1,5
يكذبونك,1,6:33,1,7
يكرههن,1,24:33,1,6
يكرهون,1,16:62,1,6
يكسبه,1,4:111,1,5
يكشف,1,68:42,1,4
يكفروه,1,3:115,1,6
يكفل,1,3:44,1,4
يكفله,1,20:40,1,5
يكفلونه,1,28:12,1,7
يكفهم,1,29:51,1,5
يكفون,1,21:39,1,5
يكفيكم,1,3:124,1,6
يكلمنا,1,2:118,1,6
يكلمه,1,42:51,1,5
يكلوكم,1,21:42,1,6
يكنزون,1,9:34,1,6
يكور,1,39:5,1,4
يكونا,1,2:282,1,5
يكونون,1,72:19,1,6
يكيدون,1,86:15,1,6
يلبثون,1,17:76,1,6
يلبسكم,1,6:65,1,6
يلبسوا,1,6:82,1,6
يلتقطه,1,12:10,1,6
يلتقيان,1,55:19,1,7
يلتكم,1,49:14,1,5
يلد,1,112:3,1,3
يلدوا,1,71:27,1,5
يلعن,1,4:52,1,4
يلعنهم,1,2:159,1,6
يلفظ,1,50:18,1,4
يلق,1,25:68,1,3
يلقاه,1,17:13,1,5
يلمزك,1,9:58,1,5
يلمزون,1,9:79,1,6
يلونكم,1,9:123,1,6
يلوون,1,3:78,1,5
يمارون,1,42:18,1,6
يمتعكم,1,11:3,1,6
يمتعون,1,26:207,1,6
يمحق,1,2:276,1,4
يمحو,1,13:39,1,4
يمددكم,1,3:125,1,6
يمدكم,1,3:124,1,5
يمده,1,31:27,1,4
يمدونهم,1,7:202,1,7
يمرون,1,12:105,1,5
يمسسكم,1,3:140,1,6
يمسسهم,1,3:174,1,6
يمسكون,1,7:170,1,6
يمسه,1,56:79,1,4
يمكر,1,8:30,1,4
يمل,1,2:282,1,3
يمنون,1,49:17,1,5
يمني,1,75:37,1,4
يمهدون,1,30:44,1,6
يموتون,1,4:18,1,6
يموج,1,18:99,1,4
يميتني,1,26:81,1,6
يميز,1,3:179,1,4
يمين,1,34:15,1,4
ينابيع,1,39:21,1,6
يناد,1,50:41,1,4
ينادونك,1,49:4,1,7
ينادونهم,1,57:14,1,8
ينادي,1,3:193,1,5
ينازعنك,1,22:67,1,7
يناله,1,22:37,1,5
ينالون,1,9:120,1,6
ينبت,1,16:11,1,4
ينبوعا,1,17:90,1,6
ينبيك,1,35:14,1,5
ينتظر,1,33:23,1,5
ينتظرون,1,10:102,1,7
ينتهون,1,9:12,1,6
ينجيه,1,70:14,1,5
ينحتون,1,15:82,1,6
ينذرون,1,21:45,1,6
ينزع,1,7:27,1,4
ينزغ,1,17:53,1,4
ينسفها,1,20:105,1,6
ينسي,1,20:52,1,4
ينسينك,1,6:68,1,6
ينشا,1,43:18,1,4
ينشر,1,18:16,1,4
ينشرون,1,21:21,1,6
ينشي,1,29:20,1,4
ينصر,1,30:5,1,4
ينصرنا,1,40:29,1,6
ينصرونكم,1,26:93,1,8
ينطلق,1,26:13,1,5
ينعق,1,2:171,1,4
ينفد,1,16:96,1,4
ينفضوا,1,63:7,1,6
ينفعك,1,10:106,1,5
ينفعه,1,22:12,1,5
ينفعونكم,1,26:73,1,8
ينفقونها,1,9:34,1,8
ينفوا,1,5:33,1,5
ينقص,1,35:11,1,4
ينقصوكم,1,9:4,1,7
ينقض,1,18:77,1,4
ينقلبون,1,26:227,1,7
ينكث,1,48:10,1,4
ينكحن,1,2:232,1,5
ينكحها,1,24:3,1,6
ينكر,1,13:36,1,4
ينكرونها,1,16:83,1,8
ينهاهم,1,5:63,1,6
ينهي,1,96:9,1,4
يهاجر,1,4:100,1,5
يهب,1,42:49,1,3
يهبط,1,2:74,1,4
يهجعون,1,51:17,1,6
يهدني,1,6:77,1,5
يهدوننا,1,64:6,1,7
يهديكم,1,27:63,1,6
يهديني,1,28:22,1,6
يهلكنا,1,45:24,1,6
يهن,1,22:18,1,3
يهوديا,1,3:67,1,6
يهيمون,1,26:225,1,6
يواخذهم,1,18:58,1,7
يوادون,1,58:22,1,6
يوبقهن,1,42:34,1,6
يوتوا,1,24:22,1,5
يوتين,1,18:40,1,5
يوثر,1,74:24,1,4
يوثق,1,89:26,1,4
يوجهه,1,16:76,1,5
يوح,1,6:93,1,3
يودوا,1,33:20,1,5
يوذي,1,33:53,1,4
يوذين,1,33:59,1,5
يورث,1,4:12,1,4
يورثها,1,7:128,1,6
يوسوس,1,114:5,1,5
يوصيكم,1,4:11,1,6
يوصين,1,4:12,1,5
يوعظون,1,4:66,1,6
يوعون,1,84:23,1,5
يوفضون,1,70:43,1,6
يوفق,1,4:35,1,4
يوفي,1,39:10,1,4
يوفيهم,1,24:25,1,6
يوقد,1,24:35,1,4
يوقدون,1,13:17,1,6
يوقع,1,5:91,1,4
يولد,1,112:3,1,4
يولف,1,24:43,1,4
يولهم,1,8:16,1,5
يولوكم,1,3:111,1,6
يويد,1,3:13,1,4
ييسن,1,65:4,1,4
ييوده,1,2:255,1,5
ييوسا,1,17:83,1,5
