word,count,first_occurrence,number_of_distinct_surahs,character_length
آبَاءَهُمُ,1,23:68,1,10
آبَاءِ,1,24:31,1,6
آبَائِكَ,1,2:133,1,8
آبَائِكُمْ,1,24:61,1,10
آبَائِي,1,12:38,1,7
آتَاكَ,1,28:77,1,6
آتَاكُمُ,1,59:7,1,8
آتَانَا,1,9:75,1,7
آتَاهَا,1,65:7,1,7
آتَتْ,1,18:33,1,5
آتَوْا,1,23:60,1,6
آتَوْهُ,1,12:66,1,7
آتَيْتَنَا,1,7:189,1,10
آتَيْتَنِي,1,12:101,1,10
آتَيْتَهُنَّ,1,33:51,1,12
آتَيْتُكَ,1,7:144,1,9
آتَيْتُكُمْ,1,3:81,1,11
آتَيْنَاهَا,1,6:83,1,11
آتِهِمْ,1,33:68,1,7
آتِي,1,19:93,1,4
آتِيهِ,1,19:95,1,6
آتِيهِمْ,1,11:76,1,8
آثَارِ,1,30:50,1,6
آثَارِهِمَا,1,18:64,1,11
آثَرَكَ,1,12:91,1,7
آثِمًا,1,76:24,1,6
آثِمٌ,1,2:283,1,5
آخَرَانِ,1,5:106,1,8
آخَرُونَ,1,25:4,1,8
آخِذٌ,1,11:56,1,5
آخِذِينَ,1,51:16,1,8
آخِرَهُ,1,3:72,1,7
آذَانَ,1,4:119,1,6
آذَانِنَا,1,41:5,1,9
آذَنَّاكَ,1,41:47,1,9
آذَنْتُكُمْ,1,21:109,1,11
آذَوْا,1,33:69,1,6
آذَيْتُمُونَا,1,14:12,1,13
آزَرَ,1,6:74,1,5
آسَفُونَا,1,43:55,1,9
آسَى,1,7:93,1,4
آسِنٍ,1,47:15,1,5
آلِهَتُهُمُ,1,11:101,1,11
آلِهَتِكُمْ,1,38:6,1,11
آلِهَتِهِمْ,1,37:91,1,11
آلِهَتِي,1,19:46,1,8
آمَنُكُمْ,1,12:64,1,9
آمُرُهُ,1,12:32,1,7
آمِنَةً,1,16:112,1,7
آمِنْ,1,46:17,1,5
آمِّينَ,1,5:2,1,7
آنٍ,1,55:44,1,3
آنَاءِ,1,20:130,1,6
آنَسَ,1,28:29,1,5
آنَسْتُمْ,1,4:6,1,9
آنِفًا,1,47:16,1,6
آنِيَةٍ,1,88:5,1,7
آوِي,1,11:80,1,4
آيَاتِهَا,1,21:32,1,9
آيَاتِيَ,1,7:146,1,8
آيَتَيْنِ,1,17:12,1,9
أَآلِهَتُنَا,1,43:58,1,12
أَأَتَّخِذُ,1,36:23,1,11
أَأَرْبَابٌ,1,12:39,1,11
أَأَسْجُدُ,1,17:61,1,10
أَأَسْلَمْتُمْ,1,3:20,1,14
أَأَشْفَقْتُمْ,1,58:13,1,14
أَأَشْكُرُ,1,27:40,1,10
أَأَعْجَمِيٌّ,1,41:44,1,13
أَأَقْرَرْتُمْ,1,3:81,1,14
أَأَلِدُ,1,11:72,1,8
أَأَمِنْتُمْ,1,67:16,1,12
أَأُلْقِيَ,1,54:25,1,10
أَأُنْزِلَ,1,38:8,1,10
أَؤُنَبِّئُكُمْ,1,3:15,1,15
أَئِذَا,1,56:47,1,7
أَئِفْكًا,1,37:86,1,9
أَئِمَّةَ,1,9:12,1,9
أَئِنَّ,1,26:41,1,7
أَئِنْ,1,36:19,1,6
أَبًا,1,12:78,1,5
أَبَا,1,33:40,1,5
أَبَابِيلَ,1,105:3,1,10
أَبَاكُمْ,1,12:80,1,9
أَبَاهُ,1,12:61,1,7
أَبَاهُمْ,1,12:16,1,9
أَبَشَرًا,1,54:24,1,9
أَبَشَرٌ,1,64:6,1,8
أَبَشَّرْتُمُونِي,1,15:54,1,17
أَبَعَثَ,1,17:94,1,8
أَبَقَ,1,37:140,1,6
أَبَوَيْكَ,1,12:6,1,10
أَبَوَيْكُمْ,1,7:27,1,12
أَبُوكِ,1,19:28,1,7
أَبُوهُمَا,1,18:82,1,10
أَبِاللَّهِ,1,9:65,1,11
أَبِينَا,1,12:8,1,8
أَبِيهِمْ,1,12:63,1,9
أَبْتَغِي,1,6:114,1,9
أَبْحُرٍ,1,31:27,1,8
أَبْرَحَ,1,12:80,1,8
أَبْرَحُ,1,18:60,1,8
أَبْرَمُوا,1,43:79,1,10
أَبْصَارُ,1,21:97,1,9
أَبْصَارُكُمْ,1,41:22,1,13
أَبْصَارُنَا,1,15:15,1,12
أَبْصَارُهَا,1,79:9,1,12
أَبْصَارِهِنَّ,1,24:31,1,14
أَبْصَرَ,1,6:104,1,8
أَبْصَرْنَا,1,32:12,1,11
أَبْصِرْ,1,18:26,1,8
أَبْغِي,1,6:164,1,7
أَبْغِيكُمْ,1,7:140,1,11
أَبْقَى,1,53:51,1,7
أَبْكَارًا,1,56:36,1,10
أَبْكَمُ,1,16:76,1,8
أَبْلَغُوا,1,72:28,1,10
أَبْلُغَ,1,18:60,1,8
أَبْلُغُ,1,40:36,1,8
أَبْلِغْهُ,1,9:6,1,10
أَبْنَاءَ,1,40:25,1,9
أَبْنَاءَنَا,1,3:61,1,12
أَبْنَاءَهُمُ,1,6:20,1,13
أَبْنَاءُ,1,5:18,1,9
أَبْنَائِكُمُ,1,4:23,1,13
أَبْوَابُ,1,7:40,1,9
أَبْوَابِهَا,1,2:189,1,12
أَتَأْخُذُونَهُ,1,4:20,1,15
أَتَأْمُرُونَ,1,2:44,1,13
أَتَانَا,1,74:47,1,8
أَتَبْنُونَ,1,26:128,1,11
أَتَتَّخِذُ,1,6:74,1,11
أَتَتَّخِذُنَا,1,2:67,1,14
أَتَتْ,1,51:42,1,6
أَتَتْكَ,1,20:126,1,8
أَتَتْكُمُ,1,6:40,1,10
أَتَتْهُمْ,1,9:70,1,10
أَتَجْعَلُ,1,2:30,1,10
أَتَخْشَوْنَهُمْ,1,9:13,1,16
أَتَدْعُونَ,1,37:125,1,11
أَتَذَرُ,1,7:127,1,8
أَتَسْتَبْدِلُونَ,1,2:61,1,17
أَتَصْبِرُونَ,1,25:20,1,13
أَتَعِدَانِنِي,1,46:17,1,14
أَتَعْجَبِينَ,1,11:73,1,13
أَتَعْلَمُونَ,1,7:75,1,13
أَتَقْتُلُونَ,1,40:28,1,13
أَتَمَّهَا,1,12:6,1,10
أَتَنْهَانَا,1,11:62,1,12
أَتَهْتَدِي,1,27:41,1,11
أَتَوَاصَوْا,1,51:53,1,12
أَتَوَكَّأُ,1,20:18,1,11
أَتَوْكَ,1,9:92,1,8
أَتَوْهُ,1,27:87,1,8
أَتَيَا,1,18:77,1,7
أَتَيْتَ,1,2:145,1,8
أَتَيْنَ,1,4:25,1,8
أَتَّبِعُكَ,1,18:66,1,11
أَتَّبِعْهُ,1,28:49,1,11
أَتَّخَذْتُمْ,1,2:80,1,13
أَتَّخَذْنَاهُمْ,1,38:63,1,16
أَتَّخِذُ,1,6:14,1,9
أَتَّخِذْ,1,25:28,1,9
أَتُتْرَكُونَ,1,26:146,1,13
أَتُجَادِلُونَنِي,1,7:71,1,17
أَتُحَاجُّونَنَا,1,2:139,1,16
أَتُحَاجُّونِّي,1,6:80,1,15
أَتُحَدِّثُونَهُمْ,1,2:76,1,18
أَتُرِيدُ,1,28:19,1,9
أَتُعَلِّمُونَ,1,49:16,1,14
أَتُمِدُّونَنِ,1,27:36,1,14
أَتُنَبِّئُونَ,1,10:18,1,14
أَتُهْلِكُنَا,1,7:155,1,13
أَتُوبُ,1,2:160,1,7
أَتِمُّوا,1,2:187,1,9
أَتْرَابٌ,1,38:52,1,9
أَتْقَاكُمْ,1,49:13,1,11
أَتْقَنَ,1,27:88,1,8
أَتْلُ,1,6:151,1,6
أَتْلُوَ,1,27:92,1,8
أَتْمَمْتَ,1,28:27,1,10
أَتْمِمْ,1,66:8,1,8
أَثَارَةٍ,1,46:4,1,9
أَثَامًا,1,25:68,1,8
أَثَرِي,1,20:84,1,7
أَثُمَّ,1,10:51,1,7
أَثِيمًا,1,4:107,1,8
أَثْخَنْتُمُوهُمْ,1,47:4,1,17
أَثْقَالَكُمْ,1,16:7,1,13
أَثْقَالَهَا,1,99:2,1,12
أَثْقَالَهُمْ,1,29:13,1,13
أَثْقَالِهِمْ,1,29:13,1,13
أَثْقَلَتْ,1,7:189,1,10
أَجَبْتُمُ,1,28:65,1,10
أَجَزِعْنَا,1,14:21,1,11
أَجَعَلَ,1,38:5,1,8
أَجَعَلْتُمْ,1,9:19,1,12
أَجَعَلْنَا,1,43:45,1,11
أَجَلَنَا,1,6:128,1,9
أَجَلَهُ,1,2:235,1,8
أَجَلُهَا,1,63:11,1,9
أَجَلُهُنَّ,1,65:4,1,11
أَجَلِهِ,1,2:282,1,8
أَجَّلْتَ,1,6:128,1,9
أَجِدَ,1,72:22,1,6
أَجِنَّةٌ,1,53:32,1,9
أَجِيبُوا,1,46:31,1,9
أَجْرَمْنَا,1,34:25,1,11
أَجْرَهَا,1,33:31,1,9
أَجْرَهُ,1,29:27,1,8
أَجْسَامُهُمْ,1,63:4,1,13
أَجْعَلْ,1,18:95,1,8
أَجْلِ,1,5:32,1,6
أَجْمَعُوا,1,12:102,1,10
أَجْنِحَةٍ,1,35:1,1,10
أَحَبَّ,1,9:24,1,7
أَحَدَ,1,12:4,1,6
أَحَدَكُمْ,1,18:19,1,10
أَحَدَنَا,1,12:78,1,9
أَحَدُكُمَا,1,12:41,1,11
أَحَدِهِمَا,1,5:27,1,11
أَحَسَّ,1,3:52,1,7
أَحَسُّوا,1,21:12,1,9
أَحَسِبَ,1,29:2,1,8
أَحَطْتُ,1,27:22,1,8
أَحَطْنَا,1,18:91,1,9
أَحَقٌّ,1,10:53,1,7
أَحَقَّ,1,48:26,1,7
أَحَلَّنَا,1,35:35,1,10
أَحْبَارَهُمْ,1,9:31,1,13
أَحْبَبْتَ,1,28:56,1,10
أَحْبَبْتُ,1,38:32,1,10
أَحْرَصَ,1,2:96,1,8
أَحْسَنَهُ,1,39:18,1,10
أَحْسَنِ,1,95:4,1,8
أَحْصَاهَا,1,18:49,1,10
أَحْصَاهُ,1,58:6,1,9
أَحْصَاهُمْ,1,19:94,1,11
أَحْصَى,1,18:12,1,7
أَحْضَرَتْ,1,81:14,1,10
أَحْقَابًا,1,78:23,1,10
أَحْكَمُ,1,11:45,1,8
أَحْلَامُهُمْ,1,52:32,1,13
أَحْلَلْنَا,1,33:50,1,11
أَحْمَدُ,1,61:6,1,8
أَحْمِلُ,1,12:36,1,8
أَحْمِلُكُمْ,1,9:92,1,12
أَحْوَى,1,87:5,1,7
أَحْيَا,1,5:32,1,7
أَحْيَاءً,1,77:26,1,9
أَحْيَاءٍ,1,16:21,1,9
أَحْيَاكُمْ,1,22:66,1,11
أَحْيَاهُمْ,1,2:243,1,11
أَحْيَيْنَاهَا,1,36:33,1,14
أَخَا,1,46:21,1,5
أَخَذَتِ,1,10:24,1,8
أَخَذَتْهُمُ,1,7:155,1,12
أَخَذْتُ,1,35:26,1,8
أَخَذْتُمْ,1,8:68,1,10
أَخَذْتُهَا,1,22:48,1,11
أَخَرَقْتَهَا,1,18:71,1,13
أَخَوَاتِكُمْ,1,24:61,1,13
أَخَوَيْكُمْ,1,49:10,1,12
أَخَّرْتَنَا,1,4:77,1,12
أَخَّرْتَنِ,1,17:62,1,11
أَخَّرْتَنِي,1,63:10,1,12
أَخَّرْنَا,1,11:8,1,10
أَخُنْهُ,1,12:52,1,8
أَخُوكَ,1,12:69,1,7
أَخِّرْنَا,1,14:44,1,10
أَخْبَارَكُمْ,1,47:31,1,13
أَخْبَارَهَا,1,99:4,1,12
أَخْبَارِكُمْ,1,9:94,1,13
أَخْذًا,1,73:16,1,7
أَخْذَ,1,54:42,1,6
أَخْذَةً,1,69:10,1,8
أَخْذَهُ,1,11:102,1,8
أَخْذُ,1,11:102,1,6
أَخْرَجَتْكَ,1,47:13,1,12
أَخْرَجَكَ,1,8:5,1,10
أَخْرَجَكُمْ,1,16:78,1,12
أَخْرَجَنِي,1,12:100,1,11
أَخْرَجَهُ,1,9:40,1,10
أَخْرَجُوكُمْ,1,2:191,1,13
أَخْرِجُوهُمْ,1,7:82,1,13
أَخْرِجْ,1,14:5,1,8
أَخْزَى,1,41:16,1,7
أَخْزَيْتَهُ,1,3:192,1,12
أَخْطَأْتُمْ,1,33:5,1,12
أَخْطَأْنَا,1,2:286,1,11
أَخْفَيْتُمْ,1,60:1,1,12
أَخْلَدَ,1,7:176,1,8
أَخْلَدَهُ,1,104:3,1,10
أَخْلَصْنَاهُمْ,1,38:46,1,15
أَخْلَفُوا,1,9:77,1,10
أَخْلَفْنَا,1,20:87,1,11
أَخْلُقُ,1,3:49,1,8
أَخْوَالِكُمْ,1,24:61,1,13
أَدَعَوْتُمُوهُمْ,1,7:193,1,17
أَدُلُّكَ,1,20:120,1,9
أَدُّوا,1,44:18,1,7
أَدْبَارَهُمْ,1,15:65,1,13
أَدْبَارِكُمْ,1,5:21,1,13
أَدْبَارِهَا,1,4:47,1,12
أَدْخِلُوا,1,40:46,1,10
أَدْخِلْنِي,1,17:80,1,11
أَدْرَاكُمْ,1,10:16,1,11
أَدْرَكَهُ,1,10:90,1,10
أَدْرِ,1,69:26,1,6
أَدْعِيَاءَكُمْ,1,33:4,1,15
أَدْعِيَائِهِمْ,1,33:37,1,15
أَدْهَى,1,54:46,1,7
أَذَاعُوا,1,4:83,1,9
أَذَاقَهُمْ,1,30:33,1,11
أَذَاهُمْ,1,33:48,1,9
أَذَّنَ,1,12:70,1,7
أَذِلَّةٌ,1,3:123,1,9
أَذِلَّةٍ,1,5:54,1,9
أَذِنْتَ,1,9:43,1,8
أَذْبَحُكَ,1,37:102,1,10
أَذْكُرَهُ,1,18:63,1,10
أَذْكُرْكُمْ,1,2:152,1,12
أَذْهَبَ,1,35:34,1,8
أَذْهَبْتُمْ,1,46:20,1,12
أَرَأَيْتَكَ,1,17:62,1,12
أَرَادَا,1,2:233,1,8
أَرَادَنِي,1,39:38,1,10
أَرَادَنِيَ,1,39:38,1,11
أَرَاذِلُنَا,1,11:27,1,12
أَرَاغِبٌ,1,19:46,1,9
أَرَاكَهُمْ,1,8:43,1,11
أَرَدْتُ,1,11:34,1,8
أَرَدْتُمُ,1,4:20,1,10
أَرَدْنَ,1,24:33,1,8
أَرَدْنَاهُ,1,16:40,1,11
أَرَضِيتُمْ,1,9:38,1,11
أَرَهْطِي,1,11:92,1,9
أَرَيْنَاكَ,1,17:60,1,11
أَرَيْنَاهُ,1,20:56,1,11
أَرُونِيَ,1,34:27,1,9
أَرْبَعٍ,1,24:45,1,8
أَرْبَعَ,1,24:8,1,8
أَرْبَعَةٌ,1,9:36,1,10
أَرْبَعُ,1,24:6,1,8
أَرْبَى,1,16:92,1,7
أَرْجَائِهَا,1,69:17,1,12
أَرْجُلٌ,1,7:195,1,8
أَرْجُلُهُمْ,1,36:65,1,12
أَرْجُلِكُمْ,1,6:65,1,12
أَرْجِعُ,1,12:46,1,8
أَرْحَامَكُمْ,1,47:22,1,13
أَرْحَامُكُمْ,1,60:3,1,13
أَرْحَامِهِنَّ,1,2:228,1,14
أَرْدَاكُمْ,1,41:23,1,11
أَرْسَاهَا,1,79:32,1,10
أَرْسَلَتْ,1,12:31,1,10
أَرْسَلْنَاهُ,1,51:38,1,13
أَرْسِلْ,1,26:17,1,8
أَرْسِلْهُ,1,12:12,1,10
أَرْضًا,1,12:9,1,7
أَرْضٍ,1,31:34,1,6
أَرْضَعَتْ,1,22:2,1,10
أَرْضَعْنَ,1,65:6,1,10
أَرْضَعْنَكُمْ,1,4:23,1,14
أَرْضَهُمْ,1,33:27,1,10
أَرْضِعِيهِ,1,28:7,1,11
أَرْضِي,1,29:56,1,7
أَرْكَسَهُمْ,1,4:88,1,12
أَزًّا,1,19:83,1,6
أَزَاغَ,1,61:5,1,7
أَزِفَتِ,1,53:57,1,8
أَزِيدَ,1,74:15,1,7
أَزْرِي,1,20:31,1,7
أَزْوَاجَكَ,1,33:50,1,11
أَزْوَاجَكُمُ,1,33:4,1,13
أَزْوَاجَهُ,1,33:53,1,11
أَزْوَاجَهُمْ,1,24:6,1,13
أَزْوَاجَهُنَّ,1,2:232,1,14
أَزْوَاجُكُمْ,1,4:12,1,13
أَزْوَاجُهُمْ,1,60:11,1,13
أَزْوَاجِ,1,33:37,1,9
أَزْوَاجِكَ,1,66:1,1,11
أَزْوَاجِهِ,1,66:3,1,11
أَسَأْتُمْ,1,17:7,1,10
أَسَرُّوا,1,5:52,1,9
أَسَفًا,1,18:6,1,7
أَسَفَى,1,12:84,1,7
أَسِحْرٌ,1,10:77,1,8
أَسْأَلَكَ,1,11:47,1,10
أَسْبَابَ,1,40:37,1,9
أَسْبَاطًا,1,7:160,1,10
أَسْتَجِبْ,1,40:60,1,10
أَسْتَخْلِصْهُ,1,12:54,1,14
أَسْتَغْفَرْتَ,1,63:6,1,14
أَسْتَغْفِرُ,1,12:98,1,12
أَسْتَكْبَرْتَ,1,38:75,1,14
أَسْخَطَ,1,47:28,1,8
أَسْرَفَ,1,20:127,1,8
أَسْرَفُوا,1,39:53,1,10
أَسْرَهُمْ,1,76:28,1,10
أَسْفَارًا,1,62:5,1,10
أَسْفَارِنَا,1,34:19,1,12
أَسْفَرَ,1,74:34,1,8
أَسْكَنْتُ,1,14:37,1,10
أَسْكِنُوهُنَّ,1,65:6,1,14
أَسْلَفَتْ,1,10:30,1,10
أَسْلَفْتُمْ,1,69:24,1,12
أَسْلَمَا,1,37:103,1,9
أَسْلَمْنَا,1,49:14,1,11
أَسْلِحَتَكُمْ,1,4:102,1,14
أَسْلِحَتَهُمْ,1,4:102,1,14
أَسْلِحَتِكُمْ,1,4:102,1,14
أَسْلِمُوا,1,22:34,1,10
أَسْلِمْ,1,2:131,1,8
أَسْمَاءً,1,12:40,1,9
أَسْمَاءٌ,1,53:23,1,9
أَسْمَاءٍ,1,7:71,1,9
أَسْمَائِهِ,1,7:180,1,11
أَسْمَعَهُمْ,1,8:23,1,12
أَسْمَعُ,1,20:46,1,8
أَسْمِعْ,1,19:38,1,8
أَسْوِرَةٌ,1,43:53,1,10
أَشَاءُ,1,7:156,1,7
أَشَدِّ,1,2:85,1,7
أَشَرٌّ,1,72:10,1,7
أَشَقُّ,1,13:34,1,7
أَشَهِدُوا,1,43:19,1,10
أَشُدَّهُمَا,1,18:82,1,12
أَشُقَّ,1,28:27,1,7
أَشِدَّاءُ,1,48:29,1,10
أَشِرٌ,1,54:25,1,6
أَشْرَاطُهَا,1,47:18,1,12
أَشْرَكَ,1,7:173,1,8
أَشْرَكْتَ,1,39:65,1,10
أَشْرَكْتُمُونِ,1,14:22,1,15
أَشْرَكْنَا,1,6:148,1,11
أَشْقَاهَا,1,91:12,1,10
أَشْكُو,1,12:86,1,7
أَشْهَدُ,1,6:19,1,8
أَشْهَدْتُهُمْ,1,18:51,1,14
أَشْهُرٌ,1,2:197,1,8
أَشْيَاءَ,1,5:101,1,9
أَشْيَاعَكُمْ,1,54:51,1,13
أَصَابَتْ,1,3:117,1,9
أَصَابَتْهُ,1,22:11,1,11
أَصَابَهَا,1,2:265,1,10
أَصَابَهُ,1,22:11,1,9
أَصَبْتُمْ,1,3:165,1,10
أَصَبْنَاهُمْ,1,7:100,1,13
أَصَدَقْتَ,1,27:27,1,10
أَصَلَاتُكَ,1,11:87,1,11
أَصْبَحَ,1,67:30,1,8
أَصْبَحُوا,1,5:102,1,10
أَصْبَرَهُمْ,1,2:175,1,12
أَصْبُ,1,12:33,1,6
أَصْحَابٌ,1,6:71,1,9
أَصْحَابِهِمْ,1,51:59,1,13
أَصْطَفَى,1,37:153,1,9
أَصْغَرَ,1,10:61,1,8
أَصْغَرُ,1,34:3,1,8
أَصْلَابِكُمْ,1,4:23,1,13
أَصْلُهَا,1,14:24,1,9
أَصْلِ,1,37:64,1,6
أَصْنَامٍ,1,7:138,1,9
أَصْنَامَكُمْ,1,21:57,1,13
أَصْوَاتَكُمْ,1,49:2,1,13
أَصْوَاتَهُمْ,1,49:3,1,13
أَصْوَافِهَا,1,16:80,1,12
أَضَاءَ,1,2:20,1,7
أَضَاءَتْ,1,2:17,1,9
أَضَاعُوا,1,19:59,1,9
أَضَلَّانَا,1,41:29,1,11
أَضَلَّنَا,1,26:99,1,10
أَضَلَّنِي,1,25:29,1,10
أَضَلُّوا,1,71:24,1,9
أَضَلُّونَا,1,7:38,1,11
أَضِلُّ,1,34:50,1,7
أَضْحَكَ,1,53:43,1,8
أَضْطَرُّهُ,1,2:126,1,11
أَضْعَفُ,1,72:24,1,8
أَضْغَانَكُمْ,1,47:37,1,13
أَضْغَانَهُمْ,1,47:29,1,13
أَضْلَلْتُمْ,1,25:17,1,12
أَضْلَلْنَ,1,14:36,1,10
أَطَاعَ,1,4:80,1,7
أَطَاعُونَا,1,3:168,1,11
أَطَعْتُمُوهُمْ,1,6:121,1,15
أَطَعْتُمْ,1,23:34,1,10
أَطَعْنَكُمْ,1,4:34,1,12
أَطَّلَعَ,1,19:78,1,9
أَطَّلِعُ,1,28:38,1,9
أَطْعَمَهُ,1,36:47,1,10
أَطْعَمَهُمْ,1,106:4,1,12
أَطْغَيْتُهُ,1,50:27,1,12
أَطْفَأَهَا,1,5:64,1,11
أَطْمَعُ,1,26:82,1,8
أَطْوَارًا,1,71:14,1,10
أَظْفَرَكُمْ,1,48:24,1,12
أَعَجَزْتُ,1,5:31,1,10
أَعَجِلْتُمْ,1,7:150,1,12
أَعَزُّ,1,11:92,1,7
أَعِزَّةٍ,1,5:54,1,9
أَعِزَّةَ,1,27:34,1,9
أَعِظُكَ,1,11:46,1,8
أَعِظُكُمْ,1,34:46,1,10
أَعِنْدَهُ,1,53:35,1,10
أَعِيبَهَا,1,18:79,1,10
أَعْثَرْنَا,1,18:21,1,11
أَعْجَبَ,1,57:20,1,8
أَعْجَبَكُمْ,1,2:221,1,12
أَعْجَلَكَ,1,20:83,1,10
أَعْجَمِيًّا,1,41:44,1,12
أَعْجَمِيٌّ,1,16:103,1,11
أَعْدَاءُ,1,41:19,1,9
أَعْدَاءِ,1,41:28,1,9
أَعْرَضْتُمْ,1,17:67,1,12
أَعْصِرُ,1,12:36,1,8
أَعْصِي,1,18:69,1,7
أَعْطَيْنَاكَ,1,108:1,1,13
أَعْقَابِنَا,1,6:71,1,12
أَعْلَنْتُ,1,71:9,1,10
أَعْلَنْتُمْ,1,60:1,1,12
أَعْمَالًا,1,18:103,1,10
أَعْمَالٌ,1,23:63,1,9
أَعْمَالِكُمْ,1,49:14,1,13
أَعْمَالِهِمْ,1,9:37,1,13
أَعْمَامِكُمْ,1,24:61,1,13
أَعْنَاقُهُمْ,1,26:4,1,13
أَعْنَاقِ,1,34:33,1,9
أَعْهَدْ,1,36:60,1,8
أَعْيُنَ,1,7:116,1,8
أَعْيُنُكُمْ,1,11:31,1,12
أَعْيُنُهُنَّ,1,33:51,1,13
أَعْيُنِ,1,21:61,1,8
أَعْيُنِكُمْ,1,8:44,1,12
أَغْرَقْنَاهُمْ,1,25:37,1,15
أَغْفَلْنَا,1,18:28,1,11
أَغْلَالًا,1,36:8,1,10
أَغْنَاهُمُ,1,9:74,1,11
أَغْنَتْ,1,11:101,1,8
أَغْنِيَاءَ,1,2:273,1,11
أَغْوَيْنَا,1,28:63,1,11
أَغْوَيْنَاهُمْ,1,28:63,1,15
أَفَأَصْفَاكُمْ,1,17:40,1,15
أَفَأَمِنْتُمْ,1,17:68,1,14
أَفَأَنْتُمْ,1,21:50,1,12
أَفَأُنَبِّئُكُمْ,1,22:72,1,17
أَفَاتَّخَذْتُمْ,1,13:16,1,16
أَفَاضَ,1,2:199,1,7
أَفَاقَ,1,7:143,1,7
أَفَبِنِعْمَةِ,1,16:71,1,14
أَفَبِهَذَا,1,56:81,1,11
أَفَتَأْتُونَ,1,21:3,1,13
أَفَتَتَّخِذُونَهُ,1,18:50,1,18
أَفَتَطْمَعُونَ,1,2:75,1,15
أَفَتَعْبُدُونَ,1,21:66,1,15
أَفَتُؤْمِنُونَ,1,2:85,1,15
أَفَتُمَارُونَهُ,1,53:12,1,16
أَفَتُهْلِكُنَا,1,7:173,1,15
أَفَحَسِبَ,1,18:102,1,10
أَفَحَسِبْتُمْ,1,23:115,1,14
أَفَحُكْمَ,1,5:50,1,10
أَفَسِحْرٌ,1,52:15,1,10
أَفَطَالَ,1,20:86,1,9
أَفَعَصَيْتَ,1,20:93,1,12
أَفَعَيِينَا,1,50:15,1,12
أَفَكُلَّمَا,1,2:87,1,12
أَفَلَتْ,1,6:78,1,8
أَفَمَا,1,37:58,1,7
أَفَمَنِ,1,3:162,1,8
أَفَمِنْ,1,53:59,1,8
أَفَنَجْعَلُ,1,68:35,1,12
أَفَنَضْرِبُ,1,43:5,1,12
أَفَهُمُ,1,21:44,1,8
أَفَهُمْ,1,21:6,1,8
أَفْئِدَةً,1,14:37,1,10
أَفْئِدَةُ,1,6:113,1,10
أَفْئِدَتَهُمْ,1,6:110,1,14
أَفْئِدَتُهُمْ,1,46:26,1,14
أَفْتَرَى,1,34:8,1,9
أَفْتِنَا,1,12:46,1,9
أَفْسَدُوهَا,1,27:34,1,12
أَفْصَحُ,1,28:34,1,8
أَفْضَى,1,4:21,1,7
أَفْنَانٍ,1,55:48,1,9
أَقَتَلْتَ,1,18:74,1,10
أَقَلَّ,1,18:39,1,7
أَقَلَّتْ,1,7:57,1,9
أَقَمْتُمُ,1,5:12,1,10
أَقِمْ,1,10:105,1,6
أَقْبَلْنَا,1,12:82,1,11
أَقْبِلْ,1,28:31,1,8
أَقْتُلْ,1,40:26,1,8
أَقْدَامَكُمْ,1,47:7,1,13
أَقْدَامِنَا,1,41:29,1,12
أَقْرَبَهُمْ,1,5:82,1,12
أَقْرَرْتُمْ,1,2:84,1,12
أَقْرَرْنَا,1,3:81,1,11
أَقْطَارِ,1,55:33,1,9
أَقْطَارِهَا,1,33:14,1,12
أَقْفَالُهَا,1,47:24,1,12
أَقْلَامٌ,1,31:27,1,9
أَقْلَامَهُمْ,1,3:44,1,13
أَقْلِعِي,1,11:44,1,9
أَقْوَاتَهَا,1,41:10,1,12
أَقْوَمُ,1,17:9,1,8
أَكَابِرَ,1,6:123,1,9
أَكَادُ,1,20:15,1,7
أَكَانَ,1,10:2,1,7
أَكَذَّبْتُمْ,1,27:84,1,13
أَكَفَرْتَ,1,18:37,1,10
أَكَفَرْتُمْ,1,3:106,1,12
أَكَلَ,1,5:3,1,6
أَكَلَهُ,1,12:14,1,8
أَكَّالُونَ,1,5:42,1,11
أَكُ,1,19:20,1,4
أَكُفَّارُكُمْ,1,54:43,1,14
أَكِنَّةٍ,1,41:5,1,9
أَكْبَرْنَهُ,1,12:31,1,12
أَكْثَرِهِمْ,1,36:7,1,12
أَكْرَمَكُمْ,1,49:13,1,12
أَكْرَمَنِ,1,89:15,1,10
أَكْرَهْتَنَا,1,20:73,1,13
أَكْرِمِي,1,12:21,1,9
أَكْفَرَهُ,1,80:17,1,10
أَكْفُرُ,1,27:40,1,8
أَكْفِلْنِيهَا,1,38:23,1,14
أَكْلًا,1,89:19,1,7
أَكْمَامِهَا,1,41:47,1,12
أَكْمَلْتُ,1,5:3,1,10
أَكْنَانًا,1,16:81,1,10
أَكْنَنْتُمْ,1,2:235,1,12
أَلَتْنَاهُمْ,1,52:21,1,13
أَلَدُّ,1,2:204,1,7
أَلَسْتُ,1,7:172,1,8
أَلَكُمُ,1,53:21,1,8
أَلَنْ,1,3:124,1,6
أَلَهُمْ,1,7:195,1,8
أَلَّفَ,1,8:63,1,7
أَلَّفْتَ,1,8:63,1,9
أَلِرَبِّكَ,1,37:149,1,11
أَلْحَقْتُمْ,1,34:27,1,12
أَلْحَقْنَا,1,52:21,1,11
أَلْزَمْنَاهُ,1,17:13,1,13
أَلْسِنَتَهُمْ,1,3:78,1,14
أَلْسِنَتُكُمُ,1,16:116,1,14
أَلْسِنَتُهُمُ,1,16:62,1,14
أَلْسِنَتُهُمْ,1,24:24,1,14
أَلْسِنَتِكُمْ,1,30:22,1,14
أَلْفًا,1,8:65,1,7
أَلْفٌ,1,8:66,1,6
أَلْفٍ,1,37:147,1,6
أَلْفَافًا,1,78:16,1,10
أَلْفَوْا,1,37:69,1,9
أَلْفَيْنَا,1,2:170,1,11
أَلْفَيْنِ,1,8:66,1,10
أَلْفِ,1,97:3,1,6
أَلْقَاهَا,1,4:171,1,10
أَلْقَاهُ,1,12:96,1,9
أَلْقِهَا,1,20:19,1,9
أَلْقِيَا,1,50:24,1,9
أَلْهَاكُمُ,1,102:1,1,11
أَلْوَاحٍ,1,54:13,1,9
أَمَاتَ,1,53:44,1,7
أَمَاتَهُ,1,80:21,1,9
أَمَامَهُ,1,75:5,1,9
أَمَانَاتِكُمْ,1,8:27,1,14
أَمَانَتَهُ,1,2:283,1,11
أَمَانِيَّ,1,2:78,1,10
أَمَانِيُّهُمْ,1,2:111,1,14
أَمَانِيِّ,1,4:123,1,10
أَمَتَّنَا,1,40:11,1,10
أَمَرَكُمُ,1,2:222,1,10
أَمَرَنَا,1,7:28,1,9
أَمَرَهُ,1,80:23,1,8
أَمَرْتَنِي,1,5:117,1,11
أَمَرْتَهُمْ,1,24:53,1,12
أَمَرْتُكَ,1,7:12,1,10
أَمَرْنَا,1,17:16,1,9
أَمَلًا,1,18:46,1,7
أَمَّاذَا,1,27:84,1,9
أَمُوتُ,1,19:33,1,7
أَمِنَ,1,2:283,1,6
أَمِنْتُكُمْ,1,12:64,1,12
أَمْتًا,1,20:107,1,7
أَمْثَالُهَا,1,47:10,1,12
أَمْثَالِهَا,1,6:160,1,12
أَمْثَلُهُمْ,1,20:104,1,12
أَمْرٌ,1,4:83,1,6
أَمْرَكُمْ,1,10:71,1,10
أَمْرَنَا,1,9:50,1,9
أَمْرَهَا,1,41:12,1,9
أَمْرُكُمْ,1,10:71,1,10
أَمْرُهُمْ,1,6:159,1,10
أَمْرِكُمْ,1,18:16,1,10
أَمْسَكَ,1,67:21,1,8
أَمْسَكَهُمَا,1,35:41,1,13
أَمْسَكْنَ,1,5:4,1,10
أَمْشَاجٍ,1,76:2,1,9
أَمْضِيَ,1,18:60,1,8
أَمْعَاءَهُمْ,1,47:15,1,13
أَمْلَيْتُ,1,22:48,1,10
أَمْنًا,1,24:55,1,7
أَمْهِلْهُمْ,1,86:17,1,12
أَمْوَالَكُمُ,1,4:5,1,13
أَمْوَالَهُمُ,1,2:265,1,13
أَمْوَالُنَا,1,48:11,1,12
أَمْوَالِنَا,1,11:87,1,12
أَنَبْنَا,1,60:4,1,9
أَنَحْنُ,1,34:32,1,8
أَنَدْعُو,1,6:71,1,9
أَنَسْجُدُ,1,25:60,1,10
أَنَّنَا,1,6:111,1,8
أَنُطْعِمُ,1,36:47,1,10
أَنُلْزِمُكُمُوهَا,1,11:28,1,18
أَنْبَأَكَ,1,66:3,1,10
أَنْبَأَهُمْ,1,2:33,1,12
أَنْبَائِكُمْ,1,33:20,1,13
أَنْبَائِهَا,1,7:101,1,12
أَنْبَتَتْ,1,2:261,1,10
أَنْبَتَكُمْ,1,71:17,1,12
أَنْبَتْنَا,1,26:7,1,11
أَنْبِئُونِي,1,2:31,1,12
أَنْبِئْهُمْ,1,2:33,1,12
أَنْتُمَا,1,28:35,1,9
أَنْجَاكُمْ,1,14:6,1,11
أَنْجَانَا,1,6:63,1,10
أَنْجَاهُمْ,1,10:23,1,11
أَنْجَيْتَنَا,1,10:22,1,13
أَنْذَرَ,1,46:21,1,8
أَنْذَرَهُمْ,1,54:36,1,12
أَنْذَرْتُكُمْ,1,41:13,1,14
أَنْذَرْنَاكُمْ,1,78:40,1,15
أَنْذِرُوا,1,16:2,1,10
أَنْذِرِ,1,10:2,1,8
أَنْذِرْ,1,71:1,1,8
أَنْزَلْتُ,1,2:41,1,10
أَنْزَلْتُمُوهُ,1,56:69,1,15
أَنْزَلْنَاهَا,1,24:1,1,14
أَنْزِلْ,1,5:114,1,8
أَنْزِلْنِي,1,23:29,1,11
أَنْسَابَ,1,23:101,1,9
أَنْسَانِيهُ,1,18:63,1,12
أَنْسَوْكُمْ,1,23:110,1,12
أَنْشَأَهَا,1,36:79,1,11
أَنْشَأْتُمْ,1,56:72,1,12
أَنْشَأْنَاهُ,1,23:14,1,13
أَنْشَأْنَاهُنَّ,1,56:35,1,16
أَنْشَرَهُ,1,80:22,1,10
أَنْصَارًا,1,71:25,1,10
أَنْصَارَ,1,61:14,1,9
أَنْصَحَ,1,11:34,1,8
أَنْصِتُوا,1,46:29,1,10
أَنْطَقَ,1,41:21,1,8
أَنْطَقَنَا,1,41:21,1,11
أَنْظُرْ,1,7:143,1,8
أَنْظِرْنِي,1,7:14,1,11
أَنْعَامٌ,1,6:138,1,9
أَنْعَامَكُمْ,1,20:54,1,13
أَنْعَامُهُمْ,1,32:27,1,13
أَنْعَمَهَا,1,8:53,1,11
أَنْفَقْتَ,1,8:63,1,10
أَنْفُسَكُمُ,1,6:93,1,12
أَنْفُسَنَا,1,7:23,1,11
أَنْفُسُكُمُ,1,2:87,1,12
أَنْفُسِكُمُ,1,3:168,1,12
أَنْفُسِنَا,1,6:130,1,11
أَنْقَضَ,1,94:3,1,8
أَنْكَاثًا,1,16:92,1,10
أَنْكَالًا,1,73:12,1,10
أَنْكَرَ,1,31:19,1,8
أَنْهَارٌ,1,47:15,1,9
أَنْهَاكُمْ,1,11:88,1,11
أَنْهَكُمَا,1,7:22,1,11
أَهَانَنِ,1,89:16,1,9
أَهَكَذَا,1,27:42,1,9
أَهَمَّتْهُمْ,1,3:154,1,13
أَهْدِكَ,1,19:43,1,8
أَهْدِكُمْ,1,40:38,1,10
أَهْدِيكُمْ,1,40:29,1,11
أَهْلَكَنِيَ,1,67:28,1,12
أَهْلَكْتَهُمْ,1,7:155,1,14
أَهْلَكْتُ,1,90:6,1,10
أَهْلَنَا,1,12:65,1,9
أَهْلُهُ,1,2:196,1,8
أَهْلِنَا,1,52:26,1,9
أَهْلِهِمُ,1,83:31,1,10
أَهْلِهِنَّ,1,4:25,1,11
أَهْلِيكُمْ,1,5:89,1,11
أَهْلِيهِمْ,1,48:12,1,11
أَهْوَاءَكُمْ,1,6:56,1,13
أَهْوَنُ,1,30:27,1,8
أَهْوَى,1,53:53,1,7
أَوَأَمِنَ,1,7:98,1,10
أَوَعَظْتَ,1,26:136,1,10
أَوَكُلَّمَا,1,2:100,1,12
أَوَلَمَّا,1,3:165,1,10
أَوَى,1,18:10,1,5
أَوَيْنَا,1,18:63,1,9
أَوَّابٍ,1,50:32,1,8
أَوَّاهٌ,1,11:75,1,8
أَوَّلِ,1,9:108,1,7
أَوِّبِي,1,34:10,1,8
أَوْتَادًا,1,78:7,1,10
أَوْجَفْتُمْ,1,59:6,1,12
أَوْحَيْتُ,1,5:111,1,10
أَوْدِيَةٌ,1,13:17,1,10
أَوْدِيَتِهِمْ,1,46:24,1,14
أَوْرَثْنَا,1,35:32,1,11
أَوْزَارًا,1,20:87,1,10
أَوْزَارَهَا,1,47:4,1,12
أَوْزَارِ,1,16:25,1,9
أَوْسَطُهُمْ,1,68:28,1,12
أَوْسَطِ,1,5:89,1,8
أَوْقَدُوا,1,5:64,1,10
أَوْلَادَهُمْ,1,6:140,1,13
أَوْلَادِكُمْ,1,4:11,1,13
أَوْلَادِهِمْ,1,6:137,1,13
أَوْلِيَاؤُكُمْ,1,41:31,1,15
أَوْلِيَاؤُهُ,1,8:34,1,13
أَوْلِيَاؤُهُمُ,1,2:257,1,15
أَوْلِيَاؤُهُمْ,1,6:128,1,15
أَوْلِيَائِكُمْ,1,33:6,1,15
أَوْلِيَائِهِمْ,1,6:121,1,15
أَوْهَنَ,1,29:41,1,8
أَيًّا,1,17:110,1,6
أَيَأْمُرُكُمْ,1,3:80,1,14
أَيَبْتَغُونَ,1,4:139,1,13
أَيَحْسَبُونَ,1,23:55,1,13
أَيَطْمَعُ,1,70:38,1,10
أَيَعِدُكُمْ,1,23:35,1,12
أَيَوَدُّ,1,2:266,1,9
أَيَّ,1,26:227,1,5
أَيَّامَ,1,45:14,1,8
أَيَّامِ,1,10:102,1,8
أَيَّدَكَ,1,8:62,1,9
أَيَّدْتُكَ,1,5:110,1,11
أَيَّمَا,1,28:28,1,8
أَيُحِبُّ,1,49:12,1,9
أَيُشْرِكُونَ,1,7:191,1,13
أَيُمْسِكُهُ,1,16:59,1,12
أَيُّنَا,1,20:71,1,8
أَيُّوبَ,1,38:41,1,8
أَيْدٍ,1,7:195,1,6
أَيْدِي,1,30:41,1,7
أَيْدِيهِنَّ,1,60:12,1,12
أَيْدِيَ,1,48:20,1,8
أَيْدِيَهُمَا,1,5:38,1,13
أَيْقَاظًا,1,18:18,1,10
أَيْمَانَ,1,9:12,1,9
أُبَدِّلَهُ,1,10:15,1,11
أُبَرِّئُ,1,12:53,1,9
أُبْسِلُوا,1,6:70,1,10
أُبْعَثُ,1,19:33,1,8
أُتْرِفُوا,1,11:116,1,10
أُتْرِفْتُمْ,1,21:13,1,12
أُجَاجًا,1,56:70,1,8
أُجِبْتُمْ,1,5:109,1,10
أُجِيبَتْ,1,10:89,1,9
أُجِيبُ,1,2:186,1,7
أُجِّلَتْ,1,77:12,1,9
أُحِبُّ,1,6:76,1,7
أُحِيطَ,1,10:22,1,7
أُحْدِثَ,1,18:70,1,8
أُحْصِرُوا,1,2:273,1,10
أُحْصِرْتُمْ,1,2:196,1,12
أُحْصِنَّ,1,4:25,1,9
أُحْكِمَتْ,1,11:1,1,10
أُحْيِي,1,2:258,1,7
أُخَالِفَكُمْ,1,11:88,1,13
أُخِذَ,1,8:70,1,6
أُخِذُوا,1,33:61,1,8
أُخْتَ,1,19:28,1,6
أُخْتَهَا,1,7:38,1,9
أُخْتُكَ,1,20:40,1,8
أُخْتِهَا,1,43:48,1,9
أُخْرَاكُمْ,1,3:153,1,11
أُخْرَاهُمْ,1,7:38,1,11
أُخْرَجَ,1,46:17,1,8
أُخْرَجُ,1,19:66,1,8
أُخْرِجَتْ,1,3:110,1,10
أُخْرِجْتُمْ,1,59:11,1,12
أُخْرِجْنَا,1,2:246,1,11
أُخْفِيهَا,1,20:15,1,10
أُخْفِيَ,1,32:17,1,8
أُذُنَيْهِ,1,31:7,1,10
أُذُنُ,1,9:61,1,6
أُذِنَ,1,22:39,1,6
أُرِيدَ,1,72:10,1,7
أُرِيكُمْ,1,40:29,1,9
أُرْسِلَهُ,1,12:66,1,10
أُرْسِلُوا,1,83:33,1,10
أُرْكِسُوا,1,4:91,1,10
أُزْلِفَتْ,1,81:13,1,10
أُسَارَى,1,2:85,1,8
أُسِّسَ,1,9:108,1,7
أُسْلِمَ,1,40:66,1,8
أُشْرِكَ,1,13:36,1,8
أُشْرِكْ,1,18:42,1,8
أُشْهِدُ,1,11:54,1,8
أُصُولِهَا,1,59:5,1,10
أُصِيبُ,1,7:156,1,7
أُضِيعُ,1,3:195,1,7
أُعِيذُهَا,1,3:36,1,10
أُعْطُوا,1,9:58,1,8
أُغْرِقُوا,1,71:25,1,10
أُغْشِيَتْ,1,10:27,1,10
أُغْنِي,1,12:67,1,7
أُفِكَ,1,51:9,1,6
أُفْرِغْ,1,18:96,1,8
أُقِّتَتْ,1,77:11,1,9
أُكَلِّمَ,1,19:26,1,9
أُكُلٍ,1,34:16,1,6
أُكُلُهَا,1,13:35,1,9
أُكُلُهُ,1,6:141,1,8
أُكْرِهَ,1,16:106,1,8
أُلُوفٌ,1,2:243,1,7
أُمَتِّعْكُنَّ,1,33:28,1,14
أُمَّهَاتُكُمْ,1,4:23,1,14
أُمَّهَاتِهِمْ,1,58:2,1,14
أُمُّكِ,1,19:28,1,7
أُمِّهَا,1,28:59,1,8
أُمِّهِ,1,28:13,1,7
أُمِّيُّونَ,1,2:78,1,11
أُمْطِرَتْ,1,25:40,1,10
أُمْنِيَّتِهِ,1,22:52,1,13
أُنْذِرَ,1,36:6,1,8
أُنْذِرُكُمْ,1,21:45,1,12
أُنْزِلَتِ,1,3:65,1,10
أُنْكِحَكَ,1,28:27,1,10
أُوتَ,1,69:25,1,5
أُوتُوهُ,1,2:213,1,8
أُوتِيتَ,1,20:36,1,8
أُوذِينَا,1,7:129,1,9
أُوذِيَ,1,29:10,1,7
أُورِثُوا,1,42:14,1,9
أُوفِ,1,2:40,1,5
أُوفِي,1,12:59,1,6
أُولَئِكُمْ,1,54:43,1,11
أُولَاتِ,1,65:6,1,8
أُولَاهُمَا,1,17:5,1,11
أُولَاهُمْ,1,7:39,1,10
إِثْمُهُ,1,2:181,1,8
إِجْرَامِي,1,11:35,1,10
إِحْدَاهُنَّ,1,4:20,1,12
إِخْرَاجًا,1,71:18,1,10
إِخْرَاجٍ,1,2:240,1,9
إِخْرَاجُهُمْ,1,2:85,1,13
إِخْرَاجِكُمْ,1,60:9,1,13
إِخْوَانَ,1,17:27,1,9
إِخْوَانَهُمْ,1,58:22,1,13
إِخْوَانِكُمْ,1,24:61,1,13
إِخْوَةً,1,4:176,1,8
إِخْوَةُ,1,12:58,1,8
إِخْوَتِكَ,1,12:5,1,10
إِخْوَتِي,1,12:100,1,9
إِدًّا,1,19:89,1,6
إِدْرِيسَ,1,19:56,1,9
إِذْنِهِ,1,10:3,1,8
إِرَمَ,1,89:7,1,6
إِسْتَبْرَقٍ,1,55:54,1,12
إِسْرَائِيلُ,1,3:93,1,12
إِسْرَارًا,1,71:9,1,10
إِسْرَارَهُمْ,1,47:26,1,13
إِسْرَافًا,1,4:6,1,10
إِسْلَامَكُمْ,1,49:17,1,13
إِسْلَامِهِمْ,1,9:74,1,13
إِصْرًا,1,2:286,1,7
إِصْرَهُمْ,1,7:157,1,10
إِصْرِي,1,3:81,1,7
إِصْلَاحٌ,1,2:220,1,9
إِصْلَاحٍ,1,4:114,1,9
إِطْعَامٌ,1,90:14,1,9
إِطْعَامُ,1,5:89,1,9
إِعْرَاضًا,1,4:128,1,10
إِعْرَاضُهُمْ,1,6:35,1,13
إِعْصَارٌ,1,2:266,1,9
إِفْكًا,1,29:17,1,7
إِفْكُهُمْ,1,46:28,1,10
إِفْكِهِمْ,1,37:151,1,10
إِقَامَتِكُمْ,1,16:80,1,13
إِكْرَاهَ,1,2:256,1,9
إِكْرَاهِهِنَّ,1,24:33,1,14
إِلَهَكَ,1,2:133,1,8
إِلَهَكُمْ,1,37:4,1,10
إِلَهُكُمُ,1,20:98,1,10
إِلَهِكَ,1,20:97,1,8
إِلَيْكُمَا,1,28:35,1,11
إِلْ,1,37:130,1,4
إِلْحَافًا,1,2:273,1,10
إِلْيَاسَ,1,37:123,1,9
إِمَامٍ,1,36:12,1,7
إِمْرًا,1,18:71,1,7
إِنَاهُ,1,33:53,1,7
إِنَّكِ,1,12:29,1,7
إِنَّهُمَا,1,37:122,1,10
إِنَّهُمُ,1,7:30,1,9
إِنَّهُنَّ,1,14:36,1,10
إِنْسَانٍ,1,17:13,1,9
إِنْسِيًّا,1,19:26,1,10
إِنْشَاءً,1,56:35,1,9
إِي,1,10:53,1,3
إِيلَافِهِمْ,1,106:2,1,12
إِيمَانَكُمْ,1,2:143,1,12
إِيمَانَهُ,1,40:28,1,10
إِيمَانَهُمْ,1,6:82,1,12
إِيمَانُكُمْ,1,2:93,1,12
إِيمَانِهَا,1,6:158,1,11
إِيمَانِهِ,1,16:106,1,10
إِيَابَهُمْ,1,88:25,1,11
إِيَّاكَ,1,1:5,1,8
اؤْتُمِنَ,1,2:283,1,9
ائْتِيَا,1,41:11,1,8
ائْذَنْ,1,9:49,1,7
ابْتَدَعُوهَا,1,57:27,1,13
ابْتَغَوُا,1,9:48,1,10
ابْتَغَيْتَ,1,33:51,1,11
ابْتَلَى,1,2:124,1,8
ابْتُلِيَ,1,33:11,1,9
ابْتِغَاءِ,1,4:104,1,10
ابْعَثْ,1,2:246,1,7
ابْلَعِي,1,11:44,1,8
ابْنَتَ,1,66:12,1,7
ابْنَتَيَّ,1,28:27,1,10
ابْنَكَ,1,12:81,1,7
ابْنَهُ,1,11:42,1,7
ابْنَيْ,1,5:27,1,7
ابْنِي,1,11:45,1,6
ابْيَضَّتْ,1,3:107,1,10
اتَّبَعَكُمَا,1,28:35,1,13
اتَّبَعَنِ,1,3:20,1,10
اتَّبَعَنِي,1,12:108,1,11
اتَّبَعُوكَ,1,3:55,1,11
اتَّبَعُوهُمْ,1,9:100,1,13
اتَّبَعْتَنِي,1,18:70,1,13
اتَّبَعْتُمْ,1,7:90,1,12
اتَّبِعُونِ,1,40:38,1,11
اتَّخَذَتْ,1,29:41,1,10
اتَّخَذَهَا,1,45:9,1,11
اتَّخَذُوهَا,1,5:58,1,12
اتَّخَذُوهُ,1,7:148,1,11
اتَّخَذُوهُمْ,1,5:81,1,13
اتَّخَذْتَ,1,26:29,1,10
اتَّخَذْتُ,1,25:27,1,10
اتَّخِذُونِي,1,5:116,1,12
اتَّخِذِي,1,16:68,1,9
اتَّسَقَ,1,84:18,1,8
اتَّقَيْتُنَّ,1,33:32,1,13
اتُّبِعُوا,1,2:166,1,10
اتِّبَاعَ,1,4:157,1,9
اتْلُ,1,29:45,1,5
اثَّاقَلْتُمْ,1,9:38,1,13
اثْنَا,1,9:36,1,6
اثْنَانِ,1,5:106,1,8
اثْنَتَيْ,1,7:160,1,9
اثْنَيْ,1,5:12,1,7
اجْتَبَاكُمْ,1,22:78,1,12
اجْتَبَيْتَهَا,1,7:203,1,14
اجْتَرَحُوا,1,45:21,1,11
اجْتَمَعَتِ,1,17:88,1,11
اجْتَمَعُوا,1,22:73,1,11
اجْتَنَبُوا,1,39:17,1,11
اجْتَنِبُوا,1,49:12,1,11
اجْتُثَّتْ,1,14:26,1,10
اجْعَلُوا,1,12:62,1,9
اجْهَرُوا,1,67:13,1,9
احْتَمَلَ,1,4:112,1,9
احْتَمَلُوا,1,33:58,1,11
احْشُرُوا,1,37:22,1,9
احْمِلْ,1,11:40,1,7
اخْتَرْتُكَ,1,20:13,1,11
اخْتَرْنَاهُمْ,1,44:32,1,14
اخْتَصَمُوا,1,22:19,1,11
اخْتَلَطَ,1,6:146,1,9
اخْتَلَفْتُمْ,1,42:10,1,13
اخْتِلَافًا,1,4:82,1,11
اخْتِلَافُ,1,23:80,1,10
اخْتِلَافِ,1,10:6,1,10
اخْتِلَاقٌ,1,38:7,1,10
اخْرُجُوا,1,4:66,1,9
اخْسَئُوا,1,23:108,1,9
اخْلُفْنِي,1,7:142,1,10
ادَّارَكَ,1,27:66,1,9
ادَّارَكُوا,1,7:38,1,11
ادْخُلَا,1,66:10,1,8
ادْخُلِ,1,36:26,1,7
ادْخُلِي,1,27:44,1,8
ادْعُهُنَّ,1,2:260,1,10
ادْعُونِي,1,40:60,1,9
ادْعُوهُمْ,1,33:5,1,10
ادْفَعُوا,1,3:167,1,9
اذْكُرْ,1,5:110,1,7
اذْكُرْنِي,1,12:42,1,10
ارْتَابُوا,1,24:50,1,10
ارْتَدُّوا,1,47:25,1,10
ارْجِعُونِ,1,23:99,1,10
ارْجِعِ,1,67:4,1,7
ارْجِعِي,1,89:28,1,8
ارْحَمْهُمَا,1,17:24,1,12
ارْكَبُوا,1,11:41,1,9
ارْكَبْ,1,11:42,1,7
ارْكُضْ,1,38:42,1,7
اسْتَأْجَرْتَ,1,28:26,1,13
اسْتَأْجِرْهُ,1,28:26,1,13
اسْتَأْذَنَ,1,24:59,1,11
اسْتَأْذَنَكَ,1,9:86,1,13
اسْتَأْذَنُوكَ,1,24:62,1,14
اسْتَجَارَكَ,1,9:6,1,12
اسْتَحَقَّ,1,5:107,1,10
اسْتَحَقَّا,1,5:107,1,11
اسْتَحْوَذَ,1,58:19,1,11
اسْتَخْرَجَهَا,1,12:76,1,14
اسْتَخْلَفَ,1,24:55,1,11
اسْتَرَقَ,1,15:18,1,9
اسْتَزَلَّهُمُ,1,3:155,1,14
اسْتَسْقَاهُ,1,7:160,1,12
اسْتَسْقَى,1,2:60,1,10
اسْتَضْعَفُونِي,1,7:150,1,15
اسْتَطَاعَ,1,3:97,1,10
اسْتَطَعْتُ,1,11:88,1,11
اسْتَطَعْنَا,1,9:42,1,12
اسْتَطْعَمَا,1,18:77,1,12
اسْتَعْجَلْتُمْ,1,46:24,1,15
اسْتَعْلَى,1,20:64,1,10
اسْتَقَرَّ,1,7:143,1,10
اسْتَكْبَرَ,1,38:74,1,11
اسْتَكْبَرْتُمْ,1,2:87,1,15
اسْتَكْثَرْتُمْ,1,6:128,1,15
اسْتَمَعَ,1,72:1,1,9
اسْتَمَعُوهُ,1,21:2,1,12
اسْتَمْتَعْتُمْ,1,4:24,1,15
اسْتَنْصَرَهُ,1,28:18,1,13
اسْتَنْصَرُوكُمْ,1,8:72,1,16
اسْتَنْكَفُوا,1,4:173,1,13
اسْتَهْزِئُوا,1,9:64,1,13
اسْتَهْوَتْهُ,1,6:71,1,13
اسْتَوَيْتَ,1,23:28,1,11
اسْتَوَيْتُمْ,1,43:13,1,13
اسْتَوْقَدَ,1,2:17,1,11
اسْتَيْأَسَ,1,12:110,1,11
اسْتَيْأَسُوا,1,12:80,1,13
اسْتُجِيبَ,1,42:16,1,10
اسْتُحْفِظُوا,1,5:44,1,13
اسْتِبْدَالَ,1,4:20,1,12
اسْتِحْيَاءٍ,1,28:25,1,12
اسْتِعْجَالَهُمْ,1,10:11,1,16
اسْتِغْفَارُ,1,9:114,1,12
اسْطَاعُوا,1,18:97,1,10
اسْلُكْ,1,28:32,1,7
اسْوَدَّتْ,1,3:106,1,10
اشْتَدَّتْ,1,14:18,1,10
اشْتَرَى,1,9:111,1,8
اشْتَهَتْ,1,21:102,1,9
اشْدُدْ,1,20:31,1,7
اشْرَحْ,1,20:25,1,7
اشْمَأَزَّتْ,1,39:45,1,12
اشْهَدُوا,1,3:64,1,9
اصْبِرُوا,1,3:200,1,9
اصْبِرْ,1,38:17,1,7
اصْرِفْ,1,25:65,1,7
اصْطَفَاكِ,1,3:42,1,10
اصْطَفَاهُ,1,2:247,1,10
اصْطَفَيْتُكَ,1,7:144,1,13
اصْطَفَيْنَا,1,35:32,1,12
اصْطَفَيْنَاهُ,1,2:130,1,14
اصْنَعِ,1,23:27,1,7
اضْرِبُوهُ,1,2:73,1,10
اضْطُرِرْتُمْ,1,6:119,1,13
اطَّلَعْتَ,1,18:18,1,10
اطَّيَّرْنَا,1,27:47,1,12
اطْرَحُوهُ,1,12:9,1,10
اطْمَأَنَّ,1,22:11,1,10
اطْمَأْنَنْتُمْ,1,4:103,1,15
اطْمِسْ,1,10:88,1,7
اعْبُدُونِي,1,36:61,1,11
اعْتَدَوْا,1,2:65,1,10
اعْتَدَيْنَا,1,5:107,1,12
اعْتَرَاكَ,1,11:54,1,10
اعْتَرَفُوا,1,9:102,1,11
اعْتَزَلَهُمْ,1,19:49,1,13
اعْتَزَلُوكُمْ,1,4:90,1,14
اعْتَزَلْتُمُوهُمْ,1,18:16,1,18
اعْتَمَرَ,1,2:158,1,9
اعْدِلُوا,1,5:8,1,9
اعْمَلْ,1,34:11,1,7
اغْتَرَفَ,1,2:249,1,9
اغْدُوا,1,68:22,1,7
افْتَحْ,1,7:89,1,7
افْتَدَتْ,1,2:229,1,9
افْتَدَى,1,3:91,1,8
افْتَرَيْنَا,1,7:89,1,12
افْعَلْ,1,37:102,1,7
اقْتَتَلَ,1,2:253,1,9
اقْتَحَمَ,1,90:11,1,9
اقْتَدِهْ,1,6:90,1,9
اقْتَرَبَتِ,1,54:1,1,11
اقْتَرَفْتُمُوهَا,1,9:24,1,17
اقْتُلُوهُ,1,29:24,1,10
اقْذِفِيهِ,1,20:39,1,10
اقْرَءُوا,1,69:19,1,9
اقْضُوا,1,10:71,1,7
اقْعُدُوا,1,9:46,1,9
اقْنُتِي,1,3:43,1,8
اكْتَالُوا,1,83:2,1,10
اكْتَتَبَهَا,1,25:5,1,12
اكْتَسَبَ,1,24:11,1,9
اكْتَسَبَتْ,1,2:286,1,11
اكْتَسَبْنَ,1,4:32,1,11
اكْشِفْ,1,44:12,1,7
اكْفُرْ,1,59:16,1,7
التَّائِبُونَ,1,9:112,1,13
التَّابُوتُ,1,2:248,1,11
التَّابُوتِ,1,20:39,1,11
التَّابِعِينَ,1,24:31,1,13
التَّذْكِرَةِ,1,74:49,1,13
التَّرَاقِيَ,1,75:26,1,12
التَّعَفُّفِ,1,2:273,1,12
التَّغَابُنِ,1,64:9,1,12
التَّكَاثُرُ,1,102:1,1,12
التَّلَاقِ,1,40:15,1,10
التَّمَاثِيلُ,1,21:52,1,13
التَّنَادِ,1,40:32,1,10
التَّنَاوُشُ,1,34:52,1,12
التَّهْلُكَةِ,1,2:195,1,13
التَّوَّابِينَ,1,2:222,1,14
التَّوْبِ,1,40:3,1,9
التُّرَابِ,1,16:59,1,10
التُّرَاثَ,1,89:19,1,10
التِّجَارَةِ,1,62:11,1,12
الثَّابِتِ,1,14:27,1,10
الثَّاقِبُ,1,86:3,1,10
الثَّالِثَةَ,1,53:20,1,12
الثَّرَى,1,20:6,1,8
الثَّقَلَانِ,1,55:31,1,12
الثَّلَاثَةِ,1,9:118,1,12
الثَّوَابُ,1,18:31,1,10
الثَّوَابِ,1,3:195,1,10
الثُّلُثَانِ,1,4:176,1,12
الثُّلُثُ,1,4:11,1,9
الثُّلُثِ,1,4:12,1,9
الثُّمُنُ,1,4:12,1,9
الثِّقَالَ,1,13:12,1,10
الدَّاخِلِينَ,1,66:10,1,13
الدَّاعِيَ,1,20:108,1,10
الدَّرَجَاتُ,1,20:75,1,12
الدَّرَجَاتِ,1,40:15,1,12
الدَّرْكِ,1,4:145,1,9
الدَّهْرُ,1,45:24,1,9
الدَّهْرِ,1,76:1,1,9
الدَّوَائِرَ,1,9:98,1,12
الدُّبُرَ,1,54:45,1,9
الدِّمَاءَ,1,2:30,1,10
الدِّيَارِ,1,17:5,1,10
الذَّنْبِ,1,40:3,1,9
الذَّهَبَ,1,9:34,1,9
الذَّهَبِ,1,3:14,1,9
الذُّبَابُ,1,22:73,1,10
الذُّكُورَ,1,42:49,1,10
الذُّكْرَانَ,1,26:165,1,12
الرَّأْسُ,1,19:4,1,9
الرَّأْيِ,1,11:27,1,9
الرَّاجِفَةُ,1,79:6,1,12
الرَّادِفَةُ,1,79:7,1,12
الرَّاسِخُونَ,1,4:162,1,13
الرَّاشِدُونَ,1,49:7,1,13
الرَّاكِعُونَ,1,9:112,1,13
الرَّبَّانِيُّونَ,1,5:63,1,17
الرَّجْعِ,1,86:11,1,9
الرَّحْمَةُ,1,57:13,1,11
الرَّزَّاقُ,1,51:58,1,11
الرَّسُولَا,1,33:66,1,11
الرَّشِيدُ,1,11:87,1,10
الرَّضَاعَةَ,1,2:233,1,12
الرَّضَاعَةِ,1,4:23,1,12
الرَّعْدُ,1,13:13,1,9
الرَّفَثُ,1,2:187,1,9
الرَّقِيبَ,1,5:117,1,10
الرَّهْبِ,1,28:32,1,9
الرَّوْعُ,1,11:74,1,9
الرُّجْعَى,1,96:8,1,10
الرُّشْدُ,1,2:256,1,9
الرُّوحَ,1,40:15,1,8
الرُّوحِ,1,17:85,1,8
الرُّومُ,1,30:2,1,8
الرِّجَالُ,1,4:34,1,10
الرِّجْزُ,1,7:134,1,9
الرِّعَاءُ,1,28:23,1,10
الرِّفْدُ,1,11:99,1,9
الرِّيحِ,1,17:69,1,8
الرِّيَاحُ,1,18:45,1,10
الزَّادِ,1,2:197,1,8
الزَّارِعُونَ,1,56:64,1,13
الزَّانِي,1,24:3,1,9
الزَّانِيَةُ,1,24:2,1,12
الزَّاهِدِينَ,1,12:20,1,13
الزَّبَانِيَةَ,1,96:18,1,14
الزَّبَدُ,1,13:17,1,9
الزَّبُورِ,1,21:105,1,10
الزَّرْعَ,1,16:11,1,9
الزُّجَاجَةُ,1,24:35,1,12
الزُّرَّاعَ,1,48:29,1,11
الزُّورَ,1,25:72,1,8
الزُّورِ,1,22:30,1,8
الزِّنَا,1,17:32,1,8
الزِّينَةِ,1,20:59,1,10
السَّائِحُونَ,1,9:112,1,13
السَّائِلَ,1,93:10,1,10
السَّابِقُونَ,1,56:10,1,13
السَّاجِدُونَ,1,9:112,1,13
السَّاحِرُونَ,1,10:77,1,13
السَّاخِرِينَ,1,39:56,1,13
السَّاقُ,1,75:29,1,8
السَّبُعُ,1,5:3,1,9
السَّبِيلَا,1,33:67,1,11
السَّبْتُ,1,16:124,1,9
السَّبْعُ,1,17:44,1,9
السَّبْعِ,1,23:86,1,9
السَّحَابَ,1,13:12,1,10
السَّحَابِ,1,27:88,1,10
السَّحَرَةَ,1,26:40,1,11
السَّدَّيْنِ,1,18:93,1,12
السَّرَائِرُ,1,86:9,1,12
السَّرَّاءِ,1,3:134,1,11
السَّرْدِ,1,34:11,1,9
السَّعْيَ,1,37:102,1,9
السَّفِينَةُ,1,18:79,1,12
السَّقْفُ,1,16:26,1,9
السَّلَامَ,1,4:94,1,10
السَّلَامُ,1,59:23,1,10
السَّلْمِ,1,47:35,1,9
السَّمْعِ,1,26:212,1,9
السَّوِيِّ,1,20:135,1,10
السَّيَّارَةِ,1,12:10,1,13
السَّيِّئَاتُ,1,11:10,1,13
السَّيِّئَةُ,1,41:34,1,12
السَّيِّئَةِ,1,7:95,1,12
السَّيِّئُ,1,35:43,1,10
السَّيِّئِ,1,35:43,1,10
السَّيْرَ,1,34:18,1,9
السَّيْلُ,1,13:17,1,9
السُّبُلَ,1,6:153,1,9
السُّفَهَاءَ,1,4:5,1,12
السُّفْلَى,1,9:40,1,10
السُّوءِ,1,7:165,1,8
السُّوأَى,1,30:10,1,9
السِّجِلِّ,1,21:104,1,10
السِّجْنَ,1,12:36,1,9
السِّجْنُ,1,12:33,1,9
السِّحْرُ,1,10:81,1,9
السِّحْرِ,1,20:73,1,9
السِّدْرَةَ,1,53:16,1,11
السِّقَايَةَ,1,12:70,1,12
السِّلْمِ,1,2:208,1,9
الشَّافِعِينَ,1,74:48,1,13
الشَّدِيدَ,1,10:70,1,10
الشَّدِيدِ,1,50:26,1,10
الشَّرَابُ,1,18:29,1,10
الشَّرَّ,1,10:11,1,8
الشَّكُورُ,1,34:13,1,10
الشَّهْرُ,1,2:194,1,9
الشَّهْرِ,1,2:217,1,9
الشَّوْكَةِ,1,8:7,1,11
الشُّحَّ,1,4:128,1,8
الشُّقَّةُ,1,9:42,1,10
الشُّهَدَاءُ,1,2:282,1,12
الشُّهَدَاءِ,1,2:282,1,12
الشُّهُورِ,1,9:36,1,10
الشِّتَاءِ,1,106:2,1,10
الشِّرْكَ,1,31:13,1,9
الشِّعْرَ,1,36:69,1,9
الشِّعْرَى,1,53:49,1,10
الصَّاخَّةُ,1,80:33,1,11
الصَّافُّونَ,1,37:165,1,12
الصَّافِنَاتُ,1,38:31,1,13
الصَّالِحُ,1,35:10,1,10
الصَّخْرَ,1,89:9,1,9
الصَّخْرَةِ,1,18:63,1,11
الصَّدَفَيْنِ,1,18:96,1,13
الصَّدَقَاتُ,1,9:60,1,12
الصَّدْعِ,1,86:12,1,9
الصَّرْحَ,1,27:44,1,9
الصَّفَا,1,2:158,1,8
الصَّفْحَ,1,15:85,1,9
الصَّلَاةُ,1,62:10,1,10
الصَّلَوَاتِ,1,2:238,1,12
الصَّمَدُ,1,112:2,1,9
الصَّوَاعِقَ,1,13:13,1,12
الصَّوَاعِقِ,1,2:19,1,12
الصَّيْحَةَ,1,50:42,1,11
الصَّيْدَ,1,5:95,1,9
الصُّحُفُ,1,81:10,1,9
الصُّدُورُ,1,40:19,1,10
الصُّلْبِ,1,86:7,1,9
الصِّدِّيقُ,1,12:46,1,11
الصِّدِّيقُونَ,1,57:19,1,14
الصِّدْقِ,1,46:16,1,9
الصِّيَامَ,1,2:187,1,10
الصِّيَامُ,1,2:183,1,10
الصِّيَامِ,1,2:187,1,10
الضَّأْنِ,1,6:143,1,9
الضَّرَرِ,1,4:95,1,9
الضَّرَّاءُ,1,7:95,1,11
الضَّلَالَةِ,1,19:75,1,12
الضُّرَّ,1,16:54,1,8
الضُّرِّ,1,17:56,1,8
الضُّعَفَاءِ,1,9:91,1,12
الضِّعْفِ,1,34:37,1,9
الطَّائِفَتَيْنِ,1,8:7,1,16
الطَّارِقُ,1,86:2,1,10
الطَّاغُوتُ,1,2:257,1,11
الطَّالِبُ,1,22:73,1,10
الطَّامَّةُ,1,79:34,1,11
الطَّرِيقَةِ,1,72:16,1,12
الطَّعَامِ,1,3:93,1,10
الطَّلَاقَ,1,2:227,1,10
الطَّلَاقُ,1,2:229,1,10
الطَّيْرَ,1,27:20,1,9
الطُّوفَانَ,1,7:133,1,11
الطُّوفَانُ,1,29:14,1,11
الطِّفْلِ,1,24:31,1,9
الظَّالِمُ,1,25:27,1,10
الظَّالِمِ,1,4:75,1,10
الظَّانِّينَ,1,48:6,1,12
الظَّمْآنُ,1,24:39,1,10
الظَّهِيرَةِ,1,24:58,1,12
الظُّلَّةِ,1,26:189,1,10
الظُّنُونَا,1,33:10,1,11
الظِّلَّ,1,25:45,1,8
الظِّلُّ,1,35:21,1,8
الظِّلِّ,1,28:24,1,8
اللَّاتَ,1,53:19,1,8
اللَّاعِبِينَ,1,21:55,1,13
اللَّاعِنُونَ,1,2:159,1,13
اللَّذَيْنِ,1,41:29,1,11
اللَّعْنَةَ,1,15:35,1,11
اللَّغْوَ,1,28:55,1,9
اللَّغْوِ,1,23:3,1,9
اللَّمَمَ,1,53:32,1,9
اللَّهَبِ,1,77:31,1,9
اللَّهْوِ,1,62:11,1,9
اللَّوَّامَةِ,1,75:2,1,13
اللُّؤْلُؤُ,1,55:22,1,11
اللُّؤْلُؤِ,1,56:23,1,11
المر,1,13:1,1,4
المص,1,7:1,1,4
النَّادِمِينَ,1,5:31,1,13
النَّاصِرِينَ,1,3:150,1,13
النَّاظِرِينَ,1,2:69,1,13
النَّاقَةِ,1,54:27,1,10
النَّاقُورِ,1,74:8,1,11
النَّبَإِ,1,78:2,1,9
النَّجَاةِ,1,40:41,1,10
النَّجْدَيْنِ,1,90:10,1,13
النَّجْمُ,1,86:3,1,9
النَّحْلِ,1,16:68,1,9
النَّخِيلِ,1,16:67,1,10
النَّسِيءُ,1,9:37,1,10
النَّعَمِ,1,5:95,1,9
النَّعْمَةِ,1,73:11,1,11
النَّفَّاثَاتِ,1,113:4,1,14
النَّفْسُ,1,89:27,1,9
النَّمْلُ,1,27:18,1,9
النَّمْلِ,1,27:18,1,9
النُّجُومَ,1,6:97,1,10
النُّذُرِ,1,53:56,1,9
النُّصُبِ,1,5:3,1,9
النُّطْفَةَ,1,23:14,1,11
النُّعَاسَ,1,8:11,1,10
النُّفُوسُ,1,81:7,1,10
النُّورَ,1,7:157,1,8
النُّورُ,1,35:20,1,8
النُّونِ,1,21:87,1,8
النِّسَاءُ,1,33:52,1,10
النِّسْوَةِ,1,12:50,1,11
النِّصْفُ,1,4:11,1,9
النِّفَاقِ,1,9:101,1,10
النِّكَاحَ,1,4:6,1,10
الِاسْمُ,1,49:11,1,8
الْآثِمِينَ,1,5:106,1,11
الْآخَرِ,1,5:27,1,8
الْآزِفَةُ,1,53:57,1,10
الْآزِفَةِ,1,40:18,1,10
الْآفَاقِ,1,41:53,1,9
الْآفِلِينَ,1,6:76,1,11
الْآلِهَةَ,1,38:5,1,10
الْآمِرُونَ,1,9:112,1,11
الْآمِنِينَ,1,28:31,1,11
الْآيَةَ,1,79:20,1,8
الْأَبْتَرُ,1,108:3,1,11
الْأَبْصَارَ,1,6:103,1,12
الْأَبْوَابَ,1,12:23,1,12
الْأَبْوَابُ,1,38:50,1,12
الْأَبْيَضُ,1,2:187,1,11
الْأَتْقَى,1,92:17,1,10
الْأَثِيمِ,1,44:44,1,10
الْأَجَلَ,1,28:29,1,9
الْأَجَلَيْنِ,1,28:28,1,13
الْأَحْبَارِ,1,9:34,1,12
الْأَحْلَامِ,1,12:44,1,12
الْأَحْمَالِ,1,65:4,1,12
الْأَحْيَاءُ,1,35:22,1,12
الْأَخِ,1,4:23,1,7
الْأَخِلَّاءُ,1,43:67,1,13
الْأَخْسَرِينَ,1,21:70,1,14
الْأَخْضَرِ,1,36:80,1,11
الْأَذَلَّ,1,63:8,1,10
الْأَذَلِّينَ,1,58:20,1,13
الْأَذْقَانِ,1,36:8,1,12
الْأَرْحَامُ,1,13:8,1,12
الْأَرْذَلُونَ,1,26:111,1,14
الْأَسْبَابَ,1,40:36,1,12
الْأَسْبَابُ,1,2:166,1,12
الْأَسْبَابِ,1,38:10,1,12
الْأَسْرَى,1,8:70,1,10
الْأَسْفَلِ,1,4:145,1,11
الْأَسْمَاءَ,1,2:31,1,12
الْأَسْوَدِ,1,2:187,1,11
الْأَشِرُ,1,54:26,1,9
الْأَشْرَارِ,1,38:62,1,12
الْأَشْهُرُ,1,9:5,1,11
الْأَصْنَامَ,1,14:35,1,12
الْأَصْوَاتُ,1,20:108,1,12
الْأَصْوَاتِ,1,31:19,1,12
الْأَطْفَالُ,1,24:59,1,12
الْأَعَزُّ,1,63:8,1,10
الْأَعْجَمِينَ,1,26:198,1,14
الْأَعْدَاءَ,1,7:150,1,12
الْأَعْنَاقِ,1,8:12,1,12
الْأَعْيُنُ,1,43:71,1,11
الْأَعْيُنِ,1,40:19,1,11
الْأَغْلَالَ,1,34:33,1,12
الْأَغْنِيَاءِ,1,59:7,1,14
الْأَفْئِدَةِ,1,104:7,1,13
الْأَقَاوِيلِ,1,69:44,1,13
الْأَقْدَامَ,1,8:11,1,12
الْأَقْدَمُونَ,1,26:76,1,14
الْأَقْرَبِينَ,1,26:214,1,14
الْأَقْصَى,1,17:1,1,10
الْأَكْبَرَ,1,88:24,1,11
الْأَكْبَرُ,1,21:103,1,11
الْأَكْرَمُ,1,96:3,1,11
الْأَكْمَامِ,1,55:11,1,12
الْأَلِيمُ,1,15:50,1,10
الْأَلِيمِ,1,37:38,1,10
الْأَلْوَاحِ,1,7:145,1,12
الْأَمَانَاتِ,1,4:58,1,13
الْأَمَانَةَ,1,33:72,1,12
الْأَمَانِيُّ,1,57:14,1,13
الْأَمَدُ,1,57:16,1,9
الْأَمَلُ,1,15:3,1,9
الْأَمِينِ,1,95:3,1,10
الْأَمْنُ,1,6:82,1,9
الْأَمْنِ,1,4:83,1,9
الْأَمْوَاتُ,1,35:22,1,12
الْأَنَامِلَ,1,3:119,1,12
الْأَنْبَاءُ,1,28:66,1,12
الْأَنْبَاءِ,1,54:4,1,12
الْأَنْعَامَ,1,40:79,1,12
الْأَنْفَالُ,1,8:1,1,12
الْأَنْفَالِ,1,8:1,1,12
الْأَنْفُسَ,1,39:42,1,11
الْأَنْفُسِ,1,16:7,1,11
الْأَهِلَّةِ,1,2:189,1,12
الْأَوَّلُ,1,57:3,1,10
الْأَوَّلِ,1,50:15,1,10
الْأَوْثَانِ,1,22:30,1,12
الْأَوْفَى,1,53:41,1,10
الْأَوْلَيَانِ,1,5:107,1,14
الْأَيَامَى,1,24:32,1,11
الْأَيَّامُ,1,3:140,1,11
الْأَيَّامِ,1,69:24,1,11
الْأَيْدِ,1,38:17,1,9
الْأَيْدِي,1,38:45,1,10
الْأَيْمَنَ,1,20:80,1,11
الْأُخْتَيْنِ,1,4:23,1,13
الْأُخْتِ,1,4:23,1,9
الْأُخْدُودِ,1,85:4,1,12
الْأُكُلِ,1,13:4,1,9
الْأُمَمِ,1,35:42,1,9
الْأُمُورَ,1,9:48,1,10
الْأُمِّيَّ,1,7:157,1,11
الْأُمِّيِّ,1,7:158,1,11
الْإِحْسَانُ,1,55:60,1,12
الْإِحْسَانِ,1,55:60,1,12
الْإِرْبَةِ,1,24:31,1,11
الْإِسْلَامَ,1,5:3,1,12
الْإِسْلَامُ,1,3:19,1,12
الْإِصْبَاحِ,1,6:96,1,12
الْإِصْلَاحَ,1,11:88,1,12
الْإِنْفَاقِ,1,17:100,1,12
الْبَأْسَ,1,33:18,1,9
الْبَأْسَاءُ,1,2:214,1,12
الْبَأْسَاءِ,1,2:177,1,12
الْبَأْسِ,1,2:177,1,9
الْبَائِسَ,1,22:28,1,10
الْبَابِ,1,12:25,1,8
الْبَارِئُ,1,59:24,1,10
الْبَاطِلِ,1,21:18,1,10
الْبَالِغَةُ,1,6:149,1,12
الْبَحْرَانِ,1,35:12,1,12
الْبَدْوِ,1,12:100,1,9
الْبَرُّ,1,52:28,1,8
الْبَرْقُ,1,2:20,1,9
الْبَسْطِ,1,17:29,1,9
الْبَشِيرُ,1,12:96,1,10
الْبَصَرِ,1,16:77,1,9
الْبَطْشَةَ,1,44:16,1,11
الْبَعِيدِ,1,34:8,1,10
الْبَغْضَاءُ,1,3:118,1,12
الْبَغْيُ,1,42:39,1,9
الْبَقَرَ,1,2:70,1,9
الْبَلَاءُ,1,37:106,1,10
الْبَلَدَ,1,14:35,1,9
الْبَلْدَةِ,1,27:91,1,11
الْبَنِينَ,1,37:153,1,10
الْبَوَارِ,1,14:28,1,10
الْبَيَانَ,1,55:4,1,10
الْبَيْعُ,1,2:275,1,9
الْبُرُوجِ,1,85:1,1,10
الْبُطُونِ,1,44:45,1,10
الْبُقْعَةِ,1,28:30,1,11
الْبُكْمُ,1,8:22,1,9
الْبِرُّ,1,2:189,1,8
الْبِرِّ,1,5:2,1,8
الْبِغَاءِ,1,24:33,1,10
الْتَقَتَا,1,3:13,1,10
الْتَقَيْتُمْ,1,8:44,1,13
الْجَارِيَةِ,1,69:11,1,12
الْجَانَّ,1,55:15,1,9
الْجَاهِلُ,1,2:273,1,10
الْجَبَلَ,1,7:171,1,9
الْجَبَلِ,1,7:143,1,9
الْجَبَّارُ,1,59:23,1,11
الْجَزَاءَ,1,53:41,1,10
الْجَلَاءَ,1,59:3,1,10
الْجَمَلُ,1,7:40,1,9
الْجَمِيلَ,1,15:85,1,10
الْجَمْعُ,1,54:45,1,9
الْجَنَّاتِ,1,42:22,1,11
الْجَهْرِ,1,7:205,1,9
الْجَوَارِحِ,1,5:4,1,12
الْجُرُزِ,1,32:27,1,9
الْجُمُعَةِ,1,62:9,1,11
الْجُنُبِ,1,4:36,1,9
الْجُنُودِ,1,85:17,1,10
الْجُودِيِّ,1,11:44,1,11
الْجُوعِ,1,16:112,1,8
الْجِدَارُ,1,18:82,1,10
الْجِزْيَةَ,1,9:29,1,11
الْجِنَّةُ,1,37:158,1,10
الْجِنُّ,1,34:14,1,8
الْجِيَادُ,1,38:31,1,10
الْحَاجِّ,1,9:19,1,9
الْحَاسِبِينَ,1,6:62,1,13
الْحَافِرَةِ,1,79:10,1,12
الْحَامِدُونَ,1,9:112,1,13
الْحَبِّ,1,6:95,1,8
الْحَجُّ,1,2:197,1,8
الْحَدِيدِ,1,18:96,1,10
الْحَرَامُ,1,2:194,1,10
الْحَرَّ,1,16:81,1,8
الْحَرُورُ,1,35:21,1,10
الْحَرِّ,1,9:81,1,8
الْحَرْبُ,1,47:4,1,9
الْحَرْبِ,1,8:57,1,9
الْحَزَنَ,1,35:34,1,9
الْحَسَنَاتِ,1,11:114,1,12
الْحَسَنَةَ,1,7:95,1,11
الْحَسْرَةِ,1,19:39,1,11
الْحَشْرِ,1,59:2,1,9
الْحَصِيدِ,1,50:9,1,10
الْحَطَبِ,1,111:4,1,9
الْحَلِيمُ,1,11:87,1,10
الْحَمِيرِ,1,31:19,1,10
الْحَمِيمُ,1,22:19,1,10
الْحَمِيَّةَ,1,48:26,1,12
الْحَنَاجِرَ,1,33:10,1,12
الْحَنَاجِرِ,1,40:18,1,12
الْحَوَارِيِّينَ,1,5:111,1,16
الْحَوَايَا,1,6:146,1,11
الْحَوْلِ,1,2:240,1,9
الْحَيَوَانُ,1,29:64,1,12
الْحُبُكِ,1,51:7,1,9
الْحُجَّةُ,1,6:149,1,10
الْحُجُرَاتِ,1,49:4,1,12
الْحُرُمُ,1,9:5,1,9
الْحُرُّ,1,2:178,1,8
الْحُزْنِ,1,12:84,1,9
الْحُسْنَيَيْنِ,1,9:52,1,15
الْحُطَمَةُ,1,104:5,1,11
الْحُطَمَةِ,1,104:4,1,11
الْحُكَّامِ,1,2:188,1,11
الْحُكْمَ,1,19:12,1,9
الْحُلْقُومَ,1,56:83,1,12
الْحُوتَ,1,18:63,1,8
الْحُوتُ,1,37:142,1,8
الْحُوتِ,1,68:48,1,8
الْحِجَارَةِ,1,2:74,1,12
الْحِجْرِ,1,15:80,1,9
الْحِزْبَيْنِ,1,18:12,1,13
الْحِكْمَةِ,1,17:39,1,11
الْحِلْيَةِ,1,43:18,1,11
الْحِمَارِ,1,62:5,1,10
الْحِنْثِ,1,56:46,1,9
الْخَائِضِينَ,1,74:45,1,13
الْخَاشِعِينَ,1,2:45,1,13
الْخَاطِئُونَ,1,69:37,1,13
الْخَاطِئِينَ,1,12:29,1,13
الْخَالِدُونَ,1,21:34,1,13
الْخَالِدِينَ,1,7:20,1,13
الْخَالِصُ,1,39:3,1,10
الْخَالِفِينَ,1,9:83,1,13
الْخَالِقُ,1,59:24,1,10
الْخَالِيَةِ,1,69:24,1,12
الْخَبِيثَاتُ,1,24:26,1,13
الْخَبِيثُ,1,5:100,1,10
الْخَبِيثِ,1,5:100,1,10
الْخَبْءَ,1,27:25,1,9
الْخَرَّاصُونَ,1,51:10,1,14
الْخَصْمِ,1,38:21,1,9
الْخَطْفَةَ,1,37:10,1,11
الْخَمْرُ,1,5:90,1,9
الْخَنَّاسِ,1,114:4,1,11
الْخَيْرَ,1,22:77,1,9
الْخَيْرَاتُ,1,9:88,1,12
الْخَيْطُ,1,2:187,1,9
الْخَيْطِ,1,2:187,1,9
الْخَيْلِ,1,8:60,1,9
الْخُرُوجَ,1,9:46,1,10
الْخُرُوجُ,1,50:11,1,10
الْخُرُوجِ,1,50:42,1,10
الْخُرْطُومِ,1,68:16,1,12
الْخُلَطَاءِ,1,38:24,1,12
الْخُلُودِ,1,50:34,1,10
الْخُلْدَ,1,21:34,1,9
الْخِزْيُ,1,9:63,1,9
الْخِيَاطِ,1,7:40,1,10
الْخِيَامِ,1,55:72,1,10
الْعَابِدُونَ,1,9:112,1,13
الْعَابِدِينَ,1,43:81,1,13
الْعَادِّينَ,1,23:113,1,12
الْعَاقِبَةَ,1,11:49,1,12
الْعَاكِفُ,1,22:25,1,10
الْعَالِمُونَ,1,29:43,1,13
الْعَالِينَ,1,38:75,1,11
الْعَامِلُونَ,1,37:61,1,13
الْعَدَاوَةُ,1,60:4,1,12
الْعَدُوُّ,1,63:4,1,10
الْعَرِمِ,1,34:16,1,9
الْعَرْشَ,1,40:7,1,9
الْعَزْمِ,1,46:35,1,9
الْعَشِيرُ,1,22:13,1,10
الْعَصْفِ,1,55:12,1,9
الْعَظِيمَ,1,15:87,1,10
الْعَظْمُ,1,19:4,1,9
الْعَقَبَةَ,1,90:11,1,11
الْعَقَبَةُ,1,90:12,1,11
الْعَقِيمَ,1,51:41,1,10
الْعَلَقَةَ,1,23:14,1,11
الْعَلِيِّ,1,40:12,1,10
الْعَمَى,1,41:17,1,8
الْعَنَتَ,1,4:25,1,9
الْعَهْدَ,1,17:34,1,9
الْعَهْدُ,1,20:86,1,9
الْعَيْنِ,1,3:13,1,9
الْعُسْرَ,1,2:185,1,9
الْعُسْرَةِ,1,9:117,1,11
الْعُقَدِ,1,113:4,1,9
الْعُلَمَاءُ,1,35:28,1,12
الْعُلْيَا,1,9:40,1,10
الْعُيُونِ,1,36:34,1,10
الْعِزَّةِ,1,37:180,1,10
الْعِشَاءِ,1,24:58,1,10
الْعِشَارُ,1,81:4,1,10
الْعِظَامِ,1,2:259,1,10
الْعِمَادِ,1,89:7,1,10
الْغَائِبِينَ,1,27:20,1,13
الْغَارِ,1,9:40,1,8
الْغَاشِيَةِ,1,88:1,1,12
الْغَافِرِينَ,1,7:155,1,13
الْغَافِلَاتِ,1,24:23,1,13
الْغَاوُونَ,1,26:224,1,11
الْغَرَقُ,1,10:90,1,9
الْغَرْبِيِّ,1,28:44,1,12
الْغَضَبُ,1,7:154,1,9
الْغَفَّارِ,1,40:42,1,11
الْغَمَامِ,1,2:210,1,10
الْغَيْظَ,1,3:134,1,9
الْغُرَابِ,1,5:31,1,10
الْغُرُفَاتِ,1,34:37,1,12
الْغُرُوبِ,1,50:39,1,10
الْغُرْفَةَ,1,25:75,1,11
الْغُلَامُ,1,18:80,1,10
الْفَاتِحِينَ,1,7:89,1,13
الْفَاحِشَةُ,1,24:19,1,12
الْفَاصِلِينَ,1,6:57,1,13
الْفَتَّاحُ,1,34:26,1,11
الْفَجَرَةُ,1,80:42,1,11
الْفَرِحِينَ,1,28:76,1,12
الْفَرِيضَةِ,1,4:24,1,12
الْفَزَعُ,1,21:103,1,9
الْفَسَادُ,1,30:41,1,10
الْفَسَادِ,1,11:116,1,10
الْفَقِيرَ,1,22:28,1,10
الْفَقْرَ,1,2:268,1,9
الْفَلَقِ,1,113:1,1,9
الْفُؤَادُ,1,53:11,1,10
الْفُجَّارَ,1,82:14,1,11
الْفُجَّارِ,1,83:7,1,11
الْفُرْقَانِ,1,8:41,1,12
الْفُسُوقُ,1,49:11,1,10
الْفُقَرَاءَ,1,2:271,1,12
الْفِئَتَانِ,1,8:48,1,12
الْفِتْيَةُ,1,18:10,1,11
الْفِرَارُ,1,33:16,1,10
الْفِرَاقُ,1,75:28,1,10
الْفِرْدَوْسَ,1,23:11,1,13
الْفِرْدَوْسِ,1,18:107,1,13
الْفِيلِ,1,105:1,1,8
الْقَادِرُ,1,6:65,1,10
الْقَادِرُونَ,1,77:23,1,13
الْقَاضِيَةَ,1,69:27,1,12
الْقَاعِدُونَ,1,4:95,1,13
الْقَالِينَ,1,26:168,1,11
الْقَانِتِينَ,1,66:12,1,13
الْقَانِطِينَ,1,15:55,1,13
الْقَانِعَ,1,22:36,1,10
الْقَتْلَى,1,2:178,1,10
الْقَتْلُ,1,3:154,1,9
الْقَدِيرُ,1,30:54,1,10
الْقَرَارِ,1,40:39,1,10
الْقَرِينُ,1,43:38,1,10
الْقَرْحُ,1,3:172,1,9
الْقَرْيَتَيْنِ,1,43:31,1,15
الْقَصَصُ,1,3:62,1,9
الْقَصَصِ,1,12:3,1,9
الْقَلَائِدَ,1,5:2,1,12
الْقَلْبِ,1,3:159,1,9
الْقَوَاعِدَ,1,2:127,1,12
الْقَوَاعِدِ,1,16:26,1,12
الْقَيُّومِ,1,20:111,1,11
الْقَيِّمَةِ,1,98:5,1,12
الْقَيِّمِ,1,30:43,1,10
الْقُبُورُ,1,82:4,1,10
الْقُدُّوسُ,1,59:23,1,11
الْقُدُّوسِ,1,62:1,1,11
الْقُرُونُ,1,46:17,1,10
الْقُصْوَى,1,8:42,1,10
الْقُلُوبِ,1,22:32,1,10
الْقُوَى,1,53:5,1,8
الْقُوَّةَ,1,2:165,1,10
الْقِبْلَةَ,1,2:143,1,11
الْقِتَالِ,1,8:65,1,10
الْقِرَدَةَ,1,5:60,1,11
الْقِسْطَ,1,21:47,1,9
الْقِسْمَةَ,1,4:8,1,11
الْقِصَاصُ,1,2:178,1,10
الْقِصَاصِ,1,2:179,1,10
الْقِطْرِ,1,34:12,1,9
الْكَبِيرِ,1,40:12,1,10
الْكَذَّابُ,1,54:26,1,11
الْكَذِبِ,1,58:14,1,9
الْكَرَّةَ,1,17:6,1,10
الْكَرِيمُ,1,44:49,1,10
الْكَعْبَةَ,1,5:97,1,11
الْكَعْبَةِ,1,5:95,1,11
الْكَعْبَيْنِ,1,5:6,1,13
الْكَفَرَةُ,1,80:42,1,11
الْكَفُورَ,1,34:17,1,10
الْكَلَالَةِ,1,4:176,1,12
الْكَلِمُ,1,35:10,1,9
الْكَلْبِ,1,7:176,1,9
الْكَوَافِرِ,1,60:10,1,12
الْكَوَاكِبُ,1,82:2,1,12
الْكَوَاكِبِ,1,37:6,1,12
الْكَوْثَرَ,1,108:1,1,11
الْكَيْلُ,1,12:63,1,9
الْكُبَرِ,1,74:35,1,9
الْكُنَّسِ,1,81:16,1,10
الْكُنُوزِ,1,28:76,1,10
الْكِبَرَ,1,17:23,1,9
الْمَآبِ,1,3:14,1,8
الْمَاعُونَ,1,107:7,1,11
الْمَالُ,1,18:46,1,8
الْمَالِ,1,2:247,1,8
الْمَاهِدُونَ,1,51:48,1,13
الْمَبْثُوثِ,1,101:4,1,12
الْمَتِينُ,1,51:58,1,10
الْمَثَانِي,1,15:87,1,11
الْمَثُلَاتُ,1,13:6,1,12
الْمَجَالِسِ,1,58:11,1,12
الْمَجِيدُ,1,85:15,1,10
الْمَجِيدِ,1,50:1,1,10
الْمَخَاضُ,1,19:23,1,10
الْمَدِينَةَ,1,28:15,1,12
الْمَرَاضِعَ,1,28:12,1,12
الْمَرَافِقِ,1,5:6,1,12
الْمَرْجُومِينَ,1,26:116,1,15
الْمَرْضَى,1,9:91,1,10
الْمَرْعَى,1,87:4,1,10
الْمَرْفُودُ,1,11:99,1,12
الْمَرْفُوعِ,1,52:5,1,12
الْمَسَاجِدَ,1,72:18,1,12
الْمَسَاجِدِ,1,2:187,1,12
الْمَسَاقُ,1,75:30,1,10
الْمَسِّ,1,2:275,1,8
الْمَسْجُورِ,1,52:6,1,12
الْمَسْجُونِينَ,1,26:29,1,15
الْمَسْكَنَةُ,1,3:112,1,13
الْمَشْعَرِ,1,2:198,1,11
الْمَعَارِجِ,1,70:3,1,12
الْمَعْرُوفِ,1,9:67,1,12
الْمَعْزِ,1,6:143,1,9
الْمَعْمُورِ,1,52:4,1,12
الْمَغْرِبَيْنِ,1,55:17,1,15
الْمَغْرِبِ,1,2:258,1,11
الْمَغْشِيِّ,1,47:20,1,12
الْمَغْضُوبِ,1,1:7,1,12
الْمَفَرُّ,1,75:10,1,10
الْمَفْتُونُ,1,68:6,1,12
الْمَقَابِرَ,1,102:2,1,12
الْمَقْبُوحِينَ,1,28:42,1,15
الْمَكِيدُونَ,1,52:42,1,13
الْمَكْنُونِ,1,56:23,1,12
الْمَلَأَ,1,28:20,1,9
الْمَلَكَيْنِ,1,2:102,1,13
الْمَلْعُونَةَ,1,17:60,1,14
الْمَمَاتِ,1,17:75,1,10
الْمَنَامِ,1,37:102,1,10
الْمَنُونِ,1,52:30,1,10
الْمَنْصُورُونَ,1,37:172,1,15
الْمَنْفُوشِ,1,101:5,1,12
الْمَوَازِينَ,1,21:47,1,13
الْمَوَالِيَ,1,19:5,1,12
الْمَوَدَّةَ,1,42:23,1,12
الْمَوْءُودَةُ,1,81:8,1,14
الْمَوْتَةَ,1,44:56,1,11
الْمَوْرُودُ,1,11:98,1,12
الْمَوْعُودِ,1,85:2,1,12
الْمَوْلُودِ,1,2:233,1,12
الْمَيْلِ,1,4:129,1,9
الْمُؤْمِنُ,1,59:23,1,11
الْمُبَارَكَةِ,1,28:30,1,14
الْمُبَذِّرِينَ,1,17:27,1,15
الْمُتَرَبِّصِينَ,1,52:31,1,17
الْمُتَصَدِّقِينَ,1,12:88,1,17
الْمُتَطَهِّرِينَ,1,2:222,1,17
الْمُتَعَالِ,1,13:9,1,12
الْمُتَكَبِّرُ,1,59:23,1,14
الْمُتَكَلِّفِينَ,1,38:86,1,17
الْمُتَلَقِّيَانِ,1,50:17,1,17
الْمُتَنَافِسُونَ,1,83:26,1,17
الْمُتَوَكِّلِينَ,1,3:159,1,17
الْمُثْلَى,1,20:63,1,10
الْمُجِيبُونَ,1,37:75,1,13
الْمُجْرِمُ,1,70:11,1,11
الْمُحَرَّمِ,1,14:37,1,12
الْمُحْتَظِرِ,1,54:31,1,13
الْمُخْبِتِينَ,1,22:34,1,14
الْمُخْرَجِينَ,1,26:167,1,14
الْمُخْسِرِينَ,1,26:181,1,14
الْمُدَّثِّرُ,1,74:1,1,13
الْمُدْحَضِينَ,1,37:141,1,14
الْمُزَّمِّلُ,1,73:1,1,13
الْمُزْنِ,1,56:69,1,9
الْمُسَبِّحُونَ,1,37:166,1,15
الْمُسَبِّحِينَ,1,37:143,1,15
الْمُسَخَّرِ,1,2:164,1,12
الْمُسَوَّمَةِ,1,3:14,1,14
الْمُسِيءُ,1,40:58,1,10
الْمُسْتَأْخِرِينَ,1,15:24,1,18
الْمُسْتَبِينَ,1,37:117,1,14
الْمُسْتَضْعَفِينَ,1,4:98,1,18
الْمُسْتَقَرُّ,1,75:12,1,14
الْمُسْتَقْدِمِينَ,1,15:24,1,18
الْمُسْتَكْبِرِينَ,1,16:23,1,18
الْمُسْتَهْزِئِينَ,1,15:95,1,18
الْمُسْلِمُونَ,1,72:14,1,14
الْمُشْرِكَاتِ,1,2:221,1,14
الْمُصَدِّقِينَ,1,37:52,1,15
الْمُصَوِّرُ,1,59:24,1,12
الْمُصَيْطِرُونَ,1,52:37,1,16
الْمُصَّدِّقِينَ,1,57:18,1,16
الْمُصْطَفَيْنَ,1,38:47,1,15
الْمُصْلِحِ,1,2:220,1,11
الْمُضِلِّينَ,1,18:51,1,13
الْمُضْطَرَّ,1,27:62,1,12
الْمُضْعِفُونَ,1,30:39,1,14
الْمُضْغَةَ,1,23:14,1,11
الْمُطَهَّرُونَ,1,56:79,1,15
الْمُطَّهِّرِينَ,1,9:108,1,16
الْمُطَّوِّعِينَ,1,9:79,1,16
الْمُطْمَئِنَّةُ,1,89:27,1,16
الْمُعَذَّبِينَ,1,26:213,1,15
الْمُعَذِّرُونَ,1,9:90,1,15
الْمُعَوِّقِينَ,1,33:18,1,15
الْمُعْتَبِينَ,1,41:24,1,14
الْمُعْتَدُونَ,1,9:10,1,14
الْمُعْصِرَاتِ,1,78:14,1,14
الْمُغْرَقِينَ,1,11:43,1,14
الْمُفْتَرِينَ,1,7:152,1,14
الْمُفْسِدَ,1,2:220,1,11
الْمُفْسِدُونَ,1,2:12,1,14
الْمُفْلِحِينَ,1,28:67,1,14
الْمُقَامَةِ,1,35:35,1,12
الْمُقَدَّسَةَ,1,5:21,1,14
الْمُقَنْطَرَةِ,1,3:14,1,15
الْمُقْتَسِمِينَ,1,15:90,1,16
الْمُقْتِرِ,1,2:236,1,11
الْمُكَذِّبُونَ,1,56:51,1,15
الْمُلُوكَ,1,27:34,1,10
الْمُلْقِينَ,1,7:115,1,12
الْمُنَادِ,1,50:41,1,10
الْمُنْتَصِرِينَ,1,28:81,1,16
الْمُنْزِلُونَ,1,56:69,1,14
الْمُنْشَآتُ,1,55:24,1,12
الْمُنْشِئُونَ,1,56:72,1,14
الْمُهَيْمِنُ,1,59:23,1,13
الْمُهْتَدُونَ,1,2:157,1,14
الْمُهْتَدِي,1,7:178,1,12
الْمُهْلَكِينَ,1,23:48,1,14
الْمُوسِعِ,1,2:236,1,10
الْمُوقَدَةُ,1,104:6,1,12
الْمُوقِنِينَ,1,6:75,1,13
الْمِحَالِ,1,13:13,1,10
الْمِسْكِينَ,1,74:44,1,12
الْمِصْبَاحُ,1,24:35,1,12
الْمِلَّةِ,1,38:7,1,10
الْمِيثَاقَ,1,13:20,1,11
الْمِيزَانِ,1,55:8,1,11
الْمِيعَادِ,1,8:42,1,11
الْهَالِكِينَ,1,12:85,1,13
الْهَدْيَ,1,5:2,1,9
الْهَدْيُ,1,2:196,1,9
الْهُدْهُدَ,1,27:20,1,11
الْهِيمِ,1,56:55,1,8
الْوَادِ,1,28:30,1,8
الْوَارِثِ,1,2:233,1,10
الْوَاعِظِينَ,1,26:136,1,13
الْوَالِدَيْنِ,1,4:135,1,14
الْوَتِينَ,1,69:46,1,10
الْوَثَاقَ,1,47:4,1,10
الْوَدُودُ,1,85:14,1,10
الْوَرِيدِ,1,50:16,1,10
الْوَزْنَ,1,55:9,1,9
الْوَسْوَاسِ,1,114:4,1,12
الْوَصِيَّةُ,1,2:180,1,12
الْوَصِيَّةِ,1,5:106,1,12
الْوَعْدَ,1,21:9,1,9
الْوَعْدِ,1,19:54,1,9
الْوَقُودِ,1,85:5,1,10
الْوَكِيلُ,1,3:173,1,10
الْوَلَايَةُ,1,18:44,1,12
الْوَهَّابِ,1,38:9,1,11
الْوَيْلُ,1,21:18,1,9
الْوُجُوهَ,1,18:29,1,10
الْوُجُوهُ,1,20:111,1,10
الْوُحُوشُ,1,81:5,1,10
الْوُسْطَى,1,2:238,1,10
الْوِرْدُ,1,11:98,1,9
الْوِلْدَانَ,1,73:17,1,12
الْوِلْدَانِ,1,4:127,1,12
الْيَاقُوتُ,1,55:58,1,11
الْيَمُّ,1,20:39,1,8
الْيَوْمِ,1,76:11,1,9
الْيُسْرَ,1,2:185,1,9
امْتَحَنَ,1,49:3,1,9
امْتَلَأْتِ,1,50:30,1,11
امْرَأَ,1,19:28,1,7
امْرَأَةً,1,27:23,1,9
امْرَأَتَيْنِ,1,28:23,1,13
امْرَأَتُهُ,1,51:29,1,11
امْرُؤٌ,1,4:176,1,7
امْشُوا,1,38:6,1,7
انْبَعَثَ,1,91:12,1,9
انْبِعَاثَهُمْ,1,9:46,1,14
انْتَبَذَتْ,1,19:16,1,11
انْتَثَرَتْ,1,82:2,1,11
انْتَصَرَ,1,42:41,1,9
انْتَظِرُوا,1,6:158,1,11
انْتَقَمْنَا,1,43:55,1,12
انْتَهُوا,1,4:171,1,9
انْسَلَخَ,1,9:5,1,9
انْشَقَّتِ,1,55:37,1,10
انْشَقَّتْ,1,84:1,1,10
انْشُزُوا,1,58:11,1,9
انْصَرَفُوا,1,9:127,1,11
انْطَلَقْتُمْ,1,48:15,1,13
انْظُرُونَا,1,57:13,1,11
انْظُرْنَا,1,2:104,1,10
انْفَضُّوا,1,62:11,1,10
انْفَطَرَتْ,1,82:1,1,11
انْفُخُوا,1,18:96,1,9
انْفِصَامَ,1,2:256,1,10
انْقَلَبَ,1,22:11,1,9
انْقُصْ,1,73:3,1,7
انْكَدَرَتْ,1,81:2,1,11
اهْبِطَا,1,20:123,1,8
اهْبِطْ,1,11:48,1,7
اهْتَدَيْتُ,1,34:50,1,11
اهْتَدَيْتُمْ,1,5:105,1,13
اهْدِنَا,1,1:6,1,8
بَأْسٌ,1,57:25,1,6
بَأْسَكُمْ,1,16:81,1,10
بَأْسُهُ,1,6:147,1,8
بَأْسُهُمْ,1,59:14,1,10
بَأْسِ,1,40:29,1,6
بَأْسِكُمْ,1,21:80,1,10
بَئِيسٍ,1,7:165,1,7
بَابٌ,1,57:13,1,5
بَادُونَ,1,33:20,1,8
بَادِيَ,1,11:27,1,7
بَارِدٌ,1,38:42,1,7
بَارِدٍ,1,56:44,1,7
بَارِزَةً,1,18:47,1,9
بَارِزُونَ,1,40:16,1,10
بَازِغًا,1,6:77,1,8
بَازِغَةً,1,6:78,1,9
بَاسِرَةٌ,1,75:24,1,9
بَاسِطٌ,1,18:18,1,7
بَاسِطُو,1,6:93,1,8
بَاسِقَاتٍ,1,50:10,1,10
بَاشِرُوهُنَّ,1,2:187,1,13
بَاطِنُهُ,1,57:13,1,9
بَاعِدْ,1,34:19,1,7
بَاقٍ,1,16:96,1,5
بَاقِيَةً,1,43:28,1,9
بَاقِيَةٍ,1,69:8,1,9
بَالِغَ,1,5:95,1,7
بَالِغُ,1,65:3,1,7
بَالِغُوهُ,1,7:135,1,10
بَالِغِيهِ,1,16:7,1,10
بَايَعْتُمْ,1,9:111,1,11
بَثَّ,1,42:29,1,5
بَثِّي,1,12:86,1,6
بَحِيرَةٍ,1,5:103,1,9
بَحْرٍ,1,24:40,1,6
بَخِلَ,1,92:8,1,6
بَخْسًا,1,72:13,1,7
بَخْسٍ,1,12:20,1,6
بَدَءُوكُمْ,1,9:13,1,11
بَدَأَ,1,29:20,1,6
بَدَأَكُمْ,1,7:29,1,10
بَدَأْنَا,1,21:104,1,9
بَدَتِ,1,3:118,1,6
بَدَتْ,1,7:22,1,6
بَدَلًا,1,18:50,1,7
بَدَّلَ,1,27:11,1,7
بَدَّلَهُ,1,2:181,1,9
بَدَّلْنَاهُمْ,1,4:56,1,14
بَدِّلْهُ,1,10:15,1,9
بَرَاءٌ,1,43:26,1,7
بَرَدٍ,1,24:43,1,6
بَرَرَةٍ,1,80:16,1,8
بَرَكَاتٍ,1,7:96,1,9
بَرِقَ,1,75:7,1,6
بَرِيئًا,1,4:112,1,8
بَرِيئُونَ,1,10:41,1,10
بَرْزَخًا,1,25:53,1,9
بَرْقِهِ,1,24:43,1,8
بَسًّا,1,56:5,1,6
بَسَطَ,1,42:27,1,6
بَسَطْتَ,1,5:28,1,8
بَشَرٍ,1,6:91,1,6
بَشَّرْنَاكَ,1,15:55,1,12
بَشِيرٌ,1,5:19,1,7
بَشِيرٍ,1,5:19,1,7
بَشِّرِ,1,4:138,1,7
بَصَرِهِ,1,45:23,1,8
بَصُرْتُ,1,20:96,1,8
بَصِيرَةٌ,1,75:14,1,9
بَصِيرَةٍ,1,12:108,1,9
بَطَائِنُهَا,1,55:54,1,12
بَطَرًا,1,8:47,1,7
بَطِرَتْ,1,28:58,1,8
بَطْشَ,1,85:12,1,6
بَطْشَتَنَا,1,54:36,1,11
بَطْنِي,1,3:35,1,7
بَعَثَنَا,1,36:52,1,9
بَعَثَهُ,1,2:259,1,8
بَعَثْنَاكُمْ,1,2:56,1,13
بَعُدَتْ,1,9:42,1,8
بَعُوضَةً,1,2:26,1,9
بَعِدَتْ,1,11:95,1,8
بَعْثُكُمْ,1,31:28,1,10
بَعْدَهُنَّ,1,24:58,1,11
بَعْدِكَ,1,20:85,1,8
بَعْدِكُمْ,1,6:133,1,10
بَعْضَهَا,1,13:4,1,9
بَعْلًا,1,37:125,1,7
بَعْلِهَا,1,4:128,1,9
بَعْلِي,1,11:72,1,7
بَغَتْ,1,49:9,1,6
بَغَى,1,38:22,1,5
بَغْيُكُمْ,1,10:23,1,10
بَقَرَةً,1,2:67,1,8
بَقِيَ,1,2:278,1,6
بَقِيَّةٍ,1,11:116,1,9
بَقِيَّتُ,1,11:86,1,9
بَقْلِهَا,1,2:61,1,9
بَكَتْ,1,44:29,1,6
بَلَاءً,1,8:17,1,7
بَلَاغًا,1,72:23,1,8
بَلَدًا,1,2:126,1,7
بَلَغَا,1,18:61,1,7
بَلَغَنِيَ,1,3:40,1,10
بَلَغْتَ,1,18:76,1,8
بَلَغْتُ,1,19:8,1,8
بَلَوْنَا,1,68:17,1,9
بَلَوْنَاهُمْ,1,68:17,1,13
بَلَّغْتَ,1,5:67,1,9
بَلِيغًا,1,4:63,1,8
بَلِّغْ,1,5:67,1,7
بَلْدَةٌ,1,34:15,1,8
بَنَاتٍ,1,43:16,1,7
بَنَاتِكَ,1,11:79,1,9
بَنَانٍ,1,8:12,1,7
بَنَانَهُ,1,75:4,1,9
بَنَوْا,1,9:110,1,7
بَنَّاءٍ,1,38:37,1,8
بَنُو,1,10:90,1,5
بَنُونَ,1,26:88,1,7
بَنِيهِ,1,2:132,1,7
بَهِيمَةُ,1,5:1,1,9
بَهْجَةٍ,1,27:60,1,8
بَيَانٌ,1,3:138,1,7
بَيَانَهُ,1,75:19,1,9
بَيَّتَ,1,4:81,1,7
بَيَّنَّاهُ,1,2:159,1,11
بَيِّنٍ,1,18:15,1,7
بَيِّنَةً,1,29:35,1,9
بَيِّنَةُ,1,20:133,1,9
بَيِّنَتٍ,1,35:40,1,9
بَيْتٌ,1,17:93,1,6
بَيْتِهَا,1,12:23,1,9
بَيْتِهِ,1,4:100,1,8
بَيْضٌ,1,37:49,1,6
بَيْنَهُنَّ,1,65:12,1,11
بُرَآءُ,1,60:4,1,7
بُرُوجٍ,1,4:78,1,7
بُرْهَانٌ,1,4:174,1,9
بُرْهَانَانِ,1,28:32,1,12
بُشْرَاكُمُ,1,57:12,1,11
بُطُونِهِ,1,16:66,1,9
بُعْثِرَ,1,100:9,1,8
بُعْثِرَتْ,1,82:4,1,10
بُعْدَ,1,43:38,1,6
بُغِيَ,1,22:60,1,6
بُنْيَانٌ,1,61:4,1,9
بُنْيَانَهُمْ,1,16:26,1,13
بُنْيَانُهُمُ,1,9:110,1,13
بُهْتَانٌ,1,24:16,1,9
بُورِكَ,1,27:8,1,7
بُيُوتٍ,1,24:36,1,7
بُيُوتَ,1,33:53,1,7
بُيُوتَكُمْ,1,10:87,1,11
بُيُوتَنَا,1,33:13,1,10
بُيُوتَهُمْ,1,59:2,1,11
بُيُوتُهُمْ,1,27:52,1,11
بُيُوتِهِنَّ,1,65:1,1,12
بِآخَرِينَ,1,4:133,1,10
بِآخِذِيهِ,1,2:267,1,10
بِآلِ,1,40:45,1,5
بِآنِيَةٍ,1,76:15,1,9
بِأَبْصَارِهِمْ,1,68:51,1,15
بِأَحْسَنَ,1,4:86,1,10
بِأَحْسَنِهَا,1,7:145,1,13
بِأَحْكَمِ,1,95:8,1,10
بِأَخٍ,1,12:59,1,6
بِأَخِيكَ,1,28:35,1,9
بِأَرْجُلِهِنَّ,1,24:31,1,15
بِأَسْمَاءِ,1,2:31,1,11
بِأَشْيَاعِهِمْ,1,34:54,1,15
بِأَصْحَابِ,1,105:1,1,11
بِأَعْدَائِكُمْ,1,4:45,1,15
بِأَكْوَابٍ,1,56:18,1,11
بِأَلْسِنَةٍ,1,33:19,1,12
بِأَلْسِنَتِكُمْ,1,24:15,1,16
بِأَلْفٍ,1,8:9,1,8
بِأَمَانِيِّكُمْ,1,4:123,1,16
بِأَمْرِهِمْ,1,12:15,1,12
بِأَنَّكُمُ,1,45:35,1,11
بِأَنَّنَا,1,5:111,1,10
بِأَنْعَامٍ,1,26:133,1,11
بِأَنْعُمِ,1,16:112,1,10
بِأَهْدَى,1,43:24,1,9
بِأَهْلِكُمْ,1,12:93,1,12
بِأَهْوَائِهِمْ,1,6:119,1,15
بِأَوْعِيَتِهِمْ,1,12:76,1,16
بِأَيَّامِ,1,14:5,1,10
بِأَيِّكُمُ,1,68:6,1,11
بِأَيْدٍ,1,51:47,1,8
بِأَيْدِي,1,80:15,1,9
بِأَيْدِينَا,1,9:52,1,12
بِإِبْرَاهِيمَ,1,3:68,1,14
بِإِثْمِي,1,5:29,1,9
بِإِخْرَاجِ,1,9:13,1,11
بِإِلْحَادٍ,1,22:25,1,11
بِإِمَامِهِمْ,1,17:71,1,13
بِإِيمَانٍ,1,52:21,1,10
بِإِيمَانِكُمْ,1,4:25,1,14
بِإِيمَانِهِمْ,1,10:9,1,14
بِإِيمَانِهِنَّ,1,60:10,1,15
بِاتِّخَاذِكُمُ,1,2:54,1,15
بِالتَّقْوَى,1,96:12,1,12
بِالتَّوْرَاةِ,1,3:93,1,14
بِالدُّهْنِ,1,23:20,1,11
بِالذِّكْرِ,1,41:41,1,11
بِالرُّسُلِ,1,2:87,1,11
بِالرُّوحِ,1,16:2,1,10
بِالسَّاحِلِ,1,20:39,1,12
بِالسَّاقِ,1,75:29,1,10
بِالسَّاهِرَةِ,1,79:14,1,14
بِالسُّوقِ,1,38:33,1,10
بِالسِّنِينَ,1,7:130,1,12
بِالسِّنِّ,1,5:45,1,10
بِالشَّاكِرِينَ,1,6:53,1,15
بِالشَّفَقِ,1,84:16,1,11
بِالشَّمْسِ,1,2:258,1,11
بِالشَّهَادَةِ,1,5:108,1,14
بِالشَّهْرِ,1,2:194,1,11
بِالشُّهَدَاءِ,1,24:13,1,14
بِالطَّاغُوتِ,1,2:256,1,13
بِالطَّاغِيَةِ,1,69:5,1,14
بِالطَّيِّبِ,1,4:2,1,12
بِالنَّاصِيَةِ,1,96:15,1,14
بِالنَّبِيِّينَ,1,39:69,1,15
بِالنَّذْرِ,1,76:7,1,11
بِالنَّوَاصِي,1,55:41,1,13
بِالْأَبْصَارِ,1,24:43,1,14
بِالْأَحْقَافِ,1,46:21,1,14
بِالْأَخْسَرِينَ,1,18:103,1,16
بِالْأَزْلَامِ,1,5:3,1,14
بِالْأَسْحَارِ,1,3:17,1,14
بِالْأَلْقَابِ,1,49:11,1,14
بِالْأَمْنِ,1,6:81,1,11
بِالْأَنْفِ,1,5:45,1,11
بِالْأُذُنِ,1,5:45,1,11
بِالْإِفْكِ,1,24:11,1,11
بِالْبَصَرِ,1,54:50,1,11
بِالْبَيْتِ,1,22:29,1,11
بِالْجَنَّةِ,1,41:30,1,12
بِالْجَنْبِ,1,4:36,1,11
بِالْجُنُودِ,1,2:249,1,12
بِالْجِبْتِ,1,4:51,1,11
بِالْحَجِّ,1,22:27,1,10
بِالْحَسَنَاتِ,1,7:168,1,14
بِالْحُرِّ,1,2:178,1,10
بِالْحِجَابِ,1,38:32,1,12
بِالْخَاطِئَةِ,1,69:9,1,14
بِالْخَلْقِ,1,50:15,1,11
بِالْخَيْرَاتِ,1,35:32,1,14
بِالْخُنَّسِ,1,81:15,1,12
بِالْعَبْدِ,1,2:178,1,11
بِالْعَهْدِ,1,17:34,1,11
بِالْعَيْنِ,1,5:45,1,11
بِالْعُرْفِ,1,7:199,1,11
بِالْعُصْبَةِ,1,28:76,1,13
بِالْعُقُودِ,1,5:1,1,12
بِالْعُمْرَةِ,1,2:196,1,13
بِالْغَمَامِ,1,25:25,1,12
بِالْفَتْحِ,1,5:52,1,11
بِالْقَارِعَةِ,1,69:4,1,14
بِالْقَلَمِ,1,96:4,1,11
بِالْقُعُودِ,1,9:83,1,12
بِالْمَرْحَمَةِ,1,90:17,1,15
بِالْمَغْفِرَةِ,1,2:175,1,15
بِالْمَلَإِ,1,38:69,1,11
بِالْمَلَائِكَةِ,1,15:7,1,16
بِالْمَنِّ,1,2:264,1,10
بِالْمُعْتَدِينَ,1,6:119,1,16
بِالْمُلْكِ,1,2:247,1,11
بِالْمُنْكَرِ,1,9:67,1,13
بِالْهَزْلِ,1,86:14,1,11
بِالْوَحْيِ,1,21:45,1,11
بِالْوَصِيدِ,1,18:18,1,12
بِالْوَعِيدِ,1,50:28,1,12
بِبَابِلَ,1,2:102,1,9
بِبَاسِطٍ,1,5:28,1,9
بِبَالِغِهِ,1,13:14,1,11
بِبَالِغِيهِ,1,40:56,1,12
بِبَدَنِكَ,1,10:92,1,10
بِبَدْرٍ,1,3:123,1,8
بِبَطْنِ,1,48:24,1,8
بِبَعْضِهَا,1,2:73,1,11
بِبَغْيِهِمْ,1,6:146,1,12
بِبَكَّةَ,1,3:96,1,9
بِبَنِيهِ,1,70:11,1,9
بِبَيْعِكُمُ,1,9:111,1,12
بِبُهْتَانٍ,1,60:12,1,11
بِبِضَاعَةٍ,1,12:88,1,11
بِتَارِكِي,1,11:53,1,10
بِتَحِيَّةٍ,1,4:86,1,11
بِثَالِثٍ,1,36:14,1,9
بِثَلَاثَةِ,1,3:124,1,11
بِثَمَرِهِ,1,18:42,1,10
بِثَمَنٍ,1,12:20,1,8
بِجَالُوتَ,1,2:249,1,10
بِجَبَّارٍ,1,50:45,1,10
بِجَنَاحَيْهِ,1,6:38,1,13
بِجَنَّتَيْهِمْ,1,34:16,1,15
بِجُنُودِهِ,1,20:78,1,11
بِجِذْعِ,1,19:25,1,8
بِحَامِلِينَ,1,29:12,1,12
بِحَبْلٍ,1,3:112,1,8
بِحَبْلِ,1,3:103,1,8
بِحَدِيثٍ,1,52:34,1,9
بِحَرْبٍ,1,2:279,1,8
بِحَقٍّ,1,5:116,1,7
بِحَمْدِكَ,1,2:30,1,10
بِحُسْبَانٍ,1,55:5,1,11
بِحُكْمِهِ,1,27:78,1,10
بِحِجَارَةٍ,1,105:4,1,11
بِخَارِجٍ,1,6:122,1,9
بِخَازِنِينَ,1,15:22,1,12
بِخَالِصَةٍ,1,38:46,1,11
بِخَلَاقِكُمْ,1,9:69,1,13
بِخَلْقِهِنَّ,1,46:33,1,13
بِخَمْسَةِ,1,3:125,1,10
بِخَيْلِكَ,1,17:64,1,10
بِخُمُرِهِنَّ,1,24:31,1,13
بِدَمٍ,1,12:18,1,6
بِدَيْنٍ,1,2:282,1,8
بِدُخَانٍ,1,44:10,1,9
بِدُعَاءِ,1,19:48,1,9
بِدُعَائِكَ,1,19:4,1,11
بِدِينَارٍ,1,3:75,1,10
بِدِينِكُمْ,1,49:16,1,11
بِدْعًا,1,46:9,1,7
بِذَنْبِهِ,1,29:40,1,10
بِذُنُوبِكُمْ,1,5:18,1,13
بِذُنُوبِنَا,1,40:11,1,12
بِذِبْحٍ,1,37:107,1,8
بِذِكْرِهِمْ,1,23:71,1,12
بِرَأْسِ,1,7:150,1,8
بِرَأْسِي,1,20:94,1,9
بِرَادِّي,1,16:71,1,9
بِرَازِقِينَ,1,15:20,1,12
بِرَبِّهِ,1,72:13,1,9
بِرَبْوَةٍ,1,2:265,1,10
بِرَحْمَتِنَا,1,12:56,1,13
بِرَدِّهِنَّ,1,2:228,1,12
بِرَسُولٍ,1,61:6,1,9
بِرَسُولِهِ,1,57:28,1,11
بِرَسُولِهِمْ,1,40:5,1,13
بِرَشِيدٍ,1,11:97,1,9
بِرُءُوسِكُمْ,1,5:6,1,13
بِرُسُلِنَا,1,57:27,1,11
بِرُسُلِي,1,5:12,1,9
بِرُكْنِهِ,1,51:39,1,10
بِرُوحٍ,1,58:22,1,7
بِرِجَالٍ,1,72:6,1,9
بِرِجْلِكَ,1,38:42,1,10
بِرِزْقٍ,1,18:19,1,8
بِرِسَالَاتِي,1,7:144,1,13
بِسَاحَتِهِمْ,1,37:177,1,13
بِسَاطًا,1,71:19,1,8
بِسَبَبٍ,1,22:15,1,8
بِسَحَرٍ,1,54:34,1,8
بِسَخَطٍ,1,3:162,1,8
بِسَمْعِهِمْ,1,2:20,1,12
بِسُؤَالِ,1,38:24,1,9
بِسُكَارَى,1,22:2,1,10
بِسُورٍ,1,57:13,1,7
بِسِحْرِكَ,1,20:57,1,10
بِسِحْرِهِ,1,26:35,1,10
بِسِحْرِهِمَا,1,20:63,1,13
بِشَرَرٍ,1,77:32,1,8
بِشَهَادَاتِهِمْ,1,70:33,1,16
بِشَهِيدٍ,1,4:41,1,9
بِشِرْكِكُمْ,1,35:14,1,12
بِشِقِّ,1,16:7,1,7
بِشِمَالِهِ,1,69:25,1,11
بِشِهَابٍ,1,27:7,1,9
بِصَاحِبِكُمْ,1,34:46,1,13
بِصَاحِبِهِمْ,1,7:184,1,13
بِصَدَقَةٍ,1,4:114,1,10
بِصَلَاتِكَ,1,17:110,1,11
بِصَوْتِكَ,1,17:64,1,10
بِصِحَافٍ,1,43:71,1,9
بِصِدْقِهِمْ,1,33:24,1,12
بِضَارِّهِمْ,1,58:10,1,12
بِضَارِّينَ,1,2:102,1,11
بِضَاعَةً,1,12:19,1,9
بِضَاعَتُنَا,1,12:65,1,12
بِضَنِينٍ,1,81:24,1,9
بِضِيَاءٍ,1,28:71,1,9
بِضْعَ,1,12:42,1,6
بِضْعِ,1,30:4,1,6
بِطَانَةً,1,3:118,1,9
بِطَرِيقَتِكُمُ,1,20:63,1,15
بِطَغْوَاهَا,1,91:11,1,12
بِظَاهِرٍ,1,13:33,1,9
بِعَادٍ,1,89:6,1,7
بِعَالِمِينَ,1,12:44,1,12
بِعَبْدِهِ,1,17:1,1,10
بِعَذَابِ,1,29:29,1,9
بِعَذَابِكُمْ,1,4:147,1,13
بِعَرْشِهَا,1,27:38,1,11
بِعَشْرٍ,1,7:142,1,8
بِعَشْرِ,1,11:13,1,8
بِعَظْمٍ,1,6:146,1,8
بِعَهْدِكُمْ,1,2:40,1,12
بِعَهْدِهِمْ,1,2:177,1,12
بِعَهْدِي,1,2:40,1,9
بِعَوْرَةٍ,1,33:13,1,10
بِعِبَادَةِ,1,18:110,1,11
بِعِدَّتِهِمْ,1,18:22,1,13
بِعِزَّةِ,1,26:44,1,9
بِعِصَمِ,1,60:10,1,8
بِعِلْمِ,1,11:14,1,8
بِغَائِبِينَ,1,82:16,1,12
بِغَمٍّ,1,3:153,1,7
بِغَيْظِكُمْ,1,3:119,1,12
بِغَيْظِهِمْ,1,33:25,1,12
بِغُرُورٍ,1,7:22,1,9
بِفَاتِنِينَ,1,37:162,1,12
بِفَضْلِ,1,10:58,1,8
بِقَبَسٍ,1,20:10,1,8
بِقَبُولٍ,1,3:37,1,9
بِقَدَرِهَا,1,13:17,1,11
بِقَرِيبٍ,1,11:81,1,9
بِقَمِيصِي,1,12:93,1,10
بِقُرْآنٍ,1,10:15,1,9
بِقُرْبَانٍ,1,3:183,1,11
بِقِنْطَارٍ,1,3:75,1,11
بِقِيعَةٍ,1,24:39,1,9
بِكَأْسٍ,1,37:45,1,8
بِكَافٍ,1,39:36,1,7
بِكَافِرِينَ,1,6:89,1,12
بِكَاهِنٍ,1,52:29,1,9
بِكَلِمَاتٍ,1,2:124,1,11
بِكَلِمَاتِ,1,66:12,1,11
بِكَيْدِهِنَّ,1,12:50,1,13
بِكُفْرِكَ,1,39:8,1,10
بِكُلٍّ,1,28:48,1,7
بِكِتَابِكُمْ,1,37:157,1,13
بِكِتَابِي,1,27:28,1,10
بِكْرٌ,1,2:68,1,6
بِلَيْلٍ,1,28:72,1,8
بِلِحْيَتِي,1,20:94,1,11
بِلِسَانٍ,1,26:195,1,9
بِلِسَانِ,1,14:4,1,9
بِمَ,1,27:35,1,4
بِمَالٍ,1,27:36,1,7
بِمَثَلٍ,1,25:33,1,8
بِمَغْفِرَةٍ,1,36:11,1,12
بِمَفَازَةٍ,1,3:188,1,11
بِمَفَازَتِهِمْ,1,39:61,1,15
بِمَقْعَدِهِمْ,1,9:81,1,14
بِمَكْرِهِنَّ,1,12:31,1,13
بِمَلُومٍ,1,51:54,1,9
بِمَلْكِنَا,1,20:87,1,11
بِمَوَاقِعِ,1,56:75,1,11
بِمَيِّتٍ,1,14:17,1,9
بِمَيِّتِينَ,1,37:58,1,12
بِمُؤْمِنٍ,1,12:17,1,10
بِمُخْرَجِينَ,1,15:48,1,13
بِمُزَحْزِحِهِ,1,2:96,1,14
بِمُسْتَيْقِنِينَ,1,45:32,1,17
بِمُسْمِعٍ,1,35:22,1,10
بِمُصَيْطِرٍ,1,88:22,1,12
بِمُصْرِخِكُمْ,1,14:22,1,14
بِمُصْرِخِيَّ,1,14:22,1,13
بِمُعْجِزٍ,1,46:32,1,10
بِمُنْشَرِينَ,1,44:35,1,13
بِمُوسَى,1,7:131,1,8
بِمِثْلِهَا,1,10:27,1,11
بِمِصْرَ,1,10:87,1,8
بِمِقْدَارٍ,1,13:8,1,11
بِمِيثَاقِهِمْ,1,4:154,1,14
بِنَاصِيَتِهَا,1,11:56,1,14
بِنَخْلٍ,1,18:32,1,8
بِنَصْرِ,1,30:5,1,8
بِنَفْسِكَ,1,17:14,1,10
بِنَمِيمٍ,1,68:11,1,9
بِنَهَرٍ,1,2:249,1,8
بِنُصْبٍ,1,38:41,1,8
بِنُورِ,1,39:69,1,7
بِنُورِهِمْ,1,2:17,1,11
بِنِعْمَتِهِ,1,3:103,1,12
بِهَادِ,1,30:53,1,7
بِهَادِي,1,27:81,1,8
بِهَدِيَّةٍ,1,27:35,1,11
بِهَدِيَّتِكُمْ,1,27:36,1,15
بِوَاحِدَةٍ,1,34:46,1,11
بِوَادٍ,1,14:37,1,7
بِوَالِدَتِي,1,19:32,1,12
بِوَجْهِهِ,1,39:24,1,10
بِوَرِقِكُمْ,1,18:19,1,12
بِوَلَدِهَا,1,2:233,1,11
بِوَلَدِهِ,1,2:233,1,10
بِيضٌ,1,35:27,1,5
بِيَ,1,7:150,1,4
بِيَحْيَى,1,3:39,1,9
بِيَدَيَّ,1,38:75,1,9
بِيُوسُفَ,1,12:89,1,9
تَأْتُوا,1,2:189,1,8
تَأْتُونَنَا,1,37:28,1,12
تَأْتُونِي,1,12:60,1,10
تَأْتِنَا,1,7:132,1,9
تَأْتِيَ,1,17:92,1,8
تَأْتِيَنَا,1,7:129,1,11
تَأْثِيمًا,1,56:25,1,10
تَأْثِيمٌ,1,52:23,1,9
تَأْجُرَنِي,1,28:27,1,11
تَأْخُذُهُ,1,2:255,1,10
تَأْخُذُهُمْ,1,36:49,1,12
تَأْخُذُونَهَا,1,48:20,1,14
تَأْخُذُونَهُ,1,4:21,1,13
تَأْخُذْ,1,20:94,1,8
تَأْخُذْكُمْ,1,24:2,1,12
تَأْسَوْا,1,57:23,1,9
تَأْكُلُهُ,1,3:183,1,10
تَأْكُلُوهَا,1,4:6,1,12
تَأْمَنَّا,1,12:11,1,10
تَأْمُرُكَ,1,11:87,1,10
تَأْمُرُنَا,1,25:60,1,11
تَأْمُرُهُمْ,1,52:32,1,12
تَأْمُرُونَنَا,1,34:33,1,14
تَأْمُرُونِّي,1,39:64,1,13
تَأْمُرِينَ,1,27:33,1,11
تَأْوِيلِهِ,1,3:7,1,11
تَؤُزُّهُمْ,1,19:83,1,11
تَائِبَاتٍ,1,66:5,1,10
تَابَا,1,4:16,1,6
تَارِكٌ,1,11:12,1,7
تَبَابٍ,1,40:37,1,7
تَبَارًا,1,71:28,1,8
تَبَايَعْتُمْ,1,2:282,1,13
تَبَدَّلَ,1,33:52,1,9
تَبَرَّءُوا,1,2:167,1,11
تَبَرَّأْنَا,1,28:63,1,12
تَبَرَّجْنَ,1,33:33,1,11
تَبَرُّجَ,1,33:33,1,9
تَبَرُّوا,1,2:224,1,9
تَبَرُّوهُمْ,1,60:8,1,12
تَبَوَّءُوا,1,59:9,1,11
تَبَوَّآ,1,10:87,1,8
تَبَيَّنَتِ,1,34:14,1,11
تَبَّتْ,1,111:1,1,7
تَبَّرْنَا,1,25:39,1,10
تَبُوءَ,1,5:29,1,7
تَبُورَ,1,35:29,1,7
تَبِعَنِي,1,14:36,1,9
تَبِعُوا,1,2:145,1,8
تَبِيدَ,1,18:35,1,7
تَبِيعًا,1,17:69,1,8
تَبْتَغُونَ,1,4:94,1,11
تَبْتَغِي,1,66:1,1,9
تَبْتَغِيَ,1,6:35,1,10
تَبْتِيلًا,1,73:8,1,10
تَبْخَلُوا,1,47:37,1,10
تَبْذِيرًا,1,17:26,1,10
تَبْسُطْهَا,1,17:29,1,11
تَبْصِرَةً,1,50:8,1,10
تَبْغُوا,1,4:34,1,8
تَبْغُونَهَا,1,3:99,1,12
تَبْغِ,1,28:77,1,6
تَبْغِي,1,49:9,1,7
تَبْكُونَ,1,53:60,1,9
تَبْلُغَ,1,17:37,1,8
تَبْلُو,1,10:30,1,7
تَبْيَضُّ,1,3:106,1,9
تَتَبَدَّلُوا,1,4:2,1,13
تَتَجَافَى,1,32:16,1,10
تَتَفَرَّقُوا,1,42:13,1,13
تَتَفَكَّرُوا,1,34:46,1,13
تَتَقَلَّبُ,1,24:37,1,11
تَتَكَبَّرَ,1,7:13,1,11
تَتَمَارَى,1,53:55,1,10
تَتَمَنَّوْا,1,4:32,1,12
تَتَنَاجَوْا,1,58:9,1,12
تَتَنَزَّلُ,1,41:30,1,11
تَتَّبِعَ,1,2:120,1,9
تَتَّبِعَانِّ,1,10:89,1,13
تَتَّبِعَنِ,1,20:93,1,11
تَتَّبِعُونَا,1,48:15,1,13
تَتَّبِعِ,1,38:26,1,9
تَتَّخِذَ,1,18:86,1,9
تَتُوبَا,1,66:4,1,8
تَتْبَعُهَا,1,79:7,1,11
تَتْبِيبٍ,1,11:101,1,9
تَتْرَى,1,23:44,1,7
تَتْرُكْهُ,1,7:176,1,10
تَتْلُونَ,1,2:44,1,9
تَثْبِيتًا,1,4:66,1,10
تَثْرِيبَ,1,12:92,1,9
تَثْقَفَنَّهُمْ,1,8:57,1,15
تَجَسَّسُوا,1,49:12,1,11
تَجُوعَ,1,20:118,1,7
تَجْأَرُوا,1,23:65,1,10
تَجْأَرُونَ,1,16:53,1,11
تَجْتَنِبُوا,1,4:31,1,12
تَجْرِيَانِ,1,55:50,1,11
تَجْعَلَ,1,18:94,1,8
تَجْعَلُونَهُ,1,6:91,1,13
تَجْمَعُوا,1,4:23,1,10
تَجْهَرُوا,1,49:2,1,10
تَحَاضُّونَ,1,89:18,1,11
تَحَاوُرَكُمَا,1,58:1,1,14
تَحَرَّوْا,1,72:14,1,10
تَحَصُّنًا,1,24:33,1,10
تَحُسُّونَهُمْ,1,3:152,1,14
تَحُلُّ,1,13:31,1,7
تَحِلَّةَ,1,66:2,1,9
تَحِلُّ,1,2:230,1,7
تَحِيدُ,1,50:19,1,7
تَحْبَطَ,1,49:2,1,8
تَحْبِسُونَهُمَا,1,5:106,1,16
تَحْتَكِ,1,19:24,1,8
تَحْتَهَا,1,9:100,1,9
تَحْتَهُ,1,18:82,1,8
تَحْتِي,1,43:51,1,7
تَحْذَرُونَ,1,9:64,1,11
تَحْرُثُونَ,1,56:63,1,11
تَحْرِصْ,1,16:37,1,8
تَحْرِيرُ,1,5:89,1,9
تَحْسَبَنَّهُمْ,1,3:188,1,15
تَحْسَبُ,1,25:44,1,8
تَحْسَبُهَا,1,27:88,1,11
تَحْسَبُهُمْ,1,59:14,1,12
تَحْسَبُوهُ,1,24:11,1,11
تَحْسُدُونَنَا,1,48:15,1,14
تَحْكُمُ,1,39:46,1,8
تَحْكُمُوا,1,4:58,1,10
تَحْلِقُوا,1,2:196,1,10
تَحْنَثْ,1,38:44,1,8
تَحْيَوْنَ,1,7:25,1,10
تَخَاصُمُ,1,38:64,1,9
تَخَافَا,1,20:46,1,8
تَخَافَنَّ,1,8:58,1,10
تَخَافُ,1,20:77,1,7
تَخَافُوا,1,41:30,1,9
تَخَافُونَهُمْ,1,30:28,1,14
تَخَافُوهُمْ,1,3:175,1,12
تَخَافِي,1,28:7,1,8
تَخَوُّفٍ,1,16:47,1,9
تَخَيَّرُونَ,1,68:38,1,12
تَخُطُّهُ,1,29:48,1,9
تَخُونُوا,1,8:27,1,9
تَخْتَانُونَ,1,2:187,1,12
تَخْتَصِمُوا,1,50:28,1,12
تَخْتَصِمُونَ,1,39:31,1,13
تَخْرُجَ,1,49:5,1,8
تَخْرُجُوا,1,9:83,1,10
تَخْرُجُونَ,1,30:25,1,11
تَخْرُصُونَ,1,6:148,1,11
تَخْرِقَ,1,17:37,1,8
تَخْسِيرٍ,1,11:63,1,9
تَخْشَاهُ,1,33:37,1,9
تَخْشَعَ,1,57:16,1,8
تَخْشَوُا,1,5:44,1,9
تَخْشَوْنَ,1,9:24,1,10
تَخْشَوْهُ,1,9:13,1,10
تَخْشَى,1,20:77,1,7
تَخْضَعْنَ,1,33:32,1,10
تَخْفَى,1,69:18,1,7
تَخْفِيفٌ,1,2:178,1,9
تَخْلُدُونَ,1,26:129,1,11
تَخْلُقُ,1,5:110,1,8
تَخْلُقُونَهُ,1,56:59,1,13
تَخْوِيفًا,1,17:59,1,10
تَدَارَكَهُ,1,68:49,1,11
تَدَايَنْتُمْ,1,2:282,1,13
تَدَّخِرُونَ,1,3:49,1,12
تَدُورُ,1,33:19,1,7
تَدْخُلُوهَا,1,24:28,1,12
تَدْرُونَ,1,4:11,1,9
تَدْعُهُمْ,1,18:57,1,10
تَدْعُو,1,70:17,1,7
تَدْعُونَنَا,1,14:9,1,12
تَدْعُونَهُ,1,6:63,1,11
تَذَرْ,1,71:26,1,6
تَذَرْنِي,1,21:89,1,9
تَذَرْهُمْ,1,71:27,1,10
تَذَكَّرَ,1,35:37,1,9
تَذَكَّرُوا,1,7:201,1,11
تَذُودَانِ,1,28:23,1,10
تَذْبَحُوا,1,2:67,1,10
تَذْرُوهُ,1,18:45,1,9
تَذْكُرُ,1,12:85,1,8
تَذْكُرُوا,1,43:13,1,10
تَذْلِيلًا,1,76:14,1,10
تَذْهَبُوا,1,12:13,1,10
تَذْهَبُونَ,1,81:26,1,11
تَذْهَبْ,1,35:8,1,8
تَذْهَلُ,1,22:2,1,8
تَرَاءَتِ,1,8:48,1,9
تَرَاءَى,1,26:61,1,8
تَرَاضَوْا,1,2:232,1,10
تَرَاضَيْتُمْ,1,4:24,1,13
تَرَاهُمْ,1,48:29,1,9
تَرَبَّصُوا,1,52:31,1,11
تَرَبَّصُونَ,1,9:52,1,12
تَرَبُّصُ,1,2:226,1,9
تَرَدَّى,1,92:11,1,8
تَرَكْتُمُوهَا,1,59:5,1,14
تَرَكْنَ,1,4:12,1,8
تَرَكْنَا,1,29:35,1,9
تَرَكْنَاهَا,1,54:15,1,12
تَرَنِ,1,18:39,1,6
تَرَوْنَهُمْ,1,7:27,1,12
تَرَيِنَّ,1,19:26,1,9
تَرِثُوا,1,4:19,1,8
تَرْتَابُوا,1,2:282,1,11
تَرْتَدُّوا,1,5:21,1,11
تَرْجُمُونِ,1,44:20,1,11
تَرْجُو,1,28:86,1,7
تَرْجُونَ,1,71:13,1,9
تَرْجُوهَا,1,17:28,1,10
تَرْجِعُونَهَا,1,56:87,1,14
تَرْجِعُوهُنَّ,1,60:10,1,14
تَرْضَاهَا,1,2:144,1,10
تَرْضَوْا,1,9:96,1,9
تَرْضَوْنَ,1,2:282,1,10
تَرْضَوْنَهَا,1,9:24,1,13
تَرْفَعُوا,1,49:2,1,10
تَرْقَى,1,17:93,1,7
تَرْقُبْ,1,20:94,1,8
تَرْكَبُونَ,1,43:12,1,11
تَرْكَنُ,1,17:74,1,8
تَرْكَنُوا,1,11:113,1,10
تَرْكُضُوا,1,21:13,1,10
تَرْمِي,1,77:32,1,7
تَرْمِيهِمْ,1,105:4,1,11
تَرْهَقُهَا,1,80:41,1,11
تَزَالُ,1,5:13,1,7
تَزَاوَرُ,1,18:17,1,9
تَزَيَّلُوا,1,48:25,1,11
تَزُولَا,1,35:41,1,8
تَزِيدُونَنِي,1,11:63,1,13
تَزْدَادُ,1,13:8,1,9
تَزْدَرِي,1,11:31,1,9
تَزْرَعُونَ,1,12:47,1,11
تَزْرَعُونَهُ,1,56:64,1,13
تَسَاءَلُونَ,1,4:1,1,12
تَسَوَّرُوا,1,38:21,1,11
تَسُؤْكُمْ,1,5:101,1,10
تَسُبُّوا,1,6:108,1,9
تَسُرُّ,1,2:69,1,7
تَسْأَلْنِ,1,11:46,1,10
تَسْأَلْنِي,1,18:70,1,11
تَسْأَمُوا,1,2:282,1,10
تَسْبِيحَهُمْ,1,17:44,1,13
تَسْتَأْخِرُونَ,1,34:30,1,15
تَسْتَأْنِسُوا,1,24:27,1,14
تَسْتَتِرُونَ,1,41:22,1,13
تَسْتَخِفُّونَهَا,1,16:80,1,17
تَسْتَرْضِعُوا,1,2:233,1,14
تَسْتَطِعْ,1,18:78,1,10
تَسْتَطِيعُوا,1,4:129,1,13
تَسْتَطِيعُونَ,1,25:19,1,14
تَسْتَعْجِلُونِ,1,21:37,1,15
تَسْتَعْجِلُوهُ,1,16:1,1,15
تَسْتَعْجِلْ,1,46:35,1,12
تَسْتَغِيثُونَ,1,8:9,1,14
تَسْتَغْفِرُونَ,1,27:46,1,15
تَسْتَفْتِ,1,18:22,1,10
تَسْتَفْتِحُوا,1,8:19,1,14
تَسْتَفْتِيَانِ,1,12:41,1,15
تَسْتَقْدِمُونَ,1,34:30,1,15
تَسْتَقْسِمُوا,1,5:3,1,14
تَسْتَكْثِرُ,1,74:6,1,12
تَسْتَمِعُونَ,1,26:25,1,13
تَسْتَهْزِئُونَ,1,9:65,1,15
تَسْجُدُوا,1,41:37,1,10
تَسْخَرُوا,1,11:38,1,10
تَسْخَرُونَ,1,11:38,1,11
تَسْرَحُونَ,1,16:6,1,11
تَسْرِيحٌ,1,2:229,1,9
تَسْطِعْ,1,18:82,1,8
تَسْفِكُونَ,1,2:84,1,11
تَسْقُطُ,1,6:59,1,8
تَسْقِي,1,2:71,1,7
تَسْكُنُونَ,1,28:72,1,11
تَسْمَعُوا,1,41:26,1,10
تَسْمَعْ,1,63:4,1,8
تَسْمِيَةَ,1,53:27,1,10
تَسْنِيمٍ,1,83:27,1,9
تَشَابَهَتْ,1,2:118,1,11
تَشِيعَ,1,24:19,1,7
تَشْتَهِي,1,41:31,1,9
تَشْتَهِيهِ,1,43:71,1,11
تَشْخَصُ,1,14:42,1,8
تَشْكُرُوا,1,39:7,1,10
تَشْهَدَ,1,24:8,1,8
تَشْهَدُ,1,24:24,1,8
تَشْهَدُونِ,1,27:32,1,11
تَشْهَدْ,1,6:150,1,8
تَصَدَّقَ,1,5:45,1,9
تَصَدَّقُوا,1,2:280,1,11
تَصَدَّى,1,80:6,1,8
تَصُدُّونَ,1,3:99,1,10
تَصُدُّونَا,1,14:10,1,11
تَصُومُوا,1,2:184,1,9
تَصِفُ,1,16:116,1,6
تَصِلُ,1,11:70,1,6
تَصِيرُ,1,42:53,1,7
تَصْبِرُ,1,18:68,1,8
تَصْرِفْ,1,12:33,1,8
تَصْلَى,1,88:4,1,7
تَصْنَعُونَ,1,29:45,1,11
تَضَرَّعُوا,1,6:43,1,11
تَضَعَ,1,47:4,1,6
تَضَعُوا,1,4:102,1,8
تَضَعُونَ,1,24:58,1,9
تَضُرُّونَهُ,1,11:57,1,12
تَضُرُّوهُ,1,9:39,1,10
تَضِلَّ,1,2:282,1,7
تَضْحَكُونَ,1,23:110,1,11
تَضْحَى,1,20:119,1,7
تَضْرِبُوا,1,16:74,1,10
تَضْلِيلٍ,1,105:2,1,9
تَطَئُوهَا,1,33:27,1,10
تَطَئُوهُمْ,1,48:25,1,11
تَطَهَّرْنَ,1,2:222,1,11
تَطَيَّرْنَا,1,36:18,1,12
تَطْرُدِ,1,6:52,1,8
تَطْلُعُ,1,18:90,1,8
تَطْمَئِنُّ,1,13:28,1,11
تَطْهِيرًا,1,33:33,1,10
تَظَاهَرُونَ,1,2:85,1,12
تَظُنُّ,1,75:25,1,7
تَظْلِمُوا,1,9:36,1,10
تَظْلِمُونَ,1,2:279,1,11
تَظْلِمْ,1,18:33,1,8
تَظْمَأُ,1,20:119,1,8
تَعَاسَرْتُمْ,1,65:6,1,13
تَعَاوَنُوا,1,5:2,1,11
تَعَجَّلَ,1,2:203,1,9
تَعَمَّدَتْ,1,33:5,1,11
تَعُودُونَ,1,7:29,1,10
تَعُولُوا,1,4:3,1,9
تَعِظُونَ,1,7:164,1,9
تَعْبَثُونَ,1,26:128,1,11
تَعْبُدِ,1,19:44,1,8
تَعْبُرُونَ,1,12:43,1,11
تَعْتَدُوهَا,1,2:229,1,12
تَعْتَدُّونَهَا,1,33:49,1,15
تَعْجَبُونَ,1,53:59,1,11
تَعْجَبْ,1,13:5,1,8
تَعْدُ,1,18:28,1,6
تَعْدُوا,1,4:154,1,8
تَعْدِلْ,1,6:70,1,8
تَعْرَى,1,20:118,1,7
تَعْرُجُ,1,70:4,1,8
تَعْرِفُهُمْ,1,2:273,1,12
تَعْزِمُوا,1,2:235,1,10
تَعْلَمُهَا,1,11:49,1,11
تَعْلَمُهُمْ,1,9:101,1,12
تَعْلَمُونَهُمُ,1,8:60,1,15
تَعْلَمُوهُمْ,1,48:25,1,13
تَعْمَلُ,1,21:74,1,8
تَغَشَّاهَا,1,7:189,1,11
تَغَيُّظًا,1,25:12,1,10
تَغِيضُ,1,13:8,1,7
تَغْتَسِلُوا,1,4:43,1,12
تَغْرُبُ,1,18:86,1,8
تَغْفُلُونَ,1,4:102,1,11
تَغْلِبُونَ,1,41:26,1,11
تَغْنَ,1,10:24,1,6
تَفَاوُتٍ,1,67:3,1,9
تَفَثَهُمْ,1,22:29,1,10
تَفَرَّقَ,1,98:4,1,9
تَفَسَّحُوا,1,58:11,1,11
تَفَكَّهُونَ,1,56:65,1,12
تَفُورُ,1,67:7,1,7
تَفِرُّونَ,1,62:8,1,10
تَفِيءَ,1,49:9,1,7
تَفْتَأُ,1,12:85,1,8
تَفْتَرُوا,1,20:61,1,10
تَفْتِنِّي,1,9:49,1,10
تَفْجُرَ,1,17:90,1,8
تَفْرَحُوا,1,57:23,1,10
تَفْرَحْ,1,28:76,1,8
تَفْرِضُوا,1,2:236,1,10
تَفْسُقُونَ,1,46:20,1,11
تَفْسِيرًا,1,25:33,1,10
تَفْشَلَا,1,3:122,1,9
تَفْصِيلًا,1,17:12,1,10
تَفْضَحُونِ,1,15:68,1,11
تَفْعَلُوهُ,1,8:73,1,11
تَفْعَلْ,1,5:67,1,8
تَفْقَهُونَ,1,17:44,1,11
تَفْقِدُونَ,1,12:71,1,11
تَقَاسَمُوا,1,27:49,1,11
تَقَبَّلْ,1,2:127,1,9
تَقَدَّمَ,1,48:2,1,9
تَقَعَ,1,22:65,1,6
تَقَلُّبَ,1,2:144,1,9
تَقَلُّبُ,1,3:196,1,9
تَقَلُّبُهُمْ,1,40:4,1,13
تَقَلُّبِهِمْ,1,16:46,1,13
تَقَوَّلَ,1,69:44,1,9
تَقَوَّلَهُ,1,52:33,1,11
تَقُلْ,1,17:23,1,6
تَقُولَنَّ,1,18:23,1,10
تَقِ,1,40:9,1,4
تَقِيكُمُ,1,16:81,1,9
تَقِيكُمْ,1,16:81,1,9
تَقْبَلُوا,1,24:4,1,10
تَقْتُلَنِي,1,28:19,1,11
تَقْتُلُوهُ,1,28:9,1,11
تَقْتُلُوهُمْ,1,8:17,1,13
تَقْتِيلًا,1,33:61,1,10
تَقْرَبُونِ,1,12:60,1,11
تَقْرَبُوهَا,1,2:187,1,12
تَقْرَبُوهُنَّ,1,2:222,1,14
تَقْرِضُهُمْ,1,18:17,1,12
تَقْشَعِرُّ,1,39:23,1,11
تَقْصُرُوا,1,4:101,1,10
تَقْصُصْ,1,12:5,1,8
تَقْضِي,1,20:72,1,7
تَقْعُدْ,1,6:68,1,8
تَقْفُ,1,17:36,1,6
تَقْنَطُوا,1,39:53,1,10
تَقْهَرْ,1,93:9,1,8
تَقْوَاهُمْ,1,47:17,1,11
تَقْوِيمٍ,1,95:4,1,9
تَكَلَّمُ,1,11:105,1,9
تَكْبِيرًا,1,17:111,1,10
تَكْتُبُوهَا,1,2:282,1,12
تَكْتُبُوهُ,1,2:282,1,11
تَكْتُمُوا,1,2:283,1,10
تَكْتُمُونَهُ,1,3:187,1,13
تَكْذِبُونَ,1,36:15,1,11
تَكْذِيبٍ,1,85:19,1,9
تَكْفُرُونِ,1,2:152,1,11
تَكْفُرْ,1,2:102,1,8
تَكْلِيمًا,1,4:164,1,10
تَكْنِزُونَ,1,9:35,1,11
تَلَاهَا,1,91:2,1,8
تَلَبَّثُوا,1,33:14,1,11
تَلَظَّى,1,92:14,1,8
تَلَقَّوْنَهُ,1,24:15,1,13
تَلَهَّى,1,80:10,1,8
تَلَوْتُهُ,1,10:16,1,10
تَلُومُونِي,1,14:22,1,11
تَلِينُ,1,39:23,1,7
تَلْبِسُوا,1,2:42,1,10
تَلْبِسُونَ,1,3:71,1,11
تَلْفَحُ,1,23:104,1,8
تَلْقَفْ,1,20:69,1,8
تَلْقَوْهُ,1,3:143,1,10
تَلْمِزُوا,1,49:11,1,10
تَلْوُوا,1,4:135,1,8
تَلْوُونَ,1,3:153,1,9
تَمَامًا,1,6:154,1,8
تَمَتَّعَ,1,2:196,1,9
تَمَتَّعْ,1,39:8,1,9
تَمَنَّوْا,1,28:82,1,10
تَمَنَّوْنَ,1,3:143,1,11
تَمَيَّزُ,1,67:8,1,9
تَمُتْ,1,39:42,1,6
تَمُرُّ,1,27:88,1,7
تَمُنُّهَا,1,26:22,1,10
تَمُنُّوا,1,49:17,1,9
تَمُوتَ,1,3:145,1,7
تَمُوتُ,1,31:34,1,7
تَمُوتُونَ,1,7:25,1,10
تَمْتَرُنَّ,1,43:61,1,11
تَمْرَحُونَ,1,40:75,1,11
تَمْسَسْكُمْ,1,3:120,1,12
تَمْسَسْهُ,1,24:35,1,10
تَمْشُونَ,1,57:28,1,9
تَمْكُرُونَ,1,10:21,1,11
تَمْلِكَ,1,5:41,1,8
تَمْلِكُ,1,82:19,1,8
تَمْلِكُهُمْ,1,27:23,1,12
تَمْنَعُهُمْ,1,21:43,1,12
تَمْنُنْ,1,74:6,1,8
تَمْهِيدًا,1,74:14,1,10
تَنَابَزُوا,1,49:11,1,11
تَنَاجَيْتُمْ,1,58:9,1,13
تَنَازَعُوا,1,8:46,1,11
تَنَازَعْتُمْ,1,4:59,1,13
تَنَاصَرُونَ,1,37:25,1,12
تَنَالُهُ,1,5:94,1,9
تَنَالُوا,1,3:92,1,9
تَنَزَّلَتْ,1,26:210,1,11
تَنَفَّسَ,1,81:18,1,9
تَنِيَا,1,20:42,1,7
تَنْبُتُ,1,23:20,1,8
تَنْتَشِرُونَ,1,30:20,1,13
تَنْتَصِرَانِ,1,55:35,1,13
تَنْحِتُونَ,1,37:95,1,11
تَنْزِعُ,1,54:20,1,8
تَنْزِيلَ,1,36:5,1,9
تَنْسَ,1,28:77,1,6
تَنْسَوُا,1,2:237,1,9
تَنْسَى,1,87:6,1,7
تَنْصُرُوا,1,47:7,1,10
تَنْصُرُوهُ,1,9:40,1,11
تَنْفَدَ,1,18:109,1,8
تَنْفَعَكُمْ,1,60:3,1,12
تَنْفَعُهَا,1,2:123,1,11
تَنْفَعُهُمْ,1,74:48,1,12
تَنْفُذُوا,1,55:33,1,10
تَنْفُذُونَ,1,55:33,1,11
تَنْقُصُ,1,50:4,1,8
تَنْقُصُوا,1,11:84,1,10
تَنْقُضُوا,1,16:91,1,10
تَنْقِمُ,1,7:126,1,8
تَنْقِمُونَ,1,5:59,1,11
تَنْكِحَ,1,2:230,1,8
تَنْكِصُونَ,1,23:66,1,11
تَنْكِيلًا,1,4:84,1,10
تَنْهَرْ,1,93:10,1,8
تَنْهَرْهُمَا,1,17:23,1,13
تَنْهَى,1,29:45,1,7
تَهْجُرُونَ,1,23:67,1,11
تَهْدُوا,1,4:88,1,8
تَوَارَتْ,1,38:32,1,9
تَوَاعَدْتُمْ,1,8:42,1,13
تَوَجَّهَ,1,28:22,1,9
تَوَدُّ,1,3:30,1,7
تَوَفَّاهُمُ,1,4:97,1,12
تَوَفَّتْهُ,1,6:61,1,11
تَوَفَّتْهُمُ,1,47:27,1,13
تَوَفَّنِي,1,12:101,1,10
تَوَفَّيْتَنِي,1,5:117,1,14
تَوَكَّلُوا,1,10:84,1,11
تَوَلَّ,1,27:28,1,7
تَوَلَّاهُ,1,22:4,1,10
تَوَلَّوْهُمْ,1,60:9,1,13
تَوْبَتُهُمْ,1,3:90,1,12
تَوْجَلْ,1,15:53,1,8
تَوْصِيَةً,1,36:50,1,10
تَوْفِيقِي,1,11:88,1,10
تَوْكِيدِهَا,1,16:91,1,12
تَيَمَّمُوا,1,2:267,1,11
تَيْأَسُوا,1,12:87,1,10
تُؤَاخِذْنَا,1,2:286,1,12
تُؤَاخِذْنِي,1,18:73,1,12
تُؤَدُّوا,1,4:58,1,9
تُؤْتَوْهُ,1,5:41,1,10
تُؤْتُوا,1,4:5,1,8
تُؤْتُونَهُنَّ,1,4:127,1,14
تُؤْتُونِ,1,12:66,1,9
تُؤْثِرُونَ,1,87:16,1,11
تُؤْذُوا,1,33:53,1,8
تُؤْذُونَنِي,1,61:5,1,12
تُؤْمِنَ,1,10:100,1,8
تُؤْوِيهِ,1,70:13,1,9
تُبَاشِرُوهُنَّ,1,2:187,1,15
تُبَدَّلُ,1,14:48,1,9
تُبَذِّرْ,1,17:26,1,9
تُبَشِّرُونَ,1,15:54,1,12
تُبَوِّئُ,1,3:121,1,9
تُبْدُونَهَا,1,6:91,1,12
تُبْدُوهُ,1,3:29,1,9
تُبْسَلَ,1,6:70,1,8
تُبْعَثُونَ,1,23:16,1,11
تُبْقِي,1,74:28,1,7
تُبْلَى,1,86:9,1,7
تُتْرَكُوا,1,9:16,1,10
تُثِيرُ,1,2:71,1,7
تُجَادِلُ,1,16:111,1,9
تُجَادِلُكَ,1,58:1,1,11
تُجَادِلُوا,1,29:46,1,11
تُجَادِلْ,1,4:107,1,9
تُجْرِمُونَ,1,11:35,1,11
تُحَدِّثُ,1,99:4,1,9
تُحَرِّكْ,1,75:16,1,9
تُحَرِّمُ,1,66:1,1,9
تُحَرِّمُوا,1,5:87,1,11
تُحَمِّلْنَا,1,2:286,1,12
تُحِبُّوا,1,2:216,1,9
تُحِبُّونَهَا,1,61:13,1,13
تُحِبُّونَهُمْ,1,3:119,1,14
تُحِسُّ,1,19:98,1,7
تُحِلُّوا,1,5:2,1,9
تُحِيطُوا,1,27:84,1,9
تُحْبَرُونَ,1,43:70,1,11
تُحْسِنُوا,1,4:128,1,10
تُحْصُوهُ,1,73:20,1,9
تُحْصِنُونَ,1,12:48,1,11
تُحْيِي,1,2:260,1,7
تُخَافِتْ,1,17:110,1,9
تُخَالِطُوهُمْ,1,2:220,1,14
تُخْرِجُ,1,5:110,1,8
تُخْرِجُونَ,1,2:84,1,11
تُخْرِجُوهُنَّ,1,65:1,1,14
تُخْزِنَا,1,3:194,1,9
تُخْزِنِي,1,26:87,1,9
تُخْسِرُوا,1,55:9,1,10
تُخْفُوا,1,3:29,1,8
تُخْفُوهَا,1,2:271,1,10
تُخْلَفَهُ,1,20:97,1,10
تُخْلِفُ,1,3:194,1,8
تُدَمِّرُ,1,46:25,1,9
تُدِيرُونَهَا,1,2:282,1,13
تُدْخِلِ,1,3:192,1,8
تُدْرِكَ,1,36:40,1,8
تُدْرِكُهُ,1,6:103,1,10
تُدْعَى,1,45:28,1,7
تُدْهِنُ,1,68:9,1,8
تُرَابٌ,1,2:264,1,7
تُرَاوِدُ,1,12:30,1,9
تُرَدَّ,1,5:108,1,7
تُرِيحُونَ,1,16:6,1,10
تُرِيَنِّي,1,23:93,1,10
تُرْجِي,1,33:51,1,7
تُرْزَقَانِهِ,1,12:37,1,13
تُرْفَعَ,1,24:36,1,8
تُرْهِبُونَ,1,8:60,1,11
تُرْهِقْنِي,1,18:73,1,11
تُزَكُّوا,1,53:32,1,9
تُزِغْ,1,3:8,1,6
تُسَاقِطْ,1,19:25,1,9
تُسَبِّحُ,1,17:44,1,9
تُسَبِّحُونَ,1,68:28,1,12
تُسَمَّى,1,76:18,1,8
تُسَوَّى,1,4:42,1,8
تُسِيمُونَ,1,16:10,1,10
تُسْأَلُ,1,2:119,1,8
تُسْحَرُونَ,1,23:89,1,11
تُسْقَى,1,88:5,1,7
تُسْقِطَ,1,17:92,1,8
تُسْكَنْ,1,28:58,1,8
تُسْلِمُونَ,1,16:81,1,11
تُشَاقُّونَ,1,16:27,1,11
تُشْرِكَ,1,31:15,1,8
تُشْطِطْ,1,38:22,1,8
تُشْمِتْ,1,7:150,1,8
تُصَاحِبْنِي,1,18:76,1,12
تُصَدِّقُونَ,1,56:57,1,12
تُصَعِّرْ,1,31:18,1,9
تُصَلِّ,1,9:84,1,7
تُصِبْكُمْ,1,3:120,1,10
تُصِيبَنَا,1,5:52,1,10
تُصِيبَنَّ,1,8:25,1,10
تُصِيبُهُمْ,1,13:31,1,11
تُصِيبُوا,1,49:6,1,9
تُصْبِحُونَ,1,30:17,1,11
تُصْعِدُونَ,1,3:153,1,11
تُصْلِحُوا,1,4:129,1,10
تُضَارَّ,1,2:233,1,8
تُضَارُّوهُنَّ,1,65:6,1,14
تُضِلُّ,1,7:155,1,7
تُطَهِّرُهُمْ,1,9:103,1,13
تُطِعْهُ,1,96:19,1,8
تُطِيعُوهُ,1,24:54,1,10
تُطْعِمُونَ,1,5:89,1,11
تُظَاهِرُونَ,1,33:4,1,12
تُظْهِرُونَ,1,30:18,1,11
تُعَذِّبَ,1,18:86,1,9
تُعَلِّمَنِ,1,18:66,1,11
تُعَلِّمُونَ,1,3:79,1,12
تُعَلِّمُونَهُنَّ,1,5:4,1,17
تُعْجِبُكَ,1,63:4,1,10
تُعْرَضُونَ,1,69:18,1,11
تُعْرِضَنَّ,1,17:28,1,11
تُعْرِضُوا,1,4:135,1,10
تُعْرِضْ,1,5:42,1,8
تُغْمِضُوا,1,2:267,1,10
تُفَادُوهُمْ,1,2:85,1,12
تُفَتَّحُ,1,7:40,1,9
تُفَنِّدُونِ,1,12:94,1,12
تُفْتَنُونَ,1,27:47,1,11
تُفْلِحُوا,1,18:20,1,10
تُقَاةً,1,3:28,1,7
تُقَاتِلُ,1,3:13,1,9
تُقَاتِلُونَهُمْ,1,48:16,1,16
تُقَاتِلُوهُمْ,1,2:191,1,14
تُقَاتِهِ,1,3:102,1,9
تُقَرِّبُكُمْ,1,34:37,1,13
تُقَطَّعَ,1,5:33,1,9
تُقَلَّبُ,1,33:66,1,9
تُقُبِّلَ,1,5:36,1,9
تُقِيمُوا,1,5:68,1,9
تُقْرِضُوا,1,64:17,1,10
تُقْسِطُوا,1,4:3,1,10
تُقْسِمُوا,1,24:53,1,10
تُقْلَبُونَ,1,29:21,1,11
تُكَذِّبُوا,1,29:18,1,11
تُكَلِّمُ,1,5:110,1,9
تُكَلِّمُهُمْ,1,27:82,1,13
تُكَلِّمُونِ,1,23:108,1,12
تُكْرِمُونَ,1,89:17,1,11
تُكْرِهُ,1,10:99,1,8
تُكْرِهُوا,1,24:33,1,10
تُلِيَتْ,1,8:2,1,8
تُلْقُوا,1,2:195,1,8
تُلْقُونَ,1,60:1,1,9
تُلْهِكُمْ,1,63:9,1,10
تُلْهِيهِمْ,1,24:37,1,11
تُمَارِ,1,18:22,1,7
تُمَتَّعُونَ,1,33:16,1,12
تُمْسُونَ,1,30:17,1,9
تُمْسِكُوا,1,60:10,1,10
تُمْسِكُوهُنَّ,1,2:231,1,14
تُمْلَى,1,25:5,1,7
تُمْنَى,1,53:46,1,7
تُمْنُونَ,1,56:58,1,9
تُنَبِّئُهُمْ,1,9:64,1,13
تُنَبِّئُونَهُ,1,13:33,1,14
تُنْبِتُوا,1,27:60,1,10
تُنْجِيكُمْ,1,61:10,1,11
تُنْسَى,1,20:126,1,7
تُنْقِذُ,1,39:19,1,8
تُنْكِحُوا,1,2:221,1,10
تُنْكِرُونَ,1,40:81,1,11
تُنْهَوْنَ,1,4:31,1,10
تُورُونَ,1,56:71,1,8
تُوصُونَ,1,4:12,1,8
تُوعَظُونَ,1,58:3,1,10
تُوعِدُونَ,1,7:86,1,10
تُوقِدُونَ,1,36:80,1,10
تُوقِنُونَ,1,13:2,1,10
تُولِجُ,1,3:27,1,7
تُوَاعِدُوهُنَّ,1,2:235,1,15
تُوَسْوِسُ,1,50:16,1,10
تُوَفَّوْنَ,1,3:185,1,11
تُوَلُّونَ,1,40:33,1,10
تُوَلُّوهُمُ,1,8:15,1,12
تِبْيَانًا,1,16:89,1,10
تِجَارَةٌ,1,24:37,1,9
تِجَارَةٍ,1,61:10,1,9
تِجَارَتُهُمْ,1,2:16,1,13
تِسْعًا,1,18:25,1,7
تِسْعٌ,1,38:23,1,6
تِسْعَ,1,17:101,1,6
تِسْعَةَ,1,74:30,1,8
تِسْعَةُ,1,27:48,1,8
تِسْعِ,1,27:12,1,6
تِلَاوَتِهِ,1,2:121,1,11
تِلْقَاءِ,1,10:15,1,9
تِلْكُمَا,1,7:22,1,9
تِلْكُمُ,1,7:43,1,8
ثَابِتٌ,1,14:24,1,7
ثَاقِبٌ,1,37:10,1,7
ثَالِثُ,1,5:73,1,7
ثَاوِيًا,1,28:45,1,8
ثَبَّتْنَاكَ,1,17:74,1,12
ثَجَّاجًا,1,78:14,1,9
ثَلَاثٍ,1,39:6,1,7
ثَلَاثَةً,1,56:7,1,9
ثَلَاثَةُ,1,65:4,1,9
ثَلَاثُ,1,24:58,1,7
ثَلَاثُونَ,1,46:15,1,10
ثَلَاثِ,1,77:30,1,7
ثَلَاثِينَ,1,7:142,1,10
ثَمَانِينَ,1,24:4,1,10
ثَمَانِيَ,1,28:27,1,9
ثَمَانِيَةٌ,1,69:17,1,11
ثَمَرٌ,1,18:34,1,6
ثَمَرَاتُ,1,28:57,1,9
ثَمَرَاتِ,1,16:67,1,9
ثَمَرَةٍ,1,2:25,1,8
ثَوَابِ,1,3:148,1,7
ثَيِّبَاتٍ,1,66:5,1,10
ثُبَاتٍ,1,4:71,1,7
ثُبُوتِهَا,1,16:94,1,10
ثُلُثَا,1,4:11,1,7
ثُلُثَيِ,1,73:20,1,8
ثُوِّبَ,1,83:36,1,7
ثِقَالًا,1,7:57,1,8
ثِيَابًا,1,18:31,1,8
ثِيَابٌ,1,22:19,1,7
ثِيَابَكُمْ,1,24:58,1,11
ثِيَابَهُنَّ,1,24:60,1,12
ثِيَابُ,1,76:21,1,7
جَاءَتْكَ,1,39:59,1,9
جَاءَتْكُمُ,1,2:209,1,11
جَاءَتْنَا,1,7:126,1,10
جَاءَتْهَا,1,10:22,1,10
جَاءَتْهُ,1,2:211,1,9
جَاءَنِيَ,1,40:66,1,9
جَائِرٌ,1,16:9,1,7
جَابُوا,1,89:9,1,7
جَاثِيَةً,1,45:28,1,9
جَادَلُوكَ,1,22:68,1,10
جَادَلْتَنَا,1,11:32,1,12
جَادَلْتُمْ,1,4:109,1,11
جَارٌ,1,8:48,1,5
جَارِيَةٌ,1,88:12,1,9
جَازٍ,1,31:33,1,5
جَاعِلٌ,1,2:30,1,7
جَاعِلُكَ,1,2:124,1,9
جَاعِلِ,1,35:1,1,7
جَالُوتَ,1,2:251,1,8
جَامِدَةً,1,27:88,1,9
جَامِعٍ,1,24:62,1,7
جَانِبٍ,1,37:8,1,7
جَاهَدَ,1,29:6,1,7
جَاهِلُونَ,1,12:89,1,10
جَاوَزَا,1,18:62,1,8
جَاوَزَهُ,1,2:249,1,9
جَحَدُوا,1,11:59,1,8
جَدُّ,1,72:3,1,5
جَذْوَةٍ,1,28:29,1,8
جَرَادٌ,1,54:7,1,7
جَرَحْتُمْ,1,6:60,1,10
جَزَاؤُكُمْ,1,17:63,1,11
جَزَيْتُهُمُ,1,23:111,1,12
جَزُوعًا,1,70:20,1,8
جَعَلَا,1,7:190,1,7
جَعَلَتْهُ,1,51:42,1,10
جَعَلَهَا,1,12:100,1,9
جَعَلْتُمُ,1,16:91,1,10
جَلَابِيبِهِنَّ,1,33:59,1,15
جَلَّاهَا,1,91:3,1,9
جَلْدَةً,1,24:4,1,8
جَلْدَةٍ,1,24:2,1,8
جَمًّا,1,89:20,1,6
جَمَالٌ,1,16:6,1,7
جَمَعَ,1,104:2,1,6
جَمَعُوا,1,3:173,1,8
جَمَعْنَاكُمْ,1,77:38,1,13
جَمَعْنَاهُمْ,1,3:25,1,13
جَمْعَهُ,1,75:17,1,8
جَمْعُكُمْ,1,7:48,1,10
جَمْعِهِمْ,1,42:29,1,10
جَنَاحَ,1,17:24,1,7
جَنَاحِكَ,1,20:22,1,9
جَنَحُوا,1,8:61,1,8
جَنَفًا,1,2:182,1,7
جَنَّ,1,6:76,1,5
جَنَّةً,1,76:12,1,7
جَنَّةَ,1,70:38,1,7
جَنَّةِ,1,26:85,1,7
جَنَّتَكَ,1,18:39,1,9
جَنَّتَهُ,1,18:35,1,9
جَنَّتِكَ,1,18:40,1,9
جَنَّتِي,1,89:30,1,8
جَنِيًّا,1,19:25,1,8
جَنْبِ,1,39:56,1,6
جَهَرَ,1,13:10,1,6
جَهُولًا,1,33:72,1,8
جَوِّ,1,16:79,1,5
جَوْفِهِ,1,33:4,1,8
جُدَدٌ,1,35:27,1,6
جُدُرٍ,1,59:14,1,6
جُذَاذًا,1,21:58,1,8
جُذُوعِ,1,20:71,1,7
جُرُزًا,1,18:8,1,7
جُرُفٍ,1,9:109,1,6
جُزْءٌ,1,15:44,1,6
جُعِلَ,1,16:124,1,6
جُفَاءً,1,13:17,1,7
جُلُودًا,1,4:56,1,8
جُلُودُ,1,39:23,1,7
جُلُودُكُمْ,1,41:22,1,11
جُلُودِ,1,16:80,1,7
جُمْلَةً,1,25:32,1,8
جُنُبٍ,1,28:11,1,6
جُنُوبُهَا,1,22:36,1,10
جُنُوبُهُمْ,1,32:16,1,11
جُنُوبِكُمْ,1,4:103,1,11
جُنُوبِهِمْ,1,3:191,1,11
جُنُودًا,1,9:26,1,8
جُنُودٌ,1,33:9,1,7
جُنُودَ,1,74:31,1,7
جُنُودُهُ,1,27:17,1,9
جُنْدًا,1,19:75,1,7
جُنْدٍ,1,36:28,1,6
جُنْدَنَا,1,37:173,1,9
جُهْدَهُمْ,1,9:79,1,10
جُيُوبِهِنَّ,1,24:31,1,12
جِئْتُكَ,1,26:30,1,8
جِئْتِ,1,19:27,1,6
جِئْنَاكُمْ,1,43:78,1,11
جِئْنَاهُمْ,1,7:52,1,11
جِبَالٍ,1,24:43,1,7
جِبَالُ,1,34:10,1,7
جِبَاهُهُمْ,1,9:35,1,11
جِبِلًّا,1,36:62,1,8
جِدَارًا,1,18:77,1,8
جِدَالَ,1,2:197,1,7
جِدَالَنَا,1,11:32,1,10
جِذْعِ,1,19:23,1,6
جِمَالَتٌ,1,77:33,1,9
جِهَادِهِ,1,22:78,1,9
جِهَارًا,1,71:8,1,8
جِيدِهَا,1,111:5,1,8
حَاجَجْتُمْ,1,3:66,1,11
حَاجَّ,1,2:258,1,6
حَاجَّكَ,1,3:61,1,8
حَاجُّوكَ,1,3:20,1,9
حَاجِزًا,1,27:61,1,8
حَاجِزِينَ,1,69:47,1,10
حَادَّ,1,58:22,1,6
حَاذِرُونَ,1,26:56,1,10
حَارَبَ,1,9:107,1,7
حَاسِبِينَ,1,21:47,1,10
حَاسِدٍ,1,113:5,1,7
حَاضِرًا,1,18:49,1,8
حَاضِرَةً,1,2:282,1,9
حَاضِرَةَ,1,7:163,1,9
حَاضِرِي,1,2:196,1,8
حَافِظًا,1,12:64,1,8
حَافِظٌ,1,86:4,1,7
حَافِظَاتٌ,1,4:34,1,10
حَافِظُوا,1,2:238,1,9
حَافِّينَ,1,39:75,1,9
حَامٍ,1,5:103,1,5
حَامِيَةً,1,88:4,1,9
حَامِيَةٌ,1,101:11,1,9
حَبَّبَ,1,49:7,1,7
حَبِطَ,1,5:5,1,6
حَبْلٌ,1,111:5,1,6
حَبْلِ,1,50:16,1,6
حَتْمًا,1,19:71,1,7
حَثِيثًا,1,7:54,1,8
حَجَّ,1,2:158,1,5
حَدَبٍ,1,21:96,1,6
حَدِيدًا,1,17:50,1,8
حَدِيدٌ,1,50:22,1,7
حَدِيدٍ,1,22:21,1,7
حَرًّا,1,9:81,1,6
حَرَامًا,1,10:59,1,8
حَرَامٌ,1,16:116,1,7
حَرَسًا,1,72:8,1,7
حَرَصْتَ,1,12:103,1,8
حَرَصْتُمْ,1,4:129,1,10
حَرَضًا,1,12:85,1,7
حَرَّمَهَا,1,27:91,1,10
حَرَّمَهُمَا,1,7:50,1,12
حَرِيصٌ,1,9:128,1,7
حَرِّضِ,1,8:65,1,7
حَرْثٌ,1,2:223,1,6
حَرْثَكُمْ,1,2:223,1,10
حَرْثِكُمْ,1,68:22,1,10
حَرْثِهِ,1,42:20,1,8
حَرْدٍ,1,68:25,1,6
حَرْفٍ,1,22:11,1,6
حَزَنًا,1,9:92,1,7
حَسَدًا,1,2:109,1,7
حَسَدَ,1,113:5,1,6
حَسَنٍ,1,3:37,1,6
حَسَنَاتٍ,1,25:70,1,9
حَسَنَةٍ,1,4:79,1,8
حَسُنَتْ,1,25:76,1,8
حَسِبَتْهُ,1,27:44,1,10
حَسِبْتَ,1,18:9,1,8
حَسِبْتَهُمْ,1,76:19,1,12
حَسِيرٌ,1,67:4,1,7
حَسِيسَهَا,1,21:102,1,10
حَسْبَكَ,1,8:62,1,8
حَسْبُكَ,1,8:64,1,8
حَسْبُهُ,1,65:3,1,8
حَسْرَتَا,1,39:56,1,9
حَسْرَتَنَا,1,6:31,1,11
حَشَرْتَنِي,1,20:125,1,11
حَشْرٌ,1,50:44,1,6
حَصَادِهِ,1,6:141,1,9
حَصَبُ,1,21:98,1,6
حَصَدْتُمْ,1,12:47,1,10
حَصِرَتْ,1,4:90,1,8
حَصِيرًا,1,17:8,1,8
حَصْحَصَ,1,12:51,1,8
حَضَرُوهُ,1,46:29,1,9
حَطَبًا,1,72:15,1,7
حَفَظَةً,1,6:61,1,8
حَفِظَ,1,4:34,1,6
حَفِيظٍ,1,50:32,1,7
حَفِيًّا,1,19:47,1,8
حَفِيٌّ,1,7:187,1,7
حَقُّ,1,56:95,1,5
حَقِيقٌ,1,7:105,1,7
حَكَمَ,1,40:48,1,6
حَكَمْتَ,1,5:42,1,8
حَكَمْتُمْ,1,4:58,1,10
حَلَالٌ,1,16:116,1,7
حَلَفْتُمْ,1,5:89,1,10
حَلَلْتُمْ,1,5:2,1,10
حَلَّافٍ,1,68:10,1,8
حَلِيمٍ,1,37:101,1,7
حَمَلَ,1,20:111,1,6
حَمَلْتَهُ,1,2:286,1,10
حَمَلْنَاكُمْ,1,69:11,1,13
حَمَّالَةَ,1,111:4,1,10
حَمُولَةً,1,6:142,1,9
حَمِئَةٍ,1,18:86,1,8
حَمِيدًا,1,4:131,1,8
حَمِيدٍ,1,41:42,1,7
حَمِيَّةَ,1,48:26,1,9
حَمْلًا,1,7:189,1,7
حَمْلَهَا,1,22:2,1,9
حَنِيذٍ,1,11:69,1,7
حَوْلَ,1,19:68,1,6
حَوْلَهُمْ,1,9:120,1,10
حَوْلَيْنِ,1,2:233,1,10
حَوْلِ,1,39:75,1,6
حَوْلِكَ,1,3:159,1,8
حَوْلِهِمْ,1,29:67,1,10
حَيٍّ,1,21:30,1,5
حَيَاةٌ,1,2:179,1,7
حَيَاةٍ,1,2:96,1,7
حَيَاتِكُمُ,1,46:20,1,11
حَيَّ,1,8:42,1,5
حَيَّةٌ,1,20:20,1,7
حَيَّوْكَ,1,58:8,1,9
حَيْرَانَ,1,6:71,1,9
حُبَّ,1,38:32,1,5
حُبُّ,1,3:14,1,5
حُجَّةَ,1,42:15,1,7
حُجَّتَهُمْ,1,45:25,1,11
حُجَّتُنَا,1,6:83,1,10
حُجَّتُهُمْ,1,42:16,1,11
حُجُورِكُمْ,1,4:23,1,11
حُدُودَهُ,1,4:14,1,9
حُرُمًا,1,5:96,1,7
حُرُمَاتِ,1,22:30,1,9
حُرِّمَ,1,3:50,1,7
حُسُومًا,1,69:7,1,8
حُسْنُهُنَّ,1,33:52,1,11
حُشِرَ,1,46:6,1,6
حُشِرَتْ,1,81:5,1,8
حُصُونُهُمْ,1,59:2,1,11
حُفْرَةٍ,1,3:103,1,8
حُقُبًا,1,18:60,1,7
حُكْمِهِ,1,18:26,1,8
حُلِيِّهِمْ,1,7:148,1,11
حُمُرٌ,1,74:50,1,6
حُمِّلَ,1,24:54,1,7
حُمِّلُوا,1,62:5,1,9
حُمِّلْتُمْ,1,24:54,1,11
حُمِّلْنَا,1,20:87,1,10
حُنَيْنٍ,1,9:25,1,8
حُوبًا,1,4:2,1,6
حُوتَهُمَا,1,18:61,1,10
حُورٌ,1,55:72,1,5
حُيِّيتُمْ,1,4:86,1,10
حِبَالَهُمْ,1,26:44,1,11
حِبَالُهُمْ,1,20:66,1,11
حِجَجٍ,1,28:27,1,6
حِجُّ,1,3:97,1,5
حِجْرًا,1,25:22,1,7
حِجْرٌ,1,6:138,1,6
حِجْرٍ,1,89:5,1,6
حِدَادٍ,1,33:19,1,7
حِذْرَهُمْ,1,4:102,1,10
حِزْبَهُ,1,35:6,1,8
حِسَابَهُ,1,24:39,1,9
حِسَابَهُمْ,1,88:26,1,11
حِسَابُهُ,1,23:117,1,9
حِسَابِكَ,1,6:52,1,9
حِسَانٌ,1,55:70,1,7
حِسَانٍ,1,55:76,1,7
حِفْظُهُمَا,1,2:255,1,11
حِكْمَةٌ,1,54:5,1,8
حِلًّا,1,3:93,1,6
حِلْيَةٍ,1,13:17,1,8
حِمَارِكَ,1,2:259,1,9
حِمْلًا,1,20:101,1,7
حِمْلُ,1,12:72,1,6
حِمْلِهَا,1,35:18,1,9
حِوَلًا,1,18:108,1,7
حِيتَانُهُمْ,1,7:163,1,12
حِيلَةً,1,4:98,1,7
حِينٌ,1,76:1,1,5
حِينَئِذٍ,1,56:84,1,9
حِينِ,1,28:15,1,5
خَائِبِينَ,1,3:127,1,10
خَائِفِينَ,1,2:114,1,10
خَائِنَةٍ,1,5:13,1,9
خَائِنَةَ,1,40:19,1,9
خَادِعُهُمْ,1,4:142,1,11
خَاسِئًا,1,67:4,1,8
خَاسِرَةٌ,1,79:12,1,9
خَاشِعًا,1,59:21,1,8
خَاشِعُونَ,1,23:2,1,10
خَاصَّةً,1,8:25,1,8
خَاضُوا,1,9:69,1,7
خَاضِعِينَ,1,26:4,1,10
خَاطَبَهُمُ,1,25:63,1,11
خَاطِئَةٍ,1,96:16,1,9
خَافَتْ,1,4:128,1,7
خَافُوا,1,4:9,1,7
خَافِضَةٌ,1,56:3,1,9
خَافِيَةٌ,1,69:18,1,9
خَالَاتِكَ,1,33:50,1,10
خَالَاتِكُمْ,1,24:61,1,12
خَالِدٌ,1,47:15,1,7
خَالِدَيْنِ,1,59:17,1,11
خَالِصًا,1,16:66,1,8
خَالِصَةٌ,1,6:139,1,9
خَالِقٍ,1,35:3,1,7
خَالِكَ,1,33:50,1,7
خَامِدُونَ,1,36:29,1,10
خَامِدِينَ,1,21:15,1,10
خَانُوا,1,8:71,1,7
خَاوِيَةً,1,27:52,1,9
خَاوِيَةٍ,1,69:7,1,9
خَبَتْ,1,17:97,1,6
خَبُثَ,1,7:58,1,6
خَتَمَ,1,2:7,1,6
خَتَّارٍ,1,31:32,1,8
خَدَّكَ,1,31:18,1,7
خَذُولًا,1,25:29,1,8
خَرَابِهَا,1,2:114,1,10
خَرَجْتُمْ,1,60:1,1,10
خَرَجْنَ,1,2:240,1,8
خَرَقَهَا,1,18:71,1,9
خَزَائِنَ,1,17:100,1,9
خَزَائِنُهُ,1,15:21,1,11
خَزَائِنِ,1,12:55,1,9
خَسَفْنَا,1,29:40,1,9
خَشِيتُ,1,20:94,1,7
خَشْيَةً,1,4:77,1,8
خَشْيَتِهِ,1,21:28,1,10
خَصَاصَةٌ,1,59:9,1,9
خَصِمُونَ,1,43:58,1,9
خَصِيمًا,1,4:105,1,8
خَضِرًا,1,6:99,1,7
خَطَايَاهُمْ,1,29:12,1,12
خَطِفَ,1,37:10,1,6
خَطِيئَاتِكُمْ,1,7:161,1,14
خَطِيئَاتِهِمْ,1,71:25,1,14
خَطِيئَةً,1,4:112,1,9
خَطِيئَتُهُ,1,2:81,1,11
خَطِيئَتِي,1,26:82,1,10
خَطْبُكَ,1,20:95,1,8
خَطْبُكُمَا,1,28:23,1,11
خَطْبُكُنَّ,1,12:51,1,11
خَفَّفَ,1,8:66,1,7
خَفِيفًا,1,7:189,1,8
خَفِيًّا,1,19:3,1,8
خَفِيٍّ,1,42:45,1,7
خَلَاقَ,1,3:77,1,7
خَلَصُوا,1,12:80,1,8
خَلَطُوا,1,9:102,1,8
خَلَفْتُمُونِي,1,7:150,1,14
خَلَقَنِي,1,26:78,1,9
خَلَقَهَا,1,16:5,1,9
خَلَقْتَهُ,1,15:33,1,10
خَلَقْتُكَ,1,19:9,1,10
خَلَقْنَاهُمَا,1,44:39,1,14
خَلْفَكَ,1,10:92,1,8
خَلْفَكُمْ,1,36:45,1,10
خَلْفَنَا,1,19:64,1,9
خَلْفَهَا,1,2:66,1,9
خَلْقَهُمْ,1,43:19,1,10
خَلْقُكُمْ,1,31:28,1,10
خَلْقِكُمْ,1,45:4,1,10
خَمْرٍ,1,47:15,1,6
خَمْسَةٌ,1,18:22,1,8
خَمْسَةٍ,1,58:7,1,8
خَمْطٍ,1,34:16,1,6
خَوَّانًا,1,4:107,1,9
خَوَّانٍ,1,22:38,1,8
خَوَّلَهُ,1,39:8,1,9
خَوَّلْنَاكُمْ,1,6:94,1,14
خَوَّلْنَاهُ,1,39:49,1,12
خَوْضٍ,1,52:12,1,6
خَوْضِهِمْ,1,6:91,1,10
خَوْفِهِمْ,1,24:55,1,10
خَيْرَاتٌ,1,55:70,1,9
خَيْلٍ,1,59:6,1,6
خُبْزًا,1,12:36,1,7
خُذْ,1,9:103,1,4
خُذْهَا,1,20:21,1,7
خُرُوجٍ,1,40:11,1,7
خُسْرًا,1,65:9,1,7
خُسْرٍ,1,103:2,1,6
خُسْرَانًا,1,4:119,1,10
خُشَّعًا,1,54:7,1,8
خُشُبٌ,1,63:4,1,6
خُشُوعًا,1,17:109,1,8
خُضْرًا,1,18:31,1,7
خُضْرٌ,1,76:21,1,6
خُلَّةٌ,1,2:254,1,7
خُلُقٍ,1,68:4,1,6
خُلُقُ,1,26:137,1,6
خُلِقَتْ,1,88:17,1,8
خُلِقُوا,1,52:35,1,8
خُلِّفُوا,1,9:118,1,9
خُمُسَهُ,1,8:41,1,8
خِتَامُهُ,1,83:26,1,9
خِزْيِ,1,11:66,1,6
خِطَابًا,1,78:37,1,8
خِطْئًا,1,17:31,1,7
خِطْبَةِ,1,2:235,1,8
خِفَافًا,1,9:41,1,8
خِفْتُ,1,19:5,1,6
خِفْتُكُمْ,1,26:21,1,10
خِفْتِ,1,28:7,1,6
خِلَافَ,1,9:81,1,7
خِلَافَكَ,1,17:76,1,9
خِلَالٌ,1,14:31,1,7
خِلَالَ,1,17:5,1,7
خِلَالَكُمْ,1,9:47,1,11
خِلَالَهُمَا,1,18:33,1,12
خِلْفَةً,1,25:62,1,8
خِنْزِيرٍ,1,6:145,1,9
خِيفَتِهِ,1,13:13,1,9
خِيَانَةً,1,8:58,1,9
خِيَانَتَكَ,1,8:71,1,11
دَأَبًا,1,12:47,1,7
دَأْبِ,1,40:31,1,6
دَائِبَيْنِ,1,14:33,1,11
دَائِرَةٌ,1,5:52,1,9
دَائِمٌ,1,13:35,1,7
دَائِمُونَ,1,70:23,1,10
دَابَّةً,1,27:82,1,8
دَابَّةُ,1,34:14,1,8
دَابِرُ,1,6:45,1,7
دَاحِضَةٌ,1,42:16,1,9
دَاخِلُونَ,1,5:22,1,10
دَارِ,1,10:25,1,5
دَارِكُمْ,1,11:65,1,9
دَافِعٌ,1,70:2,1,7
دَافِعٍ,1,52:8,1,7
دَافِقٍ,1,86:6,1,7
دَامُوا,1,5:24,1,7
دَانٍ,1,55:54,1,5
دَحَاهَا,1,79:30,1,8
دَخَلَتْ,1,7:38,1,8
دَخَلَهُ,1,3:97,1,8
دَخَلُوهُ,1,17:7,1,9
دَخَلْتَ,1,18:39,1,8
دَخَلْتُمُوهُ,1,5:23,1,13
دَرَاهِمَ,1,12:20,1,9
دَرَجَةٌ,1,2:228,1,8
دَرَسْتَ,1,6:105,1,8
دَرَكًا,1,20:77,1,7
دَسَّاهَا,1,91:10,1,9
دَعًّا,1,52:13,1,6
دَعَانِ,1,2:186,1,7
دَعَاهُ,1,27:62,1,7
دَعَوَا,1,7:189,1,7
دَعَوْتُ,1,71:5,1,8
دَعَوْتُكُمْ,1,14:22,1,12
دَعْوَةً,1,30:25,1,8
دَعْوَةٌ,1,40:43,1,8
دَعْوَةَ,1,2:186,1,8
دَعْوَةُ,1,13:14,1,8
دَعْوَتَكَ,1,14:44,1,10
دَعْوَتُكُمَا,1,10:89,1,13
دَفَعْتُمْ,1,4:6,1,10
دَكَّاءَ,1,18:98,1,8
دَكَّةً,1,69:14,1,7
دَلَّهُمْ,1,34:14,1,9
دَلِيلًا,1,25:45,1,8
دَلْوَهُ,1,12:19,1,8
دَمًا,1,6:145,1,5
دَمَّرَ,1,47:10,1,7
دَمَّرْنَاهُمْ,1,27:51,1,14
دَنَا,1,53:8,1,5
دَيَّارًا,1,71:26,1,9
دُبُرَهُ,1,8:16,1,8
دُحُورًا,1,37:9,1,8
دُخَانٌ,1,41:11,1,7
دُخِلَتْ,1,33:14,1,8
دُرِّيٌّ,1,24:35,1,8
دُعَاءً,1,2:171,1,7
دُعَاءٍ,1,41:51,1,7
دُعَاءَ,1,24:63,1,7
دُعَاءَكُمْ,1,35:14,1,11
دُعَاءَهُ,1,17:11,1,9
دُعَاؤُكُمْ,1,25:77,1,11
دُعَائِهِمْ,1,46:5,1,11
دُعَائِي,1,71:6,1,8
دُعِيتُمْ,1,33:53,1,9
دُعِيَ,1,40:12,1,6
دُكَّتِ,1,89:21,1,7
دُمْتَ,1,3:75,1,6
دُمْتُمْ,1,5:96,1,8
دُولَةً,1,59:7,1,7
دُونِكُمْ,1,3:118,1,9
دُونِنَا,1,21:43,1,8
دُونِهَا,1,18:90,1,8
دُونِهِمُ,1,28:23,1,9
دِرَاسَتِهِمْ,1,6:156,1,13
دِفْءٌ,1,16:5,1,6
دِمَاءَكُمْ,1,2:84,1,11
دِمَاؤُهَا,1,22:37,1,10
دِهَاقًا,1,78:34,1,8
دِينَ,1,9:29,1,5
دِينُ,1,98:5,1,5
دِينُكُمْ,1,109:6,1,9
دِينُهُمْ,1,8:49,1,9
دِينِهِمْ,1,3:24,1,9
دِيَارِنَا,1,2:246,1,10
ذَاتُ,1,55:11,1,5
ذَاقَا,1,7:22,1,6
ذَاهِبٌ,1,37:99,1,7
ذَرَأْنَا,1,7:179,1,9
ذَرُونَا,1,48:15,1,8
ذَرُونِي,1,40:26,1,8
ذَرْعُهَا,1,69:32,1,9
ذَرْنَا,1,9:86,1,7
ذَرْنِي,1,74:11,1,7
ذَرْوًا,1,51:1,1,7
ذَكَرُوا,1,3:135,1,8
ذَكَرْتَ,1,17:46,1,8
ذَكَّيْتُمْ,1,5:3,1,11
ذَلُولًا,1,67:15,1,8
ذَلُولٌ,1,2:71,1,7
ذَلِكُمَا,1,12:37,1,9
ذَنُوبًا,1,51:59,1,8
ذَنُوبِ,1,51:59,1,7
ذَنْبٌ,1,26:14,1,6
ذَنْبٍ,1,81:9,1,6
ذَنْبِكَ,1,48:2,1,8
ذَنْبِهِ,1,55:39,1,8
ذَهَابٍ,1,23:18,1,7
ذَهَبًا,1,3:91,1,7
ذَهَبَتْ,1,60:11,1,8
ذَهَبُوا,1,12:15,1,8
ذَهَبْنَا,1,12:17,1,9
ذَوَاتَا,1,55:48,1,8
ذَوَاتَيْ,1,34:16,1,9
ذَوَيْ,1,65:2,1,6
ذَوِي,1,2:177,1,5
ذُبَابًا,1,22:73,1,8
ذُبِحَ,1,5:3,1,6
ذُرِّيَّةَ,1,17:3,1,10
ذُرِّيَّتُهُمْ,1,52:21,1,14
ذُرِّيَّتِنَا,1,2:128,1,13
ذُقْ,1,44:49,1,4
ذُكِّرْتُمْ,1,36:19,1,11
ذُكْرَانًا,1,42:50,1,10
ذُلُلًا,1,16:69,1,7
ذُنُوبِهِمُ,1,28:78,1,11
ذُنُوبِهِمْ,1,5:49,1,11
ذِرَاعًا,1,69:32,1,8
ذِرَاعَيْهِ,1,18:18,1,11
ذِكْرَاهَا,1,79:43,1,10
ذِكْرَاهُمْ,1,47:18,1,11
ذِكْرَكَ,1,94:4,1,8
ذِكْرُكُمْ,1,21:10,1,10
ذِكْرِهِمْ,1,23:71,1,10
رَآكَ,1,21:36,1,5
رَأَتْهُ,1,27:44,1,8
رَأَتْهُمْ,1,25:12,1,10
رَأَوْكَ,1,25:41,1,8
رَأَوْهَا,1,68:26,1,9
رَأَوْهُمْ,1,83:32,1,10
رَأَيْتُ,1,12:4,1,8
رَأَيْتُمُوهُ,1,3:143,1,13
رَأَيْتُهُمْ,1,12:4,1,12
رَأَيْنَهُ,1,12:31,1,10
رَأْسِي,1,12:36,1,7
رَأْفَةً,1,57:27,1,8
رَأْفَةٌ,1,24:2,1,8
رَأْيَ,1,3:13,1,6
رَابِيًا,1,13:17,1,8
رَابِيَةً,1,69:10,1,9
رَادَّ,1,10:107,1,6
رَادُّوهُ,1,28:7,1,9
رَاسِيَاتٍ,1,34:13,1,10
رَاضِيَةً,1,89:28,1,9
رَاضِيَةٌ,1,88:9,1,9
رَاعِنَا,1,2:104,1,8
رَافِعَةٌ,1,56:3,1,9
رَاقٍ,1,75:27,1,5
رَاكِعًا,1,38:24,1,8
رَاكِعُونَ,1,5:55,1,10
رَانَ,1,83:14,1,5
رَاوَدَتْنِي,1,12:26,1,12
رَاوَدُوهُ,1,54:37,1,10
رَاوَدْتُنَّ,1,12:51,1,12
رَبًّا,1,6:164,1,6
رَبٍّ,1,36:58,1,5
رَبَطْنَا,1,28:10,1,9
رَبَّانِيِّينَ,1,3:79,1,14
رَبَّهُمَا,1,7:189,1,10
رَبَّيَانِي,1,17:24,1,11
رَبُّهَا,1,3:37,1,8
رَبِحَتْ,1,2:16,1,8
رَبْوَةٍ,1,23:50,1,8
رَتْقًا,1,21:30,1,7
رَجًّا,1,56:4,1,6
رَجَعَ,1,7:150,1,6
رَجَعَكَ,1,9:83,1,8
رَجَعْنَا,1,63:8,1,9
رَجُلَانِ,1,5:23,1,9
رَجْعٌ,1,50:3,1,6
رَجْعِهِ,1,86:8,1,8
رَجْمًا,1,18:22,1,7
رَحِمَنَا,1,67:28,1,9
رَحِمَهُ,1,6:16,1,8
رَحِمْتَهُ,1,40:9,1,10
رَحِمْنَاهُمْ,1,23:75,1,13
رَحِيقٍ,1,83:25,1,7
رَحْلِ,1,12:70,1,6
رَحْلِهِ,1,12:75,1,8
رَحْمَةٌ,1,18:98,1,8
رَحْمَةَ,1,39:9,1,8
رَحْمَتُ,1,11:73,1,8
رَحْمَتِكَ,1,7:151,1,10
رَحْمَتِي,1,29:23,1,9
رَدَدْنَا,1,17:6,1,9
رَدَدْنَاهُ,1,95:5,1,11
رَدَّهَا,1,21:40,1,8
رَدُّوهُ,1,4:83,1,8
رَدِفَ,1,27:72,1,6
رَدْمًا,1,18:95,1,7
رَزَقَكُمْ,1,30:40,1,10
رَزَقْنَاهُ,1,16:75,1,11
رَسُولَا,1,20:47,1,8
رَسُولَكُمُ,1,26:27,1,11
رَسُولَكُمْ,1,2:108,1,11
رَسُولَهُمْ,1,23:69,1,11
رَسُولُهَا,1,23:44,1,10
رَسُولُهُ,1,3:101,1,9
رَسُولُهُمْ,1,10:47,1,11
رَشِيدٌ,1,11:78,1,7
رَضِيتُمْ,1,9:83,1,9
رَضِيًّا,1,19:6,1,8
رَطْبٍ,1,6:59,1,6
رَعَوْهَا,1,57:27,1,9
رَغَبًا,1,21:90,1,7
رَفَثَ,1,2:197,1,6
رَفَعَهَا,1,55:7,1,9
رَفَعَهُ,1,4:158,1,8
رَفِيعُ,1,40:15,1,7
رَفِيقًا,1,4:69,1,8
رَفْرَفٍ,1,55:76,1,8
رَقٍّ,1,52:3,1,5
رَكَّبَكَ,1,82:8,1,9
رَكُوبُهُمْ,1,36:72,1,11
رَكِبَا,1,18:71,1,7
رَكِبُوا,1,29:65,1,8
رَمَضَانَ,1,2:185,1,9
رَمَى,1,8:17,1,5
رَمِيمٌ,1,36:78,1,7
رَمْزًا,1,3:41,1,7
رَهِينٌ,1,52:21,1,7
رَهِينَةٌ,1,74:38,1,9
رَهْبَةً,1,59:13,1,8
رَهْطٍ,1,27:48,1,6
رَهْطُكَ,1,11:91,1,8
رَهْوًا,1,44:24,1,7
رَوَاكِدَ,1,42:33,1,9
رَوْضَاتِ,1,42:22,1,9
رَوْضَةٍ,1,30:15,1,8
رَيْبِهِمْ,1,9:45,1,10
رُءُوسِهِمُ,1,22:19,1,11
رُؤْيَاكَ,1,12:5,1,9
رُبَمَا,1,15:2,1,7
رُجَّتِ,1,56:4,1,7
رُجُومًا,1,67:5,1,8
رُجِعْتُ,1,41:50,1,8
رُحَمَاءُ,1,48:29,1,9
رُحْمًا,1,18:81,1,7
رُخَاءً,1,38:36,1,7
رُدِدْتُ,1,18:36,1,8
رُزِقُوا,1,2:25,1,8
رُزِقْنَا,1,2:25,1,9
رُسُلُكُمْ,1,40:50,1,10
رُسُلِكَ,1,3:194,1,8
رُسُلِي,1,34:45,1,7
رُشْدَهُ,1,21:51,1,8
رُطَبًا,1,19:25,1,7
رُعْبًا,1,18:18,1,7
رُفِعَتْ,1,88:18,1,8
رُقُودٌ,1,18:18,1,7
رُكَامًا,1,24:43,1,8
رُكَّعًا,1,48:29,1,8
رُكْبَانًا,1,2:239,1,10
رُكْنٍ,1,11:80,1,6
رُوحًا,1,42:52,1,6
رُوحَنَا,1,19:17,1,8
رُوحُ,1,16:102,1,5
رُوحِهِ,1,32:9,1,7
رُوَيْدًا,1,86:17,1,9
رِبًا,1,30:39,1,5
رِبَاطِ,1,8:60,1,7
رِبِّيُّونَ,1,3:146,1,11
رِجْزَ,1,8:11,1,6
رِجْسًا,1,9:125,1,7
رِجْسِهِمْ,1,9:125,1,10
رِجْلَيْنِ,1,24:45,1,10
رِحَالِهِمْ,1,12:62,1,11
رِحْلَةَ,1,106:2,1,8
رِدْءًا,1,28:34,1,7
رِزْقٌ,1,37:41,1,6
رِزْقَكُمْ,1,56:82,1,10
رِزْقَهَا,1,29:60,1,9
رِزْقُكُمْ,1,51:22,1,10
رِزْقُهُ,1,65:7,1,8
رِزْقُهُمْ,1,19:62,1,10
رِزْقُهُنَّ,1,2:233,1,11
رِزْقِهِ,1,67:15,1,8
رِزْقِهِمْ,1,16:71,1,10
رِسَالَةَ,1,7:79,1,9
رِضْوَانِ,1,57:27,1,9
رِعَايَتِهَا,1,57:27,1,12
رِكَابٍ,1,59:6,1,7
رِكْزًا,1,19:98,1,7
رِيبَةً,1,9:110,1,7
رِيحٍ,1,3:117,1,5
رِيحَ,1,12:94,1,5
رِيحُكُمْ,1,8:46,1,9
رِيعٍ,1,26:128,1,5
زَادَتْهُ,1,9:124,1,9
زَادَتْهُمْ,1,8:2,1,11
زَادُوكُمْ,1,9:47,1,10
زَادُوهُمْ,1,11:101,1,10
زَاغَ,1,53:17,1,5
زَاغَتِ,1,33:10,1,7
زَاغَتْ,1,38:63,1,7
زَاغُوا,1,61:5,1,7
زَالَتَا,1,35:41,1,8
زَالَتْ,1,21:15,1,7
زَانٍ,1,24:3,1,5
زَانِيَةً,1,24:3,1,9
زَاهِقٌ,1,21:18,1,7
زَبَدًا,1,13:17,1,7
زَبَدٌ,1,13:17,1,6
زَجْرًا,1,37:2,1,7
زَحْفًا,1,8:15,1,7
زَرْعٍ,1,14:37,1,6
زَعَمَ,1,64:7,1,6
زَعَمْتَ,1,17:92,1,8
زَقُّومٍ,1,56:52,1,8
زَكَاةً,1,18:81,1,7
زَكَاةٍ,1,30:39,1,7
زَكَى,1,24:21,1,5
زَكَّاهَا,1,91:9,1,9
زَكِيًّا,1,19:19,1,8
زَكِيَّةً,1,18:74,1,9
زَلَقًا,1,18:40,1,7
زَلَلْتُمْ,1,2:209,1,10
زَلْزَلَةَ,1,22:1,1,10
زَمْهَرِيرًا,1,76:13,1,12
زَنِيمٍ,1,68:13,1,7
زَنْجَبِيلًا,1,76:17,1,12
زَهُوقًا,1,17:81,1,8
زَهْرَةَ,1,20:131,1,8
زَوَالٍ,1,14:44,1,7
زَوَّجْنَاكَهَا,1,33:37,1,15
زَوْجًا,1,2:230,1,7
زَوْجَانِ,1,55:52,1,9
زَوْجَكَ,1,33:37,1,8
زَوْجَهُ,1,21:90,1,8
زَوْجِهَا,1,58:1,1,9
زَيْتُهَا,1,24:35,1,9
زَيْتُونَةٍ,1,24:35,1,11
زَيْدٌ,1,33:37,1,6
زَيْغٌ,1,3:7,1,6
زُبَرَ,1,18:96,1,6
زُبُرًا,1,23:53,1,7
زُبُرِ,1,26:196,1,6
زُجَاجَةٍ,1,24:35,1,9
زُحْزِحَ,1,3:185,1,8
زُخْرُفٍ,1,17:93,1,8
زُخْرُفَ,1,6:112,1,8
زُخْرُفَهَا,1,10:24,1,11
زُرْتُمُ,1,102:2,1,8
زُرْقًا,1,20:102,1,7
زُلْزِلَتِ,1,99:1,1,10
زُلْفَةً,1,67:27,1,8
زُوِّجَتْ,1,81:7,1,9
زِدْ,1,73:4,1,4
زِدْنِي,1,20:114,1,7
زِلْتُمْ,1,40:34,1,8
زِلْزَالًا,1,33:11,1,10
زِلْزَالَهَا,1,99:1,1,12
زِينَةُ,1,18:46,1,7
زِينَةِ,1,20:87,1,7
زِينَتَكُمْ,1,7:31,1,11
زِينَتِهِ,1,28:79,1,9
زِينَتِهِنَّ,1,24:31,1,12
زِيَادَةٌ,1,9:37,1,9
سَآتِيكُمْ,1,27:7,1,10
سَآوِي,1,11:43,1,6
سَأَتْلُو,1,18:83,1,9
سَأَسْتَغْفِرُ,1,19:47,1,14
سَأَصْرِفُ,1,7:146,1,10
سَأَلَ,1,70:1,1,6
سَأَلَكَ,1,2:186,1,8
سَأَلَهَا,1,5:102,1,9
سَأَلَهُمْ,1,67:8,1,10
سَأَلُوا,1,4:153,1,8
سَأَلْتُكَ,1,18:76,1,10
سَأَلْتُمُوهُ,1,14:34,1,13
سَأَلْتُمُوهُنَّ,1,33:53,1,16
سَأَلْتُمْ,1,2:61,1,10
سَأُرْهِقُهُ,1,74:17,1,12
سَأُصْلِيهِ,1,74:26,1,11
سَأُلْقِي,1,8:12,1,9
سَأُنَبِّئُكَ,1,18:78,1,13
سَأُنْزِلُ,1,6:93,1,10
سَاءَتْ,1,25:66,1,7
سَائِبَةٍ,1,5:103,1,9
سَائِحَاتٍ,1,66:5,1,10
سَائِغًا,1,16:66,1,8
سَائِغٌ,1,35:12,1,7
سَائِقٌ,1,50:21,1,7
سَائِلٌ,1,70:1,1,7
سَابِغَاتٍ,1,34:11,1,10
سَابِقٌ,1,35:32,1,7
سَابِقُ,1,36:40,1,7
سَابِقُوا,1,57:21,1,9
سَابِقُونَ,1,23:61,1,10
سَابِقِينَ,1,29:39,1,10
سَاجِدًا,1,39:9,1,8
سَادَتَنَا,1,33:67,1,10
سَارِقِينَ,1,12:73,1,10
سَاعَةٍ,1,30:55,1,7
سَاعَةِ,1,9:117,1,7
سَافِلِينَ,1,95:5,1,10
سَاقٍ,1,68:42,1,5
سَاقَيْهَا,1,27:44,1,10
سَاقِطًا,1,52:44,1,8
سَاكِنًا,1,25:45,1,8
سَالِمُونَ,1,68:43,1,10
سَامِدُونَ,1,53:61,1,10
سَامِرًا,1,23:67,1,8
سَامِرِيُّ,1,20:95,1,10
سَاوَى,1,18:96,1,6
سَبَإٍ,1,27:22,1,6
سَبَقُوا,1,8:59,1,8
سَبِيلٌ,1,3:75,1,7
سَبِيلَكَ,1,40:7,1,9
سَبِيلَنَا,1,29:12,1,10
سَبِيلَهُمْ,1,9:5,1,11
سَبِيلُ,1,6:55,1,7
سَبِيلِكَ,1,10:88,1,9
سَبِّحُوا,1,19:11,1,9
سَبِّحِ,1,87:1,1,7
سَبْتِهِمْ,1,7:163,1,10
سَبْعَةٌ,1,18:22,1,8
سَبْعُونَ,1,69:32,1,9
سَبْعِ,1,12:46,1,6
سَبْقًا,1,79:4,1,7
سَتَجِدُونَ,1,4:91,1,11
سَتَذْكُرُونَهُنَّ,1,2:235,1,18
سَتُدْعَوْنَ,1,48:16,1,12
سَتُغْلَبُونَ,1,3:12,1,13
سَتُكْتَبُ,1,43:19,1,10
سَجَدُوا,1,4:102,1,8
سَجَى,1,93:2,1,5
سَحَرُوا,1,7:116,1,8
سَحَّارٍ,1,26:37,1,8
سَحِيقٍ,1,22:31,1,7
سَخَّرْنَا,1,38:18,1,10
سَخَّرْنَاهَا,1,22:36,1,13
سَخِرَ,1,9:79,1,6
سَخِطَ,1,5:80,1,6
سَرَابًا,1,78:20,1,8
سَرَابِيلَ,1,16:81,1,10
سَرَابِيلُهُمْ,1,14:50,1,14
سَرَبًا,1,18:61,1,7
سَرِيًّا,1,19:24,1,8
سَرِّحُوهُنَّ,1,2:231,1,13
سَعَةً,1,2:247,1,6
سَعَةٍ,1,65:7,1,6
سَعْيًا,1,2:260,1,7
سَعْيَكُمْ,1,92:4,1,10
سَعْيَهَا,1,17:19,1,9
سَعْيَهُ,1,53:40,1,8
سَعْيُكُمْ,1,76:22,1,10
سَفَاهَةٌ,1,7:67,1,9
سَفَاهَةٍ,1,7:66,1,9
سَفَرَةٍ,1,80:15,1,8
سَفَرِنَا,1,18:62,1,9
سَفَهًا,1,6:140,1,7
سَفِهَ,1,2:130,1,6
سَفِينَةٍ,1,18:79,1,9
سَفِيهًا,1,2:282,1,8
سَفِيهُنَا,1,72:4,1,10
سَقَرُ,1,74:27,1,6
سَقَطُوا,1,9:49,1,8
سَقَيْتَ,1,28:25,1,8
سَقْفًا,1,21:32,1,7
سَكَتَ,1,7:154,1,6
سَكَرًا,1,16:67,1,7
سَكَنٌ,1,9:103,1,6
سَكَنَ,1,6:13,1,6
سَكَنْتُمْ,1,65:6,1,10
سَكِينَةٌ,1,2:248,1,9
سَكْرَةُ,1,50:19,1,8
سَكْرَتِهِمْ,1,15:72,1,12
سَلَاسِلَ,1,76:4,1,9
سَلَفًا,1,43:56,1,7
سَلَقُوكُمْ,1,33:19,1,11
سَلَكَكُمْ,1,74:42,1,10
سَلَكْنَاهُ,1,26:200,1,11
سَلَمًا,1,39:29,1,7
سَلَّمَ,1,8:43,1,7
سَلَّمْتُمْ,1,2:233,1,11
سَلْ,1,2:211,1,4
سَلْسَبِيلًا,1,76:18,1,12
سَلْهُمْ,1,68:40,1,8
سَمَاءٍ,1,41:12,1,7
سَمَاءُ,1,11:44,1,7
سَمَّاكُمُ,1,22:78,1,10
سَمَّيْتُهَا,1,3:36,1,12
سَمُومٍ,1,56:42,1,7
سَمُّوهُمْ,1,13:33,1,10
سَمِعَتْ,1,12:31,1,8
سَمِعَهُ,1,2:181,1,8
سَمِعْتُمْ,1,4:140,1,10
سَمِيعُ,1,3:38,1,7
سَمِينٍ,1,51:26,1,7
سَمِّ,1,7:40,1,5
سَمْعَكُمْ,1,6:46,1,10
سَمْعُكُمْ,1,41:22,1,10
سَمْعِهِ,1,45:23,1,8
سَمْعِهِمْ,1,2:7,1,10
سَمْكَهَا,1,79:28,1,9
سَنَا,1,24:43,1,5
سَنَابِلَ,1,2:261,1,9
سَنَجْزِي,1,6:157,1,9
سَنَدْعُ,1,96:18,1,8
سَنَزِيدُ,1,7:161,1,9
سَنَسِمُهُ,1,68:16,1,10
سَنَشُدُّ,1,28:35,1,9
سَنَفْرُغُ,1,55:31,1,10
سَنَنْظُرُ,1,27:27,1,10
سَنُؤْتِيهِمْ,1,4:162,1,13
سَنُرَاوِدُ,1,12:61,1,11
سَنُرِيهِمْ,1,41:53,1,11
سَنُطِيعُكُمْ,1,47:26,1,13
سَنُعَذِّبُهُمْ,1,9:101,1,15
سَنُعِيدُهَا,1,20:21,1,12
سَنُقَتِّلُ,1,7:127,1,11
سَنُقْرِئُكَ,1,87:6,1,12
سَنُمَتِّعُهُمْ,1,11:48,1,15
سَوَّاكَ,1,18:37,1,8
سَوَّاهَا,1,91:7,1,9
سَوَّاهُ,1,32:9,1,8
سَوَّلَ,1,47:25,1,7
سَوْآتِكُمْ,1,7:26,1,11
سَوْطَ,1,89:13,1,6
سَيَحْلِفُونَ,1,9:95,1,13
سَيَدْخُلُونَ,1,40:60,1,13
سَيَذَّكَّرُ,1,87:10,1,12
سَيَرْحَمُهُمُ,1,9:71,1,14
سَيَصْلَى,1,111:3,1,9
سَيَغْلِبُونَ,1,30:3,1,13
سَيَكُونُ,1,73:20,1,9
سَيَكْفُرُونَ,1,19:82,1,13
سَيَنَالُهُمْ,1,7:152,1,13
سَيَهْدِيهِمْ,1,47:5,1,13
سَيَّارَةٌ,1,12:19,1,10
سَيُؤْتِينَا,1,9:59,1,12
سَيُبْطِلُهُ,1,10:81,1,12
سَيُدْخِلُهُمُ,1,9:99,1,14
سَيُرِيكُمْ,1,27:93,1,11
سَيُصِيبُهُمْ,1,39:51,1,13
سَيُطَوَّقُونَ,1,3:180,1,14
سَيُغْفَرُ,1,7:169,1,10
سَيُهْزَمُ,1,54:45,1,10
سَيِّئًا,1,9:102,1,8
سَيِّئَاتِ,1,40:45,1,10
سَيِّئَاتِنَا,1,3:193,1,13
سَيِّئُهُ,1,17:38,1,9
سَيِّدَهَا,1,12:25,1,10
سَيْرًا,1,52:10,1,7
سَيْلَ,1,34:16,1,6
سَيْنَاءَ,1,23:20,1,9
سُؤْلَكَ,1,20:36,1,8
سُئِلَ,1,2:108,1,6
سُئِلَتْ,1,81:8,1,8
سُئِلُوا,1,33:14,1,8
سُجِّرَتْ,1,81:6,1,9
سُخْرِيًّا,1,43:32,1,10
سُدًى,1,75:36,1,5
سُرَادِقُهَا,1,18:29,1,12
سُرُرٌ,1,88:13,1,6
سُطِحَتْ,1,88:20,1,8
سُعِدُوا,1,11:108,1,8
سُعِّرَتْ,1,81:12,1,9
سُقُفًا,1,43:33,1,7
سُقِطَ,1,7:149,1,6
سُقْنَاهُ,1,7:57,1,9
سُكِّرَتْ,1,15:15,1,9
سُلَّمًا,1,6:35,1,8
سُلَّمٌ,1,52:38,1,7
سُلْطَانُهُ,1,16:100,1,11
سُلْطَانِيَهْ,1,69:29,1,13
سُنَنٌ,1,3:137,1,6
سُنَنَ,1,4:26,1,6
سُنَّتُ,1,8:38,1,7
سُنْبُلَةٍ,1,2:261,1,10
سُنْبُلِهِ,1,12:47,1,10
سُهُولِهَا,1,7:74,1,10
سُوءٌ,1,3:174,1,5
سُودٌ,1,35:27,1,5
سُوقِهِ,1,48:29,1,7
سُوًى,1,20:58,1,5
سُوَاعًا,1,71:23,1,8
سُوَرٍ,1,11:13,1,6
سِتِّينَ,1,58:4,1,8
سِتْرًا,1,18:90,1,7
سِجِّينٌ,1,83:8,1,8
سِجِّينٍ,1,83:7,1,8
سِحْرَانِ,1,28:48,1,9
سِحْرِهِمْ,1,20:66,1,10
سِدْرَةِ,1,53:14,1,8
سِرَّكُمْ,1,6:3,1,9
سِقَايَةَ,1,9:19,1,9
سِكِّينًا,1,12:31,1,9
سِلْسِلَةٍ,1,69:32,1,10
سِنَةٌ,1,2:255,1,6
سِيئَتْ,1,67:27,1,7
سِيرَتَهَا,1,20:21,1,10
سِيمَاهُمْ,1,48:29,1,10
سِينِينَ,1,95:2,1,8
شَأْنٌ,1,80:37,1,6
شَأْنِهِمْ,1,24:62,1,10
شَاخِصَةٌ,1,21:97,1,9
شَاطِئِ,1,28:30,1,7
شَاعِرٍ,1,69:41,1,7
شَافِعِينَ,1,26:100,1,10
شَاكِرٌ,1,2:158,1,7
شَاكِرُونَ,1,21:80,1,10
شَاكِرِينَ,1,7:17,1,10
شَاكِلَتِهِ,1,17:84,1,11
شَامِخَاتٍ,1,77:27,1,10
شَانِئَكَ,1,108:3,1,9
شَاهِدُونَ,1,37:150,1,10
شَجَرٌ,1,16:10,1,6
شَجَرٍ,1,56:52,1,6
شَجَرَ,1,4:65,1,6
شَجَرَةً,1,37:146,1,8
شَجَرَةٌ,1,37:64,1,8
شَجَرَةُ,1,37:62,1,8
شَجَرَةِ,1,20:120,1,8
شَجَرَتَ,1,44:43,1,8
شَجَرَتَهَا,1,56:72,1,11
شَجَرَهَا,1,27:60,1,9
شَدِيدِ,1,40:3,1,7
شَرَابُهُ,1,35:12,1,9
شَرَعَ,1,42:13,1,6
شَرَعُوا,1,42:21,1,8
شَرَوْا,1,2:102,1,7
شَرُّ,1,98:6,1,5
شَرُّهُ,1,76:7,1,7
شَرِبَ,1,2:249,1,6
شَرِيعَةٍ,1,45:18,1,9
شَرِيكَ,1,6:163,1,7
شَرْقِيًّا,1,19:16,1,10
شَرْقِيَّةٍ,1,24:35,1,11
شَطْأَهُ,1,48:29,1,8
شَغَفَهَا,1,12:30,1,9
شَغَلَتْنَا,1,48:11,1,11
شَفَاعَةُ,1,74:48,1,9
شَقًّا,1,80:26,1,6
شَقَقْنَا,1,80:26,1,9
شَقُوا,1,11:106,1,6
شَقِيٌّ,1,11:105,1,7
شَكٌّ,1,14:10,1,5
شَكُورًا,1,17:3,1,8
شَكْلِهِ,1,38:58,1,8
شَمَائِلِهِمْ,1,7:17,1,13
شَمْسًا,1,76:13,1,7
شَهَادَةَ,1,5:106,1,9
شَهَادَةُ,1,5:106,1,9
شَهَادَتُهُمْ,1,43:19,1,13
شَهَادَتِهِمَا,1,5:107,1,14
شَهِدْتُمْ,1,41:21,1,10
شَهِيدٍ,1,41:47,1,7
شَهِيدَيْنِ,1,2:282,1,11
شَهِيقًا,1,67:7,1,8
شَهْرٍ,1,97:3,1,6
شَهْرُ,1,2:185,1,6
شَيَاطِينَ,1,6:112,1,10
شَيَاطِينِهِمْ,1,2:14,1,14
شَيْبًا,1,19:4,1,7
شَيْخٌ,1,28:23,1,6
شُبِّهَ,1,4:157,1,7
شُحُومَهُمَا,1,6:146,1,12
شُرَكَاءَكُمُ,1,35:40,1,13
شُرَكَاءَهُمْ,1,16:86,1,13
شُرَكَاؤُكُمُ,1,6:22,1,13
شُرَكَاؤُنَا,1,16:86,1,12
شُرَكَائِي,1,41:47,1,10
شُرَّعًا,1,7:163,1,8
شُرْبَ,1,56:55,1,6
شُعَبٍ,1,77:30,1,6
شُعَيْبٌ,1,26:177,1,8
شُعُوبًا,1,49:13,1,8
شُغُلٍ,1,36:55,1,6
شُفَعَاءَكُمُ,1,6:94,1,13
شُفَعَاءُ,1,30:13,1,9
شُفَعَاؤُنَا,1,10:18,1,12
شُكْرًا,1,34:13,1,7
شُهَدَاءَكُمُ,1,6:150,1,13
شُهَدَاءَكُمْ,1,2:23,1,13
شُهُودٌ,1,85:7,1,7
شُورَى,1,42:38,1,6
شُوَاظٌ,1,55:35,1,7
شُيُوخًا,1,40:67,1,8
شِدَادًا,1,78:12,1,8
شِرْبٌ,1,26:155,1,6
شِرْبٍ,1,54:28,1,6
شِرْبُ,1,26:155,1,6
شِرْعَةً,1,5:48,1,8
شِرْكٍ,1,34:22,1,6
شِقَاقَ,1,4:35,1,7
شِقَاقِي,1,11:89,1,8
شِقْوَتُنَا,1,23:106,1,11
شِهَابًا,1,72:9,1,8
شِيبًا,1,73:17,1,6
شِيعَةٍ,1,19:69,1,7
شِيَةَ,1,2:71,1,6
شِيَعِ,1,15:10,1,6
ص,1,38:1,1,1
صَابِرَةٌ,1,8:66,1,9
صَابِرُونَ,1,8:65,1,10
صَاحِبَةً,1,72:3,1,9
صَاحِبَةٌ,1,6:101,1,9
صَاحِبَهُمْ,1,54:29,1,11
صَاحِبُهُ,1,18:37,1,9
صَادِقًا,1,40:28,1,8
صَادِقَ,1,19:54,1,7
صَارِمِينَ,1,68:22,1,10
صَاعِقَةً,1,41:13,1,9
صَاعِقَةُ,1,41:17,1,9
صَاعِقَةِ,1,41:13,1,9
صَاغِرِينَ,1,7:119,1,10
صَالُو,1,38:59,1,6
صَالِ,1,37:163,1,5
صَالِحَيْنِ,1,66:10,1,11
صَامِتُونَ,1,7:193,1,10
صَبًّا,1,80:25,1,6
صَبَاحُ,1,37:177,1,7
صَبَبْنَا,1,80:25,1,9
صَبَّحَهُمْ,1,54:38,1,11
صَبْرُكَ,1,16:127,1,8
صَخْرَةٍ,1,31:16,1,8
صَدَدْتُمْ,1,16:94,1,10
صَدَدْنَاكُمْ,1,34:32,1,13
صَدَقَاتٍ,1,58:13,1,9
صَدَقَاتِكُمْ,1,2:264,1,13
صَدَقَكُمُ,1,3:152,1,10
صَدَقَنَا,1,39:74,1,9
صَدَقْتَنَا,1,5:113,1,11
صَدَقْنَاهُمُ,1,21:9,1,13
صَدَّ,1,4:55,1,5
صَدَّقْتَ,1,37:105,1,9
صَدُقَاتِهِنَّ,1,4:4,1,14
صَدُّوكُمْ,1,5:2,1,10
صَدِيدٍ,1,14:16,1,7
صَدِيقٍ,1,26:101,1,7
صَدِيقِكُمْ,1,24:61,1,11
صَدْرًا,1,16:106,1,7
صَدْرَكَ,1,94:1,1,8
صَدْرِكَ,1,7:2,1,8
صَرَفَ,1,9:127,1,6
صَرَفَكُمْ,1,3:152,1,10
صَرَفْنَا,1,46:29,1,9
صَرَّةٍ,1,51:29,1,7
صَرَّفْنَاهُ,1,25:50,1,12
صَرِيخَ,1,36:43,1,7
صَرْحٌ,1,27:44,1,6
صَرْصَرٍ,1,69:6,1,8
صَرْعَى,1,69:7,1,7
صَرْفًا,1,25:19,1,7
صَعَدًا,1,72:17,1,7
صَعُودًا,1,74:17,1,8
صَعِقًا,1,7:143,1,7
صَغَارٌ,1,6:124,1,7
صَغَتْ,1,66:4,1,6
صَغِيرٍ,1,54:53,1,7
صَفْحًا,1,43:5,1,7
صَفْرَاءُ,1,2:69,1,9
صَفْصَفًا,1,20:106,1,9
صَفْوَانٍ,1,2:264,1,9
صَلَاتَكَ,1,9:103,1,9
صَلَاتَهُ,1,24:41,1,9
صَلَاتُهُمْ,1,8:35,1,11
صَلَاتِي,1,6:162,1,8
صَلَبُوهُ,1,4:157,1,9
صَلَوَاتٌ,1,2:157,1,9
صَلَوَاتِهِمْ,1,23:9,1,13
صَلُّوا,1,33:56,1,7
صَلُّوهُ,1,69:31,1,8
صَلْدًا,1,2:264,1,7
صَنْعَةَ,1,21:80,1,8
صَوَابًا,1,78:38,1,8
صَوَافَّ,1,22:36,1,8
صَوَامِعُ,1,22:40,1,9
صَوَّرْنَاكُمْ,1,7:11,1,14
صَوْتِ,1,49:2,1,6
صَوْتِكَ,1,31:19,1,8
صَوْمًا,1,19:26,1,7
صَيَاصِيهِمْ,1,33:26,1,12
صَيْحَةٍ,1,63:4,1,8
صُبُّوا,1,44:48,1,7
صُبْحًا,1,100:3,1,7
صُحُفٍ,1,80:13,1,6
صُدُودًا,1,4:61,1,8
صُدُورَ,1,9:14,1,7
صُدُورَهُمْ,1,11:5,1,11
صُرِفَتْ,1,7:47,1,8
صُفْرٌ,1,77:33,1,6
صُلْحًا,1,4:128,1,7
صُمًّا,1,25:73,1,6
صُنْعًا,1,18:104,1,7
صُنْعَ,1,27:88,1,6
صُورَةٍ,1,82:8,1,7
صُوَاعَ,1,12:72,1,7
صِبْغَةً,1,2:138,1,8
صِبْغَةَ,1,2:138,1,8
صِدِّيقَةٌ,1,5:75,1,10
صِدْقًا,1,6:115,1,7
صِدْقُهُمْ,1,5:119,1,10
صِدْقِهِمْ,1,33:8,1,10
صِرٌّ,1,3:117,1,5
صِرَاطَ,1,1:7,1,7
صِرَاطَكَ,1,7:16,1,9
صِرَاطُ,1,6:126,1,7
صِرَاطِي,1,6:153,1,8
صِلِيًّا,1,19:70,1,8
صِنْوَانٌ,1,13:4,1,9
صِنْوَانٍ,1,13:4,1,9
صِيَامًا,1,5:95,1,8
صِيَامٍ,1,2:196,1,7
ضَاحِكًا,1,27:19,1,8
ضَاحِكَةٌ,1,80:39,1,9
ضَاقَتْ,1,9:118,1,7
ضَالًّا,1,93:7,1,7
ضَامِرٍ,1,22:27,1,7
ضَبْحًا,1,100:1,1,7
ضَرَبُوهُ,1,43:58,1,9
ضَرُّهُ,1,22:13,1,7
ضَرِيعٍ,1,88:6,1,7
ضَعُفَ,1,22:73,1,6
ضَعُفُوا,1,3:146,1,8
ضَلَالَةٌ,1,7:61,1,9
ضَلَالِكَ,1,12:95,1,9
ضَلَلْنَا,1,32:10,1,9
ضَنْكًا,1,20:124,1,7
ضَيْرَ,1,26:50,1,6
ضَيْفِهِ,1,54:37,1,8
ضُرَّهُ,1,10:12,1,7
ضُرِبَتْ,1,3:112,1,8
ضُرِّهِ,1,39:38,1,7
ضُعَفَاءُ,1,2:266,1,9
ضِدًّا,1,19:82,1,6
ضِعَافًا,1,4:9,1,8
ضِعْفٌ,1,7:38,1,6
ضِعْفَ,1,17:75,1,6
ضِغْثًا,1,38:44,1,7
ضِيزَى,1,53:22,1,6
ضِيَاءً,1,10:5,1,7
طس,1,27:1,1,2
طه,1,20:1,1,2
طَائِرٍ,1,6:38,1,7
طَائِرَهُ,1,17:13,1,9
طَائِرُهُمْ,1,7:131,1,11
طَائِعِينَ,1,41:11,1,10
طَائِفَتَيْنِ,1,6:156,1,13
طَابَ,1,4:3,1,5
طَاعِمٍ,1,6:145,1,7
طَالَ,1,21:44,1,5
طَالُوتَ,1,2:247,1,8
طَالُوتُ,1,2:249,1,8
طَبَقًا,1,84:19,1,7
طَبَقٍ,1,84:19,1,6
طَحَاهَا,1,91:6,1,8
طَرَدْتُهُمْ,1,11:30,1,12
طَرَفًا,1,3:127,1,7
طَرَفَيِ,1,11:114,1,8
طَرِيقٍ,1,46:30,1,7
طَرِيقَ,1,4:169,1,7
طَرِيقَةً,1,20:104,1,9
طَرْفٍ,1,42:45,1,6
طَرْفُكَ,1,27:40,1,8
طَرْفُهُمْ,1,14:43,1,10
طَعَامًا,1,18:19,1,8
طَعَامِكَ,1,2:259,1,9
طَعَامِهِ,1,80:24,1,9
طَعِمُوا,1,5:93,1,8
طَعِمْتُمْ,1,33:53,1,10
طَعْمُهُ,1,47:15,1,8
طَغَوْا,1,89:11,1,7
طَلَبًا,1,18:41,1,7
طَلَعَتْ,1,18:17,1,8
طَلَّقَكُنَّ,1,66:5,1,12
طَلْعٌ,1,50:10,1,6
طَلْعِهَا,1,6:99,1,9
طَهِّرَا,1,2:125,1,8
طَوَّافُونَ,1,24:58,1,11
طَوْلًا,1,4:25,1,7
طَيِّبَاتٍ,1,4:160,1,10
طَيِّبَاتِكُمْ,1,46:20,1,14
طَيِّبَةٌ,1,34:15,1,9
طَيِّبِينَ,1,16:32,1,10
طَيْرٍ,1,56:21,1,6
طُمِسَتْ,1,77:8,1,8
طُوبَى,1,13:29,1,6
طُورِ,1,23:20,1,5
طُولًا,1,17:37,1,6
طِبْتُمْ,1,39:73,1,8
طِبْنَ,1,4:4,1,6
طِينًا,1,17:61,1,6
ظَالِمَةً,1,21:11,1,9
ظَاهَرُوهُمْ,1,33:26,1,12
ظَاهِرَ,1,6:120,1,7
ظَعْنِكُمْ,1,16:80,1,10
ظَلَمَتْ,1,10:54,1,8
ظَلَمَكَ,1,38:24,1,8
ظَلَمْنَا,1,7:23,1,9
ظَلُومًا,1,33:72,1,8
ظَلِيلًا,1,4:57,1,8
ظَلِيلٍ,1,77:31,1,7
ظَلْتَ,1,20:97,1,6
ظَمَأٌ,1,9:120,1,6
ظَنَنْتُ,1,69:20,1,8
ظَنَّا,1,2:230,1,6
ظَنَّهُ,1,34:20,1,7
ظَنُّكُمُ,1,41:23,1,9
ظَنُّكُمْ,1,37:87,1,9
ظَنُّوا,1,72:7,1,7
ظَهِيرٌ,1,66:4,1,7
ظَهِيرٍ,1,34:22,1,7
ظَهْرَكَ,1,94:3,1,8
ظَهْرِهَا,1,35:45,1,9
ظُفُرٍ,1,6:146,1,6
ظُلَلٍ,1,2:210,1,6
ظُلَّةٌ,1,7:171,1,7
ظُلِمَ,1,4:148,1,6
ظُلْمَ,1,40:17,1,6
ظُلْمِهِمْ,1,13:6,1,10
ظُهُورُهَا,1,6:138,1,10
ظُهُورُهُمَا,1,6:146,1,12
ظُهُورِكُمْ,1,6:94,1,11
ظُهُورِهَا,1,2:189,1,10
ظُهُورِهِ,1,43:13,1,9
ظِلًّا,1,4:57,1,6
ظِلٍّ,1,77:30,1,5
ظِلَالًا,1,16:81,1,8
ظِلَالُهَا,1,76:14,1,10
ظِلَالُهُ,1,16:48,1,9
ظِهْرِيًّا,1,11:92,1,10
عسق,1,42:2,1,3
عَائِدُونَ,1,44:15,1,10
عَائِلًا,1,93:8,1,8
عَابِدٌ,1,109:4,1,7
عَابِدَاتٍ,1,66:5,1,10
عَابِرِي,1,4:43,1,8
عَاتِيَةٍ,1,69:6,1,9
عَادَيْتُمْ,1,60:7,1,11
عَادُونَ,1,26:166,1,8
عَارِضًا,1,46:24,1,8
عَارِضٌ,1,46:24,1,7
عَاصِفٌ,1,10:22,1,7
عَاصِفٍ,1,14:18,1,7
عَاصِفَةً,1,21:81,1,9
عَاصِمَ,1,11:43,1,7
عَاقَبَ,1,22:60,1,7
عَاقَبْتُمْ,1,16:126,1,11
عَاقِبَةَ,1,30:10,1,9
عَاقِبَتَهُمَا,1,59:17,1,14
عَاقِرٌ,1,3:40,1,7
عَاكِفًا,1,20:97,1,8
عَالِمَ,1,39:46,1,7
عَالِينَ,1,23:46,1,8
عَالِيًا,1,44:31,1,8
عَالِيَهُمْ,1,76:21,1,11
عَامٌ,1,12:49,1,5
عَامَيْنِ,1,31:14,1,9
عَامِلٍ,1,3:195,1,7
عَامِلَةٌ,1,88:3,1,9
عَامِهِمْ,1,9:28,1,9
عَاهَدْتَ,1,8:56,1,9
عَبَثًا,1,23:115,1,7
عَبَدْتُمْ,1,109:4,1,10
عَبَدْنَا,1,16:35,1,9
عَبَدْنَاهُمْ,1,43:20,1,13
عَبَّدْتَ,1,26:22,1,9
عَبُوسًا,1,76:10,1,8
عَبْدٌ,1,43:59,1,6
عَبْدَيْنِ,1,66:10,1,10
عَتَتْ,1,65:8,1,6
عَتَوْا,1,7:166,1,7
عَجَلٍ,1,21:37,1,6
عَجَّلْنَا,1,17:18,1,10
عَجُولًا,1,17:11,1,8
عَجِبُوا,1,50:2,1,8
عَجِبْتَ,1,37:12,1,8
عَجِّلْ,1,38:16,1,7
عَدَاوَةً,1,5:82,1,9
عَدَاوَةٌ,1,41:34,1,9
عَدُوَّ,1,8:60,1,7
عَدُوَّكُمْ,1,7:129,1,11
عَدُوِّكُمْ,1,20:80,1,11
عَدُوِّهِمْ,1,61:14,1,11
عَدُوِّي,1,60:1,1,8
عَدْلُ,1,5:95,1,6
عَدْوًا,1,6:108,1,7
عَذَابَهَا,1,25:65,1,10
عَذَابَهُمَا,1,24:2,1,12
عَذَابُهُ,1,10:50,1,9
عَذَابِهَا,1,35:36,1,10
عَرَبِيٌّ,1,16:103,1,9
عَرَبِيٍّ,1,26:195,1,9
عَرَضًا,1,9:42,1,7
عَرَضٌ,1,7:169,1,6
عَرَضَهُمْ,1,2:31,1,10
عَرَضْنَا,1,33:72,1,9
عَرَفَاتٍ,1,2:198,1,9
عَرَّضْتُمْ,1,2:235,1,11
عَرَّفَ,1,66:3,1,7
عَرَّفَهَا,1,47:6,1,10
عَرِيضٍ,1,41:51,1,7
عَرْشٌ,1,27:23,1,6
عَرْشَ,1,69:17,1,6
عَرْشَهَا,1,27:41,1,9
عَرْشُكِ,1,27:42,1,8
عَرْشُهُ,1,11:7,1,8
عَرْضًا,1,18:100,1,7
عَزَلْتَ,1,33:51,1,8
عَزَمَ,1,47:21,1,6
عَزَمُوا,1,2:227,1,8
عَزَمْتَ,1,3:159,1,8
عَزِيزٍ,1,54:42,1,7
عَزْمًا,1,20:115,1,7
عَسَلٍ,1,47:15,1,6
عَسِرٌ,1,54:8,1,6
عَسِيرًا,1,25:26,1,8
عَسِيرٌ,1,74:9,1,7
عَسْعَسَ,1,81:17,1,8
عَشَرَةٌ,1,2:196,1,8
عَشَرَةِ,1,5:89,1,8
عَشِيرَتَكَ,1,26:214,1,11
عَشِيرَتَهُمْ,1,58:22,1,13
عَشِيَّةً,1,79:46,1,9
عَشْرٍ,1,89:2,1,6
عَشْرُ,1,6:160,1,6
عَصَانِي,1,14:36,1,8
عَصَايَ,1,20:18,1,7
عَصَوْكَ,1,26:216,1,8
عَصَوْنِي,1,71:21,1,9
عَصَيْتَ,1,10:91,1,8
عَصَيْتُهُ,1,11:63,1,10
عَصِيبٌ,1,11:77,1,7
عَصْفًا,1,77:2,1,7
عَضُدًا,1,18:51,1,7
عَضُدَكَ,1,28:35,1,8
عَضُّوا,1,3:119,1,7
عَطَاءُ,1,17:20,1,7
عَطَاءِ,1,17:20,1,7
عَطَاؤُنَا,1,38:39,1,10
عَفَوْا,1,7:95,1,7
عَفَوْنَا,1,2:52,1,9
عَقَدَتْ,1,4:33,1,8
عَقَلُوهُ,1,2:75,1,9
عَقَّدْتُمُ,1,5:89,1,11
عَقِبِهِ,1,43:28,1,8
عَقِيمًا,1,42:50,1,8
عَقِيمٌ,1,51:29,1,7
عَقِيمٍ,1,22:55,1,7
عَلَا,1,28:4,1,5
عَلَقٍ,1,96:2,1,6
عَلَوْا,1,17:7,1,7
عَلَيْكُمَا,1,55:35,1,11
عَلَيْكِ,1,19:25,1,8
عَلَيْهُ,1,48:10,1,8
عَلَّمَكُمْ,1,2:239,1,11
عَلَّمَنِي,1,12:37,1,10
عَلَّمْتَنَا,1,2:32,1,12
عَلَّمْتُكَ,1,5:110,1,11
عَلَّمْتُمْ,1,5:4,1,11
عَلِمَتِ,1,37:158,1,8
عَلِمُوا,1,2:102,1,8
عَلِمْتَهُ,1,5:116,1,10
عَلِمْتُ,1,28:38,1,8
عَلِمْتُمُوهُنَّ,1,60:10,1,16
عَلِيٌّ,1,42:51,1,7
عَمًى,1,41:44,1,5
عَمَرُوهَا,1,30:9,1,10
عَمَلَهُمْ,1,6:108,1,10
عَمَلُكَ,1,39:65,1,8
عَمَلُكُمْ,1,10:41,1,10
عَمَلُهُ,1,5:5,1,8
عَمَلِهِمْ,1,52:21,1,10
عَمَلِي,1,10:41,1,7
عَمَّ,1,78:1,1,5
عَمَّاتِكَ,1,33:50,1,10
عَمَّاتِكُمْ,1,24:61,1,12
عَمُوا,1,5:71,1,6
عَمُونَ,1,27:66,1,7
عَمِلَتْهُ,1,36:35,1,10
عَمِلْتُمْ,1,64:7,1,10
عَمِيقٍ,1,22:27,1,7
عَمِينَ,1,7:64,1,7
عَمِيَ,1,6:104,1,6
عَمِّكَ,1,33:50,1,7
عَنِيدًا,1,74:16,1,8
عَهِدْنَا,1,20:115,1,9
عَهْدٌ,1,9:7,1,6
عَهْدٍ,1,7:102,1,6
عَهْدَهُ,1,2:80,1,8
عَهْدُ,1,33:15,1,6
عَهْدِهِمْ,1,9:12,1,10
عَهْدِي,1,2:124,1,7
عَوَانٌ,1,2:68,1,7
عَوْرَاتٍ,1,24:58,1,9
عَوْرَاتِ,1,24:31,1,9
عَوْرَةٌ,1,33:13,1,8
عَيْلَةً,1,9:28,1,8
عَيْنٌ,1,88:12,1,6
عَيْنَاكَ,1,18:28,1,9
عَيْنَاهُ,1,12:84,1,9
عَيْنَيْنِ,1,90:8,1,10
عَيْنِي,1,20:39,1,7
عُتُلٍّ,1,68:13,1,7
عُتُوًّا,1,25:21,1,8
عُتُوٍّ,1,67:21,1,7
عُثِرَ,1,5:107,1,6
عُجَابٌ,1,38:5,1,7
عُدَّةً,1,9:46,1,7
عُدْتُمْ,1,17:8,1,8
عُدْوَانًا,1,4:30,1,10
عُرُبًا,1,56:37,1,7
عُرِضَ,1,38:31,1,6
عُرْضَةً,1,2:224,1,8
عُرْفًا,1,77:1,1,7
عُزَيْرٌ,1,9:30,1,8
عُسْرًا,1,18:73,1,7
عُسْرٍ,1,65:7,1,6
عُسْرَةٍ,1,2:280,1,8
عُطِّلَتْ,1,81:4,1,9
عُفِيَ,1,2:178,1,6
عُقْبًا,1,18:44,1,7
عُقْبَاهَا,1,91:15,1,10
عُقْدَةً,1,20:27,1,8
عُقْدَةَ,1,2:235,1,8
عُقْدَةُ,1,2:237,1,8
عُلَمَاءُ,1,26:197,1,9
عُلِّمْتَ,1,18:66,1,9
عُلِّمْنَا,1,27:16,1,10
عُمُرًا,1,10:16,1,7
عُمُرِكَ,1,26:18,1,8
عُمُرِهِ,1,35:11,1,8
عُمْيًا,1,17:97,1,7
عُنُقِكَ,1,17:29,1,8
عُنُقِهِ,1,17:13,1,8
عُوقِبَ,1,22:60,1,7
عُوقِبْتُمْ,1,16:126,1,11
عُيُونًا,1,54:12,1,8
عِبَادَتِكُمْ,1,10:29,1,13
عِبَادَتِي,1,40:60,1,10
عِبَادَنَا,1,38:45,1,10
عِبَادُكَ,1,5:118,1,9
عِبَادِكُمْ,1,24:32,1,11
عِبْرَةٌ,1,12:111,1,8
عِدَّةٍ,1,33:49,1,7
عِدَّتَهُمْ,1,74:31,1,11
عِزًّا,1,19:81,1,6
عِزَّةٍ,1,38:2,1,7
عِزِينَ,1,70:37,1,7
عِشَاءً,1,12:16,1,7
عِشْرُونَ,1,8:65,1,9
عِضِينَ,1,15:91,1,7
عِطْفِهِ,1,22:9,1,8
عِظَامَهُ,1,75:3,1,9
عِفْرِيتٌ,1,27:39,1,9
عِقَابٍ,1,41:43,1,7
عِلِّيُّونَ,1,83:19,1,11
عِلِّيِّينَ,1,83:18,1,11
عِلْمُهُمْ,1,27:66,1,10
عِلْمِهِ,1,2:255,1,8
عِلْمِي,1,26:112,1,7
عِوَجٍ,1,39:28,1,6
عِوَجَ,1,20:108,1,6
عِيدًا,1,5:114,1,6
غَائِبَةٍ,1,27:75,1,9
غَائِبِينَ,1,7:7,1,10
غَاسِقٍ,1,113:3,1,7
غَاشِيَةٌ,1,12:107,1,9
غَافِرِ,1,40:3,1,7
غَافِلًا,1,14:42,1,8
غَالِبٌ,1,12:21,1,7
غَالِبُونَ,1,5:23,1,10
غَاوِينَ,1,37:32,1,8
غَبَرَةٌ,1,80:40,1,8
غَدَاءَنَا,1,18:62,1,10
غَدَقًا,1,72:16,1,7
غَدَوْتَ,1,3:121,1,8
غَرَامًا,1,25:65,1,8
غَرَبَتْ,1,18:17,1,8
غَرَّ,1,8:49,1,5
غَرَّكَ,1,82:6,1,7
غَرْبِيَّةٍ,1,24:35,1,11
غَرْقًا,1,79:1,1,7
غَزْلَهَا,1,16:92,1,9
غَسَقِ,1,17:78,1,6
غَشَّى,1,53:54,1,6
غَصْبًا,1,18:79,1,7
غَضَبٍ,1,2:90,1,6
غَضَبَ,1,24:9,1,6
غَضِبُوا,1,42:37,1,8
غَفَرَ,1,36:27,1,6
غَفَّارًا,1,71:10,1,9
غَفُورٍ,1,41:32,1,7
غَلَبُوا,1,18:21,1,8
غَلَبِهِمْ,1,30:3,1,10
غَلَّ,1,3:161,1,5
غَلِيظٌ,1,14:17,1,7
غَلِيظَ,1,3:159,1,7
غَمًّا,1,3:153,1,6
غَمٍّ,1,22:22,1,5
غَمَرَاتِ,1,6:93,1,9
غَمْرَتِهِمْ,1,23:54,1,12
غَنَمُ,1,21:78,1,6
غَنَمِي,1,20:18,1,7
غَوَاشٍ,1,7:41,1,7
غَوَى,1,53:2,1,5
غَوَيْنَا,1,28:63,1,9
غَوْلٌ,1,37:47,1,6
غَيًّا,1,19:59,1,6
غَيْبِ,1,35:38,1,6
غَيْبِهِ,1,72:26,1,8
غَيْثٍ,1,57:20,1,6
غَيْرَهَا,1,4:56,1,9
غَيْرِكُمْ,1,5:106,1,10
غَيْظَ,1,9:15,1,6
غُدُوًّا,1,40:46,1,8
غُدُوُّهَا,1,34:12,1,10
غُرَابًا,1,5:31,1,8
غُرَفًا,1,29:58,1,7
غُرُوبِهَا,1,20:130,1,10
غُرُورٍ,1,67:20,1,7
غُرْفَةً,1,2:249,1,8
غُزًّى,1,3:156,1,6
غُصَّةٍ,1,73:13,1,7
غُفْرَانَكَ,1,2:285,1,11
غُلَّتْ,1,5:64,1,7
غُلِبَتِ,1,30:2,1,8
غُلْبًا,1,80:30,1,7
غُمَّةً,1,10:71,1,7
غِسْلِينٍ,1,69:36,1,9
غِشَاوَةً,1,45:23,1,9
غِشَاوَةٌ,1,2:7,1,9
غِطَاءٍ,1,18:101,1,7
غِطَاءَكَ,1,50:22,1,9
غِلًّا,1,59:10,1,6
غِلَاظٌ,1,66:6,1,7
غِلْظَةً,1,9:123,1,8
غِلْمَانٌ,1,52:24,1,9
فَآتَاهُمُ,1,3:148,1,10
فَآتَتْ,1,2:265,1,7
فَآتَيْنَا,1,57:27,1,10
فَآتُوا,1,60:11,1,7
فَآتُوهُمْ,1,4:33,1,10
فَآتِ,1,30:38,1,5
فَآتِهِمْ,1,7:38,1,9
فَآخَرَانِ,1,5:107,1,10
فَآذُوهُمَا,1,4:16,1,11
فَآزَرَهُ,1,48:29,1,9
فَآمَنَتْ,1,61:14,1,9
فَآمَنُوا,1,37:148,1,9
فَآوَاكُمْ,1,8:26,1,10
فَآوَى,1,93:6,1,6
فَأَبَوْا,1,18:77,1,9
فَأَبَيْنَ,1,33:72,1,10
فَأَتَتْ,1,19:27,1,8
فَأَتَمَّهُنَّ,1,2:124,1,14
فَأَتَوْا,1,7:138,1,9
فَأَتَى,1,16:26,1,7
فَأَتِمُّوا,1,9:4,1,11
فَأَتْبَعَ,1,18:85,1,10
فَأَتْبَعُوهُمْ,1,26:60,1,15
فَأَتْبَعْنَا,1,23:44,1,13
فَأَثَابَكُمْ,1,3:153,1,13
فَأَثَابَهُمُ,1,5:85,1,13
فَأَثَرْنَ,1,100:4,1,10
فَأَجَاءَهَا,1,19:23,1,12
فَأَجِرْهُ,1,9:6,1,10
فَأَجْرُهُ,1,42:40,1,10
فَأَحْكُمُ,1,3:55,1,10
فَأَحْيَاكُمْ,1,2:28,1,13
فَأَحْيَيْنَا,1,35:9,1,13
فَأَحْيَيْنَاهُ,1,6:122,1,15
فَأَخَذَتْكُمُ,1,2:55,1,14
فَأَخَذَتْهُمْ,1,41:17,1,14
فَأَخَذَهُ,1,79:25,1,10
فَأَخَذْتُهُمْ,1,40:5,1,14
فَأَخْرَجَهُمَا,1,2:36,1,15
فَأَخْرَجْنَاهُمْ,1,26:57,1,17
فَأَخْلَفْتُكُمْ,1,14:22,1,16
فَأَخْلَفْتُمْ,1,20:86,1,14
فَأَدْلَى,1,12:19,1,9
فَأَذَاقَهَا,1,16:112,1,12
فَأَذَاقَهُمُ,1,39:26,1,13
فَأَذَّنَ,1,7:44,1,9
فَأَرَادُوا,1,37:98,1,11
فَأَرَاهُ,1,79:20,1,9
فَأَرَدْتُ,1,18:79,1,10
فَأَرَدْنَا,1,18:81,1,11
فَأَرُونِي,1,31:11,1,10
فَأَرْسَلَ,1,26:53,1,10
فَأَرْسَلُوا,1,12:19,1,12
فَأَرْسِلُونِ,1,12:45,1,13
فَأَرْسِلْهُ,1,28:34,1,12
فَأَزَلَّهُمَا,1,2:36,1,14
فَأَسَرَّهَا,1,12:77,1,12
فَأَسْقَيْنَاكُمُوهُ,1,15:22,1,20
فَأَسْقِطْ,1,26:187,1,10
فَأَسْكَنَّاهُ,1,23:18,1,14
فَأَشَارَتْ,1,19:29,1,11
فَأَشْهِدُوا,1,4:6,1,12
فَأَصَابَتْكُمْ,1,5:106,1,15
فَأَصَابَهَا,1,2:266,1,12
فَأَصَابَهُ,1,2:264,1,11
فَأَصَمَّهُمْ,1,47:23,1,13
فَأَصَّدَّقَ,1,63:10,1,12
فَأَصْبَحَتْ,1,68:20,1,12
فَأَصْحَابُ,1,56:8,1,11
فَأَصْلَحَ,1,2:182,1,10
فَأَضَلُّونَا,1,33:67,1,13
فَأَطَاعُوهُ,1,43:54,1,12
فَأَطَّلِعَ,1,40:37,1,11
فَأَعِينُونِي,1,18:95,1,13
فَأَعْرَضُوا,1,34:16,1,12
فَأَعْقَبَهُمْ,1,9:77,1,14
فَأَغْرَقْنَاهُ,1,17:103,1,15
فَأَغْرَيْنَا,1,5:14,1,13
فَأَغْشَيْنَاهُمْ,1,36:9,1,17
فَأَغْنَى,1,93:8,1,9
فَأَغْوَيْنَاكُمْ,1,37:32,1,17
فَأَفُوزَ,1,4:73,1,9
فَأَقَامَهُ,1,18:77,1,11
فَأَقَمْتَ,1,4:102,1,10
فَأَقْبَرَهُ,1,80:21,1,12
فَأَقْبَلَتِ,1,51:29,1,12
فَأَقْبَلُوا,1,37:94,1,12
فَأَكَلَا,1,20:121,1,9
فَأَكَلَهُ,1,12:17,1,10
فَأَكُونَ,1,39:58,1,9
فَأَكْثَرُوا,1,89:12,1,12
فَأَكْثَرْتَ,1,11:32,1,12
فَأَكْرَمَهُ,1,89:15,1,12
فَأَلَّفَ,1,3:103,1,9
فَأَلْقَاهَا,1,20:20,1,12
فَأَلْقَوُا,1,16:28,1,11
فَأَلْقِهْ,1,27:28,1,10
فَأَلْقِيهِ,1,28:7,1,11
فَأَلْقِيَاهُ,1,50:26,1,13
فَأَلْهَمَهَا,1,91:8,1,13
فَأَمَاتَهُ,1,2:259,1,11
فَأَمْطِرْ,1,8:32,1,10
فَأَمْكَنَ,1,8:71,1,10
فَأَنَا,1,43:81,1,7
فَأَنْتُمْ,1,30:28,1,10
فَأَنْجَاهُ,1,29:24,1,11
فَأَنْجَيْنَاكُمْ,1,2:50,1,17
فَأَنْجَيْنَاهُمْ,1,21:9,1,17
فَأَنْذَرْتُكُمْ,1,92:14,1,16
فَأَنْذِرْ,1,74:2,1,10
فَأَنْسَاهُ,1,12:42,1,11
فَأَنْشَأْنَا,1,23:19,1,13
فَأَنْشَرْنَا,1,43:11,1,13
فَأَنْفُخُ,1,3:49,1,10
فَأَنْفِقُوا,1,65:6,1,12
فَأَنْقَذَكُمْ,1,3:103,1,14
فَأَهْلَكَتْهُ,1,3:117,1,14
فَأَهْلَكْنَا,1,43:8,1,13
فَأَوْرَدَهُمُ,1,11:98,1,14
فَأَوْعَى,1,70:18,1,9
فَأَوْفُوا,1,7:85,1,10
فَأَوْفِ,1,12:88,1,8
فَأَوْقِدْ,1,28:38,1,10
فَأَيَّ,1,40:81,1,7
فَأَيَّدْنَا,1,61:14,1,12
فَأَيُّ,1,6:81,1,7
فَأَيْنَ,1,81:26,1,8
فَأَيْنَمَا,1,2:115,1,11
فَأُدْخِلُوا,1,71:25,1,12
فَأُعَذِّبُهُمْ,1,3:56,1,15
فَأُمَتِّعُهُ,1,2:126,1,13
فَأُمُّهُ,1,101:9,1,9
فَأُوَارِيَ,1,5:31,1,11
فَأْتُونَا,1,14:10,1,10
فَأْتُوهُنَّ,1,2:222,1,12
فَأْتِيَا,1,26:16,1,9
فَأْتِيَاهُ,1,20:47,1,11
فَأْذَنُوا,1,2:279,1,10
فَأْذَنْ,1,24:62,1,8
فَأْوُوا,1,18:16,1,8
فَإِذًا,1,4:53,1,7
فَإِطْعَامُ,1,58:4,1,11
فَإِلَهُكُمْ,1,22:34,1,12
فَإِلَيْهِ,1,16:53,1,10
فَإِلَّمْ,1,11:14,1,9
فَإِمْسَاكٌ,1,2:229,1,11
فَاءَتْ,1,49:9,1,7
فَاءُوا,1,2:226,1,7
فَابْتَغُوا,1,29:17,1,11
فَاتَّبَعُوا,1,11:97,1,12
فَاتَّبَعُوهُ,1,34:20,1,13
فَاتَّبِعُوا,1,3:95,1,12
فَاتَّبِعْ,1,75:18,1,10
فَاتَّبِعْنِي,1,19:43,1,13
فَاتَّبِعْهَا,1,45:18,1,13
فَاتَّخَذَ,1,18:61,1,10
فَاتَّخَذَتْ,1,19:17,1,12
فَاتَّخَذْتُمُوهُمْ,1,23:110,1,19
فَاتَّخِذُوهُ,1,35:6,1,13
فَاتَّخِذْهُ,1,73:9,1,12
فَاتِّبَاعٌ,1,2:178,1,11
فَاتْلُوهَا,1,3:93,1,11
فَاثْبُتُوا,1,8:45,1,11
فَاجِرًا,1,71:27,1,8
فَاجْتَبَاهُ,1,68:50,1,12
فَاجْتَنِبُوا,1,22:30,1,13
فَاجْتَنِبُوهُ,1,5:90,1,14
فَاجْلِدُوا,1,24:2,1,11
فَاجْلِدُوهُمْ,1,24:4,1,14
فَاجْنَحْ,1,8:61,1,9
فَاحْتَرَقَتْ,1,2:266,1,13
فَاحْتَمَلَ,1,13:17,1,11
فَاحْذَرُوا,1,5:41,1,11
فَاحْذَرُوهُ,1,2:235,1,12
فَاحْذَرُوهُمْ,1,64:14,1,14
فَاحْذَرْهُمْ,1,63:4,1,13
فَاخْتَلَفُوا,1,10:19,1,13
فَاخْشَوْهُمْ,1,3:173,1,13
فَاخْلَعْ,1,20:12,1,9
فَادَّارَأْتُمْ,1,2:72,1,15
فَادْخُلُوهَا,1,39:73,1,13
فَادْخُلِي,1,89:29,1,10
فَادْرَءُوا,1,3:168,1,11
فَادْعُوهُمْ,1,7:194,1,12
فَادْفَعُوا,1,4:6,1,11
فَاذْكُرُونِي,1,2:152,1,13
فَاذْهَبَا,1,26:15,1,10
فَارِضٌ,1,2:68,1,7
فَارِغًا,1,28:10,1,8
فَارِقُوهُنَّ,1,65:2,1,13
فَارِهِينَ,1,26:149,1,10
فَارْتَدَّ,1,12:96,1,10
فَارْتَدَّا,1,18:64,1,11
فَارْتَقِبْهُمْ,1,54:27,1,15
فَارْجِعِ,1,67:3,1,9
فَارْجِعْنَا,1,32:12,1,12
فَارْزُقُوهُمْ,1,4:8,1,14
فَارْغَبْ,1,94:8,1,9
فَاسِقًا,1,32:18,1,8
فَاسِقٌ,1,49:6,1,7
فَاسْأَلُوهُمْ,1,21:63,1,14
فَاسْأَلُوهُنَّ,1,33:53,1,15
فَاسْأَلْهُ,1,12:50,1,11
فَاسْتَأْذَنُوكَ,1,9:83,1,16
فَاسْتَبَقُوا,1,36:66,1,13
فَاسْتَبْشِرُوا,1,9:111,1,15
فَاسْتَجَبْتُمْ,1,14:22,1,15
فَاسْتَحَبُّوا,1,41:17,1,14
فَاسْتَخَفَّ,1,43:54,1,12
فَاسْتَشْهِدُوا,1,4:15,1,15
فَاسْتَعْصَمَ,1,12:32,1,13
فَاسْتَغَاثَهُ,1,28:15,1,14
فَاسْتَغْفَرَ,1,38:24,1,13
فَاسْتَغْفِرُوهُ,1,11:61,1,16
فَاسْتَغْفِرْ,1,48:11,1,13
فَاسْتَغْلَظَ,1,48:29,1,13
فَاسْتَقِمْ,1,11:112,1,11
فَاسْتَقِيمَا,1,10:89,1,13
فَاسْتَكْبَرْتُمْ,1,45:31,1,17
فَاسْتَمِعْ,1,20:13,1,11
فَاسْتَمْتَعُوا,1,9:69,1,15
فَاسْتَمْتَعْتُمْ,1,9:69,1,17
فَاسْتَمْسِكْ,1,43:43,1,13
فَاسْجُدُوا,1,53:62,1,11
فَاسْجُدْ,1,76:26,1,9
فَاسْعَوْا,1,62:9,1,10
فَاسْلُكُوهُ,1,69:32,1,12
فَاسْلُكِي,1,16:69,1,10
فَاسْلُكْ,1,23:27,1,9
فَاسْمَعُونِ,1,36:25,1,12
فَاشْهَدُوا,1,3:81,1,11
فَاصْدَعْ,1,15:94,1,9
فَاصْطَادُوا,1,5:2,1,12
فَاصْفَحِ,1,15:85,1,9
فَاصْفَحْ,1,43:89,1,9
فَاضْرِبُوا,1,8:12,1,11
فَاطَّلَعَ,1,37:55,1,10
فَاطَّهَّرُوا,1,5:6,1,13
فَاطِرُ,1,42:11,1,7
فَاعِلٌ,1,18:23,1,7
فَاعِلُونَ,1,23:4,1,10
فَاعْبُدُوا,1,39:15,1,11
فَاعْبُدِ,1,39:2,1,9
فَاعْبُدْ,1,39:66,1,9
فَاعْبُدْنِي,1,20:14,1,12
فَاعْتَبِرُوا,1,59:2,1,13
فَاعْتَدُوا,1,2:194,1,11
فَاعْتَرَفُوا,1,67:11,1,13
فَاعْتَرَفْنَا,1,40:11,1,14
فَاعْتَزِلُوا,1,2:222,1,13
فَاعْتَزِلُونِ,1,44:21,1,14
فَاعْتِلُوهُ,1,44:47,1,12
فَاعْدِلُوا,1,6:152,1,11
فَاعْفُوا,1,2:109,1,9
فَاعْمَلْ,1,41:5,1,9
فَاغْسِلُوا,1,5:6,1,11
فَافْتَحْ,1,26:118,1,9
فَافْرُقْ,1,5:25,1,9
فَافْسَحُوا,1,58:11,1,11
فَافْعَلُوا,1,2:68,1,11
فَاقِرَةٌ,1,75:25,1,9
فَاقِعٌ,1,2:69,1,7
فَاقْتُلُوهُمْ,1,2:191,1,14
فَاقْذِفِيهِ,1,20:39,1,12
فَاقْصُصِ,1,7:176,1,9
فَاقْضِ,1,20:72,1,7
فَاقْطَعُوا,1,5:38,1,11
فَاقْعُدُوا,1,9:83,1,11
فَاكِهُونَ,1,36:55,1,10
فَاكْتُبُوهُ,1,2:282,1,12
فَالتَّالِيَاتِ,1,37:3,1,15
فَالزَّاجِرَاتِ,1,37:2,1,15
فَالسَّابِقَاتِ,1,79:4,1,15
فَالصَّالِحَاتُ,1,4:34,1,15
فَالْآنَ,1,2:187,1,8
فَالْتَقَطَهُ,1,28:8,1,13
فَالْتَقَمَهُ,1,37:142,1,13
فَالْتَقَى,1,54:12,1,10
فَالْتَمِسُوا,1,57:13,1,13
فَالْجَارِيَاتِ,1,51:3,1,15
فَالْحَامِلَاتِ,1,51:2,1,15
فَالْحَقُّ,1,38:84,1,10
فَالْحُكْمُ,1,40:12,1,11
فَالْعَاصِفَاتِ,1,77:2,1,15
فَالْفَارِقَاتِ,1,77:4,1,15
فَالْمُدَبِّرَاتِ,1,79:5,1,17
فَالْمُغِيرَاتِ,1,100:3,1,15
فَالْمُقَسِّمَاتِ,1,51:4,1,17
فَالْمُلْقِيَاتِ,1,77:5,1,16
فَالْمُورِيَاتِ,1,100:2,1,15
فَامْتَحِنُوهُنَّ,1,60:10,1,17
فَامْشُوا,1,67:15,1,9
فَامْنُنْ,1,38:39,1,9
فَانٍ,1,55:26,1,5
فَانْبَجَسَتْ,1,7:160,1,13
فَانْبِذْ,1,8:58,1,9
فَانْتَبَذَتْ,1,19:22,1,13
فَانْتَصِرْ,1,54:10,1,11
فَانْتَهَى,1,2:275,1,10
فَانْتَهُوا,1,59:7,1,11
فَانْسَلَخَ,1,7:175,1,11
فَانْشُزُوا,1,58:11,1,11
فَانْصَبْ,1,94:7,1,9
فَانْصُرْنَا,1,2:286,1,12
فَانْطَلَقُوا,1,68:23,1,13
فَانْظُرِي,1,27:33,1,10
فَانْفَجَرَتْ,1,2:60,1,13
فَانْفَلَقَ,1,26:63,1,11
فَانْفُذُوا,1,55:33,1,11
فَانْفِرُوا,1,4:71,1,11
فَانْقَلَبُوا,1,3:174,1,13
فَانْكِحُوا,1,4:3,1,11
فَانْكِحُوهُنَّ,1,4:25,1,15
فَانْهَارَ,1,9:109,1,10
فَاهُ,1,13:14,1,5
فَاهْبِطْ,1,7:13,1,9
فَاهْجُرْ,1,74:5,1,9
فَاهْدُوهُمْ,1,37:23,1,12
فَبَاءُوا,1,2:90,1,9
فَبَايِعْهُنَّ,1,60:12,1,14
فَبَدَأَ,1,12:76,1,8
فَبَدَتْ,1,20:121,1,8
فَبَرَّأَهُ,1,33:69,1,11
فَبَشَّرْنَاهَا,1,11:71,1,15
فَبَشَّرْنَاهُ,1,37:101,1,14
فَبَشِّرْ,1,39:17,1,9
فَبَصَرُكَ,1,50:22,1,10
فَبَصُرَتْ,1,28:11,1,10
فَبَغَى,1,28:76,1,7
فَبُهِتَ,1,2:258,1,8
فَبِذَلِكَ,1,10:58,1,10
فَبِظُلْمٍ,1,4:160,1,10
فَبِعِزَّتِكَ,1,38:82,1,13
فَبِمَ,1,15:54,1,6
فَبِهُدَاهُمُ,1,6:90,1,13
فَتًى,1,21:60,1,5
فَتَأْتُونَ,1,78:18,1,11
فَتَأْتِيَهُمْ,1,6:35,1,14
فَتَأْكُلُ,1,12:41,1,10
فَتَاهَا,1,12:30,1,8
فَتَبَسَّمَ,1,27:19,1,11
فَتَبْهَتُهُمْ,1,21:40,1,14
فَتَحَ,1,2:76,1,6
فَتَحَسَّسُوا,1,12:87,1,13
فَتَحُوا,1,12:65,1,8
فَتَخْشَى,1,79:19,1,9
فَتَخْطَفُهُ,1,22:31,1,12
فَتَدَلَّى,1,53:8,1,10
فَتَذَرُوهَا,1,4:129,1,12
فَتَرَكَهُ,1,2:264,1,10
فَتَرْدَى,1,20:16,1,9
فَتَرْضَى,1,93:5,1,9
فَتَزِلَّ,1,16:94,1,9
فَتَسْتَجِيبُونَ,1,17:52,1,16
فَتَشَابَهَ,1,13:16,1,11
فَتَشْقَى,1,20:117,1,9
فَتَطَاوَلَ,1,28:45,1,11
فَتَطْرُدَهُمْ,1,6:52,1,14
فَتَعَاطَى,1,54:29,1,10
فَتَعَالَيْنَ,1,33:28,1,13
فَتَعْرِفُونَهَا,1,27:93,1,16
فَتَعْسًا,1,47:8,1,9
فَتَفَرَّقَ,1,6:153,1,11
فَتَفْشَلُوا,1,8:46,1,12
فَتَقَبَّلَهَا,1,3:37,1,14
فَتَقَبَّلْ,1,3:35,1,11
فَتَقَطَّعُوا,1,23:53,1,13
فَتَقُولُ,1,20:40,1,9
فَتَكُنْ,1,31:16,1,8
فَتَكُونُ,1,5:110,1,9
فَتَكُونُونَ,1,4:89,1,12
فَتَكْفُرُونَ,1,40:10,1,13
فَتَلَقَّى,1,2:37,1,10
فَتَمَارَوْا,1,54:36,1,12
فَتَمَثَّلَ,1,19:17,1,11
فَتَمَسَّكُمُ,1,11:113,1,13
فَتَمَّ,1,7:142,1,7
فَتَنَادَوْا,1,68:21,1,12
فَتَنَازَعُوا,1,20:62,1,13
فَتَنَّاهُ,1,38:24,1,10
فَتَنُوا,1,85:10,1,8
فَتَنْتُمْ,1,57:14,1,10
فَتَنْفَعَهُ,1,80:4,1,12
فَتَنْفُخُ,1,5:110,1,10
فَتَهَجَّدْ,1,17:79,1,11
فَتَوَكَّلُوا,1,5:23,1,13
فَتَوَلَّوْا,1,37:90,1,12
فَتَيَاتِكُمُ,1,4:25,1,13
فَتَيَاتِكُمْ,1,24:33,1,13
فَتَيَانِ,1,12:36,1,9
فَتُخْبِتَ,1,22:54,1,10
فَتُخْرِجُوهُ,1,6:148,1,13
فَتُذَكِّرَ,1,2:282,1,11
فَتُصِيبَكُمْ,1,48:25,1,13
فَتُصْبِحَ,1,18:40,1,10
فَتُصْبِحُ,1,22:63,1,10
فَتُصْبِحُوا,1,49:6,1,12
فَتُفَجِّرَ,1,17:91,1,11
فَتُقُبِّلَ,1,5:27,1,11
فَتُكْوَى,1,9:35,1,9
فَتُلْقَى,1,17:39,1,9
فَتُهَاجِرُوا,1,4:97,1,13
فَتُوبُوا,1,2:54,1,9
فَتْحٌ,1,4:141,1,6
فَتْرَةٍ,1,5:19,1,8
فَثَبَّطَهُمْ,1,9:46,1,13
فَثَبِّتُوا,1,8:12,1,11
فَثَمَّ,1,2:115,1,7
فَجٍّ,1,22:27,1,5
فَجَاءَ,1,51:26,1,7
فَجَاءَتْهُ,1,28:25,1,11
فَجَاءَهَا,1,7:4,1,10
فَجَاسُوا,1,17:5,1,9
فَجَزَاءٌ,1,5:95,1,9
فَجَزَاؤُهُ,1,4:93,1,11
فَجَعَلْتُمْ,1,10:59,1,12
فَجَعَلْنَا,1,15:74,1,11
فَجَعَلْنَاهُنَّ,1,56:36,1,16
فَجَمَعَ,1,20:60,1,8
فَجَمَعْنَاهُمْ,1,18:99,1,15
فَجُمِعَ,1,26:38,1,8
فَجْوَةٍ,1,18:17,1,8
فَحَاسَبْنَاهَا,1,65:8,1,15
فَحَبِطَتْ,1,18:105,1,10
فَحَدِّثْ,1,93:11,1,9
فَحَسْبُهُ,1,2:206,1,10
فَحَشَرَ,1,79:23,1,8
فَحَمَلَتْهُ,1,19:22,1,12
فَحَيُّوا,1,4:86,1,9
فَحُكْمُهُ,1,42:10,1,10
فَخَانَتَاهُمَا,1,66:10,1,15
فَخَرَاجُ,1,23:72,1,9
فَخَرَّ,1,16:26,1,7
فَخَسَفْنَا,1,28:81,1,11
فَخَشِينَا,1,18:80,1,10
فَخَلَقَ,1,75:38,1,8
فَخَلُّوا,1,9:5,1,9
فَخُذْهَا,1,7:145,1,9
فَخُورًا,1,4:36,1,8
فَخُورٌ,1,11:10,1,7
فَدَخَلُوا,1,12:58,1,10
فَدَلَّاهُمَا,1,7:22,1,13
فَدَمَّرْنَاهَا,1,17:16,1,15
فَدَمَّرْنَاهُمْ,1,25:36,1,16
فَدَمْدَمَ,1,91:14,1,10
فَدُكَّتَا,1,69:14,1,10
فَدِيَةٌ,1,4:92,1,8
فَذَاقَتْ,1,65:9,1,9
فَذَاقُوا,1,64:5,1,9
فَذَانِكَ,1,28:32,1,9
فَذَبَحُوهَا,1,2:71,1,12
فَذَرُوهُ,1,12:47,1,9
فَذَرْنِي,1,68:44,1,9
فَذَلِكُمُ,1,10:32,1,10
فَذَلِكُنَّ,1,12:32,1,11
فَذُو,1,41:51,1,5
فَذُوقُوهُ,1,8:14,1,10
فَرَأَوْهُ,1,30:51,1,10
فَرَبُّكُمْ,1,17:84,1,11
فَرَجَعَ,1,20:86,1,8
فَرَجَعُوا,1,21:64,1,10
فَرَجَعْنَاكَ,1,20:40,1,13
فَرَجُلٌ,1,2:282,1,8
فَرَدَدْنَاهُ,1,28:13,1,13
فَرَدُّوا,1,14:9,1,9
فَرَرْتُمْ,1,33:16,1,10
فَرَشْنَاهَا,1,51:48,1,12
فَرَضْنَا,1,33:50,1,9
فَرَغْتَ,1,94:7,1,8
فَرَقْنَا,1,2:50,1,9
فَرَقْنَاهُ,1,17:106,1,11
فَرَوْحٌ,1,56:89,1,8
فَرَّتْ,1,74:51,1,7
فَرَّطْتُ,1,39:56,1,9
فَرَّطْتُمْ,1,12:80,1,11
فَرَّقْتَ,1,20:94,1,9
فَرُدُّوهُ,1,4:59,1,10
فَرِجَالًا,1,2:239,1,10
فَرِحِينَ,1,3:170,1,9
فَرِهَانٌ,1,2:283,1,9
فَرِيقٍ,1,9:117,1,7
فَرِيقَانِ,1,27:45,1,10
فَرِيًّا,1,19:27,1,8
فَرْثٍ,1,16:66,1,6
فَرْقًا,1,77:4,1,7
فَزَادَهُمُ,1,2:10,1,11
فَزَادَهُمْ,1,3:173,1,11
فَزَادُوهُمْ,1,72:6,1,12
فَزَعٍ,1,27:89,1,6
فَزَيَّلْنَا,1,10:28,1,12
فَزَيَّنَ,1,16:63,1,9
فَزَيَّنُوا,1,41:25,1,11
فَزِدْهُ,1,38:61,1,8
فَزِعُوا,1,34:51,1,8
فَسَأَكْتُبُهَا,1,7:156,1,15
فَسَادٍ,1,5:32,1,7
فَسَالَتْ,1,13:17,1,9
فَسَاهَمَ,1,37:141,1,9
فَسَتَذْكُرُونَ,1,40:44,1,15
فَسَتُبْصِرُ,1,68:5,1,12
فَسَتُرْضِعُ,1,65:6,1,12
فَسَخَّرْنَا,1,38:36,1,12
فَسَقَى,1,28:24,1,7
فَسَلَامٌ,1,56:91,1,9
فَسَلَكَهُ,1,39:21,1,10
فَسَلِّمُوا,1,24:61,1,11
فَسَوَّاكَ,1,82:7,1,10
فَسَوَّاهُنَّ,1,2:29,1,13
فَسَيَأْتِيهِمْ,1,26:6,1,15
فَسَيَحْشُرُهُمْ,1,4:172,1,16
فَسَيَرَى,1,9:105,1,9
فَسَيَكْفِيكَهُمُ,1,2:137,1,17
فَسَيُؤْتِيهِ,1,48:10,1,13
فَسَيُدْخِلُهُمْ,1,4:175,1,16
فَسَيُنْغِضُونَ,1,17:51,1,15
فَسَيُنْفِقُونَهَا,1,8:36,1,18
فَسُحْقًا,1,67:11,1,9
فَسُقْنَاهُ,1,35:9,1,11
فَسِيحُوا,1,9:2,1,9
فَشَرِبُوا,1,2:249,1,10
فَشَرِّدْ,1,8:57,1,9
فَشَهَادَةُ,1,24:6,1,11
فَشُدُّوا,1,47:4,1,9
فَشِلْتُمْ,1,3:152,1,10
فَصَبَرُوا,1,6:34,1,10
فَصَبَّ,1,89:13,1,7
فَصَدَقَتْ,1,12:26,1,10
فَصَرَفَ,1,12:34,1,8
فَصَعِقَ,1,39:68,1,8
فَصَكَّتْ,1,51:29,1,9
فَصَلَ,1,2:249,1,6
فَصَلَتِ,1,12:94,1,8
فَصَلَّى,1,87:15,1,8
فَصَلِّ,1,108:2,1,7
فَصَّلَ,1,6:119,1,7
فَصُرْهُنَّ,1,2:260,1,11
فَصْلٌ,1,86:13,1,6
فَضَحِكَتْ,1,11:71,1,10
فَضَرَبْنَا,1,18:11,1,11
فَضَرْبَ,1,47:4,1,8
فَضَّلَكُمْ,1,7:140,1,11
فَضَّلَنَا,1,27:15,1,10
فَضُرِبَ,1,57:13,1,8
فَضْلٌ,1,4:73,1,6
فَطَافَ,1,68:19,1,7
فَطَالَ,1,57:16,1,7
فَطَرَكُمْ,1,17:51,1,10
فَطَرَنَا,1,20:72,1,9
فَطَرَهُنَّ,1,21:56,1,11
فَطَفِقَ,1,38:33,1,8
فَطَلٌّ,1,2:265,1,7
فَطَلِّقُوهُنَّ,1,65:1,1,15
فَطَمَسْنَا,1,54:37,1,11
فَطَهِّرْ,1,74:4,1,9
فَطَوَّعَتْ,1,5:30,1,11
فَطُبِعَ,1,63:3,1,8
فَظًّا,1,3:159,1,6
فَظَلَّتْ,1,26:4,1,9
فَظَلُّوا,1,15:14,1,9
فَظَلْتُمْ,1,56:65,1,10
فَظَنَّ,1,21:87,1,7
فَظَنُّوا,1,18:53,1,9
فَعَاقَبْتُمْ,1,60:11,1,13
فَعَاقِبُوا,1,16:126,1,11
فَعَتَوْا,1,51:44,1,9
فَعَجَبٌ,1,13:5,1,8
فَعَجَّلَ,1,48:20,1,9
فَعَدَلَكَ,1,82:7,1,10
فَعَرَفَهُمْ,1,12:58,1,12
فَعَزَّزْنَا,1,36:14,1,12
فَعَصَوْا,1,69:10,1,9
فَعَصَى,1,73:16,1,7
فَعَفَوْنَا,1,4:153,1,11
فَعَقَرَ,1,54:29,1,8
فَعَقَرُوا,1,7:77,1,10
فَعَلَهُ,1,21:63,1,8
فَعَلَى,1,10:71,1,7
فَعَلَيَّ,1,11:35,1,9
فَعَلَيْكُمُ,1,8:72,1,12
فَعَلَيْهِمْ,1,16:106,1,12
فَعَلَيْهِنَّ,1,4:25,1,13
فَعَلِمُوا,1,28:75,1,10
فَعَلْتُهَا,1,26:20,1,11
فَعَلْتُهُ,1,18:82,1,10
فَعَلْنَا,1,14:45,1,9
فَعَمُوا,1,5:71,1,8
فَعَمِيَتْ,1,28:66,1,10
فَعُمِّيَتْ,1,11:28,1,11
فَعِدَّتُهُنَّ,1,65:4,1,14
فَعِظُوهُنَّ,1,4:34,1,12
فَعْلَتَكَ,1,26:19,1,10
فَغَشَّاهَا,1,53:54,1,11
فَغَشِيَهُمْ,1,20:78,1,12
فَغَفَرَ,1,28:16,1,8
فَغَفَرْنَا,1,38:25,1,11
فَغَوَى,1,20:121,1,7
فَغُلُّوهُ,1,69:30,1,10
فَغُلِبُوا,1,7:119,1,10
فَفَتَحْنَا,1,54:11,1,11
فَفَتَقْنَاهُمَا,1,21:30,1,16
فَفَرَرْتُ,1,26:21,1,10
فَفَرِيقًا,1,2:87,1,10
فَفَسَقَ,1,18:50,1,8
فَفَسَقُوا,1,17:16,1,10
فَفَهَّمْنَاهَا,1,21:79,1,15
فَفِدْيَةٌ,1,2:196,1,10
فَفِرُّوا,1,51:50,1,9
فَقَاتِلَا,1,5:24,1,10
فَقَاتِلْ,1,4:84,1,9
فَقَالَتْ,1,28:12,1,9
فَقَبَضْتُ,1,20:96,1,10
فَقَدَرَ,1,89:16,1,8
فَقَدَرْنَا,1,77:23,1,11
فَقَدِّمُوا,1,58:12,1,11
فَقَذَفْنَاهَا,1,20:87,1,14
فَقَرَأَهُ,1,26:199,1,10
فَقَرَّبَهُ,1,51:27,1,11
فَقَسَتْ,1,57:16,1,8
فَقَضَاهُنَّ,1,41:12,1,12
فَقَضَى,1,28:15,1,7
فَقَطَّعَ,1,47:15,1,9
فَقَلِيلًا,1,2:88,1,10
فَقُتِلَ,1,74:19,1,8
فَقُطِعَ,1,6:45,1,8
فَقُلْتُ,1,71:10,1,8
فَقُولِي,1,19:26,1,8
فَقِنَا,1,3:191,1,7
فَكَأَيِّنْ,1,22:45,1,11
فَكَاتِبُوهُمْ,1,24:33,1,14
فَكَبِّرْ,1,74:3,1,9
فَكَثَّرَكُمْ,1,7:86,1,13
فَكَذَبَتْ,1,12:27,1,10
فَكَذَلِكَ,1,20:87,1,10
فَكَذَّبْتَ,1,39:59,1,11
فَكَذَّبْنَا,1,67:9,1,12
فَكَرِهْتُمُوهُ,1,49:12,1,15
فَكَسَوْنَا,1,23:14,1,11
فَكَفَرَتْ,1,16:112,1,10
فَكَفَى,1,10:29,1,7
فَكَفَّ,1,5:11,1,7
فَكَفَّارَتُهُ,1,5:89,1,14
فَكَّرَ,1,74:18,1,7
فَكُبَّتْ,1,27:90,1,9
فَكُبْكِبُوا,1,26:94,1,12
فَكُلًّا,1,29:40,1,8
فَكُلَا,1,7:19,1,7
فَكُلُوهُ,1,4:4,1,9
فَكُلِي,1,19:26,1,7
فَكُّ,1,90:13,1,5
فَكِهِينَ,1,83:31,1,9
فَكِيدُونِ,1,77:39,1,10
فَكِيدُونِي,1,11:55,1,11
فَلَأُقَطِّعَنَّ,1,20:71,1,16
فَلَبِئْسَ,1,16:29,1,10
فَلَبِثْتَ,1,20:40,1,10
فَلَسَوْفَ,1,26:49,1,10
فَلَعَرَفْتَهُمْ,1,47:30,1,16
فَلَعْنَةُ,1,2:89,1,10
فَلَقَاتَلُوكُمْ,1,4:90,1,16
فَلَكُمُ,1,4:12,1,8
فَلَمَسُوهُ,1,6:7,1,11
فَلَنَأْتِيَنَّكَ,1,20:58,1,17
فَلَنَأْتِيَنَّهُمْ,1,27:37,1,19
فَلَنَسْأَلَنَّ,1,7:6,1,15
فَلَنَقُصَّنَّ,1,7:7,1,14
فَلَنُحْيِيَنَّهُ,1,16:97,1,17
فَلَنُذِيقَنَّ,1,41:27,1,14
فَلَنُنَبِّئَنَّ,1,41:50,1,16
فَلَنُوَلِّيَنَّكَ,1,2:144,1,18
فَلَنِعْمَ,1,37:75,1,10
فَلَهُمَا,1,4:176,1,9
فَلَيَعْلَمَنَّ,1,29:3,1,15
فَلَيُبَتِّكُنَّ,1,4:119,1,16
فَلَيُغَيِّرُنَّ,1,4:119,1,16
فَلِأَنْفُسِكُمْ,1,2:272,1,16
فَلِأَنْفُسِهِمْ,1,30:44,1,16
فَلِذَلِكَ,1,42:15,1,10
فَلِكُلِّ,1,4:12,1,9
فَلِلذَّكَرِ,1,4:176,1,12
فَلِلْوَالِدَيْنِ,1,2:215,1,17
فَلْتَقُمْ,1,4:102,1,10
فَلْيَأْتِ,1,52:38,1,10
فَلْيَأْتِكُمْ,1,18:19,1,14
فَلْيَأْتِنَا,1,21:5,1,13
فَلْيَأْكُلْ,1,4:6,1,12
فَلْيَتَنَافَسِ,1,83:26,1,15
فَلْيَتَّقُوا,1,4:9,1,13
فَلْيَحْذَرِ,1,24:63,1,12
فَلْيَدْعُ,1,96:17,1,10
فَلْيَذُوقُوهُ,1,38:57,1,14
فَلْيَرْتَقُوا,1,38:10,1,14
فَلْيَسْتَأْذِنُوا,1,24:59,1,18
فَلْيَسْتَعْفِفْ,1,4:6,1,16
فَلْيَصُمْهُ,1,2:185,1,12
فَلْيَضْحَكُوا,1,9:82,1,14
فَلْيَعْبُدُوا,1,106:3,1,14
فَلْيَعْمَلِ,1,37:61,1,12
فَلْيَعْمَلْ,1,18:110,1,12
فَلْيَفْرَحُوا,1,10:58,1,14
فَلْيَكُونُوا,1,4:102,1,13
فَلْيَكْتُبْ,1,2:282,1,12
فَلْيَكْفُرْ,1,18:29,1,12
فَلْيُؤَدِّ,1,2:283,1,11
فَلْيُؤْمِنْ,1,18:29,1,12
فَلْيُصَلُّوا,1,4:102,1,13
فَلْيُقَاتِلْ,1,4:74,1,13
فَلْيُلْقِهِ,1,20:39,1,12
فَلْيُمْلِلْ,1,2:282,1,12
فَلْيُنْفِقْ,1,65:7,1,12
فَمَأْوَاهُمُ,1,32:20,1,13
فَمَتَّعْنَاهُمْ,1,37:148,1,16
فَمَتِّعُوهُنَّ,1,33:49,1,15
فَمَحَوْنَا,1,17:12,1,11
فَمَرَّتْ,1,7:189,1,9
فَمَكَثَ,1,27:22,1,8
فَمَهِّلِ,1,86:17,1,9
فَمُسْتَقَرٌّ,1,6:98,1,13
فَمُلَاقِيهِ,1,84:6,1,12
فَمِنْهَا,1,36:72,1,9
فَمِنْهُ,1,36:33,1,8
فَنَادَاهَا,1,19:24,1,11
فَنَادَتْهُ,1,3:39,1,11
فَنَاظِرَةٌ,1,27:35,1,11
فَنَبَذُوهُ,1,3:187,1,11
فَنَبَذْتُهَا,1,20:96,1,13
فَنَبَذْنَاهُ,1,37:145,1,13
فَنَتَبَرَّأَ,1,2:167,1,13
فَنَجَّيْنَاكَ,1,20:40,1,14
فَنَجْعَلْ,1,3:61,1,10
فَنَذَرُ,1,10:11,1,8
فَنَرُدَّهَا,1,4:47,1,12
فَنَسُوا,1,5:14,1,8
فَنَسِيتَهَا,1,20:126,1,12
فَنَسِيَهُمْ,1,9:67,1,12
فَنَظَرَ,1,37:88,1,8
فَنَظَلُّ,1,26:71,1,9
فَنَظِرَةٌ,1,2:280,1,10
فَنَعْمَلَ,1,7:53,1,10
فَنَفَعَهَا,1,10:98,1,11
فَنَقَّبُوا,1,50:36,1,11
فَنَكُونَ,1,26:102,1,9
فَنُجِّيَ,1,12:110,1,9
فَنُخْرِجُ,1,32:27,1,10
فَنُزُلٌ,1,56:93,1,8
فَنُنَبِّئُكُمْ,1,10:23,1,15
فَنُنَبِّئُهُمْ,1,31:23,1,15
فَنِصْفُ,1,2:237,1,8
فَنِعِمَّا,1,2:271,1,10
فَهَبْ,1,19:5,1,6
فَهَدَيْنَاهُمْ,1,41:17,1,15
فَهَذَا,1,30:56,1,7
فَهَزَمُوهُمْ,1,2:251,1,13
فَهُمُ,1,21:34,1,6
فَوَاحِدَةً,1,4:3,1,11
فَوَاقٍ,1,38:15,1,7
فَوَجَدَ,1,28:15,1,8
فَوَجَدْنَاهَا,1,72:8,1,14
فَوَرَبِّ,1,51:23,1,9
فَوَسَطْنَ,1,100:5,1,10
فَوَفَّاهُ,1,24:39,1,10
فَوَقَاهُ,1,40:45,1,9
فَوَقَاهُمُ,1,76:11,1,11
فَوَقَعَ,1,7:118,1,8
فَوَكَزَهُ,1,28:15,1,10
فَوَهَبَ,1,26:21,1,8
فَوْتَ,1,34:51,1,6
فَوْجًا,1,27:83,1,7
فَوْرِهِمْ,1,3:125,1,10
فَوْقَهَا,1,2:26,1,9
فَوْقَهُمُ,1,4:154,1,10
فَوْقِهِنَّ,1,42:5,1,11
فَيَأْتِيَهُمْ,1,26:202,1,14
فَيَئُوسٌ,1,41:49,1,9
فَيَبْسُطُهُ,1,30:48,1,12
فَيَتَعَلَّمُونَ,1,2:102,1,16
فَيَجْعَلَهُ,1,8:37,1,12
فَيَحِلَّ,1,20:81,1,9
فَيَحْلِفُونَ,1,58:18,1,13
فَيَخْرُجُ,1,2:74,1,10
فَيَدْمَغُهُ,1,21:18,1,12
فَيَذَرُهَا,1,20:106,1,11
فَيَذْهَبُ,1,13:17,1,10
فَيَرْكُمَهُ,1,8:37,1,12
فَيَسُبُّوا,1,6:108,1,11
فَيَسْتَحْيِي,1,33:53,1,13
فَيَسْخَرُونَ,1,9:79,1,13
فَيَسْقِي,1,12:41,1,9
فَيَشْفَعُوا,1,7:53,1,12
فَيَطْمَعَ,1,33:32,1,10
فَيَظْلَلْنَ,1,42:33,1,12
فَيَعْتَذِرُونَ,1,77:36,1,15
فَيَعْلَمُونَ,1,2:26,1,13
فَيَغْفِرُ,1,2:284,1,10
فَيَقُولَ,1,63:10,1,9
فَيَقُولُونَ,1,2:26,1,12
فَيَقْتُلُونَ,1,9:111,1,13
فَيَكُونَ,1,25:7,1,9
فَيَكِيدُوا,1,12:5,1,11
فَيَكْشِفُ,1,6:41,1,10
فَيَمُتْ,1,2:217,1,8
فَيَمُوتُوا,1,35:36,1,11
فَيَمِيلُونَ,1,4:102,1,12
فَيَمْكُثُ,1,13:17,1,10
فَيَنْتَقِمُ,1,5:95,1,12
فَيَنْسَخُ,1,22:52,1,10
فَيَنْظُرَ,1,7:129,1,10
فَيَنْقَلِبُوا,1,3:127,1,14
فَيُؤْخَذُ,1,55:41,1,10
فَيُؤْمِنُوا,1,22:54,1,12
فَيُحِلُّوا,1,9:37,1,11
فَيُحْفِكُمْ,1,47:37,1,12
فَيُحْيِي,1,30:24,1,9
فَيُدْخِلُهُمْ,1,45:30,1,14
فَيُدْهِنُونَ,1,68:9,1,13
فَيُرْسِلَ,1,17:69,1,10
فَيُسْحِتَكُمْ,1,20:61,1,14
فَيُصْبِحُوا,1,5:52,1,12
فَيُصْلَبُ,1,12:41,1,10
فَيُضِلَّكَ,1,38:26,1,11
فَيُضِلُّ,1,14:4,1,9
فَيُعَذِّبُهُمْ,1,4:173,1,15
فَيُغْرِقَكُمْ,1,17:69,1,14
فَيُقْتَلْ,1,4:74,1,10
فَيُمْسِكُ,1,39:42,1,10
فَيُوحِيَ,1,42:51,1,9
فُؤَادُ,1,28:10,1,7
فُتُونًا,1,20:40,1,8
فُتِنُوا,1,16:110,1,8
فُتِنْتُمْ,1,20:90,1,10
فُجُورَهَا,1,91:8,1,10
فُجِّرَتْ,1,82:3,1,9
فُرَاتًا,1,77:27,1,8
فُرَادَى,1,6:94,1,8
فُرُشٍ,1,55:54,1,6
فُرُطًا,1,18:28,1,7
فُرُوجٍ,1,50:6,1,7
فُرُوجَهُنَّ,1,24:31,1,12
فُرِجَتْ,1,77:9,1,8
فُرْقَانًا,1,8:29,1,10
فُزِّعَ,1,34:23,1,7
فُسُوقٌ,1,2:282,1,7
فُسُوقَ,1,2:197,1,7
فُضِّلُوا,1,16:71,1,9
فُطُورٍ,1,67:3,1,7
فُعِلَ,1,34:54,1,6
فُقَرَاءَ,1,24:32,1,9
فُلَانًا,1,25:28,1,8
فِئَتُكُمْ,1,8:19,1,10
فِتْنَةَ,1,29:10,1,8
فِتْنَتَكُمْ,1,51:14,1,12
فِتْنَتَهُ,1,5:41,1,10
فِتْنَتُكَ,1,7:155,1,10
فِتْنَتُهُمْ,1,6:23,1,12
فِتْيَةٌ,1,18:13,1,8
فِدَاءً,1,47:4,1,7
فِرَاشًا,1,2:22,1,8
فِرَاقُ,1,18:78,1,7
فِرْقٍ,1,26:63,1,6
فِرْقَةٍ,1,9:122,1,8
فِسْقًا,1,6:145,1,7
فِسْقٌ,1,5:3,1,6
فِصَالًا,1,2:233,1,8
فِطْرَتَ,1,30:30,1,8
فِعْلَ,1,21:73,1,6
ق,1,50:1,1,1
قَائِلُهَا,1,23:100,1,10
قَائِلُونَ,1,7:4,1,10
قَائِمُونَ,1,70:33,1,10
قَابَ,1,53:9,1,5
قَاتَلَ,1,3:146,1,7
قَاتَلَكُمُ,1,48:22,1,11
قَاتَلُوا,1,33:20,1,9
قَاتِلُوهُمْ,1,9:14,1,12
قَادِرُونَ,1,10:24,1,10
قَارُونَ,1,28:76,1,8
قَارُونُ,1,28:79,1,8
قَارِعَةٌ,1,13:31,1,9
قَاسِيَةً,1,5:13,1,9
قَاصِدًا,1,9:42,1,8
قَاصِفًا,1,17:69,1,8
قَاضٍ,1,20:72,1,5
قَاطِعَةً,1,27:32,1,9
قَاعًا,1,20:106,1,6
قَاعِدًا,1,10:12,1,8
قَاعِدُونَ,1,5:24,1,10
قَالَهَا,1,39:50,1,8
قَامَ,1,72:19,1,5
قَانِتًا,1,16:120,1,8
قَانِتٌ,1,39:9,1,7
قَانِتَاتٌ,1,4:34,1,10
قَانِتَاتٍ,1,66:5,1,10
قَانِتِينَ,1,2:238,1,10
قَاهِرُونَ,1,7:127,1,10
قَبَسٍ,1,27:7,1,6
قَبَضْنَاهُ,1,25:46,1,11
قَبِيلًا,1,17:92,1,8
قَبْرِهِ,1,9:84,1,8
قَبْضًا,1,25:46,1,7
قَبْضَةً,1,20:96,1,8
قَبْضَتُهُ,1,39:67,1,10
قَبْلَهُ,1,69:9,1,8
قَبْلِهِمُ,1,13:6,1,10
قَتَرٌ,1,10:26,1,6
قَتَرَةٌ,1,80:41,1,8
قَتَلَهُ,1,5:95,1,8
قَتَلَهُمْ,1,8:17,1,10
قَتَلُوا,1,6:140,1,8
قَتَلْتَ,1,28:19,1,8
قَتَلْتُ,1,28:33,1,8
قَتَلْتُمُوهُمْ,1,3:183,1,15
قَتَلْتُمْ,1,2:72,1,10
قَتَلْنَا,1,4:157,1,9
قَتُورًا,1,17:100,1,8
قَتْلَهُمْ,1,17:31,1,10
قَدَرًا,1,33:38,1,7
قَدَمٌ,1,16:94,1,6
قَدَمَ,1,10:2,1,6
قَدَّرُوهَا,1,76:16,1,11
قَدَّرْنَاهَا,1,27:57,1,13
قَدَّرْنَاهُ,1,36:39,1,12
قَدَّمُوا,1,36:12,1,9
قَدَّمْتُمُوهُ,1,38:60,1,14
قَدَّمْتُمْ,1,12:48,1,11
قَدِيمٌ,1,46:11,1,7
قَدْحًا,1,100:2,1,7
قَدْرًا,1,65:3,1,7
قَرَأْنَاهُ,1,75:18,1,11
قَرَاطِيسَ,1,6:91,1,10
قَرَّبَا,1,5:27,1,8
قَرْيَةٌ,1,10:98,1,8
قَرْيَتِكَ,1,47:13,1,10
قَرْيَتِنَا,1,7:88,1,11
قَسَمٌ,1,89:5,1,6
قَسَمْنَا,1,43:32,1,9
قَسْوَةً,1,2:74,1,8
قَسْوَرَةٍ,1,74:51,1,10
قَصَصًا,1,18:64,1,7
قَصَصِهِمْ,1,12:111,1,10
قَصَصْنَاهُمْ,1,4:164,1,13
قَصَمْنَا,1,21:11,1,9
قَصِيًّا,1,19:22,1,8
قَصْدُ,1,16:9,1,6
قَضَاهَا,1,12:68,1,8
قَضَوْا,1,33:37,1,7
قَضَيْتَ,1,4:65,1,8
قَضَيْتُ,1,28:28,1,8
قَضَيْتُمُ,1,4:103,1,10
قَضَيْتُمْ,1,2:200,1,10
قَطَعْتُمْ,1,59:5,1,10
قَطَّعْنَ,1,12:50,1,9
قَطِرَانٍ,1,14:50,1,9
قَعِيدٌ,1,50:17,1,7
قَفَّيْنَا,1,57:27,1,10
قَلَى,1,93:3,1,5
قَلَّ,1,4:7,1,5
قَلِيلَةٍ,1,2:249,1,9
قَلِيلُونَ,1,26:54,1,10
قَلْبٌ,1,50:37,1,6
قَلْبَيْنِ,1,33:4,1,10
قَلْبُهُ,1,2:283,1,8
قَلْبِ,1,40:35,1,6
قَلْبِهَا,1,28:10,1,9
قَلْبِي,1,2:260,1,7
قَمِيصِهِ,1,12:18,1,9
قَمْطَرِيرًا,1,76:10,1,12
قَنَطُوا,1,42:28,1,8
قَنُوطٌ,1,41:49,1,7
قَوَارِيرَا,1,76:15,1,11
قَوَامًا,1,25:67,1,8
قَوَّامُونَ,1,4:34,1,11
قَوِيًّا,1,33:25,1,8
قَوْسَيْنِ,1,53:9,1,10
قَوْلٌ,1,2:263,1,6
قَوْلَكُمْ,1,67:13,1,10
قَوْلَهُمْ,1,3:147,1,10
قَوْلُكُمْ,1,33:4,1,10
قَوْلُنَا,1,16:40,1,9
قَوْلِكَ,1,11:53,1,8
قَوْلِهَا,1,27:19,1,9
قَوْلِهِمُ,1,5:63,1,10
قَوْمَهَا,1,19:27,1,9
قَوْمُنَا,1,18:15,1,9
قَوْمِنَا,1,7:89,1,9
قَيِّمًا,1,18:2,1,8
قَيِّمَةٌ,1,98:3,1,9
قُبُلٍ,1,12:26,1,6
قُتِلَتْ,1,81:9,1,8
قُتِلْنَا,1,3:154,1,9
قُرَنَاءَ,1,41:25,1,9
قُرَيْشٍ,1,106:1,1,8
قُرَّةَ,1,25:74,1,7
قُرَّةِ,1,32:17,1,7
قُرَّتُ,1,28:9,1,7
قُرُبَاتٍ,1,9:99,1,9
قُرُوءٍ,1,2:228,1,7
قُرْآنٌ,1,85:21,1,7
قُرْآنٍ,1,10:61,1,7
قُرْآنَ,1,17:78,1,7
قُرْآنَهُ,1,75:18,1,9
قُرْبَةٌ,1,9:99,1,8
قُصِّيهِ,1,28:11,1,8
قُضِيَتِ,1,62:10,1,8
قُعُودٌ,1,85:6,1,7
قُلُوبٍ,1,47:24,1,7
قُلُوبَنَا,1,3:8,1,10
قُلُوبُكُمَا,1,66:4,1,12
قُلُوبِنَا,1,59:10,1,10
قُلْتُ,1,5:117,1,6
قُلْتُهُ,1,5:116,1,8
قُلْنَ,1,12:51,1,6
قُمِ,1,73:2,1,4
قُمْ,1,74:2,1,4
قُمْتُمْ,1,5:6,1,8
قُوا,1,66:6,1,4
قُوتِلُوا,1,59:12,1,9
قُوتِلْتُمْ,1,59:11,1,11
قُوَّةَ,1,18:39,1,7
قُوَّتِكُمْ,1,11:52,1,11
قِبَلَكَ,1,70:36,1,8
قِبَلِهِ,1,57:13,1,8
قِبْلَةَ,1,2:145,1,8
قِبْلَتَكَ,1,2:145,1,10
قِبْلَتَهُمْ,1,2:145,1,12
قِبْلَتِهِمُ,1,2:142,1,12
قِتَالًا,1,3:167,1,8
قِتَالٌ,1,2:217,1,7
قِتَالٍ,1,2:217,1,7
قِدَدًا,1,72:11,1,7
قِرْطَاسٍ,1,6:7,1,9
قِسِّيسِينَ,1,5:82,1,11
قِطَعًا,1,10:27,1,7
قِطَعٌ,1,13:4,1,6
قِطَّنَا,1,38:16,1,8
قِطْرًا,1,18:96,1,7
قِطْمِيرٍ,1,35:13,1,9
قِنْطَارًا,1,4:20,1,10
قِنْوَانٌ,1,6:99,1,9
قِيَامٌ,1,39:68,1,7
قِيَامٍ,1,51:45,1,7
قِيَمًا,1,6:161,1,7
كهيعص,1,19:1,1,5
كَأَحَدٍ,1,33:32,1,8
كَأَلْفِ,1,22:47,1,8
كَأَمْثَالِ,1,56:23,1,11
كَأَنَّ,1,31:7,1,7
كَأَنَّكَ,1,7:187,1,9
كَأْسٍ,1,76:5,1,6
كَاتِبًا,1,2:283,1,8
كَاتِبُونَ,1,21:94,1,10
كَاتِبِينَ,1,82:11,1,10
كَادَتْ,1,28:10,1,7
كَادِحٌ,1,84:6,1,7
كَاذِبَةٌ,1,56:2,1,9
كَاذِبَةٍ,1,96:16,1,9
كَاذِبُونَ,1,26:223,1,10
كَارِهِينَ,1,7:88,1,10
كَاشِفَاتُ,1,39:38,1,10
كَاشِفَةٌ,1,53:58,1,9
كَاشِفُو,1,44:15,1,8
كَاظِمِينَ,1,40:18,1,10
كَافُورًا,1,76:5,1,9
كَافِرٍ,1,2:41,1,7
كَافِرَةٌ,1,3:13,1,9
كَالدِّهَانِ,1,55:37,1,12
كَالرَّمِيمِ,1,51:42,1,12
كَالصَّرِيمِ,1,68:20,1,12
كَالطَّوْدِ,1,26:63,1,11
كَالظُّلَلِ,1,31:32,1,11
كَالَّتِي,1,16:92,1,9
كَالُوهُمْ,1,83:3,1,10
كَالِحُونَ,1,23:104,1,10
كَالْأَعْمَى,1,11:24,1,12
كَالْأُنْثَى,1,3:36,1,12
كَالْجَوَابِ,1,34:13,1,12
كَالْجِبَالِ,1,11:42,1,12
كَالْحِجَارَةِ,1,2:74,1,14
كَالْعُرْجُونِ,1,36:39,1,14
كَالْفَخَّارِ,1,55:14,1,13
كَالْفَرَاشِ,1,101:4,1,12
كَالْفُجَّارِ,1,38:28,1,13
كَالْقَصْرِ,1,77:32,1,11
كَالْمُجْرِمِينَ,1,68:35,1,16
كَالْمُعَلَّقَةِ,1,4:129,1,16
كَالْمُفْسِدِينَ,1,38:28,1,16
كَامِلَةً,1,16:25,1,9
كَامِلَةٌ,1,2:196,1,9
كَامِلَيْنِ,1,2:233,1,11
كَانَتِ,1,69:27,1,7
كَاهِنٍ,1,69:42,1,7
كَبَاسِطِ,1,13:14,1,9
كَبَدٍ,1,90:4,1,6
كَبُرَتْ,1,18:5,1,8
كَتَبَتْ,1,2:79,1,8
كَتَبْتَ,1,4:77,1,8
كَتَبْنَاهَا,1,57:27,1,12
كَتَمَ,1,2:140,1,6
كَثُرَ,1,4:7,1,6
كَثُرَتْ,1,8:19,1,8
كَثِيبًا,1,73:14,1,8
كَثْرَةُ,1,5:100,1,8
كَثْرَتُكُمْ,1,9:25,1,12
كَجَهْرِ,1,49:2,1,8
كَحُبِّ,1,2:165,1,7
كَخَشْيَةِ,1,4:77,1,10
كَخَلْقِهِ,1,13:16,1,10
كَخِيفَتِكُمْ,1,30:28,1,13
كَدُعَاءِ,1,24:63,1,9
كَدْحًا,1,84:6,1,7
كَذَلِكُمْ,1,48:15,1,10
كَذَّبُوكُمْ,1,25:19,1,12
كَذَّبُوهُ,1,23:44,1,10
كَذِبٍ,1,12:18,1,6
كَذِبُهُ,1,40:28,1,8
كَذِكْرِكُمْ,1,2:200,1,12
كَرَمَادٍ,1,14:18,1,9
كَرَّةٌ,1,79:12,1,7
كَرَّتَيْنِ,1,67:4,1,11
كَرَّمْتَ,1,17:62,1,9
كَرَّمْنَا,1,17:70,1,10
كَرِهْتُمُوهُنَّ,1,4:19,1,16
كَرْبٍ,1,6:64,1,6
كَزَرْعٍ,1,48:29,1,8
كَسَادَهَا,1,9:24,1,10
كَسَبَا,1,5:38,1,7
كَسَرَابٍ,1,24:39,1,9
كَشَفَ,1,16:54,1,6
كَشَفْتَ,1,7:134,1,8
كَشْفَ,1,17:56,1,6
كَصَاحِبِ,1,68:48,1,9
كَصَيِّبٍ,1,2:19,1,9
كَطَيِّ,1,21:104,1,7
كَظُلُمَاتٍ,1,24:40,1,11
كَعَذَابِ,1,29:10,1,9
كَعَرْضِ,1,57:21,1,8
كَعَصْفٍ,1,105:5,1,8
كَغَلْيِ,1,44:46,1,8
كَفَرْتُ,1,14:22,1,8
كَفَفْتُ,1,5:110,1,8
كَفَيْنَاكَ,1,15:95,1,11
كَفَّ,1,48:24,1,5
كَفَّارًا,1,71:27,1,9
كَفَّارَةُ,1,5:89,1,10
كَفَّرَ,1,47:2,1,7
كَفِيلًا,1,16:91,1,8
كَلٌّ,1,16:76,1,5
كَلَالَةً,1,4:12,1,9
كَلَمْحٍ,1,54:50,1,8
كَلَمْحِ,1,16:77,1,8
كَلَّمَ,1,2:253,1,7
كَلَّمَهُ,1,12:54,1,9
كَلِمَاتٍ,1,2:37,1,9
كَلِمَتُنَا,1,37:171,1,11
كَمِثْلِهِ,1,42:11,1,10
كَمِشْكَاةٍ,1,24:35,1,11
كَنَزْتُمْ,1,9:35,1,10
كَنَفْسٍ,1,31:28,1,8
كَنْزَهُمَا,1,18:82,1,11
كَهَشِيمِ,1,54:31,1,9
كَوْكَبٌ,1,24:35,1,8
كَيْدٌ,1,77:39,1,6
كَيْدَكُمْ,1,20:64,1,10
كَيْدَكُنَّ,1,12:28,1,11
كَيْدَهُ,1,20:60,1,8
كَيْدَهُمْ,1,105:2,1,10
كَيْدُهُ,1,22:15,1,8
كَيْدِ,1,8:18,1,6
كَيْدِكُنَّ,1,12:28,1,11
كَيْلٌ,1,12:65,1,6
كُبَّارًا,1,71:22,1,9
كُبِتَ,1,58:5,1,6
كُبِتُوا,1,58:5,1,8
كُتُبٌ,1,98:3,1,6
كُتُبٍ,1,34:44,1,6
كُذِبُوا,1,12:110,1,8
كُذِّبَ,1,3:184,1,7
كُذِّبُوا,1,6:34,1,9
كُرْسِيُّهُ,1,2:255,1,11
كُرْسِيِّهِ,1,38:34,1,11
كُرْهٌ,1,2:216,1,6
كُشِطَتْ,1,81:11,1,8
كُفَّارًا,1,2:109,1,9
كُفُوًا,1,112:4,1,7
كُفُّوا,1,4:77,1,7
كُفِرَ,1,54:14,1,6
كُفْرَانَ,1,21:94,1,9
كُلَّهُ,1,3:154,1,7
كُلُّهُنَّ,1,33:51,1,10
كُلِي,1,16:69,1,5
كُلِّمَ,1,13:31,1,7
كُلِّهَا,1,54:42,1,8
كُنْتِ,1,12:29,1,6
كُونِي,1,21:69,1,6
كُوِّرَتْ,1,81:1,1,9
كِبْرٌ,1,40:56,1,6
كِبْرَهُ,1,24:11,1,8
كِتَابَكَ,1,17:14,1,9
كِتَابَهُمْ,1,17:71,1,11
كِتَابُنَا,1,45:29,1,10
كِتَابِهَا,1,45:28,1,10
كِدْنَا,1,12:76,1,7
كِرَامٍ,1,80:16,1,7
كِسْفًا,1,52:44,1,7
كِسْوَتُهُمْ,1,5:89,1,12
كِفَاتًا,1,77:25,1,8
كِفْلٌ,1,4:85,1,6
كِفْلَيْنِ,1,57:28,1,10
كِلَاهُمَا,1,17:23,1,10
كِلْتَا,1,18:33,1,7
كِلْتُمْ,1,17:35,1,8
كِيدُونِ,1,7:195,1,8
لَآتَوْهَا,1,33:14,1,10
لَآتَيْنَا,1,32:13,1,10
لَآتَيْنَاهُمْ,1,4:67,1,14
لَآتِيَنَّهُمْ,1,7:17,1,14
لَآمَنَ,1,10:99,1,7
لَأَتَّخِذَنَّ,1,4:118,1,14
لَأَجِدَنَّ,1,18:36,1,11
لَأَجِدُ,1,12:94,1,8
لَأَجْعَلَنَّكَ,1,26:29,1,15
لَأَحْتَنِكَنَّ,1,17:62,1,15
لَأَخَذْنَا,1,69:45,1,11
لَأَذَقْنَاكَ,1,17:75,1,13
لَأَذْبَحَنَّهُ,1,27:21,1,15
لَأَرَيْنَاكَهُمْ,1,47:30,1,17
لَأَرْجُمَنَّكَ,1,19:46,1,15
لَأَزِيدَنَّكُمْ,1,14:7,1,16
لَأَسْتَغْفِرَنَّ,1,60:4,1,17
لَأَسْقَيْنَاهُمْ,1,72:16,1,17
لَأَسْمَعَهُمْ,1,8:23,1,14
لَأَعَدُّوا,1,9:46,1,11
لَأَعْنَتَكُمْ,1,2:220,1,14
لَأَغْلِبَنَّ,1,58:21,1,13
لَأَقْتُلَنَّكَ,1,5:27,1,15
لَأَقْعُدَنَّ,1,7:16,1,13
لَأَكَلُوا,1,5:66,1,10
لَأَكُونَنَّ,1,6:77,1,12
لَأَكِيدَنَّ,1,21:57,1,12
لَأَمَّارَةٌ,1,12:53,1,12
لَأَمْسَكْتُمْ,1,17:100,1,14
لَأَنْتُمْ,1,59:13,1,10
لَأَوَّاهٌ,1,9:114,1,10
لَأُزَيِّنَنَّ,1,15:39,1,14
لَأُصَلِّبَنَّكُمْ,1,7:124,1,18
لَأُعَذِّبَنَّهُ,1,27:21,1,16
لَأُغْوِيَنَّهُمْ,1,38:82,1,17
لَأُوتَيَنَّ,1,19:77,1,12
لَإِبْرَاهِيمَ,1,37:83,1,14
لَإِحْدَى,1,74:35,1,9
لَائِمٍ,1,5:54,1,7
لَابِثِينَ,1,78:23,1,10
لَابْتَغَوْا,1,17:42,1,12
لَاتَّبَعُوكَ,1,9:42,1,13
لَاتَّبَعْتُمُ,1,4:83,1,14
لَاتَّبَعْنَاكُمْ,1,3:167,1,17
لَاتَّخَذُوكَ,1,17:73,1,13
لَاتَّخَذْتَ,1,18:77,1,12
لَاتَّخَذْنَاهُ,1,21:17,1,15
لَاخْتَلَفْتُمْ,1,8:42,1,15
لَارْتَابَ,1,29:48,1,10
لَازِبٍ,1,37:11,1,7
لَاسْتَكْثَرْتُ,1,7:188,1,15
لَاصْطَفَى,1,39:4,1,10
لَاغِيَةً,1,88:11,1,9
لَافْتَدَتْ,1,10:54,1,11
لَاقِيهِ,1,28:61,1,8
لَانْتَصَرَ,1,47:4,1,11
لَانْفَضُّوا,1,3:159,1,12
لَاهِيَةً,1,21:3,1,9
لَبَرَزَ,1,3:154,1,8
لَبَعَثْنَا,1,25:51,1,11
لَبَغَوْا,1,42:27,1,9
لَبَلَاغًا,1,21:106,1,10
لَبَنًا,1,16:66,1,7
لَبَنٍ,1,47:15,1,6
لَبَيْتُ,1,29:41,1,8
لَبُوسٍ,1,21:80,1,7
لَبِإِمَامٍ,1,15:79,1,11
لَبِالْمِرْصَادِ,1,89:14,1,16
لَبِثَ,1,11:69,1,6
لَبِسَبِيلٍ,1,15:76,1,11
لَبْسٍ,1,50:15,1,6
لَتَأْتُنَّنِي,1,12:66,1,14
لَتَأْتِيَنَّكُمْ,1,34:3,1,17
لَتَارِكُو,1,37:36,1,10
لَتَجِدَنَّ,1,5:82,1,11
لَتَدْخُلُنَّ,1,48:27,1,13
لَتَدْعُوهُمْ,1,23:73,1,13
لَتَذْكِرَةٌ,1,69:48,1,12
لَتَرَوُنَّ,1,102:6,1,11
لَتَرَوُنَّهَا,1,102:7,1,14
لَتَرْكَبُنَّ,1,84:19,1,13
لَتَشْهَدُونَ,1,6:19,1,13
لَتَعْلَمُ,1,11:79,1,10
لَتَقُولُونَ,1,17:40,1,12
لَتَكْفُرُونَ,1,41:9,1,13
لَتَمُرُّونَ,1,37:137,1,12
لَتَنُوءُ,1,28:76,1,9
لَتَنْزِيلُ,1,26:192,1,11
لَتَهْدِي,1,42:52,1,9
لَتَوَلَّوْا,1,8:23,1,12
لَتُؤْمِنُنَّ,1,3:81,1,13
لَتُبَيِّنُنَّهُ,1,3:187,1,16
لَتُبْدِي,1,28:10,1,9
لَتُبْعَثُنَّ,1,64:7,1,13
لَتُبْلَوُنَّ,1,3:186,1,13
لَتُرْدِينِ,1,37:56,1,11
لَتُفْسِدُنَّ,1,17:4,1,13
لَتُلَقَّى,1,27:6,1,10
لَتُنَبَّؤُنَّ,1,64:7,1,14
لَتُنَبِّئَنَّهُمْ,1,12:15,1,18
لَجَاءَهُمُ,1,29:53,1,11
لَجَاعِلُونَ,1,18:8,1,12
لَجَعَلَ,1,11:118,1,8
لَجَعَلَهُ,1,25:45,1,10
لَجَعَلَهُمْ,1,42:8,1,12
لَجَمَعَهُمْ,1,6:35,1,12
لَجَمِيعٌ,1,26:56,1,9
لَجُّوا,1,67:21,1,7
لَحَافِظِينَ,1,82:10,1,12
لَحَبِطَ,1,6:88,1,8
لَحَسْرَةٌ,1,69:50,1,10
لَحَقُّ,1,69:51,1,7
لَحَلِيمٌ,1,11:75,1,9
لَحُسْنَ,1,38:49,1,8
لَحْنِ,1,47:30,1,6
لَخَاطِئِينَ,1,12:91,1,12
لَخَرَجْنَا,1,9:42,1,11
لَخَسَفَ,1,28:82,1,8
لَخَلْقُ,1,40:57,1,8
لَدُنِّي,1,18:76,1,8
لَذَائِقُو,1,37:38,1,10
لَذَائِقُونَ,1,37:31,1,12
لَذِكْرٌ,1,43:44,1,8
لَرَأَيْتَهُ,1,59:21,1,12
لَرَادُّكَ,1,28:85,1,10
لَرَجَمْنَاكَ,1,11:91,1,13
لَرَحْمَةً,1,29:51,1,10
لَرَسُولُ,1,63:1,1,9
لَرَسُولُهُ,1,63:1,1,11
لَرَفَعْنَاهُ,1,7:176,1,13
لَرِزْقُنَا,1,38:54,1,11
لَسَاحِرَانِ,1,20:63,1,12
لَسَارِقُونَ,1,12:70,1,12
لَسَرِيعُ,1,7:167,1,9
لَسَلَّطَهُمْ,1,4:90,1,13
لَسَمِيعٌ,1,8:42,1,9
لَسَمِيعُ,1,14:39,1,9
لَسَوْفَ,1,19:66,1,8
لَسِحْرٌ,1,10:76,1,8
لَسْتُ,1,6:66,1,6
لَسْتُنَّ,1,33:32,1,9
لَشَتَّى,1,92:4,1,8
لَشَدِيدُ,1,13:6,1,9
لَشَرَّ,1,38:55,1,7
لَشَهَادَتُنَا,1,5:107,1,14
لَشَهِيدٌ,1,100:7,1,9
لَشَوْبًا,1,37:67,1,9
لَشِرْذِمَةٌ,1,26:54,1,12
لَصَادِقٌ,1,51:5,1,9
لَصَالُو,1,83:16,1,8
لَصَوْتُ,1,31:19,1,8
لَطَمَسْنَا,1,36:66,1,11
لَطِيفًا,1,33:34,1,8
لَظَالِمُونَ,1,12:79,1,12
لَظَالِمِينَ,1,15:78,1,12
لَظَلُومٌ,1,14:34,1,9
لَظَلُّوا,1,30:51,1,9
لَظَى,1,70:15,1,5
لَظُلْمٌ,1,31:13,1,8
لَعَادُوا,1,6:28,1,9
لَعَالٍ,1,10:83,1,7
لَعَجَّلَ,1,18:58,1,9
لَعَذَّبَهُمْ,1,59:3,1,13
لَعَذَّبْنَا,1,48:25,1,12
لَعَلَّنَا,1,26:40,1,10
لَعَلِمَهُ,1,4:83,1,10
لَعَلِيمٌ,1,22:59,1,9
لَعَلِيٌّ,1,43:4,1,9
لَعَمْرُكَ,1,15:72,1,10
لَعَنَ,1,33:64,1,6
لَعَنَتْ,1,7:38,1,8
لَعَنَّا,1,4:47,1,8
لَعَنَّاهُمْ,1,5:13,1,12
لَعَنِتُّمْ,1,49:7,1,11
لَعِبًا,1,6:70,1,7
لَعِلْمٌ,1,43:61,1,8
لَعْنًا,1,33:68,1,7
لَعْنَةَ,1,3:87,1,8
لَعْنَتِي,1,38:78,1,9
لَغَائِظُونَ,1,26:55,1,12
لَغَافِلُونَ,1,10:92,1,12
لَغَفَّارٌ,1,20:82,1,10
لَغَوِيٌّ,1,28:18,1,9
لَغْوٌ,1,52:23,1,6
لَفَاسِقُونَ,1,5:49,1,12
لَفَاسِقِينَ,1,7:102,1,12
لَفَاعِلُونَ,1,12:61,1,12
لَفَتَحْنَا,1,7:96,1,11
لَفَرِحٌ,1,11:10,1,8
لَفَرِيقًا,1,3:78,1,10
لَفَسَدَتَا,1,21:22,1,11
لَفَشِلْتُمْ,1,8:43,1,12
لَفِسْقٌ,1,6:121,1,8
لَفِيفًا,1,17:104,1,8
لَقَادِرٌ,1,86:8,1,9
لَقَالَ,1,6:7,1,7
لَقَدِيرٌ,1,22:39,1,9
لَقَسَمٌ,1,56:76,1,8
لَقَطَعْنَا,1,69:46,1,11
لَقَوْلٌ,1,86:13,1,8
لَقُرْآنٌ,1,56:77,1,9
لَقُلْنَا,1,8:31,1,9
لَقُوكُمْ,1,3:119,1,9
لَقِيتُمْ,1,8:45,1,9
لَقِينَا,1,18:62,1,8
لَقِيَا,1,18:74,1,7
لَكَارِهُونَ,1,8:5,1,12
لَكَافِرُونَ,1,30:8,1,12
لَكَبِيرَةً,1,2:143,1,11
لَكَبِيرَةٌ,1,2:45,1,11
لَكَفَّرْنَا,1,5:65,1,12
لَكَنُودٌ,1,100:6,1,9
لَكُنْتُمْ,1,2:64,1,10
لَكِتَابٌ,1,41:41,1,9
لَكِنَّا,1,18:38,1,8
لَلَبِثَ,1,37:144,1,8
لَلَجُّوا,1,23:75,1,9
لَلَّذِي,1,3:96,1,8
لَلَّذِينَ,1,3:68,1,10
لَلْآخِرَةَ,1,92:13,1,11
لَلْحَقُّ,1,2:149,1,9
لَلْحُسْنَى,1,41:50,1,11
لَلْهُدَى,1,92:12,1,9
لَمًّا,1,89:19,1,6
لَمَثُوبَةٌ,1,2:103,1,11
لَمَجْمُوعُونَ,1,56:50,1,14
لَمَحْجُوبُونَ,1,83:15,1,14
لَمَدِينُونَ,1,37:53,1,12
لَمَرْدُودُونَ,1,79:10,1,14
لَمَسَخْنَاهُمْ,1,36:67,1,15
لَمَسْجِدٌ,1,9:108,1,10
لَمَسْنَا,1,72:8,1,9
لَمَعَ,1,29:69,1,6
لَمَعَكُمْ,1,5:53,1,10
لَمَعْزُولُونَ,1,26:212,1,14
لَمَغْفِرَةٌ,1,3:157,1,12
لَمَفْعُولًا,1,17:108,1,12
لَمَقْتُ,1,40:10,1,8
لَمَكْرٌ,1,7:123,1,8
لَمَنِ,1,2:102,1,6
لَمَوْعِدُهُمْ,1,15:43,1,14
لَمَيِّتُونَ,1,23:15,1,12
لَمُبْتَلِينَ,1,23:30,1,13
لَمُبْلِسِينَ,1,30:49,1,13
لَمُخْرَجُونَ,1,27:67,1,13
لَمُدْرَكُونَ,1,26:61,1,13
لَمُرْسَلُونَ,1,36:16,1,13
لَمُسْرِفُونَ,1,5:32,1,13
لَمُشْرِكُونَ,1,6:121,1,13
لَمُغْرَمُونَ,1,56:66,1,13
لَمُنَجُّوهُمْ,1,15:59,1,14
لَمُنْقَلِبُونَ,1,43:14,1,15
لَمُوسِعُونَ,1,51:47,1,12
لَمُوَفُّوهُمْ,1,11:109,1,14
لَمِنْ,1,42:43,1,6
لَمِنْكُمْ,1,9:56,1,10
لَنَاصِحُونَ,1,12:11,1,12
لَنَاكِبُونَ,1,23:74,1,12
لَنَتَّخِذَنَّ,1,18:21,1,14
لَنَحْشُرَنَّهُمْ,1,19:68,1,17
لَنَخْرُجَنَّ,1,59:11,1,13
لَنَذْهَبَنَّ,1,17:86,1,13
لَنَرَاهَا,1,12:30,1,10
لَنَرْجُمَنَّكُمْ,1,36:18,1,17
لَنَزَّلْنَا,1,17:95,1,12
لَنَسْأَلَنَّهُمْ,1,15:92,1,17
لَنَسْفَعًا,1,96:15,1,11
لَنَصَّدَّقَنَّ,1,9:75,1,15
لَنَظُنُّكَ,1,7:66,1,11
لَنَعْلَمُ,1,69:49,1,10
لَنَفِدَ,1,18:109,1,8
لَنَقُولَنَّ,1,27:49,1,12
لَنَنْزِعَنَّ,1,19:69,1,13
لَنَنْسِفَنَّهُ,1,20:97,1,15
لَنَنْصُرَنَّكُمْ,1,59:11,1,17
لَنَنْصُرُ,1,40:51,1,10
لَنَهْدِيَنَّهُمْ,1,29:69,1,17
لَنُؤْمِنَنَّ,1,7:134,1,13
لَنُبَيِّتَنَّهُ,1,27:49,1,16
لَنُبِذَ,1,68:49,1,8
لَنُحَرِّقَنَّهُ,1,20:97,1,16
لَنُحْضِرَنَّهُمْ,1,19:68,1,17
لَنُخْرِجَنَّكَ,1,7:88,1,15
لَنُخْرِجَنَّكُمْ,1,14:13,1,17
لَنُدْخِلَنَّهُمْ,1,29:9,1,17
لَنُغْرِيَنَّكَ,1,33:60,1,15
لَنُكَفِّرَنَّ,1,29:7,1,14
لَنُنَجِّيَنَّهُ,1,29:32,1,16
لَنُهْلِكَنَّ,1,14:13,1,13
لَهَادِ,1,22:54,1,7
لَهَدَى,1,13:31,1,7
لَهَدَيْنَاكُمْ,1,14:21,1,15
لَهَمَّتْ,1,4:113,1,9
لَهُدًى,1,27:77,1,7
لَهُدِّمَتْ,1,22:40,1,11
لَهِيَ,1,29:64,1,6
لَهْوٌ,1,29:64,1,6
لَهْوَ,1,31:6,1,6
لَوَاحِدٌ,1,37:4,1,9
لَوَاقِحَ,1,15:22,1,9
لَوَلَّوُا,1,48:22,1,10
لَوَلَّوْا,1,9:57,1,10
لَوَلَّيْتَ,1,18:18,1,11
لَوَّاحَةٌ,1,74:29,1,10
لَوَّوْا,1,63:5,1,8
لَوْحٍ,1,85:22,1,6
لَوْمَةَ,1,5:54,1,8
لَيًّا,1,4:46,1,6
لَيَأْتِيَنِّي,1,27:21,1,14
لَيَئُوسٌ,1,11:9,1,9
لَيَالِيَ,1,34:18,1,9
لَيَبْعَثَنَّ,1,7:167,1,13
لَيَبْغِي,1,38:24,1,9
لَيَبْلُوَنَّكُمُ,1,5:94,1,17
لَيَحْبَطَنَّ,1,39:65,1,13
لَيَحْزُنُكَ,1,6:33,1,12
لَيَحْزُنُنِي,1,12:13,1,13
لَيَحْكُمُ,1,16:124,1,10
لَيَخْرُجُنَّ,1,24:53,1,13
لَيَرْزُقَنَّهُمُ,1,22:58,1,17
لَيَسْتَخْلِفَنَّهُمْ,1,24:55,1,21
لَيَسْتَفِزُّونَكَ,1,17:76,1,18
لَيَسْجُنُنَّهُ,1,12:35,1,15
لَيَصُدُّونَهُمْ,1,43:37,1,16
لَيَصْرِمُنَّهَا,1,68:17,1,16
لَيَطْغَى,1,96:6,1,9
لَيَعْلَمُ,1,27:74,1,10
لَيَعْلَمُونَ,1,2:144,1,13
لَيَفْتِنُونَكَ,1,17:73,1,15
لَيَكُونُنَّ,1,35:42,1,12
لَيَكْتُمُونَ,1,2:146,1,13
لَيَمَسَّنَّ,1,5:73,1,12
لَيَنْصُرَنَّهُ,1,22:60,1,15
لَيُؤْمِنَنَّ,1,4:159,1,13
لَيُؤْمِنُنَّ,1,6:109,1,13
لَيُبَطِّئَنَّ,1,4:72,1,14
لَيُخْرِجَنَّ,1,63:8,1,13
لَيُدْخِلَنَّهُمْ,1,22:59,1,17
لَيُزْلِقُونَكَ,1,68:51,1,15
لَيُسَمُّونَ,1,53:27,1,12
لَيُسْجَنَنَّ,1,12:32,1,13
لَيُصْبِحُنَّ,1,23:40,1,13
لَيُضِلُّنَا,1,25:42,1,12
لَيُضِلُّونَ,1,6:119,1,12
لَيُنْبَذَنَّ,1,104:4,1,13
لَيُوحُونَ,1,6:121,1,10
لَيُوسُفُ,1,12:8,1,9
لَيُوَفِّيَنَّهُمْ,1,11:111,1,18
لَيُوَلُّنَّ,1,59:12,1,12
لَيِّنًا,1,20:44,1,8
لَيْتَهَا,1,69:27,1,9
لَيْلَةٍ,1,44:3,1,8
لَيْلَةَ,1,2:187,1,8
لَيْلَةِ,1,97:1,1,8
لَيْلَهَا,1,79:29,1,9
لُؤْلُؤًا,1,76:19,1,9
لُؤْلُؤٌ,1,52:24,1,8
لُبَدًا,1,90:6,1,7
لُجَّةً,1,27:44,1,7
لُجِّيٍّ,1,24:40,1,8
لُحُومُهَا,1,22:37,1,10
لُدًّا,1,19:97,1,6
لُعِنَ,1,5:78,1,6
لُعِنُوا,1,24:23,1,8
لُغُوبٌ,1,35:35,1,7
لُغُوبٍ,1,50:38,1,7
لُقْمَانَ,1,31:12,1,9
لُقْمَانُ,1,31:13,1,9
لُمَزَةٍ,1,104:1,1,8
لُمْتُنَّنِي,1,12:32,1,12
لِآيَاتِنَا,1,74:16,1,11
لِأَبِي,1,26:86,1,7
لِأَحَدِهِمَا,1,18:32,1,13
لِأَخِيهِ,1,7:142,1,9
لِأَزْوَاجِهِمْ,1,2:240,1,15
لِأَسْجُدَ,1,15:33,1,10
لِأَعْدِلَ,1,42:15,1,10
لِأَقْتُلَكَ,1,5:28,1,12
لِأَقْرَبَ,1,18:24,1,10
لِأَكْثَرِهِمْ,1,7:102,1,14
لِأَكْفُرَ,1,40:42,1,10
لِأَمْرِ,1,9:106,1,8
لِأَنْ,1,39:12,1,6
لِأَنْعُمِهِ,1,16:121,1,12
لِأَهَبَ,1,19:19,1,8
لِأَهْلِ,1,9:120,1,8
لِأَوَّلِ,1,59:2,1,9
لِأَوَّلِنَا,1,5:114,1,12
لِأَيِّ,1,77:12,1,7
لِأَيْمَانِكُمْ,1,2:224,1,15
لِأُخْتِهِ,1,28:11,1,10
لِأُخْرَاهُمْ,1,7:39,1,13
لِأُنْذِرَكُمْ,1,6:19,1,14
لِأُولَاهُمْ,1,7:38,1,12
لِإِبْرَاهِيمَ,1,22:26,1,14
لِإِثْمٍ,1,5:3,1,8
لِإِخْوَانِهِمُ,1,59:11,1,15
لِإِيلَافِ,1,106:1,1,10
لِابْنِهِ,1,31:13,1,9
لِامْرَأَتِهِ,1,12:21,1,13
لِبَاسَ,1,16:112,1,7
لِبَاسَهُمَا,1,7:27,1,12
لِبَدًا,1,72:19,1,7
لِبَشَرَيْنِ,1,23:47,1,12
لِبَعْضِ,1,24:62,1,8
لِبَلَدٍ,1,7:57,1,8
لِبَنِيهِ,1,2:133,1,9
لِبُعُولَتِهِنَّ,1,24:31,1,16
لِبُيُوتِهِمْ,1,43:33,1,13
لِتَأْخُذُوهَا,1,48:15,1,14
لِتَأْفِكَنَا,1,46:22,1,13
لِتَتْلُوَ,1,13:30,1,10
لِتَحْسَبُوهُ,1,3:78,1,13
لِتَحْكُمَ,1,4:105,1,10
لِتَحْمِلَهُمْ,1,9:92,1,14
لِتَذْهَبُوا,1,4:19,1,12
لِتَرْضَوْا,1,9:96,1,11
لِتَرْضَى,1,20:84,1,9
لِتَرْكَبُوا,1,40:79,1,12
لِتَرْكَبُوهَا,1,16:8,1,14
لِتَزُولَ,1,14:46,1,9
لِتَسْتَوُوا,1,43:13,1,12
لِتَسْحَرَنَا,1,7:132,1,13
لِتَسْلُكُوا,1,71:20,1,12
لِتَشْقَى,1,20:2,1,9
لِتَعَارَفُوا,1,49:13,1,13
لِتَعْتَدُوا,1,2:231,1,12
لِتَعْجَلَ,1,75:16,1,10
لِتَغْفِرَ,1,71:7,1,10
لِتَفْتَرُوا,1,16:116,1,12
لِتَفْتَرِيَ,1,17:73,1,12
لِتَقْتُلَنِي,1,5:28,1,13
لِتَقْرَأَهُ,1,17:106,1,12
لِتَلْفِتَنَا,1,10:78,1,13
لِتَهْتَدُوا,1,6:97,1,12
لِتُبَشِّرَ,1,19:97,1,11
لِتُجْزَى,1,20:15,1,9
لِتُحْصِنَكُمْ,1,21:80,1,14
لِتُخْرِجَ,1,14:1,1,10
لِتُخْرِجَنَا,1,20:57,1,13
لِتُخْرِجُوا,1,7:123,1,12
لِتُشْرِكَ,1,29:8,1,10
لِتُضَيِّقُوا,1,65:6,1,13
لِتُعْرِضُوا,1,9:95,1,12
لِتُغْرِقَ,1,18:71,1,10
لِتُكَبِّرُوا,1,22:37,1,13
لِتُنْفِقُوا,1,47:38,1,12
لِثَمُودَ,1,11:68,1,9
لِجَالُوتَ,1,2:250,1,10
لِجَنْبِهِ,1,10:12,1,10
لِجُلُودِهِمْ,1,41:21,1,13
لِجِبْرِيلَ,1,2:97,1,11
لِحَدِيثٍ,1,33:53,1,9
لِحَيَاتِي,1,89:24,1,10
لِحُبِّ,1,100:8,1,7
لِحُدُودِ,1,9:112,1,9
لِحُكْمِهِ,1,13:41,1,10
لِحُكْمِهِمْ,1,21:78,1,12
لِخَزَنَةِ,1,40:49,1,10
لِخَلْقِ,1,30:30,1,8
لِدَاوُودَ,1,38:30,1,10
لِدُلُوكِ,1,17:78,1,9
لِذَنْبِكِ,1,12:29,1,10
لِذُكُورِنَا,1,6:139,1,12
لِذُنُوبِهِمْ,1,3:135,1,13
لِذِكْرِ,1,57:16,1,8
لِذِكْرِي,1,20:14,1,9
لِذِي,1,89:5,1,5
لِرَبِّكَ,1,108:2,1,9
لِرَبِّكُمْ,1,42:47,1,11
لِرَبِّكِ,1,3:43,1,9
لِرَبِّهِمُ,1,13:18,1,11
لِرُسُلِهِمْ,1,14:13,1,12
لِرُقِيِّكَ,1,17:93,1,11
لِسَانٌ,1,16:103,1,7
لِسَانَكَ,1,75:16,1,9
لِسَانُ,1,16:103,1,7
لِسَانِ,1,5:78,1,7
لِسَبَإٍ,1,34:15,1,8
لِسَعْيِهَا,1,88:9,1,11
لِسَعْيِهِ,1,21:94,1,10
لِسُلَيْمَانَ,1,27:17,1,13
لِسُنَّتِنَا,1,17:77,1,12
لِشَاعِرٍ,1,37:36,1,9
لِشُرَكَائِنَا,1,6:136,1,14
لِشُرَكَائِهِمْ,1,6:136,1,15
لِعَادٍ,1,11:60,1,7
لِعَمَلِكُمْ,1,26:168,1,12
لِعِبَادَتِهِ,1,19:65,1,13
لِعِبَادِنَا,1,37:171,1,12
لِعِبَادِي,1,17:53,1,10
لِعِبَادِيَ,1,14:31,1,11
لِعِدَّتِهِنَّ,1,65:1,1,14
لِغَدٍ,1,59:18,1,6
لِغُلَامَيْنِ,1,18:82,1,13
لِفَضْلِهِ,1,10:107,1,10
لِفِتْيَانِهِ,1,12:62,1,13
لِقَاءِ,1,41:54,1,7
لِقَائِهِ,1,32:23,1,9
لِقَوْلِهِمْ,1,63:4,1,12
لِقَوْمِكُمَا,1,10:87,1,13
لِقَوْمِهِمْ,1,60:4,1,12
لِقُلُوبِكُمْ,1,33:53,1,13
لِقِتَالٍ,1,8:16,1,9
لِكَثِيرٍ,1,6:137,1,9
لِلذَّاكِرِينَ,1,11:114,1,14
لِلذَّكَرِ,1,4:11,1,10
لِلرُّؤْيَا,1,12:43,1,11
لِلرُّسُلِ,1,41:43,1,10
لِلزَّكَاةِ,1,23:4,1,11
لِلسَّاعَةِ,1,43:61,1,11
لِلسَّلْمِ,1,8:61,1,10
لِلسَّمْعِ,1,72:9,1,10
لِلسُّحْتِ,1,5:42,1,10
لِلشَّهَادَةِ,1,2:282,1,13
لِلشَّوَى,1,70:16,1,9
لِلشَّيَاطِينِ,1,67:5,1,14
لِلشَّيْطَانِ,1,19:45,1,13
لِلصَّابِرِينَ,1,16:126,1,14
لِلصَّلَاةِ,1,62:9,1,11
لِلطَّيِّبَاتِ,1,24:26,1,14
لِلطَّيِّبِينَ,1,24:26,1,14
لِلَّتِي,1,17:9,1,8
لِلْآخِرِينَ,1,43:56,1,12
لِلْآكِلِينَ,1,23:20,1,12
لِلْأَبْرَارِ,1,3:198,1,13
لِلْأَنَامِ,1,55:10,1,11
لِلْأَوَّابِينَ,1,17:25,1,15
لِلْجَبَلِ,1,7:143,1,10
لِلْجَبِينِ,1,37:103,1,11
لِلْحَرْبِ,1,5:64,1,10
لِلْحَوَارِيِّينَ,1,61:14,1,17
لِلْحَيِّ,1,20:111,1,9
لِلْخَائِنِينَ,1,4:105,1,14
لِلْخَبِيثَاتِ,1,24:26,1,14
لِلْخَبِيثِينَ,1,24:26,1,14
لِلْخُرُوجِ,1,9:83,1,11
لِلْعَابِدِينَ,1,21:84,1,14
لِلْعَالِمِينَ,1,30:22,1,14
لِلْعُسْرَى,1,92:10,1,11
لِلْغَاوِينَ,1,26:91,1,12
لِلْقَاسِيَةِ,1,39:22,1,13
لِلْقَمَرِ,1,41:37,1,10
لِلْقِتَالِ,1,3:121,1,11
لِلْكُتُبِ,1,21:104,1,10
لِلْكُفْرِ,1,3:167,1,10
لِلْمَلَإِ,1,26:34,1,10
لِلْمُؤْمِنَاتِ,1,24:31,1,15
لِلْمُتَكَبِّرِينَ,1,39:60,1,18
لِلْمُتَوَسِّمِينَ,1,15:75,1,18
لِلْمُحْسِنَاتِ,1,33:29,1,15
لِلْمُخَلَّفِينَ,1,48:16,1,16
لِلْمُصَلِّينَ,1,107:4,1,14
لِلْمُطَفِّفِينَ,1,83:1,1,16
لِلْمُقْوِينَ,1,56:73,1,13
لِلْمُوقِنِينَ,1,51:20,1,14
لِلْوَالِدَيْنِ,1,2:180,1,15
لِلْيَتَامَى,1,4:127,1,12
لِمَدْيَنَ,1,11:95,1,10
لِمَسَاكِينَ,1,18:79,1,12
لِمَهْلِكِهِمْ,1,18:59,1,14
لِمُسْتَقَرٍّ,1,36:38,1,13
لِمُوسَى,1,10:83,1,8
لِمِثْلِ,1,37:61,1,8
لِمِثْلِهِ,1,24:17,1,10
لِمِيقَاتِ,1,26:38,1,10
لِنَبْلُوَهُمْ,1,18:7,1,14
لِنَجْعَلَهَا,1,69:12,1,13
لِنَصْرِفَ,1,12:24,1,10
لِنَعْبُدَ,1,7:70,1,10
لِنَنْظُرَ,1,10:14,1,10
لِنَهْتَدِيَ,1,7:43,1,12
لِنُبَيِّنَ,1,22:5,1,11
لِنُثَبِّتَ,1,25:32,1,11
لِنُحْيِيَ,1,25:49,1,10
لِنُخْرِجَ,1,78:15,1,10
لِنُذِيقَهُمْ,1,41:16,1,13
لِنُرِيَكَ,1,20:23,1,10
لِنُرِيَهُ,1,17:1,1,10
لِنُرْسِلَ,1,51:33,1,10
لِنُسْلِمَ,1,6:71,1,10
لِنُفْسِدَ,1,12:73,1,10
لِنُورِهِ,1,24:35,1,9
لِنْتَ,1,3:159,1,6
لِوَاذًا,1,24:63,1,8
لِوَالِدَيْهِ,1,46:17,1,13
لِوَجْهِ,1,76:9,1,8
لِوَقْتِهَا,1,7:187,1,11
لِوَقْعَتِهَا,1,56:2,1,13
لِينَةٍ,1,59:5,1,7
لِيَأْخُذَ,1,12:76,1,10
لِيَأْخُذُوهُ,1,40:5,1,13
لِيَأْكُلُوا,1,36:35,1,12
لِيَبْتَلِيَكُمْ,1,3:152,1,16
لِيَبْلُغَ,1,13:14,1,10
لِيَبْلُوَ,1,47:4,1,10
لِيَبْلُوَنِي,1,27:40,1,13
لِيَتَسَاءَلُوا,1,18:19,1,15
لِيَتَفَقَّهُوا,1,9:122,1,15
لِيَتَّخِذَ,1,43:32,1,11
لِيَتُوبُوا,1,9:118,1,11
لِيَجْزِيَكَ,1,28:25,1,12
لِيَحْزُنَ,1,58:10,1,10
لِيَحْمِلُوا,1,16:25,1,12
لِيَدَّبَّرُوا,1,38:29,1,14
لِيَذَرَ,1,3:179,1,8
لِيَذُوقَ,1,5:95,1,9
لِيَذُوقُوا,1,4:56,1,11
لِيَذْكُرُوا,1,22:34,1,12
لِيَرْبُوَ,1,30:39,1,10
لِيَسُوءُوا,1,17:7,1,11
لِيَسْأَلَ,1,33:8,1,10
لِيَسْتَأْذِنْكُمُ,1,24:58,1,18
لِيَسْتَخْفُوا,1,11:5,1,14
لِيَسْتَيْقِنَ,1,74:31,1,14
لِيَسْكُنَ,1,7:189,1,10
لِيَسْكُنُوا,1,27:86,1,12
لِيَشْتَرُوا,1,2:79,1,12
لِيَشْهَدُوا,1,22:28,1,12
لِيَصُدُّوا,1,8:36,1,11
لِيَطْمَئِنَّ,1,2:260,1,13
لِيَعْبُدُونِ,1,51:56,1,13
لِيَعْلَمُوا,1,18:21,1,12
لِيَغِيظَ,1,48:29,1,9
لِيَفْتَدُوا,1,5:36,1,12
لِيَفْجُرَ,1,75:5,1,10
لِيَقُولُوا,1,6:53,1,11
لِيَقُومَ,1,57:25,1,9
لِيَقْتُلُوكَ,1,28:20,1,13
لِيَقْضِ,1,43:77,1,8
لِيَقْطَعَ,1,3:127,1,10
لِيَكُونَا,1,41:29,1,10
لِيَمِيزَ,1,8:37,1,9
لِيَمْكُرُوا,1,6:123,1,12
لِيَنْفِرُوا,1,9:122,1,12
لِيَهْلِكَ,1,8:42,1,10
لِيُؤْذَنَ,1,9:90,1,10
لِيُبْدِيَ,1,7:20,1,10
لِيُثَبِّتَ,1,16:102,1,11
لِيُثْبِتُوكَ,1,8:30,1,13
لِيُجَادِلُوكُمْ,1,6:121,1,16
لِيُحَاجُّوكُمْ,1,2:76,1,15
لِيُحِقَّ,1,8:8,1,9
لِيُخْرِجَ,1,65:11,1,10
لِيُخْرِجُوكَ,1,17:76,1,13
لِيُذِيقَهُمْ,1,30:41,1,13
لِيُذْهِبَ,1,33:33,1,10
لِيُرَوْا,1,99:6,1,9
لِيُرِيَكُمْ,1,31:31,1,12
لِيُرِيَهُ,1,5:31,1,10
لِيُرِيَهُمَا,1,7:27,1,13
لِيُرْدُوهُمْ,1,6:137,1,13
لِيُرْضُوكُمْ,1,9:62,1,13
لِيُضِيعَ,1,2:143,1,9
لِيُطَاعَ,1,4:64,1,9
لِيُطْفِئُوا,1,61:8,1,12
لِيُطْلِعَكُمْ,1,3:179,1,14
لِيُعَذِّبَ,1,33:73,1,11
لِيُعْجِزَهُ,1,35:44,1,12
لِيُعْلَمَ,1,24:31,1,10
لِيُفْسِدَ,1,2:205,1,10
لِيُفْسِدُوا,1,7:127,1,12
لِيُقَرِّبُونَا,1,39:3,1,15
لِيُقِيمُوا,1,14:37,1,11
لِيُقْضَى,1,6:60,1,9
لِيُكَفِّرَ,1,39:35,1,11
لِيُنْفِقْ,1,65:7,1,10
لِيُهْلِكَ,1,11:117,1,10
لِيُوَاطِئُوا,1,9:37,1,13
لِيُوَفِّيَهُمْ,1,35:30,1,15
لْيَقْضُوا,1,22:29,1,10
لْيَقْطَعْ,1,22:15,1,10
مَآبِ,1,13:36,1,5
مَآرِبُ,1,20:18,1,7
مَأْتِيًّا,1,19:61,1,10
مَأْكُولٍ,1,105:5,1,9
مَأْمَنَهُ,1,9:6,1,10
مَأْمُونٍ,1,70:28,1,9
مَأْوَاكُمُ,1,57:15,1,11
مَأْوَاهُمُ,1,10:8,1,11
مَاءَ,1,28:23,1,5
مَاءَكِ,1,11:44,1,7
مَاءَهَا,1,79:31,1,8
مَاؤُكُمْ,1,67:30,1,9
مَاؤُهَا,1,18:41,1,8
مَارِجٍ,1,55:15,1,7
مَارِدٍ,1,37:7,1,7
مَاكِثُونَ,1,43:77,1,10
مَاكِثِينَ,1,18:3,1,10
مَالٌ,1,26:88,1,5
مَالِكَ,1,3:26,1,7
مَالِكُ,1,43:77,1,7
مَالِكُونَ,1,36:71,1,10
مَالِكِ,1,1:4,1,7
مَالِيَهْ,1,69:28,1,9
مَانِعَتُهُمْ,1,59:2,1,13
مَبْثُوثَةٌ,1,88:16,1,11
مَبْسُوطَتَانِ,1,5:64,1,14
مَبْلَغُهُمْ,1,53:30,1,12
مَبْنِيَّةٌ,1,39:20,1,11
مَتَابًا,1,25:71,1,8
مَتَابِ,1,13:30,1,7
مَتَاعٍ,1,13:17,1,7
مَتَاعَنَا,1,12:79,1,10
مَتَاعَهُمْ,1,12:65,1,11
مَتَاعِنَا,1,12:17,1,10
مَتَّعْتَهُمْ,1,25:18,1,13
مَتَّعْتُ,1,43:29,1,9
مَتَّعْنَاهُ,1,28:61,1,12
مَتَّعْنَاهُمْ,1,26:205,1,14
مَتْرَبَةٍ,1,90:16,1,10
مَثَابَةً,1,2:125,1,9
مَثَانِيَ,1,39:23,1,9
مَثَلٌ,1,22:73,1,6
مَثَلُهُ,1,6:122,1,8
مَثُوبَةً,1,5:60,1,9
مَثْبُورًا,1,17:102,1,10
مَثْوَاكُمْ,1,6:128,1,11
مَثْوَاهُ,1,12:21,1,9
مَثْوَايَ,1,12:23,1,9
مَجْذُوذٍ,1,11:108,1,9
مَجْرَاهَا,1,11:41,1,10
مَجْمُوعٌ,1,11:103,1,9
مَحَارِيبَ,1,34:13,1,10
مَحَبَّةً,1,20:39,1,9
مَحِلُّهَا,1,22:33,1,10
مَحِيصًا,1,4:121,1,8
مَحْذُورًا,1,17:57,1,10
مَحْسُورًا,1,17:29,1,10
مَحْشُورَةً,1,38:19,1,11
مَحْظُورًا,1,17:20,1,10
مَحْفُوظًا,1,21:32,1,10
مَحْفُوظٍ,1,85:22,1,9
مَحْمُودًا,1,17:79,1,10
مَحْيَاهُمْ,1,45:21,1,11
مَخْتُومٍ,1,83:25,1,9
مَخْذُولًا,1,17:22,1,10
مَخْرَجًا,1,65:2,1,9
مَخْضُودٍ,1,56:28,1,9
مَخْمَصَةٌ,1,9:120,1,10
مَخْمَصَةٍ,1,5:3,1,10
مَدَدًا,1,18:109,1,7
مَدِينِينَ,1,56:86,1,10
مَذْءُومًا,1,7:18,1,10
مَذْكُورًا,1,76:1,1,10
مَذْمُومٌ,1,68:49,1,9
مَرَدًّا,1,19:76,1,8
مَرَدٍّ,1,42:44,1,7
مَرَدَّنَا,1,40:43,1,10
مَرَدُوا,1,9:101,1,8
مَرَضًا,1,2:10,1,7
مَرَّاتٍ,1,24:58,1,8
مَرَّتَانِ,1,2:229,1,10
مَرِضْتُ,1,26:80,1,8
مَرِيئًا,1,4:4,1,8
مَرِيجٍ,1,50:5,1,7
مَرِيدًا,1,4:117,1,8
مَرِيدٍ,1,22:3,1,7
مَرْجُوًّا,1,11:62,1,10
مَرْجِعَهُمْ,1,37:68,1,12
مَرْدُودٍ,1,11:76,1,9
مَرْصَدٍ,1,9:5,1,8
مَرْصُوصٌ,1,61:4,1,9
مَرْضَاتَ,1,66:1,1,9
مَرْضَاتِي,1,60:1,1,10
مَرْضِيًّا,1,19:55,1,10
مَرْضِيَّةً,1,89:28,1,11
مَرْفُوعَةٌ,1,88:13,1,11
مَرْقَدِنَا,1,36:52,1,11
مَرْكُومٌ,1,52:44,1,9
مَزِيدٌ,1,50:35,1,7
مَزِيدٍ,1,50:30,1,7
مَسَاكِنَكُمْ,1,27:18,1,13
مَسَاكِنِ,1,14:45,1,9
مَسَدٍ,1,111:5,1,6
مَسَّتْهُمُ,1,2:214,1,11
مَسَّهُمْ,1,7:201,1,9
مَسْئُولُونَ,1,37:24,1,12
مَسْتُورًا,1,17:45,1,10
مَسْحًا,1,38:33,1,7
مَسْحُورُونَ,1,15:15,1,12
مَسْطُورٍ,1,52:2,1,9
مَسْغَبَةٍ,1,90:14,1,10
مَسْفُوحًا,1,6:145,1,10
مَسْكَنِهِمْ,1,34:15,1,12
مَسْكُوبٍ,1,56:31,1,9
مَسْكُونَةٍ,1,24:29,1,11
مَشَارِقَ,1,7:137,1,9
مَشَوْا,1,2:20,1,7
مَشَّاءٍ,1,68:11,1,8
مَشِيدٍ,1,22:45,1,7
مَشْهَدِ,1,19:37,1,8
مَشْهُودًا,1,17:78,1,10
مَشْهُودٌ,1,11:103,1,9
مَشْيِكَ,1,31:19,1,8
مَصَانِعَ,1,26:129,1,9
مَصِيرَكُمْ,1,14:30,1,11
مَصْرُوفًا,1,11:8,1,10
مَصْرِفًا,1,18:53,1,9
مَصْفُوفَةٌ,1,88:15,1,11
مَصْفُوفَةٍ,1,52:20,1,11
مَضَاجِعِهِمْ,1,3:154,1,13
مَضَتْ,1,8:38,1,6
مَطَرٍ,1,4:102,1,6
مَطَرَ,1,25:40,1,6
مَطْلَعِ,1,97:5,1,8
مَطْلِعَ,1,18:90,1,8
مَطْوِيَّاتٌ,1,39:67,1,12
مَظْلُومًا,1,17:33,1,10
مَعَادٍ,1,28:85,1,7
مَعَاذِيرَهُ,1,75:15,1,12
مَعَاشًا,1,78:11,1,8
مَعَرَّةٌ,1,48:25,1,9
مَعَكُمَا,1,20:46,1,9
مَعَهَا,1,50:21,1,7
مَعِيشَةً,1,20:124,1,9
مَعِيشَتَهَا,1,28:58,1,12
مَعِيشَتَهُمْ,1,43:32,1,13
مَعْدُودٍ,1,11:104,1,9
مَعْدُودَةً,1,2:80,1,11
مَعْذِرَةً,1,7:164,1,10
مَعْرُوفَةٌ,1,24:53,1,11
مَعْزِلٍ,1,11:42,1,8
مَعْكُوفًا,1,48:25,1,10
مَعْلُومَاتٌ,1,2:197,1,12
مَعْلُومَاتٍ,1,22:28,1,12
مَغَارَاتٍ,1,9:57,1,10
مَغَانِمُ,1,4:94,1,9
مَغْرَمًا,1,9:98,1,9
مَغْرِبَ,1,18:86,1,8
مَغْلُوبٌ,1,54:10,1,9
مَغْلُولَةً,1,17:29,1,11
مَغْلُولَةٌ,1,5:64,1,11
مَفَاتِحُ,1,6:59,1,9
مَفَازًا,1,78:31,1,8
مَقَامٌ,1,37:164,1,7
مَقَامٍ,1,44:51,1,7
مَقَامَهُمَا,1,5:107,1,12
مَقَامُ,1,3:97,1,7
مَقَامِ,1,2:125,1,7
مَقَامِعُ,1,22:21,1,9
مَقَامِكَ,1,27:39,1,9
مَقِيلًا,1,25:24,1,8
مَقْبُوضَةٌ,1,2:283,1,11
مَقْتِكُمْ,1,40:10,1,10
مَقْدُورًا,1,33:38,1,10
مَقْرَبَةٍ,1,90:15,1,10
مَقْسُومٌ,1,15:44,1,9
مَقْصُورَاتٌ,1,55:72,1,12
مَقْطُوعٌ,1,15:66,1,9
مَقْطُوعَةٍ,1,56:33,1,11
مَقْعَدِ,1,54:55,1,8
مَكَانَتِهِمْ,1,36:67,1,13
مَكَانَكُمْ,1,10:28,1,11
مَكَرْتُمُوهُ,1,7:123,1,13
مَكَّةَ,1,48:24,1,7
مَكَّنِّي,1,18:95,1,9
مَكِينٌ,1,12:54,1,7
مَكْتُوبًا,1,7:157,1,10
مَكْذُوبٍ,1,11:65,1,9
مَكْرٌ,1,10:21,1,6
مَكْرَهُمْ,1,14:46,1,10
مَكْرُ,1,34:33,1,6
مَكْرُوهًا,1,17:38,1,10
مَكْرِهِمْ,1,27:51,1,10
مَكْظُومٌ,1,68:48,1,9
مَكْنُونٍ,1,56:78,1,9
مَلَأٌ,1,11:38,1,6
مَلَكٍ,1,53:26,1,6
مَلَكَيْنِ,1,7:20,1,10
مَلَكُ,1,32:11,1,6
مَلَكُوتَ,1,6:75,1,9
مَلَكُوتِ,1,7:185,1,9
مَلَكْتُمْ,1,24:61,1,10
مَلِكٌ,1,18:79,1,6
مَلِكِ,1,114:2,1,6
مَلِيكٍ,1,54:55,1,7
مَلِيًّا,1,19:46,1,8
مَلْجَأً,1,9:57,1,8
مَلْجَأَ,1,9:118,1,8
مَلْجَإٍ,1,42:47,1,8
مَلْعُونِينَ,1,33:61,1,12
مَمْدُودًا,1,74:12,1,10
مَمْدُودٍ,1,56:30,1,9
مَمْلُوكًا,1,16:75,1,10
مَمْنُوعَةٍ,1,56:33,1,11
مَنَاسِكَكُمْ,1,2:200,1,13
مَنَاسِكَنَا,1,2:128,1,12
مَنَاصٍ,1,38:3,1,7
مَنَافِعَ,1,22:28,1,9
مَنَاكِبِهَا,1,67:15,1,12
مَنَامُكُمْ,1,30:23,1,11
مَنَامِكَ,1,8:43,1,9
مَنَامِهَا,1,39:42,1,10
مَنَعَنَا,1,17:59,1,9
مَنَعَهُمْ,1,9:54,1,10
مَنُوعًا,1,70:21,1,8
مَنِيٍّ,1,75:37,1,7
مَنْسِيًّا,1,19:23,1,10
مَنْشُورًا,1,17:13,1,10
مَنْشُورٍ,1,52:3,1,9
مَنْصُورًا,1,17:33,1,10
مَنْطِقَ,1,27:16,1,8
مَنْقُوصٍ,1,11:109,1,9
مَهِيلًا,1,73:14,1,8
مَهِينٌ,1,43:52,1,7
مَهْجُورًا,1,25:30,1,10
مَهْزُومٌ,1,38:11,1,9
مَهْلِكَ,1,27:49,1,8
مَهْمَا,1,7:132,1,7
مَوَاطِنَ,1,9:25,1,9
مَوَاقِيتُ,1,2:189,1,10
مَوَالِيَ,1,4:33,1,9
مَوَدَّةٌ,1,4:73,1,9
مَوَدَّةَ,1,29:25,1,9
مَوْئِلًا,1,18:58,1,9
مَوْبِقًا,1,18:52,1,9
مَوْتًا,1,25:3,1,7
مَوْتَتَنَا,1,37:59,1,11
مَوْتَتُنَا,1,44:35,1,11
مَوْتِكُمْ,1,2:56,1,10
مَوْثِقَهُمْ,1,12:66,1,12
مَوْجٍ,1,11:42,1,6
مَوْرًا,1,52:9,1,7
مَوْزُونٍ,1,15:19,1,9
مَوْضُوعَةٌ,1,88:14,1,11
مَوْضُونَةٍ,1,56:15,1,11
مَوْطِئًا,1,9:120,1,9
مَوْعِدٌ,1,18:58,1,8
مَوْعِدَةٍ,1,9:114,1,10
مَوْعِدَكَ,1,20:87,1,10
مَوْعِدَهُمُ,1,11:81,1,12
مَوْعِدُكُمْ,1,20:59,1,12
مَوْعِدُهُ,1,11:17,1,10
مَوْعِدُهُمْ,1,54:46,1,12
مَوْعِدِي,1,20:86,1,9
مَوْعِظَةً,1,7:145,1,10
مَوْفُورًا,1,17:63,1,10
مَوْقُوتًا,1,4:103,1,10
مَوْقُوفُونَ,1,34:31,1,12
مَيِّتٌ,1,39:30,1,7
مَيِّتُونَ,1,39:30,1,10
مَيْسَرَةٍ,1,2:280,1,10
مَيْسُورًا,1,17:28,1,10
مَيْلًا,1,4:27,1,7
مَيْلَةً,1,4:102,1,8
مُؤَجَّلًا,1,3:145,1,10
مُؤْمِنٍ,1,9:10,1,8
مُؤْمِنَاتٌ,1,48:25,1,11
مُؤْمِنَةً,1,33:50,1,10
مُؤْمِنَةٌ,1,2:221,1,10
مُؤْمِنَيْنِ,1,18:80,1,12
مُبَارَكَةً,1,24:61,1,11
مُبَرَّءُونَ,1,24:26,1,12
مُبَشِّرَاتٍ,1,30:46,1,12
مُبَوَّأَ,1,10:93,1,9
مُبْتَلِيكُمْ,1,2:249,1,13
مُبْدِيهِ,1,33:37,1,9
مُبْرِمُونَ,1,43:79,1,11
مُبْصِرُونَ,1,7:201,1,11
مُبْطِلُونَ,1,30:58,1,11
مُبْعَدُونَ,1,21:101,1,11
مُتَبَرِّجَاتٍ,1,24:60,1,14
مُتَبَّرٌ,1,7:139,1,9
مُتَجَانِفٍ,1,5:3,1,11
مُتَجَاوِرَاتٌ,1,13:4,1,14
مُتَحَرِّفًا,1,8:16,1,12
مُتَحَيِّزًا,1,8:16,1,12
مُتَرَاكِبًا,1,6:99,1,12
مُتَرَبِّصٌ,1,20:135,1,11
مُتَرَبِّصُونَ,1,9:52,1,14
مُتَشَابِهَاتٌ,1,3:7,1,14
مُتَشَاكِسُونَ,1,39:29,1,14
مُتَصَدِّعًا,1,59:21,1,12
مُتَفَرِّقَةٍ,1,12:67,1,13
مُتَفَرِّقُونَ,1,12:39,1,14
مُتَقَلَّبَكُمْ,1,47:19,1,15
مُتَوَفِّيكَ,1,3:55,1,12
مُتَّخِذَ,1,18:51,1,9
مُتَّخِذَاتِ,1,4:25,1,12
مُتَّخِذِي,1,5:5,1,10
مُتَّكَأً,1,12:31,1,9
مُتَّكِئُونَ,1,36:56,1,12
مُتِمُّ,1,61:8,1,7
مُتْرَفِينَ,1,56:45,1,11
مُتْرَفِيهَا,1,17:16,1,12
مُتْرَفِيهِمْ,1,23:64,1,13
مُثْقَلَةٌ,1,35:18,1,10
مُجِيبٌ,1,11:61,1,7
مُجْتَمِعُونَ,1,26:39,1,13
مُجْرِمًا,1,20:74,1,9
مُجْرِمِيهَا,1,6:123,1,12
مُحَرَّرًا,1,3:35,1,10
مُحَرَّمًا,1,6:145,1,10
مُحَرَّمٌ,1,2:85,1,9
مُحَرَّمَةٌ,1,5:26,1,11
مُحَصَّنَةٍ,1,59:14,1,11
مُحَلِّقِينَ,1,48:27,1,12
مُحَمَّدٍ,1,47:2,1,9
مُحِلِّي,1,5:1,1,8
مُحِيطٍ,1,11:84,1,7
مُحْتَضَرٌ,1,54:28,1,10
مُحْسِنُونَ,1,16:128,1,11
مُحْسِنِينَ,1,51:16,1,11
مُحْصَنَاتٍ,1,4:25,1,11
مُحْضَرًا,1,3:30,1,9
مُحْكَمَاتٌ,1,3:7,1,11
مُحْكَمَةٌ,1,47:20,1,10
مُخْتَالًا,1,4:36,1,10
مُخْتَلِفٍ,1,51:8,1,10
مُخْتَلِفُونَ,1,78:3,1,13
مُخْتَلِفِينَ,1,11:118,1,13
مُخْرَجَ,1,17:80,1,8
مُخْرَجُونَ,1,23:35,1,11
مُخْزِي,1,9:2,1,7
مُخْضَرَّةً,1,22:63,1,11
مُخْلَصًا,1,19:51,1,9
مُخْلِصُونَ,1,2:139,1,11
مُخْلِفَ,1,14:47,1,8
مُدَّتِهِمْ,1,9:4,1,11
مُدَّتْ,1,84:3,1,7
مُدَّخَلًا,1,9:57,1,10
مُدْخَلَ,1,17:80,1,8
مُدْهَامَّتَانِ,1,55:64,1,15
مُدْهِنُونَ,1,56:81,1,11
مُذَبْذَبِينَ,1,4:143,1,13
مُذَكِّرٌ,1,88:21,1,9
مُذْعِنِينَ,1,24:49,1,11
مُرَاغَمًا,1,4:100,1,10
مُرْتَابٌ,1,40:34,1,9
مُرْتَقِبُونَ,1,44:59,1,13
مُرْجَوْنَ,1,9:106,1,10
مُرْدِفِينَ,1,8:9,1,11
مُرْسَلًا,1,13:43,1,9
مُرْسَلٌ,1,7:75,1,8
مُرْسَلُونَ,1,36:14,1,11
مُرْسِلَ,1,35:2,1,8
مُرْسِلَةٌ,1,27:35,1,10
مُرْسِلُو,1,54:27,1,9
مُرْشِدًا,1,18:17,1,9
مُرْضِعَةٍ,1,22:2,1,10
مُزِّقْتُمْ,1,34:7,1,11
مُزْجَاةٍ,1,12:88,1,9
مُزْدَجَرٌ,1,54:4,1,10
مُسَافِحَاتٍ,1,4:25,1,12
مُسَخَّرَاتٌ,1,16:12,1,12
مُسَنَّدَةٌ,1,63:4,1,11
مُسَوِّمِينَ,1,3:125,1,12
مُسْتَأْنِسِينَ,1,33:53,1,15
مُسْتَبْشِرَةٌ,1,80:39,1,14
مُسْتَبْصِرِينَ,1,29:38,1,15
مُسْتَخْفٍ,1,13:10,1,10
مُسْتَخْلَفِينَ,1,57:7,1,15
مُسْتَسْلِمُونَ,1,37:26,1,15
مُسْتَضْعَفُونَ,1,8:26,1,15
مُسْتَضْعَفِينَ,1,4:97,1,15
مُسْتَطَرٌ,1,54:53,1,10
مُسْتَطِيرًا,1,76:7,1,12
مُسْتَقَرَّهَا,1,11:6,1,14
مُسْتَقِرًّا,1,27:40,1,12
مُسْتَقْبِلَ,1,46:24,1,12
مُسْتَكْبِرِينَ,1,23:67,1,15
مُسْتَمِرٌّ,1,54:2,1,11
مُسْتَمِرٍّ,1,54:19,1,11
مُسْتَمِعُهُمْ,1,52:38,1,14
مُسْتَمِعُونَ,1,26:15,1,13
مُسْتَمْسِكُونَ,1,43:21,1,15
مُسْتَنْفِرَةٌ,1,74:50,1,14
مُسْتَهْزِئُونَ,1,2:14,1,15
مُسْرِفِينَ,1,43:5,1,11
مُسْفِرَةٌ,1,80:38,1,10
مُسْلِمَاتٍ,1,66:5,1,11
مُسْلِمَةً,1,2:128,1,10
مُسْلِمَيْنِ,1,2:128,1,12
مُسْمَعٍ,1,4:46,1,8
مُسْوَدَّةٌ,1,39:60,1,11
مُشَيَّدَةٍ,1,4:78,1,11
مُشْتَبِهًا,1,6:99,1,11
مُشْرِكٌ,1,24:3,1,8
مُشْرِكٍ,1,2:221,1,8
مُشْرِكَةً,1,24:3,1,10
مُشْرِكَةٍ,1,2:221,1,10
مُصَدِّقُ,1,6:92,1,9
مُصَفًّى,1,47:15,1,8
مُصَلًّى,1,2:125,1,8
مُصِيبَةُ,1,5:106,1,9
مُصِيبُهَا,1,11:81,1,10
مُضَارٍّ,1,4:12,1,8
مُضَاعَفَةً,1,3:130,1,11
مُضِلٌّ,1,28:15,1,7
مُضِلٍّ,1,39:37,1,7
مُضِيًّا,1,36:67,1,8
مُضْغَةً,1,23:14,1,8
مُضْغَةٍ,1,22:5,1,8
مُطَاعٍ,1,81:21,1,7
مُطَهَّرَةً,1,98:2,1,11
مُطَهَّرَةٍ,1,80:14,1,11
مُطَّلِعُونَ,1,37:54,1,12
مُطْمَئِنٌّ,1,16:106,1,11
مُطْمَئِنَّةً,1,16:112,1,13
مُطْمَئِنِّينَ,1,17:95,1,14
مُظْلِمًا,1,10:27,1,9
مُظْلِمُونَ,1,36:37,1,11
مُعَذِّبَهُمْ,1,8:33,1,13
مُعَذِّبُهُمْ,1,7:164,1,13
مُعَذِّبُوهَا,1,17:58,1,13
مُعَذِّبِينَ,1,17:15,1,12
مُعَطَّلَةٍ,1,22:45,1,11
مُعَقِّبَ,1,13:41,1,9
مُعَقِّبَاتٌ,1,13:11,1,12
مُعَلَّمٌ,1,44:14,1,9
مُعَمَّرٍ,1,35:11,1,9
مُغَاضِبًا,1,21:87,1,10
مُغَيِّرًا,1,8:53,1,10
مُغْتَسَلٌ,1,38:42,1,10
مُفَتَّحَةً,1,38:50,1,11
مُفَصَّلًا,1,6:114,1,10
مُفَصَّلَاتٍ,1,7:133,1,12
مُفْتَرٍ,1,16:101,1,8
مُفْتَرَيَاتٍ,1,11:13,1,13
مُفْتَرُونَ,1,11:50,1,11
مُفْرَطُونَ,1,16:62,1,11
مُفْسِدُونَ,1,18:94,1,11
مُقَامَ,1,33:13,1,7
مُقِيتًا,1,4:85,1,8
مُقِيمَ,1,14:40,1,7
مُقْتَحِمٌ,1,38:59,1,10
مُقْتَدُونَ,1,43:23,1,11
مُقْتَدِرًا,1,18:45,1,11
مُقْتَدِرُونَ,1,43:42,1,13
مُقْتَرِفُونَ,1,6:113,1,13
مُقْتَرِنِينَ,1,43:53,1,13
مُقْتَصِدَةٌ,1,5:66,1,12
مُقْرِنِينَ,1,43:13,1,11
مُقْمَحُونَ,1,36:8,1,11
مُقْنِعِي,1,14:43,1,9
مُكَاءً,1,8:35,1,7
مُكَذِّبِينَ,1,69:49,1,12
مُكَرَّمَةٍ,1,80:13,1,11
مُكَلِّبِينَ,1,5:4,1,12
مُكِبًّا,1,67:22,1,8
مُكْثٍ,1,17:106,1,6
مُكْرِمٍ,1,22:18,1,8
مُلَاقٍ,1,69:20,1,7
مُلَاقُوهُ,1,2:223,1,10
مُلَاقِيكُمْ,1,62:8,1,12
مُلُوكًا,1,5:20,1,8
مُلِئَتْ,1,72:8,1,8
مُلْكِ,1,2:102,1,6
مُلْكِهِ,1,2:248,1,8
مُمَدَّدَةٍ,1,104:9,1,11
مُمَرَّدٌ,1,27:44,1,9
مُمِدُّكُمْ,1,8:9,1,11
مُمْسِكَ,1,35:2,1,8
مُمْسِكَاتُ,1,39:38,1,11
مُمْطِرُنَا,1,46:24,1,11
مُنَادِيًا,1,3:193,1,10
مُنَافِقُونَ,1,9:101,1,12
مُنَجُّوكَ,1,29:33,1,10
مُنَزَّلٌ,1,6:114,1,9
مُنَزِّلُهَا,1,5:115,1,12
مُنَشَّرَةً,1,74:52,1,11
مُنِعَ,1,12:63,1,6
مُنِيبًا,1,39:8,1,8
مُنِيبٌ,1,11:75,1,7
مُنْبَثًّا,1,56:6,1,10
مُنْتَشِرٌ,1,54:7,1,10
مُنْتَصِرًا,1,18:43,1,11
مُنْتَصِرٌ,1,54:44,1,10
مُنْتَصِرِينَ,1,51:45,1,13
مُنْتَهَاهَا,1,79:44,1,12
مُنْتَهُونَ,1,5:91,1,11
مُنْذِرُ,1,79:45,1,8
مُنْذِرُونَ,1,26:208,1,11
مُنْزَلًا,1,23:29,1,9
مُنْزَلِينَ,1,3:124,1,11
مُنْزِلُونَ,1,29:34,1,11
مُنْزِلِينَ,1,36:28,1,11
مُنْظَرُونَ,1,26:203,1,11
مُنْفَطِرٌ,1,73:18,1,10
مُنْفَكِّينَ,1,98:1,1,12
مُنْقَعِرٍ,1,54:20,1,10
مُنْقَلَبًا,1,18:36,1,11
مُنْقَلَبٍ,1,26:227,1,10
مُنْكَرًا,1,58:2,1,9
مُنْكَرٍ,1,5:79,1,8
مُنْكِرَةٌ,1,16:22,1,10
مُنْهَمِرٍ,1,54:11,1,10
مُهَاجِرًا,1,4:100,1,10
مُهَاجِرٌ,1,29:26,1,9
مُهَاجِرَاتٍ,1,60:10,1,12
مُهَانًا,1,25:69,1,8
مُهْتَدٍ,1,57:26,1,8
مُهْلِكُهُمْ,1,7:164,1,12
مُهْلِكُو,1,29:31,1,9
مُهْلِكُوهَا,1,17:58,1,12
مُهْلِكِي,1,28:59,1,9
مُوصٍ,1,2:182,1,5
مُوقِنُونَ,1,32:12,1,10
مُوهِنُ,1,8:18,1,7
مُوَاقِعُوهَا,1,18:53,1,13
مُوَلِّيهَا,1,2:148,1,11
مِائَةٍ,1,18:25,1,7
مِائَةُ,1,2:261,1,7
مِائَةِ,1,37:147,1,7
مِتَّ,1,21:34,1,5
مِتُّمْ,1,23:35,1,7
مِثْقَالُ,1,34:3,1,9
مِثْقَالِ,1,10:61,1,9
مِثْلَكُمْ,1,23:34,1,10
مِثْلَنَا,1,11:27,1,9
مِثْلَهُنَّ,1,65:12,1,11
مِثْلَيْهَا,1,3:165,1,11
مِثْلَيْهِمْ,1,3:13,1,12
مِثْلُهُمْ,1,4:140,1,10
مِثْلِنَا,1,23:47,1,9
مِثْلِهَا,1,2:106,1,9
مِدَادًا,1,18:109,1,8
مِرَاءً,1,18:22,1,7
مِرَّةٍ,1,53:6,1,7
مِرْصَادًا,1,78:21,1,10
مِرْفَقًا,1,18:16,1,9
مِسَاسَ,1,20:97,1,7
مِسْكٌ,1,83:26,1,6
مِسْكِينٌ,1,68:24,1,9
مِسْكِينٍ,1,2:184,1,9
مِصْبَاحٌ,1,24:35,1,9
مِصْرًا,1,2:61,1,7
مِعْشَارَ,1,34:45,1,9
مِلَّةِ,1,2:130,1,7
مِلَّتَهُمْ,1,2:120,1,11
مِلَّتِكُمْ,1,7:89,1,11
مِلَّتِهِمْ,1,18:20,1,11
مِلْءُ,1,3:91,1,6
مِمَّ,1,86:5,1,5
مِنْسَأَتَهُ,1,34:14,1,12
مِهَادًا,1,78:6,1,8
مِهَادٌ,1,7:41,1,7
مِيثَاقُ,1,7:169,1,8
مِيعَادُ,1,34:30,1,8
مِيقَاتًا,1,78:17,1,9
مِيقَاتُ,1,7:142,1,8
مِيقَاتُهُمْ,1,44:40,1,12
مِيقَاتِ,1,56:50,1,8
ن,1,68:1,1,1
نَأْتِ,1,2:106,1,6
نَأْتِيَكُمْ,1,14:11,1,12
نَأْخُذَ,1,12:79,1,8
نَأْكُلَ,1,5:113,1,8
نَاجٍ,1,12:42,1,5
نَاجَيْتُمُ,1,58:12,1,11
نَادَانَا,1,37:75,1,9
نَادَاهُ,1,79:16,1,8
نَادَيْتُمْ,1,5:58,1,11
نَادَيْنَا,1,28:46,1,10
نَادُوا,1,18:52,1,7
نَادِيكُمُ,1,29:29,1,10
نَادِيَهُ,1,96:17,1,9
نَاسِكُوهُ,1,22:67,1,10
نَاشِئَةَ,1,73:6,1,9
نَاصِبَةٌ,1,88:3,1,9
نَاصِحٌ,1,7:68,1,7
نَاصِحُونَ,1,28:12,1,10
نَاصِرًا,1,72:24,1,8
نَاصِرٍ,1,86:10,1,7
نَاصِرَ,1,47:13,1,7
نَاصِيَةٍ,1,96:16,1,9
نَاضِرَةٌ,1,75:22,1,9
نَاظِرَةٌ,1,75:23,1,9
نَاظِرِينَ,1,33:53,1,10
نَاعِمَةٌ,1,88:8,1,9
نَاقَةٌ,1,26:155,1,7
نَاقَةَ,1,91:13,1,7
نَاكِسُو,1,32:12,1,8
نَبَأٌ,1,38:67,1,6
نَبَأَهُ,1,38:88,1,8
نَبَأَهُمْ,1,18:13,1,10
نَبَإٍ,1,6:67,1,6
نَبَاتٍ,1,20:53,1,7
نَبَاتَ,1,6:99,1,7
نَبَذَ,1,2:101,1,6
نَبَذَهُ,1,2:100,1,8
نَبَّأَتْ,1,66:3,1,9
نَبَّأَنَا,1,9:94,1,10
نَبَّأَنِيَ,1,66:3,1,11
نَبَّأَهَا,1,66:3,1,10
نَبَّأْتُكُمَا,1,12:37,1,14
نَبِّئُونِي,1,6:143,1,11
نَبِّئْ,1,15:49,1,7
نَبِّئْنَا,1,12:36,1,10
نَبْتَغِي,1,28:55,1,9
نَبْتَلِيهِ,1,76:2,1,11
نَبْتَهِلْ,1,3:61,1,10
نَبْرَأَهَا,1,57:22,1,11
نَبْرَحَ,1,20:91,1,8
نَبْطِشُ,1,44:16,1,8
نَبْعَثَ,1,17:15,1,8
نَبْغِ,1,18:64,1,6
نَبْغِي,1,12:65,1,7
نَبْلُوهُمْ,1,7:163,1,11
نَتَبَوَّأُ,1,39:74,1,11
نَتَقَبَّلُ,1,46:16,1,11
نَتَقْنَا,1,7:171,1,9
نَتَكَلَّمَ,1,24:16,1,11
نَتَنَزَّلُ,1,19:64,1,11
نَتَوَكَّلَ,1,14:12,1,11
نَتَّبِعُهُ,1,54:24,1,11
نَتَّبِعِ,1,28:57,1,9
نَتَّبِعْكُمْ,1,48:15,1,13
نَتْرُكَ,1,11:87,1,8
نَتْلُو,1,28:3,1,7
نَتْلُوهُ,1,3:58,1,9
نَجَا,1,12:45,1,5
نَجَسٌ,1,9:28,1,6
نَجَوْتَ,1,28:25,1,8
نَجَّاكُمْ,1,17:67,1,10
نَجَّيْنَاكُمْ,1,2:49,1,14
نَجَّيْنَاهُ,1,37:134,1,12
نَجَّيْنَاهُمْ,1,54:34,1,14
نَجِدْ,1,20:115,1,6
نَجْزِيهِ,1,21:29,1,9
نَجْعَلَ,1,18:48,1,8
نَجْعَلَهُمْ,1,45:21,1,12
نَجْعَلُهَا,1,28:83,1,11
نَجْعَلْهُمَا,1,41:29,1,13
نَجْمَعَ,1,75:3,1,8
نَجْوَاهُمْ,1,4:114,1,11
نَحِسَاتٍ,1,41:16,1,9
نَحْبَهُ,1,33:23,1,8
نَحْسٍ,1,54:19,1,6
نَخِرَةً,1,79:11,1,8
نَخْتِمُ,1,36:65,1,8
نَخْسِفْ,1,34:9,1,8
نَخْشَى,1,5:52,1,7
نَخْلُقْكُمْ,1,77:20,1,12
نَدُلُّكُمْ,1,34:7,1,11
نَدِيًّا,1,19:73,1,8
نَدْعُ,1,3:61,1,6
نَدْعُوهُ,1,52:28,1,9
نَدْعُوَ,1,18:14,1,8
نَذَرْتُمْ,1,2:270,1,10
نَذِلَّ,1,20:134,1,7
نَذِيرِ,1,67:17,1,7
نَذْرٍ,1,2:270,1,6
نَذْهَبَنَّ,1,43:41,1,11
نَرِثُ,1,19:40,1,6
نَرْزُقُكَ,1,20:132,1,10
نَرْزُقُكُمْ,1,6:151,1,12
نَرْزُقُهُمْ,1,17:31,1,12
نَزَعْنَاهَا,1,11:9,1,12
نَزَغَ,1,12:100,1,6
نَزَّاعَةً,1,70:16,1,10
نَزَّلْنَاهُ,1,26:198,1,12
نَزِيدَكُمْ,1,78:30,1,11
نَزْلَةً,1,53:13,1,8
نَسُوقُ,1,32:27,1,7
نَسُوهُ,1,7:53,1,7
نَسِيتَ,1,18:24,1,7
نَسِينَا,1,2:286,1,8
نَسِينَاكُمْ,1,32:14,1,12
نَسِيًّا,1,19:64,1,8
نَسِيَ,1,39:8,1,6
نَسِيَا,1,18:61,1,7
نَسْأَلُكَ,1,20:132,1,10
نَسْتَبِقُ,1,12:17,1,10
نَسْتَحْوِذْ,1,4:141,1,12
نَسْتَعِينُ,1,1:5,1,11
نَسْتَنْسِخُ,1,45:29,1,12
نَسْخَرُ,1,11:38,1,8
نَسْقِي,1,28:23,1,7
نَسْلَخُ,1,36:37,1,8
نَسْلَهُ,1,32:8,1,8
نَسْلُكُهُ,1,15:12,1,10
نَسْيًا,1,19:23,1,7
نَشْتَرِي,1,5:106,1,9
نَشْرًا,1,77:3,1,7
نَشْرَحْ,1,94:1,1,8
نَشْطًا,1,79:2,1,7
نَشْهَدُ,1,63:1,1,8
نَصَبًا,1,18:62,1,7
نَصَحُوا,1,9:91,1,8
نَصَرَهُ,1,9:40,1,8
نَصَرَهُمُ,1,46:28,1,10
نَصَرُوهُمْ,1,59:12,1,11
نَصُوحًا,1,66:8,1,8
نَصِيبٍ,1,42:20,1,7
نَصِيبَكَ,1,28:77,1,9
نَصِيبُهُمْ,1,7:37,1,11
نَصْبِرَ,1,2:61,1,8
نَصْرَانِيًّا,1,3:67,1,13
نَصْرَكُمْ,1,7:197,1,10
نَصْرَهُمْ,1,36:75,1,10
نَصْرِهِمْ,1,22:39,1,10
نَضَّاخَتَانِ,1,55:66,1,13
نَضِجَتْ,1,4:56,1,8
نَضِيدٌ,1,50:10,1,7
نَضْرَةً,1,76:11,1,8
نَضْرَةَ,1,83:24,1,8
نَضْطَرُّهُمْ,1,31:24,1,13
نَطْبَعُ,1,10:74,1,8
نَطْمَعُ,1,26:51,1,8
نَطْمِسَ,1,4:47,1,8
نَطْوِي,1,21:104,1,7
نَظُنُّ,1,45:32,1,7
نَظُنُّكَ,1,26:186,1,9
نَظُنُّكُمْ,1,11:27,1,11
نَظْرَةً,1,37:88,1,8
نَعُدُّ,1,19:84,1,7
نَعُدُّهُمْ,1,38:62,1,11
نَعُدْ,1,8:19,1,6
نَعُودَ,1,7:89,1,7
نَعِيمًا,1,76:20,1,8
نَعِيمٌ,1,9:21,1,7
نَعْبُدُهُمْ,1,39:3,1,12
نَعْجَةً,1,38:23,1,8
نَعْجَةٌ,1,38:23,1,8
نَعْجَتِكَ,1,38:24,1,10
نَعْفُ,1,9:66,1,6
نَعْقِلُ,1,67:10,1,8
نَعْلَمَ,1,47:31,1,8
نَعْلَمُهُمْ,1,9:101,1,12
نَعْلَيْكَ,1,20:12,1,10
نَعْمَاءَ,1,11:10,1,9
نَفَادٍ,1,38:54,1,7
نَفَرٌ,1,72:1,1,6
نَفَرَ,1,9:122,1,6
نَفَشَتْ,1,21:78,1,8
نَفَعَتِ,1,87:9,1,8
نَفَقًا,1,6:35,1,7
نَفَقَاتُهُمْ,1,9:54,1,13
نَفَقَةً,1,9:121,1,8
نَفَقَةٍ,1,2:270,1,8
نَفِدَتْ,1,31:27,1,8
نَفِيرًا,1,17:6,1,8
نَفْحَةٌ,1,21:46,1,8
نَفْخَةٌ,1,69:13,1,8
نَفْسَهَا,1,33:50,1,9
نَفْسُكَ,1,35:8,1,8
نَفْسِ,1,12:68,1,6
نَفْسِهَا,1,16:111,1,9
نَفْعَلَ,1,11:87,1,8
نَفْعِهِ,1,22:13,1,8
نَفْعِهِمَا,1,2:219,1,11
نَفْقَهُ,1,11:91,1,8
نَفْقِدُ,1,12:72,1,8
نَقَضَتْ,1,16:92,1,8
نَقُصُّهُ,1,11:100,1,9
نَقُولَ,1,16:40,1,7
نَقِيبًا,1,5:12,1,8
نَقْبًا,1,18:97,1,7
نَقْتَبِسْ,1,57:13,1,10
نَقْدِرَ,1,21:87,1,8
نَقْذِفُ,1,21:18,1,8
نَقْرَؤُهُ,1,17:93,1,10
نَقْصُصْ,1,40:78,1,8
نَقْصُصْهُمْ,1,4:164,1,12
نَقْعًا,1,100:4,1,7
نَقْعُدُ,1,72:9,1,8
نَكَالَ,1,79:25,1,7
نَكَثَ,1,48:10,1,6
نَكَحَ,1,4:22,1,6
نَكَحْتُمُ,1,33:49,1,10
نَكَصَ,1,8:48,1,6
نَكِدًا,1,7:58,1,7
نَكِرَهُمْ,1,11:70,1,10
نَكِيرٍ,1,42:47,1,7
نَكِّرُوا,1,27:41,1,9
نَكْتَلْ,1,12:63,1,8
نَكْتُمُ,1,5:106,1,8
نَكْسُوهَا,1,2:259,1,10
نَكْفُرَ,1,34:33,1,8
نَلْعَنَهُمْ,1,4:47,1,12
نَمُنَّ,1,28:5,1,7
نَمْلَةٌ,1,27:18,1,8
نَنْسَاكُمْ,1,45:34,1,11
نَنْسَاهُمْ,1,7:51,1,11
نَنْسَخْ,1,2:106,1,8
نَنْظُرْ,1,27:41,1,8
نَنْهَكَ,1,15:70,1,8
نَهَارٍ,1,46:35,1,7
نَهَاكُمَا,1,7:20,1,10
نَهَاكُمْ,1,59:7,1,9
نَهَرًا,1,18:33,1,7
نَهْدِي,1,42:52,1,7
نَوْمٌ,1,2:255,1,6
نَوْمَكُمْ,1,78:9,1,10
نَيْلًا,1,9:120,1,7
نُؤَخِّرُهُ,1,11:104,1,11
نُؤْتَى,1,6:124,1,7
نُؤْتِهَا,1,33:31,1,9
نُؤْثِرَكَ,1,20:72,1,10
نُبَيِّنُ,1,5:75,1,9
نُتَخَطَّفْ,1,28:57,1,11
نُتْبِعُهُمُ,1,77:17,1,12
نُثَبِّتُ,1,11:120,1,9
نُجَازِي,1,34:17,1,8
نُجِبْ,1,14:44,1,6
نُخْفِي,1,14:38,1,7
نُخْلِفُهُ,1,20:58,1,10
نُدَاوِلُهَا,1,3:140,1,12
نُذُورَهُمْ,1,22:29,1,11
نُذِيقُهُمُ,1,10:70,1,11
نُذْرًا,1,77:6,1,7
نُرَبِّكَ,1,26:18,1,9
نُرِي,1,6:75,1,5
نُرِيهِمْ,1,43:48,1,9
نُرِيَكَ,1,23:95,1,8
نُرْسِلَ,1,17:59,1,8
نُزُلُهُمْ,1,56:56,1,10
نُزِّلَتْ,1,47:20,1,9
نُسَارِعُ,1,23:56,1,9
نُسَبِّحَكَ,1,20:33,1,11
نُسَبِّحُ,1,2:30,1,9
نُسَوِّيكُمْ,1,26:98,1,12
نُسَوِّيَ,1,75:4,1,9
نُسَيِّرُ,1,18:47,1,9
نُسُكٍ,1,2:196,1,6
نُسِفَتْ,1,77:10,1,8
نُسْأَلُ,1,34:25,1,8
نُسْخَتِهَا,1,7:154,1,11
نُسْقِطْ,1,34:9,1,8
نُشُوزًا,1,4:128,1,8
نُشُوزَهُنَّ,1,4:34,1,12
نُشِرَتْ,1,81:10,1,8
نُصُبٍ,1,70:43,1,6
نُصِبَتْ,1,88:19,1,8
نُصِيبُ,1,12:56,1,7
نُصْحِي,1,11:34,1,7
نُصْلِيهِ,1,4:30,1,9
نُصْلِيهِمْ,1,4:56,1,11
نُطِيعُ,1,59:11,1,7
نُطْعِمُ,1,74:44,1,8
نُطْعِمُكُمْ,1,76:9,1,12
نُعَاسًا,1,3:154,1,8
نُعَذِّبُهُ,1,18:87,1,11
نُعَذِّبْ,1,9:66,1,9
نُعَمِّرْكُمْ,1,35:37,1,13
نُعَمِّرْهُ,1,36:68,1,11
نُعِيدُكُمْ,1,20:55,1,11
نُعِيدُهُ,1,21:104,1,9
نُعْجِزَ,1,72:12,1,8
نُعْجِزَهُ,1,72:12,1,10
نُعْلِنُ,1,14:38,1,8
نُغَادِرْ,1,18:47,1,9
نُغْرِقْهُمْ,1,36:43,1,12
نُفُوسِكُمْ,1,17:25,1,11
نُقَاتِلَ,1,2:246,1,9
نُقَاتِلْ,1,2:246,1,9
نُقَيِّضْ,1,43:36,1,9
نُقِرَ,1,74:8,1,6
نُقِيمُ,1,18:105,1,7
نُكَذِّبَ,1,6:27,1,9
نُكَذِّبُ,1,74:46,1,9
نُكَفِّرْ,1,4:31,1,9
نُكَلِّمُ,1,19:29,1,9
نُكُرٍ,1,54:6,1,6
نُكِسُوا,1,21:65,1,8
نُمَتِّعُهُمْ,1,31:24,1,13
نُمِدُّ,1,17:20,1,7
نُمِدُّهُمْ,1,23:55,1,11
نُنَبِّئُكُمْ,1,18:103,1,13
نُنَجِّيكَ,1,10:92,1,10
نُنَزِّلُ,1,15:8,1,9
نُنَزِّلُهُ,1,15:21,1,11
نُنَزِّلْ,1,26:4,1,9
نُنَكِّسْهُ,1,36:68,1,11
نُنْجِ,1,10:103,1,6
نُنْجِي,1,21:88,1,7
نُنْسِهَا,1,2:106,1,9
نُنْشِزُهَا,1,2:259,1,11
نُهْلِكَ,1,17:16,1,8
نُهْلِكِ,1,77:16,1,8
نُوحِيهَا,1,11:49,1,9
نُورَنَا,1,66:8,1,8
نُورَهُ,1,9:32,1,7
نُورُ,1,24:35,1,5
نُورِثُ,1,19:63,1,7
نُورِكُمْ,1,57:13,1,9
نُوَفِّ,1,11:15,1,7
نُوَلِّهِ,1,4:115,1,9
نُوَلِّي,1,6:129,1,8
نِحْلَةً,1,4:4,1,8
نِدَاءً,1,19:3,1,7
نِسَاءً,1,4:11,1,7
نِسَاءٌ,1,49:11,1,7
نِسَاءٍ,1,49:11,1,7
نِسَاءِ,1,3:42,1,7
نِسَاؤُكُمْ,1,2:223,1,11
نِسَائِكُمُ,1,4:23,1,11
نِسْوَةٌ,1,12:30,1,8
نِصْفَهُ,1,73:3,1,8
نِعَاجِهِ,1,38:24,1,9
نِعَمَهُ,1,31:20,1,8
نِعِمَّا,1,4:58,1,8
نِعْمَةُ,1,37:57,1,8
نِفَاقًا,1,9:77,1,8
هَاؤُمُ,1,69:19,1,7
هَاتَيْنِ,1,28:27,1,9
هَاجَرَ,1,59:9,1,7
هَاجَرْنَ,1,33:50,1,9
هَادِيًا,1,25:31,1,8
هَادِيَ,1,7:186,1,7
هَارٍ,1,9:109,1,5
هَارُوتَ,1,2:102,1,8
هَالِكٌ,1,28:88,1,7
هَامِدَةً,1,22:5,1,9
هَاوِيَةٌ,1,101:9,1,9
هَجْرًا,1,73:10,1,7
هَدًّا,1,19:90,1,6
هَدَانِ,1,6:80,1,7
هَدَاهُمُ,1,39:18,1,9
هَدَاهُمْ,1,9:115,1,9
هَدَيْتَنَا,1,3:8,1,11
هَدَيْنَاهُ,1,76:3,1,11
هَدْيًا,1,5:95,1,7
هَرَبًا,1,72:12,1,7
هَشِيمًا,1,18:45,1,8
هَضِيمٌ,1,26:148,1,7
هَضْمًا,1,20:112,1,7
هَلُوعًا,1,70:19,1,8
هَلِ,1,50:30,1,4
هَمَزَاتِ,1,23:97,1,9
هَمَّ,1,5:11,1,5
هَمَّازٍ,1,68:11,1,8
هَمْسًا,1,20:108,1,7
هَوَاءٌ,1,14:43,1,7
هَوْنًا,1,25:63,1,7
هَيِّنًا,1,24:15,1,8
هَيْتَ,1,12:23,1,6
هُدَاهَا,1,32:13,1,8
هُدِيَ,1,3:101,1,6
هُدْنَا,1,7:156,1,7
هُمَا,1,9:40,1,5
هُمَزَةٍ,1,104:1,1,8
هُودٌ,1,26:124,1,5
هُودُ,1,11:53,1,5
هُونٍ,1,16:59,1,5
هِيَهْ,1,101:10,1,6
وَآبَاؤُكُمُ,1,26:76,1,12
وَآتَاهُ,1,2:251,1,8
وَآتَاهُمْ,1,47:17,1,10
وَآتَتْ,1,12:31,1,7
وَآتَيْتُمُ,1,5:12,1,11
وَآتَيْتُمْ,1,4:20,1,11
وَآتَيْنَاهُمَا,1,37:117,1,15
وَآتُوهُنَّ,1,4:25,1,11
وَآتِ,1,17:26,1,5
وَآتِنَا,1,3:194,1,8
وَآتِينَ,1,33:33,1,8
وَآثَارَهُمْ,1,36:12,1,12
وَآثَرَ,1,79:38,1,7
وَآخَرَ,1,9:102,1,7
وَآخَرُ,1,38:58,1,7
وَآخِرُ,1,10:10,1,7
وَآخِرِنَا,1,5:114,1,10
وَآلُ,1,2:248,1,5
وَآلِهَتَكَ,1,7:127,1,11
وَآمَنَهُمْ,1,106:4,1,11
وَآوَيْنَاهُمَا,1,23:50,1,15
وَآيَةً,1,5:114,1,7
وَأَبًّا,1,80:31,1,8
وَأَبَارِيقَ,1,56:18,1,12
وَأَبَى,1,20:56,1,7
وَأَبُونَا,1,28:23,1,10
وَأَبِيهِ,1,80:35,1,9
وَأَبْشِرُوا,1,41:30,1,12
وَأَبْصَارًا,1,46:26,1,12
وَأَبْصَارَكُمْ,1,6:46,1,15
وَأَبْصَارَهُمْ,1,6:110,1,15
وَأَبْصَارُهُمْ,1,41:20,1,15
وَأَبْصِرْهُمْ,1,37:175,1,14
وَأَبْكَارًا,1,66:5,1,12
وَأَبْكَى,1,53:43,1,9
وَأَبْنَاءَكُمْ,1,3:61,1,15
وَأَبْنَائِنَا,1,2:246,1,14
وَأَتَاهُمُ,1,16:26,1,11
وَأَتَيْنَاكَ,1,15:64,1,13
وَأَتِمُّوا,1,2:196,1,11
وَأَتْبَعْنَاهُمْ,1,28:42,1,17
وَأَتْرَفْنَاهُمْ,1,23:33,1,17
وَأَتْمَمْتُ,1,5:3,1,12
وَأَتْمَمْنَاهَا,1,7:142,1,16
وَأَثَابَهُمْ,1,48:18,1,13
وَأَثَارُوا,1,30:9,1,11
وَأَثْقَالًا,1,29:13,1,12
وَأَثْلٍ,1,34:16,1,8
وَأَجْدَرُ,1,9:97,1,10
وَأَجْرٍ,1,36:11,1,8
وَأَجْلِبْ,1,17:64,1,10
وَأَجْمَعُوا,1,12:15,1,12
وَأَحَاطَ,1,72:28,1,9
وَأَحَاطَتْ,1,2:81,1,11
وَأَحَلَّ,1,2:275,1,9
وَأَحَلُّوا,1,14:28,1,11
وَأَحِبَّاؤُهُ,1,5:18,1,14
وَأَحْسَنَ,1,25:33,1,10
وَأَحْسَنُوا,1,5:93,1,12
وَأَحْسِنُوا,1,2:195,1,12
وَأَحْسِنْ,1,28:77,1,10
وَأَحْصَى,1,72:28,1,9
وَأَحْصُوا,1,65:1,1,10
وَأَحْيَا,1,53:44,1,9
وَأَحْيَيْتَنَا,1,40:11,1,15
وَأَحْيَيْنَا,1,50:11,1,13
وَأَخَافُ,1,12:13,1,9
وَأَخَذَتِ,1,11:94,1,10
وَأَخَذْتُمْ,1,3:81,1,12
وَأَخَذْنَ,1,4:21,1,10
وَأَخَذْنَاهُمْ,1,43:48,1,15
وَأَخَّرَ,1,75:13,1,9
وَأَخَّرَتْ,1,82:5,1,11
وَأَخُوكَ,1,20:42,1,9
وَأَخُوهُ,1,12:8,1,9
وَأَخْبَتُوا,1,11:23,1,12
وَأَخْذِهِمُ,1,4:161,1,12
وَأَخْرَجَ,1,79:29,1,10
وَأَخْرَجَتِ,1,99:2,1,12
وَأَخْرَجُوكُمْ,1,60:9,1,15
وَأَخْرَجْنَا,1,36:33,1,13
وَأَخْرِجُوهُمْ,1,2:191,1,15
وَأَخْرِجْنِي,1,17:80,1,13
وَأَخْفَى,1,20:7,1,9
وَأَخْلَصُوا,1,4:146,1,12
وَأَدَاءٌ,1,2:178,1,9
وَأَدْبَارَ,1,50:40,1,11
وَأَدْخَلْنَاهُ,1,21:75,1,15
وَأَدْخَلْنَاهُمْ,1,21:86,1,17
وَأَدْخِلْ,1,27:12,1,10
وَأَدْخِلْنَا,1,7:151,1,13
وَأَدْخِلْنِي,1,27:19,1,13
وَأَدْخِلْهُمْ,1,40:8,1,14
وَأَدْعُو,1,19:48,1,9
وَأَدْنَى,1,2:282,1,9
وَأَذَانٌ,1,9:3,1,9
وَأَذِّنْ,1,22:27,1,9
وَأَرَادُوا,1,21:70,1,11
وَأَرَى,1,20:46,1,7
وَأَرِنَا,1,2:128,1,9
وَأَرْجُلِهِنَّ,1,60:12,1,15
وَأَرْسَلَ,1,105:3,1,10
وَأَرْسَلْنَاكَ,1,4:79,1,15
وَأَرْسَلْنَاهُ,1,37:147,1,15
وَأَرْسِلْ,1,7:111,1,10
وَأَرْضًا,1,33:27,1,9
وَأَرْضُ,1,39:10,1,8
وَأَزْلَفْنَا,1,26:64,1,13
وَأَزْوَاجٌ,1,3:15,1,11
وَأَزْوَاجَهُمْ,1,37:22,1,15
وَأَزْوَاجُهُ,1,33:6,1,13
وَأَزْوَاجُهُمْ,1,36:56,1,15
وَأَسَرُّوهُ,1,12:19,1,12
وَأَسَلْنَا,1,34:12,1,11
وَأَسِرُّوا,1,67:13,1,11
وَأَسِيرًا,1,76:8,1,10
وَأَسْبَغَ,1,31:20,1,10
وَأَسْرَرْتُ,1,71:9,1,12
وَأَسْقَيْنَاكُمْ,1,77:27,1,17
وَأَسْلَمْتُ,1,27:44,1,12
وَأَسْلِحَتَهُمْ,1,4:102,1,16
وَأَسْلِمُوا,1,39:54,1,12
وَأَسْمِعْ,1,18:26,1,10
وَأَشَدُّ,1,4:84,1,9
وَأَشْرَقَتِ,1,39:69,1,12
وَأَشْرِكْهُ,1,20:32,1,12
وَأَشْعَارِهَا,1,16:80,1,14
وَأَشْفَقْنَ,1,33:72,1,12
وَأَشْهَدَهُمْ,1,7:172,1,14
وَأَصَابَهُ,1,2:266,1,11
وَأَصَرُّوا,1,71:7,1,11
وَأَصْحَابِ,1,9:70,1,11
وَأَصْفَاكُمْ,1,43:16,1,13
وَأَصْلَحَا,1,4:16,1,11
وَأَصْلَحْنَا,1,21:90,1,13
وَأَصْلِحُوا,1,8:1,1,12
وَأَضَلَّهُ,1,45:23,1,11
وَأَضَلَّهُمُ,1,20:85,1,13
وَأَضَلُّوا,1,5:77,1,11
وَأَضْعَفُ,1,19:75,1,10
وَأَطِعْنَ,1,33:33,1,10
وَأَطْرَافَ,1,20:130,1,11
وَأَطْغَى,1,53:52,1,9
وَأَظْهَرَهُ,1,66:3,1,12
وَأَعَانَهُ,1,25:4,1,11
وَأَعَزُّ,1,18:34,1,9
وَأَعُوذُ,1,23:98,1,9
وَأَعِدُّوا,1,8:60,1,11
وَأَعْتَدَتْ,1,12:31,1,12
وَأَعْتَزِلُكُمْ,1,19:48,1,16
وَأَعْرَضَ,1,66:3,1,10
وَأَعْطَى,1,53:34,1,9
وَأَعْظَمَ,1,73:20,1,10
وَأَعْمَى,1,47:23,1,9
وَأَعْنَابًا,1,78:32,1,12
وَأَعْيُنُهُمْ,1,9:92,1,14
وَأَغْطَشَ,1,79:29,1,10
وَأَغْلَالًا,1,76:4,1,12
وَأَفْئِدَةً,1,46:26,1,12
وَأَفْئِدَتُهُمْ,1,14:43,1,16
وَأَقَلُّ,1,72:24,1,9
وَأَقُلْ,1,7:22,1,8
وَأَقِمْنَ,1,33:33,1,10
وَأَقْبَلُوا,1,12:71,1,12
وَأَقْرَبَ,1,18:81,1,10
وَأَقْرَضُوا,1,57:18,1,12
وَأَقْرَضْتُمُ,1,5:12,1,14
وَأَقْرِضُوا,1,73:20,1,12
وَأَقْسِطُوا,1,49:9,1,12
وَأَقْنَى,1,53:48,1,9
وَأَقْوَمَ,1,4:46,1,10
وَأَكِيدُ,1,86:16,1,9
وَأَكْبَرُ,1,17:21,1,10
وَأَكْثَرَ,1,9:69,1,10
وَأَكْثَرُ,1,28:78,1,10
وَأَكْدَى,1,53:34,1,9
وَأَكْلِهِمْ,1,4:161,1,12
وَأَكْوَابٌ,1,88:14,1,11
وَأَلَنَّا,1,34:10,1,10
وَأَلَّفَ,1,8:63,1,9
وَأَلَّوِ,1,72:16,1,9
وَأَلْزَمَهُمْ,1,48:26,1,14
وَأَلْسِنَتَهُمْ,1,60:2,1,16
وَأَلْفَيَا,1,12:25,1,11
وَأَلْقَتْ,1,84:4,1,10
وَأَلْقَيْتُ,1,20:39,1,12
وَأَلْقُوهُ,1,12:10,1,11
وَأَلْوَانِكُمْ,1,30:22,1,15
وَأَمَرُوا,1,22:41,1,10
وَأَمَرُّ,1,54:46,1,9
وَأَمْتِعَتِكُمْ,1,4:102,1,16
وَأَمْدَدْنَاكُمْ,1,17:6,1,17
وَأَمْدَدْنَاهُمْ,1,52:22,1,17
وَأَمْرُهُ,1,2:275,1,10
وَأَمْرُهُمْ,1,42:38,1,12
وَأَمْلَى,1,47:25,1,9
وَأَمْنًا,1,2:125,1,9
وَأَمْوَاتًا,1,77:26,1,12
وَأَمْوَالًا,1,10:88,1,12
وَأَمْوَالٌ,1,9:24,1,11
وَأَمْوَالِهِمْ,1,59:8,1,15
وَأَنَابَ,1,38:24,1,9
وَأَنَابُوا,1,39:17,1,11
وَأَنَاسِيَّ,1,25:49,1,12
وَأَنَّكَ,1,20:119,1,9
وَأَنَّكُمْ,1,23:115,1,11
وَأَنِيبُوا,1,39:54,1,11
وَأَنْبَتَتْ,1,22:5,1,12
وَأَنْبَتَهَا,1,3:37,1,13
وَأَنْذِرِ,1,14:44,1,10
وَأَنْصَحُ,1,7:62,1,10
وَأَنْصِتُوا,1,7:204,1,12
وَأَنْعَمْتَ,1,33:37,1,12
وَأَنْفُسَكُمْ,1,3:61,1,14
وَأَنْفُسَنَا,1,3:61,1,13
وَأَنْفُسَهُمْ,1,7:177,1,14
وَأَنْفُسُهُمْ,1,32:27,1,14
وَأَنْكِحُوا,1,24:32,1,12
وَأَهُشُّ,1,20:18,1,9
وَأَهْدِيَكَ,1,79:19,1,12
وَأَهْلَكْنَا,1,21:9,1,13
وَأَهْلَنَا,1,12:88,1,11
وَأَهْلَهَا,1,48:26,1,11
وَأَهْلُ,1,74:56,1,8
وَأَهْلُونَا,1,48:11,1,12
وَأَهْلِي,1,26:169,1,9
وَأَهْلِيكُمْ,1,66:6,1,13
وَأَوْبَارِهَا,1,16:80,1,14
وَأَوْجَسَ,1,11:70,1,10
وَأَوْرَثَكُمْ,1,33:27,1,14
وَأَوْرَثَنَا,1,39:74,1,13
وَأَوْصَانِي,1,19:31,1,12
وَأَوْلَادُهُمْ,1,9:85,1,15
وَأَوْلَادِكُمْ,1,64:14,1,15
وَأَيَّامًا,1,34:18,1,11
وَأَيَّدَكُمْ,1,8:26,1,13
وَأَيَّدَهُ,1,9:40,1,11
وَأَيَّدَهُمْ,1,58:22,1,13
وَأَيْدِي,1,59:2,1,9
وَأَيْدِيهِمْ,1,24:24,1,13
وَأَيْمَانِهِمْ,1,3:77,1,15
وَأُبَلِّغُكُمْ,1,46:23,1,15
وَأُبْرِئُ,1,3:49,1,10
وَأُتُوا,1,2:25,1,8
وَأُحِلَّ,1,4:24,1,9
وَأُحِلَّتْ,1,22:30,1,11
وَأُحِيطَ,1,18:42,1,9
وَأُحْضِرَتِ,1,4:128,1,12
وَأُحْيِي,1,3:49,1,9
وَأُخَرُ,1,3:7,1,8
وَأُخِذُوا,1,34:51,1,10
وَأُخْرِجُوا,1,3:195,1,12
وَأُسَرِّحْكُنَّ,1,33:28,1,16
وَأُشْرِبُوا,1,2:93,1,12
وَأُشْرِكَ,1,40:42,1,10
وَأُفَوِّضُ,1,40:44,1,11
وَأُلْقِيَ,1,7:120,1,10
وَأُمَمٌ,1,11:48,1,8
وَأُمَّهَاتُ,1,4:23,1,12
وَأُمَّهَاتُكُمُ,1,4:23,1,16
وَأُمُّهُ,1,5:75,1,9
وَأُمِرْنَا,1,6:71,1,11
وَأُمِيتُ,1,2:258,1,9
وَأُمِّهِ,1,80:35,1,9
وَأُمِّيَ,1,5:116,1,9
وَأُنَبِّئُكُمْ,1,3:49,1,15
وَأُنْثَى,1,49:13,1,9
وَأُنْزِلَ,1,29:46,1,10
وَأُوتِيَتْ,1,27:23,1,11
وَأُولَئِكُمْ,1,4:91,1,13
وَأُولَاتُ,1,65:4,1,10
وَأُولِي,1,4:59,1,8
وَأْتَمِرُوا,1,65:6,1,12
وَأْتُوا,1,2:189,1,8
وَإِثْمُهُمَا,1,2:219,1,13
وَإِثْمِكَ,1,5:29,1,10
وَإِخْرَاجُ,1,2:217,1,11
وَإِخْوَانَكُمْ,1,9:23,1,15
وَإِخْوَانُ,1,50:13,1,11
وَإِخْوَانُكُمْ,1,9:24,1,15
وَإِخْوَانُهُمْ,1,7:202,1,15
وَإِخْوَانِهِمْ,1,6:87,1,15
وَإِخْوَتِهِ,1,12:7,1,12
وَإِدْبَارَ,1,52:49,1,11
وَإِدْرِيسَ,1,21:85,1,11
وَإِرْصَادًا,1,9:107,1,12
وَإِسْتَبْرَقٌ,1,76:21,1,14
وَإِسْرَائِيلَ,1,19:58,1,14
وَإِسْرَافَنَا,1,3:147,1,14
وَإِسْمَاعِيلُ,1,2:127,1,14
وَإِقَامَ,1,21:73,1,9
وَإِقَامِ,1,24:37,1,9
وَإِلَهَ,1,2:133,1,8
وَإِلَهُ,1,20:88,1,8
وَإِلَهُنَا,1,29:46,1,11
وَإِلَيَّ,1,22:48,1,9
وَإِلْيَاسَ,1,6:85,1,11
وَإِمَائِكُمْ,1,24:32,1,13
وَإِنَاثًا,1,42:50,1,10
وَإِنَّنَا,1,11:62,1,10
وَإِنَّنِي,1,6:19,1,10
وَإِنَّهُمَا,1,15:79,1,12
وَإِيتَاءَ,1,21:73,1,10
وَإِيَّاكَ,1,1:5,1,10
وَإِيَّاهُمْ,1,6:151,1,12
وَابْتَلُوا,1,4:6,1,11
وَابْتِغَاؤُكُمْ,1,30:23,1,16
وَابْنَهَا,1,21:91,1,10
وَابْيَضَّتْ,1,12:84,1,12
وَاتَّبَعَتْهُمْ,1,52:21,1,16
وَاتَّبَعَكَ,1,26:111,1,12
وَاتَّبَعْتُ,1,12:38,1,12
وَاتَّبَعْنَا,1,3:53,1,13
وَاتَّبِعُوا,1,39:55,1,12
وَاتَّبِعُونِ,1,43:61,1,13
وَاتَّبِعُوهُ,1,7:158,1,13
وَاتَّخَذْتُمُوهُ,1,11:92,1,17
وَاتَّخِذُوا,1,2:125,1,12
وَاتَّقُونِ,1,2:197,1,11
وَاتَّقِ,1,33:37,1,8
وَاتَّقِينَ,1,33:55,1,11
وَاتْرُكِ,1,44:24,1,9
وَاثَقَكُمْ,1,5:7,1,11
وَاجِفَةٌ,1,79:8,1,9
وَاجْتَبَيْنَا,1,19:58,1,14
وَاجْتَبَيْنَاهُمْ,1,6:87,1,18
وَاجْعَلُوا,1,10:87,1,11
وَاجْعَلْنِي,1,26:85,1,12
وَاجْعَلْهُ,1,19:6,1,11
وَاجْنُبْنِي,1,14:35,1,12
وَاحْذَرُوا,1,5:92,1,11
وَاحْذَرْهُمْ,1,5:49,1,13
وَاحْصُرُوهُمْ,1,9:5,1,14
وَاحْفَظُوا,1,5:89,1,11
وَاحْلُلْ,1,20:27,1,9
وَاخْتَارَ,1,7:155,1,10
وَاخْتَلَفُوا,1,3:105,1,13
وَاخْتِلَافُ,1,30:22,1,12
وَاخْشَوْا,1,31:33,1,10
وَاخْشَوْنِي,1,2:150,1,12
وَادٍ,1,26:225,1,5
وَادَّكَرَ,1,12:45,1,10
وَادِ,1,27:18,1,5
وَادِيًا,1,9:121,1,8
وَادْخُلِي,1,89:30,1,10
وَاذْكُرُوهُ,1,2:198,1,12
وَاذْكُرْنَ,1,33:34,1,11
وَارِدَهُمْ,1,12:19,1,11
وَارِدُهَا,1,19:71,1,10
وَارِدُونَ,1,21:98,1,10
وَارْتَابَتْ,1,9:45,1,12
وَارْتَبْتُمْ,1,57:14,1,13
وَارْتَقِبُوا,1,11:93,1,13
وَارْجُوا,1,29:36,1,9
وَارْجِعُوا,1,21:13,1,11
وَارْحَمْ,1,23:118,1,9
وَارْزُقُوهُمْ,1,4:5,1,14
وَارْزُقْ,1,2:126,1,9
وَارْزُقْنَا,1,5:114,1,12
وَارْزُقْهُمْ,1,14:37,1,13
وَارْعَوْا,1,20:54,1,10
وَارْكَعُوا,1,2:43,1,11
وَارْكَعِي,1,3:43,1,10
وَازَّيَّنَتْ,1,10:24,1,13
وَازْدَادُوا,1,18:25,1,12
وَازْدُجِرَ,1,54:9,1,11
وَاسِعًا,1,4:130,1,8
وَاسِعَةً,1,4:97,1,9
وَاسِعَةٍ,1,6:147,1,9
وَاسِعُ,1,53:32,1,7
وَاسْأَلِ,1,12:82,1,9
وَاسْأَلْ,1,43:45,1,9
وَاسْأَلْهُمْ,1,7:163,1,13
وَاسْتَبَقَا,1,12:25,1,12
وَاسْتَحْيُوا,1,40:25,1,13
وَاسْتَرْهَبُوهُمْ,1,7:116,1,18
وَاسْتَشْهِدُوا,1,2:282,1,15
وَاسْتَعِينُوا,1,2:45,1,14
وَاسْتَعْمَرَكُمْ,1,11:61,1,17
وَاسْتَغْشَوْا,1,71:7,1,14
وَاسْتَغْفَرَ,1,4:64,1,13
وَاسْتَغْفِرُوهُ,1,41:6,1,16
وَاسْتَغْفِرِ,1,4:106,1,13
وَاسْتَغْفِرِي,1,12:29,1,14
وَاسْتَغْفِرْهُ,1,110:3,1,15
وَاسْتَفْتَحُوا,1,14:15,1,15
وَاسْتَفْزِزْ,1,17:64,1,13
وَاسْتَقِمْ,1,42:15,1,11
وَاسْتَكْبَرْتَ,1,39:59,1,15
وَاسْتَكْبَرْتُمْ,1,46:10,1,17
وَاسْتَمِعْ,1,50:41,1,11
وَاسْتَمْتَعْتُمْ,1,46:20,1,17
وَاسْتَوَتْ,1,11:44,1,11
وَاسْتَوَى,1,28:14,1,10
وَاسْتَيْقَنَتْهَا,1,27:14,1,18
وَاسْجُدِي,1,3:43,1,10
وَاسْجُدْ,1,96:19,1,9
وَاشْتَرَوْا,1,3:187,1,12
وَاشْتَعَلَ,1,19:4,1,11
وَاشْدُدْ,1,10:88,1,9
وَاشْرَبِي,1,19:26,1,10
وَاشْهَدُوا,1,11:54,1,11
وَاصِبًا,1,16:52,1,8
وَاصِبٌ,1,37:9,1,7
وَاصْطَفَاكِ,1,3:42,1,12
وَاصْطَنَعْتُكَ,1,20:41,1,15
وَاصْفَحُوا,1,2:109,1,11
وَاصْفَحْ,1,5:13,1,9
وَاصْنَعِ,1,11:37,1,9
وَاضْرِبُوا,1,8:12,1,11
وَاضْرِبُوهُنَّ,1,4:34,1,15
وَاطْمَأَنُّوا,1,10:7,1,14
وَاعَدْنَا,1,2:51,1,10
وَاعِيَةٌ,1,69:12,1,9
وَاعْبُدُوهُ,1,29:17,1,12
وَاعْبُدْ,1,15:99,1,9
وَاعْفُ,1,2:286,1,7
وَاعْلَمْ,1,2:260,1,9
وَاغْضُضْ,1,31:19,1,9
وَافْعَلُوا,1,22:77,1,11
وَاقِعٍ,1,70:1,1,7
وَاقْتَرَبَ,1,21:97,1,11
وَاقْتَرِبْ,1,96:19,1,11
وَاقْصِدْ,1,31:19,1,9
وَاقْعُدُوا,1,9:5,1,11
وَاكْتُبْ,1,7:156,1,9
وَاكْسُوهُمْ,1,4:5,1,12
وَاكْفُرُوا,1,3:72,1,11
وَالتَّرَائِبِ,1,86:7,1,14
وَالتِّينِ,1,95:1,1,10
وَالثَّمَرَاتِ,1,2:155,1,14
وَالدَّارَ,1,33:29,1,10
وَالدَّارُ,1,7:169,1,10
وَالدَّمُ,1,5:3,1,9
وَالدَّوَابُّ,1,22:18,1,13
وَالدَّوَابِّ,1,35:28,1,13
وَالذَّارِيَاتِ,1,51:1,1,15
وَالذَّاكِرَاتِ,1,33:35,1,15
وَالذَّاكِرِينَ,1,33:35,1,15
وَالذِّكْرِ,1,3:58,1,11
وَالرَّاسِخُونَ,1,3:7,1,15
وَالرَّبَّانِيُّونَ,1,5:44,1,19
وَالرَّقِيمِ,1,18:9,1,12
وَالرَّكْبُ,1,8:42,1,11
وَالرَّيْحَانُ,1,55:12,1,14
وَالرُّجْزَ,1,74:5,1,11
وَالرُّهْبَانِ,1,9:34,1,14
وَالزَّانِي,1,24:2,1,11
وَالزَّانِيَةُ,1,24:3,1,14
وَالزَّرْعَ,1,6:141,1,11
وَالزَّيْتُونِ,1,95:1,1,14
وَالسَّائِلِينَ,1,2:177,1,15
وَالسَّابِحَاتِ,1,79:3,1,15
وَالسَّارِقَةُ,1,5:38,1,14
وَالسَّارِقُ,1,5:38,1,12
وَالسَّحَابِ,1,2:164,1,12
وَالسَّرَّاءُ,1,7:95,1,13
وَالسَّعَةِ,1,24:22,1,11
وَالسَّقْفِ,1,52:5,1,11
وَالسَّلَاسِلُ,1,40:71,1,14
وَالسَّمَاوَاتِ,1,20:4,1,15
وَالسَّمِيعِ,1,11:24,1,12
وَالسَّيِّئَاتِ,1,7:168,1,15
وَالسُّوءَ,1,16:27,1,10
وَالسِّنَّ,1,5:45,1,10
وَالشَّجَرَةَ,1,17:60,1,13
وَالشَّفْعِ,1,89:3,1,11
وَالشَّمَائِلِ,1,16:48,1,14
وَالشَّمْسِ,1,91:1,1,11
وَالشَّهْرَ,1,5:97,1,11
وَالشُّعَرَاءُ,1,26:224,1,14
وَالشُّهَدَاءُ,1,57:19,1,14
وَالصَّائِمَاتِ,1,33:35,1,15
وَالصَّائِمِينَ,1,33:35,1,15
وَالصَّابِئُونَ,1,5:69,1,15
وَالصَّابِرَاتِ,1,33:35,1,15
وَالصَّاحِبِ,1,4:36,1,12
وَالصَّادِقَاتِ,1,33:35,1,15
وَالصَّافَّاتِ,1,37:1,1,14
وَالصَّيْفِ,1,106:2,1,11
وَالصُّلْحُ,1,4:128,1,11
وَالصِّدِّيقِينَ,1,4:69,1,16
وَالضَّرَّاءُ,1,2:214,1,13
وَالضَّفَادِعَ,1,7:133,1,14
وَالضَّلَالِ,1,34:8,1,12
وَالضُّحَى,1,93:1,1,10
وَالطَّارِقِ,1,86:1,1,12
وَالطَّاغُوتِ,1,4:51,1,13
وَالطَّيِّبَاتُ,1,24:26,1,15
وَالطَّيِّبَاتِ,1,7:32,1,15
وَالطَّيِّبُ,1,5:100,1,12
وَالطَّيِّبُونَ,1,24:26,1,15
وَالطَّيْرُ,1,24:41,1,11
وَالطَّيْرِ,1,27:17,1,11
وَالطُّورِ,1,52:1,1,10
وَالظَّالِمُونَ,1,42:8,1,15
وَالظَّالِمِينَ,1,76:31,1,15
وَالظَّاهِرُ,1,57:3,1,12
وَاللَّذَانِ,1,4:16,1,12
وَاللَّهِ,1,6:23,1,9
وَالنَّارُ,1,47:12,1,10
وَالنَّازِعَاتِ,1,79:1,1,15
وَالنَّاشِرَاتِ,1,77:3,1,15
وَالنَّاشِطَاتِ,1,79:2,1,15
وَالنَّاهُونَ,1,9:112,1,13
وَالنَّبِيُّونَ,1,3:84,1,15
وَالنَّبِيِّ,1,5:81,1,12
وَالنَّجْمُ,1,55:6,1,11
وَالنَّجْمِ,1,53:1,1,11
وَالنَّخِيلَ,1,16:11,1,12
وَالنَّخْلُ,1,55:11,1,11
وَالنَّسْلَ,1,2:205,1,11
وَالنَّطِيحَةُ,1,5:3,1,14
وَالنَّهَارُ,1,41:37,1,12
وَالنَّوَى,1,6:95,1,10
وَالنَّوْمَ,1,25:47,1,11
وَالنُّجُومَ,1,7:54,1,12
وَالنُّذُرُ,1,10:101,1,11
وَالنُّورَ,1,6:1,1,10
وَالنُّورُ,1,13:16,1,10
وَالنُّورِ,1,64:8,1,10
وَالٍ,1,13:11,1,5
وَالِدٌ,1,31:33,1,7
وَالِدَةٌ,1,2:233,1,9
وَالِدَتِكَ,1,5:110,1,11
وَالِدِهِ,1,31:33,1,9
وَالْآخِرَةَ,1,22:11,1,12
وَالْآخِرُ,1,57:3,1,10
وَالْآخِرِينَ,1,56:49,1,13
وَالْأَبْصَارُ,1,24:37,1,14
وَالْأَبْصَارِ,1,38:45,1,14
وَالْأَحْزَابُ,1,40:5,1,14
وَالْأَذَى,1,2:264,1,10
وَالْأَرْحَامَ,1,4:1,1,14
وَالْأَزْلَامُ,1,5:90,1,14
وَالْأَسْبَاطَ,1,2:140,1,14
وَالْأَصَمِّ,1,11:24,1,12
وَالْأَعْنَابَ,1,16:11,1,14
وَالْأَعْنَابِ,1,16:67,1,14
وَالْأَعْنَاقِ,1,38:33,1,14
وَالْأَغْلَالَ,1,7:157,1,14
وَالْأَقْدَامِ,1,55:41,1,14
وَالْأَنْصَابُ,1,5:90,1,14
وَالْأَنْعَامَ,1,16:5,1,14
وَالْأَنْعَامُ,1,10:24,1,14
وَالْأَنْفَ,1,5:45,1,11
وَالْأَنْفُسِ,1,2:155,1,13
وَالْأَوَّلِينَ,1,77:38,1,15
وَالْأُذُنَ,1,5:45,1,11
وَالْأُمِّيِّينَ,1,3:20,1,16
وَالْإِثْمَ,1,7:33,1,11
وَالْإِحْسَانِ,1,16:90,1,14
وَالْإِشْرَاقِ,1,38:18,1,14
وَالْإِنْجِيلُ,1,3:65,1,14
وَالْإِنْسَ,1,51:56,1,11
وَالْبَادِ,1,22:25,1,10
وَالْبَاطِلَ,1,13:17,1,12
وَالْبَاطِنُ,1,57:3,1,12
وَالْبَحْرُ,1,31:27,1,11
وَالْبَصَرَ,1,17:36,1,11
وَالْبَصِيرِ,1,11:24,1,12
وَالْبَغْضَاءُ,1,60:4,1,14
وَالْبَغْيَ,1,7:33,1,11
وَالْبَغْيِ,1,16:90,1,11
وَالْبَلَدُ,1,7:58,1,11
وَالْبَنُونَ,1,18:46,1,12
وَالْبَنِينَ,1,3:14,1,12
وَالْبَيْتِ,1,52:4,1,11
وَالْبُدْنَ,1,22:36,1,11
وَالْبِغَالَ,1,16:8,1,12
وَالْتَفَّتِ,1,75:29,1,12
وَالْجَانَّ,1,15:27,1,11
وَالْجَرَادَ,1,7:133,1,12
وَالْجُرُوحَ,1,5:45,1,12
وَالْجُلُودُ,1,22:20,1,12
وَالْجُوعِ,1,2:155,1,10
وَالْجِبَالِ,1,33:72,1,12
وَالْجِبِلَّةَ,1,26:184,1,14
وَالْجِسْمِ,1,2:247,1,11
وَالْجِنِّ,1,6:112,1,10
وَالْحَافِظَاتِ,1,33:35,1,15
وَالْحَافِظُونَ,1,9:112,1,15
وَالْحَافِظِينَ,1,33:35,1,15
وَالْحَبُّ,1,55:12,1,10
وَالْحَجِّ,1,2:189,1,10
وَالْحَرْثِ,1,3:14,1,11
وَالْحَقَّ,1,38:84,1,10
وَالْحَمِيرَ,1,16:8,1,12
وَالْحَيَاةَ,1,67:2,1,12
وَالْحُرُمَاتُ,1,2:194,1,14
وَالْخَاشِعَاتِ,1,33:35,1,15
وَالْخَاشِعِينَ,1,33:35,1,15
وَالْخَامِسَةَ,1,24:9,1,14
وَالْخَامِسَةُ,1,24:7,1,14
وَالْخَبِيثُونَ,1,24:26,1,15
وَالْخَنَازِيرَ,1,5:60,1,15
وَالْخَوْفِ,1,16:112,1,11
وَالْخَيْرِ,1,21:35,1,11
وَالْخَيْلَ,1,16:8,1,11
وَالْخَيْلِ,1,3:14,1,11
وَالْعَادِيَاتِ,1,100:1,1,15
وَالْعَافِينَ,1,3:134,1,13
وَالْعَاكِفِينَ,1,2:125,1,15
وَالْعَامِلِينَ,1,9:60,1,15
وَالْعَبْدُ,1,2:178,1,11
وَالْعَذَابَ,1,2:175,1,12
وَالْعَصْرِ,1,103:1,1,11
وَالْعَمَلُ,1,35:10,1,11
وَالْعَنْهُمْ,1,33:68,1,13
وَالْعَيْنَ,1,5:45,1,11
وَالْعُزَّى,1,53:19,1,11
وَالْعُمْرَةَ,1,2:196,1,13
وَالْعِصْيَانَ,1,49:7,1,14
وَالْعِيرَ,1,12:82,1,10
وَالْغَارِمِينَ,1,9:60,1,15
وَالْغَاوُونَ,1,26:94,1,13
وَالْغَنَمِ,1,6:146,1,11
وَالْغَوْا,1,41:26,1,10
وَالْفَتْحُ,1,110:1,1,11
وَالْفَجْرِ,1,89:1,1,11
وَالْفَحْشَاءَ,1,12:24,1,14
وَالْفَحْشَاءِ,1,2:169,1,14
وَالْفُؤَادَ,1,17:36,1,12
وَالْفُرْقَانَ,1,2:53,1,14
وَالْفُرْقَانِ,1,2:185,1,14
وَالْفُسُوقَ,1,49:7,1,12
وَالْفُلْكَ,1,22:65,1,11
وَالْفُلْكِ,1,2:164,1,11
وَالْفِضَّةَ,1,9:34,1,12
وَالْفِضَّةِ,1,3:14,1,12
وَالْقَائِلِينَ,1,33:18,1,15
وَالْقَائِمِينَ,1,22:26,1,15
وَالْقَاسِيَةِ,1,22:53,1,14
وَالْقَانِتَاتِ,1,33:35,1,15
وَالْقَلَائِدَ,1,5:97,1,14
وَالْقَلَمِ,1,68:1,1,11
وَالْقَنَاطِيرِ,1,3:14,1,15
وَالْقَوَاعِدُ,1,24:60,1,14
وَالْقُرْآنَ,1,15:87,1,12
وَالْقُمَّلَ,1,7:133,1,12
وَالْكَاظِمِينَ,1,3:134,1,15
وَالْكَافِرِينَ,1,4:140,1,15
وَالْمَجُوسَ,1,22:17,1,12
وَالْمَرْوَةَ,1,2:158,1,13
وَالْمَسَاكِينُ,1,4:8,1,15
وَالْمَسِيحَ,1,9:31,1,12
وَالْمَسْكَنَةُ,1,2:61,1,15
وَالْمَطْلُوبُ,1,22:73,1,14
وَالْمَغَارِبِ,1,70:40,1,14
وَالْمَغْفِرَةِ,1,2:221,1,15
وَالْمَوْتَى,1,6:36,1,12
وَالْمَوْعِظَةِ,1,16:125,1,15
وَالْمَوْقُوذَةُ,1,5:3,1,16
وَالْمَيْسِرُ,1,5:90,1,13
وَالْمُؤَلَّفَةِ,1,9:60,1,16
وَالْمُؤْتَفِكَاتُ,1,69:9,1,18
وَالْمُؤْتَفِكَاتِ,1,9:70,1,18
وَالْمُؤْتَفِكَةَ,1,53:53,1,17
وَالْمُؤْتُونَ,1,4:162,1,14
وَالْمُؤْمِنِينَ,1,33:35,1,16
وَالْمُتَرَدِّيَةُ,1,5:3,1,18
وَالْمُتَصَدِّقَاتِ,1,33:35,1,19
وَالْمُتَصَدِّقِينَ,1,33:35,1,19
وَالْمُجَاهِدُونَ,1,4:95,1,17
وَالْمُرْجِفُونَ,1,33:60,1,16
وَالْمُرْسَلَاتِ,1,77:1,1,16
وَالْمُسْتَغْفِرِينَ,1,3:17,1,20
وَالْمُسْلِمَاتِ,1,33:35,1,16
وَالْمُصَّدِّقَاتِ,1,57:18,1,18
وَالْمُطَلَّقَاتُ,1,2:228,1,17
وَالْمُعْتَرَّ,1,22:36,1,14
وَالْمُقِيمِي,1,22:35,1,13
وَالْمُقِيمِينَ,1,4:162,1,15
وَالْمُكَذِّبِينَ,1,73:11,1,17
وَالْمُنْخَنِقَةُ,1,5:3,1,17
وَالْمُنْفِقِينَ,1,3:17,1,16
وَالْمُوفُونَ,1,2:177,1,13
وَالْهُدَى,1,2:159,1,10
وَالْوَالِدَاتُ,1,2:233,1,15
وَالْوَتْرِ,1,89:3,1,11
وَالْوَزْنُ,1,7:8,1,11
وَامْتَازُوا,1,36:59,1,12
وَامْرَأَةً,1,33:50,1,11
وَامْرَأَتَ,1,66:10,1,11
وَامْرَأَتَانِ,1,2:282,1,14
وَامْرَأَتِي,1,3:40,1,12
وَامْسَحُوا,1,5:6,1,11
وَامْضُوا,1,15:65,1,9
وَانْتَصَرُوا,1,26:227,1,13
وَانْتَظِرُوا,1,11:122,1,13
وَانْتَظِرْ,1,32:30,1,11
وَانْحَرْ,1,108:2,1,9
وَانْشَقَّ,1,54:1,1,10
وَانْشَقَّتِ,1,69:16,1,12
وَانْصُرُوا,1,21:68,1,11
وَانْطَلَقَ,1,38:6,1,11
وَانْظُرُوا,1,7:86,1,11
وَانْظُرْنَا,1,4:46,1,12
وَانْقَلَبُوا,1,7:119,1,13
وَانْهَ,1,31:17,1,7
وَاهِيَةٌ,1,69:16,1,9
وَاهْجُرُوهُنَّ,1,4:34,1,15
وَاهْجُرْنِي,1,19:46,1,12
وَاهْجُرْهُمْ,1,73:10,1,13
وَاهْدِنَا,1,38:22,1,10
وَبَارَكَ,1,41:10,1,9
وَبَارَكْنَا,1,37:113,1,12
وَبَاطِنَةً,1,31:20,1,11
وَبَاطِنَهُ,1,6:120,1,11
وَبَدَأَ,1,32:7,1,8
وَبَدَّلْنَاهُمْ,1,34:16,1,16
وَبَرَكَاتٍ,1,11:48,1,11
وَبَرَكَاتُهُ,1,11:73,1,13
وَبَرْقٌ,1,2:19,1,8
وَبَسَرَ,1,74:22,1,8
وَبَشَّرُوهُ,1,51:28,1,12
وَبَشَّرْنَاهُ,1,37:112,1,14
وَبَصَلِهَا,1,2:61,1,11
وَبَطَلَ,1,7:118,1,8
وَبَعَثْنَا,1,5:12,1,11
وَبَقِيَّةٌ,1,2:248,1,11
وَبَلَغَ,1,46:15,1,8
وَبَلَغَتِ,1,33:10,1,10
وَبَلَغْنَا,1,6:128,1,11
وَبَلَوْنَاهُمْ,1,7:168,1,15
وَبَنَاتٍ,1,6:100,1,9
وَبَنَاتُكُمْ,1,4:23,1,13
وَبَنَاتِكَ,1,33:59,1,11
وَبَنَيْنَا,1,78:12,1,11
وَبَنِيهِ,1,80:36,1,9
وَبَنِيَّ,1,14:35,1,9
وَبَوَّأَكُمْ,1,7:74,1,13
وَبَيَّنُوا,1,2:160,1,11
وَبَيِّنَاتٍ,1,2:185,1,12
وَبَيْنَهُمَا,1,7:46,1,13
وَبُسَّتِ,1,56:5,1,9
وَبُعُولَتُهُنَّ,1,2:228,1,16
وَبُكِيًّا,1,19:58,1,10
وَبُكْمًا,1,17:97,1,9
وَبُكْمٌ,1,6:39,1,8
وَبِئْرٍ,1,22:45,1,8
وَبِالرَّسُولِ,1,24:47,1,14
وَبِالزُّبُرِ,1,35:25,1,13
وَبِاللَّيْلِ,1,37:138,1,13
وَبِالنَّجْمِ,1,16:16,1,13
وَبِالَّذِي,1,3:183,1,11
وَبِالْآخِرَةِ,1,2:4,1,14
وَبِالْأَسْحَارِ,1,51:18,1,16
وَبِالْكِتَابِ,1,35:25,1,14
وَبِالْمُؤْمِنِينَ,1,8:62,1,18
وَبِالْيَوْمِ,1,2:8,1,13
وَبِدَارًا,1,4:6,1,10
وَبِدَارِهِ,1,28:81,1,11
وَبِذَلِكَ,1,6:163,1,10
وَبِذِي,1,4:36,1,7
وَبِرَحْمَتِهِ,1,10:58,1,14
وَبِرَسُولِهِ,1,9:54,1,13
وَبِرَسُولِي,1,5:111,1,12
وَبِصَدِّهِمْ,1,4:160,1,13
وَبِعَهْدِ,1,6:152,1,10
وَبِكَلَامِي,1,7:144,1,12
وَبِكُفْرِهِمْ,1,4:156,1,14
وَبِمَنْ,1,27:47,1,8
وَبِنِعْمَةِ,1,29:67,1,12
وَبِنِعْمَتِ,1,16:72,1,12
وَبِيلًا,1,73:16,1,8
وَبِيَعٌ,1,22:40,1,8
وَتَأْبَى,1,9:8,1,9
وَتَأْتُونَ,1,29:29,1,11
وَتَأْسِرُونَ,1,33:26,1,13
وَتَأْكُلُونَ,1,89:19,1,13
وَتَابَ,1,58:13,1,7
وَتَاللَّهِ,1,21:57,1,11
وَتَبَارَكَ,1,43:85,1,11
وَتَبَتَّلْ,1,73:8,1,11
وَتَبَيَّنَ,1,14:45,1,11
وَتَبَّ,1,111:1,1,7
وَتَبْغُونَهَا,1,7:86,1,14
وَتَتَلَقَّاهُمُ,1,21:103,1,16
وَتَتَّخِذُونَ,1,26:129,1,14
وَتَثْبِيتًا,1,2:265,1,12
وَتَحِيَّتُهُمْ,1,10:10,1,15
وَتَحْرِيرُ,1,4:92,1,11
وَتَحْسَبُهُمْ,1,18:18,1,14
وَتَحْسَبُونَهُ,1,24:15,1,15
وَتَحْمِلُ,1,16:7,1,10
وَتَخَلَّتْ,1,84:4,1,11
وَتَخُونُوا,1,8:27,1,11
وَتَخِرُّ,1,19:90,1,9
وَتَخْشَى,1,33:37,1,9
وَتَخْلُقُونَ,1,29:17,1,13
وَتَدْعُوا,1,47:35,1,10
وَتَدْعُونَنِي,1,40:41,1,14
وَتَذُوقُوا,1,16:94,1,11
وَتَذْكِيرِي,1,10:71,1,12
وَتَذْهَبَ,1,8:46,1,10
وَتَرَبَّصْتُمْ,1,57:14,1,15
وَتَرَكَهُمْ,1,2:17,1,12
وَتَرَكُوكَ,1,62:11,1,11
وَتَرَكْتُمْ,1,6:94,1,12
وَتَرْجُونَ,1,4:104,1,11
وَتَرْحَمْنَا,1,7:23,1,13
وَتَرْحَمْنِي,1,11:47,1,13
وَتَرْزُقُ,1,3:27,1,10
وَتَرْغَبُونَ,1,4:127,1,13
وَتَرْهَقُهُمْ,1,10:27,1,14
وَتَزَوَّدُوا,1,2:197,1,13
وَتَسِيرُ,1,52:10,1,9
وَتَسْبِيحَهُ,1,24:41,1,13
وَتَسْتَخْرِجُوا,1,16:14,1,16
وَتَسْتَخْرِجُونَ,1,35:12,1,17
وَتَسْلِيمًا,1,33:22,1,12
وَتَسْوَدُّ,1,3:106,1,11
وَتَشَاوُرٍ,1,2:233,1,11
وَتَشْتَكِي,1,58:1,1,11
وَتَشْهَدُ,1,36:65,1,10
وَتَصَدَّقْ,1,12:88,1,11
وَتَصُدُّونَ,1,7:86,1,12
وَتَصِفُ,1,16:62,1,8
وَتَصْدِيَةً,1,8:35,1,12
وَتَصْفَحُوا,1,64:14,1,12
وَتَصْلِيَةُ,1,56:94,1,12
وَتَضَعُ,1,22:2,1,8
وَتَضْحَكُونَ,1,53:60,1,13
وَتَطْمَئِنَّ,1,5:113,1,13
وَتَطْمَئِنُّ,1,13:28,1,13
وَتَعَاوَنُوا,1,5:2,1,13
وَتَعِيَهَا,1,69:12,1,11
وَتَعْلَمَ,1,9:43,1,10
وَتَعْمَلْ,1,33:31,1,10
وَتَغْشَى,1,14:50,1,9
وَتَغْفِرُوا,1,64:14,1,12
وَتَفَاخُرٌ,1,57:20,1,11
وَتَفَقَّدَ,1,27:20,1,11
وَتَفْرِيقًا,1,9:107,1,12
وَتَقَبَّلْ,1,14:40,1,11
وَتَقَطَّعَتْ,1,2:166,1,13
وَتَقَطَّعُوا,1,21:93,1,13
وَتَقَلُّبَكَ,1,26:219,1,13
وَتَقُولُ,1,50:30,1,9
وَتَقُولُوا,1,43:13,1,11
وَتَقُولُونَ,1,24:15,1,12
وَتَقْطَعُونَ,1,29:29,1,13
وَتَقْوَاهَا,1,91:8,1,12
وَتَكَاثُرٌ,1,57:20,1,11
وَتَكُونَ,1,10:78,1,9
وَتَكْتُمُوا,1,2:42,1,12
وَتَكْتُمُونَ,1,3:71,1,13
وَتَكْفُرُونَ,1,2:85,1,13
وَتَلَذُّ,1,43:71,1,9
وَتَلَّهُ,1,37:103,1,9
وَتَمَاثِيلَ,1,34:13,1,12
وَتَمَتَّعُوا,1,77:46,1,13
وَتَنَاجَوْا,1,58:9,1,12
وَتَنَازَعْتُمْ,1,3:152,1,15
وَتَنْزِعُ,1,3:26,1,10
وَتَنْشَقُّ,1,19:90,1,11
وَتَنْهَوْنَ,1,3:110,1,12
وَتَهْدِي,1,7:155,1,9
وَتَوَدُّونَ,1,8:7,1,12
وَتَوَلَّ,1,37:178,1,9
وَتَوْفِيقًا,1,4:62,1,12
وَتُؤْتُوهَا,1,2:271,1,12
وَتُؤْوِي,1,33:51,1,9
وَتُبْ,1,2:128,1,6
وَتُبْرِئُ,1,5:110,1,10
وَتُجَاهِدُونَ,1,61:11,1,14
وَتُحِبُّونَ,1,89:20,1,12
وَتُحْشَرُونَ,1,3:12,1,13
وَتُخْرِجُونَ,1,2:85,1,13
وَتُخْفُونَ,1,6:91,1,11
وَتُخْفِي,1,33:37,1,9
وَتُدْلُوا,1,2:188,1,10
وَتُذِلُّ,1,3:26,1,9
وَتُزَكِّيهِمْ,1,9:103,1,14
وَتُسَبِّحُوهُ,1,48:9,1,14
وَتُسَلِّمُوا,1,24:27,1,13
وَتُصْلِحُوا,1,2:224,1,12
وَتُعَزِّرُوهُ,1,48:9,1,14
وَتُعِزُّ,1,3:26,1,9
وَتُقَطِّعُوا,1,47:22,1,13
وَتُقْسِطُوا,1,60:8,1,12
وَتُكَلِّمُنَا,1,36:65,1,14
وَتُوبُوا,1,24:31,1,9
وَتُولِجُ,1,3:27,1,9
وَتُوَفَّى,1,16:111,1,10
وَتُوَقِّرُوهُ,1,48:9,1,14
وَتِجَارَةٌ,1,9:24,1,11
وَتِسْعُونَ,1,38:23,1,11
وَثَاقَهُ,1,89:26,1,9
وَثَامِنُهُمْ,1,18:22,1,13
وَثَمَانِيَةَ,1,69:7,1,13
وَثُلَّةٌ,1,56:40,1,9
وَثُلُثَهُ,1,73:20,1,10
وَثِقَالًا,1,9:41,1,10
وَثِيَابَكَ,1,74:4,1,11
وَجَاءَتْهُ,1,11:74,1,11
وَجَاءَكَ,1,11:120,1,9
وَجَاءَكُمُ,1,35:37,1,11
وَجَاءَهُ,1,11:78,1,9
وَجَاءَهُمْ,1,44:17,1,11
وَجَادَلُوا,1,40:5,1,11
وَجَادِلْهُمْ,1,16:125,1,13
وَجَاعِلُ,1,3:55,1,9
وَجَاعِلُوهُ,1,28:7,1,12
وَجَاهَدَ,1,9:19,1,9
وَجَاهِدْهُمْ,1,25:52,1,13
وَجَبَتْ,1,22:36,1,8
وَجَحَدُوا,1,27:14,1,10
وَجَحِيمًا,1,73:12,1,10
وَجَدُوا,1,12:65,1,8
وَجَدْتُ,1,27:23,1,8
وَجَدْتُهَا,1,27:24,1,11
وَجَدْنَاهُ,1,38:44,1,11
وَجَرَيْنَ,1,10:22,1,10
وَجَزَاءُ,1,42:40,1,9
وَجَزَاهُمْ,1,76:12,1,11
وَجَعَلَكُمْ,1,5:20,1,12
وَجَعَلَهَا,1,43:28,1,11
وَجَعَلْتُ,1,74:12,1,10
وَجَمَعَ,1,70:18,1,8
وَجَنَى,1,55:54,1,7
وَجَنَّتُ,1,56:89,1,9
وَجَهْرًا,1,16:75,1,9
وَجَهْرَكُمْ,1,6:3,1,12
وَجَّهْتُ,1,6:79,1,9
وَجُلُودُهُمْ,1,41:20,1,13
وَجُمِعَ,1,75:9,1,8
وَجُنُوبُهُمْ,1,9:35,1,13
وَجُنُودًا,1,33:9,1,10
وَجُنُودُ,1,26:95,1,9
وَجِئْتُكَ,1,27:22,1,10
وَجِئْتُكُمْ,1,3:50,1,12
وَجِبْرِيلَ,1,2:98,1,11
وَجِبْرِيلُ,1,66:4,1,11
وَجِفَانٍ,1,34:13,1,9
وَجِلَةٌ,1,23:60,1,8
وَجِلُونَ,1,15:52,1,9
وَجِهَادٍ,1,9:24,1,9
وَجْهَهَا,1,51:29,1,9
وَجْهِكَ,1,2:144,1,8
وَجْهِهَا,1,5:108,1,9
وَحَاجَّهُ,1,6:80,1,10
وَحَالَ,1,11:43,1,7
وَحَبَّ,1,50:9,1,7
وَحَبِطَ,1,11:16,1,8
وَحَبْلٍ,1,3:112,1,8
وَحَدَائِقَ,1,80:30,1,11
وَحَرَامٌ,1,21:95,1,9
وَحَرَّمَ,1,2:275,1,9
وَحَرَّمُوا,1,6:140,1,11
وَحَرَّمْنَا,1,28:12,1,12
وَحَرِيرًا,1,76:12,1,10
وَحَرِّضِ,1,4:84,1,9
وَحَرْثٌ,1,6:138,1,8
وَحَزَنًا,1,28:8,1,9
وَحَسُنَ,1,4:69,1,8
وَحَسُنَتْ,1,18:31,1,10
وَحَسِبُوا,1,5:71,1,10
وَحَشَرْنَا,1,6:111,1,11
وَحَشَرْنَاهُمْ,1,18:47,1,15
وَحَصُورًا,1,3:39,1,10
وَحَصِيدٌ,1,11:100,1,9
وَحَفَدَةً,1,16:72,1,10
وَحَفَفْنَاهُمَا,1,18:32,1,16
وَحَفِظْنَاهَا,1,15:17,1,14
وَحَقَّ,1,41:25,1,7
وَحَكَمًا,1,4:35,1,9
وَحَلَائِلُ,1,4:23,1,11
وَحَلَالًا,1,10:59,1,10
وَحَمَلَهَا,1,33:72,1,11
وَحَمَلْنَاهُ,1,54:13,1,13
وَحَمَلْنَاهُمْ,1,17:70,1,15
وَحَمِيمٍ,1,56:42,1,9
وَحَمْلُهُ,1,46:15,1,10
وَحَنَانًا,1,19:13,1,10
وَحُزْنِي,1,12:86,1,9
وَحُسْنُ,1,13:29,1,8
وَحُشِرَ,1,27:17,1,8
وَحُصِّلَ,1,100:10,1,9
وَحُلُّوا,1,76:21,1,9
وَحُمِلَتِ,1,69:14,1,10
وَحُمْرٌ,1,35:27,1,8
وَحُورٌ,1,56:22,1,7
وَحِجْرًا,1,25:53,1,9
وَحِكْمَةٍ,1,3:81,1,10
وَحِيدًا,1,74:11,1,8
وَحِيلَ,1,34:54,1,7
وَحْيًا,1,42:51,1,7
وَحْيٌ,1,53:4,1,6
وَحْيُهُ,1,20:114,1,8
وَخَابَ,1,14:15,1,7
وَخَاتَمَ,1,33:40,1,9
وَخَافَ,1,14:14,1,7
وَخَافُونِ,1,3:175,1,10
وَخَالَاتُكُمْ,1,4:23,1,14
وَخَرَقُوا,1,6:100,1,10
وَخَرُّوا,1,12:100,1,9
وَخَسَفَ,1,75:8,1,8
وَخَشَعَتِ,1,20:108,1,10
وَخَشِيَ,1,36:11,1,8
وَخَلَقَهُمْ,1,6:100,1,12
وَخَلَقْنَا,1,36:42,1,11
وَخَلَقْنَاكُمْ,1,78:8,1,15
وَخُذُوا,1,4:102,1,8
وَخُذُوهُمْ,1,9:5,1,11
وَخُذْ,1,38:44,1,6
وَخُضْتُمْ,1,9:69,1,10
وَخُلِقَ,1,4:28,1,8
وَخِيفَةً,1,7:205,1,9
وَدًّا,1,71:23,1,6
وَدَاعِيًا,1,33:46,1,10
وَدَانِيَةً,1,76:14,1,11
وَدَاوُودَ,1,21:78,1,10
وَدَرَسُوا,1,7:169,1,10
وَدَعْ,1,33:48,1,6
وَدَمٍ,1,16:66,1,6
وَدَمَّرْنَا,1,7:137,1,12
وَدَّتْ,1,3:69,1,7
وَدَّعَكَ,1,93:3,1,9
وَدُسُرٍ,1,54:13,1,8
وَدُودٌ,1,11:90,1,7
وَدُونَ,1,7:205,1,7
وَدِيَارَهُمْ,1,33:27,1,13
وَدِيَةٌ,1,4:92,1,8
وَذَاتَ,1,18:18,1,7
وَذَرِ,1,6:70,1,6
وَذَرْنِي,1,73:11,1,9
وَذَكَرُوا,1,26:227,1,10
وَذَكِّرْهُمْ,1,14:5,1,13
وَذَلَّلْنَاهَا,1,36:72,1,15
وَذَلِكُمْ,1,41:23,1,10
وَذُرِّيَّاتِنَا,1,25:74,1,16
وَذُرِّيَّةً,1,13:38,1,12
وَذُرِّيَّتَهَا,1,3:36,1,15
وَذُرِّيَّتَهُ,1,18:50,1,14
وَذُكِرَ,1,47:20,1,8
وَذُلِّلَتْ,1,76:14,1,11
وَذُو,1,41:43,1,5
وَذِكْرًا,1,21:48,1,9
وَذِكْرُ,1,21:24,1,8
وَذِلَّةٌ,1,7:152,1,9
وَذِي,1,2:83,1,5
وَرَأَوْا,1,7:149,1,9
وَرَأَى,1,18:53,1,7
وَرَأَيْتَ,1,110:2,1,10
وَرَأَيْتَهُمْ,1,63:5,1,14
وَرَاءَهُ,1,2:91,1,9
وَرَائِكُمْ,1,4:102,1,11
وَرَائِي,1,19:5,1,8
وَرَابِطُوا,1,3:200,1,11
وَرَاعِنَا,1,4:46,1,10
وَرَافِعُكَ,1,3:55,1,11
وَرَاوَدَتْهُ,1,12:23,1,13
وَرَبٌّ,1,34:15,1,7
وَرَبَائِبُكُمُ,1,4:23,1,15
وَرَبَطْنَا,1,18:14,1,11
وَرَبَّ,1,37:126,1,7
وَرَبَّكَ,1,74:3,1,9
وَرَبُّنَا,1,21:112,1,10
وَرَبِّ,1,45:36,1,7
وَرَبِّكَ,1,4:65,1,9
وَرَتَّلْنَاهُ,1,25:32,1,14
وَرَتِّلِ,1,73:4,1,9
وَرَثَةِ,1,26:85,1,8
وَرَجُلًا,1,39:29,1,9
وَرَجِلِكَ,1,17:64,1,10
وَرَحْمَتُ,1,43:32,1,10
وَرَحْمَتِي,1,7:156,1,11
وَرَدَ,1,28:23,1,6
وَرَدَّ,1,33:25,1,7
وَرَدُوهَا,1,21:99,1,10
وَرَزَقَنِي,1,11:88,1,11
وَرَسُولًا,1,3:49,1,10
وَرَسُولٌ,1,43:29,1,9
وَرَضِيتُ,1,5:3,1,9
وَرَضِيَ,1,20:109,1,8
وَرَعْدٌ,1,2:19,1,8
وَرَفَعْنَاهُ,1,19:57,1,13
وَرَقَةٍ,1,6:59,1,8
وَرَهَبًا,1,21:90,1,9
وَرَهْبَانِيَّةً,1,57:27,1,16
وَرَوَاحُهَا,1,34:12,1,12
وَرَيْحَانٌ,1,56:89,1,11
وَرُدُّوا,1,10:30,1,9
وَرُسُلَهُ,1,57:25,1,10
وَرُسُلُنَا,1,43:80,1,11
وَرُمَّانٌ,1,55:68,1,10
وَرُهْبَانًا,1,5:82,1,12
وَرُهْبَانَهُمْ,1,9:31,1,15
وَرُوحٌ,1,4:171,1,7
وَرِئَاءَ,1,8:47,1,9
وَرِئْيًا,1,19:74,1,9
وَرِثُوا,1,7:169,1,8
وَرِزْقًا,1,16:67,1,9
وَرِزْقُ,1,20:131,1,8
وَرِسَالَاتِهِ,1,72:23,1,14
وَرِمَاحُكُمْ,1,5:94,1,13
وَرِيشًا,1,7:26,1,8
وَرْدَةً,1,55:37,1,8
وَزَادَكُمْ,1,7:69,1,11
وَزَادَهُ,1,2:247,1,9
وَزَادَهُمْ,1,25:60,1,11
وَزَرَ,1,75:11,1,6
وَزَرَابِيُّ,1,88:16,1,12
وَزَرْعٌ,1,13:4,1,8
وَزَفِيرًا,1,25:12,1,10
وَزَكَاةً,1,19:13,1,9
وَزَنُوهُمْ,1,83:3,1,11
وَزَهَقَ,1,17:81,1,8
وَزَوْجِهِ,1,2:102,1,10
وَزَيَّنَهُ,1,49:7,1,11
وَزَيَّنَّا,1,41:12,1,11
وَزَيْتُونًا,1,80:29,1,12
وَزُخْرُفًا,1,43:35,1,11
وَزُلَفًا,1,11:114,1,9
وَزُيِّنَ,1,48:12,1,9
وَزِدْنَاهُمْ,1,18:13,1,13
وَزِينَةً,1,16:8,1,9
وَزِينَةٌ,1,57:20,1,9
وَزِينَتُهَا,1,28:60,1,12
وَزِيَادَةٌ,1,10:26,1,11
وَزْنًا,1,18:105,1,7
وَسَارَ,1,28:29,1,7
وَسَارِبٌ,1,13:10,1,9
وَسَارِعُوا,1,3:133,1,11
وَسَبَّحُوا,1,32:15,1,11
وَسَبِّحُوهُ,1,33:42,1,12
وَسَبِّحْهُ,1,76:26,1,11
وَسَبْعَ,1,12:43,1,8
وَسَبْعَةٍ,1,2:196,1,10
وَسَبْعِ,1,12:46,1,8
وَسَتُرَدُّونَ,1,9:105,1,14
وَسَخَّرْنَا,1,21:79,1,12
وَسَرَابِيلَ,1,16:81,1,12
وَسَرِّحُوهُنَّ,1,33:49,1,15
وَسَطًا,1,2:143,1,7
وَسَعَةً,1,4:100,1,8
وَسَعِيدٌ,1,11:105,1,9
وَسَعِيرًا,1,76:4,1,10
وَسَفَرًا,1,9:42,1,9
وَسَقَ,1,84:17,1,6
وَسَقَاهُمْ,1,76:21,1,11
وَسَكَنْتُمْ,1,14:45,1,12
وَسَلَكَ,1,20:53,1,8
وَسَلِّمُوا,1,33:56,1,11
وَسَمِعْنَا,1,32:12,1,11
وَسَمْعِهِمْ,1,16:108,1,12
وَسَنَجْزِي,1,3:145,1,11
وَسَنَزِيدُ,1,2:58,1,11
وَسَنَقُولُ,1,18:88,1,11
وَسَوَاءٌ,1,36:10,1,9
وَسَيَجْزِي,1,3:144,1,11
وَسَيَحْلِفُونَ,1,9:42,1,15
وَسَيَرَى,1,9:94,1,9
وَسَيَصْلَوْنَ,1,4:10,1,14
وَسَيُجَنَّبُهَا,1,92:17,1,16
وَسَيُحْبِطُ,1,47:32,1,12
وَسَيِّدًا,1,3:39,1,10
وَسُبُلًا,1,16:15,1,9
وَسُرُرًا,1,43:34,1,9
وَسُرُورًا,1,76:11,1,10
وَسُقُوا,1,47:15,1,8
وَسُقْيَاهَا,1,91:13,1,12
وَسُيِّرَتِ,1,78:20,1,11
وَسِرَاجًا,1,33:46,1,10
وَسِعَتْ,1,7:156,1,8
وَسِعْتَ,1,40:7,1,8
وَشَارِكْهُمْ,1,17:64,1,13
وَشَاقُّوا,1,47:32,1,10
وَشَاهِدٍ,1,85:3,1,9
وَشَاوِرْهُمْ,1,3:159,1,13
وَشَجَرَةً,1,23:20,1,10
وَشَرَابٌ,1,38:42,1,9
وَشَرَابٍ,1,38:51,1,9
وَشَرَابِكَ,1,2:259,1,11
وَشَرَوْهُ,1,12:20,1,10
وَشَفَتَيْنِ,1,90:9,1,12
وَشَهِيدٌ,1,50:21,1,9
وَشَهِيقٌ,1,11:106,1,9
وَشَيْءٍ,1,34:16,1,8
وَشَيْبَةً,1,30:54,1,10
وَشُرَكَاءَكُمْ,1,10:71,1,15
وَشُرَكَاؤُكُمْ,1,10:28,1,15
وَشُهُبًا,1,72:8,1,9
وَشِقَاقٍ,1,38:2,1,9
وَشِمَالٍ,1,34:15,1,9
وَصَابِرُوا,1,3:200,1,11
وَصَاحِبْهُمَا,1,31:15,1,14
وَصَالِحُ,1,66:4,1,9
وَصَبَرُوا,1,16:110,1,10
وَصَدٌّ,1,2:217,1,7
وَصَدَفَ,1,6:157,1,8
وَصَدَّقَتْ,1,66:12,1,11
وَصَدَّهَا,1,27:43,1,10
وَصَدُّوكُمْ,1,48:25,1,12
وَصَلَوَاتٌ,1,22:40,1,11
وَصَلَوَاتِ,1,9:99,1,11
وَصَلِّ,1,9:103,1,7
وَصَّاكُمُ,1,6:144,1,10
وَصَّلْنَا,1,28:51,1,10
وَصَّى,1,42:13,1,6
وَصُدَّ,1,40:37,1,7
وَصُدُّوا,1,13:33,1,9
وَصُمًّا,1,17:97,1,8
وَصِبْغٍ,1,23:20,1,8
وَصِهْرًا,1,25:54,1,9
وَصِيلَةٍ,1,5:103,1,9
وَصْفَهُمْ,1,6:139,1,10
وَضَائِقٌ,1,11:12,1,9
وَضَرَبْنَا,1,14:45,1,11
وَضَعَتْ,1,3:36,1,8
وَضَعَتْهَا,1,3:36,1,11
وَضَعَهَا,1,55:10,1,9
وَضَعْتُهَا,1,3:36,1,11
وَضَلُّوا,1,5:77,1,9
وَضُحَاهَا,1,91:1,1,10
وَضِعْفَ,1,17:75,1,8
وَضِيَاءً,1,21:48,1,9
وَطَبَعَ,1,9:93,1,8
وَطَعَامًا,1,73:13,1,10
وَطَعَامُ,1,5:5,1,9
وَطَعَامُكُمْ,1,5:5,1,13
وَطَعَامُهُ,1,5:96,1,11
وَطَعَنُوا,1,9:12,1,10
وَطَعْنًا,1,4:46,1,9
وَطَلْحٍ,1,56:29,1,8
وَطَهَّرَكِ,1,3:42,1,11
وَطَهِّرْ,1,22:26,1,9
وَطُبِعَ,1,9:87,1,8
وَطُورِ,1,95:2,1,7
وَطْئًا,1,73:6,1,7
وَظَالِمٌ,1,37:113,1,9
وَظَاهَرُوا,1,60:9,1,11
وَظَاهِرُهُ,1,57:13,1,11
وَظَنَنْتُمْ,1,48:12,1,12
وَظَهَرَ,1,9:48,1,8
وَظُلْمًا,1,4:30,1,9
وَظُهُورُهُمْ,1,9:35,1,13
وَظِلَالُهُمْ,1,13:15,1,13
وَظِلُّهَا,1,13:35,1,10
وَعَاشِرُوهُنَّ,1,4:19,1,15
وَعَبَدَ,1,5:60,1,8
وَعَبْقَرِيٍّ,1,55:76,1,13
وَعَجِبُوا,1,38:4,1,10
وَعَجِلْتُ,1,20:84,1,10
وَعَدَسِهَا,1,2:61,1,11
وَعَدَكُمُ,1,48:20,1,10
وَعَدَكُمْ,1,14:22,1,10
وَعَدَّدَهُ,1,104:2,1,11
وَعَدَّهُمْ,1,19:94,1,11
وَعَدُوهُ,1,9:77,1,9
وَعَدُوٌّ,1,20:39,1,9
وَعَدْتَنَا,1,3:194,1,11
وَعَدْتَهُمْ,1,40:8,1,12
وَعَدْلًا,1,6:115,1,9
وَعَدْنَاهُ,1,28:61,1,11
وَعَدْنَاهُمْ,1,43:42,1,13
وَعَدْوًا,1,10:90,1,9
وَعَذَابًا,1,73:13,1,10
وَعَذَابٍ,1,38:41,1,9
وَعَذَّبَ,1,9:26,1,9
وَعَذَّبْنَاهَا,1,65:8,1,15
وَعَرَبِيٌّ,1,41:44,1,11
وَعَرَضْنَا,1,18:100,1,11
وَعَزَّرُوهُ,1,7:157,1,12
وَعَزَّرْتُمُوهُمْ,1,5:12,1,18
وَعَزَّنِي,1,38:23,1,10
وَعَشِيرَتُكُمْ,1,9:24,1,15
وَعَشْرًا,1,2:234,1,9
وَعَصَوُا,1,4:42,1,9
وَعَصَوْا,1,11:59,1,9
وَعَصَيْتُمْ,1,3:152,1,12
وَعَفَا,1,2:187,1,7
وَعَلَامَاتٍ,1,16:16,1,12
وَعَلَيْكُمْ,1,24:54,1,12
وَعَلَيْنَا,1,13:40,1,11
وَعَلَيْهِمْ,1,42:16,1,12
وَعَلَّمَ,1,2:31,1,9
وَعَلَّمَكَ,1,4:113,1,11
وَعَلَّمَهُ,1,2:251,1,11
وَعَلَّمْتَنِي,1,12:101,1,14
وَعَلِمَ,1,8:66,1,8
وَعَمَرُوهَا,1,30:9,1,12
وَعَمَلِهِ,1,66:11,1,10
وَعَمَّاتُكُمْ,1,4:23,1,14
وَعَنَتِ,1,20:111,1,8
وَعَهِدْنَا,1,2:125,1,11
وَعُرِضُوا,1,18:48,1,10
وَعُقْبَى,1,13:35,1,9
وَعُلُوًّا,1,27:14,1,10
وَعُلِّمْتُمْ,1,6:91,1,13
وَعُمْيَانًا,1,25:73,1,12
وَعِبَادُ,1,25:63,1,9
وَعِدْهُمْ,1,17:64,1,10
وَعِصِيَّهُمْ,1,26:44,1,13
وَعِصِيُّهُمْ,1,20:66,1,13
وَعِظْهُمْ,1,4:63,1,10
وَعِمَارَةَ,1,9:19,1,11
وَعِنَبًا,1,80:28,1,9
وَعِنَبٍ,1,17:91,1,8
وَعِنْدَنَا,1,50:4,1,11
وَعِنْدَهُمُ,1,5:43,1,12
وَعْدٌ,1,11:65,1,6
وَعْدَكَ,1,11:45,1,8
وَعْدِهِ,1,14:47,1,8
وَغَدَوْا,1,68:25,1,9
وَغَرَابِيبُ,1,35:27,1,12
وَغَرَّكُمْ,1,57:14,1,11
وَغَرَّهُمْ,1,3:24,1,11
وَغَسَّاقًا,1,78:25,1,11
وَغَسَّاقٌ,1,38:57,1,10
وَغَضَبٌ,1,7:71,1,8
وَغَفَرَ,1,42:43,1,8
وَغَلَّقَتِ,1,12:23,1,11
وَغَوَّاصٍ,1,38:37,1,10
وَغَيْرُ,1,13:4,1,8
وَغَيْرِ,1,22:5,1,8
وَغِيضَ,1,11:44,1,7
وَفَاكِهَةً,1,80:31,1,11
وَفَتَنَّاكَ,1,20:40,1,12
وَفَتْحٌ,1,61:13,1,8
وَفَدَيْنَاهُ,1,37:107,1,13
وَفَرَضْنَاهَا,1,24:1,1,14
وَفَرِيقٌ,1,42:7,1,9
وَفَرْشًا,1,6:142,1,9
وَفَرْعُهَا,1,14:24,1,11
وَفَسَادٌ,1,8:73,1,9
وَفَصِيلَتِهِ,1,70:13,1,13
وَفَصْلَ,1,38:20,1,8
وَفَضَّلَ,1,4:95,1,9
وَفَضْلًا,1,2:268,1,9
وَفَعَلْتَ,1,26:19,1,10
وَفَوَاكِهَ,1,77:42,1,11
وَفَوْقَ,1,12:76,1,8
وَفَّى,1,53:37,1,6
وَفُتِحَتِ,1,78:19,1,10
وَفُتِحَتْ,1,39:73,1,10
وَفُرَادَى,1,34:46,1,10
وَفُرُشٍ,1,56:34,1,8
وَفُومِهَا,1,2:61,1,10
وَفِيهِ,1,12:49,1,7
وَفْدًا,1,19:85,1,7
وَقَائِمًا,1,39:9,1,10
وَقَابِلِ,1,40:3,1,9
وَقَاتَلَ,1,57:10,1,9
وَقَارًا,1,71:13,1,8
وَقَاسَمَهُمَا,1,7:21,1,14
وَقَالَا,1,27:15,1,8
وَقَبَ,1,113:3,1,6
وَقَبَائِلَ,1,49:13,1,11
وَقَبِيلُهُ,1,7:27,1,11
وَقَتَلَ,1,2:251,1,8
وَقَتَلْتَ,1,20:40,1,10
وَقَتْلَهُمُ,1,3:181,1,12
وَقَتْلِهِمُ,1,4:155,1,12
وَقَدَّتْ,1,12:25,1,9
وَقَدَّرَهُ,1,10:5,1,11
وَقَدَّرْنَا,1,34:18,1,12
وَقَدِمْنَا,1,25:23,1,11
وَقَدِّرْ,1,34:11,1,9
وَقَدِّمُوا,1,2:223,1,11
وَقَرَّبْنَاهُ,1,19:52,1,14
وَقَرِّي,1,19:26,1,8
وَقَرْنَ,1,33:33,1,8
وَقَصَّ,1,28:25,1,7
وَقَصْرٍ,1,22:45,1,8
وَقَضَى,1,17:23,1,7
وَقَضْبًا,1,80:28,1,9
وَقَطَعْنَا,1,7:72,1,11
وَقَطَّعْنَ,1,12:31,1,11
وَقَطَّعْنَاهُمُ,1,7:160,1,16
وَقَطَّعْنَاهُمْ,1,7:168,1,16
وَقَعَدَ,1,9:90,1,8
وَقَعَدُوا,1,3:168,1,10
وَقَلَّبُوا,1,9:48,1,11
وَقَلْبُهُ,1,16:106,1,10
وَقَمَرًا,1,25:61,1,9
وَقَوْلٌ,1,47:21,1,8
وَقَوْمَكَ,1,6:74,1,10
وَقَوْمَهَا,1,27:24,1,11
وَقَوْمَهُ,1,7:127,1,10
وَقَوْمَهُمَا,1,37:115,1,13
وَقَوْمَهُمْ,1,27:51,1,12
وَقَوْمُهُ,1,7:137,1,10
وَقَوْمُهُمَا,1,23:47,1,13
وَقَوْمِ,1,9:70,1,8
وَقَيَّضْنَا,1,41:25,1,12
وَقُتِلُوا,1,3:195,1,10
وَقُتِّلُوا,1,33:61,1,11
وَقُدُورٍ,1,34:13,1,9
وَقُرُونًا,1,25:38,1,10
وَقُرْآنًا,1,17:106,1,10
وَقُرْآنٌ,1,36:69,1,9
وَقُرْآنٍ,1,15:1,1,9
وَقُرْآنَ,1,17:78,1,9
وَقُرْآنَهُ,1,75:17,1,11
وَقُلُوبِهِنَّ,1,33:53,1,14
وَقُودُ,1,3:10,1,7
وَقُومُوا,1,2:238,1,9
وَقِثَّائِهَا,1,2:61,1,13
وَقِفُوهُمْ,1,37:24,1,11
وَقِهِمُ,1,40:9,1,8
وَقِهِمْ,1,40:7,1,8
وَقِيلِهِ,1,43:88,1,9
وَقِيَامًا,1,25:64,1,10
وَكَأْسًا,1,78:34,1,9
وَكَأْسٍ,1,56:18,1,8
وَكَادُوا,1,7:150,1,9
وَكَانَتْ,1,66:12,1,9
وَكَبِيرٍ,1,54:53,1,9
وَكَبِّرْهُ,1,17:111,1,11
وَكَذَّبْتُمْ,1,6:57,1,13
وَكَرَّهَ,1,49:7,1,9
وَكَشَفَتْ,1,27:44,1,10
وَكَشَفْنَا,1,23:75,1,11
وَكَفَرَ,1,88:23,1,8
وَكَفَرَتْ,1,61:14,1,10
وَكَفَرْتُمْ,1,46:10,1,12
وَكَفَرْنَا,1,40:84,1,11
وَكَفَّ,1,48:20,1,7
وَكَفَّلَهَا,1,3:37,1,12
وَكَفِّرْ,1,3:193,1,9
وَكَلَّمَ,1,4:164,1,9
وَكَلَّمَهُ,1,7:143,1,11
وَكَلَّمَهُمُ,1,6:111,1,13
وَكَلِمَاتِهِ,1,7:158,1,13
وَكَلِمَةُ,1,9:40,1,10
وَكَلِمَتُهُ,1,4:171,1,12
وَكَلْبُهُمْ,1,18:18,1,12
وَكَوَاعِبَ,1,78:33,1,11
وَكَّلْنَا,1,6:89,1,10
وَكُبَرَاءَنَا,1,33:67,1,14
وَكُذِّبَ,1,22:44,1,9
وَكُفْرٌ,1,2:217,1,8
وَكُفْرِهِمْ,1,4:155,1,12
وَكُلَا,1,2:35,1,7
وَكُلَّمَا,1,11:38,1,10
وَكُلُّهُمْ,1,19:95,1,11
وَكُنُوزٍ,1,26:58,1,9
وَكُونُوا,1,9:119,1,9
وَكِتَابٌ,1,5:15,1,9
وَكِسْوَتُهُنَّ,1,2:233,1,15
وَلَأَدْخَلْنَاهُمْ,1,5:65,1,19
وَلَأَمَةٌ,1,2:221,1,10
وَلَأَوْضَعُوا,1,9:47,1,14
وَلَأُدْخِلَنَّكُمْ,1,5:12,1,19
وَلَأُدْخِلَنَّهُمْ,1,3:195,1,19
وَلَأُضِلَّنَّهُمْ,1,4:119,1,18
وَلَأُغْوِيَنَّهُمْ,1,15:39,1,19
وَلَأُمَنِّيَنَّهُمْ,1,4:119,1,20
وَلَاتَ,1,38:3,1,7
وَلَايَتِهِمْ,1,8:72,1,13
وَلَبِثُوا,1,18:25,1,10
وَلَبِثْتَ,1,26:18,1,10
وَلَتَجِدَنَّ,1,5:82,1,13
وَلَتَجِدَنَّهُمْ,1,2:96,1,17
وَلَتَسْمَعُنَّ,1,3:186,1,15
وَلَتَعْرِفَنَّهُمْ,1,47:30,1,19
وَلَتَعْلُنَّ,1,17:4,1,13
وَلَتَكُونَنَّ,1,39:65,1,14
وَلَتَنَازَعْتُمْ,1,8:43,1,17
وَلَتَنْصُرُنَّهُ,1,3:81,1,17
وَلَتُسْأَلُنَّ,1,16:93,1,15
وَلَحْمٍ,1,52:22,1,8
وَلَحْمُ,1,5:3,1,8
وَلَحْمِ,1,56:21,1,8
وَلَدِهِ,1,31:33,1,8
وَلَدْنَهُمْ,1,58:2,1,12
وَلَذِكْرُ,1,29:45,1,10
وَلَسْتُمْ,1,2:267,1,10
وَلَعَبْدٌ,1,2:221,1,10
وَلَعَلَا,1,23:91,1,9
وَلَعَنَهُ,1,4:93,1,10
وَلَعَنَهُمُ,1,9:68,1,12
وَلَعَنَهُمْ,1,48:6,1,12
وَلَعِبٌ,1,29:64,1,8
وَلَقَّاهُمْ,1,76:11,1,12
وَلَكَ,1,28:9,1,6
وَلَكِنَّهُ,1,7:176,1,11
وَلَكِنَّهُمْ,1,9:56,1,13
وَلَلدَّارُ,1,6:32,1,11
وَلَلَبَسْنَا,1,6:9,1,13
وَلَمَنِ,1,42:41,1,8
وَلَمَنْ,1,42:43,1,8
وَلَمُلِئْتَ,1,18:18,1,12
وَلَنَا,1,2:139,1,7
وَلَنَجْزِيَنَّ,1,16:96,1,15
وَلَنَسْأَلَنَّ,1,7:6,1,15
وَلَنَصْبِرَنَّ,1,14:12,1,15
وَلَنَكُونَنَّ,1,9:75,1,14
وَلَنُخْرِجَنَّهُمْ,1,27:37,1,19
وَلَنُرْسِلَنَّ,1,7:134,1,15
وَلَنُسْكِنَنَّكُمُ,1,14:14,1,19
وَلَنِعْمَ,1,16:30,1,10
وَلَهَدَيْنَاهُمْ,1,4:68,1,17
وَلَهْوًا,1,6:70,1,9
وَلَيَأْتِيَنَّهُمْ,1,29:53,1,19
وَلَيَالٍ,1,89:2,1,9
وَلَيَحْلِفُنَّ,1,9:107,1,15
وَلَيَحْمِلُنَّ,1,29:13,1,15
وَلَيَكُونًا,1,12:32,1,12
وَلَيَمَسَّنَّكُمْ,1,36:18,1,18
وَلَيَنْصُرَنَّ,1,22:40,1,15
وَلَيُبَدِّلَنَّهُمْ,1,24:55,1,20
وَلَيُبَيِّنَنَّ,1,16:92,1,16
وَلَيُسْأَلُنَّ,1,29:13,1,15
وَلَيُمَكِّنَنَّ,1,24:55,1,16
وَلَيْسَتِ,1,4:18,1,10
وَلَّاهُمْ,1,2:142,1,10
وَلَّيْتُمْ,1,9:25,1,11
وَلُعِنُوا,1,5:64,1,10
وَلُومُوا,1,14:22,1,9
وَلِأَبَوَيْهِ,1,4:11,1,14
وَلِأَخِي,1,7:151,1,9
وَلِأُبَيِّنَ,1,43:63,1,13
وَلِأُتِمَّ,1,2:150,1,11
وَلِأُحِلَّ,1,3:50,1,11
وَلِإِخْوَانِنَا,1,59:10,1,16
وَلِبَاسُ,1,7:26,1,9
وَلِبُيُوتِهِمْ,1,43:34,1,15
وَلِتَتَّقُوا,1,7:63,1,13
وَلِتَجْرِيَ,1,30:46,1,12
وَلِتَسْتَبِينَ,1,6:55,1,15
وَلِتَصْغَى,1,6:113,1,11
وَلِتَعْلَمَ,1,28:13,1,12
وَلِتَعْلَمُوا,1,17:12,1,14
وَلِتَكُونَ,1,48:20,1,11
وَلِتُجْزَى,1,45:22,1,11
وَلِتُصْنَعَ,1,20:39,1,12
وَلِتُكَبِّرُوا,1,2:185,1,15
وَلِتُكْمِلُوا,1,2:185,1,14
وَلِتُنْذِرَ,1,6:92,1,12
وَلِذَلِكَ,1,11:119,1,10
وَلِرَبِّكَ,1,74:7,1,11
وَلِرَسُولِهِ,1,63:8,1,13
وَلِزَوْجِكَ,1,20:117,1,12
وَلِسَانًا,1,90:9,1,10
وَلِقَوْمِكَ,1,43:44,1,12
وَلِلرِّجَالِ,1,2:228,1,13
وَلِلسَّيَّارَةِ,1,5:96,1,16
وَلِلَّذِينَ,1,67:6,1,12
وَلِلْأَرْضِ,1,41:11,1,12
وَلِلْمُطَلَّقَاتِ,1,2:241,1,18
وَلِمَا,1,21:67,1,7
وَلِنَجْعَلَكَ,1,2:259,1,14
وَلِنَجْعَلَهُ,1,19:21,1,14
وَلِنُبَيِّنَهُ,1,6:105,1,15
وَلِنُعَلِّمَهُ,1,12:21,1,15
وَلِوَالِدَيْكَ,1,31:14,1,15
وَلِيجَةً,1,9:16,1,9
وَلِيدًا,1,26:18,1,8
وَلِيَبْتَلِيَ,1,3:154,1,14
وَلِيَتَذَكَّرَ,1,38:29,1,15
وَلِيَتَمَتَّعُوا,1,29:66,1,17
وَلِيَدْخُلُوا,1,17:7,1,14
وَلِيَذَّكَّرَ,1,14:52,1,14
وَلِيَرْبِطَ,1,8:11,1,12
وَلِيَرْضَوْهُ,1,6:113,1,14
وَلِيَعْلَمُوا,1,14:52,1,14
وَلِيَقُولَ,1,74:31,1,11
وَلِيَقُولُوا,1,6:105,1,13
وَلِيَقْتَرِفُوا,1,6:113,1,16
وَلِيَكُونَ,1,6:75,1,11
وَلِيَلْبِسُوا,1,6:137,1,14
وَلِيُبْلِيَ,1,8:17,1,12
وَلِيُتَبِّرُوا,1,17:7,1,15
وَلِيُتِمَّ,1,5:6,1,11
وَلِيُخْزِيَ,1,59:5,1,12
وَلِيُذِيقَكُمْ,1,30:46,1,15
وَلِيُنْذَرُوا,1,14:52,1,14
وَلِيُنْذِرُوا,1,9:122,1,14
وَلِيُوَفِّيَهُمْ,1,46:19,1,17
وَلِيُّكُمُ,1,5:55,1,11
وَلِيُّهُ,1,2:282,1,9
وَلِيُّهُمَا,1,3:122,1,12
وَلِيُّهُمُ,1,16:63,1,11
وَلِيُّهُمْ,1,6:127,1,11
وَلِيِّي,1,12:101,1,8
وَلِيِّيَ,1,7:196,1,9
وَلْتَأْتِ,1,4:102,1,10
وَلْتَكُنْ,1,3:104,1,10
وَلْتَنْظُرْ,1,59:18,1,12
وَلْنَحْمِلْ,1,29:12,1,12
وَلْيَبْكُوا,1,9:82,1,12
وَلْيَتَلَطَّفْ,1,18:19,1,15
وَلْيَجِدُوا,1,9:123,1,12
وَلْيَحْكُمْ,1,5:47,1,12
وَلْيَخْشَ,1,4:9,1,10
وَلْيَدْعُ,1,40:26,1,10
وَلْيَسْأَلُوا,1,60:10,1,14
وَلْيَسْتَعْفِفِ,1,24:33,1,16
وَلْيَشْهَدْ,1,24:2,1,12
وَلْيَصْفَحُوا,1,24:22,1,14
وَلْيَضْرِبْنَ,1,24:31,1,14
وَلْيَطَّوَّفُوا,1,22:29,1,16
وَلْيَعْفُوا,1,24:22,1,12
وَلْيَقُولُوا,1,4:9,1,13
وَلْيَكْتُبْ,1,2:282,1,12
وَلْيُؤْمِنُوا,1,2:186,1,14
وَلْيُمْلِلِ,1,2:282,1,12
وَلْيُوفُوا,1,22:29,1,11
وَمَأْجُوجَ,1,18:94,1,11
وَمَأْجُوجُ,1,21:96,1,11
وَمَاءٍ,1,56:31,1,7
وَمَاذَا,1,4:39,1,8
وَمَارُوتَ,1,2:102,1,10
وَمَتَّعْنَاهُمْ,1,10:98,1,16
وَمَتِّعُوهُنَّ,1,2:236,1,15
وَمَثَلُهُمْ,1,48:29,1,12
وَمَثْوَاكُمْ,1,47:19,1,13
وَمَحْيَايَ,1,6:162,1,11
وَمَرْعَاهَا,1,79:31,1,12
وَمَرْيَمَ,1,66:12,1,10
وَمَزَّقْنَاهُمْ,1,34:19,1,16
وَمَسَاجِدُ,1,22:40,1,11
وَمَسَاكِنُ,1,9:24,1,11
وَمَسَاكِنِكُمْ,1,21:13,1,15
وَمَشَارِبُ,1,36:73,1,11
وَمَشْهُودٍ,1,85:3,1,11
وَمَصِيرًا,1,25:15,1,10
وَمَضَى,1,43:8,1,7
وَمَعَارِجَ,1,43:33,1,11
وَمَعِينٍ,1,23:50,1,9
وَمَغَارِبَهَا,1,7:137,1,14
وَمَغَانِمَ,1,48:19,1,11
وَمَغْفِرَةً,1,4:96,1,12
وَمَقْتًا,1,4:22,1,9
وَمَكَرَ,1,3:54,1,8
وَمَكَرْنَا,1,27:50,1,11
وَمَكْرَ,1,35:43,1,8
وَمَكْرُ,1,35:10,1,8
وَمَلَأَهُ,1,10:88,1,10
وَمَلَئِهِمْ,1,10:83,1,12
وَمَلَائِكَتَهُ,1,33:56,1,15
وَمَلَائِكَتُهُ,1,33:43,1,15
وَمَمَاتُهُمْ,1,45:21,1,13
وَمَمَاتِي,1,6:162,1,10
وَمَنَاةَ,1,53:20,1,9
وَمَهَّدْتُ,1,74:14,1,11
وَمَهِّلْهُمْ,1,73:11,1,13
وَمَوَالِيكُمْ,1,33:5,1,14
وَمُحَرَّمٌ,1,6:139,1,11
وَمُخْرِجُ,1,6:95,1,10
وَمُرْسَاهَا,1,11:41,1,12
وَمُسْتَوْدَعٌ,1,6:98,1,14
وَمُسْتَوْدَعَهَا,1,11:6,1,17
وَمُطَهِّرُكَ,1,3:55,1,13
وَمُقَصِّرِينَ,1,48:27,1,14
وَمُلْكًا,1,76:20,1,9
وَمُلْكٍ,1,20:120,1,8
وَمُهَيْمِنًا,1,5:48,1,13
وَمِزَاجُهُ,1,83:27,1,11
وَمِنْكَ,1,33:7,1,8
وَمِنْهَاجًا,1,5:48,1,12
وَمِنْهُ,1,16:10,1,8
وَمِنْهُمُ,1,9:61,1,10
وَمِيثَاقَهُ,1,5:7,1,12
وَمِيكَالَ,1,2:98,1,10
وَنَادَاهُمَا,1,7:22,1,13
وَنَبَاتًا,1,78:15,1,10
وَنَبِيًّا,1,3:39,1,10
وَنَبْلُوكُمْ,1,21:35,1,13
وَنَبْلُوَ,1,47:31,1,10
وَنَتَجَاوَزُ,1,46:16,1,13
وَنَتَّبِعِ,1,14:44,1,11
وَنَجَّيْنَا,1,41:18,1,12
وَنَجَّيْنَاهُمَا,1,37:115,1,17
وَنَجَّيْنَاهُمْ,1,11:58,1,16
وَنَجِّنَا,1,10:86,1,10
وَنَجْعَلَ,1,34:33,1,10
وَنَجْعَلَهُمُ,1,28:5,1,14
وَنَجْعَلَهُمْ,1,28:5,1,14
وَنَجْعَلُ,1,28:35,1,10
وَنَحْشُرُ,1,20:102,1,10
وَنَحْشُرُهُ,1,20:124,1,12
وَنَحْشُرُهُمْ,1,17:97,1,14
وَنَحْفَظُ,1,12:65,1,10
وَنَخِيلٌ,1,13:4,1,9
وَنَخْزَى,1,20:134,1,9
وَنَخْلًا,1,80:29,1,9
وَنَخْلٌ,1,55:68,1,8
وَنَخْلٍ,1,26:148,1,8
وَنَذَرَ,1,7:70,1,8
وَنَذَرُ,1,19:72,1,8
وَنَذَرُهُمْ,1,6:110,1,12
وَنَذِيرٌ,1,5:19,1,9
وَنَذْكُرَكَ,1,20:34,1,12
وَنَرَاهُ,1,70:7,1,9
وَنَرِثُهُ,1,19:80,1,10
وَنَزَّلْنَاهُ,1,17:106,1,14
وَنَزْدَادُ,1,12:65,1,11
وَنَسُوا,1,5:13,1,8
وَنَسُوقُ,1,19:86,1,9
وَنَسُوهُ,1,58:6,1,9
وَنَسْتَحْيِي,1,7:127,1,13
وَنَسْرًا,1,71:23,1,9
وَنَصَرُوهُ,1,7:157,1,11
وَنَصَرْنَاهُ,1,21:77,1,13
وَنَصَرْنَاهُمْ,1,37:116,1,15
وَنَصِيرًا,1,25:31,1,10
وَنَضَعُ,1,21:47,1,8
وَنَطْبَعُ,1,7:100,1,10
وَنَطْمَعُ,1,5:84,1,10
وَنَعَّمَهُ,1,89:15,1,11
وَنَعِيمٍ,1,52:17,1,9
وَنَعْلَمَ,1,5:113,1,10
وَنَعْلَمُ,1,50:16,1,10
وَنَعْمَةٍ,1,44:27,1,10
وَنَفَخَ,1,32:9,1,8
وَنَفْسٍ,1,91:7,1,8
وَنَكْتُبُ,1,36:12,1,10
وَنَكْفُرُ,1,4:150,1,10
وَنَلْعَبُ,1,9:65,1,10
وَنَمَارِقُ,1,88:15,1,11
وَنَمُدُّ,1,19:79,1,9
وَنَمِيرُ,1,12:65,1,9
وَنَمْنَعْكُمْ,1,4:141,1,14
وَنَهَارًا,1,71:5,1,10
وَنَهَرٍ,1,54:54,1,8
وَنَهَوْا,1,22:41,1,9
وَنَهَى,1,79:40,1,7
وَنُحَاسٌ,1,55:35,1,9
وَنُخَوِّفُهُمْ,1,17:60,1,15
وَنُخْرِجُ,1,17:13,1,10
وَنُدْخِلُهُمْ,1,4:57,1,14
وَنُدْخِلْكُمْ,1,4:31,1,14
وَنُذِيقُهُ,1,22:9,1,11
وَنُرَدُّ,1,6:71,1,9
وَنُرِيدُ,1,28:5,1,9
وَنُرِيَ,1,28:6,1,8
وَنُزِّلَ,1,25:25,1,9
وَنُسُكِي,1,6:162,1,9
وَنُسْقِيَهُ,1,25:49,1,12
وَنُصْلِهِ,1,4:115,1,10
وَنُفَصِّلُ,1,9:11,1,11
وَنُفَضِّلُ,1,13:4,1,11
وَنُفُورٍ,1,67:21,1,9
وَنُقَدِّسُ,1,2:30,1,11
وَنُقَلِّبُ,1,6:110,1,11
وَنُقَلِّبُهُمْ,1,18:18,1,15
وَنُقِرُّ,1,22:5,1,9
وَنُمَكِّنَ,1,28:6,1,11
وَنُنَزِّلُ,1,17:82,1,11
وَنُنْشِئَكُمْ,1,56:61,1,14
وَنُودُوا,1,7:43,1,9
وَنُورُهُمْ,1,57:19,1,11
وَنُيَسِّرُكَ,1,87:8,1,13
وَنِدَاءً,1,2:171,1,9
وَنِسَاءٌ,1,48:25,1,9
وَنِسَاءَكُمْ,1,3:61,1,13
وَنِسَاءَنَا,1,3:61,1,12
وَنِسَاءِ,1,33:59,1,9
وَنِصْفَهُ,1,73:20,1,10
وَنِعْمَةً,1,49:8,1,10
وَنِفَاقًا,1,9:97,1,10
وَهَؤُلَاءِ,1,17:20,1,11
وَهَبَ,1,14:39,1,6
وَهَبَتْ,1,33:50,1,8
وَهَبْنَا,1,19:49,1,9
وَهَدَاهُ,1,16:121,1,9
وَهَدَى,1,20:122,1,7
وَهَدَيْنَاهُ,1,90:10,1,13
وَهَدَيْنَاهُمَا,1,37:118,1,16
وَهَدَيْنَاهُمْ,1,6:87,1,15
وَهَذِهِ,1,43:51,1,8
وَهَمَّ,1,12:24,1,7
وَهَمَّتْ,1,40:5,1,9
وَهَنَ,1,19:4,1,6
وَهَنُوا,1,3:146,1,8
وَهَيِّئْ,1,18:10,1,9
وَهَّاجًا,1,78:13,1,9
وَهُزِّي,1,19:25,1,8
وَهُمَا,1,46:17,1,7
وَهْنًا,1,31:14,1,7
وَهْنٍ,1,31:14,1,6
وَوَاعَدْنَا,1,7:142,1,12
وَوَاعَدْنَاكُمْ,1,20:80,1,16
وَوَالِدٍ,1,90:3,1,9
وَوَجَدُوا,1,18:49,1,10
وَوَدُّوا,1,60:2,1,9
وَوَرِثَ,1,27:16,1,8
وَوَرِثَهُ,1,4:11,1,10
وَوَصَّى,1,2:132,1,8
وَوَضَعَ,1,55:7,1,8
وَوَضَعَتْهُ,1,46:15,1,12
وَوَضَعْنَا,1,94:2,1,11
وَوَعَدْتُكُمْ,1,14:22,1,14
وَوَقَانَا,1,52:27,1,10
وَوَقَعَ,1,27:85,1,8
وَوَلَدُهُ,1,71:21,1,10
وَيَأْبَى,1,9:32,1,9
وَيَأْتُوكُمْ,1,3:125,1,13
وَيَأْتِينَا,1,19:80,1,12
وَيَأْتِيهِ,1,14:17,1,11
وَيَأْخُذُ,1,9:104,1,10
وَيَأْكُلُونَ,1,47:12,1,13
وَيَأْمَنُوا,1,4:91,1,12
وَيَأْمُرُكُمْ,1,2:268,1,14
وَيَبْسُطُ,1,2:245,1,10
وَيَبْسُطُوا,1,60:2,1,12
وَيَبْغُونَ,1,42:42,1,11
وَيَبْقَى,1,55:27,1,9
وَيَتَجَنَّبُهَا,1,87:11,1,16
وَيَتَرَبَّصُ,1,9:98,1,13
وَيَتَعَدَّ,1,4:14,1,11
وَيَتَعَلَّمُونَ,1,2:102,1,16
وَيَتَفَكَّرُونَ,1,3:191,1,16
وَيَتَمَتَّعُوا,1,15:3,1,15
وَيَتَنَاجَوْنَ,1,58:8,1,15
وَيَتَوَلَّوْا,1,9:50,1,14
وَيَتَّبِعُ,1,22:3,1,11
وَيَتَّبِعْ,1,4:115,1,11
وَيَتَّخِذَ,1,3:140,1,11
وَيَتَّخِذَهَا,1,31:6,1,14
وَيَتَّخِذُ,1,9:99,1,11
وَيَتَّقْهِ,1,24:52,1,11
وَيَتُوبُ,1,9:15,1,9
وَيَتِيمًا,1,76:8,1,10
وَيَتْلُوهُ,1,11:17,1,11
وَيَجْزِيَ,1,53:31,1,10
وَيَجْزِيَهُمْ,1,39:35,1,14
وَيَجْعَلُكُمْ,1,27:62,1,14
وَيَجْعَلُهُ,1,30:48,1,12
وَيَحِقَّ,1,36:70,1,9
وَيَحْفَظُوا,1,24:30,1,12
وَيَحْفَظْنَ,1,24:31,1,12
وَيَحْمِلُ,1,69:17,1,10
وَيَخِرُّونَ,1,17:109,1,12
وَيَخْتَارُ,1,28:68,1,11
وَيَخْشَ,1,24:52,1,8
وَيَخْشَوْنَ,1,13:21,1,12
وَيَخْشَوْنَهُ,1,33:39,1,14
وَيَخْلُدْ,1,25:69,1,10
وَيَخْلُقُ,1,16:8,1,10
وَيَدْرَأُ,1,24:8,1,10
وَيَدْعُ,1,17:11,1,8
وَيَدْعُونَنَا,1,21:90,1,14
وَيَذَرَكَ,1,7:127,1,10
وَيَذَرُهُمْ,1,7:186,1,12
وَيَذْكُرُوا,1,22:28,1,12
وَيَذْهَبَا,1,20:63,1,11
وَيَرَى,1,34:6,1,7
وَيَرِثُ,1,19:6,1,8
وَيَرْجُو,1,39:9,1,9
وَيَرْجُونَ,1,17:57,1,11
وَيَرْحَمُ,1,29:21,1,10
وَيَرْزُقْهُ,1,65:3,1,12
وَيَرْضَى,1,53:26,1,9
وَيَرْضَيْنَ,1,33:51,1,12
وَيَزِدْكُمْ,1,11:52,1,12
وَيَزِيدُ,1,19:76,1,9
وَيَزْدَادَ,1,74:31,1,11
وَيَسِّرْ,1,20:26,1,9
وَيَسْتَأْذِنُ,1,33:13,1,14
وَيَسْتَبْدِلْ,1,9:39,1,14
وَيَسْتَبْشِرُونَ,1,3:170,1,17
وَيَسْتَجِيبُ,1,42:26,1,13
وَيَسْتَحْيِي,1,28:4,1,13
وَيَسْتَخْرِجَا,1,18:82,1,15
وَيَسْتَخْلِفَكُمْ,1,7:129,1,18
وَيَسْتَخْلِفُ,1,11:57,1,14
وَيَسْتَخْلِفْ,1,6:133,1,14
وَيَسْتَغْفِرُوا,1,18:55,1,16
وَيَسْتَغْفِرُونَهُ,1,5:74,1,19
وَيَسْتَفْتُونَكَ,1,4:127,1,17
وَيَسْتَكْبِرْ,1,4:172,1,14
وَيَسْتَنْبِئُونَكَ,1,10:53,1,19
وَيَسْفِكُ,1,2:30,1,10
وَيَسْقِينِ,1,26:79,1,11
وَيَشْتَرُونَ,1,2:174,1,13
وَيَشْرَبُ,1,23:33,1,10
وَيَشْفِ,1,9:14,1,8
وَيَصُدَّكُمْ,1,5:91,1,13
وَيَصْبِرْ,1,12:90,1,10
وَيَصْرِفُهُ,1,24:43,1,12
وَيَصْلَى,1,84:12,1,9
وَيَصْنَعُ,1,11:38,1,10
وَيَضَعُ,1,7:157,1,8
وَيَضِيقُ,1,26:13,1,9
وَيَعُوقَ,1,71:23,1,9
وَيَعْفُ,1,42:34,1,8
وَيَعْقُوبُ,1,2:132,1,11
وَيَعْمَلُونَ,1,21:82,1,13
وَيَفْعَلُ,1,14:27,1,10
وَيَقُولُوا,1,54:2,1,11
وَيَقْبِضُونَ,1,9:67,1,13
وَيَقْبِضْنَ,1,67:19,1,12
وَيَقْذِفُونَ,1,34:53,1,13
وَيَقْطَعَ,1,8:7,1,10
وَيَكُفُّوا,1,4:91,1,11
وَيَكُونُونَ,1,19:82,1,12
وَيَكْتُمُونَ,1,4:37,1,13
وَيَكْشِفُ,1,27:62,1,10
وَيَكْفُرُونَ,1,2:91,1,13
وَيَلْبَسُونَ,1,18:31,1,13
وَيَلْعَبْ,1,12:12,1,10
وَيَلْعَنُ,1,29:25,1,10
وَيَلْعَنُهُمُ,1,2:159,1,14
وَيَمُدُّهُمْ,1,2:15,1,13
وَيَمْحَقَ,1,3:141,1,10
وَيَمْحُ,1,42:24,1,8
وَيَمْشُونَ,1,25:20,1,11
وَيَمْشِي,1,25:7,1,9
وَيَمْكُرُ,1,8:30,1,10
وَيَمْكُرُونَ,1,8:30,1,13
وَيَمْنَعُونَ,1,107:7,1,13
وَيَنْأَوْنَ,1,6:26,1,12
وَيَنْشُرُ,1,42:28,1,10
وَيَنْصُرَكَ,1,48:3,1,12
وَيَنْصُرُونَ,1,59:8,1,13
وَيَنْصُرْكُمْ,1,9:14,1,14
وَيَنْعِهِ,1,6:99,1,10
وَيَنْقَلِبُ,1,84:9,1,12
وَيَنْهَاهُمْ,1,7:157,1,13
وَيَنْهَى,1,16:90,1,9
وَيَهَبُ,1,42:49,1,8
وَيَهْدِيهِ,1,22:4,1,11
وَيَهْدِيَكَ,1,48:2,1,12
وَيَوْمَئِذٍ,1,30:4,1,12
وَيُؤَخِّرَكُمْ,1,14:10,1,15
وَيُؤَخِّرْكُمْ,1,71:4,1,15
وَيُؤْتُوا,1,98:5,1,10
وَيُؤْثِرُونَ,1,59:9,1,13
وَيُؤْمِنُ,1,9:61,1,10
وَيُؤْمِنُونَ,1,40:7,1,13
وَيُؤْمِنْ,1,2:256,1,10
وَيُبَشِّرَ,1,18:2,1,11
وَيُبَشِّرُ,1,17:9,1,11
وَيُبْصِرُونَ,1,68:5,1,13
وَيُبْطِلَ,1,8:8,1,10
وَيُتَخَطَّفُ,1,29:67,1,13
وَيُتِمَّ,1,48:2,1,9
وَيُتِمُّ,1,12:6,1,9
وَيُثَبِّتَ,1,8:11,1,11
وَيُثَبِّتْ,1,47:7,1,11
وَيُثْبِتُ,1,13:39,1,10
وَيُجَادِلُ,1,18:56,1,11
وَيُجِرْكُمْ,1,46:31,1,12
وَيُحَرِّمُ,1,7:157,1,11
وَيُحَرِّمُونَهُ,1,9:37,1,16
وَيُحِبُّ,1,2:222,1,9
وَيُحِبُّونَ,1,3:188,1,12
وَيُحِبُّونَهُ,1,5:54,1,14
وَيُحِلُّ,1,7:157,1,9
وَيُحْيِي,1,30:19,1,9
وَيُخَوِّفُونَكَ,1,39:36,1,16
وَيُخْرِجُكُمْ,1,71:18,1,14
وَيُخْرِجُهُمْ,1,5:16,1,14
وَيُخْرِجْ,1,47:37,1,10
وَيُخْزِهِمْ,1,9:14,1,12
وَيُدْخِلَكُمْ,1,66:8,1,14
وَيُدْخِلُهُمُ,1,47:6,1,14
وَيُدْخِلُهُمْ,1,58:22,1,14
وَيُدْخِلْكُمْ,1,61:12,1,14
وَيُدْخِلْهُ,1,64:9,1,12
وَيُدْعَوْنَ,1,68:42,1,12
وَيُذَبِّحُونَ,1,14:6,1,14
وَيُذِيقَ,1,6:65,1,9
وَيُذْكَرَ,1,24:36,1,10
وَيُذْهِبَ,1,8:11,1,10
وَيُذْهِبْ,1,9:15,1,10
وَيُرْبِي,1,2:276,1,9
وَيُرْسِلَ,1,18:40,1,10
وَيُزَكِّيكُمْ,1,2:151,1,14
وَيُسَارِعُونَ,1,3:114,1,14
وَيُسَبِّحُ,1,13:13,1,11
وَيُسَبِّحُونَهُ,1,7:206,1,16
وَيُسَلِّمُوا,1,4:65,1,13
وَيُسْأَلُونَ,1,43:19,1,13
وَيُسْتَهْزَأُ,1,4:140,1,14
وَيُسْقَوْنَ,1,76:17,1,12
وَيُسْقَى,1,14:16,1,9
وَيُشْهِدُ,1,2:204,1,10
وَيُصْلِحُ,1,47:5,1,10
وَيُضِلُّ,1,14:27,1,9
وَيُطَافُ,1,76:15,1,9
وَيُطَهِّرَكُمْ,1,33:33,1,15
وَيُطِيعُونَ,1,9:71,1,12
وَيُطْعِمُونَ,1,76:8,1,13
وَيُعَلِّمُكَ,1,12:6,1,13
وَيُعَلِّمُكُمْ,1,2:151,1,15
وَيُعَلِّمُهُ,1,3:48,1,13
وَيُعِيدُ,1,85:13,1,9
وَيُعْظِمْ,1,65:5,1,10
وَيُقَلِّلُكُمْ,1,8:44,1,15
وَيُقِيمُوا,1,98:5,1,11
وَيُقْتَلُونَ,1,9:111,1,13
وَيُقْذَفُونَ,1,37:8,1,13
وَيُكَفِّرَ,1,48:5,1,11
وَيُكَفِّرُ,1,2:271,1,11
وَيُكَفِّرْ,1,8:29,1,11
وَيُكَلِّمُ,1,3:46,1,11
وَيُكَوِّرُ,1,39:5,1,11
وَيُلَقَّوْنَ,1,25:75,1,13
وَيُلْقُوا,1,4:91,1,10
وَيُلْهِهِمُ,1,15:3,1,12
وَيُمَنِّيهِمْ,1,4:120,1,14
وَيُمْدِدْكُمْ,1,71:12,1,14
وَيُمْسِكُ,1,22:65,1,10
وَيُنَجِّي,1,39:61,1,10
وَيُنْذِرَ,1,18:4,1,10
وَيُنْشِئُ,1,13:12,1,10
وَيُنْفِقُوا,1,14:31,1,12
وَيُهَيِّئْ,1,18:16,1,11
وَيُهْلِكَ,1,2:205,1,10
وَيُوسُفَ,1,6:84,1,9
وَيُوَلُّونَ,1,54:45,1,12
وَيْكَأَنَّ,1,28:82,1,11
وَيْكَأَنَّهُ,1,28:82,1,13
وَيْلَتَا,1,5:31,1,9
وَيْلَتَنَا,1,18:49,1,11
وَيْلَكَ,1,46:17,1,8
وُجُوهًا,1,4:47,1,8
وُجُوهُ,1,67:27,1,7
وُجُوهِ,1,22:72,1,7
وُجُوهِهِمُ,1,21:39,1,11
وُجِدَ,1,12:75,1,6
وُجْدِكُمْ,1,65:6,1,10
وُدًّا,1,19:96,1,6
وُضِعَ,1,3:96,1,6
وُكِّلَ,1,32:11,1,7
وُلِدَ,1,19:15,1,6
وُلِدْتُ,1,19:33,1,8
وُورِيَ,1,7:20,1,7
وِجْهَةٌ,1,2:148,1,8
وِرْدًا,1,19:86,1,7
وِزْرًا,1,20:100,1,7
وِزْرَكَ,1,94:2,1,8
وِفَاقًا,1,78:26,1,8
وِقْرًا,1,51:2,1,7
يس,1,36:1,1,2
يَأْتَلِ,1,24:22,1,8
يَأْتَمِرُونَ,1,28:20,1,13
يَأْتُوكُمْ,1,2:85,1,11
يَأْتُونَكَ,1,25:33,1,11
يَأْتُونَنَا,1,19:38,1,12
يَأْتُونِي,1,27:38,1,10
يَأْتِكَ,1,19:43,1,8
يَأْتِهِ,1,20:75,1,8
يَأْتِيكُمَا,1,12:37,1,12
يَأْتِينَا,1,20:133,1,10
يَأْتِينَكَ,1,2:260,1,11
يَأْتِينِي,1,27:38,1,10
يَأْتِيهَا,1,16:112,1,10
يَأْتِيهِمُ,1,14:44,1,11
يَأْتِيَانِهَا,1,4:16,1,14
يَأْتِيَكَ,1,15:99,1,10
يَأْتِيَكُمَا,1,12:37,1,13
يَأْتِيَنَا,1,3:183,1,11
يَأْتِيَنِي,1,12:83,1,11
يَأْجُوجَ,1,18:94,1,9
يَأْجُوجُ,1,21:96,1,9
يَأْخُذُ,1,18:79,1,8
يَأْخُذُوا,1,7:145,1,10
يَأْخُذُونَ,1,7:169,1,11
يَأْخُذُونَهَا,1,48:19,1,14
يَأْخُذُوهُ,1,7:169,1,11
يَأْخُذْهُ,1,20:39,1,10
يَأْذَنْ,1,42:21,1,8
يَأْكُلَ,1,49:12,1,8
يَأْكُلَانِ,1,5:75,1,11
يَأْكُلَهُ,1,12:13,1,10
يَأْكُلُهُ,1,69:37,1,10
يَأْكُلُوا,1,15:3,1,10
يَأْكُلْنَ,1,12:48,1,10
يَأْلَمُونَ,1,4:104,1,11
يَأْلُونَكُمْ,1,3:118,1,13
يَأْمَنُ,1,7:99,1,8
يَأْمَنُوكُمْ,1,4:91,1,13
يَأْمُرَكُمْ,1,3:80,1,12
يَأْمُرُهُمْ,1,7:157,1,12
يَأْنِ,1,57:16,1,6
يَئُودُهُ,1,2:255,1,9
يَئُوسًا,1,17:83,1,8
يَئِسْنَ,1,65:4,1,8
يَابِسٍ,1,6:59,1,7
يَاسِينَ,1,37:130,1,8
يَبَسًا,1,20:77,1,7
يَبُثُّ,1,45:4,1,7
يَبُورُ,1,35:10,1,7
يَبِيتُونَ,1,25:64,1,10
يَبْتَغِ,1,3:85,1,8
يَبْحَثُ,1,5:31,1,8
يَبْخَسْ,1,2:282,1,8
يَبْخَلْ,1,47:38,1,8
يَبْسُطُوا,1,5:11,1,10
يَبْصُرُوا,1,20:96,1,10
يَبْطِشَ,1,28:19,1,8
يَبْطِشُونَ,1,7:195,1,11
يَبْعَثَكَ,1,17:79,1,10
يَبْعَثُكُمْ,1,6:60,1,12
يَبْغُونَكُمُ,1,9:47,1,13
يَبْغِيَانِ,1,55:20,1,11
يَبْلَى,1,20:120,1,7
يَبْلُغَا,1,18:82,1,9
يَبْلُغَنَّ,1,17:23,1,11
يَبْلُغُوا,1,24:58,1,10
يَبْلُوكُمُ,1,16:92,1,11
يَبْنَؤُمَّ,1,20:94,1,11
يَتَأَخَّرَ,1,74:37,1,11
يَتَامَى,1,4:127,1,8
يَتَبَدَّلِ,1,2:108,1,11
يَتَبَوَّأُ,1,12:56,1,11
يَتَجَرَّعُهُ,1,14:17,1,13
يَتَحَاجُّونَ,1,40:47,1,13
يَتَحَاكَمُوا,1,4:60,1,13
يَتَخَبَّطُهُ,1,2:275,1,13
يَتَخَطَّفَكُمُ,1,8:26,1,15
يَتَخَلَّفُوا,1,9:120,1,13
يَتَخَيَّرُونَ,1,56:20,1,14
يَتَرَاجَعَا,1,2:230,1,12
يَتَرَبَّصُونَ,1,4:141,1,14
يَتَرَدَّدُونَ,1,9:45,1,14
يَتَسَلَّلُونَ,1,24:63,1,14
يَتَسَنَّهْ,1,2:259,1,11
يَتَطَهَّرُوا,1,9:108,1,13
يَتَعَارَفُونَ,1,10:45,1,14
يَتَغَامَزُونَ,1,83:30,1,14
يَتَغَيَّرْ,1,47:15,1,11
يَتَفَجَّرُ,1,2:74,1,11
يَتَفَرَّقَا,1,4:130,1,12
يَتَفَرَّقُونَ,1,30:14,1,14
يَتَفَضَّلَ,1,23:24,1,11
يَتَفَيَّأُ,1,16:48,1,11
يَتَقَبَّلُ,1,5:27,1,11
يَتَقَدَّمَ,1,74:37,1,11
يَتَكَبَّرُونَ,1,7:146,1,14
يَتَكَلَّمُ,1,30:35,1,11
يَتَكَلَّمُونَ,1,78:38,1,14
يَتَلَاوَمُونَ,1,68:30,1,14
يَتَلَقَّى,1,50:17,1,10
يَتَمَتَّعُونَ,1,47:12,1,14
يَتَمَطَّى,1,75:33,1,10
يَتَمَنَّوْنَهُ,1,62:7,1,15
يَتَمَنَّوْهُ,1,2:95,1,13
يَتَنَاهَوْنَ,1,5:79,1,13
يَتَنَزَّلُ,1,65:12,1,11
يَتَوَارَى,1,16:59,1,10
يَتَوَفَّاهُنَّ,1,4:15,1,15
يَتَوَفَّوْنَهُمْ,1,7:37,1,17
يَتَوَكَّلُ,1,39:38,1,11
يَتَوَلَّوْا,1,9:74,1,12
يَتَوَلَّوْنَهُ,1,16:100,1,15
يَتَّبِعُهُمُ,1,26:224,1,13
يَتَّبِعُوكُمْ,1,7:193,1,14
يَتَّبِعْ,1,24:21,1,9
يَتَّخِذُونَ,1,4:139,1,12
يَتَّقِي,1,39:24,1,8
يَتَّكِئُونَ,1,43:34,1,12
يَتُبْ,1,49:11,1,6
يَتِرَكُمْ,1,47:35,1,10
يَتِيمَيْنِ,1,18:82,1,11
يَتِيهُونَ,1,5:26,1,10
يَتْبَعُهَا,1,2:263,1,11
يَتْلُونَهُ,1,2:121,1,11
يَثْرِبَ,1,33:13,1,8
يَثْقَفُوكُمْ,1,60:2,1,13
يَثْنُونَ,1,11:5,1,9
يَجُرُّهُ,1,7:150,1,9
يَجِدُونَهُ,1,7:157,1,11
يَجِدِ,1,4:110,1,6
يَجِدْكَ,1,93:6,1,8
يَجِدْهُ,1,24:39,1,8
يَجْأَرُونَ,1,23:64,1,11
يَجْتَبِيكَ,1,12:6,1,11
يَجْعَلُوهُ,1,12:15,1,11
يَجْعَلِ,1,24:40,1,8
يَجْعَلْنِي,1,19:32,1,11
يَجْعَلْهُ,1,6:39,1,10
يَجْمَحُونَ,1,9:57,1,11
يَجْهَلُونَ,1,6:111,1,11
يَحُورَ,1,84:14,1,7
يَحُولُ,1,8:24,1,7
يَحِضْنَ,1,65:4,1,8
يَحِلَّ,1,20:86,1,7
يَحِلُّونَ,1,60:10,1,10
يَحِيفَ,1,24:50,1,7
يَحِيقُ,1,35:43,1,7
يَحْبِسُهُ,1,11:8,1,10
يَحْتَسِبُ,1,65:3,1,10
يَحْتَسِبُوا,1,59:2,1,12
يَحْتَسِبُونَ,1,39:47,1,13
يَحْزَنَّ,1,33:51,1,9
يَحْزُنُهُمُ,1,21:103,1,12
يَحْسَبُ,1,104:3,1,8
يَحْسَبُهُ,1,24:39,1,10
يَحْسَبُهُمُ,1,2:273,1,12
يَحْسُدُونَ,1,4:54,1,11
يَحْضُرُونِ,1,23:98,1,11
يَحْطِمَنَّكُمْ,1,27:18,1,15
يَحْفَظُونَهُ,1,13:11,1,13
يَحْكُمَانِ,1,21:78,1,11
يَحْلِلْ,1,20:81,1,8
يَحْمُومٍ,1,56:43,1,9
يَحْمِلُوهَا,1,62:5,1,12
يَحْمِلْنَهَا,1,33:72,1,13
يَخَافَا,1,2:229,1,8
يَخَافُهُ,1,5:94,1,9
يَخَافُوا,1,5:108,1,9
يَخُوضُونَ,1,6:68,1,10
يَخِرُّوا,1,25:73,1,9
يَخِرُّونَ,1,17:107,1,10
يَخِصِّمُونَ,1,36:49,1,12
يَخْتَانُونَ,1,4:107,1,12
يَخْتِمْ,1,42:24,1,8
يَخْدَعُوكَ,1,8:62,1,11
يَخْدَعُونَ,1,2:9,1,11
يَخْذُلْكُمْ,1,3:160,1,12
يَخْرُجْ,1,4:100,1,8
يَخْرُجْنَ,1,65:1,1,10
يَخْسَرُ,1,45:27,1,8
يَخْشَ,1,9:18,1,6
يَخْشَاهَا,1,79:45,1,10
يَخْطَفُ,1,2:20,1,8
يَخْفَوْنَ,1,41:40,1,10
يَخْلُ,1,12:9,1,6
يَخْلُفُونَ,1,43:60,1,11
يَخْلُقُكُمْ,1,39:6,1,12
يَخْلُقُوا,1,22:73,1,10
يَدٍ,1,9:29,1,4
يَدَا,1,111:1,1,5
يَدَاكَ,1,22:10,1,7
يَدَيِ,1,49:1,1,6
يَدَيْهَا,1,2:66,1,9
يَدَّبَّرُوا,1,23:68,1,12
يَدَّعُونَ,1,36:57,1,10
يَدُسُّهُ,1,16:59,1,9
يَدُعُّ,1,107:2,1,7
يَدِينُونَ,1,9:29,1,10
يَدِيَ,1,5:28,1,6
يَدْخُلَ,1,2:111,1,8
يَدْخُلَنَّهَا,1,68:24,1,14
يَدْخُلِ,1,49:14,1,8
يَدْرُسُونَهَا,1,34:44,1,14
يَدْعُنَا,1,10:12,1,9
يَدْعُوكَ,1,28:25,1,9
يَدْعُونَنِي,1,12:33,1,12
يَدْعُونَهُ,1,6:71,1,11
يَدْعُوهُ,1,72:19,1,9
يَدْعُوهُمْ,1,31:21,1,11
يَذَّكَّرَ,1,25:62,1,10
يَذُوقُوا,1,38:8,1,9
يَذْرَؤُكُمْ,1,42:11,1,12
يَذْكُرُهُمْ,1,21:60,1,12
يَذْهَبُ,1,24:43,1,8
يَرَاكَ,1,26:218,1,7
يَرَاهَا,1,24:40,1,8
يَرَوْنَهُ,1,70:6,1,10
يَرَوْنَهُمْ,1,3:13,1,12
يَرُدُّونَكُمْ,1,2:109,1,14
يَرِثُنِي,1,19:6,1,9
يَرْبُو,1,30:39,1,7
يَرْتَابَ,1,74:31,1,9
يَرْتَابُوا,1,49:15,1,11
يَرْتَدُّ,1,14:43,1,9
يَرْتَدِدْ,1,2:217,1,10
يَرْتَعْ,1,12:12,1,8
يَرْجُمُوكُمْ,1,18:20,1,13
يَرْجِعَ,1,20:91,1,8
يَرْحَمَكُمْ,1,17:8,1,12
يَرْحَمْكُمْ,1,17:54,1,12
يَرْحَمْنَا,1,7:149,1,11
يَرْزُقُهَا,1,29:60,1,11
يَرْشُدُونَ,1,2:186,1,11
يَرْضَهُ,1,39:7,1,8
يَرْضَوْنَهُ,1,22:59,1,12
يَرْغَبُ,1,2:130,1,8
يَرْغَبُوا,1,9:120,1,10
يَرْفَعُ,1,2:127,1,8
يَرْفَعُهُ,1,35:10,1,10
يَرْفَعِ,1,58:11,1,8
يَرْقُبُوا,1,9:8,1,10
يَرْقُبُونَ,1,9:10,1,11
يَرْكَبُونَ,1,36:42,1,11
يَرْكَعُونَ,1,77:48,1,11
يَرْكُضُونَ,1,21:12,1,11
يَرْمِ,1,4:112,1,6
يَرْهَبُونَ,1,7:154,1,11
يَرْهَقُ,1,10:26,1,8
يَزِدْهُ,1,71:21,1,8
يَزِدْهُمْ,1,71:6,1,10
يَزِغْ,1,34:12,1,6
يَزِفُّونَ,1,37:94,1,10
يَزِيدُونَ,1,37:147,1,10
يَزِيغُ,1,9:117,1,7
يَزْعُمُونَ,1,4:60,1,11
يَزْنُونَ,1,25:68,1,9
يَزْنِينَ,1,60:12,1,9
يَسَّرَهُ,1,80:20,1,9
يَسَّمَّعُونَ,1,37:8,1,13
يَسُومُهُمْ,1,7:167,1,11
يَسِيرٍ,1,74:10,1,7
يَسْأَلُكُمْ,1,36:21,1,12
يَسْأَلُهُ,1,55:29,1,10
يَسْأَلْكُمُوهَا,1,47:37,1,16
يَسْأَلْكُمْ,1,47:36,1,12
يَسْأَمُ,1,41:49,1,8
يَسْأَمُونَ,1,41:38,1,11
يَسْبِتُونَ,1,7:163,1,11
يَسْبِقُونَا,1,29:4,1,12
يَسْبِقُونَهُ,1,21:27,1,13
يَسْتَأْذِنُوهُ,1,24:62,1,15
يَسْتَبْدِلْ,1,47:38,1,12
يَسْتَثْنُونَ,1,68:18,1,13
يَسْتَجِيبُونَ,1,13:14,1,14
يَسْتَحِبُّونَ,1,14:3,1,14
يَسْتَحْسِرُونَ,1,21:19,1,15
يَسْتَخِفَّنَّكَ,1,30:60,1,16
يَسْتَسْخِرُونَ,1,37:14,1,15
يَسْتَصْرِخُهُ,1,28:18,1,14
يَسْتَضْعِفُ,1,28:4,1,12
يَسْتَعْتِبُوا,1,41:24,1,14
يَسْتَعْجِلُونَكَ,1,29:54,1,17
يَسْتَعْجِلُونِ,1,51:59,1,15
يَسْتَعْفِفْنَ,1,24:60,1,14
يَسْتَغِيثَانِ,1,46:17,1,14
يَسْتَغِيثُوا,1,18:29,1,13
يَسْتَغْشُونَ,1,11:5,1,13
يَسْتَغْفِرُوا,1,9:113,1,14
يَسْتَغْفِرِ,1,4:110,1,12
يَسْتَغْفِرْ,1,63:5,1,12
يَسْتَفِزَّهُمْ,1,17:103,1,15
يَسْتَفْتُونَكَ,1,4:176,1,15
يَسْتَفْتِحُونَ,1,2:89,1,15
يَسْتَقِيمَ,1,81:28,1,11
يَسْتَمِعِ,1,72:9,1,10
يَسْتَنْبِطُونَهُ,1,4:83,1,17
يَسْتَنْقِذُوهُ,1,22:73,1,15
يَسْتَنْكِحَهَا,1,33:50,1,15
يَسْتَنْكِفَ,1,4:172,1,12
يَسْتَنْكِفْ,1,4:172,1,12
يَسْتَهْزِئُ,1,2:15,1,12
يَسْتَوْفُونَ,1,83:2,1,13
يَسْجُدَانِ,1,55:6,1,11
يَسْجُدُوا,1,27:25,1,10
يَسْخَرْ,1,49:11,1,8
يَسْخَطُونَ,1,9:58,1,11
يَسْرِ,1,89:4,1,6
يَسْرِقْ,1,12:77,1,8
يَسْرِقْنَ,1,60:12,1,10
يَسْطُرُونَ,1,68:1,1,11
يَسْطُونَ,1,22:72,1,9
يَسْعَوْنَ,1,34:38,1,10
يَسْقُونَ,1,28:23,1,9
يَسْلُبْهُمُ,1,22:73,1,12
يَسْلُكُ,1,72:27,1,8
يَسْلُكْهُ,1,72:17,1,10
يَسْمَعَ,1,9:6,1,8
يَسْمَعُونَكُمْ,1,26:72,1,15
يَشَّقَّقُ,1,2:74,1,10
يَشْتَرِي,1,31:6,1,9
يَشْرَبُونَ,1,76:5,1,11
يَشْرَحْ,1,6:125,1,8
يَشْرُونَ,1,4:74,1,9
يَشْرِي,1,2:207,1,7
يَشْفَعُ,1,2:255,1,8
يَشْفَعُونَ,1,21:28,1,11
يَشْفِينِ,1,26:80,1,9
يَشْقَى,1,20:123,1,7
يَشْكُرْ,1,31:12,1,8
يَشْهَدَ,1,41:22,1,8
يَشْهَدُهُ,1,83:21,1,10
يَشْوِي,1,18:29,1,7
يَصَّدَّعُونَ,1,30:43,1,13
يَصَّدَّقُوا,1,4:92,1,12
يَصَّعَّدُ,1,6:125,1,10
يَصُدَّكُمْ,1,34:43,1,11
يَصُدَّنَّكَ,1,20:16,1,12
يَصُدَّنَّكُمُ,1,43:62,1,14
يَصُدُّنَّكَ,1,28:87,1,12
يَصِدُّونَ,1,43:57,1,10
يَصِلُوا,1,11:81,1,8
يَصْبِرُوا,1,41:24,1,10
يَصْدُرُ,1,99:6,1,8
يَصْطَرِخُونَ,1,35:37,1,13
يَصْطَفِي,1,22:75,1,9
يَصْعَدُ,1,35:10,1,8
يَصْلَى,1,87:12,1,7
يَصْنَعُ,1,7:137,1,8
يَضَّرَّعُونَ,1,7:94,1,13
يَضُرَّ,1,3:144,1,7
يَضُرُّكَ,1,10:106,1,9
يَضُرُّنَا,1,6:71,1,10
يَضُرُّهُ,1,22:12,1,9
يَضُرُّوكَ,1,5:42,1,10
يَضُرُّوكُمْ,1,3:111,1,12
يَضُرُّونَ,1,26:73,1,10
يَضُرُّونَكَ,1,4:113,1,12
يَضِلُّونَ,1,38:26,1,10
يَضِيقُ,1,15:97,1,7
يَضْرِبَ,1,2:26,1,8
يَضْرِبْنَ,1,24:31,1,10
يَطَئُونَ,1,9:120,1,9
يَطَّوَّفَ,1,2:158,1,10
يَطَّيَّرُوا,1,7:131,1,12
يَطُوفُ,1,56:17,1,7
يَطُوفُونَ,1,55:44,1,10
يَطِيرُ,1,6:38,1,7
يَطْعَمُهَا,1,6:138,1,11
يَطْعَمُهُ,1,6:145,1,10
يَطْعَمْهُ,1,2:249,1,10
يَطْغَى,1,20:45,1,7
يَطْلُبُهُ,1,7:54,1,10
يَطْمَعُ,1,74:15,1,8
يَطْمَعُونَ,1,7:46,1,11
يَطْهُرْنَ,1,2:222,1,10
يَظْهَرُونَ,1,43:33,1,11
يَظْهَرُوهُ,1,18:97,1,11
يَعَضُّ,1,25:27,1,7
يَعُودُوا,1,8:38,1,9
يَعُوذُونَ,1,72:6,1,10
يَعِدُ,1,35:40,1,6
يَعِدُهُمْ,1,4:120,1,10
يَعِدْكُمْ,1,20:86,1,10
يَعِظُكُمُ,1,24:17,1,10
يَعِظُهُ,1,31:13,1,8
يَعْبَأُ,1,25:77,1,8
يَعْبُدُونَنِي,1,24:55,1,14
يَعْبُدُوهَا,1,39:17,1,12
يَعْتَذِرُونَ,1,9:94,1,13
يَعْتَزِلُوكُمْ,1,4:91,1,15
يَعْتَصِمْ,1,3:101,1,10
يَعْدُونَ,1,7:163,1,9
يَعْرُجُونَ,1,15:14,1,11
يَعْرِفُوا,1,23:69,1,10
يَعْرِفُونَهَا,1,12:62,1,14
يَعْرِفُونَهُمْ,1,7:48,1,15
يَعْشُ,1,43:36,1,6
يَعْصُونَ,1,66:6,1,9
يَعْصِرُونَ,1,12:49,1,11
يَعْصِمُكَ,1,5:67,1,10
يَعْصِمُكُمْ,1,33:17,1,12
يَعْصِمُنِي,1,11:43,1,11
يَعْصِينَكَ,1,60:12,1,11
يَعْفُونَ,1,2:237,1,9
يَعْقِلُهَا,1,29:43,1,11
يَعْكُفُونَ,1,7:138,1,11
يَعْلَمَهُ,1,26:197,1,10
يَعْلَمُهُ,1,2:270,1,10
يَعْمُرُ,1,9:18,1,8
يَعْمُرُوا,1,9:17,1,10
يَعْيَ,1,46:33,1,6
يَغُرَّنَّكَ,1,3:196,1,12
يَغُضُّوا,1,24:30,1,9
يَغُضُّونَ,1,49:3,1,10
يَغُلَّ,1,3:161,1,7
يَغُوثَ,1,71:23,1,7
يَغُوصُونَ,1,21:82,1,10
يَغْتَبْ,1,49:12,1,8
يَغْرُرْكَ,1,40:4,1,10
يَغْشَاهَا,1,91:4,1,10
يَغْشَاهُ,1,24:40,1,9
يَغْشَاهُمُ,1,29:55,1,11
يَغْضُضْنَ,1,24:31,1,10
يَغْفِرُوا,1,45:14,1,10
يَغْفِرُونَ,1,42:37,1,11
يَغْلُلْ,1,3:161,1,8
يَغْلِبْ,1,4:74,1,8
يَغْلِي,1,44:45,1,7
يَفِرُّ,1,80:34,1,7
يَفْتَحُ,1,34:26,1,8
يَفْتَحِ,1,35:2,1,8
يَفْتَدِي,1,70:11,1,9
يَفْتَرِي,1,16:105,1,9
يَفْتَرِينَهُ,1,60:12,1,13
يَفْتُرُونَ,1,21:20,1,11
يَفْتِنَكُمُ,1,4:101,1,12
يَفْتِنَنَّكُمُ,1,7:27,1,15
يَفْتِنَهُمْ,1,10:83,1,12
يَفْتِنُوكَ,1,5:49,1,11
يَفْرَحُ,1,30:4,1,8
يَفْرَحُوا,1,3:120,1,10
يَفْرَقُونَ,1,9:56,1,11
يَفْرُطَ,1,20:45,1,8
يَفْسَحِ,1,58:11,1,8
يَفْعَلْهُ,1,60:1,1,10
يَفْقَهُوا,1,20:28,1,10
يَقُلْ,1,21:29,1,6
يَقُولَا,1,2:102,1,8
يَقُومَانِ,1,5:107,1,10
يَقُومُونَ,1,2:275,1,10
يَقِينًا,1,4:157,1,8
يَقِينٍ,1,27:22,1,7
يَقْبِضُ,1,2:245,1,8
يَقْتَتِلَانِ,1,28:15,1,13
يَقْتَرِفُونَ,1,6:120,1,13
يَقْتَرِفْ,1,42:23,1,10
يَقْتُرُوا,1,25:67,1,10
يَقْتُلَ,1,4:92,1,8
يَقْتُلُوكَ,1,8:30,1,11
يَقْتُلُونَنِي,1,7:150,1,14
يَقْتُلْ,1,4:93,1,8
يَقْتُلْنَ,1,60:12,1,10
يَقْدُمُ,1,11:98,1,8
يَقْدِرَ,1,90:5,1,8
يَقْذِفُ,1,34:48,1,8
يَقْرَبُوا,1,9:28,1,10
يَقْسِمُونَ,1,43:32,1,11
يَقْضُونَ,1,40:20,1,9
يَقْضِ,1,80:23,1,6
يَقْطَعُونَ,1,9:121,1,11
يَقْطِينٍ,1,37:146,1,9
يَقْنَطُ,1,15:56,1,8
يَقْنَطُونَ,1,30:36,1,11
يَقْنُتْ,1,33:31,1,8
يَكَدْ,1,24:40,1,6
يَكُفَّ,1,4:84,1,7
يَكُفُّونَ,1,21:39,1,10
يَكُنَّ,1,49:11,1,7
يَكُونَا,1,2:282,1,8
يَكُونُونَ,1,72:19,1,10
يَكِيدُونَ,1,86:15,1,10
يَكْبَرُوا,1,4:6,1,10
يَكْبُرُ,1,17:51,1,8
يَكْبِتَهُمْ,1,3:127,1,12
يَكْتُبَ,1,2:282,1,8
يَكْتُبُ,1,4:81,1,8
يَكْتُمُ,1,40:28,1,8
يَكْتُمْنَ,1,2:228,1,10
يَكْتُمْهَا,1,2:283,1,11
يَكْرَهُونَ,1,16:62,1,11
يَكْسِبُهُ,1,4:111,1,10
يَكْفُلُ,1,3:44,1,8
يَكْفُلُهُ,1,20:40,1,10
يَكْفُلُونَهُ,1,28:12,1,13
يَكْفِ,1,41:53,1,6
يَكْفِهِمْ,1,29:51,1,10
يَكْفِيَكُمْ,1,3:124,1,12
يَكْلَؤُكُمْ,1,21:42,1,12
يَكْنِزُونَ,1,9:34,1,11
يَلُونَكُمْ,1,9:123,1,11
يَلِتْكُمْ,1,49:14,1,10
يَلِجَ,1,7:40,1,6
يَلِدُوا,1,71:27,1,8
يَلِدْ,1,112:3,1,6
يَلْبَثُونَ,1,17:76,1,11
يَلْبَسُونَ,1,44:53,1,11
يَلْبِسَكُمْ,1,6:65,1,12
يَلْبِسُوا,1,6:82,1,10
يَلْبِسُونَ,1,6:9,1,11
يَلْتَقِطْهُ,1,12:10,1,12
يَلْتَقِيَانِ,1,55:19,1,13
يَلْعَنُهُمُ,1,2:159,1,12
يَلْعَنِ,1,4:52,1,8
يَلْفِظُ,1,50:18,1,8
يَلْقَ,1,25:68,1,6
يَلْقَاهُ,1,17:13,1,9
يَلْقَوْنَ,1,19:59,1,10
يَلْمِزُكَ,1,9:58,1,10
يَلْمِزُونَ,1,9:79,1,11
يَلْوُونَ,1,3:78,1,9
يَمَسَّكَ,1,19:45,1,9
يَمَسُّهُ,1,56:79,1,9
يَمُدُّهُ,1,31:27,1,9
يَمُدُّونَهُمْ,1,7:202,1,14
يَمُرُّونَ,1,12:105,1,10
يَمُنُّونَ,1,49:17,1,10
يَمُوتُونَ,1,4:18,1,10
يَمُوجُ,1,18:99,1,7
يَمِيزَ,1,3:179,1,7
يَمِينٍ,1,34:15,1,7
يَمِينِكَ,1,20:69,1,9
يَمْحَقُ,1,2:276,1,8
يَمْحُو,1,13:39,1,7
يَمْسَسْكُمْ,1,3:140,1,12
يَمْسَسْهُمْ,1,3:174,1,12
يَمْكُرُ,1,8:30,1,8
يَمْهَدُونَ,1,30:44,1,11
يَنَابِيعَ,1,39:21,1,10
يَنَالَ,1,22:37,1,7
يَنَالُ,1,2:124,1,7
يَنَالُهُ,1,22:37,1,9
يَنَالُهُمُ,1,7:49,1,11
يَنَالُهُمْ,1,7:37,1,11
يَنَالُونَ,1,9:120,1,10
يَنْبُوعًا,1,17:90,1,10
يَنْتَظِرُ,1,33:23,1,10
يَنْتَظِرُونَ,1,10:102,1,13
يَنْتَهُونَ,1,9:12,1,11
يَنْحِتُونَ,1,15:82,1,11
يَنْزَغُ,1,17:53,1,8
يَنْزِعُ,1,7:27,1,8
يَنْسَى,1,20:52,1,7
يَنْسِفُهَا,1,20:105,1,11
يَنْشُرْ,1,18:16,1,8
يَنْصُرَهُ,1,22:15,1,10
يَنْصُرُ,1,30:5,1,8
يَنْصُرُنَا,1,40:29,1,11
يَنْصُرُونَكُمْ,1,26:93,1,15
يَنْصُرْكُمُ,1,3:160,1,12
يَنْصُرْكُمْ,1,47:7,1,12
يَنْطَلِقُ,1,26:13,1,10
يَنْعِقُ,1,2:171,1,8
يَنْفَدُ,1,16:96,1,8
يَنْفَضُّوا,1,63:7,1,11
يَنْفَعُكَ,1,10:106,1,10
يَنْفَعُنَا,1,6:71,1,11
يَنْفَعُهُ,1,22:12,1,10
يَنْفَعُونَكُمْ,1,26:73,1,15
يَنْقَضَّ,1,18:77,1,9
يَنْقَلِبَ,1,48:12,1,10
يَنْقَلِبُ,1,2:143,1,10
يَنْقَلِبُونَ,1,26:227,1,13
يَنْقُصُوكُمْ,1,9:4,1,13
يَنْكُثُ,1,48:10,1,8
يَنْكِحَ,1,4:25,1,8
يَنْكِحُ,1,24:3,1,8
يَنْكِحُهَا,1,24:3,1,11
يَنْكِحْنَ,1,2:232,1,10
يَنْهَاهُمُ,1,5:63,1,11
يَنْهَى,1,96:9,1,7
يَهَبُ,1,42:49,1,6
يَهُودِيًّا,1,3:67,1,11
يَهِدِّي,1,10:35,1,8
يَهِيمُونَ,1,26:225,1,10
يَهْبِطُ,1,2:74,1,8
يَهْجَعُونَ,1,51:17,1,11
يَهْدُونَنَا,1,64:6,1,12
يَهْدِنِي,1,6:77,1,9
يَهْدِيكُمْ,1,27:63,1,11
يَهْدِينِ,1,26:78,1,9
يَهْدِيهِ,1,45:23,1,9
يَهْدِيهِمُ,1,16:104,1,11
يَهْدِيَنِ,1,18:24,1,10
يَهْدِيَنِي,1,28:22,1,11
يَهْدِيَهُ,1,6:125,1,10
يَوَدُّوا,1,33:20,1,9
يَوْمُكُمُ,1,21:103,1,10
يَوْمِهِمُ,1,51:60,1,10
يَوْمِهِمْ,1,7:51,1,10
يَيْأَسُ,1,12:87,1,8
يَيْأَسِ,1,13:31,1,8
يُؤَاخِذُهُمْ,1,18:58,1,13
يُؤَخَّرُ,1,71:4,1,9
يُؤَخِّرَ,1,63:11,1,9
يُؤَلِّفُ,1,24:43,1,9
يُؤَيِّدُ,1,3:13,1,9
يُؤْتَوْنَ,1,28:54,1,10
يُؤْتُوا,1,24:22,1,8
يُؤْتِكُمُ,1,48:16,1,10
يُؤْتِيهِمْ,1,4:152,1,11
يُؤْتِيَنِ,1,18:40,1,10
يُؤْتِيَهُ,1,3:79,1,10
يُؤْتِيَهُمُ,1,11:31,1,12
يُؤْثَرُ,1,74:24,1,8
يُؤْذَيْنَ,1,33:59,1,10
يُؤْذِي,1,33:53,1,7
يُؤْلُونَ,1,2:226,1,9
يُؤْمِنَ,1,11:36,1,8
يُبَايِعُونَ,1,48:10,1,12
يُبَايِعْنَكَ,1,60:12,1,13
يُبَدَّلُ,1,50:29,1,9
يُبَدِّلَ,1,40:26,1,9
يُبَدِّلُ,1,25:70,1,9
يُبَدِّلُوا,1,48:15,1,11
يُبَدِّلُونَهُ,1,2:181,1,14
يُبَدِّلْ,1,2:211,1,9
يُبَشِّرُ,1,42:23,1,9
يُبَشِّرُكَ,1,3:39,1,11
يُبَشِّرُكِ,1,3:45,1,11
يُبَشِّرُهُمْ,1,9:21,1,13
يُبَصَّرُونَهُمْ,1,70:11,1,16
يُبَلِّغُونَ,1,33:39,1,12
يُبَيِّنَ,1,9:115,1,9
يُبَيِّنُهَا,1,2:230,1,12
يُبِينُ,1,43:52,1,7
يُبْخَسُونَ,1,11:15,1,11
يُبْدُونَ,1,3:154,1,9
يُبْدِلَنَا,1,68:32,1,11
يُبْدِلَهُ,1,66:5,1,10
يُبْدِلَهُمَا,1,18:81,1,13
يُبْدِهَا,1,12:77,1,9
يُبْصِرُ,1,19:42,1,8
يُبْعَثُ,1,19:15,1,8
يُبْعَثُوا,1,64:7,1,10
يُبْلِسُ,1,30:12,1,8
يُتَقَبَّلَ,1,9:53,1,11
يُتَقَبَّلْ,1,5:27,1,11
يُتَّبَعَ,1,10:35,1,9
يُتِمُّ,1,16:81,1,7
يُتْبِعُونَ,1,2:262,1,11
يُتْرَكَ,1,75:36,1,8
يُتْرَكُوا,1,29:2,1,10
يُثَبِّتُ,1,14:27,1,9
يُثْخِنَ,1,8:67,1,8
يُجَادِلُنَا,1,11:74,1,12
يُجَارُ,1,23:88,1,7
يُجَاهِدُ,1,29:6,1,9
يُجَاهِدُونَ,1,5:54,1,12
يُجَاوِرُونَكَ,1,33:60,1,14
يُجَلِّيهَا,1,7:187,1,11
يُجِبْ,1,46:32,1,6
يُجِيبُ,1,27:62,1,7
يُجِيرَنِي,1,72:22,1,10
يُجْبَى,1,28:57,1,7
يُجْزَ,1,4:123,1,6
يُجْزَاهُ,1,53:41,1,9
يُحَاجُّوكُمْ,1,3:73,1,13
يُحَاجُّونَ,1,42:16,1,11
يُحَادِدِ,1,9:63,1,9
يُحَارِبُونَ,1,5:33,1,12
يُحَاسَبُ,1,84:8,1,9
يُحَاسِبْكُمْ,1,2:284,1,13
يُحَاطَ,1,12:66,1,7
يُحَرِّفُونَهُ,1,2:75,1,14
يُحَرِّمُونَ,1,9:29,1,12
يُحَكِّمُوكَ,1,4:65,1,12
يُحَكِّمُونَكَ,1,5:43,1,14
يُحَيِّكَ,1,58:8,1,9
يُحِبُّهُمْ,1,5:54,1,11
يُحِبُّونَكُمْ,1,3:119,1,14
يُحِبُّونَهُمْ,1,2:165,1,14
يُحِقَّ,1,8:7,1,7
يُحِلُّونَهُ,1,9:37,1,12
يُحِيطُوا,1,10:39,1,9
يُحْبَرُونَ,1,30:15,1,11
يُحْبِبْكُمُ,1,3:31,1,12
يُحْسِنُونَ,1,18:104,1,11
يُحْشَرَ,1,20:59,1,8
يُحْشَرُ,1,41:19,1,8
يُحْشَرُوا,1,6:51,1,10
يُحْكِمُ,1,22:52,1,8
يُحْمَدُوا,1,3:188,1,10
يُحْمَلْ,1,35:18,1,8
يُحْمَى,1,9:35,1,7
يُحْيِينِ,1,26:81,1,9
يُحْيِيهَا,1,36:79,1,10
يُخَالِفُونَ,1,24:63,1,12
يُخَفِّفَ,1,4:28,1,9
يُخَفِّفْ,1,40:49,1,9
يُخَيَّلُ,1,20:66,1,9
يُخْرَجُونَ,1,45:35,1,11
يُخْرِبُونَ,1,59:2,1,11
يُخْرِجَ,1,47:29,1,8
يُخْرِجَاكُمْ,1,20:63,1,13
يُخْرِجَنَّكُمَا,1,20:117,1,16
يُخْرِجُكُمْ,1,40:67,1,12
يُخْرِجُهُمْ,1,2:257,1,12
يُخْرِجُوكَ,1,8:30,1,11
يُخْرِجُوكُمْ,1,60:8,1,13
يُخْرِجُونَ,1,60:1,1,11
يُخْرِجُونَهُمْ,1,2:257,1,15
يُخْرِجْ,1,2:61,1,8
يُخْزِي,1,66:8,1,7
يُخْزِيهِمْ,1,16:27,1,11
يُخْسِرُونَ,1,83:3,1,11
يُخْفِينَ,1,24:31,1,9
يُخْلَقْ,1,89:8,1,8
يُخْلِفُهُ,1,34:39,1,10
يُدَافِعُ,1,22:38,1,9
يُدَعُّونَ,1,52:13,1,10
يُدْخَلَ,1,70:38,1,8
يُدْخِلَنَا,1,5:84,1,11
يُدْرِكُ,1,6:103,1,8
يُدْرِكْكُمُ,1,4:78,1,12
يُدْرِكْهُ,1,4:100,1,10
يُدْعَى,1,61:7,1,7
يُدْنِينَ,1,33:59,1,9
يُذَبِّحُ,1,28:4,1,9
يُذَبِّحُونَ,1,2:49,1,12
يُذْكَرَ,1,2:114,1,8
يُذْكَرُ,1,22:40,1,8
يُذْكَرِ,1,6:121,1,8
يُذْهِبَنَّ,1,22:15,1,11
يُذْهِبْنَ,1,11:114,1,10
يُرَادُ,1,38:6,1,7
يُرِدْكَ,1,10:107,1,8
يُرِدْنِ,1,36:23,1,8
يُرِيدَا,1,4:35,1,8
يُرِيدَانِ,1,20:63,1,10
يُرِيكَهُمُ,1,8:43,1,11
يُرِيكُمُوهُمْ,1,8:44,1,14
يُرِيكُمْ,1,40:13,1,9
يُرِيهِمُ,1,2:167,1,9
يُرْجَعُ,1,11:123,1,8
يُرْسَلُ,1,55:35,1,8
يُرْضُونَكُمْ,1,9:8,1,13
يُرْضُوهُ,1,9:62,1,9
يُرْضِعْنَ,1,2:233,1,10
يُرْهِقَهُمَا,1,18:80,1,13
يُزَكُّونَ,1,4:49,1,10
يُزَوِّجُهُمْ,1,42:50,1,13
يُسَاقُونَ,1,8:6,1,10
يُسَلِّطُ,1,59:6,1,9
يُسَيِّرُكُمْ,1,10:22,1,13
يُسِيغُهُ,1,14:17,1,9
يُسْأَلُونَ,1,21:23,1,11
يُسْتَضْعَفُونَ,1,7:137,1,15
يُسْجَرُونَ,1,40:72,1,11
يُسْجَنَ,1,12:25,1,8
يُسْرِفُوا,1,25:67,1,10
يُسْرِفْ,1,17:33,1,8
يُسْقَوْنَ,1,83:25,1,10
يُسْقَى,1,13:4,1,7
يُسْكِنِ,1,42:33,1,8
يُسْلِمُونَ,1,48:16,1,11
يُسْلِمْ,1,31:22,1,8
يُسْمِعُ,1,35:22,1,8
يُسْمِنُ,1,88:7,1,8
يُشَاقِّ,1,59:4,1,8
يُشْرَكْ,1,40:12,1,8
يُشْرِكُ,1,18:26,1,8
يُشْرِكْنَ,1,60:12,1,10
يُشْعِرَنَّ,1,18:19,1,11
يُشْعِرُكُمْ,1,6:109,1,12
يُصَبُّ,1,22:19,1,7
يُصَدَّعُونَ,1,56:19,1,12
يُصَدِّقُنِي,1,28:34,1,12
يُصَدِّقُونَ,1,70:26,1,12
يُصَلَّبُوا,1,5:33,1,11
يُصَلُّوا,1,4:102,1,9
يُصَلُّونَ,1,33:56,1,10
يُصَوِّرُكُمْ,1,3:6,1,13
يُصِبْكُمْ,1,40:28,1,10
يُصِبْهَا,1,2:265,1,9
يُصِرُّ,1,45:8,1,7
يُصِرُّوا,1,3:135,1,9
يُصِرُّونَ,1,56:46,1,10
يُصِيبَكُمُ,1,9:52,1,11
يُصِيبَكُمْ,1,11:89,1,11
يُصِيبَنَا,1,9:51,1,10
يُصِيبُ,1,10:107,1,7
يُصِيبُهُمْ,1,9:120,1,11
يُصْبِحَ,1,18:41,1,8
يُصْحَبُونَ,1,21:43,1,11
يُصْدِرَ,1,28:23,1,8
يُصْرَفُونَ,1,40:69,1,11
يُصْرَفْ,1,6:16,1,8
يُصْعَقُونَ,1,52:45,1,11
يُصْلِحَا,1,4:128,1,9
يُصْلِحُ,1,10:81,1,8
يُصْلِحْ,1,33:71,1,8
يُصْهَرُ,1,22:20,1,8
يُضَارَّ,1,2:282,1,8
يُضَاعِفُ,1,2:261,1,9
يُضَاعِفْهَا,1,4:40,1,12
يُضَاعِفْهُ,1,64:17,1,11
يُضَاهِئُونَ,1,9:30,1,12
يُضَلُّ,1,9:37,1,7
يُضَيِّفُوهُمَا,1,18:77,1,15
يُضِلَّ,1,47:4,1,7
يُضِلَّهُ,1,6:125,1,9
يُضِلَّهُمْ,1,4:60,1,11
يُضِلُّهُ,1,22:4,1,9
يُضِلُّوا,1,71:27,1,9
يُضِلُّونَكُمْ,1,3:69,1,14
يُضِلُّونَهُمْ,1,16:25,1,14
يُضِيءُ,1,24:35,1,7
يُضْلِلْهُ,1,6:39,1,10
يُطَاعُ,1,40:18,1,7
يُطَهِّرَ,1,5:41,1,9
يُطِيعُكُمْ,1,49:7,1,11
يُطِيقُونَهُ,1,2:184,1,12
يُطْعَمُ,1,6:14,1,8
يُطْعِمُ,1,6:14,1,8
يُطْعِمُنِي,1,26:79,1,11
يُطْعِمُونِ,1,51:57,1,11
يُطْفِئُوا,1,9:32,1,10
يُظَاهِرُوا,1,9:4,1,11
يُظْهِرَ,1,40:26,1,8
يُظْهِرُ,1,72:26,1,8
يُعَجِّلُ,1,10:11,1,9
يُعَذِّبَهُمُ,1,8:34,1,13
يُعَذِّبُكُمْ,1,5:18,1,13
يُعَذِّبُنَا,1,58:8,1,12
يُعَذِّبُهُمْ,1,9:106,1,13
يُعَذِّبْهُ,1,48:17,1,11
يُعَلِّمَانِ,1,2:102,1,12
يُعَلِّمُهُ,1,16:103,1,11
يُعَلِّمُونَ,1,2:102,1,12
يُعَمَّرَ,1,2:96,1,9
يُعِيدَكُمْ,1,17:69,1,11
يُعِيدُ,1,34:49,1,7
يُعِيدُكُمْ,1,71:18,1,11
يُعِيدُنَا,1,17:51,1,10
يُعِيدُوكُمْ,1,18:20,1,12
يُعْبَدُونَ,1,43:45,1,11
يُعْجِبُ,1,48:29,1,8
يُعْجِبُكَ,1,2:204,1,10
يُعْجِزُونَ,1,8:59,1,11
يُعْرَفُ,1,55:41,1,8
يُعْرَفْنَ,1,33:59,1,10
يُعْرِضُوا,1,54:2,1,10
يُعْرِضْ,1,72:17,1,8
يُعْطَوْا,1,9:58,1,9
يُعْطُوا,1,9:29,1,8
يُعْطِيكَ,1,93:5,1,9
يُغَاثُ,1,12:49,1,7
يُغَاثُوا,1,18:29,1,9
يُغَادِرُ,1,18:49,1,9
يُغَشِّيكُمُ,1,8:11,1,12
يُغَيِّرُ,1,13:11,1,9
يُغْشَى,1,33:19,1,7
يُغْفَرْ,1,8:38,1,8
يُغْلَبُونَ,1,8:36,1,11
يُغْنُوا,1,45:19,1,8
يُغْنِ,1,4:130,1,6
يُغْنِهِمُ,1,24:32,1,10
يُغْنِيكُمُ,1,9:28,1,11
يُغْنِيهِ,1,80:37,1,9
يُغْنِيَا,1,66:10,1,9
يُغْنِيَهُمُ,1,24:33,1,12
يُغْوِيَكُمْ,1,11:34,1,12
يُفَتَّرُ,1,43:75,1,9
يُفَجِّرُونَهَا,1,76:6,1,15
يُفَرِّطُونَ,1,6:61,1,12
يُفَرِّقُونَ,1,2:102,1,12
يُفْرَقُ,1,44:4,1,8
يُفْسِدُ,1,2:30,1,8
يُفْعَلَ,1,75:25,1,8
يُفْعَلُ,1,46:9,1,8
يُقَاتَلُونَ,1,22:39,1,12
يُقَاتِلُوا,1,4:90,1,11
يُقَاتِلْ,1,4:74,1,9
يُقَتَّلُوا,1,5:33,1,11
يُقَتِّلُونَ,1,7:141,1,12
يُقَدِّرُ,1,73:20,1,9
يُقِيمُوا,1,14:31,1,9
يُقْتَلُ,1,2:154,1,8
يُقْسِمُ,1,30:55,1,8
يُقْصِرُونَ,1,7:202,1,11
يُكَذِّبُكَ,1,95:7,1,11
يُكَذِّبُونَكَ,1,6:33,1,14
يُكَفِّرَ,1,66:8,1,9
يُكَلِّمَهُ,1,42:51,1,11
يُكَلِّمُنَا,1,2:118,1,12
يُكَلِّمُهُمْ,1,7:148,1,13
يُكَوِّرُ,1,39:5,1,9
يُكْرِهْهُنَّ,1,24:33,1,13
يُكْشَفُ,1,68:42,1,8
يُكْفَرُ,1,4:140,1,8
يُكْفَرُوهُ,1,3:115,1,11
يُمَارُونَ,1,42:18,1,10
يُمَتَّعُونَ,1,26:207,1,12
يُمَتِّعْكُمْ,1,11:3,1,13
يُمَسِّكُونَ,1,7:170,1,12
يُمِدَّكُمْ,1,3:124,1,11
يُمِلَّ,1,2:282,1,7
يُمِيتُنِي,1,26:81,1,10
يُمْدِدْكُمْ,1,3:125,1,12
يُمْسِكُ,1,35:41,1,8
يُمْسِكْ,1,35:2,1,8
يُمْنَى,1,75:37,1,7
يُنَادُونَكَ,1,49:4,1,12
يُنَادُونَهُمْ,1,57:14,1,14
يُنَادِ,1,50:41,1,7
يُنَادِي,1,3:193,1,8
يُنَازِعُنَّكَ,1,22:67,1,14
يُنَبَّأُ,1,75:13,1,9
يُنَبَّأْ,1,53:36,1,9
يُنَبِّئُكَ,1,35:14,1,11
يُنَبِّئُهُمُ,1,5:14,1,13
يُنَزَّلُ,1,5:101,1,9
يُنَشَّأُ,1,43:18,1,9
يُنْبِتُ,1,16:11,1,8
يُنْجِيهِ,1,70:14,1,9
يُنْذَرُونَ,1,21:45,1,11
يُنْزَفُونَ,1,37:47,1,11
يُنْزِفُونَ,1,56:19,1,11
يُنْسِيَنَّكَ,1,6:68,1,13
يُنْشِئُ,1,29:20,1,8
يُنْشِرُونَ,1,21:21,1,11
يُنْفَوْا,1,5:33,1,9
يُنْفِقُونَهَا,1,9:34,1,14
يُنْقَذُونَ,1,36:43,1,11
يُنْقَصُ,1,35:11,1,8
يُنْقِذُونِ,1,36:23,1,11
يُنْكِرُ,1,13:36,1,8
يُنْكِرُونَهَا,1,16:83,1,14
يُهَاجِرْ,1,4:100,1,9
يُهِنِ,1,22:18,1,6
يُهْدَى,1,10:35,1,7
يُهْلِكُنَا,1,45:24,1,11
يُوبِقْهُنَّ,1,42:34,1,12
يُوثِقُ,1,89:26,1,7
يُوحَ,1,6:93,1,5
يُورَثُ,1,4:12,1,7
يُورِثُهَا,1,7:128,1,10
يُوصَى,1,4:12,1,6
يُوصِي,1,4:11,1,6
يُوصِيكُمُ,1,4:11,1,10
يُوصِينَ,1,4:12,1,8
يُوعَظُونَ,1,4:66,1,10
يُوعُونَ,1,84:23,1,8
يُوفِضُونَ,1,70:43,1,10
يُوقَدُ,1,24:35,1,7
يُوقِدُونَ,1,13:17,1,10
يُوقِعَ,1,5:91,1,7
يُولَدْ,1,112:3,1,7
يُوَادُّونَ,1,58:22,1,11
يُوَجِّهْهُ,1,16:76,1,11
يُوَسْوِسُ,1,114:5,1,10
يُوَفَّى,1,39:10,1,8
يُوَفِّقِ,1,4:35,1,9
يُوَفِّيهِمُ,1,24:25,1,12
يُوَلُّوكُمُ,1,3:111,1,12
يُوَلُّونَ,1,33:15,1,10
يُوَلِّهِمْ,1,8:16,1,11
