الكلمة,عدد التكرار,الترتيب,أول موضع,عدد السور
من,2763,1,2:4,98
الله,2153,2,1:1,81
في,1185,3,2:10,93
ما,1010,4,2:17,96
إن,966,5,2:6,93
لا,812,6,2:2,83
الذين,810,7,1:7,74
على,670,8,2:5,83
إلا,664,9,2:9,79
ولا,658,10,1:7,78
وما,646,11,2:4,85
أن,638,12,2:25,81
قال,416,13,2:30,41
إلى,405,14,2:14,80
لهم,373,15,2:11,69
يا,349,16,2:21,59
ومن,342,17,2:8,67
ثم,340,18,2:28,72
لكم,337,19,2:22,64
به,327,20,2:22,63
كان,323,21,2:75,69
بما,296,22,2:4,62
قل,294,23,2:80,54
الأرض,287,24,2:11,69
أو,280,25,2:19,57
ذلك,280,26,2:2,71
له,275,27,2:102,63
الذي,268,28,2:17,70
هو,265,29,2:29,68
آمنوا,263,30,2:9,59
هم,261,31,2:4,61
وإن,254,32,2:23,60
قالوا,250,33,2:11,50
كل,245,34,2:20,68
فيها,241,35,2:25,68
والله,240,36,2:19,38
كانوا,229,37,2:10,47
عن,223,38,2:48,63
إذا,221,39,2:145,69
ربك,220,40,2:30,59
يوم,217,41,1:4,66
عليهم,214,42,1:7,62
شيء,190,43,2:20,54
هذا,190,44,2:25,56
كفروا,189,45,2:6,54
كنتم,188,46,2:23,48
السماوات,182,47,2:33,57
الناس,182,48,2:8,48
لم,178,49,2:6,60
وهو,171,50,2:29,53
فإن,168,51,2:24,44
إذ,165,52,2:131,46
عليكم,164,53,2:40,42
والذين,164,54,2:4,39
الكتاب,163,55,2:2,40
والأرض,157,56,2:33,56
إنا,156,57,2:14,49
فلا,156,58,2:22,54
منهم,153,59,2:75,47
أيها,150,60,2:21,40
عذاب,150,61,2:7,50
إنه,147,62,2:37,52
بعد,146,63,2:27,45
عليه,146,64,2:37,50
حتى,142,65,2:55,48
بالله,139,66,2:8,35
وهم,137,67,2:25,40
وإذا,134,68,2:11,43
أولئك,133,69,2:5,47
إني,131,70,2:30,37
أم,130,71,2:6,48
رب,130,72,1:2,47
موسى,129,73,2:51,32
ولقد,129,74,2:65,46
بل,127,75,2:88,51
فيه,127,76,2:2,43
قد,126,77,2:60,40
قوم,126,78,2:54,39
عند,119,79,2:54,48
قبل,118,80,2:25,47
خير,116,81,2:54,41
لله,116,82,1:2,43
يشاء,116,83,2:90,34
الدنيا,115,84,2:85,40
إنما,113,85,2:11,51
ولكن,112,86,2:12,41
ربهم,111,87,2:5,46
مما,111,88,2:23,41
ولو,111,89,2:20,41
الحق,109,90,2:26,41
السماء,109,91,2:19,57
منكم,107,92,2:65,33
ربنا,106,93,2:127,37
عليم,106,94,2:29,32
النار,102,95,2:24,44
ربكم,102,96,2:21,35
فلما,101,97,2:17,34
ألا,99,98,2:12,34
أنزل,95,99,2:4,29
ربي,94,100,2:258,31
لمن,94,101,2:102,44
دون,91,102,2:23,40
فمن,90,103,2:38,35
منه,88,104,2:60,36
سبيل,87,105,2:154,25
فإذا,87,106,2:196,42
فما,86,107,2:16,48
كذلك,86,108,2:73,34
منها,86,109,2:25,39
يؤمنون,86,110,2:3,37
العذاب,85,111,2:49,39
وقال,85,112,2:118,31
مبين,84,113,2:168,36
وكان,84,114,2:34,14
تعملون,83,115,2:74,39
خلق,83,116,2:29,48
لنا,83,117,2:32,29
يعلمون,82,118,2:13,33
أنتم,80,119,2:85,34
بين,80,120,2:66,37
للذين,80,121,2:79,37
بها,79,122,2:99,34
لو,79,123,2:96,39
ألم,78,124,2:33,40
المؤمنين,78,125,2:223,28
إليك,77,126,2:4,29
شيئا,77,127,2:48,36
إليه,76,128,2:28,37
عنهم,75,129,2:86,36
بالحق,74,130,2:71,34
لما,74,131,2:41,40
إله,73,132,2:163,33
ربه,73,133,2:37,40
أنفسهم,72,134,2:9,27
جهنم,72,135,2:206,38
وإذ,72,136,2:30,21
الآخرة,71,137,2:94,35
لك,71,138,2:30,30
يعلم,71,139,2:77,36
القيامة,70,140,2:85,30
غير,69,141,1:7,35
وأن,68,142,2:165,30
فرعون,67,143,2:49,23
هل,67,144,2:210,38
أنا,66,145,2:258,33
ورسوله,66,146,2:279,16
قلوبهم,65,147,2:7,30
نحن,65,148,2:11,35
يومئذ,65,149,3:167,37
الظالمين,64,150,2:35,27
العزيز,64,151,2:129,34
إنهم,63,152,2:12,36
الحياة,63,153,2:85,33
الشيطان,63,154,2:36,29
كنا,63,155,4:97,30
لي,63,156,2:152,27
أصحاب,62,157,2:39,32
إبراهيم,62,158,2:124,22
القوم,62,159,2:250,23
جنات,62,160,2:25,45
كيف,62,161,2:28,31
الصالحات,61,162,2:25,36
العالمين,61,163,1:2,25
بعض,61,164,2:76,31
رحيم,61,165,2:143,25
وقالوا,61,166,2:80,31
علم,60,167,2:32,34
الليل,59,168,2:164,34
كما,59,169,2:13,26
لعلكم,59,170,2:21,22
لن,59,171,2:55,29
الإنسان,58,172,4:28,39
الصلاة,58,173,2:3,28
بينهم,58,174,2:113,30
مع,58,175,2:43,28
التي,57,176,2:24,35
بآياتنا,57,177,2:39,30
جاء,57,178,4:43,30
عليك,57,179,2:252,29
فقد,57,180,2:108,24
أهل,56,181,2:105,22
الجنة,56,182,2:35,31
تعلمون,56,183,2:22,22
شاء,56,184,2:20,30
يعملون,56,185,2:96,28
أعلم,55,186,2:30,26
أنت,55,187,2:32,30
قليلا,55,188,2:41,27
لقد,54,189,3:164,30
وعملوا,53,190,2:25,33
آيات,52,191,2:99,29
أليم,52,192,2:10,31
الكافرين,52,193,2:34,27
رسول,52,194,2:87,28
غفور,52,195,2:173,24
قبلهم,52,196,2:118,35
أرسلنا,51,197,2:151,29
بني,51,198,2:40,20
علينا,51,199,2:70,30
كنت,51,200,2:143,24
لقوم,51,201,2:118,18
للناس,51,202,2:83,28
يقولون,51,203,2:79,32
إنك,50,204,2:32,27
أمة,49,205,2:128,22
جميعا,49,206,2:29,22
عظيم,49,207,2:7,30
تجري,48,208,2:25,34
آية,47,209,2:106,24
الدين,47,210,1:4,32
عما,47,211,2:74,26
كتاب,47,212,2:89,33
ليس,47,213,2:177,23
مثل,47,214,2:113,29
نفس,47,215,2:48,28
هي,47,216,2:68,29
ولم,47,217,2:247,24
عليها,46,218,2:142,34
فأولئك,46,219,2:81,25
كثيرا,46,220,2:26,23
هذه,46,221,2:35,27
أفلا,45,222,2:44,23
الرحمن,45,223,1:1,17
الرسول,45,224,2:143,19
جعل,45,225,2:22,28
وأنتم,45,226,2:22,18
خالدين,44,227,2:162,27
ذلكم,44,228,2:49,26
ويوم,44,229,2:85,22
الأنهار,43,230,2:25,29
القرآن,43,231,2:185,28
كذبوا,43,232,3:11,18
وقد,43,233,2:75,27
ولهم,43,234,2:7,22
يهدي,43,235,2:142,21
إسرائيل,42,236,2:40,16
الحكيم,42,237,2:32,29
ظلموا,42,238,2:59,25
واتقوا,42,239,2:48,14
أمر,41,240,2:27,24
أنهم,41,241,2:46,23
اليوم,41,242,2:249,26
بغير,41,243,2:61,23
بهم,41,244,2:15,31
جاءهم,41,245,2:89,29
فهم,41,246,2:18,21
لعلهم,41,247,2:186,20
لها,41,248,2:134,25
هؤلاء,41,249,2:31,24
إليهم,40,250,3:77,23
قوما,40,251,3:86,28
حكيم,39,252,2:209,19
وعلى,39,253,2:7,23
يحب,39,254,2:190,18
يقول,39,255,2:8,23
أكثرهم,38,256,2:100,22
أنفسكم,38,257,2:44,20
الملائكة,38,258,2:31,21
دونه,38,259,4:117,23
ذكر,38,260,3:195,27
عذابا,38,261,3:56,22
كلا,38,262,4:130,20
لولا,38,263,2:118,24
هدى,38,264,2:2,21
وعد,38,265,4:95,25
وكذلك,38,266,2:143,18
يريد,38,267,2:185,21
آمنا,37,268,2:8,17
بكم,37,269,2:18,21
خيرا,37,270,2:158,21
عنه,37,271,4:31,27
قدير,37,272,2:20,23
وجعلنا,37,273,5:13,20
العظيم,36,274,2:105,23
تحتها,36,275,2:25,24
صالحا,36,276,2:62,24
قومه,36,277,6:80,15
أولم,35,278,2:260,21
الساعة,35,279,6:31,22
الموت,35,280,2:19,22
شديد,35,281,2:165,21
فبأي,35,282,7:185,5
ماء,35,283,2:22,29
منا,35,284,2:127,19
وكانوا,35,285,2:61,23
يكون,35,286,2:150,22
آلاء,34,287,7:69,3
آياتنا,34,288,2:151,21
أولياء,34,289,3:28,19
الرحيم,34,290,1:1,20
بآيات,34,291,2:61,22
بكل,34,292,2:29,25
حق,34,293,2:121,23
رحمة,34,294,3:8,20
قيل,34,295,2:11,23
مؤمنين,34,296,2:91,15
معه,34,297,2:214,23
أيديهم,33,298,2:79,22
بعضهم,33,299,2:76,19
ربكما,33,300,7:20,3
قبلك,33,301,2:4,24
مريم,33,302,2:87,11
نوح,33,303,4:163,21
وإنا,33,304,2:70,19
وفي,33,305,2:49,17
ولئن,33,306,2:120,21
أجر,32,307,3:136,20
أحسن,32,308,2:138,23
أوتوا,32,309,2:101,19
إليكم,32,310,2:272,21
الأمر,32,311,2:210,20
العليم,32,312,2:32,21
صراط,32,313,1:7,21
ولما,32,314,2:89,13
يكن,32,315,2:196,16
آياته,31,316,2:73,16
أكثر,31,317,2:243,18
إنكم,31,318,2:54,22
الآيات,31,319,2:118,15
الأولين,31,320,6:25,19
بينهما,31,321,4:35,21
تر,31,322,2:243,17
تكذبان,31,323,55:13,1
صادقين,31,324,2:23,23
فضل,31,325,2:64,15
ملك,31,326,2:102,22
ممن,31,327,2:114,21
أحد,30,328,2:102,19
المحسنين,30,329,2:58,14
النبي,30,330,3:68,9
سوء,30,331,2:49,19
فإنما,30,332,2:117,23
اتقوا,29,333,2:212,17
الآخر,29,334,2:8,12
بينكم,29,335,2:188,17
جزاء,29,336,2:85,20
جعلنا,29,337,2:125,17
حيث,29,338,2:35,14
حين,29,339,2:36,21
سبيلا,29,340,3:97,7
قالت,29,341,3:35,11
لآيات,29,342,2:164,19
لفي,29,343,2:176,22
نذير,29,344,5:19,17
واحدة,29,345,2:213,22
وجعل,29,346,5:60,18
أبدا,28,347,2:95,15
أشد,28,348,2:74,18
ابن,28,349,2:87,14
السبيل,28,350,2:108,21
العلم,28,351,2:120,22
الغيب,28,352,3:44,22
القول,28,353,4:108,21
الملك,28,354,2:247,17
تلك,28,355,2:111,19
فضله,28,356,2:90,13
فهو,28,357,2:184,21
كانت,28,358,2:94,19
لئن,28,359,5:12,18
وأما,28,360,2:26,22
ويقولون,28,361,3:75,18
يظلمون,28,362,2:57,17
آمن,27,363,2:13,14
أعمالهم,27,364,2:167,17
بصير,27,365,2:96,18
ضلال,27,366,3:164,22
عاقبة,27,367,3:137,17
فقال,27,368,2:31,20
لكل,27,369,4:11,20
وإلى,27,370,2:210,18
ولله,27,371,2:115,15
يؤمن,27,372,2:221,19
يدعون,27,373,2:221,24
يروا,27,374,6:6,18
الحمد,26,375,1:2,20
الزكاة,26,376,2:43,15
بأنهم,26,377,2:61,13
جناح,26,378,2:158,7
سواء,26,379,2:6,22
فسوف,26,380,4:30,18
مستقيم,26,381,2:142,17
معكم,26,382,2:14,19
نفسه,26,383,2:130,15
وأنا,26,384,2:160,14
والنهار,26,385,2:164,21
ومنهم,26,386,2:78,14
أنزلنا,25,387,2:99,21
إلي,25,388,3:55,18
النهار,25,389,3:27,17
تكون,25,390,2:193,16
جاءكم,25,391,2:87,13
خبير,25,392,2:234,17
ذو,25,393,2:105,17
عباده,25,394,2:90,20
كذب,25,395,3:184,20
وأولئك,25,396,2:5,10
ينظرون,25,397,2:162,19
الجبال,24,398,7:74,23
الظالمون,24,399,2:229,19
المرسلين,24,400,2:252,10
المشركين,24,401,2:105,11
النساء,24,402,2:222,9
بالبينات,24,403,2:92,16
تعقلون,24,404,2:44,17
خالدون,24,405,2:25,12
عزيز,24,406,2:209,13
عنكم,24,407,2:52,16
عنها,24,408,2:36,16
فيما,24,409,2:113,15
وإنه,24,410,2:130,14
ورحمة,24,411,2:157,19
ولولا,24,412,2:251,17
أجل,23,413,2:282,18
أجمعين,23,414,2:161,16
أنه,23,415,2:26,17
البحر,23,416,2:50,16
الجحيم,23,417,2:119,15
الحرام,23,418,2:144,7
المتقين,23,419,2:180,16
المصير,23,420,2:126,18
بإذن,23,421,2:97,14
تولوا,23,422,2:115,12
حسنا,23,423,2:83,18
رسولا,23,424,2:129,15
عدو,23,425,2:36,14
عنده,23,426,2:140,18
فهل,23,427,5:91,14
قرية,23,428,2:259,18
كتب,23,429,2:178,11
للكافرين,23,430,2:24,16
واليوم,23,431,2:62,11
وله,23,432,2:266,17
آل,22,433,2:49,14
أجرا,22,434,4:40,13
المؤمنون,22,435,3:28,12
المبين,22,436,5:92,19
الهدى,22,437,2:120,16
بشر,22,438,3:47,16
بلى,22,439,2:81,16
عظيما,22,440,4:27,4
عليما,22,441,4:11,5
فأما,22,442,2:26,18
فتنة,22,443,2:102,16
فلن,22,444,2:80,13
ماذا,22,445,2:26,14
نزل,22,446,2:176,17
وإليه,22,447,2:245,15
ولن,22,448,2:24,14
يأتي,22,449,2:109,15
يرجعون,22,450,2:18,16
يعقلون,22,451,2:164,15
اتخذوا,21,452,4:153,15
الفلك,21,453,7:64,17
بالآخرة,21,454,2:86,15
بعده,21,455,2:51,16
تكن,21,456,3:60,15
تكونوا,21,457,2:41,13
حرم,21,458,2:173,9
خلقنا,21,459,7:181,16
سميع,21,460,2:181,11
عسى,21,461,4:84,13
مسمى,21,462,2:282,17
نار,21,463,2:266,16
وقل,21,464,3:20,13
وكفى,21,465,4:6,6
ولي,21,466,2:107,15
يشعرون,21,467,2:9,13
يوسف,21,468,12:4,2
آدم,20,469,2:31,8
أحدا,20,470,5:20,8
أخاف,20,471,5:28,13
أموالهم,20,472,2:261,9
أول,20,473,2:41,14
أولو,20,474,2:170,17
أيام,20,475,2:184,14
الشمس,20,476,6:78,18
العرش,20,477,7:54,18
بالمعروف,20,478,2:178,7
بعضكم,20,479,2:36,13
تدعون,20,480,6:40,13
تعبدون,20,481,2:83,12
رحيما,20,482,4:16,5
شهيدا,20,483,2:143,13
عملوا,20,484,6:132,16
غفورا,20,485,4:23,6
كريم,20,486,8:4,14
كفر,20,487,2:102,13
لآية,20,488,2:248,9
مثلا,20,489,2:26,12
والقمر,20,490,6:96,20
يسمعون,20,491,2:75,17
ينفقون,20,492,2:3,9
آتينا,19,493,2:53,16
أنما,19,494,3:178,15
إلينا,19,495,2:136,14
البر,19,496,2:177,11
الجن,19,497,6:100,10
الذكر,19,498,3:36,13
السميع,19,499,2:127,15
الصالحين,19,500,2:130,14
المجرمين,19,501,6:55,17
تتقون,19,502,2:21,9
ترجعون,19,503,2:28,14
ترى,19,504,5:80,13
تشكرون,19,505,2:52,15
ذي,19,506,4:36,17
سلام,19,507,6:54,16
قوة,19,508,8:60,14
قولا,19,509,2:59,10
لهو,19,510,3:62,9
نارا,19,511,2:17,13
نجزي,19,512,6:84,12
نشاء,19,513,6:83,14
والآخرة,19,514,2:217,11
ولكم,19,515,2:36,13
يشركون,19,516,7:190,13
أراد,18,517,2:26,13
أكبر,18,518,2:217,14
الرسل,18,519,2:253,15
جاءتهم,18,520,2:213,13
جنة,18,521,2:265,14
خلقكم,18,522,2:21,16
ذا,18,523,2:245,15
ضل,18,524,2:108,14
فقالوا,18,525,4:153,15
فقل,18,526,3:20,13
قبلكم,18,527,2:21,11
كلمة,18,528,3:64,13
للمتقين,18,529,2:2,16
واحد,18,530,2:61,14
واعلموا,18,531,2:194,4
يتقون,18,532,2:187,12
يحيي,18,533,2:73,15
يغفر,18,534,3:129,15
يفترون,18,535,3:24,12
آلهة,17,536,6:19,11
أظلم,17,537,2:20,11
أفمن,17,538,3:162,14
أمرا,17,539,2:117,14
اعبدوا,17,540,2:21,9
الصادقين,17,541,5:119,11
القرى,17,542,6:92,10
الكافرون,17,543,4:151,16
الماء,17,544,2:74,13
الملأ,17,545,7:60,7
بأن,17,546,2:176,11
بعدهم,17,547,2:253,11
بيننا,17,548,3:64,13
تجد,17,549,3:30,9
تذكرون,17,550,6:152,13
حسنة,17,551,2:201,10
حقا,17,552,2:180,11
ذات,17,553,8:1,12
ريب,17,554,2:2,13
طائفة,17,555,3:69,8
عاد,17,556,2:173,13
فاتقوا,17,557,2:24,9
قبله,17,558,2:198,15
كبيرا,17,559,2:282,8
لوط,17,560,11:70,10
مغفرة,17,561,2:268,16
وجوههم,17,562,3:106,15
ولد,17,563,3:47,8
يبين,17,564,2:68,7
يحكم,17,565,2:113,10
يخرج,17,566,2:61,15
يديه,17,567,2:97,13
يضل,17,568,2:26,13
يفعل,17,569,2:85,11
ينزل,17,570,2:90,11
آتيناهم,16,571,2:121,10
أمرنا,16,572,3:147,11
أهلكنا,16,573,6:6,14
أهلها,16,574,4:35,10
أولي,16,575,2:179,13
إلها,16,576,2:133,13
الألباب,16,577,2:179,10
الحساب,16,578,2:202,8
الصدور,16,579,3:119,15
العقاب,16,580,2:196,9
الفوز,16,581,4:13,13
الموتى,16,582,2:73,14
بينات,16,583,2:99,14
تأتيهم,16,584,6:4,13
تتلى,16,585,3:101,12
حكيما,16,586,4:11,4
خوف,16,587,2:38,9
رحمته,16,588,7:57,15
سمعنا,16,589,2:93,12
علي,16,590,4:72,11
عمل,16,591,3:195,14
عيسى,16,592,2:87,7
فكيف,16,593,3:25,12
فلم,16,594,2:91,11
فيهم,16,595,2:129,12
قدمت,16,596,2:95,16
كذبت,16,597,6:34,10
كسبت,16,598,2:134,10
متاع,16,599,2:241,12
نعمة,16,600,2:211,13
وكنا,16,601,7:173,9
وهدى,16,602,2:97,11
يوما,16,603,2:48,11
أخرى,15,604,4:102,8
أنى,15,605,2:223,9
أني,15,606,3:49,11
أيمانكم,15,607,2:225,7
أيمانهم,15,608,5:53,12
إنها,15,609,2:68,13
اتخذ,15,610,2:116,13
التوراة,15,611,3:3,7
المسجد,15,612,2:144,6
المنافقين,15,613,4:61,6
ببعض,15,614,2:85,10
بصيرا,15,615,4:58,10
تقولوا,15,616,2:104,7
خلت,15,617,2:134,10
رزقا,15,618,2:22,13
رسلنا,15,619,5:32,11
شر,15,620,2:216,11
شك,15,621,4:157,11
فإنه,15,622,2:97,11
فوق,15,623,3:55,13
قلوب,15,624,3:151,14
كافرون,15,625,7:45,10
كذبا,15,626,6:21,11
كسبوا,15,627,2:202,11
كلوا,15,628,2:57,9
للمؤمنين,15,629,2:97,13
ليقولن,15,630,4:73,10
ملكت,15,631,4:3,7
وآتوا,15,632,2:43,8
واذكر,15,633,3:41,8
والذي,15,634,7:58,11
وبئس,15,635,2:126,12
وقيل,15,636,3:167,12
ونحن,15,637,2:30,8
وهذا,15,638,3:68,11
يأتيهم,15,639,2:210,14
يجعل,15,640,3:176,11
يستطيعون,15,641,2:273,12
يكفر,15,642,2:99,11
أرأيتم,14,643,6:46,8
أزواجا,14,644,2:234,11
أليما,14,645,4:18,8
أنزلناه,14,646,6:92,13
أنكم,14,647,2:187,8
أهله,14,648,2:126,9
أوتي,14,649,2:136,7
أوحينا,14,650,4:163,9
أين,14,651,2:148,13
اسم,14,652,5:4,7
افترى,14,653,3:94,12
الأنعام,14,654,4:119,10
الأولى,14,655,20:21,9
الخلق,14,656,7:54,9
السوء,14,657,4:17,9
السيئات,14,658,4:18,11
الظلمات,14,659,2:257,10
الفضل,14,660,2:105,10
الكذب,14,661,3:75,7
المدينة,14,662,7:123,10
بالقسط,14,663,3:18,9
بعيد,14,664,2:176,10
بهذا,14,665,2:26,13
بينة,14,666,2:211,8
دابة,14,667,2:164,12
داوود,14,668,2:251,9
رسوله,14,669,3:101,6
سبحانه,14,670,2:116,11
سبع,14,671,2:29,8
سنة,14,672,2:96,12
عباد,14,673,7:194,7
عندنا,14,674,3:156,12
قريب,14,675,2:186,10
قلنا,14,676,2:34,7
قلوبكم,14,677,2:74,7
مرة,14,678,6:94,9
مسلمون,14,679,2:132,8
معرضون,14,680,2:83,10
معهم,14,681,2:89,8
مكان,14,682,4:20,10
نفسا,14,683,2:72,11
وأطيعوا,14,684,3:132,9
وأنت,14,685,5:114,8
وإني,14,686,3:36,12
والملائكة,14,687,2:161,10
وكل,14,688,8:54,10
ويل,14,689,45:7,4
يخلق,14,690,3:47,13
يرد,14,691,3:145,9
يستهزئون,14,692,6:5,13
يكسبون,14,693,2:79,12
يوحى,14,694,6:50,12
أدراك,13,695,69:3,10
أعبد,13,696,6:56,8
أليس,13,697,6:30,8
ادخلوا,13,698,2:58,10
الآخرين,13,699,26:64,4
الأمور,13,700,2:210,9
الحسنى,13,701,4:95,12
الخاسرين,13,702,2:64,9
الدار,13,703,2:94,8
الرزق,13,704,7:32,10
الشياطين,13,705,2:102,9
الكفار,13,706,9:73,7
المجرمون,13,707,8:8,9
بعذاب,13,708,3:21,10
بغتة,13,709,6:31,10
تتخذوا,13,710,2:231,8
توعدون,13,711,6:134,11
ثمود,13,712,7:73,10
حرج,13,713,5:6,7
رجل,13,714,4:12,10
سبحان,13,715,17:1,9
سبيله,13,716,5:35,10
سلطان,13,717,7:71,11
شركاء,13,718,4:12,10
صبروا,13,719,7:137,12
عالم,13,720,6:73,12
غيره,13,721,2:230,7
فانظر,13,722,2:259,8
فريق,13,723,2:75,10
فلولا,13,724,2:64,9
فوقهم,13,725,2:212,10
فيقول,13,726,5:109,9
كمثل,13,727,2:17,7
لقومه,13,728,2:54,9
للعالمين,13,729,3:96,10
لهن,13,730,2:187,5
مبينا,13,731,4:20,4
وأنه,13,732,8:24,4
وإما,13,733,6:68,12
واذكروا,13,734,2:63,6
وجدنا,13,735,5:104,9
وذلك,13,736,4:13,11
وقالت,13,737,2:113,8
وكيلا,13,738,4:81,5
ولدا,13,739,2:116,11
وليا,13,740,4:45,6
يحزنون,13,741,2:38,8
يريدون,13,742,4:60,11
يفعلون,13,743,2:71,11
يفقهون,13,744,4:78,9
يكونوا,13,745,9:18,11
ينصرون,13,746,2:48,10
أجرهم,12,747,2:62,6
أخذ,12,748,3:81,9
أخذنا,12,749,2:63,7
أرسلناك,12,750,2:119,11
أشركوا,12,751,2:96,7
أفلم,12,752,12:109,12
أمرهم,12,753,6:159,10
أمن,12,754,2:283,5
أهواءهم,12,755,2:120,9
اتبعوا,12,756,2:166,6
البيت,12,757,2:125,8
الحي,12,758,2:255,7
القربى,12,759,2:83,9
المفلحون,12,760,2:5,11
اليمين,12,761,16:48,7
بآية,12,762,3:49,9
بأمره,12,763,2:109,10
بالغيب,12,764,2:3,12
بذات,12,765,3:119,11
بشرا,12,766,7:57,10
بي,12,767,2:186,10
تاب,12,768,5:39,8
ترك,12,769,2:180,4
تسمع,12,770,10:42,8
تكفرون,12,771,2:28,8
حدود,12,772,2:187,5
خبيرا,12,773,4:35,5
خلفهم,12,774,2:255,11
درجات,12,775,2:253,10
رأى,12,776,6:76,7
سحر,12,777,5:110,12
سيئة,12,778,2:81,8
شهداء,12,779,2:133,7
شهيد,12,780,2:282,11
عبادي,12,781,2:186,11
قتل,12,782,3:144,9
قول,12,783,2:263,12
كتابا,12,784,3:145,10
كلما,12,785,2:20,10
كم,12,786,2:211,10
للمكذبين,12,787,52:11,3
مرض,12,788,2:10,9
مهين,12,789,2:90,11
نصيرا,12,790,4:45,4
هارون,12,791,2:248,8
وأنزل,12,792,2:22,10
وأنزلنا,12,793,2:57,11
وترى,12,794,5:62,10
وثمود,12,795,9:70,12
وراء,12,796,2:101,12
ورسله,12,797,2:98,5
ويعلم,12,798,3:29,8
يؤمنوا,12,799,2:75,8
يستوي,12,800,4:95,10
يضلل,12,801,4:88,8
يكفرون,12,802,2:61,10
أإذا,11,803,13:5,9
أحق,11,804,2:228,7
أسألكم,11,805,6:90,6
أضل,11,806,4:88,10
أموالكم,11,807,2:188,8
أمين,11,808,7:68,6
أنفقوا,11,809,2:254,7
إبليس,11,810,2:34,9
ابتغاء,11,811,2:207,7
استكبروا,11,812,7:75,6
البلاغ,11,813,3:20,9
البينات,11,814,2:87,5
الثمرات,11,815,2:22,6
الخاسرون,11,816,2:27,9
السمع,11,817,10:31,10
الغفور,11,818,10:107,11
الفاسقين,11,819,2:26,7
الكفر,11,820,2:108,6
المسلمين,11,821,6:163,10
بالذي,11,822,2:61,10
بيني,11,823,6:19,10
تأكلون,11,824,3:49,9
تفلحون,11,825,2:189,8
تقول,11,826,3:124,8
تقوم,11,827,9:108,8
ثلاثة,11,828,2:196,9
جاءك,11,829,2:120,9
حميم,11,830,6:70,11
دين,11,831,3:83,8
ذهب,11,832,2:17,9
رسل,11,833,3:183,6
رسلهم,11,834,7:101,8
زين,11,835,2:212,10
ساء,11,836,5:66,9
سجدا,11,837,2:58,11
سلطانا,11,838,3:151,8
شديدا,11,839,3:56,10
صدق,11,840,3:95,9
طعام,11,841,2:61,9
عبادنا,11,842,12:24,8
عدن,11,843,9:72,11
عدوا,11,844,2:97,9
عليهن,11,845,2:228,6
عنا,11,846,2:286,8
فأنى,11,847,6:95,10
فاصبر,11,848,11:49,10
فذوقوا,11,849,3:106,10
فمنهم,11,850,2:253,11
فيكم,11,851,2:151,9
كأنهم,11,852,2:101,10
كثيرة,11,853,2:245,8
كن,11,854,2:117,9
للظالمين,11,855,2:270,10
مؤمن,11,856,2:221,9
مثله,11,857,2:23,11
مرجعكم,11,858,3:55,8
مصدقا,11,859,2:41,7
معك,11,860,4:102,8
معي,11,861,7:105,7
مني,11,862,2:38,8
موتها,11,863,2:164,8
نطفة,11,864,16:4,11
هزوا,11,865,2:67,7
وأصحاب,11,866,9:70,8
وأطيعون,11,867,3:50,4
وأقيموا,11,868,2:43,9
وإنهم,11,869,6:28,10
واتبعوا,11,870,2:102,10
والحكمة,11,871,2:129,6
والمؤمنات,11,872,9:71,8
وبشر,11,873,2:25,6
وتلك,11,874,2:230,11
وجهه,11,875,2:112,11
وربك,11,876,4:65,10
وسخر,11,877,13:2,8
وعمل,11,878,2:62,9
ومما,11,879,2:3,10
ويا,11,880,7:19,3
ويعقوب,11,881,2:132,9
ويقول,11,882,5:53,9
يبصرون,11,883,2:17,7
يتخذ,11,884,2:165,8
يذكرون,11,885,3:191,9
يرجون,11,886,2:218,8
يقولوا,11,887,4:78,10
يوقنون,11,888,2:4,8
آباءنا,10,889,2:170,8
آخر,10,890,15:96,8
آياتي,10,891,6:130,7
أخرج,10,892,7:27,9
أخيه,10,893,2:178,6
أذن,10,894,9:61,9
أرسل,10,895,7:6,8
أمره,10,896,5:95,9
أيديكم,10,897,3:182,9
اتبع,10,898,3:162,9
اثنين,10,899,6:143,7
الأحزاب,10,900,11:17,7
الأعراب,10,901,9:90,4
الأمثال,10,902,13:17,8
الباطل,10,903,8:8,9
الحميد,10,904,14:1,9
الرياح,10,905,2:164,9
الصابرين,10,906,2:153,5
الصور,10,907,6:73,10
الطيبات,10,908,5:4,9
الطير,10,909,2:260,8
الظن,10,910,4:157,5
القرون,10,911,10:13,8
القرية,10,912,2:58,8
الكاذبين,10,913,3:61,9
المسيح,10,914,3:45,4
المفسدين,10,915,5:64,6
المنكر,10,916,3:104,6
النعيم,10,917,5:65,10
النور,10,918,2:257,8
انظر,10,919,4:50,6
بأسنا,10,920,6:43,5
بحمد,10,921,15:98,9
بك,10,922,3:36,9
بلغ,10,923,5:67,8
بمن,10,924,16:125,7
بيوت,10,925,24:36,2
تابوا,10,926,2:160,9
تبين,10,927,2:109,6
تكذبون,10,928,23:105,10
تنزيل,10,929,32:2,9
ثمنا,10,930,2:41,5
جاءت,10,931,6:109,7
حديث,10,932,4:140,10
حكما,10,933,4:35,8
حليم,10,934,2:225,8
حنيفا,10,935,2:135,7
دعوا,10,936,2:282,9
دينكم,10,937,2:217,7
دينهم,10,938,3:24,7
ذرية,10,939,2:266,8
ذكرا,10,940,2:200,7
رأوا,10,941,10:54,9
رزقناهم,10,942,2:3,10
سليمان,10,943,2:102,4
صدورهم,10,944,3:118,9
عين,10,945,18:86,9
فأتوا,10,946,2:23,9
فأخذتهم,10,947,4:153,8
فإنا,10,948,5:22,8
فإنهم,10,949,3:128,8
فالذين,10,950,3:195,8
فريقا,10,951,2:85,7
فله,10,952,2:112,8
فيكون,10,953,2:117,8
قضى,10,954,2:117,8
قليل,10,955,3:197,9
كأن,10,956,4:73,6
كبير,10,957,2:217,7
كثير,10,958,2:109,8
لنفسه,10,959,10:108,8
لهما,10,960,7:20,5
مجرمين,10,961,7:133,9
مصيبة,10,962,2:156,9
منهما,10,963,2:102,6
نؤمن,10,964,2:55,8
نصيب,10,965,2:202,4
هادوا,10,966,2:62,7
وأنفسهم,10,967,4:95,6
والشهادة,10,968,6:73,9
وبينكم,10,969,3:64,9
وجاء,10,970,7:113,9
وجاهدوا,10,971,2:218,6
وجه,10,972,2:115,7
وربكم,10,973,2:139,9
وكذبوا,10,974,2:39,9
وكلا,10,975,2:35,8
وهي,10,976,2:259,8
ويغفر,10,977,3:31,8
يأت,10,978,2:148,9
يتفكرون,10,979,7:176,8
يجدون,10,980,4:121,6
يختلفون,10,981,2:113,7
يدي,10,982,3:50,9
يرسل,10,983,7:57,9
يعمل,10,984,4:110,7
يغني,10,985,10:36,10
يملكون,10,986,13:16,9
يهتدون,10,987,2:170,9
يوعدون,10,988,19:75,8
أإنا,9,989,13:5,7
أبصارهم,9,990,2:7,8
أجري,9,991,10:72,4
أدنى,9,992,2:61,8
أساطير,9,993,6:25,9
أعمالكم,9,994,2:139,6
أغنى,9,995,7:48,9
أقرب,9,996,2:237,9
أقول,9,997,5:116,6
أكون,9,998,2:67,8
أمم,9,999,6:38,8
أنزلت,9,1000,2:41,5
أوحي,9,1001,6:93,7
إما,9,1002,7:35,8
اختلفوا,9,1003,2:176,5
اذكروا,9,1004,2:40,5
استوى,9,1005,2:29,9
الأبصار,9,1006,3:13,8
الأعلى,9,1007,16:60,9
الخير,9,1008,3:26,8
الفاسقون,9,1009,2:99,7
النبيين,9,1010,2:61,6
الوعد,9,1011,10:48,7
بإذنه,9,1012,2:213,7
بالباطل,9,1013,2:42,7
بربهم,9,1014,6:1,8
بريء,9,1015,6:19,7
بعضا,9,1016,2:283,9
بغافل,9,1017,2:74,5
بيوتا,9,1018,7:74,6
تؤمنوا,9,1019,3:73,7
تبصرون,9,1020,21:3,8
تجزون,9,1021,6:93,9
تخرج,9,1022,5:110,9
تخف,9,1023,11:70,7
ترابا,9,1024,13:5,7
تشاء,9,1025,3:26,3
تعلم,9,1026,2:106,7
تفعلوا,9,1027,2:24,4
تكونن,9,1028,2:147,4
تولى,9,1029,2:205,7
دخلوا,9,1030,5:61,6
ديارهم,9,1031,2:85,6
رواسي,9,1032,13:3,9
سبحانك,9,1033,2:32,9
سريع,9,1034,2:202,8
سنين,9,1035,12:42,6
ضرا,9,1036,5:76,9
ضلوا,9,1037,4:167,8
طيبة,9,1038,3:38,8
ظالمين,9,1039,7:5,6
عذابي,9,1040,7:156,4
علما,9,1041,6:80,6
عندك,9,1042,4:78,8
فأخذهم,9,1043,3:11,7
فأصبحوا,9,1044,5:53,7
فإنك,9,1045,5:118,7
فضلا,9,1046,2:198,9
فعل,9,1047,7:155,6
فليتوكل,9,1048,3:122,7
فويل,9,1049,2:79,8
فيهن,9,1050,2:197,8
قرآنا,9,1051,12:2,8
قريبا,9,1052,9:42,8
قلتم,9,1053,2:55,7
قومك,9,1054,6:66,7
كالذين,9,1055,3:105,7
كره,9,1056,2:216,6
كمن,9,1057,3:162,8
كونوا,9,1058,2:65,7
لأبيه,9,1059,6:74,9
لأولي,9,1060,3:13,7
لبعض,9,1061,2:36,9
لكاذبون,9,1062,6:28,8
للرحمن,9,1063,19:26,4
للملائكة,9,1064,2:30,8
متى,9,1065,2:214,9
مثوى,9,1066,3:151,7
مدين,9,1067,7:85,7
مسلمين,9,1068,2:128,7
معلوم,9,1069,15:4,6
مكانا,9,1070,5:60,5
ملة,9,1071,2:130,7
ميثاق,9,1072,2:83,6
نبأ,9,1073,5:27,8
نجعل,9,1074,18:48,6
نصير,9,1075,2:107,6
نعم,9,1076,7:44,7
نفسك,9,1077,4:79,7
نفسي,9,1078,5:25,7
نفعا,9,1079,4:11,9
نورا,9,1080,4:174,7
هنالك,9,1081,3:38,8
وآتيناه,9,1082,5:46,9
وإسحاق,9,1083,2:133,6
وإسماعيل,9,1084,2:125,5
واتبع,9,1085,4:125,9
والإنس,9,1086,6:130,7
والبحر,9,1087,6:59,7
والرسول,9,1088,3:32,4
والسماء,9,1089,2:22,7
والشمس,9,1090,6:96,9
والمساكين,9,1091,2:83,6
وبين,9,1092,5:25,8
وكم,9,1093,7:4,8
ولعلكم,9,1094,2:150,8
ويقدر,9,1095,13:26,8
ويميت,9,1096,2:258,9
ويهدي,9,1097,2:26,9
يبسط,9,1098,13:26,8
يتبعون,9,1099,2:262,8
يتوب,9,1100,3:128,6
يذكر,9,1101,2:114,8
يسألونك,9,1102,2:189,5
يشرك,9,1103,4:48,5
يشكرون,9,1104,2:243,8
يعبدون,9,1105,11:109,8
يفلح,9,1106,6:21,6
آتاهم,8,1107,3:170,5
آخرين,8,1108,4:91,6
آمنتم,8,1109,2:137,6
أبت,8,1110,12:4,4
أبواب,8,1111,6:44,8
أخاهم,8,1112,7:65,4
أريد,8,1113,5:29,5
أعرض,8,1114,5:42,7
أقسم,8,1115,56:75,7
ألف,8,1116,2:96,7
ألقوا,8,1117,7:116,6
أما,8,1118,6:143,6
أمري,8,1119,18:73,4
أنباء,8,1120,3:44,6
أنثى,8,1121,3:36,7
أولى,8,1122,3:68,6
إياه,8,1123,2:172,7
ادعوا,8,1124,7:55,5
الإثم,8,1125,5:2,5
الخيرات,8,1126,2:148,6
الريح,8,1127,14:18,8
السحرة,8,1128,7:113,4
السعير,8,1129,22:4,6
العزة,8,1130,2:206,6
الغني,8,1131,6:133,8
القتال,8,1132,2:216,5
الكبير,8,1133,13:9,8
اللاتي,8,1134,4:23,4
المخلصين,8,1135,12:24,4
الميت,8,1136,3:27,4
اليم,8,1137,7:136,4
اليهود,8,1138,2:113,3
بأموالهم,8,1139,4:95,4
برب,8,1140,7:121,7
بسلطان,8,1141,14:10,7
بغيا,8,1142,2:90,6
تأكلوا,8,1143,2:188,5
تالله,8,1144,12:73,4
تتبع,8,1145,2:120,7
تتبعوا,8,1146,2:168,6
تحشرون,8,1147,2:203,8
ترحمون,8,1148,3:132,7
تطع,8,1149,6:116,6
تنفقوا,8,1150,2:272,5
توليتم,8,1151,2:64,7
خسروا,8,1152,6:12,6
خلقناكم,8,1153,6:94,8
دار,8,1154,6:127,8
ذكروا,8,1155,3:135,7
ذوقوا,8,1156,3:181,8
رجالا,8,1157,4:1,7
رزقكم,8,1158,5:88,8
رسلا,8,1159,4:165,8
ساعة,8,1160,7:34,7
شكور,8,1161,14:5,6
صبرا,8,1162,2:250,4
ضرب,8,1163,14:24,7
طين,8,1164,6:2,7
ظلمات,8,1165,2:17,5
ظن,8,1166,3:154,7
عربيا,8,1167,12:2,8
علمت,8,1168,11:79,8
عليهما,8,1169,2:229,6
عملا,8,1170,9:102,6
عنك,8,1171,2:120,8
عهد,8,1172,2:27,7
غضب,8,1173,2:90,8
فاليوم,8,1174,7:51,8
فكان,8,1175,7:175,7
فكذبوه,8,1176,7:64,7
فيهما,8,1177,2:219,5
قولهم,8,1178,2:113,7
كافرين,8,1179,3:100,7
كفار,8,1180,2:161,7
لبثتم,8,1181,17:52,5
لذو,8,1182,2:243,8
لغفور,8,1183,6:165,5
لقاء,8,1184,6:130,8
لقضي,8,1185,6:8,5
ليتني,8,1186,4:73,7
ليلة,8,1187,2:51,4
ليوم,8,1188,3:9,7
مائة,8,1189,2:259,5
مال,8,1190,6:152,8
مثقال,8,1191,4:40,6
مقيم,8,1192,5:37,7
نبيا,8,1193,19:30,2
نصيبا,8,1194,3:23,5
نعمت,8,1195,2:231,6
نقول,8,1196,6:22,8
نور,8,1197,5:15,5
وأصلح,8,1198,5:39,6
وأقاموا,8,1199,2:277,6
وأنفقوا,8,1200,2:195,7
وأهله,8,1201,7:83,6
وأوحينا,8,1202,4:163,7
وابن,8,1203,2:177,7
واسع,8,1204,2:115,5
والإنجيل,8,1205,3:3,4
والكتاب,8,1206,2:177,7
وتتقوا,8,1207,2:224,4
وجعلوا,8,1208,6:100,6
وجوه,8,1209,3:106,6
ورب,8,1210,23:86,7
وضل,8,1211,6:24,7
وعيون,8,1212,15:45,5
وقولوا,8,1213,2:58,5
وقوم,8,1214,9:70,7
وكنتم,8,1215,2:28,7
ولكل,8,1216,2:148,8
ومنها,8,1217,7:25,6
ونذر,8,1218,7:70,3
ونذيرا,8,1219,2:119,8
وهارون,8,1220,4:163,7
ووهبنا,8,1221,6:84,5
ويجعل,8,1222,4:19,7
يأتيكم,8,1223,2:248,6
يبعثون,8,1224,7:14,8
يجد,8,1225,2:196,5
يخافون,8,1226,5:23,6
يدخل,8,1227,2:111,7
يدعو,8,1228,2:221,7
يرون,8,1229,2:165,7
يسير,8,1230,12:65,8
يشأ,8,1231,4:133,6
يعبد,8,1232,7:70,5
يك,8,1233,8:53,6
يملك,8,1234,5:17,7
ينفع,8,1235,2:164,8
يهد,8,1236,7:100,7
آباؤنا,7,1237,6:148,5
آذانهم,7,1238,2:19,6
آمنت,7,1239,6:158,5
آمنين,7,1240,12:99,6
أأنتم,7,1241,2:140,4
أبانا,7,1242,12:8,1
أتبع,7,1243,6:50,5
أحدكم,7,1244,2:180,6
أحدهم,7,1245,2:96,7
أحل,7,1246,2:187,3
أذى,7,1247,2:196,3
أربعة,7,1248,2:226,4
أزواج,7,1249,2:25,6
أسلم,7,1250,2:112,6
أعد,7,1251,4:102,6
أفرأيتم,7,1252,26:75,4
أمرت,7,1253,6:14,6
أنعمت,7,1254,1:7,5
أولادكم,7,1255,2:233,7
إثما,7,1256,2:182,4
إلهكم,7,1257,16:22,6
إيمانا,7,1258,3:173,6
اعملوا,7,1259,6:135,6
اغفر,7,1260,3:147,7
افتراه,7,1261,10:38,6
الأعمى,7,1262,6:50,7
الإيمان,7,1263,9:23,5
الحج,7,1264,2:196,2
الحكم,7,1265,6:57,4
الخبيث,7,1266,2:267,5
الربا,7,1267,2:275,3
الرجال,7,1268,4:34,5
الشاكرين,7,1269,3:144,5
الشجرة,7,1270,2:35,4
الصيحة,7,1271,11:67,5
الضر,7,1272,10:12,5
الطور,7,1273,2:63,5
الغابرين,7,1274,7:83,6
الفصل,7,1275,37:21,5
الكبر,7,1276,2:266,7
الكيل,7,1277,6:152,5
المؤمنات,7,1278,4:25,5
المرسلون,7,1279,15:57,4
المسرفين,7,1280,6:141,7
المنافقون,7,1281,8:49,5
المنذرين,7,1282,10:73,4
النفس,7,1283,5:45,7
اهتدى,7,1284,10:108,6
بأس,7,1285,4:84,7
بالتي,7,1286,6:152,7
بالهدى,7,1287,2:16,5
بذنوبهم,7,1288,3:11,6
برحمة,7,1289,7:49,4
بكرة,7,1290,19:11,6
بلقاء,7,1291,6:31,6
بمعجزين,7,1292,6:134,7
تجدوا,7,1293,2:283,6
تحت,7,1294,5:66,7
تحزن,7,1295,9:40,7
تذكرة,7,1296,20:3,7
تراب,7,1297,2:264,7
تستعجلون,7,1298,6:57,5
تشركون,7,1299,6:19,3
تعالوا,7,1300,3:61,5
تعبدوا,7,1301,11:2,6
تقتلوا,7,1302,4:29,5
تك,7,1303,4:40,6
تنزل,7,1304,3:93,6
تنظرون,7,1305,2:50,6
توكلت,7,1306,9:129,6
ثواب,7,1307,3:145,3
جاءه,7,1308,2:275,7
جعلناه,7,1309,6:9,7
حبا,7,1310,2:165,7
حزب,7,1311,5:56,4
حساب,7,1312,2:212,6
حم,7,1313,40:1,7
خالق,7,1314,6:102,7
خزائن,7,1315,6:50,7
خفتم,7,1316,2:229,3
خلقا,7,1317,17:49,5
خلوا,7,1318,2:14,5
دعاء,7,1319,2:171,6
ربها,7,1320,3:37,7
رجلا,7,1321,6:9,7
رزقناكم,7,1322,2:57,5
رشدا,7,1323,4:6,3
سألتهم,7,1324,9:65,5
ساحر,7,1325,7:112,6
سبقت,7,1326,10:19,7
ستة,7,1327,7:54,7
سعيرا,7,1328,4:10,6
سلاما,7,1329,11:69,6
سورة,7,1330,9:64,3
سوف,7,1331,4:56,5
سيئاتهم,7,1332,3:195,7
شعيبا,7,1333,7:85,3
صفا,7,1334,18:48,6
طيبات,7,1335,2:57,5
ظالمون,7,1336,2:51,6
ظلما,7,1337,3:108,6
عبادك,7,1338,4:118,7
عدل,7,1339,2:48,4
عزيزا,7,1340,4:56,3
علمنا,7,1341,12:51,5
عندهم,7,1342,4:139,6
عوجا,7,1343,3:99,6
غني,7,1344,2:263,6
فأرسلنا,7,1345,7:133,6
فأعرض,7,1346,4:63,6
فإما,7,1347,2:38,7
فئة,7,1348,2:249,5
فاذكروا,7,1349,2:198,4
فاسقون,7,1350,5:59,3
فبئس,7,1351,3:187,6
فتكون,7,1352,5:29,6
فكلوا,7,1353,2:58,6
فليس,7,1354,2:249,6
فينبئكم,7,1355,5:48,5
قدر,7,1356,20:40,6
قومهم,7,1357,4:90,6
كفورا,7,1358,17:27,3
كله,7,1359,3:119,6
كيد,7,1360,4:76,6
لدنك,7,1361,3:8,5
لديهم,7,1362,3:44,6
لعلي,7,1363,12:46,6
لعنة,7,1364,2:161,5
لكما,7,1365,7:21,4
للحق,7,1366,2:149,6
ليجزي,7,1367,10:4,7
مؤمنا,7,1368,4:92,4
مالا,7,1369,11:29,6
متاعا,7,1370,2:236,6
متكئين,7,1371,18:31,6
مثلكم,7,1372,14:11,5
محيط,7,1373,2:19,6
مخلصين,7,1374,7:29,6
مريب,7,1375,11:62,6
مس,7,1376,3:140,6
مقام,7,1377,2:125,7
ملكا,7,1378,2:246,5
منهن,7,1379,2:260,5
نادى,7,1380,19:3,5
ناصرين,7,1381,3:22,5
نبي,7,1382,3:146,6
نسوا,7,1383,6:44,6
نصر,7,1384,2:214,6
نوحا,7,1385,7:59,7
هن,7,1386,2:187,6
وآتينا,7,1387,2:87,3
وآمنوا,7,1388,2:41,6
وأبقى,7,1389,20:71,4
وأعتدنا,7,1390,4:37,4
وأعد,7,1391,4:93,4
واستغفر,7,1392,3:159,6
واصبر,7,1393,10:109,7
والأبصار,7,1394,10:31,7
والليل,7,1395,74:33,7
والمؤمنون,7,1396,2:285,5
واليتامى,7,1397,2:83,4
وبنات,7,1398,4:23,3
وتركنا,7,1399,12:17,4
وتعالى,7,1400,6:100,7
وتوكل,7,1401,4:81,6
وتولى,7,1402,12:84,7
وجنوده,7,1403,2:249,5
وجهك,7,1404,2:144,3
وحاق,7,1405,11:8,6
وذكرى,7,1406,7:2,7
ورحمته,7,1407,2:64,3
وظنوا,7,1408,7:171,7
وعاد,7,1409,9:70,7
وعدا,7,1410,9:111,7
وعده,7,1411,3:152,7
وعيسى,7,1412,2:136,7
وقومه,7,1413,7:127,6
يأكلون,7,1414,2:174,4
يبعث,7,1415,6:65,7
يتذكر,7,1416,13:19,7
يتذكرون,7,1417,2:221,5
يتساءلون,7,1418,23:101,6
يتلو,7,1419,2:129,6
يتلى,7,1420,4:127,7
يجحدون,7,1421,6:33,6
يخفف,7,1422,2:86,6
يرى,7,1423,2:165,5
يسبحون,7,1424,21:20,6
يستكبرون,7,1425,5:82,7
يسمع,7,1426,2:171,7
يسيرا,7,1427,4:30,4
يسيروا,7,1428,12:109,6
يصفون,7,1429,6:100,5
يعمهون,7,1430,2:15,7
يعيده,7,1431,10:4,4
آتاكم,6,1432,5:48,6
آثارهم,6,1433,5:46,5
أتاك,6,1434,20:9,6
أتى,6,1435,16:1,5
أجلهم,6,1436,7:34,4
أجورهن,6,1437,4:24,5
أخرجنا,6,1438,2:246,5
أرأيت,6,1439,18:63,4
أرسلت,6,1440,7:87,6
أزواجكم,6,1441,4:12,6
أعتدنا,6,1442,4:18,5
أعوذ,6,1443,2:67,6
أعين,6,1444,7:116,4
أعينهم,6,1445,5:83,6
أفأنت,6,1446,10:42,4
أقل,6,1447,2:33,4
ألقى,6,1448,4:94,5
أمهاتكم,6,1449,4:23,6
أندادا,6,1450,2:22,5
أنصار,6,1451,2:270,4
أهدى,6,1452,4:51,6
أولادهم,6,1453,3:10,4
أي,6,1454,6:19,6
أيان,6,1455,7:187,6
أيهم,6,1456,3:44,6
إثم,6,1457,2:173,2
إحسانا,6,1458,2:83,5
إسحاق,6,1459,6:84,6
إنني,6,1460,6:161,5
إيمانكم,6,1461,2:93,3
إيمانهم,6,1462,3:86,5
اجعل,6,1463,2:126,5
ادع,6,1464,2:68,4
اسجدوا,6,1465,2:34,6
اشتروا,6,1466,2:16,3
الأرحام,6,1467,3:6,6
الأليم,6,1468,10:88,5
الأنثيين,6,1469,4:11,2
الأولون,6,1470,9:100,6
الإنس,6,1471,6:112,3
الباب,6,1472,2:58,5
البصر,6,1473,16:77,4
التقوى,6,1474,2:197,6
التواب,6,1475,2:37,2
الجاهلين,6,1476,2:67,6
الحديث,6,1477,18:6,6
الحسنة,6,1478,7:95,5
الخبير,6,1479,6:18,4
الخلد,6,1480,10:52,6
الذكرى,6,1481,6:68,6
الراحمين,6,1482,7:151,4
الرحمة,6,1483,6:12,4
السجن,6,1484,12:33,1
السجود,6,1485,2:125,5
السحر,6,1486,2:102,5
السلم,6,1487,2:208,4
الشاهدين,6,1488,3:53,4
الشمال,6,1489,18:17,4
الصدقات,6,1490,2:271,2
الصراط,6,1491,1:6,6
الصم,6,1492,8:22,6
الضالين,6,1493,1:7,5
الضلالة,6,1494,2:16,5
الطاغوت,6,1495,2:257,5
الطعام,6,1496,3:93,5
العجل,6,1497,2:51,3
العلي,6,1498,2:255,6
الفتنة,6,1499,3:7,4
الفساد,6,1500,2:205,6
القلوب,6,1501,13:28,5
القهار,6,1502,12:39,6
الكبرى,6,1503,20:23,5
الم,6,1504,2:1,6
المتقون,6,1505,2:177,6
المشرق,6,1506,2:115,3
المكذبين,6,1507,3:137,6
النجوم,6,1508,6:97,6
الواحد,6,1509,12:39,6
اليقين,6,1510,15:99,5
امرأت,6,1511,3:35,4
بأفواههم,6,1512,3:167,4
بالذين,6,1513,3:170,6
بالعدل,6,1514,2:282,4
بالعذاب,6,1515,22:47,4
بالليل,6,1516,2:274,6
بالمؤمنين,6,1517,5:43,5
بخير,6,1518,2:106,6
بشيء,6,1519,2:155,5
بعباده,6,1520,17:30,3
بعثنا,6,1521,7:103,5
بعدها,6,1522,7:153,4
بعيدا,6,1523,3:30,3
بقوة,6,1524,2:63,4
بمؤمنين,6,1525,2:8,6
بمثل,6,1526,2:137,5
بمعروف,6,1527,2:229,2
بيضاء,6,1528,7:108,6
بيوتكم,6,1529,3:49,4
تأكل,6,1530,7:73,6
تبارك,6,1531,7:54,4
تجارة,6,1532,2:282,6
تحبون,6,1533,3:31,4
تحمل,6,1534,2:286,6
تختلفون,6,1535,3:55,6
تدخلوا,6,1536,2:214,5
ترجع,6,1537,2:210,6
تغني,6,1538,3:10,5
تفعلون,6,1539,16:91,5
تقولون,6,1540,2:80,5
تهتدون,6,1541,2:53,5
ثلاث,6,1542,18:25,5
جئت,6,1543,2:71,5
جاءنا,6,1544,5:19,5
جاءوا,6,1545,3:184,5
جديد,6,1546,13:5,6
جعلكم,6,1547,6:165,4
حبطت,6,1548,2:217,5
حرمنا,6,1549,4:160,3
حفيظ,6,1550,11:57,5
حميد,6,1551,2:267,6
خزي,6,1552,2:85,4
خسر,6,1553,4:119,5
خشية,6,1554,2:74,5
خلقت,6,1555,3:191,6
خلقه,6,1556,3:59,5
ذرة,6,1557,4:40,4
ذكرى,6,1558,6:69,5
ذنوبكم,6,1559,3:31,6
رءوسهم,6,1560,14:43,6
رءوف,6,1561,2:207,5
رأيت,6,1562,4:61,5
رجال,6,1563,7:46,6
رحمت,6,1564,2:218,6
رزق,6,1565,2:60,6
رزقهم,6,1566,4:39,5
رقبة,6,1567,4:92,4
زعمتم,6,1568,6:94,5
زوج,6,1569,4:20,5
زينة,6,1570,7:32,4
سخر,6,1571,9:79,6
سرا,6,1572,2:235,5
سمعوا,6,1573,5:83,6
سوءا,6,1574,4:110,5
سيئات,6,1575,16:34,4
شجرة,6,1576,20:120,4
شفاعة,6,1577,2:48,3
صالح,6,1578,7:77,4
صلاتهم,6,1579,6:92,5
صيحة,6,1580,36:29,4
ضر,6,1581,10:12,5
ضلالا,6,1582,4:60,3
طغى,6,1583,20:24,4
طيبا,6,1584,2:168,5
ظلم,6,1585,2:231,6
عبدا,6,1586,4:172,6
عبدنا,6,1587,2:23,5
عبده,6,1588,18:1,6
عرض,6,1589,4:94,5
عشر,6,1590,5:12,6
عفا,6,1591,3:152,4
علمتم,6,1592,2:65,5
عندي,6,1593,6:50,4
عني,6,1594,2:186,5
عينا,6,1595,2:60,5
غافلون,6,1596,6:131,6
غيب,6,1597,2:33,6
فآمنوا,6,1598,3:179,5
فأخرجنا,6,1599,6:99,5
فأنجيناه,6,1600,7:64,4
فإني,6,1601,2:186,6
فاسقين,6,1602,9:53,6
فاطر,6,1603,6:14,6
فاعلموا,6,1604,2:209,5
فاعلين,6,1605,12:10,3
فاغفر,6,1606,3:16,5
فاكهة,6,1607,36:57,4
فالله,6,1608,2:113,5
فبما,6,1609,3:159,6
فذرهم,6,1610,6:112,5
فسبح,6,1611,15:98,5
فقلنا,6,1612,2:60,4
فلله,6,1613,6:149,6
فلهم,6,1614,2:62,5
فوقكم,6,1615,2:63,5
فينظروا,6,1616,12:109,5
قتلوا,6,1617,3:156,4
قديرا,6,1618,4:133,5
قرضا,6,1619,2:245,5
قضي,6,1620,10:47,6
قلوبنا,6,1621,2:88,6
كبر,6,1622,6:35,5
كفرتم,6,1623,9:66,6
كيدا,6,1624,12:5,5
لأنفسكم,6,1625,2:110,5
لدنا,6,1626,4:67,6
لكان,6,1627,3:110,5
لكن,6,1628,3:198,5
للإنسان,6,1629,12:5,5
مآب,6,1630,13:29,2
مؤمنة,6,1631,2:221,3
مؤمنون,6,1632,5:88,6
ماله,6,1633,2:264,5
مثلنا,6,1634,11:27,5
مجنون,6,1635,37:36,5
مدبرين,6,1636,9:25,6
مدكر,6,1637,54:15,1
مستقيما,6,1638,4:68,3
مسه,6,1639,10:12,4
معروفا,6,1640,2:235,4
معنا,6,1641,9:40,5
مفعولا,6,1642,4:47,5
مكر,6,1643,7:99,5
ملائكة,6,1644,17:95,6
منك,6,1645,5:114,5
موازينه,6,1646,7:8,3
نرى,6,1647,2:55,5
نزلا,6,1648,3:198,5
نزلنا,6,1649,2:23,5
نساء,6,1650,3:42,4
نعبد,6,1651,1:5,6
نعلم,6,1652,3:167,6
نعمتي,6,1653,2:40,2
هواه,6,1654,7:176,6
هودا,6,1655,2:111,3
وأجر,6,1656,5:9,6
وأحسن,6,1657,4:59,5
وأصلحوا,6,1658,2:160,6
وأطعنا,6,1659,2:285,5
وأكثرهم,6,1660,3:110,6
وأمرت,6,1661,10:72,5
وإنك,6,1662,2:252,6
واتخذوا,6,1663,2:125,5
واشربوا,6,1664,2:60,5
والأنعام,6,1665,3:14,6
والجبال,6,1666,22:18,6
والميزان,6,1667,6:152,5
وبما,6,1668,3:79,5
وبنين,6,1669,17:6,6
وبينهم,6,1670,4:90,4
وجنات,6,1671,3:136,6
وجوهكم,6,1672,2:144,4
وحده,6,1673,7:70,5
وخلق,6,1674,4:1,5
وذكر,6,1675,6:70,6
ورزق,6,1676,8:4,5
وزر,6,1677,6:164,6
وسبح,6,1678,3:41,6
وصدوا,6,1679,4:167,4
وصية,6,1680,2:240,2
وقلنا,6,1681,2:35,4
وكأين,6,1682,3:146,6
وكثير,6,1683,5:66,3
ولوطا,6,1684,6:86,5
وليعلم,6,1685,3:140,4
ومأواهم,6,1686,3:151,5
وملئه,6,1687,7:103,6
ومنكم,6,1688,3:152,5
ونادى,6,1689,7:44,3
ويسألونك,6,1690,2:219,4
ويعذب,6,1691,2:284,5
ويلنا,6,1692,21:14,4
يأتكم,6,1693,2:214,6
يؤتيه,6,1694,3:73,4
يؤفكون,6,1695,5:75,6
يبتغون,6,1696,5:2,6
يبدأ,6,1697,10:4,3
يخرجوا,6,1698,5:22,4
يخشون,6,1699,4:77,6
يخشى,6,1700,20:3,5
يخلف,6,1701,2:80,6
يدخلون,6,1702,4:124,6
يسارعون,6,1703,3:176,4
يسبح,6,1704,17:44,5
يستمعون,6,1705,10:42,5
يسرا,6,1706,18:88,4
يسعى,6,1707,28:20,6
يصدون,6,1708,4:61,6
يطع,6,1709,4:13,4
يعذبهم,6,1710,3:128,3
يعلنون,6,1711,2:77,6
يغشى,6,1712,3:154,5
يقاتلون,6,1713,4:76,5
يقبل,6,1714,2:48,4
يكاد,6,1715,2:20,5
يكذبون,6,1716,2:10,6
يمشي,6,1717,6:122,3
يمكرون,6,1718,6:123,5
ينبغي,6,1719,19:92,5
آباؤكم,5,1720,4:11,4
آتيناه,5,1721,7:175,5
آلهتنا,5,1722,11:53,4
أإله,5,1723,27:60,1
أئمة,5,1724,9:12,4
أبناء,5,1725,5:18,4
أبناءهم,5,1726,2:146,5
أتاهم,5,1727,6:34,4
أثيم,5,1728,2:276,5
أجئتنا,5,1729,7:70,5
أجلهن,5,1730,2:231,2
أحسنوا,5,1731,3:172,5
أخرجوا,5,1732,6:93,4
أرض,5,1733,4:97,4
أرى,5,1734,8:48,5
أزواجهم,5,1735,23:6,5
أشده,5,1736,6:152,5
أشرك,5,1737,7:173,4
أشهر,5,1738,2:197,3
أصاب,5,1739,11:89,5
أصابهم,5,1740,3:146,4
أطيعوا,5,1741,3:32,5
أعداء,5,1742,3:103,4
أعمى,5,1743,13:19,3
أملك,5,1744,5:25,5
أموال,5,1745,2:188,4
أناس,5,1746,2:60,4
أنشأكم,5,1747,6:98,4
أنعم,5,1748,4:69,4
أهلك,5,1749,3:121,5
أواب,5,1750,38:17,2
أوتيتم,5,1751,3:73,5
إحداهما,5,1752,2:282,3
إناثا,5,1753,4:117,5
إننا,5,1754,3:16,4
ائتوني,5,1755,10:79,3
اتقى,5,1756,2:189,4
اذهب,5,1757,17:63,4
استضعفوا,5,1758,7:75,3
استطعتم,5,1759,8:60,5
اسمه,5,1760,2:114,5
الآن,5,1761,2:71,5
الأبرار,5,1762,3:193,4
الأخرى,5,1763,2:282,4
الأدبار,5,1764,3:111,5
الأرائك,5,1765,18:31,4
الأسماء,5,1766,2:31,5
الأنفس,5,1767,4:128,5
البلاد,5,1768,3:196,4
الحاكمين,5,1769,7:87,5
الحريق,5,1770,3:181,4
الحكمة,5,1771,2:269,4
الحميم,5,1772,22:19,4
الخزي,5,1773,9:63,5
الدعاء,5,1774,3:38,5
الر,5,1775,10:1,5
الرازقين,5,1776,5:114,5
الروح,5,1777,17:85,4
الساجدين,5,1778,7:11,3
السبت,5,1779,2:65,4
السفهاء,5,1780,2:13,3
السلام,5,1781,4:94,5
السيئة,5,1782,7:95,5
الشر,5,1783,10:11,4
الشفاعة,5,1784,19:87,5
الطيب,5,1785,3:179,5
الغالبون,5,1786,5:56,5
الغرور,5,1787,3:185,4
الفاحشة,5,1788,4:15,5
الفجر,5,1789,2:187,4
القبور,5,1790,22:7,5
القتل,5,1791,2:191,4
القمر,5,1792,6:77,5
اللهم,5,1793,3:26,5
المستقيم,5,1794,1:6,5
المهاد,5,1795,2:206,4
الميعاد,5,1796,3:9,4
اليتامى,5,1797,2:220,2
اليتيم,5,1798,6:152,5
امرأته,5,1799,7:83,5
امرئ,5,1800,24:11,5
بأنفسهم,5,1801,6:123,5
بئس,5,1802,11:99,4
باركنا,5,1803,7:137,4
بالإثم,5,1804,2:85,2
بالإيمان,5,1805,2:108,5
بالحسنة,5,1806,6:160,4
بالسيئة,5,1807,6:160,4
بالظالمين,5,1808,2:95,4
بالعباد,5,1809,2:207,3
بالقول,5,1810,14:27,5
بربك,5,1811,17:17,4
بربكم,5,1812,3:193,5
بسيماهم,5,1813,2:273,4
بصائر,5,1814,6:104,5
بظلام,5,1815,3:182,5
بقدر,5,1816,15:21,5
بلاء,5,1817,2:49,5
بلغت,5,1818,5:67,5
بوكيل,5,1819,6:66,4
بيت,5,1820,3:96,5
بيده,5,1821,2:237,4
بيوم,5,1822,40:27,5
تأويل,5,1823,12:6,2
تأويله,5,1824,3:7,3
تؤمنون,5,1825,4:59,5
تبديلا,5,1826,33:23,4
تجعل,5,1827,17:22,3
تجعلوا,5,1828,2:22,4
تحتهم,5,1829,6:6,5
تحسبن,5,1830,3:169,3
تخرجون,5,1831,2:84,4
تريدون,5,1832,2:108,5
تزر,5,1833,6:164,5
تسألون,5,1834,2:134,4
تصبروا,5,1835,3:120,3
تصبهم,5,1836,4:78,4
تطيعوا,5,1837,3:100,4
تظلمون,5,1838,2:272,3
تعثوا,5,1839,2:60,5
تعلموا,5,1840,4:43,5
تقربوا,5,1841,4:43,3
تكتمون,5,1842,2:33,4
توبوا,5,1843,11:3,2
جاءتكم,5,1844,2:209,4
جاءوك,5,1845,4:62,4
جاثمين,5,1846,7:78,3
جان,5,1847,27:10,3
جانب,5,1848,17:68,5
جاهدوا,5,1849,3:142,4
جرم,5,1850,11:22,3
جزاؤهم,5,1851,3:87,4
جعله,5,1852,3:126,4
جند,5,1853,36:28,4
جهد,5,1854,5:53,5
حبة,5,1855,2:261,4
حجارة,5,1856,8:32,5
حديثا,5,1857,4:42,3
حسابهم,5,1858,6:52,4
حضر,5,1859,2:133,3
حقت,5,1860,10:33,4
حمل,5,1861,12:72,5
حوله,5,1862,2:17,4
حيا,5,1863,19:15,2
خاسرين,5,1864,3:149,4
خاشعة,5,1865,41:39,5
خاف,5,1866,2:182,5
خاوية,5,1867,2:259,5
خذوا,5,1868,2:63,3
خرجوا,5,1869,2:243,5
خطوات,5,1870,2:168,3
خفت,5,1871,7:9,5
خلاف,5,1872,5:33,5
خلقوا,5,1873,13:16,4
ذكري,5,1874,18:101,4
رأيتهم,5,1875,12:4,5
رجلين,5,1876,2:282,5
رسالات,5,1877,7:62,3
رسله,5,1878,2:285,5
رضي,5,1879,5:119,5
زكريا,5,1880,3:37,2
ساجدين,5,1881,7:120,5
سرر,5,1882,15:47,5
سفر,5,1883,2:184,3
سلف,5,1884,2:275,4
سماوات,5,1885,2:29,5
سيئاتكم,5,1886,2:271,5
سيروا,5,1887,6:11,5
شئتم,5,1888,2:58,4
شئنا,5,1889,7:176,5
شرب,5,1890,2:249,4
شركائي,5,1891,16:27,4
شفيع,5,1892,6:51,4
شقاق,5,1893,2:137,4
شهادة,5,1894,2:140,4
صدقوا,5,1895,2:177,5
صراطا,5,1896,4:68,3
ضعف,5,1897,7:38,4
طغيانهم,5,1898,2:15,5
ظننتم,5,1899,41:22,4
ظهورهم,5,1900,2:101,5
عبد,5,1901,19:30,5
عشرة,5,1902,2:60,3
عملت,5,1903,3:30,4
غرورا,5,1904,4:120,5
غفلة,5,1905,19:39,4
غليظ,5,1906,3:159,5
فأرسل,5,1907,7:105,4
فأصبح,5,1908,5:30,3
فاحكم,5,1909,5:42,2
فاستكبروا,5,1910,7:133,5
فاعبدوه,5,1911,3:51,5
فانظروا,5,1912,3:137,5
فتاب,5,1913,2:37,3
فترى,5,1914,5:52,5
فتنا,5,1915,6:53,5
فجعلناهم,5,1916,21:70,5
فريضة,5,1917,2:236,3
فسجدوا,5,1918,2:34,5
فضلنا,5,1919,2:253,4
فعسى,5,1920,4:19,5
فعلوه,5,1921,4:66,4
فكانت,5,1922,18:79,4
فكانوا,5,1923,15:81,5
فنعم,5,1924,13:24,5
فهي,5,1925,2:74,5
فينا,5,1926,11:62,3
قائمة,5,1927,3:113,5
قدره,5,1928,2:236,4
قرن,5,1929,6:6,4
قلبه,5,1930,2:204,4
قلت,5,1931,5:116,4
قميصه,5,1932,12:18,1
قومي,5,1933,7:142,5
كأنه,5,1934,7:171,5
كارهون,5,1935,9:48,4
كافة,5,1936,2:208,3
كالذي,5,1937,2:259,4
كتابه,5,1938,17:71,3
كرها,5,1939,4:19,4
كسفا,5,1940,17:92,5
كفور,5,1941,11:9,5
كفى,5,1942,13:43,4
كلمت,5,1943,6:115,4
كلها,5,1944,2:31,5
لآدم,5,1945,2:34,5
لبئس,5,1946,5:62,2
لبني,5,1947,3:93,4
لتنذر,5,1948,7:2,5
لدينا,5,1949,12:54,4
لرءوف,5,1950,2:143,4
لربهم,5,1951,7:154,5
لسان,5,1952,5:78,4
لست,5,1953,4:94,4
لشيء,5,1954,11:72,4
لعبرة,5,1955,3:13,5
لعنهم,5,1956,2:88,4
للذكر,5,1957,4:11,2
للعبيد,5,1958,3:182,5
لمبعوثون,5,1959,17:49,4
لنحن,5,1960,15:23,4
لنكونن,5,1961,6:63,3
ليحكم,5,1962,2:213,4
ليضل,5,1963,6:144,5
ليعلم,5,1964,5:94,5
ليغفر,5,1965,4:137,4
ليلا,5,1966,10:24,5
مأواهم,5,1967,3:197,4
متنا,5,1968,23:82,4
مثلها,5,1969,2:106,5
مثلهم,5,1970,2:17,5
محضرون,5,1971,30:16,3
مرتين,5,1972,9:101,4
مرجعهم,5,1973,6:108,4
مرية,5,1974,11:17,4
مساكنهم,5,1975,20:128,5
مستقر,5,1976,2:36,4
مشفقون,5,1977,21:28,4
مصبحين,5,1978,15:66,3
مصدق,5,1979,2:89,4
مطهرة,5,1980,2:25,5
معرضين,5,1981,6:4,5
معروف,5,1982,2:240,4
مفسدين,5,1983,2:60,5
مكرهم,5,1984,13:33,3
منافع,5,1985,22:28,4
منذر,5,1986,13:7,4
منكرون,5,1987,12:58,5
مهتدون,5,1988,6:82,4
مودة,5,1989,4:73,5
مولاكم,5,1990,3:150,5
ميتا,5,1991,6:122,5
نسائكم,5,1992,2:187,3
نصارى,5,1993,2:111,2
نعدهم,5,1994,10:46,5
نعمل,5,1995,7:53,4
نعيم,5,1996,9:21,5
نفصل,5,1997,6:55,4
نقص,5,1998,7:101,5
نكير,5,1999,22:44,5
نهوا,5,2000,4:161,4
هاجروا,5,2001,2:218,4
هاد,5,2002,13:7,3
هدانا,5,2003,6:71,3
وآباؤكم,5,2004,7:71,5
وأسروا,5,2005,10:54,5
وأضل,5,2006,5:60,5
وأمر,5,2007,7:145,4
وأمطرنا,5,2008,7:84,5
وأنهم,5,2009,2:46,5
وأوفوا,5,2010,2:40,4
واتل,5,2011,5:27,5
واجعل,5,2012,4:75,4
واحدا,5,2013,2:133,5
وازرة,5,2014,6:164,5
واشكروا,5,2015,2:152,4
والبصير,5,2016,6:50,5
والضراء,5,2017,2:177,4
والطير,5,2018,21:79,5
والعدوان,5,2019,2:85,3
والقرآن,5,2020,9:111,5
والمغرب,5,2021,2:115,3
والمنافقات,5,2022,9:67,4
والناس,5,2023,2:161,5
والنصارى,5,2024,2:62,3
وبشرى,5,2025,2:97,4
وبينك,5,2026,18:78,5
وجعلناهم,5,2027,10:73,5
وحسن,5,2028,3:148,4
وحين,5,2029,2:177,4
ورضوا,5,2030,5:119,5
ورضوان,5,2031,3:15,3
ورفعنا,5,2032,2:63,4
وسعها,5,2033,2:233,4
وسوف,5,2034,4:146,5
وصدق,5,2035,33:22,5
وعدنا,5,2036,7:44,4
وعظاما,5,2037,23:35,3
وعلما,5,2038,12:22,4
وعن,5,2039,5:91,4
وغير,5,2040,6:99,3
وفرعون,5,2041,28:3,5
وقاتلوا,5,2042,2:190,4
وقرا,5,2043,6:25,5
وقضي,5,2044,2:210,4
وقع,5,2045,4:100,4
وكذب,5,2046,6:66,5
وكلوا,5,2047,2:187,4
وكيف,5,2048,3:101,5
وكيل,5,2049,6:102,5
ولحم,5,2050,2:173,5
ولعذاب,5,2051,13:34,5
وللكافرين,5,2052,2:90,3
ولمن,5,2053,12:72,4
وليس,5,2054,2:189,5
ومغفرة,5,2055,2:263,5
وملائكته,5,2056,2:98,3
وممن,5,2057,7:181,4
وموسى,5,2058,6:84,5
وموعظة,5,2059,2:66,5
ونفخ,5,2060,18:99,5
ويؤتون,5,2061,5:55,5
ويزيدهم,5,2062,4:173,5
ويقتلون,5,2063,2:61,3
وينزل,5,2064,8:11,5
يأتوا,5,2065,5:108,3
يأتين,5,2066,4:15,4
يأكل,5,2067,10:24,4
يأمر,5,2068,7:28,4
يأمركم,5,2069,2:67,3
يبلغ,5,2070,2:196,4
يتبع,5,2071,2:143,3
يتلون,5,2072,2:113,5
يتوكلون,5,2073,8:2,4
يجادل,5,2074,4:109,4
يجادلون,5,2075,13:13,3
يجدوا,5,2076,4:65,4
يحزنك,5,2077,3:176,5
يحشرهم,5,2078,6:128,5
يحل,5,2079,2:228,4
يحلفون,5,2080,4:62,3
يحيى,5,2081,19:7,4
يحييكم,5,2082,2:28,5
يخاف,5,2083,20:112,5
يخرجون,5,2084,45:35,5
يخلقون,5,2085,7:191,3
يدك,5,2086,5:28,5
يرجع,5,2087,11:123,4
يرزقكم,5,2088,10:31,5
يسأل,5,2089,21:23,5
يستأخرون,5,2090,7:34,5
يستبشرون,5,2091,3:171,5
يستجيبوا,5,2092,11:14,4
يشاءون,5,2093,16:31,5
يشتهون,5,2094,16:57,5
يشهد,5,2095,4:166,5
يصنعون,5,2096,5:14,4
يضاعف,5,2097,2:261,5
يظلم,5,2098,4:40,4
يظنون,5,2099,2:46,3
يعدكم,5,2100,2:268,4
يعدلون,5,2101,6:1,3
يعقوب,5,2102,2:133,4
يعلمه,5,2103,2:197,4
يعلموا,5,2104,9:63,2
يفسقون,5,2105,2:59,4
يفصل,5,2106,10:5,5
يقاتلوكم,5,2107,2:191,4
يقتلون,5,2108,5:70,5
يقوم,5,2109,2:275,5
يكتبون,5,2110,2:79,5
يكتمون,5,2111,2:159,4
يكذب,5,2112,27:83,5
يلعبون,5,2113,6:91,5
يمشون,5,2114,7:195,5
يموت,5,2115,16:38,5
ينفق,5,2116,2:264,4
يود,5,2117,2:96,4
يومكم,5,2118,6:130,5
يومهم,5,2119,7:51,5
آباءهم,4,2120,23:68,4
آباؤهم,4,2121,2:170,4
آبائكم,4,2122,24:61,4
آتنا,4,2123,2:200,2
آتيتموهن,4,2124,2:229,4
آتيكم,4,2125,20:10,4
آذان,4,2126,4:119,3
آلهتكم,4,2127,21:36,3
أئنكم,4,2128,6:19,4
أبناءكم,4,2129,2:49,4
أبي,4,2130,12:80,3
أبيكم,4,2131,12:9,2
أجد,4,2132,6:145,4
أجورهم,4,2133,3:57,3
أحاط,4,2134,17:60,4
أحب,4,2135,6:76,3
أحدهما,4,2136,5:27,4
أحياء,4,2137,2:154,4
أخاه,4,2138,12:69,3
أخوهم,4,2139,26:106,1
أخي,4,2140,5:31,4
أدبر,4,2141,70:17,3
أدري,4,2142,21:109,3
أذقنا,4,2143,10:21,4
أذلة,4,2144,3:123,3
أرادوا,4,2145,2:228,4
أراكم,4,2146,3:152,3
أربعين,4,2147,2:51,4
أرحم,4,2148,7:151,3
أردنا,4,2149,4:62,4
أرسلتم,4,2150,14:9,4
أزكى,4,2151,2:232,3
أساور,4,2152,18:31,4
أسر,4,2153,13:10,4
أسلموا,4,2154,3:20,4
أصابكم,4,2155,3:153,3
أعدت,4,2156,2:24,3
أعمل,4,2157,10:41,4
أعناقهم,4,2158,13:5,4
أغرقنا,4,2159,26:66,3
أغير,4,2160,6:14,2
أفرأيت,4,2161,19:77,4
أفغير,4,2162,3:83,4
أفلح,4,2163,20:64,4
أفواههم,4,2164,3:118,4
أكلها,4,2165,2:265,4
أكن,4,2166,4:72,4
أكنة,4,2167,6:25,4
ألوانه,4,2168,16:13,3
أمثالكم,4,2169,6:38,4
أمركم,4,2170,2:222,3
أمنتم,4,2171,2:196,3
أنذر,4,2172,10:2,4
أنفقتم,4,2173,2:215,3
أنها,4,2174,6:109,4
أهؤلاء,4,2175,5:53,4
أهلكناها,4,2176,7:4,3
أهلكناهم,4,2177,18:59,4
أوفوا,4,2178,5:1,4
أيحسب,4,2179,75:3,2
أيكم,4,2180,9:124,4
إحدى,4,2181,8:7,4
إخوانهن,4,2182,24:31,2
إخوة,4,2183,4:11,3
إفك,4,2184,24:12,4
إليها,4,2185,7:189,4
إماما,4,2186,2:124,4
ائتنا,4,2187,6:71,4
اتبعك,4,2188,8:64,4
اتخذتم,4,2189,2:51,3
اثنتين,4,2190,4:11,2
استجابوا,4,2191,3:172,4
استطاعوا,4,2192,2:217,4
استقاموا,4,2193,9:7,4
اضطر,4,2194,2:173,4
اعتدى,4,2195,2:178,2
الأكبر,4,2196,9:3,4
الأيكة,4,2197,15:78,4
الإسلام,4,2198,3:19,3
الإنجيل,4,2199,5:46,3
البحرين,4,2200,18:60,4
البصير,4,2201,17:1,3
البلد,4,2202,14:35,3
البنات,4,2203,16:57,3
البيوت,4,2204,2:189,3
التوبة,4,2205,4:17,3
الجاهلية,4,2206,3:154,4
الجمعان,4,2207,3:155,3
الجهر,4,2208,4:148,4
الحرث,4,2209,2:71,3
الخوف,4,2210,2:155,3
الرجس,4,2211,6:125,4
الرجفة,4,2212,7:78,2
الرعب,4,2213,3:151,4
الشهر,4,2214,2:185,2
العداوة,4,2215,5:14,2
العمر,4,2216,16:70,4
العمي,4,2217,10:43,4
الغالبين,4,2218,7:113,3
الغيوب,4,2219,5:109,3
الفائزون,4,2220,9:20,4
الفتح,4,2221,8:19,3
الفرقان,4,2222,3:4,4
القاعدين,4,2223,4:95,2
القدس,4,2224,2:87,3
القصص,4,2225,3:62,4
القيم,4,2226,9:36,3
الكلم,4,2227,4:46,3
الكهف,4,2228,18:9,1
المأوى,4,2229,32:19,3
المال,4,2230,2:177,3
المبطلون,4,2231,7:173,4
المحراب,4,2232,3:37,3
المحصنات,4,2233,4:25,2
المرء,4,2234,2:102,4
المسكين,4,2235,69:34,4
المعتدين,4,2236,2:190,4
المقربون,4,2237,4:172,3
المقربين,4,2238,3:45,4
الممترين,4,2239,2:147,4
الميتة,4,2240,2:173,4
النجوى,4,2241,20:62,3
النذر,4,2242,46:21,3
النصارى,4,2243,2:113,2
الهدي,4,2244,2:196,2
الهوى,4,2245,4:135,4
انتقام,4,2246,3:4,4
انتهوا,4,2247,2:192,3
اهبطوا,4,2248,2:36,2
اهتدوا,4,2249,2:137,4
بآياته,4,2250,6:21,3
بآياتي,4,2251,2:41,4
بأحسن,4,2252,4:86,3
بأعيننا,4,2253,11:37,4
بإذني,4,2254,5:110,1
باب,4,2255,12:67,4
باسم,4,2256,56:74,3
بالأمس,4,2257,10:24,2
بالسوء,4,2258,2:169,4
بالصبر,4,2259,2:45,3
بالعشي,4,2260,3:41,3
بالكتاب,4,2261,3:78,3
بالكفر,4,2262,3:80,4
بالمهتدين,4,2263,6:117,4
بالنذر,4,2264,54:23,2
بجهالة,4,2265,4:17,4
بحمده,4,2266,13:13,3
بربي,4,2267,18:38,3
برهانكم,4,2268,2:111,4
بروح,4,2269,2:87,3
بسوء,4,2270,7:73,3
بشرى,4,2271,3:126,4
بشيرا,4,2272,2:119,4
بضر,4,2273,6:17,4
بطون,4,2274,6:139,4
بظلم,4,2275,6:82,3
بعث,4,2276,2:247,4
بعدا,4,2277,11:44,1
بعدي,4,2278,2:133,4
بعزيز,4,2279,11:91,4
بعلمه,4,2280,4:166,4
بعهد,4,2281,3:77,3
بغضب,4,2282,2:61,3
بغلام,4,2283,15:53,4
بفاحشة,4,2284,4:19,3
بقرة,4,2285,2:67,1
بكفرهم,4,2286,2:88,2
بلدة,4,2287,25:49,4
بماء,4,2288,13:4,4
بنا,4,2289,9:52,4
بنعمة,4,2290,3:171,3
بهتانا,4,2291,4:20,2
بوالديه,4,2292,19:14,4
بيمينه,4,2293,17:71,4
تأتينا,4,2294,2:118,4
تؤفكون,4,2295,6:95,4
تبت,4,2296,4:18,4
تبدوا,4,2297,2:271,3
تبع,4,2298,2:38,4
تتلو,4,2299,2:102,4
تتولوا,4,2300,11:52,4
تجهلون,4,2301,7:138,4
تحكمون,4,2302,10:35,3
تخافون,4,2303,4:34,4
تدري,4,2304,31:34,3
تدع,4,2305,10:106,4
تدعوهم,4,2306,7:193,3
تزعمون,4,2307,6:22,2
تزكى,4,2308,20:76,4
تسألهم,4,2309,12:104,4
تستطيع,4,2310,18:41,1
تشعرون,4,2311,2:154,4
تصفون,4,2312,12:18,2
تعدلوا,4,2313,4:3,2
تعدنا,4,2314,7:70,3
تغن,4,2315,9:25,4
تفسدوا,4,2316,2:11,3
تقبل,4,2317,2:127,4
تقتلون,4,2318,2:85,2
تقدموا,4,2319,2:110,4
تكسبون,4,2320,6:3,4
تكفروا,4,2321,4:131,3
تكلم,4,2322,3:41,4
تنزيلا,4,2323,17:106,4
تنكحوا,4,2324,2:221,3
توكلنا,4,2325,7:89,4
ثبورا,4,2326,25:13,2
ثقلت,4,2327,7:8,3
ثمرات,4,2328,16:67,4
ثوابا,4,2329,3:195,3
جئتكم,4,2330,3:49,3
جئنا,4,2331,4:41,4
جسدا,4,2332,7:148,4
جميلا,4,2333,33:28,3
جناحك,4,2334,15:88,4
جنود,4,2335,33:9,3
جواب,4,2336,7:82,3
حاصبا,4,2337,17:68,4
حجاب,4,2338,7:46,4
حرث,4,2339,2:223,3
حسابا,4,2340,65:8,3
حسيبا,4,2341,4:6,3
حظ,4,2342,4:11,3
حل,4,2343,5:5,3
حلالا,4,2344,2:168,4
حملنا,4,2345,17:3,4
حياة,4,2346,2:96,3
خالصة,4,2347,2:94,4
خضر,4,2348,12:43,3
خلائف,4,2349,6:165,3
خلفه,4,2350,13:11,4
خلقناه,4,2351,15:27,4
خلقهم,4,2352,11:119,3
خوفا,4,2353,7:56,4
دابر,4,2354,6:45,4
دارهم,4,2355,7:78,3
درجة,4,2356,2:228,4
دعا,4,2357,3:38,4
دعواهم,4,2358,7:5,3
دعوة,4,2359,2:186,4
دونهم,4,2360,8:60,4
دياركم,4,2361,2:84,3
دينا,4,2362,3:85,4
ذريته,4,2363,6:84,4
ذريتهم,4,2364,7:172,3
ذريتي,4,2365,2:124,3
ذلة,4,2366,10:26,3
ذنوبنا,4,2367,3:16,2
رآه,4,2368,27:40,4
راجعون,4,2369,2:46,3
راضية,4,2370,69:21,4
رجس,4,2371,5:90,4
رجيم,4,2372,15:17,3
رحم,4,2373,11:43,3
رحمتنا,4,2374,19:50,2
رزقه,4,2375,65:7,3
رسولنا,4,2376,5:15,2
رضوا,4,2377,9:58,1
ريح,4,2378,3:117,4
ريحا,4,2379,30:51,4
زوجها,4,2380,4:1,4
زوجين,4,2381,11:40,4
زينا,4,2382,6:108,4
سببا,4,2383,18:84,1
سبح,4,2384,57:1,4
سبق,4,2385,8:68,4
سبلا,4,2386,20:53,4
سحابا,4,2387,7:57,4
سقر,4,2388,54:48,2
سماعون,4,2389,5:41,2
سميعا,4,2390,4:58,2
سوآتهما,4,2391,7:20,2
سويا,4,2392,19:10,2
سيقول,4,2393,2:142,3
سيقولون,4,2394,18:22,2
شراب,4,2395,6:70,3
شعائر,4,2396,2:158,3
شعيب,4,2397,7:88,3
شهد,4,2398,2:185,4
شهدنا,4,2399,6:130,4
شهر,4,2400,2:185,3
شيطان,4,2401,15:17,4
شيعا,4,2402,6:65,3
صالحين,4,2403,12:9,4
صبار,4,2404,14:5,4
صدرك,4,2405,7:2,4
صدقة,4,2406,2:196,3
صدور,4,2407,9:14,3
صدوركم,4,2408,3:29,3
صرفنا,4,2409,17:41,3
صعيدا,4,2410,4:43,3
صلصال,4,2411,15:26,2
صنعوا,4,2412,11:16,3
ضعفا,4,2413,7:38,4
ضعيفا,4,2414,2:282,3
طغيانا,4,2415,5:64,3
طلقتم,4,2416,2:231,2
طوعا,4,2417,3:83,4
ظالمة,4,2418,11:102,3
ظهر,4,2419,6:151,4
ظهيرا,4,2420,17:88,3
عابدون,4,2421,2:138,3
عام,4,2422,2:259,3
عامل,4,2423,3:195,4
عاهدتم,4,2424,9:1,2
عاهدوا,4,2425,2:100,2
عجبا,4,2426,10:2,3
عدة,4,2427,9:36,2
عزم,4,2428,3:186,4
عصيت,4,2429,6:15,3
عطاء,4,2430,11:108,3
عظاما,4,2431,17:49,3
عفوا,4,2432,4:43,2
عقاب,4,2433,13:32,4
عقبى,4,2434,13:22,1
علام,4,2435,5:109,3
علقة,4,2436,22:5,4
علمكم,4,2437,2:239,4
علمه,4,2438,2:255,3
علمها,4,2439,7:187,3
علوا,4,2440,17:4,2
عمله,4,2441,5:5,4
عنهما,4,2442,4:16,3
عهدا,4,2443,2:80,2
غافلين,4,2444,7:136,2
غدا,4,2445,12:12,4
غلام,4,2446,3:40,3
غيركم,4,2447,5:106,4
فأت,4,2448,2:258,3
فأحيا,4,2449,2:164,4
فأخذناهم,4,2450,6:42,3
فأنبتنا,4,2451,27:60,4
فاتقون,4,2452,2:41,4
فاحشة,4,2453,3:135,4
فاختلف,4,2454,11:110,4
فاخرج,4,2455,7:13,4
فاسأل,4,2456,10:94,4
فاستجبنا,4,2457,21:76,1
فاستعذ,4,2458,7:200,4
فانتقمنا,4,2459,7:136,4
فتحا,4,2460,26:118,2
فتحنا,4,2461,6:44,4
فتربصوا,4,2462,9:24,3
فتعالى,4,2463,7:190,3
فتولى,4,2464,7:79,3
فحق,4,2465,17:16,4
فذكر,4,2466,50:45,4
فرض,4,2467,2:197,4
فساء,4,2468,4:38,4
فسيقولون,4,2469,10:31,4
فصل,4,2470,2:249,4
فصلت,4,2471,11:1,3
فصيام,4,2472,2:196,4
فضة,4,2473,43:33,2
فعلوا,4,2474,3:135,3
فعليه,4,2475,10:84,4
فلنفسه,4,2476,6:104,4
فلينظر,4,2477,18:19,4
فيومئذ,4,2478,30:57,4
قائما,4,2479,3:18,3
قاتلوا,4,2480,3:167,3
قاموا,4,2481,2:20,3
قدم,4,2482,10:2,4
قرار,4,2483,14:26,3
قربى,4,2484,5:106,4
قومنا,4,2485,7:89,3
قوي,4,2486,8:52,4
قياما,4,2487,3:191,3
كادوا,4,2488,2:71,3
كذاب,4,2489,38:4,3
كرة,4,2490,2:167,4
كريما,4,2491,4:31,3
كشفنا,4,2492,7:135,3
كفرا,4,2493,3:90,4
كي,4,2494,20:33,3
لأجل,4,2495,11:104,4
لأملأن,4,2496,7:18,4
لإخوانهم,4,2497,3:156,3
لبثت,4,2498,2:259,2
لبثوا,4,2499,18:12,3
لبشر,4,2500,3:79,4
لتأتون,4,2501,7:81,3
لتبتغوا,4,2502,17:12,3
لتسكنوا,4,2503,10:67,4
لحق,4,2504,10:53,4
لحما,4,2505,2:259,4
لدي,4,2506,27:10,2
لرب,4,2507,2:131,4
لرسول,4,2508,3:183,4
لشديد,4,2509,13:6,4
لصادقون,4,2510,6:146,4
لطيف,4,2511,12:100,4
لغير,4,2512,2:173,4
لقاءنا,4,2513,10:7,2
لكنا,4,2514,6:157,4
لكيلا,4,2515,3:153,4
للتقوى,4,2516,2:237,4
للذي,4,2517,3:96,4
للمشركين,4,2518,9:7,2
لنعلم,4,2519,2:143,4
لنفسي,4,2520,7:188,4
لوطا,4,2521,11:77,3
ليؤمنوا,4,2522,6:111,3
ليبلوكم,4,2523,5:48,4
ليقولون,4,2524,37:151,3
لينذر,4,2525,18:2,4
ليوسف,4,2526,12:8,1
مبارك,4,2527,6:92,3
مباركا,4,2528,3:96,4
مبشرين,4,2529,2:213,4
متقابلين,4,2530,15:47,4
متم,4,2531,3:157,3
محسن,4,2532,2:112,4
محمد,4,2533,3:144,4
محيص,4,2534,14:21,4
مختلف,4,2535,16:69,3
مختلفا,4,2536,6:141,4
مخلصا,4,2537,19:51,2
مر,4,2538,2:259,4
مرد,4,2539,13:11,3
مرضات,4,2540,2:207,3
مرضى,4,2541,4:43,3
مسئولا,4,2542,17:34,3
مستقرا,4,2543,25:24,2
مسلمة,4,2544,2:71,2
مسني,4,2545,7:188,4
مشركين,4,2546,6:23,4
مطر,4,2547,4:102,4
مقرنين,4,2548,14:49,4
مكانتكم,4,2549,6:135,3
مكرا,4,2550,10:21,3
مكين,4,2551,12:54,4
ملكوت,4,2552,6:75,4
ممنون,4,2553,41:8,4
منع,4,2554,2:114,4
منكن,4,2555,33:29,2
منيب,4,2556,11:75,3
مهينا,4,2557,4:37,2
موج,4,2558,11:42,3
موعدا,4,2559,18:48,2
مولى,4,2560,44:41,2
ميثاقكم,4,2561,2:63,2
ميثاقهم,4,2562,4:155,3
نادمين,4,2563,5:52,4
ناقة,4,2564,7:73,4
نبات,4,2565,6:99,4
نتبع,4,2566,2:170,4
نجينا,4,2567,11:58,2
نخيل,4,2568,2:266,4
ندعو,4,2569,16:86,4
نذيرا,4,2570,25:1,2
نراك,4,2571,11:27,2
نرسل,4,2572,6:48,3
نريد,4,2573,5:113,4
نرينك,4,2574,10:46,4
نصب,4,2575,9:120,4
نصرف,4,2576,6:46,2
نعمته,4,2577,5:6,4
نفورا,4,2578,17:41,3
نكن,4,2579,4:141,4
نوحي,4,2580,12:109,3
نودي,4,2581,20:11,4
ها,4,2582,3:66,3
هاتوا,4,2583,2:111,4
هاهنا,4,2584,3:154,4
هب,4,2585,3:38,4
هداكم,4,2586,2:185,3
هداهم,4,2587,2:272,4
هلك,4,2588,4:176,4
هنيئا,4,2589,4:4,4
هود,4,2590,11:53,2
وآتيناهم,4,2591,4:54,4
وآخرون,4,2592,9:102,2
وآمن,4,2593,19:60,4
وآية,4,2594,5:114,2
وأبصارهم,4,2595,2:20,4
وأجل,4,2596,6:2,4
وأخر,4,2597,3:7,3
وأخيه,4,2598,10:87,3
وأرجلكم,4,2599,5:6,4
وأزواجهم,4,2600,13:23,4
وأصيلا,4,2601,25:5,4
وأعرض,4,2602,6:106,4
وأغرقنا,4,2603,2:50,4
وأقسموا,4,2604,6:109,4
وألقينا,4,2605,5:64,4
وأمه,4,2606,5:17,3
وأنفسكم,4,2607,3:61,3
وأهلها,4,2608,6:131,4
وأولو,4,2609,3:18,4
وأيديكم,4,2610,4:43,3
وإبراهيم,4,2611,29:16,4
وإياكم,4,2612,4:131,4
واتخذ,4,2613,4:125,4
واتقوه,4,2614,6:72,4
واختلاف,4,2615,2:164,4
وادعوا,4,2616,2:23,4
واستكبروا,4,2617,4:173,3
واسعة,4,2618,4:97,4
واسمعوا,4,2619,2:93,3
واعتصموا,4,2620,3:103,3
واغفر,4,2621,2:286,4
والأسباط,4,2622,2:136,3
والأفئدة,4,2623,16:78,4
والأنثى,4,2624,2:178,4
والبغضاء,4,2625,5:14,2
والدم,4,2626,2:173,4
والزيتون,4,2627,6:99,3
والصابرين,4,2628,2:177,4
والمشركين,4,2629,33:73,3
والمنافقين,4,2630,9:73,3
وبال,4,2631,5:95,4
وبالوالدين,4,2632,2:83,4
وبدا,4,2633,39:47,3
وتواصوا,4,2634,90:17,2
وجد,4,2635,3:37,4
وجعلني,4,2636,19:30,3
وذروا,4,2637,2:278,4
وزين,4,2638,6:43,4
وساءت,4,2639,4:97,3
وسع,4,2640,2:255,4
وسليمان,4,2641,4:163,4
وصاكم,4,2642,6:144,1
وضرب,4,2643,16:76,3
وطمعا,4,2644,7:56,4
وعذاب,4,2645,6:70,3
وعشيا,4,2646,19:11,3
وعلانية,4,2647,2:274,4
وغضب,4,2648,4:93,4
وفضل,4,2649,3:171,2
وكانت,4,2650,19:5,3
وكفرا,4,2651,5:64,3
وكنت,4,2652,5:117,4
ولبئس,4,2653,2:102,3
ولتبتغوا,4,2654,16:14,4
ولكني,4,2655,7:61,3
وللمؤمنين,4,2656,14:41,4
ولوا,4,2657,17:46,4
وماتوا,4,2658,2:161,3
ومنذرين,4,2659,2:213,4
ونجيناه,4,2660,21:71,2
ونساء,4,2661,4:1,3
ونعم,4,2662,3:136,3
وهاجروا,4,2663,8:72,2
وهامان,4,2664,28:6,3
ويأمرون,4,2665,3:104,3
ويرسل,4,2666,6:61,4
ويصدون,4,2667,8:47,4
ويعبدون,4,2668,10:18,4
وينهون,4,2669,3:104,2
ويولج,4,2670,22:61,4
يأتوك,4,2671,5:41,4
يأتون,4,2672,9:54,4
يأتيه,4,2673,11:39,3
يؤاخذكم,4,2674,2:225,2
يؤت,4,2675,2:247,3
يؤتكم,4,2676,8:70,4
يؤتون,4,2677,4:53,4
يؤخذ,4,2678,2:48,4
يؤذن,4,2679,16:84,4
يؤذون,4,2680,9:61,2
يبدل,4,2681,2:211,4
يبغون,4,2682,3:83,4
يتق,4,2683,12:90,2
يتوفاكم,4,2684,6:60,4
يتوفى,4,2685,8:50,4
يتول,4,2686,5:56,4
يجري,4,2687,13:2,4
يحبون,4,2688,9:108,4
يحسبون,4,2689,18:104,4
يحكمون,4,2690,6:136,4
يحلون,4,2691,18:31,4
يختصمون,4,2692,3:44,4
يخفى,4,2693,3:5,4
يخوضوا,4,2694,4:140,4
يدبر,4,2695,10:3,3
يدخله,4,2696,4:13,3
يدعوكم,4,2697,3:153,4
يذهبكم,4,2698,4:133,4
يرجو,4,2699,18:110,4
يرزق,4,2700,2:212,4
يرضى,4,2701,4:108,4
يزيد,4,2702,17:82,2
يسألون,4,2703,2:273,4
يسجدون,4,2704,3:113,4
يسرنا,4,2705,54:17,1
يسرون,4,2706,2:77,4
يشترون,4,2707,3:77,2
يشهدون,4,2708,4:166,4
يصلون,4,2709,4:90,4
يصلونها,4,2710,14:29,4
يضرب,4,2711,2:26,3
يضيع,4,2712,3:171,4
يعذبكم,4,2713,5:18,4
يعرفون,4,2714,2:146,4
يعظكم,4,2715,2:231,4
يعمر,4,2716,2:96,3
يغلبوا,4,2717,8:65,1
يغنوا,4,2718,7:92,3
يقاتلونكم,4,2719,2:190,3
يقدر,4,2720,16:75,3
يقضي,4,2721,10:93,4
يقيمون,4,2722,5:55,4
يمسهم,4,2723,6:49,4
يميتكم,4,2724,2:28,4
يناديهم,4,2725,28:62,2
ينصركم,4,2726,3:160,3
ينطقون,4,2727,21:63,3
ينظر,4,2728,3:77,4
ينفخ,4,2729,6:73,4
ينفعكم,4,2730,11:34,4
ينفعهم,4,2731,2:102,4
ينقضون,4,2732,2:27,3
ينقلب,4,2733,2:143,4
يهدون,4,2734,7:159,3
يهلك,4,2735,5:17,4
يوحي,4,2736,6:112,4
يولج,4,2737,22:61,4
آباءكم,3,2738,2:200,3
آبائهم,3,2739,6:87,3
آتيتم,3,2740,2:233,2
آتيناكم,3,2741,2:63,2
آذن,3,2742,7:123,3
آناء,3,2743,3:113,3
آنست,3,2744,20:10,3
آياتك,3,2745,2:129,3
أبلغتكم,3,2746,7:79,2
أبوابها,3,2747,2:189,2
أبى,3,2748,2:34,3
أتأتون,3,2749,7:80,3
أتاكم,3,2750,6:40,2
أتاها,3,2751,10:24,3
أتقولون,3,2752,7:28,2
أتوا,3,2753,3:188,3
أجرموا,3,2754,6:124,3
أجره,3,2755,2:112,3
أجلا,3,2756,6:2,3
أجلها,3,2757,15:5,3
أجمعون,3,2758,15:30,3
أخت,3,2759,4:12,2
أخذتهم,3,2760,7:155,3
أدبارهم,3,2761,15:65,3
أدعو,3,2762,12:108,3
أدلكم,3,2763,20:40,3
أربابا,3,2764,3:64,2
أربع,3,2765,24:6,1
أرجلهم,3,2766,5:66,3
أردتم,3,2767,2:233,3
أرضكم,3,2768,7:110,3
أرضنا,3,2769,14:13,3
أروني,3,2770,34:27,3
أسس,3,2771,9:108,1
أسفا,3,2772,7:150,3
أسفل,3,2773,8:42,3
أسماء,3,2774,7:71,3
أسوة,3,2775,33:21,2
أشياءهم,3,2776,7:85,3
أصابك,3,2777,4:79,2
أظن,3,2778,18:35,2
أعرضوا,3,2779,28:55,3
أعقابكم,3,2780,3:144,2
أعمالنا,3,2781,2:139,3
أعناب,3,2782,6:99,3
أغنياء,3,2783,2:273,3
أف,3,2784,17:23,3
أفاء,3,2785,33:50,2
أفرغ,3,2786,2:250,3
أقدامنا,3,2787,2:250,3
أقم,3,2788,10:105,3
ألسنتهم,3,2789,3:78,3
ألقي,3,2790,27:29,3
ألن,3,2791,3:124,3
أمدا,3,2792,3:30,3
أمرها,3,2793,41:12,2
أمروا,3,2794,4:60,3
أمسك,3,2795,33:37,3
أمك,3,2796,19:28,2
أمه,3,2797,28:13,3
أمهاتهم,3,2798,33:6,2
أنؤمن,3,2799,2:13,3
أناب,3,2800,13:27,3
أنبئكم,3,2801,5:60,3
أنذروا,3,2802,16:2,3
أنزله,3,2803,4:166,3
أنشأنا,3,2804,23:31,2
أنعمنا,3,2805,17:83,3
أنك,3,2806,15:97,3
أهلهم,3,2807,12:62,3
أهم,3,2808,37:11,3
أهواء,3,2809,5:77,3
أوحى,3,2810,17:39,3
أوفى,3,2811,3:76,3
أولا,3,2812,2:77,3
أياما,3,2813,2:80,2
أيديهن,3,2814,12:31,2
أيمان,3,2815,5:108,3
أينما,3,2816,4:78,3
أيه,3,2817,24:31,3
إسماعيل,3,2818,14:39,3
إنس,3,2819,55:39,1
إيمانها,3,2820,6:158,2
اتبعت,3,2821,2:120,2
اتبعوه,3,2822,3:68,3
اتخذت,3,2823,25:27,3
ارتضى,3,2824,21:28,3
ارجع,3,2825,12:50,3
ارجعوا,3,2826,12:81,3
استطعت,3,2827,6:35,3
استغفروا,3,2828,11:3,2
استهزئ,3,2829,6:10,3
اصطفى,3,2830,2:132,3
اضرب,3,2831,2:60,3
اعلموا,3,2832,5:98,2
اقتلوا,3,2833,4:66,3
اقرأ,3,2834,17:14,2
الأجداث,3,2835,36:51,3
الأحاديث,3,2836,12:6,1
الأسباب,3,2837,2:166,3
الأغلال,3,2838,13:5,3
الألواح,3,2839,7:145,1
الأموال,3,2840,2:155,3
الأمين,3,2841,26:193,3
الأنبياء,3,2842,3:112,2
الأيمن,3,2843,19:52,3
البرق,3,2844,2:20,3
البشرى,3,2845,10:64,3
البطون,3,2846,37:66,3
البعث,3,2847,22:5,2
البعيد,3,2848,14:18,3
البقر,3,2849,2:70,2
البيع,3,2850,2:275,2
التقى,3,2851,3:155,2
الجمع,3,2852,42:7,3
الجوار,3,2853,42:32,3
الحاقة,3,2854,69:1,1
الحجر,3,2855,2:60,3
الحديد,3,2856,18:96,3
الحر,3,2857,2:178,3
الحواريون,3,2858,3:52,3
الحوت,3,2859,18:63,3
الخروج,3,2860,9:46,2
الخمر,3,2861,2:219,2
الخنزير,3,2862,2:173,3
الداع,3,2863,2:186,2
الذئب,3,2864,12:13,1
الذل,3,2865,17:24,2
الرؤيا,3,2866,17:60,3
الرجز,3,2867,7:134,1
الرشد,3,2868,2:256,3
الرقاب,3,2869,2:177,3
السبع,3,2870,5:3,3
السدس,3,2871,4:11,1
السفينة,3,2872,18:71,2
الشهوات,3,2873,3:14,3
الصاعقة,3,2874,2:55,3
الصالحون,3,2875,7:168,3
الصحف,3,2876,20:133,3
الصيام,3,2877,2:183,1
الصيد,3,2878,5:1,1
الضالون,3,2879,3:90,3
الضعفاء,3,2880,9:91,3
الضلال,3,2881,10:32,3
الطرف,3,2882,37:48,3
الطين,3,2883,3:49,3
الظل,3,2884,25:45,3
العاجلة,3,2885,17:18,3
العاملين,3,2886,3:136,3
العسر,3,2887,2:185,2
العظام,3,2888,2:259,3
الغفار,3,2889,38:66,3
الغم,3,2890,3:154,3
الغمام,3,2891,2:57,2
الغي,3,2892,2:256,2
الغيظ,3,2893,3:119,2
الفريقين,3,2894,6:81,3
الفقراء,3,2895,2:271,3
القارعة,3,2896,101:1,1
القدر,3,2897,97:1,1
القرار,3,2898,14:29,3
القرنين,3,2899,18:83,1
القوة,3,2900,2:165,3
القوي,3,2901,11:66,3
القيوم,3,2902,2:255,3
الكاذبون,3,2903,16:105,3
الكرب,3,2904,21:76,2
الكريم,3,2905,23:116,3
اللعنة,3,2906,13:25,3
المتكبرين,3,2907,16:29,3
المتوكلون,3,2908,12:67,3
المجاهدين,3,2909,4:95,2
المحيض,3,2910,2:222,2
المخلفون,3,2911,9:81,2
المدائن,3,2912,7:111,2
المشأمة,3,2913,56:9,2
المشحون,3,2914,26:119,3
المشركون,3,2915,9:28,2
المقسطين,3,2916,5:42,3
المن,3,2917,2:57,3
المنتظرين,3,2918,7:71,2
المنظرين,3,2919,7:15,3
المهد,3,2920,3:46,3
المولى,3,2921,8:40,2
الميزان,3,2922,55:7,1
الميمنة,3,2923,56:8,2
الناصحين,3,2924,7:21,2
الناقة,3,2925,7:77,3
النشأة,3,2926,29:20,3
النصر,3,2927,3:126,2
النكاح,3,2928,2:235,2
الهون,3,2929,6:93,3
الوارثين,3,2930,21:89,2
الوالدان,3,2931,4:7,1
الوهاب,3,2932,3:8,2
امرأة,3,2933,4:12,2
انصرني,3,2934,23:26,2
انظروا,3,2935,6:11,2
انفروا,3,2936,4:71,2
انقلبوا,3,2937,12:62,2
بأموالكم,3,2938,4:24,3
بأهلك,3,2939,11:81,3
بأيديهم,3,2940,2:79,3
بإحسان,3,2941,2:178,2
بئسما,3,2942,2:90,2
باغ,3,2943,2:173,3
بالحسنى,3,2944,53:31,2
بالحياة,3,2945,9:38,3
بالدين,3,2946,82:9,3
بالرحمن,3,2947,13:30,3
بالصلاة,3,2948,19:31,2
بالغدو,3,2949,7:205,3
بالفحشاء,3,2950,2:268,3
بالكافرين,3,2951,2:19,3
باللغو,3,2952,2:225,3
بالناس,3,2953,2:143,3
بالواد,3,2954,20:12,3
بتأويله,3,2955,12:36,1
بدلنا,3,2956,7:95,3
بذكر,3,2957,13:28,2
بذلك,3,2958,43:20,3
برسل,3,2959,6:10,3
برهان,3,2960,4:174,3
بسحر,3,2961,7:116,3
بسلام,3,2962,11:48,3
بسم,3,2963,1:1,3
بطونهم,3,2964,2:174,3
بعبادي,3,2965,20:77,3
بعدما,3,2966,2:181,3
بعصاك,3,2967,2:60,3
بعضنا,3,2968,3:64,3
بعضه,3,2969,8:37,3
بعضها,3,2970,3:34,3
بعلم,3,2971,6:143,3
بقادر,3,2972,36:81,3
بقلب,3,2973,26:89,3
بقول,3,2974,69:41,2
بقوم,3,2975,5:54,2
بكتاب,3,2976,7:52,3
بكلماته,3,2977,8:7,3
بمعذبين,3,2978,26:138,3
بناء,3,2979,2:22,3
بنصره,3,2980,3:13,2
بهما,3,2981,2:158,3
بهن,3,2982,4:23,2
بهيمة,3,2983,5:1,2
بياتا,3,2984,7:4,2
بيتي,3,2985,2:125,3
بيع,3,2986,2:254,3
بينا,3,2987,2:118,3
تأتي,3,2988,16:111,3
تأمرون,3,2989,3:110,3
تؤمن,3,2990,2:260,3
تبخسوا,3,2991,7:85,3
تبدون,3,2992,2:33,3
تبعك,3,2993,7:18,3
تتبعون,3,2994,6:148,3
تتخذون,3,2995,7:74,2
تتذكرون,3,2996,6:80,3
تتفكرون,3,2997,2:219,2
تجعلنا,3,2998,7:47,3
تحزنوا,3,2999,3:139,2
تحويلا,3,3000,17:56,2
تخفوه,3,3001,2:284,3
تدعوا,3,3002,17:110,3
تذر,3,3003,51:42,3
ترونها,3,3004,13:2,3
تروها,3,3005,9:26,2
تريد,3,3006,18:28,2
تسألوا,3,3007,2:108,2
تستغفر,3,3008,9:80,2
تستكبرون,3,3009,6:93,3
تسرون,3,3010,16:19,3
تسع,3,3011,17:101,3
تسعى,3,3012,20:15,1
تشتروا,3,3013,2:41,3
تشرك,3,3014,22:26,2
تشركوا,3,3015,4:36,3
تشهد,3,3016,6:150,2
تشهدون,3,3017,2:84,3
تصيبهم,3,3018,13:31,3
تضرعا,3,3019,6:63,2
تضع,3,3020,35:11,3
تطغوا,3,3021,11:112,3
تطلع,3,3022,5:13,3
تظلم,3,3023,18:33,3
تعالى,3,3024,16:3,3
تعبد,3,3025,19:42,2
تعتدوا,3,3026,2:190,2
تعتذروا,3,3027,9:66,2
تعجبك,3,3028,9:55,2
تعجل,3,3029,2:203,3
تعدوا,3,3030,4:154,3
تعفوا,3,3031,2:237,3
تعلنون,3,3032,16:19,3
تغفر,3,3033,5:118,3
تفرقوا,3,3034,3:103,2
تقدير,3,3035,6:96,3
تقر,3,3036,20:40,3
تقطع,3,3037,5:33,3
تقلب,3,3038,2:144,3
تقيا,3,3039,19:13,1
تكاد,3,3040,19:90,3
تكرهوا,3,3041,2:216,3
تكسب,3,3042,6:164,3
تلقاء,3,3043,7:47,3
تلقف,3,3044,7:117,3
تمتعوا,3,3045,11:65,3
تمسوها,3,3046,7:73,3
تمسوهن,3,3047,2:236,2
تمنى,3,3048,22:52,2
تميد,3,3049,16:15,3
تنبت,3,3050,2:61,3
تنته,3,3051,19:46,2
تنصرون,3,3052,11:113,3
تنفع,3,3053,20:109,3
تهدي,3,3054,10:43,3
تهنوا,3,3055,3:139,3
تهوى,3,3056,2:87,3
توابا,3,3057,4:16,2
ثمانية,3,3058,6:143,3
ثمره,3,3059,6:99,2
جئناك,3,3060,15:63,3
جاءني,3,3061,19:43,3
جاءوكم,3,3062,4:90,3
جاءوها,3,3063,39:71,2
جامع,3,3064,3:9,3
جاهد,3,3065,9:73,3
جبار,3,3066,11:59,3
جبارا,3,3067,19:14,2
جبل,3,3068,2:260,3
جزاؤه,3,3069,12:74,1
جعلناك,3,3070,6:107,3
جعلناها,3,3071,22:36,3
جعلوا,3,3072,13:16,3
جمعا,3,3073,18:99,3
جميع,3,3074,36:32,2
جنتان,3,3075,34:15,2
جهرة,3,3076,2:55,3
حاجة,3,3077,12:68,3
حاشرين,3,3078,7:111,2
حافظين,3,3079,12:81,3
حجة,3,3080,2:150,3
حرما,3,3081,5:96,3
حرمت,3,3082,4:23,3
حسب,3,3083,29:4,3
حسبتم,3,3084,2:214,3
حسبنا,3,3085,3:173,3
حسرة,3,3086,3:156,3
حسن,3,3087,3:14,1
حطاما,3,3088,39:21,3
حظا,3,3089,3:176,2
حفيظا,3,3090,4:80,3
حقه,3,3091,6:141,3
حكم,3,3092,5:43,3
حلية,3,3093,13:17,3
حليما,3,3094,17:44,3
حمإ,3,3095,15:26,1
حملته,3,3096,2:286,3
حميما,3,3097,47:15,3
حولها,3,3098,6:92,3
حياتنا,3,3099,6:29,3
خاب,3,3100,20:61,2
خاشعين,3,3101,3:199,3
خالدا,3,3102,4:14,2
خذ,3,3103,7:199,3
خزنتها,3,3104,39:71,2
خسارا,3,3105,17:82,3
خشي,3,3106,4:25,3
خلاق,3,3107,2:102,2
خلفاء,3,3108,7:69,2
خلقناهم,3,3109,37:11,3
خليلا,3,3110,4:125,3
خيفة,3,3111,11:70,3
دائرة,3,3112,5:52,3
دبر,3,3113,12:25,1
دخلت,3,3114,7:38,3
دخلتم,3,3115,4:23,2
دكا,3,3116,7:143,2
دمت,3,3117,3:75,3
دوني,3,3118,17:2,2
ذائقة,3,3119,3:185,3
رأسه,3,3120,2:196,3
ربهما,3,3121,7:22,2
رجز,3,3122,8:11,3
رجزا,3,3123,2:59,3
ردوا,3,3124,4:91,2
رزقها,3,3125,11:6,3
رضوان,3,3126,3:162,2
رغدا,3,3127,2:35,2
روح,3,3128,12:87,2
روحنا,3,3129,19:17,3
زادهم,3,3130,33:22,3
زرعا,3,3131,18:32,3
زينتهن,3,3132,24:31,1
سبعة,3,3133,15:44,3
سبيلي,3,3134,3:195,3
ستجدني,3,3135,18:69,3
سجيل,3,3136,11:82,3
سخروا,3,3137,6:10,3
سخريا,3,3138,23:110,3
سدا,3,3139,18:94,2
سراجا,3,3140,25:61,3
سعى,3,3141,2:205,3
سكينته,3,3142,9:26,2
سمعهم,3,3143,2:7,3
سميتموها,3,3144,7:71,3
سنت,3,3145,8:38,3
سندس,3,3146,18:31,3
سولت,3,3147,12:18,2
سيعلمون,3,3148,54:26,2
سيهدين,3,3149,26:62,3
شأن,3,3150,10:61,3
شئت,3,3151,7:155,3
شاعر,3,3152,21:5,3
شاكرا,3,3153,4:147,3
شاهد,3,3154,11:17,3
شاهدا,3,3155,33:45,3
شجر,3,3156,4:65,3
شرك,3,3157,34:22,3
شركاءكم,3,3158,7:195,3
شركائكم,3,3159,10:34,2
شريك,3,3160,6:163,3
شطر,3,3161,2:144,1
شفعاء,3,3162,7:53,3
شقيا,3,3163,19:4,1
شكورا,3,3164,17:3,3
شيعته,3,3165,28:15,2
صاعقة,3,3166,41:13,1
صحف,3,3167,53:36,3
صدره,3,3168,6:125,2
صم,3,3169,2:18,2
ضراء,3,3170,10:21,3
ضربتم,3,3171,4:94,2
ضربنا,3,3172,25:39,3
ضربوا,3,3173,3:156,3
ضره,3,3174,10:12,3
ضعفين,3,3175,2:265,2
طاعة,3,3176,4:81,3
طبع,3,3177,4:155,3
طلعها,3,3178,6:99,3
طيرا,3,3179,3:49,3
ظل,3,3180,16:58,3
ظلل,3,3181,2:210,2
ظلمت,3,3182,10:54,3
ظلمناهم,3,3183,11:101,3
ظلمهم,3,3184,3:117,3
ظنا,3,3185,2:230,3
عابدين,3,3186,21:53,1
عاصم,3,3187,10:27,3
عاما,3,3188,9:37,2
عاملون,3,3189,11:121,3
عبادته,3,3190,4:172,3
عدد,3,3191,10:5,3
عددا,3,3192,18:11,2
عدنا,3,3193,7:89,3
عذابه,3,3194,10:50,3
عروشها,3,3195,2:259,3
عصاك,3,3196,7:117,3
عصاه,3,3197,7:107,2
عصبة,3,3198,12:8,2
عصوا,3,3199,2:61,3
عقبيه,3,3200,2:143,3
عقدة,3,3201,2:235,2
عليا,3,3202,4:34,2
عمد,3,3203,13:2,3
عمران,3,3204,3:33,2
عملكم,3,3205,9:94,2
عمي,3,3206,2:18,2
عندكم,3,3207,6:148,3
عندها,3,3208,3:37,3
عنيد,3,3209,11:59,3
عهدهم,3,3210,8:56,2
غالب,3,3211,3:160,3
غل,3,3212,3:161,3
غلبت,3,3213,2:249,3
غليظا,3,3214,4:21,2
غنيا,3,3215,4:6,1
فأبى,3,3216,17:89,2
فأتبعه,3,3217,7:175,3
فأتنا,3,3218,7:70,3
فأحبط,3,3219,33:19,2
فأخذناه,3,3220,28:40,3
فأخرج,3,3221,2:22,3
فأسر,3,3222,11:81,3
فأصلحوا,3,3223,49:9,1
فأعرضوا,3,3224,4:16,3
فأغرقناهم,3,3225,7:136,3
فأقيموا,3,3226,4:103,3
فألقوا,3,3227,16:28,2
فألقى,3,3228,7:107,2
فأمسكوهن,3,3229,2:231,3
فأنزل,3,3230,9:40,2
فأنزلنا,3,3231,2:59,3
فأهلكناهم,3,3232,6:6,3
فأوحى,3,3233,14:13,3
فأولى,3,3234,47:20,2
فإخوانكم,3,3235,2:220,3
فإنها,3,3236,5:26,2
فاتبعوه,3,3237,6:153,2
فاتكم,3,3238,3:153,3
فاجعل,3,3239,14:37,3
فاستبقوا,3,3240,2:148,3
فاستجاب,3,3241,3:195,3
فاعبدون,3,3242,21:25,2
فاعلم,3,3243,5:49,3
فانتظروا,3,3244,7:71,2
فانطلقا,3,3245,18:71,1
فبشره,3,3246,31:7,3
فبشرهم,3,3247,3:21,3
فتبينوا,3,3248,4:94,2
فتحرير,3,3249,4:92,2
فتول,3,3250,37:174,3
فتيلا,3,3251,4:49,2
فجعلناه,3,3252,25:23,3
فجعله,3,3253,25:54,3
فخذ,3,3254,2:260,3
فخرج,3,3255,19:11,2
فخور,3,3256,11:10,3
فدية,3,3257,2:184,3
فذلك,3,3258,21:29,3
فرارا,3,3259,18:18,3
فراغ,3,3260,37:91,2
فرحوا,3,3261,6:44,3
فرحون,3,3262,9:50,3
فردا,3,3263,19:80,2
فسادا,3,3264,5:33,2
فسبحان,3,3265,21:22,3
فستعلمون,3,3266,20:135,2
فصدوا,3,3267,9:9,3
فصلنا,3,3268,6:97,1
فضلوا,3,3269,16:71,3
فطرني,3,3270,11:51,3
فعقروها,3,3271,11:65,3
فعلت,3,3272,10:106,3
فعليها,3,3273,6:104,3
ففي,3,3274,3:107,2
فقاتلوا,3,3275,4:76,3
فقولا,3,3276,20:44,2
فكأنما,3,3277,5:32,2
فكفروا,3,3278,37:170,3
فلكم,3,3279,2:279,3
فلها,3,3280,4:11,2
فلو,3,3281,6:149,3
فماذا,3,3282,7:110,3
فنجيناه,3,3283,10:73,3
فهدى,3,3284,2:213,3
فوزا,3,3285,4:73,3
فوقها,3,3286,2:26,3
فول,3,3287,2:144,1
فيأخذكم,3,3288,7:73,3
فينبئهم,3,3289,6:108,3
قائل,3,3290,12:10,3
قائم,3,3291,3:39,3
قاصرات,3,3292,37:48,3
قبلة,3,3293,2:144,2
قبلي,3,3294,3:183,3
قتلت,3,3295,28:19,2
قتلتم,3,3296,2:72,2
قدروا,3,3297,6:91,3
قرآن,3,3298,10:61,3
قضيت,3,3299,4:65,3
قلبك,3,3300,2:97,3
قيلا,3,3301,4:122,3
كأنما,3,3302,6:125,3
كأنها,3,3303,24:35,3
كاتب,3,3304,2:282,1
كاذبين,3,3305,11:27,3
كافر,3,3306,2:41,2
كالمهل,3,3307,18:29,3
كانتا,3,3308,4:176,3
كبائر,3,3309,4:31,3
كتبنا,3,3310,4:66,3
كدأب,3,3311,3:11,2
كذبوك,3,3312,3:184,3
كذبون,3,3313,23:26,2
كسب,3,3314,2:81,3
كسبتم,3,3315,2:134,1
كظيم,3,3316,12:84,3
كفارة,3,3317,5:45,1
كفره,3,3318,30:44,3
كلام,3,3319,2:75,3
كلبهم,3,3320,18:22,1
كلمات,3,3321,2:37,3
كلهم,3,3322,10:99,3
كنز,3,3323,11:12,3
كيدهم,3,3324,3:120,3
كيل,3,3325,12:60,1
لأجرا,3,3326,7:113,3
لأنفسهم,3,3327,3:178,3
لأهله,3,3328,20:10,3
لئلا,3,3329,2:150,3
لباس,3,3330,2:187,2
لباسا,3,3331,7:26,3
لتؤمنوا,3,3332,48:9,3
لتعلموا,3,3333,5:97,3
لتكون,3,3334,10:92,3
لجهنم,3,3335,7:179,3
لحافظون,3,3336,12:12,2
لحكم,3,3337,52:48,3
لخاسرون,3,3338,7:90,3
لذنبك,3,3339,12:29,3
لساحر,3,3340,7:109,3
لعب,3,3341,6:32,3
لعباده,3,3342,7:32,3
لعل,3,3343,33:63,3
لعله,3,3344,20:44,3
لعلى,3,3345,22:67,3
لعنت,3,3346,3:61,3
لغوا,3,3347,19:62,3
لقادرون,3,3348,23:18,2
لقالوا,3,3349,15:15,3
لقول,3,3350,69:40,3
لقوي,3,3351,22:40,2
لقيتم,3,3352,8:15,2
لكلمات,3,3353,6:34,3
للإيمان,3,3354,3:167,2
للبشر,3,3355,74:29,1
للدين,3,3356,10:105,2
للشاربين,3,3357,16:66,3
للفقراء,3,3358,2:273,3
للقوم,3,3359,10:85,3
للناظرين,3,3360,7:108,3
لمجنون,3,3361,15:6,3
لنبي,3,3362,2:246,3
لنراك,3,3363,7:60,2
لنفس,3,3364,3:145,3
لهوا,3,3365,7:51,3
لواقع,3,3366,51:6,3
ليبين,3,3367,4:26,3
ليت,3,3368,28:79,3
ليجعل,3,3369,3:156,3
ليذكروا,3,3370,17:41,3
ليظلمهم,3,3371,9:70,3
ليظهره,3,3372,9:33,3
ليكفروا,3,3373,16:55,3
ليكون,3,3374,22:78,3
مؤمنات,3,3375,48:25,3
ماتوا,3,3376,3:156,3
مالك,3,3377,1:4,3
مباركة,3,3378,24:35,2
مبدل,3,3379,6:34,2
مبصرا,3,3380,10:67,3
مبصرة,3,3381,17:12,2
مبلسون,3,3382,6:44,3
مبينات,3,3383,24:34,2
مبينة,3,3384,4:19,3
مت,3,3385,19:23,2
متشابها,3,3386,2:25,3
متعنا,3,3387,15:88,3
مثنى,3,3388,4:3,3
مخرج,3,3389,2:72,3
مدحورا,3,3390,7:18,2
مدخلا,3,3391,4:31,3
مدرارا,3,3392,6:6,3
مرفوعة,3,3393,56:34,3
مروا,3,3394,25:72,2
مريضا,3,3395,2:184,1
مساجد,3,3396,2:114,2
مستهم,3,3397,2:214,3
مسحورا,3,3398,17:47,2
مسخرات,3,3399,7:54,2
مسكينا,3,3400,58:4,3
مسنون,3,3401,15:26,1
مشفقين,3,3402,18:49,3
مصر,3,3403,12:21,2
مصفرا,3,3404,30:51,3
مصيرا,3,3405,4:97,2
مطرا,3,3406,7:84,3
معاجزين,3,3407,22:51,2
معتد,3,3408,50:25,3
معدودات,3,3409,2:184,2
معدودة,3,3410,2:80,3
معشر,3,3411,6:128,2
معين,3,3412,37:45,3
مغانم,3,3413,4:94,2
مغرقون,3,3414,11:37,3
مقتا,3,3415,35:39,3
مكانه,3,3416,7:143,3
مكرمون,3,3417,21:26,3
مكروا,3,3418,14:46,3
مكنا,3,3419,12:21,2
مكناهم,3,3420,6:6,3
مكنون,3,3421,37:49,3
ملاقو,3,3422,2:46,2
ملكه,3,3423,2:247,2
منتظرون,3,3424,6:158,3
منتقمون,3,3425,32:22,3
منذرين,3,3426,37:72,3
منعك,3,3427,7:12,3
مهتدين,3,3428,2:16,3
مهطعين,3,3429,14:43,3
مهلك,3,3430,6:131,3
مواضعه,3,3431,4:46,2
موعظة,3,3432,2:275,3
ميت,3,3433,7:57,3
ميثاقا,3,3434,4:21,2
نؤته,3,3435,3:145,2
نبإ,3,3436,6:34,2
نبعث,3,3437,16:84,2
نتلوها,3,3438,2:252,3
نتوفينك,3,3439,10:46,3
نحيي,3,3440,15:23,3
نذقه,3,3441,22:25,3
نزغ,3,3442,7:200,3
نساءكم,3,3443,2:49,3
نساءهم,3,3444,7:127,3
نسائهم,3,3445,2:226,2
نسيا,3,3446,18:61,2
نسيت,3,3447,18:24,1
نشأ,3,3448,26:4,3
نشرك,3,3449,3:64,3
نشورا,3,3450,25:3,1
نصرا,3,3451,7:192,3
نصركم,3,3452,3:123,3
نصرهم,3,3453,22:39,3
نصف,3,3454,4:12,1
نصيبهم,3,3455,4:33,3
نضيع,3,3456,7:170,3
نظر,3,3457,9:127,3
نفخ,3,3458,23:101,3
نفرق,3,3459,2:136,2
نفعل,3,3460,11:87,3
نكرا,3,3461,18:74,2
نكلف,3,3462,6:152,3
ننجي,3,3463,10:103,3
نوره,3,3464,9:32,3
هدينا,3,3465,6:84,2
وآباءهم,3,3466,21:44,3
وآباؤنا,3,3467,23:83,2
وآتى,3,3468,2:177,2
وآخر,3,3469,9:102,3
وآخرين,3,3470,8:60,3
وآل,3,3471,2:248,2
وأخاه,3,3472,7:111,3
وأخذنا,3,3473,4:154,3
وأخرى,3,3474,3:13,3
وأدخل,3,3475,3:185,3
وأرسلنا,3,3476,5:70,3
وأشد,3,3477,4:66,2
وأعلم,3,3478,2:33,3
وأعناب,3,3479,2:266,3
وأقم,3,3480,11:114,3
وأقوم,3,3481,2:282,3
وأكلهم,3,3482,4:161,2
وأكواب,3,3483,43:71,3
وألقى,3,3484,7:150,3
وأموالهم,3,3485,9:111,3
وأنبتنا,3,3486,15:19,3
وأنذر,3,3487,6:51,3
وأنهار,3,3488,47:15,1
وأهلك,3,3489,11:40,3
وأورثنا,3,3490,7:137,3
وأولادكم,3,3491,8:28,2
وأيوب,3,3492,4:163,3
وإثما,3,3493,4:20,2
وإستبرق,3,3494,18:31,3
وإليك,3,3495,2:285,2
وإلينا,3,3496,19:40,3
وإنكم,3,3497,7:114,3
وإنما,3,3498,3:185,3
وإياي,3,3499,2:40,2
وإيتاء,3,3500,16:90,3
وابتغوا,3,3501,2:187,3
وابل,3,3502,2:264,1
واخفض,3,3503,15:88,3
وادخلوا,3,3504,2:58,3
وارحمنا,3,3505,2:286,3
واستغفروا,3,3506,2:199,3
واستكبر,3,3507,2:34,3
واصبروا,3,3508,7:128,3
واصطبر,3,3509,19:65,3
واضرب,3,3510,18:32,2
واعبدوا,3,3511,4:36,3
واق,3,3512,13:34,2
واقتلوهم,3,3513,2:191,2
واقع,3,3514,7:171,3
والآصال,3,3515,7:205,3
والأقربون,3,3516,4:7,1
والأقربين,3,3517,2:180,2
والأمر,3,3518,7:54,3
والأولى,3,3519,53:25,3
والجن,3,3520,6:112,3
والحكم,3,3521,3:79,3
والسلوى,3,3522,2:57,3
والسماوات,3,3523,14:48,3
والشهداء,3,3524,4:69,3
والصلاة,3,3525,2:45,1
والعاقبة,3,3526,7:128,3
والكافرون,3,3527,2:254,3
والمحصنات,3,3528,4:24,2
والمنكر,3,3529,16:90,3
والمهاجرين,3,3530,9:117,3
والميسر,3,3531,2:219,2
والنبوة,3,3532,3:79,3
والنبيين,3,3533,2:177,3
والنجوم,3,3534,7:54,3
والنخل,3,3535,6:141,3
والنور,3,3536,6:1,3
وانظر,3,3537,2:259,2
وبث,3,3538,2:164,3
وبينه,3,3539,3:30,3
وتذرون,3,3540,26:166,3
وتكون,3,3541,10:78,3
وتمت,3,3542,6:115,3
وجئنا,3,3543,4:41,3
وجاءت,3,3544,12:19,2
وجاءهم,3,3545,3:86,3
وجاءوا,3,3546,7:116,2
وجعلناه,3,3547,17:2,3
وجعلناها,3,3548,21:91,3
وحرم,3,3549,2:275,3
وخير,3,3550,18:44,2
ودخل,3,3551,12:36,3
ودوا,3,3552,3:118,3
ودين,3,3553,9:33,3
وذا,3,3554,21:85,2
وذرياتهم,3,3555,6:87,3
وذوقوا,3,3556,8:50,3
ورأوا,3,3557,2:166,3
ورائهم,3,3558,23:100,3
وربنا,3,3559,6:30,3
وربي,3,3560,10:53,3
ورزقكم,3,3561,8:26,3
ورزقناهم,3,3562,10:93,3
ورضوانا,3,3563,5:2,3
ورفع,3,3564,2:253,3
وزينتها,3,3565,11:15,3
وساء,3,3566,4:22,3
وسلام,3,3567,19:15,3
وسلطان,3,3568,11:96,3
وشهدوا,3,3569,3:86,3
وطائفة,3,3570,3:154,3
وظن,3,3571,10:24,3
وعليها,3,3572,2:286,3
وعند,3,3573,9:7,3
وعنده,3,3574,6:59,3
وعندهم,3,3575,5:43,3
وعيد,3,3576,14:14,2
وغرتهم,3,3577,6:70,2
وفاكهة,3,3578,56:20,2
وفجرنا,3,3579,18:33,3
وفريقا,3,3580,2:87,3
وفيها,3,3581,7:25,3
وقدر,3,3582,34:11,3
وقرآن,3,3583,15:1,3
وقفينا,3,3584,2:87,3
وقلبه,3,3585,8:24,3
وقلوبهم,3,3586,23:60,3
وقليل,3,3587,34:13,3
وقولهم,3,3588,4:155,1
وكتاب,3,3589,5:15,3
وكتبه,3,3590,2:285,3
وكفر,3,3591,2:217,3
وكن,3,3592,7:144,3
ولعبا,3,3593,5:57,2
ولعلهم,3,3594,7:164,2
ولكنا,3,3595,20:87,2
وللرسول,3,3596,8:24,2
ولنجزينهم,3,3597,16:97,3
ولهو,3,3598,6:32,3
ولى,3,3599,27:10,3
وليعلمن,3,3600,29:3,1
ومأواه,3,3601,3:162,3
ومبشرا,3,3602,33:45,3
ومتاع,3,3603,2:36,3
ومتاعا,3,3604,16:80,3
ومثل,3,3605,2:171,2
ومثله,3,3606,5:36,3
ومثلهم,3,3607,21:84,3
ومساكن,3,3608,9:24,2
ومكر,3,3609,3:54,2
ومكروا,3,3610,3:54,3
ومنافع,3,3611,2:219,3
ونجني,3,3612,26:118,2
ونزعنا,3,3613,7:43,3
ونزلنا,3,3614,16:89,3
ونكون,3,3615,5:113,3
ونوحا,3,3616,3:33,3
وهب,3,3617,3:8,3
وهل,3,3618,20:9,3
ووجد,3,3619,18:86,3
ووصينا,3,3620,29:8,3
ووضع,3,3621,18:49,3
وويل,3,3622,2:79,3
ويأت,3,3623,4:133,3
ويبغونها,3,3624,7:45,3
ويتوب,3,3625,4:26,3
ويثبت,3,3626,8:11,3
ويجعلون,3,3627,16:56,1
ويحسبون,3,3628,7:30,3
ويحق,3,3629,10:82,3
ويحل,3,3630,7:157,3
ويخافون,3,3631,13:21,3
ويخرج,3,3632,10:31,3
ويذرون,3,3633,2:234,2
ويريد,3,3634,4:27,2
ويريدون,3,3635,4:44,1
ويزكيهم,3,3636,2:129,3
ويستحيون,3,3637,2:49,3
ويستعجلونك,3,3638,13:6,3
ويعفو,3,3639,5:15,2
ويعلمكم,3,3640,2:151,1
ويعلمهم,3,3641,2:129,3
ويكفر,3,3642,2:271,3
ويكون,3,3643,2:143,2
يأتهم,3,3644,7:169,3
يأتينكم,3,3645,2:38,3
يأذن,3,3646,12:80,3
يأمرون,3,3647,3:21,2
يؤتي,3,3648,2:247,2
يؤخرهم,3,3649,14:42,3
يبخل,3,3650,47:38,1
يبخلون,3,3651,3:180,3
يبدئ,3,3652,29:19,3
يبعثهم,3,3653,6:36,2
يبيتون,3,3654,4:81,2
يتبين,3,3655,2:187,3
يتخذوا,3,3656,4:150,3
يتقبل,3,3657,5:27,2
يتم,3,3658,2:233,3
يتوبون,3,3659,4:17,3
يتوكل,3,3660,8:49,3
يتولهم,3,3661,5:51,3
يتولى,3,3662,3:23,3
يجحد,3,3663,29:47,2
يجرمنكم,3,3664,5:2,2
يجزون,3,3665,7:147,3
يجزى,3,3666,6:160,3
يجزي,3,3667,12:88,3
يجعله,3,3668,6:39,3
يجمع,3,3669,5:109,3
يجمعون,3,3670,3:157,3
يحافظون,3,3671,6:92,3
يحرفون,3,3672,4:46,2
يحسبن,3,3673,3:178,2
يحشرون,3,3674,6:38,3
يحمل,3,3675,20:100,3
يخرجكم,3,3676,7:110,3
يخرصون,3,3677,6:116,3
يخزيه,3,3678,11:39,2
يخسف,3,3679,16:45,3
يخفون,3,3680,3:154,3
يد,3,3681,5:64,3
يداه,3,3682,5:64,3
يدخلونها,3,3683,13:23,3
يدريك,3,3684,33:63,3
يدع,3,3685,23:117,3
يده,3,3686,7:108,3
يرتد,3,3687,5:54,3
يردوكم,3,3688,2:217,2
يرمون,3,3689,24:4,1
يره,3,3690,90:7,2
يريكم,3,3691,13:12,3
يزال,3,3692,9:110,3
يستعتبون,3,3693,16:84,3
يستعجلون,3,3694,26:204,3
يستقدمون,3,3695,7:34,3
يستمع,3,3696,6:25,3
يستوون,3,3697,9:19,3
يسجد,3,3698,13:15,3
يسومونكم,3,3699,2:49,3
يشفع,3,3700,2:255,2
يشكر,3,3701,27:40,2
يصدفون,3,3702,6:46,1
يصيبهم,3,3703,5:49,3
يضحكون,3,3704,43:47,2
يضربون,3,3705,8:50,3
يضركم,3,3706,3:120,3
يضرهم,3,3707,2:102,3
يضروا,3,3708,3:176,2
يضعن,3,3709,24:60,2
يضلون,3,3710,3:69,3
يطبع,3,3711,7:101,3
يظهروا,3,3712,9:8,3
يعتدون,3,3713,2:61,3
يعدهم,3,3714,4:120,2
يعذب,3,3715,5:40,3
يعرج,3,3716,32:5,3
يعرض,3,3717,46:20,2
يعرضون,3,3718,11:18,3
يعص,3,3719,4:14,3
يعلمهم,3,3720,8:60,3
يفتنون,3,3721,9:126,3
يفسدون,3,3722,16:88,3
يفقهوه,3,3723,6:25,3
يقال,3,3724,21:60,3
يقتل,3,3725,2:154,2
يقدرون,3,3726,2:264,3
يقيما,3,3727,2:229,1
يكادون,3,3728,4:78,3
يكذبوك,3,3729,22:42,2
يكفروا,3,3730,2:90,3
يكلمهم,3,3731,2:174,3
يلاقوا,3,3732,43:83,3
يلبثوا,3,3733,10:45,3
يلج,3,3734,7:40,3
يلحدون,3,3735,7:180,3
يلقاها,3,3736,28:80,2
يلقون,3,3737,3:44,3
يلقى,3,3738,25:8,3
يلقي,3,3739,22:52,2
يمسسك,3,3740,6:17,2
يمسك,3,3741,19:45,2
يمينك,3,3742,20:69,2
ينبئهم,3,3743,5:14,3
ينصره,3,3744,22:15,2
ينطق,3,3745,23:62,3
ينفعنا,3,3746,6:71,3
ينهون,3,3747,6:26,3
يهاجروا,3,3748,4:89,2
يهتدي,3,3749,10:108,3
يهديهم,3,3750,7:148,3
يوزعون,3,3751,27:17,2
يوصل,3,3752,2:27,2
يومين,3,3753,2:203,2
آبائنا,2,3754,23:24,2
آبائهن,2,3755,24:31,2
آتاني,2,3756,19:30,2
آتاه,2,3757,2:258,2
آتاهما,2,3758,7:190,1
آتوني,2,3759,18:96,1
آتية,2,3760,20:15,2
آتيت,2,3761,10:88,2
آتيك,2,3762,27:39,1
آتيناك,2,3763,15:87,2
آلآن,2,3764,10:51,1
آلاف,2,3765,3:124,1
آلذكرين,2,3766,6:143,1
آلله,2,3767,10:59,2
آلهتهم,2,3768,11:101,2
آمنون,2,3769,27:89,2
آووا,2,3770,8:72,1
آوى,2,3771,12:69,1
آيتك,2,3772,3:41,2
أأنت,2,3773,5:116,2
أأنذرتهم,2,3774,2:6,2
أإنك,2,3775,12:90,2
أئن,2,3776,26:41,2
أئنا,2,3777,27:67,2
أبا,2,3778,12:78,2
أبرح,2,3779,12:80,2
أبصر,2,3780,6:104,2
أبعث,2,3781,17:94,2
أبلغ,2,3782,18:60,2
أبلغكم,2,3783,7:62,1
أبنائهن,2,3784,24:31,2
أبوابا,2,3785,43:34,2
أبواه,2,3786,4:11,2
أبوهم,2,3787,12:68,1
أبويه,2,3788,12:99,1
أتخذ,2,3789,6:14,2
أترابا,2,3790,56:37,2
أتريدون,2,3791,4:88,1
أتعبدون,2,3792,5:76,2
أتعلمون,2,3793,7:75,2
أتينا,2,3794,21:47,2
أتيناهم,2,3795,23:71,1
أثاثا,2,3796,16:80,2
أثر,2,3797,20:96,2
أثقالهم,2,3798,29:13,1
أثمر,2,3799,6:99,1
أجاج,2,3800,25:53,2
أجبتم,2,3801,5:109,2
أجعل,2,3802,18:95,2
أجلت,2,3803,6:128,2
أجله,2,3804,2:235,1
أجوركم,2,3805,3:185,2
أحاديث,2,3806,23:44,2
أحببت,2,3807,28:56,2
أحسنتم,2,3808,17:7,1
أحصنت,2,3809,21:91,2
أحصيناه,2,3810,36:12,2
أحلام,2,3811,12:44,2
أحلت,2,3812,4:160,2
أحياها,2,3813,5:32,2
أخ,2,3814,4:12,2
أخانا,2,3815,12:63,1
أخباركم,2,3816,9:94,2
أختها,2,3817,7:38,2
أخدان,2,3818,4:25,2
أخذت,2,3819,10:24,2
أخذته,2,3820,2:206,2
أخذناهم,2,3821,6:44,2
أخر,2,3822,2:184,1
أخرنا,2,3823,11:8,2
أخواتهن,2,3824,24:31,2
أدعوكم,2,3825,40:41,1
أذقناه,2,3826,11:10,2
أذلك,2,3827,25:15,2
أرأيتكم,2,3828,6:40,1
أرادني,2,3829,39:38,1
أراك,2,3830,4:105,2
أراني,2,3831,12:36,1
أرجه,2,3832,7:111,2
أرحام,2,3833,6:143,1
أرحامكم,2,3834,47:22,2
أرذل,2,3835,16:70,2
أرسله,2,3836,12:12,1
أرنا,2,3837,4:153,2
أرني,2,3838,2:260,2
أزواجك,2,3839,33:50,2
أزواجنا,2,3840,6:139,2
أزواجه,2,3841,33:53,2
أساء,2,3842,41:46,2
أساءوا,2,3843,30:10,2
أسرع,2,3844,6:62,2
أسرى,2,3845,8:67,2
أسلحتكم,2,3846,4:102,1
أسلمت,2,3847,2:131,2
أسمع,2,3848,19:38,2
أسوأ,2,3849,39:35,2
أشتاتا,2,3850,24:61,2
أشحة,2,3851,33:19,1
أشدكم,2,3852,22:5,2
أشر,2,3853,54:25,2
أشركتم,2,3854,6:81,1
أشق,2,3855,13:34,2
أشكر,2,3856,27:19,2
أشهد,2,3857,6:19,2
أصابتكم,2,3858,3:165,2
أصابتهم,2,3859,2:156,2
أصابعهم,2,3860,2:19,2
أصدق,2,3861,4:87,1
أصغر,2,3862,10:61,2
أصناما,2,3863,6:74,2
أضعافا,2,3864,2:245,2
أضغاث,2,3865,12:44,2
أطرافها,2,3866,13:41,2
أطعنا,2,3867,33:66,1
أطلع,2,3868,19:78,2
أطهر,2,3869,11:78,2
أعجاز,2,3870,54:20,2
أعجبتكم,2,3871,2:221,2
أعجبك,2,3872,5:100,2
أعذبه,2,3873,5:115,1
أعزة,2,3874,5:54,2
أعطى,2,3875,20:50,2
أعظم,2,3876,9:20,2
أعيدوا,2,3877,22:22,2
أعينكم,2,3878,8:44,2
أغويتني,2,3879,7:16,2
أفأمن,2,3880,7:97,2
أفأمنوا,2,3881,7:99,2
أفإن,2,3882,3:144,2
أفئدة,2,3883,6:113,2
أفئدتهم,2,3884,6:110,2
أفاك,2,3885,26:222,2
أفبالباطل,2,3886,16:72,2
أفبعذابنا,2,3887,26:204,2
أفتوني,2,3888,12:43,2
أفضتم,2,3889,2:198,2
أفل,2,3890,6:76,1
أفهم,2,3891,21:6,1
أفواجا,2,3892,78:18,2
أفي,2,3893,14:10,2
أفيضوا,2,3894,2:199,2
أقاموا,2,3895,5:66,2
أقريب,2,3896,21:109,2
أقسط,2,3897,2:282,2
أقسمتم,2,3898,7:49,2
أقسموا,2,3899,5:53,2
أقصى,2,3900,28:20,2
أقيموا,2,3901,6:72,2
أكثركم,2,3902,5:59,2
أكل,2,3903,5:3,2
أكله,2,3904,6:141,2
ألسنتكم,2,3905,16:116,2
ألق,2,3906,7:117,2
ألوانها,2,3907,35:27,1
أماني,2,3908,2:78,2
أمتكم,2,3909,21:92,2
أمثالها,2,3910,6:160,2
أمثالهم,2,3911,47:3,2
أمدكم,2,3912,26:132,1
أمما,2,3913,7:160,1
أمنة,2,3914,3:154,2
أموات,2,3915,2:154,2
أمواتا,2,3916,2:28,2
أموالا,2,3917,9:69,2
أموالنا,2,3918,11:87,2
أنبياء,2,3919,2:91,2
أنجينا,2,3920,7:165,2
أنجيناكم,2,3921,7:141,2
أنشأ,2,3922,6:141,2
أنصاري,2,3923,3:52,2
أنعاما,2,3924,25:49,2
أنفسنا,2,3925,6:130,2
أنفسهن,2,3926,2:234,1
أنفق,2,3927,18:42,2
أنهارا,2,3928,27:61,2
أنهما,2,3929,5:107,2
أنيب,2,3930,11:88,2
أهذا,2,3931,21:36,2
أهلنا,2,3932,12:65,2
أهلي,2,3933,11:45,2
أوآباؤنا,2,3934,37:17,2
أوتيته,2,3935,28:78,2
أوثانا,2,3936,29:17,1
أورثتموها,2,3937,7:43,2
أوزارهم,2,3938,6:31,2
أوزعني,2,3939,27:19,2
أوعجبتم,2,3940,7:63,1
أولاء,2,3941,3:119,2
أولادهن,2,3942,2:233,2
أولياءه,2,3943,3:175,2
أولياؤهم,2,3944,2:257,2
أوليس,2,3945,29:10,2
أومن,2,3946,6:122,2
أيتها,2,3947,12:70,2
أيدي,2,3948,30:41,2
أيدينا,2,3949,19:64,2
أيمانهن,2,3950,24:31,2
إخوانا,2,3951,3:103,2
إصلاح,2,3952,2:220,2
إصلاحا,2,3953,2:228,2
إصلاحها,2,3954,7:56,1
إطعام,2,3955,5:89,2
إفكهم,2,3956,37:151,2
إلهك,2,3957,2:133,2
إلهه,2,3958,25:43,2
إلهين,2,3959,5:116,2
إليهن,2,3960,12:31,1
إملاق,2,3961,6:151,2
إياكم,2,3962,34:24,1
إيانا,2,3963,10:28,2
إيمانه,2,3964,16:106,2
ائت,2,3965,10:15,2
ائتوا,2,3966,20:64,2
ابتغى,2,3967,23:7,2
ابتلاه,2,3968,89:15,1
ابنوا,2,3969,18:21,2
ابني,2,3970,5:27,2
اتق,2,3971,2:206,2
اثنتا,2,3972,2:60,2
اجتباه,2,3973,16:121,2
اجتنبوا,2,3974,39:17,2
اجعلني,2,3975,12:55,2
احكم,2,3976,5:49,2
اختلاف,2,3977,10:6,2
اختلف,2,3978,2:213,2
اخرج,2,3979,7:18,2
ادخلوها,2,3980,15:46,2
ادفع,2,3981,23:96,2
اذهبا,2,3982,20:43,2
اذهبوا,2,3983,12:87,1
ارتبتم,2,3984,5:106,2
اركعوا,2,3985,22:77,2
ازدادوا,2,3986,3:90,2
استجيبوا,2,3987,8:24,2
استحبوا,2,3988,9:23,2
استعينوا,2,3989,2:153,2
استغفر,2,3990,9:80,2
استغنى,2,3991,80:5,2
استكانوا,2,3992,3:146,2
استكبارا,2,3993,35:43,2
استمتع,2,3994,6:128,2
استمسك,2,3995,2:256,2
استيسر,2,3996,2:196,1
اسكن,2,3997,2:35,2
اسكنوا,2,3998,7:161,2
اشتراه,2,3999,2:102,2
اشتملت,2,4000,6:143,1
اشكر,2,4001,31:12,1
اصلوها,2,4002,36:64,2
افتراء,2,4003,6:138,1
افتريته,2,4004,11:35,2
اقتتلوا,2,4005,2:253,2
اقترب,2,4006,7:185,2
اكتسبوا,2,4007,4:32,2
الآزفة,2,4008,40:18,2
الأبواب,2,4009,12:23,2
الأخسرون,2,4010,11:22,2
الأخيار,2,4011,38:47,1
الأدنى,2,4012,7:169,2
الأزواج,2,4013,36:36,2
الأسفلين,2,4014,37:98,2
الأسواق,2,4015,25:7,1
الأشقى,2,4016,87:11,2
الأشهاد,2,4017,11:18,2
الأصفاد,2,4018,14:49,2
الأصوات,2,4019,20:108,2
الأعراف,2,4020,7:46,1
الأعرج,2,4021,24:61,2
الأعلون,2,4022,3:139,2
الأعين,2,4023,40:19,2
الأكمه,2,4024,3:49,2
الأمن,2,4025,4:83,2
الأمي,2,4026,7:157,1
الأميين,2,4027,3:75,2
الأنباء,2,4028,28:66,2
الأنثى,2,4029,53:21,1
الأنفال,2,4030,8:1,1
الأوتاد,2,4031,38:12,2
الأول,2,4032,50:15,2
الأيام,2,4033,3:140,2
الأيمان,2,4034,5:89,2
الإبل,2,4035,6:144,2
الإحسان,2,4036,55:60,1
البأس,2,4037,2:177,2
البأساء,2,4038,2:177,1
الباقين,2,4039,26:120,2
البحار,2,4040,81:6,2
البرية,2,4041,98:6,1
البشر,2,4042,19:26,2
البنون,2,4043,37:149,2
البينة,2,4044,98:1,1
التابوت,2,4045,2:248,2
التنور,2,4046,11:40,2
الثلث,2,4047,4:11,1
الثواب,2,4048,3:195,2
الجاهلون,2,4049,25:63,2
الجب,2,4050,12:10,1
الجبل,2,4051,7:143,1
الجلال,2,4052,55:27,1
الجنتين,2,4053,18:33,2
الحرب,2,4054,8:57,2
الحزن,2,4055,12:84,2
الحطمة,2,4056,104:4,1
الحلم,2,4057,24:58,1
الحناجر,2,4058,33:10,2
الخائنين,2,4059,8:58,2
الخالقون,2,4060,52:35,2
الخالقين,2,4061,23:14,2
الخبائث,2,4062,7:157,2
الخسران,2,4063,22:11,2
الخصام,2,4064,2:204,2
الخطاب,2,4065,38:20,1
الخلاق,2,4066,15:86,2
الخوالف,2,4067,9:87,1
الخيرة,2,4068,28:68,2
الخيط,2,4069,2:187,1
الدرجات,2,4070,20:75,2
الدمع,2,4071,5:83,2
الدهر,2,4072,45:24,2
الدواب,2,4073,8:22,1
الذلة,2,4074,2:61,2
الذنوب,2,4075,3:135,2
الذهب,2,4076,3:14,2
الراكعين,2,4077,2:43,2
الربع,2,4078,4:12,1
الرجيم,2,4079,3:36,2
الرس,2,4080,25:38,2
الرشاد,2,4081,40:29,1
الرضاعة,2,4082,2:233,2
الزبر,2,4083,54:43,1
الزقوم,2,4084,37:62,2
الزوجين,2,4085,53:45,2
الزور,2,4086,22:30,2
الساحر,2,4087,20:69,2
السامري,2,4088,20:85,1
السحاب,2,4089,13:12,2
السحت,2,4090,5:62,1
السر,2,4091,20:7,2
السكينة,2,4092,48:4,1
السموم,2,4093,15:27,2
السنين,2,4094,10:5,2
السيئ,2,4095,35:43,1
الشجر,2,4096,16:68,2
الشديد,2,4097,10:70,2
الشهادة,2,4098,2:283,2
الشهداء,2,4099,2:282,1
الصابرون,2,4100,28:80,2
الصادقون,2,4101,49:15,2
الصاغرين,2,4102,7:13,2
الصبح,2,4103,11:81,1
الصواعق,2,4104,2:19,2
الطلاق,2,4105,2:227,1
الطوفان,2,4106,7:133,2
الطول,2,4107,9:86,2
الظالم,2,4108,4:75,2
العادون,2,4109,23:7,2
العباد,2,4110,36:30,2
العبد,2,4111,38:30,1
العتيق,2,4112,22:29,1
العدة,2,4113,2:185,2
العفو,2,4114,2:219,2
العقبة,2,4115,90:11,1
العلى,2,4116,20:4,1
العنكبوت,2,4117,29:41,1
العهد,2,4118,17:34,2
العير,2,4119,12:70,1
الغائط,2,4120,4:43,2
الغافلون,2,4121,7:179,2
الغافلين,2,4122,7:205,2
الغاوين,2,4123,7:175,2
الغيث,2,4124,31:34,2
الفجار,2,4125,82:14,2
الفحشاء,2,4126,16:90,2
الفردوس,2,4127,18:107,2
الفواحش,2,4128,6:151,2
القاسطون,2,4129,72:14,1
القاهر,2,4130,6:18,1
القدوس,2,4131,59:23,2
القديم,2,4132,12:95,2
القصاص,2,4133,2:178,1
القواعد,2,4134,2:127,2
الكافر,2,4135,25:55,2
الكبرياء,2,4136,10:78,2
الكعبة,2,4137,5:95,1
الكفل,2,4138,21:85,2
الكواكب,2,4139,37:6,2
اللؤلؤ,2,4140,55:22,2
اللائي,2,4141,33:4,2
اللطيف,2,4142,6:103,2
اللغو,2,4143,23:3,2
الماكرين,2,4144,3:54,2
المثل,2,4145,16:60,2
المجيد,2,4146,50:1,2
المحضرين,2,4147,28:61,2
المريض,2,4148,24:61,2
المساجد,2,4149,2:187,2
المستعان,2,4150,12:18,2
المسحرين,2,4151,26:153,1
المشارق,2,4152,37:5,2
المشرقين,2,4153,43:38,2
المصدقين,2,4154,37:52,2
المصلحين,2,4155,7:170,2
المصلين,2,4156,70:22,2
المضاجع,2,4157,4:34,2
المعلوم,2,4158,15:38,2
المغفرة,2,4159,53:32,2
المقدس,2,4160,20:12,2
المكر,2,4161,13:42,2
المكرمين,2,4162,36:27,2
المكيال,2,4163,11:84,1
الملإ,2,4164,2:246,2
المنتهى,2,4165,53:14,1
المنزلين,2,4166,12:59,2
المنير,2,4167,3:184,2
المهاجرين,2,4168,9:100,2
المهتد,2,4169,17:97,2
المهتدين,2,4170,6:56,2
المهين,2,4171,34:14,2
الموج,2,4172,10:22,2
النبوة,2,4173,29:27,2
النبيون,2,4174,2:136,2
النخل,2,4175,6:99,2
النخلة,2,4176,19:23,1
الندامة,2,4177,10:54,2
النذير,2,4178,15:89,2
النشور,2,4179,35:9,2
النصير,2,4180,8:40,2
النمل,2,4181,27:18,1
النهى,2,4182,20:54,1
الوارثون,2,4183,15:23,2
الواقعة,2,4184,56:1,2
الوثقى,2,4185,2:256,2
الوجوه,2,4186,18:29,2
الودق,2,4187,24:43,2
الوسيلة,2,4188,5:35,2
الوصية,2,4189,2:180,2
الوعيد,2,4190,20:113,2
الوقت,2,4191,15:38,2
الولدان,2,4192,4:127,2
الولي,2,4193,42:9,1
امرأتك,2,4194,11:81,2
امرأتي,2,4195,19:5,1
امكثوا,2,4196,20:10,2
انشقت,2,4197,55:37,2
انطلقوا,2,4198,77:29,1
انقلبتم,2,4199,3:144,2
اهتزت,2,4200,22:5,2
بآبائنا,2,4201,44:36,2
بآلهتنا,2,4202,21:59,1
بأربعة,2,4203,24:4,1
بأسا,2,4204,4:84,2
بأسكم,2,4205,16:81,2
بأسمائهم,2,4206,2:33,1
بأعلم,2,4207,6:53,2
بأفواهكم,2,4208,24:15,2
بألسنتهم,2,4209,4:46,2
بأمر,2,4210,19:64,2
بأمرنا,2,4211,21:73,2
بأموال,2,4212,17:6,2
بأنا,2,4213,3:52,1
بأنفسهن,2,4214,2:228,1
بأنه,2,4215,40:12,2
بأهله,2,4216,28:29,2
بأي,2,4217,31:34,2
بأيديكم,2,4218,2:195,2
بإسحاق,2,4219,11:71,2
باء,2,4220,3:162,2
بابا,2,4221,15:14,2
باخع,2,4222,18:6,2
بارئكم,2,4223,2:54,1
بارد,2,4224,38:42,2
باطلا,2,4225,3:191,2
باقية,2,4226,43:28,2
بال,2,4227,12:50,2
بالآيات,2,4228,17:59,1
بالأفق,2,4229,53:7,2
بالأنثى,2,4230,2:178,2
بالبأساء,2,4231,6:42,2
بالبخل,2,4232,4:37,2
بالبر,2,4233,2:44,2
بالبشرى,2,4234,11:69,2
بالبنين,2,4235,17:40,2
بالحكمة,2,4236,16:125,2
بالخير,2,4237,10:11,2
بالساعة,2,4238,25:11,1
بالشر,2,4239,17:11,2
بالصالحين,2,4240,12:101,2
بالصدق,2,4241,39:32,1
بالعدوة,2,4242,8:42,1
بالعراء,2,4243,37:145,2
بالعروة,2,4244,2:256,2
بالغ,2,4245,5:95,2
بالغة,2,4246,54:5,2
بالغداة,2,4247,6:52,2
بالقرآن,2,4248,20:114,2
بالقسطاس,2,4249,17:35,2
بالمتقين,2,4250,3:115,2
بالمجرمين,2,4251,37:34,2
بالمفسدين,2,4252,3:63,2
بالمودة,2,4253,60:1,1
بالنفس,2,4254,5:45,2
بالنهار,2,4255,6:60,2
بالهم,2,4256,47:2,1
باليمين,2,4257,37:93,2
باليوم,2,4258,4:38,2
ببعيد,2,4259,11:83,1
ببني,2,4260,7:138,2
ببينة,2,4261,7:105,2
بتأويل,2,4262,12:44,2
بتابع,2,4263,2:145,1
بجانب,2,4264,28:44,1
بجانبه,2,4265,17:83,2
بجنود,2,4266,9:40,2
بجهازهم,2,4267,12:59,1
بجهنم,2,4268,4:55,2
بحبل,2,4269,3:103,1
بحفيظ,2,4270,6:104,2
بحور,2,4271,44:54,2
بخارجين,2,4272,2:167,2
بخبر,2,4273,27:7,2
بخلاقهم,2,4274,9:69,1
بخلق,2,4275,14:19,2
بخلوا,2,4276,3:180,2
بدا,2,4277,6:28,2
بدت,2,4278,3:118,2
بدله,2,4279,2:181,2
بدلوا,2,4280,14:28,2
بديع,2,4281,2:117,2
بذنبهم,2,4282,67:11,2
بذنوب,2,4283,17:17,2
براءة,2,4284,9:1,2
بربنا,2,4285,20:73,2
برحمتك,2,4286,10:86,2
برحمته,2,4287,2:105,2
بردا,2,4288,21:69,2
برزخ,2,4289,23:100,2
برزوا,2,4290,2:250,2
بروجا,2,4291,15:16,2
بريح,2,4292,10:22,2
بزعمهم,2,4293,6:136,1
بزينة,2,4294,24:60,2
بسطة,2,4295,2:247,2
بسورة,2,4296,2:23,2
بشركائهم,2,4297,30:13,2
بشير,2,4298,5:19,1
بصيرة,2,4299,12:108,2
بضاعتهم,2,4300,12:62,1
بضع,2,4301,12:42,2
بطارد,2,4302,11:29,2
بطشا,2,4303,43:8,2
بطشتم,2,4304,26:130,1
بطن,2,4305,6:151,2
بطنه,2,4306,24:45,2
بطونها,2,4307,16:69,2
بظلمهم,2,4308,4:153,2
بعبادتهم,2,4309,19:82,2
بعثناهم,2,4310,18:12,1
بعجل,2,4311,11:69,2
بعدت,2,4312,9:42,2
بعشر,2,4313,7:142,2
بعهده,2,4314,3:76,2
بعولتهن,2,4315,24:31,1
بعير,2,4316,12:65,1
بعيسى,2,4317,5:46,2
بفاكهة,2,4318,38:51,2
بقرات,2,4319,12:43,1
بقطع,2,4320,11:81,2
بكلمات,2,4321,2:124,2
بكلمة,2,4322,3:39,1
بلاغ,2,4323,14:52,2
بلد,2,4324,16:7,2
بلسان,2,4325,14:4,2
بلسانك,2,4326,19:97,2
بلغن,2,4327,2:234,2
بلغوا,2,4328,4:6,2
بمبعوثين,2,4329,6:29,2
بمثله,2,4330,17:88,2
بمجنون,2,4331,68:2,2
بمسبوقين,2,4332,56:60,2
بمصابيح,2,4333,41:12,2
بناتي,2,4334,11:78,2
بناها,2,4335,79:27,2
بنبإ,2,4336,27:22,2
بنعمت,2,4337,31:31,2
بنيانا,2,4338,18:21,2
بنيانه,2,4339,9:109,1
بنيانهم,2,4340,9:110,2
بنين,2,4341,6:100,2
بنيناها,2,4342,50:6,2
بهيج,2,4343,22:5,2
بوأنا,2,4344,10:93,2
بوجوهكم,2,4345,4:43,2
بورا,2,4346,25:18,2
بيتا,2,4347,29:41,2
بيتك,2,4348,8:5,2
بيد,2,4349,3:73,2
بيدك,2,4350,3:26,2
بيض,2,4351,35:27,2
بيمينك,2,4352,20:17,2
بينك,2,4353,17:45,2
بينه,2,4354,24:43,2
بينها,2,4355,3:30,2
بيوتكن,2,4356,33:33,1
بيوتهم,2,4357,27:52,2
تأتهم,2,4358,7:203,2
تأتيكم,2,4359,7:187,2
تأخذوا,2,4360,2:229,2
تأخر,2,4361,2:203,2
تأذن,2,4362,7:167,2
تأس,2,4363,5:26,1
تألمون,2,4364,4:104,1
تأمنه,2,4365,3:75,1
تأويلا,2,4366,4:59,2
تؤتي,2,4367,3:26,2
تؤمر,2,4368,15:94,2
تؤمرون,2,4369,2:68,2
تارة,2,4370,17:69,2
تبتئس,2,4371,11:36,2
تبتغوا,2,4372,2:198,2
تبتغي,2,4373,6:35,2
تبتم,2,4374,2:279,2
تبد,2,4375,5:101,1
تبدل,2,4376,14:48,2
تبديل,2,4377,10:64,2
تبرأ,2,4378,2:166,2
تبطلوا,2,4379,2:264,2
تبعا,2,4380,14:21,2
تتبيرا,2,4381,17:7,2
تتقوا,2,4382,3:28,2
تتوفاهم,2,4383,16:28,1
تجادل,2,4384,4:107,2
تجدوه,2,4385,2:110,2
تجزى,2,4386,40:17,2
تجزي,2,4387,2:48,1
تجعلني,2,4388,7:150,2
تجلى,2,4389,7:143,2
تجهر,2,4390,17:110,2
تحاجون,2,4391,3:65,1
تحزنون,2,4392,7:49,2
تحزني,2,4393,19:24,2
تحصوها,2,4394,14:34,2
تحط,2,4395,18:68,2
تحل,2,4396,2:230,2
تحمله,2,4397,2:248,2
تحملون,2,4398,23:22,2
تحية,2,4399,24:61,2
تحيتهم,2,4400,14:23,2
تخاطبني,2,4401,11:37,2
تخزون,2,4402,11:78,2
تخشوهم,2,4403,2:150,2
تخفون,2,4404,5:15,2
تخفي,2,4405,3:118,2
تدرسون,2,4406,3:79,2
تدعونا,2,4407,11:62,2
تدعونني,2,4408,40:42,1
تدميرا,2,4409,17:16,2
تذرن,2,4410,71:23,1
تذكر,2,4411,12:85,2
تذكروا,2,4412,7:201,2
تراض,2,4413,2:233,2
تراني,2,4414,7:143,1
ترتيلا,2,4415,25:32,2
ترجف,2,4416,73:14,2
تردن,2,4417,33:28,1
تردون,2,4418,9:94,2
ترضاه,2,4419,27:19,2
ترضى,2,4420,2:120,2
تركت,2,4421,12:37,2
تركتم,2,4422,4:12,1
تركن,2,4423,4:12,2
تركوا,2,4424,4:9,2
ترهقهم,2,4425,68:43,2
تروا,2,4426,31:20,2
ترون,2,4427,8:48,2
تزد,2,4428,71:24,1
تسؤهم,2,4429,3:120,2
تسبق,2,4430,15:5,2
تستوي,2,4431,13:16,2
تسجد,2,4432,7:12,2
تسرفوا,2,4433,6:141,2
تسعة,2,4434,27:48,2
تسقط,2,4435,6:59,2
تسليما,2,4436,4:65,2
تسمعون,2,4437,8:20,2
تشاءون,2,4438,76:30,2
تشابه,2,4439,2:70,2
تشربون,2,4440,23:33,2
تشقق,2,4441,25:25,2
تصبك,2,4442,9:50,1
تصديق,2,4443,10:37,2
تصرفون,2,4444,10:32,2
تصطلون,2,4445,27:7,2
تصل,2,4446,9:84,2
تضل,2,4447,2:282,2
تضلوا,2,4448,4:44,1
تطعهما,2,4449,29:8,2
تطوع,2,4450,2:158,1
تظاهرا,2,4451,28:48,2
تظاهرون,2,4452,2:85,2
تعدون,2,4453,22:47,2
تعذبهم,2,4454,5:118,2
تعرف,2,4455,22:72,2
تعضلوهن,2,4456,2:232,2
تعلوا,2,4457,27:31,2
تعمى,2,4458,22:46,1
تعودوا,2,4459,8:19,2
تغرنكم,2,4460,31:33,2
تغلوا,2,4461,4:171,2
تفترون,2,4462,10:59,2
تفجيرا,2,4463,17:91,2
تفرحون,2,4464,27:36,2
تفضيلا,2,4465,17:21,1
تفيض,2,4466,5:83,2
تفيضون,2,4467,10:61,2
تقاتلوا,2,4468,2:246,2
تقاتلون,2,4469,4:75,2
تقدروا,2,4470,5:34,2
تقديرا,2,4471,25:2,2
تقربا,2,4472,2:35,2
تقعدوا,2,4473,4:140,2
تقلبهم,2,4474,16:46,2
تقم,2,4475,9:84,1
تقوموا,2,4476,4:127,2
تقوى,2,4477,9:109,2
تقيكم,2,4478,16:81,1
تكلف,2,4479,2:233,2
تكونا,2,4480,7:20,1
تلبسونها,2,4481,16:14,2
تلقي,2,4482,7:115,2
تمترون,2,4483,6:2,2
تمتع,2,4484,2:196,2
تمدن,2,4485,15:88,2
تمسنا,2,4486,2:80,2
تمش,2,4487,17:37,2
تمشي,2,4488,20:40,2
تملك,2,4489,5:41,2
تملكون,2,4490,17:100,2
تمنوا,2,4491,28:82,2
تمنون,2,4492,3:143,2
تموت,2,4493,3:145,2
تموتن,2,4494,2:132,2
تمور,2,4495,52:9,2
تميلوا,2,4496,4:27,1
تنتهوا,2,4497,8:19,2
تنذر,2,4498,35:18,2
تنذرهم,2,4499,2:6,2
تنسى,2,4500,20:126,2
تنطقون,2,4501,37:92,2
تنفروا,2,4502,9:39,1
تنفقون,2,4503,2:267,1
تنكحوهن,2,4504,4:127,2
تهتدوا,2,4505,2:135,2
تهتز,2,4506,27:10,2
تهوي,2,4507,14:37,2
تواب,2,4508,24:10,2
توبة,2,4509,4:92,2
توفى,2,4510,2:281,2
تولوهم,2,4511,8:15,2
تيسر,2,4512,73:20,1
ثاني,2,4513,9:40,2
ثعبان,2,4514,7:107,2
ثقفتموهم,2,4515,2:191,2
ثقفوا,2,4516,3:112,2
ثقيلا,2,4517,73:5,2
ثلة,2,4518,56:13,1
ثياب,2,4519,22:19,2
ثيابهم,2,4520,11:5,2
جئتم,2,4521,10:81,2
جئتمونا,2,4522,6:94,2
جئتنا,2,4523,7:129,2
جئتهم,2,4524,5:110,2
جاءها,2,4525,27:8,2
جاعل,2,4526,2:30,2
جاهداك,2,4527,29:8,2
جبارين,2,4528,5:22,2
جبال,2,4529,24:43,2
جثيا,2,4530,19:68,1
جحيم,2,4531,56:94,2
جدلا,2,4532,18:54,2
جديدا,2,4533,17:49,1
جزءا,2,4534,2:260,2
جزيناهم,2,4535,6:146,2
جعلناكم,2,4536,2:143,2
جعلناهم,2,4537,21:8,1
جلدة,2,4538,24:2,1
جلود,2,4539,16:80,2
جلودهم,2,4540,4:56,2
جميل,2,4541,12:18,1
جنب,2,4542,28:11,2
جنبا,2,4543,4:43,2
جنتك,2,4544,18:39,1
جنتين,2,4545,18:32,2
جنوبهم,2,4546,3:191,2
جهادا,2,4547,25:52,2
جهزهم,2,4548,12:59,1
جوع,2,4549,88:7,2
جيبك,2,4550,27:12,2
حاش,2,4551,12:31,1
حاضرة,2,4552,2:282,2
حافظون,2,4553,23:5,2
حامية,2,4554,88:4,2
حب,2,4555,3:14,2
حبالهم,2,4556,20:66,2
حبل,2,4557,50:16,2
حبه,2,4558,2:177,2
حج,2,4559,2:158,2
حجابا,2,4560,17:45,2
حجتهم,2,4561,42:16,2
حجر,2,4562,6:138,2
حدائق,2,4563,27:60,2
حديد,2,4564,22:21,2
حذر,2,4565,2:19,1
حذركم,2,4566,4:71,1
حرثكم,2,4567,2:223,2
حرجا,2,4568,4:65,2
حرقوه,2,4569,21:68,2
حرير,2,4570,22:23,2
حسابه,2,4571,23:117,2
حسابيه,2,4572,69:20,1
حسان,2,4573,55:70,1
حسبانا,2,4574,6:96,2
حسبك,2,4575,8:62,1
حسبهم,2,4576,9:68,2
حسبي,2,4577,9:129,2
حسرات,2,4578,2:167,2
حشر,2,4579,46:6,2
حصيدا,2,4580,10:24,2
حطة,2,4581,2:58,2
حملا,2,4582,7:189,2
حملت,2,4583,6:146,2
حملها,2,4584,22:2,2
حملهن,2,4585,65:4,1
حنفاء,2,4586,22:31,2
حول,2,4587,19:68,2
حولكم,2,4588,9:101,2
حولهم,2,4589,9:120,2
حي,2,4590,8:42,2
خائفا,2,4591,28:18,1
خائنة,2,4592,5:13,2
خاسئين,2,4593,2:65,2
خاطئين,2,4594,12:97,2
خبالا,2,4595,3:118,2
خبرا,2,4596,18:68,1
خبيثة,2,4597,14:26,1
خذوه,2,4598,44:47,2
خر,2,4599,22:31,2
خرجا,2,4600,18:94,2
خرجت,2,4601,2:149,1
خردل,2,4602,21:47,2
خروا,2,4603,19:58,2
خصمان,2,4604,22:19,2
خصيم,2,4605,16:4,2
خضرا,2,4606,6:99,2
خطأ,2,4607,4:92,1
خطاياكم,2,4608,2:58,2
خطايانا,2,4609,20:73,2
خطبكم,2,4610,15:57,2
خلا,2,4611,2:76,2
خلال,2,4612,14:31,2
خلاله,2,4613,24:43,2
خلالها,2,4614,17:91,2
خلف,2,4615,7:169,2
خلقتني,2,4616,7:12,2
خلقك,2,4617,18:37,2
خلقهن,2,4618,41:37,2
خليفة,2,4619,2:30,2
خمرا,2,4620,12:36,1
خمسة,2,4621,18:22,2
خمسين,2,4622,29:14,2
خوار,2,4623,7:148,2
داخرون,2,4624,16:48,2
داخرين,2,4625,27:87,2
داعي,2,4626,46:31,1
دافع,2,4627,52:8,2
دامت,2,4628,11:107,1
دانية,2,4629,6:99,2
دخل,2,4630,3:37,2
دخلا,2,4631,16:92,1
دعاكم,2,4632,8:24,2
دعانا,2,4633,10:12,2
دعوتهم,2,4634,71:7,1
دفع,2,4635,2:251,2
دمرنا,2,4636,26:172,2
دونك,2,4637,16:86,2
دونهما,2,4638,18:93,2
دينه,2,4639,2:217,2
ديني,2,4640,10:104,2
ذاقوا,2,4641,6:148,2
ذرأ,2,4642,6:136,2
ذرأكم,2,4643,23:79,2
ذرعا,2,4644,11:77,2
ذرهم,2,4645,6:91,2
ذريتهما,2,4646,37:113,2
ذكرنا,2,4647,18:28,2
ذكره,2,4648,74:55,2
ذمة,2,4649,9:8,1
ذنب,2,4650,26:14,2
ذنوبهم,2,4651,5:49,2
ذوا,2,4652,5:95,1
ذوي,2,4653,2:177,2
رءوس,2,4654,2:279,2
رءوسكم,2,4655,2:196,2
رآها,2,4656,27:10,2
رأفة,2,4657,24:2,2
رأوه,2,4658,46:24,2
رؤياي,2,4659,12:43,1
رئاء,2,4660,2:264,2
رابعهم,2,4661,18:22,2
راعون,2,4662,23:8,2
راغبون,2,4663,9:59,2
راودته,2,4664,12:32,1
ربا,2,4665,6:164,2
رجالكم,2,4666,2:282,2
رجع,2,4667,7:150,2
رجعتم,2,4668,2:196,2
رجعوا,2,4669,9:122,2
رحبت,2,4670,9:25,1
ردت,2,4671,12:65,1
ردوها,2,4672,4:86,2
رسالته,2,4673,5:67,2
رسولكم,2,4674,2:108,2
رسولهم,2,4675,10:47,2
رصدا,2,4676,72:9,1
رضوانه,2,4677,5:16,2
رفع,2,4678,13:2,2
رقيب,2,4679,11:93,2
رقيبا,2,4680,4:1,2
رميت,2,4681,8:17,1
رهقا,2,4682,72:6,1
روحي,2,4683,15:29,2
زاغت,2,4684,33:10,2
زبر,2,4685,18:96,2
زبورا,2,4686,4:163,2
زجرة,2,4687,37:19,2
زخرف,2,4688,6:112,2
زدناهم,2,4689,16:88,2
زعيم,2,4690,12:72,2
زفير,2,4691,11:106,2
زكاة,2,4692,18:81,2
زلفى,2,4693,34:37,2
زمرا,2,4694,39:71,1
سأريكم,2,4695,7:145,2
سألتكم,2,4696,10:72,2
سابق,2,4697,35:32,2
سادسهم,2,4698,18:22,2
سافلها,2,4699,11:82,2
ساهون,2,4700,51:11,2
سباتا,2,4701,25:47,2
سبحا,2,4702,73:7,2
سبعا,2,4703,15:87,2
سبعين,2,4704,7:155,2
سبقكم,2,4705,7:80,2
سبقونا,2,4706,46:11,2
سبل,2,4707,5:16,2
سبلنا,2,4708,14:12,2
سبيلك,2,4709,10:88,2
سجين,2,4710,83:7,1
سحاب,2,4711,24:40,2
سخرها,2,4712,22:37,2
سدر,2,4713,34:16,2
سديدا,2,4714,4:9,2
سراحا,2,4715,33:28,1
سراعا,2,4716,50:44,2
سرق,2,4717,12:77,1
سرمدا,2,4718,28:71,1
سرهم,2,4719,9:78,2
سعة,2,4720,2:247,2
سعته,2,4721,4:130,2
سعوا,2,4722,22:51,2
سعيكم,2,4723,76:22,2
سعيهم,2,4724,17:19,2
سفاهة,2,4725,7:66,1
سقفا,2,4726,21:32,2
سقيم,2,4727,37:89,1
سكارى,2,4728,4:43,2
سكن,2,4729,6:13,2
سكنا,2,4730,6:96,2
سلالة,2,4731,23:12,2
سلم,2,4732,8:43,2
سلما,2,4733,6:35,2
سليم,2,4734,26:89,2
سماء,2,4735,11:44,2
سمان,2,4736,12:43,1
سمع,2,4737,3:181,2
سمعا,2,4738,18:101,2
سمعتموه,2,4739,24:12,1
سمعكم,2,4740,6:46,2
سمعه,2,4741,2:181,2
سميا,2,4742,19:7,1
سنبلات,2,4743,12:43,1
سندخلهم,2,4744,4:57,1
سنستدرجهم,2,4745,7:182,2
سنكتب,2,4746,3:181,2
سنلقي,2,4747,3:151,2
سنن,2,4748,3:137,2
سوءة,2,4749,5:31,1
سويته,2,4750,15:29,2
سيء,2,4751,11:77,2
سيئاته,2,4752,64:9,2
سيجزون,2,4753,6:120,2
سيجزيهم,2,4754,6:138,1
سيجعل,2,4755,19:96,2
سيرت,2,4756,13:31,2
سيصيب,2,4757,6:124,2
شئتما,2,4758,2:35,2
شاقوا,2,4759,8:13,2
شاهدين,2,4760,9:17,2
شتى,2,4761,20:53,2
شح,2,4762,59:9,2
شداد,2,4763,12:48,2
شرا,2,4764,24:11,2
شرابا,2,4765,76:21,2
شرح,2,4766,16:106,2
شركاؤهم,2,4767,6:137,2
شركائهم,2,4768,6:136,2
شطره,2,4769,2:144,1
شططا,2,4770,18:14,2
شفا,2,4771,3:103,2
شفاء,2,4772,16:69,2
شفاعتهم,2,4773,36:23,2
شكر,2,4774,27:40,2
شكرتم,2,4775,4:147,2
شنآن,2,4776,5:2,1
شهاب,2,4777,15:18,2
شهادات,2,4778,24:6,1
شهداءكم,2,4779,2:23,2
شهدوا,2,4780,4:15,2
شهرا,2,4781,9:36,2
شهرين,2,4782,4:92,2
شهوة,2,4783,7:81,2
شهودا,2,4784,10:61,2
شيبا,2,4785,19:4,2
شيخا,2,4786,11:72,2
شيطانا,2,4787,4:117,2
صابرا,2,4788,18:69,2
صاحبة,2,4789,6:101,2
صاحبكم,2,4790,53:2,2
صاحبي,2,4791,12:39,1
صاغرون,2,4792,9:29,2
صافات,2,4793,24:41,2
صبر,2,4794,42:43,2
صبرتم,2,4795,13:24,2
صبرنا,2,4796,14:21,2
صبغة,2,4797,2:138,1
صبيا,2,4798,19:12,1
صحفا,2,4799,74:52,2
صدري,2,4800,20:25,2
صدقهم,2,4801,5:119,2
صديقا,2,4802,19:41,1
صرحا,2,4803,28:38,2
صرصرا,2,4804,41:16,2
صغيرا,2,4805,2:282,2
صغيرة,2,4806,9:121,2
صلاة,2,4807,24:58,1
صلح,2,4808,13:23,2
صلى,2,4809,75:31,2
صنوان,2,4810,13:4,1
صوركم,2,4811,40:64,2
صيد,2,4812,5:96,1
ضالين,2,4813,23:106,2
ضحاها,2,4814,79:29,1
ضحى,2,4815,7:98,2
ضرارا,2,4816,2:231,2
ضربا,2,4817,2:273,2
ضلالتهم,2,4818,27:81,2
ضللت,2,4819,6:56,2
ضيف,2,4820,15:51,2
ضيفي,2,4821,11:78,2
ضيق,2,4822,16:127,2
ضيقا,2,4823,6:125,2
طائركم,2,4824,27:47,2
طائف,2,4825,7:201,2
طائفتان,2,4826,3:122,2
طاغون,2,4827,51:53,2
طاغين,2,4828,37:30,2
طاقة,2,4829,2:249,1
طالوت,2,4830,2:247,1
طباقا,2,4831,67:3,2
طرائق,2,4832,23:17,2
طريا,2,4833,16:14,2
طريق,2,4834,4:169,2
طريقا,2,4835,4:168,2
طسم,2,4836,26:1,2
طفلا,2,4837,22:5,2
طلقتموهن,2,4838,2:237,2
طلقها,2,4839,2:230,1
طلوع,2,4840,20:130,2
طهورا,2,4841,25:48,2
طولا,2,4842,4:25,2
طوى,2,4843,20:12,2
طويلا,2,4844,73:7,2
ظالم,2,4845,18:35,2
ظالمي,2,4846,4:97,2
ظاهرا,2,4847,18:22,2
ظاهرة,2,4848,31:20,2
ظاهرين,2,4849,40:29,2
ظلال,2,4850,36:56,2
ظلمتم,2,4851,2:54,2
ظلمه,2,4852,5:39,2
ظلمونا,2,4853,2:57,2
ظنكم,2,4854,37:87,2
ظننا,2,4855,72:5,1
ظهره,2,4856,42:33,2
ظهورها,2,4857,2:189,2
ظهير,2,4858,34:22,2
عادا,2,4859,11:60,2
عاصف,2,4860,10:22,2
عاقرا,2,4861,19:5,1
عاكفون,2,4862,2:187,2
عاكفين,2,4863,20:91,2
عالمين,2,4864,21:51,1
عالية,2,4865,69:22,2
عاليها,2,4866,11:82,2
عاهد,2,4867,9:75,2
عبادا,2,4868,3:79,2
عبس,2,4869,74:22,2
عتوا,2,4870,7:166,2
عتيا,2,4871,19:8,1
عتيد,2,4872,50:18,1
عجاف,2,4873,12:43,1
عجل,2,4874,21:37,2
عجلا,2,4875,7:148,2
عجوز,2,4876,11:72,2
عجوزا,2,4877,26:171,2
عجيب,2,4878,11:72,2
عدا,2,4879,19:84,1
عداوة,2,4880,5:82,2
عدوان,2,4881,2:193,2
عدوكم,2,4882,7:129,2
عدوه,2,4883,28:15,1
عذابها,2,4884,25:65,2
عذب,2,4885,25:53,2
عذت,2,4886,40:27,2
عذرا,2,4887,18:76,2
عربي,2,4888,16:103,2
عرش,2,4889,27:23,2
عرضا,2,4890,9:42,2
عرضها,2,4891,3:133,2
عرفوا,2,4892,2:89,2
عسر,2,4893,54:8,2
عسيتم,2,4894,2:246,2
عشرا,2,4895,20:103,2
عصيا,2,4896,19:14,1
عقيم,2,4897,22:55,2
علمناه,2,4898,12:68,2
عملهم,2,4899,6:108,2
عنتم,2,4900,3:118,2
عوج,2,4901,20:108,2
عورات,2,4902,24:31,1
عيشة,2,4903,69:21,2
عينان,2,4904,55:50,1
عينها,2,4905,20:40,2
عينيك,2,4906,15:88,2
غثاء,2,4907,23:41,2
غرف,2,4908,39:20,1
غشاوة,2,4909,2:7,2
غشيهم,2,4910,20:78,2
غضبان,2,4911,7:150,2
غضبي,2,4912,20:81,1
غلاما,2,4913,18:74,2
غلف,2,4914,2:88,2
غمرة,2,4915,23:63,2
غنمتم,2,4916,8:41,1
غورا,2,4917,18:41,2
غيابت,2,4918,12:10,1
غيري,2,4919,26:29,2
فآتوهن,2,4920,4:24,2
فآمن,2,4921,29:26,2
فآمنا,2,4922,3:193,2
فأتاهم,2,4923,39:25,2
فأتبعهم,2,4924,10:90,2
فأجره,2,4925,9:6,2
فأجمعوا,2,4926,10:71,2
فأحسن,2,4927,40:64,2
فأخاف,2,4928,26:14,2
فأذن,2,4929,7:44,2
فأراد,2,4930,17:103,2
فأصابهم,2,4931,16:34,2
فأصبحتم,2,4932,3:103,2
فأقبل,2,4933,37:50,2
فأقم,2,4934,30:30,1
فألقوه,2,4935,12:93,2
فألقي,2,4936,20:70,2
فأمليت,2,4937,13:32,2
فأن,2,4938,8:41,2
فأنبئكم,2,4939,29:8,2
فأنت,2,4940,80:6,1
فأنساهم,2,4941,58:19,2
فأنظرني,2,4942,15:36,2
فأنه,2,4943,6:54,2
فأهلكوا,2,4944,69:5,1
فأوجس,2,4945,20:67,2
فأوحينا,2,4946,23:27,2
فأي,2,4947,6:81,2
فؤادك,2,4948,11:120,2
فإذ,2,4949,24:13,2
فإلينا,2,4950,10:46,2
فإنكم,2,4951,5:23,2
فإياي,2,4952,16:51,2
فئتين,2,4953,3:13,2
فابعثوا,2,4954,4:35,2
فاتبعوا,2,4955,3:95,2
فاتبعوني,2,4956,3:31,2
فاختلط,2,4957,10:24,2
فادخلوا,2,4958,16:29,2
فادع,2,4959,2:61,2
فادعوا,2,4960,40:14,1
فادعوه,2,4961,7:180,2
فاذهب,2,4962,5:24,2
فارتقب,2,4963,44:10,1
فارجعوا,2,4964,24:28,2
فارهبون,2,4965,2:40,2
فاز,2,4966,3:185,2
فاسألوا,2,4967,16:43,2
فاستغفر,2,4968,38:24,2
فاستغفروا,2,4969,3:135,2
فاستفتهم,2,4970,37:11,1
فاستقيموا,2,4971,9:7,2
فاستمعوا,2,4972,7:204,2
فاستوى,2,4973,48:29,2
فاصبروا,2,4974,7:87,2
فاصفح,2,4975,15:85,2
فاضرب,2,4976,20:77,2
فاعبد,2,4977,39:2,1
فاعبده,2,4978,11:123,2
فاعف,2,4979,3:159,2
فاقتلوا,2,4980,2:54,2
فاقرءوا,2,4981,73:20,1
فاكتبنا,2,4982,3:53,2
فاكهين,2,4983,44:27,2
فالق,2,4984,6:95,1
فالنار,2,4985,11:17,2
فامسحوا,2,4986,4:43,2
فانتشروا,2,4987,33:53,2
فبإذن,2,4988,3:166,2
فبدل,2,4989,2:59,2
فبعث,2,4990,2:213,2
فبعدا,2,4991,23:41,1
فبلغن,2,4992,2:231,1
فتبارك,2,4993,23:14,2
فتثير,2,4994,30:48,2
فتح,2,4995,2:76,2
فتحت,2,4996,21:96,2
فتراه,2,4997,39:21,2
فتصبح,2,4998,18:40,2
فتقبل,2,4999,3:35,2
فتقعد,2,5000,17:22,1
فتكونا,2,5001,2:35,2
فتلقى,2,5002,2:37,2
فتلك,2,5003,27:52,2
فتمتعوا,2,5004,16:55,2
فتمنوا,2,5005,2:94,2
فتنتم,2,5006,20:90,2
فتنقلبوا,2,5007,3:149,2
فتنوا,2,5008,16:110,2
فتوكل,2,5009,3:159,2
فتياتكم,2,5010,4:25,2
فتيمموا,2,5011,4:43,2
فجاءوهم,2,5012,10:74,2
فجاجا,2,5013,21:31,2
فجعل,2,5014,48:27,2
فجعلناها,2,5015,2:66,2
فجعلهم,2,5016,21:58,2
فجمع,2,5017,20:60,2
فحاق,2,5018,6:10,2
فخذوه,2,5019,5:41,2
فخذوهم,2,5020,4:89,1
فخلف,2,5021,7:169,2
فخلقنا,2,5022,23:14,1
فدعا,2,5023,44:22,2
فدعوهم,2,5024,18:52,2
فذروها,2,5025,7:73,2
فرآه,2,5026,35:8,2
فرات,2,5027,25:53,2
فرجها,2,5028,21:91,2
فرح,2,5029,9:81,2
فرضتم,2,5030,2:237,1
فرطنا,2,5031,6:31,1
فرقوا,2,5032,6:159,2
فروجهم,2,5033,24:30,2
فزادتهم,2,5034,9:124,1
فزادهم,2,5035,2:10,2
فزع,2,5036,27:89,2
فسبحه,2,5037,50:40,2
فسجد,2,5038,15:30,2
فسقوا,2,5039,10:33,2
فسنيسره,2,5040,92:7,1
فسواها,2,5041,79:28,2
فسوق,2,5042,2:197,1
فسوى,2,5043,75:38,2
فسيروا,2,5044,3:137,2
فسيعلمون,2,5045,19:75,2
فشاربون,2,5046,56:54,1
فصبر,2,5047,12:18,1
فصدهم,2,5048,27:24,2
فصلناه,2,5049,7:52,2
فضرب,2,5050,47:4,2
فضلتكم,2,5051,2:47,1
فطر,2,5052,6:79,2
فظلموا,2,5053,7:103,2
فعال,2,5054,11:107,2
فعدة,2,5055,2:184,1
فعلتم,2,5056,12:89,2
فعلم,2,5057,48:18,1
فعلن,2,5058,2:234,1
فعميت,2,5059,11:28,2
فعند,2,5060,4:94,1
ففزع,2,5061,27:87,2
فقتله,2,5062,5:30,2
فقدره,2,5063,25:2,2
فقطع,2,5064,6:45,2
فقعوا,2,5065,15:29,2
فقولوا,2,5066,3:64,2
فقير,2,5067,3:181,2
فقيرا,2,5068,4:6,1
فكذب,2,5069,20:56,2
فكذبت,2,5070,12:27,2
فكذبوا,2,5071,34:45,2
فكذبوهما,2,5072,23:48,2
فكشفنا,2,5073,21:84,2
فكلا,2,5074,7:19,2
فكنتم,2,5075,23:66,1
فلأمه,2,5076,4:11,1
فلبث,2,5077,12:42,2
فلعلك,2,5078,11:12,2
فلك,2,5079,21:33,2
فلهن,2,5080,4:11,1
فليأتوا,2,5081,52:34,2
فليستجيبوا,2,5082,2:186,2
فليعمل,2,5083,18:110,2
فليمدد,2,5084,19:75,2
فمال,2,5085,4:78,2
فمالئون,2,5086,37:66,2
فمتاع,2,5087,28:60,2
فمثله,2,5088,2:264,2
فمنكم,2,5089,47:38,2
فنادوا,2,5090,38:3,2
فنادى,2,5091,21:87,2
فنبذناهم,2,5092,28:40,2
فنتبع,2,5093,20:134,2
فنسي,2,5094,20:88,1
فنفخنا,2,5095,21:91,2
فواكه,2,5096,23:19,2
فوج,2,5097,38:59,2
فوجدا,2,5098,18:65,1
فوربك,2,5099,15:92,2
فوسوس,2,5100,7:20,2
فوقه,2,5101,24:40,1
فولوا,2,5102,2:144,1
فيتبعون,2,5103,3:7,2
فيصيب,2,5104,13:13,2
فيضاعفه,2,5105,2:245,2
فيعذبه,2,5106,18:87,2
فيقسمان,2,5107,5:106,1
فيقولوا,2,5108,26:203,2
فيم,2,5109,4:97,2
فيوفيهم,2,5110,3:57,2
قاتلهم,2,5111,9:30,2
قاتلوكم,2,5112,2:191,2
قادر,2,5113,6:37,2
قادرين,2,5114,68:25,2
قارون,2,5115,28:76,1
قالا,2,5116,7:23,2
قالتا,2,5117,28:23,2
قانتات,2,5118,4:34,2
قانتون,2,5119,2:116,2
قبلا,2,5120,6:111,2
قبلتهم,2,5121,2:142,1
قبلنا,2,5122,2:286,2
قبلها,2,5123,13:30,2
قتال,2,5124,2:217,1
قتلنا,2,5125,3:154,2
قتلهم,2,5126,8:17,2
قتلوه,2,5127,4:157,1
قدرا,2,5128,33:38,2
قدرنا,2,5129,15:60,2
قرأت,2,5130,16:98,2
قرئ,2,5131,7:204,2
قرارا,2,5132,27:61,2
قربانا,2,5133,5:27,2
قرة,2,5134,25:74,2
قرح,2,5135,3:140,1
قردة,2,5136,2:65,2
قرنا,2,5137,6:6,2
قرونا,2,5138,23:42,2
قرى,2,5139,34:18,2
قريتكم,2,5140,7:82,2
قرين,2,5141,37:51,2
قرينا,2,5142,4:38,1
قرينه,2,5143,50:23,1
قست,2,5144,2:74,2
قسمة,2,5145,53:22,2
قصاص,2,5146,2:194,2
قصصنا,2,5147,16:118,2
قصورا,2,5148,7:74,2
قضيتم,2,5149,2:200,2
قضينا,2,5150,28:44,2
قطعت,2,5151,13:31,2
قطوفها,2,5152,69:23,2
قلب,2,5153,40:35,2
قم,2,5154,73:2,2
قوارير,2,5155,27:44,2
قوامين,2,5156,4:135,2
قولكم,2,5157,33:4,2
قوله,2,5158,2:204,2
قولوا,2,5159,2:136,2
قولي,2,5160,20:28,1
قيام,2,5161,39:68,2
قيما,2,5162,6:161,2
كأسا,2,5163,52:23,2
كأنهن,2,5164,37:49,2
كاد,2,5165,9:117,2
كاذب,2,5166,11:93,2
كاذبا,2,5167,40:28,1
كاذبة,2,5168,56:2,2
كاشف,2,5169,6:17,2
كالأعلام,2,5170,42:32,2
كالأنعام,2,5171,7:179,2
كالعهن,2,5172,70:9,2
كاملة,2,5173,2:196,2
كانا,2,5174,2:36,2
كبيرة,2,5175,9:121,2
كبيرهم,2,5176,12:80,2
كتابيه,2,5177,69:19,1
كتبت,2,5178,2:79,2
كدت,2,5179,17:74,2
كذابا,2,5180,78:28,1
كذبتم,2,5181,2:87,2
كراما,2,5182,25:72,2
كرسيه,2,5183,2:255,2
كرهوا,2,5184,47:9,1
كسالى,2,5185,4:142,2
كشجرة,2,5186,14:24,1
كشف,2,5187,16:54,2
كفارا,2,5188,2:109,2
كفرنا,2,5189,14:9,2
كفرهم,2,5190,35:39,1
كفوا,2,5191,4:77,2
كفيه,2,5192,13:14,2
كلم,2,5193,2:253,2
كلمح,2,5194,16:77,2
كماء,2,5195,10:24,2
كنتن,2,5196,33:28,1
كهفهم,2,5197,18:17,1
كهيئة,2,5198,3:49,2
كوكبا,2,5199,6:76,2
كيدكن,2,5200,12:28,1
كيده,2,5201,20:60,2
كيدهن,2,5202,12:33,1
كيدي,2,5203,7:183,2
لآبائهم,2,5204,18:5,2
لآت,2,5205,6:134,2
لآتية,2,5206,15:85,2
لآكلون,2,5207,37:66,2
لأحد,2,5208,38:35,2
لأزواجك,2,5209,33:28,1
لأصحاب,2,5210,56:38,2
لأظنك,2,5211,17:101,1
لأظنه,2,5212,28:38,2
لأقطعن,2,5213,7:124,2
لأكفرن,2,5214,3:195,2
لأماناتهم,2,5215,23:8,2
لأنت,2,5216,11:87,2
لأنزل,2,5217,23:24,2
لإبراهيم,2,5218,22:26,2
لإلى,2,5219,3:158,2
لاعبين,2,5220,21:16,2
لافتدوا,2,5221,13:18,2
لامستم,2,5222,4:43,2
لبثنا,2,5223,18:19,2
لبدا,2,5224,72:19,2
لتأكلوا,2,5225,2:188,2
لتبلغوا,2,5226,22:5,2
لتبين,2,5227,16:44,1
لتجري,2,5228,14:32,2
لتسألن,2,5229,16:56,2
لتعودن,2,5230,7:88,2
لتكونن,2,5231,26:116,1
لتكونوا,2,5232,2:143,2
لجعلكم,2,5233,5:48,2
لجعلنا,2,5234,43:33,1
لجعلناه,2,5235,6:9,2
لحم,2,5236,6:145,2
لخبير,2,5237,35:31,2
لخلق,2,5238,30:30,2
لدن,2,5239,11:1,2
لدنه,2,5240,4:40,2
لدى,2,5241,12:25,2
لديه,2,5242,18:91,2
لذة,2,5243,37:46,2
لذكر,2,5244,43:44,2
لذكرى,2,5245,39:21,2
لذهب,2,5246,2:20,2
لربك,2,5247,3:43,2
لربه,2,5248,17:27,2
لربها,2,5249,84:2,1
لرجل,2,5250,33:4,2
لزاما,2,5251,20:129,2
لزلفى,2,5252,38:25,1
لسانا,2,5253,28:34,2
لساني,2,5254,20:27,2
لستم,2,5255,5:68,2
لسميع,2,5256,8:42,2
لسنة,2,5257,33:62,2
لسنت,2,5258,35:43,1
لصاحبه,2,5259,9:40,2
لضالون,2,5260,68:26,2
لعبادي,2,5261,14:31,2
لعفو,2,5262,22:60,2
لعلك,2,5263,20:130,2
لعن,2,5264,5:78,2
لعنا,2,5265,4:47,2
لعنه,2,5266,4:118,2
لغافلين,2,5267,6:156,2
لغني,2,5268,14:8,2
لغوب,2,5269,35:35,2
لفتاه,2,5270,18:60,1
لفرعون,2,5271,26:41,2
لفروجهم,2,5272,23:5,2
لفسدت,2,5273,2:251,2
لقمان,2,5274,31:12,1
لقوا,2,5275,2:14,1
لكبيرة,2,5276,2:45,1
لكبيركم,2,5277,20:71,2
لكفور,2,5278,22:66,2
لكلماته,2,5279,6:115,2
لكنت,2,5280,37:57,2
لكي,2,5281,16:70,2
للأذقان,2,5282,17:107,1
للإسلام,2,5283,6:125,2
للخير,2,5284,50:25,2
للرجال,2,5285,4:7,1
للسائل,2,5286,51:19,2
للسائلين,2,5287,12:7,2
للشمس,2,5288,27:24,2
للطائفين,2,5289,2:125,2
للطاغين,2,5290,38:55,2
للعباد,2,5291,40:31,2
للغيب,2,5292,4:34,2
للكذب,2,5293,5:41,1
للمجرمين,2,5294,25:22,2
للمحسنين,2,5295,31:3,2
للمسرفين,2,5296,10:12,2
للمسلمين,2,5297,16:89,1
للنبي,2,5298,9:113,2
لليسرى,2,5299,87:8,2
لمؤمن,2,5300,4:92,2
لمحضرون,2,5301,37:127,1
لمحيطة,2,5302,9:49,2
لمحيي,2,5303,30:50,2
لمسكم,2,5304,8:68,2
لمهتدون,2,5305,2:70,2
لميقاتنا,2,5306,7:143,1
لنبوئنهم,2,5307,16:41,2
لنفتنهم,2,5308,20:131,2
لهب,2,5309,111:1,1
لهداكم,2,5310,6:149,2
لهدى,2,5311,13:31,2
لهذا,2,5312,7:43,2
لوجدوا,2,5313,4:64,1
لولوا,2,5314,9:57,2
لوليه,2,5315,17:33,2
لونها,2,5316,2:69,1
ليأكلون,2,5317,9:34,2
ليؤمنن,2,5318,4:159,2
ليال,2,5319,19:10,2
ليتنا,2,5320,6:27,2
ليجزيهم,2,5321,9:121,2
ليجمعنكم,2,5322,4:87,2
ليخرجكم,2,5323,33:43,2
ليخرجن,2,5324,24:53,2
ليدحضوا,2,5325,18:56,2
ليدخل,2,5326,48:5,1
ليزدادوا,2,5327,3:178,2
ليست,2,5328,2:113,1
ليسوا,2,5329,3:113,2
ليضلوا,2,5330,10:88,2
ليطهركم,2,5331,5:6,2
ليعبدوا,2,5332,9:31,2
ليعذبهم,2,5333,8:33,2
ليقضي,2,5334,8:42,1
ليقطع,2,5335,3:127,2
ليكونوا,2,5336,19:81,2
لينذركم,2,5337,7:63,1
ليهديهم,2,5338,4:137,1
ليهلك,2,5339,8:42,2
مآبا,2,5340,78:22,1
مؤذن,2,5341,7:44,2
مؤصدة,2,5342,90:20,2
مائتين,2,5343,8:65,1
مائدة,2,5344,5:112,1
مات,2,5345,3:144,2
مبشرا,2,5346,17:105,2
مبعوثون,2,5347,11:7,2
متاعنا,2,5348,12:17,1
متبعون,2,5349,26:52,2
متتابعين,2,5350,4:92,2
مترفوها,2,5351,34:34,2
متشابه,2,5352,6:99,1
متعمدا,2,5353,4:93,2
متكبر,2,5354,40:27,1
متين,2,5355,7:183,2
مثقلون,2,5356,52:40,2
مجرمون,2,5357,44:22,2
مجمع,2,5358,18:60,1
مجيد,2,5359,11:73,2
محجورا,2,5360,25:22,1
محدث,2,5361,21:2,2
محرومون,2,5362,56:67,2
محصنين,2,5363,4:24,2
محله,2,5364,2:196,2
محيطا,2,5365,4:108,1
مختال,2,5366,31:18,2
مخلدون,2,5367,56:17,2
مخلقة,2,5368,22:5,1
مخمصة,2,5369,5:3,2
مد,2,5370,13:3,2
مدا,2,5371,19:75,1
مدبرا,2,5372,27:10,2
مددناها,2,5373,15:19,2
مذموما,2,5374,17:18,1
مرتفقا,2,5375,18:29,1
مرج,2,5376,25:53,2
مرحا,2,5377,17:37,2
مرحبا,2,5378,38:59,1
مرساها,2,5379,7:187,2
مرسل,2,5380,7:75,2
مرسلين,2,5381,28:45,2
مرقوم,2,5382,83:9,1
مزاجها,2,5383,76:5,1
مزيد,2,5384,50:30,1
مسافحين,2,5385,4:24,2
مساكين,2,5386,5:89,1
مستكبرا,2,5387,31:7,2
مستكبرون,2,5388,16:22,2
مستمر,2,5389,54:2,1
مسته,2,5390,11:10,2
مسجد,2,5391,7:29,1
مسجدا,2,5392,9:107,2
مسرف,2,5393,40:28,1
مسرفون,2,5394,7:81,2
مسرورا,2,5395,84:9,1
مسطورا,2,5396,17:58,2
مسكم,2,5397,16:53,2
مسكين,2,5398,2:184,2
مسلما,2,5399,3:67,2
مسنا,2,5400,12:88,2
مسودا,2,5401,16:58,2
مسومة,2,5402,11:83,2
مشتركون,2,5403,37:33,2
مشربهم,2,5404,2:60,2
مشرقين,2,5405,15:73,2
مشرك,2,5406,2:221,2
مشركة,2,5407,2:221,2
مشركون,2,5408,12:106,2
مشكورا,2,5409,17:19,2
مصفوفة,2,5410,52:20,2
مصلحون,2,5411,2:11,2
مضغة,2,5412,22:5,2
مضل,2,5413,28:15,2
مطلع,2,5414,18:90,2
معاذ,2,5415,12:23,1
معايش,2,5416,7:10,2
معجزي,2,5417,9:2,1
معجزين,2,5418,11:20,2
معذبهم,2,5419,7:164,2
معذرتهم,2,5420,30:57,2
معروشات,2,5421,6:141,1
معلومات,2,5422,2:197,2
مغرم,2,5423,52:40,2
مغلولة,2,5424,5:64,2
مغنون,2,5425,14:21,2
مفاتحه,2,5426,24:61,2
مفترى,2,5427,28:36,2
مفروضا,2,5428,4:7,1
مقاعد,2,5429,3:121,2
مقاليد,2,5430,39:63,2
مقاما,2,5431,17:79,2
مقامي,2,5432,10:71,2
مقتدر,2,5433,54:42,1
مقتصد,2,5434,31:32,2
مقداره,2,5435,32:5,2
مقضيا,2,5436,19:21,1
مكناكم,2,5437,7:10,2
ملتحدا,2,5438,18:27,2
ملتنا,2,5439,7:88,2
ملتهم,2,5440,2:120,2
ملجأ,2,5441,9:57,1
ملح,2,5442,25:53,2
ملقون,2,5443,10:80,2
ملوما,2,5444,17:29,1
ملومين,2,5445,23:6,2
مليم,2,5446,37:142,2
ممزق,2,5447,34:7,1
منازل,2,5448,10:5,2
مناع,2,5449,50:25,2
منثورا,2,5450,25:23,2
منزلين,2,5451,3:124,2
منسكا,2,5452,22:34,1
منضود,2,5453,11:82,2
منظرين,2,5454,15:8,2
منقلبون,2,5455,7:125,2
مننا,2,5456,20:37,2
منيبين,2,5457,30:31,1
منير,2,5458,22:8,2
منيرا,2,5459,25:61,2
مهدا,2,5460,20:53,2
مواخر,2,5461,16:14,2
موتتنا,2,5462,37:59,2
موته,2,5463,4:159,2
موتوا,2,5464,2:243,2
موثقا,2,5465,12:66,1
موعدهم,2,5466,11:81,2
موقنين,2,5467,26:24,2
مولانا,2,5468,2:286,2
مولاه,2,5469,16:76,2
مولاهم,2,5470,6:62,2
مولود,2,5471,2:233,2
ميتة,2,5472,6:139,1
ميثاقه,2,5473,2:27,2
ميراث,2,5474,3:180,2
ميقات,2,5475,7:142,2
نأتي,2,5476,13:41,2
نؤتيه,2,5477,4:74,1
نائمون,2,5478,7:97,2
ناصر,2,5479,47:13,2
نافقوا,2,5480,3:167,2
نافلة,2,5481,17:79,2
نباتا,2,5482,3:37,2
نباته,2,5483,7:58,2
نبدل,2,5484,56:61,2
نبشرك,2,5485,15:53,2
نبيهم,2,5486,2:247,1
نتخذ,2,5487,21:17,2
نتخذه,2,5488,12:21,2
نتربص,2,5489,9:52,2
نجانا,2,5490,7:89,2
نجاهم,2,5491,29:65,2
نجني,2,5492,26:169,2
نجواكم,2,5493,58:12,1
نجوى,2,5494,17:47,2
نجيا,2,5495,12:80,2
نحشر,2,5496,19:85,2
نحشرهم,2,5497,6:22,2
نخاف,2,5498,20:45,2
نخرج,2,5499,6:99,2
نخرجكم,2,5500,20:55,2
نخل,2,5501,54:20,2
نخوض,2,5502,9:65,2
ندخلها,2,5503,5:22,1
ندري,2,5504,45:32,2
نذرت,2,5505,3:35,2
نرد,2,5506,6:27,2
نرفع,2,5507,6:83,2
نزد,2,5508,42:20,1
نزله,2,5509,2:97,2
نسائهن,2,5510,24:31,2
نسبا,2,5511,25:54,2
نسفا,2,5512,20:97,1
نسقيكم,2,5513,16:66,2
نسمع,2,5514,43:80,2
نسيتم,2,5515,32:14,2
نصرنا,2,5516,6:34,2
نضربها,2,5517,29:43,2
نضرة,2,5518,76:11,2
نعجة,2,5519,38:23,1
نعد,2,5520,8:19,2
نعمتك,2,5521,27:19,2
نغفر,2,5522,2:58,2
نفر,2,5523,9:122,2
نفرا,2,5524,18:34,2
نفسها,2,5525,16:111,2
نفقة,2,5526,2:270,2
نقاتل,2,5527,2:246,1
نقضهم,2,5528,4:155,2
نقموا,2,5529,9:74,2
نقيرا,2,5530,4:53,1
نك,2,5531,74:43,1
نكاحا,2,5532,24:33,1
نكالا,2,5533,2:66,2
نكثوا,2,5534,9:12,1
نكذب,2,5535,6:27,2
نكفر,2,5536,4:31,2
نكون,2,5537,7:115,2
نمكن,2,5538,6:6,2
نملي,2,5539,3:178,1
نموت,2,5540,23:37,2
ننزل,2,5541,15:8,2
ننقصها,2,5542,13:41,2
نهارا,2,5543,10:24,1
نهلك,2,5544,17:16,2
نهيت,2,5545,6:56,2
نوحيه,2,5546,3:44,2
نورهم,2,5547,57:12,2
هامان,2,5548,28:38,2
هباء,2,5549,25:23,2
هداني,2,5550,6:161,2
هداي,2,5551,2:38,2
هذان,2,5552,20:63,2
هلم,2,5553,6:150,2
همت,2,5554,3:122,2
هوى,2,5555,20:81,2
هين,2,5556,19:9,1
هيهات,2,5557,23:36,1
وآتاكم,2,5558,5:20,2
وآتاني,2,5559,11:28,1
وآتوهم,2,5560,24:33,2
وآتيتم,2,5561,4:20,2
وآثارا,2,5562,40:21,1
وآمنتم,2,5563,4:147,2
وآياته,2,5564,9:65,2
وأبصر,2,5565,19:38,2
وأبناؤكم,2,5566,4:11,2
وأتبعوا,2,5567,11:60,1
وأتوا,2,5568,2:25,1
وأتوني,2,5569,12:93,2
وأجرا,2,5570,33:35,2
وأحسنوا,2,5571,2:195,2
وأحل,2,5572,2:275,2
وأخذ,2,5573,7:150,2
وأخواتكم,2,5574,4:23,1
وأخي,2,5575,5:25,2
وأدبارهم,2,5576,8:50,2
وأذنت,2,5577,84:2,1
وأرجلهم,2,5578,5:33,2
وأرسل,2,5579,7:111,2
وأزلفت,2,5580,26:90,2
وأزواجكم,2,5581,9:24,2
وأشهدوا,2,5582,2:282,2
وأصبح,2,5583,28:10,1
وأطعموا,2,5584,22:28,1
وأطهر,2,5585,2:232,2
وأقام,2,5586,2:177,2
وأقبل,2,5587,37:27,2
وأقرضوا,2,5588,57:18,2
وأقل,2,5589,7:22,2
وأكثر,2,5590,9:69,2
وأكن,2,5591,12:33,2
وألحقني,2,5592,12:101,2
وألق,2,5593,20:69,2
وألقوا,2,5594,4:90,2
وأملي,2,5595,7:183,2
وأنجينا,2,5596,26:65,2
وأنذرهم,2,5597,19:39,2
وأنشأنا,2,5598,6:6,2
وأنعام,2,5599,6:138,1
وأنهارا,2,5600,13:3,2
وأنى,2,5601,34:52,2
وأني,2,5602,2:47,1
وأهليهم,2,5603,39:15,2
وأوتينا,2,5604,27:16,1
وأوحى,2,5605,16:68,2
وأوحي,2,5606,6:19,2
وأوذوا,2,5607,3:195,2
وأورثناها,2,5608,26:59,2
وأولادا,2,5609,9:69,2
وأيدناه,2,5610,2:87,1
وإخوانكم,2,5611,9:23,1
وإخوانهم,2,5612,6:87,2
وإقام,2,5613,21:73,2
وإلا,2,5614,11:47,2
وإله,2,5615,2:133,2
وإلهكم,2,5616,2:163,2
وإنها,2,5617,2:45,2
وابتغ,2,5618,17:110,2
وابتغاء,2,5619,3:7,2
وابعث,2,5620,2:129,2
واتقى,2,5621,3:76,2
واجتنبوا,2,5622,16:36,2
واجعلنا,2,5623,2:128,2
واخشون,2,5624,5:3,1
واد,2,5625,26:225,2
وادع,2,5626,22:67,2
وادعوه,2,5627,7:29,1
واسأل,2,5628,12:82,2
واسألوا,2,5629,4:32,2
واستغنى,2,5630,64:6,2
واسجدوا,2,5631,22:77,2
واسمع,2,5632,4:46,1
واشهد,2,5633,3:52,2
واضمم,2,5634,20:22,2
واعملوا,2,5635,23:51,2
واغلظ,2,5636,9:73,2
واقترب,2,5637,21:97,2
والأبرص,2,5638,3:49,2
والأحبار,2,5639,5:44,1
والأعناب,2,5640,16:11,1
والأنصار,2,5641,9:100,1
والأولاد,2,5642,17:64,2
والإبكار,2,5643,3:41,2
والإكرام,2,5644,55:27,1
والإيمان,2,5645,30:56,2
والباقيات,2,5646,18:46,2
والبغي,2,5647,7:33,2
والتقوى,2,5648,5:2,2
والتوراة,2,5649,3:48,2
والتي,2,5650,21:91,2
والجار,2,5651,4:36,1
والحجارة,2,5652,2:24,2
والحساب,2,5653,10:5,2
والحمد,2,5654,6:45,2
والخامسة,2,5655,24:7,1
والخيل,2,5656,3:14,2
والدار,2,5657,7:169,2
والدواب,2,5658,22:18,2
والدي,2,5659,27:19,2
والركع,2,5660,2:125,2
والرمان,2,5661,6:99,1
والروح,2,5662,70:4,2
والزبر,2,5663,3:184,2
والزكاة,2,5664,19:31,1
والسابقون,2,5665,9:100,2
والساعة,2,5666,45:32,2
والسلام,2,5667,19:33,2
والشجر,2,5668,22:18,2
والشياطين,2,5669,19:68,2
والصابئين,2,5670,2:62,2
والصادقين,2,5671,3:17,2
والصالحين,2,5672,4:69,2
والصبح,2,5673,74:34,2
والطيبات,2,5674,7:32,2
والعشي,2,5675,6:52,2
والفتنة,2,5676,2:191,1
والفحشاء,2,5677,2:169,2
والفرقان,2,5678,2:53,1
والفضة,2,5679,3:14,2
والفلك,2,5680,2:164,2
والفواحش,2,5681,42:37,2
والقانتين,2,5682,3:17,2
والكفار,2,5683,5:57,2
واللائي,2,5684,65:4,1
واللاتي,2,5685,4:15,1
والمؤتفكات,2,5686,9:70,2
والمحروم,2,5687,51:19,2
والمرجان,2,5688,55:22,1
والمستضعفين,2,5689,4:75,1
والمسجد,2,5690,2:217,2
والمسكين,2,5691,17:26,2
والمشركات,2,5692,33:73,2
والملك,2,5693,69:17,2
والنجم,2,5694,53:1,2
والنساء,2,5695,4:75,1
والهدي,2,5696,5:97,2
والولدان,2,5697,4:75,1
واليسع,2,5698,6:86,2
وامرأته,2,5699,11:71,2
وانصرنا,2,5700,2:250,2
وبأيمانهم,2,5701,57:12,2
وباءوا,2,5702,2:61,2
وباطل,2,5703,7:139,2
وبالحق,2,5704,17:105,1
وبرا,2,5705,19:14,1
وبرزت,2,5706,26:91,2
وبرزوا,2,5707,14:21,1
وبشير,2,5708,7:188,2
وبه,2,5709,7:159,1
وتؤمنون,2,5710,3:110,1
وتب,2,5711,2:128,2
وتجعلون,2,5712,41:9,2
وتخرج,2,5713,3:27,1
وتراهم,2,5714,7:198,2
وتزهق,2,5715,9:55,1
وتصريف,2,5716,2:164,2
وتطمئن,2,5717,5:113,2
وتظنون,2,5718,17:52,2
وتفصيل,2,5719,10:37,2
وتفصيلا,2,5720,6:154,2
وتقطعوا,2,5721,21:93,2
وتكونوا,2,5722,12:9,2
وتنحتون,2,5723,7:74,2
وتنذر,2,5724,19:97,2
وتنسون,2,5725,2:44,2
وتوفنا,2,5726,3:193,2
وتولوا,2,5727,9:76,2
وثبت,2,5728,2:250,2
وثلاث,2,5729,4:3,2
وجاءتهم,2,5730,10:13,2
وجاوزنا,2,5731,7:138,2
وجبريل,2,5732,2:98,2
وجدتم,2,5733,7:44,2
وجدتموهم,2,5734,4:89,2
وجدها,2,5735,18:86,1
وجعلناكم,2,5736,17:6,2
وجلت,2,5737,8:2,2
وجمع,2,5738,70:18,2
وجنة,2,5739,3:133,2
وجنودهما,2,5740,28:6,1
وجهها,2,5741,5:108,2
وجهي,2,5742,3:20,2
وجيء,2,5743,39:69,2
وجيها,2,5744,3:45,2
وحفظا,2,5745,37:7,2
وحقت,2,5746,84:2,1
وحيث,2,5747,2:144,1
وختم,2,5748,6:46,2
وخر,2,5749,7:143,2
وخسر,2,5750,40:78,1
وخفية,2,5751,6:63,2
وخلقته,2,5752,7:12,2
ود,2,5753,2:109,2
ودا,2,5754,19:96,2
وراءكم,2,5755,11:92,2
وراءهم,2,5756,18:79,2
ورائه,2,5757,14:16,1
ورباع,2,5758,4:3,2
وربت,2,5759,22:5,2
ورد,2,5760,28:23,2
ورسلا,2,5761,4:164,1
ورسلي,2,5762,18:106,2
ورفاتا,2,5763,17:49,1
ورق,2,5764,7:22,2
وزروع,2,5765,26:148,2
وزكريا,2,5766,6:85,2
وزلزلوا,2,5767,2:214,2
وزنوا,2,5768,17:35,2
وزوجك,2,5769,2:35,2
وزوجناهم,2,5770,44:54,2
وزورا,2,5771,25:4,2
وزيرا,2,5772,20:29,2
وزيناها,2,5773,15:16,2
وزينة,2,5774,16:8,2
وسبحان,2,5775,12:108,2
وسبع,2,5776,12:43,1
وسعت,2,5777,7:156,2
وسعر,2,5778,54:24,1
وسعى,2,5779,2:114,2
وسلاما,2,5780,21:69,2
وسيعلم,2,5781,13:42,2
وسيق,2,5782,39:71,1
وشددنا,2,5783,38:20,2
وشراب,2,5784,38:42,1
وشفاء,2,5785,10:57,2
وشهد,2,5786,12:26,2
وصاحبته,2,5787,70:12,2
وصد,2,5788,2:217,2
وصرفنا,2,5789,20:113,2
وصلوات,2,5790,9:99,2
وصموا,2,5791,5:71,1
وصوركم,2,5792,40:64,2
وصينا,2,5793,4:131,2
وضاق,2,5794,11:77,2
وضاقت,2,5795,9:25,1
وضربت,2,5796,2:61,2
وضعتها,2,5797,3:36,1
وطبع,2,5798,9:87,1
وطرا,2,5799,33:37,1
وطفقا,2,5800,7:22,2
وظل,2,5801,56:30,1
وظللنا,2,5802,2:57,2
وظلموا,2,5803,4:168,2
وعاء,2,5804,12:76,1
وعادا,2,5805,25:38,2
وعتوا,2,5806,7:77,2
وعدكم,2,5807,14:22,2
وعدها,2,5808,9:114,2
وعدهم,2,5809,17:64,2
وعدوكم,2,5810,8:60,2
وعسى,2,5811,2:216,1
وعصوا,2,5812,4:42,2
وعصى,2,5813,20:121,2
وعصينا,2,5814,2:93,2
وعصيهم,2,5815,20:66,2
وعلم,2,5816,2:31,2
وعلمناه,2,5817,18:65,2
وعليه,2,5818,12:67,2
وعهدهم,2,5819,23:8,2
وغرتكم,2,5820,45:35,2
وفار,2,5821,11:40,2
وفتحت,2,5822,39:73,2
وفرحوا,2,5823,10:22,2
وفصاله,2,5824,31:14,2
وفضلناهم,2,5825,17:70,2
وفيكم,2,5826,3:101,2
وقاتلوهم,2,5827,2:193,2
وقارون,2,5828,29:39,2
وقبل,2,5829,20:130,2
وقتلهم,2,5830,3:181,2
وقتلوا,2,5831,3:195,2
وقذف,2,5832,33:26,2
وقر,2,5833,41:5,1
وقضينا,2,5834,15:66,2
وقطعناهم,2,5835,7:160,1
وقعت,2,5836,56:1,2
وقعودا,2,5837,3:191,2
وقفوا,2,5838,6:27,1
وقلن,2,5839,12:31,2
وقنا,2,5840,2:201,2
وقهم,2,5841,40:7,1
وقودها,2,5842,2:24,2
وقومهما,2,5843,23:47,2
وكتبنا,2,5844,5:45,2
وكرها,2,5845,3:83,2
وكرهوا,2,5846,9:81,2
وكفروا,2,5847,9:74,2
وكهلا,2,5848,3:46,2
ولآمرنهم,2,5849,4:119,1
ولأجر,2,5850,12:57,2
ولأصلبنكم,2,5851,20:71,2
ولأنعامكم,2,5852,79:33,2
ولؤلؤا,2,5853,22:23,2
ولباسهم,2,5854,22:23,2
ولتبلغوا,2,5855,40:67,1
ولتطمئن,2,5856,3:126,2
ولتعلمن,2,5857,20:71,2
ولدار,2,5858,12:109,2
ولدان,2,5859,56:17,2
ولدينا,2,5860,23:62,2
ولذي,2,5861,8:41,2
ولسليمان,2,5862,21:81,2
ولسوف,2,5863,92:21,2
ولعنهم,2,5864,9:68,2
ولقاء,2,5865,7:147,2
ولقائه,2,5866,18:105,2
ولكنكم,2,5867,30:56,2
وللآخرة,2,5868,17:21,2
وللنساء,2,5869,4:7,1
ولنبلونكم,2,5870,2:155,2
ولنذيقنهم,2,5871,32:21,2
ولها,2,5872,15:4,2
ولهن,2,5873,2:228,2
ولوالدي,2,5874,14:41,2
وليأخذوا,2,5875,4:102,1
وليتق,2,5876,2:282,1
وليتم,2,5877,5:6,2
وليزيدن,2,5878,5:64,1
وليقولوا,2,5879,4:9,2
وليمحص,2,5880,3:141,1
ولينا,2,5881,7:155,2
ولينذروا,2,5882,9:122,2
وليهم,2,5883,6:127,2
وليي,2,5884,7:196,2
ومأجوج,2,5885,18:94,2
ومأواكم,2,5886,29:25,2
ومثلا,2,5887,24:34,2
ومصدقا,2,5888,3:50,2
ومعصيت,2,5889,58:8,1
ومقام,2,5890,26:58,2
ومقاما,2,5891,25:66,1
ومنا,2,5892,72:11,1
ونأى,2,5893,17:83,2
ونادوا,2,5894,7:46,2
وناديناه,2,5895,19:52,2
ونبئهم,2,5896,15:51,2
ونجعل,2,5897,28:35,2
ونجعلهم,2,5898,28:5,1
ونجواهم,2,5899,9:78,2
ونحيا,2,5900,23:37,2
ونخل,2,5901,26:148,2
ونزع,2,5902,7:108,2
ونسي,2,5903,18:57,2
ونصحت,2,5904,7:79,1
ونصروا,2,5905,8:72,1
ونعلم,2,5906,5:113,2
ونعمة,2,5907,44:27,2
ونفخت,2,5908,15:29,2
ونقص,2,5909,2:155,2
ونقول,2,5910,3:181,2
ونميت,2,5911,15:23,2
ونور,2,5912,5:44,1
وهدوا,2,5913,22:24,1
وهموا,2,5914,9:13,1
وهن,2,5915,19:4,2
ووجدك,2,5916,93:7,1
ووجوه,2,5917,75:24,2
ووحينا,2,5918,11:37,2
ووفيت,2,5919,3:25,2
ووقاهم,2,5920,44:56,2
وولدا,2,5921,18:39,2
ويؤت,2,5922,4:40,2
ويؤخركم,2,5923,14:10,2
ويؤمن,2,5924,2:256,2
ويبشر,2,5925,17:9,2
ويبين,2,5926,2:221,2
ويتبع,2,5927,4:115,2
ويتخذ,2,5928,3:140,2
ويتم,2,5929,12:6,2
ويحذركم,2,5930,3:28,1
ويحلفون,2,5931,9:56,2
ويحيى,2,5932,6:85,2
ويدخلكم,2,5933,61:12,2
ويدخلهم,2,5934,47:6,2
ويدرءون,2,5935,13:22,2
ويذهب,2,5936,8:11,2
ويريكم,2,5937,2:73,2
ويستخلف,2,5938,6:133,2
ويستغفرون,2,5939,40:7,2
ويسخرون,2,5940,2:212,2
ويسعون,2,5941,5:33,1
ويضرب,2,5942,14:25,2
ويطوف,2,5943,52:24,2
ويعلمون,2,5944,24:25,2
ويعمل,2,5945,64:9,2
ويفسدون,2,5946,2:27,2
ويفعلون,2,5947,16:50,2
ويقذفون,2,5948,34:53,2
ويقطعون,2,5949,2:27,2
ويقيمون,2,5950,2:3,2
ويلتى,2,5951,11:72,2
ويلعبوا,2,5952,43:83,2
ويلكم,2,5953,20:61,2
وينذرونكم,2,5954,6:130,2
ويهديكم,2,5955,4:26,2
ويهديهم,2,5956,4:175,2
ويونس,2,5957,4:163,2
يأب,2,5958,2:282,1
يأتيكما,2,5959,12:37,1
يأتينا,2,5960,3:183,2
يأتيني,2,5961,12:83,2
يأجوج,2,5962,18:94,2
يأخذهم,2,5963,16:46,1
يأفكون,2,5964,7:117,2
يأكله,2,5965,12:13,2
يأكلهن,2,5966,12:43,1
يؤاخذ,2,5967,16:61,2
يؤتى,2,5968,3:73,2
يؤتيهم,2,5969,4:152,2
يؤخر,2,5970,63:11,2
يؤده,2,5971,3:75,1
يؤفك,2,5972,40:63,2
يؤمرون,2,5973,16:50,2
يئس,2,5974,5:3,2
يئسوا,2,5975,29:23,2
يابسات,2,5976,12:43,1
يبايعونك,2,5977,48:10,1
يبدين,2,5978,24:31,1
يبشرك,2,5979,3:39,1
يبكون,2,5980,12:16,2
يتخافتون,2,5981,20:103,2
يتخذونك,2,5982,21:36,2
يتخذوه,2,5983,7:146,1
يتدبرون,2,5984,4:82,2
يتربصن,2,5985,2:228,1
يترقب,2,5986,28:18,1
يتزكى,2,5987,35:18,2
يتضرعون,2,5988,6:42,2
يتطهرون,2,5989,7:82,2
يتعد,2,5990,2:229,2
يتفطرن,2,5991,19:90,2
يتفكروا,2,5992,7:184,2
يتماسا,2,5993,58:3,1
يتنازعون,2,5994,18:21,2
يتوبوا,2,5995,9:74,2
يتوفون,2,5996,2:234,1
يتولون,2,5997,5:43,1
يتيما,2,5998,90:15,2
يجادلونك,2,5999,6:25,2
يجاهدوا,2,6000,9:44,1
يجتبي,2,6001,3:179,2
يجتنبون,2,6002,42:37,2
يجعلون,2,6003,2:19,2
يجمعكم,2,6004,45:26,2
يجير,2,6005,23:88,2
يحادون,2,6006,58:5,1
يحاوره,2,6007,18:34,1
يحدث,2,6008,20:113,2
يحذر,2,6009,9:64,2
يحذرون,2,6010,9:122,2
يحشر,2,6011,20:59,2
يحض,2,6012,69:34,2
يحملون,2,6013,6:31,2
يحيطون,2,6014,2:255,2
يخادعون,2,6015,2:9,2
يختص,2,6016,2:105,2
يخصفان,2,6017,7:22,2
يخوف,2,6018,3:175,2
يدخلوها,2,6019,2:114,2
يذهبن,2,6020,11:114,2
يذهبوا,2,6021,24:62,2
يذوقون,2,6022,44:56,2
ير,2,6023,21:30,2
يراءون,2,6024,4:142,2
يراكم,2,6025,7:27,2
يرثها,2,6026,4:176,2
يرثون,2,6027,7:100,2
يرحمكم,2,6028,17:8,1
يردون,2,6029,2:85,2
يرزقون,2,6030,3:169,2
يرفع,2,6031,2:127,2
يرونها,2,6032,25:40,2
يريدوا,2,6033,8:62,1
يزالون,2,6034,2:217,2
يزجي,2,6035,17:66,2
يزرون,2,6036,6:31,2
يزكى,2,6037,80:3,1
يزكي,2,6038,4:49,2
يزكيهم,2,6039,2:174,2
يزيدهم,2,6040,17:41,1
يسألك,2,6041,4:153,2
يسألكم,2,6042,36:21,2
يسبحن,2,6043,21:79,2
يستأذنك,2,6044,9:44,1
يستأذنونك,2,6045,9:93,2
يستجيب,2,6046,6:36,2
يستحيي,2,6047,2:26,2
يستخفون,2,6048,4:108,1
يستطع,2,6049,4:25,2
يستطيع,2,6050,2:282,2
يستعجل,2,6051,10:50,2
يستغفر,2,6052,4:110,2
يستغفرون,2,6053,8:33,2
يستنكف,2,6054,4:172,1
يستويان,2,6055,11:24,2
يسحبون,2,6056,40:71,2
يسرناه,2,6057,19:97,2
يسقون,2,6058,28:23,2
يسمعها,2,6059,31:7,2
يسمعوا,2,6060,7:198,2
يشإ,2,6061,6:39,2
يشاقق,2,6062,4:115,2
يشرب,2,6063,76:6,2
يصدر,2,6064,28:23,2
يصدعون,2,6065,30:43,2
يصدنك,2,6066,20:16,2
يصعد,2,6067,6:125,2
يصل,2,6068,6:136,1
يصلاها,2,6069,17:18,2
يصلح,2,6070,10:81,2
يصلحون,2,6071,26:152,2
يصلوا,2,6072,4:102,2
يصلي,2,6073,3:39,2
يصيبكم,2,6074,9:52,2
يضله,2,6075,6:125,2
يضلوك,2,6076,4:113,2
يطاف,2,6077,37:45,2
يطعم,2,6078,6:14,1
يطعمه,2,6079,2:249,2
يطمثهن,2,6080,55:56,1
يطوف,2,6081,2:158,2
يظاهرون,2,6082,58:2,1
يظن,2,6083,22:15,2
يظهر,2,6084,40:26,2
يعرشون,2,6085,7:137,2
يعرفونه,2,6086,2:146,2
يعزب,2,6087,10:61,2
يعطوا,2,6088,9:29,1
يعظم,2,6089,22:30,1
يعفو,2,6090,2:237,2
يعقب,2,6091,27:10,2
يعلمها,2,6092,6:59,1
يعودون,2,6093,58:3,1
يعيدكم,2,6094,17:69,2
يغرنكم,2,6095,31:33,2
يغشي,2,6096,7:54,2
يغيروا,2,6097,8:53,2
يغيظ,2,6098,9:120,2
يفتح,2,6099,34:26,2
يفترى,2,6100,10:37,2
يفتيكم,2,6101,4:127,1
يفرحون,2,6102,3:188,2
يفرقوا,2,6103,4:150,1
يفرقون,2,6104,2:102,2
يفعلوا,2,6105,3:115,1
يفلحون,2,6106,10:69,2
يقرءون,2,6107,10:94,2
يقرض,2,6108,2:245,2
يقص,2,6109,6:57,2
يقصون,2,6110,6:130,2
يقضى,2,6111,20:114,2
يقلب,2,6112,18:42,2
يكتب,2,6113,2:282,2
يكسب,2,6114,4:111,1
يكف,2,6115,4:84,2
يكلف,2,6116,2:286,2
يلبسون,2,6117,6:9,2
يلتفت,2,6118,11:81,2
يلحقوا,2,6119,3:170,2
يلقونه,2,6120,9:77,2
يلهث,2,6121,7:176,1
يمترون,2,6122,15:63,2
يمسسني,2,6123,3:47,2
يمسكهن,2,6124,16:79,2
يمسنا,2,6125,35:35,1
يمن,2,6126,14:11,2
ينادون,2,6127,40:10,2
ينال,2,6128,2:124,2
ينالهم,2,6129,7:37,1
ينالوا,2,6130,9:74,2
ينبأ,2,6131,53:36,2
ينبئكم,2,6132,6:60,2
ينتصرون,2,6133,26:93,2
ينته,2,6134,33:60,2
ينتهوا,2,6135,5:73,2
ينجيكم,2,6136,6:63,1
ينزغنك,2,6137,7:200,2
ينزفون,2,6138,37:47,2
ينسلون,2,6139,21:96,2
ينصرني,2,6140,11:30,1
ينصرونه,2,6141,18:43,2
ينصرونهم,2,6142,42:46,2
ينظروا,2,6143,7:185,2
ينقذون,2,6144,36:23,1
ينكثون,2,6145,7:135,2
ينكح,2,6146,4:25,2
ينهاكم,2,6147,60:8,1
ينيب,2,6148,40:13,2
يهتدوا,2,6149,18:57,2
يهدين,2,6150,18:24,2
يهديه,2,6151,6:125,2
يهرعون,2,6152,11:78,2
يهلكون,2,6153,6:26,2
يهيج,2,6154,39:21,2
يواري,2,6155,5:31,2
يوعظ,2,6156,2:232,2
يوف,2,6157,2:272,2
يوفون,2,6158,13:20,2
يوق,2,6159,59:9,2
يونس,2,6160,10:98,2
ييأس,2,6161,12:87,2
آباء,1,6162,24:31,1
آبائك,1,6163,2:133,1
آبائي,1,6164,12:38,1
آتاك,1,6165,28:77,1
آتانا,1,6166,9:75,1
آتاها,1,6167,65:7,1
آتت,1,6168,18:33,1
آتهم,1,6169,33:68,1
آتوا,1,6170,23:60,1
آتوه,1,6171,12:66,1
آتي,1,6172,19:93,1
آتيتك,1,6173,7:144,1
آتيتكم,1,6174,3:81,1
آتيتنا,1,6175,7:189,1
آتيتني,1,6176,12:101,1
آتيتهن,1,6177,33:51,1
آتيناها,1,6178,6:83,1
آتيه,1,6179,19:95,1
آتيهم,1,6180,11:76,1
آثار,1,6181,30:50,1
آثارهما,1,6182,18:64,1
آثرك,1,6183,12:91,1
آثم,1,6184,2:283,1
آثما,1,6185,76:24,1
آخذ,1,6186,11:56,1
آخذين,1,6187,51:16,1
آخران,1,6188,5:106,1
آخره,1,6189,3:72,1
آخرون,1,6190,25:4,1
آذاننا,1,6191,41:5,1
آذناك,1,6192,41:47,1
آذنتكم,1,6193,21:109,1
آذوا,1,6194,33:69,1
آذيتمونا,1,6195,14:12,1
آزر,1,6196,6:74,1
آسفونا,1,6197,43:55,1
آسن,1,6198,47:15,1
آسى,1,6199,7:93,1
آلهتي,1,6200,19:46,1
آمره,1,6201,12:32,1
آمنة,1,6202,16:112,1
آمنكم,1,6203,12:64,1
آمين,1,6204,5:2,1
آن,1,6205,55:44,1
آنس,1,6206,28:29,1
آنستم,1,6207,4:6,1
آنفا,1,6208,47:16,1
آنية,1,6209,88:5,1
آوي,1,6210,11:80,1
آياتها,1,6211,21:32,1
آيتين,1,6212,17:12,1
أآلهتنا,1,6213,43:58,1
أأتخذ,1,6214,36:23,1
أأرباب,1,6215,12:39,1
أأسجد,1,6216,17:61,1
أأسلمتم,1,6217,3:20,1
أأشفقتم,1,6218,58:13,1
أأشكر,1,6219,27:40,1
أأعجمي,1,6220,41:44,1
أأقررتم,1,6221,3:81,1
أألد,1,6222,11:72,1
أألقي,1,6223,54:25,1
أأمنتم,1,6224,67:16,1
أأنزل,1,6225,38:8,1
أؤنبئكم,1,6226,3:15,1
أئذا,1,6227,56:47,1
أئفكا,1,6228,37:86,1
أبابيل,1,6229,105:3,1
أباكم,1,6230,12:80,1
أبالله,1,6231,9:65,1
أباه,1,6232,12:61,1
أباهم,1,6233,12:16,1
أبتغي,1,6234,6:114,1
أبحر,1,6235,31:27,1
أبدله,1,6236,10:15,1
أبرئ,1,6237,12:53,1
أبرموا,1,6238,43:79,1
أبسلوا,1,6239,6:70,1
أبشر,1,6240,64:6,1
أبشرا,1,6241,54:24,1
أبشرتموني,1,6242,15:54,1
أبصار,1,6243,21:97,1
أبصاركم,1,6244,41:22,1
أبصارنا,1,6245,15:15,1
أبصارها,1,6246,79:9,1
أبصارهن,1,6247,24:31,1
أبصرنا,1,6248,32:12,1
أبغي,1,6249,6:164,1
أبغيكم,1,6250,7:140,1
أبق,1,6251,37:140,1
أبقى,1,6252,53:51,1
أبكارا,1,6253,56:36,1
أبكم,1,6254,16:76,1
أبلغه,1,6255,9:6,1
أبلغوا,1,6256,72:28,1
أبناءنا,1,6257,3:61,1
أبنائكم,1,6258,4:23,1
أبوك,1,6259,19:28,1
أبوهما,1,6260,18:82,1
أبويك,1,6261,12:6,1
أبويكم,1,6262,7:27,1
أبينا,1,6263,12:8,1
أبيهم,1,6264,12:63,1
أتأخذونه,1,6265,4:20,1
أتأمرون,1,6266,2:44,1
أتانا,1,6267,74:47,1
أتبعك,1,6268,18:66,1
أتبعه,1,6269,28:49,1
أتبنون,1,6270,26:128,1
أتت,1,6271,51:42,1
أتتخذ,1,6272,6:74,1
أتتخذنا,1,6273,2:67,1
أتتركون,1,6274,26:146,1
أتتك,1,6275,20:126,1
أتتكم,1,6276,6:40,1
أتتهم,1,6277,9:70,1
أتجادلونني,1,6278,7:71,1
أتجعل,1,6279,2:30,1
أتحاجوننا,1,6280,2:139,1
أتحاجوني,1,6281,6:80,1
أتحدثونهم,1,6282,2:76,1
أتخذتم,1,6283,2:80,1
أتخذناهم,1,6284,38:63,1
أتخشونهم,1,6285,9:13,1
أتدعون,1,6286,37:125,1
أتذر,1,6287,7:127,1
أتراب,1,6288,38:52,1
أترفتم,1,6289,21:13,1
أترفوا,1,6290,11:116,1
أتريد,1,6291,28:19,1
أتستبدلون,1,6292,2:61,1
أتصبرون,1,6293,25:20,1
أتعجبين,1,6294,11:73,1
أتعدانني,1,6295,46:17,1
أتقاكم,1,6296,49:13,1
أتقتلون,1,6297,40:28,1
أتقن,1,6298,27:88,1
أتل,1,6299,6:151,1
أتلو,1,6300,27:92,1
أتمدونن,1,6301,27:36,1
أتمم,1,6302,66:8,1
أتممت,1,6303,28:27,1
أتمها,1,6304,12:6,1
أتموا,1,6305,2:187,1
أتنبئون,1,6306,10:18,1
أتنهانا,1,6307,11:62,1
أتهتدي,1,6308,27:41,1
أتهلكنا,1,6309,7:155,1
أتواصوا,1,6310,51:53,1
أتوب,1,6311,2:160,1
أتوك,1,6312,9:92,1
أتوكأ,1,6313,20:18,1
أتوه,1,6314,27:87,1
أتيا,1,6315,18:77,1
أتيت,1,6316,2:145,1
أتين,1,6317,4:25,1
أثارة,1,6318,46:4,1
أثاما,1,6319,25:68,1
أثخنتموهم,1,6320,47:4,1
أثري,1,6321,20:84,1
أثقالكم,1,6322,16:7,1
أثقالها,1,6323,99:2,1
أثقلت,1,6324,7:189,1
أثم,1,6325,10:51,1
أثيما,1,6326,4:107,1
أجاجا,1,6327,56:70,1
أجرمنا,1,6328,34:25,1
أجرها,1,6329,33:31,1
أجزعنا,1,6330,14:21,1
أجسامهم,1,6331,63:4,1
أجعلتم,1,6332,9:19,1
أجعلنا,1,6333,43:45,1
أجلنا,1,6334,6:128,1
أجمعوا,1,6335,12:102,1
أجنة,1,6336,53:32,1
أجنحة,1,6337,35:1,1
أجيب,1,6338,2:186,1
أجيبت,1,6339,10:89,1
أجيبوا,1,6340,46:31,1
أحبارهم,1,6341,9:31,1
أحدث,1,6342,18:70,1
أحدكما,1,6343,12:41,1
أحدنا,1,6344,12:78,1
أحرص,1,6345,2:96,1
أحس,1,6346,3:52,1
أحسب,1,6347,29:2,1
أحسنه,1,6348,39:18,1
أحسوا,1,6349,21:12,1
أحصاه,1,6350,58:6,1
أحصاها,1,6351,18:49,1
أحصاهم,1,6352,19:94,1
أحصرتم,1,6353,2:196,1
أحصروا,1,6354,2:273,1
أحصن,1,6355,4:25,1
أحصى,1,6356,18:12,1
أحضرت,1,6357,81:14,1
أحطت,1,6358,27:22,1
أحطنا,1,6359,18:91,1
أحقابا,1,6360,78:23,1
أحكم,1,6361,11:45,1
أحكمت,1,6362,11:1,1
أحلامهم,1,6363,52:32,1
أحللنا,1,6364,33:50,1
أحلنا,1,6365,35:35,1
أحمد,1,6366,61:6,1
أحمل,1,6367,12:36,1
أحملكم,1,6368,9:92,1
أحوى,1,6369,87:5,1
أحيا,1,6370,5:32,1
أحياكم,1,6371,22:66,1
أحياهم,1,6372,2:243,1
أحيط,1,6373,10:22,1
أحيي,1,6374,2:258,1
أحييناها,1,6375,36:33,1
أخا,1,6376,46:21,1
أخالفكم,1,6377,11:88,1
أخبارها,1,6378,99:4,1
أختك,1,6379,20:40,1
أخذا,1,6380,73:16,1
أخذة,1,6381,69:10,1
أخذتم,1,6382,8:68,1
أخذتها,1,6383,22:48,1
أخذه,1,6384,11:102,1
أخذوا,1,6385,33:61,1
أخراكم,1,6386,3:153,1
أخراهم,1,6387,7:38,1
أخرتن,1,6388,17:62,1
أخرتنا,1,6389,4:77,1
أخرتني,1,6390,63:10,1
أخرجت,1,6391,3:110,1
أخرجتك,1,6392,47:13,1
أخرجتم,1,6393,59:11,1
أخرجك,1,6394,8:5,1
أخرجكم,1,6395,16:78,1
أخرجني,1,6396,12:100,1
أخرجه,1,6397,9:40,1
أخرجوكم,1,6398,2:191,1
أخرجوهم,1,6399,7:82,1
أخرقتها,1,6400,18:71,1
أخزى,1,6401,41:16,1
أخزيته,1,6402,3:192,1
أخطأتم,1,6403,33:5,1
أخطأنا,1,6404,2:286,1
أخفي,1,6405,32:17,1
أخفيتم,1,6406,60:1,1
أخفيها,1,6407,20:15,1
أخلد,1,6408,7:176,1
أخلده,1,6409,104:3,1
أخلصناهم,1,6410,38:46,1
أخلفنا,1,6411,20:87,1
أخلفوا,1,6412,9:77,1
أخلق,1,6413,3:49,1
أخنه,1,6414,12:52,1
أخواتكم,1,6415,24:61,1
أخوالكم,1,6416,24:61,1
أخوك,1,6417,12:69,1
أخويكم,1,6418,49:10,1
أدباركم,1,6419,5:21,1
أدبارها,1,6420,4:47,1
أدخلني,1,6421,17:80,1
أدخلوا,1,6422,40:46,1
أدر,1,6423,69:26,1
أدراكم,1,6424,10:16,1
أدركه,1,6425,10:90,1
أدعوتموهم,1,6426,7:193,1
أدعياءكم,1,6427,33:4,1
أدعيائهم,1,6428,33:37,1
أدلك,1,6429,20:120,1
أدهى,1,6430,54:46,1
أدوا,1,6431,44:18,1
أذاعوا,1,6432,4:83,1
أذاقهم,1,6433,30:33,1
أذاهم,1,6434,33:48,1
أذبحك,1,6435,37:102,1
أذكركم,1,6436,2:152,1
أذكره,1,6437,18:63,1
أذنت,1,6438,9:43,1
أذنيه,1,6439,31:7,1
أذهب,1,6440,35:34,1
أذهبتم,1,6441,46:20,1
أرأيتك,1,6442,17:62,1
أرادا,1,6443,2:233,1
أراذلنا,1,6444,11:27,1
أراغب,1,6445,19:46,1
أراكهم,1,6446,8:43,1
أربى,1,6447,16:92,1
أرجائها,1,6448,69:17,1
أرجع,1,6449,12:46,1
أرجل,1,6450,7:195,1
أرجلكم,1,6451,6:65,1
أرحامهن,1,6452,2:228,1
أرداكم,1,6453,41:23,1
أردت,1,6454,11:34,1
أردن,1,6455,24:33,1
أردناه,1,6456,16:40,1
أرساها,1,6457,79:32,1
أرسلناه,1,6458,51:38,1
أرسلوا,1,6459,83:33,1
أرضا,1,6460,12:9,1
أرضعت,1,6461,22:2,1
أرضعن,1,6462,65:6,1
أرضعنكم,1,6463,4:23,1
أرضعيه,1,6464,28:7,1
أرضهم,1,6465,33:27,1
أرضي,1,6466,29:56,1
أرضيتم,1,6467,9:38,1
أركسهم,1,6468,4:88,1
أركسوا,1,6469,4:91,1
أرهطي,1,6470,11:92,1
أريكم,1,6471,40:29,1
أريناك,1,6472,17:60,1
أريناه,1,6473,20:56,1
أزا,1,6474,19:83,1
أزاغ,1,6475,61:5,1
أزري,1,6476,20:31,1
أزفت,1,6477,53:57,1
أزلفت,1,6478,81:13,1
أزواجهن,1,6479,2:232,1
أزيد,1,6480,74:15,1
أسأتم,1,6481,17:7,1
أسألك,1,6482,11:47,1
أسارى,1,6483,2:85,1
أسباب,1,6484,40:37,1
أسباطا,1,6485,7:160,1
أستجب,1,6486,40:60,1
أستخلصه,1,6487,12:54,1
أستغفر,1,6488,12:98,1
أستغفرت,1,6489,63:6,1
أستكبرت,1,6490,38:75,1
أسحر,1,6491,10:77,1
أسخط,1,6492,47:28,1
أسرف,1,6493,20:127,1
أسرفوا,1,6494,39:53,1
أسرهم,1,6495,76:28,1
أسروا,1,6496,5:52,1
أسفارا,1,6497,62:5,1
أسفارنا,1,6498,34:19,1
أسفر,1,6499,74:34,1
أسفى,1,6500,12:84,1
أسكنت,1,6501,14:37,1
أسكنوهن,1,6502,65:6,1
أسلحتهم,1,6503,4:102,1
أسلفت,1,6504,10:30,1
أسلفتم,1,6505,69:24,1
أسلما,1,6506,37:103,1
أسلمنا,1,6507,49:14,1
أسمائه,1,6508,7:180,1
أسمعهم,1,6509,8:23,1
أسورة,1,6510,43:53,1
أشاء,1,6511,7:156,1
أشداء,1,6512,48:29,1
أشدهما,1,6513,18:82,1
أشراطها,1,6514,47:18,1
أشركت,1,6515,39:65,1
أشركتمون,1,6516,14:22,1
أشركنا,1,6517,6:148,1
أشقاها,1,6518,91:12,1
أشكو,1,6519,12:86,1
أشهدتهم,1,6520,18:51,1
أشهدوا,1,6521,43:19,1
أشياء,1,6522,5:101,1
أشياعكم,1,6523,54:51,1
أصابت,1,6524,3:117,1
أصابته,1,6525,22:11,1
أصابه,1,6526,22:11,1
أصابها,1,6527,2:265,1
أصب,1,6528,12:33,1
أصبتم,1,6529,3:165,1
أصبح,1,6530,67:30,1
أصبحوا,1,6531,5:102,1
أصبرهم,1,6532,2:175,1
أصبناهم,1,6533,7:100,1
أصحابهم,1,6534,51:59,1
أصدقت,1,6535,27:27,1
أصطفى,1,6536,37:153,1
أصل,1,6537,37:64,1
أصلابكم,1,6538,4:23,1
أصلاتك,1,6539,11:87,1
أصلها,1,6540,14:24,1
أصنام,1,6541,7:138,1
أصنامكم,1,6542,21:57,1
أصواتكم,1,6543,49:2,1
أصواتهم,1,6544,49:3,1
أصوافها,1,6545,16:80,1
أصولها,1,6546,59:5,1
أصيب,1,6547,7:156,1
أضاء,1,6548,2:20,1
أضاءت,1,6549,2:17,1
أضاعوا,1,6550,19:59,1
أضحك,1,6551,53:43,1
أضطره,1,6552,2:126,1
أضعف,1,6553,72:24,1
أضغانكم,1,6554,47:37,1
أضغانهم,1,6555,47:29,1
أضلانا,1,6556,41:29,1
أضللتم,1,6557,25:17,1
أضللن,1,6558,14:36,1
أضلنا,1,6559,26:99,1
أضلني,1,6560,25:29,1
أضلوا,1,6561,71:24,1
أضلونا,1,6562,7:38,1
أضيع,1,6563,3:195,1
أطاع,1,6564,4:80,1
أطاعونا,1,6565,3:168,1
أطعتم,1,6566,23:34,1
أطعتموهم,1,6567,6:121,1
أطعمه,1,6568,36:47,1
أطعمهم,1,6569,106:4,1
أطعنكم,1,6570,4:34,1
أطغيته,1,6571,50:27,1
أطفأها,1,6572,5:64,1
أطمع,1,6573,26:82,1
أطوارا,1,6574,71:14,1
أظفركم,1,6575,48:24,1
أعثرنا,1,6576,18:21,1
أعجب,1,6577,57:20,1
أعجبكم,1,6578,2:221,1
أعجزت,1,6579,5:31,1
أعجلتم,1,6580,7:150,1
أعجلك,1,6581,20:83,1
أعجمي,1,6582,16:103,1
أعجميا,1,6583,41:44,1
أعرضتم,1,6584,17:67,1
أعز,1,6585,11:92,1
أعصر,1,6586,12:36,1
أعصي,1,6587,18:69,1
أعطوا,1,6588,9:58,1
أعطيناك,1,6589,108:1,1
أعظك,1,6590,11:46,1
أعظكم,1,6591,34:46,1
أعقابنا,1,6592,6:71,1
أعلنت,1,6593,71:9,1
أعلنتم,1,6594,60:1,1
أعمال,1,6595,23:63,1
أعمالا,1,6596,18:103,1
أعمامكم,1,6597,24:61,1
أعناق,1,6598,34:33,1
أعنده,1,6599,53:35,1
أعهد,1,6600,36:60,1
أعيبها,1,6601,18:79,1
أعيذها,1,6602,3:36,1
أعينهن,1,6603,33:51,1
أغرقناهم,1,6604,25:37,1
أغرقوا,1,6605,71:25,1
أغشيت,1,6606,10:27,1
أغفلنا,1,6607,18:28,1
أغلالا,1,6608,36:8,1
أغناهم,1,6609,9:74,1
أغنت,1,6610,11:101,1
أغني,1,6611,12:67,1
أغوينا,1,6612,28:63,1
أغويناهم,1,6613,28:63,1
أفأصفاكم,1,6614,17:40,1
أفأمنتم,1,6615,17:68,1
أفأنبئكم,1,6616,22:72,1
أفأنتم,1,6617,21:50,1
أفاتخذتم,1,6618,13:16,1
أفاض,1,6619,2:199,1
أفاق,1,6620,7:143,1
أفبنعمة,1,6621,16:71,1
أفبهذا,1,6622,56:81,1
أفتأتون,1,6623,21:3,1
أفتؤمنون,1,6624,2:85,1
أفتتخذونه,1,6625,18:50,1
أفترى,1,6626,34:8,1
أفتطمعون,1,6627,2:75,1
أفتعبدون,1,6628,21:66,1
أفتمارونه,1,6629,53:12,1
أفتنا,1,6630,12:46,1
أفتهلكنا,1,6631,7:173,1
أفحسب,1,6632,18:102,1
أفحسبتم,1,6633,23:115,1
أفحكم,1,6634,5:50,1
أفسحر,1,6635,52:15,1
أفسدوها,1,6636,27:34,1
أفصح,1,6637,28:34,1
أفضى,1,6638,4:21,1
أفطال,1,6639,20:86,1
أفعصيت,1,6640,20:93,1
أفعيينا,1,6641,50:15,1
أفك,1,6642,51:9,1
أفكلما,1,6643,2:87,1
أفلت,1,6644,6:78,1
أفما,1,6645,37:58,1
أفنان,1,6646,55:48,1
أفنجعل,1,6647,68:35,1
أفنضرب,1,6648,43:5,1
أقبل,1,6649,28:31,1
أقبلنا,1,6650,12:82,1
أقتت,1,6651,77:11,1
أقتل,1,6652,40:26,1
أقتلت,1,6653,18:74,1
أقدامكم,1,6654,47:7,1
أقربهم,1,6655,5:82,1
أقررتم,1,6656,2:84,1
أقررنا,1,6657,3:81,1
أقطار,1,6658,55:33,1
أقطارها,1,6659,33:14,1
أقفالها,1,6660,47:24,1
أقلام,1,6661,31:27,1
أقلامهم,1,6662,3:44,1
أقلت,1,6663,7:57,1
أقلعي,1,6664,11:44,1
أقمتم,1,6665,5:12,1
أقواتها,1,6666,41:10,1
أقوم,1,6667,17:9,1
أك,1,6668,19:20,1
أكابر,1,6669,6:123,1
أكاد,1,6670,20:15,1
أكالون,1,6671,5:42,1
أكان,1,6672,10:2,1
أكبرنه,1,6673,12:31,1
أكذبتم,1,6674,27:84,1
أكرمكم,1,6675,49:13,1
أكرمن,1,6676,89:15,1
أكرمي,1,6677,12:21,1
أكره,1,6678,16:106,1
أكرهتنا,1,6679,20:73,1
أكفاركم,1,6680,54:43,1
أكفر,1,6681,27:40,1
أكفرت,1,6682,18:37,1
أكفرتم,1,6683,3:106,1
أكفره,1,6684,80:17,1
أكفلنيها,1,6685,38:23,1
أكلا,1,6686,89:19,1
أكلم,1,6687,19:26,1
أكمامها,1,6688,41:47,1
أكملت,1,6689,5:3,1
أكنانا,1,6690,16:81,1
أكننتم,1,6691,2:235,1
ألتناهم,1,6692,52:21,1
ألحقتم,1,6693,34:27,1
ألحقنا,1,6694,52:21,1
ألد,1,6695,2:204,1
ألربك,1,6696,37:149,1
ألزمناه,1,6697,17:13,1
ألست,1,6698,7:172,1
ألفا,1,6699,8:65,1
ألفافا,1,6700,78:16,1
ألفت,1,6701,8:63,1
ألفوا,1,6702,37:69,1
ألفين,1,6703,8:66,1
ألفينا,1,6704,2:170,1
ألقاه,1,6705,12:96,1
ألقاها,1,6706,4:171,1
ألقها,1,6707,20:19,1
ألقيا,1,6708,50:24,1
ألكم,1,6709,53:21,1
ألهاكم,1,6710,102:1,1
ألهم,1,6711,7:195,1
ألواح,1,6712,54:13,1
ألوف,1,6713,2:243,1
أمات,1,6714,53:44,1
أماته,1,6715,80:21,1
أماذا,1,6716,27:84,1
أمامه,1,6717,75:5,1
أماناتكم,1,6718,8:27,1
أمانته,1,6719,2:283,1
أمانيهم,1,6720,2:111,1
أمتا,1,6721,20:107,1
أمتعكن,1,6722,33:28,1
أمتنا,1,6723,40:11,1
أمثلهم,1,6724,20:104,1
أمرتك,1,6725,7:12,1
أمرتني,1,6726,5:117,1
أمرتهم,1,6727,24:53,1
أمسكن,1,6728,5:4,1
أمسكهما,1,6729,35:41,1
أمشاج,1,6730,76:2,1
أمضي,1,6731,18:60,1
أمطرت,1,6732,25:40,1
أمعاءهم,1,6733,47:15,1
أملا,1,6734,18:46,1
أمليت,1,6735,22:48,1
أمنا,1,6736,24:55,1
أمنتكم,1,6737,12:64,1
أمنيته,1,6738,22:52,1
أمها,1,6739,28:59,1
أمهلهم,1,6740,86:17,1
أموت,1,6741,19:33,1
أميون,1,6742,2:78,1
أنبأك,1,6743,66:3,1
أنبأهم,1,6744,2:33,1
أنبئهم,1,6745,2:33,1
أنبئوني,1,6746,2:31,1
أنبائكم,1,6747,33:20,1
أنبائها,1,6748,7:101,1
أنبتت,1,6749,2:261,1
أنبتكم,1,6750,71:17,1
أنبتنا,1,6751,26:7,1
أنبنا,1,6752,60:4,1
أنتما,1,6753,28:35,1
أنجاكم,1,6754,14:6,1
أنجانا,1,6755,6:63,1
أنجاهم,1,6756,10:23,1
أنجيتنا,1,6757,10:22,1
أنحن,1,6758,34:32,1
أندعو,1,6759,6:71,1
أنذرتكم,1,6760,41:13,1
أنذركم,1,6761,21:45,1
أنذرناكم,1,6762,78:40,1
أنذرهم,1,6763,54:36,1
أنزلتموه,1,6764,56:69,1
أنزلناها,1,6765,24:1,1
أنزلني,1,6766,23:29,1
أنساب,1,6767,23:101,1
أنسانيه,1,6768,18:63,1
أنسجد,1,6769,25:60,1
أنسوكم,1,6770,23:110,1
أنشأتم,1,6771,56:72,1
أنشأناه,1,6772,23:14,1
أنشأناهن,1,6773,56:35,1
أنشأها,1,6774,36:79,1
أنشره,1,6775,80:22,1
أنصارا,1,6776,71:25,1
أنصتوا,1,6777,46:29,1
أنصح,1,6778,11:34,1
أنطعم,1,6779,36:47,1
أنطق,1,6780,41:21,1
أنطقنا,1,6781,41:21,1
أنظر,1,6782,7:143,1
أنظرني,1,6783,7:14,1
أنعام,1,6784,6:138,1
أنعامكم,1,6785,20:54,1
أنعامهم,1,6786,32:27,1
أنعمها,1,6787,8:53,1
أنفقت,1,6788,8:63,1
أنقض,1,6789,94:3,1
أنكاثا,1,6790,16:92,1
أنكالا,1,6791,73:12,1
أنكحك,1,6792,28:27,1
أنكر,1,6793,31:19,1
أنلزمكموها,1,6794,11:28,1
أننا,1,6795,6:111,1
أنهار,1,6796,47:15,1
أنهاكم,1,6797,11:88,1
أنهكما,1,6798,7:22,1
أهانن,1,6799,89:16,1
أهدك,1,6800,19:43,1
أهدكم,1,6801,40:38,1
أهديكم,1,6802,40:29,1
أهكذا,1,6803,27:42,1
أهلكت,1,6804,90:6,1
أهلكتهم,1,6805,7:155,1
أهلكني,1,6806,67:28,1
أهلهن,1,6807,4:25,1
أهليكم,1,6808,5:89,1
أهليهم,1,6809,48:12,1
أهمتهم,1,6810,3:154,1
أهواءكم,1,6811,6:56,1
أهون,1,6812,30:27,1
أهوى,1,6813,53:53,1
أوأمن,1,6814,7:98,1
أواه,1,6815,11:75,1
أوبي,1,6816,34:10,1
أوت,1,6817,69:25,1
أوتادا,1,6818,78:7,1
أوتوه,1,6819,2:213,1
أوتيت,1,6820,20:36,1
أوجفتم,1,6821,59:6,1
أوحيت,1,6822,5:111,1
أودية,1,6823,13:17,1
أوديتهم,1,6824,46:24,1
أوذي,1,6825,29:10,1
أوذينا,1,6826,7:129,1
أورثنا,1,6827,35:32,1
أورثوا,1,6828,42:14,1
أوزار,1,6829,16:25,1
أوزارا,1,6830,20:87,1
أوزارها,1,6831,47:4,1
أوسط,1,6832,5:89,1
أوسطهم,1,6833,68:28,1
أوعظت,1,6834,26:136,1
أوف,1,6835,2:40,1
أوفي,1,6836,12:59,1
أوقدوا,1,6837,5:64,1
أوكلما,1,6838,2:100,1
أولئكم,1,6839,54:43,1
أولات,1,6840,65:6,1
أولاهم,1,6841,7:39,1
أولاهما,1,6842,17:5,1
أولما,1,6843,3:165,1
أولياؤكم,1,6844,41:31,1
أولياؤه,1,6845,8:34,1
أوليائكم,1,6846,33:6,1
أوليائهم,1,6847,6:121,1
أوهن,1,6848,29:41,1
أوى,1,6849,18:10,1
أوينا,1,6850,18:63,1
أيأمركم,1,6851,3:80,1
أيا,1,6852,17:110,1
أيبتغون,1,6853,4:139,1
أيحب,1,6854,49:12,1
أيحسبون,1,6855,23:55,1
أيد,1,6856,7:195,1
أيدتك,1,6857,5:110,1
أيدك,1,6858,8:62,1
أيديهما,1,6859,5:38,1
أيشركون,1,6860,7:191,1
أيطمع,1,6861,70:38,1
أيعدكم,1,6862,23:35,1
أيقاظا,1,6863,18:18,1
أيما,1,6864,28:28,1
أيمسكه,1,6865,16:59,1
أينا,1,6866,20:71,1
أيوب,1,6867,38:41,1
أيود,1,6868,2:266,1
إثمه,1,6869,2:181,1
إجرامي,1,6870,11:35,1
إحداهن,1,6871,4:20,1
إخراج,1,6872,2:240,1
إخراجا,1,6873,71:18,1
إخراجكم,1,6874,60:9,1
إخراجهم,1,6875,2:85,1
إخوان,1,6876,17:27,1
إخوانكم,1,6877,24:61,1
إخوانهم,1,6878,58:22,1
إخوتك,1,6879,12:5,1
إخوتي,1,6880,12:100,1
إدا,1,6881,19:89,1
إدريس,1,6882,19:56,1
إذنه,1,6883,10:3,1
إرم,1,6884,89:7,1
إستبرق,1,6885,55:54,1
إسرارا,1,6886,71:9,1
إسرارهم,1,6887,47:26,1
إسرافا,1,6888,4:6,1
إسلامكم,1,6889,49:17,1
إسلامهم,1,6890,9:74,1
إصرا,1,6891,2:286,1
إصرهم,1,6892,7:157,1
إصري,1,6893,3:81,1
إعراضا,1,6894,4:128,1
إعراضهم,1,6895,6:35,1
إعصار,1,6896,2:266,1
إفكا,1,6897,29:17,1
إقامتكم,1,6898,16:80,1
إكراه,1,6899,2:256,1
إكراههن,1,6900,24:33,1
إل,1,6901,37:130,1
إلحافا,1,6902,2:273,1
إلياس,1,6903,37:123,1
إليكما,1,6904,28:35,1
إمام,1,6905,36:12,1
إمرا,1,6906,18:71,1
إناه,1,6907,33:53,1
إنسان,1,6908,17:13,1
إنسيا,1,6909,19:26,1
إنشاء,1,6910,56:35,1
إنهما,1,6911,37:122,1
إنهن,1,6912,14:36,1
إي,1,6913,10:53,1
إيابهم,1,6914,88:25,1
إياك,1,6915,1:5,1
إيلافهم,1,6916,106:2,1
اؤتمن,1,6917,2:283,1
ائتيا,1,6918,41:11,1
ائذن,1,6919,9:49,1
ابتدعوها,1,6920,57:27,1
ابتغوا,1,6921,9:48,1
ابتغيت,1,6922,33:51,1
ابتلى,1,6923,2:124,1
ابتلي,1,6924,33:11,1
ابعث,1,6925,2:246,1
ابلعي,1,6926,11:44,1
ابنت,1,6927,66:12,1
ابنتي,1,6928,28:27,1
ابنك,1,6929,12:81,1
ابنه,1,6930,11:42,1
ابيضت,1,6931,3:107,1
اتباع,1,6932,4:157,1
اتبعتم,1,6933,7:90,1
اتبعتني,1,6934,18:70,1
اتبعكما,1,6935,28:35,1
اتبعن,1,6936,3:20,1
اتبعني,1,6937,12:108,1
اتبعوك,1,6938,3:55,1
اتبعون,1,6939,40:38,1
اتبعوهم,1,6940,9:100,1
اتخذها,1,6941,45:9,1
اتخذوني,1,6942,5:116,1
اتخذوه,1,6943,7:148,1
اتخذوها,1,6944,5:58,1
اتخذوهم,1,6945,5:81,1
اتخذي,1,6946,16:68,1
اتسق,1,6947,84:18,1
اتقيتن,1,6948,33:32,1
اتل,1,6949,29:45,1
اثاقلتم,1,6950,9:38,1
اثنا,1,6951,9:36,1
اثنان,1,6952,5:106,1
اثنتي,1,6953,7:160,1
اثني,1,6954,5:12,1
اجتباكم,1,6955,22:78,1
اجتبيتها,1,6956,7:203,1
اجتثت,1,6957,14:26,1
اجترحوا,1,6958,45:21,1
اجتمعت,1,6959,17:88,1
اجتمعوا,1,6960,22:73,1
اجعلوا,1,6961,12:62,1
اجهروا,1,6962,67:13,1
احتمل,1,6963,4:112,1
احتملوا,1,6964,33:58,1
احشروا,1,6965,37:22,1
احمل,1,6966,11:40,1
اخترتك,1,6967,20:13,1
اخترناهم,1,6968,44:32,1
اختصموا,1,6969,22:19,1
اختلافا,1,6970,4:82,1
اختلاق,1,6971,38:7,1
اختلط,1,6972,6:146,1
اختلفتم,1,6973,42:10,1
اخرجوا,1,6974,4:66,1
اخسئوا,1,6975,23:108,1
اخلفني,1,6976,7:142,1
ادارك,1,6977,27:66,1
اداركوا,1,6978,7:38,1
ادخل,1,6979,36:26,1
ادخلا,1,6980,66:10,1
ادخلي,1,6981,27:44,1
ادعهن,1,6982,2:260,1
ادعوني,1,6983,40:60,1
ادعوهم,1,6984,33:5,1
ادفعوا,1,6985,3:167,1
اذكر,1,6986,5:110,1
اذكرني,1,6987,12:42,1
ارتابوا,1,6988,24:50,1
ارتدوا,1,6989,47:25,1
ارجعون,1,6990,23:99,1
ارجعي,1,6991,89:28,1
ارحمهما,1,6992,17:24,1
اركب,1,6993,11:42,1
اركبوا,1,6994,11:41,1
اركض,1,6995,38:42,1
استأجرت,1,6996,28:26,1
استأجره,1,6997,28:26,1
استأذن,1,6998,24:59,1
استأذنك,1,6999,9:86,1
استأذنوك,1,7000,24:62,1
استبدال,1,7001,4:20,1
استجارك,1,7002,9:6,1
استجيب,1,7003,42:16,1
استحفظوا,1,7004,5:44,1
استحق,1,7005,5:107,1
استحقا,1,7006,5:107,1
استحوذ,1,7007,58:19,1
استحياء,1,7008,28:25,1
استخرجها,1,7009,12:76,1
استخلف,1,7010,24:55,1
استرق,1,7011,15:18,1
استزلهم,1,7012,3:155,1
استسقاه,1,7013,7:160,1
استسقى,1,7014,2:60,1
استضعفوني,1,7015,7:150,1
استطاع,1,7016,3:97,1
استطعما,1,7017,18:77,1
استطعنا,1,7018,9:42,1
استعجالهم,1,7019,10:11,1
استعجلتم,1,7020,46:24,1
استعلى,1,7021,20:64,1
استغفار,1,7022,9:114,1
استقر,1,7023,7:143,1
استكبر,1,7024,38:74,1
استكبرتم,1,7025,2:87,1
استكثرتم,1,7026,6:128,1
استمتعتم,1,7027,4:24,1
استمع,1,7028,72:1,1
استمعوه,1,7029,21:2,1
استنصره,1,7030,28:18,1
استنصروكم,1,7031,8:72,1
استنكفوا,1,7032,4:173,1
استهزئوا,1,7033,9:64,1
استهوته,1,7034,6:71,1
استوقد,1,7035,2:17,1
استويت,1,7036,23:28,1
استويتم,1,7037,43:13,1
استيأس,1,7038,12:110,1
استيأسوا,1,7039,12:80,1
اسطاعوا,1,7040,18:97,1
اسلك,1,7041,28:32,1
اسودت,1,7042,3:106,1
اشتدت,1,7043,14:18,1
اشترى,1,7044,9:111,1
اشتهت,1,7045,21:102,1
اشدد,1,7046,20:31,1
اشرح,1,7047,20:25,1
اشمأزت,1,7048,39:45,1
اشهدوا,1,7049,3:64,1
اصبر,1,7050,38:17,1
اصبروا,1,7051,3:200,1
اصرف,1,7052,25:65,1
اصطفاك,1,7053,3:42,1
اصطفاه,1,7054,2:247,1
اصطفيتك,1,7055,7:144,1
اصطفينا,1,7056,35:32,1
اصطفيناه,1,7057,2:130,1
اصنع,1,7058,23:27,1
اضربوه,1,7059,2:73,1
اضطررتم,1,7060,6:119,1
اطرحوه,1,7061,12:9,1
اطلعت,1,7062,18:18,1
اطمأن,1,7063,22:11,1
اطمأننتم,1,7064,4:103,1
اطمس,1,7065,10:88,1
اطيرنا,1,7066,27:47,1
اعبدوني,1,7067,36:61,1
اعتدوا,1,7068,2:65,1
اعتدينا,1,7069,5:107,1
اعتراك,1,7070,11:54,1
اعترفوا,1,7071,9:102,1
اعتزلتموهم,1,7072,18:16,1
اعتزلهم,1,7073,19:49,1
اعتزلوكم,1,7074,4:90,1
اعتمر,1,7075,2:158,1
اعدلوا,1,7076,5:8,1
اعمل,1,7077,34:11,1
اغترف,1,7078,2:249,1
اغدوا,1,7079,68:22,1
افتح,1,7080,7:89,1
افتدت,1,7081,2:229,1
افتدى,1,7082,3:91,1
افترينا,1,7083,7:89,1
افعل,1,7084,37:102,1
اقتتل,1,7085,2:253,1
اقتحم,1,7086,90:11,1
اقتده,1,7087,6:90,1
اقتربت,1,7088,54:1,1
اقترفتموها,1,7089,9:24,1
اقتلوه,1,7090,29:24,1
اقذفيه,1,7091,20:39,1
اقرءوا,1,7092,69:19,1
اقضوا,1,7093,10:71,1
اقعدوا,1,7094,9:46,1
اقنتي,1,7095,3:43,1
اكتالوا,1,7096,83:2,1
اكتتبها,1,7097,25:5,1
اكتسب,1,7098,24:11,1
اكتسبت,1,7099,2:286,1
اكتسبن,1,7100,4:32,1
اكشف,1,7101,44:12,1
اكفر,1,7102,59:16,1
الآثمين,1,7103,5:106,1
الآفاق,1,7104,41:53,1
الآفلين,1,7105,6:76,1
الآلهة,1,7106,38:5,1
الآمرون,1,7107,9:112,1
الآمنين,1,7108,28:31,1
الآية,1,7109,79:20,1
الأبتر,1,7110,108:3,1
الأبيض,1,7111,2:187,1
الأتقى,1,7112,92:17,1
الأثيم,1,7113,44:44,1
الأجل,1,7114,28:29,1
الأجلين,1,7115,28:28,1
الأحبار,1,7116,9:34,1
الأحلام,1,7117,12:44,1
الأحمال,1,7118,65:4,1
الأحياء,1,7119,35:22,1
الأخ,1,7120,4:23,1
الأخت,1,7121,4:23,1
الأختين,1,7122,4:23,1
الأخدود,1,7123,85:4,1
الأخسرين,1,7124,21:70,1
الأخضر,1,7125,36:80,1
الأخلاء,1,7126,43:67,1
الأذقان,1,7127,36:8,1
الأذل,1,7128,63:8,1
الأذلين,1,7129,58:20,1
الأرذلون,1,7130,26:111,1
الأسرى,1,7131,8:70,1
الأسفل,1,7132,4:145,1
الأسود,1,7133,2:187,1
الأشر,1,7134,54:26,1
الأشرار,1,7135,38:62,1
الأشهر,1,7136,9:5,1
الأصنام,1,7137,14:35,1
الأطفال,1,7138,24:59,1
الأعجمين,1,7139,26:198,1
الأعداء,1,7140,7:150,1
الأعز,1,7141,63:8,1
الأعناق,1,7142,8:12,1
الأغنياء,1,7143,59:7,1
الأفئدة,1,7144,104:7,1
الأقاويل,1,7145,69:44,1
الأقدام,1,7146,8:11,1
الأقدمون,1,7147,26:76,1
الأقربين,1,7148,26:214,1
الأقصى,1,7149,17:1,1
الأكرم,1,7150,96:3,1
الأكل,1,7151,13:4,1
الأكمام,1,7152,55:11,1
الأمانات,1,7153,4:58,1
الأمانة,1,7154,33:72,1
الأماني,1,7155,57:14,1
الأمد,1,7156,57:16,1
الأمل,1,7157,15:3,1
الأمم,1,7158,35:42,1
الأموات,1,7159,35:22,1
الأنامل,1,7160,3:119,1
الأهلة,1,7161,2:189,1
الأوثان,1,7162,22:30,1
الأوفى,1,7163,53:41,1
الأوليان,1,7164,5:107,1
الأيامى,1,7165,24:32,1
الأيد,1,7166,38:17,1
الأيدي,1,7167,38:45,1
الإربة,1,7168,24:31,1
الإصباح,1,7169,6:96,1
الإصلاح,1,7170,11:88,1
الإنفاق,1,7171,17:100,1
الاسم,1,7172,49:11,1
البائس,1,7173,22:28,1
البارئ,1,7174,59:24,1
البالغة,1,7175,6:149,1
البحران,1,7176,35:12,1
البدو,1,7177,12:100,1
البروج,1,7178,85:1,1
البسط,1,7179,17:29,1
البشير,1,7180,12:96,1
البطشة,1,7181,44:16,1
البغاء,1,7182,24:33,1
البغضاء,1,7183,3:118,1
البغي,1,7184,42:39,1
البقعة,1,7185,28:30,1
البكم,1,7186,8:22,1
البلاء,1,7187,37:106,1
البلدة,1,7188,27:91,1
البنين,1,7189,37:153,1
البوار,1,7190,14:28,1
البيان,1,7191,55:4,1
التائبون,1,7192,9:112,1
التابعين,1,7193,24:31,1
التجارة,1,7194,62:11,1
التذكرة,1,7195,74:49,1
التراب,1,7196,16:59,1
التراث,1,7197,89:19,1
التراقي,1,7198,75:26,1
التعفف,1,7199,2:273,1
التغابن,1,7200,64:9,1
التقتا,1,7201,3:13,1
التقيتم,1,7202,8:44,1
التكاثر,1,7203,102:1,1
التلاق,1,7204,40:15,1
التماثيل,1,7205,21:52,1
التناد,1,7206,40:32,1
التناوش,1,7207,34:52,1
التهلكة,1,7208,2:195,1
التوابين,1,7209,2:222,1
التوب,1,7210,40:3,1
الثابت,1,7211,14:27,1
الثاقب,1,7212,86:3,1
الثالثة,1,7213,53:20,1
الثرى,1,7214,20:6,1
الثقال,1,7215,13:12,1
الثقلان,1,7216,55:31,1
الثلاثة,1,7217,9:118,1
الثلثان,1,7218,4:176,1
الثمن,1,7219,4:12,1
الجارية,1,7220,69:11,1
الجان,1,7221,55:15,1
الجاهل,1,7222,2:273,1
الجبار,1,7223,59:23,1
الجدار,1,7224,18:82,1
الجرز,1,7225,32:27,1
الجزاء,1,7226,53:41,1
الجزية,1,7227,9:29,1
الجلاء,1,7228,59:3,1
الجمعة,1,7229,62:9,1
الجمل,1,7230,7:40,1
الجميل,1,7231,15:85,1
الجنات,1,7232,42:22,1
الجنب,1,7233,4:36,1
الجنود,1,7234,85:17,1
الجوارح,1,7235,5:4,1
الجودي,1,7236,11:44,1
الجوع,1,7237,16:112,1
الجياد,1,7238,38:31,1
الحاج,1,7239,9:19,1
الحاسبين,1,7240,6:62,1
الحافرة,1,7241,79:10,1
الحامدون,1,7242,9:112,1
الحب,1,7243,6:95,1
الحبك,1,7244,51:7,1
الحجارة,1,7245,2:74,1
الحجة,1,7246,6:149,1
الحجرات,1,7247,49:4,1
الحرم,1,7248,9:5,1
الحرور,1,7249,35:21,1
الحزبين,1,7250,18:12,1
الحسرة,1,7251,19:39,1
الحسنات,1,7252,11:114,1
الحسنيين,1,7253,9:52,1
الحشر,1,7254,59:2,1
الحصيد,1,7255,50:9,1
الحطب,1,7256,111:4,1
الحكام,1,7257,2:188,1
الحلقوم,1,7258,56:83,1
الحلية,1,7259,43:18,1
الحليم,1,7260,11:87,1
الحمار,1,7261,62:5,1
الحمية,1,7262,48:26,1
الحمير,1,7263,31:19,1
الحنث,1,7264,56:46,1
الحواريين,1,7265,5:111,1
الحوايا,1,7266,6:146,1
الحول,1,7267,2:240,1
الحيوان,1,7268,29:64,1
الخائضين,1,7269,74:45,1
الخاشعين,1,7270,2:45,1
الخاطئون,1,7271,69:37,1
الخاطئين,1,7272,12:29,1
الخالدون,1,7273,21:34,1
الخالدين,1,7274,7:20,1
الخالص,1,7275,39:3,1
الخالفين,1,7276,9:83,1
الخالق,1,7277,59:24,1
الخالية,1,7278,69:24,1
الخبء,1,7279,27:25,1
الخبيثات,1,7280,24:26,1
الخراصون,1,7281,51:10,1
الخرطوم,1,7282,68:16,1
الخصم,1,7283,38:21,1
الخطفة,1,7284,37:10,1
الخلطاء,1,7285,38:24,1
الخلود,1,7286,50:34,1
الخناس,1,7287,114:4,1
الخياط,1,7288,7:40,1
الخيام,1,7289,55:72,1
الخيل,1,7290,8:60,1
الداخلين,1,7291,66:10,1
الداعي,1,7292,20:108,1
الدبر,1,7293,54:45,1
الدرك,1,7294,4:145,1
الدماء,1,7295,2:30,1
الدوائر,1,7296,9:98,1
الديار,1,7297,17:5,1
الذباب,1,7298,22:73,1
الذكران,1,7299,26:165,1
الذكور,1,7300,42:49,1
الذنب,1,7301,40:3,1
الرأس,1,7302,19:4,1
الرأي,1,7303,11:27,1
الراجفة,1,7304,79:6,1
الرادفة,1,7305,79:7,1
الراسخون,1,7306,4:162,1
الراشدون,1,7307,49:7,1
الراكعون,1,7308,9:112,1
الربانيون,1,7309,5:63,1
الرجع,1,7310,86:11,1
الرجعى,1,7311,96:8,1
الرزاق,1,7312,51:58,1
الرسولا,1,7313,33:66,1
الرشيد,1,7314,11:87,1
الرعاء,1,7315,28:23,1
الرعد,1,7316,13:13,1
الرفث,1,7317,2:187,1
الرفد,1,7318,11:99,1
الرقيب,1,7319,5:117,1
الرهب,1,7320,28:32,1
الروع,1,7321,11:74,1
الروم,1,7322,30:2,1
الزاد,1,7323,2:197,1
الزارعون,1,7324,56:64,1
الزاني,1,7325,24:3,1
الزانية,1,7326,24:2,1
الزاهدين,1,7327,12:20,1
الزبانية,1,7328,96:18,1
الزبد,1,7329,13:17,1
الزبور,1,7330,21:105,1
الزجاجة,1,7331,24:35,1
الزراع,1,7332,48:29,1
الزرع,1,7333,16:11,1
الزنا,1,7334,17:32,1
الزينة,1,7335,20:59,1
السائحون,1,7336,9:112,1
السائل,1,7337,93:10,1
السابقون,1,7338,56:10,1
الساجدون,1,7339,9:112,1
الساحرون,1,7340,10:77,1
الساخرين,1,7341,39:56,1
الساق,1,7342,75:29,1
السبل,1,7343,6:153,1
السبيلا,1,7344,33:67,1
السجل,1,7345,21:104,1
السدرة,1,7346,53:16,1
السدين,1,7347,18:93,1
السراء,1,7348,3:134,1
السرائر,1,7349,86:9,1
السرد,1,7350,34:11,1
السعي,1,7351,37:102,1
السفلى,1,7352,9:40,1
السقاية,1,7353,12:70,1
السقف,1,7354,16:26,1
السوأى,1,7355,30:10,1
السوي,1,7356,20:135,1
السيارة,1,7357,12:10,1
السير,1,7358,34:18,1
السيل,1,7359,13:17,1
الشافعين,1,7360,74:48,1
الشتاء,1,7361,106:2,1
الشح,1,7362,4:128,1
الشراب,1,7363,18:29,1
الشرك,1,7364,31:13,1
الشعر,1,7365,36:69,1
الشعرى,1,7366,53:49,1
الشقة,1,7367,9:42,1
الشكور,1,7368,34:13,1
الشهور,1,7369,9:36,1
الشوكة,1,7370,8:7,1
الصاخة,1,7371,80:33,1
الصافنات,1,7372,38:31,1
الصافون,1,7373,37:165,1
الصالح,1,7374,35:10,1
الصخر,1,7375,89:9,1
الصخرة,1,7376,18:63,1
الصدع,1,7377,86:12,1
الصدفين,1,7378,18:96,1
الصدق,1,7379,46:16,1
الصديق,1,7380,12:46,1
الصديقون,1,7381,57:19,1
الصرح,1,7382,27:44,1
الصفا,1,7383,2:158,1
الصفح,1,7384,15:85,1
الصلب,1,7385,86:7,1
الصلوات,1,7386,2:238,1
الصمد,1,7387,112:2,1
الضأن,1,7388,6:143,1
الضراء,1,7389,7:95,1
الضرر,1,7390,4:95,1
الضعف,1,7391,34:37,1
الطائفتين,1,7392,8:7,1
الطارق,1,7393,86:2,1
الطالب,1,7394,22:73,1
الطامة,1,7395,79:34,1
الطريقة,1,7396,72:16,1
الطفل,1,7397,24:31,1
الظانين,1,7398,48:6,1
الظلة,1,7399,26:189,1
الظمآن,1,7400,24:39,1
الظنونا,1,7401,33:10,1
الظهيرة,1,7402,24:58,1
العابدون,1,7403,9:112,1
العابدين,1,7404,43:81,1
العادين,1,7405,23:113,1
العاقبة,1,7406,11:49,1
العاكف,1,7407,22:25,1
العالمون,1,7408,29:43,1
العالين,1,7409,38:75,1
العاملون,1,7410,37:61,1
العدو,1,7411,63:4,1
العرم,1,7412,34:16,1
العزم,1,7413,46:35,1
العسرة,1,7414,9:117,1
العشاء,1,7415,24:58,1
العشار,1,7416,81:4,1
العشير,1,7417,22:13,1
العصف,1,7418,55:12,1
العظم,1,7419,19:4,1
العقد,1,7420,113:4,1
العقيم,1,7421,51:41,1
العلقة,1,7422,23:14,1
العلماء,1,7423,35:28,1
العليا,1,7424,9:40,1
العماد,1,7425,89:7,1
العمى,1,7426,41:17,1
العنت,1,7427,4:25,1
العين,1,7428,3:13,1
العيون,1,7429,36:34,1
الغائبين,1,7430,27:20,1
الغار,1,7431,9:40,1
الغاشية,1,7432,88:1,1
الغافرين,1,7433,7:155,1
الغافلات,1,7434,24:23,1
الغاوون,1,7435,26:224,1
الغراب,1,7436,5:31,1
الغربي,1,7437,28:44,1
الغرفات,1,7438,34:37,1
الغرفة,1,7439,25:75,1
الغرق,1,7440,10:90,1
الغروب,1,7441,50:39,1
الغضب,1,7442,7:154,1
الغلام,1,7443,18:80,1
الفؤاد,1,7444,53:11,1
الفئتان,1,7445,8:48,1
الفاتحين,1,7446,7:89,1
الفاصلين,1,7447,6:57,1
الفتاح,1,7448,34:26,1
الفتية,1,7449,18:10,1
الفجرة,1,7450,80:42,1
الفرار,1,7451,33:16,1
الفراق,1,7452,75:28,1
الفرحين,1,7453,28:76,1
الفريضة,1,7454,4:24,1
الفزع,1,7455,21:103,1
الفسوق,1,7456,49:11,1
الفقر,1,7457,2:268,1
الفقير,1,7458,22:28,1
الفلق,1,7459,113:1,1
الفيل,1,7460,105:1,1
القادر,1,7461,6:65,1
القادرون,1,7462,77:23,1
القاضية,1,7463,69:27,1
القاعدون,1,7464,4:95,1
القالين,1,7465,26:168,1
القانتين,1,7466,66:12,1
القانطين,1,7467,15:55,1
القانع,1,7468,22:36,1
القبلة,1,7469,2:143,1
القتلى,1,7470,2:178,1
القدير,1,7471,30:54,1
القرح,1,7472,3:172,1
القردة,1,7473,5:60,1
القريتين,1,7474,43:31,1
القرين,1,7475,43:38,1
القسط,1,7476,21:47,1
القسمة,1,7477,4:8,1
القصوى,1,7478,8:42,1
القطر,1,7479,34:12,1
القلائد,1,7480,5:2,1
القلب,1,7481,3:159,1
القوى,1,7482,53:5,1
القيمة,1,7483,98:5,1
الكذاب,1,7484,54:26,1
الكرة,1,7485,17:6,1
الكعبين,1,7486,5:6,1
الكفرة,1,7487,80:42,1
الكفور,1,7488,34:17,1
الكلالة,1,7489,4:176,1
الكلب,1,7490,7:176,1
الكنس,1,7491,81:16,1
الكنوز,1,7492,28:76,1
الكوافر,1,7493,60:10,1
الكوثر,1,7494,108:1,1
اللات,1,7495,53:19,1
اللاعبين,1,7496,21:55,1
اللاعنون,1,7497,2:159,1
اللذين,1,7498,41:29,1
اللمم,1,7499,53:32,1
اللهب,1,7500,77:31,1
اللهو,1,7501,62:11,1
اللوامة,1,7502,75:2,1
المآب,1,7503,3:14,1
المؤمن,1,7504,59:23,1
الماعون,1,7505,107:7,1
الماهدون,1,7506,51:48,1
المباركة,1,7507,28:30,1
المبثوث,1,7508,101:4,1
المبذرين,1,7509,17:27,1
المتربصين,1,7510,52:31,1
المتصدقين,1,7511,12:88,1
المتطهرين,1,7512,2:222,1
المتعال,1,7513,13:9,1
المتكبر,1,7514,59:23,1
المتكلفين,1,7515,38:86,1
المتلقيان,1,7516,50:17,1
المتنافسون,1,7517,83:26,1
المتوكلين,1,7518,3:159,1
المتين,1,7519,51:58,1
المثاني,1,7520,15:87,1
المثلات,1,7521,13:6,1
المثلى,1,7522,20:63,1
المجالس,1,7523,58:11,1
المجرم,1,7524,70:11,1
المجيبون,1,7525,37:75,1
المحال,1,7526,13:13,1
المحتظر,1,7527,54:31,1
المحرم,1,7528,14:37,1
المخاض,1,7529,19:23,1
المخبتين,1,7530,22:34,1
المخرجين,1,7531,26:167,1
المخسرين,1,7532,26:181,1
المدثر,1,7533,74:1,1
المدحضين,1,7534,37:141,1
المر,1,7535,13:1,1
المراضع,1,7536,28:12,1
المرافق,1,7537,5:6,1
المرجومين,1,7538,26:116,1
المرضى,1,7539,9:91,1
المرعى,1,7540,87:4,1
المرفود,1,7541,11:99,1
المرفوع,1,7542,52:5,1
المزمل,1,7543,73:1,1
المزن,1,7544,56:69,1
المس,1,7545,2:275,1
المساق,1,7546,75:30,1
المسبحون,1,7547,37:166,1
المسبحين,1,7548,37:143,1
المستأخرين,1,7549,15:24,1
المستبين,1,7550,37:117,1
المستضعفين,1,7551,4:98,1
المستقدمين,1,7552,15:24,1
المستقر,1,7553,75:12,1
المستكبرين,1,7554,16:23,1
المستهزئين,1,7555,15:95,1
المسجور,1,7556,52:6,1
المسجونين,1,7557,26:29,1
المسخر,1,7558,2:164,1
المسكنة,1,7559,3:112,1
المسلمون,1,7560,72:14,1
المسومة,1,7561,3:14,1
المسيء,1,7562,40:58,1
المشركات,1,7563,2:221,1
المشعر,1,7564,2:198,1
المص,1,7565,7:1,1
المصباح,1,7566,24:35,1
المصطفين,1,7567,38:47,1
المصلح,1,7568,2:220,1
المصور,1,7569,59:24,1
المصيطرون,1,7570,52:37,1
المضطر,1,7571,27:62,1
المضعفون,1,7572,30:39,1
المضغة,1,7573,23:14,1
المضلين,1,7574,18:51,1
المطمئنة,1,7575,89:27,1
المطهرون,1,7576,56:79,1
المطهرين,1,7577,9:108,1
المطوعين,1,7578,9:79,1
المعارج,1,7579,70:3,1
المعتبين,1,7580,41:24,1
المعتدون,1,7581,9:10,1
المعذبين,1,7582,26:213,1
المعذرون,1,7583,9:90,1
المعروف,1,7584,9:67,1
المعز,1,7585,6:143,1
المعصرات,1,7586,78:14,1
المعمور,1,7587,52:4,1
المعوقين,1,7588,33:18,1
المغرب,1,7589,2:258,1
المغربين,1,7590,55:17,1
المغرقين,1,7591,11:43,1
المغشي,1,7592,47:20,1
المغضوب,1,7593,1:7,1
المفترين,1,7594,7:152,1
المفتون,1,7595,68:6,1
المفر,1,7596,75:10,1
المفسد,1,7597,2:220,1
المفسدون,1,7598,2:12,1
المفلحين,1,7599,28:67,1
المقابر,1,7600,102:2,1
المقامة,1,7601,35:35,1
المقبوحين,1,7602,28:42,1
المقتر,1,7603,2:236,1
المقتسمين,1,7604,15:90,1
المقدسة,1,7605,5:21,1
المقنطرة,1,7606,3:14,1
المكذبون,1,7607,56:51,1
المكنون,1,7608,56:23,1
المكيدون,1,7609,52:42,1
الملة,1,7610,38:7,1
الملعونة,1,7611,17:60,1
الملقين,1,7612,7:115,1
الملكين,1,7613,2:102,1
الملوك,1,7614,27:34,1
الممات,1,7615,17:75,1
المناد,1,7616,50:41,1
المنام,1,7617,37:102,1
المنتصرين,1,7618,28:81,1
المنزلون,1,7619,56:69,1
المنشآت,1,7620,55:24,1
المنشئون,1,7621,56:72,1
المنصورون,1,7622,37:172,1
المنفوش,1,7623,101:5,1
المنون,1,7624,52:30,1
المهتدون,1,7625,2:157,1
المهتدي,1,7626,7:178,1
المهلكين,1,7627,23:48,1
المهيمن,1,7628,59:23,1
الموءودة,1,7629,81:8,1
الموازين,1,7630,21:47,1
الموالي,1,7631,19:5,1
الموتة,1,7632,44:56,1
المودة,1,7633,42:23,1
المورود,1,7634,11:98,1
الموسع,1,7635,2:236,1
الموعود,1,7636,85:2,1
الموقدة,1,7637,104:6,1
الموقنين,1,7638,6:75,1
المولود,1,7639,2:233,1
الميثاق,1,7640,13:20,1
الميل,1,7641,4:129,1
النادمين,1,7642,5:31,1
الناصرين,1,7643,3:150,1
الناظرين,1,7644,2:69,1
الناقور,1,7645,74:8,1
النبإ,1,7646,78:2,1
النجاة,1,7647,40:41,1
النجدين,1,7648,90:10,1
النجم,1,7649,86:3,1
النحل,1,7650,16:68,1
النخيل,1,7651,16:67,1
النسوة,1,7652,12:50,1
النسيء,1,7653,9:37,1
النصب,1,7654,5:3,1
النصف,1,7655,4:11,1
النطفة,1,7656,23:14,1
النعاس,1,7657,8:11,1
النعم,1,7658,5:95,1
النعمة,1,7659,73:11,1
النفاثات,1,7660,113:4,1
النفاق,1,7661,9:101,1
النفوس,1,7662,81:7,1
النون,1,7663,21:87,1
الهالكين,1,7664,12:85,1
الهدهد,1,7665,27:20,1
الهيم,1,7666,56:55,1
الواد,1,7667,28:30,1
الوارث,1,7668,2:233,1
الواعظين,1,7669,26:136,1
الوالدين,1,7670,4:135,1
الوتين,1,7671,69:46,1
الوثاق,1,7672,47:4,1
الوحوش,1,7673,81:5,1
الودود,1,7674,85:14,1
الورد,1,7675,11:98,1
الوريد,1,7676,50:16,1
الوزن,1,7677,55:9,1
الوسطى,1,7678,2:238,1
الوسواس,1,7679,114:4,1
الوقود,1,7680,85:5,1
الوكيل,1,7681,3:173,1
الولاية,1,7682,18:44,1
الويل,1,7683,21:18,1
الياقوت,1,7684,55:58,1
اليسر,1,7685,2:185,1
امتحن,1,7686,49:3,1
امتلأت,1,7687,50:30,1
امرأ,1,7688,19:28,1
امرأتين,1,7689,28:23,1
امرؤ,1,7690,4:176,1
امشوا,1,7691,38:6,1
انبعاثهم,1,7692,9:46,1
انبعث,1,7693,91:12,1
انتبذت,1,7694,19:16,1
انتثرت,1,7695,82:2,1
انتصر,1,7696,42:41,1
انتظروا,1,7697,6:158,1
انتقمنا,1,7698,43:55,1
انسلخ,1,7699,9:5,1
انشزوا,1,7700,58:11,1
انصرفوا,1,7701,9:127,1
انطلقتم,1,7702,48:15,1
انظرنا,1,7703,2:104,1
انظرونا,1,7704,57:13,1
انفخوا,1,7705,18:96,1
انفصام,1,7706,2:256,1
انفضوا,1,7707,62:11,1
انفطرت,1,7708,82:1,1
انقص,1,7709,73:3,1
انقلب,1,7710,22:11,1
انكدرت,1,7711,81:2,1
اهبط,1,7712,11:48,1
اهبطا,1,7713,20:123,1
اهتديت,1,7714,34:50,1
اهتديتم,1,7715,5:105,1
اهدنا,1,7716,1:6,1
بآخذيه,1,7717,2:267,1
بآخرين,1,7718,4:133,1
بآل,1,7719,40:45,1
بآنية,1,7720,76:15,1
بأبصارهم,1,7721,68:51,1
بأحسنها,1,7722,7:145,1
بأحكم,1,7723,95:8,1
بأخ,1,7724,12:59,1
بأخيك,1,7725,28:35,1
بأرجلهن,1,7726,24:31,1
بأسماء,1,7727,2:31,1
بأسه,1,7728,6:147,1
بأسهم,1,7729,59:14,1
بأشياعهم,1,7730,34:54,1
بأصحاب,1,7731,105:1,1
بأعدائكم,1,7732,4:45,1
بأكواب,1,7733,56:18,1
بألسنة,1,7734,33:19,1
بألسنتكم,1,7735,24:15,1
بألف,1,7736,8:9,1
بأمانيكم,1,7737,4:123,1
بأمرهم,1,7738,12:15,1
بأنعام,1,7739,26:133,1
بأنعم,1,7740,16:112,1
بأنكم,1,7741,45:35,1
بأننا,1,7742,5:111,1
بأهدى,1,7743,43:24,1
بأهلكم,1,7744,12:93,1
بأهوائهم,1,7745,6:119,1
بأوعيتهم,1,7746,12:76,1
بأيام,1,7747,14:5,1
بأيد,1,7748,51:47,1
بأيدي,1,7749,80:15,1
بأيدينا,1,7750,9:52,1
بأيكم,1,7751,68:6,1
بإبراهيم,1,7752,3:68,1
بإثمي,1,7753,5:29,1
بإخراج,1,7754,9:13,1
بإلحاد,1,7755,22:25,1
بإمامهم,1,7756,17:71,1
بإيمان,1,7757,52:21,1
بإيمانكم,1,7758,4:25,1
بإيمانهم,1,7759,10:9,1
بإيمانهن,1,7760,60:10,1
بئيس,1,7761,7:165,1
باتخاذكم,1,7762,2:54,1
بادون,1,7763,33:20,1
بادي,1,7764,11:27,1
بارزة,1,7765,18:47,1
بارزون,1,7766,40:16,1
بازغا,1,7767,6:77,1
بازغة,1,7768,6:78,1
باسرة,1,7769,75:24,1
باسط,1,7770,18:18,1
باسطو,1,7771,6:93,1
باسقات,1,7772,50:10,1
باشروهن,1,7773,2:187,1
باطنه,1,7774,57:13,1
باعد,1,7775,34:19,1
باق,1,7776,16:96,1
بالأبصار,1,7777,24:43,1
بالأحقاف,1,7778,46:21,1
بالأخسرين,1,7779,18:103,1
بالأذن,1,7780,5:45,1
بالأزلام,1,7781,5:3,1
بالأسحار,1,7782,3:17,1
بالألقاب,1,7783,49:11,1
بالأمن,1,7784,6:81,1
بالأنف,1,7785,5:45,1
بالإفك,1,7786,24:11,1
بالبصر,1,7787,54:50,1
بالبيت,1,7788,22:29,1
بالتقوى,1,7789,96:12,1
بالتوراة,1,7790,3:93,1
بالجبت,1,7791,4:51,1
بالجنب,1,7792,4:36,1
بالجنة,1,7793,41:30,1
بالجنود,1,7794,2:249,1
بالحج,1,7795,22:27,1
بالحجاب,1,7796,38:32,1
بالحر,1,7797,2:178,1
بالحسنات,1,7798,7:168,1
بالخاطئة,1,7799,69:9,1
بالخلق,1,7800,50:15,1
بالخنس,1,7801,81:15,1
بالخيرات,1,7802,35:32,1
بالدهن,1,7803,23:20,1
بالذكر,1,7804,41:41,1
بالرسل,1,7805,2:87,1
بالروح,1,7806,16:2,1
بالساحل,1,7807,20:39,1
بالساق,1,7808,75:29,1
بالساهرة,1,7809,79:14,1
بالسن,1,7810,5:45,1
بالسنين,1,7811,7:130,1
بالسوق,1,7812,38:33,1
بالشاكرين,1,7813,6:53,1
بالشفق,1,7814,84:16,1
بالشمس,1,7815,2:258,1
بالشهادة,1,7816,5:108,1
بالشهداء,1,7817,24:13,1
بالشهر,1,7818,2:194,1
بالطاغوت,1,7819,2:256,1
بالطاغية,1,7820,69:5,1
بالطيب,1,7821,4:2,1
بالعبد,1,7822,2:178,1
بالعرف,1,7823,7:199,1
بالعصبة,1,7824,28:76,1
بالعقود,1,7825,5:1,1
بالعمرة,1,7826,2:196,1
بالعهد,1,7827,17:34,1
بالعين,1,7828,5:45,1
بالغمام,1,7829,25:25,1
بالغوه,1,7830,7:135,1
بالغيه,1,7831,16:7,1
بالفتح,1,7832,5:52,1
بالقارعة,1,7833,69:4,1
بالقعود,1,7834,9:83,1
بالقلم,1,7835,96:4,1
بالمرحمة,1,7836,90:17,1
بالمعتدين,1,7837,6:119,1
بالمغفرة,1,7838,2:175,1
بالملإ,1,7839,38:69,1
بالملائكة,1,7840,15:7,1
بالملك,1,7841,2:247,1
بالمن,1,7842,2:264,1
بالمنكر,1,7843,9:67,1
بالناصية,1,7844,96:15,1
بالنبيين,1,7845,39:69,1
بالنواصي,1,7846,55:41,1
بالهزل,1,7847,86:14,1
بالوحي,1,7848,21:45,1
بالوصيد,1,7849,18:18,1
بالوعيد,1,7850,50:28,1
بايعتم,1,7851,9:111,1
ببابل,1,7852,2:102,1
بباسط,1,7853,5:28,1
ببالغه,1,7854,13:14,1
ببالغيه,1,7855,40:56,1
ببدر,1,7856,3:123,1
ببدنك,1,7857,10:92,1
ببضاعة,1,7858,12:88,1
ببطن,1,7859,48:24,1
ببعضها,1,7860,2:73,1
ببغيهم,1,7861,6:146,1
ببكة,1,7862,3:96,1
ببنيه,1,7863,70:11,1
ببهتان,1,7864,60:12,1
ببيعكم,1,7865,9:111,1
بتاركي,1,7866,11:53,1
بتحية,1,7867,4:86,1
بث,1,7868,42:29,1
بثالث,1,7869,36:14,1
بثلاثة,1,7870,3:124,1
بثمره,1,7871,18:42,1
بثمن,1,7872,12:20,1
بثي,1,7873,12:86,1
بجالوت,1,7874,2:249,1
بجبار,1,7875,50:45,1
بجذع,1,7876,19:25,1
بجناحيه,1,7877,6:38,1
بجنتيهم,1,7878,34:16,1
بجنوده,1,7879,20:78,1
بحاملين,1,7880,29:12,1
بحجارة,1,7881,105:4,1
بحديث,1,7882,52:34,1
بحر,1,7883,24:40,1
بحرب,1,7884,2:279,1
بحسبان,1,7885,55:5,1
بحق,1,7886,5:116,1
بحكمه,1,7887,27:78,1
بحمدك,1,7888,2:30,1
بحيرة,1,7889,5:103,1
بخارج,1,7890,6:122,1
بخازنين,1,7891,15:22,1
بخالصة,1,7892,38:46,1
بخس,1,7893,12:20,1
بخسا,1,7894,72:13,1
بخل,1,7895,92:8,1
بخلاقكم,1,7896,9:69,1
بخلقهن,1,7897,46:33,1
بخمرهن,1,7898,24:31,1
بخمسة,1,7899,3:125,1
بخيلك,1,7900,17:64,1
بدءوكم,1,7901,9:13,1
بدأ,1,7902,29:20,1
بدأكم,1,7903,7:29,1
بدأنا,1,7904,21:104,1
بدخان,1,7905,44:10,1
بدعا,1,7906,46:9,1
بدعاء,1,7907,19:48,1
بدعائك,1,7908,19:4,1
بدل,1,7909,27:11,1
بدلا,1,7910,18:50,1
بدلناهم,1,7911,4:56,1
بدم,1,7912,12:18,1
بدين,1,7913,2:282,1
بدينار,1,7914,3:75,1
بدينكم,1,7915,49:16,1
بذبح,1,7916,37:107,1
بذكرهم,1,7917,23:71,1
بذنبه,1,7918,29:40,1
بذنوبكم,1,7919,5:18,1
بذنوبنا,1,7920,40:11,1
برءوسكم,1,7921,5:6,1
برآء,1,7922,60:4,1
برأس,1,7923,7:150,1
برأسي,1,7924,20:94,1
براء,1,7925,43:26,1
برادي,1,7926,16:71,1
برازقين,1,7927,15:20,1
بربه,1,7928,72:13,1
بربوة,1,7929,2:265,1
برجال,1,7930,72:6,1
برجلك,1,7931,38:42,1
برحمتنا,1,7932,12:56,1
برد,1,7933,24:43,1
بردهن,1,7934,2:228,1
بررة,1,7935,80:16,1
برزخا,1,7936,25:53,1
برزق,1,7937,18:19,1
برسالاتي,1,7938,7:144,1
برسلنا,1,7939,57:27,1
برسلي,1,7940,5:12,1
برسول,1,7941,61:6,1
برسوله,1,7942,57:28,1
برسولهم,1,7943,40:5,1
برشيد,1,7944,11:97,1
برق,1,7945,75:7,1
برقه,1,7946,24:43,1
بركات,1,7947,7:96,1
بركنه,1,7948,51:39,1
برهانان,1,7949,28:32,1
بروج,1,7950,4:78,1
بريئا,1,7951,4:112,1
بريئون,1,7952,10:41,1
بسؤال,1,7953,38:24,1
بسا,1,7954,56:5,1
بساحتهم,1,7955,37:177,1
بساطا,1,7956,71:19,1
بسبب,1,7957,22:15,1
بسحرك,1,7958,20:57,1
بسحره,1,7959,26:35,1
بسحرهما,1,7960,20:63,1
بسخط,1,7961,3:162,1
بسط,1,7962,42:27,1
بسطت,1,7963,5:28,1
بسكارى,1,7964,22:2,1
بسمعهم,1,7965,2:20,1
بسور,1,7966,57:13,1
بشراكم,1,7967,57:12,1
بشرر,1,7968,77:32,1
بشرككم,1,7969,35:14,1
بشرناك,1,7970,15:55,1
بشق,1,7971,16:7,1
بشماله,1,7972,69:25,1
بشهاب,1,7973,27:7,1
بشهاداتهم,1,7974,70:33,1
بشهيد,1,7975,4:41,1
بصاحبكم,1,7976,34:46,1
بصاحبهم,1,7977,7:184,1
بصحاف,1,7978,43:71,1
بصدقة,1,7979,4:114,1
بصدقهم,1,7980,33:24,1
بصرت,1,7981,20:96,1
بصره,1,7982,45:23,1
بصلاتك,1,7983,17:110,1
بصوتك,1,7984,17:64,1
بضارهم,1,7985,58:10,1
بضارين,1,7986,2:102,1
بضاعة,1,7987,12:19,1
بضاعتنا,1,7988,12:65,1
بضنين,1,7989,81:24,1
بضياء,1,7990,28:71,1
بطائنها,1,7991,55:54,1
بطانة,1,7992,3:118,1
بطرا,1,7993,8:47,1
بطرت,1,7994,28:58,1
بطريقتكم,1,7995,20:63,1
بطش,1,7996,85:12,1
بطشتنا,1,7997,54:36,1
بطغواها,1,7998,91:11,1
بطني,1,7999,3:35,1
بطونه,1,8000,16:66,1
بظاهر,1,8001,13:33,1
بعاد,1,8002,89:6,1
بعالمين,1,8003,12:44,1
بعبادة,1,8004,18:110,1
بعبده,1,8005,17:1,1
بعثر,1,8006,100:9,1
بعثرت,1,8007,82:4,1
بعثكم,1,8008,31:28,1
بعثناكم,1,8009,2:56,1
بعثه,1,8010,2:259,1
بعدتهم,1,8011,18:22,1
بعدك,1,8012,20:85,1
بعدكم,1,8013,6:133,1
بعدهن,1,8014,24:58,1
بعذابكم,1,8015,4:147,1
بعرشها,1,8016,27:38,1
بعزة,1,8017,26:44,1
بعصم,1,8018,60:10,1
بعظم,1,8019,6:146,1
بعلا,1,8020,37:125,1
بعلها,1,8021,4:128,1
بعلي,1,8022,11:72,1
بعهدكم,1,8023,2:40,1
بعهدهم,1,8024,2:177,1
بعهدي,1,8025,2:40,1
بعورة,1,8026,33:13,1
بعوضة,1,8027,2:26,1
بغائبين,1,8028,82:16,1
بغت,1,8029,49:9,1
بغرور,1,8030,7:22,1
بغم,1,8031,3:153,1
بغى,1,8032,38:22,1
بغي,1,8033,22:60,1
بغيظكم,1,8034,3:119,1
بغيظهم,1,8035,33:25,1
بغيكم,1,8036,10:23,1
بفاتنين,1,8037,37:162,1
بفضل,1,8038,10:58,1
بقبس,1,8039,20:10,1
بقبول,1,8040,3:37,1
بقدرها,1,8041,13:17,1
بقرآن,1,8042,10:15,1
بقربان,1,8043,3:183,1
بقريب,1,8044,11:81,1
بقلها,1,8045,2:61,1
بقميصي,1,8046,12:93,1
بقنطار,1,8047,3:75,1
بقي,1,8048,2:278,1
بقية,1,8049,11:116,1
بقيت,1,8050,11:86,1
بقيعة,1,8051,24:39,1
بكأس,1,8052,37:45,1
بكاف,1,8053,39:36,1
بكافرين,1,8054,6:89,1
بكاهن,1,8055,52:29,1
بكت,1,8056,44:29,1
بكتابكم,1,8057,37:157,1
بكتابي,1,8058,27:28,1
بكر,1,8059,2:68,1
بكفرك,1,8060,39:8,1
بكيدهن,1,8061,12:50,1
بلاغا,1,8062,72:23,1
بلحيتي,1,8063,20:94,1
بلدا,1,8064,2:126,1
بلغا,1,8065,18:61,1
بلغني,1,8066,3:40,1
بلونا,1,8067,68:17,1
بلوناهم,1,8068,68:17,1
بليغا,1,8069,4:63,1
بليل,1,8070,28:72,1
بم,1,8071,27:35,1
بمؤمن,1,8072,12:17,1
بمال,1,8073,27:36,1
بمثلها,1,8074,10:27,1
بمخرجين,1,8075,15:48,1
بمزحزحه,1,8076,2:96,1
بمستيقنين,1,8077,45:32,1
بمسمع,1,8078,35:22,1
بمصر,1,8079,10:87,1
بمصرخكم,1,8080,14:22,1
بمصرخي,1,8081,14:22,1
بمصيطر,1,8082,88:22,1
بمعجز,1,8083,46:32,1
بمغفرة,1,8084,36:11,1
بمفازة,1,8085,3:188,1
بمفازتهم,1,8086,39:61,1
بمقدار,1,8087,13:8,1
بمقعدهم,1,8088,9:81,1
بمكرهن,1,8089,12:31,1
بملكنا,1,8090,20:87,1
بملوم,1,8091,51:54,1
بمنشرين,1,8092,44:35,1
بمواقع,1,8093,56:75,1
بموسى,1,8094,7:131,1
بميت,1,8095,14:17,1
بميتين,1,8096,37:58,1
بميثاقهم,1,8097,4:154,1
بنات,1,8098,43:16,1
بناتك,1,8099,11:79,1
بناصيتها,1,8100,11:56,1
بنان,1,8101,8:12,1
بنانه,1,8102,75:4,1
بنخل,1,8103,18:32,1
بنصب,1,8104,38:41,1
بنصر,1,8105,30:5,1
بنعمته,1,8106,3:103,1
بنفسك,1,8107,17:14,1
بنميم,1,8108,68:11,1
بنهر,1,8109,2:249,1
بنو,1,8110,10:90,1
بنوا,1,8111,9:110,1
بنور,1,8112,39:69,1
بنورهم,1,8113,2:17,1
بنون,1,8114,26:88,1
بنيان,1,8115,61:4,1
بنيه,1,8116,2:132,1
بهاد,1,8117,30:53,1
بهادي,1,8118,27:81,1
بهتان,1,8119,24:16,1
بهجة,1,8120,27:60,1
بهدية,1,8121,27:35,1
بهديتكم,1,8122,27:36,1
بواحدة,1,8123,34:46,1
بواد,1,8124,14:37,1
بوالدتي,1,8125,19:32,1
بوجهه,1,8126,39:24,1
بورقكم,1,8127,18:19,1
بورك,1,8128,27:8,1
بولده,1,8129,2:233,1
بولدها,1,8130,2:233,1
بيان,1,8131,3:138,1
بيانه,1,8132,75:19,1
بيته,1,8133,4:100,1
بيتها,1,8134,12:23,1
بيحيى,1,8135,3:39,1
بيدي,1,8136,38:75,1
بيناه,1,8137,2:159,1
بينت,1,8138,35:40,1
بينهن,1,8139,65:12,1
بيوتنا,1,8140,33:13,1
بيوتهن,1,8141,65:1,1
بيوسف,1,8142,12:89,1
تأتنا,1,8143,7:132,1
تأتوا,1,8144,2:189,1
تأتوننا,1,8145,37:28,1
تأتوني,1,8146,12:60,1
تأثيم,1,8147,52:23,1
تأثيما,1,8148,56:25,1
تأجرني,1,8149,28:27,1
تأخذ,1,8150,20:94,1
تأخذكم,1,8151,24:2,1
تأخذه,1,8152,2:255,1
تأخذهم,1,8153,36:49,1
تأخذونه,1,8154,4:21,1
تأخذونها,1,8155,48:20,1
تأسوا,1,8156,57:23,1
تأكله,1,8157,3:183,1
تأكلوها,1,8158,4:6,1
تأمرك,1,8159,11:87,1
تأمرنا,1,8160,25:60,1
تأمرهم,1,8161,52:32,1
تأمروننا,1,8162,34:33,1
تأمروني,1,8163,39:64,1
تأمرين,1,8164,27:33,1
تأمنا,1,8165,12:11,1
تؤاخذنا,1,8166,2:286,1
تؤاخذني,1,8167,18:73,1
تؤتوا,1,8168,4:5,1
تؤتون,1,8169,12:66,1
تؤتونهن,1,8170,4:127,1
تؤتوه,1,8171,5:41,1
تؤثرون,1,8172,87:16,1
تؤدوا,1,8173,4:58,1
تؤذوا,1,8174,33:53,1
تؤذونني,1,8175,61:5,1
تؤزهم,1,8176,19:83,1
تؤويه,1,8177,70:13,1
تائبات,1,8178,66:5,1
تابا,1,8179,4:16,1
تارك,1,8180,11:12,1
تباب,1,8181,40:37,1
تبارا,1,8182,71:28,1
تباشروهن,1,8183,2:187,1
تبايعتم,1,8184,2:282,1
تبتغون,1,8185,4:94,1
تبتيلا,1,8186,73:8,1
تبخلوا,1,8187,47:37,1
تبدونها,1,8188,6:91,1
تبدوه,1,8189,3:29,1
تبذر,1,8190,17:26,1
تبذيرا,1,8191,17:26,1
تبرءوا,1,8192,2:167,1
تبرأنا,1,8193,28:63,1
تبرج,1,8194,33:33,1
تبرجن,1,8195,33:33,1
تبرنا,1,8196,25:39,1
تبروا,1,8197,2:224,1
تبروهم,1,8198,60:8,1
تبسطها,1,8199,17:29,1
تبسل,1,8200,6:70,1
تبشرون,1,8201,15:54,1
تبصرة,1,8202,50:8,1
تبعثون,1,8203,23:16,1
تبعني,1,8204,14:36,1
تبعوا,1,8205,2:145,1
تبغ,1,8206,28:77,1
تبغوا,1,8207,4:34,1
تبغونها,1,8208,3:99,1
تبغي,1,8209,49:9,1
تبقي,1,8210,74:28,1
تبكون,1,8211,53:60,1
تبلغ,1,8212,17:37,1
تبلو,1,8213,10:30,1
تبلى,1,8214,86:9,1
تبوء,1,8215,5:29,1
تبوءوا,1,8216,59:9,1
تبوآ,1,8217,10:87,1
تبوئ,1,8218,3:121,1
تبور,1,8219,35:29,1
تبيانا,1,8220,16:89,1
تبيد,1,8221,18:35,1
تبيض,1,8222,3:106,1
تبيعا,1,8223,17:69,1
تبينت,1,8224,34:14,1
تتبدلوا,1,8225,4:2,1
تتبعان,1,8226,10:89,1
تتبعن,1,8227,20:93,1
تتبعها,1,8228,79:7,1
تتبعونا,1,8229,48:15,1
تتبيب,1,8230,11:101,1
تتجافى,1,8231,32:16,1
تتخذ,1,8232,18:86,1
تتركه,1,8233,7:176,1
تتركوا,1,8234,9:16,1
تترى,1,8235,23:44,1
تتفرقوا,1,8236,42:13,1
تتفكروا,1,8237,34:46,1
تتقلب,1,8238,24:37,1
تتكبر,1,8239,7:13,1
تتلون,1,8240,2:44,1
تتمارى,1,8241,53:55,1
تتمنوا,1,8242,4:32,1
تتناجوا,1,8243,58:9,1
تتنزل,1,8244,41:30,1
تتوبا,1,8245,66:4,1
تثبيتا,1,8246,4:66,1
تثريب,1,8247,12:92,1
تثقفنهم,1,8248,8:57,1
تثير,1,8249,2:71,1
تجأروا,1,8250,23:65,1
تجأرون,1,8251,16:53,1
تجادلك,1,8252,58:1,1
تجادلوا,1,8253,29:46,1
تجارتهم,1,8254,2:16,1
تجتنبوا,1,8255,4:31,1
تجرمون,1,8256,11:35,1
تجريان,1,8257,55:50,1
تجسسوا,1,8258,49:12,1
تجعلونه,1,8259,6:91,1
تجمعوا,1,8260,4:23,1
تجهروا,1,8261,49:2,1
تجوع,1,8262,20:118,1
تحاضون,1,8263,89:18,1
تحاوركما,1,8264,58:1,1
تحبرون,1,8265,43:70,1
تحبسونهما,1,8266,5:106,1
تحبط,1,8267,49:2,1
تحبوا,1,8268,2:216,1
تحبونها,1,8269,61:13,1
تحبونهم,1,8270,3:119,1
تحتك,1,8271,19:24,1
تحته,1,8272,18:82,1
تحتي,1,8273,43:51,1
تحدث,1,8274,99:4,1
تحذرون,1,8275,9:64,1
تحرثون,1,8276,56:63,1
تحرص,1,8277,16:37,1
تحرك,1,8278,75:16,1
تحرم,1,8279,66:1,1
تحرموا,1,8280,5:87,1
تحروا,1,8281,72:14,1
تحرير,1,8282,5:89,1
تحس,1,8283,19:98,1
تحسب,1,8284,25:44,1
تحسبنهم,1,8285,3:188,1
تحسبها,1,8286,27:88,1
تحسبهم,1,8287,59:14,1
تحسبوه,1,8288,24:11,1
تحسدوننا,1,8289,48:15,1
تحسنوا,1,8290,4:128,1
تحسونهم,1,8291,3:152,1
تحصنا,1,8292,24:33,1
تحصنون,1,8293,12:48,1
تحصوه,1,8294,73:20,1
تحكم,1,8295,39:46,1
تحكموا,1,8296,4:58,1
تحلة,1,8297,66:2,1
تحلقوا,1,8298,2:196,1
تحلوا,1,8299,5:2,1
تحملنا,1,8300,2:286,1
تحنث,1,8301,38:44,1
تحيد,1,8302,50:19,1
تحيطوا,1,8303,27:84,1
تحيون,1,8304,7:25,1
تحيي,1,8305,2:260,1
تخاصم,1,8306,38:64,1
تخاف,1,8307,20:77,1
تخافا,1,8308,20:46,1
تخافت,1,8309,17:110,1
تخافن,1,8310,8:58,1
تخافوا,1,8311,41:30,1
تخافونهم,1,8312,30:28,1
تخافوهم,1,8313,3:175,1
تخافي,1,8314,28:7,1
تخالطوهم,1,8315,2:220,1
تختانون,1,8316,2:187,1
تختصموا,1,8317,50:28,1
تختصمون,1,8318,39:31,1
تخرجوا,1,8319,9:83,1
تخرجوهن,1,8320,65:1,1
تخرصون,1,8321,6:148,1
تخرق,1,8322,17:37,1
تخزنا,1,8323,3:194,1
تخزني,1,8324,26:87,1
تخسروا,1,8325,55:9,1
تخسير,1,8326,11:63,1
تخشاه,1,8327,33:37,1
تخشع,1,8328,57:16,1
تخشوا,1,8329,5:44,1
تخشون,1,8330,9:24,1
تخشوه,1,8331,9:13,1
تخشى,1,8332,20:77,1
تخضعن,1,8333,33:32,1
تخطه,1,8334,29:48,1
تخفوا,1,8335,3:29,1
تخفوها,1,8336,2:271,1
تخفى,1,8337,69:18,1
تخفيف,1,8338,2:178,1
تخلدون,1,8339,26:129,1
تخلف,1,8340,3:194,1
تخلفه,1,8341,20:97,1
تخلق,1,8342,5:110,1
تخلقونه,1,8343,56:59,1
تخوف,1,8344,16:47,1
تخونوا,1,8345,8:27,1
تخويفا,1,8346,17:59,1
تخيرون,1,8347,68:38,1
تداركه,1,8348,68:49,1
تداينتم,1,8349,2:282,1
تدخرون,1,8350,3:49,1
تدخل,1,8351,3:192,1
تدخلوها,1,8352,24:28,1
تدرك,1,8353,36:40,1
تدركه,1,8354,6:103,1
تدرون,1,8355,4:11,1
تدعهم,1,8356,18:57,1
تدعو,1,8357,70:17,1
تدعوننا,1,8358,14:9,1
تدعونه,1,8359,6:63,1
تدعى,1,8360,45:28,1
تدمر,1,8361,46:25,1
تدهن,1,8362,68:9,1
تدور,1,8363,33:19,1
تديرونها,1,8364,2:282,1
تذبحوا,1,8365,2:67,1
تذرني,1,8366,21:89,1
تذرهم,1,8367,71:27,1
تذروه,1,8368,18:45,1
تذليلا,1,8369,76:14,1
تذهب,1,8370,35:8,1
تذهبوا,1,8371,12:13,1
تذهبون,1,8372,81:26,1
تذهل,1,8373,22:2,1
تذودان,1,8374,28:23,1
تراءت,1,8375,8:48,1
تراءى,1,8376,26:61,1
تراضوا,1,8377,2:232,1
تراضيتم,1,8378,4:24,1
تراهم,1,8379,48:29,1
تراود,1,8380,12:30,1
تربص,1,8381,2:226,1
تربصوا,1,8382,52:31,1
تربصون,1,8383,9:52,1
ترتابوا,1,8384,2:282,1
ترتدوا,1,8385,5:21,1
ترثوا,1,8386,4:19,1
ترجعونها,1,8387,56:87,1
ترجعوهن,1,8388,60:10,1
ترجمون,1,8389,44:20,1
ترجو,1,8390,28:86,1
ترجون,1,8391,71:13,1
ترجوها,1,8392,17:28,1
ترجي,1,8393,33:51,1
ترد,1,8394,5:108,1
تردى,1,8395,92:11,1
ترزقانه,1,8396,12:37,1
ترضاها,1,8397,2:144,1
ترضوا,1,8398,9:96,1
ترضون,1,8399,2:282,1
ترضونها,1,8400,9:24,1
ترفع,1,8401,24:36,1
ترفعوا,1,8402,49:2,1
ترقب,1,8403,20:94,1
ترقى,1,8404,17:93,1
تركبون,1,8405,43:12,1
تركتموها,1,8406,59:5,1
تركضوا,1,8407,21:13,1
تركنا,1,8408,29:35,1
تركناها,1,8409,54:15,1
تركنوا,1,8410,11:113,1
ترمي,1,8411,77:32,1
ترميهم,1,8412,105:4,1
ترن,1,8413,18:39,1
ترهبون,1,8414,8:60,1
ترهقني,1,8415,18:73,1
ترهقها,1,8416,80:41,1
ترونهم,1,8417,7:27,1
تريحون,1,8418,16:6,1
ترين,1,8419,19:26,1
تريني,1,8420,23:93,1
تزال,1,8421,5:13,1
تزاور,1,8422,18:17,1
تزداد,1,8423,13:8,1
تزدري,1,8424,11:31,1
تزرعون,1,8425,12:47,1
تزرعونه,1,8426,56:64,1
تزغ,1,8427,3:8,1
تزكوا,1,8428,53:32,1
تزولا,1,8429,35:41,1
تزيدونني,1,8430,11:63,1
تزيلوا,1,8431,48:25,1
تسأل,1,8432,2:119,1
تسألن,1,8433,11:46,1
تسألني,1,8434,18:70,1
تسأموا,1,8435,2:282,1
تسؤكم,1,8436,5:101,1
تساءلون,1,8437,4:1,1
تساقط,1,8438,19:25,1
تسبح,1,8439,17:44,1
تسبحون,1,8440,68:28,1
تسبوا,1,8441,6:108,1
تسبيحهم,1,8442,17:44,1
تستأخرون,1,8443,34:30,1
تستأنسوا,1,8444,24:27,1
تستترون,1,8445,41:22,1
تستخفونها,1,8446,16:80,1
تسترضعوا,1,8447,2:233,1
تستطع,1,8448,18:78,1
تستطيعوا,1,8449,4:129,1
تستطيعون,1,8450,25:19,1
تستعجل,1,8451,46:35,1
تستعجلوه,1,8452,16:1,1
تستغفرون,1,8453,27:46,1
تستغيثون,1,8454,8:9,1
تستفت,1,8455,18:22,1
تستفتحوا,1,8456,8:19,1
تستفتيان,1,8457,12:41,1
تستقدمون,1,8458,34:30,1
تستقسموا,1,8459,5:3,1
تستكثر,1,8460,74:6,1
تستمعون,1,8461,26:25,1
تستهزئون,1,8462,9:65,1
تسجدوا,1,8463,41:37,1
تسحرون,1,8464,23:89,1
تسخروا,1,8465,11:38,1
تسخرون,1,8466,11:38,1
تسر,1,8467,2:69,1
تسرحون,1,8468,16:6,1
تسريح,1,8469,2:229,1
تسطع,1,8470,18:82,1
تسعا,1,8471,18:25,1
تسفكون,1,8472,2:84,1
تسقى,1,8473,88:5,1
تسقي,1,8474,2:71,1
تسكن,1,8475,28:58,1
تسكنون,1,8476,28:72,1
تسلمون,1,8477,16:81,1
تسمعوا,1,8478,41:26,1
تسمى,1,8479,76:18,1
تسمية,1,8480,53:27,1
تسنيم,1,8481,83:27,1
تسوروا,1,8482,38:21,1
تسوى,1,8483,4:42,1
تسيمون,1,8484,16:10,1
تشابهت,1,8485,2:118,1
تشاقون,1,8486,16:27,1
تشتهي,1,8487,41:31,1
تشتهيه,1,8488,43:71,1
تشخص,1,8489,14:42,1
تشطط,1,8490,38:22,1
تشكروا,1,8491,39:7,1
تشمت,1,8492,7:150,1
تشيع,1,8493,24:19,1
تصاحبني,1,8494,18:76,1
تصبحون,1,8495,30:17,1
تصبر,1,8496,18:68,1
تصبكم,1,8497,3:120,1
تصدق,1,8498,5:45,1
تصدقوا,1,8499,2:280,1
تصدقون,1,8500,56:57,1
تصدون,1,8501,3:99,1
تصدونا,1,8502,14:10,1
تصدى,1,8503,80:6,1
تصرف,1,8504,12:33,1
تصعدون,1,8505,3:153,1
تصعر,1,8506,31:18,1
تصف,1,8507,16:116,1
تصلحوا,1,8508,4:129,1
تصلى,1,8509,88:4,1
تصنعون,1,8510,29:45,1
تصوموا,1,8511,2:184,1
تصيبن,1,8512,8:25,1
تصيبنا,1,8513,5:52,1
تصيبوا,1,8514,49:6,1
تصير,1,8515,42:53,1
تضار,1,8516,2:233,1
تضاروهن,1,8517,65:6,1
تضحكون,1,8518,23:110,1
تضحى,1,8519,20:119,1
تضربوا,1,8520,16:74,1
تضرعوا,1,8521,6:43,1
تضرونه,1,8522,11:57,1
تضروه,1,8523,9:39,1
تضعوا,1,8524,4:102,1
تضعون,1,8525,24:58,1
تضليل,1,8526,105:2,1
تطئوها,1,8527,33:27,1
تطئوهم,1,8528,48:25,1
تطرد,1,8529,6:52,1
تطعمون,1,8530,5:89,1
تطعه,1,8531,96:19,1
تطمئن,1,8532,13:28,1
تطهرن,1,8533,2:222,1
تطهرهم,1,8534,9:103,1
تطهيرا,1,8535,33:33,1
تطيرنا,1,8536,36:18,1
تطيعوه,1,8537,24:54,1
تظلموا,1,8538,9:36,1
تظمأ,1,8539,20:119,1
تظن,1,8540,75:25,1
تظهرون,1,8541,30:18,1
تعاسرتم,1,8542,65:6,1
تعاونوا,1,8543,5:2,1
تعبثون,1,8544,26:128,1
تعبرون,1,8545,12:43,1
تعتدونها,1,8546,33:49,1
تعتدوها,1,8547,2:229,1
تعجب,1,8548,13:5,1
تعجبون,1,8549,53:59,1
تعد,1,8550,18:28,1
تعدل,1,8551,6:70,1
تعذب,1,8552,18:86,1
تعرج,1,8553,70:4,1
تعرض,1,8554,5:42,1
تعرضن,1,8555,17:28,1
تعرضوا,1,8556,4:135,1
تعرضون,1,8557,69:18,1
تعرفهم,1,8558,2:273,1
تعرى,1,8559,20:118,1
تعزموا,1,8560,2:235,1
تعظون,1,8561,7:164,1
تعلمن,1,8562,18:66,1
تعلمها,1,8563,11:49,1
تعلمهم,1,8564,9:101,1
تعلمونهم,1,8565,8:60,1
تعلمونهن,1,8566,5:4,1
تعلموهم,1,8567,48:25,1
تعمدت,1,8568,33:5,1
تعمل,1,8569,21:74,1
تعودون,1,8570,7:29,1
تعولوا,1,8571,4:3,1
تغتسلوا,1,8572,4:43,1
تغرب,1,8573,18:86,1
تغشاها,1,8574,7:189,1
تغفلون,1,8575,4:102,1
تغلبون,1,8576,41:26,1
تغمضوا,1,8577,2:267,1
تغيض,1,8578,13:8,1
تغيظا,1,8579,25:12,1
تفادوهم,1,8580,2:85,1
تفاوت,1,8581,67:3,1
تفتأ,1,8582,12:85,1
تفتح,1,8583,7:40,1
تفتروا,1,8584,20:61,1
تفتنون,1,8585,27:47,1
تفتني,1,8586,9:49,1
تفثهم,1,8587,22:29,1
تفجر,1,8588,17:90,1
تفرح,1,8589,28:76,1
تفرحوا,1,8590,57:23,1
تفرضوا,1,8591,2:236,1
تفرق,1,8592,98:4,1
تفرون,1,8593,62:8,1
تفسحوا,1,8594,58:11,1
تفسقون,1,8595,46:20,1
تفسيرا,1,8596,25:33,1
تفشلا,1,8597,3:122,1
تفصيلا,1,8598,17:12,1
تفضحون,1,8599,15:68,1
تفعل,1,8600,5:67,1
تفعلوه,1,8601,8:73,1
تفقدون,1,8602,12:71,1
تفقهون,1,8603,17:44,1
تفكهون,1,8604,56:65,1
تفلحوا,1,8605,18:20,1
تفندون,1,8606,12:94,1
تفور,1,8607,67:7,1
تفيء,1,8608,49:9,1
تق,1,8609,40:9,1
تقاة,1,8610,3:28,1
تقاتل,1,8611,3:13,1
تقاتلونهم,1,8612,48:16,1
تقاتلوهم,1,8613,2:191,1
تقاته,1,8614,3:102,1
تقاسموا,1,8615,27:49,1
تقبلوا,1,8616,24:4,1
تقتلني,1,8617,28:19,1
تقتلوه,1,8618,28:9,1
تقتلوهم,1,8619,8:17,1
تقتيلا,1,8620,33:61,1
تقدم,1,8621,48:2,1
تقربكم,1,8622,34:37,1
تقربون,1,8623,12:60,1
تقربوها,1,8624,2:187,1
تقربوهن,1,8625,2:222,1
تقرضهم,1,8626,18:17,1
تقرضوا,1,8627,64:17,1
تقسطوا,1,8628,4:3,1
تقسموا,1,8629,24:53,1
تقشعر,1,8630,39:23,1
تقصروا,1,8631,4:101,1
تقصص,1,8632,12:5,1
تقضي,1,8633,20:72,1
تقع,1,8634,22:65,1
تقعد,1,8635,6:68,1
تقف,1,8636,17:36,1
تقل,1,8637,17:23,1
تقلبون,1,8638,29:21,1
تقنطوا,1,8639,39:53,1
تقهر,1,8640,93:9,1
تقواهم,1,8641,47:17,1
تقولن,1,8642,18:23,1
تقوله,1,8643,52:33,1
تقويم,1,8644,95:4,1
تقيموا,1,8645,5:68,1
تكبيرا,1,8646,17:111,1
تكتبوه,1,8647,2:282,1
تكتبوها,1,8648,2:282,1
تكتموا,1,8649,2:283,1
تكتمونه,1,8650,3:187,1
تكذبوا,1,8651,29:18,1
تكذيب,1,8652,85:19,1
تكرمون,1,8653,89:17,1
تكره,1,8654,10:99,1
تكفر,1,8655,2:102,1
تكلمهم,1,8656,27:82,1
تكلمون,1,8657,23:108,1
تكليما,1,8658,4:164,1
تكنزون,1,8659,9:35,1
تلاها,1,8660,91:2,1
تلاوته,1,8661,2:121,1
تلبثوا,1,8662,33:14,1
تلبسوا,1,8663,2:42,1
تلبسون,1,8664,3:71,1
تلظى,1,8665,92:14,1
تلفح,1,8666,23:104,1
تلقوا,1,8667,2:195,1
تلقون,1,8668,60:1,1
تلقونه,1,8669,24:15,1
تلقوه,1,8670,3:143,1
تلكم,1,8671,7:43,1
تلكما,1,8672,7:22,1
تلمزوا,1,8673,49:11,1
تلهكم,1,8674,63:9,1
تلهى,1,8675,80:10,1
تلهيهم,1,8676,24:37,1
تلوته,1,8677,10:16,1
تلوموني,1,8678,14:22,1
تلووا,1,8679,4:135,1
تلوون,1,8680,3:153,1
تليت,1,8681,8:2,1
تلين,1,8682,39:23,1
تمار,1,8683,18:22,1
تماما,1,8684,6:154,1
تمت,1,8685,39:42,1
تمترن,1,8686,43:61,1
تمتعون,1,8687,33:16,1
تمر,1,8688,27:88,1
تمرحون,1,8689,40:75,1
تمسسكم,1,8690,3:120,1
تمسسه,1,8691,24:35,1
تمسكوا,1,8692,60:10,1
تمسكوهن,1,8693,2:231,1
تمسون,1,8694,30:17,1
تمشون,1,8695,57:28,1
تمكرون,1,8696,10:21,1
تملكهم,1,8697,27:23,1
تملى,1,8698,25:5,1
تمنعهم,1,8699,21:43,1
تمنن,1,8700,74:6,1
تمنها,1,8701,26:22,1
تمهيدا,1,8702,74:14,1
تموتون,1,8703,7:25,1
تميز,1,8704,67:8,1
تنابزوا,1,8705,49:11,1
تناجيتم,1,8706,58:9,1
تنازعتم,1,8707,4:59,1
تنازعوا,1,8708,8:46,1
تناصرون,1,8709,37:25,1
تناله,1,8710,5:94,1
تنالوا,1,8711,3:92,1
تنبئهم,1,8712,9:64,1
تنبئونه,1,8713,13:33,1
تنبتوا,1,8714,27:60,1
تنتشرون,1,8715,30:20,1
تنتصران,1,8716,55:35,1
تنجيكم,1,8717,61:10,1
تنحتون,1,8718,37:95,1
تنزع,1,8719,54:20,1
تنزلت,1,8720,26:210,1
تنس,1,8721,28:77,1
تنسوا,1,8722,2:237,1
تنصروا,1,8723,47:7,1
تنصروه,1,8724,9:40,1
تنفد,1,8725,18:109,1
تنفذوا,1,8726,55:33,1
تنفذون,1,8727,55:33,1
تنفس,1,8728,81:18,1
تنفعكم,1,8729,60:3,1
تنفعها,1,8730,2:123,1
تنفعهم,1,8731,74:48,1
تنقذ,1,8732,39:19,1
تنقص,1,8733,50:4,1
تنقصوا,1,8734,11:84,1
تنقضوا,1,8735,16:91,1
تنقم,1,8736,7:126,1
تنقمون,1,8737,5:59,1
تنكح,1,8738,2:230,1
تنكرون,1,8739,40:81,1
تنكصون,1,8740,23:66,1
تنكيلا,1,8741,4:84,1
تنهر,1,8742,93:10,1
تنهرهما,1,8743,17:23,1
تنهون,1,8744,4:31,1
تنهى,1,8745,29:45,1
تنيا,1,8746,20:42,1
تهجرون,1,8747,23:67,1
تهدوا,1,8748,4:88,1
توارت,1,8749,38:32,1
تواعدتم,1,8750,8:42,1
تواعدوهن,1,8751,2:235,1
توبتهم,1,8752,3:90,1
توجل,1,8753,15:53,1
توجه,1,8754,28:22,1
تود,1,8755,3:30,1
تورون,1,8756,56:71,1
توسوس,1,8757,50:16,1
توصون,1,8758,4:12,1
توصية,1,8759,36:50,1
توعظون,1,8760,58:3,1
توفاهم,1,8761,4:97,1
توفته,1,8762,6:61,1
توفتهم,1,8763,47:27,1
توفني,1,8764,12:101,1
توفون,1,8765,3:185,1
توفيتني,1,8766,5:117,1
توفيقي,1,8767,11:88,1
توقدون,1,8768,36:80,1
توقنون,1,8769,13:2,1
توكلوا,1,8770,10:84,1
توكيدها,1,8771,16:91,1
تول,1,8772,27:28,1
تولاه,1,8773,22:4,1
تولج,1,8774,3:27,1
تولون,1,8775,40:33,1
تيأسوا,1,8776,12:87,1
تيمموا,1,8777,2:267,1
ثابت,1,8778,14:24,1
ثاقب,1,8779,37:10,1
ثالث,1,8780,5:73,1
ثاويا,1,8781,28:45,1
ثبات,1,8782,4:71,1
ثبتناك,1,8783,17:74,1
ثبوتها,1,8784,16:94,1
ثجاجا,1,8785,78:14,1
ثقالا,1,8786,7:57,1
ثلاثون,1,8787,46:15,1
ثلاثين,1,8788,7:142,1
ثلثا,1,8789,4:11,1
ثلثي,1,8790,73:20,1
ثماني,1,8791,28:27,1
ثمانين,1,8792,24:4,1
ثمر,1,8793,18:34,1
ثمرة,1,8794,2:25,1
ثوب,1,8795,83:36,1
ثيابا,1,8796,18:31,1
ثيابكم,1,8797,24:58,1
ثيابهن,1,8798,24:60,1
ثيبات,1,8799,66:5,1
جئتك,1,8800,26:30,1
جئناكم,1,8801,43:78,1
جئناهم,1,8802,7:52,1
جاءتك,1,8803,39:59,1
جاءتنا,1,8804,7:126,1
جاءته,1,8805,2:211,1
جاءتها,1,8806,10:22,1
جائر,1,8807,16:9,1
جابوا,1,8808,89:9,1
جاثية,1,8809,45:28,1
جادلتم,1,8810,4:109,1
جادلتنا,1,8811,11:32,1
جادلوك,1,8812,22:68,1
جار,1,8813,8:48,1
جارية,1,8814,88:12,1
جاز,1,8815,31:33,1
جاعلك,1,8816,2:124,1
جالوت,1,8817,2:251,1
جامدة,1,8818,27:88,1
جاهلون,1,8819,12:89,1
جاوزا,1,8820,18:62,1
جاوزه,1,8821,2:249,1
جباههم,1,8822,9:35,1
جبلا,1,8823,36:62,1
جحدوا,1,8824,11:59,1
جد,1,8825,72:3,1
جدارا,1,8826,18:77,1
جدال,1,8827,2:197,1
جدالنا,1,8828,11:32,1
جدد,1,8829,35:27,1
جدر,1,8830,59:14,1
جذاذا,1,8831,21:58,1
جذع,1,8832,19:23,1
جذوة,1,8833,28:29,1
جذوع,1,8834,20:71,1
جراد,1,8835,54:7,1
جرحتم,1,8836,6:60,1
جرزا,1,8837,18:8,1
جرف,1,8838,9:109,1
جزء,1,8839,15:44,1
جزاؤكم,1,8840,17:63,1
جزوعا,1,8841,70:20,1
جزيتهم,1,8842,23:111,1
جعلا,1,8843,7:190,1
جعلتم,1,8844,16:91,1
جعلته,1,8845,51:42,1
جعلها,1,8846,12:100,1
جفاء,1,8847,13:17,1
جلابيبهن,1,8848,33:59,1
جلاها,1,8849,91:3,1
جلودا,1,8850,4:56,1
جلودكم,1,8851,41:22,1
جما,1,8852,89:20,1
جمال,1,8853,16:6,1
جمالت,1,8854,77:33,1
جمع,1,8855,104:2,1
جمعكم,1,8856,7:48,1
جمعناكم,1,8857,77:38,1
جمعناهم,1,8858,3:25,1
جمعه,1,8859,75:17,1
جمعهم,1,8860,42:29,1
جمعوا,1,8861,3:173,1
جملة,1,8862,25:32,1
جن,1,8863,6:76,1
جنته,1,8864,18:35,1
جنتي,1,8865,89:30,1
جنحوا,1,8866,8:61,1
جندا,1,8867,19:75,1
جندنا,1,8868,37:173,1
جنفا,1,8869,2:182,1
جنوبكم,1,8870,4:103,1
جنوبها,1,8871,22:36,1
جنودا,1,8872,9:26,1
جنوده,1,8873,27:17,1
جنيا,1,8874,19:25,1
جهاده,1,8875,22:78,1
جهارا,1,8876,71:8,1
جهدهم,1,8877,9:79,1
جهر,1,8878,13:10,1
جهولا,1,8879,33:72,1
جو,1,8880,16:79,1
جوفه,1,8881,33:4,1
جيدها,1,8882,111:5,1
جيوبهن,1,8883,24:31,1
حاج,1,8884,2:258,1
حاججتم,1,8885,3:66,1
حاجزا,1,8886,27:61,1
حاجزين,1,8887,69:47,1
حاجك,1,8888,3:61,1
حاجوك,1,8889,3:20,1
حاد,1,8890,58:22,1
حاذرون,1,8891,26:56,1
حارب,1,8892,9:107,1
حاسبين,1,8893,21:47,1
حاسد,1,8894,113:5,1
حاضرا,1,8895,18:49,1
حاضري,1,8896,2:196,1
حافظ,1,8897,86:4,1
حافظا,1,8898,12:64,1
حافظات,1,8899,4:34,1
حافظوا,1,8900,2:238,1
حافين,1,8901,39:75,1
حام,1,8902,5:103,1
حبب,1,8903,49:7,1
حبط,1,8904,5:5,1
حتما,1,8905,19:71,1
حثيثا,1,8906,7:54,1
حجتنا,1,8907,6:83,1
حجج,1,8908,28:27,1
حجرا,1,8909,25:22,1
حجوركم,1,8910,4:23,1
حداد,1,8911,33:19,1
حدب,1,8912,21:96,1
حدوده,1,8913,4:14,1
حديدا,1,8914,17:50,1
حذرهم,1,8915,4:102,1
حرا,1,8916,9:81,1
حرام,1,8917,16:116,1
حراما,1,8918,10:59,1
حرثه,1,8919,42:20,1
حرد,1,8920,68:25,1
حرسا,1,8921,72:8,1
حرصت,1,8922,12:103,1
حرصتم,1,8923,4:129,1
حرض,1,8924,8:65,1
حرضا,1,8925,12:85,1
حرف,1,8926,22:11,1
حرمات,1,8927,22:30,1
حرمها,1,8928,27:91,1
حرمهما,1,8929,7:50,1
حريص,1,8930,9:128,1
حزبه,1,8931,35:6,1
حزنا,1,8932,9:92,1
حسابك,1,8933,6:52,1
حسبت,1,8934,18:9,1
حسبته,1,8935,27:44,1
حسبتهم,1,8936,76:19,1
حسبه,1,8937,65:3,1
حسد,1,8938,113:5,1
حسدا,1,8939,2:109,1
حسرتا,1,8940,39:56,1
حسرتنا,1,8941,6:31,1
حسنات,1,8942,25:70,1
حسنت,1,8943,25:76,1
حسنهن,1,8944,33:52,1
حسوما,1,8945,69:7,1
حسير,1,8946,67:4,1
حسيسها,1,8947,21:102,1
حشرت,1,8948,81:5,1
حشرتني,1,8949,20:125,1
حصاده,1,8950,6:141,1
حصب,1,8951,21:98,1
حصحص,1,8952,12:51,1
حصدتم,1,8953,12:47,1
حصرت,1,8954,4:90,1
حصونهم,1,8955,59:2,1
حصيرا,1,8956,17:8,1
حضروه,1,8957,46:29,1
حطبا,1,8958,72:15,1
حفرة,1,8959,3:103,1
حفظ,1,8960,4:34,1
حفظة,1,8961,6:61,1
حفظهما,1,8962,2:255,1
حفي,1,8963,7:187,1
حفيا,1,8964,19:47,1
حقبا,1,8965,18:60,1
حقيق,1,8966,7:105,1
حكمة,1,8967,54:5,1
حكمت,1,8968,5:42,1
حكمتم,1,8969,4:58,1
حكمه,1,8970,18:26,1
حلا,1,8971,3:93,1
حلاف,1,8972,68:10,1
حلال,1,8973,16:116,1
حلفتم,1,8974,5:89,1
حللتم,1,8975,5:2,1
حليهم,1,8976,7:148,1
حمئة,1,8977,18:86,1
حمارك,1,8978,2:259,1
حمالة,1,8979,111:4,1
حمر,1,8980,74:50,1
حملتم,1,8981,24:54,1
حملناكم,1,8982,69:11,1
حملوا,1,8983,62:5,1
حمولة,1,8984,6:142,1
حمية,1,8985,48:26,1
حميدا,1,8986,4:131,1
حنيذ,1,8987,11:69,1
حنين,1,8988,9:25,1
حوبا,1,8989,4:2,1
حوتهما,1,8990,18:61,1
حور,1,8991,55:72,1
حولا,1,8992,18:108,1
حولك,1,8993,3:159,1
حولين,1,8994,2:233,1
حياتكم,1,8995,46:20,1
حية,1,8996,20:20,1
حيتانهم,1,8997,7:163,1
حيران,1,8998,6:71,1
حيلة,1,8999,4:98,1
حينئذ,1,9000,56:84,1
حيوك,1,9001,58:8,1
حييتم,1,9002,4:86,1
خائبين,1,9003,3:127,1
خائفين,1,9004,2:114,1
خادعهم,1,9005,4:142,1
خاسئا,1,9006,67:4,1
خاسرة,1,9007,79:12,1
خاشعا,1,9008,59:21,1
خاشعون,1,9009,23:2,1
خاصة,1,9010,8:25,1
خاضعين,1,9011,26:4,1
خاضوا,1,9012,9:69,1
خاطئة,1,9013,96:16,1
خاطبهم,1,9014,25:63,1
خافت,1,9015,4:128,1
خافضة,1,9016,56:3,1
خافوا,1,9017,4:9,1
خافية,1,9018,69:18,1
خالاتك,1,9019,33:50,1
خالاتكم,1,9020,24:61,1
خالد,1,9021,47:15,1
خالصا,1,9022,16:66,1
خالك,1,9023,33:50,1
خامدون,1,9024,36:29,1
خامدين,1,9025,21:15,1
خانوا,1,9026,8:71,1
خبت,1,9027,17:97,1
خبث,1,9028,7:58,1
خبزا,1,9029,12:36,1
ختار,1,9030,31:32,1
ختامه,1,9031,83:26,1
ختم,1,9032,2:7,1
خدك,1,9033,31:18,1
خذها,1,9034,20:21,1
خذولا,1,9035,25:29,1
خرابها,1,9036,2:114,1
خرجتم,1,9037,60:1,1
خرجن,1,9038,2:240,1
خرقها,1,9039,18:71,1
خروج,1,9040,40:11,1
خزائنه,1,9041,15:21,1
خسرا,1,9042,65:9,1
خسرانا,1,9043,4:119,1
خسفنا,1,9044,29:40,1
خشب,1,9045,63:4,1
خشعا,1,9046,54:7,1
خشوعا,1,9047,17:109,1
خشيت,1,9048,20:94,1
خشيته,1,9049,21:28,1
خصاصة,1,9050,59:9,1
خصمون,1,9051,43:58,1
خصيما,1,9052,4:105,1
خطئا,1,9053,17:31,1
خطابا,1,9054,78:37,1
خطاياهم,1,9055,29:12,1
خطبة,1,9056,2:235,1
خطبك,1,9057,20:95,1
خطبكما,1,9058,28:23,1
خطبكن,1,9059,12:51,1
خطف,1,9060,37:10,1
خطيئاتكم,1,9061,7:161,1
خطيئاتهم,1,9062,71:25,1
خطيئة,1,9063,4:112,1
خطيئته,1,9064,2:81,1
خطيئتي,1,9065,26:82,1
خفافا,1,9066,9:41,1
خفتكم,1,9067,26:21,1
خفف,1,9068,8:66,1
خفي,1,9069,42:45,1
خفيا,1,9070,19:3,1
خفيفا,1,9071,7:189,1
خلافك,1,9072,17:76,1
خلالكم,1,9073,9:47,1
خلالهما,1,9074,18:33,1
خلة,1,9075,2:254,1
خلصوا,1,9076,12:80,1
خلطوا,1,9077,9:102,1
خلفة,1,9078,25:62,1
خلفتموني,1,9079,7:150,1
خلفك,1,9080,10:92,1
خلفكم,1,9081,36:45,1
خلفنا,1,9082,19:64,1
خلفها,1,9083,2:66,1
خلفوا,1,9084,9:118,1
خلقتك,1,9085,19:9,1
خلقته,1,9086,15:33,1
خلقناهما,1,9087,44:39,1
خلقني,1,9088,26:78,1
خلقها,1,9089,16:5,1
خمر,1,9090,47:15,1
خمسه,1,9091,8:41,1
خمط,1,9092,34:16,1
خنزير,1,9093,6:145,1
خوان,1,9094,22:38,1
خوانا,1,9095,4:107,1
خوض,1,9096,52:12,1
خوضهم,1,9097,6:91,1
خوفهم,1,9098,24:55,1
خولناكم,1,9099,6:94,1
خولناه,1,9100,39:49,1
خوله,1,9101,39:8,1
خيانة,1,9102,8:58,1
خيانتك,1,9103,8:71,1
خيرات,1,9104,55:70,1
خيفته,1,9105,13:13,1
خيل,1,9106,59:6,1
دأب,1,9107,40:31,1
دأبا,1,9108,12:47,1
دائبين,1,9109,14:33,1
دائم,1,9110,13:35,1
دائمون,1,9111,70:23,1
داحضة,1,9112,42:16,1
داخلون,1,9113,5:22,1
داركم,1,9114,11:65,1
دافق,1,9115,86:6,1
داموا,1,9116,5:24,1
دان,1,9117,55:54,1
دبره,1,9118,8:16,1
دحاها,1,9119,79:30,1
دحورا,1,9120,37:9,1
دخان,1,9121,41:11,1
دخلتموه,1,9122,5:23,1
دخله,1,9123,3:97,1
دخلوه,1,9124,17:7,1
دراستهم,1,9125,6:156,1
دراهم,1,9126,12:20,1
درست,1,9127,6:105,1
دركا,1,9128,20:77,1
دري,1,9129,24:35,1
دساها,1,9130,91:10,1
دعاءكم,1,9131,35:14,1
دعاءه,1,9132,17:11,1
دعاؤكم,1,9133,25:77,1
دعائهم,1,9134,46:5,1
دعائي,1,9135,71:6,1
دعان,1,9136,2:186,1
دعاه,1,9137,27:62,1
دعوت,1,9138,71:5,1
دعوتك,1,9139,14:44,1
دعوتكم,1,9140,14:22,1
دعوتكما,1,9141,10:89,1
دعي,1,9142,40:12,1
دعيتم,1,9143,33:53,1
دفء,1,9144,16:5,1
دفعتم,1,9145,4:6,1
دكاء,1,9146,18:98,1
دكة,1,9147,69:14,1
دكت,1,9148,89:21,1
دلهم,1,9149,34:14,1
دلوه,1,9150,12:19,1
دليلا,1,9151,25:45,1
دما,1,9152,6:145,1
دماءكم,1,9153,2:84,1
دماؤها,1,9154,22:37,1
دمتم,1,9155,5:96,1
دمر,1,9156,47:10,1
دمرناهم,1,9157,27:51,1
دنا,1,9158,53:8,1
دهاقا,1,9159,78:34,1
دولة,1,9160,59:7,1
دونكم,1,9161,3:118,1
دوننا,1,9162,21:43,1
دونها,1,9163,18:90,1
ديارا,1,9164,71:26,1
ديارنا,1,9165,2:246,1
ذاقا,1,9166,7:22,1
ذاهب,1,9167,37:99,1
ذبابا,1,9168,22:73,1
ذبح,1,9169,5:3,1
ذرأنا,1,9170,7:179,1
ذراعا,1,9171,69:32,1
ذراعيه,1,9172,18:18,1
ذرعها,1,9173,69:32,1
ذرنا,1,9174,9:86,1
ذرني,1,9175,74:11,1
ذروا,1,9176,51:1,1
ذرونا,1,9177,48:15,1
ذروني,1,9178,40:26,1
ذريتنا,1,9179,2:128,1
ذق,1,9180,44:49,1
ذكرانا,1,9181,42:50,1
ذكراها,1,9182,79:43,1
ذكراهم,1,9183,47:18,1
ذكرت,1,9184,17:46,1
ذكرتم,1,9185,36:19,1
ذكرك,1,9186,94:4,1
ذكركم,1,9187,21:10,1
ذكرهم,1,9188,23:71,1
ذكيتم,1,9189,5:3,1
ذلكما,1,9190,12:37,1
ذللا,1,9191,16:69,1
ذلول,1,9192,2:71,1
ذلولا,1,9193,67:15,1
ذنبك,1,9194,48:2,1
ذنبه,1,9195,55:39,1
ذنوب,1,9196,51:59,1
ذنوبا,1,9197,51:59,1
ذهاب,1,9198,23:18,1
ذهبا,1,9199,3:91,1
ذهبت,1,9200,60:11,1
ذهبنا,1,9201,12:17,1
ذهبوا,1,9202,12:15,1
ذواتا,1,9203,55:48,1
ذواتي,1,9204,34:16,1
رآك,1,9205,21:36,1
رأته,1,9206,27:44,1
رأتهم,1,9207,25:12,1
رأسي,1,9208,12:36,1
رأوك,1,9209,25:41,1
رأوها,1,9210,68:26,1
رأوهم,1,9211,83:32,1
رأي,1,9212,3:13,1
رأيتموه,1,9213,3:143,1
رأينه,1,9214,12:31,1
رؤياك,1,9215,12:5,1
رابيا,1,9216,13:17,1
رابية,1,9217,69:10,1
راد,1,9218,10:107,1
رادوه,1,9219,28:7,1
راسيات,1,9220,34:13,1
راعنا,1,9221,2:104,1
رافعة,1,9222,56:3,1
راق,1,9223,75:27,1
راكعا,1,9224,38:24,1
راكعون,1,9225,5:55,1
ران,1,9226,83:14,1
راودتن,1,9227,12:51,1
راودتني,1,9228,12:26,1
راودوه,1,9229,54:37,1
رباط,1,9230,8:60,1
ربانيين,1,9231,3:79,1
ربحت,1,9232,2:16,1
ربطنا,1,9233,28:10,1
ربما,1,9234,15:2,1
ربوة,1,9235,23:50,1
ربياني,1,9236,17:24,1
ربيون,1,9237,3:146,1
رتقا,1,9238,21:30,1
رجا,1,9239,56:4,1
رجت,1,9240,56:4,1
رجسا,1,9241,9:125,1
رجسهم,1,9242,9:125,1
رجعت,1,9243,41:50,1
رجعك,1,9244,9:83,1
رجعنا,1,9245,63:8,1
رجعه,1,9246,86:8,1
رجلان,1,9247,5:23,1
رجما,1,9248,18:22,1
رجوما,1,9249,67:5,1
رحالهم,1,9250,12:62,1
رحل,1,9251,12:70,1
رحلة,1,9252,106:2,1
رحله,1,9253,12:75,1
رحما,1,9254,18:81,1
رحماء,1,9255,48:29,1
رحمتك,1,9256,7:151,1
رحمتي,1,9257,29:23,1
رحمنا,1,9258,67:28,1
رحمناهم,1,9259,23:75,1
رحمه,1,9260,6:16,1
رحيق,1,9261,83:25,1
رخاء,1,9262,38:36,1
ردءا,1,9263,28:34,1
رددت,1,9264,18:36,1
رددنا,1,9265,17:6,1
رددناه,1,9266,95:5,1
ردف,1,9267,27:72,1
ردما,1,9268,18:95,1
ردها,1,9269,21:40,1
ردوه,1,9270,4:83,1
رزقنا,1,9271,2:25,1
رزقناه,1,9272,16:75,1
رزقهن,1,9273,2:233,1
رزقوا,1,9274,2:25,1
رسالة,1,9275,7:79,1
رسلك,1,9276,3:194,1
رسلكم,1,9277,40:50,1
رسلي,1,9278,34:45,1
رسولها,1,9279,23:44,1
رشده,1,9280,21:51,1
رشيد,1,9281,11:78,1
رضيا,1,9282,19:6,1
رضيتم,1,9283,9:83,1
رطب,1,9284,6:59,1
رطبا,1,9285,19:25,1
رعايتها,1,9286,57:27,1
رعبا,1,9287,18:18,1
رعوها,1,9288,57:27,1
رغبا,1,9289,21:90,1
رفث,1,9290,2:197,1
رفرف,1,9291,55:76,1
رفعت,1,9292,88:18,1
رفعه,1,9293,4:158,1
رفعها,1,9294,55:7,1
رفيع,1,9295,40:15,1
رفيقا,1,9296,4:69,1
رق,1,9297,52:3,1
رقود,1,9298,18:18,1
ركاب,1,9299,59:6,1
ركاما,1,9300,24:43,1
ركبا,1,9301,18:71,1
ركبانا,1,9302,2:239,1
ركبك,1,9303,82:8,1
ركبوا,1,9304,29:65,1
ركزا,1,9305,19:98,1
ركعا,1,9306,48:29,1
ركن,1,9307,11:80,1
ركوبهم,1,9308,36:72,1
رمزا,1,9309,3:41,1
رمضان,1,9310,2:185,1
رمى,1,9311,8:17,1
رميم,1,9312,36:78,1
رهبة,1,9313,59:13,1
رهط,1,9314,27:48,1
رهطك,1,9315,11:91,1
رهوا,1,9316,44:24,1
رهين,1,9317,52:21,1
رهينة,1,9318,74:38,1
رواكد,1,9319,42:33,1
روحا,1,9320,42:52,1
روحه,1,9321,32:9,1
روضات,1,9322,42:22,1
روضة,1,9323,30:15,1
رويدا,1,9324,86:17,1
ريبة,1,9325,9:110,1
ريبهم,1,9326,9:45,1
ريحكم,1,9327,8:46,1
ريع,1,9328,26:128,1
زادته,1,9329,9:124,1
زادتهم,1,9330,8:2,1
زادوكم,1,9331,9:47,1
زادوهم,1,9332,11:101,1
زاغ,1,9333,53:17,1
زاغوا,1,9334,61:5,1
زالت,1,9335,21:15,1
زالتا,1,9336,35:41,1
زان,1,9337,24:3,1
زانية,1,9338,24:3,1
زاهق,1,9339,21:18,1
زبد,1,9340,13:17,1
زبدا,1,9341,13:17,1
زبرا,1,9342,23:53,1
زجاجة,1,9343,24:35,1
زجرا,1,9344,37:2,1
زحزح,1,9345,3:185,1
زحفا,1,9346,8:15,1
زخرفها,1,9347,10:24,1
زد,1,9348,73:4,1
زدني,1,9349,20:114,1
زرتم,1,9350,102:2,1
زرع,1,9351,14:37,1
زرقا,1,9352,20:102,1
زعم,1,9353,64:7,1
زعمت,1,9354,17:92,1
زقوم,1,9355,56:52,1
زكاها,1,9356,91:9,1
زكى,1,9357,24:21,1
زكيا,1,9358,19:19,1
زكية,1,9359,18:74,1
زلتم,1,9360,40:34,1
زلزالا,1,9361,33:11,1
زلزالها,1,9362,99:1,1
زلزلة,1,9363,22:1,1
زلزلت,1,9364,99:1,1
زلفة,1,9365,67:27,1
زلقا,1,9366,18:40,1
زللتم,1,9367,2:209,1
زمهريرا,1,9368,76:13,1
زنجبيلا,1,9369,76:17,1
زنيم,1,9370,68:13,1
زهرة,1,9371,20:131,1
زهوقا,1,9372,17:81,1
زوال,1,9373,14:44,1
زوجا,1,9374,2:230,1
زوجان,1,9375,55:52,1
زوجت,1,9376,81:7,1
زوجك,1,9377,33:37,1
زوجناكها,1,9378,33:37,1
زوجه,1,9379,21:90,1
زيادة,1,9380,9:37,1
زيتها,1,9381,24:35,1
زيتونة,1,9382,24:35,1
زيد,1,9383,33:37,1
زيغ,1,9384,3:7,1
زينتكم,1,9385,7:31,1
زينته,1,9386,28:79,1
سآتيكم,1,9387,27:7,1
سآوي,1,9388,11:43,1
سأتلو,1,9389,18:83,1
سأرهقه,1,9390,74:17,1
سأستغفر,1,9391,19:47,1
سأصرف,1,9392,7:146,1
سأصليه,1,9393,74:26,1
سأل,1,9394,70:1,1
سألتك,1,9395,18:76,1
سألتم,1,9396,2:61,1
سألتموه,1,9397,14:34,1
سألتموهن,1,9398,33:53,1
سألقي,1,9399,8:12,1
سألك,1,9400,2:186,1
سألها,1,9401,5:102,1
سألهم,1,9402,67:8,1
سألوا,1,9403,4:153,1
سأنبئك,1,9404,18:78,1
سأنزل,1,9405,6:93,1
سؤلك,1,9406,20:36,1
سئل,1,9407,2:108,1
سئلت,1,9408,81:8,1
سئلوا,1,9409,33:14,1
ساءت,1,9410,25:66,1
سائبة,1,9411,5:103,1
سائحات,1,9412,66:5,1
سائغ,1,9413,35:12,1
سائغا,1,9414,16:66,1
سائق,1,9415,50:21,1
سائل,1,9416,70:1,1
سابغات,1,9417,34:11,1
سابقوا,1,9418,57:21,1
سابقون,1,9419,23:61,1
سابقين,1,9420,29:39,1
ساجدا,1,9421,39:9,1
سادتنا,1,9422,33:67,1
سارقين,1,9423,12:73,1
سافلين,1,9424,95:5,1
ساق,1,9425,68:42,1
ساقطا,1,9426,52:44,1
ساقيها,1,9427,27:44,1
ساكنا,1,9428,25:45,1
سالمون,1,9429,68:43,1
سامدون,1,9430,53:61,1
سامرا,1,9431,23:67,1
سامري,1,9432,20:95,1
ساوى,1,9433,18:96,1
سبإ,1,9434,27:22,1
سبتهم,1,9435,7:163,1
سبحوا,1,9436,19:11,1
سبعون,1,9437,69:32,1
سبقا,1,9438,79:4,1
سبقوا,1,9439,8:59,1
سبيلنا,1,9440,29:12,1
سبيلهم,1,9441,9:5,1
ستجدون,1,9442,4:91,1
ستدعون,1,9443,48:16,1
ستذكرونهن,1,9444,2:235,1
سترا,1,9445,18:90,1
ستغلبون,1,9446,3:12,1
ستكتب,1,9447,43:19,1
ستين,1,9448,58:4,1
سجدوا,1,9449,4:102,1
سجرت,1,9450,81:6,1
سجى,1,9451,93:2,1
سحار,1,9452,26:37,1
سحران,1,9453,28:48,1
سحرهم,1,9454,20:66,1
سحروا,1,9455,7:116,1
سحيق,1,9456,22:31,1
سخرنا,1,9457,38:18,1
سخرناها,1,9458,22:36,1
سخط,1,9459,5:80,1
سدرة,1,9460,53:14,1
سدى,1,9461,75:36,1
سرابا,1,9462,78:20,1
سرابيل,1,9463,16:81,1
سرابيلهم,1,9464,14:50,1
سرادقها,1,9465,18:29,1
سربا,1,9466,18:61,1
سرحوهن,1,9467,2:231,1
سركم,1,9468,6:3,1
سريا,1,9469,19:24,1
سطحت,1,9470,88:20,1
سعدوا,1,9471,11:108,1
سعرت,1,9472,81:12,1
سعيا,1,9473,2:260,1
سعيه,1,9474,53:40,1
سعيها,1,9475,17:19,1
سفرة,1,9476,80:15,1
سفرنا,1,9477,18:62,1
سفه,1,9478,2:130,1
سفها,1,9479,6:140,1
سفينة,1,9480,18:79,1
سفيها,1,9481,2:282,1
سفيهنا,1,9482,72:4,1
سقاية,1,9483,9:19,1
سقط,1,9484,7:149,1
سقطوا,1,9485,9:49,1
سقناه,1,9486,7:57,1
سقيت,1,9487,28:25,1
سكت,1,9488,7:154,1
سكرا,1,9489,16:67,1
سكرة,1,9490,50:19,1
سكرت,1,9491,15:15,1
سكرتهم,1,9492,15:72,1
سكنتم,1,9493,65:6,1
سكينا,1,9494,12:31,1
سكينة,1,9495,2:248,1
سل,1,9496,2:211,1
سلاسل,1,9497,76:4,1
سلسبيلا,1,9498,76:18,1
سلسلة,1,9499,69:32,1
سلطانه,1,9500,16:100,1
سلطانيه,1,9501,69:29,1
سلفا,1,9502,43:56,1
سلقوكم,1,9503,33:19,1
سلككم,1,9504,74:42,1
سلكناه,1,9505,26:200,1
سلمتم,1,9506,2:233,1
سلهم,1,9507,68:40,1
سم,1,9508,7:40,1
سماكم,1,9509,22:78,1
سمعت,1,9510,12:31,1
سمعتم,1,9511,4:140,1
سمكها,1,9512,79:28,1
سموم,1,9513,56:42,1
سموهم,1,9514,13:33,1
سميتها,1,9515,3:36,1
سمين,1,9516,51:26,1
سنؤتيهم,1,9517,4:162,1
سنا,1,9518,24:43,1
سنابل,1,9519,2:261,1
سنبلة,1,9520,2:261,1
سنبله,1,9521,12:47,1
سنجزي,1,9522,6:157,1
سندع,1,9523,96:18,1
سنراود,1,9524,12:61,1
سنريهم,1,9525,41:53,1
سنزيد,1,9526,7:161,1
سنسمه,1,9527,68:16,1
سنشد,1,9528,28:35,1
سنطيعكم,1,9529,47:26,1
سنعذبهم,1,9530,9:101,1
سنعيدها,1,9531,20:21,1
سنفرغ,1,9532,55:31,1
سنقتل,1,9533,7:127,1
سنقرئك,1,9534,87:6,1
سنمتعهم,1,9535,11:48,1
سننظر,1,9536,27:27,1
سهولها,1,9537,7:74,1
سوآتكم,1,9538,7:26,1
سواعا,1,9539,71:23,1
سواك,1,9540,18:37,1
سواه,1,9541,32:9,1
سواها,1,9542,91:7,1
سود,1,9543,35:27,1
سور,1,9544,11:13,1
سوط,1,9545,89:13,1
سوقه,1,9546,48:29,1
سول,1,9547,47:25,1
سوى,1,9548,20:58,1
سيؤتينا,1,9549,9:59,1
سيئا,1,9550,9:102,1
سيئاتنا,1,9551,3:193,1
سيئت,1,9552,67:27,1
سيئه,1,9553,17:38,1
سيارة,1,9554,12:19,1
سيبطله,1,9555,10:81,1
سيحلفون,1,9556,9:95,1
سيدخلهم,1,9557,9:99,1
سيدخلون,1,9558,40:60,1
سيدها,1,9559,12:25,1
سيذكر,1,9560,87:10,1
سيرا,1,9561,52:10,1
سيرتها,1,9562,20:21,1
سيرحمهم,1,9563,9:71,1
سيريكم,1,9564,27:93,1
سيصلى,1,9565,111:3,1
سيصيبهم,1,9566,39:51,1
سيطوقون,1,9567,3:180,1
سيغفر,1,9568,7:169,1
سيغلبون,1,9569,30:3,1
سيكفرون,1,9570,19:82,1
سيكون,1,9571,73:20,1
سيل,1,9572,34:16,1
سيماهم,1,9573,48:29,1
سيناء,1,9574,23:20,1
سينالهم,1,9575,7:152,1
سينين,1,9576,95:2,1
سيهديهم,1,9577,47:5,1
سيهزم,1,9578,54:45,1
شأنهم,1,9579,24:62,1
شاخصة,1,9580,21:97,1
شاطئ,1,9581,28:30,1
شافعين,1,9582,26:100,1
شاكر,1,9583,2:158,1
شاكرون,1,9584,21:80,1
شاكرين,1,9585,7:17,1
شاكلته,1,9586,17:84,1
شامخات,1,9587,77:27,1
شانئك,1,9588,108:3,1
شاهدون,1,9589,37:150,1
شبه,1,9590,4:157,1
شجرت,1,9591,44:43,1
شجرتها,1,9592,56:72,1
شجرها,1,9593,27:60,1
شحومهما,1,9594,6:146,1
شدادا,1,9595,78:12,1
شرابه,1,9596,35:12,1
شرع,1,9597,42:13,1
شرعا,1,9598,7:163,1
شرعة,1,9599,5:48,1
شرعوا,1,9600,42:21,1
شرقيا,1,9601,19:16,1
شرقية,1,9602,24:35,1
شركاءهم,1,9603,16:86,1
شركاؤكم,1,9604,6:22,1
شركاؤنا,1,9605,16:86,1
شره,1,9606,76:7,1
شروا,1,9607,2:102,1
شريعة,1,9608,45:18,1
شطأه,1,9609,48:29,1
شعب,1,9610,77:30,1
شعوبا,1,9611,49:13,1
شغفها,1,9612,12:30,1
شغل,1,9613,36:55,1
شغلتنا,1,9614,48:11,1
شفعاءكم,1,9615,6:94,1
شفعاؤنا,1,9616,10:18,1
شقا,1,9617,80:26,1
شقاقي,1,9618,11:89,1
شققنا,1,9619,80:26,1
شقوا,1,9620,11:106,1
شقوتنا,1,9621,23:106,1
شقي,1,9622,11:105,1
شكرا,1,9623,34:13,1
شكله,1,9624,38:58,1
شمائلهم,1,9625,7:17,1
شمسا,1,9626,76:13,1
شهابا,1,9627,72:9,1
شهادتهم,1,9628,43:19,1
شهادتهما,1,9629,5:107,1
شهدتم,1,9630,41:21,1
شهود,1,9631,85:7,1
شهيدين,1,9632,2:282,1
شهيقا,1,9633,67:7,1
شواظ,1,9634,55:35,1
شورى,1,9635,42:38,1
شياطين,1,9636,6:112,1
شياطينهم,1,9637,2:14,1
شية,1,9638,2:71,1
شيخ,1,9639,28:23,1
شيع,1,9640,15:10,1
شيعة,1,9641,19:69,1
شيوخا,1,9642,40:67,1
ص,1,9643,38:1,1
صابرة,1,9644,8:66,1
صابرون,1,9645,8:65,1
صاحبه,1,9646,18:37,1
صاحبهم,1,9647,54:29,1
صادق,1,9648,19:54,1
صادقا,1,9649,40:28,1
صارمين,1,9650,68:22,1
صاغرين,1,9651,7:119,1
صال,1,9652,37:163,1
صالو,1,9653,38:59,1
صامتون,1,9654,7:193,1
صبا,1,9655,80:25,1
صباح,1,9656,37:177,1
صببنا,1,9657,80:25,1
صبحا,1,9658,100:3,1
صبحهم,1,9659,54:38,1
صبرك,1,9660,16:127,1
صبوا,1,9661,44:48,1
صخرة,1,9662,31:16,1
صد,1,9663,4:55,1
صددتم,1,9664,16:94,1
صددناكم,1,9665,34:32,1
صدرا,1,9666,16:106,1
صدقا,1,9667,6:115,1
صدقات,1,9668,58:13,1
صدقاتكم,1,9669,2:264,1
صدقاتهن,1,9670,4:4,1
صدقت,1,9671,37:105,1
صدقتنا,1,9672,5:113,1
صدقكم,1,9673,3:152,1
صدقنا,1,9674,39:74,1
صدقناهم,1,9675,21:9,1
صدودا,1,9676,4:61,1
صدوكم,1,9677,5:2,1
صديد,1,9678,14:16,1
صديق,1,9679,26:101,1
صديقة,1,9680,5:75,1
صديقكم,1,9681,24:61,1
صر,1,9682,3:117,1
صراطك,1,9683,7:16,1
صراطي,1,9684,6:153,1
صرة,1,9685,51:29,1
صرح,1,9686,27:44,1
صرصر,1,9687,69:6,1
صرعى,1,9688,69:7,1
صرف,1,9689,9:127,1
صرفا,1,9690,25:19,1
صرفت,1,9691,7:47,1
صرفكم,1,9692,3:152,1
صرفناه,1,9693,25:50,1
صريخ,1,9694,36:43,1
صعدا,1,9695,72:17,1
صعقا,1,9696,7:143,1
صعودا,1,9697,74:17,1
صغار,1,9698,6:124,1
صغت,1,9699,66:4,1
صغير,1,9700,54:53,1
صفحا,1,9701,43:5,1
صفر,1,9702,77:33,1
صفراء,1,9703,2:69,1
صفصفا,1,9704,20:106,1
صفوان,1,9705,2:264,1
صلاتك,1,9706,9:103,1
صلاته,1,9707,24:41,1
صلاتي,1,9708,6:162,1
صلبوه,1,9709,4:157,1
صلحا,1,9710,4:128,1
صلدا,1,9711,2:264,1
صلوا,1,9712,33:56,1
صلوات,1,9713,2:157,1
صلواتهم,1,9714,23:9,1
صلوه,1,9715,69:31,1
صليا,1,9716,19:70,1
صما,1,9717,25:73,1
صنع,1,9718,27:88,1
صنعا,1,9719,18:104,1
صنعة,1,9720,21:80,1
صوابا,1,9721,78:38,1
صواع,1,9722,12:72,1
صواف,1,9723,22:36,1
صوامع,1,9724,22:40,1
صوت,1,9725,49:2,1
صوتك,1,9726,31:19,1
صورة,1,9727,82:8,1
صورناكم,1,9728,7:11,1
صوما,1,9729,19:26,1
صياصيهم,1,9730,33:26,1
صيام,1,9731,2:196,1
صياما,1,9732,5:95,1
ضاحكا,1,9733,27:19,1
ضاحكة,1,9734,80:39,1
ضاقت,1,9735,9:118,1
ضالا,1,9736,93:7,1
ضامر,1,9737,22:27,1
ضبحا,1,9738,100:1,1
ضدا,1,9739,19:82,1
ضربت,1,9740,3:112,1
ضربوه,1,9741,43:58,1
ضريع,1,9742,88:6,1
ضعافا,1,9743,4:9,1
ضعفاء,1,9744,2:266,1
ضعفوا,1,9745,3:146,1
ضغثا,1,9746,38:44,1
ضلالة,1,9747,7:61,1
ضلالك,1,9748,12:95,1
ضللنا,1,9749,32:10,1
ضنكا,1,9750,20:124,1
ضياء,1,9751,10:5,1
ضير,1,9752,26:50,1
ضيزى,1,9753,53:22,1
ضيفه,1,9754,54:37,1
طائر,1,9755,6:38,1
طائره,1,9756,17:13,1
طائرهم,1,9757,7:131,1
طائعين,1,9758,41:11,1
طائفتين,1,9759,6:156,1
طاب,1,9760,4:3,1
طاعم,1,9761,6:145,1
طال,1,9762,21:44,1
طبتم,1,9763,39:73,1
طبق,1,9764,84:19,1
طبقا,1,9765,84:19,1
طبن,1,9766,4:4,1
طحاها,1,9767,91:6,1
طردتهم,1,9768,11:30,1
طرف,1,9769,42:45,1
طرفا,1,9770,3:127,1
طرفك,1,9771,27:40,1
طرفهم,1,9772,14:43,1
طرفي,1,9773,11:114,1
طريقة,1,9774,20:104,1
طس,1,9775,27:1,1
طعاما,1,9776,18:19,1
طعامك,1,9777,2:259,1
طعامه,1,9778,80:24,1
طعمتم,1,9779,33:53,1
طعمه,1,9780,47:15,1
طعموا,1,9781,5:93,1
طغوا,1,9782,89:11,1
طلبا,1,9783,18:41,1
طلع,1,9784,50:10,1
طلعت,1,9785,18:17,1
طلقكن,1,9786,66:5,1
طمست,1,9787,77:8,1
طه,1,9788,20:1,1
طهرا,1,9789,2:125,1
طوافون,1,9790,24:58,1
طوبى,1,9791,13:29,1
طور,1,9792,23:20,1
طيباتكم,1,9793,46:20,1
طيبين,1,9794,16:32,1
طير,1,9795,56:21,1
طينا,1,9796,17:61,1
ظاهر,1,9797,6:120,1
ظاهروهم,1,9798,33:26,1
ظعنكم,1,9799,16:80,1
ظفر,1,9800,6:146,1
ظلا,1,9801,4:57,1
ظلالا,1,9802,16:81,1
ظلاله,1,9803,16:48,1
ظلالها,1,9804,76:14,1
ظلة,1,9805,7:171,1
ظلت,1,9806,20:97,1
ظلمك,1,9807,38:24,1
ظلمنا,1,9808,7:23,1
ظلوما,1,9809,33:72,1
ظليل,1,9810,77:31,1
ظليلا,1,9811,4:57,1
ظمأ,1,9812,9:120,1
ظننت,1,9813,69:20,1
ظنه,1,9814,34:20,1
ظنوا,1,9815,72:7,1
ظهرك,1,9816,94:3,1
ظهرها,1,9817,35:45,1
ظهريا,1,9818,11:92,1
ظهوركم,1,9819,6:94,1
ظهوره,1,9820,43:13,1
ظهورهما,1,9821,6:146,1
عائدون,1,9822,44:15,1
عائلا,1,9823,93:8,1
عابد,1,9824,109:4,1
عابدات,1,9825,66:5,1
عابري,1,9826,4:43,1
عاتية,1,9827,69:6,1
عادون,1,9828,26:166,1
عاديتم,1,9829,60:7,1
عارض,1,9830,46:24,1
عارضا,1,9831,46:24,1
عاصفة,1,9832,21:81,1
عاقب,1,9833,22:60,1
عاقبتم,1,9834,16:126,1
عاقبتهما,1,9835,59:17,1
عاقر,1,9836,3:40,1
عاكفا,1,9837,20:97,1
عاليا,1,9838,44:31,1
عالين,1,9839,23:46,1
عاليهم,1,9840,76:21,1
عاملة,1,9841,88:3,1
عامهم,1,9842,9:28,1
عامين,1,9843,31:14,1
عاهدت,1,9844,8:56,1
عبادتكم,1,9845,10:29,1
عبادتي,1,9846,40:60,1
عبادكم,1,9847,24:32,1
عبثا,1,9848,23:115,1
عبدت,1,9849,26:22,1
عبدتم,1,9850,109:4,1
عبدناهم,1,9851,43:20,1
عبدين,1,9852,66:10,1
عبرة,1,9853,12:111,1
عبوسا,1,9854,76:10,1
عتت,1,9855,65:8,1
عتل,1,9856,68:13,1
عتو,1,9857,67:21,1
عثر,1,9858,5:107,1
عجاب,1,9859,38:5,1
عجبت,1,9860,37:12,1
عجبوا,1,9861,50:2,1
عجلنا,1,9862,17:18,1
عجولا,1,9863,17:11,1
عدتم,1,9864,17:8,1
عدتهم,1,9865,74:31,1
عدوانا,1,9866,4:30,1
عدوهم,1,9867,61:14,1
عدوي,1,9868,60:1,1
عذابهما,1,9869,24:2,1
عربا,1,9870,56:37,1
عرشك,1,9871,27:42,1
عرشه,1,9872,11:7,1
عرشها,1,9873,27:41,1
عرضة,1,9874,2:224,1
عرضتم,1,9875,2:235,1
عرضنا,1,9876,33:72,1
عرضهم,1,9877,2:31,1
عرف,1,9878,66:3,1
عرفا,1,9879,77:1,1
عرفات,1,9880,2:198,1
عرفها,1,9881,47:6,1
عريض,1,9882,41:51,1
عزا,1,9883,19:81,1
عزة,1,9884,38:2,1
عزلت,1,9885,33:51,1
عزما,1,9886,20:115,1
عزمت,1,9887,3:159,1
عزموا,1,9888,2:227,1
عزير,1,9889,9:30,1
عزين,1,9890,70:37,1
عسرا,1,9891,18:73,1
عسرة,1,9892,2:280,1
عسعس,1,9893,81:17,1
عسق,1,9894,42:2,1
عسل,1,9895,47:15,1
عسير,1,9896,74:9,1
عسيرا,1,9897,25:26,1
عشاء,1,9898,12:16,1
عشرون,1,9899,8:65,1
عشية,1,9900,79:46,1
عشيرتك,1,9901,26:214,1
عشيرتهم,1,9902,58:22,1
عصاني,1,9903,14:36,1
عصاي,1,9904,20:18,1
عصفا,1,9905,77:2,1
عصوك,1,9906,26:216,1
عصوني,1,9907,71:21,1
عصيب,1,9908,11:77,1
عصيته,1,9909,11:63,1
عضدا,1,9910,18:51,1
عضدك,1,9911,28:35,1
عضوا,1,9912,3:119,1
عضين,1,9913,15:91,1
عطاؤنا,1,9914,38:39,1
عطفه,1,9915,22:9,1
عطلت,1,9916,81:4,1
عظامه,1,9917,75:3,1
عفريت,1,9918,27:39,1
عفونا,1,9919,2:52,1
عفي,1,9920,2:178,1
عقبا,1,9921,18:44,1
عقباها,1,9922,91:15,1
عقبه,1,9923,43:28,1
عقدت,1,9924,4:33,1
عقدتم,1,9925,5:89,1
عقلوه,1,9926,2:75,1
عقيما,1,9927,42:50,1
علا,1,9928,28:4,1
علق,1,9929,96:2,1
علماء,1,9930,26:197,1
علمتك,1,9931,5:110,1
علمتموهن,1,9932,60:10,1
علمتنا,1,9933,2:32,1
علمته,1,9934,5:116,1
علمني,1,9935,12:37,1
علمهم,1,9936,27:66,1
علموا,1,9937,2:102,1
علمي,1,9938,26:112,1
عليكما,1,9939,55:35,1
عليون,1,9940,83:19,1
عليين,1,9941,83:18,1
عم,1,9942,78:1,1
عماتك,1,9943,33:50,1
عماتكم,1,9944,24:61,1
عمرا,1,9945,10:16,1
عمرك,1,9946,26:18,1
عمره,1,9947,35:11,1
عمروها,1,9948,30:9,1
عمك,1,9949,33:50,1
عملتم,1,9950,64:7,1
عملته,1,9951,36:35,1
عملك,1,9952,39:65,1
عملي,1,9953,10:41,1
عموا,1,9954,5:71,1
عمون,1,9955,27:66,1
عمى,1,9956,41:44,1
عميا,1,9957,17:97,1
عميق,1,9958,22:27,1
عمين,1,9959,7:64,1
عنقك,1,9960,17:29,1
عنقه,1,9961,17:13,1
عنيدا,1,9962,74:16,1
عهدنا,1,9963,20:115,1
عهده,1,9964,2:80,1
عهدي,1,9965,2:124,1
عوان,1,9966,2:68,1
عورة,1,9967,33:13,1
عوقب,1,9968,22:60,1
عوقبتم,1,9969,16:126,1
عيدا,1,9970,5:114,1
عيلة,1,9971,9:28,1
عيناك,1,9972,18:28,1
عيناه,1,9973,12:84,1
عيني,1,9974,20:39,1
عينين,1,9975,90:8,1
عيونا,1,9976,54:12,1
غائبة,1,9977,27:75,1
غائبين,1,9978,7:7,1
غاسق,1,9979,113:3,1
غاشية,1,9980,12:107,1
غافر,1,9981,40:3,1
غافلا,1,9982,14:42,1
غالبون,1,9983,5:23,1
غاوين,1,9984,37:32,1
غبرة,1,9985,80:40,1
غداءنا,1,9986,18:62,1
غدقا,1,9987,72:16,1
غدوا,1,9988,40:46,1
غدوت,1,9989,3:121,1
غدوها,1,9990,34:12,1
غر,1,9991,8:49,1
غرابا,1,9992,5:31,1
غراما,1,9993,25:65,1
غربت,1,9994,18:17,1
غربية,1,9995,24:35,1
غرفا,1,9996,29:58,1
غرفة,1,9997,2:249,1
غرقا,1,9998,79:1,1
غرك,1,9999,82:6,1
غروبها,1,10000,20:130,1
غرور,1,10001,67:20,1
غزلها,1,10002,16:92,1
غزى,1,10003,3:156,1
غسق,1,10004,17:78,1
غسلين,1,10005,69:36,1
غشى,1,10006,53:54,1
غصبا,1,10007,18:79,1
غصة,1,10008,73:13,1
غضبوا,1,10009,42:37,1
غطاء,1,10010,18:101,1
غطاءك,1,10011,50:22,1
غفارا,1,10012,71:10,1
غفر,1,10013,36:27,1
غفرانك,1,10014,2:285,1
غلا,1,10015,59:10,1
غلاظ,1,10016,66:6,1
غلبا,1,10017,80:30,1
غلبهم,1,10018,30:3,1
غلبوا,1,10019,18:21,1
غلت,1,10020,5:64,1
غلظة,1,10021,9:123,1
غلمان,1,10022,52:24,1
غم,1,10023,22:22,1
غما,1,10024,3:153,1
غمة,1,10025,10:71,1
غمرات,1,10026,6:93,1
غمرتهم,1,10027,23:54,1
غنم,1,10028,21:78,1
غنمي,1,10029,20:18,1
غواش,1,10030,7:41,1
غول,1,10031,37:47,1
غوى,1,10032,53:2,1
غوينا,1,10033,28:63,1
غيا,1,10034,19:59,1
غيبه,1,10035,72:26,1
غيث,1,10036,57:20,1
غيرها,1,10037,4:56,1
غيظ,1,10038,9:15,1
فآت,1,10039,30:38,1
فآتاهم,1,10040,3:148,1
فآتت,1,10041,2:265,1
فآتهم,1,10042,7:38,1
فآتوا,1,10043,60:11,1
فآتوهم,1,10044,4:33,1
فآتينا,1,10045,57:27,1
فآخران,1,10046,5:107,1
فآذوهما,1,10047,4:16,1
فآزره,1,10048,48:29,1
فآمنت,1,10049,61:14,1
فآواكم,1,10050,8:26,1
فآوى,1,10051,93:6,1
فأبوا,1,10052,18:77,1
فأبين,1,10053,33:72,1
فأتبع,1,10054,18:85,1
فأتبعنا,1,10055,23:44,1
فأتبعوهم,1,10056,26:60,1
فأتت,1,10057,19:27,1
فأتمهن,1,10058,2:124,1
فأتموا,1,10059,9:4,1
فأتونا,1,10060,14:10,1
فأتوهن,1,10061,2:222,1
فأتى,1,10062,16:26,1
فأتيا,1,10063,26:16,1
فأتياه,1,10064,20:47,1
فأثابكم,1,10065,3:153,1
فأثابهم,1,10066,5:85,1
فأثرن,1,10067,100:4,1
فأجاءها,1,10068,19:23,1
فأحكم,1,10069,3:55,1
فأحياكم,1,10070,2:28,1
فأحيينا,1,10071,35:9,1
فأحييناه,1,10072,6:122,1
فأخذتكم,1,10073,2:55,1
فأخذه,1,10074,79:25,1
فأخرجناهم,1,10075,26:57,1
فأخرجهما,1,10076,2:36,1
فأخلفتكم,1,10077,14:22,1
فأخلفتم,1,10078,20:86,1
فأدخلوا,1,10079,71:25,1
فأدلى,1,10080,12:19,1
فأذاقها,1,10081,16:112,1
فأذاقهم,1,10082,39:26,1
فأذنوا,1,10083,2:279,1
فأرادوا,1,10084,37:98,1
فأراه,1,10085,79:20,1
فأردت,1,10086,18:79,1
فأردنا,1,10087,18:81,1
فأرسله,1,10088,28:34,1
فأرسلوا,1,10089,12:19,1
فأرسلون,1,10090,12:45,1
فأروني,1,10091,31:11,1
فأزلهما,1,10092,2:36,1
فأسرها,1,10093,12:77,1
فأسقط,1,10094,26:187,1
فأسقيناكموه,1,10095,15:22,1
فأسكناه,1,10096,23:18,1
فأشارت,1,10097,19:29,1
فأشهدوا,1,10098,4:6,1
فأصابتكم,1,10099,5:106,1
فأصابه,1,10100,2:264,1
فأصابها,1,10101,2:266,1
فأصبحت,1,10102,68:20,1
فأصحاب,1,10103,56:8,1
فأصدق,1,10104,63:10,1
فأصلح,1,10105,2:182,1
فأصمهم,1,10106,47:23,1
فأضلونا,1,10107,33:67,1
فأطاعوه,1,10108,43:54,1
فأطلع,1,10109,40:37,1
فأعذبهم,1,10110,3:56,1
فأعقبهم,1,10111,9:77,1
فأعينوني,1,10112,18:95,1
فأغرقناه,1,10113,17:103,1
فأغرينا,1,10114,5:14,1
فأغشيناهم,1,10115,36:9,1
فأغنى,1,10116,93:8,1
فأغويناكم,1,10117,37:32,1
فأفوز,1,10118,4:73,1
فأقامه,1,10119,18:77,1
فأقبره,1,10120,80:21,1
فأقبلت,1,10121,51:29,1
فأقبلوا,1,10122,37:94,1
فأقمت,1,10123,4:102,1
فأكثرت,1,10124,11:32,1
فأكثروا,1,10125,89:12,1
فأكرمه,1,10126,89:15,1
فأكلا,1,10127,20:121,1
فأكله,1,10128,12:17,1
فأكون,1,10129,39:58,1
فألف,1,10130,3:103,1
فألقاها,1,10131,20:20,1
فألقه,1,10132,27:28,1
فألقياه,1,10133,50:26,1
فألقيه,1,10134,28:7,1
فألهمها,1,10135,91:8,1
فأماته,1,10136,2:259,1
فأمتعه,1,10137,2:126,1
فأمطر,1,10138,8:32,1
فأمكن,1,10139,8:71,1
فأمه,1,10140,101:9,1
فأنا,1,10141,43:81,1
فأنتم,1,10142,30:28,1
فأنجاه,1,10143,29:24,1
فأنجيناكم,1,10144,2:50,1
فأنجيناهم,1,10145,21:9,1
فأنذر,1,10146,74:2,1
فأنذرتكم,1,10147,92:14,1
فأنساه,1,10148,12:42,1
فأنشأنا,1,10149,23:19,1
فأنشرنا,1,10150,43:11,1
فأنفخ,1,10151,3:49,1
فأنفقوا,1,10152,65:6,1
فأنقذكم,1,10153,3:103,1
فأهلكته,1,10154,3:117,1
فأهلكنا,1,10155,43:8,1
فأواري,1,10156,5:31,1
فأوردهم,1,10157,11:98,1
فأوعى,1,10158,70:18,1
فأوف,1,10159,12:88,1
فأوفوا,1,10160,7:85,1
فأوقد,1,10161,28:38,1
فأووا,1,10162,18:16,1
فأيدنا,1,10163,61:14,1
فأين,1,10164,81:26,1
فأينما,1,10165,2:115,1
فؤاد,1,10166,28:10,1
فإطعام,1,10167,58:4,1
فإلم,1,10168,11:14,1
فإلهكم,1,10169,22:34,1
فإليه,1,10170,16:53,1
فإمساك,1,10171,2:229,1
فئتكم,1,10172,8:19,1
فاءت,1,10173,49:9,1
فاءوا,1,10174,2:226,1
فابتغوا,1,10175,29:17,1
فاتباع,1,10176,2:178,1
فاتبع,1,10177,75:18,1
فاتبعني,1,10178,19:43,1
فاتبعها,1,10179,45:18,1
فاتخذ,1,10180,18:61,1
فاتخذت,1,10181,19:17,1
فاتخذتموهم,1,10182,23:110,1
فاتخذه,1,10183,73:9,1
فاتخذوه,1,10184,35:6,1
فاتلوها,1,10185,3:93,1
فاثبتوا,1,10186,8:45,1
فاجتباه,1,10187,68:50,1
فاجتنبوا,1,10188,22:30,1
فاجتنبوه,1,10189,5:90,1
فاجرا,1,10190,71:27,1
فاجلدوا,1,10191,24:2,1
فاجلدوهم,1,10192,24:4,1
فاجنح,1,10193,8:61,1
فاحترقت,1,10194,2:266,1
فاحتمل,1,10195,13:17,1
فاحذرهم,1,10196,63:4,1
فاحذروا,1,10197,5:41,1
فاحذروه,1,10198,2:235,1
فاحذروهم,1,10199,64:14,1
فاختلفوا,1,10200,10:19,1
فاخشوهم,1,10201,3:173,1
فاخلع,1,10202,20:12,1
فادارأتم,1,10203,2:72,1
فادخلوها,1,10204,39:73,1
فادخلي,1,10205,89:29,1
فادرءوا,1,10206,3:168,1
فادعوهم,1,10207,7:194,1
فادفعوا,1,10208,4:6,1
فاذكروني,1,10209,2:152,1
فاذهبا,1,10210,26:15,1
فارتد,1,10211,12:96,1
فارتدا,1,10212,18:64,1
فارتقبهم,1,10213,54:27,1
فارجع,1,10214,67:3,1
فارجعنا,1,10215,32:12,1
فارزقوهم,1,10216,4:8,1
فارض,1,10217,2:68,1
فارغا,1,10218,28:10,1
فارغب,1,10219,94:8,1
فارقوهن,1,10220,65:2,1
فارهين,1,10221,26:149,1
فاسأله,1,10222,12:50,1
فاسألوهم,1,10223,21:63,1
فاسألوهن,1,10224,33:53,1
فاستأذنوك,1,10225,9:83,1
فاستبشروا,1,10226,9:111,1
فاستجبتم,1,10227,14:22,1
فاستحبوا,1,10228,41:17,1
فاستخف,1,10229,43:54,1
فاستشهدوا,1,10230,4:15,1
فاستعصم,1,10231,12:32,1
فاستغاثه,1,10232,28:15,1
فاستغفروه,1,10233,11:61,1
فاستغلظ,1,10234,48:29,1
فاستقم,1,10235,11:112,1
فاستقيما,1,10236,10:89,1
فاستكبرتم,1,10237,45:31,1
فاستمتعتم,1,10238,9:69,1
فاستمتعوا,1,10239,9:69,1
فاستمسك,1,10240,43:43,1
فاستمع,1,10241,20:13,1
فاسجد,1,10242,76:26,1
فاسجدوا,1,10243,53:62,1
فاسعوا,1,10244,62:9,1
فاسق,1,10245,49:6,1
فاسقا,1,10246,32:18,1
فاسلك,1,10247,23:27,1
فاسلكوه,1,10248,69:32,1
فاسلكي,1,10249,16:69,1
فاسمعون,1,10250,36:25,1
فاشهدوا,1,10251,3:81,1
فاصدع,1,10252,15:94,1
فاصطادوا,1,10253,5:2,1
فاضربوا,1,10254,8:12,1
فاطلع,1,10255,37:55,1
فاطهروا,1,10256,5:6,1
فاعبدني,1,10257,20:14,1
فاعبدوا,1,10258,39:15,1
فاعتبروا,1,10259,59:2,1
فاعتدوا,1,10260,2:194,1
فاعترفنا,1,10261,40:11,1
فاعترفوا,1,10262,67:11,1
فاعتزلوا,1,10263,2:222,1
فاعتزلون,1,10264,44:21,1
فاعتلوه,1,10265,44:47,1
فاعدلوا,1,10266,6:152,1
فاعفوا,1,10267,2:109,1
فاعل,1,10268,18:23,1
فاعلون,1,10269,23:4,1
فاعمل,1,10270,41:5,1
فاغسلوا,1,10271,5:6,1
فافتح,1,10272,26:118,1
فافرق,1,10273,5:25,1
فافسحوا,1,10274,58:11,1
فافعلوا,1,10275,2:68,1
فاقتلوهم,1,10276,2:191,1
فاقذفيه,1,10277,20:39,1
فاقرة,1,10278,75:25,1
فاقصص,1,10279,7:176,1
فاقض,1,10280,20:72,1
فاقطعوا,1,10281,5:38,1
فاقع,1,10282,2:69,1
فاقعدوا,1,10283,9:83,1
فاكتبوه,1,10284,2:282,1
فاكهون,1,10285,36:55,1
فالآن,1,10286,2:187,1
فالتاليات,1,10287,37:3,1
فالتقطه,1,10288,28:8,1
فالتقمه,1,10289,37:142,1
فالتقى,1,10290,54:12,1
فالتمسوا,1,10291,57:13,1
فالجاريات,1,10292,51:3,1
فالحاملات,1,10293,51:2,1
فالحق,1,10294,38:84,1
فالحكم,1,10295,40:12,1
فالزاجرات,1,10296,37:2,1
فالسابقات,1,10297,79:4,1
فالصالحات,1,10298,4:34,1
فالعاصفات,1,10299,77:2,1
فالفارقات,1,10300,77:4,1
فالمدبرات,1,10301,79:5,1
فالمغيرات,1,10302,100:3,1
فالمقسمات,1,10303,51:4,1
فالملقيات,1,10304,77:5,1
فالموريات,1,10305,100:2,1
فامتحنوهن,1,10306,60:10,1
فامشوا,1,10307,67:15,1
فامنن,1,10308,38:39,1
فان,1,10309,55:26,1
فانبجست,1,10310,7:160,1
فانبذ,1,10311,8:58,1
فانتبذت,1,10312,19:22,1
فانتصر,1,10313,54:10,1
فانتهوا,1,10314,59:7,1
فانتهى,1,10315,2:275,1
فانسلخ,1,10316,7:175,1
فانشزوا,1,10317,58:11,1
فانصب,1,10318,94:7,1
فانصرنا,1,10319,2:286,1
فانطلقوا,1,10320,68:23,1
فانظري,1,10321,27:33,1
فانفجرت,1,10322,2:60,1
فانفذوا,1,10323,55:33,1
فانفروا,1,10324,4:71,1
فانفلق,1,10325,26:63,1
فانقلبوا,1,10326,3:174,1
فانكحوا,1,10327,4:3,1
فانكحوهن,1,10328,4:25,1
فانهار,1,10329,9:109,1
فاه,1,10330,13:14,1
فاهبط,1,10331,7:13,1
فاهجر,1,10332,74:5,1
فاهدوهم,1,10333,37:23,1
فباءوا,1,10334,2:90,1
فبايعهن,1,10335,60:12,1
فبدأ,1,10336,12:76,1
فبدت,1,10337,20:121,1
فبذلك,1,10338,10:58,1
فبرأه,1,10339,33:69,1
فبشر,1,10340,39:17,1
فبشرناه,1,10341,37:101,1
فبشرناها,1,10342,11:71,1
فبصرت,1,10343,28:11,1
فبصرك,1,10344,50:22,1
فبظلم,1,10345,4:160,1
فبعزتك,1,10346,38:82,1
فبغى,1,10347,28:76,1
فبم,1,10348,15:54,1
فبهت,1,10349,2:258,1
فبهداهم,1,10350,6:90,1
فتأتون,1,10351,78:18,1
فتأتيهم,1,10352,6:35,1
فتأكل,1,10353,12:41,1
فتاها,1,10354,12:30,1
فتبسم,1,10355,27:19,1
فتبهتهم,1,10356,21:40,1
فتحسسوا,1,10357,12:87,1
فتحوا,1,10358,12:65,1
فتخبت,1,10359,22:54,1
فتخرجوه,1,10360,6:148,1
فتخشى,1,10361,79:19,1
فتخطفه,1,10362,22:31,1
فتدلى,1,10363,53:8,1
فتذروها,1,10364,4:129,1
فتذكر,1,10365,2:282,1
فترة,1,10366,5:19,1
فتردى,1,10367,20:16,1
فترضى,1,10368,93:5,1
فتركه,1,10369,2:264,1
فتزل,1,10370,16:94,1
فتستجيبون,1,10371,17:52,1
فتشابه,1,10372,13:16,1
فتشقى,1,10373,20:117,1
فتصبحوا,1,10374,49:6,1
فتصيبكم,1,10375,48:25,1
فتطاول,1,10376,28:45,1
فتطردهم,1,10377,6:52,1
فتعاطى,1,10378,54:29,1
فتعالين,1,10379,33:28,1
فتعرفونها,1,10380,27:93,1
فتعسا,1,10381,47:8,1
فتفجر,1,10382,17:91,1
فتفرق,1,10383,6:153,1
فتفشلوا,1,10384,8:46,1
فتقبلها,1,10385,3:37,1
فتقطعوا,1,10386,23:53,1
فتقول,1,10387,20:40,1
فتكفرون,1,10388,40:10,1
فتكن,1,10389,31:16,1
فتكونون,1,10390,4:89,1
فتكوى,1,10391,9:35,1
فتم,1,10392,7:142,1
فتماروا,1,10393,54:36,1
فتمثل,1,10394,19:17,1
فتمسكم,1,10395,11:113,1
فتنادوا,1,10396,68:21,1
فتنازعوا,1,10397,20:62,1
فتناه,1,10398,38:24,1
فتنتك,1,10399,7:155,1
فتنتكم,1,10400,51:14,1
فتنته,1,10401,5:41,1
فتنتهم,1,10402,6:23,1
فتنفخ,1,10403,5:110,1
فتنفعه,1,10404,80:4,1
فتهاجروا,1,10405,4:97,1
فتهجد,1,10406,17:79,1
فتوبوا,1,10407,2:54,1
فتوكلوا,1,10408,5:23,1
فتولوا,1,10409,37:90,1
فتونا,1,10410,20:40,1
فتى,1,10411,21:60,1
فتيان,1,10412,12:36,1
فتية,1,10413,18:13,1
فثبتوا,1,10414,8:12,1
فثبطهم,1,10415,9:46,1
فثم,1,10416,2:115,1
فج,1,10417,22:27,1
فجاء,1,10418,51:26,1
فجاءته,1,10419,28:25,1
فجاءها,1,10420,7:4,1
فجاسوا,1,10421,17:5,1
فجرت,1,10422,82:3,1
فجزاء,1,10423,5:95,1
فجزاؤه,1,10424,4:93,1
فجعلتم,1,10425,10:59,1
فجعلنا,1,10426,15:74,1
فجعلناهن,1,10427,56:36,1
فجمعناهم,1,10428,18:99,1
فجوة,1,10429,18:17,1
فجورها,1,10430,91:8,1
فحاسبناها,1,10431,65:8,1
فحبطت,1,10432,18:105,1
فحدث,1,10433,93:11,1
فحسبه,1,10434,2:206,1
فحشر,1,10435,79:23,1
فحكمه,1,10436,42:10,1
فحملته,1,10437,19:22,1
فحيوا,1,10438,4:86,1
فخانتاهما,1,10439,66:10,1
فخذها,1,10440,7:145,1
فخر,1,10441,16:26,1
فخراج,1,10442,23:72,1
فخسفنا,1,10443,28:81,1
فخشينا,1,10444,18:80,1
فخلق,1,10445,75:38,1
فخلوا,1,10446,9:5,1
فخورا,1,10447,4:36,1
فداء,1,10448,47:4,1
فدخلوا,1,10449,12:58,1
فدكتا,1,10450,69:14,1
فدلاهما,1,10451,7:22,1
فدمدم,1,10452,91:14,1
فدمرناها,1,10453,17:16,1
فدمرناهم,1,10454,25:36,1
فذاقت,1,10455,65:9,1
فذاقوا,1,10456,64:5,1
فذانك,1,10457,28:32,1
فذبحوها,1,10458,2:71,1
فذرني,1,10459,68:44,1
فذروه,1,10460,12:47,1
فذلكم,1,10461,10:32,1
فذلكن,1,10462,12:32,1
فذو,1,10463,41:51,1
فذوقوه,1,10464,8:14,1
فرأوه,1,10465,30:51,1
فراتا,1,10466,77:27,1
فرادى,1,10467,6:94,1
فراشا,1,10468,2:22,1
فراق,1,10469,18:78,1
فربكم,1,10470,17:84,1
فرت,1,10471,74:51,1
فرث,1,10472,16:66,1
فرجالا,1,10473,2:239,1
فرجت,1,10474,77:9,1
فرجع,1,10475,20:86,1
فرجعناك,1,10476,20:40,1
فرجعوا,1,10477,21:64,1
فرجل,1,10478,2:282,1
فرحين,1,10479,3:170,1
فرددناه,1,10480,28:13,1
فردوا,1,10481,14:9,1
فردوه,1,10482,4:59,1
فررتم,1,10483,33:16,1
فرش,1,10484,55:54,1
فرشناها,1,10485,51:48,1
فرضنا,1,10486,33:50,1
فرطا,1,10487,18:28,1
فرطت,1,10488,39:56,1
فرطتم,1,10489,12:80,1
فرغت,1,10490,94:7,1
فرق,1,10491,26:63,1
فرقا,1,10492,77:4,1
فرقانا,1,10493,8:29,1
فرقة,1,10494,9:122,1
فرقت,1,10495,20:94,1
فرقنا,1,10496,2:50,1
فرقناه,1,10497,17:106,1
فرهان,1,10498,2:283,1
فروج,1,10499,50:6,1
فروجهن,1,10500,24:31,1
فروح,1,10501,56:89,1
فريا,1,10502,19:27,1
فريقان,1,10503,27:45,1
فزادوهم,1,10504,72:6,1
فزده,1,10505,38:61,1
فزعوا,1,10506,34:51,1
فزيلنا,1,10507,10:28,1
فزين,1,10508,16:63,1
فزينوا,1,10509,41:25,1
فسأكتبها,1,10510,7:156,1
فساد,1,10511,5:32,1
فسالت,1,10512,13:17,1
فساهم,1,10513,37:141,1
فستبصر,1,10514,68:5,1
فستذكرون,1,10515,40:44,1
فسترضع,1,10516,65:6,1
فسحقا,1,10517,67:11,1
فسخرنا,1,10518,38:36,1
فسق,1,10519,5:3,1
فسقا,1,10520,6:145,1
فسقناه,1,10521,35:9,1
فسقى,1,10522,28:24,1
فسلام,1,10523,56:91,1
فسلكه,1,10524,39:21,1
فسلموا,1,10525,24:61,1
فسواك,1,10526,82:7,1
فسواهن,1,10527,2:29,1
فسيأتيهم,1,10528,26:6,1
فسيؤتيه,1,10529,48:10,1
فسيحشرهم,1,10530,4:172,1
فسيحوا,1,10531,9:2,1
فسيدخلهم,1,10532,4:175,1
فسيرى,1,10533,9:105,1
فسيكفيكهم,1,10534,2:137,1
فسينغضون,1,10535,17:51,1
فسينفقونها,1,10536,8:36,1
فشدوا,1,10537,47:4,1
فشربوا,1,10538,2:249,1
فشرد,1,10539,8:57,1
فشلتم,1,10540,3:152,1
فشهادة,1,10541,24:6,1
فصالا,1,10542,2:233,1
فصب,1,10543,89:13,1
فصبروا,1,10544,6:34,1
فصدقت,1,10545,12:26,1
فصرف,1,10546,12:34,1
فصرهن,1,10547,2:260,1
فصعق,1,10548,39:68,1
فصكت,1,10549,51:29,1
فصلى,1,10550,87:15,1
فضحكت,1,10551,11:71,1
فضربنا,1,10552,18:11,1
فضلكم,1,10553,7:140,1
فطاف,1,10554,68:19,1
فطال,1,10555,57:16,1
فطبع,1,10556,63:3,1
فطرت,1,10557,30:30,1
فطركم,1,10558,17:51,1
فطرنا,1,10559,20:72,1
فطرهن,1,10560,21:56,1
فطفق,1,10561,38:33,1
فطل,1,10562,2:265,1
فطلقوهن,1,10563,65:1,1
فطمسنا,1,10564,54:37,1
فطهر,1,10565,74:4,1
فطور,1,10566,67:3,1
فطوعت,1,10567,5:30,1
فظا,1,10568,3:159,1
فظلت,1,10569,26:4,1
فظلتم,1,10570,56:65,1
فظلوا,1,10571,15:14,1
فظن,1,10572,21:87,1
فظنوا,1,10573,18:53,1
فعاقبتم,1,10574,60:11,1
فعاقبوا,1,10575,16:126,1
فعتوا,1,10576,51:44,1
فعجب,1,10577,13:5,1
فعجل,1,10578,48:20,1
فعدتهن,1,10579,65:4,1
فعدلك,1,10580,82:7,1
فعرفهم,1,10581,12:58,1
فعززنا,1,10582,36:14,1
فعصوا,1,10583,69:10,1
فعصى,1,10584,73:16,1
فعظوهن,1,10585,4:34,1
فعفونا,1,10586,4:153,1
فعقر,1,10587,54:29,1
فعقروا,1,10588,7:77,1
فعلتك,1,10589,26:19,1
فعلته,1,10590,18:82,1
فعلتها,1,10591,26:20,1
فعلموا,1,10592,28:75,1
فعلنا,1,10593,14:45,1
فعله,1,10594,21:63,1
فعلى,1,10595,10:71,1
فعلي,1,10596,11:35,1
فعليكم,1,10597,8:72,1
فعليهم,1,10598,16:106,1
فعليهن,1,10599,4:25,1
فعموا,1,10600,5:71,1
فغشاها,1,10601,53:54,1
فغشيهم,1,10602,20:78,1
فغفر,1,10603,28:16,1
فغفرنا,1,10604,38:25,1
فغلبوا,1,10605,7:119,1
فغلوه,1,10606,69:30,1
فغوى,1,10607,20:121,1
ففتحنا,1,10608,54:11,1
ففتقناهما,1,10609,21:30,1
ففدية,1,10610,2:196,1
ففررت,1,10611,26:21,1
ففروا,1,10612,51:50,1
ففريقا,1,10613,2:87,1
ففسق,1,10614,18:50,1
ففسقوا,1,10615,17:16,1
ففهمناها,1,10616,21:79,1
فقاتل,1,10617,4:84,1
فقاتلا,1,10618,5:24,1
فقالت,1,10619,28:12,1
فقبضت,1,10620,20:96,1
فقتل,1,10621,74:19,1
فقدر,1,10622,89:16,1
فقدرنا,1,10623,77:23,1
فقدموا,1,10624,58:12,1
فقذفناها,1,10625,20:87,1
فقرأه,1,10626,26:199,1
فقراء,1,10627,24:32,1
فقربه,1,10628,51:27,1
فقست,1,10629,57:16,1
فقضاهن,1,10630,41:12,1
فقضى,1,10631,28:15,1
فقلت,1,10632,71:10,1
فقليلا,1,10633,2:88,1
فقنا,1,10634,3:191,1
فقولي,1,10635,19:26,1
فك,1,10636,90:13,1
فكأين,1,10637,22:45,1
فكاتبوهم,1,10638,24:33,1
فكبت,1,10639,27:90,1
فكبر,1,10640,74:3,1
فكبكبوا,1,10641,26:94,1
فكثركم,1,10642,7:86,1
فكذبنا,1,10643,67:9,1
فكذلك,1,10644,20:87,1
فكر,1,10645,74:18,1
فكرهتموه,1,10646,49:12,1
فكسونا,1,10647,23:14,1
فكف,1,10648,5:11,1
فكفارته,1,10649,5:89,1
فكفرت,1,10650,16:112,1
فكفى,1,10651,10:29,1
فكلوه,1,10652,4:4,1
فكلي,1,10653,19:26,1
فكهين,1,10654,83:31,1
فكيدون,1,10655,77:39,1
فكيدوني,1,10656,11:55,1
فلأقطعن,1,10657,20:71,1
فلأنفسكم,1,10658,2:272,1
فلأنفسهم,1,10659,30:44,1
فلانا,1,10660,25:28,1
فلبئس,1,10661,16:29,1
فلبثت,1,10662,20:40,1
فلتقم,1,10663,4:102,1
فلذلك,1,10664,42:15,1
فلسوف,1,10665,26:49,1
فلعرفتهم,1,10666,47:30,1
فلعنة,1,10667,2:89,1
فلقاتلوكم,1,10668,4:90,1
فلكل,1,10669,4:12,1
فللذكر,1,10670,4:176,1
فللوالدين,1,10671,2:215,1
فلمسوه,1,10672,6:7,1
فلنأتينك,1,10673,20:58,1
فلنأتينهم,1,10674,27:37,1
فلنحيينه,1,10675,16:97,1
فلنذيقن,1,10676,41:27,1
فلنسألن,1,10677,7:6,1
فلنعم,1,10678,37:75,1
فلنقصن,1,10679,7:7,1
فلننبئن,1,10680,41:50,1
فلنولينك,1,10681,2:144,1
فلهما,1,10682,4:176,1
فليأت,1,10683,52:38,1
فليأتكم,1,10684,18:19,1
فليأتنا,1,10685,21:5,1
فليأكل,1,10686,4:6,1
فليؤد,1,10687,2:283,1
فليؤمن,1,10688,18:29,1
فليبتكن,1,10689,4:119,1
فليتقوا,1,10690,4:9,1
فليتنافس,1,10691,83:26,1
فليحذر,1,10692,24:63,1
فليدع,1,10693,96:17,1
فليذوقوه,1,10694,38:57,1
فليرتقوا,1,10695,38:10,1
فليستأذنوا,1,10696,24:59,1
فليستعفف,1,10697,4:6,1
فليصلوا,1,10698,4:102,1
فليصمه,1,10699,2:185,1
فليضحكوا,1,10700,9:82,1
فليعبدوا,1,10701,106:3,1
فليعلمن,1,10702,29:3,1
فليغيرن,1,10703,4:119,1
فليفرحوا,1,10704,10:58,1
فليقاتل,1,10705,4:74,1
فليكتب,1,10706,2:282,1
فليكفر,1,10707,18:29,1
فليكونوا,1,10708,4:102,1
فليلقه,1,10709,20:39,1
فليملل,1,10710,2:282,1
فلينفق,1,10711,65:7,1
فمأواهم,1,10712,32:20,1
فمتعناهم,1,10713,37:148,1
فمتعوهن,1,10714,33:49,1
فمحونا,1,10715,17:12,1
فمرت,1,10716,7:189,1
فمستقر,1,10717,6:98,1
فمكث,1,10718,27:22,1
فملاقيه,1,10719,84:6,1
فمنه,1,10720,36:33,1
فمنها,1,10721,36:72,1
فمهل,1,10722,86:17,1
فناداها,1,10723,19:24,1
فنادته,1,10724,3:39,1
فناظرة,1,10725,27:35,1
فنبذتها,1,10726,20:96,1
فنبذناه,1,10727,37:145,1
فنبذوه,1,10728,3:187,1
فنتبرأ,1,10729,2:167,1
فنجعل,1,10730,3:61,1
فنجي,1,10731,12:110,1
فنجيناك,1,10732,20:40,1
فنخرج,1,10733,32:27,1
فنذر,1,10734,10:11,1
فنردها,1,10735,4:47,1
فنزل,1,10736,56:93,1
فنسوا,1,10737,5:14,1
فنسيتها,1,10738,20:126,1
فنسيهم,1,10739,9:67,1
فنصف,1,10740,2:237,1
فنظر,1,10741,37:88,1
فنظرة,1,10742,2:280,1
فنظل,1,10743,26:71,1
فنعما,1,10744,2:271,1
فنعمل,1,10745,7:53,1
فنفعها,1,10746,10:98,1
فنقبوا,1,10747,50:36,1
فنكون,1,10748,26:102,1
فننبئكم,1,10749,10:23,1
فننبئهم,1,10750,31:23,1
فهب,1,10751,19:5,1
فهديناهم,1,10752,41:17,1
فهذا,1,10753,30:56,1
فهزموهم,1,10754,2:251,1
فواحدة,1,10755,4:3,1
فواق,1,10756,38:15,1
فوت,1,10757,34:51,1
فوجا,1,10758,27:83,1
فوجد,1,10759,28:15,1
فوجدناها,1,10760,72:8,1
فورب,1,10761,51:23,1
فورهم,1,10762,3:125,1
فوسطن,1,10763,100:5,1
فوفاه,1,10764,24:39,1
فوقاه,1,10765,40:45,1
فوقاهم,1,10766,76:11,1
فوقع,1,10767,7:118,1
فوقهن,1,10768,42:5,1
فوكزه,1,10769,28:15,1
فوهب,1,10770,26:21,1
فيأتيهم,1,10771,26:202,1
فيؤخذ,1,10772,55:41,1
فيؤمنوا,1,10773,22:54,1
فيئوس,1,10774,41:49,1
فيبسطه,1,10775,30:48,1
فيتعلمون,1,10776,2:102,1
فيجعله,1,10777,8:37,1
فيحفكم,1,10778,47:37,1
فيحل,1,10779,20:81,1
فيحلفون,1,10780,58:18,1
فيحلوا,1,10781,9:37,1
فيحيي,1,10782,30:24,1
فيخرج,1,10783,2:74,1
فيدخلهم,1,10784,45:30,1
فيدمغه,1,10785,21:18,1
فيدهنون,1,10786,68:9,1
فيذرها,1,10787,20:106,1
فيذهب,1,10788,13:17,1
فيرسل,1,10789,17:69,1
فيركمه,1,10790,8:37,1
فيسبوا,1,10791,6:108,1
فيستحيي,1,10792,33:53,1
فيسحتكم,1,10793,20:61,1
فيسخرون,1,10794,9:79,1
فيسقي,1,10795,12:41,1
فيشفعوا,1,10796,7:53,1
فيصبحوا,1,10797,5:52,1
فيصلب,1,10798,12:41,1
فيضل,1,10799,14:4,1
فيضلك,1,10800,38:26,1
فيطمع,1,10801,33:32,1
فيظللن,1,10802,42:33,1
فيعتذرون,1,10803,77:36,1
فيعذبهم,1,10804,4:173,1
فيعلمون,1,10805,2:26,1
فيغرقكم,1,10806,17:69,1
فيغفر,1,10807,2:284,1
فيقتل,1,10808,4:74,1
فيقتلون,1,10809,9:111,1
فيقولون,1,10810,2:26,1
فيكشف,1,10811,6:41,1
فيكيدوا,1,10812,12:5,1
فيمت,1,10813,2:217,1
فيمسك,1,10814,39:42,1
فيمكث,1,10815,13:17,1
فيموتوا,1,10816,35:36,1
فيميلون,1,10817,4:102,1
فينتقم,1,10818,5:95,1
فينسخ,1,10819,22:52,1
فينظر,1,10820,7:129,1
فينقلبوا,1,10821,3:127,1
فيوحي,1,10822,42:51,1
ق,1,10823,50:1,1
قائلها,1,10824,23:100,1
قائلون,1,10825,7:4,1
قائمون,1,10826,70:33,1
قاب,1,10827,53:9,1
قاتل,1,10828,3:146,1
قاتلكم,1,10829,48:22,1
قاتلوهم,1,10830,9:14,1
قادرون,1,10831,10:24,1
قارعة,1,10832,13:31,1
قاسية,1,10833,5:13,1
قاصدا,1,10834,9:42,1
قاصفا,1,10835,17:69,1
قاض,1,10836,20:72,1
قاطعة,1,10837,27:32,1
قاعا,1,10838,20:106,1
قاعدا,1,10839,10:12,1
قاعدون,1,10840,5:24,1
قالها,1,10841,39:50,1
قام,1,10842,72:19,1
قانت,1,10843,39:9,1
قانتا,1,10844,16:120,1
قانتين,1,10845,2:238,1
قاهرون,1,10846,7:127,1
قبره,1,10847,9:84,1
قبس,1,10848,27:7,1
قبضا,1,10849,25:46,1
قبضة,1,10850,20:96,1
قبضته,1,10851,39:67,1
قبضناه,1,10852,25:46,1
قبلتك,1,10853,2:145,1
قبيلا,1,10854,17:92,1
قتالا,1,10855,3:167,1
قتر,1,10856,10:26,1
قترة,1,10857,80:41,1
قتلتموهم,1,10858,3:183,1
قتله,1,10859,5:95,1
قتورا,1,10860,17:100,1
قدحا,1,10861,100:2,1
قددا,1,10862,72:11,1
قدرناه,1,10863,36:39,1
قدرناها,1,10864,27:57,1
قدروها,1,10865,76:16,1
قدمتم,1,10866,12:48,1
قدمتموه,1,10867,38:60,1
قدموا,1,10868,36:12,1
قديم,1,10869,46:11,1
قرآنه,1,10870,75:18,1
قرأناه,1,10871,75:18,1
قراطيس,1,10872,6:91,1
قربا,1,10873,5:27,1
قربات,1,10874,9:99,1
قربة,1,10875,9:99,1
قرت,1,10876,28:9,1
قرطاس,1,10877,6:7,1
قرناء,1,10878,41:25,1
قروء,1,10879,2:228,1
قريتك,1,10880,47:13,1
قريتنا,1,10881,7:88,1
قريش,1,10882,106:1,1
قسم,1,10883,89:5,1
قسمنا,1,10884,43:32,1
قسوة,1,10885,2:74,1
قسورة,1,10886,74:51,1
قسيسين,1,10887,5:82,1
قصد,1,10888,16:9,1
قصصا,1,10889,18:64,1
قصصناهم,1,10890,4:164,1
قصصهم,1,10891,12:111,1
قصمنا,1,10892,21:11,1
قصيا,1,10893,19:22,1
قصيه,1,10894,28:11,1
قضاها,1,10895,12:68,1
قضوا,1,10896,33:37,1
قطرا,1,10897,18:96,1
قطران,1,10898,14:50,1
قطع,1,10899,13:4,1
قطعا,1,10900,10:27,1
قطعتم,1,10901,59:5,1
قطعن,1,10902,12:50,1
قطمير,1,10903,35:13,1
قطنا,1,10904,38:16,1
قعود,1,10905,85:6,1
قعيد,1,10906,50:17,1
قفينا,1,10907,57:27,1
قلبها,1,10908,28:10,1
قلبي,1,10909,2:260,1
قلبين,1,10910,33:4,1
قلته,1,10911,5:116,1
قلن,1,10912,12:51,1
قلوبكما,1,10913,66:4,1
قلى,1,10914,93:3,1
قليلة,1,10915,2:249,1
قليلون,1,10916,26:54,1
قمتم,1,10917,5:6,1
قمطريرا,1,10918,76:10,1
قنطارا,1,10919,4:20,1
قنطوا,1,10920,42:28,1
قنوان,1,10921,6:99,1
قنوط,1,10922,41:49,1
قوا,1,10923,66:6,1
قواريرا,1,10924,76:15,1
قواما,1,10925,25:67,1
قوامون,1,10926,4:34,1
قوتكم,1,10927,11:52,1
قوتلتم,1,10928,59:11,1
قوتلوا,1,10929,59:12,1
قوسين,1,10930,53:9,1
قولك,1,10931,11:53,1
قولنا,1,10932,16:40,1
قولها,1,10933,27:19,1
قومها,1,10934,19:27,1
قويا,1,10935,33:25,1
قيمة,1,10936,98:3,1
كأحد,1,10937,33:32,1
كأس,1,10938,76:5,1
كألف,1,10939,22:47,1
كأمثال,1,10940,56:23,1
كأنك,1,10941,7:187,1
كاتبا,1,10942,2:283,1
كاتبون,1,10943,21:94,1
كاتبين,1,10944,82:11,1
كادت,1,10945,28:10,1
كادح,1,10946,84:6,1
كاذبون,1,10947,26:223,1
كارهين,1,10948,7:88,1
كاشفات,1,10949,39:38,1
كاشفة,1,10950,53:58,1
كاشفو,1,10951,44:15,1
كاظمين,1,10952,40:18,1
كافرة,1,10953,3:13,1
كافورا,1,10954,76:5,1
كالأعمى,1,10955,11:24,1
كالأنثى,1,10956,3:36,1
كالتي,1,10957,16:92,1
كالجبال,1,10958,11:42,1
كالجواب,1,10959,34:13,1
كالحجارة,1,10960,2:74,1
كالحون,1,10961,23:104,1
كالدهان,1,10962,55:37,1
كالرميم,1,10963,51:42,1
كالصريم,1,10964,68:20,1
كالطود,1,10965,26:63,1
كالظلل,1,10966,31:32,1
كالعرجون,1,10967,36:39,1
كالفجار,1,10968,38:28,1
كالفخار,1,10969,55:14,1
كالفراش,1,10970,101:4,1
كالقصر,1,10971,77:32,1
كالمجرمين,1,10972,68:35,1
كالمعلقة,1,10973,4:129,1
كالمفسدين,1,10974,38:28,1
كالوهم,1,10975,83:3,1
كاملين,1,10976,2:233,1
كاهن,1,10977,69:42,1
كبارا,1,10978,71:22,1
كباسط,1,10979,13:14,1
كبت,1,10980,58:5,1
كبتوا,1,10981,58:5,1
كبد,1,10982,90:4,1
كبرت,1,10983,18:5,1
كبره,1,10984,24:11,1
كتابك,1,10985,17:14,1
كتابنا,1,10986,45:29,1
كتابها,1,10987,45:28,1
كتابهم,1,10988,17:71,1
كتبناها,1,10989,57:27,1
كتم,1,10990,2:140,1
كثر,1,10991,4:7,1
كثرة,1,10992,5:100,1
كثرت,1,10993,8:19,1
كثرتكم,1,10994,9:25,1
كثيبا,1,10995,73:14,1
كجهر,1,10996,49:2,1
كحب,1,10997,2:165,1
كخشية,1,10998,4:77,1
كخلقه,1,10999,13:16,1
كخيفتكم,1,11000,30:28,1
كدحا,1,11001,84:6,1
كدعاء,1,11002,24:63,1
كدنا,1,11003,12:76,1
كذبه,1,11004,40:28,1
كذبوكم,1,11005,25:19,1
كذبوه,1,11006,23:44,1
كذكركم,1,11007,2:200,1
كذلكم,1,11008,48:15,1
كرام,1,11009,80:16,1
كرب,1,11010,6:64,1
كرتين,1,11011,67:4,1
كرماد,1,11012,14:18,1
كرمت,1,11013,17:62,1
كرمنا,1,11014,17:70,1
كرهتموهن,1,11015,4:19,1
كزرع,1,11016,48:29,1
كسادها,1,11017,9:24,1
كسبا,1,11018,5:38,1
كسراب,1,11019,24:39,1
كسوتهم,1,11020,5:89,1
كشطت,1,11021,81:11,1
كشفت,1,11022,7:134,1
كصاحب,1,11023,68:48,1
كصيب,1,11024,2:19,1
كطي,1,11025,21:104,1
كظلمات,1,11026,24:40,1
كعذاب,1,11027,29:10,1
كعرض,1,11028,57:21,1
كعصف,1,11029,105:5,1
كغلي,1,11030,44:46,1
كف,1,11031,48:24,1
كفاتا,1,11032,77:25,1
كفران,1,11033,21:94,1
كفرت,1,11034,14:22,1
كففت,1,11035,5:110,1
كفل,1,11036,4:85,1
كفلين,1,11037,57:28,1
كفيلا,1,11038,16:91,1
كفيناك,1,11039,15:95,1
كلالة,1,11040,4:12,1
كلاهما,1,11041,17:23,1
كلتا,1,11042,18:33,1
كلتم,1,11043,17:35,1
كلمتنا,1,11044,37:171,1
كلمه,1,11045,12:54,1
كلهن,1,11046,33:51,1
كلي,1,11047,16:69,1
كمثله,1,11048,42:11,1
كمشكاة,1,11049,24:35,1
كنزتم,1,11050,9:35,1
كنزهما,1,11051,18:82,1
كنفس,1,11052,31:28,1
كهشيم,1,11053,54:31,1
كهيعص,1,11054,19:1,1
كورت,1,11055,81:1,1
كوكب,1,11056,24:35,1
كوني,1,11057,21:69,1
كيدكم,1,11058,20:64,1
كيدون,1,11059,7:195,1
لآتوها,1,11060,33:14,1
لآتينا,1,11061,32:13,1
لآتيناهم,1,11062,4:67,1
لآتينهم,1,11063,7:17,1
لآمن,1,11064,10:99,1
لآياتنا,1,11065,74:16,1
لأبي,1,11066,26:86,1
لأتخذن,1,11067,4:118,1
لأجد,1,11068,12:94,1
لأجدن,1,11069,18:36,1
لأجعلنك,1,11070,26:29,1
لأحتنكن,1,11071,17:62,1
لأحدهما,1,11072,18:32,1
لأخته,1,11073,28:11,1
لأخذنا,1,11074,69:45,1
لأخراهم,1,11075,7:39,1
لأخيه,1,11076,7:142,1
لأذبحنه,1,11077,27:21,1
لأذقناك,1,11078,17:75,1
لأرجمنك,1,11079,19:46,1
لأريناكهم,1,11080,47:30,1
لأزواجهم,1,11081,2:240,1
لأزيدنكم,1,11082,14:7,1
لأزينن,1,11083,15:39,1
لأستغفرن,1,11084,60:4,1
لأسجد,1,11085,15:33,1
لأسقيناهم,1,11086,72:16,1
لأسمعهم,1,11087,8:23,1
لأصلبنكم,1,11088,7:124,1
لأعدل,1,11089,42:15,1
لأعدوا,1,11090,9:46,1
لأعذبنه,1,11091,27:21,1
لأعنتكم,1,11092,2:220,1
لأغلبن,1,11093,58:21,1
لأغوينهم,1,11094,38:82,1
لأقتلك,1,11095,5:28,1
لأقتلنك,1,11096,5:27,1
لأقرب,1,11097,18:24,1
لأقعدن,1,11098,7:16,1
لأكثرهم,1,11099,7:102,1
لأكفر,1,11100,40:42,1
لأكلوا,1,11101,5:66,1
لأكونن,1,11102,6:77,1
لأكيدن,1,11103,21:57,1
لأمارة,1,11104,12:53,1
لأمر,1,11105,9:106,1
لأمسكتم,1,11106,17:100,1
لأن,1,11107,39:12,1
لأنتم,1,11108,59:13,1
لأنذركم,1,11109,6:19,1
لأنعمه,1,11110,16:121,1
لأهب,1,11111,19:19,1
لأهل,1,11112,9:120,1
لأواه,1,11113,9:114,1
لأوتين,1,11114,19:77,1
لأول,1,11115,59:2,1
لأولاهم,1,11116,7:38,1
لأولنا,1,11117,5:114,1
لأي,1,11118,77:12,1
لأيمانكم,1,11119,2:224,1
لؤلؤ,1,11120,52:24,1
لؤلؤا,1,11121,76:19,1
لإثم,1,11122,5:3,1
لإحدى,1,11123,74:35,1
لإيلاف,1,11124,106:1,1
لائم,1,11125,5:54,1
لابتغوا,1,11126,17:42,1
لابثين,1,11127,78:23,1
لابنه,1,11128,31:13,1
لاتبعتم,1,11129,4:83,1
لاتبعناكم,1,11130,3:167,1
لاتبعوك,1,11131,9:42,1
لاتخذت,1,11132,18:77,1
لاتخذناه,1,11133,21:17,1
لاتخذوك,1,11134,17:73,1
لاختلفتم,1,11135,8:42,1
لارتاب,1,11136,29:48,1
لازب,1,11137,37:11,1
لاستكثرت,1,11138,7:188,1
لاصطفى,1,11139,39:4,1
لاغية,1,11140,88:11,1
لافتدت,1,11141,10:54,1
لاقيه,1,11142,28:61,1
لامرأته,1,11143,12:21,1
لانتصر,1,11144,47:4,1
لانفضوا,1,11145,3:159,1
لاهية,1,11146,21:3,1
لبإمام,1,11147,15:79,1
لباسهما,1,11148,7:27,1
لبالمرصاد,1,11149,89:14,1
لبث,1,11150,11:69,1
لبرز,1,11151,3:154,1
لبس,1,11152,50:15,1
لبسبيل,1,11153,15:76,1
لبشرين,1,11154,23:47,1
لبعثنا,1,11155,25:51,1
لبعولتهن,1,11156,24:31,1
لبغوا,1,11157,42:27,1
لبلاغا,1,11158,21:106,1
لبلد,1,11159,7:57,1
لبن,1,11160,47:15,1
لبنا,1,11161,16:66,1
لبنيه,1,11162,2:133,1
لبوس,1,11163,21:80,1
لبيت,1,11164,29:41,1
لبيوتهم,1,11165,43:33,1
لتأتنني,1,11166,12:66,1
لتأتينكم,1,11167,34:3,1
لتأخذوها,1,11168,48:15,1
لتأفكنا,1,11169,46:22,1
لتؤمنن,1,11170,3:81,1
لتاركو,1,11171,37:36,1
لتبدي,1,11172,28:10,1
لتبشر,1,11173,19:97,1
لتبعثن,1,11174,64:7,1
لتبلون,1,11175,3:186,1
لتبيننه,1,11176,3:187,1
لتتلو,1,11177,13:30,1
لتجدن,1,11178,5:82,1
لتجزى,1,11179,20:15,1
لتحسبوه,1,11180,3:78,1
لتحصنكم,1,11181,21:80,1
لتحكم,1,11182,4:105,1
لتحملهم,1,11183,9:92,1
لتخرج,1,11184,14:1,1
لتخرجنا,1,11185,20:57,1
لتخرجوا,1,11186,7:123,1
لتدخلن,1,11187,48:27,1
لتدعوهم,1,11188,23:73,1
لتذكرة,1,11189,69:48,1
لتذهبوا,1,11190,4:19,1
لتردين,1,11191,37:56,1
لترضوا,1,11192,9:96,1
لترضى,1,11193,20:84,1
لتركبن,1,11194,84:19,1
لتركبوا,1,11195,40:79,1
لتركبوها,1,11196,16:8,1
لترون,1,11197,102:6,1
لترونها,1,11198,102:7,1
لتزول,1,11199,14:46,1
لتستووا,1,11200,43:13,1
لتسحرنا,1,11201,7:132,1
لتسلكوا,1,11202,71:20,1
لتشرك,1,11203,29:8,1
لتشقى,1,11204,20:2,1
لتشهدون,1,11205,6:19,1
لتضيقوا,1,11206,65:6,1
لتعارفوا,1,11207,49:13,1
لتعتدوا,1,11208,2:231,1
لتعجل,1,11209,75:16,1
لتعرضوا,1,11210,9:95,1
لتعلم,1,11211,11:79,1
لتغرق,1,11212,18:71,1
لتغفر,1,11213,71:7,1
لتفتروا,1,11214,16:116,1
لتفتري,1,11215,17:73,1
لتفسدن,1,11216,17:4,1
لتقتلني,1,11217,5:28,1
لتقرأه,1,11218,17:106,1
لتقولون,1,11219,17:40,1
لتكبروا,1,11220,22:37,1
لتكفرون,1,11221,41:9,1
لتلفتنا,1,11222,10:78,1
لتلقى,1,11223,27:6,1
لتمرون,1,11224,37:137,1
لتنبؤن,1,11225,64:7,1
لتنبئنهم,1,11226,12:15,1
لتنزيل,1,11227,26:192,1
لتنفقوا,1,11228,47:38,1
لتنوء,1,11229,28:76,1
لتهتدوا,1,11230,6:97,1
لتهدي,1,11231,42:52,1
لتولوا,1,11232,8:23,1
لثمود,1,11233,11:68,1
لجاءهم,1,11234,29:53,1
لجاعلون,1,11235,18:8,1
لجالوت,1,11236,2:250,1
لجبريل,1,11237,2:97,1
لجة,1,11238,27:44,1
لجعل,1,11239,11:118,1
لجعله,1,11240,25:45,1
لجعلهم,1,11241,42:8,1
لجلودهم,1,11242,41:21,1
لجمعهم,1,11243,6:35,1
لجميع,1,11244,26:56,1
لجنبه,1,11245,10:12,1
لجوا,1,11246,67:21,1
لجي,1,11247,24:40,1
لحافظين,1,11248,82:10,1
لحب,1,11249,100:8,1
لحبط,1,11250,6:88,1
لحدود,1,11251,9:112,1
لحديث,1,11252,33:53,1
لحسرة,1,11253,69:50,1
لحسن,1,11254,38:49,1
لحكمه,1,11255,13:41,1
لحكمهم,1,11256,21:78,1
لحليم,1,11257,11:75,1
لحن,1,11258,47:30,1
لحومها,1,11259,22:37,1
لحياتي,1,11260,89:24,1
لخاطئين,1,11261,12:91,1
لخرجنا,1,11262,9:42,1
لخزنة,1,11263,40:49,1
لخسف,1,11264,28:82,1
لدا,1,11265,19:97,1
لداوود,1,11266,38:30,1
لدلوك,1,11267,17:78,1
لدني,1,11268,18:76,1
لذائقو,1,11269,37:38,1
لذائقون,1,11270,37:31,1
لذكري,1,11271,20:14,1
لذكورنا,1,11272,6:139,1
لذنوبهم,1,11273,3:135,1
لذي,1,11274,89:5,1
لرأيته,1,11275,59:21,1
لرادك,1,11276,28:85,1
لربكم,1,11277,42:47,1
لرجمناك,1,11278,11:91,1
لرحمة,1,11279,29:51,1
لرزقنا,1,11280,38:54,1
لرسلهم,1,11281,14:13,1
لرسوله,1,11282,63:1,1
لرفعناه,1,11283,7:176,1
لرقيك,1,11284,17:93,1
لساحران,1,11285,20:63,1
لسارقون,1,11286,12:70,1
لسانك,1,11287,75:16,1
لسبإ,1,11288,34:15,1
لستن,1,11289,33:32,1
لسحر,1,11290,10:76,1
لسريع,1,11291,7:167,1
لسعيه,1,11292,21:94,1
لسعيها,1,11293,88:9,1
لسلطهم,1,11294,4:90,1
لسليمان,1,11295,27:17,1
لسنتنا,1,11296,17:77,1
لسوف,1,11297,19:66,1
لشاعر,1,11298,37:36,1
لشتى,1,11299,92:4,1
لشر,1,11300,38:55,1
لشرذمة,1,11301,26:54,1
لشركائنا,1,11302,6:136,1
لشركائهم,1,11303,6:136,1
لشهادتنا,1,11304,5:107,1
لشهيد,1,11305,100:7,1
لشوبا,1,11306,37:67,1
لصادق,1,11307,51:5,1
لصالو,1,11308,83:16,1
لصوت,1,11309,31:19,1
لطمسنا,1,11310,36:66,1
لطيفا,1,11311,33:34,1
لظالمون,1,11312,12:79,1
لظالمين,1,11313,15:78,1
لظلم,1,11314,31:13,1
لظلوا,1,11315,30:51,1
لظلوم,1,11316,14:34,1
لظى,1,11317,70:15,1
لعاد,1,11318,11:60,1
لعادوا,1,11319,6:28,1
لعال,1,11320,10:83,1
لعبا,1,11321,6:70,1
لعبادته,1,11322,19:65,1
لعبادنا,1,11323,37:171,1
لعجل,1,11324,18:58,1
لعدتهن,1,11325,65:1,1
لعذبنا,1,11326,48:25,1
لعذبهم,1,11327,59:3,1
لعلم,1,11328,43:61,1
لعلمه,1,11329,4:83,1
لعلنا,1,11330,26:40,1
لعليم,1,11331,22:59,1
لعمرك,1,11332,15:72,1
لعملكم,1,11333,26:168,1
لعناهم,1,11334,5:13,1
لعنتم,1,11335,49:7,1
لعنتي,1,11336,38:78,1
لعنوا,1,11337,24:23,1
لغائظون,1,11338,26:55,1
لغافلون,1,11339,10:92,1
لغد,1,11340,59:18,1
لغفار,1,11341,20:82,1
لغلامين,1,11342,18:82,1
لغو,1,11343,52:23,1
لغوي,1,11344,28:18,1
لفاسقون,1,11345,5:49,1
لفاسقين,1,11346,7:102,1
لفاعلون,1,11347,12:61,1
لفتحنا,1,11348,7:96,1
لفتيانه,1,11349,12:62,1
لفرح,1,11350,11:10,1
لفريقا,1,11351,3:78,1
لفسدتا,1,11352,21:22,1
لفسق,1,11353,6:121,1
لفشلتم,1,11354,8:43,1
لفضله,1,11355,10:107,1
لفيفا,1,11356,17:104,1
لقائه,1,11357,32:23,1
لقادر,1,11358,86:8,1
لقال,1,11359,6:7,1
لقتال,1,11360,8:16,1
لقدير,1,11361,22:39,1
لقرآن,1,11362,56:77,1
لقسم,1,11363,56:76,1
لقطعنا,1,11364,69:46,1
لقلنا,1,11365,8:31,1
لقلوبكم,1,11366,33:53,1
لقوكم,1,11367,3:119,1
لقولهم,1,11368,63:4,1
لقومكما,1,11369,10:87,1
لقومهم,1,11370,60:4,1
لقيا,1,11371,18:74,1
لقينا,1,11372,18:62,1
لكارهون,1,11373,8:5,1
لكافرون,1,11374,30:8,1
لكتاب,1,11375,41:41,1
لكثير,1,11376,6:137,1
لكفرنا,1,11377,5:65,1
لكنتم,1,11378,2:64,1
لكنود,1,11379,100:6,1
للآخرة,1,11380,92:13,1
للآخرين,1,11381,43:56,1
للآكلين,1,11382,23:20,1
للأبرار,1,11383,3:198,1
للأنام,1,11384,55:10,1
للأوابين,1,11385,17:25,1
للبث,1,11386,37:144,1
للتي,1,11387,17:9,1
للجبل,1,11388,7:143,1
للجبين,1,11389,37:103,1
للجوا,1,11390,23:75,1
للحرب,1,11391,5:64,1
للحسنى,1,11392,41:50,1
للحواريين,1,11393,61:14,1
للحي,1,11394,20:111,1
للخائنين,1,11395,4:105,1
للخبيثات,1,11396,24:26,1
للخبيثين,1,11397,24:26,1
للخروج,1,11398,9:83,1
للذاكرين,1,11399,11:114,1
للرؤيا,1,11400,12:43,1
للرسل,1,11401,41:43,1
للزكاة,1,11402,23:4,1
للساعة,1,11403,43:61,1
للسحت,1,11404,5:42,1
للسلم,1,11405,8:61,1
للسمع,1,11406,72:9,1
للشهادة,1,11407,2:282,1
للشوى,1,11408,70:16,1
للشياطين,1,11409,67:5,1
للشيطان,1,11410,19:45,1
للصابرين,1,11411,16:126,1
للصلاة,1,11412,62:9,1
للطيبات,1,11413,24:26,1
للطيبين,1,11414,24:26,1
للعابدين,1,11415,21:84,1
للعسرى,1,11416,92:10,1
للغاوين,1,11417,26:91,1
للقاسية,1,11418,39:22,1
للقتال,1,11419,3:121,1
للقمر,1,11420,41:37,1
للكتب,1,11421,21:104,1
للكفر,1,11422,3:167,1
للمؤمنات,1,11423,24:31,1
للمتكبرين,1,11424,39:60,1
للمتوسمين,1,11425,15:75,1
للمحسنات,1,11426,33:29,1
للمخلفين,1,11427,48:16,1
للمصلين,1,11428,107:4,1
للمطففين,1,11429,83:1,1
للمقوين,1,11430,56:73,1
للملإ,1,11431,26:34,1
للموقنين,1,11432,51:20,1
للهدى,1,11433,92:12,1
للوالدين,1,11434,2:180,1
لليتامى,1,11435,4:127,1
لمبتلين,1,11436,23:30,1
لمبلسين,1,11437,30:49,1
لمتنني,1,11438,12:32,1
لمثل,1,11439,37:61,1
لمثله,1,11440,24:17,1
لمثوبة,1,11441,2:103,1
لمجموعون,1,11442,56:50,1
لمحجوبون,1,11443,83:15,1
لمخرجون,1,11444,27:67,1
لمدركون,1,11445,26:61,1
لمدين,1,11446,11:95,1
لمدينون,1,11447,37:53,1
لمردودون,1,11448,79:10,1
لمرسلون,1,11449,36:16,1
لمزة,1,11450,104:1,1
لمساكين,1,11451,18:79,1
لمستقر,1,11452,36:38,1
لمسجد,1,11453,9:108,1
لمسخناهم,1,11454,36:67,1
لمسرفون,1,11455,5:32,1
لمسنا,1,11456,72:8,1
لمشركون,1,11457,6:121,1
لمع,1,11458,29:69,1
لمعزولون,1,11459,26:212,1
لمعكم,1,11460,5:53,1
لمغرمون,1,11461,56:66,1
لمغفرة,1,11462,3:157,1
لمفعولا,1,11463,17:108,1
لمقت,1,11464,40:10,1
لمكر,1,11465,7:123,1
لمنجوهم,1,11466,15:59,1
لمنقلبون,1,11467,43:14,1
لمنكم,1,11468,9:56,1
لمهلكهم,1,11469,18:59,1
لموسعون,1,11470,51:47,1
لموسى,1,11471,10:83,1
لموعدهم,1,11472,15:43,1
لموفوهم,1,11473,11:109,1
لميتون,1,11474,23:15,1
لميقات,1,11475,26:38,1
لنؤمنن,1,11476,7:134,1
لناصحون,1,11477,12:11,1
لناكبون,1,11478,23:74,1
لنبذ,1,11479,68:49,1
لنبلوهم,1,11480,18:7,1
لنبيتنه,1,11481,27:49,1
لنبين,1,11482,22:5,1
لنت,1,11483,3:159,1
لنتخذن,1,11484,18:21,1
لنثبت,1,11485,25:32,1
لنجعلها,1,11486,69:12,1
لنحرقنه,1,11487,20:97,1
لنحشرنهم,1,11488,19:68,1
لنحضرنهم,1,11489,19:68,1
لنحيي,1,11490,25:49,1
لنخرج,1,11491,78:15,1
لنخرجن,1,11492,59:11,1
لنخرجنك,1,11493,7:88,1
لنخرجنكم,1,11494,14:13,1
لندخلنهم,1,11495,29:9,1
لنذهبن,1,11496,17:86,1
لنذيقهم,1,11497,41:16,1
لنراها,1,11498,12:30,1
لنرجمنكم,1,11499,36:18,1
لنرسل,1,11500,51:33,1
لنريك,1,11501,20:23,1
لنريه,1,11502,17:1,1
لنزلنا,1,11503,17:95,1
لنسألنهم,1,11504,15:92,1
لنسفعا,1,11505,96:15,1
لنسلم,1,11506,6:71,1
لنصدقن,1,11507,9:75,1
لنصرف,1,11508,12:24,1
لنظنك,1,11509,7:66,1
لنعبد,1,11510,7:70,1
لنغرينك,1,11511,33:60,1
لنفد,1,11512,18:109,1
لنفسد,1,11513,12:73,1
لنقولن,1,11514,27:49,1
لنكفرن,1,11515,29:7,1
لننجينه,1,11516,29:32,1
لننزعن,1,11517,19:69,1
لننسفنه,1,11518,20:97,1
لننصر,1,11519,40:51,1
لننصرنكم,1,11520,59:11,1
لننظر,1,11521,10:14,1
لنهتدي,1,11522,7:43,1
لنهدينهم,1,11523,29:69,1
لنهلكن,1,11524,14:13,1
لنوره,1,11525,24:35,1
لهاد,1,11526,22:54,1
لهدمت,1,11527,22:40,1
لهديناكم,1,11528,14:21,1
لهمت,1,11529,4:113,1
لهي,1,11530,29:64,1
لواحة,1,11531,74:29,1
لواحد,1,11532,37:4,1
لواذا,1,11533,24:63,1
لواقح,1,11534,15:22,1
لوالديه,1,11535,46:17,1
لوجه,1,11536,76:9,1
لوح,1,11537,85:22,1
لوقتها,1,11538,7:187,1
لوقعتها,1,11539,56:2,1
لوليت,1,11540,18:18,1
لومة,1,11541,5:54,1
لووا,1,11542,63:5,1
ليأتيني,1,11543,27:21,1
ليأخذ,1,11544,12:76,1
ليأخذوه,1,11545,40:5,1
ليأكلوا,1,11546,36:35,1
ليؤذن,1,11547,9:90,1
ليئوس,1,11548,11:9,1
ليا,1,11549,4:46,1
ليالي,1,11550,34:18,1
ليبتليكم,1,11551,3:152,1
ليبدي,1,11552,7:20,1
ليبطئن,1,11553,4:72,1
ليبعثن,1,11554,7:167,1
ليبغي,1,11555,38:24,1
ليبلغ,1,11556,13:14,1
ليبلو,1,11557,47:4,1
ليبلونكم,1,11558,5:94,1
ليبلوني,1,11559,27:40,1
ليتخذ,1,11560,43:32,1
ليتساءلوا,1,11561,18:19,1
ليتفقهوا,1,11562,9:122,1
ليتها,1,11563,69:27,1
ليتوبوا,1,11564,9:118,1
ليثبت,1,11565,16:102,1
ليثبتوك,1,11566,8:30,1
ليجادلوكم,1,11567,6:121,1
ليجزيك,1,11568,28:25,1
ليحاجوكم,1,11569,2:76,1
ليحبطن,1,11570,39:65,1
ليحزن,1,11571,58:10,1
ليحزنك,1,11572,6:33,1
ليحزنني,1,11573,12:13,1
ليحق,1,11574,8:8,1
ليحملوا,1,11575,16:25,1
ليخرج,1,11576,65:11,1
ليخرجوك,1,11577,17:76,1
ليدبروا,1,11578,38:29,1
ليدخلنهم,1,11579,22:59,1
ليذر,1,11580,3:179,1
ليذهب,1,11581,33:33,1
ليذوق,1,11582,5:95,1
ليذوقوا,1,11583,4:56,1
ليذيقهم,1,11584,30:41,1
ليربو,1,11585,30:39,1
ليردوهم,1,11586,6:137,1
ليرزقنهم,1,11587,22:58,1
ليرضوكم,1,11588,9:62,1
ليروا,1,11589,99:6,1
ليريكم,1,11590,31:31,1
ليريه,1,11591,5:31,1
ليريهما,1,11592,7:27,1
ليزلقونك,1,11593,68:51,1
ليسأل,1,11594,33:8,1
ليستأذنكم,1,11595,24:58,1
ليستخفوا,1,11596,11:5,1
ليستخلفنهم,1,11597,24:55,1
ليستفزونك,1,11598,17:76,1
ليستيقن,1,11599,74:31,1
ليسجنن,1,11600,12:32,1
ليسجننه,1,11601,12:35,1
ليسكن,1,11602,7:189,1
ليسكنوا,1,11603,27:86,1
ليسمون,1,11604,53:27,1
ليسوءوا,1,11605,17:7,1
ليشتروا,1,11606,2:79,1
ليشهدوا,1,11607,22:28,1
ليصبحن,1,11608,23:40,1
ليصدوا,1,11609,8:36,1
ليصدونهم,1,11610,43:37,1
ليصرمنها,1,11611,68:17,1
ليضلنا,1,11612,25:42,1
ليضلون,1,11613,6:119,1
ليضيع,1,11614,2:143,1
ليطاع,1,11615,4:64,1
ليطغى,1,11616,96:6,1
ليطفئوا,1,11617,61:8,1
ليطلعكم,1,11618,3:179,1
ليطمئن,1,11619,2:260,1
ليعبدون,1,11620,51:56,1
ليعجزه,1,11621,35:44,1
ليعذب,1,11622,33:73,1
ليعلموا,1,11623,18:21,1
ليعلمون,1,11624,2:144,1
ليغيظ,1,11625,48:29,1
ليفتدوا,1,11626,5:36,1
ليفتنونك,1,11627,17:73,1
ليفجر,1,11628,75:5,1
ليفسد,1,11629,2:205,1
ليفسدوا,1,11630,7:127,1
ليقتلوك,1,11631,28:20,1
ليقربونا,1,11632,39:3,1
ليقض,1,11633,43:77,1
ليقضوا,1,11634,22:29,1
ليقضى,1,11635,6:60,1
ليقولوا,1,11636,6:53,1
ليقوم,1,11637,57:25,1
ليقيموا,1,11638,14:37,1
ليكتمون,1,11639,2:146,1
ليكفر,1,11640,39:35,1
ليكونا,1,11641,41:29,1
ليكونن,1,11642,35:42,1
ليلها,1,11643,79:29,1
ليمسن,1,11644,5:73,1
ليمكروا,1,11645,6:123,1
ليميز,1,11646,8:37,1
لينا,1,11647,20:44,1
لينبذن,1,11648,104:4,1
لينة,1,11649,59:5,1
لينصرنه,1,11650,22:60,1
لينفروا,1,11651,9:122,1
لينفق,1,11652,65:7,1
ليواطئوا,1,11653,9:37,1
ليوحون,1,11654,6:121,1
ليوفينهم,1,11655,11:111,1
ليوفيهم,1,11656,35:30,1
ليولن,1,11657,59:12,1
مآرب,1,11658,20:18,1
مأتيا,1,11659,19:61,1
مأكول,1,11660,105:5,1
مأمنه,1,11661,9:6,1
مأمون,1,11662,70:28,1
مأواكم,1,11663,57:15,1
مؤجلا,1,11664,3:145,1
ماءك,1,11665,11:44,1
ماءها,1,11666,79:31,1
ماؤكم,1,11667,67:30,1
ماؤها,1,11668,18:41,1
مارج,1,11669,55:15,1
مارد,1,11670,37:7,1
ماكثون,1,11671,43:77,1
ماكثين,1,11672,18:3,1
مالكون,1,11673,36:71,1
ماليه,1,11674,69:28,1
مانعتهم,1,11675,59:2,1
مبتليكم,1,11676,2:249,1
مبثوثة,1,11677,88:16,1
مبديه,1,11678,33:37,1
مبرءون,1,11679,24:26,1
مبرمون,1,11680,43:79,1
مبسوطتان,1,11681,5:64,1
مبشرات,1,11682,30:46,1
مبصرون,1,11683,7:201,1
مبطلون,1,11684,30:58,1
مبعدون,1,11685,21:101,1
مبلغهم,1,11686,53:30,1
مبنية,1,11687,39:20,1
مبوأ,1,11688,10:93,1
متاب,1,11689,13:30,1
متابا,1,11690,25:71,1
متاعهم,1,11691,12:65,1
متبر,1,11692,7:139,1
متبرجات,1,11693,24:60,1
متجانف,1,11694,5:3,1
متجاورات,1,11695,13:4,1
متحرفا,1,11696,8:16,1
متحيزا,1,11697,8:16,1
متخذ,1,11698,18:51,1
متخذات,1,11699,4:25,1
متخذي,1,11700,5:5,1
متراكبا,1,11701,6:99,1
متربة,1,11702,90:16,1
متربص,1,11703,20:135,1
متربصون,1,11704,9:52,1
مترفين,1,11705,56:45,1
مترفيها,1,11706,17:16,1
مترفيهم,1,11707,23:64,1
متشابهات,1,11708,3:7,1
متشاكسون,1,11709,39:29,1
متصدعا,1,11710,59:21,1
متعت,1,11711,43:29,1
متعتهم,1,11712,25:18,1
متعناه,1,11713,28:61,1
متعناهم,1,11714,26:205,1
متفرقة,1,11715,12:67,1
متفرقون,1,11716,12:39,1
متقلبكم,1,11717,47:19,1
متكأ,1,11718,12:31,1
متكئون,1,11719,36:56,1
متوفيك,1,11720,3:55,1
مثابة,1,11721,2:125,1
مثاني,1,11722,39:23,1
مثبورا,1,11723,17:102,1
مثقلة,1,11724,35:18,1
مثلهن,1,11725,65:12,1
مثليها,1,11726,3:165,1
مثليهم,1,11727,3:13,1
مثواكم,1,11728,6:128,1
مثواه,1,11729,12:21,1
مثواي,1,11730,12:23,1
مثوبة,1,11731,5:60,1
مجتمعون,1,11732,26:39,1
مجذوذ,1,11733,11:108,1
مجراها,1,11734,11:41,1
مجرما,1,11735,20:74,1
مجرميها,1,11736,6:123,1
مجموع,1,11737,11:103,1
مجيب,1,11738,11:61,1
محاريب,1,11739,34:13,1
محبة,1,11740,20:39,1
محتضر,1,11741,54:28,1
محذورا,1,11742,17:57,1
محررا,1,11743,3:35,1
محرم,1,11744,2:85,1
محرما,1,11745,6:145,1
محرمة,1,11746,5:26,1
محسنون,1,11747,16:128,1
محسنين,1,11748,51:16,1
محسورا,1,11749,17:29,1
محشورة,1,11750,38:19,1
محصنات,1,11751,4:25,1
محصنة,1,11752,59:14,1
محضرا,1,11753,3:30,1
محظورا,1,11754,17:20,1
محفوظ,1,11755,85:22,1
محفوظا,1,11756,21:32,1
محكمات,1,11757,3:7,1
محكمة,1,11758,47:20,1
محلقين,1,11759,48:27,1
محلها,1,11760,22:33,1
محلي,1,11761,5:1,1
محمودا,1,11762,17:79,1
محياهم,1,11763,45:21,1
محيصا,1,11764,4:121,1
مختالا,1,11765,4:36,1
مختلفون,1,11766,78:3,1
مختلفين,1,11767,11:118,1
مختوم,1,11768,83:25,1
مخذولا,1,11769,17:22,1
مخرجا,1,11770,65:2,1
مخرجون,1,11771,23:35,1
مخزي,1,11772,9:2,1
مخضرة,1,11773,22:63,1
مخضود,1,11774,56:28,1
مخلصون,1,11775,2:139,1
مخلف,1,11776,14:47,1
مدادا,1,11777,18:109,1
مدت,1,11778,84:3,1
مدتهم,1,11779,9:4,1
مدخل,1,11780,17:80,1
مددا,1,11781,18:109,1
مدهامتان,1,11782,55:64,1
مدهنون,1,11783,56:81,1
مدينين,1,11784,56:86,1
مذءوما,1,11785,7:18,1
مذبذبين,1,11786,4:143,1
مذعنين,1,11787,24:49,1
مذكر,1,11788,88:21,1
مذكورا,1,11789,76:1,1
مذموم,1,11790,68:49,1
مراء,1,11791,18:22,1
مرات,1,11792,24:58,1
مراغما,1,11793,4:100,1
مرتاب,1,11794,40:34,1
مرتان,1,11795,2:229,1
مرتقبون,1,11796,44:59,1
مرجوا,1,11797,11:62,1
مرجون,1,11798,9:106,1
مردا,1,11799,19:76,1
مردفين,1,11800,8:9,1
مردنا,1,11801,40:43,1
مردوا,1,11802,9:101,1
مردود,1,11803,11:76,1
مرسلا,1,11804,13:43,1
مرسلة,1,11805,27:35,1
مرسلو,1,11806,54:27,1
مرسلون,1,11807,36:14,1
مرشدا,1,11808,18:17,1
مرصادا,1,11809,78:21,1
مرصد,1,11810,9:5,1
مرصوص,1,11811,61:4,1
مرضا,1,11812,2:10,1
مرضاتي,1,11813,60:1,1
مرضت,1,11814,26:80,1
مرضعة,1,11815,22:2,1
مرضيا,1,11816,19:55,1
مرضية,1,11817,89:28,1
مرفقا,1,11818,18:16,1
مرقدنا,1,11819,36:52,1
مركوم,1,11820,52:44,1
مريئا,1,11821,4:4,1
مريج,1,11822,50:5,1
مريد,1,11823,22:3,1
مريدا,1,11824,4:117,1
مزجاة,1,11825,12:88,1
مزدجر,1,11826,54:4,1
مزقتم,1,11827,34:7,1
مسئولون,1,11828,37:24,1
مساس,1,11829,20:97,1
مسافحات,1,11830,4:25,1
مساكن,1,11831,14:45,1
مساكنكم,1,11832,27:18,1
مستأنسين,1,11833,33:53,1
مستبشرة,1,11834,80:39,1
مستبصرين,1,11835,29:38,1
مستخف,1,11836,13:10,1
مستخلفين,1,11837,57:7,1
مستسلمون,1,11838,37:26,1
مستضعفون,1,11839,8:26,1
مستضعفين,1,11840,4:97,1
مستطر,1,11841,54:53,1
مستطيرا,1,11842,76:7,1
مستقبل,1,11843,46:24,1
مستقرها,1,11844,11:6,1
مستكبرين,1,11845,23:67,1
مستمسكون,1,11846,43:21,1
مستمعهم,1,11847,52:38,1
مستمعون,1,11848,26:15,1
مستنفرة,1,11849,74:50,1
مستهزئون,1,11850,2:14,1
مستورا,1,11851,17:45,1
مسحا,1,11852,38:33,1
مسحورون,1,11853,15:15,1
مسد,1,11854,111:5,1
مسرفين,1,11855,43:5,1
مسطور,1,11856,52:2,1
مسغبة,1,11857,90:14,1
مسفرة,1,11858,80:38,1
مسفوحا,1,11859,6:145,1
مسك,1,11860,83:26,1
مسكنهم,1,11861,34:15,1
مسكوب,1,11862,56:31,1
مسكونة,1,11863,24:29,1
مسلمات,1,11864,66:5,1
مسمع,1,11865,4:46,1
مسندة,1,11866,63:4,1
مسهم,1,11867,7:201,1
مسودة,1,11868,39:60,1
مسومين,1,11869,3:125,1
مشاء,1,11870,68:11,1
مشارق,1,11871,7:137,1
مشتبها,1,11872,6:99,1
مشهد,1,11873,19:37,1
مشهود,1,11874,11:103,1
مشهودا,1,11875,17:78,1
مشوا,1,11876,2:20,1
مشيد,1,11877,22:45,1
مشيدة,1,11878,4:78,1
مشيك,1,11879,31:19,1
مصانع,1,11880,26:129,1
مصباح,1,11881,24:35,1
مصرا,1,11882,2:61,1
مصرفا,1,11883,18:53,1
مصروفا,1,11884,11:8,1
مصفى,1,11885,47:15,1
مصلى,1,11886,2:125,1
مصيبها,1,11887,11:81,1
مصيركم,1,11888,14:30,1
مضاجعهم,1,11889,3:154,1
مضار,1,11890,4:12,1
مضاعفة,1,11891,3:130,1
مضت,1,11892,8:38,1
مضيا,1,11893,36:67,1
مطاع,1,11894,81:21,1
مطلعون,1,11895,37:54,1
مطمئن,1,11896,16:106,1
مطمئنة,1,11897,16:112,1
مطمئنين,1,11898,17:95,1
مطويات,1,11899,39:67,1
مظلما,1,11900,10:27,1
مظلمون,1,11901,36:37,1
مظلوما,1,11902,17:33,1
معاد,1,11903,28:85,1
معاذيره,1,11904,75:15,1
معاشا,1,11905,78:11,1
معدود,1,11906,11:104,1
معذبوها,1,11907,17:58,1
معذبين,1,11908,17:15,1
معذرة,1,11909,7:164,1
معرة,1,11910,48:25,1
معروفة,1,11911,24:53,1
معزل,1,11912,11:42,1
معشار,1,11913,34:45,1
معطلة,1,11914,22:45,1
معقب,1,11915,13:41,1
معقبات,1,11916,13:11,1
معكما,1,11917,20:46,1
معكوفا,1,11918,48:25,1
معلم,1,11919,44:14,1
معمر,1,11920,35:11,1
معها,1,11921,50:21,1
معيشة,1,11922,20:124,1
معيشتها,1,11923,28:58,1
معيشتهم,1,11924,43:32,1
مغارات,1,11925,9:57,1
مغاضبا,1,11926,21:87,1
مغتسل,1,11927,38:42,1
مغرب,1,11928,18:86,1
مغرما,1,11929,9:98,1
مغلوب,1,11930,54:10,1
مغيرا,1,11931,8:53,1
مفاتح,1,11932,6:59,1
مفازا,1,11933,78:31,1
مفتحة,1,11934,38:50,1
مفتر,1,11935,16:101,1
مفترون,1,11936,11:50,1
مفتريات,1,11937,11:13,1
مفرطون,1,11938,16:62,1
مفسدون,1,11939,18:94,1
مفصلا,1,11940,6:114,1
مفصلات,1,11941,7:133,1
مقامع,1,11942,22:21,1
مقامك,1,11943,27:39,1
مقامهما,1,11944,5:107,1
مقبوضة,1,11945,2:283,1
مقتحم,1,11946,38:59,1
مقتدرا,1,11947,18:45,1
مقتدرون,1,11948,43:42,1
مقتدون,1,11949,43:23,1
مقترفون,1,11950,6:113,1
مقترنين,1,11951,43:53,1
مقتصدة,1,11952,5:66,1
مقتكم,1,11953,40:10,1
مقدورا,1,11954,33:38,1
مقربة,1,11955,90:15,1
مقسوم,1,11956,15:44,1
مقصورات,1,11957,55:72,1
مقطوع,1,11958,15:66,1
مقطوعة,1,11959,56:33,1
مقعد,1,11960,54:55,1
مقمحون,1,11961,36:8,1
مقنعي,1,11962,14:43,1
مقيتا,1,11963,4:85,1
مقيلا,1,11964,25:24,1
مكاء,1,11965,8:35,1
مكانتهم,1,11966,36:67,1
مكانكم,1,11967,10:28,1
مكبا,1,11968,67:22,1
مكة,1,11969,48:24,1
مكتوبا,1,11970,7:157,1
مكث,1,11971,17:106,1
مكذبين,1,11972,69:49,1
مكذوب,1,11973,11:65,1
مكرتموه,1,11974,7:123,1
مكرم,1,11975,22:18,1
مكرمة,1,11976,80:13,1
مكروها,1,11977,17:38,1
مكظوم,1,11978,68:48,1
مكلبين,1,11979,5:4,1
مكني,1,11980,18:95,1
ملء,1,11981,3:91,1
ملأ,1,11982,11:38,1
ملئت,1,11983,72:8,1
ملاق,1,11984,69:20,1
ملاقوه,1,11985,2:223,1
ملاقيكم,1,11986,62:8,1
ملتكم,1,11987,7:89,1
ملجإ,1,11988,42:47,1
ملعونين,1,11989,33:61,1
ملكتم,1,11990,24:61,1
ملكين,1,11991,7:20,1
ملوكا,1,11992,5:20,1
مليا,1,11993,19:46,1
مليك,1,11994,54:55,1
مم,1,11995,86:5,1
ممددة,1,11996,104:9,1
ممدكم,1,11997,8:9,1
ممدود,1,11998,56:30,1
ممدودا,1,11999,74:12,1
ممرد,1,12000,27:44,1
ممسك,1,12001,35:2,1
ممسكات,1,12002,39:38,1
ممطرنا,1,12003,46:24,1
مملوكا,1,12004,16:75,1
ممنوعة,1,12005,56:33,1
مناديا,1,12006,3:193,1
مناسككم,1,12007,2:200,1
مناسكنا,1,12008,2:128,1
مناص,1,12009,38:3,1
منافقون,1,12010,9:101,1
مناكبها,1,12011,67:15,1
منامك,1,12012,8:43,1
منامكم,1,12013,30:23,1
منامها,1,12014,39:42,1
منبثا,1,12015,56:6,1
منتشر,1,12016,54:7,1
منتصر,1,12017,54:44,1
منتصرا,1,12018,18:43,1
منتصرين,1,12019,51:45,1
منتهاها,1,12020,79:44,1
منتهون,1,12021,5:91,1
منجوك,1,12022,29:33,1
منذرون,1,12023,26:208,1
منزل,1,12024,6:114,1
منزلا,1,12025,23:29,1
منزلها,1,12026,5:115,1
منزلون,1,12027,29:34,1
منسأته,1,12028,34:14,1
منسيا,1,12029,19:23,1
منشرة,1,12030,74:52,1
منشور,1,12031,52:3,1
منشورا,1,12032,17:13,1
منصورا,1,12033,17:33,1
منطق,1,12034,27:16,1
منظرون,1,12035,26:203,1
منعنا,1,12036,17:59,1
منعهم,1,12037,9:54,1
منفطر,1,12038,73:18,1
منفكين,1,12039,98:1,1
منقعر,1,12040,54:20,1
منقلب,1,12041,26:227,1
منقلبا,1,12042,18:36,1
منقوص,1,12043,11:109,1
منكر,1,12044,5:79,1
منكرا,1,12045,58:2,1
منكرة,1,12046,16:22,1
منهمر,1,12047,54:11,1
منوعا,1,12048,70:21,1
منيبا,1,12049,39:8,1
مهاجر,1,12050,29:26,1
مهاجرا,1,12051,4:100,1
مهاجرات,1,12052,60:10,1
مهاد,1,12053,7:41,1
مهادا,1,12054,78:6,1
مهانا,1,12055,25:69,1
مهتد,1,12056,57:26,1
مهجورا,1,12057,25:30,1
مهزوم,1,12058,38:11,1
مهلكهم,1,12059,7:164,1
مهلكو,1,12060,29:31,1
مهلكوها,1,12061,17:58,1
مهلكي,1,12062,28:59,1
مهما,1,12063,7:132,1
مهيلا,1,12064,73:14,1
موئلا,1,12065,18:58,1
مواطن,1,12066,9:25,1
مواقعوها,1,12067,18:53,1
مواقيت,1,12068,2:189,1
موالي,1,12069,4:33,1
موبقا,1,12070,18:52,1
موتا,1,12071,25:3,1
موتكم,1,12072,2:56,1
موثقهم,1,12073,12:66,1
مورا,1,12074,52:9,1
موزون,1,12075,15:19,1
موص,1,12076,2:182,1
موضوعة,1,12077,88:14,1
موضونة,1,12078,56:15,1
موطئا,1,12079,9:120,1
موعد,1,12080,18:58,1
موعدة,1,12081,9:114,1
موعدك,1,12082,20:87,1
موعدكم,1,12083,20:59,1
موعده,1,12084,11:17,1
موعدي,1,12085,20:86,1
موفورا,1,12086,17:63,1
موقنون,1,12087,32:12,1
موقوتا,1,12088,4:103,1
موقوفون,1,12089,34:31,1
موليها,1,12090,2:148,1
موهن,1,12091,8:18,1
ميتون,1,12092,39:30,1
ميسرة,1,12093,2:280,1
ميسورا,1,12094,17:28,1
ميعاد,1,12095,34:30,1
ميقاتا,1,12096,78:17,1
ميقاتهم,1,12097,44:40,1
ميلا,1,12098,4:27,1
ميلة,1,12099,4:102,1
ن,1,12100,68:1,1
نأت,1,12101,2:106,1
نأتيكم,1,12102,14:11,1
نأخذ,1,12103,12:79,1
نأكل,1,12104,5:113,1
نؤتها,1,12105,33:31,1
نؤتى,1,12106,6:124,1
نؤثرك,1,12107,20:72,1
نؤخره,1,12108,11:104,1
ناج,1,12109,12:42,1
ناجيتم,1,12110,58:12,1
نادانا,1,12111,37:75,1
ناداه,1,12112,79:16,1
نادوا,1,12113,18:52,1
ناديتم,1,12114,5:58,1
ناديكم,1,12115,29:29,1
نادينا,1,12116,28:46,1
ناديه,1,12117,96:17,1
ناسكوه,1,12118,22:67,1
ناشئة,1,12119,73:6,1
ناصبة,1,12120,88:3,1
ناصح,1,12121,7:68,1
ناصحون,1,12122,28:12,1
ناصرا,1,12123,72:24,1
ناصية,1,12124,96:16,1
ناضرة,1,12125,75:22,1
ناظرة,1,12126,75:23,1
ناظرين,1,12127,33:53,1
ناعمة,1,12128,88:8,1
ناكسو,1,12129,32:12,1
نبأت,1,12130,66:3,1
نبأتكما,1,12131,12:37,1
نبأنا,1,12132,9:94,1
نبأني,1,12133,66:3,1
نبأه,1,12134,38:88,1
نبأها,1,12135,66:3,1
نبأهم,1,12136,18:13,1
نبئ,1,12137,15:49,1
نبئنا,1,12138,12:36,1
نبئوني,1,12139,6:143,1
نبتغي,1,12140,28:55,1
نبتليه,1,12141,76:2,1
نبتهل,1,12142,3:61,1
نبذ,1,12143,2:101,1
نبذه,1,12144,2:100,1
نبرأها,1,12145,57:22,1
نبرح,1,12146,20:91,1
نبطش,1,12147,44:16,1
نبغ,1,12148,18:64,1
نبغي,1,12149,12:65,1
نبلوهم,1,12150,7:163,1
نبين,1,12151,5:75,1
نتبعكم,1,12152,48:15,1
نتبعه,1,12153,54:24,1
نتبعهم,1,12154,77:17,1
نتبوأ,1,12155,39:74,1
نتخطف,1,12156,28:57,1
نترك,1,12157,11:87,1
نتقبل,1,12158,46:16,1
نتقنا,1,12159,7:171,1
نتكلم,1,12160,24:16,1
نتلو,1,12161,28:3,1
نتلوه,1,12162,3:58,1
نتنزل,1,12163,19:64,1
نتوكل,1,12164,14:12,1
نثبت,1,12165,11:120,1
نجا,1,12166,12:45,1
نجازي,1,12167,34:17,1
نجاكم,1,12168,17:67,1
نجب,1,12169,14:44,1
نجد,1,12170,20:115,1
نجزيه,1,12171,21:29,1
نجس,1,12172,9:28,1
نجعلها,1,12173,28:83,1
نجعلهم,1,12174,45:21,1
نجعلهما,1,12175,41:29,1
نجمع,1,12176,75:3,1
نجواهم,1,12177,4:114,1
نجوت,1,12178,28:25,1
نجيناكم,1,12179,2:49,1
نجيناه,1,12180,37:134,1
نجيناهم,1,12181,54:34,1
نحبه,1,12182,33:23,1
نحس,1,12183,54:19,1
نحسات,1,12184,41:16,1
نحلة,1,12185,4:4,1
نختم,1,12186,36:65,1
نخرة,1,12187,79:11,1
نخسف,1,12188,34:9,1
نخشى,1,12189,5:52,1
نخفي,1,12190,14:38,1
نخلفه,1,12191,20:58,1
نخلقكم,1,12192,77:20,1
نداء,1,12193,19:3,1
نداولها,1,12194,3:140,1
ندع,1,12195,3:61,1
ندعوه,1,12196,52:28,1
ندلكم,1,12197,34:7,1
نديا,1,12198,19:73,1
نذر,1,12199,2:270,1
نذرا,1,12200,77:6,1
نذرتم,1,12201,2:270,1
نذل,1,12202,20:134,1
نذهبن,1,12203,43:41,1
نذورهم,1,12204,22:29,1
نذيقهم,1,12205,10:70,1
نربك,1,12206,26:18,1
نرث,1,12207,19:40,1
نرزقك,1,12208,20:132,1
نرزقكم,1,12209,6:151,1
نرزقهم,1,12210,17:31,1
نري,1,12211,6:75,1
نريك,1,12212,23:95,1
نريهم,1,12213,43:48,1
نزاعة,1,12214,70:16,1
نزعناها,1,12215,11:9,1
نزلة,1,12216,53:13,1
نزلت,1,12217,47:20,1
نزلناه,1,12218,26:198,1
نزلهم,1,12219,56:56,1
نزيدكم,1,12220,78:30,1
نسأل,1,12221,34:25,1
نسألك,1,12222,20:132,1
نساؤكم,1,12223,2:223,1
نسارع,1,12224,23:56,1
نسبح,1,12225,2:30,1
نسبحك,1,12226,20:33,1
نستبق,1,12227,12:17,1
نستحوذ,1,12228,4:141,1
نستعين,1,12229,1:5,1
نستنسخ,1,12230,45:29,1
نسختها,1,12231,7:154,1
نسخر,1,12232,11:38,1
نسفت,1,12233,77:10,1
نسقط,1,12234,34:9,1
نسقي,1,12235,28:23,1
نسك,1,12236,2:196,1
نسلخ,1,12237,36:37,1
نسلكه,1,12238,15:12,1
نسله,1,12239,32:8,1
نسوة,1,12240,12:30,1
نسوق,1,12241,32:27,1
نسوه,1,12242,7:53,1
نسوي,1,12243,75:4,1
نسويكم,1,12244,26:98,1
نسي,1,12245,39:8,1
نسير,1,12246,18:47,1
نسينا,1,12247,2:286,1
نسيناكم,1,12248,32:14,1
نشتري,1,12249,5:106,1
نشرا,1,12250,77:3,1
نشرت,1,12251,81:10,1
نشرح,1,12252,94:1,1
نشطا,1,12253,79:2,1
نشهد,1,12254,63:1,1
نشوزا,1,12255,4:128,1
نشوزهن,1,12256,4:34,1
نصبا,1,12257,18:62,1
نصبت,1,12258,88:19,1
نصبر,1,12259,2:61,1
نصحوا,1,12260,9:91,1
نصحي,1,12261,11:34,1
نصرانيا,1,12262,3:67,1
نصره,1,12263,9:40,1
نصروهم,1,12264,59:12,1
نصفه,1,12265,73:3,1
نصليه,1,12266,4:30,1
نصليهم,1,12267,4:56,1
نصوحا,1,12268,66:8,1
نصيبك,1,12269,28:77,1
نضاختان,1,12270,55:66,1
نضجت,1,12271,4:56,1
نضطرهم,1,12272,31:24,1
نضيد,1,12273,50:10,1
نطبع,1,12274,10:74,1
نطعم,1,12275,74:44,1
نطعمكم,1,12276,76:9,1
نطمس,1,12277,4:47,1
نطمع,1,12278,26:51,1
نطوي,1,12279,21:104,1
نطيع,1,12280,59:11,1
نظرة,1,12281,37:88,1
نظن,1,12282,45:32,1
نظنك,1,12283,26:186,1
نظنكم,1,12284,11:27,1
نعاجه,1,12285,38:24,1
نعاسا,1,12286,3:154,1
نعبدهم,1,12287,39:3,1
نعجتك,1,12288,38:24,1
نعجز,1,12289,72:12,1
نعجزه,1,12290,72:12,1
نعذب,1,12291,9:66,1
نعذبه,1,12292,18:87,1
نعف,1,12293,9:66,1
نعقل,1,12294,67:10,1
نعلمهم,1,12295,9:101,1
نعلن,1,12296,14:38,1
نعليك,1,12297,20:12,1
نعما,1,12298,4:58,1
نعماء,1,12299,11:10,1
نعمركم,1,12300,35:37,1
نعمره,1,12301,36:68,1
نعمه,1,12302,31:20,1
نعود,1,12303,7:89,1
نعيدكم,1,12304,20:55,1
نعيده,1,12305,21:104,1
نعيما,1,12306,76:20,1
نغادر,1,12307,18:47,1
نغرقهم,1,12308,36:43,1
نفاد,1,12309,38:54,1
نفاقا,1,12310,9:77,1
نفحة,1,12311,21:46,1
نفخة,1,12312,69:13,1
نفدت,1,12313,31:27,1
نفشت,1,12314,21:78,1
نفعت,1,12315,87:9,1
نفعه,1,12316,22:13,1
نفعهما,1,12317,2:219,1
نفقا,1,12318,6:35,1
نفقاتهم,1,12319,9:54,1
نفقد,1,12320,12:72,1
نفقه,1,12321,11:91,1
نفوسكم,1,12322,17:25,1
نفيرا,1,12323,17:6,1
نقبا,1,12324,18:97,1
نقتبس,1,12325,57:13,1
نقدر,1,12326,21:87,1
نقذف,1,12327,21:18,1
نقر,1,12328,74:8,1
نقرؤه,1,12329,17:93,1
نقصص,1,12330,40:78,1
نقصصهم,1,12331,4:164,1
نقصه,1,12332,11:100,1
نقضت,1,12333,16:92,1
نقعا,1,12334,100:4,1
نقعد,1,12335,72:9,1
نقيبا,1,12336,5:12,1
نقيض,1,12337,43:36,1
نقيم,1,12338,18:105,1
نكال,1,12339,79:25,1
نكتل,1,12340,12:63,1
نكتم,1,12341,5:106,1
نكث,1,12342,48:10,1
نكح,1,12343,4:22,1
نكحتم,1,12344,33:49,1
نكدا,1,12345,7:58,1
نكر,1,12346,54:6,1
نكرهم,1,12347,11:70,1
نكروا,1,12348,27:41,1
نكسوا,1,12349,21:65,1
نكسوها,1,12350,2:259,1
نكص,1,12351,8:48,1
نكلم,1,12352,19:29,1
نلعنهم,1,12353,4:47,1
نمتعهم,1,12354,31:24,1
نمد,1,12355,17:20,1
نمدهم,1,12356,23:55,1
نملة,1,12357,27:18,1
نمن,1,12358,28:5,1
ننبئكم,1,12359,18:103,1
ننج,1,12360,10:103,1
ننجيك,1,12361,10:92,1
ننزله,1,12362,15:21,1
ننساكم,1,12363,45:34,1
ننساهم,1,12364,7:51,1
ننسخ,1,12365,2:106,1
ننسها,1,12366,2:106,1
ننشزها,1,12367,2:259,1
ننظر,1,12368,27:41,1
ننكسه,1,12369,36:68,1
ننهك,1,12370,15:70,1
نهار,1,12371,46:35,1
نهاكم,1,12372,59:7,1
نهاكما,1,12373,7:20,1
نهدي,1,12374,42:52,1
نهرا,1,12375,18:33,1
نوحيها,1,12376,11:49,1
نورث,1,12377,19:63,1
نوركم,1,12378,57:13,1
نورنا,1,12379,66:8,1
نوف,1,12380,11:15,1
نوله,1,12381,4:115,1
نولي,1,12382,6:129,1
نوم,1,12383,2:255,1
نومكم,1,12384,78:9,1
نيلا,1,12385,9:120,1
هاؤم,1,12386,69:19,1
هاتين,1,12387,28:27,1
هاجر,1,12388,59:9,1
هاجرن,1,12389,33:50,1
هادي,1,12390,7:186,1
هاديا,1,12391,25:31,1
هار,1,12392,9:109,1
هاروت,1,12393,2:102,1
هالك,1,12394,28:88,1
هامدة,1,12395,22:5,1
هاوية,1,12396,101:9,1
هجرا,1,12397,73:10,1
هدا,1,12398,19:90,1
هدان,1,12399,6:80,1
هداها,1,12400,32:13,1
هدنا,1,12401,7:156,1
هدي,1,12402,3:101,1
هديا,1,12403,5:95,1
هديتنا,1,12404,3:8,1
هديناه,1,12405,76:3,1
هربا,1,12406,72:12,1
هشيما,1,12407,18:45,1
هضما,1,12408,20:112,1
هضيم,1,12409,26:148,1
هلوعا,1,12410,70:19,1
هما,1,12411,9:40,1
هماز,1,12412,68:11,1
همزات,1,12413,23:97,1
همزة,1,12414,104:1,1
همسا,1,12415,20:108,1
هواء,1,12416,14:43,1
هون,1,12417,16:59,1
هونا,1,12418,25:63,1
هيت,1,12419,12:23,1
هينا,1,12420,24:15,1
هيه,1,12421,101:10,1
وآت,1,12422,17:26,1
وآتاه,1,12423,2:251,1
وآتاهم,1,12424,47:17,1
وآتت,1,12425,12:31,1
وآتنا,1,12426,3:194,1
وآتوهن,1,12427,4:25,1
وآتين,1,12428,33:33,1
وآتيناهما,1,12429,37:117,1
وآثارهم,1,12430,36:12,1
وآثر,1,12431,79:38,1
وآخرنا,1,12432,5:114,1
وآلهتك,1,12433,7:127,1
وآمنهم,1,12434,106:4,1
وآويناهما,1,12435,23:50,1
وأبا,1,12436,80:31,1
وأباريق,1,12437,56:18,1
وأبرئ,1,12438,3:49,1
وأبشروا,1,12439,41:30,1
وأبصارا,1,12440,46:26,1
وأبصاركم,1,12441,6:46,1
وأبصرهم,1,12442,37:175,1
وأبكارا,1,12443,66:5,1
وأبكى,1,12444,53:43,1
وأبلغكم,1,12445,46:23,1
وأبناءكم,1,12446,3:61,1
وأبنائنا,1,12447,2:246,1
وأبونا,1,12448,28:23,1
وأبى,1,12449,20:56,1
وأبيه,1,12450,80:35,1
وأتاهم,1,12451,16:26,1
وأتبعناهم,1,12452,28:42,1
وأترفناهم,1,12453,23:33,1
وأتمروا,1,12454,65:6,1
وأتممت,1,12455,5:3,1
وأتممناها,1,12456,7:142,1
وأتموا,1,12457,2:196,1
وأتيناك,1,12458,15:64,1
وأثابهم,1,12459,48:18,1
وأثاروا,1,12460,30:9,1
وأثقالا,1,12461,29:13,1
وأثل,1,12462,34:16,1
وأجدر,1,12463,9:97,1
وأجلب,1,12464,17:64,1
وأجمعوا,1,12465,12:15,1
وأحاط,1,12466,72:28,1
وأحاطت,1,12467,2:81,1
وأحباؤه,1,12468,5:18,1
وأحصوا,1,12469,65:1,1
وأحصى,1,12470,72:28,1
وأحضرت,1,12471,4:128,1
وأحلت,1,12472,22:30,1
وأحلوا,1,12473,14:28,1
وأحيا,1,12474,53:44,1
وأحيط,1,12475,18:42,1
وأحيي,1,12476,3:49,1
وأحييتنا,1,12477,40:11,1
وأحيينا,1,12478,50:11,1
وأخاف,1,12479,12:13,1
وأخبتوا,1,12480,11:23,1
وأخذت,1,12481,11:94,1
وأخذتم,1,12482,3:81,1
وأخذن,1,12483,4:21,1
وأخذناهم,1,12484,43:48,1
وأخذهم,1,12485,4:161,1
وأخذوا,1,12486,34:51,1
وأخرت,1,12487,82:5,1
وأخرج,1,12488,79:29,1
وأخرجت,1,12489,99:2,1
وأخرجنا,1,12490,36:33,1
وأخرجني,1,12491,17:80,1
وأخرجوا,1,12492,3:195,1
وأخرجوكم,1,12493,60:9,1
وأخرجوهم,1,12494,2:191,1
وأخفى,1,12495,20:7,1
وأخلصوا,1,12496,4:146,1
وأخوك,1,12497,20:42,1
وأخوه,1,12498,12:8,1
وأداء,1,12499,2:178,1
وأدبار,1,12500,50:40,1
وأدخلنا,1,12501,7:151,1
وأدخلناه,1,12502,21:75,1
وأدخلناهم,1,12503,21:86,1
وأدخلني,1,12504,27:19,1
وأدخلهم,1,12505,40:8,1
وأدعو,1,12506,19:48,1
وأدنى,1,12507,2:282,1
وأذان,1,12508,9:3,1
وأذن,1,12509,22:27,1
وأرادوا,1,12510,21:70,1
وأرجلهن,1,12511,60:12,1
وأرسلناك,1,12512,4:79,1
وأرسلناه,1,12513,37:147,1
وأرض,1,12514,39:10,1
وأرضا,1,12515,33:27,1
وأرنا,1,12516,2:128,1
وأرى,1,12517,20:46,1
وأزلفنا,1,12518,26:64,1
وأزواج,1,12519,3:15,1
وأزواجه,1,12520,33:6,1
وأسبغ,1,12521,31:20,1
وأسرحكن,1,12522,33:28,1
وأسررت,1,12523,71:9,1
وأسروه,1,12524,12:19,1
وأسقيناكم,1,12525,77:27,1
وأسلحتهم,1,12526,4:102,1
وأسلمت,1,12527,27:44,1
وأسلموا,1,12528,39:54,1
وأسلنا,1,12529,34:12,1
وأسمع,1,12530,18:26,1
وأسيرا,1,12531,76:8,1
وأشربوا,1,12532,2:93,1
وأشرقت,1,12533,39:69,1
وأشرك,1,12534,40:42,1
وأشركه,1,12535,20:32,1
وأشعارها,1,12536,16:80,1
وأشفقن,1,12537,33:72,1
وأشهدهم,1,12538,7:172,1
وأصابه,1,12539,2:266,1
وأصروا,1,12540,71:7,1
وأصفاكم,1,12541,43:16,1
وأصلحا,1,12542,4:16,1
وأصلحنا,1,12543,21:90,1
وأضعف,1,12544,19:75,1
وأضله,1,12545,45:23,1
وأضلهم,1,12546,20:85,1
وأضلوا,1,12547,5:77,1
وأطراف,1,12548,20:130,1
وأطعن,1,12549,33:33,1
وأطغى,1,12550,53:52,1
وأظهره,1,12551,66:3,1
وأعانه,1,12552,25:4,1
وأعتدت,1,12553,12:31,1
وأعتزلكم,1,12554,19:48,1
وأعدوا,1,12555,8:60,1
وأعز,1,12556,18:34,1
وأعطى,1,12557,53:34,1
وأعظم,1,12558,73:20,1
وأعمى,1,12559,47:23,1
وأعنابا,1,12560,78:32,1
وأعوذ,1,12561,23:98,1
وأعينهم,1,12562,9:92,1
وأغطش,1,12563,79:29,1
وأغلالا,1,12564,76:4,1
وأفئدة,1,12565,46:26,1
وأفئدتهم,1,12566,14:43,1
وأفوض,1,12567,40:44,1
وأقبلوا,1,12568,12:71,1
وأقرب,1,12569,18:81,1
وأقرضتم,1,12570,5:12,1
وأقسطوا,1,12571,49:9,1
وأقمن,1,12572,33:33,1
وأقنى,1,12573,53:48,1
وأكبر,1,12574,17:21,1
وأكدى,1,12575,53:34,1
وأكيد,1,12576,86:16,1
وألزمهم,1,12577,48:26,1
وألسنتهم,1,12578,60:2,1
وألف,1,12579,8:63,1
وألفيا,1,12580,12:25,1
وألقت,1,12581,84:4,1
وألقوه,1,12582,12:10,1
وألقي,1,12583,7:120,1
وألقيت,1,12584,20:39,1
وألنا,1,12585,34:10,1
وألو,1,12586,72:16,1
وألوانكم,1,12587,30:22,1
وأمتعتكم,1,12588,4:102,1
وأمددناكم,1,12589,17:6,1
وأمددناهم,1,12590,52:22,1
وأمرنا,1,12591,6:71,1
وأمره,1,12592,2:275,1
وأمرهم,1,12593,42:38,1
وأمروا,1,12594,22:41,1
وأملى,1,12595,47:25,1
وأمم,1,12596,11:48,1
وأمنا,1,12597,2:125,1
وأمهات,1,12598,4:23,1
وأمهاتكم,1,12599,4:23,1
وأمواتا,1,12600,77:26,1
وأموال,1,12601,9:24,1
وأموالا,1,12602,10:88,1
وأمي,1,12603,5:116,1
وأميت,1,12604,2:258,1
وأناب,1,12605,38:24,1
وأنابوا,1,12606,39:17,1
وأناسي,1,12607,25:49,1
وأنبئكم,1,12608,3:49,1
وأنبتت,1,12609,22:5,1
وأنبتها,1,12610,3:37,1
وأنثى,1,12611,49:13,1
وأنصتوا,1,12612,7:204,1
وأنصح,1,12613,7:62,1
وأنعمت,1,12614,33:37,1
وأنفسنا,1,12615,3:61,1
وأنك,1,12616,20:119,1
وأنكحوا,1,12617,24:32,1
وأنكم,1,12618,23:115,1
وأنيبوا,1,12619,39:54,1
وأهديك,1,12620,79:19,1
وأهش,1,12621,20:18,1
وأهل,1,12622,74:56,1
وأهلكنا,1,12623,21:9,1
وأهلنا,1,12624,12:88,1
وأهلونا,1,12625,48:11,1
وأهلي,1,12626,26:169,1
وأهليكم,1,12627,66:6,1
وأوبارها,1,12628,16:80,1
وأوتيت,1,12629,27:23,1
وأوجس,1,12630,11:70,1
وأورثكم,1,12631,33:27,1
وأوصاني,1,12632,19:31,1
وأولئكم,1,12633,4:91,1
وأولات,1,12634,65:4,1
وأولادهم,1,12635,9:85,1
وأولي,1,12636,4:59,1
وأياما,1,12637,34:18,1
وأيدكم,1,12638,8:26,1
وأيده,1,12639,9:40,1
وأيدهم,1,12640,58:22,1
وأيدي,1,12641,59:2,1
وأيديهم,1,12642,24:24,1
وأيمانهم,1,12643,3:77,1
وإثمك,1,12644,5:29,1
وإثمهما,1,12645,2:219,1
وإخراج,1,12646,2:217,1
وإخوان,1,12647,50:13,1
وإخوته,1,12648,12:7,1
وإدبار,1,12649,52:49,1
وإدريس,1,12650,21:85,1
وإرصادا,1,12651,9:107,1
وإسرائيل,1,12652,19:58,1
وإسرافنا,1,12653,3:147,1
وإلهنا,1,12654,29:46,1
وإلي,1,12655,22:48,1
وإلياس,1,12656,6:85,1
وإمائكم,1,12657,24:32,1
وإناثا,1,12658,42:50,1
وإننا,1,12659,11:62,1
وإنني,1,12660,6:19,1
وإنهما,1,12661,15:79,1
وإياك,1,12662,1:5,1
وإياهم,1,12663,6:151,1
وابتغاؤكم,1,12664,30:23,1
وابتلوا,1,12665,4:6,1
وابنها,1,12666,21:91,1
وابيضت,1,12667,12:84,1
واتبعت,1,12668,12:38,1
واتبعتهم,1,12669,52:21,1
واتبعك,1,12670,26:111,1
واتبعنا,1,12671,3:53,1
واتبعون,1,12672,43:61,1
واتبعوه,1,12673,7:158,1
واتخذتموه,1,12674,11:92,1
واترك,1,12675,44:24,1
واتق,1,12676,33:37,1
واتقون,1,12677,2:197,1
واتقين,1,12678,33:55,1
واثقكم,1,12679,5:7,1
واجتبينا,1,12680,19:58,1
واجتبيناهم,1,12681,6:87,1
واجعلني,1,12682,26:85,1
واجعله,1,12683,19:6,1
واجعلوا,1,12684,10:87,1
واجفة,1,12685,79:8,1
واجنبني,1,12686,14:35,1
واحذرهم,1,12687,5:49,1
واحذروا,1,12688,5:92,1
واحصروهم,1,12689,9:5,1
واحفظوا,1,12690,5:89,1
واحلل,1,12691,20:27,1
واختار,1,12692,7:155,1
واختلفوا,1,12693,3:105,1
واخشوا,1,12694,31:33,1
واخشوني,1,12695,2:150,1
وادخلي,1,12696,89:30,1
وادكر,1,12697,12:45,1
واديا,1,12698,9:121,1
واذكرن,1,12699,33:34,1
واذكروه,1,12700,2:198,1
وارتابت,1,12701,9:45,1
وارتبتم,1,12702,57:14,1
وارتقبوا,1,12703,11:93,1
وارجعوا,1,12704,21:13,1
وارجوا,1,12705,29:36,1
وارحم,1,12706,23:118,1
واردها,1,12707,19:71,1
واردهم,1,12708,12:19,1
واردون,1,12709,21:98,1
وارزق,1,12710,2:126,1
وارزقنا,1,12711,5:114,1
وارزقهم,1,12712,14:37,1
وارزقوهم,1,12713,4:5,1
وارعوا,1,12714,20:54,1
واركعوا,1,12715,2:43,1
واركعي,1,12716,3:43,1
وازدادوا,1,12717,18:25,1
وازدجر,1,12718,54:9,1
وازينت,1,12719,10:24,1
واسألهم,1,12720,7:163,1
واستبقا,1,12721,12:25,1
واستحيوا,1,12722,40:25,1
واسترهبوهم,1,12723,7:116,1
واستشهدوا,1,12724,2:282,1
واستعمركم,1,12725,11:61,1
واستعينوا,1,12726,2:45,1
واستغشوا,1,12727,71:7,1
واستغفره,1,12728,110:3,1
واستغفروه,1,12729,41:6,1
واستغفري,1,12730,12:29,1
واستفتحوا,1,12731,14:15,1
واستفزز,1,12732,17:64,1
واستقم,1,12733,42:15,1
واستكبرت,1,12734,39:59,1
واستكبرتم,1,12735,46:10,1
واستمتعتم,1,12736,46:20,1
واستمع,1,12737,50:41,1
واستوت,1,12738,11:44,1
واستوى,1,12739,28:14,1
واستيقنتها,1,12740,27:14,1
واسجد,1,12741,96:19,1
واسجدي,1,12742,3:43,1
واسعا,1,12743,4:130,1
واشتروا,1,12744,3:187,1
واشتعل,1,12745,19:4,1
واشدد,1,12746,10:88,1
واشربي,1,12747,19:26,1
واشهدوا,1,12748,11:54,1
واصب,1,12749,37:9,1
واصبا,1,12750,16:52,1
واصطفاك,1,12751,3:42,1
واصطنعتك,1,12752,20:41,1
واصفح,1,12753,5:13,1
واصفحوا,1,12754,2:109,1
واصنع,1,12755,11:37,1
واضربوا,1,12756,8:12,1
واضربوهن,1,12757,4:34,1
واطمأنوا,1,12758,10:7,1
واعبد,1,12759,15:99,1
واعبدوه,1,12760,29:17,1
واعدنا,1,12761,2:51,1
واعف,1,12762,2:286,1
واعلم,1,12763,2:260,1
واعية,1,12764,69:12,1
واغضض,1,12765,31:19,1
وافعلوا,1,12766,22:77,1
واقصد,1,12767,31:19,1
واقعدوا,1,12768,9:5,1
واكتب,1,12769,7:156,1
واكسوهم,1,12770,4:5,1
واكفروا,1,12771,3:72,1
وال,1,12772,13:11,1
والآخر,1,12773,57:3,1
والآخرين,1,12774,56:49,1
والأحزاب,1,12775,40:5,1
والأذن,1,12776,5:45,1
والأذى,1,12777,2:264,1
والأرحام,1,12778,4:1,1
والأزلام,1,12779,5:90,1
والأصم,1,12780,11:24,1
والأعناق,1,12781,38:33,1
والأغلال,1,12782,7:157,1
والأقدام,1,12783,55:41,1
والأميين,1,12784,3:20,1
والأنصاب,1,12785,5:90,1
والأنف,1,12786,5:45,1
والأنفس,1,12787,2:155,1
والأولين,1,12788,77:38,1
والإثم,1,12789,7:33,1
والإحسان,1,12790,16:90,1
والإشراق,1,12791,38:18,1
والباد,1,12792,22:25,1
والباطل,1,12793,13:17,1
والباطن,1,12794,57:3,1
والبدن,1,12795,22:36,1
والبصر,1,12796,17:36,1
والبغال,1,12797,16:8,1
والبلد,1,12798,7:58,1
والبنون,1,12799,18:46,1
والبنين,1,12800,3:14,1
والبيت,1,12801,52:4,1
والترائب,1,12802,86:7,1
والتفت,1,12803,75:29,1
والتين,1,12804,95:1,1
والثمرات,1,12805,2:155,1
والجان,1,12806,15:27,1
والجبلة,1,12807,26:184,1
والجراد,1,12808,7:133,1
والجروح,1,12809,5:45,1
والجسم,1,12810,2:247,1
والجلود,1,12811,22:20,1
والجوع,1,12812,2:155,1
والحافظات,1,12813,33:35,1
والحافظون,1,12814,9:112,1
والحافظين,1,12815,33:35,1
والحب,1,12816,55:12,1
والحج,1,12817,2:189,1
والحرث,1,12818,3:14,1
والحرمات,1,12819,2:194,1
والحق,1,12820,38:84,1
والحمير,1,12821,16:8,1
والحياة,1,12822,67:2,1
والخاشعات,1,12823,33:35,1
والخاشعين,1,12824,33:35,1
والخبيثون,1,12825,24:26,1
والخنازير,1,12826,5:60,1
والخوف,1,12827,16:112,1
والخير,1,12828,21:35,1
والد,1,12829,31:33,1
والدة,1,12830,2:233,1
والدتك,1,12831,5:110,1
والده,1,12832,31:33,1
والذاريات,1,12833,51:1,1
والذاكرات,1,12834,33:35,1
والذاكرين,1,12835,33:35,1
والذكر,1,12836,3:58,1
والراسخون,1,12837,3:7,1
والربانيون,1,12838,5:44,1
والرجز,1,12839,74:5,1
والرقيم,1,12840,18:9,1
والركب,1,12841,8:42,1
والرهبان,1,12842,9:34,1
والريحان,1,12843,55:12,1
والزاني,1,12844,24:2,1
والزانية,1,12845,24:3,1
والزرع,1,12846,6:141,1
والسائلين,1,12847,2:177,1
والسابحات,1,12848,79:3,1
والسارق,1,12849,5:38,1
والسارقة,1,12850,5:38,1
والسحاب,1,12851,2:164,1
والسراء,1,12852,7:95,1
والسعة,1,12853,24:22,1
والسقف,1,12854,52:5,1
والسلاسل,1,12855,40:71,1
والسميع,1,12856,11:24,1
والسن,1,12857,5:45,1
والسوء,1,12858,16:27,1
والسيئات,1,12859,7:168,1
والشجرة,1,12860,17:60,1
والشعراء,1,12861,26:224,1
والشفع,1,12862,89:3,1
والشمائل,1,12863,16:48,1
والشهر,1,12864,5:97,1
والصائمات,1,12865,33:35,1
والصائمين,1,12866,33:35,1
والصابئون,1,12867,5:69,1
والصابرات,1,12868,33:35,1
والصاحب,1,12869,4:36,1
والصادقات,1,12870,33:35,1
والصافات,1,12871,37:1,1
والصديقين,1,12872,4:69,1
والصلح,1,12873,4:128,1
والصيف,1,12874,106:2,1
والضحى,1,12875,93:1,1
والضفادع,1,12876,7:133,1
والضلال,1,12877,34:8,1
والطارق,1,12878,86:1,1
والطاغوت,1,12879,4:51,1
والطور,1,12880,52:1,1
والطيب,1,12881,5:100,1
والطيبون,1,12882,24:26,1
والظالمون,1,12883,42:8,1
والظالمين,1,12884,76:31,1
والظاهر,1,12885,57:3,1
والعاديات,1,12886,100:1,1
والعافين,1,12887,3:134,1
والعاكفين,1,12888,2:125,1
والعاملين,1,12889,9:60,1
والعبد,1,12890,2:178,1
والعذاب,1,12891,2:175,1
والعزى,1,12892,53:19,1
والعصر,1,12893,103:1,1
والعصيان,1,12894,49:7,1
والعمرة,1,12895,2:196,1
والعمل,1,12896,35:10,1
والعنهم,1,12897,33:68,1
والعير,1,12898,12:82,1
والعين,1,12899,5:45,1
والغارمين,1,12900,9:60,1
والغاوون,1,12901,26:94,1
والغنم,1,12902,6:146,1
والغوا,1,12903,41:26,1
والفؤاد,1,12904,17:36,1
والفتح,1,12905,110:1,1
والفجر,1,12906,89:1,1
والفسوق,1,12907,49:7,1
والقائلين,1,12908,33:18,1
والقائمين,1,12909,22:26,1
والقاسية,1,12910,22:53,1
والقانتات,1,12911,33:35,1
والقلائد,1,12912,5:97,1
والقلم,1,12913,68:1,1
والقمل,1,12914,7:133,1
والقناطير,1,12915,3:14,1
والقواعد,1,12916,24:60,1
والكاظمين,1,12917,3:134,1
والكافرين,1,12918,4:140,1
واللذان,1,12919,4:16,1
والمؤتفكة,1,12920,53:53,1
والمؤتون,1,12921,4:162,1
والمؤلفة,1,12922,9:60,1
والمؤمنين,1,12923,33:35,1
والمتردية,1,12924,5:3,1
والمتصدقات,1,12925,33:35,1
والمتصدقين,1,12926,33:35,1
والمجاهدون,1,12927,4:95,1
والمجوس,1,12928,22:17,1
والمرجفون,1,12929,33:60,1
والمرسلات,1,12930,77:1,1
والمروة,1,12931,2:158,1
والمستغفرين,1,12932,3:17,1
والمسكنة,1,12933,2:61,1
والمسلمات,1,12934,33:35,1
والمسيح,1,12935,9:31,1
والمصدقات,1,12936,57:18,1
والمطلقات,1,12937,2:228,1
والمطلوب,1,12938,22:73,1
والمعتر,1,12939,22:36,1
والمغارب,1,12940,70:40,1
والمغفرة,1,12941,2:221,1
والمقيمي,1,12942,22:35,1
والمقيمين,1,12943,4:162,1
والمكذبين,1,12944,73:11,1
والمنخنقة,1,12945,5:3,1
والمنفقين,1,12946,3:17,1
والموتى,1,12947,6:36,1
والموعظة,1,12948,16:125,1
والموفون,1,12949,2:177,1
والموقوذة,1,12950,5:3,1
والنار,1,12951,47:12,1
والنازعات,1,12952,79:1,1
والناشرات,1,12953,77:3,1
والناشطات,1,12954,79:2,1
والناهون,1,12955,9:112,1
والنبي,1,12956,5:81,1
والنبيون,1,12957,3:84,1
والنخيل,1,12958,16:11,1
والنذر,1,12959,10:101,1
والنسل,1,12960,2:205,1
والنطيحة,1,12961,5:3,1
والنوم,1,12962,25:47,1
والنوى,1,12963,6:95,1
والهدى,1,12964,2:159,1
والوالدات,1,12965,2:233,1
والوتر,1,12966,89:3,1
والوزن,1,12967,7:8,1
وامتازوا,1,12968,36:59,1
وامرأة,1,12969,33:50,1
وامرأت,1,12970,66:10,1
وامرأتان,1,12971,2:282,1
وامرأتي,1,12972,3:40,1
وامسحوا,1,12973,5:6,1
وامضوا,1,12974,15:65,1
وانتصروا,1,12975,26:227,1
وانتظر,1,12976,32:30,1
وانتظروا,1,12977,11:122,1
وانحر,1,12978,108:2,1
وانشق,1,12979,54:1,1
وانشقت,1,12980,69:16,1
وانصروا,1,12981,21:68,1
وانطلق,1,12982,38:6,1
وانظرنا,1,12983,4:46,1
وانظروا,1,12984,7:86,1
وانقلبوا,1,12985,7:119,1
وانه,1,12986,31:17,1
واهجرني,1,12987,19:46,1
واهجرهم,1,12988,73:10,1
واهجروهن,1,12989,4:34,1
واهدنا,1,12990,38:22,1
واهية,1,12991,69:16,1
وبئر,1,12992,22:45,1
وبارك,1,12993,41:10,1
وباركنا,1,12994,37:113,1
وباطنة,1,12995,31:20,1
وباطنه,1,12996,6:120,1
وبالآخرة,1,12997,2:4,1
وبالأسحار,1,12998,51:18,1
وبالذي,1,12999,3:183,1
وبالرسول,1,13000,24:47,1
وبالزبر,1,13001,35:25,1
وبالكتاب,1,13002,35:25,1
وبالليل,1,13003,37:138,1
وبالمؤمنين,1,13004,8:62,1
وبالنجم,1,13005,16:16,1
وباليوم,1,13006,2:8,1
وبدأ,1,13007,32:7,1
وبدارا,1,13008,4:6,1
وبداره,1,13009,28:81,1
وبدلناهم,1,13010,34:16,1
وبذلك,1,13011,6:163,1
وبذي,1,13012,4:36,1
وبرحمته,1,13013,10:58,1
وبرسوله,1,13014,9:54,1
وبرسولي,1,13015,5:111,1
وبرق,1,13016,2:19,1
وبركات,1,13017,11:48,1
وبركاته,1,13018,11:73,1
وبست,1,13019,56:5,1
وبسر,1,13020,74:22,1
وبشرناه,1,13021,37:112,1
وبشروه,1,13022,51:28,1
وبصدهم,1,13023,4:160,1
وبصلها,1,13024,2:61,1
وبطل,1,13025,7:118,1
وبعثنا,1,13026,5:12,1
وبعهد,1,13027,6:152,1
وبعولتهن,1,13028,2:228,1
وبقية,1,13029,2:248,1
وبكفرهم,1,13030,4:156,1
وبكلامي,1,13031,7:144,1
وبكم,1,13032,6:39,1
وبكما,1,13033,17:97,1
وبكيا,1,13034,19:58,1
وبلغ,1,13035,46:15,1
وبلغت,1,13036,33:10,1
وبلغنا,1,13037,6:128,1
وبلوناهم,1,13038,7:168,1
وبمن,1,13039,27:47,1
وبناتك,1,13040,33:59,1
وبناتكم,1,13041,4:23,1
وبنعمة,1,13042,29:67,1
وبنعمت,1,13043,16:72,1
وبني,1,13044,14:35,1
وبنينا,1,13045,78:12,1
وبنيه,1,13046,80:36,1
وبوأكم,1,13047,7:74,1
وبيع,1,13048,22:40,1
وبيلا,1,13049,73:16,1
وبينات,1,13050,2:185,1
وبينهما,1,13051,7:46,1
وبينوا,1,13052,2:160,1
وتأبى,1,13053,9:8,1
وتأتون,1,13054,29:29,1
وتأسرون,1,13055,33:26,1
وتأكلون,1,13056,89:19,1
وتؤتوها,1,13057,2:271,1
وتؤوي,1,13058,33:51,1
وتاب,1,13059,58:13,1
وتالله,1,13060,21:57,1
وتبارك,1,13061,43:85,1
وتبتل,1,13062,73:8,1
وتبرئ,1,13063,5:110,1
وتبغونها,1,13064,7:86,1
وتبين,1,13065,14:45,1
وتتخذون,1,13066,26:129,1
وتتلقاهم,1,13067,21:103,1
وتثبيتا,1,13068,2:265,1
وتجارة,1,13069,9:24,1
وتجاهدون,1,13070,61:11,1
وتحبون,1,13071,89:20,1
وتحرير,1,13072,4:92,1
وتحسبهم,1,13073,18:18,1
وتحسبونه,1,13074,24:15,1
وتحشرون,1,13075,3:12,1
وتحمل,1,13076,16:7,1
وتحيتهم,1,13077,10:10,1
وتخر,1,13078,19:90,1
وتخرجون,1,13079,2:85,1
وتخشى,1,13080,33:37,1
وتخفون,1,13081,6:91,1
وتخفي,1,13082,33:37,1
وتخلت,1,13083,84:4,1
وتخلقون,1,13084,29:17,1
وتخونوا,1,13085,8:27,1
وتدعوا,1,13086,47:35,1
وتدعونني,1,13087,40:41,1
وتدلوا,1,13088,2:188,1
وتذكيري,1,13089,10:71,1
وتذل,1,13090,3:26,1
وتذهب,1,13091,8:46,1
وتذوقوا,1,13092,16:94,1
وتربصتم,1,13093,57:14,1
وترجون,1,13094,4:104,1
وترحمنا,1,13095,7:23,1
وترحمني,1,13096,11:47,1
وترزق,1,13097,3:27,1
وترغبون,1,13098,4:127,1
وتركتم,1,13099,6:94,1
وتركهم,1,13100,2:17,1
وتركوك,1,13101,62:11,1
وترهقهم,1,13102,10:27,1
وتزكيهم,1,13103,9:103,1
وتزودوا,1,13104,2:197,1
وتسبحوه,1,13105,48:9,1
وتسبيحه,1,13106,24:41,1
وتستخرجوا,1,13107,16:14,1
وتستخرجون,1,13108,35:12,1
وتسعون,1,13109,38:23,1
وتسلموا,1,13110,24:27,1
وتسليما,1,13111,33:22,1
وتسود,1,13112,3:106,1
وتسير,1,13113,52:10,1
وتشاور,1,13114,2:233,1
وتشتكي,1,13115,58:1,1
وتشهد,1,13116,36:65,1
وتصدق,1,13117,12:88,1
وتصدون,1,13118,7:86,1
وتصدية,1,13119,8:35,1
وتصف,1,13120,16:62,1
وتصفحوا,1,13121,64:14,1
وتصلحوا,1,13122,2:224,1
وتصلية,1,13123,56:94,1
وتضحكون,1,13124,53:60,1
وتضع,1,13125,22:2,1
وتعاونوا,1,13126,5:2,1
وتعز,1,13127,3:26,1
وتعزروه,1,13128,48:9,1
وتعلم,1,13129,9:43,1
وتعمل,1,13130,33:31,1
وتعيها,1,13131,69:12,1
وتغشى,1,13132,14:50,1
وتغفروا,1,13133,64:14,1
وتفاخر,1,13134,57:20,1
وتفريقا,1,13135,9:107,1
وتفقد,1,13136,27:20,1
وتقبل,1,13137,14:40,1
وتقسطوا,1,13138,60:8,1
وتقطعت,1,13139,2:166,1
وتقطعون,1,13140,29:29,1
وتقلبك,1,13141,26:219,1
وتقواها,1,13142,91:8,1
وتقول,1,13143,50:30,1
وتقولوا,1,13144,43:13,1
وتقولون,1,13145,24:15,1
وتكاثر,1,13146,57:20,1
وتكتموا,1,13147,2:42,1
وتكتمون,1,13148,3:71,1
وتكفرون,1,13149,2:85,1
وتكلمنا,1,13150,36:65,1
وتلذ,1,13151,43:71,1
وتله,1,13152,37:103,1
وتماثيل,1,13153,34:13,1
وتمتعوا,1,13154,77:46,1
وتناجوا,1,13155,58:9,1
وتنازعتم,1,13156,3:152,1
وتنزع,1,13157,3:26,1
وتنشق,1,13158,19:90,1
وتنهون,1,13159,3:110,1
وتهدي,1,13160,7:155,1
وتوبوا,1,13161,24:31,1
وتودون,1,13162,8:7,1
وتوفى,1,13163,16:111,1
وتوفيقا,1,13164,4:62,1
وتوقروه,1,13165,48:9,1
وتول,1,13166,37:178,1
وتولج,1,13167,3:27,1
وثاقه,1,13168,89:26,1
وثامنهم,1,13169,18:22,1
وثقالا,1,13170,9:41,1
وثلة,1,13171,56:40,1
وثلثه,1,13172,73:20,1
وثمانية,1,13173,69:7,1
وثيابك,1,13174,74:4,1
وجئتك,1,13175,27:22,1
وجئتكم,1,13176,3:50,1
وجاءته,1,13177,11:74,1
وجاءك,1,13178,11:120,1
وجاءكم,1,13179,35:37,1
وجاءه,1,13180,11:78,1
وجادلهم,1,13181,16:125,1
وجادلوا,1,13182,40:5,1
وجاعل,1,13183,3:55,1
وجاعلوه,1,13184,28:7,1
وجاهد,1,13185,9:19,1
وجاهدهم,1,13186,25:52,1
وجبت,1,13187,22:36,1
وجحدوا,1,13188,27:14,1
وجحيما,1,13189,73:12,1
وجدت,1,13190,27:23,1
وجدتها,1,13191,27:24,1
وجدكم,1,13192,65:6,1
وجدناه,1,13193,38:44,1
وجدوا,1,13194,12:65,1
وجرين,1,13195,10:22,1
وجزاء,1,13196,42:40,1
وجزاهم,1,13197,76:12,1
وجعلت,1,13198,74:12,1
وجعلكم,1,13199,5:20,1
وجعلها,1,13200,43:28,1
وجفان,1,13201,34:13,1
وجلة,1,13202,23:60,1
وجلودهم,1,13203,41:20,1
وجلون,1,13204,15:52,1
وجنت,1,13205,56:89,1
وجنوبهم,1,13206,9:35,1
وجنود,1,13207,26:95,1
وجنودا,1,13208,33:9,1
وجنى,1,13209,55:54,1
وجهاد,1,13210,9:24,1
وجهة,1,13211,2:148,1
وجهت,1,13212,6:79,1
وجهرا,1,13213,16:75,1
وجهركم,1,13214,6:3,1
وجوها,1,13215,4:47,1
وحاجه,1,13216,6:80,1
وحال,1,13217,11:43,1
وحب,1,13218,50:9,1
وحبط,1,13219,11:16,1
وحبل,1,13220,3:112,1
وحجرا,1,13221,25:53,1
وحدائق,1,13222,80:30,1
وحرام,1,13223,21:95,1
وحرث,1,13224,6:138,1
وحرض,1,13225,4:84,1
وحرمنا,1,13226,28:12,1
وحرموا,1,13227,6:140,1
وحريرا,1,13228,76:12,1
وحزنا,1,13229,28:8,1
وحزني,1,13230,12:86,1
وحسبوا,1,13231,5:71,1
وحسنت,1,13232,18:31,1
وحشر,1,13233,27:17,1
وحشرنا,1,13234,6:111,1
وحشرناهم,1,13235,18:47,1
وحصل,1,13236,100:10,1
وحصورا,1,13237,3:39,1
وحصيد,1,13238,11:100,1
وحفدة,1,13239,16:72,1
وحفظناها,1,13240,15:17,1
وحففناهما,1,13241,18:32,1
وحق,1,13242,41:25,1
وحكما,1,13243,4:35,1
وحكمة,1,13244,3:81,1
وحلائل,1,13245,4:23,1
وحلالا,1,13246,10:59,1
وحلوا,1,13247,76:21,1
وحمر,1,13248,35:27,1
وحملت,1,13249,69:14,1
وحملناه,1,13250,54:13,1
وحملناهم,1,13251,17:70,1
وحمله,1,13252,46:15,1
وحملها,1,13253,33:72,1
وحميم,1,13254,56:42,1
وحنانا,1,13255,19:13,1
وحور,1,13256,56:22,1
وحي,1,13257,53:4,1
وحيا,1,13258,42:51,1
وحيدا,1,13259,74:11,1
وحيل,1,13260,34:54,1
وحيه,1,13261,20:114,1
وخاب,1,13262,14:15,1
وخاتم,1,13263,33:40,1
وخاف,1,13264,14:14,1
وخافون,1,13265,3:175,1
وخالاتكم,1,13266,4:23,1
وخذ,1,13267,38:44,1
وخذوا,1,13268,4:102,1
وخذوهم,1,13269,9:5,1
وخرقوا,1,13270,6:100,1
وخروا,1,13271,12:100,1
وخسف,1,13272,75:8,1
وخشعت,1,13273,20:108,1
وخشي,1,13274,36:11,1
وخضتم,1,13275,9:69,1
وخلقنا,1,13276,36:42,1
وخلقناكم,1,13277,78:8,1
وخلقهم,1,13278,6:100,1
وخيفة,1,13279,7:205,1
وداعيا,1,13280,33:46,1
ودانية,1,13281,76:14,1
وداوود,1,13282,21:78,1
ودت,1,13283,3:69,1
ودرسوا,1,13284,7:169,1
ودسر,1,13285,54:13,1
ودع,1,13286,33:48,1
ودعك,1,13287,93:3,1
ودم,1,13288,16:66,1
ودمرنا,1,13289,7:137,1
ودود,1,13290,11:90,1
ودون,1,13291,7:205,1
وديارهم,1,13292,33:27,1
ودية,1,13293,4:92,1
وذات,1,13294,18:18,1
وذر,1,13295,6:70,1
وذرني,1,13296,73:11,1
وذرياتنا,1,13297,25:74,1
وذرية,1,13298,13:38,1
وذريته,1,13299,18:50,1
وذريتها,1,13300,3:36,1
وذكرا,1,13301,21:48,1
وذكرهم,1,13302,14:5,1
وذكروا,1,13303,26:227,1
وذلة,1,13304,7:152,1
وذلكم,1,13305,41:23,1
وذللت,1,13306,76:14,1
وذللناها,1,13307,36:72,1
وذو,1,13308,41:43,1
وذي,1,13309,2:83,1
ورأى,1,13310,18:53,1
ورأيت,1,13311,110:2,1
ورأيتهم,1,13312,63:5,1
ورئاء,1,13313,8:47,1
ورئيا,1,13314,19:74,1
وراءه,1,13315,2:91,1
ورائكم,1,13316,4:102,1
ورائي,1,13317,19:5,1
ورابطوا,1,13318,3:200,1
وراعنا,1,13319,4:46,1
ورافعك,1,13320,3:55,1
وراودته,1,13321,12:23,1
وربائبكم,1,13322,4:23,1
وربطنا,1,13323,18:14,1
ورتل,1,13324,73:4,1
ورتلناه,1,13325,25:32,1
ورثة,1,13326,26:85,1
ورثوا,1,13327,7:169,1
ورجلا,1,13328,39:29,1
ورجلك,1,13329,17:64,1
ورحمت,1,13330,43:32,1
ورحمتي,1,13331,7:156,1
وردا,1,13332,19:86,1
وردة,1,13333,55:37,1
وردوا,1,13334,10:30,1
وردوها,1,13335,21:99,1
ورزقا,1,13336,16:67,1
ورزقني,1,13337,11:88,1
ورسالاته,1,13338,72:23,1
ورسلنا,1,13339,43:80,1
ورسول,1,13340,43:29,1
ورسولا,1,13341,3:49,1
ورضي,1,13342,20:109,1
ورضيت,1,13343,5:3,1
ورعد,1,13344,2:19,1
ورفعناه,1,13345,19:57,1
ورقة,1,13346,6:59,1
ورماحكم,1,13347,5:94,1
ورمان,1,13348,55:68,1
ورهبا,1,13349,21:90,1
ورهبانا,1,13350,5:82,1
ورهبانهم,1,13351,9:31,1
ورهبانية,1,13352,57:27,1
ورواحها,1,13353,34:12,1
وروح,1,13354,4:171,1
وريحان,1,13355,56:89,1
وريشا,1,13356,7:26,1
وزادكم,1,13357,7:69,1
وزاده,1,13358,2:247,1
وزادهم,1,13359,25:60,1
وزخرفا,1,13360,43:35,1
وزدناهم,1,13361,18:13,1
وزرا,1,13362,20:100,1
وزرابي,1,13363,88:16,1
وزرع,1,13364,13:4,1
وزرك,1,13365,94:2,1
وزفيرا,1,13366,25:12,1
وزكاة,1,13367,19:13,1
وزلفا,1,13368,11:114,1
وزنا,1,13369,18:105,1
وزنوهم,1,13370,83:3,1
وزهق,1,13371,17:81,1
وزوجه,1,13372,2:102,1
وزيادة,1,13373,10:26,1
وزيتونا,1,13374,80:29,1
وزينا,1,13375,41:12,1
وزينه,1,13376,49:7,1
وسار,1,13377,28:29,1
وسارب,1,13378,13:10,1
وسارعوا,1,13379,3:133,1
وسبحه,1,13380,76:26,1
وسبحوا,1,13381,32:15,1
وسبحوه,1,13382,33:42,1
وسبعة,1,13383,2:196,1
وسبلا,1,13384,16:15,1
وستردون,1,13385,9:105,1
وسخرنا,1,13386,21:79,1
وسرابيل,1,13387,16:81,1
وسراجا,1,13388,33:46,1
وسرحوهن,1,13389,33:49,1
وسررا,1,13390,43:34,1
وسرورا,1,13391,76:11,1
وسطا,1,13392,2:143,1
وسعة,1,13393,4:100,1
وسعيد,1,13394,11:105,1
وسعيرا,1,13395,76:4,1
وسفرا,1,13396,9:42,1
وسق,1,13397,84:17,1
وسقاهم,1,13398,76:21,1
وسقوا,1,13399,47:15,1
وسقياها,1,13400,91:13,1
وسكنتم,1,13401,14:45,1
وسلك,1,13402,20:53,1
وسلموا,1,13403,33:56,1
وسمعنا,1,13404,32:12,1
وسمعهم,1,13405,16:108,1
وسنجزي,1,13406,3:145,1
وسنزيد,1,13407,2:58,1
وسنقول,1,13408,18:88,1
وسواء,1,13409,36:10,1
وسيجزي,1,13410,3:144,1
وسيجنبها,1,13411,92:17,1
وسيحبط,1,13412,47:32,1
وسيحلفون,1,13413,9:42,1
وسيدا,1,13414,3:39,1
وسيرت,1,13415,78:20,1
وسيرى,1,13416,9:94,1
وسيصلون,1,13417,4:10,1
وشاركهم,1,13418,17:64,1
وشاقوا,1,13419,47:32,1
وشاهد,1,13420,85:3,1
وشاورهم,1,13421,3:159,1
وشجرة,1,13422,23:20,1
وشرابك,1,13423,2:259,1
وشركاءكم,1,13424,10:71,1
وشركاؤكم,1,13425,10:28,1
وشروه,1,13426,12:20,1
وشفتين,1,13427,90:9,1
وشقاق,1,13428,38:2,1
وشمال,1,13429,34:15,1
وشهبا,1,13430,72:8,1
وشهيد,1,13431,50:21,1
وشهيق,1,13432,11:106,1
وشيء,1,13433,34:16,1
وشيبة,1,13434,30:54,1
وصابروا,1,13435,3:200,1
وصاحبهما,1,13436,31:15,1
وصالح,1,13437,66:4,1
وصبروا,1,13438,16:110,1
وصبغ,1,13439,23:20,1
وصدف,1,13440,6:157,1
وصدقت,1,13441,66:12,1
وصدها,1,13442,27:43,1
وصدوكم,1,13443,48:25,1
وصفهم,1,13444,6:139,1
وصل,1,13445,9:103,1
وصلنا,1,13446,28:51,1
وصما,1,13447,17:97,1
وصهرا,1,13448,25:54,1
وصى,1,13449,42:13,1
وصيلة,1,13450,5:103,1
وضائق,1,13451,11:12,1
وضحاها,1,13452,91:1,1
وضربنا,1,13453,14:45,1
وضع,1,13454,3:96,1
وضعت,1,13455,3:36,1
وضعف,1,13456,17:75,1
وضعها,1,13457,55:10,1
وضلوا,1,13458,5:77,1
وضياء,1,13459,21:48,1
وطئا,1,13460,73:6,1
وطعام,1,13461,5:5,1
وطعاما,1,13462,73:13,1
وطعامكم,1,13463,5:5,1
وطعامه,1,13464,5:96,1
وطعنا,1,13465,4:46,1
وطعنوا,1,13466,9:12,1
وطلح,1,13467,56:29,1
وطهر,1,13468,22:26,1
وطهرك,1,13469,3:42,1
وطور,1,13470,95:2,1
وظالم,1,13471,37:113,1
وظاهره,1,13472,57:13,1
وظاهروا,1,13473,60:9,1
وظلالهم,1,13474,13:15,1
وظلما,1,13475,4:30,1
وظلها,1,13476,13:35,1
وظننتم,1,13477,48:12,1
وظهر,1,13478,9:48,1
وظهورهم,1,13479,9:35,1
وعاشروهن,1,13480,4:19,1
وعباد,1,13481,25:63,1
وعبد,1,13482,5:60,1
وعبقري,1,13483,55:76,1
وعجبوا,1,13484,38:4,1
وعجلت,1,13485,20:84,1
وعدتنا,1,13486,3:194,1
وعدتهم,1,13487,40:8,1
وعدده,1,13488,104:2,1
وعدسها,1,13489,2:61,1
وعدك,1,13490,11:45,1
وعدلا,1,13491,6:115,1
وعدناه,1,13492,28:61,1
وعدناهم,1,13493,43:42,1
وعدو,1,13494,20:39,1
وعدوا,1,13495,10:90,1
وعدوه,1,13496,9:77,1
وعذابا,1,13497,73:13,1
وعذب,1,13498,9:26,1
وعذبناها,1,13499,65:8,1
وعربي,1,13500,41:44,1
وعرضنا,1,13501,18:100,1
وعرضوا,1,13502,18:48,1
وعزرتموهم,1,13503,5:12,1
وعزروه,1,13504,7:157,1
وعزني,1,13505,38:23,1
وعشرا,1,13506,2:234,1
وعشيرتكم,1,13507,9:24,1
وعصيتم,1,13508,3:152,1
وعظهم,1,13509,4:63,1
وعفا,1,13510,2:187,1
وعقبى,1,13511,13:35,1
وعلامات,1,13512,16:16,1
وعلمتم,1,13513,6:91,1
وعلمتني,1,13514,12:101,1
وعلمك,1,13515,4:113,1
وعلمه,1,13516,2:251,1
وعلوا,1,13517,27:14,1
وعليكم,1,13518,24:54,1
وعلينا,1,13519,13:40,1
وعليهم,1,13520,42:16,1
وعماتكم,1,13521,4:23,1
وعمارة,1,13522,9:19,1
وعمروها,1,13523,30:9,1
وعمله,1,13524,66:11,1
وعميانا,1,13525,25:73,1
وعنب,1,13526,17:91,1
وعنبا,1,13527,80:28,1
وعنت,1,13528,20:111,1
وعندنا,1,13529,50:4,1
وعهدنا,1,13530,2:125,1
وغدوا,1,13531,68:25,1
وغرابيب,1,13532,35:27,1
وغركم,1,13533,57:14,1
وغرهم,1,13534,3:24,1
وغساق,1,13535,38:57,1
وغساقا,1,13536,78:25,1
وغفر,1,13537,42:43,1
وغلقت,1,13538,12:23,1
وغواص,1,13539,38:37,1
وغيض,1,13540,11:44,1
وفاقا,1,13541,78:26,1
وفتح,1,13542,61:13,1
وفتناك,1,13543,20:40,1
وفدا,1,13544,19:85,1
وفديناه,1,13545,37:107,1
وفرادى,1,13546,34:46,1
وفرش,1,13547,56:34,1
وفرشا,1,13548,6:142,1
وفرضناها,1,13549,24:1,1
وفرعها,1,13550,14:24,1
وفريق,1,13551,42:7,1
وفساد,1,13552,8:73,1
وفصل,1,13553,38:20,1
وفصيلته,1,13554,70:13,1
وفضلا,1,13555,2:268,1
وفعلت,1,13556,26:19,1
وفواكه,1,13557,77:42,1
وفوق,1,13558,12:76,1
وفومها,1,13559,2:61,1
وفى,1,13560,53:37,1
وفيه,1,13561,12:49,1
وقائما,1,13562,39:9,1
وقابل,1,13563,40:3,1
وقاتل,1,13564,57:10,1
وقارا,1,13565,71:13,1
وقاسمهما,1,13566,7:21,1
وقالا,1,13567,27:15,1
وقب,1,13568,113:3,1
وقبائل,1,13569,49:13,1
وقبيله,1,13570,7:27,1
وقتل,1,13571,2:251,1
وقتلت,1,13572,20:40,1
وقثائها,1,13573,2:61,1
وقدت,1,13574,12:25,1
وقدرنا,1,13575,34:18,1
وقدره,1,13576,10:5,1
وقدمنا,1,13577,25:23,1
وقدموا,1,13578,2:223,1
وقدور,1,13579,34:13,1
وقرآنا,1,13580,17:106,1
وقرآنه,1,13581,75:17,1
وقربناه,1,13582,19:52,1
وقرن,1,13583,33:33,1
وقرونا,1,13584,25:38,1
وقري,1,13585,19:26,1
وقص,1,13586,28:25,1
وقصر,1,13587,22:45,1
وقضبا,1,13588,80:28,1
وقضى,1,13589,17:23,1
وقطعن,1,13590,12:31,1
وقطعنا,1,13591,7:72,1
وقعد,1,13592,9:90,1
وقعدوا,1,13593,3:168,1
وقفوهم,1,13594,37:24,1
وقلبوا,1,13595,9:48,1
وقلوبهن,1,13596,33:53,1
وقمرا,1,13597,25:61,1
وقود,1,13598,3:10,1
وقول,1,13599,47:21,1
وقومك,1,13600,6:74,1
وقومها,1,13601,27:24,1
وقومهم,1,13602,27:51,1
وقوموا,1,13603,2:238,1
وقياما,1,13604,25:64,1
وقيضنا,1,13605,41:25,1
وقيله,1,13606,43:88,1
وكأس,1,13607,56:18,1
وكأسا,1,13608,78:34,1
وكادوا,1,13609,7:150,1
وكبراءنا,1,13610,33:67,1
وكبره,1,13611,17:111,1
وكبير,1,13612,54:53,1
وكذبتم,1,13613,6:57,1
وكره,1,13614,49:7,1
وكسوتهن,1,13615,2:233,1
وكشفت,1,13616,27:44,1
وكشفنا,1,13617,23:75,1
وكف,1,13618,48:20,1
وكفرت,1,13619,61:14,1
وكفرتم,1,13620,46:10,1
وكفرنا,1,13621,40:84,1
وكفرهم,1,13622,4:155,1
وكفلها,1,13623,3:37,1
وكلبهم,1,13624,18:18,1
وكلم,1,13625,4:164,1
وكلما,1,13626,11:38,1
وكلماته,1,13627,7:158,1
وكلمة,1,13628,9:40,1
وكلمته,1,13629,4:171,1
وكلمه,1,13630,7:143,1
وكلمهم,1,13631,6:111,1
وكلنا,1,13632,6:89,1
وكلهم,1,13633,19:95,1
وكنوز,1,13634,26:58,1
وكواعب,1,13635,78:33,1
وكونوا,1,13636,9:119,1
ولأبويه,1,13637,4:11,1
ولأبين,1,13638,43:63,1
ولأتم,1,13639,2:150,1
ولأحل,1,13640,3:50,1
ولأخي,1,13641,7:151,1
ولأدخلناهم,1,13642,5:65,1
ولأدخلنكم,1,13643,5:12,1
ولأدخلنهم,1,13644,3:195,1
ولأضلنهم,1,13645,4:119,1
ولأغوينهم,1,13646,15:39,1
ولأمة,1,13647,2:221,1
ولأمنينهم,1,13648,4:119,1
ولأوضعوا,1,13649,9:47,1
ولإخواننا,1,13650,59:10,1
ولات,1,13651,38:3,1
ولاهم,1,13652,2:142,1
ولايتهم,1,13653,8:72,1
ولباس,1,13654,7:26,1
ولبثت,1,13655,26:18,1
ولبثوا,1,13656,18:25,1
ولبيوتهم,1,13657,43:34,1
ولتأت,1,13658,4:102,1
ولتتقوا,1,13659,7:63,1
ولتجدن,1,13660,5:82,1
ولتجدنهم,1,13661,2:96,1
ولتجري,1,13662,30:46,1
ولتجزى,1,13663,45:22,1
ولتسألن,1,13664,16:93,1
ولتستبين,1,13665,6:55,1
ولتسمعن,1,13666,3:186,1
ولتصغى,1,13667,6:113,1
ولتصنع,1,13668,20:39,1
ولتعرفنهم,1,13669,47:30,1
ولتعلم,1,13670,28:13,1
ولتعلموا,1,13671,17:12,1
ولتعلن,1,13672,17:4,1
ولتكبروا,1,13673,2:185,1
ولتكملوا,1,13674,2:185,1
ولتكن,1,13675,3:104,1
ولتكون,1,13676,48:20,1
ولتكونن,1,13677,39:65,1
ولتنازعتم,1,13678,8:43,1
ولتنذر,1,13679,6:92,1
ولتنصرنه,1,13680,3:81,1
ولتنظر,1,13681,59:18,1
ولدت,1,13682,19:33,1
ولدنهم,1,13683,58:2,1
ولده,1,13684,31:33,1
ولذكر,1,13685,29:45,1
ولذلك,1,13686,11:119,1
ولربك,1,13687,74:7,1
ولرسوله,1,13688,63:8,1
ولزوجك,1,13689,20:117,1
ولسانا,1,13690,90:9,1
ولستم,1,13691,2:267,1
ولعب,1,13692,29:64,1
ولعبد,1,13693,2:221,1
ولعلا,1,13694,23:91,1
ولعنه,1,13695,4:93,1
ولعنوا,1,13696,5:64,1
ولقاهم,1,13697,76:11,1
ولقومك,1,13698,43:44,1
ولك,1,13699,28:9,1
ولكنه,1,13700,7:176,1
ولكنهم,1,13701,9:56,1
وللأرض,1,13702,41:11,1
وللبسنا,1,13703,6:9,1
وللدار,1,13704,6:32,1
وللذين,1,13705,67:6,1
وللرجال,1,13706,2:228,1
وللسيارة,1,13707,5:96,1
وللمطلقات,1,13708,2:241,1
ولملئت,1,13709,18:18,1
ولنا,1,13710,2:139,1
ولنبينه,1,13711,6:105,1
ولنجزين,1,13712,16:96,1
ولنجعلك,1,13713,2:259,1
ولنجعله,1,13714,19:21,1
ولنحمل,1,13715,29:12,1
ولنخرجنهم,1,13716,27:37,1
ولنرسلن,1,13717,7:134,1
ولنسألن,1,13718,7:6,1
ولنسكننكم,1,13719,14:14,1
ولنصبرن,1,13720,14:12,1
ولنعلمه,1,13721,12:21,1
ولنعم,1,13722,16:30,1
ولنكونن,1,13723,9:75,1
ولهديناهم,1,13724,4:68,1
ولهوا,1,13725,6:70,1
ولوالديك,1,13726,31:14,1
ولوموا,1,13727,14:22,1
وليأتينهم,1,13728,29:53,1
وليؤمنوا,1,13729,2:186,1
وليال,1,13730,89:2,1
وليبتلي,1,13731,3:154,1
وليبدلنهم,1,13732,24:55,1
وليبكوا,1,13733,9:82,1
وليبلي,1,13734,8:17,1
وليبينن,1,13735,16:92,1
وليتبروا,1,13736,17:7,1
وليتذكر,1,13737,38:29,1
وليتلطف,1,13738,18:19,1
وليتمتعوا,1,13739,29:66,1
وليجة,1,13740,9:16,1
وليجدوا,1,13741,9:123,1
وليحكم,1,13742,5:47,1
وليحلفن,1,13743,9:107,1
وليحملن,1,13744,29:13,1
وليخزي,1,13745,59:5,1
وليخش,1,13746,4:9,1
وليدا,1,13747,26:18,1
وليدخلوا,1,13748,17:7,1
وليدع,1,13749,40:26,1
وليذكر,1,13750,14:52,1
وليذيقكم,1,13751,30:46,1
وليربط,1,13752,8:11,1
وليرضوه,1,13753,6:113,1
وليسألن,1,13754,29:13,1
وليسألوا,1,13755,60:10,1
وليست,1,13756,4:18,1
وليستعفف,1,13757,24:33,1
وليشهد,1,13758,24:2,1
وليصفحوا,1,13759,24:22,1
وليضربن,1,13760,24:31,1
وليطوفوا,1,13761,22:29,1
وليعفوا,1,13762,24:22,1
وليعلموا,1,13763,14:52,1
وليقترفوا,1,13764,6:113,1
وليقول,1,13765,74:31,1
وليكتب,1,13766,2:282,1
وليكم,1,13767,5:55,1
وليكون,1,13768,6:75,1
وليكونا,1,13769,12:32,1
وليلبسوا,1,13770,6:137,1
وليمسنكم,1,13771,36:18,1
وليمكنن,1,13772,24:55,1
وليملل,1,13773,2:282,1
ولينصرن,1,13774,22:40,1
وليه,1,13775,2:282,1
وليهما,1,13776,3:122,1
وليوفوا,1,13777,22:29,1
وليوفيهم,1,13778,46:19,1
وماء,1,13779,56:31,1
وماذا,1,13780,4:39,1
وماروت,1,13781,2:102,1
ومتعناهم,1,13782,10:98,1
ومتعوهن,1,13783,2:236,1
ومثواكم,1,13784,47:19,1
ومحرم,1,13785,6:139,1
ومحياي,1,13786,6:162,1
ومخرج,1,13787,6:95,1
ومرساها,1,13788,11:41,1
ومرعاها,1,13789,79:31,1
ومريم,1,13790,66:12,1
ومزاجه,1,13791,83:27,1
ومزقناهم,1,13792,34:19,1
ومساجد,1,13793,22:40,1
ومساكنكم,1,13794,21:13,1
ومستودع,1,13795,6:98,1
ومستودعها,1,13796,11:6,1
ومشارب,1,13797,36:73,1
ومشهود,1,13798,85:3,1
ومصيرا,1,13799,25:15,1
ومضى,1,13800,43:8,1
ومطهرك,1,13801,3:55,1
ومعارج,1,13802,43:33,1
ومعين,1,13803,23:50,1
ومغاربها,1,13804,7:137,1
ومغانم,1,13805,48:19,1
ومقتا,1,13806,4:22,1
ومقصرين,1,13807,48:27,1
ومكرنا,1,13808,27:50,1
وملأه,1,13809,10:88,1
وملئهم,1,13810,10:83,1
وملك,1,13811,20:120,1
وملكا,1,13812,76:20,1
ومماتهم,1,13813,45:21,1
ومماتي,1,13814,6:162,1
ومناة,1,13815,53:20,1
ومنك,1,13816,33:7,1
ومنه,1,13817,16:10,1
ومنهاجا,1,13818,5:48,1
ومهدت,1,13819,74:14,1
ومهلهم,1,13820,73:11,1
ومهيمنا,1,13821,5:48,1
ومواليكم,1,13822,33:5,1
وميثاقه,1,13823,5:7,1
وميكال,1,13824,2:98,1
وناداهما,1,13825,7:22,1
ونباتا,1,13826,78:15,1
ونبلو,1,13827,47:31,1
ونبلوكم,1,13828,21:35,1
ونبيا,1,13829,3:39,1
ونتبع,1,13830,14:44,1
ونتجاوز,1,13831,46:16,1
ونجنا,1,13832,10:86,1
ونجينا,1,13833,41:18,1
ونجيناهم,1,13834,11:58,1
ونجيناهما,1,13835,37:115,1
ونحاس,1,13836,55:35,1
ونحشر,1,13837,20:102,1
ونحشره,1,13838,20:124,1
ونحشرهم,1,13839,17:97,1
ونحفظ,1,13840,12:65,1
ونخرج,1,13841,17:13,1
ونخزى,1,13842,20:134,1
ونخلا,1,13843,80:29,1
ونخوفهم,1,13844,17:60,1
ونخيل,1,13845,13:4,1
ونداء,1,13846,2:171,1
وندخلكم,1,13847,4:31,1
وندخلهم,1,13848,4:57,1
ونذرهم,1,13849,6:110,1
ونذكرك,1,13850,20:34,1
ونذير,1,13851,5:19,1
ونذيقه,1,13852,22:9,1
ونراه,1,13853,70:7,1
ونرثه,1,13854,19:80,1
ونرد,1,13855,6:71,1
ونري,1,13856,28:6,1
ونريد,1,13857,28:5,1
ونزداد,1,13858,12:65,1
ونزل,1,13859,25:25,1
ونزلناه,1,13860,17:106,1
ونساءكم,1,13861,3:61,1
ونساءنا,1,13862,3:61,1
ونستحيي,1,13863,7:127,1
ونسرا,1,13864,71:23,1
ونسقيه,1,13865,25:49,1
ونسكي,1,13866,6:162,1
ونسوا,1,13867,5:13,1
ونسوق,1,13868,19:86,1
ونسوه,1,13869,58:6,1
ونصرناه,1,13870,21:77,1
ونصرناهم,1,13871,37:116,1
ونصروه,1,13872,7:157,1
ونصفه,1,13873,73:20,1
ونصله,1,13874,4:115,1
ونصيرا,1,13875,25:31,1
ونضع,1,13876,21:47,1
ونطبع,1,13877,7:100,1
ونطمع,1,13878,5:84,1
ونعمه,1,13879,89:15,1
ونعيم,1,13880,52:17,1
ونفاقا,1,13881,9:97,1
ونفس,1,13882,91:7,1
ونفصل,1,13883,9:11,1
ونفضل,1,13884,13:4,1
ونفور,1,13885,67:21,1
ونقدس,1,13886,2:30,1
ونقر,1,13887,22:5,1
ونقلب,1,13888,6:110,1
ونقلبهم,1,13889,18:18,1
ونكتب,1,13890,36:12,1
ونكفر,1,13891,4:150,1
ونلعب,1,13892,9:65,1
ونمارق,1,13893,88:15,1
ونمد,1,13894,19:79,1
ونمكن,1,13895,28:6,1
ونمنعكم,1,13896,4:141,1
ونمير,1,13897,12:65,1
وننزل,1,13898,17:82,1
وننشئكم,1,13899,56:61,1
ونهارا,1,13900,71:5,1
ونهر,1,13901,54:54,1
ونهوا,1,13902,22:41,1
ونهى,1,13903,79:40,1
ونودوا,1,13904,7:43,1
ونورهم,1,13905,57:19,1
ونيسرك,1,13906,87:8,1
وهؤلاء,1,13907,17:20,1
وهاجا,1,13908,78:13,1
وهبت,1,13909,33:50,1
وهبنا,1,13910,19:49,1
وهداه,1,13911,16:121,1
وهديناه,1,13912,90:10,1
وهديناهم,1,13913,6:87,1
وهديناهما,1,13914,37:118,1
وهذه,1,13915,43:51,1
وهزي,1,13916,19:25,1
وهما,1,13917,46:17,1
وهمت,1,13918,40:5,1
وهنا,1,13919,31:14,1
وهنوا,1,13920,3:146,1
وهيئ,1,13921,18:10,1
وواعدنا,1,13922,7:142,1
وواعدناكم,1,13923,20:80,1
ووالد,1,13924,90:3,1
ووجدوا,1,13925,18:49,1
وودوا,1,13926,60:2,1
وورث,1,13927,27:16,1
وورثه,1,13928,4:11,1
ووري,1,13929,7:20,1
ووصى,1,13930,2:132,1
ووضعته,1,13931,46:15,1
ووضعنا,1,13932,94:2,1
ووعدتكم,1,13933,14:22,1
ووقانا,1,13934,52:27,1
ووقع,1,13935,27:85,1
وولده,1,13936,71:21,1
ويأبى,1,13937,9:32,1
ويأتوكم,1,13938,3:125,1
ويأتينا,1,13939,19:80,1
ويأتيه,1,13940,14:17,1
ويأخذ,1,13941,9:104,1
ويأكلون,1,13942,47:12,1
ويأمركم,1,13943,2:268,1
ويأمنوا,1,13944,4:91,1
ويؤتوا,1,13945,98:5,1
ويؤثرون,1,13946,59:9,1
ويؤمنون,1,13947,40:7,1
ويبسط,1,13948,2:245,1
ويبسطوا,1,13949,60:2,1
ويبصرون,1,13950,68:5,1
ويبطل,1,13951,8:8,1
ويبغون,1,13952,42:42,1
ويبقى,1,13953,55:27,1
ويتجنبها,1,13954,87:11,1
ويتخذها,1,13955,31:6,1
ويتخطف,1,13956,29:67,1
ويتربص,1,13957,9:98,1
ويتعد,1,13958,4:14,1
ويتعلمون,1,13959,2:102,1
ويتفكرون,1,13960,3:191,1
ويتقه,1,13961,24:52,1
ويتلوه,1,13962,11:17,1
ويتمتعوا,1,13963,15:3,1
ويتناجون,1,13964,58:8,1
ويتولوا,1,13965,9:50,1
ويتيما,1,13966,76:8,1
ويجادل,1,13967,18:56,1
ويجركم,1,13968,46:31,1
ويجزي,1,13969,53:31,1
ويجزيهم,1,13970,39:35,1
ويجعلكم,1,13971,27:62,1
ويجعله,1,13972,30:48,1
ويحب,1,13973,2:222,1
ويحبون,1,13974,3:188,1
ويحبونه,1,13975,5:54,1
ويحرم,1,13976,7:157,1
ويحرمونه,1,13977,9:37,1
ويحفظن,1,13978,24:31,1
ويحفظوا,1,13979,24:30,1
ويحمل,1,13980,69:17,1
ويحيي,1,13981,30:19,1
ويختار,1,13982,28:68,1
ويخرجكم,1,13983,71:18,1
ويخرجهم,1,13984,5:16,1
ويخرون,1,13985,17:109,1
ويخزهم,1,13986,9:14,1
ويخش,1,13987,24:52,1
ويخشون,1,13988,13:21,1
ويخشونه,1,13989,33:39,1
ويخلد,1,13990,25:69,1
ويخلق,1,13991,16:8,1
ويخوفونك,1,13992,39:36,1
ويدخله,1,13993,64:9,1
ويدرأ,1,13994,24:8,1
ويدع,1,13995,17:11,1
ويدعون,1,13996,68:42,1
ويدعوننا,1,13997,21:90,1
ويذبحون,1,13998,14:6,1
ويذرك,1,13999,7:127,1
ويذرهم,1,14000,7:186,1
ويذكر,1,14001,24:36,1
ويذكروا,1,14002,22:28,1
ويذهبا,1,14003,20:63,1
ويذيق,1,14004,6:65,1
ويربي,1,14005,2:276,1
ويرث,1,14006,19:6,1
ويرجو,1,14007,39:9,1
ويرجون,1,14008,17:57,1
ويرحم,1,14009,29:21,1
ويرزقه,1,14010,65:3,1
ويرضى,1,14011,53:26,1
ويرضين,1,14012,33:51,1
ويرى,1,14013,34:6,1
ويزداد,1,14014,74:31,1
ويزدكم,1,14015,11:52,1
ويزكيكم,1,14016,2:151,1
ويزيد,1,14017,19:76,1
ويسألون,1,14018,43:19,1
ويسارعون,1,14019,3:114,1
ويسبح,1,14020,13:13,1
ويسبحونه,1,14021,7:206,1
ويستأذن,1,14022,33:13,1
ويستبدل,1,14023,9:39,1
ويستبشرون,1,14024,3:170,1
ويستجيب,1,14025,42:26,1
ويستحيي,1,14026,28:4,1
ويستخرجا,1,14027,18:82,1
ويستخلفكم,1,14028,7:129,1
ويستغفروا,1,14029,18:55,1
ويستغفرونه,1,14030,5:74,1
ويستفتونك,1,14031,4:127,1
ويستكبر,1,14032,4:172,1
ويستنبئونك,1,14033,10:53,1
ويستهزأ,1,14034,4:140,1
ويسر,1,14035,20:26,1
ويسفك,1,14036,2:30,1
ويسقون,1,14037,76:17,1
ويسقى,1,14038,14:16,1
ويسقين,1,14039,26:79,1
ويسلموا,1,14040,4:65,1
ويشترون,1,14041,2:174,1
ويشرب,1,14042,23:33,1
ويشف,1,14043,9:14,1
ويشهد,1,14044,2:204,1
ويصبر,1,14045,12:90,1
ويصدكم,1,14046,5:91,1
ويصرفه,1,14047,24:43,1
ويصلح,1,14048,47:5,1
ويصلى,1,14049,84:12,1
ويصنع,1,14050,11:38,1
ويضع,1,14051,7:157,1
ويضل,1,14052,14:27,1
ويضيق,1,14053,26:13,1
ويطاف,1,14054,76:15,1
ويطعمون,1,14055,76:8,1
ويطهركم,1,14056,33:33,1
ويطيعون,1,14057,9:71,1
ويعظم,1,14058,65:5,1
ويعف,1,14059,42:34,1
ويعلمك,1,14060,12:6,1
ويعلمه,1,14061,3:48,1
ويعملون,1,14062,21:82,1
ويعوق,1,14063,71:23,1
ويعيد,1,14064,85:13,1
ويفعل,1,14065,14:27,1
ويقبضن,1,14066,67:19,1
ويقبضون,1,14067,9:67,1
ويقطع,1,14068,8:7,1
ويقللكم,1,14069,8:44,1
ويقولوا,1,14070,54:2,1
ويقيموا,1,14071,98:5,1
ويكأن,1,14072,28:82,1
ويكأنه,1,14073,28:82,1
ويكتمون,1,14074,4:37,1
ويكشف,1,14075,27:62,1
ويكفرون,1,14076,2:91,1
ويكفوا,1,14077,4:91,1
ويكلم,1,14078,3:46,1
ويكور,1,14079,39:5,1
ويكونون,1,14080,19:82,1
ويلبسون,1,14081,18:31,1
ويلتا,1,14082,5:31,1
ويلتنا,1,14083,18:49,1
ويلعب,1,14084,12:12,1
ويلعن,1,14085,29:25,1
ويلعنهم,1,14086,2:159,1
ويلقوا,1,14087,4:91,1
ويلقون,1,14088,25:75,1
ويلك,1,14089,46:17,1
ويلههم,1,14090,15:3,1
ويمح,1,14091,42:24,1
ويمحق,1,14092,3:141,1
ويمددكم,1,14093,71:12,1
ويمدهم,1,14094,2:15,1
ويمسك,1,14095,22:65,1
ويمشون,1,14096,25:20,1
ويمشي,1,14097,25:7,1
ويمكر,1,14098,8:30,1
ويمكرون,1,14099,8:30,1
ويمنعون,1,14100,107:7,1
ويمنيهم,1,14101,4:120,1
وينأون,1,14102,6:26,1
وينجي,1,14103,39:61,1
وينذر,1,14104,18:4,1
وينشئ,1,14105,13:12,1
وينشر,1,14106,42:28,1
وينصرك,1,14107,48:3,1
وينصركم,1,14108,9:14,1
وينصرون,1,14109,59:8,1
وينعه,1,14110,6:99,1
وينفقوا,1,14111,14:31,1
وينقلب,1,14112,84:9,1
وينهاهم,1,14113,7:157,1
وينهى,1,14114,16:90,1
ويهب,1,14115,42:49,1
ويهديك,1,14116,48:2,1
ويهديه,1,14117,22:4,1
ويهلك,1,14118,2:205,1
ويهيئ,1,14119,18:16,1
ويوسف,1,14120,6:84,1
ويولون,1,14121,54:45,1
ويومئذ,1,14122,30:4,1
يأتك,1,14123,19:43,1
يأتل,1,14124,24:22,1
يأتمرون,1,14125,28:20,1
يأته,1,14126,20:75,1
يأتوكم,1,14127,2:85,1
يأتونك,1,14128,25:33,1
يأتوننا,1,14129,19:38,1
يأتوني,1,14130,27:38,1
يأتيانها,1,14131,4:16,1
يأتيك,1,14132,15:99,1
يأتينك,1,14133,2:260,1
يأتيها,1,14134,16:112,1
يأخذ,1,14135,18:79,1
يأخذه,1,14136,20:39,1
يأخذوا,1,14137,7:145,1
يأخذون,1,14138,7:169,1
يأخذونها,1,14139,48:19,1
يأخذوه,1,14140,7:169,1
يأكلان,1,14141,5:75,1
يأكلن,1,14142,12:48,1
يأكلوا,1,14143,15:3,1
يألمون,1,14144,4:104,1
يألونكم,1,14145,3:118,1
يأمرهم,1,14146,7:157,1
يأمن,1,14147,7:99,1
يأمنوكم,1,14148,4:91,1
يأن,1,14149,57:16,1
يؤاخذهم,1,14150,18:58,1
يؤتوا,1,14151,24:22,1
يؤتين,1,14152,18:40,1
يؤثر,1,14153,74:24,1
يؤذي,1,14154,33:53,1
يؤذين,1,14155,33:59,1
يؤلف,1,14156,24:43,1
يؤلون,1,14157,2:226,1
يؤيد,1,14158,3:13,1
يئسن,1,14159,65:4,1
يئوده,1,14160,2:255,1
يئوسا,1,14161,17:83,1
يابس,1,14162,6:59,1
ياسين,1,14163,37:130,1
يبايعنك,1,14164,60:12,1
يبايعون,1,14165,48:10,1
يبتغ,1,14166,3:85,1
يبث,1,14167,45:4,1
يبحث,1,14168,5:31,1
يبخس,1,14169,2:282,1
يبخسون,1,14170,11:15,1
يبدلنا,1,14171,68:32,1
يبدله,1,14172,66:5,1
يبدلهما,1,14173,18:81,1
يبدلوا,1,14174,48:15,1
يبدلونه,1,14175,2:181,1
يبدها,1,14176,12:77,1
يبدون,1,14177,3:154,1
يبسا,1,14178,20:77,1
يبسطوا,1,14179,5:11,1
يبشر,1,14180,42:23,1
يبشرهم,1,14181,9:21,1
يبصر,1,14182,19:42,1
يبصروا,1,14183,20:96,1
يبصرونهم,1,14184,70:11,1
يبطش,1,14185,28:19,1
يبطشون,1,14186,7:195,1
يبعثك,1,14187,17:79,1
يبعثكم,1,14188,6:60,1
يبعثوا,1,14189,64:7,1
يبغونكم,1,14190,9:47,1
يبغيان,1,14191,55:20,1
يبلس,1,14192,30:12,1
يبلغا,1,14193,18:82,1
يبلغن,1,14194,17:23,1
يبلغوا,1,14195,24:58,1
يبلغون,1,14196,33:39,1
يبلوكم,1,14197,16:92,1
يبلى,1,14198,20:120,1
يبنؤم,1,14199,20:94,1
يبور,1,14200,35:10,1
يبينها,1,14201,2:230,1
يتأخر,1,14202,74:37,1
يتامى,1,14203,4:127,1
يتب,1,14204,49:11,1
يتبدل,1,14205,2:108,1
يتبعها,1,14206,2:263,1
يتبعهم,1,14207,26:224,1
يتبعوكم,1,14208,7:193,1
يتبوأ,1,14209,12:56,1
يتجرعه,1,14210,14:17,1
يتحاجون,1,14211,40:47,1
يتحاكموا,1,14212,4:60,1
يتخبطه,1,14213,2:275,1
يتخذون,1,14214,4:139,1
يتخطفكم,1,14215,8:26,1
يتخلفوا,1,14216,9:120,1
يتخيرون,1,14217,56:20,1
يتراجعا,1,14218,2:230,1
يتربصون,1,14219,4:141,1
يترددون,1,14220,9:45,1
يترك,1,14221,75:36,1
يتركم,1,14222,47:35,1
يتركوا,1,14223,29:2,1
يتسللون,1,14224,24:63,1
يتسنه,1,14225,2:259,1
يتطهروا,1,14226,9:108,1
يتعارفون,1,14227,10:45,1
يتغامزون,1,14228,83:30,1
يتغير,1,14229,47:15,1
يتفجر,1,14230,2:74,1
يتفرقا,1,14231,4:130,1
يتفرقون,1,14232,30:14,1
يتفضل,1,14233,23:24,1
يتفيأ,1,14234,16:48,1
يتقدم,1,14235,74:37,1
يتقي,1,14236,39:24,1
يتكئون,1,14237,43:34,1
يتكبرون,1,14238,7:146,1
يتكلم,1,14239,30:35,1
يتكلمون,1,14240,78:38,1
يتلاومون,1,14241,68:30,1
يتلقى,1,14242,50:17,1
يتلونه,1,14243,2:121,1
يتمتعون,1,14244,47:12,1
يتمطى,1,14245,75:33,1
يتمنونه,1,14246,62:7,1
يتمنوه,1,14247,2:95,1
يتناهون,1,14248,5:79,1
يتنزل,1,14249,65:12,1
يتوارى,1,14250,16:59,1
يتوفاهن,1,14251,4:15,1
يتوفونهم,1,14252,7:37,1
يتولوا,1,14253,9:74,1
يتولونه,1,14254,16:100,1
يتيمين,1,14255,18:82,1
يتيهون,1,14256,5:26,1
يثبت,1,14257,14:27,1
يثخن,1,14258,8:67,1
يثرب,1,14259,33:13,1
يثقفوكم,1,14260,60:2,1
يثنون,1,14261,11:5,1
يجأرون,1,14262,23:64,1
يجادلنا,1,14263,11:74,1
يجار,1,14264,23:88,1
يجاهد,1,14265,29:6,1
يجاهدون,1,14266,5:54,1
يجاورونك,1,14267,33:60,1
يجب,1,14268,46:32,1
يجبى,1,14269,28:57,1
يجتبيك,1,14270,12:6,1
يجدك,1,14271,93:6,1
يجده,1,14272,24:39,1
يجدونه,1,14273,7:157,1
يجره,1,14274,7:150,1
يجز,1,14275,4:123,1
يجزاه,1,14276,53:41,1
يجعلني,1,14277,19:32,1
يجعلوه,1,14278,12:15,1
يجليها,1,14279,7:187,1
يجمحون,1,14280,9:57,1
يجهلون,1,14281,6:111,1
يجيب,1,14282,27:62,1
يجيرني,1,14283,72:22,1
يحاجوكم,1,14284,3:73,1
يحاجون,1,14285,42:16,1
يحادد,1,14286,9:63,1
يحاربون,1,14287,5:33,1
يحاسب,1,14288,84:8,1
يحاسبكم,1,14289,2:284,1
يحاط,1,14290,12:66,1
يحببكم,1,14291,3:31,1
يحبرون,1,14292,30:15,1
يحبسه,1,14293,11:8,1
يحبهم,1,14294,5:54,1
يحبونكم,1,14295,3:119,1
يحبونهم,1,14296,2:165,1
يحتسب,1,14297,65:3,1
يحتسبوا,1,14298,59:2,1
يحتسبون,1,14299,39:47,1
يحرفونه,1,14300,2:75,1
يحرمون,1,14301,9:29,1
يحزن,1,14302,33:51,1
يحزنهم,1,14303,21:103,1
يحسب,1,14304,104:3,1
يحسبه,1,14305,24:39,1
يحسبهم,1,14306,2:273,1
يحسدون,1,14307,4:54,1
يحسنون,1,14308,18:104,1
يحشروا,1,14309,6:51,1
يحضرون,1,14310,23:98,1
يحضن,1,14311,65:4,1
يحطمنكم,1,14312,27:18,1
يحفظونه,1,14313,13:11,1
يحق,1,14314,8:7,1
يحكمان,1,14315,21:78,1
يحكموك,1,14316,4:65,1
يحكمونك,1,14317,5:43,1
يحلل,1,14318,20:81,1
يحلونه,1,14319,9:37,1
يحمدوا,1,14320,3:188,1
يحملنها,1,14321,33:72,1
يحملوها,1,14322,62:5,1
يحموم,1,14323,56:43,1
يحمى,1,14324,9:35,1
يحور,1,14325,84:14,1
يحول,1,14326,8:24,1
يحيطوا,1,14327,10:39,1
يحيف,1,14328,24:50,1
يحيق,1,14329,35:43,1
يحيك,1,14330,58:8,1
يحيين,1,14331,26:81,1
يحييها,1,14332,36:79,1
يخافا,1,14333,2:229,1
يخافه,1,14334,5:94,1
يخافوا,1,14335,5:108,1
يخالفون,1,14336,24:63,1
يختانون,1,14337,4:107,1
يختم,1,14338,42:24,1
يخدعوك,1,14339,8:62,1
يخدعون,1,14340,2:9,1
يخذلكم,1,14341,3:160,1
يخربون,1,14342,59:2,1
يخرجاكم,1,14343,20:63,1
يخرجن,1,14344,65:1,1
يخرجنكما,1,14345,20:117,1
يخرجهم,1,14346,2:257,1
يخرجوك,1,14347,8:30,1
يخرجوكم,1,14348,60:8,1
يخرجونهم,1,14349,2:257,1
يخروا,1,14350,25:73,1
يخرون,1,14351,17:107,1
يخزي,1,14352,66:8,1
يخزيهم,1,14353,16:27,1
يخسر,1,14354,45:27,1
يخسرون,1,14355,83:3,1
يخش,1,14356,9:18,1
يخشاها,1,14357,79:45,1
يخصمون,1,14358,36:49,1
يخطف,1,14359,2:20,1
يخفين,1,14360,24:31,1
يخل,1,14361,12:9,1
يخلفه,1,14362,34:39,1
يخلفون,1,14363,43:60,1
يخلقكم,1,14364,39:6,1
يخلقوا,1,14365,22:73,1
يخوضون,1,14366,6:68,1
يخيل,1,14367,20:66,1
يدا,1,14368,111:1,1
يدافع,1,14369,22:38,1
يداك,1,14370,22:10,1
يدبروا,1,14371,23:68,1
يدخلنا,1,14372,5:84,1
يدخلنها,1,14373,68:24,1
يدرسونها,1,14374,34:44,1
يدرك,1,14375,6:103,1
يدرككم,1,14376,4:78,1
يدركه,1,14377,4:100,1
يدسه,1,14378,16:59,1
يدعنا,1,14379,10:12,1
يدعوك,1,14380,28:25,1
يدعونني,1,14381,12:33,1
يدعونه,1,14382,6:71,1
يدعوه,1,14383,72:19,1
يدعوهم,1,14384,31:21,1
يدعى,1,14385,61:7,1
يدنين,1,14386,33:59,1
يدينون,1,14387,9:29,1
يديها,1,14388,2:66,1
يذبح,1,14389,28:4,1
يذبحون,1,14390,2:49,1
يذرؤكم,1,14391,42:11,1
يذكرهم,1,14392,21:60,1
يذهب,1,14393,24:43,1
يذوقوا,1,14394,38:8,1
يراد,1,14395,38:6,1
يراك,1,14396,26:218,1
يراها,1,14397,24:40,1
يربو,1,14398,30:39,1
يرتاب,1,14399,74:31,1
يرتابوا,1,14400,49:15,1
يرتدد,1,14401,2:217,1
يرتع,1,14402,12:12,1
يرثني,1,14403,19:6,1
يرجموكم,1,14404,18:20,1
يرحمنا,1,14405,7:149,1
يردك,1,14406,10:107,1
يردن,1,14407,36:23,1
يردونكم,1,14408,2:109,1
يرزقها,1,14409,29:60,1
يرشدون,1,14410,2:186,1
يرضعن,1,14411,2:233,1
يرضه,1,14412,39:7,1
يرضونكم,1,14413,9:8,1
يرضونه,1,14414,22:59,1
يرضوه,1,14415,9:62,1
يرغب,1,14416,2:130,1
يرغبوا,1,14417,9:120,1
يرفعه,1,14418,35:10,1
يرقبوا,1,14419,9:8,1
يرقبون,1,14420,9:10,1
يركبون,1,14421,36:42,1
يركضون,1,14422,21:12,1
يركعون,1,14423,77:48,1
يرم,1,14424,4:112,1
يرهبون,1,14425,7:154,1
يرهق,1,14426,10:26,1
يرهقهما,1,14427,18:80,1
يرونه,1,14428,70:6,1
يرونهم,1,14429,3:13,1
يريدا,1,14430,4:35,1
يريدان,1,14431,20:63,1
يريكموهم,1,14432,8:44,1
يريكهم,1,14433,8:43,1
يريهم,1,14434,2:167,1
يزده,1,14435,71:21,1
يزدهم,1,14436,71:6,1
يزعمون,1,14437,4:60,1
يزغ,1,14438,34:12,1
يزفون,1,14439,37:94,1
يزكون,1,14440,4:49,1
يزنون,1,14441,25:68,1
يزنين,1,14442,60:12,1
يزوجهم,1,14443,42:50,1
يزيدون,1,14444,37:147,1
يزيغ,1,14445,9:117,1
يس,1,14446,36:1,1
يسألكموها,1,14447,47:37,1
يسأله,1,14448,55:29,1
يسأم,1,14449,41:49,1
يسأمون,1,14450,41:38,1
يساقون,1,14451,8:6,1
يسبتون,1,14452,7:163,1
يسبقونا,1,14453,29:4,1
يسبقونه,1,14454,21:27,1
يستأذنوه,1,14455,24:62,1
يستبدل,1,14456,47:38,1
يستثنون,1,14457,68:18,1
يستجيبون,1,14458,13:14,1
يستحبون,1,14459,14:3,1
يستحسرون,1,14460,21:19,1
يستخفنك,1,14461,30:60,1
يستسخرون,1,14462,37:14,1
يستصرخه,1,14463,28:18,1
يستضعف,1,14464,28:4,1
يستضعفون,1,14465,7:137,1
يستعتبوا,1,14466,41:24,1
يستعجلونك,1,14467,29:54,1
يستعففن,1,14468,24:60,1
يستغشون,1,14469,11:5,1
يستغفروا,1,14470,9:113,1
يستغيثان,1,14471,46:17,1
يستغيثوا,1,14472,18:29,1
يستفتحون,1,14473,2:89,1
يستفتونك,1,14474,4:176,1
يستفزهم,1,14475,17:103,1
يستقيم,1,14476,81:28,1
يستنبطونه,1,14477,4:83,1
يستنقذوه,1,14478,22:73,1
يستنكحها,1,14479,33:50,1
يستهزئ,1,14480,2:15,1
يستوفون,1,14481,83:2,1
يسجدان,1,14482,55:6,1
يسجدوا,1,14483,27:25,1
يسجرون,1,14484,40:72,1
يسجن,1,14485,12:25,1
يسخر,1,14486,49:11,1
يسخطون,1,14487,9:58,1
يسر,1,14488,89:4,1
يسرف,1,14489,17:33,1
يسرفوا,1,14490,25:67,1
يسرق,1,14491,12:77,1
يسرقن,1,14492,60:12,1
يسره,1,14493,80:20,1
يسطرون,1,14494,68:1,1
يسطون,1,14495,22:72,1
يسعون,1,14496,34:38,1
يسقى,1,14497,13:4,1
يسكن,1,14498,42:33,1
يسلبهم,1,14499,22:73,1
يسلط,1,14500,59:6,1
يسلك,1,14501,72:27,1
يسلكه,1,14502,72:17,1
يسلم,1,14503,31:22,1
يسلمون,1,14504,48:16,1
يسمعونكم,1,14505,26:72,1
يسمن,1,14506,88:7,1
يسومهم,1,14507,7:167,1
يسيركم,1,14508,10:22,1
يسيغه,1,14509,14:17,1
يشاق,1,14510,59:4,1
يشتري,1,14511,31:6,1
يشربون,1,14512,76:5,1
يشرح,1,14513,6:125,1
يشركن,1,14514,60:12,1
يشرون,1,14515,4:74,1
يشري,1,14516,2:207,1
يشعركم,1,14517,6:109,1
يشعرن,1,14518,18:19,1
يشفعون,1,14519,21:28,1
يشفين,1,14520,26:80,1
يشقق,1,14521,2:74,1
يشقى,1,14522,20:123,1
يشهده,1,14523,83:21,1
يشوي,1,14524,18:29,1
يصب,1,14525,22:19,1
يصبح,1,14526,18:41,1
يصبروا,1,14527,41:24,1
يصبكم,1,14528,40:28,1
يصبها,1,14529,2:265,1
يصحبون,1,14530,21:43,1
يصدقني,1,14531,28:34,1
يصدقوا,1,14532,4:92,1
يصدقون,1,14533,70:26,1
يصدكم,1,14534,34:43,1
يصدنكم,1,14535,43:62,1
يصر,1,14536,45:8,1
يصرف,1,14537,6:16,1
يصرفون,1,14538,40:69,1
يصروا,1,14539,3:135,1
يصرون,1,14540,56:46,1
يصطرخون,1,14541,35:37,1
يصطفي,1,14542,22:75,1
يصعقون,1,14543,52:45,1
يصلبوا,1,14544,5:33,1
يصلحا,1,14545,4:128,1
يصلى,1,14546,87:12,1
يصنع,1,14547,7:137,1
يصهر,1,14548,22:20,1
يصوركم,1,14549,3:6,1
يصيب,1,14550,10:107,1
يصيبنا,1,14551,9:51,1
يضار,1,14552,2:282,1
يضاعفه,1,14553,64:17,1
يضاعفها,1,14554,4:40,1
يضاهئون,1,14555,9:30,1
يضر,1,14556,3:144,1
يضربن,1,14557,24:31,1
يضرعون,1,14558,7:94,1
يضرك,1,14559,10:106,1
يضرنا,1,14560,6:71,1
يضره,1,14561,22:12,1
يضروك,1,14562,5:42,1
يضروكم,1,14563,3:111,1
يضرون,1,14564,26:73,1
يضرونك,1,14565,4:113,1
يضلله,1,14566,6:39,1
يضلهم,1,14567,4:60,1
يضلوا,1,14568,71:27,1
يضلونكم,1,14569,3:69,1
يضلونهم,1,14570,16:25,1
يضيء,1,14571,24:35,1
يضيفوهما,1,14572,18:77,1
يضيق,1,14573,15:97,1
يطئون,1,14574,9:120,1
يطاع,1,14575,40:18,1
يطعمني,1,14576,26:79,1
يطعمها,1,14577,6:138,1
يطعمون,1,14578,51:57,1
يطغى,1,14579,20:45,1
يطفئوا,1,14580,9:32,1
يطلبه,1,14581,7:54,1
يطمع,1,14582,74:15,1
يطمعون,1,14583,7:46,1
يطهر,1,14584,5:41,1
يطهرن,1,14585,2:222,1
يطوفون,1,14586,55:44,1
يطير,1,14587,6:38,1
يطيروا,1,14588,7:131,1
يطيعكم,1,14589,49:7,1
يطيقونه,1,14590,2:184,1
يظاهروا,1,14591,9:4,1
يظهرون,1,14592,43:33,1
يظهروه,1,14593,18:97,1
يعبأ,1,14594,25:77,1
يعبدونني,1,14595,24:55,1
يعبدوها,1,14596,39:17,1
يعتذرون,1,14597,9:94,1
يعتزلوكم,1,14598,4:91,1
يعتصم,1,14599,3:101,1
يعجب,1,14600,48:29,1
يعجبك,1,14601,2:204,1
يعجزون,1,14602,8:59,1
يعجل,1,14603,10:11,1
يعد,1,14604,35:40,1
يعدون,1,14605,7:163,1
يعذبنا,1,14606,58:8,1
يعذبه,1,14607,48:17,1
يعرجون,1,14608,15:14,1
يعرضوا,1,14609,54:2,1
يعرف,1,14610,55:41,1
يعرفن,1,14611,33:59,1
يعرفوا,1,14612,23:69,1
يعرفونها,1,14613,12:62,1
يعرفونهم,1,14614,7:48,1
يعش,1,14615,43:36,1
يعصرون,1,14616,12:49,1
يعصمك,1,14617,5:67,1
يعصمكم,1,14618,33:17,1
يعصمني,1,14619,11:43,1
يعصون,1,14620,66:6,1
يعصينك,1,14621,60:12,1
يعض,1,14622,25:27,1
يعطيك,1,14623,93:5,1
يعظه,1,14624,31:13,1
يعفون,1,14625,2:237,1
يعقلها,1,14626,29:43,1
يعكفون,1,14627,7:138,1
يعلمان,1,14628,2:102,1
يعمروا,1,14629,9:17,1
يعودوا,1,14630,8:38,1
يعوذون,1,14631,72:6,1
يعي,1,14632,46:33,1
يعيد,1,14633,34:49,1
يعيدنا,1,14634,17:51,1
يعيدوكم,1,14635,18:20,1
يغاث,1,14636,12:49,1
يغاثوا,1,14637,18:29,1
يغادر,1,14638,18:49,1
يغتب,1,14639,49:12,1
يغررك,1,14640,40:4,1
يغرنك,1,14641,3:196,1
يغشاه,1,14642,24:40,1
يغشاها,1,14643,91:4,1
يغشاهم,1,14644,29:55,1
يغشيكم,1,14645,8:11,1
يغضضن,1,14646,24:31,1
يغضوا,1,14647,24:30,1
يغضون,1,14648,49:3,1
يغفروا,1,14649,45:14,1
يغفرون,1,14650,42:37,1
يغل,1,14651,3:161,1
يغلب,1,14652,4:74,1
يغلبون,1,14653,8:36,1
يغلل,1,14654,3:161,1
يغلي,1,14655,44:45,1
يغن,1,14656,4:130,1
يغنهم,1,14657,24:32,1
يغنيا,1,14658,66:10,1
يغنيكم,1,14659,9:28,1
يغنيه,1,14660,80:37,1
يغنيهم,1,14661,24:33,1
يغوث,1,14662,71:23,1
يغوصون,1,14663,21:82,1
يغويكم,1,14664,11:34,1
يغير,1,14665,13:11,1
يفتدي,1,14666,70:11,1
يفتر,1,14667,43:75,1
يفتري,1,14668,16:105,1
يفترينه,1,14669,60:12,1
يفتنكم,1,14670,4:101,1
يفتننكم,1,14671,7:27,1
يفتنهم,1,14672,10:83,1
يفتنوك,1,14673,5:49,1
يفجرونها,1,14674,76:6,1
يفر,1,14675,80:34,1
يفرح,1,14676,30:4,1
يفرحوا,1,14677,3:120,1
يفرط,1,14678,20:45,1
يفرطون,1,14679,6:61,1
يفرق,1,14680,44:4,1
يفسح,1,14681,58:11,1
يفسد,1,14682,2:30,1
يفعله,1,14683,60:1,1
يفقهوا,1,14684,20:28,1
يقاتل,1,14685,4:74,1
يقاتلوا,1,14686,4:90,1
يقبض,1,14687,2:245,1
يقتتلان,1,14688,28:15,1
يقترف,1,14689,42:23,1
يقترفون,1,14690,6:120,1
يقتروا,1,14691,25:67,1
يقتلن,1,14692,60:12,1
يقتلوا,1,14693,5:33,1
يقتلوك,1,14694,8:30,1
يقتلونني,1,14695,7:150,1
يقدم,1,14696,11:98,1
يقذف,1,14697,34:48,1
يقربوا,1,14698,9:28,1
يقسم,1,14699,30:55,1
يقسمون,1,14700,43:32,1
يقصرون,1,14701,7:202,1
يقض,1,14702,80:23,1
يقضون,1,14703,40:20,1
يقطعون,1,14704,9:121,1
يقطين,1,14705,37:146,1
يقل,1,14706,21:29,1
يقنت,1,14707,33:31,1
يقنط,1,14708,15:56,1
يقنطون,1,14709,30:36,1
يقولا,1,14710,2:102,1
يقومان,1,14711,5:107,1
يقومون,1,14712,2:275,1
يقيموا,1,14713,14:31,1
يقين,1,14714,27:22,1
يقينا,1,14715,4:157,1
يكبتهم,1,14716,3:127,1
يكبر,1,14717,17:51,1
يكبروا,1,14718,4:6,1
يكتم,1,14719,40:28,1
يكتمن,1,14720,2:228,1
يكتمها,1,14721,2:283,1
يكد,1,14722,24:40,1
يكذبك,1,14723,95:7,1
يكذبونك,1,14724,6:33,1
يكرههن,1,14725,24:33,1
يكرهون,1,14726,16:62,1
يكسبه,1,14727,4:111,1
يكشف,1,14728,68:42,1
يكفروه,1,14729,3:115,1
يكفل,1,14730,3:44,1
يكفله,1,14731,20:40,1
يكفلونه,1,14732,28:12,1
يكفهم,1,14733,29:51,1
يكفون,1,14734,21:39,1
يكفيكم,1,14735,3:124,1
يكلؤكم,1,14736,21:42,1
يكلمنا,1,14737,2:118,1
يكلمه,1,14738,42:51,1
يكنزون,1,14739,9:34,1
يكور,1,14740,39:5,1
يكونا,1,14741,2:282,1
يكونون,1,14742,72:19,1
يكيدون,1,14743,86:15,1
يلبثون,1,14744,17:76,1
يلبسكم,1,14745,6:65,1
يلبسوا,1,14746,6:82,1
يلتقطه,1,14747,12:10,1
يلتقيان,1,14748,55:19,1
يلتكم,1,14749,49:14,1
يلد,1,14750,112:3,1
يلدوا,1,14751,71:27,1
يلعن,1,14752,4:52,1
يلعنهم,1,14753,2:159,1
يلفظ,1,14754,50:18,1
يلق,1,14755,25:68,1
يلقاه,1,14756,17:13,1
يلمزك,1,14757,9:58,1
يلمزون,1,14758,9:79,1
يلونكم,1,14759,9:123,1
يلوون,1,14760,3:78,1
يمارون,1,14761,42:18,1
يمتعكم,1,14762,11:3,1
يمتعون,1,14763,26:207,1
يمحق,1,14764,2:276,1
يمحو,1,14765,13:39,1
يمددكم,1,14766,3:125,1
يمدكم,1,14767,3:124,1
يمده,1,14768,31:27,1
يمدونهم,1,14769,7:202,1
يمرون,1,14770,12:105,1
يمسسكم,1,14771,3:140,1
يمسسهم,1,14772,3:174,1
يمسكون,1,14773,7:170,1
يمسه,1,14774,56:79,1
يمكر,1,14775,8:30,1
يمل,1,14776,2:282,1
يمنون,1,14777,49:17,1
يمنى,1,14778,75:37,1
يمهدون,1,14779,30:44,1
يموتون,1,14780,4:18,1
يموج,1,14781,18:99,1
يميتني,1,14782,26:81,1
يميز,1,14783,3:179,1
يمين,1,14784,34:15,1
ينابيع,1,14785,39:21,1
يناد,1,14786,50:41,1
ينادونك,1,14787,49:4,1
ينادونهم,1,14788,57:14,1
ينادي,1,14789,3:193,1
ينازعنك,1,14790,22:67,1
يناله,1,14791,22:37,1
ينالون,1,14792,9:120,1
ينبئك,1,14793,35:14,1
ينبت,1,14794,16:11,1
ينبوعا,1,14795,17:90,1
ينتظر,1,14796,33:23,1
ينتظرون,1,14797,10:102,1
ينتهون,1,14798,9:12,1
ينجيه,1,14799,70:14,1
ينحتون,1,14800,15:82,1
ينذرون,1,14801,21:45,1
ينزع,1,14802,7:27,1
ينزغ,1,14803,17:53,1
ينسفها,1,14804,20:105,1
ينسى,1,14805,20:52,1
ينسينك,1,14806,6:68,1
ينشأ,1,14807,43:18,1
ينشئ,1,14808,29:20,1
ينشر,1,14809,18:16,1
ينشرون,1,14810,21:21,1
ينصر,1,14811,30:5,1
ينصرنا,1,14812,40:29,1
ينصرونكم,1,14813,26:93,1
ينطلق,1,14814,26:13,1
ينعق,1,14815,2:171,1
ينفد,1,14816,16:96,1
ينفضوا,1,14817,63:7,1
ينفعك,1,14818,10:106,1
ينفعه,1,14819,22:12,1
ينفعونكم,1,14820,26:73,1
ينفقونها,1,14821,9:34,1
ينفوا,1,14822,5:33,1
ينقص,1,14823,35:11,1
ينقصوكم,1,14824,9:4,1
ينقض,1,14825,18:77,1
ينقلبون,1,14826,26:227,1
ينكث,1,14827,48:10,1
ينكحن,1,14828,2:232,1
ينكحها,1,14829,24:3,1
ينكر,1,14830,13:36,1
ينكرونها,1,14831,16:83,1
ينهاهم,1,14832,5:63,1
ينهى,1,14833,96:9,1
يهاجر,1,14834,4:100,1
يهب,1,14835,42:49,1
يهبط,1,14836,2:74,1
يهجعون,1,14837,51:17,1
يهدني,1,14838,6:77,1
يهدوننا,1,14839,64:6,1
يهدى,1,14840,10:35,1
يهديكم,1,14841,27:63,1
يهديني,1,14842,28:22,1
يهلكنا,1,14843,45:24,1
يهن,1,14844,22:18,1
يهوديا,1,14845,3:67,1
يهيمون,1,14846,26:225,1
يوادون,1,14847,58:22,1
يوبقهن,1,14848,42:34,1
يوثق,1,14849,89:26,1
يوجهه,1,14850,16:76,1
يوح,1,14851,6:93,1
يودوا,1,14852,33:20,1
يورث,1,14853,4:12,1
يورثها,1,14854,7:128,1
يوسوس,1,14855,114:5,1
يوصى,1,14856,4:12,1
يوصي,1,14857,4:11,1
يوصيكم,1,14858,4:11,1
يوصين,1,14859,4:12,1
يوعظون,1,14860,4:66,1
يوعون,1,14861,84:23,1
يوفضون,1,14862,70:43,1
يوفق,1,14863,4:35,1
يوفى,1,14864,39:10,1
يوفيهم,1,14865,24:25,1
يوقد,1,14866,24:35,1
يوقدون,1,14867,13:17,1
يوقع,1,14868,5:91,1
يولد,1,14869,112:3,1
يولهم,1,14870,8:16,1
يولوكم,1,14871,3:111,1
يولون,1,14872,33:15,1
