الكلمة,الرقم,خلص,عدد التكرار,أول موضع,السورة,عدد السور,ترتيب التكرار
بِسْمِ,1,No,3,1:1,الفاتحة,3,3094
اللَّهِ,2,No,828,1:1,الفاتحة,71,4
الرَّحْمَنِ,3,No,21,1:1,الفاتحة,10,436
الرَّحِيمِ,4,No,6,1:1,الفاتحة,5,1485
الْحَمْدُ,5,No,26,1:2,الفاتحة,20,354
لِلَّهِ,6,No,116,1:2,الفاتحة,43,74
رَبِّ,7,No,101,1:2,الفاتحة,36,84
الْعَالَمِينَ,8,No,61,1:2,الفاتحة,25,144
مَالِكِ,9,No,1,1:4,الفاتحة,1,13633
يَوْمِ,10,No,31,1:4,الفاتحة,21,304
الدِّينِ,11,No,27,1:4,الفاتحة,21,336
إِيَّاكَ,12,No,1,1:5,الفاتحة,1,7707
نَعْبُدُ,13,No,3,1:5,الفاتحة,3,3633
وَإِيَّاكَ,14,No,1,1:5,الفاتحة,1,14881
نَسْتَعِينُ,15,No,1,1:5,الفاتحة,1,14306
اهْدِنَا,16,No,1,1:6,الفاتحة,1,8798
الصِّرَاطَ,17,No,3,1:6,الفاتحة,3,2949
الْمُسْتَقِيمَ,18,No,3,1:6,الفاتحة,3,3032
صِرَاطَ,19,No,1,1:7,الفاتحة,1,11296
الَّذِينَ,20,No,810,1:7,الفاتحة,74,6
أَنْعَمْتَ,21,No,4,1:7,الفاتحة,4,2186
عَلَيْهِمْ,22,No,183,1:7,الفاتحة,58,44
غَيْرِ,23,No,10,1:7,الفاتحة,10,939
الْمَغْضُوبِ,24,No,1,1:7,الفاتحة,1,8614
وَلَا,25,No,658,1:7,الفاتحة,78,11
الضَّالِّينَ,26,No,6,1:7,الفاتحة,5,1493
الم,27,No,6,2:1,البقرة,6,1495
ذَلِكَ,28,No,280,2:2,البقرة,71,27
الْكِتَابُ,29,No,8,2:2,البقرة,6,1147
لَا,30,No,812,2:2,البقرة,83,5
رَيْبَ,31,No,15,2:2,البقرة,13,615
فِيهِ,32,No,127,2:2,البقرة,43,69
هُدًى,33,No,27,2:2,البقرة,18,347
لِلْمُتَّقِينَ,34,No,18,2:2,البقرة,16,521
يُؤْمِنُونَ,35,No,86,2:3,البقرة,37,96
بِالْغَيْبِ,36,No,12,2:3,البقرة,12,773
وَيُقِيمُونَ,37,No,2,2:3,البقرة,2,6439
الصَّلَاةَ,38,No,47,2:3,البقرة,26,196
وَمِمَّا,39,No,11,2:3,البقرة,10,885
رَزَقْنَاهُمْ,40,No,10,2:3,البقرة,10,932
يُنْفِقُونَ,41,No,20,2:3,البقرة,9,473
وَالَّذِينَ,42,No,164,2:4,البقرة,39,50
بِمَا,43,No,296,2:4,البقرة,62,25
أُنْزِلَ,44,No,47,2:4,البقرة,14,194
إِلَيْكَ,45,No,74,2:4,البقرة,28,121
وَمَا,46,No,646,2:4,البقرة,85,12
مِنْ,47,No,1673,2:4,البقرة,92,1
قَبْلِكَ,48,No,28,2:4,البقرة,20,327
وَبِالْآخِرَةِ,49,No,1,2:4,البقرة,1,15324
هُمْ,50,No,180,2:4,البقرة,51,45
يُوقِنُونَ,51,No,11,2:4,البقرة,8,893
أُولَئِكَ,52,No,133,2:5,البقرة,47,64
عَلَى,53,No,670,2:5,البقرة,83,9
رَبِّهِمْ,54,No,80,2:5,البقرة,38,107
وَأُولَئِكَ,55,No,25,2:5,البقرة,10,371
هُمُ,56,No,80,2:5,البقرة,30,108
الْمُفْلِحُونَ,57,No,12,2:5,البقرة,11,767
إِنَّ,58,No,609,2:6,البقرة,87,13
كَفَرُوا,59,No,189,2:6,البقرة,54,42
سَوَاءٌ,60,No,9,2:6,البقرة,9,1043
أَأَنْذَرْتَهُمْ,61,No,2,2:6,البقرة,2,3982
أَمْ,62,No,110,2:6,البقرة,43,79
لَمْ,63,No,163,2:6,البقرة,57,51
تُنْذِرْهُمْ,64,No,2,2:6,البقرة,2,4844
خَتَمَ,65,No,1,2:7,البقرة,1,10386
اللَّهُ,66,No,733,2:7,البقرة,69,7
قُلُوبِهِمْ,67,No,37,2:7,البقرة,21,260
وَعَلَى,68,No,39,2:7,البقرة,23,239
سَمْعِهِمْ,69,No,1,2:7,البقرة,1,10993
أَبْصَارِهِمْ,70,No,2,2:7,البقرة,2,3989
غِشَاوَةٌ,71,No,1,2:7,البقرة,1,11723
وَلَهُمْ,72,No,41,2:7,البقرة,22,232
عَذَابٌ,73,No,77,2:7,البقرة,33,118
عَظِيمٌ,74,No,31,2:7,البقرة,18,300
وَمِنَ,75,No,38,2:8,البقرة,20,248
النَّاسِ,76,No,92,2:8,البقرة,32,89
مَنْ,77,No,372,2:8,البقرة,75,18
يَقُولُ,78,No,35,2:8,البقرة,22,275
آمَنَّا,79,No,31,2:8,البقرة,15,292
بِاللَّهِ,80,No,139,2:8,البقرة,35,62
وَبِالْيَوْمِ,81,No,1,2:8,البقرة,1,15328
الْآخِرِ,82,No,23,2:8,البقرة,8,393
بِمُؤْمِنِينَ,83,No,6,2:8,البقرة,6,1538
يُخَادِعُونَ,84,No,2,2:9,البقرة,2,6627
اللَّهَ,85,No,592,2:9,البقرة,56,14
آمَنُوا,86,No,253,2:9,البقرة,58,33
يَخْدَعُونَ,87,No,1,2:9,البقرة,1,16785
إِلَّا,88,No,662,2:9,البقرة,79,10
أَنْفُسَهُمْ,89,No,36,2:9,البقرة,17,263
يَشْعُرُونَ,90,No,21,2:9,البقرة,13,452
فِي,91,No,1185,2:10,البقرة,93,2
مَرَضٌ,92,No,12,2:10,البقرة,9,797
فَزَادَهُمُ,93,No,1,2:10,البقرة,1,12215
مَرَضًا,94,No,1,2:10,البقرة,1,13690
أَلِيمٌ,95,No,38,2:10,البقرة,23,241
كَانُوا,96,No,229,2:10,البقرة,47,38
يَكْذِبُونَ,97,No,2,2:10,البقرة,2,6561
وَإِذَا,98,No,130,2:11,البقرة,43,67
قِيلَ,99,No,34,2:11,البقرة,23,279
لَهُمْ,100,No,325,2:11,البقرة,68,23
تُفْسِدُوا,101,No,4,2:11,البقرة,3,2378
الْأَرْضِ,102,No,219,2:11,البقرة,57,39
قَالُوا,103,No,250,2:11,البقرة,50,34
إِنَّمَا,104,No,113,2:11,البقرة,51,76
نَحْنُ,105,No,65,2:11,البقرة,35,136
مُصْلِحُونَ,106,No,2,2:11,البقرة,2,5898
أَلَا,107,No,54,2:12,البقرة,19,169
إِنَّهُمْ,108,No,62,2:12,البقرة,36,141
الْمُفْسِدُونَ,109,No,1,2:12,البقرة,1,8699
وَلَكِنْ,110,No,57,2:12,البقرة,30,158
آمِنُوا,111,No,10,2:13,البقرة,7,896
كَمَا,112,No,59,2:13,البقرة,26,148
آمَنَ,113,No,26,2:13,البقرة,13,351
النَّاسُ,114,No,42,2:13,البقرة,23,220
أَنُؤْمِنُ,115,No,3,2:13,البقرة,3,2874
السُّفَهَاءُ,116,No,4,2:13,البقرة,2,2228
يَعْلَمُونَ,117,No,81,2:13,البقرة,33,106
لَقُوا,118,No,2,2:14,البقرة,1,5683
خَلَوْا,119,No,7,2:14,البقرة,5,1333
إِلَى,120,No,405,2:14,البقرة,80,17
شَيَاطِينِهِمْ,121,No,1,2:14,البقرة,1,11153
إِنَّا,122,No,156,2:14,البقرة,49,53
مَعَكُمْ,123,No,26,2:14,البقرة,19,360
مُسْتَهْزِئُونَ,124,No,1,2:14,البقرة,1,14008
يَسْتَهْزِئُ,125,No,1,2:15,البقرة,1,16910
بِهِمْ,126,No,36,2:15,البقرة,30,264
وَيَمُدُّهُمْ,127,No,1,2:15,البقرة,1,16477
طُغْيَانِهِمْ,128,No,5,2:15,البقرة,5,1931
يَعْمَهُونَ,129,No,7,2:15,البقرة,7,1443
اشْتَرَوُا,130,No,4,2:16,البقرة,2,2220
الضَّلَالَةَ,131,No,3,2:16,البقرة,2,2952
بِالْهُدَى,132,No,7,2:16,البقرة,5,1313
فَمَا,133,No,86,2:16,البقرة,48,94
رَبِحَتْ,134,No,1,2:16,البقرة,1,10660
تِجَارَتُهُمْ,135,No,1,2:16,البقرة,1,10017
مُهْتَدِينَ,136,No,3,2:16,البقرة,3,3611
مَثَلُهُمْ,137,No,2,2:17,البقرة,2,5784
كَمَثَلِ,138,No,13,2:17,البقرة,7,725
الَّذِي,139,No,268,2:17,البقرة,70,29
اسْتَوْقَدَ,140,No,1,2:17,البقرة,1,7835
نَارًا,141,No,19,2:17,البقرة,13,498
فَلَمَّا,142,No,101,2:17,البقرة,34,85
أَضَاءَتْ,143,No,1,2:17,البقرة,1,7166
مَا,144,No,1010,2:17,البقرة,96,3
حَوْلَهُ,145,No,5,2:17,البقرة,4,1880
ذَهَبَ,146,No,6,2:17,البقرة,5,1565
بِنُورِهِمْ,147,No,1,2:17,البقرة,1,9276
وَتَرَكَهُمْ,148,No,1,2:17,البقرة,1,15375
ظُلُمَاتٍ,149,No,2,2:17,البقرة,2,5255
يُبْصِرُونَ,150,No,11,2:17,البقرة,7,891
صُمٌّ,151,No,3,2:18,البقرة,2,3305
بُكْمٌ,152,No,2,2:18,البقرة,1,4572
عُمْيٌ,153,No,2,2:18,البقرة,1,5309
فَهُمْ,154,No,40,2:18,البقرة,21,234
يَرْجِعُونَ,155,No,16,2:18,البقرة,11,585
أَوْ,156,No,264,2:19,البقرة,57,31
كَصَيِّبٍ,157,No,1,2:19,البقرة,1,12859
مِنَ,158,No,693,2:19,البقرة,78,8
السَّمَاءِ,159,No,81,2:19,البقرة,41,104
ظُلُمَاتٌ,160,No,2,2:19,البقرة,2,5254
وَرَعْدٌ,161,No,1,2:19,البقرة,1,15655
وَبَرْقٌ,162,No,1,2:19,البقرة,1,15291
يَجْعَلُونَ,163,No,2,2:19,البقرة,2,6485
أَصَابِعَهُمْ,164,No,2,2:19,البقرة,2,4068
آذَانِهِمْ,165,No,7,2:19,البقرة,6,1259
الصَّوَاعِقِ,166,No,1,2:19,البقرة,1,8084
حَذَرَ,167,No,2,2:19,البقرة,1,4897
الْمَوْتِ,168,No,14,2:19,البقرة,12,659
وَاللَّهُ,169,No,239,2:19,البقرة,38,36
مُحِيطٌ,170,No,6,2:19,البقرة,6,1646
بِالْكَافِرِينَ,171,No,3,2:19,البقرة,3,3086
يَكَادُ,172,No,6,2:20,البقرة,5,1711
الْبَرْقُ,173,No,1,2:20,البقرة,1,8299
يَخْطَفُ,174,No,1,2:20,البقرة,1,16792
أَبْصَارَهُمْ,175,No,2,2:20,البقرة,2,3988
كُلَّمَا,176,No,12,2:20,البقرة,10,793
أَضَاءَ,177,No,1,2:20,البقرة,1,7165
مَشَوْا,178,No,1,2:20,البقرة,1,13728
أَظْلَمَ,179,No,2,2:20,البقرة,2,4076
قَامُوا,180,No,4,2:20,البقرة,3,2531
وَلَوْ,181,No,108,2:20,البقرة,40,81
شَاءَ,182,No,56,2:20,البقرة,30,159
لَذَهَبَ,183,No,2,2:20,البقرة,2,5668
بِسَمْعِهِمْ,184,No,1,2:20,البقرة,1,9157
وَأَبْصَارِهِمْ,185,No,2,2:20,البقرة,2,6035
كُلِّ,186,No,123,2:20,البقرة,53,71
شَيْءٍ,187,No,179,2:20,البقرة,53,46
قَدِيرٌ,188,No,37,2:20,البقرة,23,259
يَا,189,No,349,2:21,البقرة,59,19
أَيُّهَا,190,No,150,2:21,البقرة,40,56
اعْبُدُوا,191,No,17,2:21,البقرة,9,532
رَبَّكُمُ,192,No,5,2:21,البقرة,5,1901
خَلَقَكُمْ,193,No,16,2:21,البقرة,14,577
قَبْلِكُمْ,194,No,18,2:21,البقرة,11,517
لَعَلَّكُمْ,195,No,59,2:21,البقرة,22,149
تَتَّقُونَ,196,No,19,2:21,البقرة,9,485
جَعَلَ,197,No,44,2:22,البقرة,28,212
لَكُمُ,198,No,43,2:22,البقرة,23,217
الْأَرْضَ,199,No,45,2:22,البقرة,31,210
فِرَاشًا,200,No,1,2:22,البقرة,1,12585
وَالسَّمَاءَ,201,No,4,2:22,البقرة,4,2690
بِنَاءً,202,No,2,2:22,البقرة,2,4669
وَأَنْزَلَ,203,No,11,2:22,البقرة,9,876
مَاءً,204,No,27,2:22,البقرة,26,346
فَأَخْرَجَ,205,No,3,2:22,البقرة,3,3374
بِهِ,206,No,327,2:22,البقرة,63,22
الثَّمَرَاتِ,207,No,11,2:22,البقرة,6,816
رِزْقًا,208,No,15,2:22,البقرة,13,616
لَكُمْ,209,No,294,2:22,البقرة,63,26
فَلَا,210,No,156,2:22,البقرة,54,54
تَجْعَلُوا,211,No,5,2:22,البقرة,4,1845
أَنْدَادًا,212,No,6,2:22,البقرة,5,1463
وَأَنْتُمْ,213,No,42,2:22,البقرة,17,222
تَعْلَمُونَ,214,No,55,2:22,البقرة,22,165
وَإِنْ,215,No,170,2:23,البقرة,50,49
كُنْتُمْ,216,No,188,2:23,البقرة,48,43
رَيْبٍ,217,No,2,2:23,البقرة,2,5038
مِمَّا,218,No,111,2:23,البقرة,41,78
نَزَّلْنَا,219,No,6,2:23,البقرة,5,1657
عَبْدِنَا,220,No,2,2:23,البقرة,2,5271
فَأْتُوا,221,No,9,2:23,البقرة,8,1058
بِسُورَةٍ,222,No,2,2:23,البقرة,2,4647
مِثْلِهِ,223,No,7,2:23,البقرة,7,1395
وَادْعُوا,224,No,4,2:23,البقرة,4,2685
شُهَدَاءَكُمْ,225,No,1,2:23,البقرة,1,11174
دُونِ,226,No,83,2:23,البقرة,37,100
إِنْ,227,No,344,2:23,البقرة,67,20
صَادِقِينَ,228,No,31,2:23,البقرة,23,299
فَإِنْ,229,No,89,2:24,البقرة,27,91
تَفْعَلُوا,230,No,9,2:24,البقرة,4,1025
وَلَنْ,231,No,22,2:24,البقرة,14,430
فَاتَّقُوا,232,No,17,2:24,البقرة,9,546
النَّارَ,233,No,11,2:24,البقرة,9,819
الَّتِي,234,No,57,2:24,البقرة,35,155
وَقُودُهَا,235,No,2,2:24,البقرة,2,6326
وَالْحِجَارَةُ,236,No,2,2:24,البقرة,2,6161
أُعِدَّتْ,237,No,4,2:24,البقرة,3,2205
لِلْكَافِرِينَ,238,No,23,2:24,البقرة,16,405
وَبَشِّرِ,239,No,11,2:25,البقرة,6,878
وَعَمِلُوا,240,No,53,2:25,البقرة,33,173
الصَّالِحَاتِ,241,No,59,2:25,البقرة,36,146
أَنَّ,242,No,99,2:25,البقرة,39,87
جَنَّاتٍ,243,No,37,2:25,البقرة,28,255
تَجْرِي,244,No,48,2:25,البقرة,34,190
تَحْتِهَا,245,No,35,2:25,البقرة,24,269
الْأَنْهَارُ,246,No,40,2:25,البقرة,27,233
رُزِقُوا,247,No,1,2:25,البقرة,1,10739
مِنْهَا,248,No,86,2:25,البقرة,39,95
ثَمَرَةٍ,249,No,1,2:25,البقرة,1,10047
هَذَا,250,No,190,2:25,البقرة,56,41
رُزِقْنَا,251,No,1,2:25,البقرة,1,10740
قَبْلُ,252,No,70,2:25,البقرة,34,130
وَأُتُوا,253,No,1,2:25,البقرة,1,14821
مُتَشَابِهًا,254,No,3,2:25,البقرة,3,3589
فِيهَا,255,No,241,2:25,البقرة,68,35
أَزْوَاجٌ,256,No,3,2:25,البقرة,3,2849
مُطَهَّرَةٌ,257,No,3,2:25,البقرة,3,3599
وَهُمْ,258,No,136,2:25,البقرة,40,63
خَالِدُونَ,259,No,24,2:25,البقرة,12,381
يَسْتَحْيِي,260,No,2,2:26,البقرة,2,6520
أَنْ,261,No,519,2:26,البقرة,78,15
يَضْرِبَ,262,No,1,2:26,البقرة,1,16969
مَثَلًا,263,No,20,2:26,البقرة,12,470
بَعُوضَةً,264,No,1,2:26,البقرة,1,8879
فَوْقَهَا,265,No,1,2:26,البقرة,1,12498
فَأَمَّا,266,No,22,2:26,البقرة,18,423
فَيَعْلَمُونَ,267,No,1,2:26,البقرة,1,12521
أَنَّهُ,268,No,23,2:26,البقرة,17,391
الْحَقُّ,269,No,48,2:26,البقرة,27,189
وَأَمَّا,270,No,28,2:26,البقرة,22,329
فَيَقُولُونَ,271,No,1,2:26,البقرة,1,12524
مَاذَا,272,No,22,2:26,البقرة,14,426
أَرَادَ,273,No,18,2:26,البقرة,13,504
بِهَذَا,274,No,14,2:26,البقرة,13,665
يُضِلُّ,275,No,9,2:26,البقرة,6,1107
كَثِيرًا,276,No,46,2:26,البقرة,23,206
وَيَهْدِي,277,No,9,2:26,البقرة,9,1100
الْفَاسِقِينَ,278,No,11,2:26,البقرة,7,827
يَنْقُضُونَ,279,No,4,2:27,البقرة,3,2794
عَهْدَ,280,No,2,2:27,البقرة,2,5300
بَعْدِ,281,No,82,2:27,البقرة,28,103
مِيثَاقِهِ,282,No,2,2:27,البقرة,2,5932
وَيَقْطَعُونَ,283,No,2,2:27,البقرة,2,6426
أَمَرَ,284,No,7,2:27,البقرة,6,1267
يُوصَلَ,285,No,3,2:27,البقرة,2,3959
وَيُفْسِدُونَ,286,No,2,2:27,البقرة,2,6438
الْخَاسِرُونَ,287,No,11,2:27,البقرة,9,825
كَيْفَ,288,No,62,2:28,البقرة,31,142
تَكْفُرُونَ,289,No,11,2:28,البقرة,8,838
وَكُنْتُمْ,290,No,8,2:28,البقرة,7,1235
أَمْوَاتًا,291,No,2,2:28,البقرة,2,4130
فَأَحْيَاكُمْ,292,No,1,2:28,البقرة,1,11761
ثُمَّ,293,No,337,2:28,البقرة,70,21
يُمِيتُكُمْ,294,No,4,2:28,البقرة,4,2808
يُحْيِيكُمْ,295,No,5,2:28,البقرة,5,2122
إِلَيْهِ,296,No,76,2:28,البقرة,37,120
تُرْجَعُونَ,297,No,19,2:28,البقرة,14,489
هُوَ,298,No,265,2:29,البقرة,68,30
خَلَقَ,299,No,58,2:29,البقرة,37,152
جَمِيعًا,300,No,49,2:29,البقرة,22,185
اسْتَوَى,301,No,9,2:29,البقرة,9,1002
فَسَوَّاهُنَّ,302,No,1,2:29,البقرة,1,12237
سَبْعَ,303,No,10,2:29,البقرة,8,935
سَمَاوَاتٍ,304,No,5,2:29,البقرة,5,1915
وَهُوَ,305,No,171,2:29,البقرة,53,48
بِكُلِّ,306,No,33,2:29,البقرة,24,282
عَلِيمٌ,307,No,100,2:29,البقرة,30,86
وَإِذْ,308,No,69,2:30,البقرة,21,132
قَالَ,309,No,416,2:30,البقرة,41,16
رَبُّكَ,310,No,43,2:30,البقرة,24,216
لِلْمَلَائِكَةِ,311,No,9,2:30,البقرة,8,1078
إِنِّي,312,No,131,2:30,البقرة,37,66
جَاعِلٌ,313,No,1,2:30,البقرة,1,10076
خَلِيفَةً,314,No,2,2:30,البقرة,2,4959
أَتَجْعَلُ,315,No,1,2:30,البقرة,1,6834
يُفْسِدُ,316,No,1,2:30,البقرة,1,17487
وَيَسْفِكُ,317,No,1,2:30,البقرة,1,16446
الدِّمَاءَ,318,No,1,2:30,البقرة,1,7948
وَنَحْنُ,319,No,15,2:30,البقرة,8,638
نُسَبِّحُ,320,No,1,2:30,البقرة,1,14452
بِحَمْدِكَ,321,No,1,2:30,البقرة,1,9106
وَنُقَدِّسُ,322,No,1,2:30,البقرة,1,16316
لَكَ,323,No,69,2:30,البقرة,30,131
أَعْلَمُ,324,No,55,2:30,البقرة,26,162
وَعَلَّمَ,325,No,1,2:31,البقرة,1,15856
آدَمَ,326,No,13,2:31,البقرة,8,690
الْأَسْمَاءَ,327,No,1,2:31,البقرة,1,8212
كُلَّهَا,328,No,4,2:31,البقرة,4,2556
عَرَضَهُمْ,329,No,1,2:31,البقرة,1,11487
الْمَلَائِكَةِ,330,No,8,2:31,البقرة,6,1149
فَقَالَ,331,No,27,2:31,البقرة,20,342
أَنْبِئُونِي,332,No,1,2:31,البقرة,1,7419
بِأَسْمَاءِ,333,No,1,2:31,البقرة,1,8968
هَؤُلَاءِ,334,No,41,2:31,البقرة,24,230
سُبْحَانَكَ,335,No,9,2:32,البقرة,9,1044
عِلْمَ,336,No,3,2:32,البقرة,3,3360
لَنَا,337,No,83,2:32,البقرة,29,102
عَلَّمْتَنَا,338,No,1,2:32,البقرة,1,11549
إِنَّكَ,339,No,49,2:32,البقرة,27,184
أَنْتَ,340,No,55,2:32,البقرة,30,163
الْعَلِيمُ,341,No,28,2:32,البقرة,20,324
الْحَكِيمُ,342,No,33,2:32,البقرة,25,281
آدَمُ,343,No,7,2:33,البقرة,3,1258
أَنْبِئْهُمْ,344,No,1,2:33,البقرة,1,7420
بِأَسْمَائِهِمْ,345,No,2,2:33,البقرة,1,4580
أَنْبَأَهُمْ,346,No,1,2:33,البقرة,1,7413
أَلَمْ,347,No,78,2:33,البقرة,40,111
أَقُلْ,348,No,5,2:33,البقرة,4,1748
غَيْبَ,349,No,2,2:33,البقرة,2,5330
السَّمَاوَاتِ,350,No,175,2:33,البقرة,57,47
وَالْأَرْضِ,351,No,108,2:33,البقرة,48,80
وَأَعْلَمُ,352,No,3,2:33,البقرة,3,3667
تُبْدُونَ,353,No,3,2:33,البقرة,3,3159
تَكْتُمُونَ,354,No,5,2:33,البقرة,4,1854
قُلْنَا,355,No,14,2:34,البقرة,7,675
اسْجُدُوا,356,No,6,2:34,البقرة,6,1479
لِآدَمَ,357,No,5,2:34,البقرة,5,1989
فَسَجَدُوا,358,No,5,2:34,البقرة,5,1952
إِبْلِيسَ,359,No,8,2:34,البقرة,8,1129
أَبَى,360,No,3,2:34,البقرة,3,2828
وَاسْتَكْبَرَ,361,No,3,2:34,البقرة,3,3696
وَكَانَ,362,No,84,2:34,البقرة,14,98
الْكَافِرِينَ,363,No,52,2:34,البقرة,27,175
وَقُلْنَا,364,No,6,2:35,البقرة,4,1682
اسْكُنْ,365,No,2,2:35,البقرة,2,4241
وَزَوْجُكَ,366,No,2,2:35,البقرة,2,6262
الْجَنَّةَ,367,No,18,2:35,البقرة,13,508
وَكُلَا,368,No,1,2:35,البقرة,1,16014
رَغَدًا,369,No,3,2:35,البقرة,2,3257
حَيْثُ,370,No,29,2:35,البقرة,14,314
شِئْتُمَا,371,No,2,2:35,البقرة,2,5167
تَقْرَبَا,372,No,2,2:35,البقرة,2,4775
هَذِهِ,373,No,46,2:35,البقرة,27,207
الشَّجَرَةَ,374,No,3,2:35,البقرة,2,2944
فَتَكُونَا,375,No,2,2:35,البقرة,2,5418
الظَّالِمِينَ,376,No,64,2:35,البقرة,27,137
فَأَزَلَّهُمَا,377,No,1,2:36,البقرة,1,11785
الشَّيْطَانُ,378,No,34,2:36,البقرة,22,276
عَنْهَا,379,No,24,2:36,البقرة,16,382
فَأَخْرَجَهُمَا,380,No,1,2:36,البقرة,1,11768
كَانَا,381,No,2,2:36,البقرة,2,5604
اهْبِطُوا,382,No,4,2:36,البقرة,2,2294
بَعْضُكُمْ,383,No,12,2:36,البقرة,9,770
لِبَعْضٍ,384,No,8,2:36,البقرة,8,1208
عَدُوٌّ,385,No,20,2:36,البقرة,12,464
وَلَكُمْ,386,No,17,2:36,البقرة,11,553
مُسْتَقَرٌّ,387,No,3,2:36,البقرة,3,3595
وَمَتَاعٌ,388,No,3,2:36,البقرة,3,3812
حِينٍ,389,No,15,2:36,البقرة,12,613
فَتَلَقَّى,390,No,1,2:37,البقرة,1,12102
رَبِّهِ,391,No,44,2:37,البقرة,29,213
كَلِمَاتٍ,392,No,1,2:37,البقرة,1,12880
فَتَابَ,393,No,5,2:37,البقرة,3,1948
عَلَيْهِ,394,No,145,2:37,البقرة,49,59
إِنَّهُ,395,No,147,2:37,البقرة,52,57
التَّوَّابُ,396,No,6,2:37,البقرة,2,1481
الرَّحِيمُ,397,No,28,2:37,البقرة,16,321
فَإِمَّا,398,No,7,2:38,البقرة,7,1369
يَأْتِيَنَّكُمْ,399,No,3,2:38,البقرة,3,3850
مِنِّي,400,No,10,2:38,البقرة,7,957
فَمَنْ,401,No,67,2:38,البقرة,30,134
تَبِعَ,402,No,2,2:38,البقرة,2,4695
هُدَايَ,403,No,2,2:38,البقرة,2,6026
خَوْفٌ,404,No,14,2:38,البقرة,8,669
يَحْزَنُونَ,405,No,13,2:38,البقرة,8,743
وَكَذَّبُوا,406,No,10,2:39,البقرة,9,965
بِآيَاتِنَا,407,No,57,2:39,البقرة,30,156
أَصْحَابُ,408,No,41,2:39,البقرة,22,224
النَّارِ,409,No,70,2:39,البقرة,32,126
بَنِي,410,No,42,2:40,البقرة,16,221
إِسْرَائِيلَ,411,No,41,2:40,البقرة,16,226
اذْكُرُوا,412,No,9,2:40,البقرة,5,1001
نِعْمَتِيَ,413,No,3,2:40,البقرة,1,3653
أَنْعَمْتُ,414,No,3,2:40,البقرة,1,2878
عَلَيْكُمْ,415,No,146,2:40,البقرة,41,58
وَأَوْفُوا,416,No,5,2:40,البقرة,4,2028
بِعَهْدِي,417,No,1,2:40,البقرة,1,9201
أُوفِ,418,No,1,2:40,البقرة,1,7633
بِعَهْدِكُمْ,419,No,1,2:40,البقرة,1,9199
وَإِيَّايَ,420,No,3,2:40,البقرة,2,3687
فَارْهَبُونِ,421,No,2,2:40,البقرة,2,5385
وَآمِنُوا,422,No,3,2:41,البقرة,3,3660
أَنْزَلْتُ,423,No,1,2:41,البقرة,1,7433
مُصَدِّقًا,424,No,11,2:41,البقرة,7,871
لِمَا,425,No,35,2:41,البقرة,21,273
تَكُونُوا,426,No,21,2:41,البقرة,13,440
أَوَّلَ,427,No,16,2:41,البقرة,12,562
كَافِرٍ,428,No,1,2:41,البقرة,1,12791
تَشْتَرُوا,429,No,3,2:41,البقرة,3,3131
بِآيَاتِي,430,No,4,2:41,البقرة,4,2311
ثَمَنًا,431,No,10,2:41,البقرة,5,924
قَلِيلًا,432,No,55,2:41,البقرة,27,167
فَاتَّقُونِ,433,No,4,2:41,البقرة,4,2504
تَلْبِسُوا,434,No,1,2:42,البقرة,1,9737
الْحَقَّ,435,No,24,2:42,البقرة,17,375
بِالْبَاطِلِ,436,No,9,2:42,البقرة,7,1020
وَتَكْتُمُوا,437,No,1,2:42,البقرة,1,15424
وَأَقِيمُوا,438,No,11,2:43,البقرة,9,875
وَآتُوا,439,No,11,2:43,البقرة,7,873
الزَّكَاةَ,440,No,24,2:43,البقرة,14,373
وَارْكَعُوا,441,No,1,2:43,البقرة,1,14939
مَعَ,442,No,58,2:43,البقرة,28,154
الرَّاكِعِينَ,443,No,2,2:43,البقرة,2,4262
أَتَأْمُرُونَ,444,No,1,2:44,البقرة,1,6825
النَّاسَ,445,No,48,2:44,البقرة,25,188
بِالْبِرِّ,446,No,2,2:44,البقرة,2,4608
وَتَنْسَوْنَ,447,No,2,2:44,البقرة,2,6210
أَنْفُسَكُمْ,448,No,17,2:44,البقرة,11,531
تَتْلُونَ,449,No,1,2:44,البقرة,1,9382
الْكِتَابَ,450,No,78,2:44,البقرة,31,113
أَفَلَا,451,No,45,2:44,البقرة,23,208
تَعْقِلُونَ,452,No,24,2:44,البقرة,17,380
وَاسْتَعِينُوا,453,No,1,2:45,البقرة,1,14955
بِالصَّبْرِ,454,No,4,2:45,البقرة,3,2316
وَالصَّلَاةِ,455,No,3,2:45,البقرة,1,3708
وَإِنَّهَا,456,No,2,2:45,البقرة,2,6098
لَكَبِيرَةٌ,457,No,1,2:45,البقرة,1,13149
الْخَاشِعِينَ,458,No,1,2:45,البقرة,1,8402
يَظُنُّونَ,459,No,5,2:46,البقرة,3,2106
أَنَّهُمْ,460,No,41,2:46,البقرة,23,225
مُلَاقُو,461,No,3,2:46,البقرة,2,3605
وَأَنَّهُمْ,462,No,5,2:46,البقرة,5,2027
رَاجِعُونَ,463,No,4,2:46,البقرة,3,2427
وَأَنِّي,464,No,2,2:47,البقرة,1,6069
فَضَّلْتُكُمْ,465,No,2,2:47,البقرة,1,5460
وَاتَّقُوا,466,No,38,2:48,البقرة,13,246
يَوْمًا,467,No,16,2:48,البقرة,11,586
تَجْزِي,468,No,2,2:48,البقرة,1,4704
نَفْسٌ,469,No,15,2:48,البقرة,11,633
عَنْ,470,No,153,2:48,البقرة,49,55
نَفْسٍ,471,No,31,2:48,البقرة,21,302
شَيْئًا,472,No,77,2:48,البقرة,36,117
يُقْبَلُ,473,No,2,2:48,البقرة,1,6671
شَفَاعَةٌ,474,No,3,2:48,البقرة,1,3293
يُؤْخَذُ,475,No,2,2:48,البقرة,2,6606
عَدْلٌ,476,No,2,2:48,البقرة,1,5279
يُنْصَرُونَ,477,No,11,2:48,البقرة,9,892
نَجَّيْنَاكُمْ,478,No,1,2:49,البقرة,1,14256
آلِ,479,No,9,2:49,البقرة,8,978
فِرْعَوْنَ,480,No,48,2:49,البقرة,21,191
يَسُومُونَكُمْ,481,No,3,2:49,البقرة,3,3882
سُوءَ,482,No,7,2:49,البقرة,6,1351
الْعَذَابِ,483,No,35,2:49,البقرة,21,268
يُذَبِّحُونَ,484,No,1,2:49,البقرة,1,17338
أَبْنَاءَكُمْ,485,No,4,2:49,البقرة,4,2145
وَيَسْتَحْيُونَ,486,No,3,2:49,البقرة,3,3836
نِسَاءَكُمْ,487,No,3,2:49,البقرة,3,3648
وَفِي,488,No,33,2:49,البقرة,17,287
ذَلِكُمْ,489,No,34,2:49,البقرة,21,278
بَلَاءٌ,490,No,4,2:49,البقرة,4,2302
رَبِّكُمْ,491,No,46,2:49,البقرة,20,203
فَرَقْنَا,492,No,1,2:50,البقرة,1,12199
بِكُمُ,493,No,6,2:50,البقرة,3,1536
الْبَحْرَ,494,No,7,2:50,البقرة,7,1292
فَأَنْجَيْنَاكُمْ,495,No,1,2:50,البقرة,1,11836
وَأَغْرَقْنَا,496,No,4,2:50,البقرة,4,2670
آلَ,497,No,11,2:50,البقرة,9,810
تَنْظُرُونَ,498,No,4,2:50,البقرة,3,2370
وَاعَدْنَا,499,No,1,2:51,البقرة,1,14990
مُوسَى,500,No,129,2:51,البقرة,32,68
أَرْبَعِينَ,501,No,4,2:51,البقرة,4,2160
لَيْلَةً,502,No,3,2:51,البقرة,2,3513
اتَّخَذْتُمُ,503,No,2,2:51,البقرة,1,4212
الْعِجْلَ,504,No,6,2:51,البقرة,3,1509
بَعْدِهِ,505,No,19,2:51,البقرة,15,484
ظَالِمُونَ,506,No,7,2:51,البقرة,6,1359
عَفَوْنَا,507,No,1,2:52,البقرة,1,11533
عَنْكُمْ,508,No,22,2:52,البقرة,14,421
تَشْكُرُونَ,509,No,19,2:52,البقرة,15,487
آتَيْنَا,510,No,19,2:53,البقرة,16,474
وَالْفُرْقَانَ,511,No,1,2:53,البقرة,1,15201
تَهْتَدُونَ,512,No,6,2:53,البقرة,5,1548
لِقَوْمِهِ,513,No,13,2:54,البقرة,9,729
قَوْمِ,514,No,58,2:54,البقرة,19,153
إِنَّكُمْ,515,No,31,2:54,البقرة,22,293
ظَلَمْتُمْ,516,No,2,2:54,البقرة,2,5247
بِاتِّخَاذِكُمُ,517,No,1,2:54,البقرة,1,9000
فَتُوبُوا,518,No,1,2:54,البقرة,1,12132
بَارِئِكُمْ,519,No,2,2:54,البقرة,1,4518
فَاقْتُلُوا,520,No,2,2:54,البقرة,2,5401
خَيْرٌ,521,No,78,2:54,البقرة,36,115
عِنْدَ,522,No,98,2:54,البقرة,47,88
قُلْتُمْ,523,No,9,2:55,البقرة,7,1069
لَنْ,524,No,59,2:55,البقرة,29,150
نُؤْمِنَ,525,No,7,2:55,البقرة,6,1403
حَتَّى,526,No,142,2:55,البقرة,48,61
نَرَى,527,No,6,2:55,البقرة,5,1656
جَهْرَةً,528,No,3,2:55,البقرة,3,3189
فَأَخَذَتْكُمُ,529,No,1,2:55,البقرة,1,11764
الصَّاعِقَةُ,530,No,3,2:55,البقرة,3,2947
بَعَثْنَاكُمْ,531,No,1,2:56,البقرة,1,8877
مَوْتِكُمْ,532,No,1,2:56,البقرة,1,13860
وَظَلَّلْنَا,533,No,2,2:57,البقرة,2,6292
عَلَيْكُمُ,534,No,18,2:57,البقرة,9,515
الْغَمَامَ,535,No,2,2:57,البقرة,2,4424
وَأَنْزَلْنَا,536,No,12,2:57,البقرة,11,801
الْمَنَّ,537,No,3,2:57,البقرة,3,3023
وَالسَّلْوَى,538,No,3,2:57,البقرة,3,3706
كُلُوا,539,No,15,2:57,البقرة,9,626
طَيِّبَاتِ,540,No,6,2:57,البقرة,4,1590
رَزَقْنَاكُمْ,541,No,7,2:57,البقرة,5,1340
ظَلَمُونَا,542,No,2,2:57,البقرة,2,5245
يَظْلِمُونَ,543,No,13,2:57,البقرة,9,744
ادْخُلُوا,544,No,13,2:58,البقرة,10,699
الْقَرْيَةَ,545,No,3,2:58,البقرة,3,3008
فَكُلُوا,546,No,7,2:58,البقرة,6,1375
شِئْتُمْ,547,No,5,2:58,البقرة,4,1923
وَادْخُلُوا,548,No,3,2:58,البقرة,3,3693
الْبَابَ,549,No,5,2:58,البقرة,5,1797
سُجَّدًا,550,No,11,2:58,البقرة,11,848
وَقُولُوا,551,No,8,2:58,البقرة,5,1234
حِطَّةٌ,552,No,2,2:58,البقرة,2,4930
نَغْفِرْ,553,No,2,2:58,البقرة,2,5979
خَطَايَاكُمْ,554,No,2,2:58,البقرة,2,4949
وَسَنَزِيدُ,555,No,1,2:58,البقرة,1,15727
الْمُحْسِنِينَ,556,No,30,2:58,البقرة,14,306
فَبَدَّلَ,557,No,2,2:59,البقرة,2,5410
ظَلَمُوا,558,No,39,2:59,البقرة,24,236
قَوْلًا,559,No,19,2:59,البقرة,10,497
غَيْرَ,560,No,39,2:59,البقرة,21,237
فَأَنْزَلْنَا,561,No,3,2:59,البقرة,3,3382
رِجْزًا,562,No,3,2:59,البقرة,3,3261
يَفْسُقُونَ,563,No,5,2:59,البقرة,4,2111
وَإِذِ,564,No,3,2:60,البقرة,2,3681
اسْتَسْقَى,565,No,1,2:60,البقرة,1,7813
فَقُلْنَا,566,No,6,2:60,البقرة,4,1614
اضْرِبْ,567,No,3,2:60,البقرة,3,2922
بِعَصَاكَ,568,No,3,2:60,البقرة,3,3095
الْحَجَرَ,569,No,2,2:60,البقرة,2,4379
فَانْفَجَرَتْ,570,No,1,2:60,البقرة,1,12036
مِنْهُ,571,No,88,2:60,البقرة,36,92
اثْنَتَا,572,No,2,2:60,البقرة,2,4215
عَشْرَةَ,573,No,3,2:60,البقرة,2,3333
عَيْنًا,574,No,6,2:60,البقرة,5,1598
قَدْ,575,No,120,2:60,البقرة,40,72
عَلِمَ,576,No,9,2:60,البقرة,6,1054
كُلُّ,577,No,47,2:60,البقرة,33,198
أُنَاسٍ,578,No,3,2:60,البقرة,3,2906
مَشْرَبَهُمْ,579,No,2,2:60,البقرة,2,5810
وَاشْرَبُوا,580,No,6,2:60,البقرة,5,1670
رِزْقِ,581,No,2,2:60,البقرة,2,5055
تَعْثَوْا,582,No,5,2:60,البقرة,5,1850
مُفْسِدِينَ,583,No,5,2:60,البقرة,5,2006
نَصْبِرَ,584,No,1,2:61,البقرة,1,14328
طَعَامٍ,585,No,2,2:61,البقرة,2,5228
وَاحِدٍ,586,No,6,2:61,البقرة,5,1668
فَادْعُ,587,No,2,2:61,البقرة,2,5379
رَبَّكَ,588,No,55,2:61,البقرة,23,166
يُخْرِجْ,589,No,1,2:61,البقرة,1,17321
تُنْبِتُ,590,No,2,2:61,البقرة,2,4842
الْأَرْضُ,591,No,23,2:61,البقرة,18,394
بَقْلِهَا,592,No,1,2:61,البقرة,1,8896
وَقِثَّائِهَا,593,No,1,2:61,البقرة,1,15978
وَفُومِهَا,594,No,1,2:61,البقرة,1,15918
وَعَدَسِهَا,595,No,1,2:61,البقرة,1,15824
وَبَصَلِهَا,596,No,1,2:61,البقرة,1,15295
أَتَسْتَبْدِلُونَ,597,No,1,2:61,البقرة,1,6838
أَدْنَى,598,No,9,2:61,البقرة,8,985
بِالَّذِي,599,No,11,2:61,البقرة,10,832
مِصْرًا,600,No,1,2:61,البقرة,1,14167
فَإِنَّ,601,No,71,2:61,البقرة,31,125
سَأَلْتُمْ,602,No,1,2:61,البقرة,1,10870
وَضُرِبَتْ,603,No,2,2:61,البقرة,2,6288
عَلَيْهِمُ,604,No,31,2:61,البقرة,18,301
الذِّلَّةُ,605,No,2,2:61,البقرة,2,4261
وَالْمَسْكَنَةُ,606,No,1,2:61,البقرة,1,15224
وَبَاءُوا,607,No,2,2:61,البقرة,2,6188
بِغَضَبٍ,608,No,4,2:61,البقرة,3,2332
بِأَنَّهُمْ,609,No,24,2:61,البقرة,12,378
يَكْفُرُونَ,610,No,12,2:61,البقرة,10,807
بِآيَاتِ,611,No,34,2:61,البقرة,22,277
وَيَقْتُلُونَ,612,No,4,2:61,البقرة,2,2750
النَّبِيِّينَ,613,No,9,2:61,البقرة,6,1004
بِغَيْرِ,614,No,41,2:61,البقرة,23,227
الْحَقِّ,615,No,37,2:61,البقرة,24,252
عَصَوْا,616,No,3,2:61,البقرة,3,3336
وَكَانُوا,617,No,35,2:61,البقرة,23,274
يَعْتَدُونَ,618,No,3,2:61,البقرة,3,3900
هَادُوا,619,No,10,2:62,البقرة,7,959
وَالنَّصَارَى,620,No,5,2:62,البقرة,3,2042
وَالصَّابِئِينَ,621,No,2,2:62,البقرة,2,6137
وَالْيَوْمِ,622,No,21,2:62,البقرة,9,450
وَعَمِلَ,623,No,11,2:62,البقرة,9,883
صَالِحًا,624,No,36,2:62,البقرة,24,265
فَلَهُمْ,625,No,6,2:62,البقرة,5,1615
أَجْرُهُمْ,626,No,6,2:62,البقرة,3,1454
أَخَذْنَا,627,No,12,2:63,البقرة,7,751
مِيثَاقَكُمْ,628,No,4,2:63,البقرة,2,2623
وَرَفَعْنَا,629,No,5,2:63,البقرة,4,2054
فَوْقَكُمُ,630,No,2,2:63,البقرة,1,5512
الطُّورَ,631,No,3,2:63,البقرة,2,2958
خُذُوا,632,No,5,2:63,البقرة,3,1891
آتَيْنَاكُمْ,633,No,3,2:63,البقرة,2,2820
بِقُوَّةٍ,634,No,6,2:63,البقرة,4,1535
وَاذْكُرُوا,635,No,13,2:63,البقرة,6,733
تَوَلَّيْتُمْ,636,No,8,2:64,البقرة,7,1161
فَلَوْلَا,637,No,13,2:64,البقرة,9,723
فَضْلُ,638,No,11,2:64,البقرة,6,860
وَرَحْمَتُهُ,639,No,7,2:64,البقرة,3,1423
لَكُنْتُمْ,640,No,1,2:64,البقرة,1,13152
الْخَاسِرِينَ,641,No,13,2:64,البقرة,9,708
وَلَقَدْ,642,No,124,2:65,البقرة,46,70
عَلِمْتُمُ,643,No,2,2:65,البقرة,2,5292
اعْتَدَوْا,644,No,1,2:65,البقرة,1,7872
مِنْكُمْ,645,No,105,2:65,البقرة,33,83
السَّبْتِ,646,No,4,2:65,البقرة,3,2226
كُونُوا,647,No,9,2:65,البقرة,7,1073
قِرَدَةً,648,No,2,2:65,البقرة,2,5591
خَاسِئِينَ,649,No,2,2:65,البقرة,2,4933
فَجَعَلْنَاهَا,650,No,2,2:66,البقرة,2,5429
نَكَالًا,651,No,2,2:66,البقرة,2,5986
بَيْنَ,652,No,70,2:66,البقرة,33,128
يَدَيْهَا,653,No,1,2:66,البقرة,1,16802
خَلْفَهَا,654,No,1,2:66,البقرة,1,10431
وَمَوْعِظَةً,655,No,3,2:66,البقرة,3,3817
يَأْمُرُكُمْ,656,No,4,2:67,البقرة,2,2759
تَذْبَحُوا,657,No,1,2:67,البقرة,1,9476
بَقَرَةً,658,No,1,2:67,البقرة,1,8892
أَتَتَّخِذُنَا,659,No,1,2:67,البقرة,1,6829
هُزُوًا,660,No,11,2:67,البقرة,7,872
أَعُوذُ,661,No,6,2:67,البقرة,6,1457
أَكُونَ,662,No,9,2:67,البقرة,8,991
الْجَاهِلِينَ,663,No,6,2:67,البقرة,6,1500
ادْعُ,664,No,6,2:68,البقرة,4,1478
يُبَيِّنْ,665,No,3,2:68,البقرة,1,3927
هِيَ,666,No,47,2:68,البقرة,29,200
إِنَّهَا,667,No,15,2:68,البقرة,13,599
بَقَرَةٌ,668,No,3,2:68,البقرة,1,3055
فَارِضٌ,669,No,1,2:68,البقرة,1,11917
بِكْرٌ,670,No,1,2:68,البقرة,1,9235
عَوَانٌ,671,No,1,2:68,البقرة,1,11585
فَافْعَلُوا,672,No,1,2:68,البقرة,1,11989
تُؤْمَرُونَ,673,No,2,2:68,البقرة,2,4804
لَوْنُهَا,674,No,2,2:69,البقرة,1,5699
صَفْرَاءُ,675,No,1,2:69,البقرة,1,11252
فَاقِعٌ,676,No,1,2:69,البقرة,1,11991
تَسُرُّ,677,No,1,2:69,البقرة,1,9537
النَّاظِرِينَ,678,No,1,2:69,البقرة,1,8144
الْبَقَرَ,679,No,1,2:70,البقرة,1,8307
تَشَابَهَ,680,No,2,2:70,البقرة,2,4743
عَلَيْنَا,681,No,51,2:70,البقرة,30,177
وَإِنَّا,682,No,33,2:70,البقرة,19,286
لَمُهْتَدُونَ,683,No,2,2:70,البقرة,2,5693
ذَلُولٌ,684,No,1,2:71,البقرة,1,10588
تُثِيرُ,685,No,1,2:71,البقرة,1,9854
تَسْقِي,686,No,1,2:71,البقرة,1,9571
الْحَرْثَ,687,No,2,2:71,البقرة,1,4382
مُسَلَّمَةٌ,688,No,3,2:71,البقرة,2,3593
شِيَةَ,689,No,1,2:71,البقرة,1,11191
الْآنَ,690,No,5,2:71,البقرة,5,1790
جِئْتَ,691,No,5,2:71,البقرة,4,1871
بِالْحَقِّ,692,No,74,2:71,البقرة,34,122
فَذَبَحُوهَا,693,No,1,2:71,البقرة,1,12180
كَادُوا,694,No,4,2:71,البقرة,3,2544
يَفْعَلُونَ,695,No,13,2:71,البقرة,11,745
قَتَلْتُمْ,696,No,1,2:72,البقرة,1,12640
نَفْسًا,697,No,14,2:72,البقرة,11,679
فَادَّارَأْتُمْ,698,No,1,2:72,البقرة,1,11909
مُخْرِجٌ,699,No,2,2:72,البقرة,2,5879
اضْرِبُوهُ,700,No,1,2:73,البقرة,1,7863
بِبَعْضِهَا,701,No,1,2:73,البقرة,1,9081
كَذَلِكَ,702,No,83,2:73,البقرة,34,101
يُحْيِي,703,No,16,2:73,البقرة,13,588
الْمَوْتَى,704,No,16,2:73,البقرة,14,572
وَيُرِيكُمْ,705,No,2,2:73,البقرة,2,6435
آيَاتِهِ,706,No,27,2:73,البقرة,14,333
قَسَتْ,707,No,2,2:74,البقرة,2,5560
قُلُوبُكُمْ,708,No,5,2:74,البقرة,4,1967
فَهِيَ,709,No,5,2:74,البقرة,5,1959
كَالْحِجَارَةِ,710,No,1,2:74,البقرة,1,12805
أَشَدُّ,711,No,18,2:74,البقرة,13,505
قَسْوَةً,712,No,1,2:74,البقرة,1,12664
وَإِنَّ,713,No,81,2:74,البقرة,33,105
الْحِجَارَةِ,714,No,1,2:74,البقرة,1,8394
لَمَا,715,No,6,2:74,البقرة,3,1633
يَتَفَجَّرُ,716,No,1,2:74,البقرة,1,16698
يَشَّقَّقُ,717,No,1,2:74,البقرة,1,16928
فَيَخْرُجُ,718,No,1,2:74,البقرة,1,12508
الْمَاءُ,719,No,4,2:74,البقرة,4,2278
يَهْبِطُ,720,No,1,2:74,البقرة,1,17194
خَشْيَةِ,721,No,3,2:74,البقرة,3,3224
بِغَافِلٍ,722,No,9,2:74,البقرة,5,1022
عَمَّا,723,No,47,2:74,البقرة,26,197
تَعْمَلُونَ,724,No,83,2:74,البقرة,39,99
أَفَتَطْمَعُونَ,725,No,1,2:75,البقرة,1,7251
يُؤْمِنُوا,726,No,12,2:75,البقرة,8,808
وَقَدْ,727,No,43,2:75,البقرة,27,219
كَانَ,728,No,323,2:75,البقرة,69,24
فَرِيقٌ,729,No,12,2:75,البقرة,9,787
مِنْهُمْ,730,No,145,2:75,البقرة,47,60
يَسْمَعُونَ,731,No,19,2:75,البقرة,16,501
كَلَامَ,732,No,3,2:75,البقرة,3,3478
يُحَرِّفُونَهُ,733,No,1,2:75,البقرة,1,17283
عَقَلُوهُ,734,No,1,2:75,البقرة,1,11535
خَلَا,735,No,2,2:76,البقرة,2,4952
بَعْضُهُمْ,736,No,23,2:76,البقرة,16,397
بَعْضٍ,737,No,37,2:76,البقرة,21,254
أَتُحَدِّثُونَهُمْ,738,No,1,2:76,البقرة,1,6864
فَتَحَ,739,No,1,2:76,البقرة,1,12072
لِيُحَاجُّوكُمْ,740,No,1,2:76,البقرة,1,13581
أَوَلَا,741,No,3,2:77,البقرة,3,2884
يَعْلَمُ,742,No,62,2:77,البقرة,34,143
يُسِرُّونَ,743,No,4,2:77,البقرة,4,2804
يُعْلِنُونَ,744,No,6,2:77,البقرة,6,1723
وَمِنْهُمْ,745,No,25,2:78,البقرة,14,372
أُمِّيُّونَ,746,No,1,2:78,البقرة,1,7620
أَمَانِيَّ,747,No,1,2:78,البقرة,1,7365
فَوَيْلٌ,748,No,9,2:79,البقرة,8,1062
لِلَّذِينَ,749,No,79,2:79,البقرة,37,110
يَكْتُبُونَ,750,No,5,2:79,البقرة,5,2113
بِأَيْدِيهِمْ,751,No,3,2:79,البقرة,3,3073
يَقُولُونَ,752,No,51,2:79,البقرة,32,181
عِنْدِ,753,No,21,2:79,البقرة,8,445
لِيَشْتَرُوا,754,No,1,2:79,البقرة,1,13557
كَتَبَتْ,755,No,1,2:79,البقرة,1,12822
أَيْدِيهِمْ,756,No,25,2:79,البقرة,18,363
وَوَيْلٌ,757,No,3,2:79,البقرة,3,3828
يَكْسِبُونَ,758,No,14,2:79,البقرة,12,687
وَقَالُوا,759,No,61,2:80,البقرة,31,145
تَمَسَّنَا,760,No,2,2:80,البقرة,2,4782
النَّارُ,761,No,21,2:80,البقرة,18,437
أَيَّامًا,762,No,3,2:80,البقرة,2,2890
مَعْدُودَةً,763,No,1,2:80,البقرة,1,13759
قُلْ,764,No,263,2:80,البقرة,53,32
أَتَّخَذْتُمْ,765,No,1,2:80,البقرة,1,6856
عَهْدًا,766,No,4,2:80,البقرة,2,2486
فَلَنْ,767,No,22,2:80,البقرة,13,424
يُخْلِفَ,768,No,2,2:80,البقرة,2,6631
عَهْدَهُ,769,No,1,2:80,البقرة,1,11581
تَقُولُونَ,770,No,6,2:80,البقرة,5,1547
بَلَى,771,No,22,2:81,البقرة,16,416
كَسَبَ,772,No,3,2:81,البقرة,3,3474
سَيِّئَةً,773,No,3,2:81,البقرة,3,3282
وَأَحَاطَتْ,774,No,1,2:81,البقرة,1,14631
خَطِيئَتُهُ,775,No,1,2:81,البقرة,1,10410
فَأُولَئِكَ,776,No,46,2:81,البقرة,25,205
الْجَنَّةِ,777,No,27,2:82,البقرة,16,339
مِيثَاقَ,778,No,5,2:83,البقرة,3,2011
تَعْبُدُونَ,779,No,20,2:83,البقرة,12,458
وَبِالْوَالِدَيْنِ,780,No,4,2:83,البقرة,4,2705
إِحْسَانًا,781,No,6,2:83,البقرة,5,1471
وَذِي,782,No,1,2:83,البقرة,1,15620
الْقُرْبَى,783,No,12,2:83,البقرة,9,765
وَالْيَتَامَى,784,No,7,2:83,البقرة,4,1415
وَالْمَسَاكِينِ,785,No,6,2:83,البقرة,5,1672
لِلنَّاسِ,786,No,51,2:83,البقرة,28,180
حُسْنًا,787,No,5,2:83,البقرة,5,1882
مُعْرِضُونَ,788,No,14,2:83,البقرة,10,678
تَسْفِكُونَ,789,No,1,2:84,البقرة,1,9569
دِمَاءَكُمْ,790,No,1,2:84,البقرة,1,10565
تُخْرِجُونَ,791,No,1,2:84,البقرة,1,9879
دِيَارِكُمْ,792,No,4,2:84,البقرة,3,2419
أَقْرَرْتُمْ,793,No,1,2:84,البقرة,1,7293
تَشْهَدُونَ,794,No,2,2:84,البقرة,2,4746
أَنْتُمْ,795,No,78,2:85,البقرة,33,112
تَقْتُلُونَ,796,No,4,2:85,البقرة,2,2365
وَتُخْرِجُونَ,797,No,1,2:85,البقرة,1,15447
فَرِيقًا,798,No,10,2:85,البقرة,7,943
دِيَارِهِمْ,799,No,9,2:85,البقرة,6,1037
تَظَاهَرُونَ,800,No,1,2:85,البقرة,1,9619
بِالْإِثْمِ,801,No,5,2:85,البقرة,2,1828
وَالْعُدْوَانِ,802,No,5,2:85,البقرة,3,2045
يَأْتُوكُمْ,803,No,1,2:85,البقرة,1,16612
أُسَارَى,804,No,1,2:85,البقرة,1,7591
تُفَادُوهُمْ,805,No,1,2:85,البقرة,1,9954
مُحَرَّمٌ,806,No,1,2:85,البقرة,1,13934
إِخْرَاجُهُمْ,807,No,1,2:85,البقرة,1,7644
أَفَتُؤْمِنُونَ,808,No,1,2:85,البقرة,1,7253
بِبَعْضِ,809,No,4,2:85,البقرة,4,2322
الْكِتَابِ,810,No,77,2:85,البقرة,29,116
وَتَكْفُرُونَ,811,No,1,2:85,البقرة,1,15426
بِبَعْضٍ,812,No,11,2:85,البقرة,8,833
جَزَاءُ,813,No,14,2:85,البقرة,11,667
يَفْعَلُ,814,No,8,2:85,البقرة,6,1250
خِزْيٌ,815,No,5,2:85,البقرة,3,1893
الْحَيَاةِ,816,No,37,2:85,البقرة,21,253
الدُّنْيَا,817,No,115,2:85,البقرة,40,75
وَيَوْمَ,818,No,44,2:85,البقرة,22,214
الْقِيَامَةِ,819,No,70,2:85,البقرة,30,127
يُرَدُّونَ,820,No,2,2:85,البقرة,2,6634
أَشَدِّ,821,No,1,2:85,البقرة,1,7120
الْحَيَاةَ,822,No,11,2:86,البقرة,11,824
بِالْآخِرَةِ,823,No,21,2:86,البقرة,15,439
يُخَفَّفُ,824,No,5,2:86,البقرة,4,2123
عَنْهُمُ,825,No,8,2:86,البقرة,7,1186
الْعَذَابُ,826,No,22,2:86,البقرة,16,412
وَقَفَّيْنَا,827,No,3,2:87,البقرة,3,3789
بِالرُّسُلِ,828,No,1,2:87,البقرة,1,9005
وَآتَيْنَا,829,No,7,2:87,البقرة,3,1407
عِيسَى,830,No,16,2:87,البقرة,7,579
ابْنَ,831,No,10,2:87,البقرة,6,904
مَرْيَمَ,832,No,28,2:87,البقرة,11,328
الْبَيِّنَاتِ,833,No,4,2:87,البقرة,2,2251
وَأَيَّدْنَاهُ,834,No,2,2:87,البقرة,1,6082
بِرُوحِ,835,No,3,2:87,البقرة,2,3092
الْقُدُسِ,836,No,4,2:87,البقرة,3,2275
أَفَكُلَّمَا,837,No,1,2:87,البقرة,1,7263
جَاءَكُمْ,838,No,21,2:87,البقرة,12,441
رَسُولٌ,839,No,21,2:87,البقرة,10,443
تَهْوَى,840,No,3,2:87,البقرة,3,3156
أَنْفُسُكُمُ,841,No,1,2:87,البقرة,1,7461
اسْتَكْبَرْتُمْ,842,No,1,2:87,البقرة,1,7823
فَفَرِيقًا,843,No,1,2:87,البقرة,1,12331
كَذَّبْتُمْ,844,No,2,2:87,البقرة,2,5609
وَفَرِيقًا,845,No,3,2:87,البقرة,3,3784
قُلُوبُنَا,846,No,4,2:88,البقرة,4,2541
غُلْفٌ,847,No,2,2:88,البقرة,2,5337
بَلْ,848,No,113,2:88,البقرة,48,77
لَعَنَهُمُ,849,No,5,2:88,البقرة,4,1982
بِكُفْرِهِمْ,850,No,4,2:88,البقرة,2,2335
فَقَلِيلًا,851,No,1,2:88,البقرة,1,12351
وَلَمَّا,852,No,31,2:89,البقرة,12,303
جَاءَهُمْ,853,No,30,2:89,البقرة,24,307
كِتَابٌ,854,No,18,2:89,البقرة,16,520
مُصَدِّقٌ,855,No,4,2:89,البقرة,3,2618
مَعَهُمْ,856,No,12,2:89,البقرة,7,798
يَسْتَفْتِحُونَ,857,No,1,2:89,البقرة,1,16902
عَرَفُوا,858,No,2,2:89,البقرة,2,5282
فَلَعْنَةُ,859,No,1,2:89,البقرة,1,12387
بِئْسَمَا,860,No,3,2:90,البقرة,2,3075
اشْتَرَوْا,861,No,2,2:90,البقرة,2,4243
يَكْفُرُوا,862,No,3,2:90,البقرة,3,3915
أَنْزَلَ,863,No,47,2:90,البقرة,23,193
بَغْيًا,864,No,6,2:90,البقرة,5,1524
يُنَزِّلَ,865,No,3,2:90,البقرة,3,3956
فَضْلِهِ,866,No,26,2:90,البقرة,12,358
يَشَاءُ,867,No,108,2:90,البقرة,32,82
عِبَادِهِ,868,No,22,2:90,البقرة,18,422
فَبَاءُوا,869,No,1,2:90,البقرة,1,12048
غَضَبٍ,870,No,1,2:90,البقرة,1,11679
وَلِلْكَافِرِينَ,871,No,5,2:90,البقرة,3,2071
مُهِينٌ,872,No,8,2:90,البقرة,7,1210
نُؤْمِنُ,873,No,3,2:91,البقرة,3,3636
وَيَكْفُرُونَ,874,No,1,2:91,البقرة,1,16472
وَرَاءَهُ,875,No,1,2:91,البقرة,1,15625
فَلِمَ,876,No,4,2:91,البقرة,3,2526
أَنْبِيَاءَ,877,No,2,2:91,البقرة,2,4136
مُؤْمِنِينَ,878,No,33,2:91,البقرة,14,284
بِالْبَيِّنَاتِ,879,No,24,2:92,البقرة,16,379
وَاسْمَعُوا,880,No,4,2:93,البقرة,3,2687
سَمِعْنَا,881,No,16,2:93,البقرة,12,578
وَعَصَيْنَا,882,No,2,2:93,البقرة,2,6300
وَأُشْرِبُوا,883,No,1,2:93,البقرة,1,14831
قُلُوبِهِمُ,884,No,5,2:93,البقرة,5,1968
إِيمَانُكُمْ,885,No,1,2:93,البقرة,1,7703
كَانَتْ,886,No,27,2:94,البقرة,18,344
الدَّارُ,887,No,2,2:94,البقرة,2,4255
الْآخِرَةُ,888,No,5,2:94,البقرة,5,1789
خَالِصَةً,889,No,3,2:94,البقرة,3,3219
فَتَمَنَّوُا,890,No,2,2:94,البقرة,2,5420
الْمَوْتَ,891,No,10,2:94,البقرة,8,915
يَتَمَنَّوْهُ,892,No,1,2:95,البقرة,1,16713
أَبَدًا,893,No,28,2:95,البقرة,15,320
قَدَّمَتْ,894,No,14,2:95,البقرة,14,674
بِالظَّالِمِينَ,895,No,5,2:95,البقرة,4,1827
وَلَتَجِدَنَّهُمْ,896,No,1,2:96,البقرة,1,16034
أَحْرَصَ,897,No,1,2:96,البقرة,1,6929
حَيَاةٍ,898,No,1,2:96,البقرة,1,10287
أَشْرَكُوا,899,No,12,2:96,البقرة,7,753
يَوَدُّ,900,No,5,2:96,البقرة,4,2118
أَحَدُهُمْ,901,No,3,2:96,البقرة,3,2842
لَوْ,902,No,77,2:96,البقرة,39,119
يُعَمَّرُ,903,No,2,2:96,البقرة,2,6660
أَلْفَ,904,No,4,2:96,البقرة,4,2178
سَنَةٍ,905,No,5,2:96,البقرة,5,1916
بِمُزَحْزِحِهِ,906,No,1,2:96,البقرة,1,9255
يُعَمَّرَ,907,No,1,2:96,البقرة,1,17449
بَصِيرٌ,908,No,27,2:96,البقرة,18,340
يَعْمَلُونَ,909,No,56,2:96,البقرة,28,161
عَدُوًّا,910,No,10,2:97,البقرة,9,937
لِجِبْرِيلَ,911,No,1,2:97,البقرة,1,13391
فَإِنَّهُ,912,No,15,2:97,البقرة,11,619
نَزَّلَهُ,913,No,2,2:97,البقرة,2,5964
قَلْبِكَ,914,No,3,2:97,البقرة,3,3452
بِإِذْنِ,915,No,23,2:97,البقرة,14,399
يَدَيْهِ,916,No,17,2:97,البقرة,13,554
وَهُدًى,917,No,15,2:97,البقرة,10,640
وَبُشْرَى,918,No,5,2:97,البقرة,4,2046
لِلْمُؤْمِنِينَ,919,No,15,2:97,البقرة,13,629
وَمَلَائِكَتِهِ,920,No,3,2:98,البقرة,2,3815
وَرُسُلِهِ,921,No,11,2:98,البقرة,5,881
وَجِبْرِيلَ,922,No,1,2:98,البقرة,1,15511
وَمِيكَالَ,923,No,1,2:98,البقرة,1,16236
أَنْزَلْنَا,924,No,25,2:99,البقرة,21,362
آيَاتٍ,925,No,10,2:99,البقرة,8,897
بَيِّنَاتٍ,926,No,14,2:99,البقرة,12,662
يَكْفُرُ,927,No,3,2:99,البقرة,3,3914
بِهَا,928,No,79,2:99,البقرة,34,109
الْفَاسِقُونَ,929,No,9,2:99,البقرة,7,1008
أَوَكُلَّمَا,930,No,1,2:100,البقرة,1,7492
عَاهَدُوا,931,No,4,2:100,البقرة,2,2477
نَبَذَهُ,932,No,1,2:100,البقرة,1,14221
أَكْثَرُهُمْ,933,No,22,2:100,البقرة,14,411
نَبَذَ,934,No,1,2:101,البقرة,1,14220
أُوتُوا,935,No,32,2:101,البقرة,19,289
كِتَابَ,936,No,5,2:101,البقرة,4,1977
وَرَاءَ,937,No,7,2:101,البقرة,7,1422
ظُهُورِهِمْ,938,No,5,2:101,البقرة,5,1933
كَأَنَّهُمْ,939,No,11,2:101,البقرة,10,865
وَاتَّبَعُوا,940,No,10,2:102,البقرة,9,960
تَتْلُو,941,No,4,2:102,البقرة,4,2343
الشَّيَاطِينُ,942,No,4,2:102,البقرة,3,2234
مُلْكِ,943,No,1,2:102,البقرة,1,14088
سُلَيْمَانَ,944,No,7,2:102,البقرة,4,1350
كَفَرَ,945,No,18,2:102,البقرة,11,519
سُلَيْمَانُ,946,No,3,2:102,البقرة,2,3284
وَلَكِنَّ,947,No,53,2:102,البقرة,27,174
الشَّيَاطِينَ,948,No,5,2:102,البقرة,4,1782
يُعَلِّمُونَ,949,No,1,2:102,البقرة,1,17448
السِّحْرَ,950,No,4,2:102,البقرة,4,2230
الْمَلَكَيْنِ,951,No,1,2:102,البقرة,1,8622
بِبَابِلَ,952,No,1,2:102,البقرة,1,9074
هَارُوتَ,953,No,1,2:102,البقرة,1,14543
وَمَارُوتَ,954,No,1,2:102,البقرة,1,16184
يُعَلِّمَانِ,955,No,1,2:102,البقرة,1,17446
أَحَدٍ,956,No,16,2:102,البقرة,11,558
يَقُولَا,957,No,1,2:102,البقرة,1,17057
فِتْنَةٌ,958,No,11,2:102,البقرة,8,862
تَكْفُرْ,959,No,1,2:102,البقرة,1,9726
فَيَتَعَلَّمُونَ,960,No,1,2:102,البقرة,1,12504
مِنْهُمَا,961,No,10,2:102,البقرة,6,958
يُفَرِّقُونَ,962,No,1,2:102,البقرة,1,17485
الْمَرْءِ,963,No,2,2:102,البقرة,2,4455
وَزَوْجِهِ,964,No,1,2:102,البقرة,1,15688
بِضَارِّينَ,965,No,1,2:102,البقرة,1,9179
وَيَتَعَلَّمُونَ,966,No,1,2:102,البقرة,1,16384
يَضُرُّهُمْ,967,No,3,2:102,البقرة,3,3891
يَنْفَعُهُمْ,968,No,4,2:102,البقرة,4,2793
عَلِمُوا,969,No,1,2:102,البقرة,1,11553
لَمَنِ,970,No,1,2:102,البقرة,1,13179
اشْتَرَاهُ,971,No,2,2:102,البقرة,2,4242
لَهُ,972,No,275,2:102,البقرة,63,28
الْآخِرَةِ,973,No,55,2:102,البقرة,28,164
خَلَاقٍ,974,No,2,2:102,البقرة,1,4953
وَلَبِئْسَ,975,No,4,2:102,البقرة,3,2729
شَرَوْا,976,No,1,2:102,البقرة,1,11121
وَاتَّقَوْا,977,No,4,2:103,البقرة,4,2683
لَمَثُوبَةٌ,978,No,1,2:103,البقرة,1,13164
تَقُولُوا,979,No,15,2:104,البقرة,7,611
رَاعِنَا,980,No,1,2:104,البقرة,1,10644
انْظُرْنَا,981,No,1,2:104,البقرة,1,8786
أَهْلِ,982,No,23,2:105,البقرة,12,392
الْمُشْرِكِينَ,983,No,24,2:105,البقرة,11,377
يُنَزَّلَ,984,No,2,2:105,البقرة,2,6685
خَيْرٍ,985,No,14,2:105,البقرة,6,670
يَخْتَصُّ,986,No,2,2:105,البقرة,2,6492
بِرَحْمَتِهِ,987,No,2,2:105,البقرة,2,4643
ذُو,988,No,25,2:105,البقرة,17,367
الْفَضْلِ,989,No,7,2:105,البقرة,6,1298
الْعَظِيمِ,990,No,19,2:105,البقرة,14,481
نَنْسَخْ,991,No,1,2:106,البقرة,1,14416
آيَةٍ,992,No,12,2:106,البقرة,8,750
نُنْسِهَا,993,No,1,2:106,البقرة,1,14508
نَأْتِ,994,No,1,2:106,البقرة,1,14185
بِخَيْرٍ,995,No,6,2:106,البقرة,6,1532
مِثْلِهَا,996,No,1,2:106,البقرة,1,14156
تَعْلَمْ,997,No,4,2:106,البقرة,3,2363
مُلْكُ,998,No,20,2:107,البقرة,15,472
وَلِيٍّ,999,No,11,2:107,البقرة,7,884
نَصِيرٍ,1000,No,9,2:107,البقرة,6,1082
تُرِيدُونَ,1001,No,5,2:108,البقرة,5,1857
تَسْأَلُوا,1002,No,3,2:108,البقرة,2,3126
رَسُولَكُمْ,1003,No,1,2:108,البقرة,1,10693
سُئِلَ,1004,No,1,2:108,البقرة,1,11047
وَمَنْ,1005,No,234,2:108,البقرة,58,37
يَتَبَدَّلِ,1006,No,1,2:108,البقرة,1,16680
الْكُفْرَ,1007,No,6,2:108,البقرة,5,1514
بِالْإِيمَانِ,1008,No,5,2:108,البقرة,5,1829
فَقَدْ,1009,No,50,2:108,البقرة,23,182
ضَلَّ,1010,No,18,2:108,البقرة,14,513
سَوَاءَ,1011,No,4,2:108,البقرة,4,2445
السَّبِيلِ,1012,No,20,2:108,البقرة,16,456
وَدَّ,1013,No,2,2:109,البقرة,2,6244
كَثِيرٌ,1014,No,3,2:109,البقرة,3,3466
يَرُدُّونَكُمْ,1015,No,1,2:109,البقرة,1,16828
إِيمَانِكُمْ,1016,No,4,2:109,البقرة,3,2213
كُفَّارًا,1017,No,1,2:109,البقرة,1,12910
حَسَدًا,1018,No,1,2:109,البقرة,1,10226
أَنْفُسِهِمْ,1019,No,27,2:109,البقرة,19,334
تَبَيَّنَ,1020,No,10,2:109,البقرة,6,923
لَهُمُ,1021,No,48,2:109,البقرة,30,192
فَاعْفُوا,1022,No,1,2:109,البقرة,1,11983
وَاصْفَحُوا,1023,No,1,2:109,البقرة,1,14984
يَأْتِيَ,1024,No,14,2:109,البقرة,11,685
بِأَمْرِهِ,1025,No,12,2:109,البقرة,10,772
تُقَدِّمُوا,1026,No,4,2:110,البقرة,4,2379
لِأَنْفُسِكُمْ,1027,No,6,2:110,البقرة,5,1634
تَجِدُوهُ,1028,No,2,2:110,البقرة,2,4703
يَدْخُلَ,1029,No,1,2:111,البقرة,1,16809
هُودًا,1030,No,6,2:111,البقرة,3,1663
نَصَارَى,1031,No,5,2:111,البقرة,2,2014
تِلْكَ,1032,No,28,2:111,البقرة,19,325
أَمَانِيُّهُمْ,1033,No,1,2:111,البقرة,1,7366
هَاتُوا,1034,No,4,2:111,البقرة,4,2653
بُرْهَانَكُمْ,1035,No,4,2:111,البقرة,4,2305
أَسْلَمَ,1036,No,5,2:112,البقرة,5,1741
وَجْهَهُ,1037,No,6,2:112,البقرة,6,1679
مُحْسِنٌ,1038,No,4,2:112,البقرة,4,2615
فَلَهُ,1039,No,10,2:112,البقرة,8,945
أَجْرُهُ,1040,No,2,2:112,البقرة,2,4005
وَقَالَتِ,1041,No,8,2:113,البقرة,5,1233
الْيَهُودُ,1042,No,6,2:113,البقرة,3,1519
لَيْسَتِ,1043,No,2,2:113,البقرة,1,5704
النَّصَارَى,1044,No,4,2:113,البقرة,2,2240
يَتْلُونَ,1045,No,5,2:113,البقرة,5,2087
مِثْلَ,1046,No,17,2:113,البقرة,12,549
قَوْلِهِمْ,1047,No,2,2:113,البقرة,1,5573
فَاللَّهُ,1048,No,6,2:113,البقرة,5,1609
يَحْكُمُ,1049,No,10,2:113,البقرة,7,972
بَيْنَهُمْ,1050,No,54,2:113,البقرة,29,171
يَوْمَ,1051,No,133,2:113,البقرة,54,65
فِيمَا,1052,No,24,2:113,البقرة,15,383
يَخْتَلِفُونَ,1053,No,10,2:113,البقرة,7,973
أَظْلَمُ,1054,No,15,2:114,البقرة,10,590
مِمَّنْ,1055,No,21,2:114,البقرة,16,449
مَنَعَ,1056,No,3,2:114,البقرة,3,3577
مَسَاجِدَ,1057,No,3,2:114,البقرة,2,3558
يُذْكَرَ,1058,No,1,2:114,البقرة,1,17339
اسْمُهُ,1059,No,5,2:114,البقرة,5,1772
وَسَعَى,1060,No,2,2:114,البقرة,2,6270
خَرَابِهَا,1061,No,1,2:114,البقرة,1,10390
يَدْخُلُوهَا,1062,No,2,2:114,البقرة,2,6498
خَائِفِينَ,1063,No,1,2:114,البقرة,1,10354
وَلِلَّهِ,1064,No,27,2:115,البقرة,15,349
الْمَشْرِقُ,1065,No,2,2:115,البقرة,1,4459
وَالْمَغْرِبُ,1066,No,2,2:115,البقرة,1,6174
فَأَيْنَمَا,1067,No,1,2:115,البقرة,1,11857
تُوَلُّوا,1068,No,3,2:115,البقرة,2,3169
فَثَمَّ,1069,No,1,2:115,البقرة,1,12137
وَجْهُ,1070,No,3,2:115,البقرة,3,3745
وَاسِعٌ,1071,No,7,2:115,البقرة,4,1411
اتَّخَذَ,1072,No,15,2:116,البقرة,13,600
وَلَدًا,1073,No,13,2:116,البقرة,11,741
سُبْحَانَهُ,1074,No,14,2:116,البقرة,11,671
كُلٌّ,1075,No,22,2:116,البقرة,18,425
قَانِتُونَ,1076,No,2,2:116,البقرة,2,5542
بَدِيعُ,1077,No,2,2:117,البقرة,2,4526
قَضَى,1078,No,10,2:117,البقرة,8,947
أَمْرًا,1079,No,17,2:117,البقرة,14,529
فَإِنَّمَا,1080,No,30,2:117,البقرة,23,308
كُنْ,1081,No,8,2:117,البقرة,7,1202
فَيَكُونُ,1082,No,9,2:117,البقرة,7,1063
وَقَالَ,1083,No,85,2:118,البقرة,31,97
لَوْلَا,1084,No,38,2:118,البقرة,24,245
يُكَلِّمُنَا,1085,No,1,2:118,البقرة,1,17504
تَأْتِينَا,1086,No,3,2:118,البقرة,3,3107
آيَةٌ,1087,No,9,2:118,البقرة,6,980
قَبْلِهِمْ,1088,No,36,2:118,البقرة,26,266
تَشَابَهَتْ,1089,No,1,2:118,البقرة,1,9577
قُلُوبُهُمْ,1090,No,18,2:118,البقرة,12,518
بَيَّنَّا,1091,No,3,2:118,البقرة,3,3059
الْآيَاتِ,1092,No,28,2:118,البقرة,14,322
لِقَوْمٍ,1093,No,51,2:118,البقرة,18,179
أَرْسَلْنَاكَ,1094,No,12,2:119,البقرة,11,752
بَشِيرًا,1095,No,4,2:119,البقرة,4,2297
وَنَذِيرًا,1096,No,8,2:119,البقرة,8,1237
تُسْأَلُ,1097,No,1,2:119,البقرة,1,9913
أَصْحَابِ,1098,No,10,2:119,البقرة,9,901
الْجَحِيمِ,1099,No,17,2:119,البقرة,10,536
تَرْضَى,1100,No,2,2:120,البقرة,2,4733
عَنْكَ,1101,No,8,2:120,البقرة,8,1185
تَتَّبِعَ,1102,No,1,2:120,البقرة,1,9371
مِلَّتَهُمْ,1103,No,1,2:120,البقرة,1,14170
هُدَى,1104,No,5,2:120,البقرة,4,2023
الْهُدَى,1105,No,22,2:120,البقرة,16,415
وَلَئِنِ,1106,No,3,2:120,البقرة,2,3797
اتَّبَعْتَ,1107,No,3,2:120,البقرة,2,2916
أَهْوَاءَهُمْ,1108,No,12,2:120,البقرة,9,756
بَعْدَ,1109,No,54,2:120,البقرة,29,170
جَاءَكَ,1110,No,11,2:120,البقرة,9,841
الْعِلْمِ,1111,No,12,2:120,البقرة,8,763
آتَيْنَاهُمُ,1112,No,8,2:121,البقرة,5,1110
يَتْلُونَهُ,1113,No,1,2:121,البقرة,1,16733
حَقَّ,1114,No,14,2:121,البقرة,11,668
تِلَاوَتِهِ,1115,No,1,2:121,البقرة,1,10024
يَكْفُرْ,1116,No,8,2:121,البقرة,6,1252
تَنْفَعُهَا,1117,No,1,2:123,البقرة,1,9793
ابْتَلَى,1118,No,1,2:124,البقرة,1,7714
إِبْرَاهِيمَ,1119,No,47,2:124,البقرة,20,195
رَبُّهُ,1120,No,10,2:124,البقرة,8,931
بِكَلِمَاتٍ,1121,No,1,2:124,البقرة,1,9228
فَأَتَمَّهُنَّ,1122,No,1,2:124,البقرة,1,11747
جَاعِلُكَ,1123,No,1,2:124,البقرة,1,10077
إِمَامًا,1124,No,4,2:124,البقرة,4,2212
وَمِنْ,1125,No,64,2:124,البقرة,31,138
ذُرِّيَّتِي,1126,No,4,2:124,البقرة,3,2421
يَنَالُ,1127,No,1,2:124,البقرة,1,17149
عَهْدِي,1128,No,1,2:124,البقرة,1,11584
جَعَلْنَا,1129,No,29,2:125,البقرة,17,313
الْبَيْتَ,1130,No,4,2:125,البقرة,2,2252
مَثَابَةً,1131,No,1,2:125,البقرة,1,13651
وَأَمْنًا,1132,No,1,2:125,البقرة,1,14774
وَاتَّخِذُوا,1133,No,1,2:125,البقرة,1,14895
مَقَامِ,1134,No,1,2:125,البقرة,1,13779
مُصَلًّى,1135,No,1,2:125,البقرة,1,14024
وَعَهِدْنَا,1136,No,1,2:125,البقرة,1,15865
وَإِسْمَاعِيلَ,1137,No,8,2:125,البقرة,5,1224
طَهِّرَا,1138,No,1,2:125,البقرة,1,11369
بَيْتِيَ,1139,No,3,2:125,البقرة,3,3062
لِلطَّائِفِينَ,1140,No,2,2:125,البقرة,2,5742
وَالْعَاكِفِينَ,1141,No,1,2:125,البقرة,1,15180
وَالرُّكَّعِ,1142,No,2,2:125,البقرة,2,6125
السُّجُودِ,1143,No,6,2:125,البقرة,5,1489
إِبْرَاهِيمُ,1144,No,15,2:126,البقرة,9,597
اجْعَلْ,1145,No,6,2:126,البقرة,5,1477
بَلَدًا,1146,No,1,2:126,البقرة,1,8900
آمِنًا,1147,No,6,2:126,البقرة,6,1449
وَارْزُقْ,1148,No,1,2:126,البقرة,1,14935
أَهْلَهُ,1149,No,4,2:126,البقرة,4,2192
فَأُمَتِّعُهُ,1150,No,1,2:126,البقرة,1,11860
أَضْطَرُّهُ,1151,No,1,2:126,البقرة,1,7175
عَذَابِ,1152,No,14,2:126,البقرة,12,673
وَبِئْسَ,1153,No,15,2:126,البقرة,12,636
الْمَصِيرُ,1154,No,23,2:126,البقرة,18,395
يَرْفَعُ,1155,No,1,2:127,البقرة,1,16847
الْقَوَاعِدَ,1156,No,1,2:127,البقرة,1,8535
الْبَيْتِ,1157,No,8,2:127,البقرة,7,1142
وَإِسْمَاعِيلُ,1158,No,1,2:127,البقرة,1,14867
رَبَّنَا,1159,No,72,2:127,البقرة,26,123
تَقَبَّلْ,1160,No,1,2:127,البقرة,1,9684
مِنَّا,1161,No,33,2:127,البقرة,18,285
السَّمِيعُ,1162,No,19,2:127,البقرة,15,477
وَاجْعَلْنَا,1163,No,2,2:128,البقرة,2,6105
مُسْلِمَيْنِ,1164,No,1,2:128,البقرة,1,14013
ذُرِّيَّتِنَا,1165,No,1,2:128,البقرة,1,10609
أُمَّةً,1166,No,14,2:128,البقرة,10,651
مُسْلِمَةً,1167,No,1,2:128,البقرة,1,14012
وَأَرِنَا,1168,No,1,2:128,البقرة,1,14677
مَنَاسِكَنَا,1169,No,1,2:128,البقرة,1,13827
وَتُبْ,1170,No,1,2:128,البقرة,1,15442
وَابْعَثْ,1171,No,2,2:129,البقرة,2,6102
فِيهِمْ,1172,No,16,2:129,البقرة,12,582
رَسُولًا,1173,No,22,2:129,البقرة,15,418
يَتْلُو,1174,No,7,2:129,البقرة,6,1434
آيَاتِكَ,1175,No,3,2:129,البقرة,3,2826
وَيُعَلِّمُهُمُ,1176,No,3,2:129,البقرة,3,3845
وَالْحِكْمَةَ,1177,No,9,2:129,البقرة,5,1091
وَيُزَكِّيهِمْ,1178,No,3,2:129,البقرة,3,3844
الْعَزِيزُ,1179,No,46,2:129,البقرة,29,202
يَرْغَبُ,1180,No,1,2:130,البقرة,1,16845
مِلَّةِ,1181,No,1,2:130,البقرة,1,14169
سَفِهَ,1182,No,1,2:130,البقرة,1,10951
نَفْسَهُ,1183,No,7,2:130,البقرة,4,1401
وَلَقَدِ,1184,No,5,2:130,البقرة,5,2069
اصْطَفَيْنَاهُ,1185,No,1,2:130,البقرة,1,7861
وَإِنَّهُ,1186,No,24,2:130,البقرة,14,385
لَمِنَ,1187,No,27,2:130,البقرة,16,345
الصَّالِحِينَ,1188,No,19,2:130,البقرة,14,479
إِذْ,1189,No,156,2:131,البقرة,44,52
أَسْلِمْ,1190,No,1,2:131,البقرة,1,7110
أَسْلَمْتُ,1191,No,2,2:131,البقرة,2,4058
لِرَبِّ,1192,No,4,2:131,البقرة,4,2574
وَوَصَّى,1193,No,1,2:132,البقرة,1,16361
بَنِيهِ,1194,No,1,2:132,البقرة,1,8919
وَيَعْقُوبُ,1195,No,1,2:132,البقرة,1,16460
بَنِيَّ,1196,No,3,2:132,البقرة,2,3057
اصْطَفَى,1197,No,3,2:132,البقرة,3,2921
الدِّينَ,1198,No,13,2:132,البقرة,11,700
تَمُوتُنَّ,1199,No,2,2:132,البقرة,2,4785
مُسْلِمُونَ,1200,No,14,2:132,البقرة,8,677
شُهَدَاءَ,1201,No,10,2:133,البقرة,7,936
حَضَرَ,1202,No,5,2:133,البقرة,3,1876
يَعْقُوبَ,1203,No,5,2:133,البقرة,4,2108
الْمَوْتُ,1204,No,11,2:133,البقرة,7,829
لِبَنِيهِ,1205,No,1,2:133,البقرة,1,13346
بَعْدِي,1206,No,4,2:133,البقرة,4,2300
إِلَهَكَ,1207,No,1,2:133,البقرة,1,7680
وَإِلَهَ,1208,No,1,2:133,البقرة,1,14870
آبَائِكَ,1209,No,1,2:133,البقرة,1,6699
وَإِسْحَاقَ,1210,No,9,2:133,البقرة,6,1090
إِلَهًا,1211,No,16,2:133,البقرة,13,565
وَاحِدًا,1212,No,5,2:133,البقرة,5,2034
أُمَّةٌ,1213,No,10,2:134,البقرة,5,902
خَلَتْ,1214,No,13,2:134,البقرة,10,717
لَهَا,1215,No,41,2:134,البقرة,25,229
كَسَبَتْ,1216,No,16,2:134,البقرة,10,583
كَسَبْتُمْ,1217,No,3,2:134,البقرة,1,3475
تُسْأَلُونَ,1218,No,5,2:134,البقرة,4,1858
تَهْتَدُوا,1219,No,2,2:135,البقرة,2,4796
مِلَّةَ,1220,No,8,2:135,البقرة,7,1212
حَنِيفًا,1221,No,10,2:135,البقرة,7,926
قُولُوا,1222,No,2,2:136,البقرة,2,5588
إِلَيْنَا,1223,No,19,2:136,البقرة,14,476
وَيَعْقُوبَ,1224,No,10,2:136,البقرة,9,967
وَالْأَسْبَاطِ,1225,No,3,2:136,البقرة,3,3714
أُوتِيَ,1226,No,14,2:136,البقرة,7,652
وَعِيسَى,1227,No,7,2:136,البقرة,7,1425
النَّبِيُّونَ,1228,No,2,2:136,البقرة,2,4310
نُفَرِّقُ,1229,No,3,2:136,البقرة,2,3643
بِمِثْلِ,1230,No,5,2:137,البقرة,4,1838
آمَنْتُمْ,1231,No,8,2:137,البقرة,6,1113
فَقَدِ,1232,No,7,2:137,البقرة,5,1374
اهْتَدَوْا,1233,No,4,2:137,البقرة,4,2295
تَوَلَّوْا,1234,No,20,2:137,البقرة,12,459
شِقَاقٍ,1235,No,4,2:137,البقرة,3,2460
فَسَيَكْفِيكَهُمُ,1236,No,1,2:137,البقرة,1,12241
صِبْغَةَ,1237,No,1,2:138,البقرة,1,11290
أَحْسَنُ,1238,No,16,2:138,البقرة,13,559
صِبْغَةً,1239,No,1,2:138,البقرة,1,11289
عَابِدُونَ,1240,No,4,2:138,البقرة,3,2476
أَتُحَاجُّونَنَا,1241,No,1,2:139,البقرة,1,6862
رَبُّنَا,1242,No,17,2:139,البقرة,13,544
وَرَبُّكُمْ,1243,No,5,2:139,البقرة,5,2052
وَلَنَا,1244,No,1,2:139,البقرة,1,16064
أَعْمَالُنَا,1245,No,3,2:139,البقرة,3,2862
أَعْمَالُكُمْ,1246,No,4,2:139,البقرة,4,2169
مُخْلِصُونَ,1247,No,1,2:139,البقرة,1,13957
وَالْأَسْبَاطَ,1248,No,1,2:140,البقرة,1,15113
أَأَنْتُمْ,1249,No,7,2:140,البقرة,4,1261
أَمِ,1250,No,12,2:140,البقرة,10,755
كَتَمَ,1251,No,1,2:140,البقرة,1,12825
شَهَادَةً,1252,No,3,2:140,البقرة,3,3296
عِنْدَهُ,1253,No,19,2:140,البقرة,15,494
سَيَقُولُ,1254,No,4,2:142,البقرة,3,2447
وَلَّاهُمْ,1255,No,1,2:142,البقرة,1,16087
قِبْلَتِهِمُ,1256,No,1,2:142,البقرة,1,12753
عَلَيْهَا,1257,No,46,2:142,البقرة,34,204
يَهْدِي,1258,No,42,2:142,البقرة,21,223
صِرَاطٍ,1259,No,19,2:142,البقرة,15,493
مُسْتَقِيمٍ,1260,No,20,2:142,البقرة,15,471
وَكَذَلِكَ,1261,No,38,2:143,البقرة,18,247
جَعَلْنَاكُمْ,1262,No,2,2:143,البقرة,2,4874
وَسَطًا,1263,No,1,2:143,البقرة,1,15714
لِتَكُونُوا,1264,No,2,2:143,البقرة,2,5718
وَيَكُونَ,1265,No,3,2:143,البقرة,2,3840
الرَّسُولُ,1266,No,13,2:143,البقرة,9,701
شَهِيدًا,1267,No,20,2:143,البقرة,13,463
الْقِبْلَةَ,1268,No,1,2:143,البقرة,1,8548
كُنْتَ,1269,No,35,2:143,البقرة,19,272
لِنَعْلَمَ,1270,No,3,2:143,البقرة,3,3536
يَتَّبِعُ,1271,No,3,2:143,البقرة,2,3858
الرَّسُولَ,1272,No,17,2:143,البقرة,11,533
يَنْقَلِبُ,1273,No,1,2:143,البقرة,1,17180
عَقِبَيْهِ,1274,No,3,2:143,البقرة,3,3339
لَكَبِيرَةً,1275,No,1,2:143,البقرة,1,13148
هَدَى,1276,No,6,2:143,البقرة,5,1661
لِيُضِيعَ,1277,No,1,2:143,البقرة,1,13593
إِيمَانَكُمْ,1278,No,1,2:143,البقرة,1,7700
بِالنَّاسِ,1279,No,3,2:143,البقرة,3,3080
لَرَءُوفٌ,1280,No,5,2:143,البقرة,4,1981
رَحِيمٌ,1281,No,59,2:143,البقرة,23,147
تَقَلُّبَ,1282,No,1,2:144,البقرة,1,9687
وَجْهِكَ,1283,No,1,2:144,البقرة,1,15518
فَلَنُوَلِّيَنَّكَ,1284,No,1,2:144,البقرة,1,12398
قِبْلَةً,1285,No,2,2:144,البقرة,2,5590
تَرْضَاهَا,1286,No,1,2:144,البقرة,1,9510
فَوَلِّ,1287,No,3,2:144,البقرة,1,3434
وَجْهَكَ,1288,No,6,2:144,البقرة,3,1678
شَطْرَ,1289,No,3,2:144,البقرة,1,3292
الْمَسْجِدِ,1290,No,12,2:144,البقرة,6,766
الْحَرَامِ,1291,No,16,2:144,البقرة,7,567
وَحَيْثُ,1292,No,2,2:144,البقرة,1,6235
فَوَلُّوا,1293,No,2,2:144,البقرة,1,5510
وُجُوهَكُمْ,1294,No,6,2:144,البقرة,4,1695
شَطْرَهُ,1295,No,2,2:144,البقرة,1,5141
لَيَعْلَمُونَ,1296,No,1,2:144,البقرة,1,13267
وَلَئِنْ,1297,No,30,2:145,البقرة,20,310
أَتَيْتَ,1298,No,1,2:145,البقرة,1,6852
تَبِعُوا,1299,No,1,2:145,البقرة,1,9342
قِبْلَتَكَ,1300,No,1,2:145,البقرة,1,12751
بِتَابِعٍ,1301,No,2,2:145,البقرة,1,4627
قِبْلَتَهُمْ,1302,No,1,2:145,البقرة,1,12752
قِبْلَةَ,1303,No,1,2:145,البقرة,1,12750
إِذًا,1304,No,26,2:145,البقرة,18,352
يَعْرِفُونَهُ,1305,No,2,2:146,البقرة,2,6545
يَعْرِفُونَ,1306,No,4,2:146,البقرة,4,2786
أَبْنَاءَهُمْ,1307,No,4,2:146,البقرة,4,2146
لَيَكْتُمُونَ,1308,No,1,2:146,البقرة,1,13270
رَبِّكَ,1309,No,116,2:147,البقرة,52,73
تَكُونَنَّ,1310,No,9,2:147,البقرة,4,1026
الْمُمْتَرِينَ,1311,No,4,2:147,البقرة,4,2286
وَلِكُلٍّ,1312,No,4,2:148,البقرة,4,2733
وِجْهَةٌ,1313,No,1,2:148,البقرة,1,16603
مُوَلِّيهَا,1314,No,1,2:148,البقرة,1,14141
فَاسْتَبِقُوا,1315,No,2,2:148,البقرة,2,5390
الْخَيْرَاتِ,1316,No,7,2:148,البقرة,5,1295
أَيْنَ,1317,No,14,2:148,البقرة,13,650
يَأْتِ,1318,No,10,2:148,البقرة,9,969
خَرَجْتَ,1319,No,2,2:149,البقرة,1,4940
لَلْحَقُّ,1320,No,1,2:149,البقرة,1,13160
لِئَلَّا,1321,No,3,2:150,البقرة,3,3517
يَكُونَ,1322,No,17,2:150,البقرة,12,556
حُجَّةٌ,1323,No,2,2:150,البقرة,2,4916
تَخْشَوْهُمْ,1324,No,2,2:150,البقرة,2,4715
وَاخْشَوْنِي,1325,No,1,2:150,البقرة,1,14917
وَلِأُتِمَّ,1326,No,1,2:150,البقرة,1,16094
نِعْمَتِي,1327,No,3,2:150,البقرة,2,3652
وَلَعَلَّكُمْ,1328,No,9,2:150,البقرة,8,1098
أَرْسَلْنَا,1329,No,48,2:151,البقرة,29,187
فِيكُمْ,1330,No,11,2:151,البقرة,9,863
آيَاتِنَا,1331,No,22,2:151,البقرة,14,409
وَيُزَكِّيكُمْ,1332,No,1,2:151,البقرة,1,16542
وَيُعَلِّمُكُمُ,1333,No,2,2:151,البقرة,1,6437
وَيُعَلِّمُكُمْ,1334,No,1,2:151,البقرة,1,16559
فَاذْكُرُونِي,1335,No,1,2:152,البقرة,1,11915
أَذْكُرْكُمْ,1336,No,1,2:152,البقرة,1,7018
وَاشْكُرُوا,1337,No,5,2:152,البقرة,4,2038
لِي,1338,No,59,2:152,البقرة,26,151
تَكْفُرُونِ,1339,No,1,2:152,البقرة,1,9725
اسْتَعِينُوا,1340,No,2,2:153,البقرة,2,4232
الصَّابِرِينَ,1341,No,10,2:153,البقرة,5,909
لِمَنْ,1342,No,55,2:154,البقرة,34,168
يُقْتَلُ,1343,No,1,2:154,البقرة,1,17497
سَبِيلِ,1344,No,72,2:154,البقرة,22,124
أَمْوَاتٌ,1345,No,2,2:154,البقرة,2,4131
أَحْيَاءٌ,1346,No,2,2:154,البقرة,2,4016
تَشْعُرُونَ,1347,No,4,2:154,البقرة,4,2359
وَلَنَبْلُوَنَّكُمْ,1348,No,2,2:155,البقرة,2,6351
بِشَيْءٍ,1349,No,6,2:155,البقرة,5,1533
الْخَوْفِ,1350,No,2,2:155,البقرة,2,4396
وَالْجُوعِ,1351,No,1,2:155,البقرة,1,15153
وَنَقْصٍ,1352,No,2,2:155,البقرة,2,6395
الْأَمْوَالِ,1353,No,3,2:155,البقرة,3,2972
وَالْأَنْفُسِ,1354,No,1,2:155,البقرة,1,15124
وَالثَّمَرَاتِ,1355,No,1,2:155,البقرة,1,15008
إِذَا,1356,No,195,2:156,البقرة,65,40
أَصَابَتْهُمْ,1357,No,2,2:156,البقرة,2,4066
مُصِيبَةٌ,1358,No,6,2:156,البقرة,5,1651
صَلَوَاتٌ,1359,No,1,2:157,البقرة,1,11260
وَرَحْمَةٌ,1360,No,11,2:157,البقرة,9,880
الْمُهْتَدُونَ,1361,No,1,2:157,البقرة,1,8715
الصَّفَا,1362,No,1,2:158,البقرة,1,8078
وَالْمَرْوَةَ,1363,No,1,2:158,البقرة,1,15221
شَعَائِرِ,1364,No,2,2:158,البقرة,2,5143
حَجَّ,1365,No,1,2:158,البقرة,1,10203
أَوِ,1366,No,16,2:158,البقرة,11,563
اعْتَمَرَ,1367,No,1,2:158,البقرة,1,7879
جُنَاحَ,1368,No,16,2:158,البقرة,4,575
يَطَّوَّفَ,1369,No,1,2:158,البقرة,1,16972
بِهِمَا,1370,No,3,2:158,البقرة,3,3105
تَطَوَّعَ,1371,No,2,2:158,البقرة,1,4751
خَيْرًا,1372,No,37,2:158,البقرة,21,256
شَاكِرٌ,1373,No,1,2:158,البقرة,1,11100
يَكْتُمُونَ,1374,No,5,2:159,البقرة,4,2114
وَالْهُدَى,1375,No,1,2:159,البقرة,1,15255
بَيَّنَّاهُ,1376,No,1,2:159,البقرة,1,8925
يَلْعَنُهُمُ,1377,No,1,2:159,البقرة,1,17121
وَيَلْعَنُهُمُ,1378,No,1,2:159,البقرة,1,16476
اللَّاعِنُونَ,1379,No,1,2:159,البقرة,1,8129
تَابُوا,1380,No,10,2:160,البقرة,9,922
وَأَصْلَحُوا,1381,No,5,2:160,البقرة,5,2025
وَبَيَّنُوا,1382,No,1,2:160,البقرة,1,15310
أَتُوبُ,1383,No,1,2:160,البقرة,1,6870
وَأَنَا,1384,No,18,2:160,البقرة,13,522
وَمَاتُوا,1385,No,4,2:161,البقرة,3,2738
كُفَّارٌ,1386,No,4,2:161,البقرة,4,2554
لَعْنَةُ,1387,No,3,2:161,البقرة,3,3502
وَالْمَلَائِكَةِ,1388,No,4,2:161,البقرة,3,2699
وَالنَّاسِ,1389,No,5,2:161,البقرة,5,2041
أَجْمَعِينَ,1390,No,23,2:161,البقرة,16,390
خَالِدِينَ,1391,No,43,2:162,البقرة,26,215
يُنْظَرُونَ,1392,No,6,2:162,البقرة,6,1724
وَإِلَهُكُمْ,1393,No,2,2:163,البقرة,2,6096
إِلَهٌ,1394,No,18,2:163,البقرة,13,507
وَاحِدٌ,1395,No,12,2:163,البقرة,11,802
إِلَهَ,1396,No,37,2:163,البقرة,24,250
الرَّحْمَنُ,1397,No,21,2:163,البقرة,11,435
خَلْقِ,1398,No,5,2:164,البقرة,4,1890
وَاخْتِلَافِ,1399,No,3,2:164,البقرة,3,3691
اللَّيْلِ,1400,No,30,2:164,البقرة,21,305
وَالنَّهَارِ,1401,No,13,2:164,البقرة,12,735
وَالْفُلْكِ,1402,No,1,2:164,البقرة,1,15205
الْبَحْرِ,1403,No,14,2:164,البقرة,11,657
يَنْفَعُ,1404,No,8,2:164,البقرة,8,1254
مَاءٍ,1405,No,7,2:164,البقرة,7,1386
فَأَحْيَا,1406,No,4,2:164,البقرة,4,2499
مَوْتِهَا,1407,No,11,2:164,البقرة,8,870
وَبَثَّ,1408,No,3,2:164,البقرة,3,3731
دَابَّةٍ,1409,No,12,2:164,البقرة,10,781
وَتَصْرِيفِ,1410,No,2,2:164,البقرة,2,6203
الرِّيَاحِ,1411,No,2,2:164,البقرة,2,4272
وَالسَّحَابِ,1412,No,1,2:164,البقرة,1,15033
الْمُسَخَّرِ,1413,No,1,2:164,البقرة,1,8664
لَآيَاتٍ,1414,No,29,2:164,البقرة,19,317
يَعْقِلُونَ,1415,No,22,2:164,البقرة,15,431
يَتَّخِذُ,1416,No,2,2:165,البقرة,2,6475
يُحِبُّونَهُمْ,1417,No,1,2:165,البقرة,1,17290
كَحُبِّ,1418,No,1,2:165,البقرة,1,12832
حُبًّا,1419,No,3,2:165,البقرة,3,3210
يَرَى,1420,No,5,2:165,البقرة,4,2096
يَرَوْنَ,1421,No,8,2:165,البقرة,7,1244
الْعَذَابَ,1422,No,28,2:165,البقرة,24,323
الْقُوَّةَ,1423,No,1,2:165,البقرة,1,8547
وَأَنَّ,1424,No,43,2:165,البقرة,20,218
شَدِيدُ,1425,No,15,2:165,البقرة,8,617
تَبَرَّأَ,1426,No,2,2:166,البقرة,2,4693
اتُّبِعُوا,1427,No,1,2:166,البقرة,1,7745
اتَّبَعُوا,1428,No,5,2:166,البقرة,2,1766
وَرَأَوُا,1429,No,2,2:166,البقرة,2,6247
وَتَقَطَّعَتْ,1430,No,1,2:166,البقرة,1,15414
بِهِمُ,1431,No,5,2:166,البقرة,5,1839
الْأَسْبَابُ,1432,No,1,2:166,البقرة,1,8208
كَرَّةً,1433,No,3,2:167,البقرة,3,3472
فَنَتَبَرَّأَ,1434,No,1,2:167,البقرة,1,12456
تَبَرَّءُوا,1435,No,1,2:167,البقرة,1,9328
يُرِيهِمُ,1436,No,1,2:167,البقرة,1,17352
أَعْمَالَهُمْ,1437,No,17,2:167,البقرة,10,528
حَسَرَاتٍ,1438,No,2,2:167,البقرة,2,4902
بِخَارِجِينَ,1439,No,2,2:167,البقرة,2,4635
حَلَالًا,1440,No,4,2:168,البقرة,4,2397
طَيِّبًا,1441,No,6,2:168,البقرة,5,1589
تَتَّبِعُوا,1442,No,8,2:168,البقرة,6,1159
خُطُوَاتِ,1443,No,5,2:168,البقرة,3,1892
الشَّيْطَانِ,1444,No,19,2:168,البقرة,13,478
مُبِينٌ,1445,No,45,2:168,البقرة,26,211
بِالسُّوءِ,1446,No,4,2:169,البقرة,4,2315
وَالْفَحْشَاءِ,1447,No,1,2:169,البقرة,1,15199
وَأَنْ,1448,No,22,2:169,البقرة,14,428
اتَّبِعُوا,1449,No,6,2:170,البقرة,5,1476
نَتَّبِعُ,1450,No,3,2:170,البقرة,3,3622
أَلْفَيْنَا,1451,No,1,2:170,البقرة,1,7351
آبَاءَنَا,1452,No,10,2:170,البقرة,8,894
أَوَلَوْ,1453,No,7,2:170,البقرة,7,1271
آبَاؤُهُمْ,1454,No,4,2:170,البقرة,4,2134
يَهْتَدُونَ,1455,No,10,2:170,البقرة,9,975
وَمَثَلُ,1456,No,3,2:171,البقرة,2,3813
يَنْعِقُ,1457,No,1,2:171,البقرة,1,17171
يَسْمَعُ,1458,No,5,2:171,البقرة,5,2101
دُعَاءً,1459,No,1,2:171,البقرة,1,10545
وَنِدَاءً,1460,No,1,2:171,البقرة,1,16326
إِيَّاهُ,1461,No,8,2:172,البقرة,7,1130
حَرَّمَ,1462,No,17,2:173,البقرة,9,541
الْمَيْتَةَ,1463,No,2,2:173,البقرة,2,4466
وَالدَّمَ,1464,No,3,2:173,البقرة,3,3703
وَلَحْمَ,1465,No,2,2:173,البقرة,2,6341
الْخِنْزِيرِ,1466,No,3,2:173,البقرة,3,2991
أُهِلَّ,1467,No,4,2:173,البقرة,4,2206
لِغَيْرِ,1468,No,4,2:173,البقرة,4,2576
فَمَنِ,1469,No,15,2:173,البقرة,12,620
اضْطُرَّ,1470,No,4,2:173,البقرة,4,2221
بَاغٍ,1471,No,3,2:173,البقرة,3,3049
عَادٍ,1472,No,9,2:173,البقرة,8,1051
إِثْمَ,1473,No,4,2:173,البقرة,1,2207
غَفُورٌ,1474,No,51,2:173,البقرة,23,178
وَيَشْتَرُونَ,1475,No,1,2:174,البقرة,1,16448
يَأْكُلُونَ,1476,No,7,2:174,البقرة,4,1430
بُطُونِهِمْ,1477,No,3,2:174,البقرة,3,3068
يُكَلِّمُهُمُ,1478,No,2,2:174,البقرة,2,6678
يُزَكِّيهِمْ,1479,No,2,2:174,البقرة,2,6641
وَالْعَذَابَ,1480,No,1,2:175,البقرة,1,15183
بِالْمَغْفِرَةِ,1481,No,1,2:175,البقرة,1,9063
أَصْبَرَهُمْ,1482,No,1,2:175,البقرة,1,7150
بِأَنَّ,1483,No,14,2:176,البقرة,11,663
نَزَّلَ,1484,No,12,2:176,البقرة,10,799
اخْتَلَفُوا,1485,No,9,2:176,البقرة,5,1000
لَفِي,1486,No,29,2:176,البقرة,22,318
بَعِيدٍ,1487,No,12,2:176,البقرة,9,769
لَيْسَ,1488,No,47,2:177,البقرة,23,199
الْبِرَّ,1489,No,4,2:177,البقرة,2,2253
قِبَلَ,1490,No,2,2:177,البقرة,2,5589
الْمَشْرِقِ,1491,No,4,2:177,البقرة,3,2279
وَالْمَغْرِبِ,1492,No,3,2:177,البقرة,3,3725
وَالْكِتَابِ,1493,No,6,2:177,البقرة,5,1671
وَالنَّبِيِّينَ,1494,No,3,2:177,البقرة,3,3710
وَآتَى,1495,No,3,2:177,البقرة,2,3658
الْمَالَ,1496,No,2,2:177,البقرة,2,4451
حُبِّهِ,1497,No,2,2:177,البقرة,2,4915
ذَوِي,1498,No,1,2:177,البقرة,1,10604
وَالْمَسَاكِينَ,1499,No,2,2:177,البقرة,2,6172
وَابْنَ,1500,No,3,2:177,البقرة,3,3690
وَالسَّائِلِينَ,1501,No,1,2:177,البقرة,1,15029
الرِّقَابِ,1502,No,3,2:177,البقرة,3,2940
وَأَقَامَ,1503,No,2,2:177,البقرة,2,6057
وَالْمُوفُونَ,1504,No,1,2:177,البقرة,1,15254
بِعَهْدِهِمْ,1505,No,1,2:177,البقرة,1,9200
وَالصَّابِرِينَ,1506,No,4,2:177,البقرة,4,2691
الْبَأْسَاءِ,1507,No,1,2:177,البقرة,1,8289
وَالضَّرَّاءِ,1508,No,4,2:177,البقرة,4,2692
وَحِينَ,1509,No,5,2:177,البقرة,4,2048
الْبَأْسِ,1510,No,1,2:177,البقرة,1,8290
صَدَقُوا,1511,No,5,2:177,البقرة,5,1925
الْمُتَّقُونَ,1512,No,6,2:177,البقرة,6,1517
كُتِبَ,1513,No,13,2:178,البقرة,5,726
الْقِصَاصُ,1514,No,1,2:178,البقرة,1,8553
الْقَتْلَى,1515,No,1,2:178,البقرة,1,8524
الْحُرُّ,1516,No,1,2:178,البقرة,1,8383
بِالْحُرِّ,1517,No,1,2:178,البقرة,1,9044
وَالْعَبْدُ,1518,No,1,2:178,البقرة,1,15182
بِالْعَبْدِ,1519,No,1,2:178,البقرة,1,9050
وَالْأُنْثَى,1520,No,4,2:178,البقرة,4,2695
بِالْأُنْثَى,1521,No,2,2:178,البقرة,2,4603
عُفِيَ,1522,No,1,2:178,البقرة,1,11612
أَخِيهِ,1523,No,10,2:178,البقرة,6,899
شَيْءٌ,1524,No,11,2:178,البقرة,9,852
فَاتِّبَاعٌ,1525,No,1,2:178,البقرة,1,11890
بِالْمَعْرُوفِ,1526,No,20,2:178,البقرة,7,457
وَأَدَاءٌ,1527,No,1,2:178,البقرة,1,14663
بِإِحْسَانٍ,1528,No,3,2:178,البقرة,2,3074
تَخْفِيفٌ,1529,No,1,2:178,البقرة,1,9455
اعْتَدَى,1530,No,4,2:178,البقرة,2,2222
الْقِصَاصِ,1531,No,1,2:179,البقرة,1,8554
حَيَاةٌ,1532,No,1,2:179,البقرة,1,10286
أُولِي,1533,No,16,2:179,البقرة,13,564
الْأَلْبَابِ,1534,No,16,2:179,البقرة,10,566
أَحَدَكُمُ,1535,No,4,2:180,البقرة,4,2150
تَرَكَ,1536,No,12,2:180,البقرة,4,777
الْوَصِيَّةُ,1537,No,1,2:180,البقرة,1,8743
لِلْوَالِدَيْنِ,1538,No,1,2:180,البقرة,1,13496
وَالْأَقْرَبِينَ,1539,No,3,2:180,البقرة,2,3716
حَقًّا,1540,No,17,2:180,البقرة,11,542
الْمُتَّقِينَ,1541,No,23,2:180,البقرة,16,396
بَدَّلَهُ,1542,No,1,2:181,البقرة,1,8845
بَعْدَمَا,1543,No,3,2:181,البقرة,3,3052
سَمِعَهُ,1544,No,1,2:181,البقرة,1,10985
إِثْمُهُ,1545,No,1,2:181,البقرة,1,7639
يُبَدِّلُونَهُ,1546,No,1,2:181,البقرة,1,17234
سَمِيعٌ,1547,No,20,2:181,البقرة,11,462
خَافَ,1548,No,5,2:182,البقرة,5,1885
مُوصٍ,1549,No,1,2:182,البقرة,1,14137
جَنَفًا,1550,No,1,2:182,البقرة,1,10115
إِثْمًا,1551,No,7,2:182,البقرة,4,1275
فَأَصْلَحَ,1552,No,1,2:182,البقرة,1,11799
الصِّيَامُ,1553,No,1,2:183,البقرة,1,8094
مَعْدُودَاتٍ,1554,No,3,2:184,البقرة,2,3565
مَرِيضًا,1555,No,3,2:184,البقرة,1,3556
سَفَرٍ,1556,No,5,2:184,البقرة,3,1913
فَعِدَّةٌ,1557,No,2,2:184,البقرة,1,5468
أَيَّامٍ,1558,No,18,2:184,البقرة,13,506
أُخَرَ,1559,No,2,2:184,البقرة,1,4172
يُطِيقُونَهُ,1560,No,1,2:184,البقرة,1,17431
فِدْيَةٌ,1561,No,2,2:184,البقرة,2,5533
طَعَامُ,1562,No,3,2:184,البقرة,3,3317
مِسْكِينٍ,1563,No,1,2:184,البقرة,1,14165
فَهُوَ,1564,No,28,2:184,البقرة,21,326
تَصُومُوا,1565,No,1,2:184,البقرة,1,9592
شَهْرُ,1566,No,1,2:185,البقرة,1,11151
رَمَضَانَ,1567,No,1,2:185,البقرة,1,10715
الْقُرْآنُ,1568,No,8,2:185,البقرة,8,1146
وَبَيِّنَاتٍ,1569,No,1,2:185,البقرة,1,15311
وَالْفُرْقَانِ,1570,No,1,2:185,البقرة,1,15202
شَهِدَ,1571,No,4,2:185,البقرة,4,2456
مِنْكُمُ,1572,No,2,2:185,البقرة,2,5931
الشَّهْرَ,1573,No,2,2:185,البقرة,2,4290
فَلْيَصُمْهُ,1574,No,1,2:185,البقرة,1,12423
يُرِيدُ,1575,No,38,2:185,البقرة,21,249
الْيُسْرَ,1576,No,1,2:185,البقرة,1,8762
الْعُسْرَ,1577,No,1,2:185,البقرة,1,8462
وَلِتُكْمِلُوا,1578,No,1,2:185,البقرة,1,16109
الْعِدَّةَ,1579,No,2,2:185,البقرة,2,4416
وَلِتُكَبِّرُوا,1580,No,1,2:185,البقرة,1,16108
هَدَاكُمْ,1581,No,4,2:185,البقرة,3,2656
سَأَلَكَ,1582,No,1,2:186,البقرة,1,10863
عِبَادِي,1583,No,8,2:186,البقرة,7,1187
عَنِّي,1584,No,6,2:186,البقرة,5,1597
فَإِنِّي,1585,No,6,2:186,البقرة,6,1604
قَرِيبٌ,1586,No,8,2:186,البقرة,6,1194
أُجِيبُ,1587,No,1,2:186,البقرة,1,7556
دَعْوَةَ,1588,No,1,2:186,البقرة,1,10525
الدَّاعِ,1589,No,3,2:186,البقرة,2,2928
دَعَانِ,1590,No,1,2:186,البقرة,1,10518
فَلْيَسْتَجِيبُوا,1591,No,2,2:186,البقرة,2,5490
وَلْيُؤْمِنُوا,1592,No,1,2:186,البقرة,1,16177
بِي,1593,No,11,2:186,البقرة,10,834
لَعَلَّهُمْ,1594,No,41,2:186,البقرة,20,228
يَرْشُدُونَ,1595,No,1,2:186,البقرة,1,16842
أُحِلَّ,1596,No,5,2:187,البقرة,2,1756
لَيْلَةَ,1597,No,1,2:187,البقرة,1,13292
الصِّيَامِ,1598,No,1,2:187,البقرة,1,8095
الرَّفَثُ,1599,No,1,2:187,البقرة,1,7972
نِسَائِكُمْ,1600,No,4,2:187,البقرة,3,2649
هُنَّ,1601,No,7,2:187,البقرة,6,1406
لِبَاسٌ,1602,No,2,2:187,البقرة,1,5714
لَهُنَّ,1603,No,13,2:187,البقرة,5,727
أَنَّكُمْ,1604,No,14,2:187,البقرة,8,647
تَخْتَانُونَ,1605,No,1,2:187,البقرة,1,9438
وَعَفَا,1606,No,1,2:187,البقرة,1,15851
فَالْآنَ,1607,No,1,2:187,البقرة,1,12004
بَاشِرُوهُنَّ,1608,No,1,2:187,البقرة,1,8819
وَابْتَغُوا,1609,No,3,2:187,البقرة,3,3689
كَتَبَ,1610,No,8,2:187,البقرة,6,1199
وَكُلُوا,1611,No,5,2:187,البقرة,4,2066
يَتَبَيَّنَ,1612,No,3,2:187,البقرة,3,3855
الْخَيْطُ,1613,No,1,2:187,البقرة,1,8422
الْأَبْيَضُ,1614,No,1,2:187,البقرة,1,8189
الْخَيْطِ,1615,No,1,2:187,البقرة,1,8423
الْأَسْوَدِ,1616,No,1,2:187,البقرة,1,8213
الْفَجْرِ,1617,No,5,2:187,البقرة,4,1807
أَتِمُّوا,1618,No,1,2:187,البقرة,1,6871
الصِّيَامَ,1619,No,1,2:187,البقرة,1,8093
تُبَاشِرُوهُنَّ,1620,No,1,2:187,البقرة,1,9842
عَاكِفُونَ,1621,No,2,2:187,البقرة,2,5261
الْمَسَاجِدِ,1622,No,1,2:187,البقرة,1,8600
حُدُودُ,1623,No,6,2:187,البقرة,4,1561
تَقْرَبُوهَا,1624,No,1,2:187,البقرة,1,9704
يُبَيِّنُ,1625,No,12,2:187,البقرة,5,809
يَتَّقُونَ,1626,No,18,2:187,البقرة,12,525
تَأْكُلُوا,1627,No,8,2:188,البقرة,5,1157
أَمْوَالَكُمْ,1628,No,3,2:188,البقرة,3,2870
بَيْنَكُمْ,1629,No,23,2:188,البقرة,13,398
وَتُدْلُوا,1630,No,1,2:188,البقرة,1,15450
الْحُكَّامِ,1631,No,1,2:188,البقرة,1,8388
لِتَأْكُلُوا,1632,No,2,2:188,البقرة,2,5715
أَمْوَالِ,1633,No,2,2:188,البقرة,2,4133
يَسْأَلُونَكَ,1634,No,9,2:189,البقرة,5,1104
عَنِ,1635,No,70,2:189,البقرة,40,129
الْأَهِلَّةِ,1636,No,1,2:189,البقرة,1,8259
مَوَاقِيتُ,1637,No,1,2:189,البقرة,1,13851
وَالْحَجِّ,1638,No,1,2:189,البقرة,1,15162
وَلَيْسَ,1639,No,5,2:189,البقرة,5,2070
الْبِرُّ,1640,No,1,2:189,البقرة,1,8319
بِأَنْ,1641,No,3,2:189,البقرة,2,3071
تَأْتُوا,1642,No,1,2:189,البقرة,1,9294
الْبُيُوتَ,1643,No,2,2:189,البقرة,1,4371
ظُهُورِهَا,1644,No,1,2:189,البقرة,1,11415
مَنِ,1645,No,21,2:189,البقرة,16,447
اتَّقَى,1646,No,5,2:189,البقرة,4,1767
وَأْتُوا,1647,No,1,2:189,البقرة,1,14851
أَبْوَابِهَا,1648,No,1,2:189,البقرة,1,6823
تُفْلِحُونَ,1649,No,11,2:189,البقرة,8,839
وَقَاتِلُوا,1650,No,3,2:190,البقرة,2,3788
يُقَاتِلُونَكُمْ,1651,No,4,2:190,البقرة,3,2806
تَعْتَدُوا,1652,No,3,2:190,البقرة,2,3135
يُحِبُّ,1653,No,39,2:190,البقرة,18,240
الْمُعْتَدِينَ,1654,No,4,2:190,البقرة,4,2282
وَاقْتُلُوهُمْ,1655,No,3,2:191,البقرة,2,3702
ثَقِفْتُمُوهُمْ,1656,No,2,2:191,البقرة,2,4849
وَأَخْرِجُوهُمْ,1657,No,1,2:191,البقرة,1,14659
أَخْرَجُوكُمْ,1658,No,1,2:191,البقرة,1,6980
وَالْفِتْنَةُ,1659,No,2,2:191,البقرة,1,6166
الْقَتْلِ,1660,No,4,2:191,البقرة,3,2272
تُقَاتِلُوهُمْ,1661,No,1,2:191,البقرة,1,9962
يُقَاتِلُوكُمْ,1662,No,5,2:191,البقرة,4,2129
قَاتَلُوكُمْ,1663,No,2,2:191,البقرة,2,5537
فَاقْتُلُوهُمْ,1664,No,1,2:191,البقرة,1,11992
فَإِنِ,1665,No,8,2:192,البقرة,7,1189
انْتَهَوْا,1666,No,3,2:192,البقرة,2,3042
وَقَاتِلُوهُمْ,1667,No,2,2:193,البقرة,2,6316
تَكُونَ,1668,No,14,2:193,البقرة,10,666
الدِّينُ,1669,No,7,2:193,البقرة,7,1281
عُدْوَانَ,1670,No,2,2:193,البقرة,2,5306
الشَّهْرُ,1671,No,1,2:194,البقرة,1,8056
الْحَرَامُ,1672,No,1,2:194,البقرة,1,8356
بِالشَّهْرِ,1673,No,1,2:194,البقرة,1,9017
وَالْحُرُمَاتُ,1674,No,1,2:194,البقرة,1,15167
قِصَاصٌ,1675,No,2,2:194,البقرة,2,5593
فَاعْتَدُوا,1676,No,1,2:194,البقرة,1,11976
وَاعْلَمُوا,1677,No,18,2:194,البقرة,4,524
وَأَنْفِقُوا,1678,No,4,2:195,البقرة,4,2675
تُلْقُوا,1679,No,1,2:195,البقرة,1,9981
بِأَيْدِيكُمْ,1680,No,2,2:195,البقرة,2,4593
التَّهْلُكَةِ,1681,No,1,2:195,البقرة,1,7920
وَأَحْسِنُوا,1682,No,1,2:195,البقرة,1,14637
وَأَتِمُّوا,1683,No,1,2:196,البقرة,1,14617
الْحَجَّ,1684,No,2,2:196,البقرة,1,4380
وَالْعُمْرَةَ,1685,No,1,2:196,البقرة,1,15189
أُحْصِرْتُمْ,1686,No,1,2:196,البقرة,1,7562
اسْتَيْسَرَ,1687,No,2,2:196,البقرة,1,4238
الْهَدْيِ,1688,No,2,2:196,البقرة,1,4490
تَحْلِقُوا,1689,No,1,2:196,البقرة,1,9423
رُءُوسَكُمْ,1690,No,2,2:196,البقرة,2,5039
يَبْلُغَ,1691,No,5,2:196,البقرة,4,2083
الْهَدْيُ,1692,No,1,2:196,البقرة,1,8730
مَحِلَّهُ,1693,No,2,2:196,البقرة,2,5788
أَذًى,1694,No,7,2:196,البقرة,3,1264
رَأْسِهِ,1695,No,3,2:196,البقرة,3,3252
فَفِدْيَةٌ,1696,No,1,2:196,البقرة,1,12335
صِيَامٍ,1697,No,1,2:196,البقرة,1,11304
صَدَقَةٍ,1698,No,2,2:196,البقرة,1,5186
نُسُكٍ,1699,No,1,2:196,البقرة,1,14456
فَإِذَا,1700,No,86,2:196,البقرة,42,93
أَمِنْتُمْ,1701,No,4,2:196,البقرة,3,2181
تَمَتَّعَ,1702,No,1,2:196,البقرة,1,9746
بِالْعُمْرَةِ,1703,No,1,2:196,البقرة,1,9056
الْحَجِّ,1704,No,4,2:196,البقرة,2,2257
يَجِدْ,1705,No,7,2:196,البقرة,5,1435
فَصِيَامُ,1706,No,4,2:196,البقرة,4,2521
ثَلَاثَةِ,1707,No,2,2:196,البقرة,2,4853
وَسَبْعَةٍ,1708,No,1,2:196,البقرة,1,15708
رَجَعْتُمْ,1709,No,2,2:196,البقرة,2,5020
عَشَرَةٌ,1710,No,1,2:196,البقرة,1,11511
كَامِلَةٌ,1711,No,1,2:196,البقرة,1,12815
يَكُنْ,1712,No,27,2:196,البقرة,14,350
أَهْلُهُ,1713,No,1,2:196,البقرة,1,7481
حَاضِرِي,1714,No,1,2:196,البقرة,1,10188
الْعِقَابِ,1715,No,16,2:196,البقرة,9,569
الْحَجُّ,1716,No,1,2:197,البقرة,1,8354
أَشْهُرٌ,1717,No,1,2:197,البقرة,1,7137
مَعْلُومَاتٌ,1718,No,1,2:197,البقرة,1,13764
فَرَضَ,1719,No,4,2:197,البقرة,4,2518
فِيهِنَّ,1720,No,9,2:197,البقرة,8,1064
رَفَثَ,1721,No,1,2:197,البقرة,1,10704
فُسُوقَ,1722,No,1,2:197,البقرة,1,12571
جِدَالَ,1723,No,1,2:197,البقرة,1,10167
يَعْلَمْهُ,1724,No,2,2:197,البقرة,2,6549
وَتَزَوَّدُوا,1725,No,1,2:197,البقرة,1,15384
خَيْرَ,1726,No,4,2:197,البقرة,4,2409
الزَّادِ,1727,No,1,2:197,البقرة,1,7987
التَّقْوَى,1728,No,6,2:197,البقرة,6,1480
وَاتَّقُونِ,1729,No,1,2:197,البقرة,1,14896
جُنَاحٌ,1730,No,9,2:198,البقرة,5,1034
تَبْتَغُوا,1731,No,2,2:198,البقرة,2,4697
فَضْلًا,1732,No,9,2:198,البقرة,9,1060
أَفَضْتُمْ,1733,No,2,2:198,البقرة,2,4096
عَرَفَاتٍ,1734,No,1,2:198,البقرة,1,11489
فَاذْكُرُوا,1735,No,7,2:198,البقرة,4,1370
الْمَشْعَرِ,1736,No,1,2:198,البقرة,1,8606
وَاذْكُرُوهُ,1737,No,1,2:198,البقرة,1,14923
قَبْلِهِ,1738,No,15,2:198,البقرة,13,622
أَفِيضُوا,1739,No,2,2:199,البقرة,2,4100
أَفَاضَ,1740,No,1,2:199,البقرة,1,7245
وَاسْتَغْفِرُوا,1741,No,3,2:199,البقرة,3,3695
قَضَيْتُمْ,1742,No,1,2:200,البقرة,1,12677
مَنَاسِكَكُمْ,1743,No,1,2:200,البقرة,1,13826
كَذِكْرِكُمْ,1744,No,1,2:200,البقرة,1,12843
آبَاءَكُمْ,1745,No,3,2:200,البقرة,3,2814
أَشَدَّ,1746,No,9,2:200,البقرة,8,987
ذِكْرًا,1747,No,10,2:200,البقرة,7,929
فَمِنَ,1748,No,3,2:200,البقرة,3,3430
آتِنَا,1749,No,4,2:200,البقرة,2,2136
حَسَنَةً,1750,No,8,2:201,البقرة,5,1167
وَقِنَا,1751,No,2,2:201,البقرة,2,6327
عَذَابَ,1752,No,37,2:201,البقرة,21,257
نَصِيبٌ,1753,No,8,2:202,البقرة,2,1216
كَسَبُوا,1754,No,15,2:202,البقرة,11,625
سَرِيعُ,1755,No,9,2:202,البقرة,8,1042
الْحِسَابِ,1756,No,14,2:202,البقرة,8,658
تَعَجَّلَ,1757,No,1,2:203,البقرة,1,9627
يَوْمَيْنِ,1758,No,3,2:203,البقرة,2,3922
تَأَخَّرَ,1759,No,2,2:203,البقرة,2,4678
لِمَنِ,1760,No,6,2:203,البقرة,6,1637
تُحْشَرُونَ,1761,No,8,2:203,البقرة,8,1162
يُعْجِبُكَ,1762,No,1,2:204,البقرة,1,17457
قَوْلُهُ,1763,No,2,2:204,البقرة,2,5572
وَيُشْهِدُ,1764,No,1,2:204,البقرة,1,16551
قَلْبِهِ,1765,No,2,2:204,البقرة,2,5565
أَلَدُّ,1766,No,1,2:204,البقرة,1,7330
الْخِصَامِ,1767,No,2,2:204,البقرة,2,4401
تَوَلَّى,1768,No,9,2:205,البقرة,7,1027
سَعَى,1769,No,3,2:205,البقرة,3,3273
لِيُفْسِدَ,1770,No,1,2:205,البقرة,1,13600
وَيُهْلِكَ,1771,No,1,2:205,البقرة,1,16583
وَالنَّسْلَ,1772,No,1,2:205,البقرة,1,15089
الْفَسَادَ,1773,No,4,2:205,البقرة,4,2269
اتَّقِ,1774,No,2,2:206,البقرة,2,4214
أَخَذَتْهُ,1775,No,2,2:206,البقرة,2,4020
الْعِزَّةُ,1776,No,3,2:206,البقرة,3,2995
فَحَسْبُهُ,1777,No,1,2:206,البقرة,1,12155
جَهَنَّمُ,1778,No,18,2:206,البقرة,14,510
الْمِهَادُ,1779,No,5,2:206,البقرة,4,1818
يَشْرِي,1780,No,1,2:207,البقرة,1,16933
ابْتِغَاءَ,1781,No,10,2:207,البقرة,7,903
مَرْضَاتِ,1782,No,3,2:207,البقرة,2,3557
رَءُوفٌ,1783,No,6,2:207,البقرة,5,1568
بِالْعِبَادِ,1784,No,5,2:207,البقرة,3,1831
السِّلْمِ,1785,No,1,2:208,البقرة,1,8049
كَافَّةً,1786,No,5,2:208,البقرة,3,1971
زَلَلْتُمْ,1787,No,1,2:209,البقرة,1,10815
جَاءَتْكُمُ,1788,No,1,2:209,البقرة,1,10062
الْبَيِّنَاتُ,1789,No,7,2:209,البقرة,4,1293
فَاعْلَمُوا,1790,No,6,2:209,البقرة,5,1607
عَزِيزٌ,1791,No,23,2:209,البقرة,12,402
حَكِيمٌ,1792,No,35,2:209,البقرة,15,270
هَلْ,1793,No,66,2:210,البقرة,38,135
يَنْظُرُونَ,1794,No,19,2:210,البقرة,16,502
يَأْتِيَهُمُ,1795,No,3,2:210,البقرة,3,3851
ظُلَلٍ,1796,No,1,2:210,البقرة,1,11407
الْغَمَامِ,1797,No,1,2:210,البقرة,1,8483
وَالْمَلَائِكَةُ,1798,No,10,2:210,البقرة,9,962
وَقُضِيَ,1799,No,5,2:210,البقرة,4,2063
الْأَمْرُ,1800,No,12,2:210,البقرة,10,761
وَإِلَى,1801,No,27,2:210,البقرة,18,348
تُرْجَعُ,1802,No,6,2:210,البقرة,6,1551
الْأُمُورُ,1803,No,7,2:210,البقرة,7,1291
سَلْ,1804,No,1,2:211,البقرة,1,10975
كَمْ,1805,No,12,2:211,البقرة,10,792
آتَيْنَاهُمْ,1806,No,8,2:211,البقرة,7,1111
بَيِّنَةٍ,1807,No,9,2:211,البقرة,5,1016
يُبَدِّلْ,1808,No,1,2:211,البقرة,1,17235
نِعْمَةَ,1809,No,7,2:211,البقرة,6,1405
جَاءَتْهُ,1810,No,1,2:211,البقرة,1,10065
زُيِّنَ,1811,No,9,2:212,البقرة,9,1041
الْحَيَاةُ,1812,No,15,2:212,البقرة,12,606
وَيَسْخَرُونَ,1813,No,2,2:212,البقرة,2,6418
اتَّقَوْا,1814,No,15,2:212,البقرة,9,601
فَوْقَهُمْ,1815,No,6,2:212,البقرة,5,1617
يَرْزُقُ,1816,No,4,2:212,البقرة,4,2777
حِسَابٍ,1817,No,7,2:212,البقرة,6,1332
وَاحِدَةً,1818,No,18,2:213,البقرة,15,523
فَبَعَثَ,1819,No,2,2:213,البقرة,2,5411
مُبَشِّرِينَ,1820,No,4,2:213,البقرة,4,2613
وَمُنْذِرِينَ,1821,No,4,2:213,البقرة,4,2740
مَعَهُمُ,1822,No,2,2:213,البقرة,2,5815
لِيَحْكُمَ,1823,No,4,2:213,البقرة,3,2585
اخْتَلَفَ,1824,No,2,2:213,البقرة,2,4219
أُوتُوهُ,1825,No,1,2:213,البقرة,1,7628
جَاءَتْهُمُ,1826,No,7,2:213,البقرة,6,1327
فَهَدَى,1827,No,3,2:213,البقرة,3,3433
بِإِذْنِهِ,1828,No,9,2:213,البقرة,7,1019
حَسِبْتُمْ,1829,No,3,2:214,البقرة,3,3198
تَدْخُلُوا,1830,No,6,2:214,البقرة,5,1543
يَأْتِكُمْ,1831,No,6,2:214,البقرة,6,1697
مَثَلُ,1832,No,15,2:214,البقرة,13,631
مَسَّتْهُمُ,1833,No,1,2:214,البقرة,1,13715
الْبَأْسَاءُ,1834,No,1,2:214,البقرة,1,8288
وَالضَّرَّاءُ,1835,No,1,2:214,البقرة,1,15060
وَزُلْزِلُوا,1836,No,2,2:214,البقرة,2,6265
يَقُولَ,1837,No,4,2:214,البقرة,4,2788
مَعَهُ,1838,No,34,2:214,البقرة,23,280
مَتَى,1839,No,9,2:214,البقرة,9,1079
نَصْرُ,1840,No,3,2:214,البقرة,3,3630
نَصْرَ,1841,No,2,2:214,البقرة,2,5975
أَنْفَقْتُمْ,1842,No,4,2:215,البقرة,3,2187
فَلِلْوَالِدَيْنِ,1843,No,1,2:215,البقرة,1,12409
وَابْنِ,1844,No,5,2:215,البقرة,5,2029
الْقِتَالُ,1845,No,5,2:216,البقرة,3,1810
كُرْهٌ,1846,No,1,2:216,البقرة,1,12908
وَعَسَى,1847,No,2,2:216,البقرة,1,6298
تَكْرَهُوا,1848,No,2,2:216,البقرة,2,4779
تُحِبُّوا,1849,No,1,2:216,البقرة,1,9865
شَرٌّ,1850,No,6,2:216,البقرة,6,1583
الشَّهْرِ,1851,No,1,2:217,البقرة,1,8057
قِتَالٍ,1852,No,1,2:217,البقرة,1,12756
قِتَالٌ,1853,No,1,2:217,البقرة,1,12755
كَبِيرٌ,1854,No,8,2:217,البقرة,7,1198
وَصَدٌّ,1855,No,1,2:217,البقرة,1,15769
وَكُفْرٌ,1856,No,1,2:217,البقرة,1,16012
وَالْمَسْجِدِ,1857,No,2,2:217,البقرة,2,6173
وَإِخْرَاجُ,1858,No,1,2:217,البقرة,1,14854
أَهْلِهِ,1859,No,9,2:217,البقرة,6,996
أَكْبَرُ,1860,No,16,2:217,البقرة,12,560
يَزَالُونَ,1861,No,2,2:217,البقرة,2,6509
يَرُدُّوكُمْ,1862,No,3,2:217,البقرة,2,3878
دِينِكُمْ,1863,No,5,2:217,البقرة,4,1895
إِنِ,1864,No,13,2:217,البقرة,12,698
اسْتَطَاعُوا,1865,No,4,2:217,البقرة,4,2218
يَرْتَدِدْ,1866,No,1,2:217,البقرة,1,16834
دِينِهِ,1867,No,2,2:217,البقرة,2,4990
فَيَمُتْ,1868,No,1,2:217,البقرة,1,12529
كَافِرٌ,1869,No,2,2:217,البقرة,2,5600
حَبِطَتْ,1870,No,6,2:217,البقرة,5,1557
أَعْمَالُهُمْ,1871,No,9,2:217,البقرة,8,988
وَالْآخِرَةِ,1872,No,15,2:217,البقرة,9,635
هَاجَرُوا,1873,No,5,2:218,البقرة,4,2020
وَجَاهَدُوا,1874,No,6,2:218,البقرة,4,1677
يَرْجُونَ,1875,No,11,2:218,البقرة,8,889
رَحْمَتَ,1876,No,3,2:218,البقرة,3,3256
الْخَمْرِ,1877,No,2,2:219,البقرة,2,4393
وَالْمَيْسِرِ,1878,No,2,2:219,البقرة,2,6176
فِيهِمَا,1879,No,8,2:219,البقرة,5,1193
إِثْمٌ,1880,No,2,2:219,البقرة,2,4192
وَمَنَافِعُ,1881,No,3,2:219,البقرة,3,3816
وَإِثْمُهُمَا,1882,No,1,2:219,البقرة,1,14852
نَفْعِهِمَا,1883,No,1,2:219,البقرة,1,14382
وَيَسْأَلُونَكَ,1884,No,6,2:219,البقرة,4,1692
قُلِ,1885,No,30,2:219,البقرة,17,309
الْعَفْوَ,1886,No,2,2:219,البقرة,2,4407
تَتَفَكَّرُونَ,1887,No,3,2:219,البقرة,2,3113
الْيَتَامَى,1888,No,5,2:220,البقرة,2,1819
إِصْلَاحٌ,1889,No,1,2:220,البقرة,1,7667
تُخَالِطُوهُمْ,1890,No,1,2:220,البقرة,1,9877
فَإِخْوَانُكُمْ,1891,No,3,2:220,البقرة,3,3387
الْمُفْسِدَ,1892,No,1,2:220,البقرة,1,8698
الْمُصْلِحِ,1893,No,1,2:220,البقرة,1,8681
لَأَعْنَتَكُمْ,1894,No,1,2:220,البقرة,1,12960
تَنْكِحُوا,1895,No,3,2:221,البقرة,3,3153
الْمُشْرِكَاتِ,1896,No,1,2:221,البقرة,1,8675
يُؤْمِنَّ,1897,No,2,2:221,البقرة,1,6612
وَلَأَمَةٌ,1898,No,1,2:221,البقرة,1,16022
مُؤْمِنَةٌ,1899,No,1,2:221,البقرة,1,13890
مُشْرِكَةٍ,1900,No,1,2:221,البقرة,1,14021
أَعْجَبَتْكُمْ,1901,No,2,2:221,البقرة,2,4078
تُنْكِحُوا,1902,No,1,2:221,البقرة,1,9999
وَلَعَبْدٌ,1903,No,1,2:221,البقرة,1,16049
مُؤْمِنٌ,1904,No,10,2:221,البقرة,8,954
مُشْرِكٍ,1905,No,1,2:221,البقرة,1,14019
أَعْجَبَكُمْ,1906,No,1,2:221,البقرة,1,7206
يَدْعُونَ,1907,No,23,2:221,البقرة,21,408
يَدْعُو,1908,No,8,2:221,البقرة,7,1243
وَالْمَغْفِرَةِ,1909,No,1,2:221,البقرة,1,15227
وَيُبَيِّنُ,1910,No,2,2:221,البقرة,2,6431
يَتَذَكَّرُونَ,1911,No,7,2:221,البقرة,5,1432
الْمَحِيضِ,1912,No,3,2:222,البقرة,2,3017
فَاعْتَزِلُوا,1913,No,1,2:222,البقرة,1,11979
النِّسَاءَ,1914,No,9,2:222,البقرة,4,1005
تَقْرَبُوهُنَّ,1915,No,1,2:222,البقرة,1,9705
يَطْهُرْنَ,1916,No,1,2:222,البقرة,1,16984
تَطَهَّرْنَ,1917,No,1,2:222,البقرة,1,9613
فَأْتُوهُنَّ,1918,No,1,2:222,البقرة,1,11864
أَمَرَكُمُ,1919,No,1,2:222,البقرة,1,7369
التَّوَّابِينَ,1920,No,1,2:222,البقرة,1,7921
وَيُحِبُّ,1921,No,1,2:222,البقرة,1,16519
الْمُتَطَهِّرِينَ,1922,No,1,2:222,البقرة,1,8643
نِسَاؤُكُمْ,1923,No,1,2:223,البقرة,1,14527
حَرْثٌ,1924,No,1,2:223,البقرة,1,10219
حَرْثَكُمْ,1925,No,1,2:223,البقرة,1,10220
أَنَّى,1926,No,15,2:223,البقرة,9,593
وَقَدِّمُوا,1927,No,1,2:223,البقرة,1,15939
مُلَاقُوهُ,1928,No,1,2:223,البقرة,1,14084
الْمُؤْمِنِينَ,1929,No,78,2:223,البقرة,28,114
عُرْضَةً,1930,No,1,2:224,البقرة,1,11605
لِأَيْمَانِكُمْ,1931,No,1,2:224,البقرة,1,13329
تَبَرُّوا,1932,No,1,2:224,البقرة,1,9332
وَتَتَّقُوا,1933,No,8,2:224,البقرة,4,1229
وَتُصْلِحُوا,1934,No,1,2:224,البقرة,1,15455
يُؤَاخِذُكُمُ,1935,No,2,2:225,البقرة,2,6600
بِاللَّغْوِ,1936,No,3,2:225,البقرة,3,3079
أَيْمَانِكُمْ,1937,No,4,2:225,البقرة,3,2201
يُؤَاخِذُكُمْ,1938,No,2,2:225,البقرة,2,6601
حَلِيمٌ,1939,No,9,2:225,البقرة,7,1035
يُؤْلُونَ,1940,No,1,2:226,البقرة,1,17226
نِسَائِهِمْ,1941,No,3,2:226,البقرة,2,3650
تَرَبُّصُ,1942,No,1,2:226,البقرة,1,9492
أَرْبَعَةِ,1943,No,2,2:226,البقرة,2,4041
أَشْهُرٍ,1944,No,4,2:226,البقرة,3,2165
فَاءُوا,1945,No,1,2:226,البقرة,1,11877
عَزَمُوا,1946,No,1,2:227,البقرة,1,11502
الطَّلَاقَ,1947,No,1,2:227,البقرة,1,8111
وَالْمُطَلَّقَاتُ,1948,No,1,2:228,البقرة,1,15247
يَتَرَبَّصْنَ,1949,No,2,2:228,البقرة,1,6462
بِأَنْفُسِهِنَّ,1950,No,2,2:228,البقرة,1,4590
ثَلَاثَةَ,1951,No,3,2:228,البقرة,3,3171
قُرُوءٍ,1952,No,1,2:228,البقرة,1,12724
يَحِلُّ,1953,No,4,2:228,البقرة,3,2769
يَكْتُمْنَ,1954,No,1,2:228,البقرة,1,17097
أَرْحَامِهِنَّ,1955,No,1,2:228,البقرة,1,7049
كُنَّ,1956,No,3,2:228,البقرة,3,3488
وَبُعُولَتُهُنَّ,1957,No,1,2:228,البقرة,1,15314
أَحَقُّ,1958,No,9,2:228,البقرة,6,983
بِرَدِّهِنَّ,1959,No,1,2:228,البقرة,1,9138
أَرَادُوا,1960,No,4,2:228,البقرة,4,2157
إِصْلَاحًا,1961,No,2,2:228,البقرة,2,4195
وَلَهُنَّ,1962,No,2,2:228,البقرة,2,6355
مِثْلُ,1963,No,8,2:228,البقرة,5,1211
عَلَيْهِنَّ,1964,No,11,2:228,البقرة,6,854
وَلِلرِّجَالِ,1965,No,1,2:228,البقرة,1,16117
دَرَجَةٌ,1966,No,1,2:228,البقرة,1,10513
الطَّلَاقُ,1967,No,1,2:229,البقرة,1,8112
مَرَّتَانِ,1968,No,1,2:229,البقرة,1,13692
فَإِمْسَاكٌ,1969,No,1,2:229,البقرة,1,11875
بِمَعْرُوفٍ,1970,No,6,2:229,البقرة,2,1537
تَسْرِيحٌ,1971,No,1,2:229,البقرة,1,9567
تَأْخُذُوا,1972,No,2,2:229,البقرة,2,4683
آتَيْتُمُوهُنَّ,1973,No,4,2:229,البقرة,4,2135
يَخَافَا,1974,No,1,2:229,البقرة,1,16775
أَلَّا,1975,No,45,2:229,البقرة,23,209
يُقِيمَا,1976,No,3,2:229,البقرة,1,3949
حُدُودَ,1977,No,6,2:229,البقرة,3,1560
خِفْتُمْ,1978,No,7,2:229,البقرة,3,1337
عَلَيْهِمَا,1979,No,8,2:229,البقرة,6,1182
افْتَدَتْ,1980,No,1,2:229,البقرة,1,7885
تَعْتَدُوهَا,1981,No,1,2:229,البقرة,1,9635
يَتَعَدَّ,1982,No,2,2:229,البقرة,2,6467
الظَّالِمُونَ,1983,No,24,2:229,البقرة,19,374
طَلَّقَهَا,1984,No,2,2:230,البقرة,1,5229
تَحِلُّ,1985,No,1,2:230,البقرة,1,9403
بَعْدُ,1986,No,9,2:230,البقرة,9,1013
تَنْكِحَ,1987,No,1,2:230,البقرة,1,9802
زَوْجًا,1988,No,1,2:230,البقرة,1,10824
غَيْرَهُ,1989,No,2,2:230,البقرة,2,5331
يَتَرَاجَعَا,1990,No,1,2:230,البقرة,1,16689
ظَنَّا,1991,No,1,2:230,البقرة,1,11397
وَتِلْكَ,1992,No,11,2:230,البقرة,11,879
يُبَيِّنُهَا,1993,No,1,2:230,البقرة,1,17243
طَلَّقْتُمُ,1994,No,4,2:231,البقرة,2,2469
فَبَلَغْنَ,1995,No,2,2:231,البقرة,1,5412
أَجَلَهُنَّ,1996,No,4,2:231,البقرة,2,2148
فَأَمْسِكُوهُنَّ,1997,No,3,2:231,البقرة,3,3380
سَرِّحُوهُنَّ,1998,No,1,2:231,البقرة,1,10938
تُمْسِكُوهُنَّ,1999,No,1,2:231,البقرة,1,9989
ضِرَارًا,2000,No,2,2:231,البقرة,2,5215
لِتَعْتَدُوا,2001,No,1,2:231,البقرة,1,13366
يَفْعَلْ,2002,No,7,2:231,البقرة,6,1444
ظَلَمَ,2003,No,4,2:231,البقرة,4,2472
تَتَّخِذُوا,2004,No,13,2:231,البقرة,8,715
آيَاتِ,2005,No,21,2:231,البقرة,14,432
نِعْمَتَ,2006,No,8,2:231,البقرة,6,1217
وَالْحِكْمَةِ,2007,No,2,2:231,البقرة,2,6163
يَعِظُكُمْ,2008,No,3,2:231,البقرة,3,3899
تَعْضُلُوهُنَّ,2009,No,2,2:232,البقرة,2,4760
يَنْكِحْنَ,2010,No,1,2:232,البقرة,1,17187
أَزْوَاجَهُنَّ,2011,No,1,2:232,البقرة,1,7074
تَرَاضَوْا,2012,No,1,2:232,البقرة,1,9487
يُوعَظُ,2013,No,2,2:232,البقرة,2,6691
يُؤْمِنُ,2014,No,18,2:232,البقرة,15,527
أَزْكَى,2015,No,4,2:232,البقرة,3,2162
وَأَطْهَرُ,2016,No,2,2:232,البقرة,2,6056
وَالْوَالِدَاتُ,2017,No,1,2:233,البقرة,1,15256
يُرْضِعْنَ,2018,No,1,2:233,البقرة,1,17357
أَوْلَادَهُنَّ,2019,No,2,2:233,البقرة,2,4160
حَوْلَيْنِ,2020,No,1,2:233,البقرة,1,10281
كَامِلَيْنِ,2021,No,1,2:233,البقرة,1,12816
يُتِمَّ,2022,No,2,2:233,البقرة,2,6618
الرَّضَاعَةَ,2023,No,1,2:233,البقرة,1,7969
الْمَوْلُودِ,2024,No,1,2:233,البقرة,1,8636
رِزْقُهُنَّ,2025,No,1,2:233,البقرة,1,10774
وَكِسْوَتُهُنَّ,2026,No,1,2:233,البقرة,1,16020
تُكَلَّفُ,2027,No,2,2:233,البقرة,2,4836
وُسْعَهَا,2028,No,5,2:233,البقرة,4,2077
تُضَارَّ,2029,No,1,2:233,البقرة,1,9935
وَالِدَةٌ,2030,No,1,2:233,البقرة,1,15101
بِوَلَدِهَا,2031,No,1,2:233,البقرة,1,9287
مَوْلُودٌ,2032,No,2,2:233,البقرة,2,5856
بِوَلَدِهِ,2033,No,1,2:233,البقرة,1,9288
الْوَارِثِ,2034,No,1,2:233,البقرة,1,8734
أَرَادَا,2035,No,1,2:233,البقرة,1,7022
فِصَالًا,2036,No,1,2:233,البقرة,1,12591
تَرَاضٍ,2037,No,2,2:233,البقرة,2,4723
وَتَشَاوُرٍ,2038,No,1,2:233,البقرة,1,15391
أَرَدْتُمْ,2039,No,2,2:233,البقرة,2,4035
تَسْتَرْضِعُوا,2040,No,1,2:233,البقرة,1,9546
أَوْلَادَكُمْ,2041,No,3,2:233,البقرة,3,2888
سَلَّمْتُمْ,2042,No,1,2:233,البقرة,1,10974
آتَيْتُمْ,2043,No,3,2:233,البقرة,2,2819
يُتَوَفَّوْنَ,2044,No,2,2:234,البقرة,1,6616
وَيَذَرُونَ,2045,No,3,2:234,البقرة,2,3834
أَزْوَاجًا,2046,No,14,2:234,البقرة,11,644
أَرْبَعَةَ,2047,No,2,2:234,البقرة,2,4040
وَعَشْرًا,2048,No,1,2:234,البقرة,1,15847
بَلَغْنَ,2049,No,2,2:234,البقرة,2,4550
فَعَلْنَ,2050,No,2,2:234,البقرة,1,5466
أَنْفُسِهِنَّ,2051,No,2,2:234,البقرة,1,4146
خَبِيرٌ,2052,No,23,2:234,البقرة,16,400
عَرَّضْتُمْ,2053,No,1,2:235,البقرة,1,11490
خِطْبَةِ,2054,No,1,2:235,البقرة,1,10472
النِّسَاءِ,2055,No,14,2:235,البقرة,7,655
أَكْنَنْتُمْ,2056,No,1,2:235,البقرة,1,7328
أَنْفُسِكُمْ,2057,No,15,2:235,البقرة,11,595
سَتَذْكُرُونَهُنَّ,2058,No,1,2:235,البقرة,1,10920
تُوَاعِدُوهُنَّ,2059,No,1,2:235,البقرة,1,10009
سِرًّا,2060,No,6,2:235,البقرة,5,1582
مَعْرُوفًا,2061,No,6,2:235,البقرة,4,1641
تَعْزِمُوا,2062,No,1,2:235,البقرة,1,9645
عُقْدَةَ,2063,No,1,2:235,البقرة,1,11616
النِّكَاحِ,2064,No,2,2:235,البقرة,1,4320
أَجَلَهُ,2065,No,1,2:235,البقرة,1,6896
فَاحْذَرُوهُ,2066,No,1,2:235,البقرة,1,11903
تَمَسُّوهُنَّ,2067,No,3,2:236,البقرة,2,3148
تَفْرِضُوا,2068,No,1,2:236,البقرة,1,9673
فَرِيضَةً,2069,No,5,2:236,البقرة,3,1951
وَمَتِّعُوهُنَّ,2070,No,1,2:236,البقرة,1,16186
الْمُوسِعِ,2071,No,1,2:236,البقرة,1,8718
قَدَرُهُ,2072,No,2,2:236,البقرة,1,5548
الْمُقْتِرِ,2073,No,1,2:236,البقرة,1,8705
مَتَاعًا,2074,No,7,2:236,البقرة,6,1388
طَلَّقْتُمُوهُنَّ,2075,No,2,2:237,البقرة,2,5230
قَبْلِ,2076,No,25,2:237,البقرة,18,368
فَرَضْتُمْ,2077,No,2,2:237,البقرة,1,5441
فَنِصْفُ,2078,No,1,2:237,البقرة,1,12476
يَعْفُونَ,2079,No,1,2:237,البقرة,1,17013
يَعْفُوَ,2080,No,2,2:237,البقرة,2,6547
بِيَدِهِ,2081,No,5,2:237,البقرة,4,1841
عُقْدَةُ,2082,No,1,2:237,البقرة,1,11617
تَعْفُوا,2083,No,3,2:237,البقرة,3,3137
أَقْرَبُ,2084,No,9,2:237,البقرة,9,990
لِلتَّقْوَى,2085,No,4,2:237,البقرة,4,2579
تَنْسَوُا,2086,No,1,2:237,البقرة,1,9787
الْفَضْلَ,2087,No,3,2:237,البقرة,3,3001
حَافِظُوا,2088,No,1,2:238,البقرة,1,10192
الصَّلَوَاتِ,2089,No,1,2:238,البقرة,1,8081
الْوُسْطَى,2090,No,1,2:238,البقرة,1,8755
وَقُومُوا,2091,No,1,2:238,البقرة,1,15977
قَانِتِينَ,2092,No,1,2:238,البقرة,1,12621
فَرِجَالًا,2093,No,1,2:239,البقرة,1,12207
رُكْبَانًا,2094,No,1,2:239,البقرة,1,10751
عَلَّمَكُمْ,2095,No,1,2:239,البقرة,1,11547
وَصِيَّةً,2096,No,2,2:240,البقرة,2,6285
لِأَزْوَاجِهِمْ,2097,No,1,2:240,البقرة,1,13314
الْحَوْلِ,2098,No,1,2:240,البقرة,1,8377
إِخْرَاجٍ,2099,No,1,2:240,البقرة,1,7643
خَرَجْنَ,2100,No,1,2:240,البقرة,1,10392
مَعْرُوفٍ,2101,No,3,2:240,البقرة,3,3566
وَلِلْمُطَلَّقَاتِ,2102,No,1,2:241,البقرة,1,16121
مَتَاعٌ,2103,No,7,2:241,البقرة,7,1389
تَرَ,2104,No,31,2:243,البقرة,17,296
خَرَجُوا,2105,No,5,2:243,البقرة,5,1886
أُلُوفٌ,2106,No,1,2:243,البقرة,1,7613
مُوتُوا,2107,No,2,2:243,البقرة,2,5919
أَحْيَاهُمْ,2108,No,1,2:243,البقرة,1,6949
لَذُو,2109,No,8,2:243,البقرة,8,1204
فَضْلٍ,2110,No,10,2:243,البقرة,7,944
أَكْثَرَ,2111,No,25,2:243,البقرة,16,361
يَشْكُرُونَ,2112,No,9,2:243,البقرة,8,1105
ذَا,2113,No,18,2:245,البقرة,15,512
يُقْرِضُ,2114,No,2,2:245,البقرة,2,6672
قَرْضًا,2115,No,6,2:245,البقرة,5,1622
حَسَنًا,2116,No,18,2:245,البقرة,15,511
فَيُضَاعِفَهُ,2117,No,2,2:245,البقرة,2,5521
أَضْعَافًا,2118,No,2,2:245,البقرة,2,4071
كَثِيرَةً,2119,No,4,2:245,البقرة,2,2545
يَقْبِضُ,2120,No,1,2:245,البقرة,1,17062
وَيَبْسُطُ,2121,No,1,2:245,البقرة,1,16377
وَإِلَيْهِ,2122,No,22,2:245,البقرة,15,429
الْمَلَإِ,2123,No,2,2:246,البقرة,2,4464
لِنَبِيٍّ,2124,No,3,2:246,البقرة,3,3535
ابْعَثْ,2125,No,1,2:246,البقرة,1,7717
مَلِكًا,2126,No,2,2:246,البقرة,1,5838
نُقَاتِلْ,2127,No,1,2:246,البقرة,1,14487
عَسَيْتُمْ,2128,No,2,2:246,البقرة,2,5284
تُقَاتِلُوا,2129,No,2,2:246,البقرة,2,4833
نُقَاتِلَ,2130,No,1,2:246,البقرة,1,14486
أُخْرِجْنَا,2131,No,1,2:246,البقرة,1,7579
دِيَارِنَا,2132,No,1,2:246,البقرة,1,10573
وَأَبْنَائِنَا,2133,No,1,2:246,البقرة,1,14614
نَبِيُّهُمْ,2134,No,2,2:247,البقرة,1,5943
بَعَثَ,2135,No,4,2:247,البقرة,4,2298
طَالُوتَ,2136,No,1,2:247,البقرة,1,11343
يَكُونُ,2137,No,18,2:247,البقرة,14,526
الْمُلْكُ,2138,No,10,2:247,البقرة,9,917
بِالْمُلْكِ,2139,No,1,2:247,البقرة,1,9068
وَلَمْ,2140,No,47,2:247,البقرة,24,201
يُؤْتَ,2141,No,2,2:247,البقرة,1,6603
سَعَةً,2142,No,1,2:247,البقرة,1,10939
الْمَالِ,2143,No,1,2:247,البقرة,1,8581
اصْطَفَاهُ,2144,No,1,2:247,البقرة,1,7858
وَزَادَهُ,2145,No,1,2:247,البقرة,1,15679
بَسْطَةً,2146,No,2,2:247,البقرة,2,4531
وَالْجِسْمِ,2147,No,1,2:247,البقرة,1,15156
يُؤْتِي,2148,No,3,2:247,البقرة,2,3926
مُلْكَهُ,2149,No,2,2:247,البقرة,2,5910
آيَةَ,2150,No,3,2:248,البقرة,2,2827
مُلْكِهِ,2151,No,1,2:248,البقرة,1,14089
يَأْتِيَكُمُ,2152,No,3,2:248,البقرة,2,3849
التَّابُوتُ,2153,No,1,2:248,البقرة,1,7908
سَكِينَةٌ,2154,No,1,2:248,البقرة,1,10964
وَبَقِيَّةٌ,2155,No,1,2:248,البقرة,1,15298
آلُ,2156,No,2,2:248,البقرة,2,3974
وَآلُ,2157,No,1,2:248,البقرة,1,14595
هَارُونَ,2158,No,9,2:248,البقرة,7,1087
تَحْمِلُهُ,2159,No,2,2:248,البقرة,2,4713
الْمَلَائِكَةُ,2160,No,21,2:248,البقرة,15,438
لَآيَةً,2161,No,20,2:248,البقرة,9,469
فَصَلَ,2162,No,1,2:249,البقرة,1,12260
طَالُوتُ,2163,No,1,2:249,البقرة,1,11344
بِالْجُنُودِ,2164,No,1,2:249,البقرة,1,9040
مُبْتَلِيكُمْ,2165,No,1,2:249,البقرة,1,13896
بِنَهَرٍ,2166,No,1,2:249,البقرة,1,9273
شَرِبَ,2167,No,1,2:249,البقرة,1,11124
فَلَيْسَ,2168,No,7,2:249,البقرة,6,1376
يَطْعَمْهُ,2169,No,1,2:249,البقرة,1,16979
اغْتَرَفَ,2170,No,1,2:249,البقرة,1,7882
غُرْفَةً,2171,No,1,2:249,البقرة,1,11713
فَشَرِبُوا,2172,No,1,2:249,البقرة,1,12249
جَاوَزَهُ,2173,No,1,2:249,البقرة,1,10086
طَاقَةَ,2174,No,2,2:249,البقرة,1,5224
الْيَوْمَ,2175,No,38,2:249,البقرة,23,242
بِجَالُوتَ,2176,No,1,2:249,البقرة,1,9094
وَجُنُودِهِ,2177,No,2,2:249,البقرة,1,6229
فِئَةٍ,2178,No,3,2:249,البقرة,3,3439
قَلِيلَةٍ,2179,No,1,2:249,البقرة,1,12685
غَلَبَتْ,2180,No,2,2:249,البقرة,2,5325
فِئَةً,2181,No,2,2:249,البقرة,2,5529
بَرَزُوا,2182,No,2,2:250,البقرة,2,4528
لِجَالُوتَ,2183,No,1,2:250,البقرة,1,13388
أَفْرِغْ,2184,No,2,2:250,البقرة,2,4102
صَبْرًا,2185,No,8,2:250,البقرة,4,1179
وَثَبِّتْ,2186,No,2,2:250,البقرة,2,6216
أَقْدَامَنَا,2187,No,2,2:250,البقرة,2,4109
وَانْصُرْنَا,2188,No,2,2:250,البقرة,2,6187
الْقَوْمِ,2189,No,31,2:250,البقرة,18,295
فَهَزَمُوهُمْ,2190,No,1,2:251,البقرة,1,12481
وَقَتَلَ,2191,No,1,2:251,البقرة,1,15930
دَاوُودُ,2192,No,3,2:251,البقرة,2,3236
جَالُوتَ,2193,No,1,2:251,البقرة,1,10079
وَآتَاهُ,2194,No,1,2:251,البقرة,1,14579
الْمُلْكَ,2195,No,4,2:251,البقرة,2,2285
وَعَلَّمَهُ,2196,No,1,2:251,البقرة,1,15858
وَلَوْلَا,2197,No,24,2:251,البقرة,17,387
دَفْعُ,2198,No,2,2:251,البقرة,2,4982
بَعْضَهُمْ,2199,No,10,2:251,البقرة,8,919
لَفَسَدَتِ,2200,No,2,2:251,البقرة,2,5680
آيَاتُ,2201,No,13,2:252,البقرة,12,692
نَتْلُوهَا,2202,No,3,2:252,البقرة,3,3623
عَلَيْكَ,2203,No,56,2:252,البقرة,29,160
وَإِنَّكَ,2204,No,6,2:252,البقرة,6,1667
الْمُرْسَلِينَ,2205,No,24,2:252,البقرة,10,376
الرُّسُلُ,2206,No,7,2:253,البقرة,7,1282
فَضَّلْنَا,2207,No,4,2:253,البقرة,3,2523
كَلَّمَ,2208,No,1,2:253,البقرة,1,12878
وَرَفَعَ,2209,No,3,2:253,البقرة,3,3760
دَرَجَاتٍ,2210,No,8,2:253,البقرة,7,1172
اقْتَتَلَ,2211,No,1,2:253,البقرة,1,7889
بَعْدِهِمْ,2212,No,17,2:253,البقرة,11,539
وَلَكِنِ,2213,No,2,2:253,البقرة,2,6349
فَمِنْهُمْ,2214,No,11,2:253,البقرة,11,861
اقْتَتَلُوا,2215,No,2,2:253,البقرة,2,4249
أَنْفِقُوا,2216,No,4,2:254,البقرة,3,2188
يَوْمٌ,2217,No,9,2:254,البقرة,7,1106
بَيْعٌ,2218,No,3,2:254,البقرة,3,3063
خُلَّةٌ,2219,No,1,2:254,البقرة,1,10461
وَالْكَافِرُونَ,2220,No,3,2:254,البقرة,3,3724
الْحَيُّ,2221,No,3,2:255,البقرة,3,2990
الْقَيُّومُ,2222,No,2,2:255,البقرة,2,4441
تَأْخُذُهُ,2223,No,1,2:255,البقرة,1,9303
سِنَةٌ,2224,No,1,2:255,البقرة,1,11089
نَوْمٌ,2225,No,1,2:255,البقرة,1,14424
يَشْفَعُ,2226,No,1,2:255,البقرة,1,16934
خَلْفَهُمْ,2227,No,7,2:255,البقرة,7,1334
يُحِيطُونَ,2228,No,2,2:255,البقرة,2,6624
عِلْمِهِ,2229,No,1,2:255,البقرة,1,11651
وَسِعَ,2230,No,4,2:255,البقرة,4,2714
كُرْسِيُّهُ,2231,No,1,2:255,البقرة,1,12906
وَالْأَرْضَ,2232,No,41,2:255,البقرة,32,231
يَئُودُهُ,2233,No,1,2:255,البقرة,1,16651
حِفْظُهُمَا,2234,No,1,2:255,البقرة,1,10339
الْعَلِيُّ,2235,No,5,2:255,البقرة,5,1805
الْعَظِيمُ,2236,No,16,2:255,البقرة,12,568
إِكْرَاهَ,2237,No,1,2:256,البقرة,1,7678
الرُّشْدُ,2238,No,1,2:256,البقرة,1,7977
الْغَيِّ,2239,No,3,2:256,البقرة,2,2998
بِالطَّاغُوتِ,2240,No,1,2:256,البقرة,1,9019
وَيُؤْمِنْ,2241,No,1,2:256,البقرة,1,16504
اسْتَمْسَكَ,2242,No,2,2:256,البقرة,2,4237
بِالْعُرْوَةِ,2243,No,2,2:256,البقرة,2,4613
الْوُثْقَى,2244,No,2,2:256,البقرة,2,4500
انْفِصَامَ,2245,No,1,2:256,البقرة,1,8790
وَلِيُّ,2246,No,3,2:257,البقرة,3,3809
يُخْرِجُهُمْ,2247,No,1,2:257,البقرة,1,17316
الظُّلُمَاتِ,2248,No,12,2:257,البقرة,8,759
النُّورِ,2249,No,8,2:257,البقرة,6,1138
أَوْلِيَاؤُهُمُ,2250,No,1,2:257,البقرة,1,7517
الطَّاغُوتُ,2251,No,1,2:257,البقرة,1,8106
يُخْرِجُونَهُمْ,2252,No,1,2:257,البقرة,1,17320
حَاجَّ,2253,No,1,2:258,البقرة,1,10175
آتَاهُ,2254,No,2,2:258,البقرة,2,3963
رَبِّيَ,2255,No,3,2:258,البقرة,3,3255
وَيُمِيتُ,2256,No,9,2:258,البقرة,9,1101
أَنَا,2257,No,49,2:258,البقرة,28,183
أُحْيِي,2258,No,1,2:258,البقرة,1,7565
وَأُمِيتُ,2259,No,1,2:258,البقرة,1,14840
يَأْتِي,2260,No,8,2:258,البقرة,7,1240
بِالشَّمْسِ,2261,No,1,2:258,البقرة,1,9015
فَأْتِ,2262,No,4,2:258,البقرة,3,2503
الْمَغْرِبِ,2263,No,1,2:258,البقرة,1,8612
فَبُهِتَ,2264,No,1,2:258,البقرة,1,12059
الْقَوْمَ,2265,No,26,2:258,البقرة,15,355
كَالَّذِي,2266,No,5,2:259,البقرة,4,1972
مَرَّ,2267,No,4,2:259,البقرة,4,2595
قَرْيَةٍ,2268,No,19,2:259,البقرة,15,496
وَهِيَ,2269,No,10,2:259,البقرة,8,966
خَاوِيَةٌ,2270,No,3,2:259,البقرة,3,3220
عُرُوشِهَا,2271,No,3,2:259,البقرة,3,3352
فَأَمَاتَهُ,2272,No,1,2:259,البقرة,1,11830
مِائَةَ,2273,No,3,2:259,البقرة,2,3613
عَامٍ,2274,No,3,2:259,البقرة,2,3326
بَعَثَهُ,2275,No,1,2:259,البقرة,1,8876
لَبِثْتَ,2276,No,2,2:259,البقرة,1,5653
لَبِثْتُ,2277,No,2,2:259,البقرة,2,5654
بَعْضَ,2278,No,14,2:259,البقرة,14,660
يَوْمٍ,2279,No,28,2:259,البقرة,22,332
فَانْظُرْ,2280,No,13,2:259,البقرة,8,722
طَعَامِكَ,2281,No,1,2:259,البقرة,1,11358
وَشَرَابِكَ,2282,No,1,2:259,البقرة,1,15753
يَتَسَنَّهْ,2283,No,1,2:259,البقرة,1,16693
وَانْظُرْ,2284,No,3,2:259,البقرة,2,3730
حِمَارِكَ,2285,No,1,2:259,البقرة,1,10343
وَلِنَجْعَلَكَ,2286,No,1,2:259,البقرة,1,16123
آيَةً,2287,No,23,2:259,البقرة,18,389
الْعِظَامِ,2288,No,1,2:259,البقرة,1,8471
نُنْشِزُهَا,2289,No,1,2:259,البقرة,1,14509
نَكْسُوهَا,2290,No,1,2:259,البقرة,1,14409
لَحْمًا,2291,No,4,2:259,البقرة,4,2562
أَرِنِي,2292,No,2,2:260,البقرة,2,4038
تُحْيِي,2293,No,1,2:260,البقرة,1,9875
أَوَلَمْ,2294,No,35,2:260,البقرة,21,267
تُؤْمِنْ,2295,No,2,2:260,البقرة,2,4805
لِيَطْمَئِنَّ,2296,No,1,2:260,البقرة,1,13560
قَلْبِي,2297,No,1,2:260,البقرة,1,12692
فَخُذْ,2298,No,3,2:260,البقرة,3,3407
أَرْبَعَةً,2299,No,2,2:260,البقرة,2,4039
الطَّيْرِ,2300,No,6,2:260,البقرة,6,1494
فَصُرْهُنَّ,2301,No,1,2:260,البقرة,1,12265
جَبَلٍ,2302,No,3,2:260,البقرة,3,3176
مِنْهُنَّ,2303,No,7,2:260,البقرة,5,1396
جُزْءًا,2304,No,2,2:260,البقرة,2,4881
ادْعُهُنَّ,2305,No,1,2:260,البقرة,1,7784
يَأْتِينَكَ,2306,No,1,2:260,البقرة,1,16620
سَعْيًا,2307,No,1,2:260,البقرة,1,10941
وَاعْلَمْ,2308,No,1,2:260,البقرة,1,14995
أَمْوَالَهُمْ,2309,No,9,2:261,البقرة,3,994
حَبَّةٍ,2310,No,5,2:261,البقرة,4,1872
أَنْبَتَتْ,2311,No,1,2:261,البقرة,1,7416
سَنَابِلَ,2312,No,1,2:261,البقرة,1,10996
سُنْبُلَةٍ,2313,No,1,2:261,البقرة,1,11069
مِائَةُ,2314,No,1,2:261,البقرة,1,14143
يُضَاعِفُ,2315,No,1,2:261,البقرة,1,17413
يُتْبِعُونَ,2316,No,1,2:262,البقرة,1,17259
أَنْفَقُوا,2317,No,7,2:262,البقرة,5,1270
مَنًّا,2318,No,2,2:262,البقرة,2,5839
قَوْلٌ,2319,No,1,2:263,البقرة,1,12702
مَعْرُوفٌ,2320,No,2,2:263,البقرة,2,5819
وَمَغْفِرَةٌ,2321,No,4,2:263,البقرة,4,2739
يَتْبَعُهَا,2322,No,1,2:263,البقرة,1,16732
غَنِيٌّ,2323,No,7,2:263,البقرة,6,1366
تُبْطِلُوا,2324,No,2,2:264,البقرة,2,4809
صَدَقَاتِكُمْ,2325,No,1,2:264,البقرة,1,11220
بِالْمَنِّ,2326,No,1,2:264,البقرة,1,9066
وَالْأَذَى,2327,No,1,2:264,البقرة,1,15110
يُنْفِقُ,2328,No,5,2:264,البقرة,4,2133
مَالَهُ,2329,No,3,2:264,البقرة,3,3547
رِئَاءَ,2330,No,2,2:264,البقرة,2,5050
فَمَثَلُهُ,2331,No,2,2:264,البقرة,2,5497
صَفْوَانٍ,2332,No,1,2:264,البقرة,1,11254
تُرَابٌ,2333,No,1,2:264,البقرة,1,9895
فَأَصَابَهُ,2334,No,1,2:264,البقرة,1,11794
وَابِلٌ,2335,No,3,2:264,البقرة,1,3688
فَتَرَكَهُ,2336,No,1,2:264,البقرة,1,12079
صَلْدًا,2337,No,1,2:264,البقرة,1,11264
يَقْدِرُونَ,2338,No,3,2:264,البقرة,3,3912
أَمْوَالَهُمُ,2339,No,1,2:265,البقرة,1,7402
وَتَثْبِيتًا,2340,No,1,2:265,البقرة,1,15358
جَنَّةٍ,2341,No,3,2:265,البقرة,3,3187
بِرَبْوَةٍ,2342,No,1,2:265,البقرة,1,9136
أَصَابَهَا,2343,No,1,2:265,البقرة,1,7142
فَآتَتْ,2344,No,1,2:265,البقرة,1,11731
أُكُلَهَا,2345,No,3,2:265,البقرة,3,2900
ضِعْفَيْنِ,2346,No,3,2:265,البقرة,2,3312
يُصِبْهَا,2347,No,1,2:265,البقرة,1,17393
فَطَلٌّ,2348,No,1,2:265,البقرة,1,12280
أَيَوَدُّ,2349,No,1,2:266,البقرة,1,7528
أَحَدُكُمْ,2350,No,2,2:266,البقرة,2,4009
جَنَّةٌ,2351,No,3,2:266,البقرة,3,3186
نَخِيلٍ,2352,No,4,2:266,البقرة,4,2631
وَأَعْنَابٍ,2353,No,3,2:266,البقرة,3,3668
وَأَصَابَهُ,2354,No,1,2:266,البقرة,1,14707
الْكِبَرُ,2355,No,3,2:266,البقرة,3,3016
وَلَهُ,2356,No,23,2:266,البقرة,17,407
ذُرِّيَّةٌ,2357,No,2,2:266,البقرة,2,4999
ضُعَفَاءُ,2358,No,1,2:266,البقرة,1,11325
فَأَصَابَهَا,2359,No,1,2:266,البقرة,1,11793
إِعْصَارٌ,2360,No,1,2:266,البقرة,1,7673
نَارٌ,2361,No,4,2:266,البقرة,4,2626
فَاحْتَرَقَتْ,2362,No,1,2:266,البقرة,1,11900
أَخْرَجْنَا,2363,No,2,2:267,البقرة,2,4025
تَيَمَّمُوا,2364,No,1,2:267,البقرة,1,9828
الْخَبِيثَ,2365,No,5,2:267,البقرة,4,1803
تُنْفِقُونَ,2366,No,2,2:267,البقرة,1,4845
وَلَسْتُمْ,2367,No,1,2:267,البقرة,1,16048
بِآخِذِيهِ,2368,No,1,2:267,البقرة,1,8958
تُغْمِضُوا,2369,No,1,2:267,البقرة,1,9953
حَمِيدٌ,2370,No,5,2:267,البقرة,5,1879
يَعِدُكُمُ,2371,No,2,2:268,البقرة,2,6541
الْفَقْرَ,2372,No,1,2:268,البقرة,1,8501
وَيَأْمُرُكُمْ,2373,No,1,2:268,البقرة,1,16376
بِالْفَحْشَاءِ,2374,No,3,2:268,البقرة,3,3085
يَعِدُكُمْ,2375,No,2,2:268,البقرة,2,6542
مَغْفِرَةً,2376,No,3,2:268,البقرة,3,3568
وَفَضْلًا,2377,No,1,2:268,البقرة,1,15909
الْحِكْمَةَ,2378,No,4,2:269,البقرة,3,2261
يَذَّكَّرُ,2379,No,3,2:269,البقرة,3,3875
أُولُو,2380,No,13,2:269,البقرة,12,697
نَفَقَةٍ,2381,No,1,2:270,البقرة,1,14371
نَذَرْتُمْ,2382,No,1,2:270,البقرة,1,14280
نَذْرٍ,2383,No,1,2:270,البقرة,1,14283
يَعْلَمُهُ,2384,No,1,2:270,البقرة,1,17017
لِلظَّالِمِينَ,2385,No,11,2:270,البقرة,10,866
أَنْصَارٍ,2386,No,3,2:270,البقرة,3,2877
تُبْدُوا,2387,No,4,2:271,البقرة,3,2373
الصَّدَقَاتِ,2388,No,5,2:271,البقرة,2,1783
فَنِعِمَّا,2389,No,1,2:271,البقرة,1,12477
تُخْفُوهَا,2390,No,1,2:271,البقرة,1,9885
وَتُؤْتُوهَا,2391,No,1,2:271,البقرة,1,15440
الْفُقَرَاءَ,2392,No,1,2:271,البقرة,1,8508
وَيُكَفِّرُ,2393,No,1,2:271,البقرة,1,16568
سَيِّئَاتِكُمْ,2394,No,5,2:271,البقرة,5,1920
هُدَاهُمْ,2395,No,2,2:272,البقرة,2,6025
تُنْفِقُوا,2396,No,8,2:272,البقرة,5,1165
فَلِأَنْفُسِكُمْ,2397,No,1,2:272,البقرة,1,12404
وَجْهِ,2398,No,4,2:272,البقرة,4,2710
يُوَفَّ,2399,No,2,2:272,البقرة,2,6696
إِلَيْكُمْ,2400,No,26,2:272,البقرة,19,353
تُظْلَمُونَ,2401,No,4,2:272,البقرة,3,2376
لِلْفُقَرَاءِ,2402,No,3,2:273,البقرة,3,3533
أُحْصِرُوا,2403,No,1,2:273,البقرة,1,7561
يَسْتَطِيعُونَ,2404,No,15,2:273,البقرة,12,641
ضَرْبًا,2405,No,2,2:273,البقرة,2,5203
يَحْسَبُهُمُ,2406,No,1,2:273,البقرة,1,16765
الْجَاهِلُ,2407,No,1,2:273,البقرة,1,8326
أَغْنِيَاءَ,2408,No,1,2:273,البقرة,1,7237
التَّعَفُّفِ,2409,No,1,2:273,البقرة,1,7913
تَعْرِفُهُمْ,2410,No,1,2:273,البقرة,1,9644
بِسِيمَاهُمْ,2411,No,5,2:273,البقرة,4,1835
يَسْأَلُونَ,2412,No,3,2:273,البقرة,3,3883
إِلْحَافًا,2413,No,1,2:273,البقرة,1,7686
بِاللَّيْلِ,2414,No,6,2:274,البقرة,6,1527
وَعَلَانِيَةً,2415,No,4,2:274,البقرة,4,2720
الرِّبَا,2416,No,7,2:275,البقرة,3,1283
يَقُومُونَ,2417,No,1,2:275,البقرة,1,17059
يَقُومُ,2418,No,5,2:275,البقرة,5,2112
يَتَخَبَّطُهُ,2419,No,1,2:275,البقرة,1,16685
الْمَسِّ,2420,No,1,2:275,البقرة,1,8602
الْبَيْعُ,2421,No,1,2:275,البقرة,1,8314
وَأَحَلَّ,2422,No,1,2:275,البقرة,1,14632
الْبَيْعَ,2423,No,2,2:275,البقرة,2,4369
وَحَرَّمَ,2424,No,1,2:275,البقرة,1,15527
جَاءَهُ,2425,No,7,2:275,البقرة,7,1328
مَوْعِظَةٌ,2426,No,2,2:275,البقرة,2,5850
فَانْتَهَى,2427,No,1,2:275,البقرة,1,12028
سَلَفَ,2428,No,5,2:275,البقرة,4,1914
وَأَمْرُهُ,2429,No,1,2:275,البقرة,1,14771
عَادَ,2430,No,3,2:275,البقرة,3,3324
يَمْحَقُ,2431,No,1,2:276,البقرة,1,17141
وَيُرْبِي,2432,No,1,2:276,البقرة,1,16540
كُلَّ,2433,No,49,2:276,البقرة,34,186
كَفَّارٍ,2434,No,2,2:276,البقرة,2,5614
أَثِيمٍ,2435,No,5,2:276,البقرة,5,1735
وَأَقَامُوا,2436,No,8,2:277,البقرة,6,1219
وَآتَوُا,2437,No,4,2:277,البقرة,3,2660
اتَّقُوا,2438,No,14,2:278,البقرة,12,653
وَذَرُوا,2439,No,4,2:278,البقرة,4,2711
بَقِيَ,2440,No,1,2:278,البقرة,1,8893
فَأْذَنُوا,2441,No,1,2:279,البقرة,1,11867
بِحَرْبٍ,2442,No,1,2:279,البقرة,1,9104
وَرَسُولِهِ,2443,No,24,2:279,البقرة,12,386
تُبْتُمْ,2444,No,2,2:279,البقرة,2,4807
فَلَكُمْ,2445,No,2,2:279,البقرة,2,5486
رُءُوسُ,2446,No,2,2:279,البقرة,2,5041
أَمْوَالِكُمْ,2447,No,3,2:279,البقرة,3,2871
تَظْلِمُونَ,2448,No,1,2:279,البقرة,1,9622
عُسْرَةٍ,2449,No,1,2:280,البقرة,1,11610
فَنَظِرَةٌ,2450,No,1,2:280,البقرة,1,12466
مَيْسَرَةٍ,2451,No,1,2:280,البقرة,1,13882
تَصَدَّقُوا,2452,No,1,2:280,البقرة,1,9588
تُوَفَّى,2453,No,2,2:281,البقرة,2,4846
يُظْلَمُونَ,2454,No,15,2:281,البقرة,12,642
تَدَايَنْتُمْ,2455,No,1,2:282,البقرة,1,9461
بِدَيْنٍ,2456,No,1,2:282,البقرة,1,9119
أَجَلٍ,2457,No,16,2:282,البقرة,14,557
مُسَمًّى,2458,No,21,2:282,البقرة,17,448
فَاكْتُبُوهُ,2459,No,1,2:282,البقرة,1,11999
وَلْيَكْتُبْ,2460,No,1,2:282,البقرة,1,16176
كَاتِبٌ,2461,No,3,2:282,البقرة,1,3460
بِالْعَدْلِ,2462,No,6,2:282,البقرة,4,1529
يَأْبَ,2463,No,2,2:282,البقرة,1,6449
يَكْتُبَ,2464,No,1,2:282,البقرة,1,17094
عَلَّمَهُ,2465,No,3,2:282,البقرة,3,3342
فَلْيَكْتُبْ,2466,No,1,2:282,البقرة,1,12430
وَلْيُمْلِلِ,2467,No,1,2:282,البقرة,1,16178
وَلْيَتَّقِ,2468,No,2,2:282,البقرة,1,6371
رَبَّهُ,2469,No,19,2:282,البقرة,15,491
يَبْخَسْ,2470,No,1,2:282,البقرة,1,16662
سَفِيهًا,2471,No,1,2:282,البقرة,1,10953
ضَعِيفًا,2472,No,4,2:282,البقرة,3,2468
يَسْتَطِيعُ,2473,No,2,2:282,البقرة,2,6523
يُمِلَّ,2474,No,1,2:282,البقرة,1,17516
فَلْيُمْلِلْ,2475,No,1,2:282,البقرة,1,12437
وَلِيُّهُ,2476,No,1,2:282,البقرة,1,16152
وَاسْتَشْهِدُوا,2477,No,1,2:282,البقرة,1,14954
شَهِيدَيْنِ,2478,No,1,2:282,البقرة,1,11148
رِجَالِكُمْ,2479,No,2,2:282,البقرة,2,5051
يَكُونَا,2480,No,1,2:282,البقرة,1,17088
رَجُلَيْنِ,2481,No,4,2:282,البقرة,4,2429
فَرَجُلٌ,2482,No,1,2:282,البقرة,1,12192
وَامْرَأَتَانِ,2483,No,1,2:282,البقرة,1,15262
تَرْضَوْنَ,2484,No,1,2:282,البقرة,1,9512
الشُّهَدَاءِ,2485,No,1,2:282,البقرة,1,8062
تَضِلَّ,2486,No,1,2:282,البقرة,1,9606
إِحْدَاهُمَا,2487,No,5,2:282,البقرة,3,1761
فَتُذَكِّرَ,2488,No,1,2:282,البقرة,1,12122
الْأُخْرَى,2489,No,5,2:282,البقرة,4,1795
الشُّهَدَاءُ,2490,No,1,2:282,البقرة,1,8061
دُعُوا,2491,No,3,2:282,البقرة,2,3244
تَسْأَمُوا,2492,No,1,2:282,البقرة,1,9540
تَكْتُبُوهُ,2493,No,1,2:282,البقرة,1,9720
صَغِيرًا,2494,No,2,2:282,البقرة,2,5192
كَبِيرًا,2495,No,17,2:282,البقرة,8,547
أَجَلِهِ,2496,No,1,2:282,البقرة,1,6899
أَقْسَطُ,2497,No,2,2:282,البقرة,2,4110
وَأَقْوَمُ,2498,No,2,2:282,البقرة,2,6059
لِلشَّهَادَةِ,2499,No,1,2:282,البقرة,1,13454
وَأَدْنَى,2500,No,1,2:282,البقرة,1,14672
تَرْتَابُوا,2501,No,1,2:282,البقرة,1,9502
تِجَارَةً,2502,No,4,2:282,البقرة,4,2380
حَاضِرَةً,2503,No,1,2:282,البقرة,1,10186
تُدِيرُونَهَا,2504,No,1,2:282,البقرة,1,9889
تَكْتُبُوهَا,2505,No,1,2:282,البقرة,1,9719
وَأَشْهِدُوا,2506,No,2,2:282,البقرة,2,6050
تَبَايَعْتُمْ,2507,No,1,2:282,البقرة,1,9326
يُضَارَّ,2508,No,1,2:282,البقرة,1,17412
شَهِيدٌ,2509,No,11,2:282,البقرة,11,851
فُسُوقٌ,2510,No,1,2:282,البقرة,1,12570
بِكُمْ,2511,No,29,2:282,البقرة,20,312
تَجِدُوا,2512,No,7,2:283,البقرة,6,1319
كَاتِبًا,2513,No,1,2:283,البقرة,1,12777
فَرِهَانٌ,2514,No,1,2:283,البقرة,1,12209
مَقْبُوضَةٌ,2515,No,1,2:283,البقرة,1,13783
أَمِنَ,2516,No,1,2:283,البقرة,1,7379
بَعْضًا,2517,No,9,2:283,البقرة,9,1014
فَلْيُؤَدِّ,2518,No,1,2:283,البقرة,1,12432
اؤْتُمِنَ,2519,No,1,2:283,البقرة,1,7708
أَمَانَتَهُ,2520,No,1,2:283,البقرة,1,7364
تَكْتُمُوا,2521,No,1,2:283,البقرة,1,9721
الشَّهَادَةَ,2522,No,2,2:283,البقرة,2,4289
يَكْتُمْهَا,2523,No,1,2:283,البقرة,1,17098
آثِمٌ,2524,No,1,2:283,البقرة,1,6723
قَلْبُهُ,2525,No,1,2:283,البقرة,1,12689
تُخْفُوهُ,2526,No,3,2:284,البقرة,3,3161
يُحَاسِبْكُمْ,2527,No,1,2:284,البقرة,1,17281
فَيَغْفِرُ,2528,No,1,2:284,البقرة,1,12522
وَيُعَذِّبُ,2529,No,4,2:284,البقرة,4,2752
وَالْمُؤْمِنُونَ,2530,No,7,2:285,البقرة,5,1414
وَكُتُبِهِ,2531,No,3,2:285,البقرة,3,3795
رُسُلِهِ,2532,No,2,2:285,البقرة,2,5046
وَأَطَعْنَا,2533,No,6,2:285,البقرة,5,1665
غُفْرَانَكَ,2534,No,1,2:285,البقرة,1,11716
وَإِلَيْكَ,2535,No,3,2:285,البقرة,2,3682
يُكَلِّفُ,2536,No,2,2:286,البقرة,2,6677
وَعَلَيْهَا,2537,No,3,2:286,البقرة,3,3775
اكْتَسَبَتْ,2538,No,1,2:286,البقرة,1,7903
تُؤَاخِذْنَا,2539,No,1,2:286,البقرة,1,9830
نَسِينَا,2540,No,1,2:286,البقرة,1,14298
أَخْطَأْنَا,2541,No,1,2:286,البقرة,1,6986
تَحْمِلْ,2542,No,2,2:286,البقرة,2,4714
إِصْرًا,2543,No,1,2:286,البقرة,1,7664
حَمَلْتَهُ,2544,No,1,2:286,البقرة,1,10268
قَبْلِنَا,2545,No,2,2:286,البقرة,2,5543
تُحَمِّلْنَا,2546,No,1,2:286,البقرة,1,9864
وَاعْفُ,2547,No,1,2:286,البقرة,1,14994
عَنَّا,2548,No,11,2:286,البقرة,8,855
وَاغْفِرْ,2549,No,4,2:286,البقرة,4,2688
وَارْحَمْنَا,2550,No,3,2:286,البقرة,3,3694
مَوْلَانَا,2551,No,2,2:286,البقرة,2,5852
فَانْصُرْنَا,2552,No,1,2:286,البقرة,1,12033
التَّوْرَاةَ,2553,No,5,3:3,آل عمران,3,1773
وَالْإِنْجِيلَ,2554,No,5,3:3,آل عمران,2,2044
الْفُرْقَانَ,2555,No,3,3:4,آل عمران,3,3002
شَدِيدٌ,2556,No,12,3:4,آل عمران,9,785
انْتِقَامٍ,2557,No,4,3:4,آل عمران,4,2293
يَخْفَى,2558,No,4,3:5,آل عمران,4,2774
يُصَوِّرُكُمْ,2559,No,1,3:6,آل عمران,1,17391
الْأَرْحَامِ,2560,No,5,3:6,آل عمران,5,1794
آيَاتٌ,2561,No,8,3:7,آل عمران,5,1114
مُحْكَمَاتٌ,2562,No,1,3:7,آل عمران,1,13946
أُمُّ,2563,No,2,3:7,آل عمران,2,4182
وَأُخَرُ,2564,No,1,3:7,آل عمران,1,14827
مُتَشَابِهَاتٌ,2565,No,1,3:7,آل عمران,1,13911
زَيْغٌ,2566,No,1,3:7,آل عمران,1,10832
فَيَتَّبِعُونَ,2567,No,2,3:7,آل عمران,2,5518
الْفِتْنَةِ,2568,No,3,3:7,آل عمران,3,3004
وَابْتِغَاءَ,2569,No,2,3:7,آل عمران,2,6101
تَأْوِيلِهِ,2570,No,1,3:7,آل عمران,1,9319
تَأْوِيلَهُ,2571,No,2,3:7,آل عمران,2,4689
وَالرَّاسِخُونَ,2572,No,1,3:7,آل عمران,1,15018
رَبِّنَا,2573,No,17,3:7,آل عمران,11,545
تُزِغْ,2574,No,1,3:8,آل عمران,1,9906
قُلُوبَنَا,2575,No,1,3:8,آل عمران,1,12734
هَدَيْتَنَا,2576,No,1,3:8,آل عمران,1,14552
وَهَبْ,2577,No,2,3:8,آل عمران,2,6399
لَدُنْكَ,2578,No,7,3:8,آل عمران,5,1382
رَحْمَةً,2579,No,22,3:8,آل عمران,15,417
الْوَهَّابُ,2580,No,2,3:8,آل عمران,2,4499
جَامِعُ,2581,No,2,3:9,آل عمران,2,4864
لِيَوْمٍ,2582,No,4,3:9,آل عمران,3,2586
يُخْلِفُ,2583,No,4,3:9,آل عمران,4,2799
الْمِيعَادَ,2584,No,4,3:9,آل عمران,3,2287
تُغْنِيَ,2585,No,4,3:10,آل عمران,3,2377
عَنْهُمْ,2586,No,67,3:10,آل عمران,33,133
أَمْوَالُهُمْ,2587,No,5,3:10,آل عمران,3,1752
أَوْلَادُهُمْ,2588,No,4,3:10,آل عمران,3,2195
وَقُودُ,2589,No,1,3:10,آل عمران,1,15976
كَدَأْبِ,2590,No,3,3:11,آل عمران,2,3468
كَذَّبُوا,2591,No,37,3:11,آل عمران,14,261
فَأَخَذَهُمُ,2592,No,7,3:11,آل عمران,6,1367
بِذُنُوبِهِمْ,2593,No,7,3:11,آل عمران,6,1314
سَتُغْلَبُونَ,2594,No,1,3:12,آل عمران,1,10922
وَتُحْشَرُونَ,2595,No,1,3:12,آل عمران,1,15446
جَهَنَّمَ,2596,No,54,3:12,آل عمران,31,172
فِئَتَيْنِ,2597,No,2,3:13,آل عمران,2,5531
الْتَقَتَا,2598,No,1,3:13,آل عمران,1,8322
فِئَةٌ,2599,No,2,3:13,آل عمران,2,5530
تُقَاتِلُ,2600,No,1,3:13,آل عمران,1,9960
وَأُخْرَى,2601,No,3,3:13,آل عمران,3,3679
كَافِرَةٌ,2602,No,1,3:13,آل عمران,1,12792
يَرَوْنَهُمْ,2603,No,1,3:13,آل عمران,1,16827
مِثْلَيْهِمْ,2604,No,1,3:13,آل عمران,1,14153
رَأْيَ,2605,No,1,3:13,آل عمران,1,10636
الْعَيْنِ,2606,No,1,3:13,آل عمران,1,8461
يُؤَيِّدُ,2607,No,1,3:13,آل عمران,1,17215
بِنَصْرِهِ,2608,No,3,3:13,آل عمران,2,3104
لَعِبْرَةً,2609,No,5,3:13,آل عمران,5,1983
لِأُولِي,2610,No,9,3:13,آل عمران,7,1076
الْأَبْصَارِ,2611,No,3,3:13,آل عمران,3,2969
حُبُّ,2612,No,1,3:14,آل عمران,1,10294
الشَّهَوَاتِ,2613,No,3,3:14,آل عمران,3,2946
وَالْبَنِينَ,2614,No,1,3:14,آل عمران,1,15144
وَالْقَنَاطِيرِ,2615,No,1,3:14,آل عمران,1,15214
الْمُقَنْطَرَةِ,2616,No,1,3:14,آل عمران,1,8703
الذَّهَبِ,2617,No,1,3:14,آل عمران,1,7952
وَالْفِضَّةِ,2618,No,1,3:14,آل عمران,1,15207
وَالْخَيْلِ,2619,No,1,3:14,آل عمران,1,15177
الْمُسَوَّمَةِ,2620,No,1,3:14,آل عمران,1,8665
وَالْأَنْعَامِ,2621,No,4,3:14,آل عمران,4,2694
وَالْحَرْثِ,2622,No,1,3:14,آل عمران,1,15163
مَتَاعُ,2623,No,6,3:14,آل عمران,5,1638
حُسْنُ,2624,No,2,3:14,آل عمران,1,4918
الْمَآبِ,2625,No,1,3:14,آل عمران,1,8578
أَؤُنَبِّئُكُمْ,2626,No,1,3:15,آل عمران,1,6771
جَنَّاتٌ,2627,No,5,3:15,آل عمران,4,1869
وَأَزْوَاجٌ,2628,No,1,3:15,آل عمران,1,14686
وَرِضْوَانٌ,2629,No,3,3:15,آل عمران,3,3762
إِنَّنَا,2630,No,5,3:16,آل عمران,4,1764
فَاغْفِرْ,2631,No,6,3:16,آل عمران,5,1608
ذُنُوبَنَا,2632,No,4,3:16,آل عمران,2,2422
وَالصَّادِقِينَ,2633,No,2,3:17,آل عمران,2,6138
وَالْقَانِتِينَ,2634,No,2,3:17,آل عمران,2,6167
وَالْمُنْفِقِينَ,2635,No,1,3:17,آل عمران,1,15253
وَالْمُسْتَغْفِرِينَ,2636,No,1,3:17,آل عمران,1,15244
بِالْأَسْحَارِ,2637,No,1,3:17,آل عمران,1,9030
وَأُولُو,2638,No,4,3:18,آل عمران,4,2676
قَائِمًا,2639,No,4,3:18,آل عمران,3,2530
بِالْقِسْطِ,2640,No,14,3:18,آل عمران,9,664
الْإِسْلَامُ,2641,No,1,3:19,آل عمران,1,8283
جَاءَهُمُ,2642,No,11,3:19,آل عمران,8,842
الْعِلْمُ,2643,No,6,3:19,آل عمران,6,1510
حَاجُّوكَ,2644,No,1,3:20,آل عمران,1,10177
فَقُلْ,2645,No,16,3:20,آل عمران,11,580
وَجْهِيَ,2646,No,2,3:20,آل عمران,2,6234
وَمَنِ,2647,No,6,3:20,آل عمران,6,1688
اتَّبَعَنِ,2648,No,1,3:20,آل عمران,1,7727
وَقُلْ,2649,No,17,3:20,آل عمران,11,552
وَالْأُمِّيِّينَ,2650,No,1,3:20,آل عمران,1,15127
أَأَسْلَمْتُمْ,2651,No,1,3:20,آل عمران,1,6762
أَسْلَمُوا,2652,No,3,3:20,آل عمران,3,2853
الْبَلَاغُ,2653,No,11,3:20,آل عمران,9,822
حَقٍّ,2654,No,6,3:21,آل عمران,4,1559
يَأْمُرُونَ,2655,No,3,3:21,آل عمران,2,3852
فَبَشِّرْهُمْ,2656,No,3,3:21,آل عمران,3,3398
بِعَذَابٍ,2657,No,12,3:21,آل عمران,9,775
أَلِيمٍ,2658,No,14,3:21,آل عمران,13,646
نَاصِرِينَ,2659,No,7,3:22,آل عمران,5,1398
نَصِيبًا,2660,No,8,3:23,آل عمران,5,1215
يُدْعَوْنَ,2661,No,2,3:23,آل عمران,2,6632
كِتَابِ,2662,No,7,3:23,آل عمران,7,1380
يَتَوَلَّى,2663,No,3,3:23,آل عمران,3,3857
وَغَرَّهُمْ,2664,No,1,3:24,آل عمران,1,15887
دِينِهِمْ,2665,No,1,3:24,آل عمران,1,10572
يَفْتَرُونَ,2666,No,17,3:24,آل عمران,11,555
فَكَيْفَ,2667,No,16,3:25,آل عمران,12,581
جَمَعْنَاهُمْ,2668,No,1,3:25,آل عمران,1,10108
وَوُفِّيَتْ,2669,No,2,3:25,آل عمران,2,6408
اللَّهُمَّ,2670,No,5,3:26,آل عمران,5,1786
مَالِكَ,2671,No,1,3:26,آل عمران,1,13630
الْمُلْكِ,2672,No,5,3:26,آل عمران,5,1816
تُؤْتِي,2673,No,2,3:26,آل عمران,2,4802
تَشَاءُ,2674,No,9,3:26,آل عمران,3,1024
وَتَنْزِعُ,2675,No,1,3:26,آل عمران,1,15433
وَتُعِزُّ,2676,No,1,3:26,آل عمران,1,15457
وَتُذِلُّ,2677,No,1,3:26,آل عمران,1,15451
بِيَدِكَ,2678,No,2,3:26,آل عمران,2,4676
الْخَيْرُ,2679,No,2,3:26,آل عمران,2,4397
تُولِجُ,2680,No,1,3:27,آل عمران,1,10008
اللَّيْلَ,2681,No,25,3:27,آل عمران,21,366
النَّهَارِ,2682,No,13,3:27,آل عمران,12,705
وَتُولِجُ,2683,No,1,3:27,آل عمران,1,15462
النَّهَارَ,2684,No,12,3:27,آل عمران,12,760
وَتُخْرِجُ,2685,No,2,3:27,آل عمران,1,6214
الْحَيَّ,2686,No,4,3:27,آل عمران,4,2260
الْمَيِّتِ,2687,No,5,3:27,آل عمران,4,1814
الْمَيِّتَ,2688,No,3,3:27,آل عمران,3,3026
الْحَيِّ,2689,No,5,3:27,آل عمران,5,1802
وَتَرْزُقُ,2690,No,1,3:27,آل عمران,1,15381
يَتَّخِذِ,2691,No,2,3:28,آل عمران,2,6478
الْمُؤْمِنُونَ,2692,No,22,3:28,آل عمران,12,414
أَوْلِيَاءَ,2693,No,27,3:28,آل عمران,16,335
تَتَّقُوا,2694,No,2,3:28,آل عمران,2,4700
تُقَاةً,2695,No,1,3:28,آل عمران,1,9959
وَيُحَذِّرُكُمُ,2696,No,2,3:28,آل عمران,1,6432
تُخْفُوا,2697,No,1,3:29,آل عمران,1,9884
صُدُورِكُمْ,2698,No,4,3:29,آل عمران,3,2467
تُبْدُوهُ,2699,No,1,3:29,آل عمران,1,9848
وَيَعْلَمُ,2700,No,10,3:29,آل عمران,8,968
تَجِدُ,2701,No,6,3:30,آل عمران,4,1541
عَمِلَتْ,2702,No,5,3:30,آل عمران,4,1936
مُحْضَرًا,2703,No,1,3:30,آل عمران,1,13945
سُوءٍ,2704,No,8,3:30,آل عمران,7,1178
تَوَدُّ,2705,No,1,3:30,آل عمران,1,9813
بَيْنَهَا,2706,No,2,3:30,آل عمران,2,4563
وَبَيْنَهُ,2707,No,3,3:30,آل عمران,3,3733
أَمَدًا,2708,No,3,3:30,آل عمران,3,2868
بَعِيدًا,2709,No,6,3:30,آل عمران,3,1521
تُحِبُّونَ,2710,No,6,3:31,آل عمران,4,1549
فَاتَّبِعُونِي,2711,No,2,3:31,آل عمران,2,5373
يُحْبِبْكُمُ,2712,No,1,3:31,آل عمران,1,17295
وَيَغْفِرْ,2713,No,7,3:31,آل عمران,6,1428
ذُنُوبَكُمْ,2714,No,3,3:31,آل عمران,3,3250
أَطِيعُوا,2715,No,5,3:32,آل عمران,5,1744
وَالرَّسُولَ,2716,No,4,3:32,آل عمران,3,2689
وَنُوحًا,2717,No,3,3:33,آل عمران,3,3824
وَآلَ,2718,No,2,3:33,آل عمران,1,6032
عِمْرَانَ,2719,No,3,3:33,آل عمران,2,3361
ذُرِّيَّةً,2720,No,4,3:34,آل عمران,3,2420
بَعْضُهَا,2721,No,2,3:34,آل عمران,2,4542
قَالَتِ,2722,No,5,3:35,آل عمران,3,1961
امْرَأَتُ,2723,No,4,3:35,آل عمران,3,2292
نَذَرْتُ,2724,No,2,3:35,آل عمران,2,5962
بَطْنِي,2725,No,1,3:35,آل عمران,1,8874
مُحَرَّرًا,2726,No,1,3:35,آل عمران,1,13932
فَتَقَبَّلْ,2727,No,1,3:35,آل عمران,1,12095
وَضَعَتْهَا,2728,No,1,3:36,آل عمران,1,15790
قَالَتْ,2729,No,24,3:36,آل عمران,10,384
وَضَعْتُهَا,2730,No,1,3:36,آل عمران,1,15792
أُنْثَى,2731,No,8,3:36,آل عمران,7,1128
وَضَعَتْ,2732,No,1,3:36,آل عمران,1,15789
الذَّكَرُ,2733,No,2,3:36,آل عمران,2,4259
كَالْأُنْثَى,2734,No,1,3:36,آل عمران,1,12802
وَإِنِّي,2735,No,14,3:36,آل عمران,12,682
سَمَّيْتُهَا,2736,No,1,3:36,آل عمران,1,10981
أُعِيذُهَا,2737,No,1,3:36,آل عمران,1,7600
بِكَ,2738,No,10,3:36,آل عمران,9,921
وَذُرِّيَّتَهَا,2739,No,1,3:36,آل عمران,1,15612
الرَّجِيمِ,2740,No,2,3:36,آل عمران,2,4263
فَتَقَبَّلَهَا,2741,No,1,3:37,آل عمران,1,12094
رَبُّهَا,2742,No,1,3:37,آل عمران,1,10659
بِقَبُولٍ,2743,No,1,3:37,آل عمران,1,9216
حَسَنٍ,2744,No,1,3:37,آل عمران,1,10228
وَأَنْبَتَهَا,2745,No,1,3:37,آل عمران,1,14786
نَبَاتًا,2746,No,2,3:37,آل عمران,2,5940
وَكَفَّلَهَا,2747,No,1,3:37,آل عمران,1,15999
زَكَرِيَّا,2748,No,5,3:37,آل عمران,2,1910
دَخَلَ,2749,No,2,3:37,آل عمران,2,4978
الْمِحْرَابَ,2750,No,2,3:37,آل عمران,2,4486
وَجَدَ,2751,No,3,3:37,آل عمران,3,3739
عِنْدَهَا,2752,No,3,3:37,آل عمران,3,3363
مَرْيَمُ,2753,No,5,3:37,آل عمران,2,1998
لَكِ,2754,No,2,3:37,آل عمران,2,5688
هُنَالِكَ,2755,No,9,3:38,آل عمران,8,1088
دَعَا,2756,No,3,3:38,آل عمران,3,3239
هَبْ,2757,No,4,3:38,آل عمران,4,2655
طَيِّبَةً,2758,No,6,3:38,آل عمران,6,1591
سَمِيعُ,2759,No,1,3:38,آل عمران,1,10987
الدُّعَاءِ,2760,No,2,3:38,آل عمران,2,4258
فَنَادَتْهُ,2761,No,1,3:39,آل عمران,1,12451
قَائِمٌ,2762,No,3,3:39,آل عمران,3,3442
يُصَلِّي,2763,No,2,3:39,آل عمران,2,6647
الْمِحْرَابِ,2764,No,2,3:39,آل عمران,2,4487
يُبَشِّرُكَ,2765,No,1,3:39,آل عمران,1,17237
بِيَحْيَى,2766,No,1,3:39,آل عمران,1,9291
بِكَلِمَةٍ,2767,No,2,3:39,آل عمران,1,4661
وَسَيِّدًا,2768,No,1,3:39,آل عمران,1,15736
وَحَصُورًا,2769,No,1,3:39,آل عمران,1,15539
وَنَبِيًّا,2770,No,1,3:39,آل عمران,1,16239
غُلَامٌ,2771,No,4,3:40,آل عمران,3,2498
بَلَغَنِيَ,2772,No,1,3:40,آل عمران,1,8902
وَامْرَأَتِي,2773,No,1,3:40,آل عمران,1,15263
عَاقِرٌ,2774,No,1,3:40,آل عمران,1,11442
آيَتُكَ,2775,No,2,3:41,آل عمران,2,3980
تُكَلِّمَ,2776,No,2,3:41,آل عمران,2,4837
رَمْزًا,2777,No,1,3:41,آل عمران,1,10718
وَاذْكُرْ,2778,No,13,3:41,آل عمران,6,734
وَسَبِّحْ,2779,No,6,3:41,آل عمران,6,1681
بِالْعَشِيِّ,2780,No,4,3:41,آل عمران,3,2318
وَالْإِبْكَارِ,2781,No,2,3:41,آل عمران,2,6152
اصْطَفَاكِ,2782,No,1,3:42,آل عمران,1,7857
وَطَهَّرَكِ,2783,No,1,3:42,آل عمران,1,15805
وَاصْطَفَاكِ,2784,No,1,3:42,آل عمران,1,14982
نِسَاءِ,2785,No,1,3:42,آل عمران,1,14526
اقْنُتِي,2786,No,1,3:43,آل عمران,1,7899
لِرَبِّكِ,2787,No,1,3:43,آل عمران,1,13410
وَاسْجُدِي,2788,No,1,3:43,آل عمران,1,14973
وَارْكَعِي,2789,No,1,3:43,آل عمران,1,14940
أَنْبَاءِ,2790,No,6,3:44,آل عمران,4,1462
الْغَيْبِ,2791,No,19,3:44,آل عمران,16,482
نُوحِيهِ,2792,No,2,3:44,آل عمران,2,6005
لَدَيْهِمْ,2793,No,7,3:44,آل عمران,6,1381
يُلْقُونَ,2794,No,2,3:44,آل عمران,2,6679
أَقْلَامَهُمْ,2795,No,1,3:44,آل عمران,1,7299
أَيُّهُمْ,2796,No,6,3:44,آل عمران,6,1467
يَكْفُلُ,2797,No,1,3:44,آل عمران,1,17101
يَخْتَصِمُونَ,2798,No,4,3:44,آل عمران,4,2773
يُبَشِّرُكِ,2799,No,1,3:45,آل عمران,1,17238
الْمَسِيحُ,2800,No,8,3:45,آل عمران,4,1148
ابْنُ,2801,No,12,3:45,آل عمران,7,757
وَجِيهًا,2802,No,2,3:45,آل عمران,2,6232
الْمُقَرَّبِينَ,2803,No,4,3:45,آل عمران,4,2284
وَيُكَلِّمُ,2804,No,1,3:46,آل عمران,1,16570
الْمَهْدِ,2805,No,3,3:46,آل عمران,3,3024
وَكَهْلًا,2806,No,2,3:46,آل عمران,2,6333
وَلَدٌ,2807,No,12,3:47,آل عمران,4,805
يَمْسَسْنِي,2808,No,2,3:47,آل عمران,2,6574
بَشَرٌ,2809,No,15,3:47,آل عمران,12,609
كَذَلِكِ,2810,No,3,3:47,آل عمران,3,3469
يَخْلُقُ,2811,No,11,3:47,آل عمران,10,888
وَيُعَلِّمُهُ,2812,No,1,3:48,آل عمران,1,16560
وَالتَّوْرَاةَ,2813,No,2,3:48,آل عمران,2,6123
وَرَسُولًا,2814,No,1,3:49,آل عمران,1,15651
أَنِّي,2815,No,15,3:49,آل عمران,11,594
جِئْتُكُمْ,2816,No,4,3:49,آل عمران,3,2391
بِآيَةٍ,2817,No,12,3:49,آل عمران,9,771
أَخْلُقُ,2818,No,1,3:49,آل عمران,1,6993
الطِّينِ,2819,No,3,3:49,آل عمران,3,2959
كَهَيْئَةِ,2820,No,2,3:49,آل عمران,2,5621
فَأَنْفُخُ,2821,No,1,3:49,آل عمران,1,11843
طَيْرًا,2822,No,3,3:49,آل عمران,3,3319
وَأُبْرِئُ,2823,No,1,3:49,آل عمران,1,14820
الْأَكْمَهَ,2824,No,2,3:49,آل عمران,2,4339
وَالْأَبْرَصَ,2825,No,2,3:49,آل عمران,2,6148
وَأُحْيِي,2826,No,1,3:49,آل عمران,1,14826
وَأُنَبِّئُكُمْ,2827,No,1,3:49,آل عمران,1,14843
تَأْكُلُونَ,2828,No,11,3:49,آل عمران,9,835
تَدَّخِرُونَ,2829,No,1,3:49,آل عمران,1,9462
بُيُوتِكُمْ,2830,No,5,3:49,آل عمران,3,1823
وَمُصَدِّقًا,2831,No,2,3:50,آل عمران,2,6379
يَدَيَّ,2832,No,2,3:50,آل عمران,2,6496
التَّوْرَاةِ,2833,No,7,3:50,آل عمران,6,1280
وَلِأُحِلَّ,2834,No,1,3:50,آل عمران,1,16095
حُرِّمَ,2835,No,1,3:50,آل عمران,1,10303
وَجِئْتُكُمْ,2836,No,1,3:50,آل عمران,1,15510
وَأَطِيعُونِ,2837,No,11,3:50,آل عمران,4,874
رَبِّي,2838,No,91,3:51,آل عمران,30,90
فَاعْبُدُوهُ,2839,No,5,3:51,آل عمران,5,1946
صِرَاطٌ,2840,No,6,3:51,آل عمران,5,1585
مُسْتَقِيمٌ,2841,No,6,3:51,آل عمران,5,1650
أَحَسَّ,2842,No,1,3:52,آل عمران,1,6918
مِنْهُمُ,2843,No,8,3:52,آل عمران,6,1213
أَنْصَارِي,2844,No,2,3:52,آل عمران,2,4143
الْحَوَارِيُّونَ,2845,No,3,3:52,آل عمران,3,2989
أَنْصَارُ,2846,No,2,3:52,آل عمران,2,4142
وَاشْهَدْ,2847,No,2,3:52,آل عمران,2,6115
بِأَنَّا,2848,No,2,3:52,آل عمران,1,4587
أَنْزَلْتَ,2849,No,2,3:53,آل عمران,2,4140
وَاتَّبَعْنَا,2850,No,1,3:53,آل عمران,1,14890
فَاكْتُبْنَا,2851,No,2,3:53,آل عمران,2,5405
الشَّاهِدِينَ,2852,No,6,3:53,آل عمران,4,1490
وَمَكَرُوا,2853,No,3,3:54,آل عمران,3,3814
وَمَكَرَ,2854,No,1,3:54,آل عمران,1,16206
خَيْرُ,2855,No,20,3:54,آل عمران,13,460
الْمَاكِرِينَ,2856,No,2,3:54,آل عمران,2,4450
مُتَوَفِّيكَ,2857,No,1,3:55,آل عمران,1,13917
وَرَافِعُكَ,2858,No,1,3:55,آل عمران,1,15630
إِلَيَّ,2859,No,25,3:55,آل عمران,18,365
وَمُطَهِّرُكَ,2860,No,1,3:55,آل عمران,1,16225
وَجَاعِلُ,2861,No,1,3:55,آل عمران,1,15481
اتَّبَعُوكَ,2862,No,1,3:55,آل عمران,1,7729
فَوْقَ,2863,No,13,3:55,آل عمران,11,724
مَرْجِعُكُمْ,2864,No,11,3:55,آل عمران,8,867
فَأَحْكُمُ,2865,No,1,3:55,آل عمران,1,11760
تَخْتَلِفُونَ,2866,No,6,3:55,آل عمران,6,1542
فَأُعَذِّبُهُمْ,2867,No,1,3:56,آل عمران,1,11859
عَذَابًا,2868,No,38,3:56,آل عمران,22,244
شَدِيدًا,2869,No,11,3:56,آل عمران,10,850
فَيُوَفِّيهِمْ,2870,No,2,3:57,آل عمران,2,5524
أُجُورَهُمْ,2871,No,4,3:57,آل عمران,3,2202
نَتْلُوهُ,2872,No,1,3:58,آل عمران,1,14251
وَالذِّكْرِ,2873,No,1,3:58,آل عمران,1,15017
الْحَكِيمِ,2874,No,9,3:58,آل عمران,8,1007
مَثَلَ,2875,No,2,3:59,آل عمران,2,5783
خَلَقَهُ,2876,No,4,3:59,آل عمران,3,2403
تُرَابٍ,2877,No,6,3:59,آل عمران,6,1550
تَكُنْ,2878,No,19,3:60,آل عمران,14,488
حَاجَّكَ,2879,No,1,3:61,آل عمران,1,10176
تَعَالَوْا,2880,No,7,3:61,آل عمران,5,1320
نَدْعُ,2881,No,1,3:61,آل عمران,1,14277
أَبْنَاءَنَا,2882,No,1,3:61,آل عمران,1,6818
وَأَبْنَاءَكُمْ,2883,No,1,3:61,آل عمران,1,14613
وَنِسَاءَنَا,2884,No,1,3:61,آل عمران,1,16329
وَنِسَاءَكُمْ,2885,No,1,3:61,آل عمران,1,16328
وَأَنْفُسَنَا,2886,No,1,3:61,آل عمران,1,14792
وَأَنْفُسَكُمْ,2887,No,1,3:61,آل عمران,1,14791
نَبْتَهِلْ,2888,No,1,3:61,آل عمران,1,14232
فَنَجْعَلْ,2889,No,1,3:61,آل عمران,1,12458
لَعْنَتَ,2890,No,2,3:61,آل عمران,2,5677
الْكَاذِبِينَ,2891,No,10,3:61,آل عمران,9,914
لَهُوَ,2892,No,17,3:62,آل عمران,7,548
الْقَصَصُ,2893,No,1,3:62,آل عمران,1,8531
إِلَهٍ,2894,No,15,3:62,آل عمران,7,598
بِالْمُفْسِدِينَ,2895,No,2,3:63,آل عمران,2,4620
أَهْلَ,2896,No,21,3:64,آل عمران,10,433
كَلِمَةٍ,2897,No,2,3:64,آل عمران,2,5619
سَوَاءٍ,2898,No,3,3:64,آل عمران,3,3277
بَيْنَنَا,2899,No,13,3:64,آل عمران,10,714
وَبَيْنَكُمْ,2900,No,8,3:64,آل عمران,7,1228
نَعْبُدَ,2901,No,3,3:64,آل عمران,3,3632
نُشْرِكَ,2902,No,3,3:64,آل عمران,3,3641
يَتَّخِذَ,2903,No,5,3:64,آل عمران,4,2085
بَعْضُنَا,2904,No,3,3:64,آل عمران,3,3054
أَرْبَابًا,2905,No,3,3:64,آل عمران,2,2846
فَقُولُوا,2906,No,2,3:64,آل عمران,2,5475
اشْهَدُوا,2907,No,1,3:64,آل عمران,1,7853
لِمَ,2908,No,15,3:65,آل عمران,10,630
تُحَاجُّونَ,2909,No,2,3:65,آل عمران,1,4811
أُنْزِلَتِ,2910,No,1,3:65,آل عمران,1,7625
التَّوْرَاةُ,2911,No,3,3:65,آل عمران,2,2926
وَالْإِنْجِيلُ,2912,No,1,3:65,آل عمران,1,15131
هَا,2913,No,4,3:66,آل عمران,3,2652
حَاجَجْتُمْ,2914,No,1,3:66,آل عمران,1,10174
عِلْمٌ,2915,No,11,3:66,آل عمران,9,856
يَهُودِيًّا,2916,No,1,3:67,آل عمران,1,17191
نَصْرَانِيًّا,2917,No,1,3:67,آل عمران,1,14329
مُسْلِمًا,2918,No,2,3:67,آل عمران,2,5893
أَوْلَى,2919,No,8,3:68,آل عمران,6,1124
بِإِبْرَاهِيمَ,2920,No,1,3:68,آل عمران,1,8991
لَلَّذِينَ,2921,No,1,3:68,آل عمران,1,13158
اتَّبَعُوهُ,2922,No,3,3:68,آل عمران,3,2915
وَهَذَا,2923,No,15,3:68,آل عمران,11,639
النَّبِيُّ,2924,No,17,3:68,آل عمران,7,535
وَدَّتْ,2925,No,1,3:69,آل عمران,1,15596
طَائِفَةٌ,2926,No,12,3:69,آل عمران,7,786
يُضِلُّونَكُمْ,2927,No,1,3:69,آل عمران,1,17424
يُضِلُّونَ,2928,No,2,3:69,آل عمران,2,6653
تَلْبِسُونَ,2929,No,1,3:71,آل عمران,1,9738
وَتَكْتُمُونَ,2930,No,1,3:71,آل عمران,1,15425
وَقَالَتْ,2931,No,5,3:72,آل عمران,5,2060
وَجْهَ,2932,No,3,3:72,آل عمران,2,3744
وَاكْفُرُوا,2933,No,1,3:72,آل عمران,1,15005
آخِرَهُ,2934,No,1,3:72,آل عمران,1,6728
تُؤْمِنُوا,2935,No,9,3:73,آل عمران,7,1028
دِينَكُمْ,2936,No,4,3:73,آل عمران,3,2418
يُؤْتَى,2937,No,2,3:73,آل عمران,2,6604
أَحَدٌ,2938,No,13,3:73,آل عمران,10,693
أُوتِيتُمْ,2939,No,5,3:73,آل عمران,5,1760
يُحَاجُّوكُمْ,2940,No,1,3:73,آل عمران,1,17276
بِيَدِ,2941,No,2,3:73,آل عمران,2,4675
يُؤْتِيهِ,2942,No,5,3:73,آل عمران,4,2119
تَأْمَنْهُ,2943,No,2,3:75,آل عمران,1,4687
بِقِنْطَارٍ,2944,No,1,3:75,آل عمران,1,9222
يُؤَدِّهِ,2945,No,2,3:75,آل عمران,1,6602
بِدِينَارٍ,2946,No,1,3:75,آل عمران,1,9123
دُمْتَ,2947,No,1,3:75,آل عمران,1,10556
الْأُمِّيِّينَ,2948,No,2,3:75,آل عمران,2,4347
سَبِيلٌ,2949,No,1,3:75,آل عمران,1,10906
وَيَقُولُونَ,2950,No,28,3:75,آل عمران,18,331
الْكَذِبَ,2951,No,13,3:75,آل عمران,6,710
أَوْفَى,2952,No,3,3:76,آل عمران,3,2887
بِعَهْدِهِ,2953,No,2,3:76,آل عمران,2,4654
وَاتَّقَى,2954,No,2,3:76,آل عمران,2,6103
يَشْتَرُونَ,2955,No,4,3:77,آل عمران,2,2782
بِعَهْدِ,2956,No,4,3:77,آل عمران,3,2330
وَأَيْمَانِهِمْ,2957,No,1,3:77,آل عمران,1,14818
خَلَاقَ,2958,No,1,3:77,آل عمران,1,10419
يَنْظُرُ,2959,No,4,3:77,آل عمران,4,2792
إِلَيْهِمْ,2960,No,37,3:77,آل عمران,22,251
لَفَرِيقًا,2961,No,1,3:78,آل عمران,1,13129
يَلْوُونَ,2962,No,1,3:78,آل عمران,1,17129
أَلْسِنَتَهُمْ,2963,No,1,3:78,آل عمران,1,7341
بِالْكِتَابِ,2964,No,4,3:78,آل عمران,3,2320
لِتَحْسَبُوهُ,2965,No,1,3:78,آل عمران,1,13352
لِبَشَرٍ,2966,No,4,3:79,آل عمران,4,2571
يُؤْتِيَهُ,2967,No,1,3:79,آل عمران,1,17221
وَالْحُكْمَ,2968,No,3,3:79,آل عمران,3,3721
وَالنُّبُوَّةَ,2969,No,3,3:79,آل عمران,3,3711
عِبَادًا,2970,No,2,3:79,آل عمران,2,5310
رَبَّانِيِّينَ,2971,No,1,3:79,آل عمران,1,10656
تُعَلِّمُونَ,2972,No,1,3:79,آل عمران,1,9946
وَبِمَا,2973,No,6,3:79,آل عمران,5,1676
تَدْرُسُونَ,2974,No,2,3:79,آل عمران,2,4717
يَأْمُرَكُمْ,2975,No,1,3:80,آل عمران,1,16648
الْمَلَائِكَةَ,2976,No,9,3:80,آل عمران,9,1010
أَيَأْمُرُكُمْ,2977,No,1,3:80,آل عمران,1,7523
بِالْكُفْرِ,2978,No,4,3:80,آل عمران,4,2319
أَخَذَ,2979,No,9,3:81,آل عمران,7,984
آتَيْتُكُمْ,2980,No,1,3:81,آل عمران,1,6713
كِتَابٍ,2981,No,15,3:81,آل عمران,14,628
وَحِكْمَةٍ,2982,No,1,3:81,آل عمران,1,15563
لَتُؤْمِنُنَّ,2983,No,1,3:81,آل عمران,1,13030
وَلَتَنْصُرُنَّهُ,2984,No,1,3:81,آل عمران,1,16040
أَأَقْرَرْتُمْ,2985,No,1,3:81,آل عمران,1,6766
وَأَخَذْتُمْ,2986,No,1,3:81,آل عمران,1,14646
إِصْرِي,2987,No,1,3:81,آل عمران,1,7666
أَقْرَرْنَا,2988,No,1,3:81,آل عمران,1,7294
فَاشْهَدُوا,2989,No,1,3:81,آل عمران,1,11960
أَفَغَيْرَ,2990,No,4,3:83,آل عمران,4,2174
دِينِ,2991,No,5,3:83,آل عمران,5,1894
يَبْغُونَ,2992,No,4,3:83,آل عمران,4,2761
طَوْعًا,2993,No,4,3:83,آل عمران,4,2470
وَكَرْهًا,2994,No,2,3:83,آل عمران,2,6331
يُرْجَعُونَ,2995,No,6,3:83,آل عمران,6,1718
وَالنَّبِيُّونَ,2996,No,1,3:84,آل عمران,1,15083
يَبْتَغِ,2997,No,1,3:85,آل عمران,1,16660
الْإِسْلَامِ,2998,No,2,3:85,آل عمران,2,4351
دِينًا,2999,No,4,3:85,آل عمران,4,2417
يُقْبَلَ,3000,No,2,3:85,آل عمران,1,6670
قَوْمًا,3001,No,40,3:86,آل عمران,28,235
إِيمَانِهِمْ,3002,No,3,3:86,آل عمران,2,2914
وَشَهِدُوا,3003,No,3,3:86,آل عمران,3,3767
حَقٌّ,3004,No,13,3:86,آل عمران,12,716
وَجَاءَهُمُ,3005,No,2,3:86,آل عمران,2,6219
جَزَاؤُهُمْ,3006,No,5,3:87,آل عمران,4,1867
لَعْنَةَ,3007,No,1,3:87,آل عمران,1,13117
ازْدَادُوا,3008,No,2,3:90,آل عمران,2,4228
كُفْرًا,3009,No,4,3:90,آل عمران,4,2555
تُقْبَلَ,3010,No,2,3:90,آل عمران,2,4835
تَوْبَتُهُمْ,3011,No,1,3:90,آل عمران,1,9823
الضَّالُّونَ,3012,No,3,3:90,آل عمران,3,2951
أَحَدِهِمْ,3013,No,2,3:91,آل عمران,2,4010
مِلْءُ,3014,No,1,3:91,آل عمران,1,14173
ذَهَبًا,3015,No,1,3:91,آل عمران,1,10597
وَلَوِ,3016,No,3,3:91,آل عمران,3,3803
افْتَدَى,3017,No,1,3:91,آل عمران,1,7886
تَنَالُوا,3018,No,1,3:92,آل عمران,1,9776
الطَّعَامِ,3019,No,1,3:93,آل عمران,1,8110
حِلًّا,3020,No,1,3:93,آل عمران,1,10341
لِبَنِي,3021,No,5,3:93,آل عمران,4,1990
إِسْرَائِيلُ,3022,No,1,3:93,آل عمران,1,7658
نَفْسِهِ,3023,No,17,3:93,آل عمران,11,550
تُنَزَّلَ,3024,No,2,3:93,آل عمران,2,4840
بِالتَّوْرَاةِ,3025,No,1,3:93,آل عمران,1,9002
فَاتْلُوهَا,3026,No,1,3:93,آل عمران,1,11891
افْتَرَى,3027,No,14,3:94,آل عمران,12,654
صَدَقَ,3028,No,2,3:95,آل عمران,2,5184
فَاتَّبِعُوا,3029,No,1,3:95,آل عمران,1,11881
بَيْتٍ,3030,No,3,3:96,آل عمران,3,3061
وُضِعَ,3031,No,1,3:96,آل عمران,1,16598
لَلَّذِي,3032,No,1,3:96,آل عمران,1,13157
بِبَكَّةَ,3033,No,1,3:96,آل عمران,1,9083
مُبَارَكًا,3034,No,4,3:96,آل عمران,4,2611
لِلْعَالَمِينَ,3035,No,12,3:96,آل عمران,9,795
بَيِّنَاتٌ,3036,No,2,3:97,آل عمران,2,4558
مَقَامُ,3037,No,1,3:97,آل عمران,1,13778
دَخَلَهُ,3038,No,1,3:97,آل عمران,1,10508
حِجُّ,3039,No,1,3:97,آل عمران,1,10326
اسْتَطَاعَ,3040,No,1,3:97,آل عمران,1,7815
سَبِيلًا,3041,No,29,3:97,آل عمران,7,315
تَصُدُّونَ,3042,No,1,3:99,آل عمران,1,9590
تَبْغُونَهَا,3043,No,1,3:99,آل عمران,1,9354
عِوَجًا,3044,No,7,3:99,آل عمران,6,1365
شُهَدَاءُ,3045,No,2,3:99,آل عمران,2,5165
تُطِيعُوا,3046,No,5,3:100,آل عمران,4,1860
كَافِرِينَ,3047,No,8,3:100,آل عمران,7,1197
وَكَيْفَ,3048,No,5,3:101,آل عمران,5,2064
تُتْلَى,3049,No,16,3:101,آل عمران,12,574
وَفِيكُمْ,3050,No,2,3:101,آل عمران,2,6314
رَسُولُهُ,3051,No,1,3:101,آل عمران,1,10696
يَعْتَصِمْ,3052,No,1,3:101,آل عمران,1,17000
هُدِيَ,3053,No,1,3:101,آل عمران,1,14570
تُقَاتِهِ,3054,No,1,3:102,آل عمران,1,9963
وَاعْتَصِمُوا,3055,No,2,3:103,آل عمران,2,6118
بِحَبْلِ,3056,No,1,3:103,آل عمران,1,9102
تَفَرَّقُوا,3057,No,3,3:103,آل عمران,2,3139
أَعْدَاءً,3058,No,3,3:103,آل عمران,3,2858
فَأَلَّفَ,3059,No,1,3:103,آل عمران,1,11823
قُلُوبِكُمْ,3060,No,9,3:103,آل عمران,6,1068
فَأَصْبَحْتُمْ,3061,No,2,3:103,آل عمران,2,5350
بِنِعْمَتِهِ,3062,No,1,3:103,آل عمران,1,9277
إِخْوَانًا,3063,No,2,3:103,آل عمران,2,4193
شَفَا,3064,No,2,3:103,آل عمران,2,5144
حُفْرَةٍ,3065,No,1,3:103,آل عمران,1,10309
فَأَنْقَذَكُمْ,3066,No,1,3:103,آل عمران,1,11845
وَلْتَكُنْ,3067,No,1,3:104,آل عمران,1,16159
الْخَيْرِ,3068,No,6,3:104,آل عمران,6,1508
وَيَأْمُرُونَ,3069,No,4,3:104,آل عمران,3,2746
وَيَنْهَوْنَ,3070,No,4,3:104,آل عمران,2,2751
الْمُنْكَرِ,3071,No,8,3:104,آل عمران,5,1151
كَالَّذِينَ,3072,No,9,3:105,آل عمران,7,1071
وَاخْتَلَفُوا,3073,No,1,3:105,آل عمران,1,14914
تَبْيَضُّ,3074,No,1,3:106,آل عمران,1,9360
وُجُوهٌ,3075,No,6,3:106,آل عمران,4,1694
وَتَسْوَدُّ,3076,No,1,3:106,آل عمران,1,15390
اسْوَدَّتْ,3077,No,1,3:106,آل عمران,1,7846
وُجُوهُهُمْ,3078,No,6,3:106,آل عمران,5,1696
أَكَفَرْتُمْ,3079,No,1,3:106,آل عمران,1,7308
فَذُوقُوا,3080,No,11,3:106,آل عمران,10,859
ابْيَضَّتْ,3081,No,1,3:107,آل عمران,1,7725
فَفِي,3082,No,3,3:107,آل عمران,2,3422
رَحْمَةِ,3083,No,5,3:107,آل عمران,5,1904
ظُلْمًا,3084,No,7,3:108,آل عمران,6,1360
أُمَّةٍ,3085,No,25,3:110,آل عمران,18,364
أُخْرِجَتْ,3086,No,1,3:110,آل عمران,1,7577
تَأْمُرُونَ,3087,No,3,3:110,آل عمران,3,3108
وَتَنْهَوْنَ,3088,No,1,3:110,آل عمران,1,15435
وَتُؤْمِنُونَ,3089,No,2,3:110,آل عمران,1,6213
أَهْلُ,3090,No,8,3:110,آل عمران,7,1122
لَكَانَ,3091,No,6,3:110,آل عمران,5,1631
وَأَكْثَرُهُمُ,3092,No,2,3:110,آل عمران,2,6061
يَضُرُّوكُمْ,3093,No,1,3:111,آل عمران,1,16964
يُوَلُّوكُمُ,3094,No,1,3:111,آل عمران,1,17574
الْأَدْبَارَ,3095,No,5,3:111,آل عمران,5,1792
ضُرِبَتْ,3096,No,1,3:112,آل عمران,1,11323
ثُقِفُوا,3097,No,2,3:112,آل عمران,2,4858
بِحَبْلٍ,3098,No,1,3:112,آل عمران,1,9101
وَحَبْلٍ,3099,No,1,3:112,آل عمران,1,15524
الْمَسْكَنَةُ,3100,No,1,3:112,آل عمران,1,8605
الْأَنْبِيَاءَ,3101,No,3,3:112,آل عمران,2,2973
لَيْسُوا,3102,No,2,3:113,آل عمران,2,5705
سَوَاءً,3103,No,5,3:113,آل عمران,5,1917
قَائِمَةٌ,3104,No,2,3:113,آل عمران,2,5535
آنَاءَ,3105,No,2,3:113,آل عمران,2,3977
يَسْجُدُونَ,3106,No,4,3:113,آل عمران,4,2781
وَيُسَارِعُونَ,3107,No,1,3:114,آل عمران,1,16543
يَفْعَلُوا,3108,No,2,3:115,آل عمران,1,6553
يُكْفَرُوهُ,3109,No,1,3:115,آل عمران,1,17510
بِالْمُتَّقِينَ,3110,No,2,3:115,آل عمران,2,4618
رِيحٍ,3111,No,1,3:117,آل عمران,1,10783
صِرٌّ,3112,No,1,3:117,آل عمران,1,11295
أَصَابَتْ,3113,No,1,3:117,آل عمران,1,7140
حَرْثَ,3114,No,3,3:117,آل عمران,2,3196
قَوْمٍ,3115,No,23,3:117,آل عمران,16,404
فَأَهْلَكَتْهُ,3116,No,1,3:117,آل عمران,1,11846
ظَلَمَهُمُ,3117,No,2,3:117,آل عمران,2,5244
بِطَانَةً,3118,No,1,3:118,آل عمران,1,9186
دُونِكُمْ,3119,No,1,3:118,آل عمران,1,10559
يَأْلُونَكُمْ,3120,No,1,3:118,آل عمران,1,16645
خَبَالًا,3121,No,2,3:118,آل عمران,2,4937
وَدُّوا,3122,No,3,3:118,آل عمران,3,3750
عَنِتُّمْ,3123,No,2,3:118,آل عمران,2,5298
بَدَتِ,3124,No,1,3:118,آل عمران,1,8841
الْبَغْضَاءُ,3125,No,1,3:118,آل عمران,1,8305
أَفْوَاهِهِمْ,3126,No,4,3:118,آل عمران,4,2176
تُخْفِي,3127,No,2,3:118,آل عمران,2,4818
صُدُورُهُمْ,3128,No,4,3:118,آل عمران,4,2466
أُولَاءِ,3129,No,2,3:119,آل عمران,2,4191
تُحِبُّونَهُمْ,3130,No,1,3:119,آل عمران,1,9867
يُحِبُّونَكُمْ,3131,No,1,3:119,آل عمران,1,17289
كُلِّهِ,3132,No,4,3:119,آل عمران,4,2557
لَقُوكُمْ,3133,No,1,3:119,آل عمران,1,13142
عَضُّوا,3134,No,1,3:119,آل عمران,1,11528
الْأَنَامِلَ,3135,No,1,3:119,آل عمران,1,8251
الْغَيْظِ,3136,No,2,3:119,آل عمران,2,4426
بِغَيْظِكُمْ,3137,No,1,3:119,آل عمران,1,9210
بِذَاتِ,3138,No,12,3:119,آل عمران,11,774
الصُّدُورِ,3139,No,15,3:119,آل عمران,14,604
تَمْسَسْكُمْ,3140,No,1,3:120,آل عمران,1,9760
حَسَنَةٌ,3141,No,8,3:120,آل عمران,7,1168
تَسُؤْهُمْ,3142,No,2,3:120,آل عمران,2,4736
تُصِبْكُمْ,3143,No,1,3:120,آل عمران,1,9927
سَيِّئَةٌ,3144,No,6,3:120,آل عمران,5,1580
يَفْرَحُوا,3145,No,1,3:120,آل عمران,1,17050
تَصْبِرُوا,3146,No,5,3:120,آل عمران,3,1849
يَضُرُّكُمْ,3147,No,3,3:120,آل عمران,3,3890
كَيْدُهُمْ,3148,No,2,3:120,آل عمران,2,5626
غَدَوْتَ,3149,No,1,3:121,آل عمران,1,11668
أَهْلِكَ,3150,No,2,3:121,آل عمران,2,4150
تُبَوِّئُ,3151,No,1,3:121,آل عمران,1,9846
مَقَاعِدَ,3152,No,2,3:121,آل عمران,2,5824
لِلْقِتَالِ,3153,No,1,3:121,آل عمران,1,13483
هَمَّتْ,3154,No,2,3:122,آل عمران,2,6021
طَائِفَتَانِ,3155,No,2,3:122,آل عمران,2,5221
تَفْشَلَا,3156,No,1,3:122,آل عمران,1,9676
وَلِيُّهُمَا,3157,No,1,3:122,آل عمران,1,16153
فَلْيَتَوَكَّلِ,3158,No,9,3:122,آل عمران,7,1061
نَصَرَكُمُ,3159,No,2,3:123,آل عمران,2,5972
بِبَدْرٍ,3160,No,1,3:123,آل عمران,1,9079
أَذِلَّةٌ,3161,No,1,3:123,آل عمران,1,7013
تَقُولُ,3162,No,4,3:124,آل عمران,4,2364
أَلَنْ,3163,No,1,3:124,آل عمران,1,7333
يَكْفِيَكُمْ,3164,No,1,3:124,آل عمران,1,17106
يُمِدَّكُمْ,3165,No,1,3:124,آل عمران,1,17515
رَبُّكُمْ,3166,No,32,3:124,آل عمران,19,290
بِثَلَاثَةِ,3167,No,1,3:124,آل عمران,1,9091
آلَافٍ,3168,No,2,3:124,آل عمران,1,3973
مُنْزَلِينَ,3169,No,1,3:124,آل عمران,1,14115
وَيَأْتُوكُمْ,3170,No,1,3:125,آل عمران,1,16370
فَوْرِهِمْ,3171,No,1,3:125,آل عمران,1,12497
يُمْدِدْكُمْ,3172,No,1,3:125,آل عمران,1,17518
بِخَمْسَةِ,3173,No,1,3:125,آل عمران,1,9115
مُسَوِّمِينَ,3174,No,1,3:125,آل عمران,1,13987
جَعَلَهُ,3175,No,5,3:126,آل عمران,4,1868
بُشْرَى,3176,No,4,3:126,آل عمران,4,2306
وَلِتَطْمَئِنَّ,3177,No,2,3:126,آل عمران,2,6361
النَّصْرُ,3178,No,3,3:126,آل عمران,2,2963
الْعَزِيزِ,3179,No,18,3:126,آل عمران,15,509
لِيَقْطَعَ,3180,No,1,3:127,آل عمران,1,13570
طَرَفًا,3181,No,1,3:127,آل عمران,1,11349
يَكْبِتَهُمْ,3182,No,1,3:127,آل عمران,1,17093
فَيَنْقَلِبُوا,3183,No,1,3:127,آل عمران,1,12536
خَائِبِينَ,3184,No,1,3:127,آل عمران,1,10353
الْأَمْرِ,3185,No,13,3:128,آل عمران,7,706
يَتُوبَ,3186,No,4,3:128,آل عمران,4,2765
يُعَذِّبَهُمْ,3187,No,2,3:128,آل عمران,2,6656
فَإِنَّهُمْ,3188,No,10,3:128,آل عمران,8,941
يَغْفِرُ,3189,No,8,3:129,آل عمران,6,1249
مُضَاعَفَةً,3190,No,1,3:130,آل عمران,1,14028
وَأَطِيعُوا,3191,No,14,3:132,آل عمران,9,680
تُرْحَمُونَ,3192,No,8,3:132,آل عمران,7,1163
وَسَارِعُوا,3193,No,1,3:133,آل عمران,1,15703
مَغْفِرَةٍ,3194,No,4,3:133,آل عمران,4,2601
وَجَنَّةٍ,3195,No,2,3:133,آل عمران,2,6226
عَرْضُهَا,3196,No,2,3:133,آل عمران,2,5283
السَّمَاوَاتُ,3197,No,7,3:133,آل عمران,6,1286
وَالْأَرْضُ,3198,No,8,3:133,آل عمران,7,1225
السَّرَّاءِ,3199,No,1,3:134,آل عمران,1,8019
وَالْكَاظِمِينَ,3200,No,1,3:134,آل عمران,1,15218
الْغَيْظَ,3201,No,1,3:134,آل عمران,1,8484
وَالْعَافِينَ,3202,No,1,3:134,آل عمران,1,15179
فَعَلُوا,3203,No,4,3:135,آل عمران,3,2525
فَاحِشَةً,3204,No,4,3:135,آل عمران,4,2505
ذَكَرُوا,3205,No,1,3:135,آل عمران,1,10584
فَاسْتَغْفَرُوا,3206,No,2,3:135,آل عمران,2,5391
لِذُنُوبِهِمْ,3207,No,1,3:135,آل عمران,1,13404
الذُّنُوبَ,3208,No,2,3:135,آل عمران,2,4260
يُصِرُّوا,3209,No,1,3:135,آل عمران,1,17395
مَغْفِرَةٌ,3210,No,10,3:136,آل عمران,10,952
وَجَنَّاتٌ,3211,No,2,3:136,آل عمران,2,6225
وَنِعْمَ,3212,No,4,3:136,آل عمران,3,2743
أَجْرُ,3213,No,3,3:136,آل عمران,3,2839
الْعَامِلِينَ,3214,No,3,3:136,آل عمران,3,2993
سُنَنٌ,3215,No,1,3:137,آل عمران,1,11066
فَسِيرُوا,3216,No,2,3:137,آل عمران,2,5454
فَانْظُرُوا,3217,No,5,3:137,آل عمران,5,1947
عَاقِبَةُ,3218,No,26,3:137,آل عمران,17,356
الْمُكَذِّبِينَ,3219,No,6,3:137,آل عمران,6,1518
بَيَانٌ,3220,No,1,3:138,آل عمران,1,8922
وَمَوْعِظَةٌ,3221,No,2,3:138,آل عمران,2,6378
تَهِنُوا,3222,No,3,3:139,آل عمران,3,3154
تَحْزَنُوا,3223,No,3,3:139,آل عمران,2,3119
وَأَنْتُمُ,3224,No,3,3:139,آل عمران,2,3673
الْأَعْلَوْنَ,3225,No,2,3:139,آل عمران,2,4336
يَمْسَسْكُمْ,3226,No,1,3:140,آل عمران,1,17143
قَرْحٌ,3227,No,2,3:140,آل عمران,1,5557
مَسَّ,3228,No,7,3:140,آل عمران,6,1390
مِثْلُهُ,3229,No,3,3:140,آل عمران,3,3614
الْأَيَّامُ,3230,No,1,3:140,آل عمران,1,8266
نُدَاوِلُهَا,3231,No,1,3:140,آل عمران,1,14439
وَلِيَعْلَمَ,3232,No,6,3:140,آل عمران,4,1686
وَيَتَّخِذَ,3233,No,1,3:140,آل عمران,1,16391
وَلِيُمَحِّصَ,3234,No,2,3:141,آل عمران,1,6368
وَيَمْحَقَ,3235,No,1,3:141,آل عمران,1,16478
يَعْلَمِ,3236,No,3,3:142,آل عمران,3,3905
جَاهَدُوا,3237,No,5,3:142,آل عمران,4,1865
وَيَعْلَمَ,3238,No,2,3:142,آل عمران,2,6422
تَمَنَّوْنَ,3239,No,1,3:143,آل عمران,1,9749
تَلْقَوْهُ,3240,No,1,3:143,آل عمران,1,9741
رَأَيْتُمُوهُ,3241,No,1,3:143,آل عمران,1,10630
مُحَمَّدٌ,3242,No,3,3:144,آل عمران,3,3590
أَفَإِنْ,3243,No,2,3:144,آل عمران,2,4093
مَاتَ,3244,No,2,3:144,آل عمران,2,5777
قُتِلَ,3245,No,6,3:144,آل عمران,6,1623
انْقَلَبْتُمْ,3246,No,2,3:144,آل عمران,2,4511
أَعْقَابِكُمْ,3247,No,3,3:144,آل عمران,2,2861
يَنْقَلِبْ,3248,No,2,3:144,آل عمران,2,6592
يَضُرَّ,3249,No,1,3:144,آل عمران,1,16959
وَسَيَجْزِي,3250,No,1,3:144,آل عمران,1,15730
الشَّاكِرِينَ,3251,No,7,3:144,آل عمران,5,1287
لِنَفْسٍ,3252,No,3,3:145,آل عمران,3,3537
تَمُوتَ,3253,No,1,3:145,آل عمران,1,9755
كِتَابًا,3254,No,12,3:145,آل عمران,10,794
مُؤَجَّلًا,3255,No,1,3:145,آل عمران,1,13886
يُرِدْ,3256,No,5,3:145,آل عمران,4,2126
ثَوَابَ,3257,No,4,3:145,آل عمران,2,2383
نُؤْتِهِ,3258,No,3,3:145,آل عمران,2,3635
وَسَنَجْزِي,3259,No,1,3:145,آل عمران,1,15726
وَكَأَيِّنْ,3260,No,6,3:146,آل عمران,6,1683
نَبِيٍّ,3261,No,7,3:146,آل عمران,6,1399
قَاتَلَ,3262,No,1,3:146,آل عمران,1,12599
رِبِّيُّونَ,3263,No,1,3:146,آل عمران,1,10760
وَهَنُوا,3264,No,1,3:146,آل عمران,1,16347
أَصَابَهُمْ,3265,No,3,3:146,آل عمران,3,2856
ضَعُفُوا,3266,No,1,3:146,آل عمران,1,11315
اسْتَكَانُوا,3267,No,2,3:146,آل عمران,2,4235
قَوْلَهُمْ,3268,No,1,3:147,آل عمران,1,12704
اغْفِرْ,3269,No,7,3:147,آل عمران,7,1278
وَإِسْرَافَنَا,3270,No,1,3:147,آل عمران,1,14866
أَمْرِنَا,3271,No,5,3:147,آل عمران,4,1750
فَآتَاهُمُ,3272,No,1,3:148,آل عمران,1,11730
وَحُسْنَ,3273,No,3,3:148,آل عمران,2,3747
ثَوَابِ,3274,No,1,3:148,آل عمران,1,10048
فَتَنْقَلِبُوا,3275,No,2,3:149,آل عمران,2,5421
خَاسِرِينَ,3276,No,5,3:149,آل عمران,4,1884
بَلِ,3277,No,14,3:150,آل عمران,14,661
مَوْلَاكُمْ,3278,No,5,3:150,آل عمران,5,2000
النَّاصِرِينَ,3279,No,1,3:150,آل عمران,1,8143
سَنُلْقِي,3280,No,2,3:151,آل عمران,2,5104
قُلُوبِ,3281,No,9,3:151,آل عمران,9,1067
الرُّعْبَ,3282,No,4,3:151,آل عمران,4,2224
يُنَزِّلْ,3283,No,4,3:151,آل عمران,4,2810
سُلْطَانًا,3284,No,11,3:151,آل عمران,8,849
وَمَأْوَاهُمُ,3285,No,2,3:151,آل عمران,2,6373
مَثْوَى,3286,No,4,3:151,آل عمران,4,2592
صَدَقَكُمُ,3287,No,1,3:152,آل عمران,1,11221
وَعْدَهُ,3288,No,4,3:152,آل عمران,4,2721
تَحُسُّونَهُمْ,3289,No,1,3:152,آل عمران,1,9400
فَشِلْتُمْ,3290,No,1,3:152,آل عمران,1,12253
وَتَنَازَعْتُمْ,3291,No,1,3:152,آل عمران,1,15432
وَعَصَيْتُمْ,3292,No,1,3:152,آل عمران,1,15850
أَرَاكُمْ,3293,No,4,3:152,آل عمران,3,2158
وَمِنْكُمْ,3294,No,6,3:152,آل عمران,5,1689
الْآخِرَةَ,3295,No,11,3:152,آل عمران,10,820
صَرَفَكُمْ,3296,No,1,3:152,آل عمران,1,11236
لِيَبْتَلِيَكُمْ,3297,No,1,3:152,آل عمران,1,13533
عَفَا,3298,No,6,3:152,آل عمران,4,1594
تُصْعِدُونَ,3299,No,1,3:153,آل عمران,1,9933
تَلْوُونَ,3300,No,1,3:153,آل عمران,1,9744
وَالرَّسُولُ,3301,No,2,3:153,آل عمران,2,6124
يَدْعُوكُمْ,3302,No,4,3:153,آل عمران,4,2775
أُخْرَاكُمْ,3303,No,1,3:153,آل عمران,1,7573
فَأَثَابَكُمْ,3304,No,1,3:153,آل عمران,1,11754
غَمًّا,3305,No,1,3:153,آل عمران,1,11690
بِغَمٍّ,3306,No,1,3:153,آل عمران,1,9209
لِكَيْلَا,3307,No,4,3:153,آل عمران,4,2578
فَاتَكُمْ,3308,No,3,3:153,آل عمران,3,3389
أَصَابَكُمْ,3309,No,4,3:153,آل عمران,3,2166
الْغَمِّ,3310,No,3,3:154,آل عمران,3,2997
أَمَنَةً,3311,No,2,3:154,آل عمران,2,4122
نُعَاسًا,3312,No,1,3:154,آل عمران,1,14473
يَغْشَى,3313,No,5,3:154,آل عمران,4,2110
طَائِفَةً,3314,No,3,3:154,آل عمران,3,3313
وَطَائِفَةٌ,3315,No,3,3:154,آل عمران,3,3770
أَهَمَّتْهُمْ,3316,No,1,3:154,آل عمران,1,7473
أَنْفُسُهُمْ,3317,No,9,3:154,آل عمران,6,995
ظَنَّ,3318,No,6,3:154,آل عمران,5,1592
الْجَاهِلِيَّةِ,3319,No,4,3:154,آل عمران,4,2254
الْأَمْرَ,3320,No,7,3:154,آل عمران,6,1290
كُلَّهُ,3321,No,1,3:154,آل عمران,1,12915
يُخْفُونَ,3322,No,2,3:154,آل عمران,2,6630
يُبْدُونَ,3323,No,1,3:154,آل عمران,1,17246
قُتِلْنَا,3324,No,1,3:154,آل عمران,1,12717
هَاهُنَا,3325,No,4,3:154,آل عمران,4,2654
لَبَرَزَ,3326,No,1,3:154,آل عمران,1,12998
الْقَتْلُ,3327,No,1,3:154,آل عمران,1,8525
مَضَاجِعِهِمْ,3328,No,1,3:154,آل عمران,1,13741
وَلِيَبْتَلِيَ,3329,No,1,3:154,آل عمران,1,16130
الْتَقَى,3330,No,3,3:155,آل عمران,2,2981
الْجَمْعَانِ,3331,No,4,3:155,آل عمران,3,2255
اسْتَزَلَّهُمُ,3332,No,1,3:155,آل عمران,1,7811
لِإِخْوَانِهِمْ,3333,No,3,3:156,آل عمران,2,3516
ضَرَبُوا,3334,No,3,3:156,آل عمران,3,3306
غُزًّى,3335,No,1,3:156,آل عمران,1,11714
عِنْدَنَا,3336,No,7,3:156,آل عمران,5,1363
مَاتُوا,3337,No,3,3:156,آل عمران,3,3546
قُتِلُوا,3338,No,5,3:156,آل عمران,3,1965
لِيَجْعَلَ,3339,No,3,3:156,آل عمران,3,3538
حَسْرَةً,3340,No,3,3:156,آل عمران,3,3200
قُتِلْتُمْ,3341,No,2,3:157,آل عمران,1,5578
مُتُّمْ,3342,No,2,3:157,آل عمران,1,5869
لَمَغْفِرَةٌ,3343,No,1,3:157,آل عمران,1,13175
يَجْمَعُونَ,3344,No,3,3:157,آل عمران,3,3865
لَإِلَى,3345,No,2,3:158,آل عمران,2,5649
فَبِمَا,3346,No,6,3:159,آل عمران,6,1610
رَحْمَةٍ,3347,No,5,3:159,آل عمران,5,1903
لِنْتَ,3348,No,1,3:159,آل عمران,1,13523
فَظًّا,3349,No,1,3:159,آل عمران,1,12286
غَلِيظَ,3350,No,1,3:159,آل عمران,1,11689
الْقَلْبِ,3351,No,1,3:159,آل عمران,1,8534
لَانْفَضُّوا,3352,No,1,3:159,آل عمران,1,12996
حَوْلِكَ,3353,No,1,3:159,آل عمران,1,10283
فَاعْفُ,3354,No,2,3:159,آل عمران,2,5400
وَاسْتَغْفِرْ,3355,No,5,3:159,آل عمران,5,2037
وَشَاوِرْهُمْ,3356,No,1,3:159,آل عمران,1,15749
عَزَمْتَ,3357,No,1,3:159,آل عمران,1,11503
فَتَوَكَّلْ,3358,No,2,3:159,آل عمران,2,5422
الْمُتَوَكِّلِينَ,3359,No,1,3:159,آل عمران,1,8649
يَنْصُرْكُمُ,3360,No,1,3:160,آل عمران,1,17168
غَالِبَ,3361,No,2,3:160,آل عمران,2,5320
يَخْذُلْكُمْ,3362,No,1,3:160,آل عمران,1,16786
يَنْصُرُكُمْ,3363,No,2,3:160,آل عمران,2,6582
يَغُلَّ,3364,No,1,3:161,آل عمران,1,17024
يَغْلُلْ,3365,No,1,3:161,آل عمران,1,17035
غَلَّ,3366,No,1,3:161,آل عمران,1,11687
أَفَمَنِ,3367,No,1,3:162,آل عمران,1,7266
اتَّبَعَ,3368,No,8,3:162,آل عمران,7,1131
رِضْوَانَ,3369,No,2,3:162,آل عمران,1,5057
كَمَنْ,3370,No,9,3:162,آل عمران,8,1072
بَاءَ,3371,No,2,3:162,آل عمران,2,4515
بِسَخَطٍ,3372,No,1,3:162,آل عمران,1,9156
وَمَأْوَاهُ,3373,No,3,3:162,آل عمران,3,3810
دَرَجَاتٌ,3374,No,4,3:163,آل عمران,4,2414
لَقَدْ,3375,No,52,3:164,آل عمران,30,176
مَنَّ,3376,No,4,3:164,آل عمران,4,2608
ضَلَالٍ,3377,No,27,3:164,آل عمران,22,341
مُبِينٍ,3378,No,39,3:164,آل عمران,26,238
أَوَلَمَّا,3379,No,1,3:165,آل عمران,1,7493
أَصَابَتْكُمْ,3380,No,2,3:165,آل عمران,2,4065
أَصَبْتُمْ,3381,No,1,3:165,آل عمران,1,7144
مِثْلَيْهَا,3382,No,1,3:165,آل عمران,1,14152
فَبِإِذْنِ,3383,No,2,3:166,آل عمران,2,5414
نَافَقُوا,3384,No,2,3:167,آل عمران,2,5936
وَقِيلَ,3385,No,15,3:167,آل عمران,12,637
قَاتِلُوا,3386,No,3,3:167,آل عمران,2,3444
ادْفَعُوا,3387,No,1,3:167,آل عمران,1,7787
نَعْلَمُ,3388,No,5,3:167,آل عمران,5,2015
قِتَالًا,3389,No,1,3:167,آل عمران,1,12754
لَاتَّبَعْنَاكُمْ,3390,No,1,3:167,آل عمران,1,12983
لِلْكُفْرِ,3391,No,1,3:167,آل عمران,1,13485
يَوْمَئِذٍ,3392,No,63,3:167,آل عمران,35,140
لِلْإِيمَانِ,3393,No,3,3:167,آل عمران,2,3531
بِأَفْوَاهِهِمْ,3394,No,6,3:167,آل عمران,4,1526
وَقَعَدُوا,3395,No,1,3:168,آل عمران,1,15952
أَطَاعُونَا,3396,No,1,3:168,آل عمران,1,7182
فَادْرَءُوا,3397,No,1,3:168,آل عمران,1,11912
أَنْفُسِكُمُ,3398,No,1,3:168,آل عمران,1,7462
تَحْسَبَنَّ,3399,No,5,3:169,آل عمران,3,1847
يُرْزَقُونَ,3400,No,2,3:169,آل عمران,2,6638
فَرِحِينَ,3401,No,1,3:170,آل عمران,1,12208
آتَاهُمُ,3402,No,5,3:170,آل عمران,3,1727
وَيَسْتَبْشِرُونَ,3403,No,1,3:170,آل عمران,1,16434
بِالَّذِينَ,3404,No,6,3:170,آل عمران,6,1528
يَلْحَقُوا,3405,No,2,3:170,آل عمران,2,6565
خَلْفِهِمْ,3406,No,5,3:170,آل عمران,5,1889
يَسْتَبْشِرُونَ,3407,No,5,3:171,آل عمران,5,2099
بِنِعْمَةٍ,3408,No,2,3:171,آل عمران,1,4671
وَفَضْلٍ,3409,No,3,3:171,آل عمران,2,3785
يُضِيعُ,3410,No,4,3:171,آل عمران,4,2805
أَجْرَ,3411,No,8,3:171,آل عمران,7,1116
اسْتَجَابُوا,3412,No,4,3:172,آل عمران,4,2217
وَالرَّسُولِ,3413,No,3,3:172,آل عمران,3,3704
أَصَابَهُمُ,3414,No,2,3:172,آل عمران,2,4067
الْقَرْحُ,3415,No,1,3:172,آل عمران,1,8529
أَحْسَنُوا,3416,No,5,3:172,آل عمران,5,1737
أَجْرٌ,3417,No,11,3:172,آل عمران,8,812
جَمَعُوا,3418,No,1,3:173,آل عمران,1,10106
فَاخْشَوْهُمْ,3419,No,1,3:173,آل عمران,1,11907
فَزَادَهُمْ,3420,No,1,3:173,آل عمران,1,12216
إِيمَانًا,3421,No,7,3:173,آل عمران,6,1276
حَسْبُنَا,3422,No,3,3:173,آل عمران,3,3199
الْوَكِيلُ,3423,No,1,3:173,آل عمران,1,8748
فَانْقَلَبُوا,3424,No,1,3:174,آل عمران,1,12040
يَمْسَسْهُمْ,3425,No,1,3:174,آل عمران,1,17144
سُوءٌ,3426,No,1,3:174,آل عمران,1,11072
عَظِيمٍ,3427,No,18,3:174,آل عمران,15,514
ذَلِكُمُ,3428,No,10,3:175,آل عمران,8,928
يُخَوِّفُ,3429,No,2,3:175,آل عمران,2,6628
أَوْلِيَاءَهُ,3430,No,2,3:175,آل عمران,2,4161
تَخَافُوهُمْ,3431,No,1,3:175,آل عمران,1,9432
وَخَافُونِ,3432,No,1,3:175,آل عمران,1,15572
يَحْزُنْكَ,3433,No,5,3:176,آل عمران,5,2089
يُسَارِعُونَ,3434,No,6,3:176,آل عمران,4,1719
الْكُفْرِ,3435,No,5,3:176,آل عمران,3,1813
يَضُرُّوا,3436,No,3,3:176,آل عمران,2,3892
يَجْعَلَ,3437,No,4,3:176,آل عمران,3,2767
حَظًّا,3438,No,3,3:176,آل عمران,2,3201
يَحْسَبَنَّ,3439,No,3,3:178,آل عمران,2,3866
أَنَّمَا,3440,No,19,3:178,آل عمران,15,475
نُمْلِي,3441,No,2,3:178,آل عمران,1,6002
لِأَنْفُسِهِمْ,3442,No,3,3:178,آل عمران,3,3514
لِيَزْدَادُوا,3443,No,2,3:178,آل عمران,2,5763
لِيَذَرَ,3444,No,1,3:179,آل عمران,1,13545
يَمِيزَ,3445,No,1,3:179,آل عمران,1,17138
الطَّيِّبِ,3446,No,3,3:179,آل عمران,3,2956
لِيُطْلِعَكُمْ,3447,No,1,3:179,آل عمران,1,13596
يَجْتَبِي,3448,No,2,3:179,آل عمران,2,6482
فَآمِنُوا,3449,No,5,3:179,آل عمران,4,1941
يَبْخَلُونَ,3450,No,3,3:180,آل عمران,3,3853
سَيُطَوَّقُونَ,3451,No,1,3:180,آل عمران,1,11035
بَخِلُوا,3452,No,2,3:180,آل عمران,2,4523
مِيرَاثُ,3453,No,2,3:180,آل عمران,2,5933
سَمِعَ,3454,No,2,3:181,آل عمران,2,5095
قَوْلَ,3455,No,7,3:181,آل عمران,7,1378
فَقِيرٌ,3456,No,2,3:181,آل عمران,2,5477
أَغْنِيَاءُ,3457,No,2,3:181,آل عمران,2,4089
سَنَكْتُبُ,3458,No,2,3:181,آل عمران,2,5102
وَقَتْلَهُمُ,3459,No,1,3:181,آل عمران,1,15932
وَنَقُولُ,3460,No,2,3:181,آل عمران,2,6394
ذُوقُوا,3461,No,8,3:181,آل عمران,8,1174
الْحَرِيقِ,3462,No,5,3:181,آل عمران,4,1801
أَيْدِيكُمْ,3463,No,6,3:182,آل عمران,5,1468
بِظَلَّامٍ,3464,No,5,3:182,آل عمران,5,1836
لِلْعَبِيدِ,3465,No,5,3:182,آل عمران,5,1992
عَهِدَ,3466,No,3,3:183,آل عمران,3,3349
لِرَسُولٍ,3467,No,3,3:183,آل عمران,3,3524
يَأْتِيَنَا,3468,No,1,3:183,آل عمران,1,16627
بِقُرْبَانٍ,3469,No,1,3:183,آل عمران,1,9221
تَأْكُلُهُ,3470,No,1,3:183,آل عمران,1,9310
رُسُلٌ,3471,No,7,3:183,آل عمران,5,1341
قَبْلِي,3472,No,3,3:183,آل عمران,3,3446
وَبِالَّذِي,3473,No,1,3:183,آل عمران,1,15323
قَتَلْتُمُوهُمْ,3474,No,1,3:183,آل عمران,1,12639
كَذَّبُوكَ,3475,No,3,3:184,آل عمران,3,3470
كُذِّبَ,3476,No,1,3:184,آل عمران,1,12904
جَاءُوا,3477,No,6,3:184,آل عمران,5,1554
وَالزُّبُرِ,3478,No,2,3:184,آل عمران,2,6129
الْمُنِيرِ,3479,No,2,3:184,آل عمران,2,4477
ذَائِقَةُ,3480,No,3,3:185,آل عمران,3,3247
وَإِنَّمَا,3481,No,3,3:185,آل عمران,3,3685
تُوَفَّوْنَ,3482,No,1,3:185,آل عمران,1,10011
أُجُورَكُمْ,3483,No,2,3:185,آل عمران,2,4170
زُحْزِحَ,3484,No,1,3:185,آل عمران,1,10837
وَأُدْخِلَ,3485,No,2,3:185,آل عمران,2,6087
فَازَ,3486,No,2,3:185,آل عمران,2,5386
الْغُرُورِ,3487,No,2,3:185,آل عمران,2,4427
لَتُبْلَوُنَّ,3488,No,1,3:186,آل عمران,1,13034
وَأَنْفُسِكُمْ,3489,No,3,3:186,آل عمران,3,3674
وَلَتَسْمَعُنَّ,3490,No,1,3:186,آل عمران,1,16035
عَزْمِ,3491,No,3,3:186,آل عمران,3,3332
الْأُمُورِ,3492,No,5,3:186,آل عمران,4,1796
لَتُبَيِّنُنَّهُ,3493,No,1,3:187,آل عمران,1,13031
تَكْتُمُونَهُ,3494,No,1,3:187,آل عمران,1,9722
فَنَبَذُوهُ,3495,No,1,3:187,آل عمران,1,12453
وَاشْتَرَوْا,3496,No,1,3:187,آل عمران,1,14975
فَبِئْسَ,3497,No,7,3:187,آل عمران,6,1372
يَفْرَحُونَ,3498,No,2,3:188,آل عمران,2,6552
أَتَوْا,3499,No,3,3:188,آل عمران,3,2835
وَيُحِبُّونَ,3500,No,1,3:188,آل عمران,1,16520
يُحْمَدُوا,3501,No,1,3:188,آل عمران,1,17301
تَحْسَبَنَّهُمْ,3502,No,1,3:188,آل عمران,1,9415
بِمَفَازَةٍ,3503,No,1,3:188,آل عمران,1,9244
يَذْكُرُونَ,3504,No,5,3:191,آل عمران,5,2095
قِيَامًا,3505,No,4,3:191,آل عمران,3,2543
وَقُعُودًا,3506,No,2,3:191,آل عمران,2,6324
جُنُوبِهِمْ,3507,No,1,3:191,آل عمران,1,10148
وَيَتَفَكَّرُونَ,3508,No,1,3:191,آل عمران,1,16385
خَلَقْتَ,3509,No,2,3:191,آل عمران,2,4957
بَاطِلًا,3510,No,2,3:191,آل عمران,2,4519
فَقِنَا,3511,No,1,3:191,آل عمران,1,12356
تُدْخِلِ,3512,No,1,3:192,آل عمران,1,9890
أَخْزَيْتَهُ,3513,No,1,3:192,آل عمران,1,6984
مُنَادِيًا,3514,No,1,3:193,آل عمران,1,14096
يُنَادِي,3515,No,1,3:193,آل عمران,1,17525
بِرَبِّكُمْ,3516,No,5,3:193,آل عمران,5,1834
فَآمَنَّا,3517,No,2,3:193,آل عمران,2,5341
وَكَفِّرْ,3518,No,1,3:193,آل عمران,1,16000
سَيِّئَاتِنَا,3519,No,1,3:193,آل عمران,1,11040
وَتَوَفَّنَا,3520,No,2,3:193,آل عمران,2,6211
الْأَبْرَارِ,3521,No,2,3:193,آل عمران,2,4322
وَآتِنَا,3522,No,1,3:194,آل عمران,1,14587
وَعَدْتَنَا,3523,No,1,3:194,آل عمران,1,15831
رُسُلِكَ,3524,No,1,3:194,آل عمران,1,10742
تُخْزِنَا,3525,No,1,3:194,آل عمران,1,9881
تُخْلِفُ,3526,No,1,3:194,آل عمران,1,9887
فَاسْتَجَابَ,3527,No,3,3:195,آل عمران,3,3391
رَبُّهُمْ,3528,No,12,3:195,آل عمران,11,783
أُضِيعُ,3529,No,1,3:195,آل عمران,1,7599
عَمَلَ,3530,No,2,3:195,آل عمران,2,5295
عَامِلٍ,3531,No,1,3:195,آل عمران,1,11450
ذَكَرٍ,3532,No,5,3:195,آل عمران,5,1896
فَالَّذِينَ,3533,No,10,3:195,آل عمران,8,942
وَأُخْرِجُوا,3534,No,1,3:195,آل عمران,1,14829
وَأُوذُوا,3535,No,2,3:195,آل عمران,2,6093
سَبِيلِي,3536,No,3,3:195,آل عمران,3,3268
وَقَاتَلُوا,3537,No,2,3:195,آل عمران,2,6315
وَقُتِلُوا,3538,No,1,3:195,آل عمران,1,15966
لَأُكَفِّرَنَّ,3539,No,2,3:195,آل عمران,2,5648
سَيِّئَاتِهِمْ,3540,No,7,3:195,آل عمران,7,1349
وَلَأُدْخِلَنَّهُمْ,3541,No,1,3:195,آل عمران,1,16025
ثَوَابًا,3542,No,4,3:195,آل عمران,3,2382
الثَّوَابِ,3543,No,1,3:195,آل عمران,1,7933
يَغُرَّنَّكَ,3544,No,1,3:196,آل عمران,1,17021
تَقَلُّبُ,3545,No,1,3:196,آل عمران,1,9688
الْبِلَادِ,3546,No,5,3:196,آل عمران,4,1799
قَلِيلٌ,3547,No,8,3:197,آل عمران,7,1195
مَأْوَاهُمْ,3548,No,4,3:197,آل عمران,3,2590
لَكِنِ,3549,No,6,3:198,آل عمران,5,1632
رَبَّهُمْ,3550,No,17,3:198,آل عمران,13,543
نُزُلًا,3551,No,6,3:198,آل عمران,5,1658
لِلْأَبْرَارِ,3552,No,1,3:198,آل عمران,1,13465
لَمَنْ,3553,No,4,3:199,آل عمران,4,2567
خَاشِعِينَ,3554,No,3,3:199,آل عمران,3,3217
اصْبِرُوا,3555,No,1,3:200,آل عمران,1,7854
وَصَابِرُوا,3556,No,1,3:200,آل عمران,1,15765
وَرَابِطُوا,3557,No,1,3:200,آل عمران,1,15628
وَاحِدَةٍ,3558,No,6,4:1,النساء,6,1669
وَخَلَقَ,3559,No,5,4:1,النساء,5,2049
زَوْجَهَا,3560,No,3,4:1,النساء,3,3265
رِجَالًا,3561,No,8,4:1,النساء,7,1177
وَنِسَاءً,3562,No,2,4:1,النساء,1,6398
تَسَاءَلُونَ,3563,No,1,4:1,النساء,1,9533
وَالْأَرْحَامَ,3564,No,1,4:1,النساء,1,15111
رَقِيبًا,3565,No,2,4:1,النساء,2,5033
تَتَبَدَّلُوا,3566,No,1,4:2,النساء,1,9361
بِالطَّيِّبِ,3567,No,1,4:2,النساء,1,9021
حُوبًا,3568,No,1,4:2,النساء,1,10319
تُقْسِطُوا,3569,No,1,4:3,النساء,1,9970
فَانْكِحُوا,3570,No,1,4:3,النساء,1,12041
طَابَ,3571,No,1,4:3,النساء,1,11340
مَثْنَى,3572,No,3,4:3,النساء,3,3551
وَثُلَاثَ,3573,No,2,4:3,النساء,2,6217
وَرُبَاعَ,3574,No,2,4:3,النساء,2,6255
تَعْدِلُوا,3575,No,4,4:3,النساء,2,2362
فَوَاحِدَةً,3576,No,1,4:3,النساء,1,12483
مَلَكَتْ,3577,No,15,4:3,النساء,7,632
أَيْمَانُكُمْ,3578,No,8,4:3,النساء,3,1126
تَعُولُوا,3579,No,1,4:3,النساء,1,9630
صَدُقَاتِهِنَّ,3580,No,1,4:4,النساء,1,11227
نِحْلَةً,3581,No,1,4:4,النساء,1,14521
طِبْنَ,3582,No,1,4:4,النساء,1,11382
فَكُلُوهُ,3583,No,1,4:4,النساء,1,12376
هَنِيئًا,3584,No,4,4:4,النساء,4,2658
مَرِيئًا,3585,No,1,4:4,النساء,1,13694
تُؤْتُوا,3586,No,1,4:5,النساء,1,9834
السُّفَهَاءَ,3587,No,1,4:5,النساء,1,8038
أَمْوَالَكُمُ,3588,No,1,4:5,النساء,1,7401
وَارْزُقُوهُمْ,3589,No,1,4:5,النساء,1,14934
وَاكْسُوهُمْ,3590,No,1,4:5,النساء,1,15004
وَابْتَلُوا,3591,No,1,4:6,النساء,1,14883
بَلَغُوا,3592,No,2,4:6,النساء,2,4549
النِّكَاحَ,3593,No,1,4:6,النساء,1,8173
آنَسْتُمْ,3594,No,1,4:6,النساء,1,6751
رُشْدًا,3595,No,2,4:6,النساء,2,5047
فَادْفَعُوا,3596,No,1,4:6,النساء,1,11914
تَأْكُلُوهَا,3597,No,1,4:6,النساء,1,9311
إِسْرَافًا,3598,No,1,4:6,النساء,1,7661
وَبِدَارًا,3599,No,1,4:6,النساء,1,15329
يَكْبَرُوا,3600,No,1,4:6,النساء,1,17091
غَنِيًّا,3601,No,3,4:6,النساء,1,3367
فَلْيَسْتَعْفِفْ,3602,No,1,4:6,النساء,1,12422
فَقِيرًا,3603,No,2,4:6,النساء,1,5476
فَلْيَأْكُلْ,3604,No,1,4:6,النساء,1,12414
دَفَعْتُمْ,3605,No,1,4:6,النساء,1,10529
فَأَشْهِدُوا,3606,No,1,4:6,النساء,1,11791
وَكَفَى,3607,No,21,4:6,النساء,6,451
حَسِيبًا,3608,No,4,4:6,النساء,3,2395
لِلرِّجَالِ,3609,No,2,4:7,النساء,1,5738
الْوَالِدَانِ,3610,No,3,4:7,النساء,1,3040
وَالْأَقْرَبُونَ,3611,No,3,4:7,النساء,1,3715
وَلِلنِّسَاءِ,3612,No,2,4:7,النساء,1,6366
قَلَّ,3613,No,1,4:7,النساء,1,12684
كَثُرَ,3614,No,1,4:7,النساء,1,12826
مَفْرُوضًا,3615,No,2,4:7,النساء,1,5823
الْقِسْمَةَ,3616,No,1,4:8,النساء,1,8552
وَالْمَسَاكِينُ,3617,No,1,4:8,النساء,1,15222
فَارْزُقُوهُمْ,3618,No,1,4:8,النساء,1,11926
وَلْيَخْشَ,3619,No,1,4:9,النساء,1,16166
تَرَكُوا,3620,No,2,4:9,النساء,2,4725
ضِعَافًا,3621,No,1,4:9,النساء,1,11327
خَافُوا,3622,No,1,4:9,النساء,1,10368
فَلْيَتَّقُوا,3623,No,1,4:9,النساء,1,12416
وَلْيَقُولُوا,3624,No,1,4:9,النساء,1,16175
سَدِيدًا,3625,No,2,4:9,النساء,2,5085
أَمْوَالَ,3626,No,3,4:10,النساء,2,2869
وَسَيَصْلَوْنَ,3627,No,1,4:10,النساء,1,15733
سَعِيرًا,3628,No,7,4:10,النساء,6,1346
يُوصِيكُمُ,3629,No,1,4:11,النساء,1,17559
أَوْلَادِكُمْ,3630,No,1,4:11,النساء,1,7513
لِلذَّكَرِ,3631,No,1,4:11,النساء,1,13446
حَظِّ,3632,No,2,4:11,النساء,1,4907
الْأُنْثَيَيْنِ,3633,No,6,4:11,النساء,2,1498
نِسَاءً,3634,No,1,4:11,النساء,1,14523
اثْنَتَيْنِ,3635,No,4,4:11,النساء,2,2216
فَلَهُنَّ,3636,No,2,4:11,النساء,1,5487
ثُلُثَا,3637,No,1,4:11,النساء,1,10052
فَلَهَا,3638,No,3,4:11,النساء,2,3427
النِّصْفُ,3639,No,1,4:11,النساء,1,8171
وَلِأَبَوَيْهِ,3640,No,1,4:11,النساء,1,16091
لِكُلِّ,3641,No,25,4:11,النساء,19,370
السُّدُسُ,3642,No,3,4:11,النساء,1,2943
وَوَرِثَهُ,3643,No,1,4:11,النساء,1,16360
أَبَوَاهُ,3644,No,2,4:11,النساء,2,3985
فَلِأُمِّهِ,3645,No,2,4:11,النساء,1,5488
الثُّلُثُ,3646,No,1,4:11,النساء,1,7935
إِخْوَةٌ,3647,No,2,4:11,النساء,2,4194
وَصِيَّةٍ,3648,No,4,4:11,النساء,1,2715
يُوصِي,3649,No,1,4:11,النساء,1,17558
دَيْنٍ,3650,No,4,4:11,النساء,1,2416
آبَاؤُكُمْ,3651,No,5,4:11,النساء,4,1725
وَأَبْنَاؤُكُمْ,3652,No,2,4:11,النساء,2,6037
تَدْرُونَ,3653,No,1,4:11,النساء,1,9465
نَفْعًا,3654,No,9,4:11,النساء,9,1084
عَلِيمًا,3655,No,22,4:11,النساء,5,420
حَكِيمًا,3656,No,16,4:11,النساء,4,576
نِصْفُ,3657,No,3,4:12,النساء,1,3651
أَزْوَاجُكُمْ,3658,No,1,4:12,النساء,1,7075
فَلَكُمُ,3659,No,1,4:12,النساء,1,12389
الرُّبُعُ,3660,No,2,4:12,النساء,1,4267
تَرَكْنَ,3661,No,1,4:12,النساء,1,9495
يُوصِينَ,3662,No,1,4:12,النساء,1,17560
تَرَكْتُمْ,3663,No,2,4:12,النساء,1,4727
الثُّمُنُ,3664,No,1,4:12,النساء,1,7937
تُوصُونَ,3665,No,1,4:12,النساء,1,10003
رَجُلٌ,3666,No,8,4:12,النساء,7,1175
يُورَثُ,3667,No,1,4:12,النساء,1,17555
كَلَالَةً,3668,No,1,4:12,النساء,1,12875
امْرَأَةٌ,3669,No,2,4:12,النساء,1,4505
أَخٌ,3670,No,2,4:12,النساء,2,4018
أُخْتٌ,3671,No,2,4:12,النساء,1,4173
فَلِكُلِّ,3672,No,1,4:12,النساء,1,12407
شُرَكَاءُ,3673,No,6,4:12,النساء,5,1584
الثُّلُثِ,3674,No,1,4:12,النساء,1,7936
يُوصَى,3675,No,1,4:12,النساء,1,17557
مُضَارٍّ,3676,No,1,4:12,النساء,1,14027
يُطِعِ,3677,No,6,4:13,النساء,4,1722
وَرَسُولَهُ,3678,No,28,4:13,النساء,11,330
يُدْخِلْهُ,3679,No,4,4:13,النساء,3,2801
وَذَلِكَ,3680,No,13,4:13,النساء,11,738
الْفَوْزُ,3681,No,16,4:13,النساء,13,570
يَعْصِ,3682,No,3,4:14,النساء,3,3902
وَيَتَعَدَّ,3683,No,1,4:14,النساء,1,16383
حُدُودَهُ,3684,No,1,4:14,النساء,1,10300
خَالِدًا,3685,No,3,4:14,النساء,2,3218
وَاللَّاتِي,3686,No,2,4:15,النساء,1,6142
يَأْتِينَ,3687,No,5,4:15,النساء,4,2081
الْفَاحِشَةَ,3688,No,4,4:15,النساء,4,2268
فَاسْتَشْهِدُوا,3689,No,1,4:15,النساء,1,11939
شَهِدُوا,3690,No,2,4:15,النساء,2,5152
الْبُيُوتِ,3691,No,2,4:15,النساء,2,4372
يَتَوَفَّاهُنَّ,3692,No,1,4:15,النساء,1,16717
وَاللَّذَانِ,3693,No,1,4:16,النساء,1,15076
يَأْتِيَانِهَا,3694,No,1,4:16,النساء,1,16624
فَآذُوهُمَا,3695,No,1,4:16,النساء,1,11738
تَابَا,3696,No,1,4:16,النساء,1,9322
وَأَصْلَحَا,3697,No,1,4:16,النساء,1,14711
فَأَعْرِضُوا,3698,No,2,4:16,النساء,2,5352
عَنْهُمَا,3699,No,4,4:16,النساء,3,2485
تَوَّابًا,3700,No,3,4:16,النساء,2,3157
رَحِيمًا,3701,No,20,4:16,النساء,5,461
التَّوْبَةُ,3702,No,2,4:17,النساء,1,4254
السُّوءَ,3703,No,5,4:17,النساء,4,1780
بِجَهَالَةٍ,3704,No,4,4:17,النساء,4,2323
يَتُوبُونَ,3705,No,3,4:17,النساء,3,3860
قَرِيبٍ,3706,No,6,4:17,النساء,5,1621
يَتُوبُ,3707,No,5,4:17,النساء,4,2086
وَلَيْسَتِ,3708,No,1,4:18,النساء,1,16086
السَّيِّئَاتِ,3709,No,13,4:18,النساء,11,704
أَحَدَهُمُ,3710,No,2,4:18,النساء,2,4008
تُبْتُ,3711,No,3,4:18,النساء,3,3158
يَمُوتُونَ,3712,No,1,4:18,النساء,1,17136
أَعْتَدْنَا,3713,No,6,4:18,النساء,5,1458
أَلِيمًا,3714,No,14,4:18,النساء,8,645
تَرِثُوا,3715,No,1,4:19,النساء,1,9501
كَرْهًا,3716,No,3,4:19,النساء,3,3473
لِتَذْهَبُوا,3717,No,1,4:19,النساء,1,13355
بِفَاحِشَةٍ,3718,No,4,4:19,النساء,3,2334
مُبَيِّنَةٍ,3719,No,3,4:19,النساء,3,3585
وَعَاشِرُوهُنَّ,3720,No,1,4:19,النساء,1,15819
كَرِهْتُمُوهُنَّ,3721,No,1,4:19,النساء,1,12849
فَعَسَى,3722,No,5,4:19,النساء,5,1954
وَيَجْعَلَ,3723,No,2,4:19,النساء,2,6410
أَرَدْتُمُ,3724,No,1,4:20,النساء,1,7029
اسْتِبْدَالَ,3725,No,1,4:20,النساء,1,7840
زَوْجٍ,3726,No,6,4:20,النساء,5,1576
مَكَانَ,3727,No,4,4:20,النساء,4,2602
وَآتَيْتُمْ,3728,No,1,4:20,النساء,1,14583
إِحْدَاهُنَّ,3729,No,1,4:20,النساء,1,7641
قِنْطَارًا,3730,No,1,4:20,النساء,1,12765
أَتَأْخُذُونَهُ,3731,No,1,4:20,النساء,1,6824
بُهْتَانًا,3732,No,4,4:20,النساء,2,2309
وَإِثْمًا,3733,No,3,4:20,النساء,2,3680
مُبِينًا,3734,No,13,4:20,النساء,4,730
تَأْخُذُونَهُ,3735,No,1,4:21,النساء,1,9306
أَفْضَى,3736,No,1,4:21,النساء,1,7280
وَأَخَذْنَ,3737,No,1,4:21,النساء,1,14647
مِيثَاقًا,3738,No,3,4:21,النساء,2,3618
غَلِيظًا,3739,No,3,4:21,النساء,2,3365
نَكَحَ,3740,No,1,4:22,النساء,1,14400
وَمَقْتًا,3741,No,1,4:22,النساء,1,16205
وَسَاءَ,3742,No,3,4:22,النساء,3,3764
حُرِّمَتْ,3743,No,3,4:23,النساء,3,3212
أُمَّهَاتُكُمْ,3744,No,1,4:23,النساء,1,7615
وَبَنَاتُكُمْ,3745,No,1,4:23,النساء,1,15304
وَأَخَوَاتُكُمْ,3746,No,2,4:23,النساء,1,6042
وَعَمَّاتُكُمْ,3747,No,1,4:23,النساء,1,15863
وَخَالَاتُكُمْ,3748,No,1,4:23,النساء,1,15573
وَبَنَاتُ,3749,No,2,4:23,النساء,1,6193
الْأَخِ,3750,No,1,4:23,النساء,1,8198
الْأُخْتِ,3751,No,1,4:23,النساء,1,8272
وَأُمَّهَاتُكُمُ,3752,No,1,4:23,النساء,1,14837
اللَّاتِي,3753,No,8,4:23,النساء,4,1136
أَرْضَعْنَكُمْ,3754,No,1,4:23,النساء,1,7060
الرَّضَاعَةِ,3755,No,1,4:23,النساء,1,7970
وَأُمَّهَاتُ,3756,No,1,4:23,النساء,1,14836
وَرَبَائِبُكُمُ,3757,No,1,4:23,النساء,1,15633
حُجُورِكُمْ,3758,No,1,4:23,النساء,1,10299
نِسَائِكُمُ,3759,No,1,4:23,النساء,1,14528
دَخَلْتُمْ,3760,No,3,4:23,النساء,2,3237
بِهِنَّ,3761,No,3,4:23,النساء,2,3106
وَحَلَائِلُ,3762,No,1,4:23,النساء,1,15546
أَبْنَائِكُمُ,3763,No,1,4:23,النساء,1,6821
أَصْلَابِكُمْ,3764,No,1,4:23,النساء,1,7157
تَجْمَعُوا,3765,No,1,4:23,النساء,1,9394
الْأُخْتَيْنِ,3766,No,1,4:23,النساء,1,8271
غَفُورًا,3767,No,20,4:23,النساء,6,466
وَالْمُحْصَنَاتُ,3768,No,3,4:24,النساء,2,3726
وَأُحِلَّ,3769,No,1,4:24,النساء,1,14822
بِأَمْوَالِكُمْ,3770,No,3,4:24,النساء,3,3070
مُحْصِنِينَ,3771,No,2,4:24,النساء,2,5875
مُسَافِحِينَ,3772,No,2,4:24,النساء,2,5885
اسْتَمْتَعْتُمْ,3773,No,1,4:24,النساء,1,7827
فَآتُوهُنَّ,3774,No,2,4:24,النساء,2,5339
أُجُورَهُنَّ,3775,No,6,4:24,النساء,5,1469
تَرَاضَيْتُمْ,3776,No,1,4:24,النساء,1,9488
الْفَرِيضَةِ,3777,No,1,4:24,النساء,1,8496
يَسْتَطِعْ,3778,No,2,4:25,النساء,2,6522
طَوْلًا,3779,No,1,4:25,النساء,1,11371
يَنْكِحَ,3780,No,1,4:25,النساء,1,17184
الْمُحْصَنَاتِ,3781,No,4,4:25,النساء,2,2281
الْمُؤْمِنَاتِ,3782,No,5,4:25,النساء,4,1815
فَمِنْ,3783,No,3,4:25,النساء,2,3431
فَتَيَاتِكُمُ,3784,No,1,4:25,النساء,1,12117
بِإِيمَانِكُمْ,3785,No,1,4:25,النساء,1,8997
فَانْكِحُوهُنَّ,3786,No,1,4:25,النساء,1,12042
أَهْلِهِنَّ,3787,No,1,4:25,النساء,1,7484
وَآتُوهُنَّ,3788,No,1,4:25,النساء,1,14585
مُحْصَنَاتٍ,3789,No,1,4:25,النساء,1,13944
مُسَافِحَاتٍ,3790,No,1,4:25,النساء,1,13984
مُتَّخِذَاتِ,3791,No,1,4:25,النساء,1,13919
أَخْدَانٍ,3792,No,2,4:25,النساء,2,4024
أُحْصِنَّ,3793,No,1,4:25,النساء,1,7563
أَتَيْنَ,3794,No,1,4:25,النساء,1,6853
فَعَلَيْهِنَّ,3795,No,1,4:25,النساء,1,12310
خَشِيَ,3796,No,3,4:25,النساء,3,3223
الْعَنَتَ,3797,No,1,4:25,النساء,1,8458
لِيُبَيِّنَ,3798,No,3,4:26,النساء,3,3543
وَيَهْدِيَكُمْ,3799,No,2,4:26,النساء,2,6429
سُنَنَ,3800,No,1,4:26,النساء,1,11067
وَيَتُوبَ,3801,No,2,4:26,النساء,2,6409
وَيُرِيدُ,3802,No,3,4:27,النساء,2,3841
يَتَّبِعُونَ,3803,No,8,4:27,النساء,7,1241
تَمِيلُوا,3804,No,2,4:27,النساء,1,4787
مَيْلًا,3805,No,1,4:27,النساء,1,13884
عَظِيمًا,3806,No,22,4:27,النساء,4,419
يُخَفِّفَ,3807,No,1,4:28,النساء,1,17307
وَخُلِقَ,3808,No,1,4:28,النساء,1,15586
الْإِنْسَانُ,3809,No,27,4:28,النساء,16,338
تَقْتُلُوا,3810,No,7,4:29,النساء,5,1322
عُدْوَانًا,3811,No,1,4:30,النساء,1,11602
وَظُلْمًا,3812,No,1,4:30,النساء,1,15815
فَسَوْفَ,3813,No,26,4:30,النساء,18,357
نُصْلِيهِ,3814,No,1,4:30,النساء,1,14468
يَسِيرًا,3815,No,7,4:30,النساء,4,1437
تَجْتَنِبُوا,3816,No,1,4:31,النساء,1,9390
كَبَائِرَ,3817,No,3,4:31,النساء,3,3464
تُنْهَوْنَ,3818,No,1,4:31,النساء,1,10001
عَنْهُ,3819,No,37,4:31,النساء,27,258
نُكَفِّرْ,3820,No,1,4:31,النساء,1,14493
وَنُدْخِلْكُمْ,3821,No,1,4:31,النساء,1,16304
مُدْخَلًا,3822,No,2,4:31,النساء,2,5881
كَرِيمًا,3823,No,4,4:31,النساء,3,2549
تَتَمَنَّوْا,3824,No,1,4:32,النساء,1,9368
فَضَّلَ,3825,No,4,4:32,النساء,2,2522
بَعْضَكُمْ,3826,No,6,4:32,النساء,5,1522
اكْتَسَبُوا,3827,No,2,4:32,النساء,2,4251
اكْتَسَبْنَ,3828,No,1,4:32,النساء,1,7904
وَاسْأَلُوا,3829,No,2,4:32,النساء,2,6111
مَوَالِيَ,3830,No,1,4:33,النساء,1,13852
عَقَدَتْ,3831,No,1,4:33,النساء,1,11534
فَآتُوهُمْ,3832,No,1,4:33,النساء,1,11734
نَصِيبَهُمْ,3833,No,2,4:33,النساء,2,5973
الرِّجَالُ,3834,No,1,4:34,النساء,1,7981
قَوَّامُونَ,3835,No,1,4:34,النساء,1,12699
أَمْوَالِهِمْ,3836,No,5,4:34,النساء,5,1753
فَالصَّالِحَاتُ,3837,No,1,4:34,النساء,1,12003
قَانِتَاتٌ,3838,No,1,4:34,النساء,1,12619
حَافِظَاتٌ,3839,No,1,4:34,النساء,1,10191
لِلْغَيْبِ,3840,No,2,4:34,النساء,2,5749
حَفِظَ,3841,No,1,4:34,النساء,1,10253
تَخَافُونَ,3842,No,4,4:34,النساء,4,2349
نُشُوزَهُنَّ,3843,No,1,4:34,النساء,1,14462
فَعِظُوهُنَّ,3844,No,1,4:34,النساء,1,12319
وَاهْجُرُوهُنَّ,3845,No,1,4:34,النساء,1,15279
الْمَضَاجِعِ,3846,No,2,4:34,النساء,2,4460
وَاضْرِبُوهُنَّ,3847,No,1,4:34,النساء,1,14988
أَطَعْنَكُمْ,3848,No,1,4:34,النساء,1,7185
تَبْغُوا,3849,No,1,4:34,النساء,1,9353
عَلِيًّا,3850,No,3,4:34,النساء,2,3345
شِقَاقَ,3851,No,1,4:35,النساء,1,11185
بَيْنِهِمَا,3852,No,2,4:35,النساء,2,4566
فَابْعَثُوا,3853,No,2,4:35,النساء,2,5372
حَكَمًا,3854,No,2,4:35,النساء,2,4908
وَحَكَمًا,3855,No,1,4:35,النساء,1,15545
أَهْلِهَا,3856,No,8,4:35,النساء,7,1123
يُرِيدَا,3857,No,1,4:35,النساء,1,17347
يُوَفِّقِ,3858,No,1,4:35,النساء,1,17572
بَيْنَهُمَا,3859,No,29,4:35,النساء,21,311
خَبِيرًا,3860,No,12,4:35,النساء,5,780
وَاعْبُدُوا,3861,No,3,4:36,النساء,3,3700
تُشْرِكُوا,3862,No,3,4:36,النساء,3,3164
وَبِذِي,3863,No,1,4:36,النساء,1,15332
وَالْجَارِ,3864,No,2,4:36,النساء,1,6157
ذِي,3865,No,19,4:36,النساء,17,490
الْجُنُبِ,3866,No,1,4:36,النساء,1,8340
وَالصَّاحِبِ,3867,No,1,4:36,النساء,1,15054
بِالْجَنْبِ,3868,No,1,4:36,النساء,1,9039
مُخْتَالًا,3869,No,1,4:36,النساء,1,13948
فَخُورًا,3870,No,1,4:36,النساء,1,12168
بِالْبُخْلِ,3871,No,2,4:37,النساء,2,4606
وَيَكْتُمُونَ,3872,No,1,4:37,النساء,1,16470
وَأَعْتَدْنَا,3873,No,7,4:37,النساء,4,1410
مُهِينًا,3874,No,4,4:37,النساء,2,2620
بِالْيَوْمِ,3875,No,2,4:38,النساء,2,4622
يَكُنِ,3876,No,4,4:38,النساء,2,2790
قَرِينًا,3877,No,2,4:38,النساء,1,5554
فَسَاءَ,3878,No,4,4:38,النساء,4,2519
وَمَاذَا,3879,No,1,4:39,النساء,1,16183
وَأَنْفَقُوا,3880,No,4,4:39,النساء,4,2674
رَزَقَهُمُ,3881,No,2,4:39,النساء,2,5027
يَظْلِمُ,3882,No,3,4:40,النساء,3,3897
مِثْقَالَ,3883,No,6,4:40,النساء,5,1652
ذَرَّةٍ,3884,No,6,4:40,النساء,4,1564
تَكُ,3885,No,7,4:40,النساء,6,1323
يُضَاعِفْهَا,3886,No,1,4:40,النساء,1,17414
وَيُؤْتِ,3887,No,2,4:40,النساء,2,6430
لَدُنْهُ,3888,No,2,4:40,النساء,2,5667
أَجْرًا,3889,No,22,4:40,النساء,13,410
جِئْنَا,3890,No,4,4:41,النساء,4,2392
بِشَهِيدٍ,3891,No,1,4:41,النساء,1,9166
وَجِئْنَا,3892,No,3,4:41,النساء,3,3743
وَعَصَوُا,3893,No,1,4:42,النساء,1,15848
تُسَوَّى,3894,No,1,4:42,النساء,1,9911
حَدِيثًا,3895,No,5,4:42,النساء,3,1873
تَقْرَبُوا,3896,No,5,4:43,النساء,3,1853
سُكَارَى,3897,No,2,4:43,النساء,2,5117
تَعْلَمُوا,3898,No,5,4:43,النساء,5,1852
جُنُبًا,3899,No,2,4:43,النساء,2,4884
عَابِرِي,3900,No,1,4:43,النساء,1,11428
سَبِيلٍ,3901,No,6,4:43,النساء,4,1578
تَغْتَسِلُوا,3902,No,1,4:43,النساء,1,9654
مَرْضَى,3903,No,4,4:43,النساء,3,2597
جَاءَ,3904,No,57,4:43,النساء,30,157
الْغَائِطِ,3905,No,2,4:43,النساء,2,4419
لَامَسْتُمُ,3906,No,2,4:43,النساء,2,5652
فَلَمْ,3907,No,12,4:43,النساء,9,788
فَتَيَمَّمُوا,3908,No,2,4:43,النساء,2,5423
صَعِيدًا,3909,No,4,4:43,النساء,3,2463
فَامْسَحُوا,3910,No,2,4:43,النساء,2,5408
بِوُجُوهِكُمْ,3911,No,2,4:43,النساء,2,4674
وَأَيْدِيكُمْ,3912,No,2,4:43,النساء,2,6083
عَفُوًّا,3913,No,3,4:43,النساء,1,3338
وَيُرِيدُونَ,3914,No,3,4:44,النساء,1,3842
تَضِلُّوا,3915,No,2,4:44,النساء,1,4750
السَّبِيلَ,3916,No,6,4:44,النساء,6,1487
بِأَعْدَائِكُمْ,3917,No,1,4:45,النساء,1,8971
وَلِيًّا,3918,No,13,4:45,النساء,6,742
نَصِيرًا,3919,No,12,4:45,النساء,4,800
يُحَرِّفُونَ,3920,No,3,4:46,النساء,2,3932
الْكَلِمَ,3921,No,3,4:46,النساء,2,3014
مَوَاضِعِهِ,3922,No,3,4:46,النساء,2,3580
وَاسْمَعْ,3923,No,2,4:46,النساء,1,6114
مُسْمَعٍ,3924,No,1,4:46,النساء,1,14014
وَرَاعِنَا,3925,No,1,4:46,النساء,1,15629
لَيًّا,3926,No,1,4:46,النساء,1,13247
بِأَلْسِنَتِهِمْ,3927,No,2,4:46,النساء,2,4583
وَطَعْنًا,3928,No,1,4:46,النساء,1,15803
وَانْظُرْنَا,3929,No,1,4:46,النساء,1,15275
وَأَقْوَمَ,3930,No,1,4:46,النساء,1,14748
نَطْمِسَ,3931,No,1,4:47,النساء,1,14341
وُجُوهًا,3932,No,1,4:47,النساء,1,16591
فَنَرُدَّهَا,3933,No,1,4:47,النساء,1,12460
أَدْبَارِهَا,3934,No,1,4:47,النساء,1,7000
نَلْعَنَهُمْ,3935,No,1,4:47,النساء,1,14411
لَعَنَّا,3936,No,1,4:47,النساء,1,13111
أَصْحَابَ,3937,No,10,4:47,النساء,6,900
أَمْرُ,3938,No,13,4:47,النساء,8,696
مَفْعُولًا,3939,No,6,4:47,النساء,5,1642
يُشْرَكَ,3940,No,2,4:48,النساء,1,6646
وَيَغْفِرُ,3941,No,3,4:48,النساء,2,3839
دُونَ,3942,No,8,4:48,النساء,7,1173
يُشْرِكْ,3943,No,5,4:48,النساء,4,2128
يُزَكُّونَ,3944,No,1,4:49,النساء,1,17359
يُزَكِّي,3945,No,2,4:49,النساء,2,6640
فَتِيلًا,3946,No,3,4:49,النساء,2,3402
انْظُرْ,3947,No,10,4:50,النساء,6,918
بِالْجِبْتِ,3948,No,1,4:51,النساء,1,9041
وَالطَّاغُوتِ,3949,No,1,4:51,النساء,1,15065
أَهْدَى,3950,No,6,4:51,النساء,6,1464
يَلْعَنِ,3951,No,1,4:52,النساء,1,17122
تَجِدَ,3952,No,11,4:52,النساء,6,836
فَإِذًا,3953,No,1,4:53,النساء,1,11870
يُؤْتُونَ,3954,No,3,4:53,النساء,3,3924
نَقِيرًا,3955,No,2,4:53,النساء,1,5984
يَحْسُدُونَ,3956,No,1,4:54,النساء,1,16766
وَآتَيْنَاهُمْ,3957,No,4,4:54,النساء,4,2661
مُلْكًا,3958,No,2,4:54,النساء,2,5909
صَدَّ,3959,No,1,4:55,النساء,1,11225
بِجَهَنَّمَ,3960,No,2,4:55,النساء,2,4631
سَوْفَ,3961,No,7,4:56,النساء,5,1348
نُصْلِيهِمْ,3962,No,1,4:56,النساء,1,14469
نَضِجَتْ,3963,No,1,4:56,النساء,1,14334
جُلُودُهُمْ,3964,No,2,4:56,النساء,2,4882
بَدَّلْنَاهُمْ,3965,No,1,4:56,النساء,1,8846
جُلُودًا,3966,No,1,4:56,النساء,1,10139
غَيْرَهَا,3967,No,1,4:56,النساء,1,11704
لِيَذُوقُوا,3968,No,1,4:56,النساء,1,13547
عَزِيزًا,3969,No,7,4:56,النساء,3,1362
سَنُدْخِلُهُمْ,3970,No,2,4:57,النساء,1,5103
وَنُدْخِلُهُمْ,3971,No,1,4:57,النساء,1,16303
ظِلًّا,3972,No,1,4:57,النساء,1,11417
ظَلِيلًا,3973,No,1,4:57,النساء,1,11392
تُؤَدُّوا,3974,No,1,4:58,النساء,1,9832
الْأَمَانَاتِ,3975,No,1,4:58,النساء,1,8242
حَكَمْتُمْ,3976,No,1,4:58,النساء,1,10261
تَحْكُمُوا,3977,No,1,4:58,النساء,1,9422
نِعِمَّا,3978,No,1,4:58,النساء,1,14533
سَمِيعًا,3979,No,4,4:58,النساء,2,2444
بَصِيرًا,3980,No,15,4:58,النساء,10,610
وَأُولِي,3981,No,1,4:59,النساء,1,14849
تَنَازَعْتُمْ,3982,No,1,4:59,النساء,1,9773
فَرُدُّوهُ,3983,No,1,4:59,النساء,1,12206
تُؤْمِنُونَ,3984,No,5,4:59,النساء,5,1856
وَأَحْسَنُ,3985,No,4,4:59,النساء,4,2665
تَأْوِيلًا,3986,No,2,4:59,النساء,2,4688
يَزْعُمُونَ,3987,No,1,4:60,النساء,1,16864
يُرِيدُونَ,3988,No,13,4:60,النساء,11,748
يَتَحَاكَمُوا,3989,No,1,4:60,النساء,1,16684
الطَّاغُوتِ,3990,No,2,4:60,النساء,1,4301
أُمِرُوا,3991,No,3,4:60,النساء,3,2904
يُضِلَّهُمْ,3992,No,1,4:60,النساء,1,17421
ضَلَالًا,3993,No,6,4:60,النساء,3,1587
الرَّسُولِ,3994,No,15,4:61,النساء,8,602
رَأَيْتَ,3995,No,5,4:61,النساء,4,1899
الْمُنَافِقِينَ,3996,No,15,4:61,النساء,6,608
يَصُدُّونَ,3997,No,5,4:61,النساء,5,2104
صُدُودًا,3998,No,1,4:61,النساء,1,11278
جَاءُوكَ,3999,No,5,4:62,النساء,4,1862
يَحْلِفُونَ,4000,No,5,4:62,النساء,3,2091
أَرَدْنَا,4001,No,4,4:62,النساء,4,2159
وَتَوْفِيقًا,4002,No,1,4:62,النساء,1,15439
فَأَعْرِضْ,4003,No,5,4:63,النساء,4,1943
وَعِظْهُمْ,4004,No,1,4:63,النساء,1,15875
بَلِيغًا,4005,No,1,4:63,النساء,1,8908
رَسُولٍ,4006,No,10,4:64,النساء,10,933
لِيُطَاعَ,4007,No,1,4:64,النساء,1,13594
وَاسْتَغْفَرَ,4008,No,1,4:64,النساء,1,14958
لَوَجَدُوا,4009,No,2,4:64,النساء,1,5697
وَرَبِّكَ,4010,No,1,4:65,النساء,1,15639
يُحَكِّمُوكَ,4011,No,1,4:65,النساء,1,17285
شَجَرَ,4012,No,1,4:65,النساء,1,11109
يَجِدُوا,4013,No,5,4:65,النساء,4,2088
حَرَجًا,4014,No,2,4:65,النساء,2,4898
قَضَيْتَ,4015,No,1,4:65,النساء,1,12674
وَيُسَلِّمُوا,4016,No,1,4:65,النساء,1,16546
تَسْلِيمًا,4017,No,2,4:65,النساء,2,4740
أَنَّا,4018,No,17,4:66,النساء,12,530
كَتَبْنَا,4019,No,3,4:66,النساء,3,3465
أَنِ,4020,No,20,4:66,النساء,14,455
اقْتُلُوا,4021,No,3,4:66,النساء,3,2924
اخْرُجُوا,4022,No,1,4:66,النساء,1,7776
فَعَلُوهُ,4023,No,5,4:66,النساء,4,1955
يُوعَظُونَ,4024,No,1,4:66,النساء,1,17561
وَأَشَدَّ,4025,No,2,4:66,النساء,2,6049
تَثْبِيتًا,4026,No,1,4:66,النساء,1,9383
وَإِذًا,4027,No,4,4:67,النساء,3,2679
لَآتَيْنَاهُمْ,4028,No,1,4:67,النساء,1,12942
لَدُنَّا,4029,No,6,4:67,النساء,6,1629
وَلَهَدَيْنَاهُمْ,4030,No,1,4:68,النساء,1,16073
صِرَاطًا,4031,No,5,4:68,النساء,3,1929
مُسْتَقِيمًا,4032,No,6,4:68,النساء,3,1649
أَنْعَمَ,4033,No,5,4:69,النساء,4,1755
وَالصِّدِّيقِينَ,4034,No,1,4:69,النساء,1,15059
وَالشُّهَدَاءِ,4035,No,2,4:69,النساء,2,6136
وَالصَّالِحِينَ,4036,No,2,4:69,النساء,2,6139
وَحَسُنَ,4037,No,1,4:69,النساء,1,15534
رَفِيقًا,4038,No,1,4:69,النساء,1,10708
الْفَضْلُ,4039,No,4,4:70,النساء,4,2270
حِذْرَكُمْ,4040,No,2,4:71,النساء,1,4924
فَانْفِرُوا,4041,No,1,4:71,النساء,1,12039
ثُبَاتٍ,4042,No,1,4:71,النساء,1,10050
انْفِرُوا,4043,No,3,4:71,النساء,2,3045
لَيُبَطِّئَنَّ,4044,No,1,4:72,النساء,1,13275
عَلَيَّ,4045,No,15,4:72,النساء,10,618
أَكُنْ,4046,No,4,4:72,النساء,4,2177
فَضْلٌ,4047,No,1,4:73,النساء,1,12273
لَيَقُولَنَّ,4048,No,5,4:73,النساء,4,1987
كَأَنْ,4049,No,9,4:73,النساء,6,1070
مَوَدَّةٌ,4050,No,1,4:73,النساء,1,13853
لَيْتَنِي,4051,No,8,4:73,النساء,7,1207
كُنْتُ,4052,No,15,4:73,النساء,13,627
فَأَفُوزَ,4053,No,1,4:73,النساء,1,11811
فَوْزًا,4054,No,3,4:73,النساء,3,3435
فَلْيُقَاتِلْ,4055,No,1,4:74,النساء,1,12435
يَشْرُونَ,4056,No,1,4:74,النساء,1,16932
يُقَاتِلْ,4057,No,1,4:74,النساء,1,17492
فَيُقْتَلْ,4058,No,1,4:74,النساء,1,12552
يَغْلِبْ,4059,No,1,4:74,النساء,1,17036
نُؤْتِيهِ,4060,No,2,4:74,النساء,1,5993
تُقَاتِلُونَ,4061,No,2,4:75,النساء,2,4834
وَالْمُسْتَضْعَفِينَ,4062,No,2,4:75,النساء,1,6178
الرِّجَالِ,4063,No,3,4:75,النساء,2,2939
وَالنِّسَاءِ,4064,No,2,4:75,النساء,1,6145
وَالْوِلْدَانِ,4065,No,2,4:75,النساء,1,6183
أَخْرِجْنَا,4066,No,3,4:75,النساء,3,2843
الْقَرْيَةِ,4067,No,7,4:75,النساء,6,1299
الظَّالِمِ,4068,No,1,4:75,النساء,1,8118
أَهْلُهَا,4069,No,2,4:75,النساء,2,4149
وَاجْعَلْ,4070,No,5,4:75,النساء,4,2033
يُقَاتِلُونَ,4071,No,5,4:76,النساء,4,2130
فَقَاتِلُوا,4072,No,3,4:76,النساء,3,3423
كَيْدَ,4073,No,2,4:76,النساء,2,5624
كُفُّوا,4074,No,1,4:77,النساء,1,12912
أَيْدِيَكُمْ,4075,No,4,4:77,النساء,4,2198
يَخْشَوْنَ,4076,No,6,4:77,النساء,6,1702
كَخَشْيَةِ,4077,No,1,4:77,النساء,1,12833
خَشْيَةً,4078,No,1,4:77,النساء,1,10399
كَتَبْتَ,4079,No,1,4:77,النساء,1,12823
الْقِتَالَ,4080,No,2,4:77,النساء,2,4444
أَخَّرْتَنَا,4081,No,1,4:77,النساء,1,6960
وَالْآخِرَةُ,4082,No,3,4:77,النساء,3,3712
أَيْنَمَا,4083,No,3,4:78,النساء,3,2894
يُدْرِكْكُمُ,4084,No,1,4:78,النساء,1,17333
بُرُوجٍ,4085,No,1,4:78,النساء,1,8936
مُشَيَّدَةٍ,4086,No,1,4:78,النساء,1,14016
تُصِبْهُمْ,4087,No,5,4:78,النساء,4,1859
يَقُولُوا,4088,No,11,4:78,النساء,10,890
عِنْدِكَ,4089,No,5,4:78,النساء,4,1938
فَمَالِ,4090,No,2,4:78,النساء,2,5494
يَكَادُونَ,4091,No,3,4:78,النساء,3,3913
يَفْقَهُونَ,4092,No,13,4:78,النساء,9,746
أَصَابَكَ,4093,No,3,4:79,النساء,2,2855
حَسَنَةٍ,4094,No,1,4:79,النساء,1,10230
سَيِّئَةٍ,4095,No,3,4:79,النساء,3,3283
نَفْسِكَ,4096,No,4,4:79,النساء,4,2639
وَأَرْسَلْنَاكَ,4097,No,1,4:79,النساء,1,14680
أَطَاعَ,4098,No,1,4:80,النساء,1,7181
حَفِيظًا,4099,No,3,4:80,النساء,3,3202
طَاعَةٌ,4100,No,3,4:81,النساء,3,3314
بَيَّتَ,4101,No,1,4:81,النساء,1,8924
يَكْتُبُ,4102,No,1,4:81,النساء,1,17095
يُبَيِّتُونَ,4103,No,2,4:81,النساء,1,6614
وَتَوَكَّلْ,4104,No,7,4:81,النساء,6,1418
وَكِيلًا,4105,No,13,4:81,النساء,5,740
يَتَدَبَّرُونَ,4106,No,2,4:82,النساء,2,6461
الْقُرْآنَ,4107,No,22,4:82,النساء,16,413
اخْتِلَافًا,4108,No,1,4:82,النساء,1,7772
أَمْرٌ,4109,No,1,4:83,النساء,1,7385
الْأَمْنِ,4110,No,1,4:83,النساء,1,8249
أَذَاعُوا,4111,No,1,4:83,النساء,1,7009
رَدُّوهُ,4112,No,1,4:83,النساء,1,10686
لَعَلِمَهُ,4113,No,1,4:83,النساء,1,13105
يَسْتَنْبِطُونَهُ,4114,No,1,4:83,النساء,1,16905
لَاتَّبَعْتُمُ,4115,No,1,4:83,النساء,1,12982
الشَّيْطَانَ,4116,No,10,4:83,النساء,7,908
فَقَاتِلْ,4117,No,1,4:84,النساء,1,12338
نَفْسَكَ,4118,No,4,4:84,النساء,3,2638
وَحَرِّضِ,4119,No,1,4:84,النساء,1,15531
عَسَى,4120,No,21,4:84,النساء,13,444
يَكُفَّ,4121,No,1,4:84,النساء,1,17085
بَأْسَ,4122,No,2,4:84,النساء,2,4514
بَأْسًا,4123,No,2,4:84,النساء,2,4513
وَأَشَدُّ,4124,No,1,4:84,النساء,1,14701
تَنْكِيلًا,4125,No,1,4:84,النساء,1,9804
يَشْفَعْ,4126,No,2,4:85,النساء,1,6533
شَفَاعَةً,4127,No,2,4:85,النساء,1,5145
كِفْلٌ,4128,No,1,4:85,النساء,1,12934
مُقِيتًا,4129,No,1,4:85,النساء,1,14064
حُيِّيتُمْ,4130,No,1,4:86,النساء,1,10322
بِتَحِيَّةٍ,4131,No,1,4:86,النساء,1,9089
فَحَيُّوا,4132,No,1,4:86,النساء,1,12158
بِأَحْسَنَ,4133,No,1,4:86,النساء,1,8962
رُدُّوهَا,4134,No,2,4:86,النساء,2,5044
لَيَجْمَعَنَّكُمْ,4135,No,2,4:87,النساء,2,5702
أَصْدَقُ,4136,No,2,4:87,النساء,1,4069
أَرْكَسَهُمْ,4137,No,1,4:88,النساء,1,7064
أَتُرِيدُونَ,4138,No,2,4:88,النساء,1,3997
تَهْدُوا,4139,No,1,4:88,النساء,1,9809
أَضَلَّ,4140,No,4,4:88,النساء,4,2167
يُضْلِلِ,4141,No,9,4:88,النساء,6,1108
فَتَكُونُونَ,4142,No,1,4:89,النساء,1,12100
يُهَاجِرُوا,4143,No,3,4:89,النساء,2,3957
فَخُذُوهُمْ,4144,No,2,4:89,النساء,1,5435
وَجَدْتُمُوهُمْ,4145,No,2,4:89,النساء,2,6222
يَصِلُونَ,4146,No,3,4:90,النساء,3,3887
وَبَيْنَهُمْ,4147,No,6,4:90,النساء,4,1675
مِيثَاقٌ,4148,No,3,4:90,النساء,2,3619
جَاءُوكُمْ,4149,No,3,4:90,النساء,3,3174
حَصِرَتْ,4150,No,1,4:90,النساء,1,10247
يُقَاتِلُوا,4151,No,1,4:90,النساء,1,17491
قَوْمَهُمْ,4152,No,4,4:90,النساء,3,2538
لَسَلَّطَهُمْ,4153,No,1,4:90,النساء,1,13074
فَلَقَاتَلُوكُمْ,4154,No,1,4:90,النساء,1,12388
اعْتَزَلُوكُمْ,4155,No,1,4:90,النساء,1,7877
وَأَلْقَوْا,4156,No,2,4:90,النساء,2,6065
إِلَيْكُمُ,4157,No,6,4:90,النساء,3,1473
السَّلَمَ,4158,No,4,4:90,النساء,2,2227
سَتَجِدُونَ,4159,No,1,4:91,النساء,1,10919
آخَرِينَ,4160,No,8,4:91,النساء,6,1112
يَأْمَنُوكُمْ,4161,No,1,4:91,النساء,1,16647
وَيَأْمَنُوا,4162,No,1,4:91,النساء,1,16375
رُدُّوا,4163,No,3,4:91,النساء,2,3259
أُرْكِسُوا,4164,No,1,4:91,النساء,1,7589
يَعْتَزِلُوكُمْ,4165,No,1,4:91,النساء,1,16999
وَيُلْقُوا,4166,No,1,4:91,النساء,1,16573
وَيَكُفُّوا,4167,No,1,4:91,النساء,1,16468
أَيْدِيَهُمْ,4168,No,8,4:91,النساء,7,1125
وَأُولَئِكُمْ,4169,No,1,4:91,النساء,1,14847
لِمُؤْمِنٍ,4170,No,2,4:92,النساء,2,5756
يَقْتُلَ,4171,No,1,4:92,النساء,1,17067
مُؤْمِنًا,4172,No,7,4:92,النساء,4,1391
خَطَأً,4173,No,2,4:92,النساء,1,4948
قَتَلَ,4174,No,4,4:92,النساء,2,2533
فَتَحْرِيرُ,4175,No,3,4:92,النساء,2,3400
رَقَبَةٍ,4176,No,6,4:92,النساء,4,1572
مُؤْمِنَةٍ,4177,No,4,4:92,النساء,2,2610
وَدِيَةٌ,4178,No,1,4:92,النساء,1,15602
يَصَّدَّقُوا,4179,No,1,4:92,النساء,1,16943
عَدُوٍّ,4180,No,2,4:92,النساء,2,5277
فَدِيَةٌ,4181,No,1,4:92,النساء,1,12176
وَتَحْرِيرُ,4182,No,1,4:92,النساء,1,15360
شَهْرَيْنِ,4183,No,2,4:92,النساء,2,5155
مُتَتَابِعَيْنِ,4184,No,2,4:92,النساء,2,5864
تَوْبَةً,4185,No,2,4:92,النساء,2,4800
يَقْتُلْ,4186,No,1,4:93,النساء,1,17070
مُتَعَمِّدًا,4187,No,2,4:93,النساء,2,5866
فَجَزَاؤُهُ,4188,No,1,4:93,النساء,1,12144
وَغَضِبَ,4189,No,3,4:93,النساء,3,3781
وَلَعَنَهُ,4190,No,1,4:93,النساء,1,16051
وَأَعَدَّ,4191,No,7,4:93,النساء,4,1409
ضَرَبْتُمْ,4192,No,3,4:94,النساء,2,3307
فَتَبَيَّنُوا,4193,No,3,4:94,النساء,2,3399
أَلْقَى,4194,No,6,4:94,النساء,5,1461
السَّلَامَ,4195,No,1,4:94,النساء,1,8024
لَسْتَ,4196,No,4,4:94,النساء,4,2564
تَبْتَغُونَ,4197,No,1,4:94,النساء,1,9345
عَرَضَ,4198,No,4,4:94,النساء,4,2482
فَعِنْدَ,4199,No,2,4:94,النساء,1,5469
مَغَانِمُ,4200,No,1,4:94,النساء,1,13767
كَثِيرَةٌ,4201,No,4,4:94,النساء,3,2546
فَمَنَّ,4202,No,2,4:94,النساء,2,5498
يَسْتَوِي,4203,No,12,4:95,النساء,10,806
الْقَاعِدُونَ,4204,No,1,4:95,النساء,1,8519
غَيْرُ,4205,No,20,4:95,النساء,15,467
الضَّرَرِ,4206,No,1,4:95,النساء,1,8097
وَالْمُجَاهِدُونَ,4207,No,1,4:95,النساء,1,15241
بِأَمْوَالِهِمْ,4208,No,8,4:95,النساء,4,1153
وَأَنْفُسِهِمْ,4209,No,8,4:95,النساء,4,1221
الْمُجَاهِدِينَ,4210,No,3,4:95,النساء,2,3030
الْقَاعِدِينَ,4211,No,4,4:95,النساء,2,2271
دَرَجَةً,4212,No,3,4:95,النساء,3,3238
وَكُلًّا,4213,No,9,4:95,النساء,7,1097
وَعَدَ,4214,No,10,4:95,النساء,9,964
الْحُسْنَى,4215,No,13,4:95,النساء,12,707
وَفَضَّلَ,4216,No,1,4:95,النساء,1,15908
وَمَغْفِرَةً,4217,No,1,4:96,النساء,1,16204
وَرَحْمَةً,4218,No,13,4:96,النساء,12,739
تَوَفَّاهُمُ,4219,No,1,4:97,النساء,1,9814
ظَالِمِي,4220,No,2,4:97,النساء,2,5240
فِيمَ,4221,No,2,4:97,النساء,2,5534
كُنَّا,4222,No,63,4:97,النساء,30,139
مُسْتَضْعَفِينَ,4223,No,1,4:97,النساء,1,13995
أَرْضُ,4224,No,2,4:97,النساء,2,4047
وَاسِعَةً,4225,No,1,4:97,النساء,1,14945
فَتُهَاجِرُوا,4226,No,1,4:97,النساء,1,12131
وَسَاءَتْ,4227,No,4,4:97,النساء,3,2712
مَصِيرًا,4228,No,3,4:97,النساء,2,3562
الْمُسْتَضْعَفِينَ,4229,No,1,4:98,النساء,1,8669
حِيلَةً,4230,No,1,4:98,النساء,1,10349
يُهَاجِرْ,4231,No,1,4:100,النساء,1,17548
مُرَاغَمًا,4232,No,1,4:100,النساء,1,13968
وَسَعَةً,4233,No,1,4:100,النساء,1,15715
يَخْرُجْ,4234,No,1,4:100,النساء,1,16787
بَيْتِهِ,4235,No,1,4:100,النساء,1,8932
مُهَاجِرًا,4236,No,1,4:100,النساء,1,14128
يُدْرِكْهُ,4237,No,1,4:100,النساء,1,17334
وَقَعَ,4238,No,5,4:100,النساء,4,2061
تَقْصُرُوا,4239,No,1,4:101,النساء,1,9708
الصَّلَاةِ,4240,No,10,4:101,النساء,6,910
يَفْتِنَكُمُ,4241,No,1,4:101,النساء,1,17045
فَأَقَمْتَ,4242,No,1,4:102,النساء,1,11813
فَلْتَقُمْ,4243,No,1,4:102,النساء,1,12410
مَعَكَ,4244,No,11,4:102,النساء,8,868
وَلْيَأْخُذُوا,4245,No,2,4:102,النساء,1,6370
أَسْلِحَتَهُمْ,4246,No,1,4:102,النساء,1,7107
سَجَدُوا,4247,No,1,4:102,النساء,1,10924
فَلْيَكُونُوا,4248,No,1,4:102,النساء,1,12429
وَرَائِكُمْ,4249,No,1,4:102,النساء,1,15626
وَلْتَأْتِ,4250,No,1,4:102,النساء,1,16158
أُخْرَى,4251,No,15,4:102,النساء,8,596
يُصَلُّوا,4252,No,1,4:102,النساء,1,17389
فَلْيُصَلُّوا,4253,No,1,4:102,النساء,1,12434
حِذْرَهُمْ,4254,No,1,4:102,النساء,1,10331
وَأَسْلِحَتَهُمْ,4255,No,1,4:102,النساء,1,14698
تَغْفُلُونَ,4256,No,1,4:102,النساء,1,9656
أَسْلِحَتِكُمْ,4257,No,1,4:102,النساء,1,7108
وَأَمْتِعَتِكُمْ,4258,No,1,4:102,النساء,1,14768
فَيَمِيلُونَ,4259,No,1,4:102,النساء,1,12531
مَيْلَةً,4260,No,1,4:102,النساء,1,13885
مَطَرٍ,4261,No,1,4:102,النساء,1,13743
تَضَعُوا,4262,No,1,4:102,النساء,1,9602
أَسْلِحَتَكُمْ,4263,No,1,4:102,النساء,1,7106
وَخُذُوا,4264,No,1,4:102,النساء,1,15582
أَعَدَّ,4265,No,7,4:102,النساء,6,1265
قَضَيْتُمُ,4266,No,1,4:103,النساء,1,12676
جُنُوبِكُمْ,4267,No,1,4:103,النساء,1,10147
اطْمَأْنَنْتُمْ,4268,No,1,4:103,النساء,1,7869
فَأَقِيمُوا,4269,No,3,4:103,النساء,3,3378
مَوْقُوتًا,4270,No,1,4:103,النساء,1,13878
ابْتِغَاءِ,4271,No,1,4:104,النساء,1,7716
تَأْلَمُونَ,4272,No,2,4:104,النساء,1,4686
يَأْلَمُونَ,4273,No,1,4:104,النساء,1,16644
وَتَرْجُونَ,4274,No,1,4:104,النساء,1,15378
لِتَحْكُمَ,4275,No,1,4:105,النساء,1,13353
أَرَاكَ,4276,No,2,4:105,النساء,2,4033
لِلْخَائِنِينَ,4277,No,1,4:105,النساء,1,13473
خَصِيمًا,4278,No,1,4:105,النساء,1,10403
وَاسْتَغْفِرِ,4279,No,1,4:106,النساء,1,14960
تُجَادِلْ,4280,No,1,4:107,النساء,1,9858
يَخْتَانُونَ,4281,No,1,4:107,النساء,1,16782
خَوَّانًا,4282,No,1,4:107,النساء,1,10439
أَثِيمًا,4283,No,1,4:107,النساء,1,6883
يَسْتَخْفُونَ,4284,No,2,4:108,النساء,1,6521
يَرْضَى,4285,No,4,4:108,النساء,4,2778
الْقَوْلِ,4286,No,9,4:108,النساء,8,1009
مُحِيطًا,4287,No,2,4:108,النساء,1,5873
جَادَلْتُمْ,4288,No,1,4:109,النساء,1,10072
يُجَادِلُ,4289,No,5,4:109,النساء,4,2120
يَعْمَلْ,4290,No,7,4:110,النساء,4,1442
سُوءًا,4291,No,6,4:110,النساء,5,1581
يَظْلِمْ,4292,No,2,4:110,النساء,2,6539
يَسْتَغْفِرِ,4293,No,1,4:110,النساء,1,16898
يَجِدِ,4294,No,1,4:110,النساء,1,16739
يَكْسِبْ,4295,No,2,4:111,النساء,1,6562
يَكْسِبُهُ,4296,No,1,4:111,النساء,1,17100
خَطِيئَةً,4297,No,1,4:112,النساء,1,10409
يَرْمِ,4298,No,1,4:112,النساء,1,16855
بَرِيئًا,4299,No,1,4:112,النساء,1,8853
احْتَمَلَ,4300,No,1,4:112,النساء,1,7763
لَهَمَّتْ,4301,No,1,4:113,النساء,1,13232
يُضِلُّوكَ,4302,No,2,4:113,النساء,2,6652
يَضُرُّونَكَ,4303,No,1,4:113,النساء,1,16966
وَعَلَّمَكَ,4304,No,1,4:113,النساء,1,15857
تَعْلَمُ,4305,No,5,4:113,النساء,5,1851
كَثِيرٍ,4306,No,7,4:114,النساء,6,1379
نَجْوَاهُمْ,4307,No,1,4:114,النساء,1,14266
بِصَدَقَةٍ,4308,No,1,4:114,النساء,1,9173
إِصْلَاحٍ,4309,No,1,4:114,النساء,1,7668
يُشَاقِقِ,4310,No,2,4:115,النساء,2,6645
وَيَتَّبِعْ,4311,No,1,4:115,النساء,1,16390
نُوَلِّهِ,4312,No,1,4:115,النساء,1,14519
وَنُصْلِهِ,4313,No,1,4:115,النساء,1,16312
دُونِهِ,4314,No,38,4:117,النساء,23,243
إِنَاثًا,4315,No,5,4:117,النساء,5,1763
شَيْطَانًا,4316,No,2,4:117,النساء,2,5158
مَرِيدًا,4317,No,1,4:117,النساء,1,13696
لَعَنَهُ,4318,No,2,4:118,النساء,2,5676
لَأَتَّخِذَنَّ,4319,No,1,4:118,النساء,1,12945
عِبَادِكَ,4320,No,3,4:118,النساء,3,3358
وَلَأُضِلَّنَّهُمْ,4321,No,1,4:119,النساء,1,16026
وَلَأُمَنِّيَنَّهُمْ,4322,No,1,4:119,النساء,1,16028
وَلَآمُرَنَّهُمْ,4323,No,2,4:119,النساء,1,6337
فَلَيُبَتِّكُنَّ,4324,No,1,4:119,النساء,1,12402
آذَانَ,4325,No,1,4:119,النساء,1,6729
الْأَنْعَامِ,4326,No,11,4:119,النساء,8,821
فَلَيُغَيِّرُنَّ,4327,No,1,4:119,النساء,1,12403
خَلْقَ,4328,No,4,4:119,النساء,3,2407
خَسِرَ,4329,No,5,4:119,النساء,4,1888
خُسْرَانًا,4330,No,1,4:119,النساء,1,10455
يَعِدُهُمْ,4331,No,1,4:120,النساء,1,16991
وَيُمَنِّيهِمْ,4332,No,1,4:120,النساء,1,16575
يَعِدُهُمُ,4333,No,2,4:120,النساء,2,6543
غُرُورًا,4334,No,5,4:120,النساء,5,1940
يَجِدُونَ,4335,No,10,4:121,النساء,6,971
مَحِيصًا,4336,No,1,4:121,النساء,1,13666
وَعْدَ,4337,No,17,4:122,النساء,12,551
قِيلًا,4338,No,3,4:122,النساء,3,3457
بِأَمَانِيِّكُمْ,4339,No,1,4:123,النساء,1,8976
أَمَانِيِّ,4340,No,1,4:123,النساء,1,7367
يُجْزَ,4341,No,1,4:123,النساء,1,17274
يَدْخُلُونَ,4342,No,6,4:124,النساء,6,1705
وَاتَّبَعَ,4343,No,5,4:125,النساء,5,2030
وَاتَّخَذَ,4344,No,4,4:125,النساء,4,2682
خَلِيلًا,4345,No,3,4:125,النساء,3,3229
وَيَسْتَفْتُونَكَ,4346,No,1,4:127,النساء,1,16443
يُفْتِيكُمْ,4347,No,2,4:127,النساء,1,6667
يُتْلَى,4348,No,7,4:127,النساء,7,1445
يَتَامَى,4349,No,1,4:127,النساء,1,16679
تُؤْتُونَهُنَّ,4350,No,1,4:127,النساء,1,9835
وَتَرْغَبُونَ,4351,No,1,4:127,النساء,1,15382
تَنْكِحُوهُنَّ,4352,No,2,4:127,النساء,2,4795
الْوِلْدَانِ,4353,No,1,4:127,النساء,1,8758
تَقُومُوا,4354,No,2,4:127,النساء,2,4772
لِلْيَتَامَى,4355,No,1,4:127,النساء,1,13497
وَإِنِ,4356,No,3,4:128,النساء,3,3686
خَافَتْ,4357,No,1,4:128,النساء,1,10367
بَعْلِهَا,4358,No,1,4:128,النساء,1,8887
نُشُوزًا,4359,No,1,4:128,النساء,1,14461
إِعْرَاضًا,4360,No,1,4:128,النساء,1,7671
يُصْلِحَا,4361,No,1,4:128,النساء,1,17408
صُلْحًا,4362,No,1,4:128,النساء,1,11283
وَالصُّلْحُ,4363,No,1,4:128,النساء,1,15058
وَأُحْضِرَتِ,4364,No,1,4:128,النساء,1,14825
الْأَنْفُسُ,4365,No,3,4:128,النساء,3,2974
الشُّحَّ,4366,No,1,4:128,النساء,1,8059
تُحْسِنُوا,4367,No,1,4:128,النساء,1,9872
تَسْتَطِيعُوا,4368,No,1,4:129,النساء,1,9548
حَرَصْتُمْ,4369,No,1,4:129,النساء,1,10213
الْمَيْلِ,4370,No,1,4:129,النساء,1,8637
فَتَذَرُوهَا,4371,No,1,4:129,النساء,1,12078
كَالْمُعَلَّقَةِ,4372,No,1,4:129,النساء,1,12812
تُصْلِحُوا,4373,No,1,4:129,النساء,1,9934
يَتَفَرَّقَا,4374,No,1,4:130,النساء,1,16699
يُغْنِ,4375,No,1,4:130,النساء,1,17475
كُلًّا,4376,No,5,4:130,النساء,5,1976
سَعَتِهِ,4377,No,2,4:130,النساء,2,5089
وَاسِعًا,4378,No,1,4:130,النساء,1,14944
وَصَّيْنَا,4379,No,2,4:131,النساء,2,6284
وَإِيَّاكُمْ,4380,No,4,4:131,النساء,4,2680
تَكْفُرُوا,4381,No,4,4:131,النساء,3,2367
حَمِيدًا,4382,No,1,4:131,النساء,1,10273
يَشَأْ,4383,No,8,4:133,النساء,6,1245
يُذْهِبْكُمْ,4384,No,4,4:133,النساء,4,2802
وَيَأْتِ,4385,No,3,4:133,النساء,3,3829
بِآخَرِينَ,4386,No,1,4:133,النساء,1,8957
قَدِيرًا,4387,No,6,4:133,النساء,5,1620
ثَوَابُ,4388,No,2,4:134,النساء,2,4856
قَوَّامِينَ,4389,No,2,4:135,النساء,2,5569
الْوَالِدَيْنِ,4390,No,1,4:135,النساء,1,8736
الْهَوَى,4391,No,4,4:135,النساء,4,2288
تَلْوُوا,4392,No,1,4:135,النساء,1,9743
تُعْرِضُوا,4393,No,1,4:135,النساء,1,9951
رَسُولِهِ,4394,No,9,4:136,النساء,4,1039
لِيَغْفِرَ,4395,No,5,4:137,النساء,4,1993
لِيَهْدِيَهُمْ,4396,No,2,4:137,النساء,1,5767
بَشِّرِ,4397,No,1,4:138,النساء,1,8864
يَتَّخِذُونَ,4398,No,1,4:139,النساء,1,16725
أَيَبْتَغُونَ,4399,No,1,4:139,النساء,1,7524
عِنْدَهُمُ,4400,No,3,4:139,النساء,3,3364
الْعِزَّةَ,4401,No,4,4:139,النساء,3,2264
سَمِعْتُمْ,4402,No,1,4:140,النساء,1,10986
يُكْفَرُ,4403,No,1,4:140,النساء,1,17509
وَيُسْتَهْزَأُ,4404,No,1,4:140,النساء,1,16548
تَقْعُدُوا,4405,No,2,4:140,النساء,2,4776
يَخُوضُوا,4406,No,4,4:140,النساء,4,2772
حَدِيثٍ,4407,No,5,4:140,النساء,5,1874
غَيْرِهِ,4408,No,2,4:140,النساء,2,5332
مِثْلُهُمْ,4409,No,1,4:140,النساء,1,14154
وَالْكَافِرِينَ,4410,No,1,4:140,النساء,1,15219
يَتَرَبَّصُونَ,4411,No,1,4:141,النساء,1,16690
فَتْحٌ,4412,No,1,4:141,النساء,1,12133
نَكُنْ,4413,No,4,4:141,النساء,4,2640
نَسْتَحْوِذْ,4414,No,1,4:141,النساء,1,14305
وَنَمْنَعْكُمْ,4415,No,1,4:141,النساء,1,16295
خَادِعُهُمْ,4416,No,1,4:142,النساء,1,10357
كُسَالَى,4417,No,2,4:142,النساء,2,5631
يُرَاءُونَ,4418,No,2,4:142,النساء,2,6633
مُذَبْذَبِينَ,4419,No,1,4:143,النساء,1,13965
الدَّرْكِ,4420,No,1,4:145,النساء,1,7943
الْأَسْفَلِ,4421,No,1,4:145,النساء,1,8211
وَاعْتَصَمُوا,4422,No,2,4:146,النساء,1,6117
وَأَخْلَصُوا,4423,No,1,4:146,النساء,1,14662
دِينَهُمْ,4424,No,6,4:146,النساء,4,1562
وَسَوْفَ,4425,No,5,4:146,النساء,5,2056
يُؤْتِ,4426,No,2,4:146,النساء,2,6605
بِعَذَابِكُمْ,4427,No,1,4:147,النساء,1,9194
شَكَرْتُمْ,4428,No,2,4:147,النساء,2,5149
وَآمَنْتُمْ,4429,No,2,4:147,النساء,2,6033
شَاكِرًا,4430,No,3,4:147,النساء,3,3288
الْجَهْرَ,4431,No,3,4:148,النساء,3,2984
ظُلِمَ,4432,No,1,4:148,النساء,1,11409
يُفَرِّقُوا,4433,No,2,4:150,النساء,1,6664
وَنَكْفُرُ,4434,No,1,4:150,النساء,1,16290
يَتَّخِذُوا,4435,No,3,4:150,النساء,3,3859
الْكَافِرُونَ,4436,No,17,4:151,النساء,16,538
يُؤْتِيهِمْ,4437,No,1,4:152,النساء,1,17219
يَسْأَلُكَ,4438,No,2,4:153,النساء,2,6515
تُنَزِّلَ,4439,No,2,4:153,النساء,2,4841
سَأَلُوا,4440,No,1,4:153,النساء,1,10866
أَكْبَرَ,4441,No,2,4:153,النساء,2,4114
فَقَالُوا,4442,No,18,4:153,النساء,15,516
أَرِنَا,4443,No,2,4:153,النساء,2,4037
فَأَخَذَتْهُمُ,4444,No,8,4:153,النساء,6,1188
بِظُلْمِهِمْ,4445,No,2,4:153,النساء,2,4653
اتَّخَذُوا,4446,No,21,4:153,النساء,15,434
فَعَفَوْنَا,4447,No,1,4:153,النساء,1,12302
فَوْقَهُمُ,4448,No,1,4:154,النساء,1,12499
بِمِيثَاقِهِمْ,4449,No,1,4:154,النساء,1,9267
تَعْدُوا,4450,No,1,4:154,النساء,1,9640
وَأَخَذْنَا,4451,No,3,4:154,النساء,3,3663
نَقْضِهِمْ,4452,No,2,4:155,النساء,2,5985
مِيثَاقَهُمْ,4453,No,4,4:155,النساء,3,2624
وَكُفْرِهِمْ,4454,No,1,4:155,النساء,1,16013
وَقَتْلِهِمُ,4455,No,1,4:155,النساء,1,15933
وَقَوْلِهِمْ,4456,No,3,4:155,النساء,1,3791
طَبَعَ,4457,No,3,4:155,النساء,3,3315
وَبِكُفْرِهِمْ,4458,No,1,4:156,النساء,1,15339
قَتَلْنَا,4459,No,1,4:157,النساء,1,12641
الْمَسِيحَ,4460,No,2,4:157,النساء,2,4456
رَسُولَ,4461,No,6,4:157,النساء,5,1571
قَتَلُوهُ,4462,No,2,4:157,النساء,1,5545
صَلَبُوهُ,4463,No,1,4:157,النساء,1,11259
شُبِّهَ,4464,No,1,4:157,النساء,1,11156
شَكٍّ,4465,No,14,4:157,النساء,11,672
عِلْمٍ,4466,No,29,4:157,النساء,18,316
اتِّبَاعَ,4467,No,1,4:157,النساء,1,7746
الظَّنِّ,4468,No,3,4:157,النساء,2,2960
يَقِينًا,4469,No,1,4:157,النساء,1,17060
رَفَعَهُ,4470,No,1,4:158,النساء,1,10706
لَيُؤْمِنَنَّ,4471,No,1,4:159,النساء,1,13273
قَبْلَ,4472,No,20,4:159,النساء,15,468
مَوْتِهِ,4473,No,2,4:159,النساء,2,5848
فَبِظُلْمٍ,4474,No,1,4:160,النساء,1,12061
حَرَّمْنَا,4475,No,6,4:160,النساء,3,1558
طَيِّبَاتٍ,4476,No,1,4:160,النساء,1,11372
أُحِلَّتْ,4477,No,2,4:160,النساء,2,4171
وَبِصَدِّهِمْ,4478,No,1,4:160,النساء,1,15336
وَأَخْذِهِمُ,4479,No,1,4:161,النساء,1,14654
نُهُوا,4480,No,5,4:161,النساء,4,2018
وَأَكْلِهِمْ,4481,No,1,4:161,النساء,1,14754
الرَّاسِخُونَ,4482,No,1,4:162,النساء,1,7960
وَالْمُقِيمِينَ,4483,No,1,4:162,النساء,1,15250
وَالْمُؤْتُونَ,4484,No,1,4:162,النساء,1,15236
سَنُؤْتِيهِمْ,4485,No,1,4:162,النساء,1,11004
أَوْحَيْنَا,4486,No,14,4:163,النساء,9,649
نُوحٍ,4487,No,23,4:163,النساء,20,406
وَأَوْحَيْنَا,4488,No,8,4:163,النساء,7,1223
وَأَيُّوبَ,4489,No,3,4:163,النساء,3,3678
وَيُونُسَ,4490,No,2,4:163,النساء,2,6441
وَهَارُونَ,4491,No,8,4:163,النساء,7,1238
وَسُلَيْمَانَ,4492,No,4,4:163,النساء,4,2713
دَاوُودَ,4493,No,11,4:163,النساء,8,844
زَبُورًا,4494,No,2,4:163,النساء,2,5060
وَرُسُلًا,4495,No,2,4:164,النساء,1,6256
قَصَصْنَاهُمْ,4496,No,1,4:164,النساء,1,12668
نَقْصُصْهُمْ,4497,No,1,4:164,النساء,1,14395
وَكَلَّمَ,4498,No,1,4:164,النساء,1,16001
تَكْلِيمًا,4499,No,1,4:164,النساء,1,9727
رُسُلًا,4500,No,8,4:165,النساء,8,1176
الرُّسُلِ,4501,No,6,4:165,النساء,5,1486
يَشْهَدُ,4502,No,4,4:166,النساء,4,2783
أَنْزَلَهُ,4503,No,3,4:166,النساء,3,2875
بِعِلْمِهِ,4504,No,4,4:166,النساء,4,2331
يَشْهَدُونَ,4505,No,4,4:166,النساء,4,2784
وَصَدُّوا,4506,No,5,4:167,النساء,3,2057
ضَلُّوا,4507,No,9,4:167,النساء,8,1049
وَظَلَمُوا,4508,No,2,4:168,النساء,2,6291
طَرِيقًا,4509,No,2,4:168,النساء,2,5226
طَرِيقَ,4510,No,1,4:169,النساء,1,11352
جَاءَكُمُ,4511,No,4,4:170,النساء,4,2386
تَغْلُوا,4512,No,2,4:171,النساء,2,4764
رَسُولُ,4513,No,10,4:171,النساء,9,934
وَكَلِمَتُهُ,4514,No,1,4:171,النساء,1,16006
أَلْقَاهَا,4515,No,1,4:171,النساء,1,7354
وَرُوحٌ,4516,No,1,4:171,النساء,1,15668
ثَلَاثَةٌ,4517,No,2,4:171,النساء,2,4851
انْتَهُوا,4518,No,1,4:171,النساء,1,8778
يَسْتَنْكِفَ,4519,No,1,4:172,النساء,1,16908
عَبْدًا,4520,No,6,4:172,النساء,6,1593
الْمُقَرَّبُونَ,4521,No,4,4:172,النساء,3,2283
يَسْتَنْكِفْ,4522,No,1,4:172,النساء,1,16909
عِبَادَتِهِ,4523,No,3,4:172,النساء,3,3355
وَيَسْتَكْبِرْ,4524,No,1,4:172,النساء,1,16444
فَسَيَحْشُرُهُمْ,4525,No,1,4:172,النساء,1,12239
وَيَزِيدُهُمْ,4526,No,3,4:173,النساء,3,3835
اسْتَنْكَفُوا,4527,No,1,4:173,النساء,1,7830
وَاسْتَكْبَرُوا,4528,No,4,4:173,النساء,3,2686
فَيُعَذِّبُهُمْ,4529,No,1,4:173,النساء,1,12550
بُرْهَانٌ,4530,No,1,4:174,النساء,1,8937
نُورًا,4531,No,9,4:174,النساء,7,1086
فَسَيُدْخِلُهُمْ,4532,No,1,4:175,النساء,1,12243
وَيَهْدِيهِمْ,4533,No,2,4:175,النساء,2,6428
يَسْتَفْتُونَكَ,4534,No,1,4:176,النساء,1,16901
الْكَلَالَةِ,4535,No,1,4:176,النساء,1,8566
امْرُؤٌ,4536,No,1,4:176,النساء,1,8769
هَلَكَ,4537,No,4,4:176,النساء,4,2657
يَرِثُهَا,4538,No,2,4:176,النساء,2,6506
كَانَتَا,4539,No,3,4:176,النساء,3,3463
فَلَهُمَا,4540,No,1,4:176,النساء,1,12400
الثُّلُثَانِ,4541,No,1,4:176,النساء,1,7934
إِخْوَةً,4542,No,1,4:176,النساء,1,7649
فَلِلذَّكَرِ,4543,No,1,4:176,النساء,1,12408
أَوْفُوا,4544,No,4,5:1,المائدة,4,2194
بِالْعُقُودِ,4545,No,1,5:1,المائدة,1,9055
بَهِيمَةُ,4546,No,1,5:1,المائدة,1,8920
مُحِلِّي,4547,No,1,5:1,المائدة,1,13939
الصَّيْدِ,4548,No,2,5:1,المائدة,1,4295
حُرُمٌ,4549,No,3,5:1,المائدة,2,3211
تُحِلُّوا,4550,No,1,5:2,المائدة,1,9869
شَعَائِرَ,4551,No,2,5:2,المائدة,2,5142
الْحَرَامَ,4552,No,6,5:2,المائدة,3,1504
الْهَدْيَ,4553,No,1,5:2,المائدة,1,8729
الْقَلَائِدَ,4554,No,1,5:2,المائدة,1,8533
آمِّينَ,4555,No,1,5:2,المائدة,1,6747
يَبْتَغُونَ,4556,No,6,5:2,المائدة,6,1698
وَرِضْوَانًا,4557,No,3,5:2,المائدة,3,3761
حَلَلْتُمْ,4558,No,1,5:2,المائدة,1,10264
فَاصْطَادُوا,4559,No,1,5:2,المائدة,1,11962
يَجْرِمَنَّكُمْ,4560,No,3,5:2,المائدة,2,3862
شَنَآنُ,4561,No,2,5:2,المائدة,1,5150
صَدُّوكُمْ,4562,No,1,5:2,المائدة,1,11228
وَتَعَاوَنُوا,4563,No,1,5:2,المائدة,1,15404
الْبِرِّ,4564,No,1,5:2,المائدة,1,8320
وَالتَّقْوَى,4565,No,2,5:2,المائدة,2,6122
تَعَاوَنُوا,4566,No,1,5:2,المائدة,1,9626
الْإِثْمِ,4567,No,6,5:2,المائدة,5,1499
الْمَيْتَةُ,4568,No,2,5:3,المائدة,2,4467
وَالدَّمُ,4569,No,1,5:3,المائدة,1,15011
وَلَحْمُ,4570,No,1,5:3,المائدة,1,16043
وَالْمُنْخَنِقَةُ,4571,No,1,5:3,المائدة,1,15252
وَالْمَوْقُوذَةُ,4572,No,1,5:3,المائدة,1,15230
وَالْمُتَرَدِّيَةُ,4573,No,1,5:3,المائدة,1,15238
وَالنَّطِيحَةُ,4574,No,1,5:3,المائدة,1,15090
أَكَلَ,4575,No,1,5:3,المائدة,1,7309
السَّبُعُ,4576,No,1,5:3,المائدة,1,8009
ذَكَّيْتُمْ,4577,No,1,5:3,المائدة,1,10586
ذُبِحَ,4578,No,1,5:3,المائدة,1,10606
النُّصُبِ,4579,No,1,5:3,المائدة,1,8162
تَسْتَقْسِمُوا,4580,No,1,5:3,المائدة,1,9559
بِالْأَزْلَامِ,4581,No,1,5:3,المائدة,1,9029
فِسْقٌ,4582,No,1,5:3,المائدة,1,12590
يَئِسَ,4583,No,2,5:3,المائدة,2,6454
وَاخْشَوْنِ,4584,No,2,5:3,المائدة,1,6106
أَكْمَلْتُ,4585,No,1,5:3,المائدة,1,7326
وَأَتْمَمْتُ,4586,No,1,5:3,المائدة,1,14620
وَرَضِيتُ,4587,No,1,5:3,المائدة,1,15653
الْإِسْلَامَ,4588,No,1,5:3,المائدة,1,8282
مَخْمَصَةٍ,4589,No,1,5:3,المائدة,1,13680
مُتَجَانِفٍ,4590,No,1,5:3,المائدة,1,13904
لِإِثْمٍ,4591,No,1,5:3,المائدة,1,13335
الطَّيِّبَاتُ,4592,No,2,5:4,المائدة,1,4303
عَلَّمْتُمْ,4593,No,1,5:4,المائدة,1,11551
الْجَوَارِحِ,4594,No,1,5:4,المائدة,1,8337
مُكَلِّبِينَ,4595,No,1,5:4,المائدة,1,14079
تُعَلِّمُونَهُنَّ,4596,No,1,5:4,المائدة,1,9947
عَلَّمَكُمُ,4597,No,3,5:4,المائدة,3,3341
أَمْسَكْنَ,4598,No,1,5:4,المائدة,1,7394
اسْمَ,4599,No,9,5:4,المائدة,6,1003
وَطَعَامُ,4600,No,1,5:5,المائدة,1,15799
حِلٌّ,4601,No,4,5:5,المائدة,3,2400
وَطَعَامُكُمْ,4602,No,1,5:5,المائدة,1,15800
مُتَّخِذِي,4603,No,1,5:5,المائدة,1,13920
حَبِطَ,4604,No,1,5:5,المائدة,1,10198
عَمَلُهُ,4605,No,1,5:5,المائدة,1,11563
قُمْتُمْ,4606,No,1,5:6,المائدة,1,12742
فَاغْسِلُوا,4607,No,1,5:6,المائدة,1,11985
وَأَيْدِيَكُمْ,4608,No,2,5:6,المائدة,2,6084
الْمَرَافِقِ,4609,No,1,5:6,المائدة,1,8593
وَامْسَحُوا,4610,No,1,5:6,المائدة,1,15264
بِرُءُوسِكُمْ,4611,No,1,5:6,المائدة,1,9143
وَأَرْجُلَكُمْ,4612,No,4,5:6,المائدة,4,2667
الْكَعْبَيْنِ,4613,No,1,5:6,المائدة,1,8563
فَاطَّهَّرُوا,4614,No,1,5:6,المائدة,1,11967
حَرَجٍ,4615,No,3,5:6,المائدة,3,3195
لِيُطَهِّرَكُمْ,4616,No,2,5:6,المائدة,2,5772
وَلِيُتِمَّ,4617,No,1,5:6,المائدة,1,16145
نِعْمَتَهُ,4618,No,4,5:6,المائدة,4,2651
وَمِيثَاقَهُ,4619,No,1,5:7,المائدة,1,16235
وَاثَقَكُمْ,4620,No,1,5:7,المائدة,1,14900
اعْدِلُوا,4621,No,1,5:8,المائدة,1,7880
وَأَجْرٌ,4622,No,5,5:9,المائدة,5,2024
هَمَّ,4623,No,1,5:11,المائدة,1,14562
قَوْمٌ,4624,No,26,5:11,المائدة,15,359
يَبْسُطُوا,4625,No,1,5:11,المائدة,1,16664
فَكَفَّ,4626,No,1,5:11,المائدة,1,12369
وَبَعَثْنَا,4627,No,1,5:12,المائدة,1,15297
اثْنَيْ,4628,No,1,5:12,المائدة,1,7752
عَشَرَ,4629,No,4,5:12,المائدة,4,2483
نَقِيبًا,4630,No,1,5:12,المائدة,1,14388
لَئِنْ,4631,No,25,5:12,المائدة,18,369
أَقَمْتُمُ,4632,No,1,5:12,المائدة,1,7285
وَآتَيْتُمُ,4633,No,1,5:12,المائدة,1,14582
بِرُسُلِي,4634,No,1,5:12,المائدة,1,9145
وَعَزَّرْتُمُوهُمْ,4635,No,1,5:12,المائدة,1,15844
وَأَقْرَضْتُمُ,4636,No,1,5:12,المائدة,1,14744
وَلَأُدْخِلَنَّكُمْ,4637,No,1,5:12,المائدة,1,16024
لَعَنَّاهُمْ,4638,No,1,5:13,المائدة,1,13112
وَجَعَلْنَا,4639,No,37,5:13,المائدة,20,262
قُلُوبَهُمْ,4640,No,5,5:13,المائدة,4,1966
قَاسِيَةً,4641,No,1,5:13,المائدة,1,12607
وَنَسُوا,4642,No,1,5:13,المائدة,1,16270
ذُكِّرُوا,4643,No,7,5:13,المائدة,6,1338
تَزَالُ,4644,No,1,5:13,المائدة,1,9524
تَطَّلِعُ,4645,No,2,5:13,المائدة,2,4752
خَائِنَةٍ,4646,No,1,5:13,المائدة,1,10355
وَاصْفَحْ,4647,No,1,5:13,المائدة,1,14985
فَنَسُوا,4648,No,1,5:14,المائدة,1,12461
فَأَغْرَيْنَا,4649,No,1,5:14,المائدة,1,11807
بَيْنَهُمُ,4650,No,2,5:14,المائدة,1,4565
الْعَدَاوَةَ,4651,No,3,5:14,المائدة,1,2994
وَالْبَغْضَاءَ,4652,No,3,5:14,المائدة,1,3719
يُنَبِّئُهُمُ,4653,No,1,5:14,المائدة,1,17530
يَصْنَعُونَ,4654,No,5,5:14,المائدة,4,2105
رَسُولُنَا,4655,No,2,5:15,المائدة,1,5029
تُخْفُونَ,4656,No,2,5:15,المائدة,2,4817
وَيَعْفُو,4657,No,3,5:15,المائدة,2,3838
نُورٌ,4658,No,2,5:15,المائدة,2,6006
وَكِتَابٌ,4659,No,1,5:15,المائدة,1,16019
رِضْوَانَهُ,4660,No,2,5:16,المائدة,2,5058
سُبُلَ,4661,No,2,5:16,المائدة,2,5115
السَّلَامِ,4662,No,3,5:16,المائدة,3,2941
وَيُخْرِجُهُمْ,4663,No,1,5:16,المائدة,1,16526
يَمْلِكُ,4664,No,8,5:17,المائدة,7,1253
يُهْلِكَ,4665,No,2,5:17,المائدة,2,6689
وَأُمَّهُ,4666,No,2,5:17,المائدة,2,6089
أَبْنَاءُ,4667,No,1,5:18,المائدة,1,6820
وَأَحِبَّاؤُهُ,4668,No,1,5:18,المائدة,1,14634
يُعَذِّبُكُمْ,4669,No,1,5:18,المائدة,1,17442
بِذُنُوبِكُمْ,4670,No,1,5:18,المائدة,1,9127
فَتْرَةٍ,4671,No,1,5:19,المائدة,1,12134
جَاءَنَا,4672,No,6,5:19,المائدة,5,1553
بَشِيرٍ,4673,No,1,5:19,المائدة,1,8863
نَذِيرٍ,4674,No,6,5:19,المائدة,5,1655
بَشِيرٌ,4675,No,1,5:19,المائدة,1,8862
وَنَذِيرٌ,4676,No,1,5:19,المائدة,1,16264
وَجَعَلَكُمْ,4677,No,1,5:20,المائدة,1,15495
مُلُوكًا,4678,No,1,5:20,المائدة,1,14086
وَآتَاكُمْ,4679,No,2,5:20,المائدة,2,6028
أَحَدًا,4680,No,20,5:20,المائدة,8,453
الْمُقَدَّسَةَ,4681,No,1,5:21,المائدة,1,8702
تَرْتَدُّوا,4682,No,1,5:21,المائدة,1,9503
أَدْبَارِكُمْ,4683,No,1,5:21,المائدة,1,6999
جَبَّارِينَ,4684,No,2,5:22,المائدة,2,4869
نَدْخُلَهَا,4685,No,2,5:22,المائدة,1,5960
يَخْرُجُوا,4686,No,6,5:22,المائدة,4,1701
فَإِنَّا,4687,No,10,5:22,المائدة,8,940
دَاخِلُونَ,4688,No,1,5:22,المائدة,1,10498
رَجُلَانِ,4689,No,1,5:23,المائدة,1,10667
يَخَافُونَ,4690,No,8,5:23,المائدة,6,1242
دَخَلْتُمُوهُ,4691,No,1,5:23,المائدة,1,10511
فَإِنَّكُمْ,4692,No,2,5:23,المائدة,2,5370
غَالِبُونَ,4693,No,1,5:23,المائدة,1,11663
فَتَوَكَّلُوا,4694,No,1,5:23,المائدة,1,12115
دَامُوا,4695,No,1,5:24,المائدة,1,10504
فَاذْهَبْ,4696,No,2,5:24,المائدة,2,5382
وَرَبُّكَ,4697,No,9,5:24,المائدة,8,1095
فَقَاتِلَا,4698,No,1,5:24,المائدة,1,12337
قَاعِدُونَ,4699,No,1,5:24,المائدة,1,12614
أَمْلِكُ,4700,No,5,5:25,المائدة,5,1751
نَفْسِي,4701,No,9,5:25,المائدة,7,1083
وَأَخِي,4702,No,2,5:25,المائدة,2,6043
فَافْرُقْ,4703,No,1,5:25,المائدة,1,11987
وَبَيْنَ,4704,No,9,5:25,المائدة,8,1093
فَإِنَّهَا,4705,No,3,5:26,المائدة,2,3388
مُحَرَّمَةٌ,4706,No,1,5:26,المائدة,1,13935
سَنَةً,4707,No,2,5:26,المائدة,2,5100
يَتِيهُونَ,4708,No,1,5:26,المائدة,1,16731
تَأْسَ,4709,No,2,5:26,المائدة,1,4684
وَاتْلُ,4710,No,5,5:27,المائدة,5,2032
نَبَأَ,4711,No,4,5:27,المائدة,4,2628
ابْنَيْ,4712,No,1,5:27,المائدة,1,7723
قَرَّبَا,4713,No,1,5:27,المائدة,1,12658
قُرْبَانًا,4714,No,2,5:27,المائدة,2,5583
فَتُقُبِّلَ,4715,No,1,5:27,المائدة,1,12128
أَحَدِهِمَا,4716,No,1,5:27,المائدة,1,6917
يُتَقَبَّلْ,4717,No,1,5:27,المائدة,1,17256
الْآخَرِ,4718,No,1,5:27,المائدة,1,8176
لَأَقْتُلَنَّكَ,4719,No,1,5:27,المائدة,1,12962
يَتَقَبَّلُ,4720,No,1,5:27,المائدة,1,16703
بَسَطْتَ,4721,No,1,5:28,المائدة,1,8859
يَدَكَ,4722,No,5,5:28,المائدة,5,2094
لِتَقْتُلَنِي,4723,No,1,5:28,المائدة,1,13371
بِبَاسِطٍ,4724,No,1,5:28,المائدة,1,9075
يَدِيَ,4725,No,1,5:28,المائدة,1,16808
لِأَقْتُلَكَ,4726,No,1,5:28,المائدة,1,13317
أَخَافُ,4727,No,20,5:28,المائدة,13,454
رَبَّ,4728,No,5,5:28,المائدة,5,1900
أُرِيدُ,4729,No,7,5:29,المائدة,4,1274
تَبُوءَ,4730,No,1,5:29,المائدة,1,9339
بِإِثْمِي,4731,No,1,5:29,المائدة,1,8992
وَإِثْمِكَ,4732,No,1,5:29,المائدة,1,14853
فَتَكُونَ,4733,No,6,5:29,المائدة,6,1611
فَطَوَّعَتْ,4734,No,1,5:30,المائدة,1,12284
نَفْسُهُ,4735,No,2,5:30,المائدة,2,5981
قَتْلَ,4736,No,2,5:30,المائدة,2,5546
فَقَتَلَهُ,4737,No,2,5:30,المائدة,2,5471
فَأَصْبَحَ,4738,No,5,5:30,المائدة,3,1942
غُرَابًا,4739,No,1,5:31,المائدة,1,11709
يَبْحَثُ,4740,No,1,5:31,المائدة,1,16661
لِيُرِيَهُ,4741,No,1,5:31,المائدة,1,13589
يُوَارِي,4742,No,2,5:31,المائدة,2,6695
سَوْءَةَ,4743,No,2,5:31,المائدة,1,5106
وَيْلَتَا,4744,No,1,5:31,المائدة,1,16588
أَعَجَزْتُ,4745,No,1,5:31,المائدة,1,7195
الْغُرَابِ,4746,No,1,5:31,المائدة,1,8485
فَأُوَارِيَ,4747,No,1,5:31,المائدة,1,11862
أَخِي,4748,No,4,5:31,المائدة,4,2153
النَّادِمِينَ,4749,No,1,5:31,المائدة,1,8142
أَجْلِ,4750,No,1,5:32,المائدة,1,6909
فَسَادٍ,4751,No,1,5:32,المائدة,1,12225
فَكَأَنَّمَا,4752,No,3,5:32,المائدة,2,3425
أَحْيَاهَا,4753,No,2,5:32,المائدة,2,4017
أَحْيَا,4754,No,1,5:32,المائدة,1,6945
جَاءَتْهُمْ,4755,No,11,5:32,المائدة,9,840
رُسُلُنَا,4756,No,7,5:32,المائدة,5,1342
لَمُسْرِفُونَ,4757,No,1,5:32,المائدة,1,13187
يُحَارِبُونَ,4758,No,1,5:33,المائدة,1,17279
وَيَسْعَوْنَ,4759,No,2,5:33,المائدة,1,6419
فَسَادًا,4760,No,3,5:33,المائدة,2,3413
يُقَتَّلُوا,4761,No,1,5:33,المائدة,1,17493
يُصَلَّبُوا,4762,No,1,5:33,المائدة,1,17388
تُقَطَّعَ,4763,No,1,5:33,المائدة,1,9965
وَأَرْجُلُهُمْ,4764,No,2,5:33,المائدة,2,6046
خِلَافٍ,4765,No,4,5:33,المائدة,4,2411
يُنْفَوْا,4766,No,1,5:33,المائدة,1,17541
تَقْدِرُوا,4767,No,2,5:34,المائدة,2,4773
الْوَسِيلَةَ,4768,No,2,5:35,المائدة,2,4495
وَجَاهِدُوا,4769,No,4,5:35,المائدة,3,2707
سَبِيلِهِ,4770,No,11,5:35,المائدة,9,847
وَمِثْلَهُ,4771,No,3,5:36,المائدة,3,3819
لِيَفْتَدُوا,4772,No,1,5:36,المائدة,1,13564
تُقُبِّلَ,4773,No,1,5:36,المائدة,1,9967
مُقِيمٌ,4774,No,5,5:37,المائدة,4,2007
وَالسَّارِقُ,4775,No,1,5:38,المائدة,1,15032
وَالسَّارِقَةُ,4776,No,1,5:38,المائدة,1,15031
فَاقْطَعُوا,4777,No,1,5:38,المائدة,1,11996
أَيْدِيَهُمَا,4778,No,1,5:38,المائدة,1,7544
جَزَاءً,4779,No,15,5:38,المائدة,12,612
كَسَبَا,4780,No,1,5:38,المائدة,1,12853
تَابَ,4781,No,12,5:39,المائدة,8,776
ظُلْمِهِ,4782,No,2,5:39,المائدة,2,5256
وَأَصْلَحَ,4783,No,6,5:39,المائدة,5,1664
يُعَذِّبُ,4784,No,3,5:40,المائدة,3,3943
سَمَّاعُونَ,4785,No,4,5:41,المائدة,2,2443
لِلْكَذِبِ,4786,No,2,5:41,المائدة,1,5750
يَأْتُوكَ,4787,No,4,5:41,المائدة,4,2754
فَخُذُوهُ,4788,No,2,5:41,المائدة,2,5434
تُؤْتَوْهُ,4789,No,1,5:41,المائدة,1,9833
فَاحْذَرُوا,4790,No,1,5:41,المائدة,1,11902
يُرِدِ,4791,No,3,5:41,المائدة,2,3938
فِتْنَتَهُ,4792,No,1,5:41,المائدة,1,12580
تَمْلِكَ,4793,No,1,5:41,المائدة,1,9764
يُطَهِّرَ,4794,No,1,5:41,المائدة,1,17429
أَكَّالُونَ,4795,No,1,5:42,المائدة,1,7311
لِلسُّحْتِ,4796,No,1,5:42,المائدة,1,13453
فَاحْكُمْ,4797,No,5,5:42,المائدة,2,1944
أَعْرِضْ,4798,No,3,5:42,المائدة,3,2860
تُعْرِضْ,4799,No,1,5:42,المائدة,1,9952
يَضُرُّوكَ,4800,No,1,5:42,المائدة,1,16963
حَكَمْتَ,4801,No,1,5:42,المائدة,1,10260
الْمُقْسِطِينَ,4802,No,3,5:42,المائدة,3,3034
يُحَكِّمُونَكَ,4803,No,1,5:43,المائدة,1,17286
وَعِنْدَهُمُ,4804,No,1,5:43,المائدة,1,15880
حُكْمُ,4805,No,2,5:43,المائدة,2,4919
يَتَوَلَّوْنَ,4806,No,2,5:43,المائدة,1,6474
بِالْمُؤْمِنِينَ,4807,No,6,5:43,المائدة,5,1531
وَنُورٌ,4808,No,2,5:44,المائدة,1,6397
وَالرَّبَّانِيُّونَ,4809,No,1,5:44,المائدة,1,15019
وَالْأَحْبَارُ,4810,No,2,5:44,المائدة,1,6149
اسْتُحْفِظُوا,4811,No,1,5:44,المائدة,1,7839
تَخْشَوُا,4812,No,1,5:44,المائدة,1,9449
يَحْكُمْ,4813,No,3,5:44,المائدة,1,3868
وَكَتَبْنَا,4814,No,2,5:45,المائدة,2,6329
النَّفْسَ,4815,No,6,5:45,المائدة,6,1496
بِالنَّفْسِ,4816,No,2,5:45,المائدة,2,4599
وَالْعَيْنَ,4817,No,1,5:45,المائدة,1,15187
بِالْعَيْنِ,4818,No,1,5:45,المائدة,1,9052
وَالْأَنْفَ,4819,No,1,5:45,المائدة,1,15123
بِالْأَنْفِ,4820,No,1,5:45,المائدة,1,9033
وَالْأُذُنَ,4821,No,1,5:45,المائدة,1,15126
بِالْأُذُنِ,4822,No,1,5:45,المائدة,1,9034
وَالسِّنَّ,4823,No,1,5:45,المائدة,1,15042
بِالسِّنِّ,4824,No,1,5:45,المائدة,1,9012
وَالْجُرُوحَ,4825,No,1,5:45,المائدة,1,15151
تَصَدَّقَ,4826,No,1,5:45,المائدة,1,9587
كَفَّارَةٌ,4827,No,2,5:45,المائدة,1,5615
آثَارِهِمْ,4828,No,6,5:46,المائدة,5,1448
بِعِيسَى,4829,No,2,5:46,المائدة,2,4658
ابْنِ,4830,No,6,5:46,المائدة,5,1475
وَآتَيْنَاهُ,4831,No,9,5:46,المائدة,9,1089
الْإِنْجِيلَ,4832,No,2,5:46,المائدة,2,4352
وَلْيَحْكُمْ,4833,No,1,5:47,المائدة,1,16165
الْإِنْجِيلِ,4834,No,2,5:47,المائدة,2,4353
وَمُهَيْمِنًا,4835,No,1,5:48,المائدة,1,16229
تَتَّبِعْ,4836,No,6,5:48,المائدة,5,1540
لِكُلٍّ,4837,No,2,5:48,المائدة,2,5737
شِرْعَةً,4838,No,1,5:48,المائدة,1,11183
وَمِنْهَاجًا,4839,No,1,5:48,المائدة,1,16232
لَجَعَلَكُمْ,4840,No,2,5:48,المائدة,2,5659
لِيَبْلُوَكُمْ,4841,No,4,5:48,المائدة,4,2584
آتَاكُمْ,4842,No,5,5:48,المائدة,5,1726
فَيُنَبِّئُكُمْ,4843,No,7,5:48,المائدة,5,1377
وَأَنِ,4844,No,3,5:49,المائدة,3,3671
احْكُمْ,4845,No,2,5:49,المائدة,2,4218
وَاحْذَرْهُمْ,4846,No,1,5:49,المائدة,1,14909
يَفْتِنُوكَ,4847,No,1,5:49,المائدة,1,17048
بَعْضِ,4848,No,4,5:49,المائدة,4,2301
فَاعْلَمْ,4849,No,3,5:49,المائدة,3,3394
يُصِيبَهُمْ,4850,No,2,5:49,المائدة,2,6648
ذُنُوبِهِمْ,4851,No,1,5:49,المائدة,1,10615
لَفَاسِقُونَ,4852,No,1,5:49,المائدة,1,13124
أَفَحُكْمَ,4853,No,1,5:50,المائدة,1,7258
حُكْمًا,4854,No,8,5:50,المائدة,6,1169
الْيَهُودَ,4855,No,2,5:51,المائدة,1,4503
أَوْلِيَاءُ,4856,No,7,5:51,المائدة,6,1272
يَتَوَلَّهُمْ,4857,No,3,5:51,المائدة,3,3856
فَتَرَى,4858,No,5,5:52,المائدة,5,1949
نَخْشَى,4859,No,1,5:52,المائدة,1,14273
تُصِيبَنَا,4860,No,1,5:52,المائدة,1,9928
دَائِرَةٌ,4861,No,1,5:52,المائدة,1,10491
بِالْفَتْحِ,4862,No,1,5:52,المائدة,1,9058
أَمْرٍ,4863,No,7,5:52,المائدة,6,1268
عِنْدِهِ,4864,No,4,5:52,المائدة,4,2494
فَيُصْبِحُوا,4865,No,1,5:52,المائدة,1,12546
أَسَرُّوا,4866,No,1,5:52,المائدة,1,7081
نَادِمِينَ,4867,No,4,5:52,المائدة,4,2625
وَيَقُولُ,4868,No,11,5:53,المائدة,9,887
أَهَؤُلَاءِ,4869,No,4,5:53,المائدة,4,2189
أَقْسَمُوا,4870,No,2,5:53,المائدة,2,4111
جَهْدَ,4871,No,5,5:53,المائدة,5,1870
أَيْمَانِهِمْ,4872,No,7,5:53,المائدة,6,1273
لَمَعَكُمْ,4873,No,1,5:53,المائدة,1,13173
فَأَصْبَحُوا,4874,No,9,5:53,المائدة,7,1057
يَرْتَدَّ,4875,No,2,5:54,المائدة,2,6508
بِقَوْمٍ,4876,No,3,5:54,المائدة,2,3100
يُحِبُّهُمْ,4877,No,1,5:54,المائدة,1,17288
وَيُحِبُّونَهُ,4878,No,1,5:54,المائدة,1,16521
أَذِلَّةٍ,4879,No,1,5:54,المائدة,1,7014
أَعِزَّةٍ,4880,No,1,5:54,المائدة,1,7198
يُجَاهِدُونَ,4881,No,1,5:54,المائدة,1,17267
لَوْمَةَ,4882,No,1,5:54,المائدة,1,13246
لَائِمٍ,4883,No,1,5:54,المائدة,1,12978
وَلِيُّكُمُ,4884,No,1,5:55,المائدة,1,16151
وَرَسُولُهُ,4885,No,14,5:55,المائدة,4,683
يُقِيمُونَ,4886,No,4,5:55,المائدة,4,2807
وَيُؤْتُونَ,4887,No,5,5:55,المائدة,5,2074
رَاكِعُونَ,4888,No,1,5:55,المائدة,1,10648
يَتَوَلَّ,4889,No,4,5:56,المائدة,4,2763
حِزْبَ,4890,No,3,5:56,المائدة,2,3214
الْغَالِبُونَ,4891,No,5,5:56,المائدة,5,1806
وَلَعِبًا,4892,No,3,5:57,المائدة,2,3799
وَالْكُفَّارَ,4893,No,2,5:57,المائدة,2,6168
نَادَيْتُمْ,4894,No,1,5:58,المائدة,1,14193
اتَّخَذُوهَا,4895,No,1,5:58,المائدة,1,7736
تَنْقِمُونَ,4896,No,1,5:59,المائدة,1,9801
أَكْثَرَكُمْ,4897,No,2,5:59,المائدة,2,4115
فَاسِقُونَ,4898,No,7,5:59,المائدة,3,1371
أُنَبِّئُكُمْ,4899,No,3,5:60,المائدة,3,2907
بِشَرٍّ,4900,No,2,5:60,المائدة,2,4649
مَثُوبَةً,4901,No,1,5:60,المائدة,1,13655
وَجَعَلَ,4902,No,29,5:60,المائدة,18,319
الْقِرَدَةَ,4903,No,1,5:60,المائدة,1,8550
وَالْخَنَازِيرَ,4904,No,1,5:60,المائدة,1,15173
وَعَبَدَ,4905,No,1,5:60,المائدة,1,15820
الطَّاغُوتَ,4906,No,3,5:60,المائدة,3,2954
مَكَانًا,4907,No,9,5:60,المائدة,5,1081
وَأَضَلُّ,4908,No,3,5:60,المائدة,3,3665
سَوَاءِ,4909,No,5,5:60,المائدة,4,1918
دَخَلُوا,4910,No,9,5:61,المائدة,6,1036
وَتَرَى,4911,No,12,5:62,المائدة,10,804
وَأَكْلِهِمُ,4912,No,2,5:62,المائدة,1,6062
السُّحْتَ,4913,No,2,5:62,المائدة,1,4283
لَبِئْسَ,4914,No,5,5:62,المائدة,2,1979
يَنْهَاهُمُ,4915,No,1,5:63,المائدة,1,17188
الرَّبَّانِيُّونَ,4916,No,1,5:63,المائدة,1,7963
قَوْلِهِمُ,4917,No,1,5:63,المائدة,1,12709
الْإِثْمَ,4918,No,2,5:63,المائدة,2,4350
يَدُ,4919,No,2,5:64,المائدة,2,6497
مَغْلُولَةٌ,4920,No,1,5:64,المائدة,1,13772
غُلَّتْ,4921,No,1,5:64,المائدة,1,11717
وَلُعِنُوا,4922,No,1,5:64,المائدة,1,16089
يَدَاهُ,4923,No,3,5:64,المائدة,3,3872
مَبْسُوطَتَانِ,4924,No,1,5:64,المائدة,1,13637
وَلَيَزِيدَنَّ,4925,No,2,5:64,المائدة,1,6356
طُغْيَانًا,4926,No,4,5:64,المائدة,3,2471
وَكُفْرًا,4927,No,4,5:64,المائدة,3,2726
وَأَلْقَيْنَا,4928,No,4,5:64,المائدة,4,2673
أَوْقَدُوا,4929,No,1,5:64,المائدة,1,7511
لِلْحَرْبِ,4930,No,1,5:64,المائدة,1,13470
أَطْفَأَهَا,4931,No,1,5:64,المائدة,1,7191
الْمُفْسِدِينَ,4932,No,10,5:64,المائدة,6,916
لَكَفَّرْنَا,4933,No,1,5:65,المائدة,1,13150
وَلَأَدْخَلْنَاهُمْ,4934,No,1,5:65,المائدة,1,16021
جَنَّاتِ,4935,No,11,5:65,المائدة,11,843
النَّعِيمِ,4936,No,10,5:65,المائدة,10,912
أَقَامُوا,4937,No,2,5:66,المائدة,2,4104
لَأَكَلُوا,4938,No,1,5:66,المائدة,1,12964
فَوْقِهِمْ,4939,No,6,5:66,المائدة,5,1618
تَحْتِ,4940,No,3,5:66,المائدة,3,3117
أَرْجُلِهِمْ,4941,No,2,5:66,المائدة,2,4042
مُقْتَصِدَةٌ,4942,No,1,5:66,المائدة,1,14072
وَكَثِيرٌ,4943,No,6,5:66,المائدة,3,1684
سَاءَ,4944,No,11,5:66,المائدة,9,846
بَلِّغْ,4945,No,1,5:67,المائدة,1,8909
تَفْعَلْ,4946,No,1,5:67,المائدة,1,9680
بَلَّغْتَ,4947,No,1,5:67,المائدة,1,8907
رِسَالَتَهُ,4948,No,2,5:67,المائدة,2,5056
يَعْصِمُكَ,4949,No,1,5:67,المائدة,1,17009
لَسْتُمْ,4950,No,2,5:68,المائدة,2,5672
تُقِيمُوا,4951,No,1,5:68,المائدة,1,9968
وَالصَّابِئُونَ,4952,No,1,5:69,المائدة,1,15052
وَأَرْسَلْنَا,4953,No,3,5:70,المائدة,3,3664
يَقْتُلُونَ,4954,No,2,5:70,المائدة,2,6557
وَحَسِبُوا,4955,No,1,5:71,المائدة,1,15536
فَعَمُوا,4956,No,1,5:71,المائدة,1,12315
وَصَمُّوا,4957,No,2,5:71,المائدة,1,6282
عَمُوا,4958,No,1,5:71,المائدة,1,11569
وَرَبَّكُمْ,4959,No,2,5:72,المائدة,1,6252
ثَالِثُ,4960,No,1,5:73,المائدة,1,10030
ثَلَاثَةٍ,4961,No,2,5:73,المائدة,2,4852
يَنْتَهُوا,4962,No,2,5:73,المائدة,2,6577
لَيَمَسَّنَّ,4963,No,1,5:73,المائدة,1,13271
وَيَسْتَغْفِرُونَهُ,4964,No,1,5:74,المائدة,1,16442
وَأُمُّهُ,4965,No,1,5:75,المائدة,1,14838
صِدِّيقَةٌ,4966,No,1,5:75,المائدة,1,11291
يَأْكُلَانِ,4967,No,1,5:75,المائدة,1,16639
الطَّعَامَ,4968,No,5,5:75,المائدة,4,1785
نُبَيِّنُ,4969,No,1,5:75,المائدة,1,14431
يُؤْفَكُونَ,4970,No,6,5:75,المائدة,6,1715
أَتَعْبُدُونَ,4971,No,2,5:76,المائدة,2,3994
ضَرًّا,4972,No,9,5:76,المائدة,9,1048
أَهْوَاءَ,4973,No,3,5:77,المائدة,3,2883
وَأَضَلُّوا,4974,No,1,5:77,المائدة,1,14716
وَضَلُّوا,4975,No,1,5:77,المائدة,1,15793
لُعِنَ,4976,No,1,5:78,المائدة,1,13302
لِسَانِ,4977,No,1,5:78,المائدة,1,13417
يَتَنَاهَوْنَ,4978,No,1,5:79,المائدة,1,16714
مُنْكَرٍ,4979,No,1,5:79,المائدة,1,14125
تَرَى,4980,No,19,5:80,المائدة,13,486
سَخِطَ,4981,No,1,5:80,المائدة,1,10932
وَالنَّبِيِّ,4982,No,1,5:81,المائدة,1,15084
اتَّخَذُوهُمْ,4983,No,1,5:81,المائدة,1,7738
لَتَجِدَنَّ,4984,No,1,5:82,المائدة,1,13014
عَدَاوَةً,4985,No,1,5:82,المائدة,1,11470
وَلَتَجِدَنَّ,4986,No,1,5:82,المائدة,1,16033
أَقْرَبَهُمْ,4987,No,1,5:82,المائدة,1,7292
مَوَدَّةً,4988,No,3,5:82,المائدة,3,3581
قِسِّيسِينَ,4989,No,1,5:82,المائدة,1,12759
وَرُهْبَانًا,4990,No,1,5:82,المائدة,1,15666
يَسْتَكْبِرُونَ,4991,No,7,5:82,المائدة,7,1440
سَمِعُوا,4992,No,6,5:83,المائدة,6,1579
أَعْيُنَهُمْ,4993,No,2,5:83,المائدة,2,4086
تَفِيضُ,4994,No,2,5:83,المائدة,2,4765
الدَّمْعِ,4995,No,2,5:83,المائدة,2,4256
وَنَطْمَعُ,4996,No,1,5:84,المائدة,1,16281
يُدْخِلَنَا,4997,No,1,5:84,المائدة,1,17331
فَأَثَابَهُمُ,4998,No,1,5:85,المائدة,1,11755
تُحَرِّمُوا,4999,No,1,5:87,المائدة,1,9863
أَحَلَّ,5000,No,2,5:87,المائدة,2,4011
رَزَقَكُمُ,5001,No,5,5:88,المائدة,5,1905
مُؤْمِنُونَ,5002,No,6,5:88,المائدة,6,1645
عَقَّدْتُمُ,5003,No,1,5:89,المائدة,1,11536
الْأَيْمَانَ,5004,No,2,5:89,المائدة,2,4345
فَكَفَّارَتُهُ,5005,No,1,5:89,المائدة,1,12370
إِطْعَامُ,5006,No,1,5:89,المائدة,1,7670
عَشَرَةِ,5007,No,1,5:89,المائدة,1,11512
مَسَاكِينَ,5008,No,2,5:89,المائدة,1,5801
أَوْسَطِ,5009,No,1,5:89,المائدة,1,7510
تُطْعِمُونَ,5010,No,1,5:89,المائدة,1,9941
أَهْلِيكُمْ,5011,No,1,5:89,المائدة,1,7485
كِسْوَتُهُمْ,5012,No,1,5:89,المائدة,1,12932
تَحْرِيرُ,5013,No,1,5:89,المائدة,1,9414
كَفَّارَةُ,5014,No,1,5:89,المائدة,1,12871
حَلَفْتُمْ,5015,No,1,5:89,المائدة,1,10263
وَاحْفَظُوا,5016,No,1,5:89,المائدة,1,14911
أَيْمَانَكُمْ,5017,No,3,5:89,المائدة,2,2893
الْخَمْرُ,5018,No,1,5:90,المائدة,1,8418
وَالْمَيْسِرُ,5019,No,1,5:90,المائدة,1,15231
وَالْأَنْصَابُ,5020,No,1,5:90,المائدة,1,15120
وَالْأَزْلَامُ,5021,No,1,5:90,المائدة,1,15112
رِجْسٌ,5022,No,4,5:90,المائدة,4,2435
عَمَلِ,5023,No,2,5:90,المائدة,2,5297
فَاجْتَنِبُوهُ,5024,No,1,5:90,المائدة,1,11896
يُوقِعَ,5025,No,1,5:91,المائدة,1,17566
بَيْنَكُمُ,5026,No,3,5:91,المائدة,3,3064
وَيَصُدَّكُمْ,5027,No,1,5:91,المائدة,1,16451
ذِكْرِ,5028,No,10,5:91,المائدة,9,930
وَعَنِ,5029,No,3,5:91,المائدة,3,3776
فَهَلْ,5030,No,23,5:91,المائدة,14,403
مُنْتَهُونَ,5031,No,1,5:91,المائدة,1,14111
وَاحْذَرُوا,5032,No,1,5:92,المائدة,1,14908
رَسُولِنَا,5033,No,2,5:92,المائدة,2,5030
الْمُبِينُ,5034,No,15,5:92,المائدة,13,607
طَعِمُوا,5035,No,1,5:93,المائدة,1,11360
وَآمَنُوا,5036,No,4,5:93,المائدة,3,2664
وَأَحْسَنُوا,5037,No,1,5:93,المائدة,1,14636
لَيَبْلُوَنَّكُمُ,5038,No,1,5:94,المائدة,1,13253
تَنَالُهُ,5039,No,1,5:94,المائدة,1,9775
وَرِمَاحُكُمْ,5040,No,1,5:94,المائدة,1,15675
لِيَعْلَمَ,5041,No,3,5:94,المائدة,3,3540
يَخَافُهُ,5042,No,1,5:94,المائدة,1,16776
الصَّيْدَ,5043,No,1,5:95,المائدة,1,8086
قَتَلَهُ,5044,No,1,5:95,المائدة,1,12634
فَجَزَاءٌ,5045,No,1,5:95,المائدة,1,12143
النَّعَمِ,5046,No,1,5:95,المائدة,1,8154
ذَوَا,5047,No,2,5:95,المائدة,1,4998
عَدْلٍ,5048,No,4,5:95,المائدة,3,2481
هَدْيًا,5049,No,1,5:95,المائدة,1,14554
بَالِغَ,5050,No,1,5:95,المائدة,1,8825
الْكَعْبَةِ,5051,No,1,5:95,المائدة,1,8562
عَدْلُ,5052,No,1,5:95,المائدة,1,11477
صِيَامًا,5053,No,1,5:95,المائدة,1,11303
لِيَذُوقَ,5054,No,1,5:95,المائدة,1,13546
وَبَالَ,5055,No,4,5:95,المائدة,4,2702
أَمْرِهِ,5056,No,7,5:95,المائدة,6,1269
فَيَنْتَقِمُ,5057,No,1,5:95,المائدة,1,12533
صَيْدُ,5058,No,2,5:96,المائدة,1,5197
وَطَعَامُهُ,5059,No,1,5:96,المائدة,1,15801
وَلِلسَّيَّارَةِ,5060,No,1,5:96,المائدة,1,16118
وَحُرِّمَ,5061,No,2,5:96,المائدة,2,6236
الْبَرِّ,5062,No,12,5:96,المائدة,8,762
دُمْتُمْ,5063,No,1,5:96,المائدة,1,10557
حُرُمًا,5064,No,1,5:96,المائدة,1,10301
الْكَعْبَةَ,5065,No,1,5:97,المائدة,1,8561
وَالشَّهْرَ,5066,No,1,5:97,المائدة,1,15047
وَالْهَدْيَ,5067,No,2,5:97,المائدة,2,6182
وَالْقَلَائِدَ,5068,No,1,5:97,المائدة,1,15212
لِتَعْلَمُوا,5069,No,3,5:97,المائدة,3,3519
اعْلَمُوا,5070,No,3,5:98,المائدة,2,2923
الْخَبِيثُ,5071,No,1,5:100,المائدة,1,8412
وَالطَّيِّبُ,5072,No,1,5:100,المائدة,1,15068
أَعْجَبَكَ,5073,No,2,5:100,المائدة,2,4079
كَثْرَةُ,5074,No,1,5:100,المائدة,1,12829
الْخَبِيثِ,5075,No,1,5:100,المائدة,1,8413
أَشْيَاءَ,5076,No,1,5:101,المائدة,1,7138
تُبْدَ,5077,No,2,5:101,المائدة,1,4808
تَسُؤْكُمْ,5078,No,1,5:101,المائدة,1,9535
حِينَ,5079,No,12,5:101,المائدة,10,779
يُنَزَّلُ,5080,No,1,5:101,المائدة,1,17531
سَأَلَهَا,5081,No,1,5:102,المائدة,1,10864
أَصْبَحُوا,5082,No,1,5:102,المائدة,1,7149
بَحِيرَةٍ,5083,No,1,5:103,المائدة,1,8832
سَائِبَةٍ,5084,No,1,5:103,المائدة,1,10877
وَصِيلَةٍ,5085,No,1,5:103,المائدة,1,15785
حَامٍ,5086,No,1,5:103,المائدة,1,10194
وَأَكْثَرُهُمْ,5087,No,4,5:103,المائدة,4,2672
وَجَدْنَا,5088,No,13,5:104,المائدة,9,737
اهْتَدَيْتُمْ,5089,No,1,5:105,المائدة,1,8797
شَهَادَةُ,5090,No,1,5:106,المائدة,1,11143
بَيْنِكُمْ,5091,No,3,5:106,المائدة,3,3065
الْوَصِيَّةِ,5092,No,1,5:106,المائدة,1,8744
اثْنَانِ,5093,No,1,5:106,المائدة,1,7750
آخَرَانِ,5094,No,1,5:106,المائدة,1,6724
غَيْرِكُمْ,5095,No,1,5:106,المائدة,1,11705
فَأَصَابَتْكُمْ,5096,No,1,5:106,المائدة,1,11792
مُصِيبَةُ,5097,No,1,5:106,المائدة,1,14025
تَحْبِسُونَهُمَا,5098,No,1,5:106,المائدة,1,9406
فَيُقْسِمَانِ,5099,No,2,5:106,المائدة,1,5523
ارْتَبْتُمْ,5100,No,2,5:106,المائدة,2,4225
نَشْتَرِي,5101,No,1,5:106,المائدة,1,14314
قُرْبَى,5102,No,4,5:106,المائدة,4,2540
نَكْتُمُ,5103,No,1,5:106,المائدة,1,14408
شَهَادَةَ,5104,No,1,5:106,المائدة,1,11142
الْآثِمِينَ,5105,No,1,5:106,المائدة,1,8175
عُثِرَ,5106,No,1,5:107,المائدة,1,11598
أَنَّهُمَا,5107,No,2,5:107,المائدة,2,4134
اسْتَحَقَّا,5108,No,1,5:107,المائدة,1,7806
فَآخَرَانِ,5109,No,1,5:107,المائدة,1,11737
يَقُومَانِ,5110,No,1,5:107,المائدة,1,17058
مَقَامَهُمَا,5111,No,1,5:107,المائدة,1,13777
اسْتَحَقَّ,5112,No,1,5:107,المائدة,1,7805
الْأَوْلَيَانِ,5113,No,1,5:107,المائدة,1,8264
لَشَهَادَتُنَا,5114,No,1,5:107,المائدة,1,13084
شَهَادَتِهِمَا,5115,No,1,5:107,المائدة,1,11145
اعْتَدَيْنَا,5116,No,1,5:107,المائدة,1,7873
يَأْتُوا,5117,No,5,5:108,المائدة,3,2079
بِالشَّهَادَةِ,5118,No,1,5:108,المائدة,1,9016
وَجْهِهَا,5119,No,1,5:108,المائدة,1,15519
يَخَافُوا,5120,No,1,5:108,المائدة,1,16777
تُرَدَّ,5121,No,1,5:108,المائدة,1,9897
أَيْمَانٌ,5122,No,2,5:108,المائدة,2,4166
يَجْمَعُ,5123,No,3,5:109,المائدة,3,3864
الرُّسُلَ,5124,No,5,5:109,المائدة,5,1777
فَيَقُولُ,5125,No,12,5:109,المائدة,8,789
أُجِبْتُمْ,5126,No,1,5:109,المائدة,1,7554
عَلَّامُ,5127,No,4,5:109,المائدة,3,2484
الْغُيُوبِ,5128,No,4,5:109,المائدة,3,2266
اذْكُرْ,5129,No,1,5:110,المائدة,1,7788
وَالِدَتِكَ,5130,No,1,5:110,المائدة,1,15102
أَيَّدْتُكَ,5131,No,1,5:110,المائدة,1,7533
تُكَلِّمُ,5132,No,1,5:110,المائدة,1,9974
عَلَّمْتُكَ,5133,No,1,5:110,المائدة,1,11550
تَخْلُقُ,5134,No,1,5:110,المائدة,1,9457
بِإِذْنِي,5135,No,4,5:110,المائدة,1,2313
فَتَنْفُخُ,5136,No,1,5:110,المائدة,1,12113
فَتَكُونُ,5137,No,1,5:110,المائدة,1,12099
وَتُبْرِئُ,5138,No,1,5:110,المائدة,1,15443
تُخْرِجُ,5139,No,1,5:110,المائدة,1,9878
كَفَفْتُ,5140,No,1,5:110,المائدة,1,12867
جِئْتَهُمْ,5141,No,2,5:110,المائدة,2,4888
سِحْرٌ,5142,No,12,5:110,المائدة,12,784
أَوْحَيْتُ,5143,No,1,5:111,المائدة,1,7502
الْحَوَارِيِّينَ,5144,No,1,5:111,المائدة,1,8375
وَبِرَسُولِي,5145,No,1,5:111,المائدة,1,15335
بِأَنَّنَا,5146,No,1,5:111,المائدة,1,8979
مَائِدَةً,5147,No,2,5:112,المائدة,1,5776
نُرِيدُ,5148,No,4,5:113,المائدة,4,2642
نَأْكُلَ,5149,No,1,5:113,المائدة,1,14188
وَتَطْمَئِنَّ,5150,No,1,5:113,المائدة,1,15402
وَنَعْلَمَ,5151,No,1,5:113,المائدة,1,16284
صَدَقْتَنَا,5152,No,1,5:113,المائدة,1,11223
وَنَكُونَ,5153,No,3,5:113,المائدة,3,3823
أَنْزِلْ,5154,No,1,5:114,المائدة,1,7436
تَكُونُ,5155,No,11,5:114,المائدة,9,837
عِيدًا,5156,No,1,5:114,المائدة,1,11655
لِأَوَّلِنَا,5157,No,1,5:114,المائدة,1,13327
وَآخِرِنَا,5158,No,1,5:114,المائدة,1,14594
وَآيَةً,5159,No,1,5:114,المائدة,1,14599
مِنْكَ,5160,No,6,5:114,المائدة,5,1654
وَارْزُقْنَا,5161,No,1,5:114,المائدة,1,14936
وَأَنْتَ,5162,No,14,5:114,المائدة,8,681
الرَّازِقِينَ,5163,No,5,5:114,المائدة,5,1776
مُنَزِّلُهَا,5164,No,1,5:115,المائدة,1,14100
أُعَذِّبُهُ,5165,No,2,5:115,المائدة,1,4176
أَأَنْتَ,5166,No,2,5:116,المائدة,2,3981
قُلْتَ,5167,No,4,5:116,المائدة,4,2542
اتَّخِذُونِي,5168,No,1,5:116,المائدة,1,7741
وَأُمِّيَ,5169,No,1,5:116,المائدة,1,14842
إِلَهَيْنِ,5170,No,2,5:116,المائدة,2,4199
أَقُولَ,5171,No,2,5:116,المائدة,2,4106
بِحَقٍّ,5172,No,1,5:116,المائدة,1,9105
قُلْتُهُ,5173,No,1,5:116,المائدة,1,12738
عَلِمْتَهُ,5174,No,1,5:116,المائدة,1,11554
قُلْتُ,5175,No,1,5:117,المائدة,1,12737
أَمَرْتَنِي,5176,No,1,5:117,المائدة,1,7372
وَكُنْتُ,5177,No,2,5:117,المائدة,2,6335
دُمْتُ,5178,No,2,5:117,المائدة,2,4986
تَوَفَّيْتَنِي,5179,No,1,5:117,المائدة,1,9818
الرَّقِيبَ,5180,No,1,5:117,المائدة,1,7973
تُعَذِّبْهُمْ,5181,No,2,5:118,المائدة,2,4829
عِبَادُكَ,5182,No,1,5:118,المائدة,1,11633
تَغْفِرْ,5183,No,3,5:118,المائدة,3,3138
فَإِنَّكَ,5184,No,9,5:118,المائدة,7,1059
يَوْمُ,5185,No,16,5:119,المائدة,10,587
الصَّادِقِينَ,5186,No,17,5:119,المائدة,11,534
صِدْقُهُمْ,5187,No,1,5:119,المائدة,1,11293
رَضِيَ,5188,No,5,5:119,المائدة,5,1908
وَرَضُوا,5189,No,5,5:119,المائدة,5,2053
وَالنُّورَ,5190,No,1,6:1,الأنعام,1,15096
بِرَبِّهِمْ,5191,No,9,6:1,الأنعام,8,1021
يَعْدِلُونَ,5192,No,5,6:1,الأنعام,3,2107
طِينٍ,5193,No,8,6:2,الأنعام,7,1180
أَجَلًا,5194,No,3,6:2,الأنعام,3,2836
وَأَجَلٌ,5195,No,2,6:2,الأنعام,2,6038
تَمْتَرُونَ,5196,No,2,6:2,الأنعام,2,4788
سِرَّكُمْ,5197,No,1,6:3,الأنعام,1,11085
وَجَهْرَكُمْ,5198,No,1,6:3,الأنعام,1,15502
تَكْسِبُونَ,5199,No,4,6:3,الأنعام,4,2366
تَأْتِيهِمْ,5200,No,7,6:4,الأنعام,6,1318
مُعْرِضِينَ,5201,No,5,6:4,الأنعام,5,2005
لَمَّا,5202,No,32,6:5,الأنعام,25,291
يَأْتِيهِمْ,5203,No,7,6:5,الأنعام,7,1429
أَنْبَاءُ,5204,No,2,6:5,الأنعام,2,4135
يَسْتَهْزِئُونَ,5205,No,14,6:5,الأنعام,13,686
يَرَوْا,5206,No,24,6:6,الأنعام,17,388
أَهْلَكْنَا,5207,No,16,6:6,الأنعام,14,561
قَرْنٍ,5208,No,5,6:6,الأنعام,4,1962
مَكَّنَّاهُمْ,5209,No,3,6:6,الأنعام,3,3573
نُمَكِّنْ,5210,No,2,6:6,الأنعام,2,6001
السَّمَاءَ,5211,No,13,6:6,الأنعام,11,703
مِدْرَارًا,5212,No,3,6:6,الأنعام,3,3615
الْأَنْهَارَ,5213,No,3,6:6,الأنعام,3,2975
تَحْتِهِمْ,5214,No,2,6:6,الأنعام,2,4709
فَأَهْلَكْنَاهُمْ,5215,No,3,6:6,الأنعام,3,3383
وَأَنْشَأْنَا,5216,No,2,6:6,الأنعام,2,6073
قَرْنًا,5217,No,2,6:6,الأنعام,2,5558
قِرْطَاسٍ,5218,No,1,6:7,الأنعام,1,12758
فَلَمَسُوهُ,5219,No,1,6:7,الأنعام,1,12390
لَقَالَ,5220,No,1,6:7,الأنعام,1,13135
مَلَكٌ,5221,No,6,6:8,الأنعام,4,1643
مَلَكًا,5222,No,3,6:8,الأنعام,2,3576
لَقُضِيَ,5223,No,8,6:8,الأنعام,5,1206
جَعَلْنَاهُ,5224,No,7,6:9,الأنعام,7,1329
لَجَعَلْنَاهُ,5225,No,2,6:9,الأنعام,2,5661
رَجُلًا,5226,No,7,6:9,الأنعام,7,1339
وَلَلَبَسْنَا,5227,No,1,6:9,الأنعام,1,16060
يَلْبِسُونَ,5228,No,1,6:9,الأنعام,1,17118
اسْتُهْزِئَ,5229,No,3,6:10,الأنعام,3,2920
بِرُسُلٍ,5230,No,3,6:10,الأنعام,3,3091
فَحَاقَ,5231,No,2,6:10,الأنعام,2,5431
سَخِرُوا,5232,No,3,6:10,الأنعام,3,3271
سِيرُوا,5233,No,5,6:11,الأنعام,5,1921
انْظُرُوا,5234,No,3,6:11,الأنعام,2,3044
الرَّحْمَةَ,5235,No,2,6:12,الأنعام,1,4264
خَسِرُوا,5236,No,8,6:12,الأنعام,6,1170
سَكَنَ,5237,No,1,6:13,الأنعام,1,10962
أَغَيْرَ,5238,No,4,6:14,الأنعام,2,2170
أَتَّخِذُ,5239,No,1,6:14,الأنعام,1,6858
فَاطِرِ,5240,No,3,6:14,الأنعام,3,3392
يُطْعِمُ,5241,No,1,6:14,الأنعام,1,17433
يُطْعَمُ,5242,No,1,6:14,الأنعام,1,17432
أُمِرْتُ,5243,No,5,6:14,الأنعام,4,1758
عَصَيْتُ,5244,No,3,6:15,الأنعام,3,3337
يُصْرَفْ,5245,No,1,6:16,الأنعام,1,17406
رَحِمَهُ,5246,No,1,6:16,الأنعام,1,10672
يَمْسَسْكَ,5247,No,3,6:17,الأنعام,2,3917
بِضُرٍّ,5248,No,4,6:17,الأنعام,4,2327
كَاشِفَ,5249,No,2,6:17,الأنعام,2,5599
الْقَاهِرُ,5250,No,2,6:18,الأنعام,1,4435
الْخَبِيرُ,5251,No,6,6:18,الأنعام,4,1507
أَيُّ,5252,No,3,6:19,الأنعام,3,2891
بَيْنِي,5253,No,11,6:19,الأنعام,10,831
وَأُوحِيَ,5254,No,2,6:19,الأنعام,2,6092
لِأُنْذِرَكُمْ,5255,No,1,6:19,الأنعام,1,13332
بَلَغَ,5256,No,9,6:19,الأنعام,7,1015
أَئِنَّكُمْ,5257,No,4,6:19,الأنعام,4,2142
لَتَشْهَدُونَ,5258,No,1,6:19,الأنعام,1,13021
آلِهَةً,5259,No,13,6:19,الأنعام,9,691
أَشْهَدُ,5260,No,1,6:19,الأنعام,1,7135
وَإِنَّنِي,5261,No,1,6:19,الأنعام,1,14878
بَرِيءٌ,5262,No,9,6:19,الأنعام,7,1011
تُشْرِكُونَ,5263,No,7,6:19,الأنعام,3,1325
أَبْنَاءَهُمُ,5264,No,1,6:20,الأنعام,1,6819
مِمَّنِ,5265,No,10,6:21,الأنعام,8,956
كَذِبًا,5266,No,15,6:21,الأنعام,11,624
كَذَّبَ,5267,No,21,6:21,الأنعام,17,446
بِآيَاتِهِ,5268,No,4,6:21,الأنعام,3,2310
يُفْلِحُ,5269,No,9,6:21,الأنعام,6,1109
نَحْشُرُهُمْ,5270,No,2,6:22,الأنعام,2,5956
نَقُولُ,5271,No,7,6:22,الأنعام,7,1402
شُرَكَاؤُكُمُ,5272,No,1,6:22,الأنعام,1,11160
تَزْعُمُونَ,5273,No,4,6:22,الأنعام,2,2356
فِتْنَتُهُمْ,5274,No,1,6:23,الأنعام,1,12582
وَاللَّهِ,5275,No,1,6:23,الأنعام,1,15077
مُشْرِكِينَ,5276,No,4,6:23,الأنعام,4,2617
كَذَبُوا,5277,No,4,6:24,الأنعام,4,2547
وَضَلَّ,5278,No,8,6:24,الأنعام,7,1231
يَسْتَمِعُ,5279,No,2,6:25,الأنعام,2,6527
أَكِنَّةً,5280,No,3,6:25,الأنعام,3,2867
يَفْقَهُوهُ,5281,No,3,6:25,الأنعام,3,3911
وَقْرًا,5282,No,4,6:25,الأنعام,4,2724
يُجَادِلُونَكَ,5283,No,2,6:25,الأنعام,2,6619
أَسَاطِيرُ,5284,No,9,6:25,الأنعام,9,986
الْأَوَّلِينَ,5285,No,31,6:25,الأنعام,19,294
يَنْهَوْنَ,5286,No,3,6:26,الأنعام,3,3919
وَيَنْأَوْنَ,5287,No,1,6:26,الأنعام,1,16485
يُهْلِكُونَ,5288,No,2,6:26,الأنعام,2,6690
وُقِفُوا,5289,No,2,6:27,الأنعام,1,6446
لَيْتَنَا,5290,No,2,6:27,الأنعام,2,5703
نُرَدُّ,5291,No,2,6:27,الأنعام,2,5998
نُكَذِّبَ,5292,No,1,6:27,الأنعام,1,14491
بَدَا,5293,No,2,6:28,الأنعام,2,4524
لَعَادُوا,5294,No,1,6:28,الأنعام,1,13099
وَإِنَّهُمْ,5295,No,11,6:28,الأنعام,10,877
لَكَاذِبُونَ,5296,No,9,6:28,الأنعام,8,1074
حَيَاتُنَا,5297,No,3,6:29,الأنعام,3,3209
بِمَبْعُوثِينَ,5298,No,2,6:29,الأنعام,2,4663
أَلَيْسَ,5299,No,13,6:30,الأنعام,8,695
وَرَبِّنَا,5300,No,2,6:30,الأنعام,2,6253
بِلِقَاءِ,5301,No,7,6:31,الأنعام,6,1316
السَّاعَةُ,5302,No,13,6:31,الأنعام,8,702
بَغْتَةً,5303,No,13,6:31,الأنعام,10,713
حَسْرَتَنَا,5304,No,1,6:31,الأنعام,1,10241
فَرَّطْنَا,5305,No,2,6:31,الأنعام,1,5442
يَحْمِلُونَ,5306,No,2,6:31,الأنعام,2,6491
أَوْزَارَهُمْ,5307,No,2,6:31,الأنعام,2,4158
يَزِرُونَ,5308,No,2,6:31,الأنعام,2,6511
لَعِبٌ,5309,No,3,6:32,الأنعام,3,3500
وَلَهْوٌ,5310,No,3,6:32,الأنعام,3,3802
وَلَلدَّارُ,5311,No,1,6:32,الأنعام,1,16059
لَيَحْزُنُكَ,5312,No,1,6:33,الأنعام,1,13255
يُكَذِّبُونَكَ,5313,No,1,6:33,الأنعام,1,17501
يَجْحَدُونَ,5314,No,7,6:33,الأنعام,6,1436
كُذِّبَتْ,5315,No,2,6:34,الأنعام,2,5629
فَصَبَرُوا,5316,No,1,6:34,الأنعام,1,12254
كُذِّبُوا,5317,No,1,6:34,الأنعام,1,12905
أَتَاهُمْ,5318,No,5,6:34,الأنعام,4,1733
نَصْرُنَا,5319,No,2,6:34,الأنعام,2,5976
مُبَدِّلَ,5320,No,3,6:34,الأنعام,2,3583
لِكَلِمَاتِ,5321,No,3,6:34,الأنعام,3,3526
نَبَإِ,5322,No,2,6:34,الأنعام,2,5939
كَبُرَ,5323,No,5,6:35,الأنعام,5,1973
إِعْرَاضُهُمْ,5324,No,1,6:35,الأنعام,1,7672
اسْتَطَعْتَ,5325,No,2,6:35,الأنعام,2,4231
تَبْتَغِيَ,5326,No,1,6:35,الأنعام,1,9347
نَفَقًا,5327,No,1,6:35,الأنعام,1,14368
سُلَّمًا,5328,No,1,6:35,الأنعام,1,11062
فَتَأْتِيَهُمْ,5329,No,1,6:35,الأنعام,1,12067
لَجَمَعَهُمْ,5330,No,1,6:35,الأنعام,1,13045
يَسْتَجِيبُ,5331,No,2,6:36,الأنعام,2,6519
وَالْمَوْتَى,5332,No,1,6:36,الأنعام,1,15228
يَبْعَثُهُمُ,5333,No,3,6:36,الأنعام,2,3854
نُزِّلَ,5334,No,6,6:37,الأنعام,6,1659
قَادِرٌ,5335,No,2,6:37,الأنعام,2,5538
أَكْثَرَهُمْ,5336,No,15,6:37,الأنعام,10,592
طَائِرٍ,5337,No,1,6:38,الأنعام,1,11335
يَطِيرُ,5338,No,1,6:38,الأنعام,1,16976
بِجَنَاحَيْهِ,5339,No,1,6:38,الأنعام,1,9096
أُمَمٌ,5340,No,3,6:38,الأنعام,3,2902
أَمْثَالُكُمْ,5341,No,2,6:38,الأنعام,2,4126
يُحْشَرُونَ,5342,No,3,6:38,الأنعام,3,3934
وَبُكْمٌ,5343,No,1,6:39,الأنعام,1,15317
يَشَإِ,5344,No,2,6:39,الأنعام,2,6531
يُضْلِلْهُ,5345,No,1,6:39,الأنعام,1,17427
يَجْعَلْهُ,5346,No,1,6:39,الأنعام,1,16747
أَرَأَيْتَكُمْ,5347,No,2,6:40,الأنعام,1,4032
أَتَاكُمْ,5348,No,3,6:40,الأنعام,2,2832
عَذَابُ,5349,No,9,6:40,الأنعام,6,1052
أَتَتْكُمُ,5350,No,1,6:40,الأنعام,1,6832
تَدْعُونَ,5351,No,16,6:40,الأنعام,10,573
فَيَكْشِفُ,5352,No,1,6:41,الأنعام,1,12528
أُمَمٍ,5353,No,6,6:42,الأنعام,6,1470
فَأَخَذْنَاهُمْ,5354,No,4,6:42,الأنعام,3,2500
بِالْبَأْسَاءِ,5355,No,2,6:42,الأنعام,2,4604
يَتَضَرَّعُونَ,5356,No,2,6:42,الأنعام,2,6465
بَأْسُنَا,5357,No,6,6:43,الأنعام,3,1520
تَضَرَّعُوا,5358,No,1,6:43,الأنعام,1,9600
وَزَيَّنَ,5359,No,3,6:43,الأنعام,3,3763
نَسُوا,5360,No,7,6:44,الأنعام,6,1400
فَتَحْنَا,5361,No,4,6:44,الأنعام,4,2511
أَبْوَابَ,5362,No,5,6:44,الأنعام,5,1732
فَرِحُوا,5363,No,3,6:44,الأنعام,3,3410
أَخَذْنَاهُمْ,5364,No,2,6:44,الأنعام,2,4022
مُبْلِسُونَ,5365,No,3,6:44,الأنعام,3,3588
فَقُطِعَ,5366,No,1,6:45,الأنعام,1,12353
دَابِرُ,5367,No,1,6:45,الأنعام,1,10496
وَالْحَمْدُ,5368,No,2,6:45,الأنعام,2,6160
أَرَأَيْتُمْ,5369,No,14,6:46,الأنعام,8,643
سَمْعَكُمْ,5370,No,1,6:46,الأنعام,1,10990
وَأَبْصَارَكُمْ,5371,No,1,6:46,الأنعام,1,14607
وَخَتَمَ,5372,No,2,6:46,الأنعام,2,6239
يَأْتِيكُمْ,5373,No,5,6:46,الأنعام,4,2080
نُصَرِّفُ,5374,No,4,6:46,الأنعام,2,2644
يَصْدِفُونَ,5375,No,3,6:46,الأنعام,1,3888
يُهْلَكُ,5376,No,2,6:47,الأنعام,2,6688
الْقَوْمُ,5377,No,5,6:47,الأنعام,4,1808
نُرْسِلُ,5378,No,3,6:48,الأنعام,3,3639
يَمَسُّهُمُ,5379,No,2,6:49,الأنعام,2,6569
أَقُولُ,5380,No,7,6:50,الأنعام,4,1266
عِنْدِي,5381,No,6,6:50,الأنعام,4,1600
خَزَائِنُ,5382,No,5,6:50,الأنعام,5,1887
الْغَيْبَ,5383,No,6,6:50,الأنعام,6,1511
أَتَّبِعُ,5384,No,5,6:50,الأنعام,4,1734
يُوحَى,5385,No,14,6:50,الأنعام,12,688
الْأَعْمَى,5386,No,7,6:50,الأنعام,7,1289
وَالْبَصِيرُ,5387,No,4,6:50,الأنعام,4,2696
وَأَنْذِرْ,5388,No,2,6:51,الأنعام,2,6071
يُحْشَرُوا,5389,No,1,6:51,الأنعام,1,17299
وَلِيٌّ,5390,No,4,6:51,الأنعام,3,2736
شَفِيعٌ,5391,No,2,6:51,الأنعام,1,5147
تَطْرُدِ,5392,No,1,6:52,الأنعام,1,9615
بِالْغَدَاةِ,5393,No,2,6:52,الأنعام,2,4614
وَالْعَشِيِّ,5394,No,2,6:52,الأنعام,2,6164
حِسَابِهِمْ,5395,No,2,6:52,الأنعام,1,4928
حِسَابِكَ,5396,No,1,6:52,الأنعام,1,10336
فَتَطْرُدَهُمْ,5397,No,1,6:52,الأنعام,1,12087
فَتَنَّا,5398,No,5,6:53,الأنعام,5,1950
لِيَقُولُوا,5399,No,1,6:53,الأنعام,1,13566
بَيْنِنَا,5400,No,4,6:53,الأنعام,4,2304
بِأَعْلَمَ,5401,No,2,6:53,الأنعام,2,4581
بِالشَّاكِرِينَ,5402,No,1,6:53,الأنعام,1,9013
سَلَامٌ,5403,No,19,6:54,الأنعام,16,492
عَمِلَ,5404,No,8,6:54,الأنعام,7,1184
فَأَنَّهُ,5405,No,2,6:54,الأنعام,2,5359
نُفَصِّلُ,5406,No,5,6:55,الأنعام,4,2017
وَلِتَسْتَبِينَ,5407,No,1,6:55,الأنعام,1,16101
سَبِيلُ,5408,No,1,6:55,الأنعام,1,10910
الْمُجْرِمِينَ,5409,No,19,6:55,الأنعام,17,483
نُهِيتُ,5410,No,2,6:56,الأنعام,2,6004
أَعْبُدَ,5411,No,5,6:56,الأنعام,5,1745
أَهْوَاءَكُمْ,5412,No,1,6:56,الأنعام,1,7487
ضَلَلْتُ,5413,No,2,6:56,الأنعام,2,5207
الْمُهْتَدِينَ,5414,No,2,6:56,الأنعام,2,4485
وَكَذَّبْتُمْ,5415,No,1,6:57,الأنعام,1,15990
تَسْتَعْجِلُونَ,5416,No,6,6:57,الأنعام,4,1544
الْحُكْمُ,5417,No,6,6:57,الأنعام,3,1506
يَقُصُّ,5418,No,2,6:57,الأنعام,2,6554
الْفَاصِلِينَ,5419,No,1,6:57,الأنعام,1,8492
وَعِنْدَهُ,5420,No,3,6:59,الأنعام,3,3778
مَفَاتِحُ,5421,No,1,6:59,الأنعام,1,13773
يَعْلَمُهَا,5422,No,2,6:59,الأنعام,1,6548
وَالْبَحْرِ,5423,No,8,6:59,الأنعام,6,1227
تَسْقُطُ,5424,No,1,6:59,الأنعام,1,9570
وَرَقَةٍ,5425,No,1,6:59,الأنعام,1,15657
ظُلُمَاتِ,5426,No,4,6:59,الأنعام,2,2475
رَطْبٍ,5427,No,1,6:59,الأنعام,1,10701
يَابِسٍ,5428,No,1,6:59,الأنعام,1,16654
يَتَوَفَّاكُمْ,5429,No,4,6:60,الأنعام,4,2762
جَرَحْتُمْ,5430,No,1,6:60,الأنعام,1,10091
بِالنَّهَارِ,5431,No,2,6:60,الأنعام,2,4600
يَبْعَثُكُمْ,5432,No,1,6:60,الأنعام,1,16669
لِيُقْضَى,5433,No,1,6:60,الأنعام,1,13604
أَجَلٌ,5434,No,4,6:60,الأنعام,4,2147
يُنَبِّئُكُمْ,5435,No,2,6:60,الأنعام,2,6682
وَيُرْسِلُ,5436,No,3,6:61,الأنعام,3,3843
حَفَظَةً,5437,No,1,6:61,الأنعام,1,10252
تَوَفَّتْهُ,5438,No,1,6:61,الأنعام,1,9815
يُفَرِّطُونَ,5439,No,1,6:61,الأنعام,1,17484
مَوْلَاهُمُ,5440,No,2,6:62,الأنعام,2,5854
أَسْرَعُ,5441,No,2,6:62,الأنعام,2,4055
الْحَاسِبِينَ,5442,No,1,6:62,الأنعام,1,8350
يُنَجِّيكُمْ,5443,No,2,6:63,الأنعام,1,6684
تَدْعُونَهُ,5444,No,1,6:63,الأنعام,1,9469
تَضَرُّعًا,5445,No,3,6:63,الأنعام,2,3132
وَخُفْيَةً,5446,No,2,6:63,الأنعام,2,6243
أَنْجَانَا,5447,No,1,6:63,الأنعام,1,7423
لَنَكُونَنَّ,5448,No,5,6:63,الأنعام,3,1986
كَرْبٍ,5449,No,1,6:64,الأنعام,1,12850
الْقَادِرُ,5450,No,1,6:65,الأنعام,1,8516
يَبْعَثَ,5451,No,4,6:65,الأنعام,4,2760
فَوْقِكُمْ,5452,No,2,6:65,الأنعام,2,5515
أَرْجُلِكُمْ,5453,No,1,6:65,الأنعام,1,7045
يَلْبِسَكُمْ,5454,No,1,6:65,الأنعام,1,17116
شِيَعًا,5455,No,4,6:65,الأنعام,3,2461
وَيُذِيقَ,5456,No,1,6:65,الأنعام,1,16536
وَكَذَّبَ,5457,No,4,6:66,الأنعام,4,2725
قَوْمُكَ,5458,No,3,6:66,الأنعام,3,3453
لَسْتُ,5459,No,1,6:66,الأنعام,1,13079
بِوَكِيلٍ,5460,No,5,6:66,الأنعام,4,1840
نَبَإٍ,5461,No,1,6:67,الأنعام,1,14217
يَخُوضُونَ,5462,No,1,6:68,الأنعام,1,16778
وَإِمَّا,5463,No,13,6:68,الأنعام,12,732
يُنْسِيَنَّكَ,5464,No,1,6:68,الأنعام,1,17538
تَقْعُدْ,5465,No,1,6:68,الأنعام,1,9711
الذِّكْرَى,5466,No,6,6:68,الأنعام,6,1483
ذِكْرَى,5467,No,6,6:69,الأنعام,5,1567
وَذَرِ,5468,No,1,6:70,الأنعام,1,15604
لَعِبًا,5469,No,1,6:70,الأنعام,1,13114
وَلَهْوًا,5470,No,1,6:70,الأنعام,1,16074
وَغَرَّتْهُمُ,5471,No,3,6:70,الأنعام,2,3780
وَذَكِّرْ,5472,No,2,6:70,الأنعام,2,6246
تُبْسَلَ,5473,No,1,6:70,الأنعام,1,9849
تَعْدِلْ,5474,No,1,6:70,الأنعام,1,9641
يُؤْخَذْ,5475,No,2,6:70,الأنعام,2,6607
أُبْسِلُوا,5476,No,1,6:70,الأنعام,1,7549
شَرَابٌ,5477,No,4,6:70,الأنعام,3,2453
حَمِيمٍ,5478,No,7,6:70,الأنعام,7,1331
وَعَذَابٌ,5479,No,3,6:70,الأنعام,2,3774
أَنَدْعُو,5480,No,1,6:71,الأنعام,1,7407
يَنْفَعُنَا,5481,No,1,6:71,الأنعام,1,17175
يَضُرُّنَا,5482,No,1,6:71,الأنعام,1,16961
وَنُرَدُّ,5483,No,1,6:71,الأنعام,1,16306
أَعْقَابِنَا,5484,No,1,6:71,الأنعام,1,7216
هَدَانَا,5485,No,5,6:71,الأنعام,3,2022
اسْتَهْوَتْهُ,5486,No,1,6:71,الأنعام,1,7832
حَيْرَانَ,5487,No,1,6:71,الأنعام,1,10292
أَصْحَابٌ,5488,No,1,6:71,الأنعام,1,7152
يَدْعُونَهُ,5489,No,1,6:71,الأنعام,1,16816
ائْتِنَا,5490,No,4,6:71,الأنعام,4,2214
وَأُمِرْنَا,5491,No,1,6:71,الأنعام,1,14839
لِنُسْلِمَ,5492,No,1,6:71,الأنعام,1,13520
أَقِيمُوا,5493,No,2,6:72,الأنعام,2,4108
وَاتَّقُوهُ,5494,No,4,6:72,الأنعام,4,2684
يُنْفَخُ,5495,No,4,6:73,الأنعام,4,2811
الصُّورِ,5496,No,10,6:73,الأنعام,10,911
عَالِمُ,5497,No,7,6:73,الأنعام,7,1361
وَالشَّهَادَةِ,5498,No,10,6:73,الأنعام,9,961
لِأَبِيهِ,5499,No,9,6:74,الأنعام,9,1075
آزَرَ,5500,No,1,6:74,الأنعام,1,6735
أَتَتَّخِذُ,5501,No,1,6:74,الأنعام,1,6828
أَصْنَامًا,5502,No,2,6:74,الأنعام,2,4070
وَقَوْمَكَ,5503,No,1,6:74,الأنعام,1,15957
نُرِي,5504,No,1,6:75,الأنعام,1,14444
مَلَكُوتَ,5505,No,1,6:75,الأنعام,1,13811
وَلِيَكُونَ,5506,No,1,6:75,الأنعام,1,16141
الْمُوقِنِينَ,5507,No,1,6:75,الأنعام,1,8720
جَنَّ,5508,No,1,6:76,الأنعام,1,10116
اللَّيْلُ,5509,No,4,6:76,الأنعام,3,2238
رَأَى,5510,No,12,6:76,الأنعام,7,782
كَوْكَبًا,5511,No,2,6:76,الأنعام,2,5623
أَفَلَ,5512,No,2,6:76,الأنعام,1,4097
أُحِبُّ,5513,No,1,6:76,الأنعام,1,7558
الْآفِلِينَ,5514,No,1,6:76,الأنعام,1,8180
الْقَمَرَ,5515,No,3,6:77,الأنعام,3,3009
بَازِغًا,5516,No,1,6:77,الأنعام,1,8813
يَهْدِنِي,5517,No,1,6:77,الأنعام,1,17197
لَأَكُونَنَّ,5518,No,1,6:77,الأنعام,1,12965
الشَّمْسَ,5519,No,11,6:78,الأنعام,11,818
بَازِغَةً,5520,No,1,6:78,الأنعام,1,8814
أَفَلَتْ,5521,No,1,6:78,الأنعام,1,7264
وَجَّهْتُ,5522,No,1,6:79,الأنعام,1,15503
لِلَّذِي,5523,No,3,6:79,الأنعام,3,3530
فَطَرَ,5524,No,2,6:79,الأنعام,2,5462
وَحَاجَّهُ,5525,No,1,6:80,الأنعام,1,15520
قَوْمُهُ,5526,No,4,6:80,الأنعام,4,2539
أَتُحَاجُّونِّي,5527,No,1,6:80,الأنعام,1,6863
هَدَانِ,5528,No,1,6:80,الأنعام,1,14549
يَشَاءَ,5529,No,8,6:80,الأنعام,7,1246
عِلْمًا,5530,No,9,6:80,الأنعام,6,1055
تَتَذَكَّرُونَ,5531,No,3,6:80,الأنعام,3,3112
أَشْرَكْتُمْ,5532,No,2,6:81,الأنعام,1,4063
فَأَيُّ,5533,No,1,6:81,الأنعام,1,11855
الْفَرِيقَيْنِ,5534,No,3,6:81,الأنعام,3,3000
بِالْأَمْنِ,5535,No,1,6:81,الأنعام,1,9032
يَلْبِسُوا,5536,No,1,6:82,الأنعام,1,17117
إِيمَانَهُمْ,5537,No,1,6:82,الأنعام,1,7702
بِظُلْمٍ,5538,No,4,6:82,الأنعام,3,2328
الْأَمْنُ,5539,No,1,6:82,الأنعام,1,8248
مُهْتَدُونَ,5540,No,5,6:82,الأنعام,4,2008
حُجَّتُنَا,5541,No,1,6:83,الأنعام,1,10297
آتَيْنَاهَا,5542,No,1,6:83,الأنعام,1,6714
قَوْمِهِ,5543,No,27,6:83,الأنعام,14,343
نَرْفَعُ,5544,No,2,6:83,الأنعام,2,5963
نَشَاءُ,5545,No,19,6:83,الأنعام,14,500
وَوَهَبْنَا,5546,No,8,6:84,الأنعام,5,1239
إِسْحَاقَ,5547,No,6,6:84,الأنعام,6,1472
هَدَيْنَا,5548,No,3,6:84,الأنعام,2,3655
ذُرِّيَّتِهِ,5549,No,2,6:84,الأنعام,2,5001
وَيُوسُفَ,5550,No,1,6:84,الأنعام,1,16584
وَمُوسَى,5551,No,5,6:84,الأنعام,5,2072
نَجْزِي,5552,No,19,6:84,الأنعام,12,499
وَزَكَرِيَّا,5553,No,2,6:85,الأنعام,2,6260
وَيَحْيَى,5554,No,2,6:85,الأنعام,2,6414
وَإِلْيَاسَ,5555,No,1,6:85,الأنعام,1,14874
وَالْيَسَعَ,5556,No,2,6:86,الأنعام,2,6184
وَلُوطًا,5557,No,6,6:86,الأنعام,5,1685
آبَائِهِمْ,5558,No,3,6:87,الأنعام,3,2817
وَذُرِّيَّاتِهِمْ,5559,No,3,6:87,الأنعام,3,3753
وَإِخْوَانِهِمْ,5560,No,1,6:87,الأنعام,1,14859
وَاجْتَبَيْنَاهُمْ,5561,No,1,6:87,الأنعام,1,14903
وَهَدَيْنَاهُمْ,5562,No,1,6:87,الأنعام,1,16342
لَحَبِطَ,5563,No,1,6:88,الأنعام,1,13049
وَكَّلْنَا,5564,No,1,6:89,الأنعام,1,16009
بِكَافِرِينَ,5565,No,1,6:89,الأنعام,1,9226
فَبِهُدَاهُمُ,5566,No,1,6:90,الأنعام,1,12064
اقْتَدِهْ,5567,No,1,6:90,الأنعام,1,7891
أَسْأَلُكُمْ,5568,No,11,6:90,الأنعام,6,813
قَدَرُوا,5569,No,3,6:91,الأنعام,3,3447
قَدْرِهِ,5570,No,3,6:91,الأنعام,3,3450
بَشَرٍ,5571,No,1,6:91,الأنعام,1,8860
تَجْعَلُونَهُ,5572,No,1,6:91,الأنعام,1,9393
قَرَاطِيسَ,5573,No,1,6:91,الأنعام,1,12657
تُبْدُونَهَا,5574,No,1,6:91,الأنعام,1,9847
وَتُخْفُونَ,5575,No,1,6:91,الأنعام,1,15448
وَعُلِّمْتُمْ,5576,No,1,6:91,الأنعام,1,15869
ذَرْهُمْ,5577,No,2,6:91,الأنعام,2,4996
خَوْضِهِمْ,5578,No,1,6:91,الأنعام,1,10445
يَلْعَبُونَ,5579,No,5,6:91,الأنعام,5,2115
أَنْزَلْنَاهُ,5580,No,14,6:92,الأنعام,13,648
مُبَارَكٌ,5581,No,4,6:92,الأنعام,3,2612
مُصَدِّقُ,5582,No,1,6:92,الأنعام,1,14022
وَلِتُنْذِرَ,5583,No,1,6:92,الأنعام,1,16110
أُمَّ,5584,No,3,6:92,الأنعام,3,2903
الْقُرَى,5585,No,17,6:92,الأنعام,10,537
حَوْلَهَا,5586,No,3,6:92,الأنعام,3,3208
صَلَاتِهِمْ,5587,No,5,6:92,الأنعام,4,1926
يُحَافِظُونَ,5588,No,3,6:92,الأنعام,3,3931
أُوحِيَ,5589,No,9,6:93,الأنعام,7,997
يُوحَ,5590,No,1,6:93,الأنعام,1,17554
سَأُنْزِلُ,5591,No,1,6:93,الأنعام,1,10875
إِذِ,5592,No,9,6:93,الأنعام,8,998
غَمَرَاتِ,5593,No,1,6:93,الأنعام,1,11692
بَاسِطُو,5594,No,1,6:93,الأنعام,1,8817
أَخْرِجُوا,5595,No,2,6:93,الأنعام,2,4026
أَنْفُسَكُمُ,5596,No,1,6:93,الأنعام,1,7459
تُجْزَوْنَ,5597,No,9,6:93,الأنعام,9,1030
الْهُونِ,5598,No,3,6:93,الأنعام,3,3038
تَسْتَكْبِرُونَ,5599,No,3,6:93,الأنعام,3,3128
جِئْتُمُونَا,5600,No,2,6:94,الأنعام,2,4889
فُرَادَى,5601,No,1,6:94,الأنعام,1,12562
خَلَقْنَاكُمْ,5602,No,8,6:94,الأنعام,8,1171
مَرَّةٍ,5603,No,10,6:94,الأنعام,7,951
وَتَرَكْتُمْ,5604,No,1,6:94,الأنعام,1,15377
خَوَّلْنَاكُمْ,5605,No,1,6:94,الأنعام,1,10442
ظُهُورِكُمْ,5606,No,1,6:94,الأنعام,1,11414
شُفَعَاءَكُمُ,5607,No,1,6:94,الأنعام,1,11169
زَعَمْتُمْ,5608,No,6,6:94,الأنعام,5,1575
تَقَطَّعَ,5609,No,2,6:94,الأنعام,2,4770
فَالِقُ,5610,No,2,6:95,الأنعام,1,5407
الْحَبِّ,5611,No,1,6:95,الأنعام,1,8353
وَالنَّوَى,5612,No,1,6:95,الأنعام,1,15092
يُخْرِجُ,5613,No,5,6:95,الأنعام,5,2124
وَمُخْرِجُ,5614,No,1,6:95,الأنعام,1,16221
فَأَنَّى,5615,No,11,6:95,الأنعام,10,857
تُؤْفَكُونَ,5616,No,4,6:95,الأنعام,4,2372
الْإِصْبَاحِ,5617,No,1,6:96,الأنعام,1,8284
سَكَنًا,5618,No,2,6:96,الأنعام,2,5093
وَالشَّمْسَ,5619,No,5,6:96,الأنعام,5,2040
وَالْقَمَرَ,5620,No,13,6:96,الأنعام,13,736
حُسْبَانًا,5621,No,2,6:96,الأنعام,2,4917
تَقْدِيرُ,5622,No,3,6:96,الأنعام,3,3143
الْعَلِيمِ,5623,No,4,6:96,الأنعام,4,2263
النُّجُومَ,5624,No,1,6:97,الأنعام,1,8160
لِتَهْتَدُوا,5625,No,1,6:97,الأنعام,1,13374
فَصَّلْنَا,5626,No,3,6:97,الأنعام,1,3417
أَنْشَأَكُمْ,5627,No,5,6:98,الأنعام,4,1754
فَمُسْتَقَرٌّ,5628,No,1,6:98,الأنعام,1,12446
وَمُسْتَوْدَعٌ,5629,No,1,6:98,الأنعام,1,16223
فَأَخْرَجْنَا,5630,No,6,6:99,الأنعام,5,1602
نَبَاتَ,5631,No,1,6:99,الأنعام,1,14219
خَضِرًا,5632,No,1,6:99,الأنعام,1,10404
نُخْرِجُ,5633,No,2,6:99,الأنعام,2,5996
حَبًّا,5634,No,4,6:99,الأنعام,4,2394
مُتَرَاكِبًا,5635,No,1,6:99,الأنعام,1,13908
النَّخْلِ,5636,No,2,6:99,الأنعام,2,4312
طَلْعِهَا,5637,No,1,6:99,الأنعام,1,11368
قِنْوَانٌ,5638,No,1,6:99,الأنعام,1,12766
دَانِيَةٌ,5639,No,2,6:99,الأنعام,2,4976
وَجَنَّاتٍ,5640,No,4,6:99,الأنعام,4,2709
أَعْنَابٍ,5641,No,3,6:99,الأنعام,3,2863
وَالزَّيْتُونَ,5642,No,3,6:99,الأنعام,2,3705
وَالرُّمَّانَ,5643,No,2,6:99,الأنعام,1,6126
مُشْتَبِهًا,5644,No,1,6:99,الأنعام,1,14017
وَغَيْرَ,5645,No,3,6:99,الأنعام,1,3782
مُتَشَابِهٍ,5646,No,2,6:99,الأنعام,1,5865
ثَمَرِهِ,5647,No,3,6:99,الأنعام,2,3172
أَثْمَرَ,5648,No,2,6:99,الأنعام,1,4002
وَيَنْعِهِ,5649,No,1,6:99,الأنعام,1,16490
وَجَعَلُوا,5650,No,8,6:100,الأنعام,6,1230
شُرَكَاءَ,5651,No,7,6:100,الأنعام,6,1355
الْجِنَّ,5652,No,3,6:100,الأنعام,3,2986
وَخَلَقَهُمْ,5653,No,1,6:100,الأنعام,1,15579
وَخَرَقُوا,5654,No,1,6:100,الأنعام,1,15574
بَنِينَ,5655,No,2,6:100,الأنعام,2,4554
وَبَنَاتٍ,5656,No,1,6:100,الأنعام,1,15303
وَتَعَالَى,5657,No,7,6:100,الأنعام,7,1417
يَصِفُونَ,5658,No,7,6:100,الأنعام,5,1441
صَاحِبَةٌ,5659,No,1,6:101,الأنعام,1,11197
خَالِقُ,5660,No,4,6:102,الأنعام,4,2401
وَكِيلٌ,5661,No,5,6:102,الأنعام,5,2067
تُدْرِكُهُ,5662,No,1,6:103,الأنعام,1,9892
الْأَبْصَارُ,5663,No,5,6:103,الأنعام,5,1791
يُدْرِكُ,5664,No,1,6:103,الأنعام,1,17332
الْأَبْصَارَ,5665,No,1,6:103,الأنعام,1,8186
اللَّطِيفُ,5666,No,2,6:103,الأنعام,2,4307
بَصَائِرُ,5667,No,3,6:104,الأنعام,3,3051
أَبْصَرَ,5668,No,1,6:104,الأنعام,1,6805
فَلِنَفْسِهِ,5669,No,4,6:104,الأنعام,4,2527
عَمِيَ,5670,No,1,6:104,الأنعام,1,11575
فَعَلَيْهَا,5671,No,3,6:104,الأنعام,3,3420
بِحَفِيظٍ,5672,No,2,6:104,الأنعام,2,4633
وَلِيَقُولُوا,5673,No,1,6:105,الأنعام,1,16139
دَرَسْتَ,5674,No,1,6:105,الأنعام,1,10514
وَلِنُبَيِّنَهُ,5675,No,1,6:105,الأنعام,1,16125
اتَّبِعْ,5676,No,2,6:106,الأنعام,2,4211
وَأَعْرِضْ,5677,No,3,6:106,الأنعام,3,3666
جَعَلْنَاكَ,5678,No,3,6:107,الأنعام,3,3181
تَسُبُّوا,5679,No,1,6:108,الأنعام,1,9536
فَيَسُبُّوا,5680,No,1,6:108,الأنعام,1,12513
عَدْوًا,5681,No,1,6:108,الأنعام,1,11478
زَيَّنَّا,5682,No,4,6:108,الأنعام,4,2438
عَمَلَهُمْ,5683,No,1,6:108,الأنعام,1,11560
مَرْجِعُهُمْ,5684,No,4,6:108,الأنعام,3,2596
فَيُنَبِّئُهُمْ,5685,No,3,6:108,الأنعام,3,3437
وَأَقْسَمُوا,5686,No,4,6:109,الأنعام,4,2671
لَيُؤْمِنُنَّ,5687,No,1,6:109,الأنعام,1,13274
الْآيَاتُ,5688,No,3,6:109,الأنعام,3,2967
يُشْعِرُكُمْ,5689,No,1,6:109,الأنعام,1,17383
أَنَّهَا,5690,No,4,6:109,الأنعام,4,2185
جَاءَتْ,5691,No,8,6:109,الأنعام,5,1166
وَنُقَلِّبُ,5692,No,1,6:110,الأنعام,1,16317
أَفْئِدَتَهُمْ,5693,No,1,6:110,الأنعام,1,7274
وَأَبْصَارَهُمْ,5694,No,1,6:110,الأنعام,1,14608
وَنَذَرُهُمْ,5695,No,1,6:110,الأنعام,1,16263
أَنَّنَا,5696,No,1,6:111,الأنعام,1,7409
إِلَيْهِمُ,5697,No,3,6:111,الأنعام,3,2912
وَكَلَّمَهُمُ,5698,No,1,6:111,الأنعام,1,16003
وَحَشَرْنَا,5699,No,1,6:111,الأنعام,1,15537
قُبُلًا,5700,No,2,6:111,الأنعام,2,5577
لِيُؤْمِنُوا,5701,No,4,6:111,الأنعام,3,2588
يَجْهَلُونَ,5702,No,1,6:111,الأنعام,1,16749
شَيَاطِينَ,5703,No,1,6:112,الأنعام,1,11152
الْإِنْسِ,5704,No,4,6:112,الأنعام,2,2247
وَالْجِنِّ,5705,No,1,6:112,الأنعام,1,15157
يُوحِي,5706,No,4,6:112,الأنعام,4,2812
زُخْرُفَ,5707,No,1,6:112,الأنعام,1,10839
فَذَرْهُمْ,5708,No,6,6:112,الأنعام,5,1612
وَلِتَصْغَى,5709,No,1,6:113,الأنعام,1,16102
أَفْئِدَةُ,5710,No,1,6:113,الأنعام,1,7273
وَلِيَرْضَوْهُ,5711,No,1,6:113,الأنعام,1,16136
وَلِيَقْتَرِفُوا,5712,No,1,6:113,الأنعام,1,16140
مُقْتَرِفُونَ,5713,No,1,6:113,الأنعام,1,14070
أَبْتَغِي,5714,No,1,6:114,الأنعام,1,6795
مُفَصَّلًا,5715,No,1,6:114,الأنعام,1,14056
مُنَزَّلٌ,5716,No,1,6:114,الأنعام,1,14099
وَتَمَّتْ,5717,No,3,6:115,الأنعام,3,3735
كَلِمَتُ,5718,No,5,6:115,الأنعام,4,1975
صِدْقًا,5719,No,1,6:115,الأنعام,1,11292
وَعَدْلًا,5720,No,1,6:115,الأنعام,1,15833
لِكَلِمَاتِهِ,5721,No,2,6:115,الأنعام,2,5735
تُطِعْ,5722,No,4,6:116,الأنعام,4,2375
الظَّنَّ,5723,No,7,6:116,الأنعام,3,1288
يَخْرُصُونَ,5724,No,3,6:116,الأنعام,3,3870
يَضِلُّ,5725,No,6,6:117,الأنعام,5,1709
بِالْمُهْتَدِينَ,5726,No,4,6:117,الأنعام,4,2321
ذُكِرَ,5727,No,6,6:118,الأنعام,4,1566
اسْمُ,5728,No,5,6:118,الأنعام,3,1771
فَصَّلَ,5729,No,1,6:119,الأنعام,1,12264
اضْطُرِرْتُمْ,5730,No,1,6:119,الأنعام,1,7864
لَيُضِلُّونَ,5731,No,1,6:119,الأنعام,1,13283
بِأَهْوَائِهِمْ,5732,No,1,6:119,الأنعام,1,8984
بِالْمُعْتَدِينَ,5733,No,1,6:119,الأنعام,1,9067
ظَاهِرَ,5734,No,1,6:120,الأنعام,1,11386
وَبَاطِنَهُ,5735,No,1,6:120,الأنعام,1,15286
سَيُجْزَوْنَ,5736,No,2,6:120,الأنعام,2,5111
يَقْتَرِفُونَ,5737,No,1,6:120,الأنعام,1,17064
يُذْكَرِ,5738,No,1,6:121,الأنعام,1,17341
لَفِسْقٌ,5739,No,1,6:121,الأنعام,1,13132
لَيُوحُونَ,5740,No,1,6:121,الأنعام,1,13285
أَوْلِيَائِهِمْ,5741,No,1,6:121,الأنعام,1,7520
لِيُجَادِلُوكُمْ,5742,No,1,6:121,الأنعام,1,13580
أَطَعْتُمُوهُمْ,5743,No,1,6:121,الأنعام,1,7183
لَمُشْرِكُونَ,5744,No,1,6:121,الأنعام,1,13188
أَوَمَنْ,5745,No,2,6:122,الأنعام,2,4156
مَيْتًا,5746,No,5,6:122,الأنعام,5,2001
فَأَحْيَيْنَاهُ,5747,No,1,6:122,الأنعام,1,11763
يَمْشِي,5748,No,6,6:122,الأنعام,3,1712
مَثَلُهُ,5749,No,1,6:122,الأنعام,1,13654
بِخَارِجٍ,5750,No,1,6:122,الأنعام,1,9110
أَكَابِرَ,5751,No,1,6:123,الأنعام,1,7303
مُجْرِمِيهَا,5752,No,1,6:123,الأنعام,1,13931
لِيَمْكُرُوا,5753,No,1,6:123,الأنعام,1,13573
يَمْكُرُونَ,5754,No,6,6:123,الأنعام,5,1713
بِأَنْفُسِهِمْ,5755,No,5,6:123,الأنعام,5,1824
نُؤْتَى,5756,No,1,6:124,الأنعام,1,14428
رُسُلُ,5757,No,4,6:124,الأنعام,3,2434
يَجْعَلُ,5758,No,4,6:124,الأنعام,3,2768
سَيُصِيبُ,5759,No,2,6:124,الأنعام,2,5112
أَجْرَمُوا,5760,No,3,6:124,الأنعام,3,2838
صَغَارٌ,5761,No,1,6:124,الأنعام,1,11248
يَهْدِيَهُ,5762,No,1,6:125,الأنعام,1,17204
يَشْرَحْ,5763,No,1,6:125,الأنعام,1,16931
صَدْرَهُ,5764,No,3,6:125,الأنعام,2,3302
لِلْإِسْلَامِ,5765,No,2,6:125,الأنعام,2,5746
يُضِلَّهُ,5766,No,1,6:125,الأنعام,1,17420
يَجْعَلْ,5767,No,6,6:125,الأنعام,5,1700
ضَيِّقًا,5768,No,2,6:125,الأنعام,2,5208
كَأَنَّمَا,5769,No,3,6:125,الأنعام,3,3458
يَصَّعَّدُ,5770,No,1,6:125,الأنعام,1,16944
الرِّجْسَ,5771,No,4,6:125,الأنعام,4,2225
صِرَاطُ,5772,No,1,6:126,الأنعام,1,11298
يَذَّكَّرُونَ,5773,No,6,6:126,الأنعام,5,1706
دَارُ,5774,No,4,6:127,الأنعام,4,2412
وَلِيُّهُمْ,5775,No,1,6:127,الأنعام,1,16155
يَحْشُرُهُمْ,5776,No,5,6:128,الأنعام,5,2090
مَعْشَرَ,5777,No,3,6:128,الأنعام,2,3567
الْجِنِّ,5778,No,15,6:128,الأنعام,9,605
قَدِ,5779,No,3,6:128,الأنعام,2,3449
اسْتَكْثَرْتُمْ,5780,No,1,6:128,الأنعام,1,7824
أَوْلِيَاؤُهُمْ,5781,No,1,6:128,الأنعام,1,7518
اسْتَمْتَعَ,5782,No,2,6:128,الأنعام,2,4236
وَبَلَغْنَا,5783,No,1,6:128,الأنعام,1,15301
أَجَلَنَا,5784,No,1,6:128,الأنعام,1,6895
أَجَّلْتَ,5785,No,1,6:128,الأنعام,1,6900
مَثْوَاكُمْ,5786,No,1,6:128,الأنعام,1,13657
نُوَلِّي,5787,No,1,6:129,الأنعام,1,14520
وَالْإِنْسِ,5788,No,8,6:130,الأنعام,6,1226
يَقُصُّونَ,5789,No,2,6:130,الأنعام,2,6555
آيَاتِي,5790,No,9,6:130,الأنعام,7,979
وَيُنْذِرُونَكُمْ,5791,No,2,6:130,الأنعام,2,6440
لِقَاءَ,5792,No,7,6:130,الأنعام,7,1384
يَوْمِكُمْ,5793,No,4,6:130,الأنعام,4,2796
شَهِدْنَا,5794,No,4,6:130,الأنعام,4,2457
أَنْفُسِنَا,5795,No,1,6:130,الأنعام,1,7463
مُهْلِكَ,5796,No,2,6:131,الأنعام,2,5918
وَأَهْلُهَا,5797,No,3,6:131,الأنعام,3,3677
غَافِلُونَ,5798,No,6,6:131,الأنعام,6,1601
عَمِلُوا,5799,No,20,6:132,الأنعام,16,465
الْغَنِيُّ,5800,No,8,6:133,الأنعام,8,1144
الرَّحْمَةِ,5801,No,3,6:133,الأنعام,3,2934
وَيَسْتَخْلِفْ,5802,No,1,6:133,الأنعام,1,16440
بَعْدِكُمْ,5803,No,1,6:133,الأنعام,1,8884
ذُرِّيَّةِ,5804,No,3,6:133,الأنعام,2,3248
تُوعَدُونَ,5805,No,12,6:134,الأنعام,10,778
لَآتٍ,5806,No,2,6:134,الأنعام,2,5640
بِمُعْجِزِينَ,5807,No,7,6:134,الأنعام,7,1317
اعْمَلُوا,5808,No,7,6:135,الأنعام,6,1277
مَكَانَتِكُمْ,5809,No,4,6:135,الأنعام,3,2603
عَامِلٌ,5810,No,3,6:135,الأنعام,3,3327
الدَّارِ,5811,No,8,6:135,الأنعام,5,1133
ذَرَأَ,5812,No,2,6:136,الأنعام,2,4993
الْحَرْثِ,5813,No,2,6:136,الأنعام,2,4383
بِزَعْمِهِمْ,5814,No,2,6:136,الأنعام,1,4645
لِشُرَكَائِنَا,5815,No,1,6:136,الأنعام,1,13424
لِشُرَكَائِهِمْ,5816,No,1,6:136,الأنعام,1,13425
يَصِلُ,5817,No,2,6:136,الأنعام,1,6535
شُرَكَائِهِمْ,5818,No,2,6:136,الأنعام,2,5162
يَحْكُمُونَ,5819,No,4,6:136,الأنعام,4,2771
زَيَّنَ,5820,No,2,6:137,الأنعام,2,5064
لِكَثِيرٍ,5821,No,1,6:137,الأنعام,1,13444
أَوْلَادِهِمْ,5822,No,1,6:137,الأنعام,1,7514
شُرَكَاؤُهُمْ,5823,No,2,6:137,الأنعام,2,5161
لِيُرْدُوهُمْ,5824,No,1,6:137,الأنعام,1,13591
وَلِيَلْبِسُوا,5825,No,1,6:137,الأنعام,1,16142
أَنْعَامٌ,5826,No,1,6:138,الأنعام,1,7454
وَحَرْثٌ,5827,No,1,6:138,الأنعام,1,15532
حِجْرٌ,5828,No,1,6:138,الأنعام,1,10328
يَطْعَمُهَا,5829,No,1,6:138,الأنعام,1,16977
وَأَنْعَامٌ,5830,No,2,6:138,الأنعام,1,6074
ظُهُورُهَا,5831,No,1,6:138,الأنعام,1,11412
افْتِرَاءً,5832,No,2,6:138,الأنعام,1,4248
سَيَجْزِيهِمْ,5833,No,2,6:138,الأنعام,1,5109
بُطُونِ,5834,No,4,6:139,الأنعام,4,2307
خَالِصَةٌ,5835,No,1,6:139,الأنعام,1,10376
لِذُكُورِنَا,5836,No,1,6:139,الأنعام,1,13403
وَمُحَرَّمٌ,5837,No,1,6:139,الأنعام,1,16220
أَزْوَاجِنَا,5838,No,2,6:139,الأنعام,2,4049
مَيْتَةً,5839,No,2,6:139,الأنعام,1,5858
وَصْفَهُمْ,5840,No,1,6:139,الأنعام,1,15786
قَتَلُوا,5841,No,1,6:140,الأنعام,1,12636
أَوْلَادَهُمْ,5842,No,1,6:140,الأنعام,1,7512
سَفَهًا,5843,No,1,6:140,الأنعام,1,10950
وَحَرَّمُوا,5844,No,1,6:140,الأنعام,1,15528
أَنْشَأَ,5845,No,2,6:141,الأنعام,2,4141
مَعْرُوشَاتٍ,5846,No,2,6:141,الأنعام,1,5818
وَالنَّخْلَ,5847,No,2,6:141,الأنعام,2,6143
وَالزَّرْعَ,5848,No,1,6:141,الأنعام,1,15027
مُخْتَلِفًا,5849,No,4,6:141,الأنعام,4,2616
أُكُلُهُ,5850,No,1,6:141,الأنعام,1,7611
حَقَّهُ,5851,No,3,6:141,الأنعام,3,3203
حَصَادِهِ,5852,No,1,6:141,الأنعام,1,10244
تُسْرِفُوا,5853,No,2,6:141,الأنعام,2,4822
الْمُسْرِفِينَ,5854,No,7,6:141,الأنعام,7,1306
حَمُولَةً,5855,No,1,6:142,الأنعام,1,10271
وَفَرْشًا,5856,No,1,6:142,الأنعام,1,15903
ثَمَانِيَةَ,5857,No,2,6:143,الأنعام,2,4854
أَزْوَاجٍ,5858,No,3,6:143,الأنعام,3,2850
الضَّأْنِ,5859,No,1,6:143,الأنعام,1,8096
اثْنَيْنِ,5860,No,10,6:143,الأنعام,7,905
الْمَعْزِ,5861,No,1,6:143,الأنعام,1,8609
آلذَّكَرَيْنِ,5862,No,2,6:143,الأنعام,1,3970
أَمَّا,5863,No,8,6:143,الأنعام,6,1119
اشْتَمَلَتْ,5864,No,2,6:143,الأنعام,1,4244
أَرْحَامُ,5865,No,2,6:143,الأنعام,1,4044
نَبِّئُونِي,5866,No,1,6:143,الأنعام,1,14227
بِعِلْمٍ,5867,No,2,6:143,الأنعام,2,4657
الْإِبِلِ,5868,No,2,6:144,الأنعام,2,4349
الْبَقَرِ,5869,No,2,6:144,الأنعام,1,4364
وَصَّاكُمُ,5870,No,1,6:144,الأنعام,1,15777
لِيُضِلَّ,5871,No,5,6:144,الأنعام,5,1994
أَجِدُ,5872,No,3,6:145,الأنعام,3,2837
مُحَرَّمًا,5873,No,1,6:145,الأنعام,1,13933
طَاعِمٍ,5874,No,1,6:145,الأنعام,1,11341
يَطْعَمُهُ,5875,No,1,6:145,الأنعام,1,16978
دَمًا,5876,No,1,6:145,الأنعام,1,10535
مَسْفُوحًا,5877,No,1,6:145,الأنعام,1,13723
لَحْمَ,5878,No,2,6:145,الأنعام,2,5662
خِنْزِيرٍ,5879,No,1,6:145,الأنعام,1,10484
فِسْقًا,5880,No,1,6:145,الأنعام,1,12589
ظُفُرٍ,5881,No,1,6:146,الأنعام,1,11406
وَالْغَنَمِ,5882,No,1,6:146,الأنعام,1,15194
شُحُومَهُمَا,5883,No,1,6:146,الأنعام,1,11157
حَمَلَتْ,5884,No,2,6:146,الأنعام,2,4909
ظُهُورُهُمَا,5885,No,1,6:146,الأنعام,1,11413
الْحَوَايَا,5886,No,1,6:146,الأنعام,1,8376
اخْتَلَطَ,5887,No,1,6:146,الأنعام,1,7770
بِعَظْمٍ,5888,No,1,6:146,الأنعام,1,9198
جَزَيْنَاهُمْ,5889,No,2,6:146,الأنعام,2,4873
بِبَغْيِهِمْ,5890,No,1,6:146,الأنعام,1,9082
لَصَادِقُونَ,5891,No,4,6:146,الأنعام,4,2565
وَاسِعَةٍ,5892,No,1,6:147,الأنعام,1,14946
يُرَدُّ,5893,No,6,6:147,الأنعام,6,1717
بَأْسُهُ,5894,No,1,6:147,الأنعام,1,8801
أَشْرَكْنَا,5895,No,1,6:148,الأنعام,1,7132
آبَاؤُنَا,5896,No,7,6:148,الأنعام,5,1257
ذَاقُوا,5897,No,2,6:148,الأنعام,2,4992
بَأْسَنَا,5898,No,4,6:148,الأنعام,3,2296
عِنْدَكُمْ,5899,No,3,6:148,الأنعام,3,3362
فَتُخْرِجُوهُ,5900,No,1,6:148,الأنعام,1,12121
تَتَّبِعُونَ,5901,No,3,6:148,الأنعام,3,3114
تَخْرُصُونَ,5902,No,1,6:148,الأنعام,1,9444
فَلِلَّهِ,5903,No,6,6:149,الأنعام,6,1616
الْحُجَّةُ,5904,No,1,6:149,الأنعام,1,8380
الْبَالِغَةُ,5905,No,1,6:149,الأنعام,1,8295
فَلَوْ,5906,No,3,6:149,الأنعام,3,3428
لَهَدَاكُمْ,5907,No,2,6:149,الأنعام,2,5696
هَلُمَّ,5908,No,2,6:150,الأنعام,2,6020
شُهَدَاءَكُمُ,5909,No,1,6:150,الأنعام,1,11173
تَشْهَدْ,5910,No,1,6:150,الأنعام,1,9586
أَتْلُ,5911,No,1,6:151,الأنعام,1,6875
إِمْلَاقٍ,5912,No,2,6:151,الأنعام,2,4201
نَرْزُقُكُمْ,5913,No,1,6:151,الأنعام,1,14287
وَإِيَّاهُمْ,5914,No,1,6:151,الأنعام,1,14882
الْفَوَاحِشَ,5915,No,2,6:151,الأنعام,2,4431
ظَهَرَ,5916,No,4,6:151,الأنعام,4,2473
بَطَنَ,5917,No,2,6:151,الأنعام,2,4534
وَصَّاكُمْ,5918,No,3,6:151,الأنعام,1,3769
مَالَ,5919,No,2,6:152,الأنعام,2,5779
الْيَتِيمِ,5920,No,2,6:152,الأنعام,2,4501
بِالَّتِي,5921,No,7,6:152,الأنعام,7,1312
أَشُدَّهُ,5922,No,5,6:152,الأنعام,5,1742
الْكَيْلَ,5923,No,6,6:152,الأنعام,5,1512
وَالْمِيزَانَ,5924,No,6,6:152,الأنعام,5,1673
نُكَلِّفُ,5925,No,3,6:152,الأنعام,3,3645
فَاعْدِلُوا,5926,No,1,6:152,الأنعام,1,11982
وَبِعَهْدِ,5927,No,1,6:152,الأنعام,1,15337
تَذَكَّرُونَ,5928,No,17,6:152,الأنعام,13,540
صِرَاطِي,5929,No,1,6:153,الأنعام,1,11299
فَاتَّبِعُوهُ,5930,No,2,6:153,الأنعام,1,5374
السُّبُلَ,5931,No,1,6:153,الأنعام,1,8037
فَتَفَرَّقَ,5932,No,1,6:153,الأنعام,1,12092
تَمَامًا,5933,No,1,6:154,الأنعام,1,9745
أَحْسَنَ,5934,No,15,6:154,الأنعام,12,589
وَتَفْصِيلًا,5935,No,2,6:154,الأنعام,2,6205
طَائِفَتَيْنِ,5936,No,1,6:156,الأنعام,1,11339
دِرَاسَتِهِمْ,5937,No,1,6:156,الأنعام,1,10563
لَغَافِلِينَ,5938,No,2,6:156,الأنعام,2,5678
لَكُنَّا,5939,No,3,6:157,الأنعام,3,3507
بَيِّنَةٌ,5940,No,3,6:157,الأنعام,2,3060
وَصَدَفَ,5941,No,1,6:157,الأنعام,1,15770
سَنَجْزِي,5942,No,1,6:157,الأنعام,1,10997
تَأْتِيَهُمُ,5943,No,5,6:158,الأنعام,5,1843
بَعْضُ,5944,No,6,6:158,الأنعام,5,1523
إِيمَانُهَا,5945,No,2,6:158,الأنعام,2,4202
آمَنَتْ,5946,No,4,6:158,الأنعام,3,2139
إِيمَانِهَا,5947,No,1,6:158,الأنعام,1,7704
انْتَظِرُوا,5948,No,1,6:158,الأنعام,1,8776
مُنْتَظِرُونَ,5949,No,3,6:158,الأنعام,3,3607
فَرَّقُوا,5950,No,2,6:159,الأنعام,2,5443
أَمْرُهُمْ,5951,No,1,6:159,الأنعام,1,7390
يُنَبِّئُهُمْ,5952,No,2,6:159,الأنعام,2,6683
بِالْحَسَنَةِ,5953,No,5,6:160,الأنعام,4,1830
عَشْرُ,5954,No,1,6:160,الأنعام,1,11517
أَمْثَالِهَا,5955,No,1,6:160,الأنعام,1,7383
بِالسَّيِّئَةِ,5956,No,5,6:160,الأنعام,4,1826
يُجْزَى,5957,No,3,6:160,الأنعام,3,3930
مِثْلَهَا,5958,No,2,6:160,الأنعام,2,5924
إِنَّنِي,5959,No,6,6:161,الأنعام,5,1474
هَدَانِي,5960,No,2,6:161,الأنعام,2,6018
قِيَمًا,5961,No,1,6:161,الأنعام,1,12769
صَلَاتِي,5962,No,1,6:162,الأنعام,1,11258
وَنُسُكِي,5963,No,1,6:162,الأنعام,1,16310
وَمَحْيَايَ,5964,No,1,6:162,الأنعام,1,16189
وَمَمَاتِي,5965,No,1,6:162,الأنعام,1,16215
شَرِيكَ,5966,No,1,6:163,الأنعام,1,11126
وَبِذَلِكَ,5967,No,1,6:163,الأنعام,1,15331
أَوَّلُ,5968,No,3,6:163,الأنعام,3,2885
الْمُسْلِمِينَ,5969,No,11,6:163,الأنعام,10,830
أَبْغِي,5970,No,1,6:164,الأنعام,1,6808
رَبًّا,5971,No,1,6:164,الأنعام,1,10653
رَبُّ,5972,No,23,6:164,الأنعام,20,401
تَكْسِبُ,5973,No,3,6:164,الأنعام,3,3145
تَزِرُ,5974,No,5,6:164,الأنعام,5,1848
وَازِرَةٌ,5975,No,5,6:164,الأنعام,5,2036
وِزْرَ,5976,No,5,6:164,الأنعام,5,2078
جَعَلَكُمْ,5977,No,6,6:165,الأنعام,4,1556
خَلَائِفَ,5978,No,4,6:165,الأنعام,3,2402
لَغَفُورٌ,5979,No,8,6:165,الأنعام,5,1205
المص,5980,No,1,7:1,الأعراف,1,8141
صَدْرِكَ,5981,No,1,7:2,الأعراف,1,11234
حَرَجٌ,5982,No,10,7:2,الأعراف,5,925
لِتُنْذِرَ,5983,No,5,7:2,الأعراف,5,1991
وَذِكْرَى,5984,No,7,7:2,الأعراف,7,1421
وَكَمْ,5985,No,9,7:4,الأعراف,8,1096
أَهْلَكْنَاهَا,5986,No,4,7:4,الأعراف,3,2190
فَجَاءَهَا,5987,No,1,7:4,الأعراف,1,12141
بَيَاتًا,5988,No,3,7:4,الأعراف,2,3058
قَائِلُونَ,5989,No,1,7:4,الأعراف,1,12596
دَعْوَاهُمْ,5990,No,4,7:5,الأعراف,3,2415
ظَالِمِينَ,5991,No,9,7:5,الأعراف,6,1050
فَلَنَسْأَلَنَّ,5992,No,1,7:6,الأعراف,1,12393
أُرْسِلَ,5993,No,4,7:6,الأعراف,3,2203
وَلَنَسْأَلَنَّ,5994,No,1,7:6,الأعراف,1,16066
فَلَنَقُصَّنَّ,5995,No,1,7:7,الأعراف,1,12394
غَائِبِينَ,5996,No,1,7:7,الأعراف,1,11657
وَالْوَزْنُ,5997,No,1,7:8,الأعراف,1,15258
ثَقُلَتْ,5998,No,4,7:8,الأعراف,3,2381
مَوَازِينُهُ,5999,No,6,7:8,الأعراف,3,1644
خَفَّتْ,6000,No,3,7:9,الأعراف,3,3225
مَكَّنَّاكُمْ,6001,No,2,7:10,الأعراف,2,5831
مَعَايِشَ,6002,No,2,7:10,الأعراف,2,5814
صَوَّرْنَاكُمْ,6003,No,1,7:11,الأعراف,1,11269
السَّاجِدِينَ,6004,No,5,7:11,الأعراف,3,1779
مَنَعَكَ,6005,No,3,7:12,الأعراف,3,3578
تَسْجُدَ,6006,No,2,7:12,الأعراف,2,4739
أَمَرْتُكَ,6007,No,1,7:12,الأعراف,1,7374
خَلَقْتَنِي,6008,No,2,7:12,الأعراف,2,4958
نَارٍ,6009,No,5,7:12,الأعراف,4,2012
وَخَلَقْتَهُ,6010,No,2,7:12,الأعراف,2,6242
فَاهْبِطْ,6011,No,1,7:13,الأعراف,1,12045
تَتَكَبَّرَ,6012,No,1,7:13,الأعراف,1,9366
فَاخْرُجْ,6013,No,4,7:13,الأعراف,4,2506
الصَّاغِرِينَ,6014,No,2,7:13,الأعراف,2,4293
أَنْظِرْنِي,6015,No,1,7:14,الأعراف,1,7453
يُبْعَثُونَ,6016,No,8,7:14,الأعراف,8,1256
الْمُنْظَرِينَ,6017,No,3,7:15,الأعراف,3,3036
أَغْوَيْتَنِي,6018,No,2,7:16,الأعراف,2,4090
لَأَقْعُدَنَّ,6019,No,1,7:16,الأعراف,1,12963
صِرَاطَكَ,6020,No,1,7:16,الأعراف,1,11297
لَآتِيَنَّهُمْ,6021,No,1,7:17,الأعراف,1,12943
بَيْنِ,6022,No,9,7:17,الأعراف,8,1017
وَعَنْ,6023,No,2,7:17,الأعراف,1,6303
شَمَائِلِهِمْ,6024,No,1,7:17,الأعراف,1,11140
شَاكِرِينَ,6025,No,1,7:17,الأعراف,1,11102
اخْرُجْ,6026,No,2,7:18,الأعراف,2,4220
مَذْءُومًا,6027,No,1,7:18,الأعراف,1,13683
مَدْحُورًا,6028,No,3,7:18,الأعراف,2,3552
تَبِعَكَ,6029,No,3,7:18,الأعراف,3,3110
لَأَمْلَأَنَّ,6030,No,4,7:18,الأعراف,4,2559
وَيَا,6031,No,11,7:19,الأعراف,3,886
فَكُلَا,6032,No,1,7:19,الأعراف,1,12375
فَوَسْوَسَ,6033,No,2,7:20,الأعراف,2,5509
لَهُمَا,6034,No,10,7:20,الأعراف,5,948
لِيُبْدِيَ,6035,No,1,7:20,الأعراف,1,13577
وُورِيَ,6036,No,1,7:20,الأعراف,1,16602
سَوْآتِهِمَا,6037,No,2,7:20,الأعراف,1,5108
نَهَاكُمَا,6038,No,1,7:20,الأعراف,1,14420
رَبُّكُمَا,6039,No,2,7:20,الأعراف,2,5016
الشَّجَرَةِ,6040,No,4,7:20,الأعراف,3,2231
تَكُونَا,6041,No,2,7:20,الأعراف,1,4778
مَلَكَيْنِ,6042,No,1,7:20,الأعراف,1,13809
الْخَالِدِينَ,6043,No,1,7:20,الأعراف,1,8406
وَقَاسَمَهُمَا,6044,No,1,7:21,الأعراف,1,15925
لَكُمَا,6045,No,7,7:21,الأعراف,4,1383
النَّاصِحِينَ,6046,No,3,7:21,الأعراف,2,2961
فَدَلَّاهُمَا,6047,No,1,7:22,الأعراف,1,12171
بِغُرُورٍ,6048,No,1,7:22,الأعراف,1,9212
ذَاقَا,6049,No,1,7:22,الأعراف,1,10575
بَدَتْ,6050,No,1,7:22,الأعراف,1,8842
سَوْآتُهُمَا,6051,No,2,7:22,الأعراف,2,5107
وَطَفِقَا,6052,No,2,7:22,الأعراف,2,6290
يَخْصِفَانِ,6053,No,2,7:22,الأعراف,2,6493
وَرَقِ,6054,No,2,7:22,الأعراف,2,6254
وَنَادَاهُمَا,6055,No,1,7:22,الأعراف,1,16237
رَبُّهُمَا,6056,No,2,7:22,الأعراف,2,5017
أَنْهَكُمَا,6057,No,1,7:22,الأعراف,1,7470
تِلْكُمَا,6058,No,1,7:22,الأعراف,1,10026
وَأَقُلْ,6059,No,1,7:22,الأعراف,1,14739
قَالَا,6060,No,2,7:23,الأعراف,2,5540
ظَلَمْنَا,6061,No,1,7:23,الأعراف,1,11390
أَنْفُسَنَا,6062,No,1,7:23,الأعراف,1,7460
وَتَرْحَمْنَا,6063,No,1,7:23,الأعراف,1,15379
تَحْيَوْنَ,6064,No,1,7:25,الأعراف,1,9425
وَفِيهَا,6065,No,3,7:25,الأعراف,3,3787
تَمُوتُونَ,6066,No,1,7:25,الأعراف,1,9757
وَمِنْهَا,6067,No,8,7:25,الأعراف,6,1236
تُخْرَجُونَ,6068,No,3,7:25,الأعراف,3,3160
لِبَاسًا,6069,No,3,7:26,الأعراف,3,3518
سَوْآتِكُمْ,6070,No,1,7:26,الأعراف,1,11017
وَرِيشًا,6071,No,1,7:26,الأعراف,1,15676
وَلِبَاسُ,6072,No,1,7:26,الأعراف,1,16097
يَفْتِنَنَّكُمُ,6073,No,1,7:27,الأعراف,1,17046
أَخْرَجَ,6074,No,7,7:27,الأعراف,6,1263
أَبَوَيْكُمْ,6075,No,1,7:27,الأعراف,1,6789
يَنْزِعُ,6076,No,1,7:27,الأعراف,1,17160
لِبَاسَهُمَا,6077,No,1,7:27,الأعراف,1,13341
لِيُرِيَهُمَا,6078,No,1,7:27,الأعراف,1,13590
يَرَاكُمْ,6079,No,2,7:27,الأعراف,2,6504
وَقَبِيلُهُ,6080,No,1,7:27,الأعراف,1,15929
تَرَوْنَهُمْ,6081,No,1,7:27,الأعراف,1,9499
أَمَرَنَا,6082,No,1,7:28,الأعراف,1,7370
يَأْمُرُ,6083,No,5,7:28,الأعراف,4,2082
أَتَقُولُونَ,6084,No,3,7:28,الأعراف,2,2834
مَسْجِدٍ,6085,No,2,7:29,الأعراف,1,5807
وَادْعُوهُ,6086,No,2,7:29,الأعراف,1,6108
مُخْلِصِينَ,6087,No,7,7:29,الأعراف,6,1393
بَدَأَكُمْ,6088,No,1,7:29,الأعراف,1,8839
تَعُودُونَ,6089,No,1,7:29,الأعراف,1,9629
الضَّلَالَةُ,6090,No,2,7:30,الأعراف,2,4299
إِنَّهُمُ,6091,No,1,7:30,الأعراف,1,7693
وَيَحْسَبُونَ,6092,No,3,7:30,الأعراف,3,3832
زِينَتَكُمْ,6093,No,1,7:31,الأعراف,1,10853
زِينَةَ,6094,No,2,7:32,الأعراف,2,5069
لِعِبَادِهِ,6095,No,3,7:32,الأعراف,3,3525
وَالطَّيِّبَاتِ,6096,No,1,7:32,الأعراف,1,15067
الرِّزْقِ,6097,No,2,7:32,الأعراف,2,4270
وَالْإِثْمَ,6098,No,1,7:33,الأعراف,1,15128
وَالْبَغْيَ,6099,No,1,7:33,الأعراف,1,15140
وَلِكُلِّ,6100,No,4,7:34,الأعراف,4,2734
أَجَلُهُمْ,6101,No,6,7:34,الأعراف,4,1452
يَسْتَأْخِرُونَ,6102,No,5,7:34,الأعراف,5,2098
سَاعَةً,6103,No,6,7:34,الأعراف,5,1577
يَسْتَقْدِمُونَ,6104,No,3,7:34,الأعراف,3,3884
إِمَّا,6105,No,9,7:35,الأعراف,8,999
يَنَالُهُمْ,6106,No,1,7:37,الأعراف,1,17152
نَصِيبُهُمْ,6107,No,1,7:37,الأعراف,1,14327
يَتَوَفَّوْنَهُمْ,6108,No,1,7:37,الأعراف,1,16718
دَخَلَتْ,6109,No,1,7:38,الأعراف,1,10507
لَعَنَتْ,6110,No,1,7:38,الأعراف,1,13110
أُخْتَهَا,6111,No,1,7:38,الأعراف,1,7570
ادَّارَكُوا,6112,No,1,7:38,الأعراف,1,7780
أُخْرَاهُمْ,6113,No,1,7:38,الأعراف,1,7574
لِأُولَاهُمْ,6114,No,1,7:38,الأعراف,1,13333
أَضَلُّونَا,6115,No,1,7:38,الأعراف,1,7172
فَآتِهِمْ,6116,No,1,7:38,الأعراف,1,11736
ضِعْفًا,6117,No,2,7:38,الأعراف,2,5216
ضِعْفٌ,6118,No,1,7:38,الأعراف,1,11328
أُولَاهُمْ,6119,No,1,7:39,الأعراف,1,7638
لِأُخْرَاهُمْ,6120,No,1,7:39,الأعراف,1,13331
تُفَتَّحُ,6121,No,1,7:40,الأعراف,1,9955
أَبْوَابُ,6122,No,1,7:40,الأعراف,1,6822
يَلِجَ,6123,No,1,7:40,الأعراف,1,17111
الْجَمَلُ,6124,No,1,7:40,الأعراف,1,8332
سَمِّ,6125,No,1,7:40,الأعراف,1,10989
الْخِيَاطِ,6126,No,1,7:40,الأعراف,1,8433
مِهَادٌ,6127,No,1,7:41,الأعراف,1,14177
غَوَاشٍ,6128,No,1,7:41,الأعراف,1,11696
وَنَزَعْنَا,6129,No,3,7:43,الأعراف,3,3821
صُدُورِهِمْ,6130,No,5,7:43,الأعراف,4,1928
غِلٍّ,6131,No,2,7:43,الأعراف,2,5338
تَحْتِهِمُ,6132,No,3,7:43,الأعراف,3,3118
لِهَذَا,6133,No,2,7:43,الأعراف,2,5759
لِنَهْتَدِيَ,6134,No,1,7:43,الأعراف,1,13511
وَنُودُوا,6135,No,1,7:43,الأعراف,1,16323
تِلْكُمُ,6136,No,1,7:43,الأعراف,1,10027
الْجَنَّةُ,6137,No,6,7:43,الأعراف,6,1501
أُورِثْتُمُوهَا,6138,No,2,7:43,الأعراف,2,4190
وَنَادَى,6139,No,6,7:44,الأعراف,3,1690
وَعَدَنَا,6140,No,3,7:44,الأعراف,2,3773
وَجَدْتُمْ,6141,No,2,7:44,الأعراف,2,6223
نَعَمْ,6142,No,4,7:44,الأعراف,3,2635
فَأَذَّنَ,6143,No,1,7:44,الأعراف,1,11775
مُؤَذِّنٌ,6144,No,2,7:44,الأعراف,2,5859
وَيَبْغُونَهَا,6145,No,3,7:45,الأعراف,3,3830
كَافِرُونَ,6146,No,15,7:45,الأعراف,10,623
وَبَيْنَهُمَا,6147,No,1,7:46,الأعراف,1,15312
حِجَابٌ,6148,No,2,7:46,الأعراف,2,4922
الْأَعْرَافِ,6149,No,2,7:46,الأعراف,1,4334
رِجَالٌ,6150,No,6,7:46,الأعراف,6,1574
وَنَادَوْا,6151,No,2,7:46,الأعراف,2,6384
يَطْمَعُونَ,6152,No,1,7:46,الأعراف,1,16983
صُرِفَتْ,6153,No,1,7:47,الأعراف,1,11281
أَبْصَارُهُمْ,6154,No,5,7:47,الأعراف,5,1731
تِلْقَاءَ,6155,No,2,7:47,الأعراف,2,4847
تَجْعَلْنَا,6156,No,3,7:47,الأعراف,3,3116
يَعْرِفُونَهُمْ,6157,No,1,7:48,الأعراف,1,17005
أَغْنَى,6158,No,9,7:48,الأعراف,9,989
جَمْعُكُمْ,6159,No,1,7:48,الأعراف,1,10110
أَقْسَمْتُمْ,6160,No,2,7:49,الأعراف,2,4112
يَنَالُهُمُ,6161,No,1,7:49,الأعراف,1,17151
بِرَحْمَةٍ,6162,No,7,7:49,الأعراف,4,1315
تَحْزَنُونَ,6163,No,2,7:49,الأعراف,2,4711
الْمَاءِ,6164,No,6,7:50,الأعراف,5,1515
حَرَّمَهُمَا,6165,No,1,7:50,الأعراف,1,10216
لَهْوًا,6166,No,3,7:51,الأعراف,3,3510
فَالْيَوْمَ,6167,No,8,7:51,الأعراف,8,1190
نَنْسَاهُمْ,6168,No,1,7:51,الأعراف,1,14415
يَوْمِهِمْ,6169,No,1,7:51,الأعراف,1,17208
جِئْنَاهُمْ,6170,No,1,7:52,الأعراف,1,10161
بِكِتَابٍ,6171,No,3,7:52,الأعراف,3,3102
فَصَّلْنَاهُ,6172,No,2,7:52,الأعراف,2,5458
تَأْوِيلُهُ,6173,No,2,7:53,الأعراف,2,4691
نَسُوهُ,6174,No,1,7:53,الأعراف,1,14296
شُفَعَاءَ,6175,No,2,7:53,الأعراف,2,5163
فَيَشْفَعُوا,6176,No,1,7:53,الأعراف,1,12517
فَنَعْمَلَ,6177,No,1,7:53,الأعراف,1,12467
نَعْمَلُ,6178,No,3,7:53,الأعراف,3,3634
سِتَّةِ,6179,No,7,7:54,الأعراف,7,1353
الْعَرْشِ,6180,No,19,7:54,الأعراف,18,480
يُغْشِي,6181,No,2,7:54,الأعراف,2,6663
يَطْلُبُهُ,6182,No,1,7:54,الأعراف,1,16981
حَثِيثًا,6183,No,1,7:54,الأعراف,1,10202
وَالنُّجُومَ,6184,No,1,7:54,الأعراف,1,15094
مُسَخَّرَاتٍ,6185,No,2,7:54,الأعراف,2,5886
الْخَلْقُ,6186,No,2,7:54,الأعراف,2,4392
وَالْأَمْرُ,6187,No,3,7:54,الأعراف,3,3717
تَبَارَكَ,6188,No,6,7:54,الأعراف,4,1539
ادْعُوا,6189,No,8,7:55,الأعراف,5,1132
رَبَّكُمْ,6190,No,15,7:55,الأعراف,11,614
إِصْلَاحِهَا,6191,No,2,7:56,الأعراف,1,4196
خَوْفًا,6192,No,4,7:56,الأعراف,4,2408
وَطَمَعًا,6193,No,4,7:56,الأعراف,4,2717
يُرْسِلُ,6194,No,3,7:57,الأعراف,3,3939
الرِّيَاحَ,6195,No,7,7:57,الأعراف,6,1284
بُشْرًا,6196,No,3,7:57,الأعراف,3,3067
يَدَيْ,6197,No,6,7:57,الأعراف,5,1704
رَحْمَتِهِ,6198,No,13,7:57,الأعراف,13,718
أَقَلَّتْ,6199,No,1,7:57,الأعراف,1,7284
سَحَابًا,6200,No,4,7:57,الأعراف,4,2442
ثِقَالًا,6201,No,1,7:57,الأعراف,1,10055
سُقْنَاهُ,6202,No,1,7:57,الأعراف,1,11060
لِبَلَدٍ,6203,No,1,7:57,الأعراف,1,13345
مَيِّتٍ,6204,No,2,7:57,الأعراف,2,5857
الْمَاءَ,6205,No,7,7:57,الأعراف,7,1303
وَالْبَلَدُ,6206,No,1,7:58,الأعراف,1,15142
الطَّيِّبُ,6207,No,2,7:58,الأعراف,2,4304
يَخْرُجُ,6208,No,9,7:58,الأعراف,8,1103
نَبَاتُهُ,6209,No,2,7:58,الأعراف,2,5942
وَالَّذِي,6210,No,15,7:58,الأعراف,11,634
خَبُثَ,6211,No,1,7:58,الأعراف,1,10385
نَكِدًا,6212,No,1,7:58,الأعراف,1,14403
نُوحًا,6213,No,7,7:59,الأعراف,7,1404
غَيْرُهُ,6214,No,9,7:59,الأعراف,3,1056
الْمَلَأُ,6215,No,16,7:60,الأعراف,7,571
لَنَرَاكَ,6216,No,3,7:60,الأعراف,2,3509
ضَلَالَةٌ,6217,No,1,7:61,الأعراف,1,11316
وَلَكِنِّي,6218,No,4,7:61,الأعراف,3,2730
أُبَلِّغُكُمْ,6219,No,2,7:62,الأعراف,1,4168
رِسَالَاتِ,6220,No,5,7:62,الأعراف,3,1909
وَأَنْصَحُ,6221,No,1,7:62,الأعراف,1,14788
أَوَعَجِبْتُمْ,6222,No,2,7:63,الأعراف,1,4154
ذِكْرٌ,6223,No,9,7:63,الأعراف,7,1038
رَجُلٍ,6224,No,5,7:63,الأعراف,4,1902
لِيُنْذِرَكُمْ,6225,No,2,7:63,الأعراف,1,5774
وَلِتَتَّقُوا,6226,No,1,7:63,الأعراف,1,16099
فَكَذَّبُوهُ,6227,No,8,7:64,الأعراف,7,1192
فَأَنْجَيْنَاهُ,6228,No,6,7:64,الأعراف,4,1603
الْفُلْكِ,6229,No,11,7:64,الأعراف,9,828
عَمِينَ,6230,No,1,7:64,الأعراف,1,11574
أَخَاهُمْ,6231,No,8,7:65,الأعراف,4,1117
سَفَاهَةٍ,6232,No,1,7:66,الأعراف,1,10947
لَنَظُنُّكَ,6233,No,1,7:66,الأعراف,1,13208
سَفَاهَةٌ,6234,No,1,7:67,الأعراف,1,10946
نَاصِحٌ,6235,No,1,7:68,الأعراف,1,14201
أَمِينٌ,6236,No,9,7:68,الأعراف,5,992
خُلَفَاءَ,6237,No,3,7:69,الأعراف,2,3232
وَزَادَكُمْ,6238,No,1,7:69,الأعراف,1,15678
الْخَلْقِ,6239,No,4,7:69,الأعراف,4,2262
آلَاءَ,6240,No,2,7:69,الأعراف,1,3972
أَجِئْتَنَا,6241,No,5,7:70,الأعراف,5,1736
لِنَعْبُدَ,6242,No,1,7:70,الأعراف,1,13509
وَحْدَهُ,6243,No,6,7:70,الأعراف,5,1680
وَنَذَرَ,6244,No,1,7:70,الأعراف,1,16261
يَعْبُدُ,6245,No,8,7:70,الأعراف,5,1247
فَأْتِنَا,6246,No,3,7:70,الأعراف,3,3386
تَعِدُنَا,6247,No,4,7:70,الأعراف,3,2361
وَغَضَبٌ,6248,No,1,7:71,الأعراف,1,15890
أَتُجَادِلُونَنِي,6249,No,1,7:71,الأعراف,1,6861
أَسْمَاءٍ,6250,No,1,7:71,الأعراف,1,7113
سَمَّيْتُمُوهَا,6251,No,3,7:71,الأعراف,3,3276
وَآبَاؤُكُمْ,6252,No,4,7:71,الأعراف,4,2659
سُلْطَانٍ,6253,No,9,7:71,الأعراف,8,1045
فَانْتَظِرُوا,6254,No,3,7:71,الأعراف,2,3395
الْمُنْتَظِرِينَ,6255,No,3,7:71,الأعراف,2,3035
وَقَطَعْنَا,6256,No,1,7:72,الأعراف,1,15947
دَابِرَ,6257,No,3,7:72,الأعراف,3,3234
ثَمُودَ,6258,No,6,7:73,الأعراف,5,1552
جَاءَتْكُمْ,6259,No,4,7:73,الأعراف,3,2385
نَاقَةُ,6260,No,2,7:73,الأعراف,2,5938
فَذَرُوهَا,6261,No,2,7:73,الأعراف,2,5439
تَأْكُلْ,6262,No,2,7:73,الأعراف,2,4685
أَرْضِ,6263,No,2,7:73,الأعراف,2,4048
تَمَسُّوهَا,6264,No,3,7:73,الأعراف,3,3147
بِسُوءٍ,6265,No,4,7:73,الأعراف,3,2326
فَيَأْخُذَكُمْ,6266,No,3,7:73,الأعراف,3,3436
وَبَوَّأَكُمْ,6267,No,1,7:74,الأعراف,1,15309
تَتَّخِذُونَ,6268,No,3,7:74,الأعراف,2,3115
سُهُولِهَا,6269,No,1,7:74,الأعراف,1,11071
قُصُورًا,6270,No,2,7:74,الأعراف,2,5584
وَتَنْحِتُونَ,6271,No,2,7:74,الأعراف,2,6209
الْجِبَالَ,6272,No,6,7:74,الأعراف,6,1502
بُيُوتًا,6273,No,9,7:74,الأعراف,6,1018
اسْتَكْبَرُوا,6274,No,11,7:75,الأعراف,6,815
اسْتُضْعِفُوا,6275,No,5,7:75,الأعراف,3,1770
أَتَعْلَمُونَ,6276,No,1,7:75,الأعراف,1,6842
مُرْسَلٌ,6277,No,1,7:75,الأعراف,1,13974
فَعَقَرُوا,6278,No,1,7:77,الأعراف,1,12304
النَّاقَةَ,6279,No,2,7:77,الأعراف,2,4309
وَعَتَوْا,6280,No,2,7:77,الأعراف,2,6295
أَمْرِ,6281,No,9,7:77,الأعراف,8,993
صَالِحُ,6282,No,2,7:77,الأعراف,2,5179
الرَّجْفَةُ,6283,No,4,7:78,الأعراف,2,2223
دَارِهِمْ,6284,No,4,7:78,الأعراف,3,2413
جَاثِمِينَ,6285,No,5,7:78,الأعراف,3,1863
فَتَوَلَّى,6286,No,4,7:79,الأعراف,3,2514
أَبْلَغْتُكُمْ,6287,No,3,7:79,الأعراف,2,2829
رِسَالَةَ,6288,No,1,7:79,الأعراف,1,10777
وَنَصَحْتُ,6289,No,2,7:79,الأعراف,1,6391
أَتَأْتُونَ,6290,No,3,7:80,الأعراف,3,2831
سَبَقَكُمْ,6291,No,2,7:80,الأعراف,2,5076
لَتَأْتُونَ,6292,No,4,7:81,الأعراف,3,2561
الرِّجَالَ,6293,No,3,7:81,الأعراف,3,2938
شَهْوَةً,6294,No,2,7:81,الأعراف,2,5156
مُسْرِفُونَ,6295,No,2,7:81,الأعراف,2,5892
جَوَابَ,6296,No,4,7:82,الأعراف,3,2389
أَخْرِجُوهُمْ,6297,No,1,7:82,الأعراف,1,6981
قَرْيَتِكُمْ,6298,No,2,7:82,الأعراف,2,5559
أُنَاسٌ,6299,No,2,7:82,الأعراف,2,4186
يَتَطَهَّرُونَ,6300,No,2,7:82,الأعراف,2,6466
وَأَهْلَهُ,6301,No,8,7:83,الأعراف,6,1222
امْرَأَتَهُ,6302,No,4,7:83,الأعراف,4,2291
الْغَابِرِينَ,6303,No,7,7:83,الأعراف,6,1296
وَأَمْطَرْنَا,6304,No,5,7:84,الأعراف,5,2026
مَطَرًا,6305,No,3,7:84,الأعراف,3,3563
مَدْيَنَ,6306,No,9,7:85,الأعراف,7,1080
شُعَيْبًا,6307,No,7,7:85,الأعراف,3,1356
فَأَوْفُوا,6308,No,1,7:85,الأعراف,1,11850
تَبْخَسُوا,6309,No,3,7:85,الأعراف,3,3111
أَشْيَاءَهُمْ,6310,No,3,7:85,الأعراف,3,2854
تُوعِدُونَ,6311,No,1,7:86,الأعراف,1,10005
وَتَصُدُّونَ,6312,No,1,7:86,الأعراف,1,15395
وَتَبْغُونَهَا,6313,No,1,7:86,الأعراف,1,15355
فَكَثَّرَكُمْ,6314,No,1,7:86,الأعراف,1,12360
وَانْظُرُوا,6315,No,1,7:86,الأعراف,1,15274
أُرْسِلْتُ,6316,No,3,7:87,الأعراف,3,2896
فَاصْبِرُوا,6317,No,2,7:87,الأعراف,2,5396
يَحْكُمَ,6318,No,3,7:87,الأعراف,3,3867
الْحَاكِمِينَ,6319,No,5,7:87,الأعراف,5,1800
لَنُخْرِجَنَّكَ,6320,No,1,7:88,الأعراف,1,13222
شُعَيْبُ,6321,No,3,7:88,الأعراف,2,3298
قَرْيَتِنَا,6322,No,1,7:88,الأعراف,1,12661
لَتَعُودُنَّ,6323,No,2,7:88,الأعراف,2,5656
مِلَّتِنَا,6324,No,2,7:88,الأعراف,2,5929
كَارِهِينَ,6325,No,1,7:88,الأعراف,1,12785
افْتَرَيْنَا,6326,No,1,7:89,الأعراف,1,7887
عُدْنَا,6327,No,3,7:89,الأعراف,3,3351
مِلَّتِكُمْ,6328,No,1,7:89,الأعراف,1,14171
نَجَّانَا,6329,No,2,7:89,الأعراف,2,5948
نَعُودَ,6330,No,1,7:89,الأعراف,1,14350
تَوَكَّلْنَا,6331,No,4,7:89,الأعراف,4,2371
افْتَحْ,6332,No,1,7:89,الأعراف,1,7884
قَوْمِنَا,6333,No,1,7:89,الأعراف,1,12712
الْفَاتِحِينَ,6334,No,1,7:89,الأعراف,1,8490
لَئِنِ,6335,No,3,7:90,الأعراف,3,3490
اتَّبَعْتُمْ,6336,No,1,7:90,الأعراف,1,7732
لَخَاسِرُونَ,6337,No,3,7:90,الأعراف,3,3493
يَغْنَوْا,6338,No,3,7:92,الأعراف,2,3909
آسَى,6339,No,1,7:93,الأعراف,1,6737
أَهْلَهَا,6340,No,6,7:94,الأعراف,4,1465
يَضَّرَّعُونَ,6341,No,1,7:94,الأعراف,1,16958
بَدَّلْنَا,6342,No,3,7:95,الأعراف,3,3050
السَّيِّئَةِ,6343,No,1,7:95,الأعراف,1,8032
الْحَسَنَةَ,6344,No,1,7:95,الأعراف,1,8364
عَفَوْا,6345,No,1,7:95,الأعراف,1,11532
الضَّرَّاءُ,6346,No,1,7:95,الأعراف,1,8098
وَالسَّرَّاءُ,6347,No,1,7:95,الأعراف,1,15034
لَفَتَحْنَا,6348,No,1,7:96,الأعراف,1,13127
بَرَكَاتٍ,6349,No,1,7:96,الأعراف,1,8851
أَفَأَمِنَ,6350,No,2,7:97,الأعراف,2,4091
يَأْتِيَهُمْ,6351,No,4,7:97,الأعراف,3,2757
نَائِمُونَ,6352,No,2,7:97,الأعراف,2,5935
أَوَأَمِنَ,6353,No,1,7:98,الأعراف,1,7490
ضُحًى,6354,No,2,7:98,الأعراف,2,5212
أَفَأَمِنُوا,6355,No,2,7:99,الأعراف,2,4092
مَكْرَ,6356,No,2,7:99,الأعراف,1,5832
يَأْمَنُ,6357,No,1,7:99,الأعراف,1,16646
يَهْدِ,6358,No,8,7:100,الأعراف,7,1255
يَرِثُونَ,6359,No,2,7:100,الأعراف,2,6507
أَصَبْنَاهُمْ,6360,No,1,7:100,الأعراف,1,7145
وَنَطْبَعُ,6361,No,1,7:100,الأعراف,1,16280
نَقُصُّ,6362,No,5,7:101,الأعراف,5,2016
أَنْبَائِهَا,6363,No,1,7:101,الأعراف,1,7415
رُسُلُهُمْ,6364,No,11,7:101,الأعراف,8,845
يَطْبَعُ,6365,No,3,7:101,الأعراف,3,3896
لِأَكْثَرِهِمْ,6366,No,1,7:102,الأعراف,1,13319
عَهْدٍ,6367,No,1,7:102,الأعراف,1,11580
لَفَاسِقِينَ,6368,No,1,7:102,الأعراف,1,13125
بَعَثْنَا,6369,No,5,7:103,الأعراف,4,1822
وَمَلَئِهِ,6370,No,6,7:103,الأعراف,6,1687
فَظَلَمُوا,6371,No,2,7:103,الأعراف,2,5463
فِرْعَوْنُ,6372,No,19,7:104,الأعراف,10,495
حَقِيقٌ,6373,No,1,7:105,الأعراف,1,10258
بِبَيِّنَةٍ,6374,No,2,7:105,الأعراف,2,4625
فَأَرْسِلْ,6375,No,4,7:105,الأعراف,4,2501
مَعِيَ,6376,No,11,7:105,الأعراف,7,869
فَأَلْقَى,6377,No,3,7:107,الأعراف,2,3379
عَصَاهُ,6378,No,3,7:107,الأعراف,2,3335
ثُعْبَانٌ,6379,No,2,7:107,الأعراف,2,4857
وَنَزَعَ,6380,No,2,7:108,الأعراف,2,6389
يَدَهُ,6381,No,3,7:108,الأعراف,3,3873
بَيْضَاءُ,6382,No,2,7:108,الأعراف,2,4561
لِلنَّاظِرِينَ,6383,No,3,7:108,الأعراف,3,3529
لَسَاحِرٌ,6384,No,3,7:109,الأعراف,3,3494
يُخْرِجَكُمْ,6385,No,2,7:110,الأعراف,2,6629
أَرْضِكُمْ,6386,No,3,7:110,الأعراف,3,2847
فَمَاذَا,6387,No,3,7:110,الأعراف,3,3429
أَرْجِهْ,6388,No,2,7:111,الأعراف,2,4043
وَأَخَاهُ,6389,No,3,7:111,الأعراف,3,3662
وَأَرْسِلْ,6390,No,1,7:111,الأعراف,1,14682
الْمَدَائِنِ,6391,No,3,7:111,الأعراف,2,3018
حَاشِرِينَ,6392,No,3,7:111,الأعراف,2,3193
سَاحِرٍ,6393,No,3,7:112,الأعراف,3,3266
عَلِيمٍ,6394,No,6,7:112,الأعراف,6,1596
وَجَاءَ,6395,No,10,7:113,الأعراف,9,963
السَّحَرَةُ,6396,No,7,7:113,الأعراف,4,1285
لَأَجْرًا,6397,No,3,7:113,الأعراف,3,3489
الْغَالِبِينَ,6398,No,4,7:113,الأعراف,3,2265
وَإِنَّكُمْ,6399,No,3,7:114,الأعراف,3,3684
تُلْقِيَ,6400,No,2,7:115,الأعراف,2,4839
نَكُونَ,6401,No,2,7:115,الأعراف,2,5989
الْمُلْقِينَ,6402,No,1,7:115,الأعراف,1,8708
أَلْقُوا,6403,No,4,7:116,الأعراف,4,2179
أَلْقَوْا,6404,No,2,7:116,الأعراف,2,4117
سَحَرُوا,6405,No,1,7:116,الأعراف,1,10926
أَعْيُنَ,6406,No,1,7:116,الأعراف,1,7227
وَاسْتَرْهَبُوهُمْ,6407,No,1,7:116,الأعراف,1,14953
وَجَاءُوا,6408,No,3,7:116,الأعراف,2,3738
بِسِحْرٍ,6409,No,2,7:116,الأعراف,2,4648
أَلْقِ,6410,No,2,7:117,الأعراف,2,4118
عَصَاكَ,6411,No,3,7:117,الأعراف,3,3334
تَلْقَفُ,6412,No,2,7:117,الأعراف,2,4781
يَأْفِكُونَ,6413,No,2,7:117,الأعراف,2,6452
فَوَقَعَ,6414,No,1,7:118,الأعراف,1,12492
وَبَطَلَ,6415,No,1,7:118,الأعراف,1,15296
فَغُلِبُوا,6416,No,1,7:119,الأعراف,1,12327
وَانْقَلَبُوا,6417,No,1,7:119,الأعراف,1,15276
صَاغِرِينَ,6418,No,1,7:119,الأعراف,1,11206
وَأُلْقِيَ,6419,No,1,7:120,الأعراف,1,14834
سَاجِدِينَ,6420,No,5,7:120,الأعراف,5,1911
بِرَبِّ,6421,No,8,7:121,الأعراف,7,1154
آذَنَ,6422,No,3,7:123,الأعراف,3,2822
لَمَكْرٌ,6423,No,1,7:123,الأعراف,1,13178
مَكَرْتُمُوهُ,6424,No,1,7:123,الأعراف,1,13794
الْمَدِينَةِ,6425,No,13,7:123,الأعراف,10,711
لِتُخْرِجُوا,6426,No,1,7:123,الأعراف,1,13380
لَأُقَطِّعَنَّ,6427,No,2,7:124,الأعراف,2,5647
لَأُصَلِّبَنَّكُمْ,6428,No,1,7:124,الأعراف,1,12972
مُنْقَلِبُونَ,6429,No,2,7:125,الأعراف,2,5916
تَنْقِمُ,6430,No,1,7:126,الأعراف,1,9800
جَاءَتْنَا,6431,No,1,7:126,الأعراف,1,10063
مُسْلِمِينَ,6432,No,8,7:126,الأعراف,6,1209
أَتَذَرُ,6433,No,1,7:127,الأعراف,1,6837
وَقَوْمَهُ,6434,No,1,7:127,الأعراف,1,15959
لِيُفْسِدُوا,6435,No,1,7:127,الأعراف,1,13601
وَيَذَرَكَ,6436,No,1,7:127,الأعراف,1,16416
وَآلِهَتَكَ,6437,No,1,7:127,الأعراف,1,14596
سَنُقَتِّلُ,6438,No,1,7:127,الأعراف,1,11010
وَنَسْتَحْيِي,6439,No,1,7:127,الأعراف,1,16273
نِسَاءَهُمْ,6440,No,3,7:127,الأعراف,3,3649
قَاهِرُونَ,6441,No,1,7:127,الأعراف,1,12622
وَاصْبِرُوا,6442,No,3,7:128,الأعراف,3,3697
يُورِثُهَا,6443,No,1,7:128,الأعراف,1,17556
وَالْعَاقِبَةُ,6444,No,3,7:128,الأعراف,3,3722
أُوذِينَا,6445,No,1,7:129,الأعراف,1,7630
تَأْتِيَنَا,6446,No,1,7:129,الأعراف,1,9299
جِئْتَنَا,6447,No,2,7:129,الأعراف,2,4887
عَدُوَّكُمْ,6448,No,1,7:129,الأعراف,1,11473
وَيَسْتَخْلِفَكُمْ,6449,No,1,7:129,الأعراف,1,16438
فَيَنْظُرَ,6450,No,1,7:129,الأعراف,1,12535
بِالسِّنِينَ,6451,No,1,7:130,الأعراف,1,9011
الْحَسَنَةُ,6452,No,2,7:131,الأعراف,2,4384
يَطَّيَّرُوا,6453,No,1,7:131,الأعراف,1,16973
بِمُوسَى,6454,No,1,7:131,الأعراف,1,9263
طَائِرُهُمْ,6455,No,1,7:131,الأعراف,1,11337
مَهْمَا,6456,No,1,7:132,الأعراف,1,13849
تَأْتِنَا,6457,No,1,7:132,الأعراف,1,9297
لِتَسْحَرَنَا,6458,No,1,7:132,الأعراف,1,13362
فَأَرْسَلْنَا,6459,No,7,7:133,الأعراف,6,1368
الطُّوفَانَ,6460,No,1,7:133,الأعراف,1,8114
وَالْجَرَادَ,6461,No,1,7:133,الأعراف,1,15150
وَالْقُمَّلَ,6462,No,1,7:133,الأعراف,1,15217
وَالضَّفَادِعَ,6463,No,1,7:133,الأعراف,1,15061
مُفَصَّلَاتٍ,6464,No,1,7:133,الأعراف,1,14057
فَاسْتَكْبَرُوا,6465,No,5,7:133,الأعراف,5,1945
مُجْرِمِينَ,6466,No,10,7:133,الأعراف,9,955
الرِّجْزُ,6467,No,1,7:134,الأعراف,1,7982
عِنْدَكَ,6468,No,4,7:134,الأعراف,4,2492
كَشَفْتَ,6469,No,1,7:134,الأعراف,1,12856
الرِّجْزَ,6470,No,2,7:134,الأعراف,1,4269
لَنُؤْمِنَنَّ,6471,No,1,7:134,الأعراف,1,13217
وَلَنُرْسِلَنَّ,6472,No,1,7:134,الأعراف,1,16070
كَشَفْنَا,6473,No,4,7:135,الأعراف,3,2550
بَالِغُوهُ,6474,No,1,7:135,الأعراف,1,8827
يَنْكُثُونَ,6475,No,2,7:135,الأعراف,2,6593
فَانْتَقَمْنَا,6476,No,4,7:136,الأعراف,4,2510
فَأَغْرَقْنَاهُمْ,6477,No,3,7:136,الأعراف,3,3377
الْيَمِّ,6478,No,7,7:136,الأعراف,4,1309
غَافِلِينَ,6479,No,4,7:136,الأعراف,2,2495
وَأَوْرَثْنَا,6480,No,2,7:137,الأعراف,2,6078
يُسْتَضْعَفُونَ,6481,No,1,7:137,الأعراف,1,17366
مَشَارِقَ,6482,No,1,7:137,الأعراف,1,13727
وَمَغَارِبَهَا,6483,No,1,7:137,الأعراف,1,16202
بَارَكْنَا,6484,No,5,7:137,الأعراف,4,1821
صَبَرُوا,6485,No,13,7:137,الأعراف,12,720
وَدَمَّرْنَا,6486,No,1,7:137,الأعراف,1,15595
يَصْنَعُ,6487,No,1,7:137,الأعراف,1,16957
وَقَوْمُهُ,6488,No,1,7:137,الأعراف,1,15962
يَعْرِشُونَ,6489,No,2,7:137,الأعراف,2,6544
وَجَاوَزْنَا,6490,No,2,7:138,الأعراف,2,6220
بِبَنِي,6491,No,2,7:138,الأعراف,2,4624
فَأَتَوْا,6492,No,1,7:138,الأعراف,1,11748
يَعْكُفُونَ,6493,No,1,7:138,الأعراف,1,17015
أَصْنَامٍ,6494,No,1,7:138,الأعراف,1,7160
آلِهَةٌ,6495,No,4,7:138,الأعراف,3,2138
تَجْهَلُونَ,6496,No,4,7:138,الأعراف,4,2345
مُتَبَّرٌ,6497,No,1,7:139,الأعراف,1,13903
وَبَاطِلٌ,6498,No,2,7:139,الأعراف,2,6189
أَبْغِيكُمْ,6499,No,1,7:140,الأعراف,1,6809
فَضَّلَكُمْ,6500,No,1,7:140,الأعراف,1,12270
أَنْجَيْنَاكُمْ,6501,No,2,7:141,الأعراف,2,4139
يُقَتِّلُونَ,6502,No,1,7:141,الأعراف,1,17494
وَوَاعَدْنَا,6503,No,1,7:142,الأعراف,1,16354
ثَلَاثِينَ,6504,No,1,7:142,الأعراف,1,10040
وَأَتْمَمْنَاهَا,6505,No,1,7:142,الأعراف,1,14621
بِعَشْرٍ,6506,No,1,7:142,الأعراف,1,9196
فَتَمَّ,6507,No,1,7:142,الأعراف,1,12106
مِيقَاتُ,6508,No,1,7:142,الأعراف,1,14181
لِأَخِيهِ,6509,No,1,7:142,الأعراف,1,13313
اخْلُفْنِي,6510,No,1,7:142,الأعراف,1,7778
قَوْمِي,6511,No,5,7:142,الأعراف,5,1964
وَأَصْلِحْ,6512,No,2,7:142,الأعراف,2,6053
سَبِيلَ,6513,No,7,7:142,الأعراف,4,1345
لِمِيقَاتِنَا,6514,No,2,7:143,الأعراف,1,5757
وَكَلَّمَهُ,6515,No,1,7:143,الأعراف,1,16002
أَنْظُرْ,6516,No,1,7:143,الأعراف,1,7452
تَرَانِي,6517,No,2,7:143,الأعراف,1,4724
الْجَبَلِ,6518,No,1,7:143,الأعراف,1,8328
اسْتَقَرَّ,6519,No,1,7:143,الأعراف,1,7821
مَكَانَهُ,6520,No,3,7:143,الأعراف,3,3570
تَجَلَّى,6521,No,2,7:143,الأعراف,2,4702
لِلْجَبَلِ,6522,No,1,7:143,الأعراف,1,13468
دَكًّا,6523,No,3,7:143,الأعراف,2,3242
وَخَرَّ,6524,No,2,7:143,الأعراف,2,6240
صَعِقًا,6525,No,1,7:143,الأعراف,1,11247
أَفَاقَ,6526,No,1,7:143,الأعراف,1,7246
اصْطَفَيْتُكَ,6527,No,1,7:144,الأعراف,1,7859
بِرِسَالَاتِي,6528,No,1,7:144,الأعراف,1,9151
وَبِكَلَامِي,6529,No,1,7:144,الأعراف,1,15338
آتَيْتُكَ,6530,No,1,7:144,الأعراف,1,6712
وَكُنْ,6531,No,3,7:144,الأعراف,3,3796
الْأَلْوَاحِ,6532,No,1,7:145,الأعراف,1,8241
مَوْعِظَةً,6533,No,1,7:145,الأعراف,1,13876
فَخُذْهَا,6534,No,1,7:145,الأعراف,1,12167
وَأْمُرْ,6535,No,4,7:145,الأعراف,3,2677
قَوْمَكَ,6536,No,4,7:145,الأعراف,4,2537
يَأْخُذُوا,6537,No,1,7:145,الأعراف,1,16632
بِأَحْسَنِهَا,6538,No,1,7:145,الأعراف,1,8963
سَأُرِيكُمْ,6539,No,2,7:145,الأعراف,2,5072
دَارَ,6540,No,3,7:145,الأعراف,3,3235
سَأَصْرِفُ,6541,No,1,7:146,الأعراف,1,10861
آيَاتِيَ,6542,No,1,7:146,الأعراف,1,6756
يَتَكَبَّرُونَ,6543,No,1,7:146,الأعراف,1,16705
الرُّشْدِ,6544,No,2,7:146,الأعراف,2,4268
يَتَّخِذُوهُ,6545,No,2,7:146,الأعراف,1,6477
وَلِقَاءِ,6546,No,2,7:147,الأعراف,2,6364
يُجْزَوْنَ,6547,No,3,7:147,الأعراف,3,3929
قَوْمُ,6548,No,11,7:148,الأعراف,9,864
حُلِيِّهِمْ,6549,No,1,7:148,الأعراف,1,10312
عِجْلًا,6550,No,2,7:148,الأعراف,2,5315
جَسَدًا,6551,No,4,7:148,الأعراف,4,2387
خُوَارٌ,6552,No,2,7:148,الأعراف,2,4968
يُكَلِّمُهُمْ,6553,No,1,7:148,الأعراف,1,17505
يَهْدِيهِمْ,6554,No,2,7:148,الأعراف,2,6597
اتَّخَذُوهُ,6555,No,1,7:148,الأعراف,1,7737
سُقِطَ,6556,No,1,7:149,الأعراف,1,11059
وَرَأَوْا,6557,No,1,7:149,الأعراف,1,15621
يَرْحَمْنَا,6558,No,1,7:149,الأعراف,1,16840
رَجَعَ,6559,No,1,7:150,الأعراف,1,10664
غَضْبَانَ,6560,No,2,7:150,الأعراف,2,5324
أَسِفًا,6561,No,2,7:150,الأعراف,2,4054
خَلَفْتُمُونِي,6562,No,1,7:150,الأعراف,1,10422
أَعَجِلْتُمْ,6563,No,1,7:150,الأعراف,1,7196
أَمْرَ,6564,No,4,7:150,الأعراف,3,2182
وَأَلْقَى,6565,No,3,7:150,الأعراف,3,3670
الْأَلْوَاحَ,6566,No,2,7:150,الأعراف,1,4340
وَأَخَذَ,6567,No,2,7:150,الأعراف,2,6041
بِرَأْسِ,6568,No,1,7:150,الأعراف,1,9131
يَجُرُّهُ,6569,No,1,7:150,الأعراف,1,16737
اسْتَضْعَفُونِي,6570,No,1,7:150,الأعراف,1,7814
وَكَادُوا,6571,No,1,7:150,الأعراف,1,15986
يَقْتُلُونَنِي,6572,No,1,7:150,الأعراف,1,17069
تُشْمِتْ,6573,No,1,7:150,الأعراف,1,9922
بِيَ,6574,No,1,7:150,الأعراف,1,9290
الْأَعْدَاءَ,6575,No,1,7:150,الأعراف,1,8223
تَجْعَلْنِي,6576,No,2,7:150,الأعراف,2,4705
وَلِأَخِي,6577,No,1,7:151,الأعراف,1,16092
وَأَدْخِلْنَا,6578,No,1,7:151,الأعراف,1,14668
رَحْمَتِكَ,6579,No,1,7:151,الأعراف,1,10681
أَرْحَمُ,6580,No,4,7:151,الأعراف,3,2161
الرَّاحِمِينَ,6581,No,6,7:151,الأعراف,4,1484
سَيَنَالُهُمْ,6582,No,1,7:152,الأعراف,1,11027
غَضَبٌ,6583,No,4,7:152,الأعراف,4,2497
وَذِلَّةٌ,6584,No,1,7:152,الأعراف,1,15619
الْمُفْتَرِينَ,6585,No,1,7:152,الأعراف,1,8697
بَعْدِهَا,6586,No,4,7:153,الأعراف,2,2299
سَكَتَ,6587,No,1,7:154,الأعراف,1,10959
الْغَضَبُ,6588,No,1,7:154,الأعراف,1,8481
نُسْخَتِهَا,6589,No,1,7:154,الأعراف,1,14459
لِرَبِّهِمْ,6590,No,4,7:154,الأعراف,4,2575
يَرْهَبُونَ,6591,No,1,7:154,الأعراف,1,16856
وَاخْتَارَ,6592,No,1,7:155,الأعراف,1,14913
قَوْمَهُ,6593,No,5,7:155,الأعراف,5,1963
سَبْعِينَ,6594,No,2,7:155,الأعراف,2,5082
أَخَذَتْهُمُ,6595,No,1,7:155,الأعراف,1,6953
شِئْتَ,6596,No,3,7:155,الأعراف,3,3299
أَهْلَكْتَهُمْ,6597,No,1,7:155,الأعراف,1,7478
أَتُهْلِكُنَا,6598,No,1,7:155,الأعراف,1,6869
فَعَلَ,6599,No,7,7:155,الأعراف,5,1373
فِتْنَتُكَ,6600,No,1,7:155,الأعراف,1,12581
تُضِلُّ,6601,No,1,7:155,الأعراف,1,9937
وَتَهْدِي,6602,No,1,7:155,الأعراف,1,15436
وَلِيُّنَا,6603,No,2,7:155,الأعراف,2,6369
الْغَافِرِينَ,6604,No,1,7:155,الأعراف,1,8476
وَاكْتُبْ,6605,No,1,7:156,الأعراف,1,15003
هُدْنَا,6606,No,1,7:156,الأعراف,1,14571
عَذَابِي,6607,No,9,7:156,الأعراف,4,1053
أُصِيبُ,6608,No,1,7:156,الأعراف,1,7598
أَشَاءُ,6609,No,1,7:156,الأعراف,1,7119
وَرَحْمَتِي,6610,No,1,7:156,الأعراف,1,15646
وَسِعَتْ,6611,No,1,7:156,الأعراف,1,15744
فَسَأَكْتُبُهَا,6612,No,1,7:156,الأعراف,1,12224
النَّبِيَّ,6613,No,5,7:157,الأعراف,4,1787
الْأُمِّيَّ,6614,No,1,7:157,الأعراف,1,8277
يَجِدُونَهُ,6615,No,1,7:157,الأعراف,1,16738
مَكْتُوبًا,6616,No,1,7:157,الأعراف,1,13798
عِنْدَهُمْ,6617,No,4,7:157,الأعراف,4,2493
وَالْإِنْجِيلِ,6618,No,2,7:157,الأعراف,2,6154
يَأْمُرُهُمْ,6619,No,1,7:157,الأعراف,1,16649
وَيَنْهَاهُمْ,6620,No,1,7:157,الأعراف,1,16492
وَيُحِلُّ,6621,No,1,7:157,الأعراف,1,16522
الطَّيِّبَاتِ,6622,No,8,7:157,الأعراف,8,1135
وَيُحَرِّمُ,6623,No,1,7:157,الأعراف,1,16517
الْخَبَائِثَ,6624,No,2,7:157,الأعراف,2,4390
وَيَضَعُ,6625,No,1,7:157,الأعراف,1,16456
إِصْرَهُمْ,6626,No,1,7:157,الأعراف,1,7665
وَالْأَغْلَالَ,6627,No,1,7:157,الأعراف,1,15118
وَعَزَّرُوهُ,6628,No,1,7:157,الأعراف,1,15843
وَنَصَرُوهُ,6629,No,1,7:157,الأعراف,1,16275
النُّورَ,6630,No,1,7:157,الأعراف,1,8166
النَّبِيِّ,6631,No,8,7:158,الأعراف,4,1137
الْأُمِّيِّ,6632,No,1,7:158,الأعراف,1,8278
وَكَلِمَاتِهِ,6633,No,1,7:158,الأعراف,1,16004
وَاتَّبِعُوهُ,6634,No,1,7:158,الأعراف,1,14893
يَهْدُونَ,6635,No,4,7:159,الأعراف,3,2795
وَبِهِ,6636,No,2,7:159,الأعراف,1,6199
وَقَطَّعْنَاهُمُ,6637,No,1,7:160,الأعراف,1,15949
اثْنَتَيْ,6638,No,1,7:160,الأعراف,1,7751
أَسْبَاطًا,6639,No,1,7:160,الأعراف,1,7087
أُمَمًا,6640,No,2,7:160,الأعراف,1,4179
اسْتَسْقَاهُ,6641,No,1,7:160,الأعراف,1,7812
فَانْبَجَسَتْ,6642,No,1,7:160,الأعراف,1,12024
اسْكُنُوا,6643,No,2,7:161,الأعراف,2,4240
خَطِيئَاتِكُمْ,6644,No,1,7:161,الأعراف,1,10407
سَنَزِيدُ,6645,No,1,7:161,الأعراف,1,10999
وَاسْأَلْهُمْ,6646,No,1,7:163,الأعراف,1,14950
حَاضِرَةَ,6647,No,1,7:163,الأعراف,1,10187
يَعْدُونَ,6648,No,1,7:163,الأعراف,1,17001
حِيتَانُهُمْ,6649,No,1,7:163,الأعراف,1,10348
سَبْتِهِمْ,6650,No,1,7:163,الأعراف,1,10914
شُرَّعًا,6651,No,1,7:163,الأعراف,1,11163
يَسْبِتُونَ,6652,No,1,7:163,الأعراف,1,16877
نَبْلُوهُمْ,6653,No,1,7:163,الأعراف,1,14239
تَعِظُونَ,6654,No,1,7:164,الأعراف,1,9631
مُهْلِكُهُمْ,6655,No,1,7:164,الأعراف,1,14133
مُعَذِّبُهُمْ,6656,No,1,7:164,الأعراف,1,14044
مَعْذِرَةً,6657,No,1,7:164,الأعراف,1,13760
وَلَعَلَّهُمْ,6658,No,3,7:164,الأعراف,2,3798
أَنْجَيْنَا,6659,No,2,7:165,الأعراف,2,4138
السُّوءِ,6660,No,1,7:165,الأعراف,1,8040
بَئِيسٍ,6661,No,1,7:165,الأعراف,1,8805
عَتَوْا,6662,No,1,7:166,الأعراف,1,11463
تَأَذَّنَ,6663,No,2,7:167,الأعراف,2,4679
لَيَبْعَثَنَّ,6664,No,1,7:167,الأعراف,1,13251
يَسُومُهُمْ,6665,No,1,7:167,الأعراف,1,16869
لَسَرِيعُ,6666,No,1,7:167,الأعراف,1,13073
وَقَطَّعْنَاهُمْ,6667,No,1,7:168,الأعراف,1,15950
الصَّالِحُونَ,6668,No,3,7:168,الأعراف,3,2948
وَبَلَوْنَاهُمْ,6669,No,1,7:168,الأعراف,1,15302
بِالْحَسَنَاتِ,6670,No,1,7:168,الأعراف,1,9043
وَالسَّيِّئَاتِ,6671,No,1,7:168,الأعراف,1,15040
فَخَلَفَ,6672,No,2,7:169,الأعراف,2,5432
خَلْفٌ,6673,No,2,7:169,الأعراف,2,4960
وَرِثُوا,6674,No,1,7:169,الأعراف,1,15671
يَأْخُذُونَ,6675,No,1,7:169,الأعراف,1,16633
الْأَدْنَى,6676,No,2,7:169,الأعراف,2,4326
سَيُغْفَرُ,6677,No,1,7:169,الأعراف,1,11036
يَأْتِهِمْ,6678,No,3,7:169,الأعراف,3,3848
عَرَضٌ,6679,No,1,7:169,الأعراف,1,11486
يَأْخُذُوهُ,6680,No,1,7:169,الأعراف,1,16635
مِيثَاقُ,6681,No,1,7:169,الأعراف,1,14178
وَدَرَسُوا,6682,No,1,7:169,الأعراف,1,15592
وَالدَّارُ,6683,No,1,7:169,الأعراف,1,15010
يُمَسِّكُونَ,6684,No,1,7:170,الأعراف,1,17514
نُضِيعُ,6685,No,3,7:170,الأعراف,3,3642
الْمُصْلِحِينَ,6686,No,2,7:170,الأعراف,2,4474
نَتَقْنَا,6687,No,1,7:171,الأعراف,1,14242
الْجَبَلَ,6688,No,1,7:171,الأعراف,1,8327
كَأَنَّهُ,6689,No,5,7:171,الأعراف,5,1969
ظُلَّةٌ,6690,No,1,7:171,الأعراف,1,11408
وَظَنُّوا,6691,No,7,7:171,الأعراف,7,1424
وَاقِعٌ,6692,No,2,7:171,الأعراف,2,6121
ذُرِّيَّتَهُمْ,6693,No,3,7:172,الأعراف,3,3249
وَأَشْهَدَهُمْ,6694,No,1,7:172,الأعراف,1,14706
أَلَسْتُ,6695,No,1,7:172,الأعراف,1,7331
أَشْرَكَ,6696,No,1,7:173,الأعراف,1,7129
وَكُنَّا,6697,No,16,7:173,الأعراف,9,584
أَفَتُهْلِكُنَا,6698,No,1,7:173,الأعراف,1,7255
الْمُبْطِلُونَ,6699,No,4,7:173,الأعراف,4,2280
آتَيْنَاهُ,6700,No,5,7:175,الأعراف,5,1728
فَانْسَلَخَ,6701,No,1,7:175,الأعراف,1,12030
فَأَتْبَعَهُ,6702,No,3,7:175,الأعراف,3,3371
فَكَانَ,6703,No,8,7:175,الأعراف,7,1191
الْغَاوِينَ,6704,No,2,7:175,الأعراف,2,4422
شِئْنَا,6705,No,5,7:176,الأعراف,5,1924
لَرَفَعْنَاهُ,6706,No,1,7:176,الأعراف,1,13069
وَلَكِنَّهُ,6707,No,1,7:176,الأعراف,1,16057
أَخْلَدَ,6708,No,1,7:176,الأعراف,1,6988
هَوَاهُ,6709,No,6,7:176,الأعراف,6,1662
الْكَلْبِ,6710,No,1,7:176,الأعراف,1,8568
يَلْهَثْ,6711,No,2,7:176,الأعراف,1,6567
تَتْرُكْهُ,6712,No,1,7:176,الأعراف,1,9381
فَاقْصُصِ,6713,No,1,7:176,الأعراف,1,11994
الْقَصَصَ,6714,No,2,7:176,الأعراف,2,4438
يَتَفَكَّرُونَ,6715,No,10,7:176,الأعراف,8,970
وَأَنْفُسَهُمْ,6716,No,1,7:177,الأعراف,1,14793
الْمُهْتَدِي,6717,No,1,7:178,الأعراف,1,8716
يُضْلِلْ,6718,No,3,7:178,الأعراف,3,3942
ذَرَأْنَا,6719,No,1,7:179,الأعراف,1,10577
لِجَهَنَّمَ,6720,No,3,7:179,الأعراف,3,3522
قُلُوبٌ,6721,No,3,7:179,الأعراف,3,3456
أَعْيُنٌ,6722,No,2,7:179,الأعراف,1,4084
آذَانٌ,6723,No,3,7:179,الأعراف,2,2821
كَالْأَنْعَامِ,6724,No,2,7:179,الأعراف,2,5602
أَضَلُّ,6725,No,6,7:179,الأعراف,5,1456
الْغَافِلُونَ,6726,No,2,7:179,الأعراف,2,4420
الْأَسْمَاءُ,6727,No,4,7:180,الأعراف,4,2243
فَادْعُوهُ,6728,No,2,7:180,الأعراف,2,5381
يُلْحِدُونَ,6729,No,3,7:180,الأعراف,3,3953
أَسْمَائِهِ,6730,No,1,7:180,الأعراف,1,7114
وَمِمَّنْ,6731,No,5,7:181,الأعراف,4,2073
خَلَقْنَا,6732,No,21,7:181,الأعراف,16,442
سَنَسْتَدْرِجُهُمْ,6733,No,2,7:182,الأعراف,2,5101
وَأُمْلِي,6734,No,2,7:183,الأعراف,2,6090
كَيْدِي,6735,No,2,7:183,الأعراف,2,5627
مَتِينٌ,6736,No,2,7:183,الأعراف,2,5782
يَتَفَكَّرُوا,6737,No,2,7:184,الأعراف,2,6469
بِصَاحِبِهِمْ,6738,No,1,7:184,الأعراف,1,9172
جِنَّةٍ,6739,No,2,7:184,الأعراف,2,4892
نَذِيرٌ,6740,No,22,7:184,الأعراف,13,427
يَنْظُرُوا,6741,No,2,7:185,الأعراف,2,6588
مَلَكُوتِ,6742,No,1,7:185,الأعراف,1,13812
اقْتَرَبَ,6743,No,2,7:185,الأعراف,2,4250
فَبِأَيِّ,6744,No,35,7:185,الأعراف,5,271
بَعْدَهُ,6745,No,2,7:185,الأعراف,2,4541
هَادِيَ,6746,No,1,7:186,الأعراف,1,14541
وَيَذَرُهُمْ,6747,No,1,7:186,الأعراف,1,16417
السَّاعَةِ,6748,No,10,7:187,الأعراف,10,906
أَيَّانَ,6749,No,6,7:187,الأعراف,6,1466
مُرْسَاهَا,6750,No,2,7:187,الأعراف,2,5883
عِلْمُهَا,6751,No,4,7:187,الأعراف,3,2491
يُجَلِّيهَا,6752,No,1,7:187,الأعراف,1,17269
لِوَقْتِهَا,6753,No,1,7:187,الأعراف,1,13527
تَأْتِيكُمْ,6754,No,2,7:187,الأعراف,2,4682
كَأَنَّكَ,6755,No,1,7:187,الأعراف,1,12775
حَفِيٌّ,6756,No,1,7:187,الأعراف,1,10256
لِنَفْسِي,6757,No,4,7:188,الأعراف,4,2582
لَاسْتَكْثَرْتُ,6758,No,1,7:188,الأعراف,1,12990
مَسَّنِيَ,6759,No,4,7:188,الأعراف,4,2598
السُّوءُ,6760,No,2,7:188,الأعراف,2,4284
وَبَشِيرٌ,6761,No,2,7:188,الأعراف,2,6192
لِيَسْكُنَ,6762,No,1,7:189,الأعراف,1,13555
إِلَيْهَا,6763,No,4,7:189,الأعراف,4,2211
تَغَشَّاهَا,6764,No,1,7:189,الأعراف,1,9651
حَمْلًا,6765,No,1,7:189,الأعراف,1,10276
خَفِيفًا,6766,No,1,7:189,الأعراف,1,10416
فَمَرَّتْ,6767,No,1,7:189,الأعراف,1,12443
أَثْقَلَتْ,6768,No,1,7:189,الأعراف,1,6889
دَعَوَا,6769,No,1,7:189,الأعراف,1,10520
رَبَّهُمَا,6770,No,1,7:189,الأعراف,1,10657
آتَيْتَنَا,6771,No,1,7:189,الأعراف,1,6709
آتَاهُمَا,6772,No,2,7:190,الأعراف,1,3964
جَعَلَا,6773,No,1,7:190,الأعراف,1,10095
فَتَعَالَى,6774,No,4,7:190,الأعراف,3,2513
يُشْرِكُونَ,6775,No,19,7:190,الأعراف,13,503
أَيُشْرِكُونَ,6776,No,1,7:191,الأعراف,1,7536
يُخْلَقُونَ,6777,No,3,7:191,الأعراف,3,3936
نَصْرًا,6778,No,3,7:192,الأعراف,3,3629
يَنْصُرُونَ,6779,No,2,7:192,الأعراف,1,6585
تَدْعُوهُمْ,6780,No,4,7:193,الأعراف,3,2353
يَتَّبِعُوكُمْ,6781,No,1,7:193,الأعراف,1,16723
أَدَعَوْتُمُوهُمْ,6782,No,1,7:193,الأعراف,1,6995
صَامِتُونَ,6783,No,1,7:193,الأعراف,1,11210
عِبَادٌ,6784,No,2,7:194,الأعراف,2,5311
فَادْعُوهُمْ,6785,No,1,7:194,الأعراف,1,11913
أَلَهُمْ,6786,No,1,7:195,الأعراف,1,7334
أَرْجُلٌ,6787,No,1,7:195,الأعراف,1,7043
يَمْشُونَ,6788,No,5,7:195,الأعراف,5,2117
أَيْدٍ,6789,No,1,7:195,الأعراف,1,7540
يَبْطِشُونَ,6790,No,1,7:195,الأعراف,1,16667
شُرَكَاءَكُمْ,6791,No,2,7:195,الأعراف,2,5160
كِيدُونِ,6792,No,1,7:195,الأعراف,1,12939
تُنْظِرُونِ,6793,No,3,7:195,الأعراف,3,3168
وَلِيِّيَ,6794,No,1,7:196,الأعراف,1,16157
نَصْرَكُمْ,6795,No,1,7:197,الأعراف,1,14330
يَسْمَعُوا,6796,No,2,7:198,الأعراف,2,6529
وَتَرَاهُمْ,6797,No,2,7:198,الأعراف,2,6201
خُذِ,6798,No,2,7:199,الأعراف,2,4967
بِالْعُرْفِ,6799,No,1,7:199,الأعراف,1,9053
يَنْزَغَنَّكَ,6800,No,2,7:200,الأعراف,2,6579
نَزْغٌ,6801,No,2,7:200,الأعراف,2,5966
فَاسْتَعِذْ,6802,No,4,7:200,الأعراف,4,2508
مَسَّهُمْ,6803,No,1,7:201,الأعراف,1,13716
طَائِفٌ,6804,No,2,7:201,الأعراف,2,5219
تَذَكَّرُوا,6805,No,1,7:201,الأعراف,1,9474
مُبْصِرُونَ,6806,No,1,7:201,الأعراف,1,13899
وَإِخْوَانُهُمْ,6807,No,1,7:202,الأعراف,1,14858
يَمُدُّونَهُمْ,6808,No,1,7:202,الأعراف,1,17133
يُقْصِرُونَ,6809,No,1,7:202,الأعراف,1,17499
تَأْتِهِمْ,6810,No,2,7:203,الأعراف,2,4680
اجْتَبَيْتَهَا,6811,No,1,7:203,الأعراف,1,7754
قُرِئَ,6812,No,2,7:204,الأعراف,2,5582
فَاسْتَمِعُوا,6813,No,2,7:204,الأعراف,2,5394
وَأَنْصِتُوا,6814,No,1,7:204,الأعراف,1,14789
وَخِيفَةً,6815,No,1,7:205,الأعراف,1,15587
وَدُونَ,6816,No,1,7:205,الأعراف,1,15600
الْجَهْرِ,6817,No,1,7:205,الأعراف,1,8336
بِالْغُدُوِّ,6818,No,3,7:205,الأعراف,3,3084
وَالْآصَالِ,6819,No,3,7:205,الأعراف,3,3713
الْغَافِلِينَ,6820,No,2,7:205,الأعراف,2,4421
وَيُسَبِّحُونَهُ,6821,No,1,7:206,الأعراف,1,16545
الْأَنْفَالِ,6822,No,1,8:1,الأنفال,1,8256
الْأَنْفَالُ,6823,No,1,8:1,الأنفال,1,8255
وَأَصْلِحُوا,6824,No,1,8:1,الأنفال,1,14713
ذَاتَ,6825,No,6,8:1,الأنفال,4,1563
وَجِلَتْ,6826,No,2,8:2,الأنفال,2,6230
تُلِيَتْ,6827,No,1,8:2,الأنفال,1,9980
آيَاتُهُ,6828,No,4,8:2,الأنفال,3,2140
زَادَتْهُمْ,6829,No,1,8:2,الأنفال,1,10788
يَتَوَكَّلُونَ,6830,No,5,8:2,الأنفال,4,2084
وَرِزْقٌ,6831,No,5,8:4,الأنفال,4,2055
كَرِيمٌ,6832,No,12,8:4,الأنفال,9,791
أَخْرَجَكَ,6833,No,1,8:5,الأنفال,1,6976
بَيْتِكَ,6834,No,2,8:5,الأنفال,2,4560
لَكَارِهُونَ,6835,No,1,8:5,الأنفال,1,13146
يُسَاقُونَ,6836,No,1,8:6,الأنفال,1,17361
إِحْدَى,6837,No,4,8:7,الأنفال,4,2208
الطَّائِفَتَيْنِ,6838,No,1,8:7,الأنفال,1,8104
وَتَوَدُّونَ,6839,No,1,8:7,الأنفال,1,15437
ذَاتِ,6840,No,10,8:7,الأنفال,8,927
الشَّوْكَةِ,6841,No,1,8:7,الأنفال,1,8058
يُحِقَّ,6842,No,1,8:7,الأنفال,1,17291
بِكَلِمَاتِهِ,6843,No,3,8:7,الأنفال,3,3101
وَيَقْطَعَ,6844,No,1,8:7,الأنفال,1,16467
لِيُحِقَّ,6845,No,1,8:8,الأنفال,1,13582
وَيُبْطِلَ,6846,No,1,8:8,الأنفال,1,16508
الْبَاطِلَ,6847,No,4,8:8,الأنفال,4,2248
كَرِهَ,6848,No,8,8:8,الأنفال,5,1200
الْمُجْرِمُونَ,6849,No,13,8:8,الأنفال,9,712
تَسْتَغِيثُونَ,6850,No,1,8:9,الأنفال,1,9553
مُمِدُّكُمْ,6851,No,1,8:9,الأنفال,1,14092
بِأَلْفٍ,6852,No,1,8:9,الأنفال,1,8975
مُرْدِفِينَ,6853,No,1,8:9,الأنفال,1,13972
يُغَشِّيكُمُ,6854,No,1,8:11,الأنفال,1,17469
النُّعَاسَ,6855,No,1,8:11,الأنفال,1,8164
وَيُنَزِّلُ,6856,No,5,8:11,الأنفال,5,2075
وَيُذْهِبَ,6857,No,1,8:11,الأنفال,1,16538
رِجْزَ,6858,No,1,8:11,الأنفال,1,10761
وَلِيَرْبِطَ,6859,No,1,8:11,الأنفال,1,16135
وَيُثَبِّتَ,6860,No,1,8:11,الأنفال,1,16512
الْأَقْدَامَ,6861,No,1,8:11,الأنفال,1,8231
فَثَبِّتُوا,6862,No,1,8:12,الأنفال,1,12136
سَأُلْقِي,6863,No,1,8:12,الأنفال,1,10873
فَاضْرِبُوا,6864,No,1,8:12,الأنفال,1,11965
الْأَعْنَاقِ,6865,No,1,8:12,الأنفال,1,8224
وَاضْرِبُوا,6866,No,1,8:12,الأنفال,1,14987
بَنَانٍ,6867,No,1,8:12,الأنفال,1,8913
شَاقُّوا,6868,No,2,8:13,الأنفال,2,5132
فَذُوقُوهُ,6869,No,1,8:14,الأنفال,1,12186
لَقِيتُمُ,6870,No,2,8:15,الأنفال,2,5684
زَحْفًا,6871,No,1,8:15,الأنفال,1,10803
تُوَلُّوهُمُ,6872,No,1,8:15,الأنفال,1,10013
يُوَلِّهِمْ,6873,No,1,8:16,الأنفال,1,17576
دُبُرَهُ,6874,No,1,8:16,الأنفال,1,10540
مُتَحَرِّفًا,6875,No,1,8:16,الأنفال,1,13906
لِقِتَالٍ,6876,No,1,8:16,الأنفال,1,13443
مُتَحَيِّزًا,6877,No,1,8:16,الأنفال,1,13907
تَقْتُلُوهُمْ,6878,No,1,8:17,الأنفال,1,9701
قَتَلَهُمْ,6879,No,1,8:17,الأنفال,1,12635
رَمَيْتَ,6880,No,2,8:17,الأنفال,1,5035
رَمَى,6881,No,1,8:17,الأنفال,1,10716
وَلِيُبْلِيَ,6882,No,1,8:17,الأنفال,1,16143
بَلَاءً,6883,No,1,8:17,الأنفال,1,8898
مُوهِنُ,6884,No,1,8:18,الأنفال,1,14139
كَيْدِ,6885,No,1,8:18,الأنفال,1,12895
تَسْتَفْتِحُوا,6886,No,1,8:19,الأنفال,1,9556
الْفَتْحُ,6887,No,2,8:19,الأنفال,2,4428
تَنْتَهُوا,6888,No,2,8:19,الأنفال,2,4792
تَعُودُوا,6889,No,2,8:19,الأنفال,2,4756
نَعُدْ,6890,No,1,8:19,الأنفال,1,14349
فِئَتُكُمْ,6891,No,1,8:19,الأنفال,1,12577
كَثُرَتْ,6892,No,1,8:19,الأنفال,1,12827
تَسْمَعُونَ,6893,No,2,8:20,الأنفال,2,4741
شَرَّ,6894,No,3,8:22,الأنفال,2,3291
الدَّوَابِّ,6895,No,2,8:22,الأنفال,1,4257
الصُّمُّ,6896,No,2,8:22,الأنفال,2,4298
الْبُكْمُ,6897,No,1,8:22,الأنفال,1,8318
لَأَسْمَعَهُمْ,6898,No,1,8:23,الأنفال,1,12958
أَسْمَعَهُمْ,6899,No,1,8:23,الأنفال,1,7115
لَتَوَلَّوْا,6900,No,1,8:23,الأنفال,1,13029
اسْتَجِيبُوا,6901,No,2,8:24,الأنفال,2,4229
وَلِلرَّسُولِ,6902,No,3,8:24,الأنفال,2,3806
دَعَاكُمْ,6903,No,2,8:24,الأنفال,2,4979
يَحُولُ,6904,No,1,8:24,الأنفال,1,16751
وَقَلْبِهِ,6905,No,2,8:24,الأنفال,2,6323
وَأَنَّهُ,6906,No,13,8:24,الأنفال,4,731
فِتْنَةً,6907,No,10,8:25,الأنفال,10,946
تُصِيبَنَّ,6908,No,1,8:25,الأنفال,1,9929
خَاصَّةً,6909,No,1,8:25,الأنفال,1,10362
مُسْتَضْعَفُونَ,6910,No,1,8:26,الأنفال,1,13994
يَتَخَطَّفَكُمُ,6911,No,1,8:26,الأنفال,1,16686
فَآوَاكُمْ,6912,No,1,8:26,الأنفال,1,11742
وَأَيَّدَكُمْ,6913,No,1,8:26,الأنفال,1,14813
وَرَزَقَكُمْ,6914,No,3,8:26,الأنفال,3,3758
تَخُونُوا,6915,No,1,8:27,الأنفال,1,9437
وَتَخُونُوا,6916,No,1,8:27,الأنفال,1,15365
أَمَانَاتِكُمْ,6917,No,1,8:27,الأنفال,1,7363
أَمْوَالُكُمْ,6918,No,4,8:28,الأنفال,4,2184
وَأَوْلَادُكُمْ,6919,No,2,8:28,الأنفال,2,6081
فُرْقَانًا,6920,No,1,8:29,الأنفال,1,12568
وَيُكَفِّرْ,6921,No,1,8:29,الأنفال,1,16569
يَمْكُرُ,6922,No,1,8:30,الأنفال,1,17145
لِيُثْبِتُوكَ,6923,No,1,8:30,الأنفال,1,13579
يَقْتُلُوكَ,6924,No,1,8:30,الأنفال,1,17068
يُخْرِجُوكَ,6925,No,1,8:30,الأنفال,1,17317
وَيَمْكُرُونَ,6926,No,1,8:30,الأنفال,1,16483
وَيَمْكُرُ,6927,No,1,8:30,الأنفال,1,16482
آيَاتُنَا,6928,No,12,8:31,الأنفال,12,749
لَقُلْنَا,6929,No,1,8:31,الأنفال,1,13141
فَأَمْطِرْ,6930,No,1,8:32,الأنفال,1,11831
حِجَارَةً,6931,No,5,8:32,الأنفال,5,1883
لِيُعَذِّبَهُمْ,6932,No,2,8:33,الأنفال,2,5773
مُعَذِّبَهُمْ,6933,No,1,8:33,الأنفال,1,14043
يَسْتَغْفِرُونَ,6934,No,2,8:33,الأنفال,2,6526
يُعَذِّبَهُمُ,6935,No,1,8:34,الأنفال,1,17441
أَوْلِيَاؤُهُ,6936,No,1,8:34,الأنفال,1,7516
صَلَاتُهُمْ,6937,No,1,8:35,الأنفال,1,11257
مُكَاءً,6938,No,1,8:35,الأنفال,1,14076
وَتَصْدِيَةً,6939,No,1,8:35,الأنفال,1,15397
لِيَصُدُّوا,6940,No,1,8:36,الأنفال,1,13559
فَسَيُنْفِقُونَهَا,6941,No,1,8:36,الأنفال,1,12245
يُغْلَبُونَ,6942,No,1,8:36,الأنفال,1,17473
لِيَمِيزَ,6943,No,1,8:37,الأنفال,1,13572
بَعْضَهُ,6944,No,3,8:37,الأنفال,3,3053
فَيَرْكُمَهُ,6945,No,1,8:37,الأنفال,1,12512
فَيَجْعَلَهُ,6946,No,1,8:37,الأنفال,1,12505
يُغْفَرْ,6947,No,1,8:38,الأنفال,1,17472
يَعُودُوا,6948,No,1,8:38,الأنفال,1,16988
مَضَتْ,6949,No,1,8:38,الأنفال,1,13742
سُنَّتُ,6950,No,1,8:38,الأنفال,1,11068
كُلُّهُ,6951,No,2,8:39,الأنفال,2,5633
نِعْمَ,6952,No,5,8:40,الأنفال,4,2019
الْمَوْلَى,6953,No,3,8:40,الأنفال,2,3025
النَّصِيرُ,6954,No,2,8:40,الأنفال,2,4315
غَنِمْتُمْ,6955,No,2,8:41,الأنفال,1,5327
فَأَنَّ,6956,No,2,8:41,الأنفال,2,5358
خُمُسَهُ,6957,No,1,8:41,الأنفال,1,10467
وَلِذِي,6958,No,2,8:41,الأنفال,2,6362
الْفُرْقَانِ,6959,No,1,8:41,الأنفال,1,8506
بِالْعُدْوَةِ,6960,No,2,8:42,الأنفال,1,4612
الْقُصْوَى,6961,No,1,8:42,الأنفال,1,8544
وَالرَّكْبُ,6962,No,1,8:42,الأنفال,1,15021
أَسْفَلَ,6963,No,3,8:42,الأنفال,3,2852
تَوَاعَدْتُمْ,6964,No,1,8:42,الأنفال,1,9811
لَاخْتَلَفْتُمْ,6965,No,1,8:42,الأنفال,1,12987
الْمِيعَادِ,6966,No,1,8:42,الأنفال,1,8727
لِيَقْضِيَ,6967,No,2,8:42,الأنفال,1,5765
لِيَهْلِكَ,6968,No,1,8:42,الأنفال,1,13575
حَيَّ,6969,No,1,8:42,الأنفال,1,10289
لَسَمِيعٌ,6970,No,1,8:42,الأنفال,1,13075
يُرِيكَهُمُ,6971,No,1,8:43,الأنفال,1,17349
مَنَامِكَ,6972,No,1,8:43,الأنفال,1,13832
أَرَاكَهُمْ,6973,No,1,8:43,الأنفال,1,7027
لَفَشِلْتُمْ,6974,No,1,8:43,الأنفال,1,13131
وَلَتَنَازَعْتُمْ,6975,No,1,8:43,الأنفال,1,16039
سَلَّمَ,6976,No,1,8:43,الأنفال,1,10973
يُرِيكُمُوهُمْ,6977,No,1,8:44,الأنفال,1,17350
الْتَقَيْتُمْ,6978,No,1,8:44,الأنفال,1,8323
أَعْيُنِكُمْ,6979,No,1,8:44,الأنفال,1,7231
وَيُقَلِّلُكُمْ,6980,No,1,8:44,الأنفال,1,16563
أَعْيُنِهِمْ,6981,No,2,8:44,الأنفال,2,4088
لَقِيتُمْ,6982,No,1,8:45,الأنفال,1,13143
فَاثْبُتُوا,6983,No,1,8:45,الأنفال,1,11892
تَنَازَعُوا,6984,No,1,8:46,الأنفال,1,9772
فَتَفْشَلُوا,6985,No,1,8:46,الأنفال,1,12093
وَتَذْهَبَ,6986,No,1,8:46,الأنفال,1,15373
رِيحُكُمْ,6987,No,1,8:46,الأنفال,1,10785
بَطَرًا,6988,No,1,8:47,الأنفال,1,8870
وَرِئَاءَ,6989,No,1,8:47,الأنفال,1,15669
وَيَصُدُّونَ,6990,No,4,8:47,الأنفال,4,2748
جَارٌ,6991,No,1,8:48,الأنفال,1,10073
تَرَاءَتِ,6992,No,1,8:48,الأنفال,1,9485
الْفِئَتَانِ,6993,No,1,8:48,الأنفال,1,8509
نَكَصَ,6994,No,1,8:48,الأنفال,1,14402
أَرَى,6995,No,5,8:48,الأنفال,5,1739
تَرَوْنَ,6996,No,2,8:48,الأنفال,2,4729
الْمُنَافِقُونَ,6997,No,7,8:49,الأنفال,5,1307
غَرَّ,6998,No,1,8:49,الأنفال,1,11671
دِينُهُمْ,6999,No,1,8:49,الأنفال,1,10571
يَتَوَكَّلْ,7000,No,2,8:49,الأنفال,2,6473
يَتَوَفَّى,7001,No,2,8:50,الأنفال,2,6472
يَضْرِبُونَ,7002,No,3,8:50,الأنفال,3,3895
وُجُوهَهُمْ,7003,No,3,8:50,الأنفال,3,3846
وَأَدْبَارَهُمْ,7004,No,2,8:50,الأنفال,2,6044
وَذُوقُوا,7005,No,3,8:50,الأنفال,3,3754
قَوِيٌّ,7006,No,4,8:52,الأنفال,4,2535
يَكُ,7007,No,8,8:53,الأنفال,6,1251
مُغَيِّرًا,7008,No,1,8:53,الأنفال,1,14053
نِعْمَةً,7009,No,4,8:53,الأنفال,3,2650
أَنْعَمَهَا,7010,No,1,8:53,الأنفال,1,7457
يُغَيِّرُوا,7011,No,2,8:53,الأنفال,2,6662
وَكُلٌّ,7012,No,5,8:54,الأنفال,5,2065
عَاهَدْتَ,7013,No,1,8:56,الأنفال,1,11453
عَهْدَهُمْ,7014,No,2,8:56,الأنفال,2,5301
تَثْقَفَنَّهُمْ,7015,No,1,8:57,الأنفال,1,9385
الْحَرْبِ,7016,No,1,8:57,الأنفال,1,8361
فَشَرِّدْ,7017,No,1,8:57,الأنفال,1,12250
تَخَافَنَّ,7018,No,1,8:58,الأنفال,1,9428
خِيَانَةً,7019,No,1,8:58,الأنفال,1,10486
فَانْبِذْ,7020,No,1,8:58,الأنفال,1,12025
الْخَائِنِينَ,7021,No,2,8:58,الأنفال,2,4387
سَبَقُوا,7022,No,1,8:59,الأنفال,1,10905
يُعْجِزُونَ,7023,No,1,8:59,الأنفال,1,17458
وَأَعِدُّوا,7024,No,1,8:60,الأنفال,1,14725
اسْتَطَعْتُمْ,7025,No,5,8:60,الأنفال,5,1769
قُوَّةٍ,7026,No,6,8:60,الأنفال,6,1625
رِبَاطِ,7027,No,1,8:60,الأنفال,1,10759
الْخَيْلِ,7028,No,1,8:60,الأنفال,1,8424
تُرْهِبُونَ,7029,No,1,8:60,الأنفال,1,9903
عَدُوَّ,7030,No,1,8:60,الأنفال,1,11472
وَعَدُوَّكُمْ,7031,No,2,8:60,الأنفال,2,6297
وَآخَرِينَ,7032,No,3,8:60,الأنفال,3,3659
دُونِهِمْ,7033,No,3,8:60,الأنفال,3,3245
تَعْلَمُونَهُمُ,7034,No,1,8:60,الأنفال,1,9648
يَعْلَمُهُمْ,7035,No,3,8:60,الأنفال,3,3904
جَنَحُوا,7036,No,1,8:61,الأنفال,1,10114
لِلسَّلْمِ,7037,No,1,8:61,الأنفال,1,13451
فَاجْنَحْ,7038,No,1,8:61,الأنفال,1,11899
يُرِيدُوا,7039,No,2,8:62,الأنفال,1,6636
يَخْدَعُوكَ,7040,No,1,8:62,الأنفال,1,16784
حَسْبَكَ,7041,No,1,8:62,الأنفال,1,10237
أَيَّدَكَ,7042,No,1,8:62,الأنفال,1,7532
وَبِالْمُؤْمِنِينَ,7043,No,1,8:62,الأنفال,1,15327
وَأَلَّفَ,7044,No,1,8:63,الأنفال,1,14757
أَنْفَقْتَ,7045,No,1,8:63,الأنفال,1,7458
أَلَّفْتَ,7046,No,1,8:63,الأنفال,1,7336
أَلَّفَ,7047,No,1,8:63,الأنفال,1,7335
حَسْبُكَ,7048,No,1,8:64,الأنفال,1,10238
اتَّبَعَكَ,7049,No,4,8:64,الأنفال,4,2215
حَرِّضِ,7050,No,1,8:65,الأنفال,1,10218
الْقِتَالِ,7051,No,1,8:65,الأنفال,1,8549
عِشْرُونَ,7052,No,1,8:65,الأنفال,1,11642
صَابِرُونَ,7053,No,1,8:65,الأنفال,1,11195
يَغْلِبُوا,7054,No,4,8:65,الأنفال,1,2787
مِائَتَيْنِ,7055,No,2,8:65,الأنفال,1,5922
مِائَةٌ,7056,No,2,8:65,الأنفال,1,5921
أَلْفًا,7057,No,1,8:65,الأنفال,1,7346
خَفَّفَ,7058,No,1,8:66,الأنفال,1,10415
وَعَلِمَ,7059,No,1,8:66,الأنفال,1,15860
ضَعْفًا,7060,No,2,8:66,الأنفال,2,5204
صَابِرَةٌ,7061,No,1,8:66,الأنفال,1,11194
أَلْفٌ,7062,No,1,8:66,الأنفال,1,7347
أَلْفَيْنِ,7063,No,1,8:66,الأنفال,1,7352
أَسْرَى,7064,No,2,8:67,الأنفال,2,4056
يُثْخِنَ,7065,No,1,8:67,الأنفال,1,17263
سَبَقَ,7066,No,4,8:68,الأنفال,4,2441
لَمَسَّكُمْ,7067,No,2,8:68,الأنفال,2,5689
أَخَذْتُمْ,7068,No,1,8:68,الأنفال,1,6955
الْأَسْرَى,7069,No,1,8:70,الأنفال,1,8210
يُؤْتِكُمْ,7070,No,3,8:70,الأنفال,3,3925
أُخِذَ,7071,No,1,8:70,الأنفال,1,7567
خِيَانَتَكَ,7072,No,1,8:71,الأنفال,1,10487
خَانُوا,7073,No,1,8:71,الأنفال,1,10381
فَأَمْكَنَ,7074,No,1,8:71,الأنفال,1,11832
وَهَاجَرُوا,7075,No,4,8:72,الأنفال,2,2744
آوَوْا,7076,No,2,8:72,الأنفال,1,3978
وَنَصَرُوا,7077,No,2,8:72,الأنفال,1,6392
وَلَايَتِهِمْ,7078,No,1,8:72,الأنفال,1,16030
اسْتَنْصَرُوكُمْ,7079,No,1,8:72,الأنفال,1,7829
فَعَلَيْكُمُ,7080,No,1,8:72,الأنفال,1,12308
تَفْعَلُوهُ,7081,No,1,8:73,الأنفال,1,9679
وَفَسَادٌ,7082,No,1,8:73,الأنفال,1,15905
بَرَاءَةٌ,7083,No,2,9:1,التوبة,2,4527
عَاهَدْتُمْ,7084,No,4,9:1,التوبة,2,2478
فَسِيحُوا,7085,No,1,9:2,التوبة,1,12248
مُعْجِزِي,7086,No,2,9:2,التوبة,1,5899
مُخْزِي,7087,No,1,9:2,التوبة,1,13954
وَأَذَانٌ,7088,No,1,9:3,التوبة,1,14673
الْأَكْبَرِ,7089,No,2,9:3,التوبة,2,4338
يَنْقُصُوكُمْ,7090,No,1,9:4,التوبة,1,17182
يُظَاهِرُوا,7091,No,1,9:4,التوبة,1,17437
فَأَتِمُّوا,7092,No,1,9:4,التوبة,1,11750
مُدَّتِهِمْ,7093,No,1,9:4,التوبة,1,13959
انْسَلَخَ,7094,No,1,9:5,التوبة,1,8779
الْأَشْهُرُ,7095,No,1,9:5,التوبة,1,8216
الْحُرُمُ,7096,No,1,9:5,التوبة,1,8382
وَخُذُوهُمْ,7097,No,1,9:5,التوبة,1,15583
وَاحْصُرُوهُمْ,7098,No,1,9:5,التوبة,1,14910
وَاقْعُدُوا,7099,No,1,9:5,التوبة,1,15002
مَرْصَدٍ,7100,No,1,9:5,التوبة,1,13701
فَخَلُّوا,7101,No,1,9:5,التوبة,1,12166
سَبِيلَهُمْ,7102,No,1,9:5,التوبة,1,10909
اسْتَجَارَكَ,7103,No,1,9:6,التوبة,1,7804
فَأَجِرْهُ,7104,No,1,9:6,التوبة,1,11758
يَسْمَعَ,7105,No,1,9:6,التوبة,1,16926
أَبْلِغْهُ,7106,No,1,9:6,التوبة,1,6816
مَأْمَنَهُ,7107,No,1,9:6,التوبة,1,13616
لِلْمُشْرِكِينَ,7108,No,4,9:7,التوبة,2,2581
عَهْدٌ,7109,No,1,9:7,التوبة,1,11579
وَعِنْدَ,7110,No,3,9:7,التوبة,3,3777
اسْتَقَامُوا,7111,No,4,9:7,التوبة,4,2219
فَاسْتَقِيمُوا,7112,No,2,9:7,التوبة,2,5393
يَظْهَرُوا,7113,No,3,9:8,التوبة,3,3898
يَرْقُبُوا,7114,No,1,9:8,التوبة,1,16850
إِلًّا,7115,No,2,9:8,التوبة,1,4197
ذِمَّةً,7116,No,2,9:8,التوبة,1,5008
يُرْضُونَكُمْ,7117,No,1,9:8,التوبة,1,17355
وَتَأْبَى,7118,No,1,9:8,التوبة,1,15345
فَصَدُّوا,7119,No,3,9:9,التوبة,3,3416
يَرْقُبُونَ,7120,No,1,9:10,التوبة,1,16851
مُؤْمِنٍ,7121,No,1,9:10,التوبة,1,13887
الْمُعْتَدُونَ,7122,No,1,9:10,التوبة,1,8694
وَنُفَصِّلُ,7123,No,1,9:11,التوبة,1,16313
نَكَثُوا,7124,No,2,9:12,التوبة,1,5987
أَيْمَانَهُمْ,7125,No,4,9:12,التوبة,3,2199
عَهْدِهِمْ,7126,No,1,9:12,التوبة,1,11583
وَطَعَنُوا,7127,No,1,9:12,التوبة,1,15802
أَئِمَّةَ,7128,No,1,9:12,التوبة,1,6774
أَيْمَانَ,7129,No,1,9:12,التوبة,1,7546
يَنْتَهُونَ,7130,No,1,9:12,التوبة,1,17157
وَهَمُّوا,7131,No,2,9:13,التوبة,1,6400
بِإِخْرَاجِ,7132,No,1,9:13,التوبة,1,8993
بَدَءُوكُمْ,7133,No,1,9:13,التوبة,1,8837
أَتَخْشَوْنَهُمْ,7134,No,1,9:13,التوبة,1,6835
تَخْشَوْهُ,7135,No,1,9:13,التوبة,1,9451
قَاتِلُوهُمْ,7136,No,1,9:14,التوبة,1,12602
يُعَذِّبْهُمُ,7137,No,2,9:14,التوبة,1,6657
وَيُخْزِهِمْ,7138,No,1,9:14,التوبة,1,16528
وَيَنْصُرْكُمْ,7139,No,1,9:14,التوبة,1,16489
وَيَشْفِ,7140,No,1,9:14,التوبة,1,16450
صُدُورَ,7141,No,1,9:14,التوبة,1,11279
وَيُذْهِبْ,7142,No,1,9:15,التوبة,1,16539
غَيْظَ,7143,No,1,9:15,التوبة,1,11706
وَيَتُوبُ,7144,No,1,9:15,التوبة,1,16395
تُتْرَكُوا,7145,No,1,9:16,التوبة,1,9853
وَلِيجَةً,7146,No,1,9:16,التوبة,1,16128
يَعْمُرُوا,7147,No,1,9:17,التوبة,1,17019
شَاهِدِينَ,7148,No,2,9:17,التوبة,2,5133
يَعْمُرُ,7149,No,1,9:18,التوبة,1,17018
يَخْشَ,7150,No,1,9:18,التوبة,1,16790
يَكُونُوا,7151,No,13,9:18,التوبة,11,747
أَجَعَلْتُمْ,7152,No,1,9:19,التوبة,1,6893
سِقَايَةَ,7153,No,1,9:19,التوبة,1,11086
الْحَاجِّ,7154,No,1,9:19,التوبة,1,8349
وَعِمَارَةَ,7155,No,1,9:19,التوبة,1,15876
وَجَاهَدَ,7156,No,1,9:19,التوبة,1,15483
يَسْتَوُونَ,7157,No,3,9:19,التوبة,3,3885
أَعْظَمُ,7158,No,2,9:20,التوبة,2,4081
الْفَائِزُونَ,7159,No,4,9:20,التوبة,4,2267
يُبَشِّرُهُمْ,7160,No,1,9:21,التوبة,1,17239
وَرِضْوَانٍ,7161,No,2,9:21,التوبة,1,6259
نَعِيمٌ,7162,No,1,9:21,التوبة,1,14352
وَإِخْوَانَكُمْ,7163,No,1,9:23,التوبة,1,14855
اسْتَحَبُّوا,7164,No,2,9:23,التوبة,2,4230
الْإِيمَانِ,7165,No,3,9:23,التوبة,3,2976
وَإِخْوَانُكُمْ,7166,No,1,9:24,التوبة,1,14857
وَأَزْوَاجُكُمْ,7167,No,2,9:24,التوبة,2,6047
وَعَشِيرَتُكُمْ,7168,No,1,9:24,التوبة,1,15846
وَأَمْوَالٌ,7169,No,1,9:24,التوبة,1,14777
اقْتَرَفْتُمُوهَا,7170,No,1,9:24,التوبة,1,7893
وَتِجَارَةٌ,7171,No,1,9:24,التوبة,1,15465
تَخْشَوْنَ,7172,No,1,9:24,التوبة,1,9450
كَسَادَهَا,7173,No,1,9:24,التوبة,1,12852
وَمَسَاكِنُ,7174,No,1,9:24,التوبة,1,16194
تَرْضَوْنَهَا,7175,No,1,9:24,التوبة,1,9513
أَحَبَّ,7176,No,1,9:24,التوبة,1,6912
وَجِهَادٍ,7177,No,1,9:24,التوبة,1,15516
فَتَرَبَّصُوا,7178,No,4,9:24,التوبة,3,2512
مَوَاطِنَ,7179,No,1,9:25,التوبة,1,13850
كَثِيرَةٍ,7180,No,3,9:25,التوبة,3,3467
حُنَيْنٍ,7181,No,1,9:25,التوبة,1,10318
كَثْرَتُكُمْ,7182,No,1,9:25,التوبة,1,12830
تُغْنِ,7183,No,3,9:25,التوبة,3,3166
وَضَاقَتْ,7184,No,2,9:25,التوبة,1,6287
رَحُبَتْ,7185,No,2,9:25,التوبة,1,5023
وَلَّيْتُمْ,7186,No,1,9:25,التوبة,1,16088
مُدْبِرِينَ,7187,No,6,9:25,التوبة,6,1648
سَكِينَتَهُ,7188,No,3,9:26,التوبة,2,3275
جُنُودًا,7189,No,1,9:26,التوبة,1,10149
تَرَوْهَا,7190,No,3,9:26,التوبة,2,3125
وَعَذَّبَ,7191,No,1,9:26,التوبة,1,15839
الْمُشْرِكُونَ,7192,No,3,9:28,التوبة,2,3033
نَجَسٌ,7193,No,1,9:28,التوبة,1,14253
يَقْرَبُوا,7194,No,1,9:28,التوبة,1,17075
الْمَسْجِدَ,7195,No,3,9:28,التوبة,3,3019
عَامِهِمْ,7196,No,1,9:28,التوبة,1,11452
عَيْلَةً,7197,No,1,9:28,التوبة,1,11589
يُغْنِيكُمُ,7198,No,1,9:28,التوبة,1,17477
يُحَرِّمُونَ,7199,No,1,9:29,التوبة,1,17284
يَدِينُونَ,7200,No,1,9:29,التوبة,1,16807
دِينَ,7201,No,1,9:29,التوبة,1,10568
يُعْطُوا,7202,No,1,9:29,التوبة,1,17464
الْجِزْيَةَ,7203,No,1,9:29,التوبة,1,8345
يَدٍ,7204,No,1,9:29,التوبة,1,16798
صَاغِرُونَ,7205,No,2,9:29,التوبة,2,5175
عُزَيْرٌ,7206,No,1,9:30,التوبة,1,11607
قَوْلُهُمْ,7207,No,4,9:30,التوبة,4,2536
يُضَاهِئُونَ,7208,No,1,9:30,التوبة,1,17416
قَاتَلَهُمُ,7209,No,2,9:30,التوبة,2,5536
أَحْبَارَهُمْ,7210,No,1,9:31,التوبة,1,6926
وَرُهْبَانَهُمْ,7211,No,1,9:31,التوبة,1,15667
وَالْمَسِيحَ,7212,No,1,9:31,التوبة,1,15223
لِيَعْبُدُوا,7213,No,2,9:31,التوبة,2,5764
يُطْفِئُوا,7214,No,1,9:32,التوبة,1,17436
نُورَ,7215,No,2,9:32,التوبة,2,6007
وَيَأْبَى,7216,No,1,9:32,التوبة,1,16369
نُورَهُ,7217,No,1,9:32,التوبة,1,14514
أَرْسَلَ,7218,No,5,9:33,التوبة,5,1740
رَسُولَهُ,7219,No,4,9:33,التوبة,3,2432
وَدِينِ,7220,No,3,9:33,التوبة,3,3751
لِيُظْهِرَهُ,7221,No,3,9:33,التوبة,3,3544
الْأَحْبَارِ,7222,No,1,9:34,التوبة,1,8194
وَالرُّهْبَانِ,7223,No,1,9:34,التوبة,1,15024
لَيَأْكُلُونَ,7224,No,2,9:34,التوبة,2,5700
يَكْنِزُونَ,7225,No,1,9:34,التوبة,1,17108
الذَّهَبَ,7226,No,1,9:34,التوبة,1,7951
وَالْفِضَّةَ,7227,No,1,9:34,التوبة,1,15206
يُنْفِقُونَهَا,7228,No,1,9:34,التوبة,1,17542
يُحْمَى,7229,No,1,9:35,التوبة,1,17303
نَارِ,7230,No,5,9:35,التوبة,4,2013
فَتُكْوَى,7231,No,1,9:35,التوبة,1,12129
جِبَاهُهُمْ,7232,No,1,9:35,التوبة,1,10164
وَجُنُوبُهُمْ,7233,No,1,9:35,التوبة,1,15506
وَظُهُورُهُمْ,7234,No,1,9:35,التوبة,1,15816
كَنَزْتُمْ,7235,No,1,9:35,التوبة,1,12884
تَكْنِزُونَ,7236,No,1,9:35,التوبة,1,9728
عِدَّةَ,7237,No,2,9:36,التوبة,1,5316
الشُّهُورِ,7238,No,1,9:36,التوبة,1,8063
اثْنَا,7239,No,1,9:36,التوبة,1,7749
شَهْرًا,7240,No,2,9:36,التوبة,2,5153
أَرْبَعَةٌ,7241,No,1,9:36,التوبة,1,7039
الْقَيِّمُ,7242,No,3,9:36,التوبة,3,3011
تَظْلِمُوا,7243,No,1,9:36,التوبة,1,9621
النَّسِيءُ,7244,No,1,9:37,التوبة,1,8153
زِيَادَةٌ,7245,No,1,9:37,التوبة,1,10856
يُضَلُّ,7246,No,1,9:37,التوبة,1,17417
يُحِلُّونَهُ,7247,No,1,9:37,التوبة,1,17292
عَامًا,7248,No,3,9:37,التوبة,2,3325
وَيُحَرِّمُونَهُ,7249,No,1,9:37,التوبة,1,16518
لِيُوَاطِئُوا,7250,No,1,9:37,التوبة,1,13608
فَيُحِلُّوا,7251,No,1,9:37,التوبة,1,12539
سُوءُ,7252,No,9,9:37,التوبة,6,1046
أَعْمَالِهِمْ,7253,No,1,9:37,التوبة,1,7222
اثَّاقَلْتُمْ,7254,No,1,9:38,التوبة,1,7748
أَرَضِيتُمْ,7255,No,1,9:38,التوبة,1,7032
بِالْحَيَاةِ,7256,No,3,9:38,التوبة,3,3082
تَنْفِرُوا,7257,No,2,9:39,التوبة,1,4794
يُعَذِّبْكُمْ,7258,No,3,9:39,التوبة,3,3944
وَيَسْتَبْدِلْ,7259,No,1,9:39,التوبة,1,16433
غَيْرَكُمْ,7260,No,3,9:39,التوبة,3,3369
تَضُرُّوهُ,7261,No,1,9:39,التوبة,1,9605
تَنْصُرُوهُ,7262,No,1,9:40,التوبة,1,9790
نَصَرَهُ,7263,No,1,9:40,التوبة,1,14321
أَخْرَجَهُ,7264,No,1,9:40,التوبة,1,6979
ثَانِيَ,7265,No,2,9:40,التوبة,2,4848
هُمَا,7266,No,1,9:40,التوبة,1,14572
الْغَارِ,7267,No,1,9:40,التوبة,1,8474
لِصَاحِبِهِ,7268,No,2,9:40,التوبة,2,5731
تَحْزَنْ,7269,No,5,9:40,التوبة,5,1846
مَعَنَا,7270,No,6,9:40,التوبة,5,1640
فَأَنْزَلَ,7271,No,3,9:40,التوبة,2,3381
وَأَيَّدَهُ,7272,No,1,9:40,التوبة,1,14814
بِجُنُودٍ,7273,No,2,9:40,التوبة,2,4632
كَلِمَةَ,7274,No,3,9:40,التوبة,2,3480
السُّفْلَى,7275,No,1,9:40,التوبة,1,8039
وَكَلِمَةُ,7276,No,1,9:40,التوبة,1,16005
الْعُلْيَا,7277,No,1,9:40,التوبة,1,8466
خِفَافًا,7278,No,1,9:41,التوبة,1,10473
وَثِقَالًا,7279,No,1,9:41,التوبة,1,15472
عَرَضًا,7280,No,1,9:42,التوبة,1,11485
قَرِيبًا,7281,No,9,9:42,التوبة,8,1065
وَسَفَرًا,7282,No,1,9:42,التوبة,1,15718
قَاصِدًا,7283,No,1,9:42,التوبة,1,12608
لَاتَّبَعُوكَ,7284,No,1,9:42,التوبة,1,12981
بَعُدَتْ,7285,No,1,9:42,التوبة,1,8878
الشُّقَّةُ,7286,No,1,9:42,التوبة,1,8060
وَسَيَحْلِفُونَ,7287,No,1,9:42,التوبة,1,15731
لَوِ,7288,No,2,9:42,التوبة,2,5698
اسْتَطَعْنَا,7289,No,1,9:42,التوبة,1,7817
لَخَرَجْنَا,7290,No,1,9:42,التوبة,1,13056
أَذِنْتَ,7291,No,1,9:43,التوبة,1,7015
وَتَعْلَمَ,7292,No,1,9:43,التوبة,1,15406
يَسْتَأْذِنُكَ,7293,No,2,9:44,التوبة,1,6517
يُجَاهِدُوا,7294,No,2,9:44,التوبة,1,6620
وَارْتَابَتْ,7295,No,1,9:45,التوبة,1,14928
رَيْبِهِمْ,7296,No,1,9:45,التوبة,1,10728
يَتَرَدَّدُونَ,7297,No,1,9:45,التوبة,1,16691
الْخُرُوجَ,7298,No,1,9:46,التوبة,1,8425
لَأَعَدُّوا,7299,No,1,9:46,التوبة,1,12959
عُدَّةً,7300,No,1,9:46,التوبة,1,11600
انْبِعَاثَهُمْ,7301,No,1,9:46,التوبة,1,8772
فَثَبَّطَهُمْ,7302,No,1,9:46,التوبة,1,12135
اقْعُدُوا,7303,No,1,9:46,التوبة,1,7898
زَادُوكُمْ,7304,No,1,9:47,التوبة,1,10789
وَلَأَوْضَعُوا,7305,No,1,9:47,التوبة,1,16023
خِلَالَكُمْ,7306,No,1,9:47,التوبة,1,10481
يَبْغُونَكُمُ,7307,No,1,9:47,التوبة,1,16670
الْفِتْنَةَ,7308,No,3,9:47,التوبة,2,3003
لَقَدِ,7309,No,2,9:48,التوبة,2,5681
ابْتَغَوُا,7310,No,1,9:48,التوبة,1,7712
وَقَلَّبُوا,7311,No,1,9:48,التوبة,1,15953
الْأُمُورَ,7312,No,1,9:48,التوبة,1,8276
وَظَهَرَ,7313,No,1,9:48,التوبة,1,15814
كَارِهُونَ,7314,No,5,9:48,التوبة,4,1970
ائْذَنْ,7315,No,1,9:49,التوبة,1,7710
تَفْتِنِّي,7316,No,1,9:49,التوبة,1,9669
سَقَطُوا,7317,No,1,9:49,التوبة,1,10956
لَمُحِيطَةٌ,7318,No,2,9:49,التوبة,2,5690
تُصِبْكَ,7319,No,2,9:50,التوبة,1,4824
أَمْرَنَا,7320,No,1,9:50,التوبة,1,7387
وَيَتَوَلَّوْا,7321,No,1,9:50,التوبة,1,16388
فَرِحُونَ,7322,No,3,9:50,التوبة,3,3411
يُصِيبَنَا,7323,No,1,9:51,التوبة,1,17399
تَرَبَّصُونَ,7324,No,1,9:52,التوبة,1,9491
بِنَا,7325,No,4,9:52,التوبة,4,2337
الْحُسْنَيَيْنِ,7326,No,1,9:52,التوبة,1,8385
نَتَرَبَّصُ,7327,No,2,9:52,التوبة,2,5945
يُصِيبَكُمُ,7328,No,1,9:52,التوبة,1,17397
بِأَيْدِينَا,7329,No,1,9:52,التوبة,1,8990
مُتَرَبِّصُونَ,7330,No,1,9:52,التوبة,1,13910
يُتَقَبَّلَ,7331,No,1,9:53,التوبة,1,17255
فَاسِقِينَ,7332,No,6,9:53,التوبة,6,1605
مَنَعَهُمْ,7333,No,1,9:54,التوبة,1,13835
نَفَقَاتُهُمْ,7334,No,1,9:54,التوبة,1,14369
وَبِرَسُولِهِ,7335,No,1,9:54,التوبة,1,15334
يَأْتُونَ,7336,No,4,9:54,التوبة,4,2755
تُعْجِبْكَ,7337,No,2,9:55,التوبة,1,4830
وَتَزْهَقَ,7338,No,2,9:55,التوبة,1,6202
وَيَحْلِفُونَ,7339,No,2,9:56,التوبة,2,6413
لَمِنْكُمْ,7340,No,1,9:56,التوبة,1,13195
وَلَكِنَّهُمْ,7341,No,1,9:56,التوبة,1,16058
يَفْرَقُونَ,7342,No,1,9:56,التوبة,1,17051
مَلْجَأً,7343,No,1,9:57,التوبة,1,13818
مَغَارَاتٍ,7344,No,1,9:57,التوبة,1,13766
مُدَّخَلًا,7345,No,1,9:57,التوبة,1,13961
لَوَلَّوْا,7346,No,1,9:57,التوبة,1,13241
يَجْمَحُونَ,7347,No,1,9:57,التوبة,1,16748
يَلْمِزُكَ,7348,No,1,9:58,التوبة,1,17127
أُعْطُوا,7349,No,1,9:58,التوبة,1,7601
رَضُوا,7350,No,4,9:58,التوبة,1,2433
يُعْطَوْا,7351,No,1,9:58,التوبة,1,17463
يَسْخَطُونَ,7352,No,1,9:58,التوبة,1,16915
سَيُؤْتِينَا,7353,No,1,9:59,التوبة,1,11030
رَاغِبُونَ,7354,No,2,9:59,التوبة,2,5014
الصَّدَقَاتُ,7355,No,1,9:60,التوبة,1,8075
وَالْعَامِلِينَ,7356,No,1,9:60,التوبة,1,15181
وَالْمُؤَلَّفَةِ,7357,No,1,9:60,التوبة,1,15232
وَالْغَارِمِينَ,7358,No,1,9:60,التوبة,1,15192
وَمِنْهُمُ,7359,No,1,9:61,التوبة,1,16234
يُؤْذُونَ,7360,No,4,9:61,التوبة,2,2797
أُذُنٌ,7361,No,2,9:61,التوبة,2,4174
أُذُنُ,7362,No,1,9:61,التوبة,1,7583
وَيُؤْمِنُ,7363,No,1,9:61,التوبة,1,16502
لِيُرْضُوكُمْ,7364,No,1,9:62,التوبة,1,13592
يُرْضُوهُ,7365,No,1,9:62,التوبة,1,17356
يَعْلَمُوا,7366,No,5,9:63,التوبة,2,2109
يُحَادِدِ,7367,No,1,9:63,التوبة,1,17278
نَارَ,7368,No,3,9:63,التوبة,2,3620
الْخِزْيُ,7369,No,1,9:63,التوبة,1,8432
يَحْذَرُ,7370,No,2,9:64,التوبة,2,6488
سُورَةٌ,7371,No,7,9:64,التوبة,3,1352
تُنَبِّئُهُمْ,7372,No,1,9:64,التوبة,1,9993
اسْتَهْزِئُوا,7373,No,1,9:64,التوبة,1,7831
تَحْذَرُونَ,7374,No,1,9:64,التوبة,1,9411
سَأَلْتَهُمْ,7375,No,7,9:65,التوبة,5,1343
لَيَقُولُنَّ,7376,No,10,9:65,التوبة,7,949
نَخُوضُ,7377,No,2,9:65,التوبة,2,5958
وَنَلْعَبُ,7378,No,1,9:65,التوبة,1,16291
أَبِاللَّهِ,7379,No,1,9:65,التوبة,1,6792
وَآيَاتِهِ,7380,No,2,9:65,التوبة,2,6034
تَسْتَهْزِئُونَ,7381,No,1,9:65,التوبة,1,9562
تَعْتَذِرُوا,7382,No,3,9:66,التوبة,2,3136
كَفَرْتُمْ,7383,No,6,9:66,التوبة,6,1626
نَعْفُ,7384,No,1,9:66,التوبة,1,14357
طَائِفَةٍ,7385,No,2,9:66,التوبة,1,5220
نُعَذِّبْ,7386,No,1,9:66,التوبة,1,14475
وَالْمُنَافِقَاتُ,7387,No,2,9:67,التوبة,2,6180
بِالْمُنْكَرِ,7388,No,1,9:67,التوبة,1,9069
الْمَعْرُوفِ,7389,No,1,9:67,التوبة,1,8608
وَيَقْبِضُونَ,7390,No,1,9:67,التوبة,1,16464
فَنَسِيَهُمْ,7391,No,1,9:67,التوبة,1,12463
وَالْمُنَافِقَاتِ,7392,No,3,9:68,التوبة,3,3727
حَسْبُهُمْ,7393,No,2,9:68,التوبة,2,4903
وَلَعَنَهُمُ,7394,No,1,9:68,التوبة,1,16052
قُوَّةً,7395,No,12,9:69,التوبة,8,790
وَأَكْثَرَ,7396,No,1,9:69,التوبة,1,14751
أَمْوَالًا,7397,No,2,9:69,التوبة,2,4132
وَأَوْلَادًا,7398,No,2,9:69,التوبة,2,6080
فَاسْتَمْتَعُوا,7399,No,1,9:69,التوبة,1,11950
بِخَلَاقِهِمْ,7400,No,2,9:69,التوبة,1,4637
فَاسْتَمْتَعْتُمْ,7401,No,1,9:69,التوبة,1,11951
بِخَلَاقِكُمْ,7402,No,1,9:69,التوبة,1,9113
وَخُضْتُمْ,7403,No,1,9:69,التوبة,1,15585
خَاضُوا,7404,No,1,9:69,التوبة,1,10363
نَبَأُ,7405,No,4,9:70,التوبة,4,2629
وَعَادٍ,7406,No,3,9:70,التوبة,3,3772
وَثَمُودَ,7407,No,9,9:70,التوبة,9,1094
وَقَوْمِ,7408,No,1,9:70,التوبة,1,15964
وَأَصْحَابِ,7409,No,1,9:70,التوبة,1,14709
وَالْمُؤْتَفِكَاتِ,7410,No,1,9:70,التوبة,1,15234
أَتَتْهُمْ,7411,No,1,9:70,التوبة,1,6833
لِيَظْلِمَهُمْ,7412,No,3,9:70,التوبة,3,3539
وَالْمُؤْمِنَاتُ,7413,No,2,9:71,التوبة,2,6177
وَيُطِيعُونَ,7414,No,1,9:71,التوبة,1,16556
سَيَرْحَمُهُمُ,7415,No,1,9:71,التوبة,1,11022
وَالْمُؤْمِنَاتِ,7416,No,9,9:72,التوبة,7,1092
وَمَسَاكِنَ,7417,No,2,9:72,التوبة,2,6375
عَدْنٍ,7418,No,11,9:72,التوبة,11,853
جَاهِدِ,7419,No,2,9:73,التوبة,2,4868
الْكُفَّارَ,7420,No,5,9:73,التوبة,4,1811
وَالْمُنَافِقِينَ,7421,No,4,9:73,التوبة,3,2701
وَاغْلُظْ,7422,No,2,9:73,التوبة,2,6120
وَمَأْوَاهُمْ,7423,No,4,9:73,التوبة,3,2737
وَكَفَرُوا,7424,No,2,9:74,التوبة,2,6332
إِسْلَامِهِمْ,7425,No,1,9:74,التوبة,1,7663
يَنَالُوا,7426,No,2,9:74,التوبة,2,6575
نَقَمُوا,7427,No,2,9:74,التوبة,2,5983
أَغْنَاهُمُ,7428,No,1,9:74,التوبة,1,7235
يَتُوبُوا,7429,No,2,9:74,التوبة,2,6480
يَتَوَلَّوْا,7430,No,1,9:74,التوبة,1,16720
عَاهَدَ,7431,No,2,9:75,التوبة,2,5266
آتَانَا,7432,No,1,9:75,التوبة,1,6704
لَنَصَّدَّقَنَّ,7433,No,1,9:75,التوبة,1,13207
وَلَنَكُونَنَّ,7434,No,1,9:75,التوبة,1,16068
آتَاهُمْ,7435,No,3,9:76,التوبة,3,2818
وَتَوَلَّوْا,7436,No,2,9:76,التوبة,2,6212
فَأَعْقَبَهُمْ,7437,No,1,9:77,التوبة,1,11805
نِفَاقًا,7438,No,1,9:77,التوبة,1,14535
يَلْقَوْنَهُ,7439,No,2,9:77,التوبة,2,6566
أَخْلَفُوا,7440,No,1,9:77,التوبة,1,6991
وَعَدُوهُ,7441,No,1,9:77,التوبة,1,15829
سِرَّهُمْ,7442,No,2,9:78,التوبة,2,5127
وَنَجْوَاهُمْ,7443,No,2,9:78,التوبة,2,6387
يَلْمِزُونَ,7444,No,1,9:79,التوبة,1,17128
الْمُطَّوِّعِينَ,7445,No,1,9:79,التوبة,1,8688
جُهْدَهُمْ,7446,No,1,9:79,التوبة,1,10156
فَيَسْخَرُونَ,7447,No,1,9:79,التوبة,1,12515
سَخِرَ,7448,No,1,9:79,التوبة,1,10931
اسْتَغْفِرْ,7449,No,2,9:80,التوبة,2,4233
تَسْتَغْفِرْ,7450,No,3,9:80,التوبة,2,3127
مَرَّةً,7451,No,3,9:80,التوبة,2,3554
يَغْفِرَ,7452,No,6,9:80,التوبة,5,1710
فَرِحَ,7453,No,2,9:81,التوبة,2,5444
الْمُخَلَّفُونَ,7454,No,3,9:81,التوبة,2,3031
بِمَقْعَدِهِمْ,7455,No,1,9:81,التوبة,1,9246
خِلَافَ,7456,No,1,9:81,التوبة,1,10477
رَسُولِ,7457,No,5,9:81,التوبة,4,1906
وَكَرِهُوا,7458,No,2,9:81,التوبة,2,6330
الْحَرِّ,7459,No,1,9:81,التوبة,1,8359
نَارُ,7460,No,4,9:81,التوبة,4,2627
حَرًّا,7461,No,1,9:81,التوبة,1,10208
فَلْيَضْحَكُوا,7462,No,1,9:82,التوبة,1,12424
وَلْيَبْكُوا,7463,No,1,9:82,التوبة,1,16162
رَجَعَكَ,7464,No,1,9:83,التوبة,1,10665
فَاسْتَأْذَنُوكَ,7465,No,1,9:83,التوبة,1,11933
لِلْخُرُوجِ,7466,No,1,9:83,التوبة,1,13476
تَخْرُجُوا,7467,No,1,9:83,التوبة,1,9442
رَضِيتُمْ,7468,No,1,9:83,التوبة,1,10699
بِالْقُعُودِ,7469,No,1,9:83,التوبة,1,9061
فَاقْعُدُوا,7470,No,1,9:83,التوبة,1,11997
الْخَالِفِينَ,7471,No,1,9:83,التوبة,1,8408
تُصَلِّ,7472,No,1,9:84,التوبة,1,9926
تَقُمْ,7473,No,2,9:84,التوبة,1,4771
قَبْرِهِ,7474,No,1,9:84,التوبة,1,12626
وَأَوْلَادُهُمْ,7475,No,1,9:85,التوبة,1,14810
أُنْزِلَتْ,7476,No,5,9:86,التوبة,3,1759
اسْتَأْذَنَكَ,7477,No,1,9:86,التوبة,1,7802
الطَّوْلِ,7478,No,2,9:86,التوبة,2,4302
ذَرْنَا,7479,No,1,9:86,التوبة,1,10581
الْخَوَالِفِ,7480,No,2,9:87,التوبة,1,4394
وَطُبِعَ,7481,No,1,9:87,التوبة,1,15807
الْخَيْرَاتُ,7482,No,1,9:88,التوبة,1,8421
الْمُعَذِّرُونَ,7483,No,1,9:90,التوبة,1,8691
الْأَعْرَابِ,7484,No,8,9:90,التوبة,3,1140
لِيُؤْذَنَ,7485,No,1,9:90,التوبة,1,13576
وَقَعَدَ,7486,No,1,9:90,التوبة,1,15951
الضُّعَفَاءِ,7487,No,1,9:91,التوبة,1,8102
الْمَرْضَى,7488,No,1,9:91,التوبة,1,8595
نَصَحُوا,7489,No,1,9:91,التوبة,1,14320
أَتَوْكَ,7490,No,1,9:92,التوبة,1,6849
لِتَحْمِلَهُمْ,7491,No,1,9:92,التوبة,1,13354
أَحْمِلُكُمْ,7492,No,1,9:92,التوبة,1,6943
وَأَعْيُنُهُمْ,7493,No,1,9:92,التوبة,1,14733
حَزَنًا,7494,No,1,9:92,التوبة,1,10225
السَّبِيلُ,7495,No,2,9:93,التوبة,2,4279
يَسْتَأْذِنُونَكَ,7496,No,2,9:93,التوبة,2,6518
وَطَبَعَ,7497,No,1,9:93,التوبة,1,15797
يَعْتَذِرُونَ,7498,No,1,9:94,التوبة,1,16998
نَبَّأَنَا,7499,No,1,9:94,التوبة,1,14223
أَخْبَارِكُمْ,7500,No,1,9:94,التوبة,1,6969
وَسَيَرَى,7501,No,1,9:94,التوبة,1,15732
عَمَلَكُمْ,7502,No,2,9:94,التوبة,1,5296
تُرَدُّونَ,7503,No,2,9:94,التوبة,2,4820
عَالِمِ,7504,No,5,9:94,التوبة,4,1935
سَيَحْلِفُونَ,7505,No,1,9:95,التوبة,1,11019
لِتُعْرِضُوا,7506,No,1,9:95,التوبة,1,13383
لِتَرْضَوْا,7507,No,1,9:96,التوبة,1,13356
تَرْضَوْا,7508,No,1,9:96,التوبة,1,9511
الْأَعْرَابُ,7509,No,2,9:97,التوبة,2,4333
وَنِفَاقًا,7510,No,1,9:97,التوبة,1,16333
وَأَجْدَرُ,7511,No,1,9:97,التوبة,1,14626
مَغْرَمًا,7512,No,1,9:98,التوبة,1,13768
وَيَتَرَبَّصُ,7513,No,1,9:98,التوبة,1,16382
الدَّوَائِرَ,7514,No,1,9:98,التوبة,1,7946
دَائِرَةُ,7515,No,2,9:98,التوبة,2,4971
السَّوْءِ,7516,No,6,9:98,التوبة,4,1488
وَيَتَّخِذُ,7517,No,1,9:99,التوبة,1,16393
قُرُبَاتٍ,7518,No,1,9:99,التوبة,1,12723
وَصَلَوَاتِ,7519,No,1,9:99,التوبة,1,15775
قُرْبَةٌ,7520,No,1,9:99,التوبة,1,12729
سَيُدْخِلُهُمُ,7521,No,1,9:99,التوبة,1,11032
وَالسَّابِقُونَ,7522,No,2,9:100,التوبة,2,6130
الْأَوَّلُونَ,7523,No,6,9:100,التوبة,6,1497
الْمُهَاجِرِينَ,7524,No,2,9:100,التوبة,2,4482
وَالْأَنْصَارِ,7525,No,2,9:100,التوبة,1,6150
اتَّبَعُوهُمْ,7526,No,1,9:100,التوبة,1,7730
تَحْتَهَا,7527,No,1,9:100,التوبة,1,9408
حَوْلَكُمْ,7528,No,2,9:101,التوبة,2,4913
مُنَافِقُونَ,7529,No,1,9:101,التوبة,1,14097
مَرَدُوا,7530,No,1,9:101,التوبة,1,13689
النِّفَاقِ,7531,No,1,9:101,التوبة,1,8172
تَعْلَمُهُمْ,7532,No,1,9:101,التوبة,1,9647
نَعْلَمُهُمْ,7533,No,1,9:101,التوبة,1,14360
سَنُعَذِّبُهُمْ,7534,No,1,9:101,التوبة,1,11008
مَرَّتَيْنِ,7535,No,5,9:101,التوبة,4,1997
عَذَابٍ,7536,No,13,9:101,التوبة,13,721
وَآخَرُونَ,7537,No,4,9:102,التوبة,2,2662
اعْتَرَفُوا,7538,No,1,9:102,التوبة,1,7875
خَلَطُوا,7539,No,1,9:102,التوبة,1,10421
عَمَلًا,7540,No,8,9:102,التوبة,6,1183
وَآخَرَ,7541,No,1,9:102,التوبة,1,14591
سَيِّئًا,7542,No,1,9:102,التوبة,1,11038
خُذْ,7543,No,1,9:103,التوبة,1,10450
صَدَقَةً,7544,No,2,9:103,التوبة,2,5185
تُطَهِّرُهُمْ,7545,No,1,9:103,التوبة,1,9938
وَتُزَكِّيهِمْ,7546,No,1,9:103,التوبة,1,15452
وَصَلِّ,7547,No,1,9:103,التوبة,1,15776
صَلَاتَكَ,7548,No,1,9:103,التوبة,1,11255
سَكَنٌ,7549,No,1,9:103,التوبة,1,10961
يَقْبَلُ,7550,No,2,9:104,التوبة,2,6556
التَّوْبَةَ,7551,No,2,9:104,التوبة,2,4253
وَيَأْخُذُ,7552,No,1,9:104,التوبة,1,16373
وَقُلِ,7553,No,4,9:105,التوبة,4,2723
فَسَيَرَى,7554,No,1,9:105,التوبة,1,12240
وَسَتُرَدُّونَ,7555,No,1,9:105,التوبة,1,15710
مُرْجَوْنَ,7556,No,1,9:106,التوبة,1,13971
لِأَمْرِ,7557,No,1,9:106,التوبة,1,13321
يُعَذِّبُهُمْ,7558,No,1,9:106,التوبة,1,17444
مَسْجِدًا,7559,No,2,9:107,التوبة,2,5806
وَتَفْرِيقًا,7560,No,1,9:107,التوبة,1,15412
وَإِرْصَادًا,7561,No,1,9:107,التوبة,1,14863
حَارَبَ,7562,No,1,9:107,التوبة,1,10182
وَلَيَحْلِفُنَّ,7563,No,1,9:107,التوبة,1,16077
لَمَسْجِدٌ,7564,No,1,9:108,التوبة,1,13170
أُسِّسَ,7565,No,1,9:108,التوبة,1,7592
أَوَّلِ,7566,No,1,9:108,التوبة,1,7498
تَقُومَ,7567,No,3,9:108,التوبة,3,3141
يُحِبُّونَ,7568,No,4,9:108,التوبة,4,2798
يَتَطَهَّرُوا,7569,No,1,9:108,التوبة,1,16694
الْمُطَّهِّرِينَ,7570,No,1,9:108,التوبة,1,8687
أَفَمَنْ,7571,No,15,9:109,التوبة,12,591
أَسَّسَ,7572,No,2,9:109,التوبة,1,4053
بُنْيَانَهُ,7573,No,2,9:109,التوبة,1,4574
تَقْوَى,7574,No,2,9:109,التوبة,2,4777
جُرُفٍ,7575,No,1,9:109,التوبة,1,10135
هَارٍ,7576,No,1,9:109,التوبة,1,14542
فَانْهَارَ,7577,No,1,9:109,التوبة,1,12043
يَزَالُ,7578,No,3,9:110,التوبة,3,3881
بُنْيَانُهُمُ,7579,No,1,9:110,التوبة,1,8947
بَنَوْا,7580,No,1,9:110,التوبة,1,8915
رِيبَةً,7581,No,1,9:110,التوبة,1,10782
اشْتَرَى,7582,No,1,9:111,التوبة,1,7848
وَأَمْوَالَهُمْ,7583,No,2,9:111,التوبة,2,6067
فَيَقْتُلُونَ,7584,No,1,9:111,التوبة,1,12525
وَيُقْتَلُونَ,7585,No,1,9:111,التوبة,1,16565
وَعْدًا,7586,No,7,9:111,التوبة,7,1426
وَالْقُرْآنِ,7587,No,4,9:111,التوبة,4,2698
فَاسْتَبْشِرُوا,7588,No,1,9:111,التوبة,1,11935
بِبَيْعِكُمُ,7589,No,1,9:111,التوبة,1,9085
بَايَعْتُمْ,7590,No,1,9:111,التوبة,1,8829
التَّائِبُونَ,7591,No,1,9:112,التوبة,1,7907
الْعَابِدُونَ,7592,No,1,9:112,التوبة,1,8435
الْحَامِدُونَ,7593,No,1,9:112,التوبة,1,8352
السَّائِحُونَ,7594,No,1,9:112,التوبة,1,8002
الرَّاكِعُونَ,7595,No,1,9:112,التوبة,1,7962
السَّاجِدُونَ,7596,No,1,9:112,التوبة,1,8005
الْآمِرُونَ,7597,No,1,9:112,التوبة,1,8182
وَالنَّاهُونَ,7598,No,1,9:112,التوبة,1,15082
وَالْحَافِظُونَ,7599,No,1,9:112,التوبة,1,15159
لِحُدُودِ,7600,No,1,9:112,التوبة,1,13395
لِلنَّبِيِّ,7601,No,2,9:113,التوبة,2,5744
يَسْتَغْفِرُوا,7602,No,1,9:113,التوبة,1,16897
اسْتِغْفَارُ,7603,No,1,9:114,التوبة,1,7843
مَوْعِدَةٍ,7604,No,1,9:114,التوبة,1,13869
وَعَدَهَا,7605,No,2,9:114,التوبة,2,6296
لَأَوَّاهٌ,7606,No,1,9:114,التوبة,1,12970
هَدَاهُمْ,7607,No,1,9:115,التوبة,1,14551
يُبَيِّنَ,7608,No,1,9:115,التوبة,1,17242
وَالْمُهَاجِرِينَ,7609,No,3,9:117,التوبة,3,3729
سَاعَةِ,7610,No,1,9:117,التوبة,1,10893
الْعُسْرَةِ,7611,No,1,9:117,التوبة,1,8463
كَادَ,7612,No,2,9:117,التوبة,2,5596
يَزِيغُ,7613,No,1,9:117,التوبة,1,16863
قُلُوبُ,7614,No,2,9:117,التوبة,2,5587
فَرِيقٍ,7615,No,1,9:117,التوبة,1,12210
الثَّلَاثَةِ,7616,No,1,9:118,التوبة,1,7931
خُلِّفُوا,7617,No,1,9:118,التوبة,1,10466
ضَاقَتْ,7618,No,1,9:118,التوبة,1,11307
مَلْجَأَ,7619,No,1,9:118,التوبة,1,13819
لِيَتُوبُوا,7620,No,1,9:118,التوبة,1,13540
وَكُونُوا,7621,No,1,9:119,التوبة,1,16018
لِأَهْلِ,7622,No,1,9:120,التوبة,1,13325
حَوْلَهُمْ,7623,No,1,9:120,التوبة,1,10280
يَتَخَلَّفُوا,7624,No,1,9:120,التوبة,1,16687
يَرْغَبُوا,7625,No,1,9:120,التوبة,1,16846
يُصِيبُهُمْ,7626,No,1,9:120,التوبة,1,17401
ظَمَأٌ,7627,No,1,9:120,التوبة,1,11395
نَصَبٌ,7628,No,3,9:120,التوبة,3,3628
مَخْمَصَةٌ,7629,No,1,9:120,التوبة,1,13679
يَطَئُونَ,7630,No,1,9:120,التوبة,1,16971
مَوْطِئًا,7631,No,1,9:120,التوبة,1,13867
يَغِيظُ,7632,No,2,9:120,التوبة,2,6551
يَنَالُونَ,7633,No,1,9:120,التوبة,1,17153
نَيْلًا,7634,No,1,9:120,التوبة,1,14426
عَمَلٌ,7635,No,2,9:120,التوبة,2,5293
صَالِحٌ,7636,No,2,9:120,التوبة,2,5177
نَفَقَةً,7637,No,1,9:121,التوبة,1,14370
صَغِيرَةً,7638,No,2,9:121,التوبة,2,5193
كَبِيرَةً,7639,No,2,9:121,التوبة,2,5606
يَقْطَعُونَ,7640,No,1,9:121,التوبة,1,17079
وَادِيًا,7641,No,1,9:121,التوبة,1,14921
لِيَجْزِيَهُمُ,7642,No,2,9:121,التوبة,2,5761
لِيَنْفِرُوا,7643,No,1,9:122,التوبة,1,13574
نَفَرَ,7644,No,1,9:122,التوبة,1,14365
فِرْقَةٍ,7645,No,1,9:122,التوبة,1,12588
لِيَتَفَقَّهُوا,7646,No,1,9:122,التوبة,1,13538
وَلِيُنْذِرُوا,7647,No,1,9:122,التوبة,1,16149
رَجَعُوا,7648,No,2,9:122,التوبة,2,5019
يَحْذَرُونَ,7649,No,2,9:122,التوبة,2,6489
يَلُونَكُمْ,7650,No,1,9:123,التوبة,1,17109
الْكُفَّارِ,7651,No,5,9:123,التوبة,4,1812
وَلْيَجِدُوا,7652,No,1,9:123,التوبة,1,16164
غِلْظَةً,7653,No,1,9:123,التوبة,1,11728
أَيُّكُمْ,7654,No,4,9:124,التوبة,4,2197
زَادَتْهُ,7655,No,1,9:124,التوبة,1,10787
فَزَادَتْهُمْ,7656,No,2,9:124,التوبة,1,5446
رِجْسًا,7657,No,1,9:125,التوبة,1,10762
رِجْسِهِمْ,7658,No,1,9:125,التوبة,1,10763
يُفْتَنُونَ,7659,No,3,9:126,التوبة,3,3946
نَظَرَ,7660,No,3,9:127,التوبة,3,3631
انْصَرَفُوا,7661,No,1,9:127,التوبة,1,8783
صَرَفَ,7662,No,1,9:127,التوبة,1,11235
حَرِيصٌ,7663,No,1,9:128,التوبة,1,10217
حَسْبِيَ,7664,No,2,9:129,التوبة,2,4904
تَوَكَّلْتُ,7665,No,7,9:129,التوبة,6,1324
الر,7666,No,5,10:1,يونس,5,1775
أَكَانَ,7667,No,1,10:2,يونس,1,7305
عَجَبًا,7668,No,4,10:2,يونس,3,2480
أَنْذِرِ,7669,No,1,10:2,يونس,1,7431
قَدَمَ,7670,No,1,10:2,يونس,1,12646
صِدْقٍ,7671,No,7,10:2,يونس,5,1358
يُدَبِّرُ,7672,No,4,10:3,يونس,3,2800
شَفِيعٍ,7673,No,3,10:3,يونس,3,3294
إِذْنِهِ,7674,No,1,10:3,يونس,1,7655
يَبْدَأُ,7675,No,6,10:4,يونس,3,1699
الْخَلْقَ,7676,No,8,10:4,يونس,4,1143
يُعِيدُهُ,7677,No,7,10:4,يونس,4,1446
لِيَجْزِيَ,7678,No,7,10:4,يونس,7,1385
ضِيَاءً,7679,No,1,10:5,يونس,1,11332
وَقَدَّرَهُ,7680,No,1,10:5,يونس,1,15935
مَنَازِلَ,7681,No,2,10:5,يونس,2,5840
عَدَدَ,7682,No,3,10:5,يونس,3,3331
السِّنِينَ,7683,No,2,10:5,يونس,2,4286
وَالْحِسَابَ,7684,No,2,10:5,يونس,2,6162
يُفَصِّلُ,7685,No,2,10:5,يونس,2,6665
اخْتِلَافِ,7686,No,1,10:6,يونس,1,7774
لِقَاءَنَا,7687,No,4,10:7,يونس,2,2577
وَاطْمَأَنُّوا,7688,No,1,10:7,يونس,1,14989
مَأْوَاهُمُ,7689,No,1,10:8,يونس,1,13619
بِإِيمَانِهِمْ,7690,No,1,10:9,يونس,1,8998
وَتَحِيَّتُهُمْ,7691,No,1,10:10,يونس,1,15359
وَآخِرُ,7692,No,1,10:10,يونس,1,14593
يُعَجِّلُ,7693,No,1,10:11,يونس,1,17440
الشَّرَّ,7694,No,1,10:11,يونس,1,8054
اسْتِعْجَالَهُمْ,7695,No,1,10:11,يونس,1,7842
بِالْخَيْرِ,7696,No,2,10:11,يونس,2,4610
فَنَذَرُ,7697,No,1,10:11,يونس,1,12459
الْإِنْسَانَ,7698,No,27,10:12,يونس,22,337
الضُّرُّ,7699,No,5,10:12,يونس,5,1784
دَعَانَا,7700,No,2,10:12,يونس,2,4980
لِجَنْبِهِ,7701,No,1,10:12,يونس,1,13389
قَاعِدًا,7702,No,1,10:12,يونس,1,12613
ضُرَّهُ,7703,No,1,10:12,يونس,1,11322
يَدْعُنَا,7704,No,1,10:12,يونس,1,16813
ضُرٍّ,7705,No,3,10:12,يونس,3,3311
مَسَّهُ,7706,No,6,10:12,يونس,4,1639
لِلْمُسْرِفِينَ,7707,No,2,10:12,يونس,2,5753
الْقُرُونَ,7708,No,2,10:13,يونس,2,4442
وَجَاءَتْهُمْ,7709,No,2,10:13,يونس,2,6218
لِنَنْظُرَ,7710,No,1,10:14,يونس,1,13510
ائْتِ,7711,No,2,10:15,يونس,2,4207
بِقُرْآنٍ,7712,No,1,10:15,يونس,1,9220
بَدِّلْهُ,7713,No,1,10:15,يونس,1,8847
أُبَدِّلَهُ,7714,No,1,10:15,يونس,1,7547
تِلْقَاءِ,7715,No,1,10:15,يونس,1,10025
تَلَوْتُهُ,7716,No,1,10:16,يونس,1,9734
أَدْرَاكُمْ,7717,No,1,10:16,يونس,1,7003
عُمُرًا,7718,No,1,10:16,يونس,1,11621
وَيَعْبُدُونَ,7719,No,4,10:18,يونس,4,2749
شُفَعَاؤُنَا,7720,No,1,10:18,يونس,1,11171
أَتُنَبِّئُونَ,7721,No,1,10:18,يونس,1,6868
فَاخْتَلَفُوا,7722,No,1,10:19,يونس,1,11906
كَلِمَةٌ,7723,No,6,10:19,يونس,6,1627
سَبَقَتْ,7724,No,7,10:19,يونس,7,1344
الْغَيْبُ,7725,No,3,10:20,يونس,3,2999
أَذَقْنَا,7726,No,4,10:21,يونس,4,2156
ضَرَّاءَ,7727,No,3,10:21,يونس,3,3309
مَسَّتْهُمْ,7728,No,2,10:21,يونس,2,5803
مَكْرٌ,7729,No,1,10:21,يونس,1,13800
مَكْرًا,7730,No,4,10:21,يونس,3,2604
رُسُلَنَا,7731,No,6,10:21,يونس,4,1573
تَمْكُرُونَ,7732,No,1,10:21,يونس,1,9763
يُسَيِّرُكُمْ,7733,No,1,10:22,يونس,1,17363
وَجَرَيْنَ,7734,No,1,10:22,يونس,1,15492
بِرِيحٍ,7735,No,2,10:22,يونس,2,4644
طَيِّبَةٍ,7736,No,2,10:22,يونس,2,5234
وَفَرِحُوا,7737,No,2,10:22,يونس,2,6310
جَاءَتْهَا,7738,No,1,10:22,يونس,1,10064
رِيحٌ,7739,No,2,10:22,يونس,2,5059
عَاصِفٌ,7740,No,1,10:22,يونس,1,11434
الْمَوْجُ,7741,No,2,10:22,يونس,2,4465
مَكَانٍ,7742,No,10,10:22,يونس,8,953
أُحِيطَ,7743,No,1,10:22,يونس,1,7559
دَعَوُا,7744,No,3,10:22,يونس,3,3240
أَنْجَيْتَنَا,7745,No,1,10:22,يونس,1,7425
أَنْجَاهُمْ,7746,No,1,10:23,يونس,1,7424
بَغْيُكُمْ,7747,No,1,10:23,يونس,1,8891
مَتَاعَ,7748,No,2,10:23,يونس,2,5781
فَنُنَبِّئُكُمْ,7749,No,1,10:23,يونس,1,12474
كَمَاءٍ,7750,No,2,10:24,يونس,2,5620
فَاخْتَلَطَ,7751,No,2,10:24,يونس,2,5375
نَبَاتُ,7752,No,2,10:24,يونس,2,5941
يَأْكُلُ,7753,No,4,10:24,يونس,3,2758
وَالْأَنْعَامُ,7754,No,1,10:24,يونس,1,15122
أَخَذَتِ,7755,No,1,10:24,يونس,1,6952
زُخْرُفَهَا,7756,No,1,10:24,يونس,1,10840
وَازَّيَّنَتْ,7757,No,1,10:24,يونس,1,14941
وَظَنَّ,7758,No,3,10:24,يونس,3,3771
قَادِرُونَ,7759,No,1,10:24,يونس,1,12603
أَتَاهَا,7760,No,3,10:24,يونس,3,2833
أَمْرُنَا,7761,No,8,10:24,يونس,4,1120
لَيْلًا,7762,No,5,10:24,يونس,5,1988
نَهَارًا,7763,No,2,10:24,يونس,1,5992
حَصِيدًا,7764,No,2,10:24,يونس,2,4905
تَغْنَ,7765,No,1,10:24,يونس,1,9658
بِالْأَمْسِ,7766,No,4,10:24,يونس,2,2317
دَارِ,7767,No,1,10:25,يونس,1,10499
وَزِيَادَةٌ,7768,No,1,10:26,يونس,1,15699
يَرْهَقُ,7769,No,1,10:26,يونس,1,16857
قَتَرٌ,7770,No,1,10:26,يونس,1,12632
ذِلَّةٌ,7771,No,4,10:26,يونس,3,2423
بِمِثْلِهَا,7772,No,1,10:27,يونس,1,9264
وَتَرْهَقُهُمْ,7773,No,1,10:27,يونس,1,15383
عَاصِمٍ,7774,No,2,10:27,يونس,2,5259
أُغْشِيَتْ,7775,No,1,10:27,يونس,1,7603
قِطَعًا,7776,No,1,10:27,يونس,1,12760
مُظْلِمًا,7777,No,1,10:27,يونس,1,14041
مَكَانَكُمْ,7778,No,1,10:28,يونس,1,13793
وَشُرَكَاؤُكُمْ,7779,No,1,10:28,يونس,1,15761
فَزَيَّلْنَا,7780,No,1,10:28,يونس,1,12219
إِيَّانَا,7781,No,2,10:28,يونس,2,4205
فَكَفَى,7782,No,1,10:29,يونس,1,12368
عِبَادَتِكُمْ,7783,No,1,10:29,يونس,1,11630
تَبْلُو,7784,No,1,10:30,يونس,1,9359
أَسْلَفَتْ,7785,No,1,10:30,يونس,1,7102
وَرُدُّوا,7786,No,1,10:30,يونس,1,15662
يَرْزُقُكُمْ,7787,No,5,10:31,يونس,5,2097
أَمَّنْ,7788,No,11,10:31,يونس,4,814
السَّمْعَ,7789,No,10,10:31,يونس,10,907
وَالْأَبْصَارَ,7790,No,5,10:31,يونس,5,2043
وَيُخْرِجُ,7791,No,2,10:31,يونس,2,6434
فَسَيَقُولُونَ,7792,No,4,10:31,يونس,4,2520
فَذَلِكُمُ,7793,No,1,10:32,يونس,1,12183
رَبُّكُمُ,7794,No,4,10:32,يونس,4,2428
الضَّلَالُ,7795,No,3,10:32,يونس,3,2953
تُصْرَفُونَ,7796,No,2,10:32,يونس,2,4826
حَقَّتْ,7797,No,5,10:33,يونس,4,1878
فَسَقُوا,7798,No,2,10:33,يونس,2,5449
شُرَكَائِكُمْ,7799,No,3,10:34,يونس,2,3297
لِلْحَقِّ,7800,No,6,10:35,يونس,5,1636
يُتَّبَعَ,7801,No,1,10:35,يونس,1,17257
يَهِدِّي,7802,No,1,10:35,يونس,1,17192
يُهْدَى,7803,No,1,10:35,يونس,1,17550
تَحْكُمُونَ,7804,No,4,10:35,يونس,3,2347
ظَنًّا,7805,No,2,10:36,يونس,2,5249
يُغْنِي,7806,No,10,10:36,يونس,10,976
يُفْتَرَى,7807,No,2,10:37,يونس,2,6666
تَصْدِيقَ,7808,No,2,10:37,يونس,2,4747
وَتَفْصِيلَ,7809,No,2,10:37,يونس,2,6206
افْتَرَاهُ,7810,No,7,10:38,يونس,6,1279
يُحِيطُوا,7811,No,1,10:39,يونس,1,17293
عَمَلِي,7812,No,1,10:41,يونس,1,11565
عَمَلُكُمْ,7813,No,1,10:41,يونس,1,11562
بَرِيئُونَ,7814,No,1,10:41,يونس,1,8854
أَعْمَلُ,7815,No,2,10:41,يونس,2,4083
يَسْتَمِعُونَ,7816,No,6,10:42,يونس,5,1707
أَفَأَنْتَ,7817,No,6,10:42,يونس,4,1459
تُسْمِعُ,7818,No,8,10:42,يونس,4,1164
الصُّمَّ,7819,No,4,10:42,يونس,4,2236
تَهْدِي,7820,No,3,10:43,يونس,3,3155
الْعُمْيَ,7821,No,2,10:43,يونس,2,4413
يَلْبَثُوا,7822,No,3,10:45,يونس,3,3916
يَتَعَارَفُونَ,7823,No,1,10:45,يونس,1,16695
نُرِيَنَّكَ,7824,No,4,10:46,يونس,4,2643
نَعِدُهُمْ,7825,No,4,10:46,يونس,4,2636
نَتَوَفَّيَنَّكَ,7826,No,3,10:46,يونس,3,3621
فَإِلَيْنَا,7827,No,2,10:46,يونس,2,5369
رَسُولُهُمْ,7828,No,1,10:47,يونس,1,10697
قُضِيَ,7829,No,6,10:47,يونس,6,1624
الْوَعْدُ,7830,No,7,10:48,يونس,6,1308
عَذَابُهُ,7831,No,1,10:50,يونس,1,11481
يَسْتَعْجِلُ,7832,No,2,10:50,يونس,2,6524
أَثُمَّ,7833,No,1,10:51,يونس,1,6882
آلْآنَ,7834,No,2,10:51,يونس,1,3975
الْخُلْدِ,7835,No,5,10:52,يونس,5,1804
وَيَسْتَنْبِئُونَكَ,7836,No,1,10:53,يونس,1,16445
أَحَقٌّ,7837,No,1,10:53,يونس,1,6923
إِي,7838,No,1,10:53,يونس,1,7698
وَرَبِّي,7839,No,3,10:53,يونس,3,3757
لَحَقٌّ,7840,No,3,10:53,يونس,3,3492
ظَلَمَتْ,7841,No,1,10:54,يونس,1,11388
لَافْتَدَتْ,7842,No,1,10:54,يونس,1,12993
وَأَسَرُّوا,7843,No,4,10:54,يونس,4,2668
النَّدَامَةَ,7844,No,2,10:54,يونس,2,4313
رَأَوُا,7845,No,4,10:54,يونس,4,2425
وَشِفَاءٌ,7846,No,2,10:57,يونس,2,6278
بِفَضْلِ,7847,No,1,10:58,يونس,1,9214
وَبِرَحْمَتِهِ,7848,No,1,10:58,يونس,1,15333
فَبِذَلِكَ,7849,No,1,10:58,يونس,1,12060
فَلْيَفْرَحُوا,7850,No,1,10:58,يونس,1,12428
رِزْقٍ,7851,No,3,10:59,يونس,3,3262
فَجَعَلْتُمْ,7852,No,1,10:59,يونس,1,12145
حَرَامًا,7853,No,1,10:59,يونس,1,10209
وَحَلَالًا,7854,No,1,10:59,يونس,1,15547
آللَّهُ,7855,No,2,10:59,يونس,2,3971
أَذِنَ,7856,No,5,10:59,يونس,5,1738
تَفْتَرُونَ,7857,No,2,10:59,يونس,2,4766
ظَنُّ,7858,No,2,10:60,يونس,2,5251
شَأْنٍ,7859,No,2,10:61,يونس,2,5130
قُرْآنٍ,7860,No,1,10:61,يونس,1,12726
عَمَلٍ,7861,No,2,10:61,يونس,2,5294
شُهُودًا,7862,No,2,10:61,يونس,2,5166
تُفِيضُونَ,7863,No,2,10:61,يونس,2,4832
يَعْزُبُ,7864,No,2,10:61,يونس,2,6546
مِثْقَالِ,7865,No,1,10:61,يونس,1,14148
أَصْغَرَ,7866,No,1,10:61,يونس,1,7155
الْبُشْرَى,7867,No,3,10:64,يونس,3,2980
تَبْدِيلَ,7868,No,2,10:64,يونس,2,4698
لِتَسْكُنُوا,7869,No,4,10:67,يونس,4,2573
وَالنَّهَارَ,7870,No,12,10:67,يونس,11,803
مُبْصِرًا,7871,No,3,10:67,يونس,3,3586
يُفْلِحُونَ,7872,No,2,10:69,يونس,2,6668
نُذِيقُهُمُ,7873,No,1,10:70,يونس,1,14441
الشَّدِيدَ,7874,No,1,10:70,يونس,1,8051
مَقَامِي,7875,No,2,10:71,يونس,2,5828
وَتَذْكِيرِي,7876,No,1,10:71,يونس,1,15372
فَعَلَى,7877,No,1,10:71,يونس,1,12306
فَأَجْمِعُوا,7878,No,2,10:71,يونس,2,5344
أَمْرَكُمْ,7879,No,1,10:71,يونس,1,7386
وَشُرَكَاءَكُمْ,7880,No,1,10:71,يونس,1,15760
أَمْرُكُمْ,7881,No,1,10:71,يونس,1,7389
غُمَّةً,7882,No,1,10:71,يونس,1,11720
اقْضُوا,7883,No,1,10:71,يونس,1,7897
سَأَلْتُكُمْ,7884,No,2,10:72,يونس,2,5071
أَجْرٍ,7885,No,10,10:72,يونس,6,898
أَجْرِيَ,7886,No,9,10:72,يونس,4,982
وَأُمِرْتُ,7887,No,6,10:72,يونس,5,1666
فَنَجَّيْنَاهُ,7888,No,3,10:73,يونس,3,3432
وَجَعَلْنَاهُمْ,7889,No,5,10:73,يونس,5,2047
الْمُنْذَرِينَ,7890,No,5,10:73,يونس,4,1817
قَوْمِهِمْ,7891,No,3,10:74,يونس,3,3454
فَجَاءُوهُمْ,7892,No,2,10:74,يونس,2,5426
نَطْبَعُ,7893,No,1,10:74,يونس,1,14339
عِنْدِنَا,7894,No,7,10:76,يونس,7,1364
لَسِحْرٌ,7895,No,1,10:76,يونس,1,13078
أَسِحْرٌ,7896,No,1,10:77,يونس,1,7084
السَّاحِرُونَ,7897,No,1,10:77,يونس,1,8006
لِتَلْفِتَنَا,7898,No,1,10:78,يونس,1,13373
وَتَكُونَ,7899,No,1,10:78,يونس,1,15423
الْكِبْرِيَاءُ,7900,No,2,10:78,يونس,2,4448
ائْتُونِي,7901,No,5,10:79,يونس,3,1765
مُلْقُونَ,7902,No,2,10:80,يونس,2,5908
جِئْتُمْ,7903,No,2,10:81,يونس,2,4890
السِّحْرُ,7904,No,1,10:81,يونس,1,8045
سَيُبْطِلُهُ,7905,No,1,10:81,يونس,1,11031
يُصْلِحُ,7906,No,1,10:81,يونس,1,17409
وَيُحِقُّ,7907,No,2,10:82,يونس,2,6433
لِمُوسَى,7908,No,1,10:83,يونس,1,13502
خَوْفٍ,7909,No,2,10:83,يونس,2,4964
وَمَلَئِهِمْ,7910,No,1,10:83,يونس,1,16211
يَفْتِنَهُمْ,7911,No,1,10:83,يونس,1,17047
لَعَالٍ,7912,No,1,10:83,يونس,1,13100
فَعَلَيْهِ,7913,No,4,10:84,يونس,4,2524
تَوَكَّلُوا,7914,No,1,10:84,يونس,1,9819
لِلْقَوْمِ,7915,No,3,10:85,يونس,3,3534
وَنَجِّنَا,7916,No,1,10:86,يونس,1,16247
بِرَحْمَتِكَ,7917,No,2,10:86,يونس,2,4642
وَأَخِيهِ,7918,No,4,10:87,يونس,3,2666
تَبَوَّآ,7919,No,1,10:87,يونس,1,9335
لِقَوْمِكُمَا,7920,No,1,10:87,يونس,1,13440
بِمِصْرَ,7921,No,1,10:87,يونس,1,9265
وَاجْعَلُوا,7922,No,1,10:87,يونس,1,14904
بُيُوتَكُمْ,7923,No,1,10:87,يونس,1,8952
آتَيْتَ,7924,No,2,10:88,يونس,2,3965
وَمَلَأَهُ,7925,No,1,10:88,يونس,1,16210
زِينَةً,7926,No,2,10:88,يونس,2,5068
وَأَمْوَالًا,7927,No,1,10:88,يونس,1,14776
لِيُضِلُّوا,7928,No,2,10:88,يونس,2,5771
سَبِيلِكَ,7929,No,1,10:88,يونس,1,10911
اطْمِسْ,7930,No,1,10:88,يونس,1,7870
وَاشْدُدْ,7931,No,1,10:88,يونس,1,14977
يَرَوُا,7932,No,3,10:88,يونس,2,3877
الْأَلِيمَ,7933,No,4,10:88,يونس,3,2244
أُجِيبَتْ,7934,No,1,10:89,يونس,1,7555
دَعْوَتُكُمَا,7935,No,1,10:89,يونس,1,10528
فَاسْتَقِيمَا,7936,No,1,10:89,يونس,1,11947
تَتَّبِعَانِّ,7937,No,1,10:89,يونس,1,9372
فَأَتْبَعَهُمْ,7938,No,2,10:90,يونس,2,5343
وَجُنُودُهُ,7939,No,3,10:90,يونس,3,3742
وَعَدْوًا,7940,No,1,10:90,يونس,1,15836
أَدْرَكَهُ,7941,No,1,10:90,يونس,1,7004
الْغَرَقُ,7942,No,1,10:90,يونس,1,8479
آمَنْتُ,7943,No,3,10:90,يونس,3,2824
بَنُو,7944,No,1,10:90,يونس,1,8917
عَصَيْتَ,7945,No,1,10:91,يونس,1,11522
وَكُنْتَ,7946,No,2,10:91,يونس,2,6334
نُنَجِّيكَ,7947,No,1,10:92,يونس,1,14501
بِبَدَنِكَ,7948,No,1,10:92,يونس,1,9078
لِتَكُونَ,7949,No,3,10:92,يونس,3,3520
خَلْفَكَ,7950,No,1,10:92,يونس,1,10428
لَغَافِلُونَ,7951,No,1,10:92,يونس,1,13120
بَوَّأْنَا,7952,No,2,10:93,يونس,2,4557
مُبَوَّأَ,7953,No,1,10:93,يونس,1,13895
وَرَزَقْنَاهُمْ,7954,No,3,10:93,يونس,3,3759
يَقْضِي,7955,No,4,10:93,يونس,4,2789
فَاسْأَلِ,7956,No,2,10:94,يونس,2,5388
يَقْرَءُونَ,7957,No,2,10:94,يونس,2,6560
قَرْيَةٌ,7958,No,1,10:98,يونس,1,12659
فَنَفَعَهَا,7959,No,1,10:98,يونس,1,12468
قَوْمَ,7960,No,8,10:98,يونس,5,1196
يُونُسَ,7961,No,2,10:98,يونس,2,6694
الْخِزْيِ,7962,No,2,10:98,يونس,2,4400
وَمَتَّعْنَاهُمْ,7963,No,1,10:98,يونس,1,16185
لَآمَنَ,7964,No,1,10:99,يونس,1,12944
كُلُّهُمْ,7965,No,3,10:99,يونس,3,3487
تُكْرِهُ,7966,No,1,10:99,يونس,1,9978
تُؤْمِنَ,7967,No,1,10:100,يونس,1,9840
وَيَجْعَلُ,7968,No,2,10:100,يونس,2,6411
تُغْنِي,7969,No,2,10:101,يونس,2,4831
وَالنُّذُرُ,7970,No,1,10:101,يونس,1,15095
يَنْتَظِرُونَ,7971,No,1,10:102,يونس,1,17156
أَيَّامِ,7972,No,1,10:102,يونس,1,7531
نُنَجِّي,7973,No,2,10:103,يونس,2,6003
نُنْجِ,7974,No,1,10:103,يونس,1,14506
دِينِي,7975,No,2,10:104,يونس,2,4991
أَعْبُدُ,7976,No,8,10:104,يونس,4,1118
أَقِمْ,7977,No,1,10:105,يونس,1,7286
لِلدِّينِ,7978,No,3,10:105,يونس,2,3527
تَدْعُ,7979,No,4,10:106,يونس,4,2352
يَنْفَعُكَ,7980,No,1,10:106,يونس,1,17174
يَضُرُّكَ,7981,No,1,10:106,يونس,1,16960
فَعَلْتَ,7982,No,3,10:106,يونس,3,3421
يُرِدْكَ,7983,No,1,10:107,يونس,1,17345
رَادَّ,7984,No,1,10:107,يونس,1,10639
لِفَضْلِهِ,7985,No,1,10:107,يونس,1,13435
يُصِيبُ,7986,No,1,10:107,يونس,1,17400
الْغَفُورُ,7987,No,11,10:107,يونس,11,826
اهْتَدَى,7988,No,7,10:108,يونس,6,1310
يَهْتَدِي,7989,No,3,10:108,يونس,3,3920
لِنَفْسِهِ,7990,No,10,10:108,يونس,8,950
وَاتَّبِعْ,7991,No,4,10:109,يونس,4,2681
وَاصْبِرْ,7992,No,7,10:109,يونس,7,1412
أُحْكِمَتْ,7993,No,1,11:1,هود,1,7564
فُصِّلَتْ,7994,No,3,11:1,هود,2,3438
لَدُنْ,7995,No,2,11:1,هود,2,5666
حَكِيمٍ,7996,No,4,11:1,هود,4,2396
خَبِيرٍ,7997,No,2,11:1,هود,2,4939
تَعْبُدُوا,7998,No,7,11:2,هود,6,1321
اسْتَغْفِرُوا,7999,No,3,11:3,هود,2,2919
تُوبُوا,8000,No,5,11:3,هود,2,1861
يُمَتِّعْكُمْ,8001,No,1,11:3,هود,1,17513
فَضْلَهُ,8002,No,2,11:3,هود,2,5461
كَبِيرٍ,8003,No,2,11:3,هود,2,5605
يَثْنُونَ,8004,No,1,11:5,هود,1,16736
صُدُورَهُمْ,8005,No,1,11:5,هود,1,11280
لِيَسْتَخْفُوا,8006,No,1,11:5,هود,1,13553
يَسْتَغْشُونَ,8007,No,1,11:5,هود,1,16896
ثِيَابَهُمْ,8008,No,2,11:5,هود,2,4860
رِزْقُهَا,8009,No,2,11:6,هود,2,5054
مُسْتَقَرَّهَا,8010,No,1,11:6,هود,1,13998
وَمُسْتَوْدَعَهَا,8011,No,1,11:6,هود,1,16224
عَرْشُهُ,8012,No,1,11:7,هود,1,11498
مَبْعُوثُونَ,8013,No,2,11:7,هود,2,5780
أَخَّرْنَا,8014,No,1,11:8,هود,1,6963
مَعْدُودَةٍ,8015,No,2,11:8,هود,2,5816
يَحْبِسُهُ,8016,No,1,11:8,هود,1,16757
مَصْرُوفًا,8017,No,1,11:8,هود,1,13737
وَحَاقَ,8018,No,7,11:8,هود,6,1420
نَزَعْنَاهَا,8019,No,1,11:9,هود,1,14289
لَيَئُوسٌ,8020,No,1,11:9,هود,1,13249
كَفُورٌ,8021,No,2,11:9,هود,2,5617
أَذَقْنَاهُ,8022,No,2,11:10,هود,2,4029
نَعْمَاءَ,8023,No,1,11:10,هود,1,14362
مَسَّتْهُ,8024,No,2,11:10,هود,2,5802
السَّيِّئَاتُ,8025,No,1,11:10,هود,1,8030
لَفَرِحٌ,8026,No,1,11:10,هود,1,13128
فَخُورٌ,8027,No,1,11:10,هود,1,12169
فَلَعَلَّكَ,8028,No,2,11:12,هود,2,5484
تَارِكٌ,8029,No,1,11:12,هود,1,9323
وَضَائِقٌ,8030,No,1,11:12,هود,1,15787
صَدْرُكَ,8031,No,2,11:12,هود,2,5188
كَنْزٌ,8032,No,3,11:12,هود,3,3482
بِعَشْرِ,8033,No,1,11:13,هود,1,9197
سُوَرٍ,8034,No,1,11:13,هود,1,11077
مُفْتَرَيَاتٍ,8035,No,1,11:13,هود,1,14059
فَإِلَّمْ,8036,No,1,11:14,هود,1,11874
يَسْتَجِيبُوا,8037,No,5,11:14,هود,4,2100
بِعِلْمِ,8038,No,1,11:14,هود,1,9207
وَزِينَتَهَا,8039,No,2,11:15,هود,2,6269
نُوَفِّ,8040,No,1,11:15,هود,1,14518
يُبْخَسُونَ,8041,No,1,11:15,هود,1,17245
وَحَبِطَ,8042,No,1,11:16,هود,1,15523
صَنَعُوا,8043,No,4,11:16,هود,3,2465
وَيَتْلُوهُ,8044,No,1,11:17,هود,1,16397
شَاهِدٌ,8045,No,3,11:17,هود,3,3290
كِتَابُ,8046,No,2,11:17,هود,2,5635
الْأَحْزَابِ,8047,No,4,11:17,هود,4,2242
فَالنَّارُ,8048,No,2,11:17,هود,2,5406
مَوْعِدُهُ,8049,No,1,11:17,هود,1,13873
مِرْيَةٍ,8050,No,5,11:17,هود,4,2010
يُعْرَضُونَ,8051,No,3,11:18,هود,3,3945
الْأَشْهَادُ,8052,No,2,11:18,هود,2,4331
مُعْجِزِينَ,8053,No,2,11:20,هود,2,5900
يُضَاعَفُ,8054,No,2,11:20,هود,2,6650
جَرَمَ,8055,No,5,11:22,هود,3,1866
الْأَخْسَرُونَ,8056,No,2,11:22,هود,2,4324
وَأَخْبَتُوا,8057,No,1,11:23,هود,1,14653
كَالْأَعْمَى,8058,No,1,11:24,هود,1,12801
وَالْأَصَمِّ,8059,No,1,11:24,هود,1,15114
وَالْبَصِيرِ,8060,No,1,11:24,هود,1,15138
وَالسَّمِيعِ,8061,No,1,11:24,هود,1,15039
يَسْتَوِيَانِ,8062,No,2,11:24,هود,2,6528
نَرَاكَ,8063,No,4,11:27,هود,2,2633
بَشَرًا,8064,No,9,11:27,هود,8,1012
مِثْلَنَا,8065,No,1,11:27,هود,1,14150
أَرَاذِلُنَا,8066,No,1,11:27,هود,1,7025
بَادِيَ,8067,No,1,11:27,هود,1,8808
الرَّأْيِ,8068,No,1,11:27,هود,1,7957
نَظُنُّكُمْ,8069,No,1,11:27,هود,1,14345
كَاذِبِينَ,8070,No,3,11:27,هود,3,3461
وَآتَانِي,8071,No,2,11:28,هود,1,6029
فَعُمِّيَتْ,8072,No,1,11:28,هود,1,12317
أَنُلْزِمُكُمُوهَا,8073,No,1,11:28,هود,1,7411
مَالًا,8074,No,7,11:29,هود,6,1387
بِطَارِدِ,8075,No,2,11:29,هود,2,4652
يَنْصُرُنِي,8076,No,2,11:30,هود,1,6583
طَرَدْتُهُمْ,8077,No,1,11:30,هود,1,11348
تَزْدَرِي,8078,No,1,11:31,هود,1,9530
أَعْيُنُكُمْ,8079,No,1,11:31,هود,1,7228
يُؤْتِيَهُمُ,8080,No,1,11:31,هود,1,17222
نُوحُ,8081,No,4,11:32,هود,2,2646
جَادَلْتَنَا,8082,No,1,11:32,هود,1,10071
فَأَكْثَرْتَ,8083,No,1,11:32,هود,1,11821
جِدَالَنَا,8084,No,1,11:32,هود,1,10168
يَنْفَعُكُمْ,8085,No,2,11:34,هود,2,6591
نُصْحِي,8086,No,1,11:34,هود,1,14467
أَرَدْتُ,8087,No,1,11:34,هود,1,7028
أَنْصَحَ,8088,No,1,11:34,هود,1,7448
يُغْوِيَكُمْ,8089,No,1,11:34,هود,1,17481
افْتَرَيْتُهُ,8090,No,2,11:35,هود,2,4247
فَعَلَيَّ,8091,No,1,11:35,هود,1,12307
إِجْرَامِي,8092,No,1,11:35,هود,1,7640
تُجْرِمُونَ,8093,No,1,11:35,هود,1,9859
يُؤْمِنَ,8094,No,1,11:36,هود,1,17227
قَوْمِكَ,8095,No,2,11:36,هود,2,5576
تَبْتَئِسْ,8096,No,2,11:36,هود,2,4696
وَاصْنَعِ,8097,No,1,11:37,هود,1,14986
الْفُلْكَ,8098,No,8,11:37,هود,7,1145
بِأَعْيُنِنَا,8099,No,4,11:37,هود,4,2312
وَوَحْيِنَا,8100,No,2,11:37,هود,2,6403
تُخَاطِبْنِي,8101,No,2,11:37,هود,2,4815
مُغْرَقُونَ,8102,No,3,11:37,هود,3,3602
وَيَصْنَعُ,8103,No,1,11:38,هود,1,16455
وَكُلَّمَا,8104,No,1,11:38,هود,1,16015
مَلَأٌ,8105,No,1,11:38,هود,1,13807
تَسْخَرُوا,8106,No,1,11:38,هود,1,9564
نَسْخَرُ,8107,No,1,11:38,هود,1,14308
تَسْخَرُونَ,8108,No,1,11:38,هود,1,9565
يَأْتِيهِ,8109,No,4,11:39,هود,3,2756
يُخْزِيهِ,8110,No,3,11:39,هود,2,3935
وَيَحِلُّ,8111,No,2,11:39,هود,2,6412
وَفَارَ,8112,No,2,11:40,هود,2,6308
التَّنُّورُ,8113,No,2,11:40,هود,2,4252
احْمِلْ,8114,No,1,11:40,هود,1,7766
كُلٍّ,8115,No,3,11:40,هود,3,3486
زَوْجَيْنِ,8116,No,4,11:40,هود,4,2437
وَأَهْلَكَ,8117,No,3,11:40,هود,3,3676
الْقَوْلُ,8118,No,12,11:40,هود,10,764
ارْكَبُوا,8119,No,1,11:41,هود,1,7796
مَجْرَاهَا,8120,No,1,11:41,هود,1,13661
وَمُرْسَاهَا,8121,No,1,11:41,هود,1,16222
مَوْجٍ,8122,No,1,11:42,هود,1,13862
كَالْجِبَالِ,8123,No,1,11:42,هود,1,12804
نُوحٌ,8124,No,6,11:42,هود,4,1660
ابْنَهُ,8125,No,1,11:42,هود,1,7722
مَعْزِلٍ,8126,No,1,11:42,هود,1,13762
بُنَيَّ,8127,No,6,11:42,هود,4,1525
ارْكَبْ,8128,No,1,11:42,هود,1,7797
سَآوِي,8129,No,1,11:43,هود,1,10858
يَعْصِمُنِي,8130,No,1,11:43,هود,1,17011
عَاصِمَ,8131,No,1,11:43,هود,1,11437
رَحِمَ,8132,No,4,11:43,هود,3,2430
وَحَالَ,8133,No,1,11:43,هود,1,15521
الْمُغْرَقِينَ,8134,No,1,11:43,هود,1,8696
ابْلَعِي,8135,No,1,11:44,هود,1,7718
مَاءَكِ,8136,No,1,11:44,هود,1,13621
سَمَاءُ,8137,No,1,11:44,هود,1,10979
أَقْلِعِي,8138,No,1,11:44,هود,1,7300
وَغِيضَ,8139,No,1,11:44,هود,1,15896
وَاسْتَوَتْ,8140,No,1,11:44,هود,1,14970
الْجُودِيِّ,8141,No,1,11:44,هود,1,8342
بُعْدًا,8142,No,4,11:44,هود,1,2308
ابْنِي,8143,No,1,11:45,هود,1,7724
أَهْلِي,8144,No,2,11:45,هود,2,4152
وَعْدَكَ,8145,No,1,11:45,هود,1,15882
أَحْكَمُ,8146,No,1,11:45,هود,1,6938
صَالِحٍ,8147,No,2,11:46,هود,1,5178
تَسْأَلْنِ,8148,No,1,11:46,هود,1,9538
أَعِظُكَ,8149,No,1,11:46,هود,1,7200
أَسْأَلَكَ,8150,No,1,11:47,هود,1,7085
وَإِلَّا,8151,No,2,11:47,هود,2,6097
وَتَرْحَمْنِي,8152,No,1,11:47,هود,1,15380
اهْبِطْ,8153,No,1,11:48,هود,1,8795
بِسَلَامٍ,8154,No,3,11:48,هود,3,3093
وَبَرَكَاتٍ,8155,No,1,11:48,هود,1,15289
وَأُمَمٌ,8156,No,1,11:48,هود,1,14835
سَنُمَتِّعُهُمْ,8157,No,1,11:48,هود,1,11012
يَمَسُّهُمْ,8158,No,2,11:48,هود,2,6570
نُوحِيهَا,8159,No,1,11:49,هود,1,14512
تَعْلَمُهَا,8160,No,1,11:49,هود,1,9646
فَاصْبِرْ,8161,No,11,11:49,هود,10,858
الْعَاقِبَةَ,8162,No,1,11:49,هود,1,8438
مُفْتَرُونَ,8163,No,1,11:50,هود,1,14060
فَطَرَنِي,8164,No,3,11:51,هود,3,3418
يُرْسِلِ,8165,No,2,11:52,هود,2,6639
وَيَزِدْكُمْ,8166,No,1,11:52,هود,1,16428
قُوَّتِكُمْ,8167,No,1,11:52,هود,1,12747
تَتَوَلَّوْا,8168,No,4,11:52,هود,4,2342
هُودُ,8169,No,1,11:53,هود,1,14575
بِتَارِكِي,8170,No,1,11:53,هود,1,9088
آلِهَتِنَا,8171,No,5,11:53,هود,4,1729
قَوْلِكَ,8172,No,1,11:53,هود,1,12707
اعْتَرَاكَ,8173,No,1,11:54,هود,1,7874
أُشْهِدُ,8174,No,1,11:54,هود,1,7596
وَاشْهَدُوا,8175,No,1,11:54,هود,1,14979
فَكِيدُونِي,8176,No,1,11:55,هود,1,12381
وَرَبِّكُمْ,8177,No,3,11:56,هود,3,3756
آخِذٌ,8178,No,1,11:56,هود,1,6726
بِنَاصِيَتِهَا,8179,No,1,11:56,هود,1,9268
وَيَسْتَخْلِفُ,8180,No,1,11:57,هود,1,16439
تَضُرُّونَهُ,8181,No,1,11:57,هود,1,9604
حَفِيظٌ,8182,No,5,11:57,هود,5,1877
نَجَّيْنَا,8183,No,4,11:58,هود,2,2630
وَنَجَّيْنَاهُمْ,8184,No,1,11:58,هود,1,16246
غَلِيظٍ,8185,No,3,11:58,هود,3,3366
عَادٌ,8186,No,5,11:59,هود,5,1934
جَحَدُوا,8187,No,1,11:59,هود,1,10087
وَعَصَوْا,8188,No,1,11:59,هود,1,15849
رُسُلَهُ,8189,No,3,11:59,هود,3,3260
جَبَّارٍ,8190,No,3,11:59,هود,3,3178
عَنِيدٍ,8191,No,3,11:59,هود,3,3348
وَأُتْبِعُوا,8192,No,2,11:60,هود,1,6085
لَعْنَةً,8193,No,3,11:60,هود,2,3501
عَادًا,8194,No,2,11:60,هود,2,5258
لِعَادٍ,8195,No,1,11:60,هود,1,13426
هُودٍ,8196,No,2,11:60,هود,1,6027
وَاسْتَعْمَرَكُمْ,8197,No,1,11:61,هود,1,14956
فَاسْتَغْفِرُوهُ,8198,No,1,11:61,هود,1,11943
مُجِيبٌ,8199,No,1,11:61,هود,1,13928
فِينَا,8200,No,5,11:62,هود,3,1960
مَرْجُوًّا,8201,No,1,11:62,هود,1,13698
أَتَنْهَانَا,8202,No,1,11:62,هود,1,6845
وَإِنَّنَا,8203,No,1,11:62,هود,1,14877
تَدْعُونَا,8204,No,2,11:62,هود,2,4718
مُرِيبٍ,8205,No,7,11:62,هود,6,1394
عَصَيْتُهُ,8206,No,1,11:63,هود,1,11523
تَزِيدُونَنِي,8207,No,1,11:63,هود,1,9528
تَخْسِيرٍ,8208,No,1,11:63,هود,1,9446
فَعَقَرُوهَا,8209,No,3,11:65,هود,3,3419
تَمَتَّعُوا,8210,No,3,11:65,هود,3,3146
دَارِكُمْ,8211,No,1,11:65,هود,1,10500
وَعْدٌ,8212,No,1,11:65,هود,1,15881
مَكْذُوبٍ,8213,No,1,11:65,هود,1,13799
خِزْيِ,8214,No,1,11:66,هود,1,10469
يَوْمِئِذٍ,8215,No,2,11:66,هود,2,6598
الْقَوِيُّ,8216,No,3,11:66,هود,3,3010
الصَّيْحَةُ,8217,No,6,11:67,هود,4,1492
لِثَمُودَ,8218,No,1,11:68,هود,1,13387
بِالْبُشْرَى,8219,No,2,11:69,هود,2,4607
سَلَامًا,8220,No,7,11:69,هود,6,1347
لَبِثَ,8221,No,1,11:69,هود,1,13008
بِعِجْلٍ,8222,No,2,11:69,هود,2,4656
حَنِيذٍ,8223,No,1,11:69,هود,1,10278
تَصِلُ,8224,No,1,11:70,هود,1,9594
نَكِرَهُمْ,8225,No,1,11:70,هود,1,14404
وَأَوْجَسَ,8226,No,1,11:70,هود,1,14806
خِيفَةً,8227,No,3,11:70,هود,3,3233
تَخَفْ,8228,No,9,11:70,هود,7,1023
أُرْسِلْنَا,8229,No,3,11:70,هود,3,2897
لُوطٍ,8230,No,13,11:70,هود,9,728
وَامْرَأَتُهُ,8231,No,2,11:71,هود,2,6186
فَضَحِكَتْ,8232,No,1,11:71,هود,1,12267
فَبَشَّرْنَاهَا,8233,No,1,11:71,هود,1,12053
بِإِسْحَاقَ,8234,No,2,11:71,هود,2,4594
وَرَاءِ,8235,No,5,11:71,هود,5,2050
وَيْلَتَى,8236,No,2,11:72,هود,2,6442
أَأَلِدُ,8237,No,1,11:72,هود,1,6767
عَجُوزٌ,8238,No,2,11:72,هود,2,5274
بَعْلِي,8239,No,1,11:72,هود,1,8888
شَيْخًا,8240,No,2,11:72,هود,2,5157
لَشَيْءٌ,8241,No,3,11:72,هود,2,3496
عَجِيبٌ,8242,No,2,11:72,هود,2,5275
أَتَعْجَبِينَ,8243,No,1,11:73,هود,1,6841
رَحْمَتُ,8244,No,1,11:73,هود,1,10680
وَبَرَكَاتُهُ,8245,No,1,11:73,هود,1,15290
مَجِيدٌ,8246,No,2,11:73,هود,2,5785
الرَّوْعُ,8247,No,1,11:74,هود,1,7975
وَجَاءَتْهُ,8248,No,1,11:74,هود,1,15474
يُجَادِلُنَا,8249,No,1,11:74,هود,1,17264
لَحَلِيمٌ,8250,No,1,11:75,هود,1,13052
أَوَّاهٌ,8251,No,1,11:75,هود,1,7497
مُنِيبٌ,8252,No,1,11:75,هود,1,14104
آتِيهِمْ,8253,No,1,11:76,هود,1,6718
مَرْدُودٍ,8254,No,1,11:76,هود,1,13700
لُوطًا,8255,No,4,11:77,هود,3,2569
سِيءَ,8256,No,2,11:77,هود,2,5129
وَضَاقَ,8257,No,2,11:77,هود,2,6286
ذَرْعًا,8258,No,2,11:77,هود,2,4995
عَصِيبٌ,8259,No,1,11:77,هود,1,11524
وَجَاءَهُ,8260,No,1,11:78,هود,1,15477
يُهْرَعُونَ,8261,No,2,11:78,هود,2,6687
بَنَاتِي,8262,No,2,11:78,هود,2,4551
أَطْهَرُ,8263,No,2,11:78,هود,2,4075
تُخْزُونِ,8264,No,2,11:78,هود,2,4816
ضَيْفِي,8265,No,2,11:78,هود,2,5210
رَشِيدٌ,8266,No,1,11:78,هود,1,10698
عَلِمْتَ,8267,No,3,11:79,هود,3,3343
بَنَاتِكَ,8268,No,1,11:79,هود,1,8912
لَتَعْلَمُ,8269,No,1,11:79,هود,1,13022
آوِي,8270,No,1,11:80,هود,1,6754
رُكْنٍ,8271,No,1,11:80,هود,1,10752
شَدِيدٍ,8272,No,7,11:80,هود,7,1354
لُوطُ,8273,No,2,11:81,هود,2,5708
يَصِلُوا,8274,No,1,11:81,هود,1,16950
فَأَسْرِ,8275,No,3,11:81,هود,3,3375
بِأَهْلِكَ,8276,No,3,11:81,هود,3,3072
بِقِطْعٍ,8277,No,2,11:81,هود,2,4660
يَلْتَفِتْ,8278,No,2,11:81,هود,2,6564
امْرَأَتَكَ,8279,No,2,11:81,هود,2,4507
مُصِيبُهَا,8280,No,1,11:81,هود,1,14026
مَوْعِدَهُمُ,8281,No,1,11:81,هود,1,13871
الصُّبْحُ,8282,No,2,11:81,هود,1,4296
بِقَرِيبٍ,8283,No,1,11:81,هود,1,9218
عَالِيَهَا,8284,No,2,11:82,هود,2,5265
سَافِلَهَا,8285,No,2,11:82,هود,2,5074
سِجِّيلٍ,8286,No,3,11:82,هود,3,3286
مَنْضُودٍ,8287,No,2,11:82,هود,2,5845
مُسَوَّمَةً,8288,No,2,11:83,هود,2,5887
بِبَعِيدٍ,8289,No,2,11:83,هود,1,4623
تَنْقُصُوا,8290,No,1,11:84,هود,1,9798
الْمِكْيَالَ,8291,No,2,11:84,هود,1,4488
مُحِيطٍ,8292,No,1,11:84,هود,1,13940
بَقِيَّتُ,8293,No,1,11:86,هود,1,8895
أَصَلَاتُكَ,8294,No,1,11:87,هود,1,7147
تَأْمُرُكَ,8295,No,1,11:87,هود,1,9313
نَتْرُكَ,8296,No,1,11:87,هود,1,14249
نَفْعَلَ,8297,No,1,11:87,هود,1,14380
أَمْوَالِنَا,8298,No,1,11:87,هود,1,7404
لَأَنْتَ,8299,No,2,11:87,هود,2,5645
الْحَلِيمُ,8300,No,1,11:87,هود,1,8369
الرَّشِيدُ,8301,No,1,11:87,هود,1,7968
وَرَزَقَنِي,8302,No,1,11:88,هود,1,15650
أُخَالِفَكُمْ,8303,No,1,11:88,هود,1,7566
أَنْهَاكُمْ,8304,No,1,11:88,هود,1,7469
الْإِصْلَاحَ,8305,No,1,11:88,هود,1,8285
اسْتَطَعْتُ,8306,No,1,11:88,هود,1,7816
تَوْفِيقِي,8307,No,1,11:88,هود,1,9826
أُنِيبُ,8308,No,2,11:88,هود,2,4187
شِقَاقِي,8309,No,1,11:89,هود,1,11186
يُصِيبَكُمْ,8310,No,1,11:89,هود,1,17398
أَصَابَ,8311,No,5,11:89,هود,5,1743
وَدُودٌ,8312,No,1,11:90,هود,1,15599
نَفْقَهُ,8313,No,1,11:91,هود,1,14383
رَهْطُكَ,8314,No,1,11:91,هود,1,10723
لَرَجَمْنَاكَ,8315,No,1,11:91,هود,1,13065
بِعَزِيزٍ,8316,No,4,11:91,هود,4,2329
أَرَهْطِي,8317,No,1,11:92,هود,1,7033
أَعَزُّ,8318,No,1,11:92,هود,1,7197
وَاتَّخَذْتُمُوهُ,8319,No,1,11:92,هود,1,14894
وَرَاءَكُمْ,8320,No,2,11:92,هود,2,6248
ظِهْرِيًّا,8321,No,1,11:92,هود,1,11422
كَاذِبٌ,8322,No,2,11:93,هود,2,5598
وَارْتَقِبُوا,8323,No,1,11:93,هود,1,14930
رَقِيبٌ,8324,No,2,11:93,هود,2,5034
وَأَخَذَتِ,8325,No,1,11:94,هود,1,14645
لِمَدْيَنَ,8326,No,1,11:95,هود,1,13498
بَعِدَتْ,8327,No,1,11:95,هود,1,8880
ثَمُودُ,8328,No,7,11:95,هود,6,1326
وَسُلْطَانٍ,8329,No,3,11:96,هود,3,3766
فَاتَّبَعُوا,8330,No,1,11:97,هود,1,11879
بِرَشِيدٍ,8331,No,1,11:97,هود,1,9142
يَقْدُمُ,8332,No,1,11:98,هود,1,17072
فَأَوْرَدَهُمُ,8333,No,1,11:98,هود,1,11848
الْوِرْدُ,8334,No,1,11:98,هود,1,8756
الْمَوْرُودُ,8335,No,1,11:98,هود,1,8634
بِئْسَ,8336,No,5,11:99,هود,4,1825
الرِّفْدُ,8337,No,1,11:99,هود,1,7984
الْمَرْفُودُ,8338,No,1,11:99,هود,1,8597
نَقُصُّهُ,8339,No,1,11:100,هود,1,14386
وَحَصِيدٌ,8340,No,1,11:100,هود,1,15540
ظَلَمْنَاهُمْ,8341,No,3,11:101,هود,3,3321
أَغْنَتْ,8342,No,1,11:101,هود,1,7236
آلِهَتُهُمُ,8343,No,1,11:101,هود,1,6739
زَادُوهُمْ,8344,No,1,11:101,هود,1,10790
تَتْبِيبٍ,8345,No,1,11:101,هود,1,9379
أَخْذُ,8346,No,1,11:102,هود,1,6974
ظَالِمَةٌ,8347,No,3,11:102,هود,2,3320
أَخْذَهُ,8348,No,1,11:102,هود,1,6973
مَجْمُوعٌ,8349,No,1,11:103,هود,1,13662
مَشْهُودٌ,8350,No,1,11:103,هود,1,13733
نُؤَخِّرُهُ,8351,No,1,11:104,هود,1,14427
لِأَجَلٍ,8352,No,4,11:104,هود,4,2570
مَعْدُودٍ,8353,No,1,11:104,هود,1,13758
تَكَلَّمُ,8354,No,1,11:105,هود,1,9717
شَقِيٌّ,8355,No,1,11:105,هود,1,11136
وَسَعِيدٌ,8356,No,1,11:105,هود,1,15716
شَقُوا,8357,No,1,11:106,هود,1,11135
زَفِيرٌ,8358,No,2,11:106,هود,2,5063
وَشَهِيقٌ,8359,No,1,11:106,هود,1,15757
دَامَتِ,8360,No,2,11:107,هود,1,4975
فَعَّالٌ,8361,No,2,11:107,هود,2,5467
سُعِدُوا,8362,No,1,11:108,هود,1,11056
عَطَاءً,8363,No,2,11:108,هود,2,5287
مَجْذُوذٍ,8364,No,1,11:108,هود,1,13660
يَعْبُدُونَ,8365,No,8,11:109,هود,7,1248
لَمُوَفُّوهُمْ,8366,No,1,11:109,هود,1,13193
مَنْقُوصٍ,8367,No,1,11:109,هود,1,13843
فَاخْتُلِفَ,8368,No,2,11:110,هود,2,5377
لَيُوَفِّيَنَّهُمْ,8369,No,1,11:111,هود,1,13287
فَاسْتَقِمْ,8370,No,1,11:112,هود,1,11946
أُمِرْتَ,8371,No,2,11:112,هود,2,4184
تَطْغَوْا,8372,No,3,11:112,هود,3,3133
تَرْكَنُوا,8373,No,1,11:113,هود,1,9519
فَتَمَسَّكُمُ,8374,No,1,11:113,هود,1,12105
تُنْصَرُونَ,8375,No,3,11:113,هود,3,3167
وَأَقِمِ,8376,No,3,11:114,هود,3,3669
طَرَفَيِ,8377,No,1,11:114,هود,1,11350
وَزُلَفًا,8378,No,1,11:114,هود,1,15693
الْحَسَنَاتِ,8379,No,1,11:114,هود,1,8363
يُذْهِبْنَ,8380,No,1,11:114,هود,1,17343
لِلذَّاكِرِينَ,8381,No,1,11:114,هود,1,13445
الْقُرُونِ,8382,No,7,11:116,هود,6,1301
بَقِيَّةٍ,8383,No,1,11:116,هود,1,8894
الْفَسَادِ,8384,No,1,11:116,هود,1,8499
أُتْرِفُوا,8385,No,1,11:116,هود,1,7551
لِيُهْلِكَ,8386,No,1,11:117,هود,1,13607
لَجَعَلَ,8387,No,1,11:118,هود,1,13042
مُخْتَلِفِينَ,8388,No,1,11:118,هود,1,13951
وَلِذَلِكَ,8389,No,1,11:119,هود,1,16111
خَلَقَهُمْ,8390,No,3,11:119,هود,3,3226
كَلِمَةُ,8391,No,4,11:119,هود,3,2552
الْجِنَّةِ,8392,No,4,11:119,هود,4,2256
نُثَبِّتُ,8393,No,1,11:120,هود,1,14434
فُؤَادَكَ,8394,No,2,11:120,هود,2,5525
وَجَاءَكَ,8395,No,1,11:120,هود,1,15475
عَامِلُونَ,8396,No,3,11:121,هود,3,3328
وَانْتَظِرُوا,8397,No,1,11:122,هود,1,15267
غَيْبُ,8398,No,3,11:123,هود,3,3368
يُرْجَعُ,8399,No,1,11:123,هود,1,17353
فَاعْبُدْهُ,8400,No,2,11:123,هود,2,5399
الْمُبِينِ,8401,No,7,12:1,يوسف,7,1304
قُرْآنًا,8402,No,9,12:2,يوسف,8,1066
عَرَبِيًّا,8403,No,8,12:2,يوسف,8,1181
الْقَصَصِ,8404,No,1,12:3,يوسف,1,8532
يُوسُفُ,8405,No,7,12:4,يوسف,2,1447
أَبَتِ,8406,No,8,12:4,يوسف,4,1115
رَأَيْتُ,8407,No,1,12:4,يوسف,1,10629
أَحَدَ,8408,No,1,12:4,يوسف,1,6913
رَأَيْتُهُمْ,8409,No,1,12:4,يوسف,1,10631
تَقْصُصْ,8410,No,1,12:5,يوسف,1,9709
رُؤْيَاكَ,8411,No,1,12:5,يوسف,1,10730
إِخْوَتِكَ,8412,No,1,12:5,يوسف,1,7651
فَيَكِيدُوا,8413,No,1,12:5,يوسف,1,12527
كَيْدًا,8414,No,6,12:5,يوسف,5,1628
لِلْإِنْسَانِ,8415,No,6,12:5,يوسف,5,1635
يَجْتَبِيكَ,8416,No,1,12:6,يوسف,1,16743
وَيُعَلِّمُكَ,8417,No,1,12:6,يوسف,1,16558
تَأْوِيلِ,8418,No,3,12:6,يوسف,1,3109
الْأَحَادِيثِ,8419,No,3,12:6,يوسف,1,2971
وَيُتِمُّ,8420,No,1,12:6,يوسف,1,16511
أَتَمَّهَا,8421,No,1,12:6,يوسف,1,6844
أَبَوَيْكَ,8422,No,1,12:6,يوسف,1,6788
يُوسُفَ,8423,No,14,12:7,يوسف,1,689
وَإِخْوَتِهِ,8424,No,1,12:7,يوسف,1,14860
لِلسَّائِلِينَ,8425,No,2,12:7,يوسف,2,5740
لَيُوسُفُ,8426,No,1,12:8,يوسف,1,13286
وَأَخُوهُ,8427,No,1,12:8,يوسف,1,14652
أَحَبُّ,8428,No,2,12:8,يوسف,1,4007
أَبِينَا,8429,No,1,12:8,يوسف,1,6793
عُصْبَةٌ,8430,No,3,12:8,يوسف,2,3353
أَبَانَا,8431,No,7,12:8,يوسف,1,1262
اطْرَحُوهُ,8432,No,1,12:9,يوسف,1,7867
أَرْضًا,8433,No,1,12:9,يوسف,1,7056
يَخْلُ,8434,No,1,12:9,يوسف,1,16794
أَبِيكُمْ,8435,No,4,12:9,يوسف,2,2144
وَتَكُونُوا,8436,No,2,12:9,يوسف,2,6208
صَالِحِينَ,8437,No,3,12:9,يوسف,3,3301
قَائِلٌ,8438,No,3,12:10,يوسف,3,3441
وَأَلْقُوهُ,8439,No,1,12:10,يوسف,1,14764
غَيَابَتِ,8440,No,2,12:10,يوسف,1,5329
الْجُبِّ,8441,No,2,12:10,يوسف,1,4378
يَلْتَقِطْهُ,8442,No,1,12:10,يوسف,1,17119
السَّيَّارَةِ,8443,No,1,12:10,يوسف,1,8029
فَاعِلِينَ,8444,No,6,12:10,يوسف,3,1606
تَأْمَنَّا,8445,No,1,12:11,يوسف,1,9312
لَنَاصِحُونَ,8446,No,1,12:11,يوسف,1,13196
أَرْسِلْهُ,8447,No,1,12:12,يوسف,1,7055
غَدًا,8448,No,4,12:12,يوسف,4,2496
يَرْتَعْ,8449,No,1,12:12,يوسف,1,16835
وَيَلْعَبْ,8450,No,1,12:12,يوسف,1,16474
لَحَافِظُونَ,8451,No,3,12:12,يوسف,2,3491
لَيَحْزُنُنِي,8452,No,1,12:13,يوسف,1,13256
تَذْهَبُوا,8453,No,1,12:13,يوسف,1,9481
وَأَخَافُ,8454,No,1,12:13,يوسف,1,14644
يَأْكُلَهُ,8455,No,1,12:13,يوسف,1,16640
الذِّئْبُ,8456,No,3,12:13,يوسف,1,2932
أَكَلَهُ,8457,No,1,12:14,يوسف,1,7310
ذَهَبُوا,8458,No,1,12:15,يوسف,1,10599
وَأَجْمَعُوا,8459,No,1,12:15,يوسف,1,14629
يَجْعَلُوهُ,8460,No,1,12:15,يوسف,1,16744
لَتُنَبِّئَنَّهُمْ,8461,No,1,12:15,يوسف,1,13039
بِأَمْرِهِمْ,8462,No,1,12:15,يوسف,1,8977
أَبَاهُمْ,8463,No,1,12:16,يوسف,1,6782
عِشَاءً,8464,No,1,12:16,يوسف,1,11641
يَبْكُونَ,8465,No,2,12:16,يوسف,2,6459
ذَهَبْنَا,8466,No,1,12:17,يوسف,1,10600
نَسْتَبِقُ,8467,No,1,12:17,يوسف,1,14304
وَتَرَكْنَا,8468,No,7,12:17,يوسف,4,1416
مَتَاعِنَا,8469,No,1,12:17,يوسف,1,13645
فَأَكَلَهُ,8470,No,1,12:17,يوسف,1,11818
بِمُؤْمِنٍ,8471,No,1,12:17,يوسف,1,9253
قَمِيصِهِ,8472,No,1,12:18,يوسف,1,12693
بِدَمٍ,8473,No,1,12:18,يوسف,1,9118
كَذِبٍ,8474,No,1,12:18,يوسف,1,12841
سَوَّلَتْ,8475,No,3,12:18,يوسف,2,3278
أَنْفُسُكُمْ,8476,No,3,12:18,يوسف,2,2880
فَصَبْرٌ,8477,No,2,12:18,يوسف,1,5456
جَمِيلٌ,8478,No,2,12:18,يوسف,1,4876
الْمُسْتَعَانُ,8479,No,2,12:18,يوسف,2,4471
تَصِفُونَ,8480,No,4,12:18,يوسف,2,2360
وَجَاءَتْ,8481,No,3,12:19,يوسف,2,3737
سَيَّارَةٌ,8482,No,1,12:19,يوسف,1,11029
فَأَرْسَلُوا,8483,No,1,12:19,يوسف,1,11782
وَارِدَهُمْ,8484,No,1,12:19,يوسف,1,14925
فَأَدْلَى,8485,No,1,12:19,يوسف,1,11772
دَلْوَهُ,8486,No,1,12:19,يوسف,1,10534
وَأَسَرُّوهُ,8487,No,1,12:19,يوسف,1,14690
بِضَاعَةً,8488,No,1,12:19,يوسف,1,9180
وَشَرَوْهُ,8489,No,1,12:20,يوسف,1,15754
بِثَمَنٍ,8490,No,1,12:20,يوسف,1,9093
بَخْسٍ,8491,No,1,12:20,يوسف,1,8836
دَرَاهِمَ,8492,No,1,12:20,يوسف,1,10512
الزَّاهِدِينَ,8493,No,1,12:20,يوسف,1,7991
مِصْرَ,8494,No,3,12:21,يوسف,2,3617
لِامْرَأَتِهِ,8495,No,1,12:21,يوسف,1,13339
أَكْرِمِي,8496,No,1,12:21,يوسف,1,7320
مَثْوَاهُ,8497,No,1,12:21,يوسف,1,13658
يَنْفَعَنَا,8498,No,2,12:21,يوسف,2,6590
نَتَّخِذَهُ,8499,No,2,12:21,يوسف,2,5947
مَكَّنَّا,8500,No,3,12:21,يوسف,2,3572
لِيُوسُفَ,8501,No,3,12:21,يوسف,1,3545
وَلِنُعَلِّمَهُ,8502,No,1,12:21,يوسف,1,16126
غَالِبٌ,8503,No,1,12:21,يوسف,1,11662
وَعِلْمًا,8504,No,5,12:22,يوسف,4,2059
وَرَاوَدَتْهُ,8505,No,1,12:23,يوسف,1,15631
بَيْتِهَا,8506,No,1,12:23,يوسف,1,8931
وَغَلَّقَتِ,8507,No,1,12:23,يوسف,1,15892
الْأَبْوَابَ,8508,No,1,12:23,يوسف,1,8187
هَيْتَ,8509,No,1,12:23,يوسف,1,14568
مَعَاذَ,8510,No,2,12:23,يوسف,1,5813
مَثْوَايَ,8511,No,1,12:23,يوسف,1,13659
وَهَمَّ,8512,No,1,12:24,يوسف,1,16344
بُرْهَانَ,8513,No,2,12:24,يوسف,2,4569
لِنَصْرِفَ,8514,No,1,12:24,يوسف,1,13508
وَالْفَحْشَاءَ,8515,No,1,12:24,يوسف,1,15198
عِبَادِنَا,8516,No,10,12:24,يوسف,7,938
الْمُخْلَصِينَ,8517,No,8,12:24,يوسف,4,1150
وَاسْتَبَقَا,8518,No,1,12:25,يوسف,1,14951
وَقَدَّتْ,8519,No,1,12:25,يوسف,1,15934
قَمِيصَهُ,8520,No,2,12:25,يوسف,1,5566
دُبُرٍ,8521,No,3,12:25,يوسف,1,3243
وَأَلْفَيَا,8522,No,1,12:25,يوسف,1,14761
سَيِّدَهَا,8523,No,1,12:25,يوسف,1,11042
لَدَى,8524,No,2,12:25,يوسف,2,5664
الْبَابِ,8525,No,1,12:25,يوسف,1,8292
يُسْجَنَ,8526,No,1,12:25,يوسف,1,17368
رَاوَدَتْنِي,8527,No,1,12:26,يوسف,1,10650
وَشَهِدَ,8528,No,2,12:26,يوسف,2,6277
قَمِيصُهُ,8529,No,2,12:26,يوسف,1,5567
قُدَّ,8530,No,3,12:26,يوسف,1,3455
قُبُلٍ,8531,No,1,12:26,يوسف,1,12715
فَصَدَقَتْ,8532,No,1,12:26,يوسف,1,12256
فَكَذَبَتْ,8533,No,1,12:27,يوسف,1,12361
كَيْدِكُنَّ,8534,No,1,12:28,يوسف,1,12896
كَيْدَكُنَّ,8535,No,1,12:28,يوسف,1,12891
وَاسْتَغْفِرِي,8536,No,1,12:29,يوسف,1,14961
لِذَنْبِكِ,8537,No,1,12:29,يوسف,1,13402
إِنَّكِ,8538,No,1,12:29,يوسف,1,7691
كُنْتِ,8539,No,1,12:29,يوسف,1,12920
الْخَاطِئِينَ,8540,No,1,12:29,يوسف,1,8404
نِسْوَةٌ,8541,No,1,12:30,يوسف,1,14529
تُرَاوِدُ,8542,No,1,12:30,يوسف,1,9896
فَتَاهَا,8543,No,1,12:30,يوسف,1,12069
شَغَفَهَا,8544,No,1,12:30,يوسف,1,11130
لَنَرَاهَا,8545,No,1,12:30,يوسف,1,13202
سَمِعَتْ,8546,No,1,12:31,يوسف,1,10984
بِمَكْرِهِنَّ,8547,No,1,12:31,يوسف,1,9247
أَرْسَلَتْ,8548,No,1,12:31,يوسف,1,7052
إِلَيْهِنَّ,8549,No,2,12:31,يوسف,1,4200
وَأَعْتَدَتْ,8550,No,1,12:31,يوسف,1,14726
مُتَّكَأً,8551,No,1,12:31,يوسف,1,13921
وَآتَتْ,8552,No,1,12:31,يوسف,1,14581
سِكِّينًا,8553,No,1,12:31,يوسف,1,11087
رَأَيْنَهُ,8554,No,1,12:31,يوسف,1,10632
أَكْبَرْنَهُ,8555,No,1,12:31,يوسف,1,7315
وَقَطَّعْنَ,8556,No,1,12:31,يوسف,1,15948
أَيْدِيَهُنَّ,8557,No,2,12:31,يوسف,1,4165
وَقُلْنَ,8558,No,2,12:31,يوسف,2,6325
حَاشَ,8559,No,2,12:31,يوسف,1,4894
فَذَلِكُنَّ,8560,No,1,12:32,يوسف,1,12184
لُمْتُنَّنِي,8561,No,1,12:32,يوسف,1,13309
رَاوَدْتُهُ,8562,No,2,12:32,يوسف,1,5015
فَاسْتَعْصَمَ,8563,No,1,12:32,يوسف,1,11940
آمُرُهُ,8564,No,1,12:32,يوسف,1,6744
لَيُسْجَنَنَّ,8565,No,1,12:32,يوسف,1,13280
وَلَيَكُونًا,8566,No,1,12:32,يوسف,1,16079
السِّجْنُ,8567,No,1,12:33,يوسف,1,8044
يَدْعُونَنِي,8568,No,1,12:33,يوسف,1,16815
تَصْرِفْ,8569,No,1,12:33,يوسف,1,9597
كَيْدَهُنَّ,8570,No,2,12:33,يوسف,1,5625
أَصْبُ,8571,No,1,12:33,يوسف,1,7151
وَأَكُنْ,8572,No,2,12:33,يوسف,2,6060
فَصَرَفَ,8573,No,1,12:34,يوسف,1,12257
لَيَسْجُنُنَّهُ,8574,No,1,12:35,يوسف,1,13262
وَدَخَلَ,8575,No,3,12:36,يوسف,3,3749
السِّجْنَ,8576,No,1,12:36,يوسف,1,8043
فَتَيَانِ,8577,No,1,12:36,يوسف,1,12119
أَحَدُهُمَا,8578,No,3,12:36,يوسف,3,2841
أَرَانِي,8579,No,2,12:36,يوسف,1,4034
أَعْصِرُ,8580,No,1,12:36,يوسف,1,7213
خَمْرًا,8581,No,2,12:36,يوسف,1,4962
الْآخَرُ,8582,No,2,12:36,يوسف,1,4321
أَحْمِلُ,8583,No,1,12:36,يوسف,1,6942
رَأْسِي,8584,No,1,12:36,يوسف,1,10633
خُبْزًا,8585,No,1,12:36,يوسف,1,10449
تَأْكُلُ,8586,No,4,12:36,يوسف,4,2341
الطَّيْرُ,8587,No,3,12:36,يوسف,2,2957
نَبِّئْنَا,8588,No,1,12:36,يوسف,1,14229
بِتَأْوِيلِهِ,8589,No,3,12:36,يوسف,1,3088
يَأْتِيكُمَا,8590,No,1,12:37,يوسف,1,16618
طَعَامٌ,8591,No,3,12:37,يوسف,3,3316
تُرْزَقَانِهِ,8592,No,1,12:37,يوسف,1,9901
نَبَّأْتُكُمَا,8593,No,1,12:37,يوسف,1,14226
يَأْتِيَكُمَا,8594,No,1,12:37,يوسف,1,16626
ذَلِكُمَا,8595,No,1,12:37,يوسف,1,10589
عَلَّمَنِي,8596,No,1,12:37,يوسف,1,11548
تَرَكْتُ,8597,No,2,12:37,يوسف,2,4726
وَاتَّبَعْتُ,8598,No,1,12:38,يوسف,1,14889
آبَائِي,8599,No,1,12:38,يوسف,1,6701
فَضْلِ,8600,No,5,12:38,يوسف,5,1953
صَاحِبَيِ,8601,No,2,12:39,يوسف,1,5173
السِّجْنِ,8602,No,4,12:39,يوسف,1,2229
أَأَرْبَابٌ,8603,No,1,12:39,يوسف,1,6760
مُتَفَرِّقُونَ,8604,No,1,12:39,يوسف,1,13915
الْوَاحِدُ,8605,No,4,12:39,يوسف,4,2289
الْقَهَّارُ,8606,No,4,12:39,يوسف,4,2273
أَسْمَاءً,8607,No,1,12:40,يوسف,1,7111
أَحَدُكُمَا,8608,No,1,12:41,يوسف,1,6916
فَيَسْقِي,8609,No,1,12:41,يوسف,1,12516
فَيُصْلَبُ,8610,No,1,12:41,يوسف,1,12547
فَتَأْكُلُ,8611,No,1,12:41,يوسف,1,12068
تَسْتَفْتِيَانِ,8612,No,1,12:41,يوسف,1,9557
نَاجٍ,8613,No,1,12:42,يوسف,1,14189
اذْكُرْنِي,8614,No,1,12:42,يوسف,1,7789
فَأَنْسَاهُ,8615,No,1,12:42,يوسف,1,11840
ذِكْرَ,8616,No,2,12:42,يوسف,2,5005
فَلَبِثَ,8617,No,2,12:42,يوسف,2,5483
بِضْعَ,8618,No,1,12:42,يوسف,1,9184
سِنِينَ,8619,No,9,12:42,يوسف,6,1047
الْمَلِكُ,8620,No,6,12:43,يوسف,4,1516
بَقَرَاتٍ,8621,No,2,12:43,يوسف,1,4545
سِمَانٍ,8622,No,2,12:43,يوسف,1,5128
يَأْكُلُهُنَّ,8623,No,2,12:43,يوسف,1,6453
سَبْعٌ,8624,No,3,12:43,يوسف,1,3269
عِجَافٌ,8625,No,2,12:43,يوسف,1,5314
وَسَبْعَ,8626,No,1,12:43,يوسف,1,15707
سُنْبُلَاتٍ,8627,No,2,12:43,يوسف,1,5121
خُضْرٍ,8628,No,3,12:43,يوسف,2,3231
وَأُخَرَ,8629,No,2,12:43,يوسف,1,6086
يَابِسَاتٍ,8630,No,2,12:43,يوسف,1,6456
أَفْتُونِي,8631,No,2,12:43,يوسف,2,4101
رُؤْيَايَ,8632,No,2,12:43,يوسف,1,5042
لِلرُّؤْيَا,8633,No,1,12:43,يوسف,1,13447
تَعْبُرُونَ,8634,No,1,12:43,يوسف,1,9634
أَضْغَاثُ,8635,No,2,12:44,يوسف,2,4072
أَحْلَامٍ,8636,No,2,12:44,يوسف,2,4015
بِتَأْوِيلِ,8637,No,2,12:44,يوسف,2,4626
الْأَحْلَامِ,8638,No,1,12:44,يوسف,1,8195
بِعَالِمِينَ,8639,No,1,12:44,يوسف,1,9191
نَجَا,8640,No,1,12:45,يوسف,1,14252
وَادَّكَرَ,8641,No,1,12:45,يوسف,1,14919
فَأَرْسِلُونِ,8642,No,1,12:45,يوسف,1,11783
الصِّدِّيقُ,8643,No,1,12:46,يوسف,1,8090
أَفْتِنَا,8644,No,1,12:46,يوسف,1,7277
سَبْعِ,8645,No,1,12:46,يوسف,1,10917
وَسَبْعِ,8646,No,1,12:46,يوسف,1,15709
لَعَلِّي,8647,No,6,12:46,يوسف,5,1630
أَرْجِعُ,8648,No,1,12:46,يوسف,1,7046
تَزْرَعُونَ,8649,No,1,12:47,يوسف,1,9531
دَأَبًا,8650,No,1,12:47,يوسف,1,10488
حَصَدْتُمْ,8651,No,1,12:47,يوسف,1,10246
فَذَرُوهُ,8652,No,1,12:47,يوسف,1,12181
سُنْبُلِهِ,8653,No,1,12:47,يوسف,1,11070
شِدَادٌ,8654,No,2,12:48,يوسف,2,5168
يَأْكُلْنَ,8655,No,1,12:48,يوسف,1,16643
قَدَّمْتُمْ,8656,No,1,12:48,يوسف,1,12652
تُحْصِنُونَ,8657,No,1,12:48,يوسف,1,9874
عَامٌ,8658,No,1,12:49,يوسف,1,11448
يُغَاثُ,8659,No,1,12:49,يوسف,1,17466
وَفِيهِ,8660,No,1,12:49,يوسف,1,15919
يَعْصِرُونَ,8661,No,1,12:49,يوسف,1,17008
ارْجِعْ,8662,No,2,12:50,يوسف,2,4226
فَاسْأَلْهُ,8663,No,1,12:50,يوسف,1,11932
بَالُ,8664,No,2,12:50,يوسف,2,4521
النِّسْوَةِ,8665,No,1,12:50,يوسف,1,8170
قَطَّعْنَ,8666,No,1,12:50,يوسف,1,12679
بِكَيْدِهِنَّ,8667,No,1,12:50,يوسف,1,9230
خَطْبُكُنَّ,8668,No,1,12:51,يوسف,1,10414
رَاوَدْتُنَّ,8669,No,1,12:51,يوسف,1,10652
قُلْنَ,8670,No,1,12:51,يوسف,1,12739
عَلِمْنَا,8671,No,6,12:51,يوسف,4,1595
حَصْحَصَ,8672,No,1,12:51,يوسف,1,10249
أَخُنْهُ,8673,No,1,12:52,يوسف,1,6964
أُبَرِّئُ,8674,No,1,12:53,يوسف,1,7548
لَأَمَّارَةٌ,8675,No,1,12:53,يوسف,1,12967
أَسْتَخْلِصْهُ,8676,No,1,12:54,يوسف,1,7089
كَلَّمَهُ,8677,No,1,12:54,يوسف,1,12879
لَدَيْنَا,8678,No,5,12:54,يوسف,4,1980
مَكِينٌ,8679,No,1,12:54,يوسف,1,13797
اجْعَلْنِي,8680,No,2,12:55,يوسف,2,4217
خَزَائِنِ,8681,No,1,12:55,يوسف,1,10396
يَتَبَوَّأُ,8682,No,1,12:56,يوسف,1,16681
نُصِيبُ,8683,No,1,12:56,يوسف,1,14466
بِرَحْمَتِنَا,8684,No,1,12:56,يوسف,1,9137
وَلَأَجْرُ,8685,No,2,12:57,يوسف,2,6338
إِخْوَةُ,8686,No,1,12:58,يوسف,1,7650
فَدَخَلُوا,8687,No,1,12:58,يوسف,1,12170
فَعَرَفَهُمْ,8688,No,1,12:58,يوسف,1,12298
مُنْكِرُونَ,8689,No,3,12:58,يوسف,3,3610
جَهَّزَهُمْ,8690,No,2,12:59,يوسف,1,4879
بِجَهَازِهِمْ,8691,No,2,12:59,يوسف,1,4630
بِأَخٍ,8692,No,1,12:59,يوسف,1,8965
أُوفِي,8693,No,1,12:59,يوسف,1,7634
الْمُنْزِلِينَ,8694,No,2,12:59,يوسف,2,4480
تَأْتُونِي,8695,No,1,12:60,يوسف,1,9296
كَيْلَ,8696,No,2,12:60,يوسف,1,5628
تَقْرَبُونِ,8697,No,1,12:60,يوسف,1,9703
سَنُرَاوِدُ,8698,No,1,12:61,يوسف,1,11005
أَبَاهُ,8699,No,1,12:61,يوسف,1,6781
لَفَاعِلُونَ,8700,No,1,12:61,يوسف,1,13126
لِفِتْيَانِهِ,8701,No,1,12:62,يوسف,1,13436
اجْعَلُوا,8702,No,1,12:62,يوسف,1,7761
بِضَاعَتَهُمْ,8703,No,2,12:62,يوسف,1,4651
رِحَالِهِمْ,8704,No,1,12:62,يوسف,1,10765
يَعْرِفُونَهَا,8705,No,1,12:62,يوسف,1,17004
انْقَلَبُوا,8706,No,3,12:62,يوسف,2,3046
أَهْلِهِمْ,8707,No,2,12:62,يوسف,2,4151
أَبِيهِمْ,8708,No,1,12:63,يوسف,1,6794
مُنِعَ,8709,No,1,12:63,يوسف,1,14102
الْكَيْلُ,8710,No,1,12:63,يوسف,1,8573
أَخَانَا,8711,No,2,12:63,يوسف,1,4019
نَكْتَلْ,8712,No,1,12:63,يوسف,1,14407
آمَنُكُمْ,8713,No,1,12:64,يوسف,1,6743
أَمِنْتُكُمْ,8714,No,1,12:64,يوسف,1,7380
حَافِظًا,8715,No,1,12:64,يوسف,1,10189
فَتَحُوا,8716,No,1,12:65,يوسف,1,12074
مَتَاعَهُمْ,8717,No,1,12:65,يوسف,1,13644
وَجَدُوا,8718,No,1,12:65,يوسف,1,15488
رُدَّتْ,8719,No,2,12:65,يوسف,1,5043
نَبْغِي,8720,No,1,12:65,يوسف,1,14238
بِضَاعَتُنَا,8721,No,1,12:65,يوسف,1,9181
وَنَمِيرُ,8722,No,1,12:65,يوسف,1,16294
أَهْلَنَا,8723,No,1,12:65,يوسف,1,7480
وَنَحْفَظُ,8724,No,1,12:65,يوسف,1,16255
وَنَزْدَادُ,8725,No,1,12:65,يوسف,1,16269
بَعِيرٍ,8726,No,2,12:65,يوسف,1,4539
كَيْلٌ,8727,No,1,12:65,يوسف,1,12897
يَسِيرٌ,8728,No,7,12:65,يوسف,7,1438
أُرْسِلَهُ,8729,No,1,12:66,يوسف,1,7587
تُؤْتُونِ,8730,No,1,12:66,يوسف,1,9836
مَوْثِقًا,8731,No,2,12:66,يوسف,1,5849
لَتَأْتُنَّنِي,8732,No,1,12:66,يوسف,1,13011
يُحَاطَ,8733,No,1,12:66,يوسف,1,17282
آتَوْهُ,8734,No,1,12:66,يوسف,1,6708
مَوْثِقَهُمْ,8735,No,1,12:66,يوسف,1,13861
بَابٍ,8736,No,3,12:67,يوسف,3,3048
أَبْوَابٍ,8737,No,2,12:67,يوسف,2,3992
مُتَفَرِّقَةٍ,8738,No,1,12:67,يوسف,1,13914
أُغْنِي,8739,No,1,12:67,يوسف,1,7604
وَعَلَيْهِ,8740,No,2,12:67,يوسف,2,6301
الْمُتَوَكِّلُونَ,8741,No,3,12:67,يوسف,3,3029
أَمَرَهُمْ,8742,No,2,12:68,يوسف,2,4121
أَبُوهُمْ,8743,No,2,12:68,يوسف,1,3987
حَاجَةً,8744,No,3,12:68,يوسف,3,3192
نَفْسِ,8745,No,1,12:68,يوسف,1,14378
قَضَاهَا,8746,No,1,12:68,يوسف,1,12672
عَلَّمْنَاهُ,8747,No,2,12:68,يوسف,2,5290
آوَى,8748,No,2,12:69,يوسف,1,3979
أَخَاهُ,8749,No,4,12:69,يوسف,3,2151
أَخُوكَ,8750,No,1,12:69,يوسف,1,6965
السِّقَايَةَ,8751,No,1,12:70,يوسف,1,8048
رَحْلِ,8752,No,1,12:70,يوسف,1,10676
أَذَّنَ,8753,No,1,12:70,يوسف,1,7012
أَيَّتُهَا,8754,No,2,12:70,يوسف,2,4162
الْعِيرُ,8755,No,2,12:70,يوسف,1,4418
لَسَارِقُونَ,8756,No,1,12:70,يوسف,1,13072
وَأَقْبَلُوا,8757,No,1,12:71,يوسف,1,14741
تَفْقِدُونَ,8758,No,1,12:71,يوسف,1,9682
نَفْقِدُ,8759,No,1,12:72,يوسف,1,14384
صُوَاعَ,8760,No,1,12:72,يوسف,1,11288
الْمَلِكِ,8761,No,3,12:72,يوسف,2,3022
وَلِمَنْ,8762,No,3,12:72,يوسف,3,3807
حِمْلُ,8763,No,1,12:72,يوسف,1,10345
زَعِيمٌ,8764,No,2,12:72,يوسف,2,5062
تَاللَّهِ,8765,No,8,12:73,يوسف,4,1158
عَلِمْتُمْ,8766,No,3,12:73,يوسف,2,3344
لِنُفْسِدَ,8767,No,1,12:73,يوسف,1,13521
سَارِقِينَ,8768,No,1,12:73,يوسف,1,10891
جَزَاؤُهُ,8769,No,3,12:74,يوسف,1,3179
وُجِدَ,8770,No,1,12:75,يوسف,1,16595
رَحْلِهِ,8771,No,1,12:75,يوسف,1,10677
فَبَدَأَ,8772,No,1,12:76,يوسف,1,12050
بِأَوْعِيَتِهِمْ,8773,No,1,12:76,يوسف,1,8985
وِعَاءِ,8774,No,2,12:76,يوسف,1,6447
اسْتَخْرَجَهَا,8775,No,1,12:76,يوسف,1,7808
كِدْنَا,8776,No,1,12:76,يوسف,1,12929
لِيَأْخُذَ,8777,No,1,12:76,يوسف,1,13530
وَفَوْقَ,8778,No,1,12:76,يوسف,1,15912
يَسْرِقْ,8779,No,1,12:77,يوسف,1,16917
سَرَقَ,8780,No,2,12:77,يوسف,1,5087
فَأَسَرَّهَا,8781,No,1,12:77,يوسف,1,11786
يُبْدِهَا,8782,No,1,12:77,يوسف,1,17250
أَبًا,8783,No,1,12:78,يوسف,1,6777
أَحَدَنَا,8784,No,1,12:78,يوسف,1,6915
نَأْخُذَ,8785,No,1,12:79,يوسف,1,14187
مَتَاعَنَا,8786,No,1,12:79,يوسف,1,13643
لَظَالِمُونَ,8787,No,1,12:79,يوسف,1,13093
اسْتَيْأَسُوا,8788,No,1,12:80,يوسف,1,7837
خَلَصُوا,8789,No,1,12:80,يوسف,1,10420
نَجِيًّا,8790,No,2,12:80,يوسف,2,5950
كَبِيرُهُمْ,8791,No,2,12:80,يوسف,2,5607
أَبَاكُمْ,8792,No,1,12:80,يوسف,1,6780
فَرَّطْتُمْ,8793,No,1,12:80,يوسف,1,12204
أَبْرَحَ,8794,No,1,12:80,يوسف,1,6797
يَأْذَنَ,8795,No,2,12:80,يوسف,2,6451
أَبِي,8796,No,4,12:80,يوسف,3,2143
ارْجِعُوا,8797,No,3,12:81,يوسف,3,2918
ابْنَكَ,8798,No,1,12:81,يوسف,1,7721
حَافِظِينَ,8799,No,3,12:81,يوسف,3,3194
وَاسْأَلِ,8800,No,1,12:82,يوسف,1,14948
وَالْعِيرَ,8801,No,1,12:82,يوسف,1,15191
أَقْبَلْنَا,8802,No,1,12:82,يوسف,1,7287
يَأْتِيَنِي,8803,No,1,12:83,يوسف,1,16628
وَتَوَلَّى,8804,No,7,12:84,يوسف,7,1419
أَسَفَى,8805,No,1,12:84,يوسف,1,7083
وَابْيَضَّتْ,8806,No,1,12:84,يوسف,1,14886
عَيْنَاهُ,8807,No,1,12:84,يوسف,1,11592
الْحُزْنِ,8808,No,1,12:84,يوسف,1,8384
كَظِيمٌ,8809,No,3,12:84,يوسف,3,3476
تَفْتَأُ,8810,No,1,12:85,يوسف,1,9667
تَذْكُرُ,8811,No,1,12:85,يوسف,1,9478
حَرَضًا,8812,No,1,12:85,يوسف,1,10214
الْهَالِكِينَ,8813,No,1,12:85,يوسف,1,8728
أَشْكُو,8814,No,1,12:86,يوسف,1,7134
بَثِّي,8815,No,1,12:86,يوسف,1,8831
وَحُزْنِي,8816,No,1,12:86,يوسف,1,15554
اذْهَبُوا,8817,No,2,12:87,يوسف,1,4224
فَتَحَسَّسُوا,8818,No,1,12:87,يوسف,1,12073
تَيْأَسُوا,8819,No,1,12:87,يوسف,1,9829
رَوْحِ,8820,No,2,12:87,يوسف,1,5037
يَيْأَسُ,8821,No,1,12:87,يوسف,1,17209
مَسَّنَا,8822,No,2,12:88,يوسف,2,5805
وَأَهْلَنَا,8823,No,1,12:88,يوسف,1,14799
بِبِضَاعَةٍ,8824,No,1,12:88,يوسف,1,9087
مُزْجَاةٍ,8825,No,1,12:88,يوسف,1,13982
فَأَوْفِ,8826,No,1,12:88,يوسف,1,11851
وَتَصَدَّقْ,8827,No,1,12:88,يوسف,1,15394
يَجْزِي,8828,No,3,12:88,يوسف,3,3863
الْمُتَصَدِّقِينَ,8829,No,1,12:88,يوسف,1,8642
فَعَلْتُمْ,8830,No,2,12:89,يوسف,2,5465
بِيُوسُفَ,8831,No,1,12:89,يوسف,1,9293
جَاهِلُونَ,8832,No,1,12:89,يوسف,1,10084
أَإِنَّكَ,8833,No,2,12:90,يوسف,2,3983
يَتَّقِ,8834,No,4,12:90,يوسف,2,2764
وَيَصْبِرْ,8835,No,1,12:90,يوسف,1,16452
آثَرَكَ,8836,No,1,12:91,يوسف,1,6721
لَخَاطِئِينَ,8837,No,1,12:91,يوسف,1,13055
تَثْرِيبَ,8838,No,1,12:92,يوسف,1,9384
بِقَمِيصِي,8839,No,1,12:93,يوسف,1,9219
فَأَلْقُوهُ,8840,No,2,12:93,يوسف,2,5356
وَأْتُونِي,8841,No,2,12:93,يوسف,2,6094
بِأَهْلِكُمْ,8842,No,1,12:93,يوسف,1,8983
فَصَلَتِ,8843,No,1,12:94,يوسف,1,12261
لَأَجِدُ,8844,No,1,12:94,يوسف,1,12947
رِيحَ,8845,No,1,12:94,يوسف,1,10784
تُفَنِّدُونِ,8846,No,1,12:94,يوسف,1,9956
ضَلَالِكَ,8847,No,1,12:95,يوسف,1,11317
الْقَدِيمِ,8848,No,2,12:95,يوسف,2,4436
الْبَشِيرُ,8849,No,1,12:96,يوسف,1,8301
أَلْقَاهُ,8850,No,1,12:96,يوسف,1,7355
وَجْهِهِ,8851,No,3,12:96,يوسف,3,3746
فَارْتَدَّ,8852,No,1,12:96,يوسف,1,11921
خَاطِئِينَ,8853,No,2,12:97,يوسف,2,4935
أَسْتَغْفِرُ,8854,No,1,12:98,يوسف,1,7091
أَبَوَيْهِ,8855,No,2,12:99,يوسف,1,3986
آمِنِينَ,8856,No,7,12:99,يوسف,6,1260
وَخَرُّوا,8857,No,1,12:100,يوسف,1,15575
تَأْوِيلُ,8858,No,2,12:100,يوسف,2,4690
جَعَلَهَا,8859,No,1,12:100,يوسف,1,10097
أَخْرَجَنِي,8860,No,1,12:100,يوسف,1,6978
الْبَدْوِ,8861,No,1,12:100,يوسف,1,8297
نَزَغَ,8862,No,1,12:100,يوسف,1,14290
إِخْوَتِي,8863,No,1,12:100,يوسف,1,7652
لَطِيفٌ,8864,No,4,12:100,يوسف,4,2566
آتَيْتَنِي,8865,No,1,12:101,يوسف,1,6710
وَعَلَّمْتَنِي,8866,No,1,12:101,يوسف,1,15859
فَاطِرَ,8867,No,2,12:101,يوسف,2,5398
وَلِيِّي,8868,No,1,12:101,يوسف,1,16156
تَوَفَّنِي,8869,No,1,12:101,يوسف,1,9817
وَأَلْحِقْنِي,8870,No,2,12:101,يوسف,2,6064
بِالصَّالِحِينَ,8871,No,2,12:101,يوسف,2,4597
أَجْمَعُوا,8872,No,1,12:102,يوسف,1,6910
أَمْرَهُمْ,8873,No,5,12:102,يوسف,5,1749
أَكْثَرُ,8874,No,6,12:103,يوسف,6,1460
حَرَصْتَ,8875,No,1,12:103,يوسف,1,10212
تَسْأَلُهُمْ,8876,No,4,12:104,يوسف,4,2357
يَمُرُّونَ,8877,No,1,12:105,يوسف,1,17134
مُشْرِكُونَ,8878,No,2,12:106,يوسف,2,5897
تَأْتِيَهُمْ,8879,No,4,12:107,يوسف,4,2340
غَاشِيَةٌ,8880,No,1,12:107,يوسف,1,11659
أَدْعُو,8881,No,3,12:108,يوسف,3,2845
بَصِيرَةٍ,8882,No,1,12:108,يوسف,1,8868
اتَّبَعَنِي,8883,No,1,12:108,يوسف,1,7728
وَسُبْحَانَ,8884,No,2,12:108,يوسف,2,6273
نُوحِي,8885,No,4,12:109,يوسف,3,2647
أَفَلَمْ,8886,No,12,12:109,يوسف,12,754
يَسِيرُوا,8887,No,7,12:109,يوسف,6,1439
فَيَنْظُرُوا,8888,No,6,12:109,يوسف,5,1619
وَلَدَارُ,8889,No,2,12:109,يوسف,2,6344
اسْتَيْأَسَ,8890,No,1,12:110,يوسف,1,7836
كُذِبُوا,8891,No,1,12:110,يوسف,1,12903
فَنُجِّيَ,8892,No,1,12:110,يوسف,1,12471
قَصَصِهِمْ,8893,No,1,12:111,يوسف,1,12667
عِبْرَةٌ,8894,No,1,12:111,يوسف,1,11635
المر,8895,No,1,13:1,الرعد,1,8140
رَفَعَ,8896,No,2,13:2,الرعد,2,5032
عَمَدٍ,8897,No,3,13:2,الرعد,3,3346
تَرَوْنَهَا,8898,No,3,13:2,الرعد,3,3124
وَسَخَّرَ,8899,No,11,13:2,الرعد,8,882
يَجْرِي,8900,No,4,13:2,الرعد,4,2766
تُوقِنُونَ,8901,No,1,13:2,الرعد,1,10007
مَدَّ,8902,No,2,13:3,الرعد,2,5793
رَوَاسِيَ,8903,No,9,13:3,الرعد,9,1040
وَأَنْهَارًا,8904,No,2,13:3,الرعد,2,6075
قِطَعٌ,8905,No,1,13:4,الرعد,1,12761
مُتَجَاوِرَاتٌ,8906,No,1,13:4,الرعد,1,13905
وَزَرْعٌ,8907,No,1,13:4,الرعد,1,15683
وَنَخِيلٌ,8908,No,1,13:4,الرعد,1,16256
صِنْوَانٌ,8909,No,1,13:4,الرعد,1,11301
وَغَيْرُ,8910,No,1,13:4,الرعد,1,15894
صِنْوَانٍ,8911,No,1,13:4,الرعد,1,11302
يُسْقَى,8912,No,1,13:4,الرعد,1,17372
بِمَاءٍ,8913,No,4,13:4,الرعد,4,2336
وَنُفَضِّلُ,8914,No,1,13:4,الرعد,1,16314
بَعْضَهَا,8915,No,1,13:4,الرعد,1,8885
الْأُكُلِ,8916,No,1,13:4,الرعد,1,8274
تَعْجَبْ,8917,No,1,13:5,الرعد,1,9638
فَعَجَبٌ,8918,No,1,13:5,الرعد,1,12295
أَإِذَا,8919,No,11,13:5,الرعد,9,811
تُرَابًا,8920,No,9,13:5,الرعد,7,1031
أَإِنَّا,8921,No,9,13:5,الرعد,7,981
خَلْقٍ,8922,No,7,13:5,الرعد,7,1336
جَدِيدٍ,8923,No,6,13:5,الرعد,6,1555
الْأَغْلَالُ,8924,No,2,13:5,الرعد,2,4337
أَعْنَاقِهِمْ,8925,No,3,13:5,الرعد,3,2864
وَيَسْتَعْجِلُونَكَ,8926,No,3,13:6,الرعد,3,3837
الْحَسَنَةِ,8927,No,3,13:6,الرعد,3,2988
قَبْلِهِمُ,8928,No,1,13:6,الرعد,1,12631
الْمَثُلَاتُ,8929,No,1,13:6,الرعد,1,8586
ظُلْمِهِمْ,8930,No,1,13:6,الرعد,1,11411
لَشَدِيدُ,8931,No,1,13:6,الرعد,1,13082
مُنْذِرٌ,8932,No,4,13:7,الرعد,3,2619
هَادٍ,8933,No,5,13:7,الرعد,3,2021
تَحْمِلُ,8934,No,4,13:8,الرعد,4,2348
تَغِيضُ,8935,No,1,13:8,الرعد,1,9653
الْأَرْحَامُ,8936,No,1,13:8,الرعد,1,8205
تَزْدَادُ,8937,No,1,13:8,الرعد,1,9529
وَكُلُّ,8938,No,4,13:8,الرعد,2,2728
بِمِقْدَارٍ,8939,No,1,13:8,الرعد,1,9266
الْكَبِيرُ,8940,No,7,13:9,الرعد,7,1302
الْمُتَعَالِ,8941,No,1,13:9,الرعد,1,8644
أَسَرَّ,8942,No,2,13:10,الرعد,2,4052
الْقَوْلَ,8943,No,7,13:10,الرعد,7,1300
جَهَرَ,8944,No,1,13:10,الرعد,1,10126
مُسْتَخْفٍ,8945,No,1,13:10,الرعد,1,13991
وَسَارِبٌ,8946,No,1,13:10,الرعد,1,15702
مُعَقِّبَاتٌ,8947,No,1,13:11,الرعد,1,14049
خَلْفِهِ,8948,No,4,13:11,الرعد,4,2406
يَحْفَظُونَهُ,8949,No,1,13:11,الرعد,1,16769
يُغَيِّرُ,8950,No,1,13:11,الرعد,1,17470
مَرَدَّ,8951,No,3,13:11,الرعد,3,3553
وَالٍ,8952,No,1,13:11,الرعد,1,15099
يُرِيكُمُ,8953,No,2,13:12,الرعد,2,6637
الْبَرْقَ,8954,No,2,13:12,الرعد,2,4360
وَيُنْشِئُ,8955,No,1,13:12,الرعد,1,16580
السَّحَابَ,8956,No,1,13:12,الرعد,1,8014
الثِّقَالَ,8957,No,1,13:12,الرعد,1,7938
وَيُسَبِّحُ,8958,No,1,13:13,الرعد,1,16544
الرَّعْدُ,8959,No,1,13:13,الرعد,1,7971
بِحَمْدِهِ,8960,No,4,13:13,الرعد,3,2324
خِيفَتِهِ,8961,No,1,13:13,الرعد,1,10485
الصَّوَاعِقَ,8962,No,1,13:13,الرعد,1,8083
فَيُصِيبُ,8963,No,2,13:13,الرعد,2,5520
يُجَادِلُونَ,8964,No,5,13:13,الرعد,3,2121
الْمِحَالِ,8965,No,1,13:13,الرعد,1,8721
دَعْوَةُ,8966,No,1,13:14,الرعد,1,10526
يَسْتَجِيبُونَ,8967,No,1,13:14,الرعد,1,16883
كَبَاسِطِ,8968,No,1,13:14,الرعد,1,12819
كَفَّيْهِ,8969,No,2,13:14,الرعد,2,5616
لِيَبْلُغَ,8970,No,1,13:14,الرعد,1,13534
فَاهُ,8971,No,1,13:14,الرعد,1,12044
بِبَالِغِهِ,8972,No,1,13:14,الرعد,1,9076
دُعَاءُ,8973,No,2,13:14,الرعد,2,4984
يَسْجُدُ,8974,No,3,13:15,الرعد,3,3886
وَظِلَالُهُمْ,8975,No,1,13:15,الرعد,1,15817
أَفَاتَّخَذْتُمْ,8976,No,1,13:16,الرعد,1,7244
يَمْلِكُونَ,8977,No,10,13:16,الرعد,9,974
تَسْتَوِي,8978,No,2,13:16,الرعد,2,4738
الظُّلُمَاتُ,8979,No,2,13:16,الرعد,2,4305
وَالنُّورُ,8980,No,1,13:16,الرعد,1,15097
جَعَلُوا,8981,No,3,13:16,الرعد,3,3180
خَلَقُوا,8982,No,4,13:16,الرعد,4,2404
كَخَلْقِهِ,8983,No,1,13:16,الرعد,1,12834
فَتَشَابَهَ,8984,No,1,13:16,الرعد,1,12084
فَسَالَتْ,8985,No,1,13:17,الرعد,1,12226
أَوْدِيَةٌ,8986,No,1,13:17,الرعد,1,7503
بِقَدَرِهَا,8987,No,1,13:17,الرعد,1,9217
فَاحْتَمَلَ,8988,No,1,13:17,الرعد,1,11901
السَّيْلُ,8989,No,1,13:17,الرعد,1,8036
زَبَدًا,8990,No,1,13:17,الرعد,1,10800
رَابِيًا,8991,No,1,13:17,الرعد,1,10637
يُوقِدُونَ,8992,No,1,13:17,الرعد,1,17565
حِلْيَةٍ,8993,No,1,13:17,الرعد,1,10342
مَتَاعٍ,8994,No,1,13:17,الرعد,1,13642
زَبَدٌ,8995,No,1,13:17,الرعد,1,10801
يَضْرِبُ,8996,No,3,13:17,الرعد,2,3894
وَالْبَاطِلَ,8997,No,1,13:17,الرعد,1,15134
الزَّبَدُ,8998,No,1,13:17,الرعد,1,7993
فَيَذْهَبُ,8999,No,1,13:17,الرعد,1,12511
جُفَاءً,9000,No,1,13:17,الرعد,1,10138
فَيَمْكُثُ,9001,No,1,13:17,الرعد,1,12532
الْأَمْثَالَ,9002,No,8,13:17,الرعد,6,1141
لِرَبِّهِمُ,9003,No,1,13:18,الرعد,1,13411
لَافْتَدَوْا,9004,No,2,13:18,الرعد,2,5651
أَعْمَى,9005,No,5,13:19,الرعد,3,1747
يَتَذَكَّرُ,9006,No,7,13:19,الرعد,7,1431
يُوفُونَ,9007,No,2,13:20,الرعد,2,6692
الْمِيثَاقَ,9008,No,1,13:20,الرعد,1,8725
وَيَخْشَوْنَ,9009,No,1,13:21,الرعد,1,16409
وَيَخَافُونَ,9010,No,3,13:21,الرعد,3,3833
وَيَدْرَءُونَ,9011,No,2,13:22,الرعد,2,6415
السَّيِّئَةَ,9012,No,3,13:22,الرعد,3,2942
عُقْبَى,9013,No,4,13:22,الرعد,1,2487
جَنَّاتُ,9014,No,9,13:23,الرعد,8,1033
يَدْخُلُونَهَا,9015,No,3,13:23,الرعد,3,3874
صَلَحَ,9016,No,2,13:23,الرعد,2,5195
وَأَزْوَاجِهِمْ,9017,No,2,13:23,الرعد,2,6048
صَبَرْتُمْ,9018,No,2,13:24,الرعد,2,5181
فَنِعْمَ,9019,No,5,13:24,الرعد,5,1958
اللَّعْنَةُ,9020,No,2,13:25,الرعد,2,4308
يَبْسُطُ,9021,No,9,13:26,الرعد,8,1102
الرِّزْقَ,9022,No,11,13:26,الرعد,8,817
وَيَقْدِرُ,9023,No,9,13:26,الرعد,8,1099
أَنَابَ,9024,No,3,13:27,الرعد,3,2872
وَتَطْمَئِنُّ,9025,No,1,13:28,الرعد,1,15403
بِذِكْرِ,9026,No,3,13:28,الرعد,2,3090
تَطْمَئِنُّ,9027,No,1,13:28,الرعد,1,9617
الْقُلُوبُ,9028,No,5,13:28,الرعد,5,1809
طُوبَى,9029,No,1,13:29,الرعد,1,11378
وَحُسْنُ,9030,No,1,13:29,الرعد,1,15555
مَآبٍ,9031,No,5,13:29,الرعد,2,1995
قَبْلِهَا,9032,No,2,13:30,الرعد,2,5544
لِتَتْلُوَ,9033,No,1,13:30,الرعد,1,13351
بِالرَّحْمَنِ,9034,No,3,13:30,الرعد,3,3077
مَتَابِ,9035,No,1,13:30,الرعد,1,13641
سُيِّرَتْ,9036,No,2,13:31,الرعد,2,5123
الْجِبَالُ,9037,No,11,13:31,الرعد,11,823
قُطِّعَتْ,9038,No,2,13:31,الرعد,2,5586
كُلِّمَ,9039,No,1,13:31,الرعد,1,12918
يَيْأَسِ,9040,No,1,13:31,الرعد,1,17210
لَهَدَى,9041,No,1,13:31,الرعد,1,13230
تُصِيبُهُمْ,9042,No,1,13:31,الرعد,1,9930
قَارِعَةٌ,9043,No,1,13:31,الرعد,1,12606
تَحُلُّ,9044,No,1,13:31,الرعد,1,9401
وَعْدُ,9045,No,7,13:31,الرعد,3,1427
فَأَمْلَيْتُ,9046,No,2,13:32,الرعد,2,5357
أَخَذْتُهُمْ,9047,No,2,13:32,الرعد,2,4021
عِقَابِ,9048,No,3,13:32,الرعد,3,3359
سَمُّوهُمْ,9049,No,1,13:33,الرعد,1,10983
تُنَبِّئُونَهُ,9050,No,1,13:33,الرعد,1,9994
بِظَاهِرٍ,9051,No,1,13:33,الرعد,1,9189
مَكْرُهُمْ,9052,No,3,13:33,الرعد,2,3575
وَصُدُّوا,9053,No,1,13:33,الرعد,1,15781
وَلَعَذَابُ,9054,No,5,13:34,الرعد,5,2068
أَشَقُّ,9055,No,1,13:34,الرعد,1,7122
وَاقٍ,9056,No,3,13:34,الرعد,2,3701
وُعِدَ,9057,No,3,13:35,الرعد,3,3847
أُكُلُهَا,9058,No,1,13:35,الرعد,1,7610
دَائِمٌ,9059,No,1,13:35,الرعد,1,10492
وَظِلُّهَا,9060,No,1,13:35,الرعد,1,15818
وَعُقْبَى,9061,No,1,13:35,الرعد,1,15867
يُنْكِرُ,9062,No,1,13:36,الرعد,1,17546
أُشْرِكَ,9063,No,1,13:36,الرعد,1,7594
مَآبِ,9064,No,1,13:36,الرعد,1,13612
وَذُرِّيَّةً,9065,No,1,13:38,الرعد,1,15611
يَمْحُو,9066,No,1,13:39,الرعد,1,17142
وَيُثْبِتُ,9067,No,1,13:39,الرعد,1,16514
وَعَلَيْنَا,9068,No,1,13:40,الرعد,1,15854
الْحِسَابُ,9069,No,2,13:40,الرعد,2,4386
نَأْتِي,9070,No,2,13:41,الرعد,2,5934
نَنْقُصُهَا,9071,No,2,13:41,الرعد,2,5991
أَطْرَافِهَا,9072,No,2,13:41,الرعد,2,4074
مُعَقِّبَ,9073,No,1,13:41,الرعد,1,14048
لِحُكْمِهِ,9074,No,1,13:41,الرعد,1,13396
مَكَرَ,9075,No,2,13:42,الرعد,2,5830
الْمَكْرُ,9076,No,2,13:42,الرعد,2,4463
وَسَيَعْلَمُ,9077,No,2,13:42,الرعد,2,6272
الْكُفَّارُ,9078,No,3,13:42,الرعد,3,3015
مُرْسَلًا,9079,No,1,13:43,الرعد,1,13973
كَفَى,9080,No,5,13:43,الرعد,4,1974
عِلْمُ,9081,No,5,13:43,الرعد,5,1937
لِتُخْرِجَ,9082,No,1,14:1,إبراهيم,1,13378
صِرَاطِ,9083,No,5,14:1,إبراهيم,5,1930
الْحَمِيدِ,9084,No,4,14:1,إبراهيم,4,2258
يَسْتَحِبُّونَ,9085,No,1,14:3,إبراهيم,1,16884
بِلِسَانِ,9086,No,1,14:4,إبراهيم,1,9239
فَيُضِلُّ,9087,No,1,14:4,إبراهيم,1,12549
أَخْرِجْ,9088,No,1,14:5,إبراهيم,1,6982
وَذَكِّرْهُمْ,9089,No,1,14:5,إبراهيم,1,15607
بِأَيَّامِ,9090,No,1,14:5,إبراهيم,1,8986
صَبَّارٍ,9091,No,4,14:5,إبراهيم,4,2462
شَكُورٍ,9092,No,4,14:5,إبراهيم,4,2455
أَنْجَاكُمْ,9093,No,1,14:6,إبراهيم,1,7422
وَيُذَبِّحُونَ,9094,No,1,14:6,إبراهيم,1,16535
لَأَزِيدَنَّكُمْ,9095,No,1,14:7,إبراهيم,1,12955
لَشَدِيدٌ,9096,No,3,14:7,إبراهيم,3,3495
لَغَنِيٌّ,9097,No,2,14:8,إبراهيم,2,5679
فَرَدُّوا,9098,No,1,14:9,إبراهيم,1,12194
كَفَرْنَا,9099,No,2,14:9,إبراهيم,2,5612
أُرْسِلْتُمْ,9100,No,4,14:9,إبراهيم,4,2204
تَدْعُونَنَا,9101,No,1,14:9,إبراهيم,1,9468
أَفِي,9102,No,2,14:10,إبراهيم,2,4099
شَكٌّ,9103,No,1,14:10,إبراهيم,1,11137
ذُنُوبِكُمْ,9104,No,3,14:10,إبراهيم,3,3251
وَيُؤَخِّرَكُمْ,9105,No,1,14:10,إبراهيم,1,16498
مِثْلُنَا,9106,No,4,14:10,إبراهيم,3,2621
تَصُدُّونَا,9107,No,1,14:10,إبراهيم,1,9591
فَأْتُونَا,9108,No,1,14:10,إبراهيم,1,11863
بِسُلْطَانٍ,9109,No,8,14:10,إبراهيم,7,1155
مِثْلُكُمْ,9110,No,6,14:11,إبراهيم,5,1653
يَمُنُّ,9111,No,2,14:11,إبراهيم,2,6571
نَأْتِيَكُمْ,9112,No,1,14:11,إبراهيم,1,14186
نَتَوَكَّلَ,9113,No,1,14:12,إبراهيم,1,14245
سُبُلَنَا,9114,No,2,14:12,إبراهيم,2,5116
وَلَنَصْبِرَنَّ,9115,No,1,14:12,إبراهيم,1,16067
آذَيْتُمُونَا,9116,No,1,14:12,إبراهيم,1,6734
لِرُسُلِهِمْ,9117,No,1,14:13,إبراهيم,1,13412
لَنُخْرِجَنَّكُمْ,9118,No,1,14:13,إبراهيم,1,13223
أَرْضِنَا,9119,No,3,14:13,إبراهيم,3,2848
فَأَوْحَى,9120,No,3,14:13,إبراهيم,3,3384
لَنُهْلِكَنَّ,9121,No,1,14:13,إبراهيم,1,13228
وَلَنُسْكِنَنَّكُمُ,9122,No,1,14:14,إبراهيم,1,16071
وَخَافَ,9123,No,1,14:14,إبراهيم,1,15571
وَعِيدِ,9124,No,3,14:14,إبراهيم,2,3779
وَاسْتَفْتَحُوا,9125,No,1,14:15,إبراهيم,1,14963
وَخَابَ,9126,No,1,14:15,إبراهيم,1,15569
وَرَائِهِ,9127,No,2,14:16,إبراهيم,1,6250
وَيُسْقَى,9128,No,1,14:16,إبراهيم,1,16550
صَدِيدٍ,9129,No,1,14:16,إبراهيم,1,11229
يَتَجَرَّعُهُ,9130,No,1,14:17,إبراهيم,1,16682
يُسِيغُهُ,9131,No,1,14:17,إبراهيم,1,17364
وَيَأْتِيهِ,9132,No,1,14:17,إبراهيم,1,16372
بِمَيِّتٍ,9133,No,1,14:17,إبراهيم,1,9251
غَلِيظٌ,9134,No,1,14:17,إبراهيم,1,11688
كَرَمَادٍ,9135,No,1,14:18,إبراهيم,1,12844
اشْتَدَّتْ,9136,No,1,14:18,إبراهيم,1,7847
الرِّيحُ,9137,No,2,14:18,إبراهيم,2,4271
عَاصِفٍ,9138,No,1,14:18,إبراهيم,1,11435
الْبَعِيدُ,9139,No,2,14:18,إبراهيم,2,4363
بِخَلْقٍ,9140,No,2,14:19,إبراهيم,2,4638
وَبَرَزُوا,9141,No,2,14:21,إبراهيم,1,6191
الضُّعَفَاءُ,9142,No,2,14:21,إبراهيم,2,4300
تَبَعًا,9143,No,2,14:21,إبراهيم,2,4694
مُغْنُونَ,9144,No,2,14:21,إبراهيم,2,5901
لَهَدَيْنَاكُمْ,9145,No,1,14:21,إبراهيم,1,13231
أَجَزِعْنَا,9146,No,1,14:21,إبراهيم,1,6891
صَبَرْنَا,9147,No,2,14:21,إبراهيم,2,5182
مَحِيصٍ,9148,No,4,14:21,إبراهيم,4,2594
وَعَدَكُمْ,9149,No,1,14:22,إبراهيم,1,15826
وَوَعَدْتُكُمْ,9150,No,1,14:22,إبراهيم,1,16365
فَأَخْلَفْتُكُمْ,9151,No,1,14:22,إبراهيم,1,11770
لِيَ,9152,No,4,14:22,إبراهيم,4,2583
دَعَوْتُكُمْ,9153,No,1,14:22,إبراهيم,1,10522
فَاسْتَجَبْتُمْ,9154,No,1,14:22,إبراهيم,1,11936
تَلُومُونِي,9155,No,1,14:22,إبراهيم,1,9735
وَلُومُوا,9156,No,1,14:22,إبراهيم,1,16090
بِمُصْرِخِكُمْ,9157,No,1,14:22,إبراهيم,1,9259
بِمُصْرِخِيَّ,9158,No,1,14:22,إبراهيم,1,9260
كَفَرْتُ,9159,No,1,14:22,إبراهيم,1,12866
أَشْرَكْتُمُونِ,9160,No,1,14:22,إبراهيم,1,7131
تَحِيَّتُهُمْ,9161,No,2,14:23,إبراهيم,2,4708
ضَرَبَ,9162,No,6,14:24,إبراهيم,6,1586
كَلِمَةً,9163,No,3,14:24,إبراهيم,3,3479
كَشَجَرَةٍ,9164,No,2,14:24,إبراهيم,1,5611
أَصْلُهَا,9165,No,1,14:24,إبراهيم,1,7158
ثَابِتٌ,9166,No,1,14:24,إبراهيم,1,10028
وَفَرْعُهَا,9167,No,1,14:24,إبراهيم,1,15904
رَبِّهَا,9168,No,6,14:25,إبراهيم,6,1570
وَيَضْرِبُ,9169,No,2,14:25,إبراهيم,2,6420
خَبِيثَةٍ,9170,No,2,14:26,إبراهيم,1,4938
اجْتُثَّتْ,9171,No,1,14:26,إبراهيم,1,7760
فَوْقِ,9172,No,2,14:26,إبراهيم,2,5514
قَرَارٍ,9173,No,4,14:26,إبراهيم,3,2534
يُثَبِّتُ,9174,No,1,14:27,إبراهيم,1,17262
بِالْقَوْلِ,9175,No,5,14:27,إبراهيم,5,1832
الثَّابِتِ,9176,No,1,14:27,إبراهيم,1,7926
وَيُضِلُّ,9177,No,1,14:27,إبراهيم,1,16553
وَيَفْعَلُ,9178,No,1,14:27,إبراهيم,1,16462
بَدَّلُوا,9179,No,2,14:28,إبراهيم,2,4525
وَأَحَلُّوا,9180,No,1,14:28,إبراهيم,1,14633
الْبَوَارِ,9181,No,1,14:28,إبراهيم,1,8312
يَصْلَوْنَهَا,9182,No,4,14:29,إبراهيم,4,2785
الْقَرَارُ,9183,No,2,14:29,إبراهيم,2,4437
مَصِيرَكُمْ,9184,No,1,14:30,إبراهيم,1,13736
لِعِبَادِيَ,9185,No,1,14:31,إبراهيم,1,13431
يُقِيمُوا,9186,No,1,14:31,إبراهيم,1,17496
وَيُنْفِقُوا,9187,No,1,14:31,إبراهيم,1,16581
خِلَالٌ,9188,No,1,14:31,إبراهيم,1,10479
لِتَجْرِيَ,9189,No,2,14:32,إبراهيم,2,5717
دَائِبَيْنِ,9190,No,1,14:33,إبراهيم,1,10490
سَأَلْتُمُوهُ,9191,No,1,14:34,إبراهيم,1,10868
تَعُدُّوا,9192,No,2,14:34,إبراهيم,2,4754
تُحْصُوهَا,9193,No,2,14:34,إبراهيم,2,4813
لَظَلُومٌ,9194,No,1,14:34,إبراهيم,1,13095
كَفَّارٌ,9195,No,2,14:34,إبراهيم,2,5613
الْبَلَدَ,9196,No,1,14:35,إبراهيم,1,8309
وَاجْنُبْنِي,9197,No,1,14:35,إبراهيم,1,14907
وَبَنِيَّ,9198,No,1,14:35,إبراهيم,1,15308
الْأَصْنَامَ,9199,No,1,14:35,إبراهيم,1,8217
إِنَّهُنَّ,9200,No,1,14:36,إبراهيم,1,7694
أَضْلَلْنَ,9201,No,1,14:36,إبراهيم,1,7180
تَبِعَنِي,9202,No,1,14:36,إبراهيم,1,9341
عَصَانِي,9203,No,1,14:36,إبراهيم,1,11518
أَسْكَنْتُ,9204,No,1,14:37,إبراهيم,1,7100
بِوَادٍ,9205,No,1,14:37,إبراهيم,1,9283
زَرْعٍ,9206,No,1,14:37,إبراهيم,1,10804
الْمُحَرَّمِ,9207,No,1,14:37,إبراهيم,1,8653
لِيُقِيمُوا,9208,No,1,14:37,إبراهيم,1,13603
فَاجْعَلْ,9209,No,3,14:37,إبراهيم,3,3390
أَفْئِدَةً,9210,No,1,14:37,إبراهيم,1,7272
تَهْوِي,9211,No,2,14:37,إبراهيم,2,4798
وَارْزُقْهُمْ,9212,No,1,14:37,إبراهيم,1,14937
نُخْفِي,9213,No,1,14:38,إبراهيم,1,14437
نُعْلِنُ,9214,No,1,14:38,إبراهيم,1,14482
وَهَبَ,9215,No,1,14:39,إبراهيم,1,16335
الْكِبَرِ,9216,No,2,14:39,إبراهيم,2,4447
إِسْمَاعِيلَ,9217,No,3,14:39,إبراهيم,3,2909
لَسَمِيعُ,9218,No,1,14:39,إبراهيم,1,13076
مُقِيمَ,9219,No,1,14:40,إبراهيم,1,14065
وَتَقَبَّلْ,9220,No,1,14:40,إبراهيم,1,15413
دُعَاءِ,9221,No,2,14:40,إبراهيم,2,4985
وَلِوَالِدَيَّ,9222,No,2,14:41,إبراهيم,2,6367
وَلِلْمُؤْمِنِينَ,9223,No,4,14:41,إبراهيم,4,2735
غَافِلًا,9224,No,1,14:42,إبراهيم,1,11661
يَعْمَلُ,9225,No,3,14:42,إبراهيم,3,3907
يُؤَخِّرُهُمْ,9226,No,3,14:42,إبراهيم,3,3923
تَشْخَصُ,9227,No,1,14:42,إبراهيم,1,9581
مُهْطِعِينَ,9228,No,3,14:43,إبراهيم,3,3612
مُقْنِعِي,9229,No,1,14:43,إبراهيم,1,14075
رُءُوسِهِمْ,9230,No,3,14:43,إبراهيم,3,3258
يَرْتَدُّ,9231,No,1,14:43,إبراهيم,1,16833
طَرْفُهُمْ,9232,No,1,14:43,إبراهيم,1,11356
وَأَفْئِدَتُهُمْ,9233,No,1,14:43,إبراهيم,1,14737
هَوَاءٌ,9234,No,1,14:43,إبراهيم,1,14565
وَأَنْذِرِ,9235,No,1,14:44,إبراهيم,1,14787
يَأْتِيهِمُ,9236,No,1,14:44,إبراهيم,1,16623
أَخِّرْنَا,9237,No,1,14:44,إبراهيم,1,6966
نُجِبْ,9238,No,1,14:44,إبراهيم,1,14436
دَعْوَتَكَ,9239,No,1,14:44,إبراهيم,1,10527
وَنَتَّبِعِ,9240,No,1,14:44,إبراهيم,1,16243
زَوَالٍ,9241,No,1,14:44,إبراهيم,1,10822
وَسَكَنْتُمْ,9242,No,1,14:45,إبراهيم,1,15721
مَسَاكِنِ,9243,No,1,14:45,إبراهيم,1,13713
وَتَبَيَّنَ,9244,No,1,14:45,إبراهيم,1,15353
فَعَلْنَا,9245,No,1,14:45,إبراهيم,1,12314
وَضَرَبْنَا,9246,No,1,14:45,إبراهيم,1,15788
مَكَرُوا,9247,No,3,14:46,إبراهيم,3,3571
مَكْرَهُمْ,9248,No,1,14:46,إبراهيم,1,13801
لِتَزُولَ,9249,No,1,14:46,إبراهيم,1,13360
مُخْلِفَ,9250,No,1,14:47,إبراهيم,1,13958
وَعْدِهِ,9251,No,1,14:47,إبراهيم,1,15883
تُبَدَّلُ,9252,No,1,14:48,إبراهيم,1,9843
وَالسَّمَاوَاتُ,9253,No,2,14:48,إبراهيم,2,6133
الْوَاحِدِ,9254,No,2,14:48,إبراهيم,2,4491
الْقَهَّارِ,9255,No,2,14:48,إبراهيم,2,4440
مُقَرَّنِينَ,9256,No,3,14:49,إبراهيم,3,3603
الْأَصْفَادِ,9257,No,2,14:49,إبراهيم,2,4332
سَرَابِيلُهُمْ,9258,No,1,14:50,إبراهيم,1,10935
قَطِرَانٍ,9259,No,1,14:50,إبراهيم,1,12680
وَتَغْشَى,9260,No,1,14:50,إبراهيم,1,15408
وُجُوهَهُمُ,9261,No,2,14:50,إبراهيم,2,6444
بَلَاغٌ,9262,No,2,14:52,إبراهيم,2,4546
وَلِيُنْذَرُوا,9263,No,1,14:52,إبراهيم,1,16148
وَلِيَعْلَمُوا,9264,No,1,14:52,إبراهيم,1,16137
وَلِيَذَّكَّرَ,9265,No,1,14:52,إبراهيم,1,16134
وَقُرْآنٍ,9266,No,1,15:1,الحجر,1,15972
رُبَمَا,9267,No,1,15:2,الحجر,1,10731
يَأْكُلُوا,9268,No,1,15:3,الحجر,1,16642
وَيَتَمَتَّعُوا,9269,No,1,15:3,الحجر,1,16386
وَيُلْهِهِمُ,9270,No,1,15:3,الحجر,1,16574
الْأَمَلُ,9271,No,1,15:3,الحجر,1,8246
وَلَهَا,9272,No,2,15:4,الحجر,2,6353
مَعْلُومٌ,9273,No,4,15:4,الحجر,3,2600
تَسْبِقُ,9274,No,2,15:5,الحجر,2,4737
أَجَلَهَا,9275,No,2,15:5,الحجر,2,4004
الذِّكْرُ,9276,No,3,15:6,الحجر,3,2933
لَمَجْنُونٌ,9277,No,3,15:6,الحجر,3,3508
بِالْمَلَائِكَةِ,9278,No,1,15:7,الحجر,1,9065
نُنَزِّلُ,9279,No,1,15:8,الحجر,1,14502
مُنْظَرِينَ,9280,No,2,15:8,الحجر,2,5915
الذِّكْرَ,9281,No,6,15:9,الحجر,6,1482
شِيَعِ,9282,No,1,15:10,الحجر,1,11192
نَسْلُكُهُ,9283,No,1,15:12,الحجر,1,14312
سُنَّةُ,9284,No,2,15:13,الحجر,2,5119
بَابًا,9285,No,2,15:14,الحجر,2,4516
فَظَلُّوا,9286,No,1,15:14,الحجر,1,12288
يَعْرُجُونَ,9287,No,1,15:14,الحجر,1,17002
لَقَالُوا,9288,No,3,15:15,الحجر,3,3505
سُكِّرَتْ,9289,No,1,15:15,الحجر,1,11061
أَبْصَارُنَا,9290,No,1,15:15,الحجر,1,6802
مَسْحُورُونَ,9291,No,1,15:15,الحجر,1,13720
بُرُوجًا,9292,No,2,15:16,الحجر,2,4568
وَزَيَّنَّاهَا,9293,No,2,15:16,الحجر,2,6263
وَحَفِظْنَاهَا,9294,No,1,15:17,الحجر,1,15543
شَيْطَانٍ,9295,No,4,15:17,الحجر,4,2458
رَجِيمٍ,9296,No,2,15:17,الحجر,2,5022
اسْتَرَقَ,9297,No,1,15:18,الحجر,1,7810
شِهَابٌ,9298,No,2,15:18,الحجر,2,5171
مَدَدْنَاهَا,9299,No,2,15:19,الحجر,2,5792
وَأَنْبَتْنَا,9300,No,3,15:19,الحجر,3,3672
مَوْزُونٍ,9301,No,1,15:19,الحجر,1,13864
بِرَازِقِينَ,9302,No,1,15:20,الحجر,1,9134
خَزَائِنُهُ,9303,No,1,15:21,الحجر,1,10395
نُنَزِّلُهُ,9304,No,1,15:21,الحجر,1,14503
بِقَدَرٍ,9305,No,5,15:21,الحجر,5,1837
مَعْلُومٍ,9306,No,5,15:21,الحجر,4,1999
لَوَاقِحَ,9307,No,1,15:22,الحجر,1,13239
فَأَسْقَيْنَاكُمُوهُ,9308,No,1,15:22,الحجر,1,11787
بِخَازِنِينَ,9309,No,1,15:22,الحجر,1,9111
لَنَحْنُ,9310,No,5,15:23,الحجر,4,1985
نُحْيِي,9311,No,3,15:23,الحجر,3,3637
وَنُمِيتُ,9312,No,2,15:23,الحجر,2,6396
الْوَارِثُونَ,9313,No,2,15:23,الحجر,2,4492
الْمُسْتَقْدِمِينَ,9314,No,1,15:24,الحجر,1,8671
الْمُسْتَأْخِرِينَ,9315,No,1,15:24,الحجر,1,8667
صَلْصَالٍ,9316,No,4,15:26,الحجر,2,2464
حَمَإٍ,9317,No,3,15:26,الحجر,1,3205
مَسْنُونٍ,9318,No,3,15:26,الحجر,1,3561
وَالْجَانَّ,9319,No,1,15:27,الحجر,1,15149
خَلَقْنَاهُ,9320,No,4,15:27,الحجر,4,2405
السَّمُومِ,9321,No,2,15:27,الحجر,2,4282
خَالِقٌ,9322,No,2,15:28,الحجر,2,4936
سَوَّيْتُهُ,9323,No,2,15:29,الحجر,2,5105
وَنَفَخْتُ,9324,No,2,15:29,الحجر,2,6393
رُوحِي,9325,No,2,15:29,الحجر,2,5049
فَقَعُوا,9326,No,2,15:29,الحجر,2,5473
فَسَجَدَ,9327,No,2,15:30,الحجر,2,5448
أَجْمَعُونَ,9328,No,3,15:30,الحجر,3,2840
إِبْلِيسُ,9329,No,3,15:32,الحجر,3,2908
لِأَسْجُدَ,9330,No,1,15:33,الحجر,1,13315
خَلَقْتَهُ,9331,No,1,15:33,الحجر,1,10425
رَجِيمٌ,9332,No,2,15:34,الحجر,2,5021
اللَّعْنَةَ,9333,No,1,15:35,الحجر,1,8131
فَأَنْظِرْنِي,9334,No,2,15:36,الحجر,2,5362
الْوَقْتِ,9335,No,2,15:38,الحجر,2,4497
الْمَعْلُومِ,9336,No,2,15:38,الحجر,2,4461
لَأُزَيِّنَنَّ,9337,No,1,15:39,الحجر,1,12971
وَلَأُغْوِيَنَّهُمْ,9338,No,1,15:39,الحجر,1,16027
عِبَادَكَ,9339,No,3,15:40,الحجر,3,3356
سُلْطَانٌ,9340,No,4,15:42,الحجر,4,2451
لَمَوْعِدُهُمْ,9341,No,1,15:43,الحجر,1,13180
سَبْعَةُ,9342,No,2,15:44,الحجر,2,5081
جُزْءٌ,9343,No,1,15:44,الحجر,1,10136
مَقْسُومٌ,9344,No,1,15:44,الحجر,1,13787
وَعُيُونٍ,9345,No,8,15:45,الحجر,5,1232
ادْخُلُوهَا,9346,No,2,15:46,الحجر,2,4221
سُرُرٍ,9347,No,4,15:47,الحجر,4,2450
مُتَقَابِلِينَ,9348,No,4,15:47,الحجر,4,2614
بِمُخْرَجِينَ,9349,No,1,15:48,الحجر,1,9254
نَبِّئْ,9350,No,1,15:49,الحجر,1,14228
الْأَلِيمُ,9351,No,1,15:50,الحجر,1,8239
وَنَبِّئْهُمْ,9352,No,2,15:51,الحجر,2,6386
ضَيْفِ,9353,No,2,15:51,الحجر,2,5209
وَجِلُونَ,9354,No,1,15:52,الحجر,1,15515
تَوْجَلْ,9355,No,1,15:53,الحجر,1,9824
نُبَشِّرُكَ,9356,No,2,15:53,الحجر,2,5995
بِغُلَامٍ,9357,No,4,15:53,الحجر,4,2333
أَبَشَّرْتُمُونِي,9358,No,1,15:54,الحجر,1,6785
فَبِمَ,9359,No,1,15:54,الحجر,1,12063
تُبَشِّرُونَ,9360,No,1,15:54,الحجر,1,9845
بَشَّرْنَاكَ,9361,No,1,15:55,الحجر,1,8861
الْقَانِطِينَ,9362,No,1,15:55,الحجر,1,8522
يَقْنَطُ,9363,No,1,15:56,الحجر,1,17081
خَطْبُكُمْ,9364,No,2,15:57,الحجر,2,4951
الْمُرْسَلُونَ,9365,No,7,15:57,الحجر,4,1305
لَمُنَجُّوهُمْ,9366,No,1,15:59,الحجر,1,13190
قَدَّرْنَا,9367,No,2,15:60,الحجر,2,5549
مُنْكَرُونَ,9368,No,2,15:62,الحجر,2,5917
جِئْنَاكَ,9369,No,3,15:63,الحجر,3,3190
يَمْتَرُونَ,9370,No,2,15:63,الحجر,2,6573
وَأَتَيْنَاكَ,9371,No,1,15:64,الحجر,1,14616
أَدْبَارَهُمْ,9372,No,1,15:65,الحجر,1,6998
وَامْضُوا,9373,No,1,15:65,الحجر,1,15265
وَقَضَيْنَا,9374,No,2,15:66,الحجر,2,6321
مَقْطُوعٌ,9375,No,1,15:66,الحجر,1,13789
مُصْبِحِينَ,9376,No,5,15:66,الحجر,3,2004
تَفْضَحُونِ,9377,No,1,15:68,الحجر,1,9678
نَنْهَكَ,9378,No,1,15:70,الحجر,1,14418
لَعَمْرُكَ,9379,No,1,15:72,الحجر,1,13108
سَكْرَتِهِمْ,9380,No,1,15:72,الحجر,1,10966
مُشْرِقِينَ,9381,No,2,15:73,الحجر,2,5896
فَجَعَلْنَا,9382,No,1,15:74,الحجر,1,12146
لِلْمُتَوَسِّمِينَ,9383,No,1,15:75,الحجر,1,13489
لَبِسَبِيلٍ,9384,No,1,15:76,الحجر,1,13009
مُقِيمٍ,9385,No,2,15:76,الحجر,2,5903
الْأَيْكَةِ,9386,No,4,15:78,الحجر,4,2245
لَظَالِمِينَ,9387,No,1,15:78,الحجر,1,13094
وَإِنَّهُمَا,9388,No,1,15:79,الحجر,1,14879
لَبِإِمَامٍ,9389,No,1,15:79,الحجر,1,13006
الْحِجْرِ,9390,No,1,15:80,الحجر,1,8395
فَكَانُوا,9391,No,5,15:81,الحجر,5,1957
يَنْحِتُونَ,9392,No,1,15:82,الحجر,1,17158
الْجِبَالِ,9393,No,7,15:82,الحجر,6,1294
السَّاعَةَ,9394,No,12,15:85,الحجر,11,758
لَآتِيَةٌ,9395,No,2,15:85,الحجر,2,5641
فَاصْفَحِ,9396,No,1,15:85,الحجر,1,11963
الصَّفْحَ,9397,No,1,15:85,الحجر,1,8079
الْجَمِيلَ,9398,No,1,15:85,الحجر,1,8333
الْخَلَّاقُ,9399,No,2,15:86,الحجر,2,4391
آتَيْنَاكَ,9400,No,2,15:87,الحجر,2,3966
سَبْعًا,9401,No,2,15:87,الحجر,2,5080
الْمَثَانِي,9402,No,1,15:87,الحجر,1,8585
وَالْقُرْآنَ,9403,No,1,15:87,الحجر,1,15216
الْعَظِيمَ,9404,No,1,15:87,الحجر,1,8450
تَمُدَّنَّ,9405,No,2,15:88,الحجر,2,4784
عَيْنَيْكَ,9406,No,2,15:88,الحجر,2,5304
مَتَّعْنَا,9407,No,3,15:88,الحجر,3,3550
وَاخْفِضْ,9408,No,3,15:88,الحجر,3,3692
جَنَاحَكَ,9409,No,3,15:88,الحجر,3,3185
النَّذِيرُ,9410,No,2,15:89,الحجر,2,4314
الْمُقْتَسِمِينَ,9411,No,1,15:90,الحجر,1,8704
عِضِينَ,9412,No,1,15:91,الحجر,1,11643
فَوَرَبِّكَ,9413,No,2,15:92,الحجر,2,5508
لَنَسْأَلَنَّهُمْ,9414,No,1,15:92,الحجر,1,13205
فَاصْدَعْ,9415,No,1,15:94,الحجر,1,11961
تُؤْمَرُ,9416,No,2,15:94,الحجر,2,4803
كَفَيْنَاكَ,9417,No,1,15:95,الحجر,1,12868
الْمُسْتَهْزِئِينَ,9418,No,1,15:95,الحجر,1,8673
آخَرَ,9419,No,10,15:96,الحجر,8,895
أَنَّكَ,9420,No,3,15:97,الحجر,3,2873
يَضِيقُ,9421,No,1,15:97,الحجر,1,16968
فَسَبِّحْ,9422,No,6,15:98,الحجر,5,1613
بِحَمْدِ,9423,No,10,15:98,الحجر,9,920
وَاعْبُدْ,9424,No,1,15:99,الحجر,1,14993
يَأْتِيَكَ,9425,No,1,15:99,الحجر,1,16625
الْيَقِينُ,9426,No,2,15:99,الحجر,2,4502
أَتَى,9427,No,6,16:1,النحل,5,1451
تَسْتَعْجِلُوهُ,9428,No,1,16:1,النحل,1,9551
يُنَزِّلُ,9429,No,5,16:2,النحل,3,2132
بِالرُّوحِ,9430,No,1,16:2,النحل,1,9006
أَنْذِرُوا,9431,No,1,16:2,النحل,1,7430
تَعَالَى,9432,No,3,16:3,النحل,3,3134
نُطْفَةٍ,9433,No,9,16:4,النحل,9,1085
خَصِيمٌ,9434,No,2,16:4,النحل,2,4946
وَالْأَنْعَامَ,9435,No,1,16:5,النحل,1,15121
خَلَقَهَا,9436,No,1,16:5,النحل,1,10424
دِفْءٌ,9437,No,1,16:5,النحل,1,10564
جَمَالٌ,9438,No,1,16:6,النحل,1,10104
تُرِيحُونَ,9439,No,1,16:6,النحل,1,9898
تَسْرَحُونَ,9440,No,1,16:6,النحل,1,9566
وَتَحْمِلُ,9441,No,1,16:7,النحل,1,15363
أَثْقَالَكُمْ,9442,No,1,16:7,النحل,1,6885
بَلَدٍ,9443,No,2,16:7,النحل,2,4547
بَالِغِيهِ,9444,No,1,16:7,النحل,1,8828
بِشِقِّ,9445,No,1,16:7,النحل,1,9168
الْأَنْفُسِ,9446,No,1,16:7,النحل,1,8258
وَالْخَيْلَ,9447,No,1,16:8,النحل,1,15176
وَالْبِغَالَ,9448,No,1,16:8,النحل,1,15147
وَالْحَمِيرَ,9449,No,1,16:8,النحل,1,15165
لِتَرْكَبُوهَا,9450,No,1,16:8,النحل,1,13359
وَزِينَةً,9451,No,1,16:8,النحل,1,15696
وَيَخْلُقُ,9452,No,1,16:8,النحل,1,16412
قَصْدُ,9453,No,1,16:9,النحل,1,12671
جَائِرٌ,9454,No,1,16:9,النحل,1,10067
وَمِنْهُ,9455,No,1,16:10,النحل,1,16233
شَجَرٌ,9456,No,1,16:10,النحل,1,11107
تُسِيمُونَ,9457,No,1,16:10,النحل,1,9912
يُنْبِتُ,9458,No,1,16:11,النحل,1,17533
الزَّرْعَ,9459,No,1,16:11,النحل,1,7995
وَالنَّخِيلَ,9460,No,1,16:11,النحل,1,15087
وَالْأَعْنَابَ,9461,No,1,16:11,النحل,1,15115
وَالنُّجُومُ,9462,No,2,16:12,النحل,2,6144
مُسَخَّرَاتٌ,9463,No,1,16:12,النحل,1,13985
أَلْوَانُهُ,9464,No,4,16:13,النحل,3,2180
سَخَّرَ,9465,No,5,16:14,النحل,5,1912
طَرِيًّا,9466,No,2,16:14,النحل,2,5227
وَتَسْتَخْرِجُوا,9467,No,1,16:14,النحل,1,15387
حِلْيَةً,9468,No,2,16:14,النحل,2,4931
تَلْبَسُونَهَا,9469,No,2,16:14,النحل,2,4780
مَوَاخِرَ,9470,No,2,16:14,النحل,2,5847
وَلِتَبْتَغُوا,9471,No,4,16:14,النحل,4,2732
تَمِيدَ,9472,No,3,16:15,النحل,3,3149
وَسُبُلًا,9473,No,1,16:15,النحل,1,15737
وَعَلَامَاتٍ,9474,No,1,16:16,النحل,1,15852
وَبِالنَّجْمِ,9475,No,1,16:16,النحل,1,15322
تُسِرُّونَ,9476,No,3,16:19,النحل,3,3163
تُعْلِنُونَ,9477,No,3,16:19,النحل,3,3165
يَخْلُقُونَ,9478,No,2,16:20,النحل,2,6495
أَحْيَاءٍ,9479,No,1,16:21,النحل,1,6947
إِلَهُكُمْ,9480,No,5,16:22,النحل,5,1762
مُنْكِرَةٌ,9481,No,1,16:22,النحل,1,14126
مُسْتَكْبِرُونَ,9482,No,2,16:22,النحل,2,5890
الْمُسْتَكْبِرِينَ,9483,No,1,16:23,النحل,1,8672
لِيَحْمِلُوا,9484,No,1,16:25,النحل,1,13543
كَامِلَةً,9485,No,1,16:25,النحل,1,12814
أَوْزَارِ,9486,No,1,16:25,النحل,1,7508
يُضِلُّونَهُمْ,9487,No,1,16:25,النحل,1,17425
فَأَتَى,9488,No,1,16:26,النحل,1,11749
بُنْيَانَهُمْ,9489,No,1,16:26,النحل,1,8946
الْقَوَاعِدِ,9490,No,1,16:26,النحل,1,8536
فَخَرَّ,9491,No,1,16:26,النحل,1,12162
السَّقْفُ,9492,No,1,16:26,النحل,1,8023
وَأَتَاهُمُ,9493,No,1,16:26,النحل,1,14615
يُخْزِيهِمْ,9494,No,1,16:27,النحل,1,17323
شُرَكَائِيَ,9495,No,4,16:27,النحل,3,2459
تُشَاقُّونَ,9496,No,1,16:27,النحل,1,9919
الْعِلْمَ,9497,No,10,16:27,النحل,10,913
الْخِزْيَ,9498,No,2,16:27,النحل,2,4399
وَالسُّوءَ,9499,No,1,16:27,النحل,1,15041
تَتَوَفَّاهُمُ,9500,No,2,16:28,النحل,1,4699
فَأَلْقَوُا,9501,No,1,16:28,النحل,1,11825
فَادْخُلُوا,9502,No,2,16:29,النحل,2,5378
فَلَبِئْسَ,9503,No,1,16:29,النحل,1,12383
الْمُتَكَبِّرِينَ,9504,No,3,16:29,النحل,3,3028
وَلَنِعْمَ,9505,No,1,16:30,النحل,1,16072
يَشَاءُونَ,9506,No,5,16:31,النحل,5,2102
طَيِّبِينَ,9507,No,1,16:32,النحل,1,11375
فَأَصَابَهُمْ,9508,No,2,16:34,النحل,2,5349
سَيِّئَاتُ,9509,No,5,16:34,النحل,3,1919
عَبَدْنَا,9510,No,1,16:35,النحل,1,11456
وَاجْتَنِبُوا,9511,No,2,16:36,النحل,2,6104
تَحْرِصْ,9512,No,1,16:37,النحل,1,9413
يَبْعَثُ,9513,No,2,16:38,النحل,2,6458
يَمُوتُ,9514,No,5,16:38,النحل,5,2116
قَوْلُنَا,9515,No,1,16:40,النحل,1,12706
لِشَيْءٍ,9516,No,2,16:40,النحل,2,5730
أَرَدْنَاهُ,9517,No,1,16:40,النحل,1,7031
نَقُولَ,9518,No,1,16:40,النحل,1,14387
ظُلِمُوا,9519,No,3,16:41,النحل,3,3322
لَنُبَوِّئَنَّهُمْ,9520,No,2,16:41,النحل,2,5694
فَاسْأَلُوا,9521,No,2,16:43,النحل,2,5387
الذِّكْرِ,9522,No,5,16:43,النحل,4,1774
لِتُبَيِّنَ,9523,No,2,16:44,النحل,1,5719
يَخْسِفَ,9524,No,3,16:45,النحل,3,3871
يَأْخُذَهُمْ,9525,No,2,16:46,النحل,1,6450
تَقَلُّبِهِمْ,9526,No,1,16:46,النحل,1,9690
تَخَوُّفٍ,9527,No,1,16:47,النحل,1,9434
يَتَفَيَّأُ,9528,No,1,16:48,النحل,1,16702
ظِلَالُهُ,9529,No,1,16:48,النحل,1,11421
الْيَمِينِ,9530,No,12,16:48,النحل,7,768
وَالشَّمَائِلِ,9531,No,1,16:48,النحل,1,15045
دَاخِرُونَ,9532,No,2,16:48,النحل,2,4972
وَيَفْعَلُونَ,9533,No,2,16:50,النحل,2,6425
يُؤْمَرُونَ,9534,No,2,16:50,النحل,2,6611
فَإِيَّايَ,9535,No,2,16:51,النحل,2,5371
وَاصِبًا,9536,No,1,16:52,النحل,1,14980
نِعْمَةٍ,9537,No,2,16:53,النحل,2,6013
مَسَّكُمُ,9538,No,2,16:53,النحل,2,5804
فَإِلَيْهِ,9539,No,1,16:53,النحل,1,11873
تَجْأَرُونَ,9540,No,1,16:53,النحل,1,9389
كَشَفَ,9541,No,1,16:54,النحل,1,12855
الضُّرَّ,9542,No,1,16:54,النحل,1,8100
لِيَكْفُرُوا,9543,No,3,16:55,النحل,3,3542
فَتَمَتَّعُوا,9544,No,2,16:55,النحل,2,5419
وَيَجْعَلُونَ,9545,No,3,16:56,النحل,1,3831
لَتُسْأَلُنَّ,9546,No,2,16:56,النحل,2,5658
الْبَنَاتِ,9547,No,2,16:57,النحل,2,4366
يَشْتَهُونَ,9548,No,5,16:57,النحل,5,2103
بُشِّرَ,9549,No,3,16:58,النحل,2,3066
ظَلَّ,9550,No,2,16:58,النحل,2,5248
وَجْهُهُ,9551,No,2,16:58,النحل,2,6233
مُسْوَدًّا,9552,No,2,16:58,النحل,2,5894
يَتَوَارَى,9553,No,1,16:59,النحل,1,16716
سُوءِ,9554,No,2,16:59,النحل,2,5122
أَيُمْسِكُهُ,9555,No,1,16:59,النحل,1,7537
هُونٍ,9556,No,1,16:59,النحل,1,14576
يَدُسُّهُ,9557,No,1,16:59,النحل,1,16805
التُّرَابِ,9558,No,1,16:59,النحل,1,7923
الْمَثَلُ,9559,No,2,16:60,النحل,2,4452
الْأَعْلَى,9560,No,9,16:60,النحل,9,1006
يُؤَاخِذُ,9561,No,2,16:61,النحل,2,6599
يَكْرَهُونَ,9562,No,1,16:62,النحل,1,17099
وَتَصِفُ,9563,No,1,16:62,النحل,1,15396
أَلْسِنَتُهُمُ,9564,No,1,16:62,النحل,1,7343
مُفْرَطُونَ,9565,No,1,16:62,النحل,1,14061
فَزَيَّنَ,9566,No,1,16:63,النحل,1,12220
وَلِيُّهُمُ,9567,No,1,16:63,النحل,1,16154
نُسْقِيكُمْ,9568,No,2,16:66,النحل,2,5999
بُطُونِهِ,9569,No,1,16:66,النحل,1,8940
فَرْثٍ,9570,No,1,16:66,النحل,1,12213
وَدَمٍ,9571,No,1,16:66,النحل,1,15594
لَبَنًا,9572,No,1,16:66,النحل,1,13002
خَالِصًا,9573,No,1,16:66,النحل,1,10375
سَائِغًا,9574,No,1,16:66,النحل,1,10879
لِلشَّارِبِينَ,9575,No,3,16:66,النحل,3,3528
ثَمَرَاتِ,9576,No,1,16:67,النحل,1,10046
النَّخِيلِ,9577,No,1,16:67,النحل,1,8152
وَالْأَعْنَابِ,9578,No,1,16:67,النحل,1,15116
سَكَرًا,9579,No,1,16:67,النحل,1,10960
وَرِزْقًا,9580,No,1,16:67,النحل,1,15672
وَأَوْحَى,9581,No,2,16:68,النحل,2,6077
النَّحْلِ,9582,No,1,16:68,النحل,1,8151
اتَّخِذِي,9583,No,1,16:68,النحل,1,7742
الشَّجَرِ,9584,No,2,16:68,النحل,2,4287
كُلِي,9585,No,1,16:69,النحل,1,12917
فَاسْلُكِي,9586,No,1,16:69,النحل,1,11957
رَبِّكِ,9587,No,3,16:69,النحل,3,3254
ذُلُلًا,9588,No,1,16:69,النحل,1,10613
بُطُونِهَا,9589,No,2,16:69,النحل,2,4570
مُخْتَلِفٌ,9590,No,3,16:69,النحل,2,3591
شِفَاءٌ,9591,No,2,16:69,النحل,2,5170
أَرْذَلِ,9592,No,2,16:70,النحل,2,4045
الْعُمُرِ,9593,No,2,16:70,النحل,2,4412
لِكَيْ,9594,No,2,16:70,النحل,2,5736
يَعْلَمَ,9595,No,3,16:70,النحل,3,3903
فُضِّلُوا,9596,No,1,16:71,النحل,1,12572
بِرَادِّي,9597,No,1,16:71,النحل,1,9133
رِزْقِهِمْ,9598,No,1,16:71,النحل,1,10776
أَيْمَانُهُمْ,9599,No,4,16:71,النحل,4,2200
أَفَبِنِعْمَةِ,9600,No,1,16:71,النحل,1,7247
أَزْوَاجِكُمْ,9601,No,4,16:72,النحل,4,2163
وَحَفَدَةً,9602,No,1,16:72,النحل,1,15541
أَفَبِالْبَاطِلِ,9603,No,2,16:72,النحل,2,4094
وَبِنِعْمَتِ,9604,No,1,16:72,النحل,1,15342
تَضْرِبُوا,9605,No,1,16:74,النحل,1,9609
مَمْلُوكًا,9606,No,1,16:75,النحل,1,13824
يَقْدِرُ,9607,No,2,16:75,النحل,1,6559
رَزَقْنَاهُ,9608,No,1,16:75,النحل,1,10690
وَجَهْرًا,9609,No,1,16:75,النحل,1,15501
وَضَرَبَ,9610,No,4,16:76,النحل,3,2716
أَبْكَمُ,9611,No,1,16:76,النحل,1,6812
كَلٌّ,9612,No,1,16:76,النحل,1,12874
مَوْلَاهُ,9613,No,2,16:76,النحل,2,5853
يُوَجِّهْهُ,9614,No,1,16:76,النحل,1,17569
كَلَمْحِ,9615,No,1,16:77,النحل,1,12877
الْبَصَرِ,9616,No,1,16:77,النحل,1,8302
أَخْرَجَكُمْ,9617,No,1,16:78,النحل,1,6977
أُمَّهَاتِكُمْ,9618,No,5,16:78,النحل,5,1757
وَالْأَفْئِدَةَ,9619,No,4,16:78,النحل,4,2693
جَوِّ,9620,No,1,16:79,النحل,1,10128
يُمْسِكُهُنَّ,9621,No,2,16:79,النحل,2,6680
جُلُودِ,9622,No,1,16:80,النحل,1,10142
تَسْتَخِفُّونَهَا,9623,No,1,16:80,النحل,1,9545
ظَعْنِكُمْ,9624,No,1,16:80,النحل,1,11387
إِقَامَتِكُمْ,9625,No,1,16:80,النحل,1,7677
أَصْوَافِهَا,9626,No,1,16:80,النحل,1,7164
وَأَوْبَارِهَا,9627,No,1,16:80,النحل,1,14805
وَأَشْعَارِهَا,9628,No,1,16:80,النحل,1,14704
أَثَاثًا,9629,No,2,16:80,النحل,2,4000
وَمَتَاعًا,9630,No,3,16:80,النحل,3,3811
ظِلَالًا,9631,No,1,16:81,النحل,1,11419
أَكْنَانًا,9632,No,1,16:81,النحل,1,7327
سَرَابِيلَ,9633,No,1,16:81,النحل,1,10934
تَقِيكُمُ,9634,No,1,16:81,النحل,1,9696
الْحَرَّ,9635,No,1,16:81,النحل,1,8357
وَسَرَابِيلَ,9636,No,1,16:81,النحل,1,15712
تَقِيكُمْ,9637,No,1,16:81,النحل,1,9697
بَأْسَكُمْ,9638,No,1,16:81,النحل,1,8800
يُتِمُّ,9639,No,1,16:81,النحل,1,17258
تُسْلِمُونَ,9640,No,1,16:81,النحل,1,9918
يُنْكِرُونَهَا,9641,No,1,16:83,النحل,1,17547
نَبْعَثُ,9642,No,2,16:84,النحل,1,5944
يُؤْذَنُ,9643,No,2,16:84,النحل,2,6609
يُسْتَعْتَبُونَ,9644,No,3,16:84,النحل,3,3941
شُرَكَاءَهُمْ,9645,No,1,16:86,النحل,1,11159
شُرَكَاؤُنَا,9646,No,1,16:86,النحل,1,11161
نَدْعُو,9647,No,3,16:86,النحل,3,3626
دُونِكَ,9648,No,2,16:86,النحل,2,4987
فَأَلْقَوْا,9649,No,2,16:86,النحل,2,5355
زِدْنَاهُمْ,9650,No,2,16:88,النحل,2,5067
يُفْسِدُونَ,9651,No,3,16:88,النحل,3,3947
وَنَزَّلْنَا,9652,No,3,16:89,النحل,3,3822
تِبْيَانًا,9653,No,1,16:89,النحل,1,10014
لِلْمُسْلِمِينَ,9654,No,2,16:89,النحل,1,5754
وَالْإِحْسَانِ,9655,No,1,16:90,النحل,1,15129
وَإِيتَاءِ,9656,No,2,16:90,النحل,2,6099
وَيَنْهَى,9657,No,1,16:90,النحل,1,16493
الْفَحْشَاءِ,9658,No,2,16:90,النحل,2,4430
وَالْمُنْكَرِ,9659,No,3,16:90,النحل,3,3728
وَالْبَغْيِ,9660,No,1,16:90,النحل,1,15141
تَنْقُضُوا,9661,No,1,16:91,النحل,1,9799
تَوْكِيدِهَا,9662,No,1,16:91,النحل,1,9827
جَعَلْتُمُ,9663,No,1,16:91,النحل,1,10098
كَفِيلًا,9664,No,1,16:91,النحل,1,12873
تَفْعَلُونَ,9665,No,6,16:91,النحل,5,1545
كَالَّتِي,9666,No,1,16:92,النحل,1,12798
نَقَضَتْ,9667,No,1,16:92,النحل,1,14385
غَزْلَهَا,9668,No,1,16:92,النحل,1,11675
أَنْكَاثًا,9669,No,1,16:92,النحل,1,7465
دَخَلًا,9670,No,2,16:92,النحل,1,4977
أَرْبَى,9671,No,1,16:92,النحل,1,7041
يَبْلُوكُمُ,9672,No,1,16:92,النحل,1,16676
وَلَيُبَيِّنَنَّ,9673,No,1,16:92,النحل,1,16083
وَلَتُسْأَلُنَّ,9674,No,1,16:93,النحل,1,16041
فَتَزِلَّ,9675,No,1,16:94,النحل,1,12082
قَدَمٌ,9676,No,1,16:94,النحل,1,12645
ثُبُوتِهَا,9677,No,1,16:94,النحل,1,10051
وَتَذُوقُوا,9678,No,1,16:94,النحل,1,15371
صَدَدْتُمْ,9679,No,1,16:94,النحل,1,11217
يَنْفَدُ,9680,No,1,16:96,النحل,1,17172
بَاقٍ,9681,No,1,16:96,النحل,1,8822
وَلَنَجْزِيَنَّ,9682,No,1,16:96,النحل,1,16065
أَجْرَهُمْ,9683,No,6,16:96,النحل,4,1453
بِأَحْسَنِ,9684,No,3,16:96,النحل,2,3069
فَلَنُحْيِيَنَّهُ,9685,No,1,16:97,النحل,1,12395
حَيَاةً,9686,No,2,16:97,النحل,2,4914
وَلَنَجْزِيَنَّهُمْ,9687,No,3,16:97,النحل,3,3801
قَرَأْتَ,9688,No,2,16:98,النحل,2,5552
سُلْطَانُهُ,9689,No,1,16:100,النحل,1,11064
يَتَوَلَّوْنَهُ,9690,No,1,16:100,النحل,1,16721
مُفْتَرٍ,9691,No,1,16:101,النحل,1,14058
رُوحُ,9692,No,1,16:102,النحل,1,10755
لِيُثَبِّتَ,9693,No,1,16:102,النحل,1,13578
يُعَلِّمُهُ,9694,No,1,16:103,النحل,1,17447
لِسَانُ,9695,No,1,16:103,النحل,1,13416
أَعْجَمِيٌّ,9696,No,1,16:103,النحل,1,7209
لِسَانٌ,9697,No,1,16:103,النحل,1,13414
عَرَبِيٌّ,9698,No,1,16:103,النحل,1,11483
يَهْدِيهِمُ,9699,No,1,16:104,النحل,1,17201
يَفْتَرِي,9700,No,1,16:105,النحل,1,17042
الْكَاذِبُونَ,9701,No,3,16:105,النحل,3,3012
إِيمَانِهِ,9702,No,1,16:106,النحل,1,7705
أُكْرِهَ,9703,No,1,16:106,النحل,1,7612
وَقَلْبُهُ,9704,No,1,16:106,النحل,1,15954
مُطْمَئِنٌّ,9705,No,1,16:106,النحل,1,14038
شَرَحَ,9706,No,2,16:106,النحل,2,5138
صَدْرًا,9707,No,1,16:106,النحل,1,11232
فَعَلَيْهِمْ,9708,No,1,16:106,النحل,1,12309
بِأَنَّهُمُ,9709,No,2,16:107,النحل,2,4589
وَسَمْعِهِمْ,9710,No,1,16:108,النحل,1,15725
فُتِنُوا,9711,No,1,16:110,النحل,1,12557
وَصَبَرُوا,9712,No,1,16:110,النحل,1,15768
تَأْتِي,9713,No,2,16:111,النحل,2,4681
تُجَادِلُ,9714,No,1,16:111,النحل,1,9855
نَفْسِهَا,9715,No,1,16:111,النحل,1,14379
وَتُوَفَّى,9716,No,1,16:111,النحل,1,15463
قَرْيَةً,9717,No,3,16:112,النحل,3,3451
آمِنَةً,9718,No,1,16:112,النحل,1,6745
مُطْمَئِنَّةً,9719,No,1,16:112,النحل,1,14039
يَأْتِيهَا,9720,No,1,16:112,النحل,1,16622
فَكَفَرَتْ,9721,No,1,16:112,النحل,1,12367
بِأَنْعُمِ,9722,No,1,16:112,النحل,1,8981
فَأَذَاقَهَا,9723,No,1,16:112,النحل,1,11773
لِبَاسَ,9724,No,1,16:112,النحل,1,13340
الْجُوعِ,9725,No,1,16:112,النحل,1,8343
وَالْخَوْفِ,9726,No,1,16:112,النحل,1,15174
تَصِفُ,9727,No,1,16:116,النحل,1,9593
أَلْسِنَتُكُمُ,9728,No,1,16:116,النحل,1,7342
حَلَالٌ,9729,No,1,16:116,النحل,1,10262
حَرَامٌ,9730,No,1,16:116,النحل,1,10210
لِتَفْتَرُوا,9731,No,1,16:116,النحل,1,13369
قَصَصْنَا,9732,No,2,16:118,النحل,2,5561
قَانِتًا,9733,No,1,16:120,النحل,1,12617
لِأَنْعُمِهِ,9734,No,1,16:121,النحل,1,13323
اجْتَبَاهُ,9735,No,2,16:121,النحل,2,4216
وَهَدَاهُ,9736,No,1,16:121,النحل,1,16338
جُعِلَ,9737,No,1,16:124,النحل,1,10137
السَّبْتُ,9738,No,1,16:124,النحل,1,8011
لَيَحْكُمُ,9739,No,1,16:124,النحل,1,13257
بِالْحِكْمَةِ,9740,No,2,16:125,النحل,2,4609
وَالْمَوْعِظَةِ,9741,No,1,16:125,النحل,1,15229
وَجَادِلْهُمْ,9742,No,1,16:125,النحل,1,15480
بِمَنْ,9743,No,8,16:125,النحل,7,1156
عَاقَبْتُمْ,9744,No,1,16:126,النحل,1,11439
فَعَاقِبُوا,9745,No,1,16:126,النحل,1,12293
عُوقِبْتُمْ,9746,No,1,16:126,النحل,1,11628
لِلصَّابِرِينَ,9747,No,1,16:126,النحل,1,13458
صَبْرُكَ,9748,No,1,16:127,النحل,1,11215
ضَيْقٍ,9749,No,2,16:127,النحل,2,5211
مُحْسِنُونَ,9750,No,1,16:128,النحل,1,13942
سُبْحَانَ,9751,No,13,17:1,الإسراء,9,719
بِعَبْدِهِ,9752,No,1,17:1,الإسراء,1,9192
الْأَقْصَى,9753,No,1,17:1,الإسراء,1,8234
لِنُرِيَهُ,9754,No,1,17:1,الإسراء,1,13518
الْبَصِيرُ,9755,No,4,17:1,الإسراء,3,2250
وَجَعَلْنَاهُ,9756,No,3,17:2,الإسراء,3,3741
دُونِي,9757,No,3,17:2,الإسراء,2,3246
ذُرِّيَّةَ,9758,No,1,17:3,الإسراء,1,10607
حَمَلْنَا,9759,No,3,17:3,الإسراء,3,3206
شَكُورًا,9760,No,1,17:3,الإسراء,1,11138
لَتُفْسِدُنَّ,9761,No,1,17:4,الإسراء,1,13036
وَلَتَعْلُنَّ,9762,No,1,17:4,الإسراء,1,16037
عُلُوًّا,9763,No,3,17:4,الإسراء,2,3354
أُولَاهُمَا,9764,No,1,17:5,الإسراء,1,7637
بَأْسٍ,9765,No,3,17:5,الإسراء,3,3047
فَجَاسُوا,9766,No,1,17:5,الإسراء,1,12142
خِلَالَ,9767,No,1,17:5,الإسراء,1,10480
الدِّيَارِ,9768,No,1,17:5,الإسراء,1,7949
رَدَدْنَا,9769,No,1,17:6,الإسراء,1,10683
الْكَرَّةَ,9770,No,1,17:6,الإسراء,1,8559
وَأَمْدَدْنَاكُمْ,9771,No,1,17:6,الإسراء,1,14769
بِأَمْوَالٍ,9772,No,2,17:6,الإسراء,2,4586
وَبَنِينَ,9773,No,6,17:6,الإسراء,6,1674
وَجَعَلْنَاكُمْ,9774,No,2,17:6,الإسراء,2,6224
نَفِيرًا,9775,No,1,17:6,الإسراء,1,14373
أَحْسَنْتُمْ,9776,No,2,17:7,الإسراء,1,4012
أَسَأْتُمْ,9777,No,1,17:7,الإسراء,1,7080
لِيَسُوءُوا,9778,No,1,17:7,الإسراء,1,13550
وَلِيَدْخُلُوا,9779,No,1,17:7,الإسراء,1,16133
دَخَلُوهُ,9780,No,1,17:7,الإسراء,1,10509
وَلِيُتَبِّرُوا,9781,No,1,17:7,الإسراء,1,16144
عَلَوْا,9782,No,1,17:7,الإسراء,1,11543
تَتْبِيرًا,9783,No,2,17:7,الإسراء,2,4701
يَرْحَمَكُمْ,9784,No,1,17:8,الإسراء,1,16838
عُدْتُمْ,9785,No,1,17:8,الإسراء,1,11601
حَصِيرًا,9786,No,1,17:8,الإسراء,1,10248
لِلَّتِي,9787,No,1,17:9,الإسراء,1,13462
أَقْوَمُ,9788,No,1,17:9,الإسراء,1,7302
وَيُبَشِّرُ,9789,No,1,17:9,الإسراء,1,16506
وَيَدْعُ,9790,No,1,17:11,الإسراء,1,16414
بِالشَّرِّ,9791,No,2,17:11,الإسراء,2,4596
دُعَاءَهُ,9792,No,1,17:11,الإسراء,1,10549
عَجُولًا,9793,No,1,17:11,الإسراء,1,11466
آيَتَيْنِ,9794,No,1,17:12,الإسراء,1,6757
فَمَحَوْنَا,9795,No,1,17:12,الإسراء,1,12442
مُبْصِرَةً,9796,No,3,17:12,الإسراء,2,3587
لِتَبْتَغُوا,9797,No,4,17:12,الإسراء,3,2572
وَلِتَعْلَمُوا,9798,No,1,17:12,الإسراء,1,16104
وَكُلَّ,9799,No,4,17:12,الإسراء,3,2727
تَفْصِيلًا,9800,No,1,17:12,الإسراء,1,9677
إِنْسَانٍ,9801,No,1,17:13,الإسراء,1,7695
أَلْزَمْنَاهُ,9802,No,1,17:13,الإسراء,1,7340
طَائِرَهُ,9803,No,1,17:13,الإسراء,1,11336
عُنُقِهِ,9804,No,1,17:13,الإسراء,1,11626
وَنُخْرِجُ,9805,No,1,17:13,الإسراء,1,16302
يَلْقَاهُ,9806,No,1,17:13,الإسراء,1,17125
مَنْشُورًا,9807,No,1,17:13,الإسراء,1,13839
اقْرَأْ,9808,No,3,17:14,الإسراء,2,2925
كِتَابَكَ,9809,No,1,17:14,الإسراء,1,12925
بِنَفْسِكَ,9810,No,1,17:14,الإسراء,1,9271
مُعَذِّبِينَ,9811,No,1,17:15,الإسراء,1,14046
نَبْعَثَ,9812,No,1,17:15,الإسراء,1,14236
نُهْلِكَ,9813,No,1,17:16,الإسراء,1,14510
أَمَرْنَا,9814,No,1,17:16,الإسراء,1,7375
مُتْرَفِيهَا,9815,No,1,17:16,الإسراء,1,13925
فَفَسَقُوا,9816,No,1,17:16,الإسراء,1,12333
فَحَقَّ,9817,No,4,17:16,الإسراء,4,2516
فَدَمَّرْنَاهَا,9818,No,1,17:16,الإسراء,1,12172
تَدْمِيرًا,9819,No,2,17:16,الإسراء,2,4720
بِرَبِّكَ,9820,No,5,17:17,الإسراء,4,1833
بِذُنُوبِ,9821,No,2,17:17,الإسراء,2,4640
الْعَاجِلَةَ,9822,No,3,17:18,الإسراء,3,2992
عَجَّلْنَا,9823,No,1,17:18,الإسراء,1,11465
يَصْلَاهَا,9824,No,2,17:18,الإسراء,2,6536
مَذْمُومًا,9825,No,2,17:18,الإسراء,1,5794
سَعْيَهَا,9826,No,1,17:19,الإسراء,1,10943
سَعْيُهُمْ,9827,No,2,17:19,الإسراء,2,5091
مَشْكُورًا,9828,No,2,17:19,الإسراء,2,5811
نُمِدُّ,9829,No,1,17:20,الإسراء,1,14498
وَهَؤُلَاءِ,9830,No,1,17:20,الإسراء,1,16334
عَطَاءِ,9831,No,1,17:20,الإسراء,1,11530
عَطَاءُ,9832,No,1,17:20,الإسراء,1,11529
مَحْظُورًا,9833,No,1,17:20,الإسراء,1,13670
وَلَلْآخِرَةُ,9834,No,2,17:21,الإسراء,2,6350
وَأَكْبَرُ,9835,No,1,17:21,الإسراء,1,14750
تَفْضِيلًا,9836,No,2,17:21,الإسراء,1,4769
تَجْعَلْ,9837,No,4,17:22,الإسراء,2,2344
فَتَقْعُدَ,9838,No,2,17:22,الإسراء,1,5417
مَخْذُولًا,9839,No,1,17:22,الإسراء,1,13676
وَقَضَى,9840,No,1,17:23,الإسراء,1,15945
يَبْلُغَنَّ,9841,No,1,17:23,الإسراء,1,16674
الْكِبَرَ,9842,No,1,17:23,الإسراء,1,8577
كِلَاهُمَا,9843,No,1,17:23,الإسراء,1,12936
تَقُلْ,9844,No,1,17:23,الإسراء,1,9693
أُفٍّ,9845,No,3,17:23,الإسراء,3,2899
تَنْهَرْهُمَا,9846,No,1,17:23,الإسراء,1,9806
جَنَاحَ,9847,No,1,17:24,الإسراء,1,10112
الذُّلِّ,9848,No,3,17:24,الإسراء,2,2931
ارْحَمْهُمَا,9849,No,1,17:24,الإسراء,1,7795
رَبَّيَانِي,9850,No,1,17:24,الإسراء,1,10658
نُفُوسِكُمْ,9851,No,1,17:25,الإسراء,1,14485
لِلْأَوَّابِينَ,9852,No,1,17:25,الإسراء,1,13467
وَآتِ,9853,No,1,17:26,الإسراء,1,14586
وَالْمِسْكِينَ,9854,No,2,17:26,الإسراء,2,6181
تُبَذِّرْ,9855,No,1,17:26,الإسراء,1,9844
تَبْذِيرًا,9856,No,1,17:26,الإسراء,1,9350
الْمُبَذِّرِينَ,9857,No,1,17:27,الإسراء,1,8640
إِخْوَانَ,9858,No,1,17:27,الإسراء,1,7646
الشَّيَاطِينِ,9859,No,4,17:27,الإسراء,4,2235
لِرَبِّهِ,9860,No,2,17:27,الإسراء,2,5722
كَفُورًا,9861,No,4,17:27,الإسراء,2,2551
تُعْرِضَنَّ,9862,No,1,17:28,الإسراء,1,9950
تَرْجُوهَا,9863,No,1,17:28,الإسراء,1,9507
مَيْسُورًا,9864,No,1,17:28,الإسراء,1,13883
مَغْلُولَةً,9865,No,1,17:29,الإسراء,1,13771
عُنُقِكَ,9866,No,1,17:29,الإسراء,1,11625
تَبْسُطْهَا,9867,No,1,17:29,الإسراء,1,9351
الْبَسْطِ,9868,No,1,17:29,الإسراء,1,8300
مَلُومًا,9869,No,2,17:29,الإسراء,1,5836
مَحْسُورًا,9870,No,1,17:29,الإسراء,1,13668
بِعِبَادِهِ,9871,No,6,17:30,الإسراء,3,1534
خَشْيَةَ,9872,No,2,17:31,الإسراء,1,4945
نَرْزُقُهُمْ,9873,No,1,17:31,الإسراء,1,14288
قَتْلَهُمْ,9874,No,1,17:31,الإسراء,1,12643
خِطْئًا,9875,No,1,17:31,الإسراء,1,10471
الزِّنَا,9876,No,1,17:32,الإسراء,1,8000
مَظْلُومًا,9877,No,1,17:33,الإسراء,1,13748
لِوَلِيِّهِ,9878,No,2,17:33,الإسراء,2,5760
يُسْرِفْ,9879,No,1,17:33,الإسراء,1,17370
مَنْصُورًا,9880,No,1,17:33,الإسراء,1,13841
بِالْعَهْدِ,9881,No,1,17:34,الإسراء,1,9051
الْعَهْدَ,9882,No,1,17:34,الإسراء,1,8459
مَسْئُولًا,9883,No,4,17:34,الإسراء,3,2599
كِلْتُمْ,9884,No,1,17:35,الإسراء,1,12938
وَزِنُوا,9885,No,2,17:35,الإسراء,2,6267
بِالْقِسْطَاسِ,9886,No,2,17:35,الإسراء,2,4616
الْمُسْتَقِيمِ,9887,No,2,17:35,الإسراء,2,4472
تَقْفُ,9888,No,1,17:36,الإسراء,1,9712
وَالْبَصَرَ,9889,No,1,17:36,الإسراء,1,15137
وَالْفُؤَادَ,9890,No,1,17:36,الإسراء,1,15200
تَمْشِ,9891,No,2,17:37,الإسراء,2,4789
مَرَحًا,9892,No,2,17:37,الإسراء,2,5796
تَخْرِقَ,9893,No,1,17:37,الإسراء,1,9445
تَبْلُغَ,9894,No,1,17:37,الإسراء,1,9358
طُولًا,9895,No,1,17:37,الإسراء,1,11380
سَيِّئُهُ,9896,No,1,17:38,الإسراء,1,11041
مَكْرُوهًا,9897,No,1,17:38,الإسراء,1,13803
أَوْحَى,9898,No,3,17:39,الإسراء,3,2886
الْحِكْمَةِ,9899,No,1,17:39,الإسراء,1,8397
فَتُلْقَى,9900,No,1,17:39,الإسراء,1,12130
أَفَأَصْفَاكُمْ,9901,No,1,17:40,الإسراء,1,7240
بِالْبَنِينَ,9902,No,2,17:40,الإسراء,2,4605
لَتَقُولُونَ,9903,No,1,17:40,الإسراء,1,13023
صَرَّفْنَا,9904,No,3,17:41,الإسراء,2,3303
الْقُرْآنِ,9905,No,13,17:41,الإسراء,8,709
لِيَذَّكَّرُوا,9906,No,2,17:41,الإسراء,2,5762
يَزِيدُهُمْ,9907,No,2,17:41,الإسراء,1,6512
نُفُورًا,9908,No,4,17:41,الإسراء,3,2645
لَابْتَغَوْا,9909,No,1,17:42,الإسراء,1,12980
تُسَبِّحُ,9910,No,1,17:44,الإسراء,1,9908
السَّبْعُ,9911,No,1,17:44,الإسراء,1,8012
يُسَبِّحُ,9912,No,6,17:44,الإسراء,5,1720
تَفْقَهُونَ,9913,No,1,17:44,الإسراء,1,9681
تَسْبِيحَهُمْ,9914,No,1,17:44,الإسراء,1,9541
حَلِيمًا,9915,No,3,17:44,الإسراء,3,3204
بَيْنَكَ,9916,No,2,17:45,الإسراء,2,4562
حِجَابًا,9917,No,2,17:45,الإسراء,2,4921
مَسْتُورًا,9918,No,1,17:45,الإسراء,1,13718
ذَكَرْتَ,9919,No,1,17:46,الإسراء,1,10585
وَلَّوْا,9920,No,4,17:46,الإسراء,4,2731
أَدْبَارِهِمْ,9921,No,2,17:46,الإسراء,2,4027
نَجْوَى,9922,No,2,17:47,الإسراء,2,5954
مَسْحُورًا,9923,No,3,17:47,الإسراء,2,3560
فَضَلُّوا,9924,No,2,17:48,الإسراء,2,5459
عِظَامًا,9925,No,4,17:49,الإسراء,3,2490
وَرُفَاتًا,9926,No,2,17:49,الإسراء,1,6258
لَمَبْعُوثُونَ,9927,No,5,17:49,الإسراء,4,1984
خَلْقًا,9928,No,7,17:49,الإسراء,5,1335
جَدِيدًا,9929,No,2,17:49,الإسراء,1,4872
حَدِيدًا,9930,No,1,17:50,الإسراء,1,10205
يَكْبُرُ,9931,No,1,17:51,الإسراء,1,17092
يُعِيدُنَا,9932,No,1,17:51,الإسراء,1,17453
فَطَرَكُمْ,9933,No,1,17:51,الإسراء,1,12276
فَسَيُنْغِضُونَ,9934,No,1,17:51,الإسراء,1,12244
رُءُوسَهُمْ,9935,No,2,17:51,الإسراء,2,5040
فَتَسْتَجِيبُونَ,9936,No,1,17:52,الإسراء,1,12083
وَتَظُنُّونَ,9937,No,2,17:52,الإسراء,2,6204
لَبِثْتُمْ,9938,No,8,17:52,الإسراء,5,1203
لِعِبَادِي,9939,No,1,17:53,الإسراء,1,13430
يَنْزَغُ,9940,No,1,17:53,الإسراء,1,17159
يَرْحَمْكُمْ,9941,No,1,17:54,الإسراء,1,16839
كَشْفَ,9942,No,1,17:56,الإسراء,1,12857
الضُّرِّ,9943,No,1,17:56,الإسراء,1,8101
تَحْوِيلًا,9944,No,3,17:56,الإسراء,2,3120
رَبِّهِمُ,9945,No,2,17:57,الإسراء,2,5018
وَيَرْجُونَ,9946,No,1,17:57,الإسراء,1,16423
رَحْمَتَهُ,9947,No,2,17:57,الإسراء,2,5025
عَذَابَهُ,9948,No,2,17:57,الإسراء,2,5280
مَحْذُورًا,9949,No,1,17:57,الإسراء,1,13667
مُهْلِكُوهَا,9950,No,1,17:58,الإسراء,1,14135
مُعَذِّبُوهَا,9951,No,1,17:58,الإسراء,1,14045
مَسْطُورًا,9952,No,2,17:58,الإسراء,2,5809
مَنَعَنَا,9953,No,1,17:59,الإسراء,1,13834
نُرْسِلَ,9954,No,1,17:59,الإسراء,1,14447
بِالْآيَاتِ,9955,No,2,17:59,الإسراء,1,4601
تَخْوِيفًا,9956,No,1,17:59,الإسراء,1,9459
أَحَاطَ,9957,No,4,17:60,الإسراء,4,2149
الرُّؤْيَا,9958,No,3,17:60,الإسراء,3,2936
أَرَيْنَاكَ,9959,No,1,17:60,الإسراء,1,7034
وَالشَّجَرَةَ,9960,No,1,17:60,الإسراء,1,15043
الْمَلْعُونَةَ,9961,No,1,17:60,الإسراء,1,8623
وَنُخَوِّفُهُمْ,9962,No,1,17:60,الإسراء,1,16301
أَأَسْجُدُ,9963,No,1,17:61,الإسراء,1,6761
طِينًا,9964,No,1,17:61,الإسراء,1,11383
أَرَأَيْتَكَ,9965,No,1,17:62,الإسراء,1,7021
كَرَّمْتَ,9966,No,1,17:62,الإسراء,1,12847
أَخَّرْتَنِ,9967,No,1,17:62,الإسراء,1,6961
لَأَحْتَنِكَنَّ,9968,No,1,17:62,الإسراء,1,12949
ذُرِّيَّتَهُ,9969,No,2,17:62,الإسراء,2,5000
اذْهَبْ,9970,No,5,17:63,الإسراء,4,1768
جَزَاؤُكُمْ,9971,No,1,17:63,الإسراء,1,10092
مَوْفُورًا,9972,No,1,17:63,الإسراء,1,13877
وَاسْتَفْزِزْ,9973,No,1,17:64,الإسراء,1,14964
بِصَوْتِكَ,9974,No,1,17:64,الإسراء,1,9175
وَأَجْلِبْ,9975,No,1,17:64,الإسراء,1,14628
بِخَيْلِكَ,9976,No,1,17:64,الإسراء,1,9116
وَرَجِلِكَ,9977,No,1,17:64,الإسراء,1,15644
وَشَارِكْهُمْ,9978,No,1,17:64,الإسراء,1,15746
وَالْأَوْلَادِ,9979,No,2,17:64,الإسراء,2,6151
وَعِدْهُمْ,9980,No,1,17:64,الإسراء,1,15872
يُزْجِي,9981,No,2,17:66,الإسراء,2,6642
نَجَّاكُمْ,9982,No,1,17:67,الإسراء,1,14255
أَعْرَضْتُمْ,9983,No,1,17:67,الإسراء,1,7212
أَفَأَمِنْتُمْ,9984,No,1,17:68,الإسراء,1,7241
جَانِبَ,9985,No,2,17:68,الإسراء,2,4865
يُرْسِلَ,9986,No,4,17:68,الإسراء,4,2803
حَاصِبًا,9987,No,4,17:68,الإسراء,4,2393
يُعِيدَكُمْ,9988,No,1,17:69,الإسراء,1,17450
تَارَةً,9989,No,2,17:69,الإسراء,2,4692
فَيُرْسِلَ,9990,No,1,17:69,الإسراء,1,12544
قَاصِفًا,9991,No,1,17:69,الإسراء,1,12609
الرِّيحِ,9992,No,1,17:69,الإسراء,1,7985
فَيُغْرِقَكُمْ,9993,No,1,17:69,الإسراء,1,12551
تَبِيعًا,9994,No,1,17:69,الإسراء,1,9344
كَرَّمْنَا,9995,No,1,17:70,الإسراء,1,12848
وَحَمَلْنَاهُمْ,9996,No,1,17:70,الإسراء,1,15550
وَفَضَّلْنَاهُمْ,9997,No,2,17:70,الإسراء,2,6311
بِإِمَامِهِمْ,9998,No,1,17:71,الإسراء,1,8995
كِتَابَهُ,9999,No,5,17:71,الإسراء,3,1978
بِيَمِينِهِ,10000,No,4,17:71,الإسراء,4,2339
كِتَابَهُمْ,10001,No,1,17:71,الإسراء,1,12926
لَيَفْتِنُونَكَ,10002,No,1,17:73,الإسراء,1,13268
لِتَفْتَرِيَ,10003,No,1,17:73,الإسراء,1,13370
لَاتَّخَذُوكَ,10004,No,1,17:73,الإسراء,1,12984
ثَبَّتْنَاكَ,10005,No,1,17:74,الإسراء,1,10032
كِدْتَ,10006,No,2,17:74,الإسراء,2,5637
تَرْكَنُ,10007,No,1,17:74,الإسراء,1,9518
لَأَذَقْنَاكَ,10008,No,1,17:75,الإسراء,1,12951
ضِعْفَ,10009,No,1,17:75,الإسراء,1,11329
وَضِعْفَ,10010,No,1,17:75,الإسراء,1,15795
الْمَمَاتِ,10011,No,1,17:75,الإسراء,1,8624
لَيَسْتَفِزُّونَكَ,10012,No,1,17:76,الإسراء,1,13261
لِيُخْرِجُوكَ,10013,No,1,17:76,الإسراء,1,13584
يَلْبَثُونَ,10014,No,1,17:76,الإسراء,1,17114
خِلَافَكَ,10015,No,1,17:76,الإسراء,1,10478
سُنَّةَ,10016,No,4,17:77,الإسراء,3,2452
قَبْلَكَ,10017,No,4,17:77,الإسراء,4,2532
رُسُلِنَا,10018,No,2,17:77,الإسراء,2,5045
لِسُنَّتِنَا,10019,No,1,17:77,الإسراء,1,13422
أَقِمِ,10020,No,2,17:78,الإسراء,2,4107
لِدُلُوكِ,10021,No,1,17:78,الإسراء,1,13401
الشَّمْسِ,10022,No,5,17:78,الإسراء,4,1781
غَسَقِ,10023,No,1,17:78,الإسراء,1,11676
وَقُرْآنَ,10024,No,1,17:78,الإسراء,1,15973
قُرْآنَ,10025,No,1,17:78,الإسراء,1,12727
مَشْهُودًا,10026,No,1,17:78,الإسراء,1,13732
فَتَهَجَّدْ,10027,No,1,17:79,الإسراء,1,12114
نَافِلَةً,10028,No,2,17:79,الإسراء,2,5937
يَبْعَثَكَ,10029,No,1,17:79,الإسراء,1,16668
مَقَامًا,10030,No,2,17:79,الإسراء,2,5826
مَحْمُودًا,10031,No,1,17:79,الإسراء,1,13673
أَدْخِلْنِي,10032,No,1,17:80,الإسراء,1,7002
مُدْخَلَ,10033,No,1,17:80,الإسراء,1,13962
وَأَخْرِجْنِي,10034,No,1,17:80,الإسراء,1,14660
مُخْرَجَ,10035,No,1,17:80,الإسراء,1,13952
وَزَهَقَ,10036,No,1,17:81,الإسراء,1,15687
الْبَاطِلُ,10037,No,5,17:81,الإسراء,5,1798
زَهُوقًا,10038,No,1,17:81,الإسراء,1,10820
وَنُنَزِّلُ,10039,No,1,17:82,الإسراء,1,16321
يَزِيدُ,10040,No,4,17:82,الإسراء,2,2779
خَسَارًا,10041,No,3,17:82,الإسراء,3,3222
أَنْعَمْنَا,10042,No,3,17:83,الإسراء,3,2879
الْإِنْسَانِ,10043,No,4,17:83,الإسراء,4,2246
أَعْرَضَ,10044,No,5,17:83,الإسراء,4,1746
وَنَأَى,10045,No,2,17:83,الإسراء,2,6383
بِجَانِبِهِ,10046,No,2,17:83,الإسراء,2,4629
الشَّرُّ,10047,No,4,17:83,الإسراء,3,2232
يَئُوسًا,10048,No,1,17:83,الإسراء,1,16652
شَاكِلَتِهِ,10049,No,1,17:84,الإسراء,1,11103
فَرَبُّكُمْ,10050,No,1,17:84,الإسراء,1,12188
الرُّوحِ,10051,No,1,17:85,الإسراء,1,7979
الرُّوحُ,10052,No,3,17:85,الإسراء,3,2937
لَنَذْهَبَنَّ,10053,No,1,17:86,الإسراء,1,13201
اجْتَمَعَتِ,10054,No,1,17:88,الإسراء,1,7756
الْإِنْسُ,10055,No,2,17:88,الإسراء,2,4354
وَالْجِنُّ,10056,No,2,17:88,الإسراء,2,6159
بِمِثْلِهِ,10057,No,2,17:88,الإسراء,2,4668
ظَهِيرًا,10058,No,4,17:88,الإسراء,3,2474
مَثَلٍ,10059,No,4,17:89,الإسراء,4,2591
فَأَبَى,10060,No,3,17:89,الإسراء,2,3370
كُفُورًا,10061,No,3,17:89,الإسراء,2,3484
تَفْجُرَ,10062,No,1,17:90,الإسراء,1,9670
يَنْبُوعًا,10063,No,1,17:90,الإسراء,1,17154
وَعِنَبٍ,10064,No,1,17:91,الإسراء,1,15878
فَتُفَجِّرَ,10065,No,1,17:91,الإسراء,1,12127
خِلَالَهَا,10066,No,2,17:91,الإسراء,2,4969
تَفْجِيرًا,10067,No,2,17:91,الإسراء,2,4767
تُسْقِطَ,10068,No,1,17:92,الإسراء,1,9916
زَعَمْتَ,10069,No,1,17:92,الإسراء,1,10806
كِسَفًا,10070,No,4,17:92,الإسراء,4,2558
تَأْتِيَ,10071,No,1,17:92,الإسراء,1,9298
قَبِيلًا,10072,No,1,17:92,الإسراء,1,12625
بَيْتٌ,10073,No,1,17:93,الإسراء,1,8930
زُخْرُفٍ,10074,No,1,17:93,الإسراء,1,10838
تَرْقَى,10075,No,1,17:93,الإسراء,1,9515
لِرُقِيِّكَ,10076,No,1,17:93,الإسراء,1,13413
نَقْرَؤُهُ,10077,No,1,17:93,الإسراء,1,14393
أَبَعَثَ,10078,No,1,17:94,الإسراء,1,6786
مَلَائِكَةٌ,10079,No,2,17:95,الإسراء,2,5834
مُطْمَئِنِّينَ,10080,No,1,17:95,الإسراء,1,14040
لَنَزَّلْنَا,10081,No,1,17:95,الإسراء,1,13204
الْمُهْتَدِ,10082,No,2,17:97,الإسراء,2,4484
وَنَحْشُرُهُمْ,10083,No,1,17:97,الإسراء,1,16254
وُجُوهِهِمْ,10084,No,5,17:97,الإسراء,5,2076
عُمْيًا,10085,No,1,17:97,الإسراء,1,11624
وَبُكْمًا,10086,No,1,17:97,الإسراء,1,15316
وَصُمًّا,10087,No,1,17:97,الإسراء,1,15782
خَبَتْ,10088,No,1,17:97,الإسراء,1,10384
يَخْلُقَ,10089,No,2,17:99,الإسراء,2,6494
مِثْلَهُمْ,10090,No,2,17:99,الإسراء,2,5925
تَمْلِكُونَ,10091,No,2,17:100,الإسراء,2,4791
خَزَائِنَ,10092,No,1,17:100,الإسراء,1,10394
لَأَمْسَكْتُمْ,10093,No,1,17:100,الإسراء,1,12968
الْإِنْفَاقِ,10094,No,1,17:100,الإسراء,1,8286
قَتُورًا,10095,No,1,17:100,الإسراء,1,12642
تِسْعَ,10096,No,1,17:101,الإسراء,1,10020
فَاسْأَلْ,10097,No,2,17:101,الإسراء,2,5389
لَأَظُنُّكَ,10098,No,2,17:101,الإسراء,1,5643
بَصَائِرَ,10099,No,2,17:102,الإسراء,2,4532
مَثْبُورًا,10100,No,1,17:102,الإسراء,1,13656
فَأَرَادَ,10101,No,2,17:103,الإسراء,2,5348
يَسْتَفِزَّهُمْ,10102,No,1,17:103,الإسراء,1,16900
فَأَغْرَقْنَاهُ,10103,No,1,17:103,الإسراء,1,11806
لَفِيفًا,10104,No,1,17:104,الإسراء,1,13133
وَبِالْحَقِّ,10105,No,2,17:105,الإسراء,1,6198
نَزَلَ,10106,No,4,17:105,الإسراء,4,2634
مُبَشِّرًا,10107,No,2,17:105,الإسراء,2,5863
وَقُرْآنًا,10108,No,1,17:106,الإسراء,1,15970
فَرَقْنَاهُ,10109,No,1,17:106,الإسراء,1,12200
لِتَقْرَأَهُ,10110,No,1,17:106,الإسراء,1,13372
مُكْثٍ,10111,No,1,17:106,الإسراء,1,14081
وَنَزَّلْنَاهُ,10112,No,1,17:106,الإسراء,1,16268
تَنْزِيلًا,10113,No,4,17:106,الإسراء,4,2368
يَخِرُّونَ,10114,No,1,17:107,الإسراء,1,16780
لِلْأَذْقَانِ,10115,No,2,17:107,الإسراء,1,5745
لَمَفْعُولًا,10116,No,1,17:108,الإسراء,1,13176
وَيَخِرُّونَ,10117,No,1,17:109,الإسراء,1,16406
خُشُوعًا,10118,No,1,17:109,الإسراء,1,10458
الرَّحْمَنَ,10119,No,3,17:110,الإسراء,3,2935
أَيًّا,10120,No,1,17:110,الإسراء,1,7522
تَدْعُوا,10121,No,3,17:110,الإسراء,3,3122
تَجْهَرْ,10122,No,2,17:110,الإسراء,2,4706
بِصَلَاتِكَ,10123,No,1,17:110,الإسراء,1,9174
تُخَافِتْ,10124,No,1,17:110,الإسراء,1,9876
وَابْتَغِ,10125,No,2,17:110,الإسراء,2,6100
يَتَّخِذْ,10126,No,2,17:111,الإسراء,2,6479
شَرِيكٌ,10127,No,2,17:111,الإسراء,2,5139
وَكَبِّرْهُ,10128,No,1,17:111,الإسراء,1,15989
تَكْبِيرًا,10129,No,1,17:111,الإسراء,1,9718
عَبْدِهِ,10130,No,4,18:1,الكهف,4,2479
قَيِّمًا,10131,No,1,18:2,الكهف,1,12713
لِيُنْذِرَ,10132,No,4,18:2,الكهف,4,2589
وَيُبَشِّرَ,10133,No,1,18:2,الكهف,1,16505
مَاكِثِينَ,10134,No,1,18:3,الكهف,1,13628
وَيُنْذِرَ,10135,No,1,18:4,الكهف,1,16579
لِآبَائِهِمْ,10136,No,2,18:5,الكهف,2,5709
كَبُرَتْ,10137,No,1,18:5,الكهف,1,12821
تَخْرُجُ,10138,No,4,18:5,الكهف,4,2350
بَاخِعٌ,10139,No,2,18:6,الكهف,2,4517
الْحَدِيثِ,10140,No,6,18:6,الكهف,6,1503
أَسَفًا,10141,No,1,18:6,الكهف,1,7082
لِنَبْلُوَهُمْ,10142,No,1,18:7,الكهف,1,13506
لَجَاعِلُونَ,10143,No,1,18:8,الكهف,1,13041
جُرُزًا,10144,No,1,18:8,الكهف,1,10134
حَسِبْتَ,10145,No,1,18:9,الكهف,1,10233
الْكَهْفِ,10146,No,4,18:9,الكهف,1,2276
وَالرَّقِيمِ,10147,No,1,18:9,الكهف,1,15020
أَوَى,10148,No,1,18:10,الكهف,1,7494
الْفِتْيَةُ,10149,No,1,18:10,الكهف,1,8510
وَهَيِّئْ,10150,No,1,18:10,الكهف,1,16348
رَشَدًا,10151,No,5,18:10,الكهف,2,1907
فَضَرَبْنَا,10152,No,1,18:11,الكهف,1,12268
عَدَدًا,10153,No,3,18:11,الكهف,2,3330
بَعَثْنَاهُمْ,10154,No,2,18:12,الكهف,1,4537
الْحِزْبَيْنِ,10155,No,1,18:12,الكهف,1,8396
أَحْصَى,10156,No,1,18:12,الكهف,1,6935
لَبِثُوا,10157,No,4,18:12,الكهف,3,2560
نَبَأَهُمْ,10158,No,1,18:13,الكهف,1,14216
فِتْيَةٌ,10159,No,1,18:13,الكهف,1,12583
وَزِدْنَاهُمْ,10160,No,1,18:13,الكهف,1,15695
وَرَبَطْنَا,10161,No,1,18:14,الكهف,1,15634
نَدْعُوَ,10162,No,1,18:14,الكهف,1,14279
شَطَطًا,10163,No,2,18:14,الكهف,2,5140
قَوْمُنَا,10164,No,1,18:15,الكهف,1,12711
بَيِّنٍ,10165,No,1,18:15,الكهف,1,8926
اعْتَزَلْتُمُوهُمْ,10166,No,1,18:16,الكهف,1,7878
فَأْوُوا,10167,No,1,18:16,الكهف,1,11869
يَنْشُرْ,10168,No,1,18:16,الكهف,1,17163
وَيُهَيِّئْ,10169,No,1,18:16,الكهف,1,16582
أَمْرِكُمْ,10170,No,1,18:16,الكهف,1,7391
مِرْفَقًا,10171,No,1,18:16,الكهف,1,14161
طَلَعَتْ,10172,No,1,18:17,الكهف,1,11365
تَزَاوَرُ,10173,No,1,18:17,الكهف,1,9525
كَهْفِهِمْ,10174,No,2,18:17,الكهف,1,5622
غَرَبَتْ,10175,No,1,18:17,الكهف,1,11670
تَقْرِضُهُمْ,10176,No,1,18:17,الكهف,1,9706
الشِّمَالِ,10177,No,6,18:17,الكهف,4,1491
فَجْوَةٍ,10178,No,1,18:17,الكهف,1,12151
مُرْشِدًا,10179,No,1,18:17,الكهف,1,13979
وَتَحْسَبُهُمْ,10180,No,1,18:18,الكهف,1,15361
أَيْقَاظًا,10181,No,1,18:18,الكهف,1,7545
رُقُودٌ,10182,No,1,18:18,الكهف,1,10748
وَنُقَلِّبُهُمْ,10183,No,1,18:18,الكهف,1,16318
وَذَاتَ,10184,No,1,18:18,الكهف,1,15603
وَكَلْبُهُمْ,10185,No,1,18:18,الكهف,1,16007
بَاسِطٌ,10186,No,1,18:18,الكهف,1,8816
ذِرَاعَيْهِ,10187,No,1,18:18,الكهف,1,10617
بِالْوَصِيدِ,10188,No,1,18:18,الكهف,1,9072
اطَّلَعْتَ,10189,No,1,18:18,الكهف,1,7865
لَوَلَّيْتَ,10190,No,1,18:18,الكهف,1,13242
فِرَارًا,10191,No,3,18:18,الكهف,3,3440
وَلَمُلِئْتَ,10192,No,1,18:18,الكهف,1,16063
رُعْبًا,10193,No,1,18:18,الكهف,1,10746
لِيَتَسَاءَلُوا,10194,No,1,18:19,الكهف,1,13537
لَبِثْنَا,10195,No,2,18:19,الكهف,2,5655
أَحَدَكُمْ,10196,No,1,18:19,الكهف,1,6914
بِوَرِقِكُمْ,10197,No,1,18:19,الكهف,1,9286
فَلْيَنْظُرْ,10198,No,2,18:19,الكهف,2,5493
طَعَامًا,10199,No,1,18:19,الكهف,1,11357
فَلْيَأْتِكُمْ,10200,No,1,18:19,الكهف,1,12412
بِرِزْقٍ,10201,No,1,18:19,الكهف,1,9150
وَلْيَتَلَطَّفْ,10202,No,1,18:19,الكهف,1,16163
يُشْعِرَنَّ,10203,No,1,18:19,الكهف,1,17382
يَرْجُمُوكُمْ,10204,No,1,18:20,الكهف,1,16836
يُعِيدُوكُمْ,10205,No,1,18:20,الكهف,1,17454
مِلَّتِهِمْ,10206,No,1,18:20,الكهف,1,14172
تُفْلِحُوا,10207,No,1,18:20,الكهف,1,9958
أَعْثَرْنَا,10208,No,1,18:21,الكهف,1,7204
لِيَعْلَمُوا,10209,No,1,18:21,الكهف,1,13562
يَتَنَازَعُونَ,10210,No,2,18:21,الكهف,2,6471
ابْنُوا,10211,No,2,18:21,الكهف,2,4210
بُنْيَانًا,10212,No,2,18:21,الكهف,2,4573
غَلَبُوا,10213,No,1,18:21,الكهف,1,11685
أَمْرِهِمْ,10214,No,4,18:21,الكهف,4,2183
لَنَتَّخِذَنَّ,10215,No,1,18:21,الكهف,1,13198
سَيَقُولُونَ,10216,No,4,18:22,الكهف,2,2448
رَابِعُهُمْ,10217,No,2,18:22,الكهف,2,5011
كَلْبُهُمْ,10218,No,3,18:22,الكهف,1,3481
خَمْسَةٌ,10219,No,1,18:22,الكهف,1,10436
سَادِسُهُمْ,10220,No,2,18:22,الكهف,2,5073
رَجْمًا,10221,No,1,18:22,الكهف,1,10670
سَبْعَةٌ,10222,No,1,18:22,الكهف,1,10915
وَثَامِنُهُمْ,10223,No,1,18:22,الكهف,1,15468
بِعِدَّتِهِمْ,10224,No,1,18:22,الكهف,1,9204
تُمَارِ,10225,No,1,18:22,الكهف,1,9985
مِرَاءً,10226,No,1,18:22,الكهف,1,14158
ظَاهِرًا,10227,No,2,18:22,الكهف,2,5241
تَسْتَفْتِ,10228,No,1,18:22,الكهف,1,9555
تَقُولَنَّ,10229,No,1,18:23,الكهف,1,9694
فَاعِلٌ,10230,No,1,18:23,الكهف,1,11969
نَسِيتَ,10231,No,1,18:24,الكهف,1,14297
يَهْدِيَنِ,10232,No,1,18:24,الكهف,1,17202
لِأَقْرَبَ,10233,No,1,18:24,الكهف,1,13318
وَلَبِثُوا,10234,No,1,18:25,الكهف,1,16031
ثَلَاثَ,10235,No,3,18:25,الكهف,3,3170
مِائَةٍ,10236,No,1,18:25,الكهف,1,14142
وَازْدَادُوا,10237,No,1,18:25,الكهف,1,14942
تِسْعًا,10238,No,1,18:25,الكهف,1,10018
أَبْصِرْ,10239,No,1,18:26,الكهف,1,6807
وَأَسْمِعْ,10240,No,1,18:26,الكهف,1,14700
يُشْرِكُ,10241,No,1,18:26,الكهف,1,17380
حُكْمِهِ,10242,No,1,18:26,الكهف,1,10311
مُلْتَحَدًا,10243,No,2,18:27,الكهف,2,5907
تَعْدُ,10244,No,1,18:28,الكهف,1,9639
عَيْنَاكَ,10245,No,1,18:28,الكهف,1,11591
تُرِيدُ,10246,No,3,18:28,الكهف,2,3162
أَغْفَلْنَا,10247,No,1,18:28,الكهف,1,7233
قَلْبَهُ,10248,No,2,18:28,الكهف,2,5564
ذِكْرِنَا,10249,No,2,18:28,الكهف,2,5007
أَمْرُهُ,10250,No,2,18:28,الكهف,2,4127
فُرُطًا,10251,No,1,18:28,الكهف,1,12564
فَلْيُؤْمِنْ,10252,No,1,18:29,الكهف,1,12433
فَلْيَكْفُرْ,10253,No,1,18:29,الكهف,1,12431
سُرَادِقُهَا,10254,No,1,18:29,الكهف,1,11053
يَسْتَغِيثُوا,10255,No,1,18:29,الكهف,1,16895
يُغَاثُوا,10256,No,1,18:29,الكهف,1,17467
كَالْمُهْلِ,10257,No,3,18:29,الكهف,3,3462
يَشْوِي,10258,No,1,18:29,الكهف,1,16941
الْوُجُوهَ,10259,No,1,18:29,الكهف,1,8752
الشَّرَابُ,10260,No,1,18:29,الكهف,1,8053
مُرْتَفَقًا,10261,No,2,18:29,الكهف,1,5882
يُحَلَّوْنَ,10262,No,3,18:31,الكهف,3,3933
أَسَاوِرَ,10263,No,4,18:31,الكهف,4,2164
ذَهَبٍ,10264,No,5,18:31,الكهف,4,1897
وَيَلْبَسُونَ,10265,No,1,18:31,الكهف,1,16473
ثِيَابًا,10266,No,1,18:31,الكهف,1,10056
خُضْرًا,10267,No,1,18:31,الكهف,1,10459
سُنْدُسٍ,10268,No,3,18:31,الكهف,3,3285
وَإِسْتَبْرَقٍ,10269,No,2,18:31,الكهف,2,6095
مُتَّكِئِينَ,10270,No,7,18:31,الكهف,6,1392
الْأَرَائِكِ,10271,No,5,18:31,الكهف,4,1793
الثَّوَابُ,10272,No,1,18:31,الكهف,1,7932
وَحَسُنَتْ,10273,No,1,18:31,الكهف,1,15535
وَاضْرِبْ,10274,No,3,18:32,الكهف,2,3699
لِأَحَدِهِمَا,10275,No,1,18:32,الكهف,1,13312
جَنَّتَيْنِ,10276,No,2,18:32,الكهف,2,4878
وَحَفَفْنَاهُمَا,10277,No,1,18:32,الكهف,1,15542
بِنَخْلٍ,10278,No,1,18:32,الكهف,1,9269
زَرْعًا,10279,No,3,18:32,الكهف,3,3264
كِلْتَا,10280,No,1,18:33,الكهف,1,12937
الْجَنَّتَيْنِ,10281,No,2,18:33,الكهف,2,4377
آتَتْ,10282,No,1,18:33,الكهف,1,6706
تَظْلِمْ,10283,No,1,18:33,الكهف,1,9623
وَفَجَّرْنَا,10284,No,3,18:33,الكهف,3,3783
خِلَالَهُمَا,10285,No,1,18:33,الكهف,1,10482
نَهَرًا,10286,No,1,18:33,الكهف,1,14422
ثَمَرٌ,10287,No,1,18:34,الكهف,1,10044
يُحَاوِرُهُ,10288,No,2,18:34,الكهف,1,6623
وَأَعَزُّ,10289,No,1,18:34,الكهف,1,14723
نَفَرًا,10290,No,2,18:34,الكهف,2,5980
جَنَّتَهُ,10291,No,1,18:35,الكهف,1,10121
ظَالِمٌ,10292,No,2,18:35,الكهف,2,5239
أَظُنُّ,10293,No,3,18:35,الكهف,2,2857
تَبِيدَ,10294,No,1,18:35,الكهف,1,9343
قَائِمَةً,10295,No,3,18:36,الكهف,3,3443
رُدِدْتُ,10296,No,1,18:36,الكهف,1,10738
لَأَجِدَنَّ,10297,No,1,18:36,الكهف,1,12946
مُنْقَلَبًا,10298,No,1,18:36,الكهف,1,14122
صَاحِبُهُ,10299,No,1,18:37,الكهف,1,11199
أَكَفَرْتَ,10300,No,1,18:37,الكهف,1,7307
خَلَقَكَ,10301,No,2,18:37,الكهف,2,4955
سَوَّاكَ,10302,No,1,18:37,الكهف,1,11013
لَكِنَّا,10303,No,1,18:38,الكهف,1,13154
أُشْرِكُ,10304,No,2,18:38,الكهف,2,4175
بِرَبِّي,10305,No,4,18:38,الكهف,3,2325
دَخَلْتَ,10306,No,1,18:39,الكهف,1,10510
جَنَّتَكَ,10307,No,1,18:39,الكهف,1,10120
قُوَّةَ,10308,No,1,18:39,الكهف,1,12746
تَرَنِ,10309,No,1,18:39,الكهف,1,9498
أَقَلَّ,10310,No,1,18:39,الكهف,1,7283
وَوَلَدًا,10311,No,2,18:39,الكهف,2,6405
يُؤْتِيَنِ,10312,No,1,18:40,الكهف,1,17220
جَنَّتِكَ,10313,No,1,18:40,الكهف,1,10122
وَيُرْسِلَ,10314,No,1,18:40,الكهف,1,16541
فَتُصْبِحَ,10315,No,1,18:40,الكهف,1,12124
زَلَقًا,10316,No,1,18:40,الكهف,1,10814
يُصْبِحَ,10317,No,1,18:41,الكهف,1,17402
مَاؤُهَا,10318,No,1,18:41,الكهف,1,13624
غَوْرًا,10319,No,2,18:41,الكهف,2,5328
تَسْتَطِيعَ,10320,No,4,18:41,الكهف,1,2358
طَلَبًا,10321,No,1,18:41,الكهف,1,11364
وَأُحِيطَ,10322,No,1,18:42,الكهف,1,14824
بِثَمَرِهِ,10323,No,1,18:42,الكهف,1,9092
يُقَلِّبُ,10324,No,2,18:42,الكهف,2,6669
أَنْفَقَ,10325,No,2,18:42,الكهف,2,4145
أُشْرِكْ,10326,No,1,18:42,الكهف,1,7595
يَنْصُرُونَهُ,10327,No,2,18:43,الكهف,2,6586
مُنْتَصِرًا,10328,No,1,18:43,الكهف,1,14107
الْوَلَايَةُ,10329,No,1,18:44,الكهف,1,8749
وَخَيْرٌ,10330,No,3,18:44,الكهف,2,3748
عُقْبًا,10331,No,1,18:44,الكهف,1,11613
هَشِيمًا,10332,No,1,18:45,الكهف,1,14556
تَذْرُوهُ,10333,No,1,18:45,الكهف,1,9477
الرِّيَاحُ,10334,No,1,18:45,الكهف,1,7986
مُقْتَدِرًا,10335,No,1,18:45,الكهف,1,14068
الْمَالُ,10336,No,1,18:46,الكهف,1,8580
وَالْبَنُونَ,10337,No,1,18:46,الكهف,1,15143
زِينَةُ,10338,No,1,18:46,الكهف,1,10851
وَالْبَاقِيَاتُ,10339,No,2,18:46,الكهف,2,6156
الصَّالِحَاتُ,10340,No,2,18:46,الكهف,2,4294
أَمَلًا,10341,No,1,18:46,الكهف,1,7376
نُسَيِّرُ,10342,No,1,18:47,الكهف,1,14455
بَارِزَةً,10343,No,1,18:47,الكهف,1,8811
وَحَشَرْنَاهُمْ,10344,No,1,18:47,الكهف,1,15538
نُغَادِرْ,10345,No,1,18:47,الكهف,1,14483
وَعُرِضُوا,10346,No,1,18:48,الكهف,1,15866
صَفًّا,10347,No,7,18:48,الكهف,6,1357
أَلَّنْ,10348,No,2,18:48,الكهف,2,4116
نَجْعَلَ,10349,No,1,18:48,الكهف,1,14261
مَوْعِدًا,10350,No,4,18:48,الكهف,2,2609
وَوُضِعَ,10351,No,2,18:49,الكهف,2,6407
مُشْفِقِينَ,10352,No,3,18:49,الكهف,3,3596
وَيْلَتَنَا,10353,No,1,18:49,الكهف,1,16589
مَالِ,10354,No,3,18:49,الكهف,3,3549
يُغَادِرُ,10355,No,1,18:49,الكهف,1,17468
أَحْصَاهَا,10356,No,1,18:49,الكهف,1,6932
وَوَجَدُوا,10357,No,1,18:49,الكهف,1,16357
حَاضِرًا,10358,No,1,18:49,الكهف,1,10185
فَفَسَقَ,10359,No,1,18:50,الكهف,1,12332
أَفَتَتَّخِذُونَهُ,10360,No,1,18:50,الكهف,1,7250
وَذُرِّيَّتَهُ,10361,No,1,18:50,الكهف,1,15613
بَدَلًا,10362,No,1,18:50,الكهف,1,8843
أَشْهَدْتُهُمْ,10363,No,1,18:51,الكهف,1,7136
مُتَّخِذَ,10364,No,1,18:51,الكهف,1,13918
الْمُضِلِّينَ,10365,No,1,18:51,الكهف,1,8682
عَضُدًا,10366,No,1,18:51,الكهف,1,11526
نَادُوا,10367,No,1,18:52,الكهف,1,14195
فَدَعَوْهُمْ,10368,No,2,18:52,الكهف,2,5438
مَوْبِقًا,10369,No,1,18:52,الكهف,1,13856
وَرَأَى,10370,No,1,18:53,الكهف,1,15622
فَظَنُّوا,10371,No,1,18:53,الكهف,1,12291
مُوَاقِعُوهَا,10372,No,1,18:53,الكهف,1,14140
مَصْرِفًا,10373,No,1,18:53,الكهف,1,13738
جَدَلًا,10374,No,2,18:54,الكهف,2,4871
وَيَسْتَغْفِرُوا,10375,No,1,18:55,الكهف,1,16441
وَيُجَادِلُ,10376,No,1,18:56,الكهف,1,16515
لِيُدْحِضُوا,10377,No,2,18:56,الكهف,2,5769
وَاتَّخَذُوا,10378,No,5,18:56,الكهف,4,2031
أُنْذِرُوا,10379,No,2,18:56,الكهف,2,4188
ذُكِّرَ,10380,No,2,18:57,الكهف,2,5003
فَأَعْرَضَ,10381,No,2,18:57,الكهف,2,5351
وَنَسِيَ,10382,No,2,18:57,الكهف,2,6390
تَدْعُهُمْ,10383,No,1,18:57,الكهف,1,9466
يَهْتَدُوا,10384,No,2,18:57,الكهف,2,6596
يُؤَاخِذُهُمْ,10385,No,1,18:58,الكهف,1,17211
لَعَجَّلَ,10386,No,1,18:58,الكهف,1,13101
مَوْعِدٌ,10387,No,1,18:58,الكهف,1,13868
مَوْئِلًا,10388,No,1,18:58,الكهف,1,13855
أَهْلَكْنَاهُمْ,10389,No,4,18:59,الكهف,4,2191
لِمَهْلِكِهِمْ,10390,No,1,18:59,الكهف,1,13500
لِفَتَاهُ,10391,No,2,18:60,الكهف,1,5732
أَبْرَحُ,10392,No,1,18:60,الكهف,1,6798
أَبْلُغَ,10393,No,1,18:60,الكهف,1,6814
مَجْمَعَ,10394,No,2,18:60,الكهف,1,5786
الْبَحْرَيْنِ,10395,No,4,18:60,الكهف,4,2249
أَمْضِيَ,10396,No,1,18:60,الكهف,1,7396
حُقُبًا,10397,No,1,18:60,الكهف,1,10310
بَلَغَا,10398,No,1,18:61,الكهف,1,8901
نَسِيَا,10399,No,1,18:61,الكهف,1,14302
حُوتَهُمَا,10400,No,1,18:61,الكهف,1,10320
فَاتَّخَذَ,10401,No,1,18:61,الكهف,1,11885
سَبِيلَهُ,10402,No,2,18:61,الكهف,1,5078
سَرَبًا,10403,No,1,18:61,الكهف,1,10936
جَاوَزَا,10404,No,1,18:62,الكهف,1,10085
غَدَاءَنَا,10405,No,1,18:62,الكهف,1,11666
لَقِينَا,10406,No,1,18:62,الكهف,1,13144
سَفَرِنَا,10407,No,1,18:62,الكهف,1,10949
نَصَبًا,10408,No,1,18:62,الكهف,1,14319
أَرَأَيْتَ,10409,No,6,18:63,الكهف,4,1455
أَوَيْنَا,10410,No,1,18:63,الكهف,1,7495
الصَّخْرَةِ,10411,No,1,18:63,الكهف,1,8073
نَسِيتُ,10412,No,2,18:63,الكهف,1,5968
الْحُوتَ,10413,No,1,18:63,الكهف,1,8391
أَنْسَانِيهُ,10414,No,1,18:63,الكهف,1,7439
أَذْكُرَهُ,10415,No,1,18:63,الكهف,1,7017
نَبْغِ,10416,No,1,18:64,الكهف,1,14237
فَارْتَدَّا,10417,No,1,18:64,الكهف,1,11922
آثَارِهِمَا,10418,No,1,18:64,الكهف,1,6720
قَصَصًا,10419,No,1,18:64,الكهف,1,12666
فَوَجَدَا,10420,No,2,18:65,الكهف,1,5507
وَعَلَّمْنَاهُ,10421,No,2,18:65,الكهف,2,6302
أَتَّبِعُكَ,10422,No,1,18:66,الكهف,1,6854
تُعَلِّمَنِ,10423,No,1,18:66,الكهف,1,9945
عُلِّمْتَ,10424,No,1,18:66,الكهف,1,11619
تَصْبِرُ,10425,No,1,18:68,الكهف,1,9596
تُحِطْ,10426,No,2,18:68,الكهف,2,4812
خُبْرًا,10427,No,2,18:68,الكهف,1,4965
سَتَجِدُنِي,10428,No,3,18:69,الكهف,3,3270
صَابِرًا,10429,No,2,18:69,الكهف,2,5172
أَعْصِي,10430,No,1,18:69,الكهف,1,7214
اتَّبَعْتَنِي,10431,No,1,18:70,الكهف,1,7731
تَسْأَلْنِي,10432,No,1,18:70,الكهف,1,9539
أُحْدِثَ,10433,No,1,18:70,الكهف,1,7560
فَانْطَلَقَا,10434,No,3,18:71,الكهف,1,3396
رَكِبَا,10435,No,1,18:71,الكهف,1,10713
السَّفِينَةِ,10436,No,2,18:71,الكهف,2,4280
خَرَقَهَا,10437,No,1,18:71,الكهف,1,10393
أَخَرَقْتَهَا,10438,No,1,18:71,الكهف,1,6957
لِتُغْرِقَ,10439,No,1,18:71,الكهف,1,13384
إِمْرًا,10440,No,1,18:71,الكهف,1,7689
تُؤَاخِذْنِي,10441,No,1,18:73,الكهف,1,9831
تُرْهِقْنِي,10442,No,1,18:73,الكهف,1,9904
أَمْرِي,10443,No,8,18:73,الكهف,4,1121
عُسْرًا,10444,No,1,18:73,الكهف,1,11608
لَقِيَا,10445,No,1,18:74,الكهف,1,13145
غُلَامًا,10446,No,2,18:74,الكهف,2,5336
أَقَتَلْتَ,10447,No,1,18:74,الكهف,1,7282
زَكِيَّةً,10448,No,1,18:74,الكهف,1,10813
نُكْرًا,10449,No,3,18:74,الكهف,2,3646
سَأَلْتُكَ,10450,No,1,18:76,الكهف,1,10867
بَعْدَهَا,10451,No,2,18:76,الكهف,2,4540
تُصَاحِبْنِي,10452,No,1,18:76,الكهف,1,9923
بَلَغْتَ,10453,No,1,18:76,الكهف,1,8903
لَدُنِّي,10454,No,1,18:76,الكهف,1,13059
عُذْرًا,10455,No,2,18:76,الكهف,2,5308
أَتَيَا,10456,No,1,18:77,الكهف,1,6851
اسْتَطْعَمَا,10457,No,1,18:77,الكهف,1,7818
فَأَبَوْا,10458,No,1,18:77,الكهف,1,11744
يُضَيِّفُوهُمَا,10459,No,1,18:77,الكهف,1,17418
جِدَارًا,10460,No,1,18:77,الكهف,1,10166
يَنْقَضَّ,10461,No,1,18:77,الكهف,1,17178
فَأَقَامَهُ,10462,No,1,18:77,الكهف,1,11812
لَاتَّخَذْتَ,10463,No,1,18:77,الكهف,1,12985
فِرَاقُ,10464,No,1,18:78,الكهف,1,12586
وَبَيْنِكَ,10465,No,2,18:78,الكهف,2,6195
سَأُنَبِّئُكَ,10466,No,1,18:78,الكهف,1,10874
تَسْتَطِعْ,10467,No,1,18:78,الكهف,1,9547
السَّفِينَةُ,10468,No,1,18:79,الكهف,1,8022
فَكَانَتْ,10469,No,5,18:79,الكهف,4,1956
لِمَسَاكِينَ,10470,No,1,18:79,الكهف,1,13499
فَأَرَدْتُ,10471,No,1,18:79,الكهف,1,11778
أَعِيبَهَا,10472,No,1,18:79,الكهف,1,7203
وَرَاءَهُمْ,10473,No,2,18:79,الكهف,2,6249
مَلِكٌ,10474,No,1,18:79,الكهف,1,13814
يَأْخُذُ,10475,No,1,18:79,الكهف,1,16631
سَفِينَةٍ,10476,No,1,18:79,الكهف,1,10952
غَصْبًا,10477,No,1,18:79,الكهف,1,11678
الْغُلَامُ,10478,No,1,18:80,الكهف,1,8489
مُؤْمِنَيْنِ,10479,No,1,18:80,الكهف,1,13891
فَخَشِينَا,10480,No,1,18:80,الكهف,1,12164
يُرْهِقَهُمَا,10481,No,1,18:80,الكهف,1,17358
فَأَرَدْنَا,10482,No,1,18:81,الكهف,1,11779
يُبْدِلَهُمَا,10483,No,1,18:81,الكهف,1,17249
زَكَاةً,10484,No,1,18:81,الكهف,1,10808
وَأَقْرَبَ,10485,No,1,18:81,الكهف,1,14742
رُحْمًا,10486,No,1,18:81,الكهف,1,10736
الْجِدَارُ,10487,No,1,18:82,الكهف,1,8344
لِغُلَامَيْنِ,10488,No,1,18:82,الكهف,1,13434
يَتِيمَيْنِ,10489,No,1,18:82,الكهف,1,16730
تَحْتَهُ,10490,No,1,18:82,الكهف,1,9409
أَبُوهُمَا,10491,No,1,18:82,الكهف,1,6791
يَبْلُغَا,10492,No,1,18:82,الكهف,1,16673
أَشُدَّهُمَا,10493,No,1,18:82,الكهف,1,7124
وَيَسْتَخْرِجَا,10494,No,1,18:82,الكهف,1,16437
كَنْزَهُمَا,10495,No,1,18:82,الكهف,1,12886
فَعَلْتُهُ,10496,No,1,18:82,الكهف,1,12313
تَسْطِعْ,10497,No,1,18:82,الكهف,1,9568
الْقَرْنَيْنِ,10498,No,3,18:83,الكهف,1,3007
سَأَتْلُو,10499,No,1,18:83,الكهف,1,10859
سَبَبًا,10500,No,4,18:84,الكهف,1,2440
فَأَتْبَعَ,10501,No,1,18:85,الكهف,1,11751
مَغْرِبَ,10502,No,1,18:86,الكهف,1,13769
وَجَدَهَا,10503,No,2,18:86,الكهف,1,6221
تَغْرُبُ,10504,No,1,18:86,الكهف,1,9655
عَيْنٍ,10505,No,3,18:86,الكهف,3,3350
حَمِئَةٍ,10506,No,1,18:86,الكهف,1,10272
وَوَجَدَ,10507,No,3,18:86,الكهف,3,3826
تُعَذِّبَ,10508,No,1,18:86,الكهف,1,9944
تَتَّخِذَ,10509,No,1,18:86,الكهف,1,9376
نُعَذِّبُهُ,10510,No,1,18:87,الكهف,1,14474
فَيُعَذِّبُهُ,10511,No,2,18:87,الكهف,2,5522
وَسَنَقُولُ,10512,No,1,18:88,الكهف,1,15728
يُسْرًا,10513,No,6,18:88,الكهف,4,1721
أَتْبَعَ,10514,No,2,18:89,الكهف,1,3998
مَطْلِعَ,10515,No,1,18:90,الكهف,1,13746
تَطْلُعُ,10516,No,1,18:90,الكهف,1,9616
نَجْعَلْ,10517,No,3,18:90,الكهف,3,3625
دُونِهَا,10518,No,1,18:90,الكهف,1,10561
سِتْرًا,10519,No,1,18:90,الكهف,1,11079
أَحَطْنَا,10520,No,1,18:91,الكهف,1,6922
لَدَيْهِ,10521,No,2,18:91,الكهف,2,5665
السَّدَّيْنِ,10522,No,1,18:93,الكهف,1,8017
دُونِهِمَا,10523,No,2,18:93,الكهف,2,4988
يَأْجُوجَ,10524,No,1,18:94,الكهف,1,16629
وَمَأْجُوجَ,10525,No,1,18:94,الكهف,1,16180
مُفْسِدُونَ,10526,No,1,18:94,الكهف,1,14062
نَجْعَلُ,10527,No,3,18:94,الكهف,2,3624
خَرْجًا,10528,No,2,18:94,الكهف,2,4943
تَجْعَلَ,10529,No,1,18:94,الكهف,1,9392
سَدًّا,10530,No,3,18:94,الكهف,2,3272
مَكَّنِّي,10531,No,1,18:95,الكهف,1,13796
فَأَعِينُونِي,10532,No,1,18:95,الكهف,1,11803
أَجْعَلْ,10533,No,1,18:95,الكهف,1,6908
رَدْمًا,10534,No,1,18:95,الكهف,1,10688
آتُونِي,10535,No,2,18:96,الكهف,1,3967
زُبَرَ,10536,No,1,18:96,الكهف,1,10833
الْحَدِيدِ,10537,No,1,18:96,الكهف,1,8355
سَاوَى,10538,No,1,18:96,الكهف,1,10903
الصَّدَفَيْنِ,10539,No,1,18:96,الكهف,1,8074
انْفُخُوا,10540,No,1,18:96,الكهف,1,8789
أُفْرِغْ,10541,No,1,18:96,الكهف,1,7606
قِطْرًا,10542,No,1,18:96,الكهف,1,12763
اسْطَاعُوا,10543,No,1,18:97,الكهف,1,7844
يَظْهَرُوهُ,10544,No,1,18:97,الكهف,1,16986
نَقْبًا,10545,No,1,18:97,الكهف,1,14389
رَحْمَةٌ,10546,No,1,18:98,الكهف,1,10678
دَكَّاءَ,10547,No,1,18:98,الكهف,1,10530
يَمُوجُ,10548,No,1,18:99,الكهف,1,17137
وَنُفِخَ,10549,No,4,18:99,الكهف,4,2742
فَجَمَعْنَاهُمْ,10550,No,1,18:99,الكهف,1,12149
جَمْعًا,10551,No,3,18:99,الكهف,3,3184
وَعَرَضْنَا,10552,No,1,18:100,الكهف,1,15842
عَرْضًا,10553,No,1,18:100,الكهف,1,11499
أَعْيُنُهُمْ,10554,No,2,18:101,الكهف,2,4087
غِطَاءٍ,10555,No,1,18:101,الكهف,1,11724
ذِكْرِي,10556,No,5,18:101,الكهف,4,1898
سَمْعًا,10557,No,2,18:101,الكهف,2,5098
أَفَحَسِبَ,10558,No,1,18:102,الكهف,1,7256
نُنَبِّئُكُمْ,10559,No,1,18:103,الكهف,1,14500
بِالْأَخْسَرِينَ,10560,No,1,18:103,الكهف,1,9028
أَعْمَالًا,10561,No,1,18:103,الكهف,1,7219
يَحْسَبُونَ,10562,No,4,18:104,الكهف,4,2770
يُحْسِنُونَ,10563,No,1,18:104,الكهف,1,17296
صُنْعًا,10564,No,1,18:104,الكهف,1,11285
وَلِقَائِهِ,10565,No,2,18:105,الكهف,2,6365
فَحَبِطَتْ,10566,No,1,18:105,الكهف,1,12153
نُقِيمُ,10567,No,1,18:105,الكهف,1,14490
وَزْنًا,10568,No,1,18:105,الكهف,1,15700
وَرُسُلِي,10569,No,2,18:106,الكهف,2,6257
الْفِرْدَوْسِ,10570,No,1,18:107,الكهف,1,8514
حِوَلًا,10571,No,1,18:108,الكهف,1,10347
الْبَحْرُ,10572,No,2,18:109,الكهف,1,4358
مِدَادًا,10573,No,1,18:109,الكهف,1,14157
لَنَفِدَ,10574,No,1,18:109,الكهف,1,13210
تَنْفَدَ,10575,No,1,18:109,الكهف,1,9791
كَلِمَاتُ,10576,No,2,18:109,الكهف,2,5618
مَدَدًا,10577,No,1,18:109,الكهف,1,13681
يَرْجُو,10578,No,4,18:110,الكهف,4,2776
فَلْيَعْمَلْ,10579,No,1,18:110,الكهف,1,12427
بِعِبَادَةِ,10580,No,1,18:110,الكهف,1,9203
كهيعص,10581,No,1,19:1,مريم,1,12770
ذِكْرُ,10582,No,2,19:2,مريم,2,5006
رَحْمَتِ,10583,No,2,19:2,مريم,2,5026
عَبْدَهُ,10584,No,2,19:2,مريم,2,5269
نَادَى,10585,No,7,19:3,مريم,5,1397
نِدَاءً,10586,No,1,19:3,مريم,1,14522
خَفِيًّا,10587,No,1,19:3,مريم,1,10417
وَهَنَ,10588,No,1,19:4,مريم,1,16346
الْعَظْمُ,10589,No,1,19:4,مريم,1,8451
وَاشْتَعَلَ,10590,No,1,19:4,مريم,1,14976
الرَّأْسُ,10591,No,1,19:4,مريم,1,7956
شَيْبًا,10592,No,1,19:4,مريم,1,11154
بِدُعَائِكَ,10593,No,1,19:4,مريم,1,9122
شَقِيًّا,10594,No,3,19:4,مريم,1,3295
خِفْتُ,10595,No,1,19:5,مريم,1,10474
الْمَوَالِيَ,10596,No,1,19:5,مريم,1,8630
وَرَائِي,10597,No,1,19:5,مريم,1,15627
وَكَانَتِ,10598,No,3,19:5,مريم,2,3794
امْرَأَتِي,10599,No,2,19:5,مريم,1,4508
عَاقِرًا,10600,No,2,19:5,مريم,1,5260
فَهَبْ,10601,No,1,19:5,مريم,1,12478
يَرِثُنِي,10602,No,1,19:6,مريم,1,16829
وَيَرِثُ,10603,No,1,19:6,مريم,1,16421
وَاجْعَلْهُ,10604,No,1,19:6,مريم,1,14906
رَضِيًّا,10605,No,1,19:6,مريم,1,10700
يَحْيَى,10606,No,5,19:7,مريم,4,2092
سَمِيًّا,10607,No,2,19:7,مريم,1,5097
بَلَغْتُ,10608,No,1,19:8,مريم,1,8904
عِتِيًّا,10609,No,2,19:8,مريم,1,5313
هَيِّنٌ,10610,No,2,19:9,مريم,1,6023
خَلَقْتُكَ,10611,No,1,19:9,مريم,1,10426
لَيَالٍ,10612,No,2,19:10,مريم,2,5701
سَوِيًّا,10613,No,4,19:10,مريم,2,2446
فَخَرَجَ,10614,No,3,19:11,مريم,2,3406
سَبِّحُوا,10615,No,1,19:11,مريم,1,10912
بُكْرَةً,10616,No,7,19:11,مريم,6,1311
وَعَشِيًّا,10617,No,4,19:11,مريم,3,2719
الْحُكْمَ,10618,No,1,19:12,مريم,1,8389
صَبِيًّا,10619,No,2,19:12,مريم,1,5183
وَحَنَانًا,10620,No,1,19:13,مريم,1,15553
وَزَكَاةً,10621,No,1,19:13,مريم,1,15685
تَقِيًّا,10622,No,3,19:13,مريم,1,3142
وَبَرًّا,10623,No,2,19:14,مريم,1,6190
بِوَالِدَيْهِ,10624,No,4,19:14,مريم,4,2338
جَبَّارًا,10625,No,3,19:14,مريم,2,3177
عَصِيًّا,10626,No,2,19:14,مريم,1,5286
وَسَلَامٌ,10627,No,3,19:15,مريم,3,3765
وُلِدَ,10628,No,1,19:15,مريم,1,16600
يُبْعَثُ,10629,No,1,19:15,مريم,1,17252
حَيًّا,10630,No,5,19:15,مريم,2,1881
انْتَبَذَتْ,10631,No,1,19:16,مريم,1,8773
شَرْقِيًّا,10632,No,1,19:16,مريم,1,11127
فَاتَّخَذَتْ,10633,No,1,19:17,مريم,1,11886
رُوحَنَا,10634,No,1,19:17,مريم,1,10754
فَتَمَثَّلَ,10635,No,1,19:17,مريم,1,12104
لِأَهَبَ,10636,No,1,19:19,مريم,1,13324
زَكِيًّا,10637,No,1,19:19,مريم,1,10812
أَكُ,10638,No,1,19:20,مريم,1,7312
بَغِيًّا,10639,No,2,19:20,مريم,1,4544
رَبُّكِ,10640,No,3,19:21,مريم,2,3253
وَلِنَجْعَلَهُ,10641,No,1,19:21,مريم,1,16124
مَقْضِيًّا,10642,No,2,19:21,مريم,1,5829
فَحَمَلَتْهُ,10643,No,1,19:22,مريم,1,12157
فَانْتَبَذَتْ,10644,No,1,19:22,مريم,1,12026
قَصِيًّا,10645,No,1,19:22,مريم,1,12670
فَأَجَاءَهَا,10646,No,1,19:23,مريم,1,11757
الْمَخَاضُ,10647,No,1,19:23,مريم,1,8590
جِذْعِ,10648,No,1,19:23,مريم,1,10169
النَّخْلَةِ,10649,No,2,19:23,مريم,1,4311
مِتُّ,10650,No,2,19:23,مريم,1,5923
نَسْيًا,10651,No,1,19:23,مريم,1,14313
مَنْسِيًّا,10652,No,1,19:23,مريم,1,13838
فَنَادَاهَا,10653,No,1,19:24,مريم,1,12450
تَحْزَنِي,10654,No,2,19:24,مريم,2,4712
تَحْتَكِ,10655,No,1,19:24,مريم,1,9407
سَرِيًّا,10656,No,1,19:24,مريم,1,10937
وَهُزِّي,10657,No,1,19:25,مريم,1,16350
إِلَيْكِ,10658,No,3,19:25,مريم,3,2911
بِجِذْعِ,10659,No,1,19:25,مريم,1,9099
تُسَاقِطْ,10660,No,1,19:25,مريم,1,9907
عَلَيْكِ,10661,No,1,19:25,مريم,1,11545
رُطَبًا,10662,No,1,19:25,مريم,1,10745
جَنِيًّا,10663,No,1,19:25,مريم,1,10124
فَكُلِي,10664,No,1,19:26,مريم,1,12377
وَاشْرَبِي,10665,No,1,19:26,مريم,1,14978
وَقَرِّي,10666,No,1,19:26,مريم,1,15941
تَرَيِنَّ,10667,No,1,19:26,مريم,1,9500
الْبَشَرِ,10668,No,2,19:26,مريم,2,4361
فَقُولِي,10669,No,1,19:26,مريم,1,12355
لِلرَّحْمَنِ,10670,No,9,19:26,مريم,4,1077
صَوْمًا,10671,No,1,19:26,مريم,1,11272
أُكَلِّمَ,10672,No,1,19:26,مريم,1,7608
إِنْسِيًّا,10673,No,1,19:26,مريم,1,7696
فَأَتَتْ,10674,No,1,19:27,مريم,1,11746
قَوْمَهَا,10675,No,1,19:27,مريم,1,12710
جِئْتِ,10676,No,1,19:27,مريم,1,10159
فَرِيًّا,10677,No,1,19:27,مريم,1,12212
أُخْتَ,10678,No,1,19:28,مريم,1,7569
أَبُوكِ,10679,No,1,19:28,مريم,1,6790
امْرَأَ,10680,No,1,19:28,مريم,1,8765
سَوْءٍ,10681,No,3,19:28,مريم,2,3279
أُمُّكِ,10682,No,1,19:28,مريم,1,7617
فَأَشَارَتْ,10683,No,1,19:29,مريم,1,11790
نُكَلِّمُ,10684,No,1,19:29,مريم,1,14494
عَبْدُ,10685,No,2,19:30,مريم,2,5270
آتَانِيَ,10686,No,2,19:30,مريم,2,3962
وَجَعَلَنِي,10687,No,4,19:30,مريم,3,2708
نَبِيًّا,10688,No,8,19:30,مريم,2,1214
وَأَوْصَانِي,10689,No,1,19:31,مريم,1,14809
بِالصَّلَاةِ,10690,No,3,19:31,مريم,2,3078
وَالزَّكَاةِ,10691,No,2,19:31,مريم,1,6128
بِوَالِدَتِي,10692,No,1,19:32,مريم,1,9284
يَجْعَلْنِي,10693,No,1,19:32,مريم,1,16746
وَالسَّلَامُ,10694,No,2,19:33,مريم,2,6132
وُلِدْتُ,10695,No,1,19:33,مريم,1,16601
أَمُوتُ,10696,No,1,19:33,مريم,1,7378
أُبْعَثُ,10697,No,1,19:33,مريم,1,7550
وَلَدٍ,10698,No,2,19:35,مريم,2,6342
فَاخْتَلَفَ,10699,No,2,19:37,مريم,2,5376
الْأَحْزَابُ,10700,No,4,19:37,مريم,4,2241
بَيْنِهِمْ,10701,No,2,19:37,مريم,2,4567
مَشْهَدِ,10702,No,1,19:37,مريم,1,13731
أَسْمِعْ,10703,No,1,19:38,مريم,1,7117
وَأَبْصِرْ,10704,No,2,19:38,مريم,2,6036
يَأْتُونَنَا,10705,No,1,19:38,مريم,1,16614
وَأَنْذِرْهُمْ,10706,No,2,19:39,مريم,2,6072
الْحَسْرَةِ,10707,No,1,19:39,مريم,1,8365
غَفْلَةٍ,10708,No,5,19:39,مريم,4,1939
نَرِثُ,10709,No,1,19:40,مريم,1,14285
وَإِلَيْنَا,10710,No,3,19:40,مريم,3,3683
صِدِّيقًا,10711,No,2,19:41,مريم,1,5201
تَعْبُدُ,10712,No,2,19:42,مريم,2,4757
يُبْصِرُ,10713,No,1,19:42,مريم,1,17251
جَاءَنِي,10714,No,2,19:43,مريم,2,4862
يَأْتِكَ,10715,No,1,19:43,مريم,1,16616
فَاتَّبِعْنِي,10716,No,1,19:43,مريم,1,11883
أَهْدِكَ,10717,No,1,19:43,مريم,1,7474
تَعْبُدِ,10718,No,1,19:44,مريم,1,9633
يَمَسَّكَ,10719,No,1,19:45,مريم,1,17130
لِلشَّيْطَانِ,10720,No,1,19:45,مريم,1,13457
أَرَاغِبٌ,10721,No,1,19:46,مريم,1,7026
آلِهَتِي,10722,No,1,19:46,مريم,1,6742
تَنْتَهِ,10723,No,3,19:46,مريم,2,3151
لَأَرْجُمَنَّكَ,10724,No,1,19:46,مريم,1,12954
وَاهْجُرْنِي,10725,No,1,19:46,مريم,1,15280
مَلِيًّا,10726,No,1,19:46,مريم,1,13817
سَأَسْتَغْفِرُ,10727,No,1,19:47,مريم,1,10860
حَفِيًّا,10728,No,1,19:47,مريم,1,10255
وَأَعْتَزِلُكُمْ,10729,No,1,19:48,مريم,1,14727
وَأَدْعُو,10730,No,1,19:48,مريم,1,14671
بِدُعَاءِ,10731,No,1,19:48,مريم,1,9121
اعْتَزَلَهُمْ,10732,No,1,19:49,مريم,1,7876
وَهَبْنَا,10733,No,1,19:49,مريم,1,16337
رَحْمَتِنَا,10734,No,4,19:50,مريم,2,2431
لِسَانَ,10735,No,2,19:50,مريم,2,5726
مُخْلَصًا,10736,No,1,19:51,مريم,1,13956
وَنَادَيْنَاهُ,10737,No,2,19:52,مريم,2,6385
جَانِبِ,10738,No,2,19:52,مريم,2,4866
الطُّورِ,10739,No,4,19:52,مريم,3,2237
الْأَيْمَنِ,10740,No,2,19:52,مريم,2,4346
وَقَرَّبْنَاهُ,10741,No,1,19:52,مريم,1,15940
صَادِقَ,10742,No,1,19:54,مريم,1,11201
الْوَعْدِ,10743,No,1,19:54,مريم,1,8746
مَرْضِيًّا,10744,No,1,19:55,مريم,1,13705
إِدْرِيسَ,10745,No,1,19:56,مريم,1,7654
وَرَفَعْنَاهُ,10746,No,1,19:57,مريم,1,15656
وَإِسْرَائِيلَ,10747,No,1,19:58,مريم,1,14865
وَاجْتَبَيْنَا,10748,No,1,19:58,مريم,1,14902
خَرُّوا,10749,No,2,19:58,مريم,2,4942
وَبُكِيًّا,10750,No,1,19:58,مريم,1,15315
أَضَاعُوا,10751,No,1,19:59,مريم,1,7167
يَلْقَوْنَ,10752,No,1,19:59,مريم,1,17126
غَيًّا,10753,No,1,19:59,مريم,1,11700
وَآمَنَ,10754,No,4,19:60,مريم,4,2663
عِبَادَهُ,10755,No,3,19:61,مريم,3,3357
وَعْدُهُ,10756,No,2,19:61,مريم,2,6306
مَأْتِيًّا,10757,No,1,19:61,مريم,1,13614
لَغْوًا,10758,No,3,19:62,مريم,3,3503
رِزْقُهُمْ,10759,No,1,19:62,مريم,1,10773
نُورِثُ,10760,No,1,19:63,مريم,1,14516
نَتَنَزَّلُ,10761,No,1,19:64,مريم,1,14244
بِأَمْرِ,10762,No,2,19:64,مريم,2,4584
أَيْدِينَا,10763,No,2,19:64,مريم,2,4164
خَلْفَنَا,10764,No,1,19:64,مريم,1,10430
نَسِيًّا,10765,No,1,19:64,مريم,1,14300
وَاصْطَبِرْ,10766,No,3,19:65,مريم,3,3698
لِعِبَادَتِهِ,10767,No,1,19:65,مريم,1,13428
لَسَوْفَ,10768,No,1,19:66,مريم,1,13077
أُخْرَجُ,10769,No,1,19:66,مريم,1,7576
يَذْكُرُ,10770,No,2,19:67,مريم,2,6501
لَنَحْشُرَنَّهُمْ,10771,No,1,19:68,مريم,1,13199
وَالشَّيَاطِينَ,10772,No,2,19:68,مريم,2,6135
لَنُحْضِرَنَّهُمْ,10773,No,1,19:68,مريم,1,13221
حَوْلَ,10774,No,1,19:68,مريم,1,10279
جِثِيًّا,10775,No,2,19:68,مريم,1,4891
لَنَنْزِعَنَّ,10776,No,1,19:69,مريم,1,13212
شِيعَةٍ,10777,No,1,19:69,مريم,1,11190
صِلِيًّا,10778,No,1,19:70,مريم,1,11300
وَارِدُهَا,10779,No,1,19:71,مريم,1,14926
حَتْمًا,10780,No,1,19:71,مريم,1,10201
وَنَذَرُ,10781,No,1,19:72,مريم,1,16262
نَدِيًّا,10782,No,1,19:73,مريم,1,14276
قَبْلَهُمْ,10783,No,15,19:74,مريم,12,621
وَرِئْيًا,10784,No,1,19:74,مريم,1,15670
الضَّلَالَةِ,10785,No,1,19:75,مريم,1,8099
فَلْيَمْدُدْ,10786,No,2,19:75,مريم,2,5491
مَدًّا,10787,No,2,19:75,مريم,1,5791
رَأَوْا,10788,No,6,19:75,مريم,5,1569
يُوعَدُونَ,10789,No,10,19:75,مريم,8,977
فَسَيَعْلَمُونَ,10790,No,2,19:75,مريم,2,5453
وَأَضْعَفُ,10791,No,1,19:75,مريم,1,14717
جُنْدًا,10792,No,1,19:75,مريم,1,10153
وَيَزِيدُ,10793,No,1,19:76,مريم,1,16429
مَرَدًّا,10794,No,1,19:76,مريم,1,13686
أَفَرَأَيْتَ,10795,No,4,19:77,مريم,4,2172
لَأُوتَيَنَّ,10796,No,1,19:77,مريم,1,12975
أَطَّلَعَ,10797,No,1,19:78,مريم,1,7186
كَلَّا,10798,No,33,19:79,مريم,15,283
وَنَمُدُّ,10799,No,1,19:79,مريم,1,16293
وَنَرِثُهُ,10800,No,1,19:80,مريم,1,16267
وَيَأْتِينَا,10801,No,1,19:80,مريم,1,16371
فَرْدًا,10802,No,3,19:80,مريم,2,3412
لِيَكُونُوا,10803,No,2,19:81,مريم,2,5766
عِزًّا,10804,No,1,19:81,مريم,1,11638
سَيَكْفُرُونَ,10805,No,1,19:82,مريم,1,11026
بِعِبَادَتِهِمْ,10806,No,2,19:82,مريم,2,4655
وَيَكُونُونَ,10807,No,1,19:82,مريم,1,16469
ضِدًّا,10808,No,1,19:82,مريم,1,11326
تَؤُزُّهُمْ,10809,No,1,19:83,مريم,1,9320
أَزًّا,10810,No,1,19:83,مريم,1,7065
تَعْجَلْ,10811,No,2,19:84,مريم,2,4758
نَعُدُّ,10812,No,1,19:84,مريم,1,14347
عَدًّا,10813,No,2,19:84,مريم,1,5276
نَحْشُرُ,10814,No,2,19:85,مريم,2,5955
وَفْدًا,10815,No,1,19:85,مريم,1,15920
وَنَسُوقُ,10816,No,1,19:86,مريم,1,16271
وِرْدًا,10817,No,1,19:86,مريم,1,16604
الشَّفَاعَةَ,10818,No,2,19:87,مريم,2,4288
إِدًّا,10819,No,1,19:89,مريم,1,7653
تَكَادُ,10820,No,3,19:90,مريم,3,3144
يَتَفَطَّرْنَ,10821,No,2,19:90,مريم,2,6468
وَتَنْشَقُّ,10822,No,1,19:90,مريم,1,15434
وَتَخِرُّ,10823,No,1,19:90,مريم,1,15366
هَدًّا,10824,No,1,19:90,مريم,1,14548
دَعَوْا,10825,No,3,19:91,مريم,3,3241
يَنْبَغِي,10826,No,6,19:92,مريم,5,1714
آتِي,10827,No,1,19:93,مريم,1,6716
أَحْصَاهُمْ,10828,No,1,19:94,مريم,1,6934
وَعَدَّهُمْ,10829,No,1,19:94,مريم,1,15828
وَكُلُّهُمْ,10830,No,1,19:95,مريم,1,16016
آتِيهِ,10831,No,1,19:95,مريم,1,6717
سَيَجْعَلُ,10832,No,2,19:96,مريم,2,5110
وُدًّا,10833,No,1,19:96,مريم,1,16597
يَسَّرْنَاهُ,10834,No,2,19:97,مريم,2,6513
بِلِسَانِكَ,10835,No,2,19:97,مريم,2,4662
لِتُبَشِّرَ,10836,No,1,19:97,مريم,1,13375
وَتُنْذِرَ,10837,No,2,19:97,مريم,2,6215
لُدًّا,10838,No,1,19:97,مريم,1,13301
تُحِسُّ,10839,No,1,19:98,مريم,1,9868
تَسْمَعُ,10840,No,3,19:98,مريم,3,3130
رِكْزًا,10841,No,1,19:98,مريم,1,10781
طه,10842,No,1,20:1,طه,1,11334
لِتَشْقَى,10843,No,1,20:2,طه,1,13364
تَذْكِرَةً,10844,No,3,20:3,طه,3,3123
يَخْشَى,10845,No,6,20:3,طه,5,1703
وَالسَّمَاوَاتِ,10846,No,1,20:4,طه,1,15038
الْعُلَى,10847,No,2,20:4,طه,1,4410
تَحْتَ,10848,No,4,20:6,طه,4,2346
الثَّرَى,10849,No,1,20:6,طه,1,7929
السِّرَّ,10850,No,2,20:7,طه,2,4285
وَأَخْفَى,10851,No,1,20:7,طه,1,14661
وَهَلْ,10852,No,3,20:9,طه,3,3825
أَتَاكَ,10853,No,6,20:9,طه,6,1450
حَدِيثُ,10854,No,5,20:9,طه,5,1875
لِأَهْلِهِ,10855,No,3,20:10,طه,3,3515
امْكُثُوا,10856,No,2,20:10,طه,2,4509
آنَسْتُ,10857,No,3,20:10,طه,3,2825
آتِيكُمْ,10858,No,4,20:10,طه,4,2137
بِقَبَسٍ,10859,No,1,20:10,طه,1,9215
نُودِيَ,10860,No,4,20:11,طه,4,2648
فَاخْلَعْ,10861,No,1,20:12,طه,1,11908
نَعْلَيْكَ,10862,No,1,20:12,طه,1,14361
بِالْوَادِ,10863,No,3,20:12,طه,3,3087
الْمُقَدَّسِ,10864,No,2,20:12,طه,2,4475
طُوًى,10865,No,2,20:12,طه,2,5236
اخْتَرْتُكَ,10866,No,1,20:13,طه,1,7767
فَاسْتَمِعْ,10867,No,1,20:13,طه,1,11949
فَاعْبُدْنِي,10868,No,1,20:14,طه,1,11974
لِذِكْرِي,10869,No,1,20:14,طه,1,13406
آتِيَةٌ,10870,No,2,20:15,طه,2,3969
أَكَادُ,10871,No,1,20:15,طه,1,7304
أُخْفِيهَا,10872,No,1,20:15,طه,1,7580
لِتُجْزَى,10873,No,1,20:15,طه,1,13376
تَسْعَى,10874,No,3,20:15,طه,1,3129
يَصُدَّنَّكَ,10875,No,1,20:16,طه,1,16946
فَتَرْدَى,10876,No,1,20:16,طه,1,12080
بِيَمِينِكَ,10877,No,2,20:17,طه,2,4677
عَصَايَ,10878,No,1,20:18,طه,1,11519
أَتَوَكَّأُ,10879,No,1,20:18,طه,1,6848
وَأَهُشُّ,10880,No,1,20:18,طه,1,14796
غَنَمِي,10881,No,1,20:18,طه,1,11695
وَلِيَ,10882,No,3,20:18,طه,3,3808
مَآرِبُ,10883,No,1,20:18,طه,1,13613
أَلْقِهَا,10884,No,1,20:19,طه,1,7356
فَأَلْقَاهَا,10885,No,1,20:20,طه,1,11824
حَيَّةٌ,10886,No,1,20:20,طه,1,10290
خُذْهَا,10887,No,1,20:21,طه,1,10451
سَنُعِيدُهَا,10888,No,1,20:21,طه,1,11009
سِيرَتَهَا,10889,No,1,20:21,طه,1,11091
الْأُولَى,10890,No,14,20:21,طه,9,656
وَاضْمُمْ,10891,No,2,20:22,طه,2,6116
جَنَاحِكَ,10892,No,1,20:22,طه,1,10113
تَخْرُجْ,10893,No,3,20:22,طه,3,3121
بَيْضَاءَ,10894,No,4,20:22,طه,4,2303
لِنُرِيَكَ,10895,No,1,20:23,طه,1,13517
الْكُبْرَى,10896,No,6,20:23,طه,5,1513
طَغَى,10897,No,6,20:24,طه,4,1588
اشْرَحْ,10898,No,1,20:25,طه,1,7851
صَدْرِي,10899,No,2,20:25,طه,2,5189
وَيَسِّرْ,10900,No,1,20:26,طه,1,16431
وَاحْلُلْ,10901,No,1,20:27,طه,1,14912
عُقْدَةً,10902,No,1,20:27,طه,1,11615
لِسَانِي,10903,No,2,20:27,طه,2,5727
يَفْقَهُوا,10904,No,1,20:28,طه,1,17055
قَوْلِي,10905,No,2,20:28,طه,1,5574
وَزِيرًا,10906,No,2,20:29,طه,2,6268
اشْدُدْ,10907,No,1,20:31,طه,1,7850
أَزْرِي,10908,No,1,20:31,طه,1,7069
وَأَشْرِكْهُ,10909,No,1,20:32,طه,1,14703
كَيْ,10910,No,4,20:33,طه,3,2553
نُسَبِّحَكَ,10911,No,1,20:33,طه,1,14451
وَنَذْكُرَكَ,10912,No,1,20:34,طه,1,16265
أُوتِيتَ,10913,No,1,20:36,طه,1,7629
سُؤْلَكَ,10914,No,1,20:36,طه,1,11046
مَنَنَّا,10915,No,2,20:37,طه,2,5841
أُمِّكَ,10916,No,2,20:38,طه,1,4185
اقْذِفِيهِ,10917,No,1,20:39,طه,1,7895
التَّابُوتِ,10918,No,1,20:39,طه,1,7909
فَاقْذِفِيهِ,10919,No,1,20:39,طه,1,11993
فَلْيُلْقِهِ,10920,No,1,20:39,طه,1,12436
الْيَمُّ,10921,No,1,20:39,طه,1,8760
بِالسَّاحِلِ,10922,No,1,20:39,طه,1,9007
يَأْخُذْهُ,10923,No,1,20:39,طه,1,16636
وَعَدُوٌّ,10924,No,1,20:39,طه,1,15830
وَأَلْقَيْتُ,10925,No,1,20:39,طه,1,14763
مَحَبَّةً,10926,No,1,20:39,طه,1,13664
وَلِتُصْنَعَ,10927,No,1,20:39,طه,1,16107
عَيْنِي,10928,No,1,20:39,طه,1,11594
تَمْشِي,10929,No,2,20:40,طه,2,4790
أُخْتُكَ,10930,No,1,20:40,طه,1,7571
فَتَقُولُ,10931,No,1,20:40,طه,1,12097
أَدُلُّكُمْ,10932,No,3,20:40,طه,3,2844
يَكْفُلُهُ,10933,No,1,20:40,طه,1,17102
فَرَجَعْنَاكَ,10934,No,1,20:40,طه,1,12191
تَقَرَّ,10935,No,3,20:40,طه,3,3140
عَيْنُهَا,10936,No,2,20:40,طه,2,5305
تَحْزَنَ,10937,No,2,20:40,طه,2,4710
وَقَتَلْتَ,10938,No,1,20:40,طه,1,15931
فَنَجَّيْنَاكَ,10939,No,1,20:40,طه,1,12457
وَفَتَنَّاكَ,10940,No,1,20:40,طه,1,15898
فُتُونًا,10941,No,1,20:40,طه,1,12556
فَلَبِثْتَ,10942,No,1,20:40,طه,1,12384
قَدَرٍ,10943,No,2,20:40,طه,2,5547
وَاصْطَنَعْتُكَ,10944,No,1,20:41,طه,1,14983
وَأَخُوكَ,10945,No,1,20:42,طه,1,14651
تَنِيَا,10946,No,1,20:42,طه,1,9779
اذْهَبَا,10947,No,2,20:43,طه,2,4223
فَقُولَا,10948,No,3,20:44,طه,2,3424
لَيِّنًا,10949,No,1,20:44,طه,1,13289
لَعَلَّهُ,10950,No,3,20:44,طه,3,3499
نَخَافُ,10951,No,2,20:45,طه,2,5957
يَفْرُطَ,10952,No,1,20:45,طه,1,17052
يَطْغَى,10953,No,1,20:45,طه,1,16980
تَخَافَا,10954,No,1,20:46,طه,1,9427
مَعَكُمَا,10955,No,1,20:46,طه,1,13753
أَسْمَعُ,10956,No,1,20:46,طه,1,7116
وَأَرَى,10957,No,1,20:46,طه,1,14676
فَأْتِيَاهُ,10958,No,1,20:47,طه,1,11866
رَسُولَا,10959,No,1,20:47,طه,1,10691
أَعْطَى,10960,No,2,20:50,طه,2,4080
خَلْقَهُ,10961,No,2,20:50,طه,2,4961
يَنْسَى,10962,No,1,20:52,طه,1,17161
مَهْدًا,10963,No,2,20:53,طه,2,5846
وَسَلَكَ,10964,No,1,20:53,طه,1,15722
سُبُلًا,10965,No,4,20:53,طه,4,2449
نَبَاتٍ,10966,No,1,20:53,طه,1,14218
شَتَّى,10967,No,2,20:53,طه,2,5134
وَارْعَوْا,10968,No,1,20:54,طه,1,14938
أَنْعَامَكُمْ,10969,No,1,20:54,طه,1,7455
النُّهَى,10970,No,2,20:54,طه,1,4319
نُعِيدُكُمْ,10971,No,1,20:55,طه,1,14478
نُخْرِجُكُمْ,10972,No,2,20:55,طه,2,5997
أَرَيْنَاهُ,10973,No,1,20:56,طه,1,7035
فَكَذَّبَ,10974,No,2,20:56,طه,2,5478
وَأَبَى,10975,No,1,20:56,طه,1,14602
لِتُخْرِجَنَا,10976,No,1,20:57,طه,1,13379
بِسِحْرِكَ,10977,No,1,20:57,طه,1,9161
فَلَنَأْتِيَنَّكَ,10978,No,1,20:58,طه,1,12391
وَبَيْنَكَ,10979,No,3,20:58,طه,3,3732
نُخْلِفُهُ,10980,No,1,20:58,طه,1,14438
سُوًى,10981,No,1,20:58,طه,1,11075
مَوْعِدُكُمْ,10982,No,1,20:59,طه,1,13872
الزِّينَةِ,10983,No,1,20:59,طه,1,8001
يُحْشَرَ,10984,No,1,20:59,طه,1,17297
فَجَمَعَ,10985,No,1,20:60,طه,1,12148
كَيْدَهُ,10986,No,1,20:60,طه,1,12892
وَيْلَكُمْ,10987,No,2,20:61,طه,2,6443
تَفْتَرُوا,10988,No,1,20:61,طه,1,9668
فَيُسْحِتَكُمْ,10989,No,1,20:61,طه,1,12545
خَابَ,10990,No,3,20:61,طه,2,3215
فَتَنَازَعُوا,10991,No,1,20:62,طه,1,12108
النَّجْوَى,10992,No,4,20:62,طه,3,2239
هَذَانِ,10993,No,2,20:63,طه,2,6019
لَسَاحِرَانِ,10994,No,1,20:63,طه,1,13071
يُرِيدَانِ,10995,No,1,20:63,طه,1,17348
يُخْرِجَاكُمْ,10996,No,1,20:63,طه,1,17313
بِسِحْرِهِمَا,10997,No,1,20:63,طه,1,9163
وَيَذْهَبَا,10998,No,1,20:63,طه,1,16419
بِطَرِيقَتِكُمُ,10999,No,1,20:63,طه,1,9187
الْمُثْلَى,11000,No,1,20:63,طه,1,8650
كَيْدَكُمْ,11001,No,1,20:64,طه,1,12890
ائْتُوا,11002,No,2,20:64,طه,2,4206
أَفْلَحَ,11003,No,4,20:64,طه,4,2175
اسْتَعْلَى,11004,No,1,20:64,طه,1,7820
حِبَالُهُمْ,11005,No,1,20:66,طه,1,10324
وَعِصِيُّهُمْ,11006,No,1,20:66,طه,1,15874
يُخَيَّلُ,11007,No,1,20:66,طه,1,17309
سِحْرِهِمْ,11008,No,1,20:66,طه,1,11083
فَأَوْجَسَ,11009,No,2,20:67,طه,2,5363
وَأَلْقِ,11010,No,2,20:69,طه,2,6066
يَمِينِكَ,11011,No,1,20:69,طه,1,17140
تَلْقَفْ,11012,No,1,20:69,طه,1,9740
كَيْدُ,11013,No,3,20:69,طه,2,3483
السَّاحِرُ,11014,No,2,20:69,طه,2,4277
فَأُلْقِيَ,11015,No,2,20:70,طه,2,5365
لَكَبِيرُكُمُ,11016,No,2,20:71,طه,2,5685
فَلَأُقَطِّعَنَّ,11017,No,1,20:71,طه,1,12382
وَلَأُصَلِّبَنَّكُمْ,11018,No,2,20:71,طه,2,6339
جُذُوعِ,11019,No,1,20:71,طه,1,10133
وَلَتَعْلَمُنَّ,11020,No,2,20:71,طه,2,6340
أَيُّنَا,11021,No,1,20:71,طه,1,7538
وَأَبْقَى,11022,No,7,20:71,طه,4,1408
نُؤْثِرَكَ,11023,No,1,20:72,طه,1,14430
فَطَرَنَا,11024,No,1,20:72,طه,1,12277
فَاقْضِ,11025,No,1,20:72,طه,1,11995
قَاضٍ,11026,No,1,20:72,طه,1,12610
تَقْضِي,11027,No,1,20:72,طه,1,9710
بِرَبِّنَا,11028,No,2,20:73,طه,2,4641
خَطَايَانَا,11029,No,2,20:73,طه,2,4950
أَكْرَهْتَنَا,11030,No,1,20:73,طه,1,7319
السِّحْرِ,11031,No,1,20:73,طه,1,8046
مُجْرِمًا,11032,No,1,20:74,طه,1,13930
يَأْتِهِ,11033,No,1,20:75,طه,1,16617
الدَّرَجَاتُ,11034,No,1,20:75,طه,1,7941
تَزَكَّى,11035,No,4,20:76,طه,4,2355
أَسْرِ,11036,No,2,20:77,طه,2,4057
بِعِبَادِي,11037,No,3,20:77,طه,3,3096
فَاضْرِبْ,11038,No,2,20:77,طه,2,5397
يَبَسًا,11039,No,1,20:77,طه,1,16656
تَخَافُ,11040,No,1,20:77,طه,1,9429
دَرَكًا,11041,No,1,20:77,طه,1,10515
تَخْشَى,11042,No,1,20:77,طه,1,9452
بِجُنُودِهِ,11043,No,1,20:78,طه,1,9098
فَغَشِيَهُمْ,11044,No,1,20:78,طه,1,12322
غَشِيَهُمْ,11045,No,2,20:78,طه,2,5321
وَأَضَلَّ,11046,No,2,20:79,طه,2,6054
عَدُوِّكُمْ,11047,No,1,20:80,طه,1,11474
وَوَاعَدْنَاكُمْ,11048,No,1,20:80,طه,1,16355
الْأَيْمَنَ,11049,No,1,20:80,طه,1,8270
فَيَحِلَّ,11050,No,1,20:81,طه,1,12506
غَضَبِي,11051,No,2,20:81,طه,1,5322
يَحْلِلْ,11052,No,1,20:81,طه,1,16771
هَوَى,11053,No,2,20:81,طه,2,6022
لَغَفَّارٌ,11054,No,1,20:82,طه,1,13121
أَعْجَلَكَ,11055,No,1,20:83,طه,1,7207
أَثَرِي,11056,No,1,20:84,طه,1,6881
وَعَجِلْتُ,11057,No,1,20:84,طه,1,15823
لِتَرْضَى,11058,No,1,20:84,طه,1,13357
بَعْدِكَ,11059,No,1,20:85,طه,1,8883
وَأَضَلَّهُمُ,11060,No,1,20:85,طه,1,14715
السَّامِرِيُّ,11061,No,2,20:85,طه,1,4278
فَرَجَعَ,11062,No,1,20:86,طه,1,12189
يَعِدْكُمْ,11063,No,1,20:86,طه,1,16992
أَفَطَالَ,11064,No,1,20:86,طه,1,7260
الْعَهْدُ,11065,No,1,20:86,طه,1,8460
يَحِلَّ,11066,No,1,20:86,طه,1,16753
فَأَخْلَفْتُمْ,11067,No,1,20:86,طه,1,11771
مَوْعِدِي,11068,No,1,20:86,طه,1,13875
أَخْلَفْنَا,11069,No,1,20:87,طه,1,6992
مَوْعِدَكَ,11070,No,1,20:87,طه,1,13870
بِمَلْكِنَا,11071,No,1,20:87,طه,1,9249
وَلَكِنَّا,11072,No,3,20:87,طه,2,3800
حُمِّلْنَا,11073,No,1,20:87,طه,1,10317
أَوْزَارًا,11074,No,1,20:87,طه,1,7506
زِينَةِ,11075,No,1,20:87,طه,1,10852
فَقَذَفْنَاهَا,11076,No,1,20:87,طه,1,12344
فَكَذَلِكَ,11077,No,1,20:87,طه,1,12362
وَإِلَهُ,11078,No,1,20:88,طه,1,14871
فَنَسِيَ,11079,No,2,20:88,طه,1,5504
يَرْجِعُ,11080,No,3,20:89,طه,3,3879
هَارُونُ,11081,No,3,20:90,طه,2,3654
فُتِنْتُمْ,11082,No,1,20:90,طه,1,12558
نَبْرَحَ,11083,No,1,20:91,طه,1,14234
عَاكِفِينَ,11084,No,2,20:91,طه,2,5262
يَرْجِعَ,11085,No,1,20:91,طه,1,16837
رَأَيْتَهُمْ,11086,No,4,20:92,طه,4,2426
تَتَّبِعَنِ,11087,No,1,20:93,طه,1,9373
أَفَعَصَيْتَ,11088,No,1,20:93,طه,1,7261
يَبْنَؤُمَّ,11089,No,1,20:94,طه,1,16677
تَأْخُذْ,11090,No,1,20:94,طه,1,9307
بِلِحْيَتِي,11091,No,1,20:94,طه,1,9237
بِرَأْسِي,11092,No,1,20:94,طه,1,9132
خَشِيتُ,11093,No,1,20:94,طه,1,10398
تَقُولَ,11094,No,6,20:94,طه,3,1546
فَرَّقْتَ,11095,No,1,20:94,طه,1,12205
تَرْقُبْ,11096,No,1,20:94,طه,1,9516
خَطْبُكَ,11097,No,1,20:95,طه,1,10412
سَامِرِيُّ,11098,No,1,20:95,طه,1,10902
بَصُرْتُ,11099,No,1,20:96,طه,1,8866
يَبْصُرُوا,11100,No,1,20:96,طه,1,16665
فَقَبَضْتُ,11101,No,1,20:96,طه,1,12340
قَبْضَةً,11102,No,1,20:96,طه,1,12628
أَثَرِ,11103,No,2,20:96,طه,2,4001
فَنَبَذْتُهَا,11104,No,1,20:96,طه,1,12454
مِسَاسَ,11105,No,1,20:97,طه,1,14162
تُخْلَفَهُ,11106,No,1,20:97,طه,1,9886
إِلَهِكَ,11107,No,1,20:97,طه,1,7683
ظَلْتَ,11108,No,1,20:97,طه,1,11394
عَاكِفًا,11109,No,1,20:97,طه,1,11443
لَنُحَرِّقَنَّهُ,11110,No,1,20:97,طه,1,13220
لَنَنْسِفَنَّهُ,11111,No,1,20:97,طه,1,13213
نَسْفًا,11112,No,2,20:97,طه,1,5970
إِلَهُكُمُ,11113,No,1,20:98,طه,1,7682
يَحْمِلُ,11114,No,2,20:100,طه,2,6490
وِزْرًا,11115,No,1,20:100,طه,1,16605
حِمْلًا,11116,No,1,20:101,طه,1,10344
وَنَحْشُرُ,11117,No,1,20:102,طه,1,16252
زُرْقًا,11118,No,1,20:102,طه,1,10842
يَتَخَافَتُونَ,11119,No,2,20:103,طه,2,6460
عَشْرًا,11120,No,2,20:103,طه,2,5285
أَمْثَلُهُمْ,11121,No,1,20:104,طه,1,7384
طَرِيقَةً,11122,No,1,20:104,طه,1,11353
يَنْسِفُهَا,11123,No,1,20:105,طه,1,17162
فَيَذَرُهَا,11124,No,1,20:106,طه,1,12510
قَاعًا,11125,No,1,20:106,طه,1,12612
صَفْصَفًا,11126,No,1,20:106,طه,1,11253
أَمْتًا,11127,No,1,20:107,طه,1,7381
الدَّاعِيَ,11128,No,1,20:108,طه,1,7940
عِوَجَ,11129,No,1,20:108,طه,1,11654
وَخَشَعَتِ,11130,No,1,20:108,طه,1,15577
الْأَصْوَاتُ,11131,No,1,20:108,طه,1,8218
هَمْسًا,11132,No,1,20:108,طه,1,14564
تَنْفَعُ,11133,No,3,20:109,طه,3,3152
الشَّفَاعَةُ,11134,No,3,20:109,طه,3,2945
وَرَضِيَ,11135,No,1,20:109,طه,1,15654
وَعَنَتِ,11136,No,1,20:111,طه,1,15864
الْوُجُوهُ,11137,No,1,20:111,طه,1,8753
لِلْحَيِّ,11138,No,1,20:111,طه,1,13472
الْقَيُّومِ,11139,No,1,20:111,طه,1,8537
حَمَلَ,11140,No,1,20:111,طه,1,10267
يَخَافُ,11141,No,5,20:112,طه,5,2093
هَضْمًا,11142,No,1,20:112,طه,1,14558
وَصَرَّفْنَا,11143,No,2,20:113,طه,2,6281
الْوَعِيدِ,11144,No,2,20:113,طه,2,4496
يُحْدِثُ,11145,No,2,20:113,طه,2,6625
بِالْقُرْآنِ,11146,No,2,20:114,طه,2,4615
يُقْضَى,11147,No,2,20:114,طه,2,6673
وَحْيُهُ,11148,No,1,20:114,طه,1,15568
زِدْنِي,11149,No,1,20:114,طه,1,10847
عَهِدْنَا,11150,No,1,20:115,طه,1,11578
نَجِدْ,11151,No,1,20:115,طه,1,14259
عَزْمًا,11152,No,1,20:115,طه,1,11505
وَلِزَوْجِكَ,11153,No,1,20:117,طه,1,16114
يُخْرِجَنَّكُمَا,11154,No,1,20:117,طه,1,17314
فَتَشْقَى,11155,No,1,20:117,طه,1,12085
تَجُوعَ,11156,No,1,20:118,طه,1,9387
تَعْرَى,11157,No,1,20:118,طه,1,9642
وَأَنَّكَ,11158,No,1,20:119,طه,1,14782
تَظْمَأُ,11159,No,1,20:119,طه,1,9624
تَضْحَى,11160,No,1,20:119,طه,1,9608
أَدُلُّكَ,11161,No,1,20:120,طه,1,6996
شَجَرَةِ,11162,No,1,20:120,طه,1,11113
وَمُلْكٍ,11163,No,1,20:120,طه,1,16228
يَبْلَى,11164,No,1,20:120,طه,1,16672
فَأَكَلَا,11165,No,1,20:121,طه,1,11817
فَبَدَتْ,11166,No,1,20:121,طه,1,12051
وَعَصَى,11167,No,2,20:121,طه,2,6299
فَغَوَى,11168,No,1,20:121,طه,1,12325
وَهَدَى,11169,No,1,20:122,طه,1,16339
اهْبِطَا,11170,No,1,20:123,طه,1,8794
يَشْقَى,11171,No,1,20:123,طه,1,16937
مَعِيشَةً,11172,No,1,20:124,طه,1,13755
ضَنْكًا,11173,No,1,20:124,طه,1,11319
وَنَحْشُرُهُ,11174,No,1,20:124,طه,1,16253
حَشَرْتَنِي,11175,No,1,20:125,طه,1,10242
أَتَتْكَ,11176,No,1,20:126,طه,1,6831
فَنَسِيتَهَا,11177,No,1,20:126,طه,1,12462
تُنْسَى,11178,No,1,20:126,طه,1,9997
أَسْرَفَ,11179,No,1,20:127,طه,1,7094
يُؤْمِنْ,11180,No,6,20:127,طه,5,1716
مَسَاكِنِهِمْ,11181,No,3,20:128,طه,3,3559
لِزَامًا,11182,No,2,20:129,طه,2,5724
طُلُوعِ,11183,No,2,20:130,طه,2,5235
وَقَبْلَ,11184,No,2,20:130,طه,2,6318
غُرُوبِهَا,11185,No,1,20:130,طه,1,11711
آنَاءِ,11186,No,1,20:130,طه,1,6749
وَأَطْرَافَ,11187,No,1,20:130,طه,1,14719
لَعَلَّكَ,11188,No,2,20:130,طه,2,5675
زَهْرَةَ,11189,No,1,20:131,طه,1,10821
لِنَفْتِنَهُمْ,11190,No,2,20:131,طه,2,5758
وَرِزْقُ,11191,No,1,20:131,طه,1,15673
أَهْلَكَ,11192,No,3,20:132,طه,3,2882
نَسْأَلُكَ,11193,No,1,20:132,طه,1,14303
نَرْزُقُكَ,11194,No,1,20:132,طه,1,14286
يَأْتِينَا,11195,No,1,20:133,طه,1,16619
بَيِّنَةُ,11196,No,1,20:133,طه,1,8928
الصُّحُفِ,11197,No,2,20:133,طه,2,4297
أَرْسَلْتَ,11198,No,2,20:134,طه,2,4046
فَنَتَّبِعَ,11199,No,2,20:134,طه,2,5503
نَذِلَّ,11200,No,1,20:134,طه,1,14281
وَنَخْزَى,11201,No,1,20:134,طه,1,16257
مُتَرَبِّصٌ,11202,No,1,20:135,طه,1,13909
فَسَتَعْلَمُونَ,11203,No,3,20:135,طه,2,3414
الصِّرَاطِ,11204,No,3,20:135,طه,3,2950
السَّوِيِّ,11205,No,1,20:135,طه,1,8028
حِسَابُهُمْ,11206,No,2,21:1,الأنبياء,2,4927
ذِكْرٍ,11207,No,2,21:2,الأنبياء,2,5004
مُحْدَثٍ,11208,No,2,21:2,الأنبياء,2,5874
اسْتَمَعُوهُ,11209,No,1,21:2,الأنبياء,1,7826
لَاهِيَةً,11210,No,1,21:3,الأنبياء,1,12997
أَفَتَأْتُونَ,11211,No,1,21:3,الأنبياء,1,7249
تُبْصِرُونَ,11212,No,9,21:3,الأنبياء,8,1029
شَاعِرٌ,11213,No,2,21:5,الأنبياء,2,5131
فَلْيَأْتِنَا,11214,No,1,21:5,الأنبياء,1,12413
أَفَهُمْ,11215,No,1,21:6,الأنبياء,1,7271
جَعَلْنَاهُمْ,11216,No,2,21:8,الأنبياء,1,4875
صَدَقْنَاهُمُ,11217,No,1,21:9,الأنبياء,1,11224
الْوَعْدَ,11218,No,1,21:9,الأنبياء,1,8745
فَأَنْجَيْنَاهُمْ,11219,No,1,21:9,الأنبياء,1,11837
وَأَهْلَكْنَا,11220,No,1,21:9,الأنبياء,1,14798
ذِكْرُكُمْ,11221,No,1,21:10,الأنبياء,1,10621
قَصَمْنَا,11222,No,1,21:11,الأنبياء,1,12669
ظَالِمَةً,11223,No,1,21:11,الأنبياء,1,11384
أَحَسُّوا,11224,No,1,21:12,الأنبياء,1,6919
يَرْكُضُونَ,11225,No,1,21:12,الأنبياء,1,16854
تَرْكُضُوا,11226,No,1,21:13,الأنبياء,1,9520
وَارْجِعُوا,11227,No,1,21:13,الأنبياء,1,14932
أُتْرِفْتُمْ,11228,No,1,21:13,الأنبياء,1,7552
وَمَسَاكِنِكُمْ,11229,No,1,21:13,الأنبياء,1,16195
وَيْلَنَا,11230,No,6,21:14,الأنبياء,4,1693
زَالَتْ,11231,No,1,21:15,الأنبياء,1,10796
خَامِدِينَ,11232,No,1,21:15,الأنبياء,1,10380
لَاعِبِينَ,11233,No,2,21:16,الأنبياء,2,5650
نَتَّخِذَ,11234,No,2,21:17,الأنبياء,2,5946
لَاتَّخَذْنَاهُ,11235,No,1,21:17,الأنبياء,1,12986
نَقْذِفُ,11236,No,1,21:18,الأنبياء,1,14392
الْبَاطِلِ,11237,No,1,21:18,الأنبياء,1,8294
فَيَدْمَغُهُ,11238,No,1,21:18,الأنبياء,1,12509
زَاهِقٌ,11239,No,1,21:18,الأنبياء,1,10799
وَلَكُمُ,11240,No,2,21:18,الأنبياء,2,6347
الْوَيْلُ,11241,No,1,21:18,الأنبياء,1,8751
يَسْتَحْسِرُونَ,11242,No,1,21:19,الأنبياء,1,16885
يُسَبِّحُونَ,11243,No,5,21:20,الأنبياء,5,2127
يَفْتُرُونَ,11244,No,1,21:20,الأنبياء,1,17044
يُنْشِرُونَ,11245,No,1,21:21,الأنبياء,1,17540
لَفَسَدَتَا,11246,No,1,21:22,الأنبياء,1,13130
فَسُبْحَانَ,11247,No,3,21:22,الأنبياء,3,3415
يُسْأَلُ,11248,No,3,21:23,الأنبياء,3,3940
يُسْأَلُونَ,11249,No,1,21:23,الأنبياء,1,17365
وَذِكْرُ,11250,No,1,21:24,الأنبياء,1,15618
فَاعْبُدُونِ,11251,No,3,21:25,الأنبياء,2,3393
مُكْرَمُونَ,11252,No,3,21:26,الأنبياء,3,3604
يَسْبِقُونَهُ,11253,No,1,21:27,الأنبياء,1,16879
يَشْفَعُونَ,11254,No,1,21:28,الأنبياء,1,16935
ارْتَضَى,11255,No,3,21:28,الأنبياء,3,2917
خَشْيَتِهِ,11256,No,1,21:28,الأنبياء,1,10400
مُشْفِقُونَ,11257,No,5,21:28,الأنبياء,4,2003
يَقُلْ,11258,No,1,21:29,الأنبياء,1,17056
فَذَلِكَ,11259,No,3,21:29,الأنبياء,3,3408
نَجْزِيهِ,11260,No,1,21:29,الأنبياء,1,14260
يَرَ,11261,No,2,21:30,الأنبياء,2,6503
رَتْقًا,11262,No,1,21:30,الأنبياء,1,10662
فَفَتَقْنَاهُمَا,11263,No,1,21:30,الأنبياء,1,12329
حَيٍّ,11264,No,1,21:30,الأنبياء,1,10285
فِجَاجًا,11265,No,2,21:31,الأنبياء,2,5532
سَقْفًا,11266,No,1,21:32,الأنبياء,1,10958
مَحْفُوظًا,11267,No,1,21:32,الأنبياء,1,13671
آيَاتِهَا,11268,No,1,21:32,الأنبياء,1,6755
فَلَكٍ,11269,No,2,21:33,الأنبياء,2,5485
يَسْبَحُونَ,11270,No,2,21:33,الأنبياء,2,6516
الْخُلْدَ,11271,No,1,21:34,الأنبياء,1,8431
مِتَّ,11272,No,1,21:34,الأنبياء,1,14145
فَهُمُ,11273,No,1,21:34,الأنبياء,1,12482
الْخَالِدُونَ,11274,No,1,21:34,الأنبياء,1,8405
وَنَبْلُوكُمْ,11275,No,1,21:35,الأنبياء,1,16240
وَالْخَيْرِ,11276,No,1,21:35,الأنبياء,1,15175
رَآكَ,11277,No,1,21:36,الأنبياء,1,10623
يَتَّخِذُونَكَ,11278,No,2,21:36,الأنبياء,2,6476
أَهَذَا,11279,No,2,21:36,الأنبياء,2,4148
آلِهَتَكُمْ,11280,No,3,21:36,الأنبياء,2,2823
خُلِقَ,11281,No,4,21:37,الأنبياء,3,2410
عَجَلٍ,11282,No,1,21:37,الأنبياء,1,11464
تَسْتَعْجِلُونِ,11283,No,1,21:37,الأنبياء,1,9550
يَكُفُّونَ,11284,No,1,21:39,الأنبياء,1,17086
وُجُوهِهِمُ,11285,No,1,21:39,الأنبياء,1,16594
فَتَبْهَتُهُمْ,11286,No,1,21:40,الأنبياء,1,12071
رَدَّهَا,11287,No,1,21:40,الأنبياء,1,10685
يَكْلَؤُكُمْ,11288,No,1,21:42,الأنبياء,1,17107
تَمْنَعُهُمْ,11289,No,1,21:43,الأنبياء,1,9767
دُونِنَا,11290,No,1,21:43,الأنبياء,1,10560
يُصْحَبُونَ,11291,No,1,21:43,الأنبياء,1,17403
وَآبَاءَهُمْ,11292,No,3,21:44,الأنبياء,3,3656
طَالَ,11293,No,1,21:44,الأنبياء,1,11342
الْعُمُرُ,11294,No,2,21:44,الأنبياء,2,4411
أَفَهُمُ,11295,No,1,21:44,الأنبياء,1,7270
أُنْذِرُكُمْ,11296,No,1,21:45,الأنبياء,1,7624
بِالْوَحْيِ,11297,No,1,21:45,الأنبياء,1,9071
الدُّعَاءَ,11298,No,3,21:45,الأنبياء,3,2929
يُنْذَرُونَ,11299,No,1,21:45,الأنبياء,1,17535
نَفْحَةٌ,11300,No,1,21:46,الأنبياء,1,14374
وَنَضَعُ,11301,No,1,21:47,الأنبياء,1,16279
الْمَوَازِينَ,11302,No,1,21:47,الأنبياء,1,8629
الْقِسْطَ,11303,No,1,21:47,الأنبياء,1,8551
لِيَوْمِ,11304,No,4,21:47,الأنبياء,4,2587
تُظْلَمُ,11305,No,2,21:47,الأنبياء,2,4828
خَرْدَلٍ,11306,No,2,21:47,الأنبياء,2,4944
أَتَيْنَا,11307,No,2,21:47,الأنبياء,2,3995
حَاسِبِينَ,11308,No,1,21:47,الأنبياء,1,10183
وَضِيَاءً,11309,No,1,21:48,الأنبياء,1,15796
وَذِكْرًا,11310,No,1,21:48,الأنبياء,1,15617
أَفَأَنْتُمْ,11311,No,1,21:50,الأنبياء,1,7242
رُشْدَهُ,11312,No,1,21:51,الأنبياء,1,10744
عَالِمِينَ,11313,No,2,21:51,الأنبياء,1,5263
وَقَوْمِهِ,11314,No,5,21:52,الأنبياء,5,2062
التَّمَاثِيلُ,11315,No,1,21:52,الأنبياء,1,7917
عَابِدِينَ,11316,No,3,21:53,الأنبياء,1,3323
اللَّاعِبِينَ,11317,No,1,21:55,الأنبياء,1,8128
فَطَرَهُنَّ,11318,No,1,21:56,الأنبياء,1,12278
وَتَاللَّهِ,11319,No,1,21:57,الأنبياء,1,15350
لَأَكِيدَنَّ,11320,No,1,21:57,الأنبياء,1,12966
أَصْنَامَكُمْ,11321,No,1,21:57,الأنبياء,1,7161
فَجَعَلَهُمْ,11322,No,2,21:58,الأنبياء,2,5428
جُذَاذًا,11323,No,1,21:58,الأنبياء,1,10132
بِآلِهَتِنَا,11324,No,2,21:59,الأنبياء,1,4578
فَتًى,11325,No,1,21:60,الأنبياء,1,12065
يَذْكُرُهُمْ,11326,No,1,21:60,الأنبياء,1,16822
يُقَالُ,11327,No,3,21:60,الأنبياء,3,3948
أَعْيُنِ,11328,No,1,21:61,الأنبياء,1,7230
فَعَلَهُ,11329,No,1,21:63,الأنبياء,1,12305
فَاسْأَلُوهُمْ,11330,No,1,21:63,الأنبياء,1,11930
يَنْطِقُونَ,11331,No,4,21:63,الأنبياء,3,2791
فَرَجَعُوا,11332,No,1,21:64,الأنبياء,1,12190
أَنْتُمُ,11333,No,2,21:64,الأنبياء,2,4137
نُكِسُوا,11334,No,1,21:65,الأنبياء,1,14496
أَفَتَعْبُدُونَ,11335,No,1,21:66,الأنبياء,1,7252
وَلِمَا,11336,No,1,21:67,الأنبياء,1,16122
حَرِّقُوهُ,11337,No,2,21:68,الأنبياء,2,4901
وَانْصُرُوا,11338,No,1,21:68,الأنبياء,1,15272
كُونِي,11339,No,1,21:69,الأنبياء,1,12921
بَرْدًا,11340,No,2,21:69,الأنبياء,2,4529
وَسَلَامًا,11341,No,2,21:69,الأنبياء,2,6271
وَأَرَادُوا,11342,No,1,21:70,الأنبياء,1,14675
فَجَعَلْنَاهُمُ,11343,No,2,21:70,الأنبياء,2,5430
الْأَخْسَرِينَ,11344,No,1,21:70,الأنبياء,1,8200
وَنَجَّيْنَاهُ,11345,No,4,21:71,الأنبياء,2,2741
أَئِمَّةً,11346,No,4,21:73,الأنبياء,3,2141
بِأَمْرِنَا,11347,No,2,21:73,الأنبياء,2,4585
فِعْلَ,11348,No,1,21:73,الأنبياء,1,12593
وَإِقَامَ,11349,No,1,21:73,الأنبياء,1,14868
وَإِيتَاءَ,11350,No,1,21:73,الأنبياء,1,14880
الزَّكَاةِ,11351,No,2,21:73,الأنبياء,2,4274
تَعْمَلُ,11352,No,1,21:74,الأنبياء,1,9650
وَأَدْخَلْنَاهُ,11353,No,1,21:75,الأنبياء,1,14665
فَاسْتَجَبْنَا,11354,No,4,21:76,الأنبياء,1,2507
الْكَرْبِ,11355,No,3,21:76,الأنبياء,2,3013
وَنَصَرْنَاهُ,11356,No,1,21:77,الأنبياء,1,16276
وَدَاوُودَ,11357,No,1,21:78,الأنبياء,1,15591
يَحْكُمَانِ,11358,No,1,21:78,الأنبياء,1,16770
نَفَشَتْ,11359,No,1,21:78,الأنبياء,1,14366
غَنَمُ,11360,No,1,21:78,الأنبياء,1,11694
لِحُكْمِهِمْ,11361,No,1,21:78,الأنبياء,1,13397
فَفَهَّمْنَاهَا,11362,No,1,21:79,الأنبياء,1,12334
وَسَخَّرْنَا,11363,No,1,21:79,الأنبياء,1,15711
يُسَبِّحْنَ,11364,No,2,21:79,الأنبياء,2,6643
وَالطَّيْرَ,11365,No,3,21:79,الأنبياء,3,3709
صَنْعَةَ,11366,No,1,21:80,الأنبياء,1,11265
لَبُوسٍ,11367,No,1,21:80,الأنبياء,1,13005
لِتُحْصِنَكُمْ,11368,No,1,21:80,الأنبياء,1,13377
بَأْسِكُمْ,11369,No,1,21:80,الأنبياء,1,8804
شَاكِرُونَ,11370,No,1,21:80,الأنبياء,1,11101
وَلِسُلَيْمَانَ,11371,No,2,21:81,الأنبياء,2,6363
الرِّيحَ,11372,No,5,21:81,الأنبياء,5,1778
عَاصِفَةً,11373,No,1,21:81,الأنبياء,1,11436
يَغُوصُونَ,11374,No,1,21:82,الأنبياء,1,17026
وَيَعْمَلُونَ,11375,No,1,21:82,الأنبياء,1,16461
فَكَشَفْنَا,11376,No,2,21:84,الأنبياء,2,5481
وَمِثْلَهُمْ,11377,No,2,21:84,الأنبياء,2,6381
لِلْعَابِدِينَ,11378,No,1,21:84,الأنبياء,1,13477
وَإِدْرِيسَ,11379,No,1,21:85,الأنبياء,1,14862
وَذَا,11380,No,3,21:85,الأنبياء,2,3752
الْكِفْلِ,11381,No,2,21:85,الأنبياء,2,4449
وَأَدْخَلْنَاهُمْ,11382,No,1,21:86,الأنبياء,1,14666
النُّونِ,11383,No,1,21:87,الأنبياء,1,8168
مُغَاضِبًا,11384,No,1,21:87,الأنبياء,1,14052
فَظَنَّ,11385,No,1,21:87,الأنبياء,1,12290
نَقْدِرَ,11386,No,1,21:87,الأنبياء,1,14391
فَنَادَى,11387,No,2,21:87,الأنبياء,2,5501
نُنْجِي,11388,No,1,21:88,الأنبياء,1,14507
تَذَرْنِي,11389,No,1,21:89,الأنبياء,1,9471
الْوَارِثِينَ,11390,No,3,21:89,الأنبياء,2,3039
وَأَصْلَحْنَا,11391,No,1,21:90,الأنبياء,1,14712
زَوْجَهُ,11392,No,1,21:90,الأنبياء,1,10827
وَيَدْعُونَنَا,11393,No,1,21:90,الأنبياء,1,16415
رَغَبًا,11394,No,1,21:90,الأنبياء,1,10703
وَرَهَبًا,11395,No,1,21:90,الأنبياء,1,15658
وَالَّتِي,11396,No,2,21:91,الأنبياء,2,6146
أَحْصَنَتْ,11397,No,2,21:91,الأنبياء,2,4013
فَرْجَهَا,11398,No,2,21:91,الأنبياء,2,5445
فَنَفَخْنَا,11399,No,2,21:91,الأنبياء,2,5505
رُوحِنَا,11400,No,2,21:91,الأنبياء,2,5048
وَجَعَلْنَاهَا,11401,No,3,21:91,الأنبياء,3,3740
وَابْنَهَا,11402,No,1,21:91,الأنبياء,1,14885
أُمَّتُكُمْ,11403,No,2,21:92,الأنبياء,2,4180
وَتَقَطَّعُوا,11404,No,1,21:93,الأنبياء,1,15415
كُفْرَانَ,11405,No,1,21:94,الأنبياء,1,12914
لِسَعْيِهِ,11406,No,1,21:94,الأنبياء,1,13420
كَاتِبُونَ,11407,No,1,21:94,الأنبياء,1,12778
وَحَرَامٌ,11408,No,1,21:95,الأنبياء,1,15526
فُتِحَتْ,11409,No,2,21:96,الأنبياء,2,5526
يَأْجُوجُ,11410,No,1,21:96,الأنبياء,1,16630
وَمَأْجُوجُ,11411,No,1,21:96,الأنبياء,1,16181
حَدَبٍ,11412,No,1,21:96,الأنبياء,1,10204
يَنْسِلُونَ,11413,No,2,21:96,الأنبياء,2,6581
وَاقْتَرَبَ,11414,No,1,21:97,الأنبياء,1,14999
شَاخِصَةٌ,11415,No,1,21:97,الأنبياء,1,11096
أَبْصَارُ,11416,No,1,21:97,الأنبياء,1,6800
حَصَبُ,11417,No,1,21:98,الأنبياء,1,10245
وَارِدُونَ,11418,No,1,21:98,الأنبياء,1,14927
وَرَدُوهَا,11419,No,1,21:99,الأنبياء,1,15649
مُبْعَدُونَ,11420,No,1,21:101,الأنبياء,1,13901
حَسِيسَهَا,11421,No,1,21:102,الأنبياء,1,10236
اشْتَهَتْ,11422,No,1,21:102,الأنبياء,1,7849
يَحْزُنُهُمُ,11423,No,1,21:103,الأنبياء,1,16762
الْفَزَعُ,11424,No,1,21:103,الأنبياء,1,8497
الْأَكْبَرُ,11425,No,1,21:103,الأنبياء,1,8236
وَتَتَلَقَّاهُمُ,11426,No,1,21:103,الأنبياء,1,15356
يَوْمُكُمُ,11427,No,1,21:103,الأنبياء,1,17206
نَطْوِي,11428,No,1,21:104,الأنبياء,1,14342
كَطَيِّ,11429,No,1,21:104,الأنبياء,1,12860
السِّجِلِّ,11430,No,1,21:104,الأنبياء,1,8042
لِلْكُتُبِ,11431,No,1,21:104,الأنبياء,1,13484
بَدَأْنَا,11432,No,1,21:104,الأنبياء,1,8840
نُعِيدُهُ,11433,No,1,21:104,الأنبياء,1,14479
الزَّبُورِ,11434,No,1,21:105,الأنبياء,1,7994
عِبَادِيَ,11435,No,4,21:105,الأنبياء,4,2489
لَبَلَاغًا,11436,No,1,21:106,الأنبياء,1,13001
آذَنْتُكُمْ,11437,No,1,21:109,الأنبياء,1,6732
أَدْرِي,11438,No,4,21:109,الأنبياء,3,2155
أَقَرِيبٌ,11439,No,2,21:109,الأنبياء,2,4105
بَعِيدٌ,11440,No,2,21:109,الأنبياء,2,4538
وَرَبُّنَا,11441,No,1,21:112,الأنبياء,1,15637
زَلْزَلَةَ,11442,No,1,22:1,الحج,1,10816
تَذْهَلُ,11443,No,1,22:2,الحج,1,9484
مُرْضِعَةٍ,11444,No,1,22:2,الحج,1,13980
أَرْضَعَتْ,11445,No,1,22:2,الحج,1,7058
وَتَضَعُ,11446,No,1,22:2,الحج,1,15400
حَمْلٍ,11447,No,2,22:2,الحج,2,4911
حَمْلَهَا,11448,No,1,22:2,الحج,1,10277
بِسُكَارَى,11449,No,1,22:2,الحج,1,9159
وَيَتَّبِعُ,11450,No,1,22:3,الحج,1,16389
مَرِيدٍ,11451,No,1,22:3,الحج,1,13697
تَوَلَّاهُ,11452,No,1,22:4,الحج,1,9821
يُضِلُّهُ,11453,No,1,22:4,الحج,1,17422
وَيَهْدِيهِ,11454,No,1,22:4,الحج,1,16495
السَّعِيرِ,11455,No,8,22:4,الحج,6,1134
الْبَعْثِ,11456,No,3,22:5,الحج,2,2978
عَلَقَةٍ,11457,No,2,22:5,الحج,2,5289
مُضْغَةٍ,11458,No,1,22:5,الحج,1,14033
مُخَلَّقَةٍ,11459,No,2,22:5,الحج,1,5877
وَغَيْرِ,11460,No,1,22:5,الحج,1,15895
لِنُبَيِّنَ,11461,No,1,22:5,الحج,1,13512
وَنُقِرُّ,11462,No,1,22:5,الحج,1,16319
طِفْلًا,11463,No,2,22:5,الحج,2,5238
لِتَبْلُغُوا,11464,No,2,22:5,الحج,2,5716
أَشُدَّكُمْ,11465,No,2,22:5,الحج,2,4060
يُتَوَفَّى,11466,No,2,22:5,الحج,2,6617
هَامِدَةً,11467,No,1,22:5,الحج,1,14545
اهْتَزَّتْ,11468,No,2,22:5,الحج,2,4512
وَرَبَتْ,11469,No,2,22:5,الحج,2,6251
وَأَنْبَتَتْ,11470,No,1,22:5,الحج,1,14785
بَهِيجٍ,11471,No,2,22:5,الحج,2,4555
الْقُبُورِ,11472,No,4,22:7,الحج,4,2274
مُنِيرٍ,11473,No,2,22:8,الحج,2,5914
عِطْفِهِ,11474,No,1,22:9,الحج,1,11644
وَنُذِيقُهُ,11475,No,1,22:9,الحج,1,16305
يَدَاكَ,11476,No,1,22:10,الحج,1,16800
حَرْفٍ,11477,No,1,22:11,الحج,1,10224
أَصَابَهُ,11478,No,1,22:11,الحج,1,7143
اطْمَأَنَّ,11479,No,1,22:11,الحج,1,7868
أَصَابَتْهُ,11480,No,1,22:11,الحج,1,7141
انْقَلَبَ,11481,No,1,22:11,الحج,1,8791
وَالْآخِرَةَ,11482,No,1,22:11,الحج,1,15104
الْخُسْرَانُ,11483,No,2,22:11,الحج,2,4398
يَضُرُّهُ,11484,No,1,22:12,الحج,1,16962
يَنْفَعُهُ,11485,No,1,22:12,الحج,1,17176
ضَرُّهُ,11486,No,1,22:13,الحج,1,11312
نَفْعِهِ,11487,No,1,22:13,الحج,1,14381
الْعَشِيرُ,11488,No,1,22:13,الحج,1,8448
يُدْخِلُ,11489,No,5,22:14,الحج,4,2125
يَظُنُّ,11490,No,2,22:15,الحج,2,6538
يَنْصُرَهُ,11491,No,1,22:15,الحج,1,17164
بِسَبَبٍ,11492,No,1,22:15,الحج,1,9154
لْيَقْطَعْ,11493,No,1,22:15,الحج,1,13611
يُذْهِبَنَّ,11494,No,1,22:15,الحج,1,17342
كَيْدُهُ,11495,No,1,22:15,الحج,1,12894
وَالْمَجُوسَ,11496,No,1,22:17,الحج,1,15220
يَفْصِلُ,11497,No,3,22:17,الحج,3,3910
وَالشَّمْسُ,11498,No,3,22:18,الحج,3,3707
وَالْقَمَرُ,11499,No,4,22:18,الحج,4,2697
وَالْجِبَالُ,11500,No,3,22:18,الحج,3,3720
وَالشَّجَرُ,11501,No,2,22:18,الحج,2,6134
وَالدَّوَابُّ,11502,No,1,22:18,الحج,1,15012
يُهِنِ,11503,No,1,22:18,الحج,1,17549
مُكْرِمٍ,11504,No,1,22:18,الحج,1,14082
خَصْمَانِ,11505,No,2,22:19,الحج,2,4947
اخْتَصَمُوا,11506,No,1,22:19,الحج,1,7769
ثِيَابٌ,11507,No,1,22:19,الحج,1,10057
يُصَبُّ,11508,No,1,22:19,الحج,1,17384
رُءُوسِهِمُ,11509,No,1,22:19,الحج,1,10729
الْحَمِيمُ,11510,No,1,22:19,الحج,1,8371
يُصْهَرُ,11511,No,1,22:20,الحج,1,17411
وَالْجُلُودُ,11512,No,1,22:20,الحج,1,15152
مَقَامِعُ,11513,No,1,22:21,الحج,1,13780
حَدِيدٍ,11514,No,1,22:21,الحج,1,10207
غَمٍّ,11515,No,1,22:22,الحج,1,11691
أُعِيدُوا,11516,No,2,22:22,الحج,2,4177
وَلُؤْلُؤًا,11517,No,2,22:23,الحج,2,6357
وَلِبَاسُهُمْ,11518,No,2,22:23,الحج,2,6359
حَرِيرٌ,11519,No,2,22:23,الحج,2,4900
وَهُدُوا,11520,No,2,22:24,الحج,1,6401
الْعَاكِفُ,11521,No,1,22:25,الحج,1,8439
وَالْبَادِ,11522,No,1,22:25,الحج,1,15133
بِإِلْحَادٍ,11523,No,1,22:25,الحج,1,8994
نُذِقْهُ,11524,No,3,22:25,الحج,3,3638
لِإِبْرَاهِيمَ,11525,No,1,22:26,الحج,1,13334
تُشْرِكْ,11526,No,2,22:26,الحج,2,4823
وَطَهِّرْ,11527,No,1,22:26,الحج,1,15806
وَالْقَائِمِينَ,11528,No,1,22:26,الحج,1,15209
وَأَذِّنْ,11529,No,1,22:27,الحج,1,14674
بِالْحَجِّ,11530,No,1,22:27,الحج,1,9042
ضَامِرٍ,11531,No,1,22:27,الحج,1,11309
فَجٍّ,11532,No,1,22:27,الحج,1,12138
عَمِيقٍ,11533,No,1,22:27,الحج,1,11573
لِيَشْهَدُوا,11534,No,1,22:28,الحج,1,13558
مَنَافِعَ,11535,No,1,22:28,الحج,1,13829
وَيَذْكُرُوا,11536,No,1,22:28,الحج,1,16418
مَعْلُومَاتٍ,11537,No,1,22:28,الحج,1,13765
رَزَقَهُمْ,11538,No,2,22:28,الحج,1,5028
بَهِيمَةِ,11539,No,2,22:28,الحج,1,4556
وَأَطْعِمُوا,11540,No,2,22:28,الحج,1,6055
الْبَائِسَ,11541,No,1,22:28,الحج,1,8291
الْفَقِيرَ,11542,No,1,22:28,الحج,1,8500
لْيَقْضُوا,11543,No,1,22:29,الحج,1,13610
تَفَثَهُمْ,11544,No,1,22:29,الحج,1,9660
وَلْيُوفُوا,11545,No,1,22:29,الحج,1,16179
نُذُورَهُمْ,11546,No,1,22:29,الحج,1,14440
وَلْيَطَّوَّفُوا,11547,No,1,22:29,الحج,1,16173
بِالْبَيْتِ,11548,No,1,22:29,الحج,1,9037
الْعَتِيقِ,11549,No,2,22:29,الحج,1,4406
يُعَظِّمْ,11550,No,2,22:30,الحج,1,6658
حُرُمَاتِ,11551,No,1,22:30,الحج,1,10302
وَأُحِلَّتْ,11552,No,1,22:30,الحج,1,14823
الْأَنْعَامُ,11553,No,2,22:30,الحج,2,4343
فَاجْتَنِبُوا,11554,No,1,22:30,الحج,1,11895
الْأَوْثَانِ,11555,No,1,22:30,الحج,1,8262
الزُّورِ,11556,No,1,22:30,الحج,1,7999
حُنَفَاءَ,11557,No,2,22:31,الحج,2,4920
خَرَّ,11558,No,2,22:31,الحج,2,4941
فَتَخْطَفُهُ,11559,No,1,22:31,الحج,1,12076
سَحِيقٍ,11560,No,1,22:31,الحج,1,10928
الْقُلُوبِ,11561,No,1,22:32,الحج,1,8545
مَنَافِعُ,11562,No,4,22:33,الحج,4,2607
مَحِلُّهَا,11563,No,1,22:33,الحج,1,13665
مَنْسَكًا,11564,No,2,22:34,الحج,1,5844
لِيَذْكُرُوا,11565,No,1,22:34,الحج,1,13548
فَإِلَهُكُمْ,11566,No,1,22:34,الحج,1,11872
أَسْلِمُوا,11567,No,1,22:34,الحج,1,7109
الْمُخْبِتِينَ,11568,No,1,22:34,الحج,1,8655
وَالْمُقِيمِي,11569,No,1,22:35,الحج,1,15249
وَالْبُدْنَ,11570,No,1,22:36,الحج,1,15146
جَعَلْنَاهَا,11571,No,3,22:36,الحج,3,3182
صَوَافَّ,11572,No,1,22:36,الحج,1,11267
وَجَبَتْ,11573,No,1,22:36,الحج,1,15485
جُنُوبُهَا,11574,No,1,22:36,الحج,1,10145
الْقَانِعَ,11575,No,1,22:36,الحج,1,8523
وَالْمُعْتَرَّ,11576,No,1,22:36,الحج,1,15248
سَخَّرْنَاهَا,11577,No,1,22:36,الحج,1,10930
يَنَالَ,11578,No,1,22:37,الحج,1,17148
لُحُومُهَا,11579,No,1,22:37,الحج,1,13300
دِمَاؤُهَا,11580,No,1,22:37,الحج,1,10566
يَنَالُهُ,11581,No,1,22:37,الحج,1,17150
سَخَّرَهَا,11582,No,2,22:37,الحج,2,5084
لِتُكَبِّرُوا,11583,No,1,22:37,الحج,1,13385
يُدَافِعُ,11584,No,1,22:38,الحج,1,17328
خَوَّانٍ,11585,No,1,22:38,الحج,1,10440
كَفُورٍ,11586,No,3,22:38,الحج,3,3477
أُذِنَ,11587,No,1,22:39,الحج,1,7584
يُقَاتَلُونَ,11588,No,1,22:39,الحج,1,17490
نَصْرِهِمْ,11589,No,1,22:39,الحج,1,14332
لَقَدِيرٌ,11590,No,1,22:39,الحج,1,13136
أُخْرِجُوا,11591,No,3,22:40,الحج,2,2895
لَهُدِّمَتْ,11592,No,1,22:40,الحج,1,13234
صَوَامِعُ,11593,No,1,22:40,الحج,1,11268
وَبِيَعٌ,11594,No,1,22:40,الحج,1,15344
وَصَلَوَاتٌ,11595,No,1,22:40,الحج,1,15774
وَمَسَاجِدُ,11596,No,1,22:40,الحج,1,16193
يُذْكَرُ,11597,No,1,22:40,الحج,1,17340
وَلَيَنْصُرَنَّ,11598,No,1,22:40,الحج,1,16081
يَنْصُرُهُ,11599,No,2,22:40,الحج,2,6584
لَقَوِيٌّ,11600,No,3,22:40,الحج,2,3506
وَأَمَرُوا,11601,No,1,22:41,الحج,1,14766
وَنَهَوْا,11602,No,1,22:41,الحج,1,16298
يُكَذِّبُوكَ,11603,No,3,22:42,الحج,2,3950
كَذَّبَتْ,11604,No,14,22:42,الحج,8,676
وَعَادٌ,11605,No,4,22:42,الحج,4,2718
وَثَمُودُ,11606,No,3,22:42,الحج,3,3736
وَقَوْمُ,11607,No,4,22:43,الحج,3,2722
وَأَصْحَابُ,11608,No,8,22:44,الحج,5,1218
وَكُذِّبَ,11609,No,1,22:44,الحج,1,16011
نَكِيرِ,11610,No,4,22:44,الحج,4,2641
فَكَأَيِّنْ,11611,No,1,22:45,الحج,1,12357
وَبِئْرٍ,11612,No,1,22:45,الحج,1,15318
مُعَطَّلَةٍ,11613,No,1,22:45,الحج,1,14047
وَقَصْرٍ,11614,No,1,22:45,الحج,1,15944
مَشِيدٍ,11615,No,1,22:45,الحج,1,13730
تَعْمَى,11616,No,2,22:46,الحج,1,4762
بِالْعَذَابِ,11617,No,6,22:47,الحج,4,1530
كَأَلْفِ,11618,No,1,22:47,الحج,1,12772
تَعُدُّونَ,11619,No,2,22:47,الحج,2,4755
أَمْلَيْتُ,11620,No,1,22:48,الحج,1,7398
أَخَذْتُهَا,11621,No,1,22:48,الحج,1,6956
وَإِلَيَّ,11622,No,1,22:48,الحج,1,14873
سَعَوْا,11623,No,2,22:51,الحج,2,5090
مُعَاجِزِينَ,11624,No,3,22:51,الحج,2,3600
تَمَنَّى,11625,No,2,22:52,الحج,2,4783
أُمْنِيَّتِهِ,11626,No,1,22:52,الحج,1,7622
فَيَنْسَخُ,11627,No,1,22:52,الحج,1,12534
يُلْقِي,11628,No,3,22:52,الحج,2,3955
يُحْكِمُ,11629,No,1,22:52,الحج,1,17300
وَالْقَاسِيَةِ,11630,No,1,22:53,الحج,1,15210
فَيُؤْمِنُوا,11631,No,1,22:54,الحج,1,12538
فَتُخْبِتَ,11632,No,1,22:54,الحج,1,12120
لَهَادِ,11633,No,1,22:54,الحج,1,13229
عَقِيمٍ,11634,No,1,22:55,الحج,1,11540
لَيَرْزُقَنَّهُمُ,11635,No,1,22:58,الحج,1,13259
لَيُدْخِلَنَّهُمْ,11636,No,1,22:59,الحج,1,13277
يَرْضَوْنَهُ,11637,No,1,22:59,الحج,1,16844
لَعَلِيمٌ,11638,No,1,22:59,الحج,1,13106
عَاقَبَ,11639,No,1,22:60,الحج,1,11438
عُوقِبَ,11640,No,1,22:60,الحج,1,11627
بُغِيَ,11641,No,1,22:60,الحج,1,8944
لَيَنْصُرَنَّهُ,11642,No,1,22:60,الحج,1,13272
لَعَفُوٌّ,11643,No,2,22:60,الحج,2,5674
يُولِجُ,11644,No,4,22:61,الحج,4,2813
وَيُولِجُ,11645,No,4,22:61,الحج,4,2753
فَتُصْبِحُ,11646,No,1,22:63,الحج,1,12125
مُخْضَرَّةً,11647,No,1,22:63,الحج,1,13955
الْحَمِيدُ,11648,No,6,22:64,الحج,6,1505
وَالْفُلْكَ,11649,No,1,22:65,الحج,1,15204
وَيُمْسِكُ,11650,No,1,22:65,الحج,1,16577
تَقَعَ,11651,No,1,22:65,الحج,1,9686
أَحْيَاكُمْ,11652,No,1,22:66,الحج,1,6948
لَكَفُورٌ,11653,No,2,22:66,الحج,2,5686
نَاسِكُوهُ,11654,No,1,22:67,الحج,1,14198
يُنَازِعُنَّكَ,11655,No,1,22:67,الحج,1,17526
وَادْعُ,11656,No,2,22:67,الحج,2,6107
لَعَلَى,11657,No,3,22:67,الحج,3,3497
جَادَلُوكَ,11658,No,1,22:68,الحج,1,10070
فَقُلِ,11659,No,2,22:68,الحج,2,5474
تَعْرِفُ,11660,No,2,22:72,الحج,2,4759
وُجُوهِ,11661,No,1,22:72,الحج,1,16593
الْمُنْكَرَ,11662,No,2,22:72,الحج,2,4481
يَسْطُونَ,11663,No,1,22:72,الحج,1,16920
أَفَأُنَبِّئُكُمْ,11664,No,1,22:72,الحج,1,7243
ضُرِبَ,11665,No,2,22:73,الحج,2,5214
مَثَلٌ,11666,No,1,22:73,الحج,1,13653
يَخْلُقُوا,11667,No,1,22:73,الحج,1,16797
ذُبَابًا,11668,No,1,22:73,الحج,1,10605
اجْتَمَعُوا,11669,No,1,22:73,الحج,1,7757
يَسْلُبْهُمُ,11670,No,1,22:73,الحج,1,16923
الذُّبَابُ,11671,No,1,22:73,الحج,1,7953
يَسْتَنْقِذُوهُ,11672,No,1,22:73,الحج,1,16906
ضَعُفَ,11673,No,1,22:73,الحج,1,11314
الطَّالِبُ,11674,No,1,22:73,الحج,1,8107
وَالْمَطْلُوبُ,11675,No,1,22:73,الحج,1,15225
يَصْطَفِي,11676,No,1,22:75,الحج,1,16954
ارْكَعُوا,11677,No,2,22:77,الحج,2,4227
وَاسْجُدُوا,11678,No,2,22:77,الحج,2,6113
وَافْعَلُوا,11679,No,1,22:77,الحج,1,14997
الْخَيْرَ,11680,No,1,22:77,الحج,1,8420
جِهَادِهِ,11681,No,1,22:78,الحج,1,10171
اجْتَبَاكُمْ,11682,No,1,22:78,الحج,1,7753
سَمَّاكُمُ,11683,No,1,22:78,الحج,1,10980
لِيَكُونَ,11684,No,3,22:78,الحج,3,3541
خَاشِعُونَ,11685,No,1,23:2,المؤمنون,1,10361
اللَّغْوِ,11686,No,1,23:3,المؤمنون,1,8133
لِلزَّكَاةِ,11687,No,1,23:4,المؤمنون,1,13449
فَاعِلُونَ,11688,No,1,23:4,المؤمنون,1,11970
لِفُرُوجِهِمْ,11689,No,2,23:5,المؤمنون,2,5733
حَافِظُونَ,11690,No,2,23:5,المؤمنون,2,4895
أَزْوَاجِهِمْ,11691,No,3,23:6,المؤمنون,3,2851
مَلُومِينَ,11692,No,2,23:6,المؤمنون,2,5837
ابْتَغَى,11693,No,2,23:7,المؤمنون,2,4208
الْعَادُونَ,11694,No,2,23:7,المؤمنون,2,4404
لِأَمَانَاتِهِمْ,11695,No,2,23:8,المؤمنون,2,5713
وَعَهْدِهِمْ,11696,No,2,23:8,المؤمنون,2,6304
رَاعُونَ,11697,No,2,23:8,المؤمنون,2,5013
صَلَوَاتِهِمْ,11698,No,1,23:9,المؤمنون,1,11261
الْفِرْدَوْسَ,11699,No,1,23:11,المؤمنون,1,8513
سُلَالَةٍ,11700,No,2,23:12,المؤمنون,2,5118
نُطْفَةً,11701,No,2,23:13,المؤمنون,2,6000
مَكِينٍ,11702,No,3,23:13,المؤمنون,3,3574
النُّطْفَةَ,11703,No,1,23:14,المؤمنون,1,8163
عَلَقَةً,11704,No,2,23:14,المؤمنون,2,5288
فَخَلَقْنَا,11705,No,2,23:14,المؤمنون,1,5433
الْعَلَقَةَ,11706,No,1,23:14,المؤمنون,1,8455
مُضْغَةً,11707,No,1,23:14,المؤمنون,1,14032
الْمُضْغَةَ,11708,No,1,23:14,المؤمنون,1,8685
فَكَسَوْنَا,11709,No,1,23:14,المؤمنون,1,12366
الْعِظَامَ,11710,No,2,23:14,المؤمنون,2,4417
أَنْشَأْنَاهُ,11711,No,1,23:14,المؤمنون,1,7443
فَتَبَارَكَ,11712,No,2,23:14,المؤمنون,2,5415
الْخَالِقِينَ,11713,No,2,23:14,المؤمنون,2,4389
لَمَيِّتُونَ,11714,No,1,23:15,المؤمنون,1,13181
تُبْعَثُونَ,11715,No,1,23:16,المؤمنون,1,9850
فَوْقَكُمْ,11716,No,2,23:17,المؤمنون,2,5513
طَرَائِقَ,11717,No,2,23:17,المؤمنون,2,5225
فَأَسْكَنَّاهُ,11718,No,1,23:18,المؤمنون,1,11789
ذَهَابٍ,11719,No,1,23:18,المؤمنون,1,10596
لَقَادِرُونَ,11720,No,3,23:18,المؤمنون,2,3504
فَأَنْشَأْنَا,11721,No,1,23:19,المؤمنون,1,11841
فَوَاكِهُ,11722,No,2,23:19,المؤمنون,2,5506
وَشَجَرَةً,11723,No,1,23:20,المؤمنون,1,15750
طُورِ,11724,No,1,23:20,المؤمنون,1,11379
سَيْنَاءَ,11725,No,1,23:20,المؤمنون,1,11045
تَنْبُتُ,11726,No,1,23:20,المؤمنون,1,9780
بِالدُّهْنِ,11727,No,1,23:20,المؤمنون,1,9003
وَصِبْغٍ,11728,No,1,23:20,المؤمنون,1,15783
لِلْآكِلِينَ,11729,No,1,23:20,المؤمنون,1,13464
تُحْمَلُونَ,11730,No,2,23:22,المؤمنون,2,4814
يَتَفَضَّلَ,11731,No,1,23:24,المؤمنون,1,16701
لَأَنْزَلَ,11732,No,2,23:24,المؤمنون,2,5646
مَلَائِكَةً,11733,No,4,23:24,المؤمنون,4,2605
آبَائِنَا,11734,No,2,23:24,المؤمنون,2,3960
جِنَّةٌ,11735,No,3,23:25,المؤمنون,2,3191
انْصُرْنِي,11736,No,3,23:26,المؤمنون,2,3043
كَذَّبُونِ,11737,No,3,23:26,المؤمنون,2,3471
فَأَوْحَيْنَا,11738,No,2,23:27,المؤمنون,2,5364
اصْنَعِ,11739,No,1,23:27,المؤمنون,1,7862
فَاسْلُكْ,11740,No,1,23:27,المؤمنون,1,11958
اسْتَوَيْتَ,11741,No,1,23:28,المؤمنون,1,7833
أَنْزِلْنِي,11742,No,1,23:29,المؤمنون,1,7437
مُنْزَلًا,11743,No,1,23:29,المؤمنون,1,14114
لَمُبْتَلِينَ,11744,No,1,23:30,المؤمنون,1,13182
أَنْشَأْنَا,11745,No,3,23:31,المؤمنون,2,2876
وَأَتْرَفْنَاهُمْ,11746,No,1,23:33,المؤمنون,1,14619
وَيَشْرَبُ,11747,No,1,23:33,المؤمنون,1,16449
تَشْرَبُونَ,11748,No,2,23:33,المؤمنون,2,4745
أَطَعْتُمْ,11749,No,1,23:34,المؤمنون,1,7184
مِثْلَكُمْ,11750,No,1,23:34,المؤمنون,1,14149
أَيَعِدُكُمْ,11751,No,1,23:35,المؤمنون,1,7527
مِتُّمْ,11752,No,1,23:35,المؤمنون,1,14146
وَعِظَامًا,11753,No,5,23:35,المؤمنون,3,2058
مُخْرَجُونَ,11754,No,1,23:35,المؤمنون,1,13953
هَيْهَاتَ,11755,No,2,23:36,المؤمنون,1,6024
نَمُوتُ,11756,No,2,23:37,المؤمنون,2,5990
وَنَحْيَا,11757,No,2,23:37,المؤمنون,2,6388
قَلِيلٍ,11758,No,2,23:40,المؤمنون,2,5563
لَيُصْبِحُنَّ,11759,No,1,23:40,المؤمنون,1,13281
فَجَعَلْنَاهُمْ,11760,No,3,23:41,المؤمنون,3,3405
غُثَاءً,11761,No,2,23:41,المؤمنون,2,5334
فَبُعْدًا,11762,No,2,23:41,المؤمنون,1,5413
قُرُونًا,11763,No,2,23:42,المؤمنون,2,5581
تَتْرَى,11764,No,1,23:44,المؤمنون,1,9380
رَسُولُهَا,11765,No,1,23:44,المؤمنون,1,10695
كَذَّبُوهُ,11766,No,1,23:44,المؤمنون,1,12840
فَأَتْبَعْنَا,11767,No,1,23:44,المؤمنون,1,11753
أَحَادِيثَ,11768,No,2,23:44,المؤمنون,2,4006
عَالِينَ,11769,No,1,23:46,المؤمنون,1,11445
لِبَشَرَيْنِ,11770,No,1,23:47,المؤمنون,1,13343
مِثْلِنَا,11771,No,1,23:47,المؤمنون,1,14155
وَقَوْمُهُمَا,11772,No,1,23:47,المؤمنون,1,15963
فَكَذَّبُوهُمَا,11773,No,2,23:48,المؤمنون,2,5480
الْمُهْلَكِينَ,11774,No,1,23:48,المؤمنون,1,8717
وَآوَيْنَاهُمَا,11775,No,1,23:50,المؤمنون,1,14598
رَبْوَةٍ,11776,No,1,23:50,المؤمنون,1,10661
وَمَعِينٍ,11777,No,1,23:50,المؤمنون,1,16201
وَاعْمَلُوا,11778,No,2,23:51,المؤمنون,2,6119
فَتَقَطَّعُوا,11779,No,1,23:53,المؤمنون,1,12096
زُبُرًا,11780,No,1,23:53,المؤمنون,1,10834
حِزْبٍ,11781,No,2,23:53,المؤمنون,2,4925
غَمْرَتِهِمْ,11782,No,1,23:54,المؤمنون,1,11693
أَيَحْسَبُونَ,11783,No,1,23:55,المؤمنون,1,7525
نُمِدُّهُمْ,11784,No,1,23:55,المؤمنون,1,14499
مَالٍ,11785,No,2,23:55,المؤمنون,2,5778
نُسَارِعُ,11786,No,1,23:56,المؤمنون,1,14450
آتَوْا,11787,No,1,23:60,المؤمنون,1,6707
وَقُلُوبُهُمْ,11788,No,3,23:60,المؤمنون,3,3793
وَجِلَةٌ,11789,No,1,23:60,المؤمنون,1,15514
سَابِقُونَ,11790,No,1,23:61,المؤمنون,1,10887
وَلَدَيْنَا,11791,No,2,23:62,المؤمنون,2,6345
يَنْطِقُ,11792,No,3,23:62,المؤمنون,3,3918
غَمْرَةٍ,11793,No,2,23:63,المؤمنون,2,5326
أَعْمَالٌ,11794,No,1,23:63,المؤمنون,1,7220
مُتْرَفِيهِمْ,11795,No,1,23:64,المؤمنون,1,13926
يَجْأَرُونَ,11796,No,1,23:64,المؤمنون,1,16742
تَجْأَرُوا,11797,No,1,23:65,المؤمنون,1,9388
فَكُنْتُمْ,11798,No,2,23:66,المؤمنون,1,5482
تَنْكِصُونَ,11799,No,1,23:66,المؤمنون,1,9803
مُسْتَكْبِرِينَ,11800,No,1,23:67,المؤمنون,1,14001
سَامِرًا,11801,No,1,23:67,المؤمنون,1,10901
تَهْجُرُونَ,11802,No,1,23:67,المؤمنون,1,9808
يَدَّبَّرُوا,11803,No,1,23:68,المؤمنون,1,16803
آبَاءَهُمُ,11804,No,1,23:68,المؤمنون,1,6697
يَعْرِفُوا,11805,No,1,23:69,المؤمنون,1,17003
رَسُولَهُمْ,11806,No,1,23:69,المؤمنون,1,10694
أَتَيْنَاهُمْ,11807,No,2,23:71,المؤمنون,1,3996
بِذِكْرِهِمْ,11808,No,1,23:71,المؤمنون,1,9130
ذِكْرِهِمْ,11809,No,1,23:71,المؤمنون,1,10622
فَخَرَاجُ,11810,No,1,23:72,المؤمنون,1,12161
لَتَدْعُوهُمْ,11811,No,1,23:73,المؤمنون,1,13016
لَنَاكِبُونَ,11812,No,1,23:74,المؤمنون,1,13197
رَحِمْنَاهُمْ,11813,No,1,23:75,المؤمنون,1,10674
وَكَشَفْنَا,11814,No,1,23:75,المؤمنون,1,15993
لَلَجُّوا,11815,No,1,23:75,المؤمنون,1,13156
ذَرَأَكُمْ,11816,No,2,23:79,المؤمنون,2,4994
اخْتِلَافُ,11817,No,1,23:80,المؤمنون,1,7773
مِتْنَا,11818,No,5,23:82,المؤمنون,4,2009
وُعِدْنَا,11819,No,2,23:83,المؤمنون,2,6445
وَآبَاؤُنَا,11820,No,3,23:83,المؤمنون,2,3657
السَّبْعِ,11821,No,1,23:86,المؤمنون,1,8013
وَرَبُّ,11822,No,5,23:86,المؤمنون,5,2051
مَلَكُوتُ,11823,No,2,23:88,المؤمنون,2,5835
يُجِيرُ,11824,No,2,23:88,المؤمنون,2,6621
يُجَارُ,11825,No,1,23:88,المؤمنون,1,17265
تُسْحَرُونَ,11826,No,1,23:89,المؤمنون,1,9914
وَلَعَلَا,11827,No,1,23:91,المؤمنون,1,16050
تُرِيَنِّي,11828,No,1,23:93,المؤمنون,1,9899
نُرِيَكَ,11829,No,1,23:95,المؤمنون,1,14446
ادْفَعْ,11830,No,2,23:96,المؤمنون,2,4222
هَمَزَاتِ,11831,No,1,23:97,المؤمنون,1,14561
وَأَعُوذُ,11832,No,1,23:98,المؤمنون,1,14724
يَحْضُرُونِ,11833,No,1,23:98,المؤمنون,1,16767
ارْجِعُونِ,11834,No,1,23:99,المؤمنون,1,7792
قَائِلُهَا,11835,No,1,23:100,المؤمنون,1,12595
وَرَائِهِمْ,11836,No,3,23:100,المؤمنون,3,3755
بَرْزَخٌ,11837,No,2,23:100,المؤمنون,2,4530
نُفِخَ,11838,No,3,23:101,المؤمنون,3,3644
أَنْسَابَ,11839,No,1,23:101,المؤمنون,1,7438
يَتَسَاءَلُونَ,11840,No,7,23:101,المؤمنون,6,1433
تَلْفَحُ,11841,No,1,23:104,المؤمنون,1,9739
كَالِحُونَ,11842,No,1,23:104,المؤمنون,1,12800
تُكَذِّبُونَ,11843,No,9,23:105,المؤمنون,9,1032
شِقْوَتُنَا,11844,No,1,23:106,المؤمنون,1,11187
ضَالِّينَ,11845,No,2,23:106,المؤمنون,2,5202
اخْسَئُوا,11846,No,1,23:108,المؤمنون,1,7777
تُكَلِّمُونِ,11847,No,1,23:108,المؤمنون,1,9976
فَاتَّخَذْتُمُوهُمْ,11848,No,1,23:110,المؤمنون,1,11887
سِخْرِيًّا,11849,No,2,23:110,المؤمنون,2,5124
أَنْسَوْكُمْ,11850,No,1,23:110,المؤمنون,1,7440
تَضْحَكُونَ,11851,No,1,23:110,المؤمنون,1,9607
جَزَيْتُهُمُ,11852,No,1,23:111,المؤمنون,1,10093
الْعَادِّينَ,11853,No,1,23:113,المؤمنون,1,8437
أَفَحَسِبْتُمْ,11854,No,1,23:115,المؤمنون,1,7257
عَبَثًا,11855,No,1,23:115,المؤمنون,1,11454
وَأَنَّكُمْ,11856,No,1,23:115,المؤمنون,1,14783
الْكَرِيمِ,11857,No,2,23:116,المؤمنون,2,4446
يَدْعُ,11858,No,2,23:117,المؤمنون,2,6499
حِسَابُهُ,11859,No,1,23:117,المؤمنون,1,10335
وَارْحَمْ,11860,No,1,23:118,المؤمنون,1,14933
أَنْزَلْنَاهَا,11861,No,1,24:1,النور,1,7435
وَفَرَضْنَاهَا,11862,No,1,24:1,النور,1,15901
الزَّانِيَةُ,11863,No,1,24:2,النور,1,7990
وَالزَّانِي,11864,No,1,24:2,النور,1,15025
فَاجْلِدُوا,11865,No,1,24:2,النور,1,11897
جَلْدَةٍ,11866,No,1,24:2,النور,1,10102
تَأْخُذْكُمْ,11867,No,1,24:2,النور,1,9308
رَأْفَةٌ,11868,No,1,24:2,النور,1,10635
وَلْيَشْهَدْ,11869,No,1,24:2,النور,1,16170
عَذَابَهُمَا,11870,No,1,24:2,النور,1,11480
الزَّانِي,11871,No,1,24:3,النور,1,7989
يَنْكِحُ,11872,No,1,24:3,النور,1,17185
زَانِيَةً,11873,No,1,24:3,النور,1,10798
مُشْرِكَةً,11874,No,1,24:3,النور,1,14020
وَالزَّانِيَةُ,11875,No,1,24:3,النور,1,15026
يَنْكِحُهَا,11876,No,1,24:3,النور,1,17186
زَانٍ,11877,No,1,24:3,النور,1,10797
مُشْرِكٌ,11878,No,1,24:3,النور,1,14018
يَرْمُونَ,11879,No,3,24:4,النور,1,3880
بِأَرْبَعَةِ,11880,No,2,24:4,النور,1,4579
فَاجْلِدُوهُمْ,11881,No,1,24:4,النور,1,11898
ثَمَانِينَ,11882,No,1,24:4,النور,1,10041
جَلْدَةً,11883,No,1,24:4,النور,1,10101
تَقْبَلُوا,11884,No,1,24:4,النور,1,9698
أَزْوَاجَهُمْ,11885,No,1,24:6,النور,1,7073
فَشَهَادَةُ,11886,No,1,24:6,النور,1,12251
أَرْبَعُ,11887,No,1,24:6,النور,1,7040
شَهَادَاتٍ,11888,No,2,24:6,النور,1,5151
وَالْخَامِسَةُ,11889,No,1,24:7,النور,1,15171
وَيَدْرَأُ,11890,No,1,24:8,النور,1,16413
تَشْهَدَ,11891,No,1,24:8,النور,1,9583
أَرْبَعَ,11892,No,1,24:8,النور,1,7038
وَالْخَامِسَةَ,11893,No,1,24:9,النور,1,15170
غَضَبَ,11894,No,1,24:9,النور,1,11680
تَوَّابٌ,11895,No,2,24:10,النور,2,4799
بِالْإِفْكِ,11896,No,1,24:11,النور,1,9035
تَحْسَبُوهُ,11897,No,1,24:11,النور,1,9419
شَرًّا,11898,No,2,24:11,النور,2,5136
امْرِئٍ,11899,No,5,24:11,النور,5,1820
اكْتَسَبَ,11900,No,1,24:11,النور,1,7902
كِبْرَهُ,11901,No,1,24:11,النور,1,12924
سَمِعْتُمُوهُ,11902,No,2,24:12,النور,1,5096
إِفْكٌ,11903,No,4,24:12,النور,4,2210
فَإِذْ,11904,No,2,24:13,النور,2,5368
بِالشُّهَدَاءِ,11905,No,1,24:13,النور,1,9018
تَلَقَّوْنَهُ,11906,No,1,24:15,النور,1,9732
بِأَلْسِنَتِكُمْ,11907,No,1,24:15,النور,1,8974
وَتَقُولُونَ,11908,No,1,24:15,النور,1,15419
بِأَفْوَاهِكُمْ,11909,No,2,24:15,النور,2,4582
وَتَحْسَبُونَهُ,11910,No,1,24:15,النور,1,15362
هَيِّنًا,11911,No,1,24:15,النور,1,14567
نَتَكَلَّمَ,11912,No,1,24:16,النور,1,14243
بُهْتَانٌ,11913,No,1,24:16,النور,1,8948
يَعِظُكُمُ,11914,No,1,24:17,النور,1,16993
لِمِثْلِهِ,11915,No,1,24:17,النور,1,13504
تَشِيعَ,11916,No,1,24:19,النور,1,9578
الْفَاحِشَةُ,11917,No,1,24:19,النور,1,8491
يَتَّبِعْ,11918,No,1,24:21,النور,1,16724
زَكَى,11919,No,1,24:21,النور,1,10810
يَأْتَلِ,11920,No,1,24:22,النور,1,16610
وَالسَّعَةِ,11921,No,1,24:22,النور,1,15035
يُؤْتُوا,11922,No,1,24:22,النور,1,17217
وَلْيَعْفُوا,11923,No,1,24:22,النور,1,16174
وَلْيَصْفَحُوا,11924,No,1,24:22,النور,1,16171
الْغَافِلَاتِ,11925,No,1,24:23,النور,1,8477
لُعِنُوا,11926,No,1,24:23,النور,1,13303
تَشْهَدُ,11927,No,1,24:24,النور,1,9584
أَلْسِنَتُهُمْ,11928,No,1,24:24,النور,1,7344
وَأَيْدِيهِمْ,11929,No,1,24:24,النور,1,14817
يُوَفِّيهِمُ,11930,No,1,24:25,النور,1,17573
دِينَهُمُ,11931,No,2,24:25,النور,1,4989
وَيَعْلَمُونَ,11932,No,2,24:25,النور,2,6423
الْخَبِيثَاتُ,11933,No,1,24:26,النور,1,8411
لِلْخَبِيثِينَ,11934,No,1,24:26,النور,1,13475
وَالْخَبِيثُونَ,11935,No,1,24:26,النور,1,15172
لِلْخَبِيثَاتِ,11936,No,1,24:26,النور,1,13474
وَالطَّيِّبَاتُ,11937,No,1,24:26,النور,1,15066
لِلطَّيِّبِينَ,11938,No,1,24:26,النور,1,13461
وَالطَّيِّبُونَ,11939,No,1,24:26,النور,1,15069
لِلطَّيِّبَاتِ,11940,No,1,24:26,النور,1,13460
مُبَرَّءُونَ,11941,No,1,24:26,النور,1,13893
تَسْتَأْنِسُوا,11942,No,1,24:27,النور,1,9543
وَتُسَلِّمُوا,11943,No,1,24:27,النور,1,15454
تَدْخُلُوهَا,11944,No,1,24:28,النور,1,9464
يُؤْذَنَ,11945,No,2,24:28,النور,2,6608
فَارْجِعُوا,11946,No,2,24:28,النور,2,5384
مَسْكُونَةٍ,11947,No,1,24:29,النور,1,13726
يَغُضُّوا,11948,No,1,24:30,النور,1,17022
وَيَحْفَظُوا,11949,No,1,24:30,النور,1,16403
فُرُوجَهُمْ,11950,No,2,24:30,النور,2,5528
لِلْمُؤْمِنَاتِ,11951,No,1,24:31,النور,1,13487
يَغْضُضْنَ,11952,No,1,24:31,النور,1,17032
أَبْصَارِهِنَّ,11953,No,1,24:31,النور,1,6804
وَيَحْفَظْنَ,11954,No,1,24:31,النور,1,16404
فُرُوجَهُنَّ,11955,No,1,24:31,النور,1,12566
يُبْدِينَ,11956,No,2,24:31,النور,1,6615
زِينَتَهُنَّ,11957,No,2,24:31,النور,1,5070
وَلْيَضْرِبْنَ,11958,No,1,24:31,النور,1,16172
بِخُمُرِهِنَّ,11959,No,1,24:31,النور,1,9117
جُيُوبِهِنَّ,11960,No,1,24:31,النور,1,10157
لِبُعُولَتِهِنَّ,11961,No,1,24:31,النور,1,13347
آبَائِهِنَّ,11962,No,2,24:31,النور,2,3961
آبَاءِ,11963,No,1,24:31,النور,1,6698
بُعُولَتِهِنَّ,11964,No,2,24:31,النور,1,4571
أَبْنَائِهِنَّ,11965,No,2,24:31,النور,2,3990
أَبْنَاءِ,11966,No,3,24:31,النور,2,2830
إِخْوَانِهِنَّ,11967,No,4,24:31,النور,2,2209
أَخَوَاتِهِنَّ,11968,No,2,24:31,النور,2,4023
نِسَائِهِنَّ,11969,No,2,24:31,النور,2,6011
أَيْمَانُهُنَّ,11970,No,2,24:31,النور,2,4167
التَّابِعِينَ,11971,No,1,24:31,النور,1,7910
الْإِرْبَةِ,11972,No,1,24:31,النور,1,8281
الطِّفْلِ,11973,No,1,24:31,النور,1,8116
عَوْرَاتِ,11974,No,1,24:31,النور,1,11587
يَضْرِبْنَ,11975,No,1,24:31,النور,1,16970
بِأَرْجُلِهِنَّ,11976,No,1,24:31,النور,1,8967
لِيُعْلَمَ,11977,No,1,24:31,النور,1,13599
يُخْفِينَ,11978,No,1,24:31,النور,1,17325
زِينَتِهِنَّ,11979,No,1,24:31,النور,1,10855
وَتُوبُوا,11980,No,1,24:31,النور,1,15461
أَيُّهَ,11981,No,3,24:31,النور,3,2892
وَأَنْكِحُوا,11982,No,1,24:32,النور,1,14795
الْأَيَامَى,11983,No,1,24:32,النور,1,8265
عِبَادِكُمْ,11984,No,1,24:32,النور,1,11634
وَإِمَائِكُمْ,11985,No,1,24:32,النور,1,14875
فُقَرَاءَ,11986,No,1,24:32,النور,1,12575
يُغْنِهِمُ,11987,No,1,24:32,النور,1,17476
وَلْيَسْتَعْفِفِ,11988,No,1,24:33,النور,1,16169
نِكَاحًا,11989,No,2,24:33,النور,1,6015
يُغْنِيَهُمُ,11990,No,1,24:33,النور,1,17480
فَكَاتِبُوهُمْ,11991,No,1,24:33,النور,1,12358
وَآتُوهُمْ,11992,No,2,24:33,النور,2,6030
تُكْرِهُوا,11993,No,1,24:33,النور,1,9979
فَتَيَاتِكُمْ,11994,No,1,24:33,النور,1,12118
الْبِغَاءِ,11995,No,1,24:33,النور,1,8321
أَرَدْنَ,11996,No,1,24:33,النور,1,7030
تَحَصُّنًا,11997,No,1,24:33,النور,1,9399
يُكْرِهْهُنَّ,11998,No,1,24:33,النور,1,17507
إِكْرَاهِهِنَّ,11999,No,1,24:33,النور,1,7679
مُبَيِّنَاتٍ,12000,No,3,24:34,النور,2,3584
وَمَثَلًا,12001,No,2,24:34,النور,2,6374
نُورُ,12002,No,1,24:35,النور,1,14515
نُورِهِ,12003,No,2,24:35,النور,2,6009
كَمِشْكَاةٍ,12004,No,1,24:35,النور,1,12883
مِصْبَاحٌ,12005,No,1,24:35,النور,1,14166
الْمِصْبَاحُ,12006,No,1,24:35,النور,1,8723
زُجَاجَةٍ,12007,No,1,24:35,النور,1,10836
الزُّجَاجَةُ,12008,No,1,24:35,النور,1,7996
كَأَنَّهَا,12009,No,3,24:35,النور,3,3459
كَوْكَبٌ,12010,No,1,24:35,النور,1,12888
دُرِّيٌّ,12011,No,1,24:35,النور,1,10544
يُوقَدُ,12012,No,1,24:35,النور,1,17564
شَجَرَةٍ,12013,No,2,24:35,النور,2,5135
مُبَارَكَةٍ,12014,No,2,24:35,النور,2,5862
زَيْتُونَةٍ,12015,No,1,24:35,النور,1,10830
شَرْقِيَّةٍ,12016,No,1,24:35,النور,1,11128
غَرْبِيَّةٍ,12017,No,1,24:35,النور,1,11673
زَيْتُهَا,12018,No,1,24:35,النور,1,10829
يُضِيءُ,12019,No,1,24:35,النور,1,17426
تَمْسَسْهُ,12020,No,1,24:35,النور,1,9761
نُورٍ,12021,No,3,24:35,النور,2,3647
لِنُورِهِ,12022,No,1,24:35,النور,1,13522
بُيُوتٍ,12023,No,1,24:36,النور,1,8950
تُرْفَعَ,12024,No,1,24:36,النور,1,9902
وَيُذْكَرَ,12025,No,1,24:36,النور,1,16537
تُلْهِيهِمْ,12026,No,1,24:37,النور,1,9984
تِجَارَةٌ,12027,No,1,24:37,النور,1,10015
وَإِقَامِ,12028,No,1,24:37,النور,1,14869
تَتَقَلَّبُ,12029,No,1,24:37,النور,1,9365
وَالْأَبْصَارُ,12030,No,1,24:37,النور,1,15107
وَيَزِيدَهُمْ,12031,No,2,24:38,النور,2,6416
كَسَرَابٍ,12032,No,1,24:39,النور,1,12854
بِقِيعَةٍ,12033,No,1,24:39,النور,1,9223
يَحْسَبُهُ,12034,No,1,24:39,النور,1,16764
الظَّمْآنُ,12035,No,1,24:39,النور,1,8120
يَجِدْهُ,12036,No,1,24:39,النور,1,16741
فَوَفَّاهُ,12037,No,1,24:39,النور,1,12489
حِسَابَهُ,12038,No,1,24:39,النور,1,10333
كَظُلُمَاتٍ,12039,No,1,24:40,النور,1,12861
بَحْرٍ,12040,No,1,24:40,النور,1,8833
لُجِّيٍّ,12041,No,1,24:40,النور,1,13299
يَغْشَاهُ,12042,No,1,24:40,النور,1,17030
مَوْجٌ,12043,No,3,24:40,النور,2,3582
فَوْقِهِ,12044,No,2,24:40,النور,1,5517
سَحَابٌ,12045,No,2,24:40,النور,2,5083
يَكَدْ,12046,No,1,24:40,النور,1,17084
يَرَاهَا,12047,No,1,24:40,النور,1,16825
يَجْعَلِ,12048,No,1,24:40,النور,1,16745
وَالطَّيْرُ,12049,No,1,24:41,النور,1,15070
صَافَّاتٍ,12050,No,2,24:41,النور,2,5176
صَلَاتَهُ,12051,No,1,24:41,النور,1,11256
وَتَسْبِيحَهُ,12052,No,1,24:41,النور,1,15386
يُؤَلِّفُ,12053,No,1,24:43,النور,1,17214
بَيْنَهُ,12054,No,2,24:43,النور,2,4564
يَجْعَلُهُ,12055,No,2,24:43,النور,2,6484
رُكَامًا,12056,No,1,24:43,النور,1,10749
الْوَدْقَ,12057,No,2,24:43,النور,2,4494
خِلَالِهِ,12058,No,2,24:43,النور,2,4970
جِبَالٍ,12059,No,1,24:43,النور,1,10162
بَرَدٍ,12060,No,1,24:43,النور,1,8849
وَيَصْرِفُهُ,12061,No,1,24:43,النور,1,16453
سَنَا,12062,No,1,24:43,النور,1,10995
بَرْقِهِ,12063,No,1,24:43,النور,1,8856
يَذْهَبُ,12064,No,1,24:43,النور,1,16823
بِالْأَبْصَارِ,12065,No,1,24:43,النور,1,9026
بَطْنِهِ,12066,No,2,24:45,النور,2,4536
رِجْلَيْنِ,12067,No,1,24:45,النور,1,10764
أَرْبَعٍ,12068,No,1,24:45,النور,1,7037
وَبِالرَّسُولِ,12069,No,1,24:47,النور,1,15319
مُذْعِنِينَ,12070,No,1,24:49,النور,1,13967
ارْتَابُوا,12071,No,1,24:50,النور,1,7790
يَحِيفَ,12072,No,1,24:50,النور,1,16755
وَيَخْشَ,12073,No,1,24:52,النور,1,16408
وَيَتَّقْهِ,12074,No,1,24:52,النور,1,16394
أَمَرْتَهُمْ,12075,No,1,24:53,النور,1,7373
لَيَخْرُجُنَّ,12076,No,1,24:53,النور,1,13258
تُقْسِمُوا,12077,No,1,24:53,النور,1,9971
مَعْرُوفَةٌ,12078,No,1,24:53,النور,1,13761
حُمِّلَ,12079,No,1,24:54,النور,1,10314
وَعَلَيْكُمْ,12080,No,1,24:54,النور,1,15853
حُمِّلْتُمْ,12081,No,1,24:54,النور,1,10316
تُطِيعُوهُ,12082,No,1,24:54,النور,1,9940
لَيَسْتَخْلِفَنَّهُمْ,12083,No,1,24:55,النور,1,13260
اسْتَخْلَفَ,12084,No,1,24:55,النور,1,7809
وَلَيُمَكِّنَنَّ,12085,No,1,24:55,النور,1,16085
وَلَيُبَدِّلَنَّهُمْ,12086,No,1,24:55,النور,1,16082
خَوْفِهِمْ,12087,No,1,24:55,النور,1,10446
أَمْنًا,12088,No,1,24:55,النور,1,7399
يَعْبُدُونَنِي,12089,No,1,24:55,النور,1,16996
لِيَسْتَأْذِنْكُمُ,12090,No,1,24:58,النور,1,13552
يَبْلُغُوا,12091,No,1,24:58,النور,1,16675
الْحُلُمَ,12092,No,2,24:58,النور,1,4385
مَرَّاتٍ,12093,No,1,24:58,النور,1,13691
صَلَاةِ,12094,No,2,24:58,النور,1,5194
تَضَعُونَ,12095,No,1,24:58,النور,1,9603
ثِيَابَكُمْ,12096,No,1,24:58,النور,1,10058
الظَّهِيرَةِ,12097,No,1,24:58,النور,1,8121
الْعِشَاءِ,12098,No,1,24:58,النور,1,8469
ثَلَاثُ,12099,No,1,24:58,النور,1,10037
عَوْرَاتٍ,12100,No,1,24:58,النور,1,11586
بَعْدَهُنَّ,12101,No,1,24:58,النور,1,8882
طَوَّافُونَ,12102,No,1,24:58,النور,1,11370
الْأَطْفَالُ,12103,No,1,24:59,النور,1,8220
فَلْيَسْتَأْذِنُوا,12104,No,1,24:59,النور,1,12421
اسْتَأْذَنَ,12105,No,1,24:59,النور,1,7801
وَالْقَوَاعِدُ,12106,No,1,24:60,النور,1,15215
يَضَعْنَ,12107,No,3,24:60,النور,2,3889
ثِيَابَهُنَّ,12108,No,1,24:60,النور,1,10059
مُتَبَرِّجَاتٍ,12109,No,1,24:60,النور,1,13902
بِزِينَةٍ,12110,No,2,24:60,النور,2,4646
يَسْتَعْفِفْنَ,12111,No,1,24:60,النور,1,16893
الْأَعْرَجِ,12112,No,2,24:61,النور,2,4335
الْمَرِيضِ,12113,No,2,24:61,النور,2,4453
بُيُوتِ,12114,No,8,24:61,النور,1,1152
آبَائِكُمْ,12115,No,1,24:61,النور,1,6700
إِخْوَانِكُمْ,12116,No,1,24:61,النور,1,7648
أَخَوَاتِكُمْ,12117,No,1,24:61,النور,1,6958
أَعْمَامِكُمْ,12118,No,1,24:61,النور,1,7223
عَمَّاتِكُمْ,12119,No,1,24:61,النور,1,11568
أَخْوَالِكُمْ,12120,No,1,24:61,النور,1,6994
خَالَاتِكُمْ,12121,No,1,24:61,النور,1,10372
مَلَكْتُمْ,12122,No,1,24:61,النور,1,13813
مَفَاتِحَهُ,12123,No,2,24:61,النور,2,5822
صَدِيقِكُمْ,12124,No,1,24:61,النور,1,11231
أَشْتَاتًا,12125,No,2,24:61,النور,2,4062
فَسَلِّمُوا,12126,No,1,24:61,النور,1,12235
تَحِيَّةً,12127,No,2,24:61,النور,2,4707
مُبَارَكَةً,12128,No,1,24:61,النور,1,13892
جَامِعٍ,12129,No,1,24:62,النور,1,10081
يَذْهَبُوا,12130,No,2,24:62,النور,2,6502
يَسْتَأْذِنُوهُ,12131,No,1,24:62,النور,1,16880
اسْتَأْذَنُوكَ,12132,No,1,24:62,النور,1,7803
لِبَعْضِ,12133,No,1,24:62,النور,1,13344
شَأْنِهِمْ,12134,No,1,24:62,النور,1,11095
فَأْذَنْ,12135,No,1,24:62,النور,1,11868
دُعَاءَ,12136,No,1,24:63,النور,1,10547
كَدُعَاءِ,12137,No,1,24:63,النور,1,12836
بَعْضِكُمْ,12138,No,2,24:63,النور,2,4543
يَتَسَلَّلُونَ,12139,No,1,24:63,النور,1,16692
لِوَاذًا,12140,No,1,24:63,النور,1,13524
فَلْيَحْذَرِ,12141,No,1,24:63,النور,1,12417
يُخَالِفُونَ,12142,No,1,24:63,النور,1,17306
تُصِيبَهُمْ,12143,No,2,24:63,النور,2,4825
نَذِيرًا,12144,No,4,25:1,الفرقان,2,2632
فَقَدَّرَهُ,12145,No,2,25:2,الفرقان,2,5472
تَقْدِيرًا,12146,No,2,25:2,الفرقان,2,4774
مَوْتًا,12147,No,1,25:3,الفرقان,1,13857
نُشُورًا,12148,No,3,25:3,الفرقان,1,3640
وَأَعَانَهُ,12149,No,1,25:4,الفرقان,1,14722
آخَرُونَ,12150,No,1,25:4,الفرقان,1,6725
وَزُورًا,12151,No,2,25:4,الفرقان,2,6266
اكْتَتَبَهَا,12152,No,1,25:5,الفرقان,1,7901
تُمْلَى,12153,No,1,25:5,الفرقان,1,9990
وَأَصِيلًا,12154,No,4,25:5,الفرقان,4,2669
وَيَمْشِي,12155,No,1,25:7,الفرقان,1,16481
الْأَسْوَاقِ,12156,No,2,25:7,الفرقان,1,4329
فَيَكُونَ,12157,No,1,25:7,الفرقان,1,12526
يُلْقَى,12158,No,3,25:8,الفرقان,3,3954
وَيَجْعَلْ,12159,No,4,25:10,الفرقان,3,2747
بِالسَّاعَةِ,12160,No,2,25:11,الفرقان,1,4595
رَأَتْهُمْ,12161,No,1,25:12,الفرقان,1,10625
تَغَيُّظًا,12162,No,1,25:12,الفرقان,1,9652
وَزَفِيرًا,12163,No,1,25:12,الفرقان,1,15684
أُلْقُوا,12164,No,2,25:13,الفرقان,2,4178
ثُبُورًا,12165,No,4,25:13,الفرقان,2,2384
أَذَلِكَ,12166,No,2,25:15,الفرقان,2,4030
جَنَّةُ,12167,No,2,25:15,الفرقان,2,4877
وَمَصِيرًا,12168,No,1,25:15,الفرقان,1,16198
أَضْلَلْتُمْ,12169,No,1,25:17,الفرقان,1,7179
مَتَّعْتَهُمْ,12170,No,1,25:18,الفرقان,1,13646
بُورًا,12171,No,2,25:18,الفرقان,2,4575
كَذَّبُوكُمْ,12172,No,1,25:19,الفرقان,1,12839
تَسْتَطِيعُونَ,12173,No,1,25:19,الفرقان,1,9549
صَرْفًا,12174,No,1,25:19,الفرقان,1,11244
وَيَمْشُونَ,12175,No,1,25:20,الفرقان,1,16480
أَتَصْبِرُونَ,12176,No,1,25:20,الفرقان,1,6839
عُتُوًّا,12177,No,1,25:21,الفرقان,1,11596
لِلْمُجْرِمِينَ,12178,No,2,25:22,الفرقان,2,5751
حِجْرًا,12179,No,1,25:22,الفرقان,1,10327
مَحْجُورًا,12180,No,2,25:22,الفرقان,1,5789
وَقَدِمْنَا,12181,No,1,25:23,الفرقان,1,15937
فَجَعَلْنَاهُ,12182,No,3,25:23,الفرقان,3,3404
هَبَاءً,12183,No,2,25:23,الفرقان,2,6017
مَنْثُورًا,12184,No,2,25:23,الفرقان,2,5843
مُسْتَقَرًّا,12185,No,3,25:24,الفرقان,1,3594
مَقِيلًا,12186,No,1,25:24,الفرقان,1,13782
تَشَقَّقُ,12187,No,2,25:25,الفرقان,2,4744
السَّمَاءُ,12188,No,15,25:25,الفرقان,14,603
بِالْغَمَامِ,12189,No,1,25:25,الفرقان,1,9057
وَنُزِّلَ,12190,No,1,25:25,الفرقان,1,16309
عَسِيرًا,12191,No,1,25:26,الفرقان,1,11508
يَعَضُّ,12192,No,1,25:27,الفرقان,1,16987
الظَّالِمُ,12193,No,1,25:27,الفرقان,1,8117
اتَّخَذْتُ,12194,No,1,25:27,الفرقان,1,7740
أَتَّخِذْ,12195,No,1,25:28,الفرقان,1,6859
فُلَانًا,12196,No,1,25:28,الفرقان,1,12576
أَضَلَّنِي,12197,No,1,25:29,الفرقان,1,7170
خَذُولًا,12198,No,1,25:29,الفرقان,1,10389
مَهْجُورًا,12199,No,1,25:30,الفرقان,1,13846
هَادِيًا,12200,No,1,25:31,الفرقان,1,14540
وَنَصِيرًا,12201,No,1,25:31,الفرقان,1,16278
جُمْلَةً,12202,No,1,25:32,الفرقان,1,10143
لِنُثَبِّتَ,12203,No,1,25:32,الفرقان,1,13513
وَرَتَّلْنَاهُ,12204,No,1,25:32,الفرقان,1,15640
تَرْتِيلًا,12205,No,2,25:32,الفرقان,2,4730
يَأْتُونَكَ,12206,No,1,25:33,الفرقان,1,16613
بِمَثَلٍ,12207,No,1,25:33,الفرقان,1,9242
وَأَحْسَنَ,12208,No,1,25:33,الفرقان,1,14635
تَفْسِيرًا,12209,No,1,25:33,الفرقان,1,9675
فَدَمَّرْنَاهُمْ,12210,No,1,25:36,الفرقان,1,12173
وَقَوْمَ,12211,No,3,25:37,الفرقان,3,3792
أَغْرَقْنَاهُمْ,12212,No,1,25:37,الفرقان,1,7232
وَعَادًا,12213,No,2,25:38,الفرقان,2,6294
وَأَصْحَابَ,12214,No,2,25:38,الفرقان,2,6052
الرَّسِّ,12215,No,2,25:38,الفرقان,2,4265
وَقُرُونًا,12216,No,1,25:38,الفرقان,1,15969
ضَرَبْنَا,12217,No,3,25:39,الفرقان,3,3308
تَبَّرْنَا,12218,No,1,25:39,الفرقان,1,9338
أُمْطِرَتْ,12219,No,1,25:40,الفرقان,1,7621
مَطَرَ,12220,No,1,25:40,الفرقان,1,13744
يَرَوْنَهَا,12221,No,2,25:40,الفرقان,2,6505
رَأَوْكَ,12222,No,1,25:41,الفرقان,1,10626
لَيُضِلُّنَا,12223,No,1,25:42,الفرقان,1,13282
إِلَهَهُ,12224,No,2,25:43,الفرقان,2,4198
تَحْسَبُ,12225,No,1,25:44,الفرقان,1,9416
الظِّلَّ,12226,No,1,25:45,الفرقان,1,8124
لَجَعَلَهُ,12227,No,1,25:45,الفرقان,1,13043
سَاكِنًا,12228,No,1,25:45,الفرقان,1,10898
دَلِيلًا,12229,No,1,25:45,الفرقان,1,10533
قَبَضْنَاهُ,12230,No,1,25:46,الفرقان,1,12624
قَبْضًا,12231,No,1,25:46,الفرقان,1,12627
وَالنَّوْمَ,12232,No,1,25:47,الفرقان,1,15093
سُبَاتًا,12233,No,2,25:47,الفرقان,2,5114
طَهُورًا,12234,No,2,25:48,الفرقان,2,5232
لِنُحْيِيَ,12235,No,1,25:49,الفرقان,1,13514
بَلْدَةً,12236,No,3,25:49,الفرقان,3,3056
وَنُسْقِيَهُ,12237,No,1,25:49,الفرقان,1,16311
أَنْعَامًا,12238,No,2,25:49,الفرقان,2,4144
وَأَنَاسِيَّ,12239,No,1,25:49,الفرقان,1,14781
صَرَّفْنَاهُ,12240,No,1,25:50,الفرقان,1,11239
لَبَعَثْنَا,12241,No,1,25:51,الفرقان,1,12999
تُطِعِ,12242,No,4,25:52,الفرقان,3,2374
وَجَاهِدْهُمْ,12243,No,1,25:52,الفرقان,1,15484
جِهَادًا,12244,No,2,25:52,الفرقان,2,4893
مَرَجَ,12245,No,2,25:53,الفرقان,2,5795
عَذْبٌ,12246,No,2,25:53,الفرقان,2,5281
فُرَاتٌ,12247,No,2,25:53,الفرقان,2,5527
مِلْحٌ,12248,No,2,25:53,الفرقان,2,5930
أُجَاجٌ,12249,No,2,25:53,الفرقان,2,4169
بَرْزَخًا,12250,No,1,25:53,الفرقان,1,8855
وَحِجْرًا,12251,No,1,25:53,الفرقان,1,15562
فَجَعَلَهُ,12252,No,3,25:54,الفرقان,3,3403
نَسَبًا,12253,No,2,25:54,الفرقان,2,5967
وَصِهْرًا,12254,No,1,25:54,الفرقان,1,15784
الْكَافِرُ,12255,No,2,25:55,الفرقان,2,4445
أَنَسْجُدُ,12256,No,1,25:60,الفرقان,1,7408
تَأْمُرُنَا,12257,No,1,25:60,الفرقان,1,9314
وَزَادَهُمْ,12258,No,1,25:60,الفرقان,1,15680
سِرَاجًا,12259,No,3,25:61,الفرقان,3,3287
وَقَمَرًا,12260,No,1,25:61,الفرقان,1,15955
مُنِيرًا,12261,No,2,25:61,الفرقان,2,5913
خِلْفَةً,12262,No,1,25:62,الفرقان,1,10483
يَذَّكَّرَ,12263,No,1,25:62,الفرقان,1,16819
شُكُورًا,12264,No,2,25:62,الفرقان,2,5164
وَعِبَادُ,12265,No,1,25:63,الفرقان,1,15871
هَوْنًا,12266,No,1,25:63,الفرقان,1,14566
خَاطَبَهُمُ,12267,No,1,25:63,الفرقان,1,10365
الْجَاهِلُونَ,12268,No,2,25:63,الفرقان,2,4374
يَبِيتُونَ,12269,No,1,25:64,الفرقان,1,16659
وَقِيَامًا,12270,No,1,25:64,الفرقان,1,15983
اصْرِفْ,12271,No,1,25:65,الفرقان,1,7856
عَذَابَهَا,12272,No,1,25:65,الفرقان,1,11479
غَرَامًا,12273,No,1,25:65,الفرقان,1,11669
سَاءَتْ,12274,No,1,25:66,الفرقان,1,10876
وَمُقَامًا,12275,No,2,25:66,الفرقان,1,6380
يُسْرِفُوا,12276,No,1,25:67,الفرقان,1,17369
يَقْتُرُوا,12277,No,1,25:67,الفرقان,1,17066
قَوَامًا,12278,No,1,25:67,الفرقان,1,12698
يَزْنُونَ,12279,No,1,25:68,الفرقان,1,16865
يَلْقَ,12280,No,1,25:68,الفرقان,1,17124
أَثَامًا,12281,No,1,25:68,الفرقان,1,6880
يُضَاعَفْ,12282,No,2,25:69,الفرقان,2,6651
وَيَخْلُدْ,12283,No,1,25:69,الفرقان,1,16411
مُهَانًا,12284,No,1,25:69,الفرقان,1,14131
يُبَدِّلُ,12285,No,1,25:70,الفرقان,1,17232
حَسَنَاتٍ,12286,No,1,25:70,الفرقان,1,10229
مَتَابًا,12287,No,1,25:71,الفرقان,1,13640
الزُّورَ,12288,No,1,25:72,الفرقان,1,7998
مَرُّوا,12289,No,3,25:72,الفرقان,2,3555
كِرَامًا,12290,No,2,25:72,الفرقان,2,5639
يَخِرُّوا,12291,No,1,25:73,الفرقان,1,16779
صُمًّا,12292,No,1,25:73,الفرقان,1,11284
وَعُمْيَانًا,12293,No,1,25:73,الفرقان,1,15870
وَذُرِّيَّاتِنَا,12294,No,1,25:74,الفرقان,1,15610
قُرَّةَ,12295,No,1,25:74,الفرقان,1,12720
أَعْيُنٍ,12296,No,2,25:74,الفرقان,2,4085
الْغُرْفَةَ,12297,No,1,25:75,الفرقان,1,8488
وَيُلَقَّوْنَ,12298,No,1,25:75,الفرقان,1,16572
حَسُنَتْ,12299,No,1,25:76,الفرقان,1,10231
يَعْبَأُ,12300,No,1,25:77,الفرقان,1,16995
دُعَاؤُكُمْ,12301,No,1,25:77,الفرقان,1,10550
طسم,12302,No,2,26:1,الشعراء,2,5217
نَشَأْ,12303,No,3,26:4,الشعراء,3,3627
نُنَزِّلْ,12304,No,1,26:4,الشعراء,1,14504
فَظَلَّتْ,12305,No,1,26:4,الشعراء,1,12287
أَعْنَاقُهُمْ,12306,No,1,26:4,الشعراء,1,7224
خَاضِعِينَ,12307,No,1,26:4,الشعراء,1,10364
فَسَيَأْتِيهِمْ,12308,No,1,26:6,الشعراء,1,12238
أَنْبَتْنَا,12309,No,1,26:7,الشعراء,1,7418
كَرِيمٍ,12310,No,8,26:7,الشعراء,7,1201
يُكَذِّبُونِ,12311,No,2,26:12,الشعراء,2,6675
وَيَضِيقُ,12312,No,1,26:13,الشعراء,1,16457
يَنْطَلِقُ,12313,No,1,26:13,الشعراء,1,17170
ذَنْبٌ,12314,No,1,26:14,الشعراء,1,10592
فَأَخَافُ,12315,No,2,26:14,الشعراء,2,5346
يَقْتُلُونِ,12316,No,2,26:14,الشعراء,2,6558
فَاذْهَبَا,12317,No,1,26:15,الشعراء,1,11916
مُسْتَمِعُونَ,12318,No,1,26:15,الشعراء,1,14005
فَأْتِيَا,12319,No,1,26:16,الشعراء,1,11865
أَرْسِلْ,12320,No,1,26:17,الشعراء,1,7054
نُرَبِّكَ,12321,No,1,26:18,الشعراء,1,14443
وَلِيدًا,12322,No,1,26:18,الشعراء,1,16129
وَلَبِثْتَ,12323,No,1,26:18,الشعراء,1,16032
عُمُرِكَ,12324,No,1,26:18,الشعراء,1,11622
وَفَعَلْتَ,12325,No,1,26:19,الشعراء,1,15910
فَعْلَتَكَ,12326,No,1,26:19,الشعراء,1,12320
فَعَلْتُهَا,12327,No,1,26:20,الشعراء,1,12312
فَفَرَرْتُ,12328,No,1,26:21,الشعراء,1,12330
خِفْتُكُمْ,12329,No,1,26:21,الشعراء,1,10475
فَوَهَبَ,12330,No,1,26:21,الشعراء,1,12494
نِعْمَةٌ,12331,No,2,26:22,الشعراء,2,6012
تَمُنُّهَا,12332,No,1,26:22,الشعراء,1,9753
عَبَّدْتَ,12333,No,1,26:22,الشعراء,1,11458
مُوقِنِينَ,12334,No,2,26:24,الشعراء,2,5920
تَسْتَمِعُونَ,12335,No,1,26:25,الشعراء,1,9561
آبَائِكُمُ,12336,No,3,26:26,الشعراء,3,2816
رَسُولَكُمُ,12337,No,1,26:27,الشعراء,1,10692
اتَّخَذْتَ,12338,No,1,26:29,الشعراء,1,7739
غَيْرِي,12339,No,2,26:29,الشعراء,2,5333
لَأَجْعَلَنَّكَ,12340,No,1,26:29,الشعراء,1,12948
الْمَسْجُونِينَ,12341,No,1,26:29,الشعراء,1,8604
جِئْتُكَ,12342,No,1,26:30,الشعراء,1,10158
لِلْمَلَإِ,12343,No,1,26:34,الشعراء,1,13486
بِسِحْرِهِ,12344,No,1,26:35,الشعراء,1,9162
سَحَّارٍ,12345,No,1,26:37,الشعراء,1,10927
فَجُمِعَ,12346,No,1,26:38,الشعراء,1,12150
لِمِيقَاتِ,12347,No,1,26:38,الشعراء,1,13505
مُجْتَمِعُونَ,12348,No,1,26:39,الشعراء,1,13929
لَعَلَّنَا,12349,No,1,26:40,الشعراء,1,13104
السَّحَرَةَ,12350,No,1,26:40,الشعراء,1,8016
لِفِرْعَوْنَ,12351,No,2,26:41,الشعراء,2,5734
أَئِنَّ,12352,No,1,26:41,الشعراء,1,6775
حِبَالَهُمْ,12353,No,1,26:44,الشعراء,1,10323
وَعِصِيَّهُمْ,12354,No,1,26:44,الشعراء,1,15873
بِعِزَّةِ,12355,No,1,26:44,الشعراء,1,9205
فَلَسَوْفَ,12356,No,1,26:49,الشعراء,1,12385
ضَيْرَ,12357,No,1,26:50,الشعراء,1,11320
نَطْمَعُ,12358,No,1,26:51,الشعراء,1,14340
مُتَّبَعُونَ,12359,No,2,26:52,الشعراء,2,5868
فَأَرْسَلَ,12360,No,1,26:53,الشعراء,1,11781
لَشِرْذِمَةٌ,12361,No,1,26:54,الشعراء,1,13087
قَلِيلُونَ,12362,No,1,26:54,الشعراء,1,12686
لَغَائِظُونَ,12363,No,1,26:55,الشعراء,1,13119
لَجَمِيعٌ,12364,No,1,26:56,الشعراء,1,13046
حَاذِرُونَ,12365,No,1,26:56,الشعراء,1,10181
فَأَخْرَجْنَاهُمْ,12366,No,1,26:57,الشعراء,1,11769
وَكُنُوزٍ,12367,No,1,26:58,الشعراء,1,16017
وَمَقَامٍ,12368,No,2,26:58,الشعراء,2,6377
وَأَوْرَثْنَاهَا,12369,No,2,26:59,الشعراء,2,6079
فَأَتْبَعُوهُمْ,12370,No,1,26:60,الشعراء,1,11752
تَرَاءَى,12371,No,1,26:61,الشعراء,1,9486
لَمُدْرَكُونَ,12372,No,1,26:61,الشعراء,1,13185
سَيَهْدِينِ,12373,No,3,26:62,الشعراء,3,3281
فَانْفَلَقَ,12374,No,1,26:63,الشعراء,1,12037
فِرْقٍ,12375,No,1,26:63,الشعراء,1,12587
كَالطَّوْدِ,12376,No,1,26:63,الشعراء,1,12796
وَأَزْلَفْنَا,12377,No,1,26:64,الشعراء,1,14685
ثَمَّ,12378,No,3,26:64,الشعراء,3,3173
الْآخَرِينَ,12379,No,5,26:64,الشعراء,2,1788
وَأَنْجَيْنَا,12380,No,2,26:65,الشعراء,2,6070
أَغْرَقْنَا,12381,No,4,26:66,الشعراء,3,2171
فَنَظَلُّ,12382,No,1,26:71,الشعراء,1,12465
يَسْمَعُونَكُمْ,12383,No,1,26:72,الشعراء,1,16927
يَنْفَعُونَكُمْ,12384,No,1,26:73,الشعراء,1,17177
يَضُرُّونَ,12385,No,1,26:73,الشعراء,1,16965
أَفَرَأَيْتُمْ,12386,No,4,26:75,الشعراء,3,2173
وَآبَاؤُكُمُ,12387,No,1,26:76,الشعراء,1,14578
الْأَقْدَمُونَ,12388,No,1,26:76,الشعراء,1,8232
خَلَقَنِي,12389,No,1,26:78,الشعراء,1,10423
يَهْدِينِ,12390,No,1,26:78,الشعراء,1,17199
يُطْعِمُنِي,12391,No,1,26:79,الشعراء,1,17434
وَيَسْقِينِ,12392,No,1,26:79,الشعراء,1,16447
مَرِضْتُ,12393,No,1,26:80,الشعراء,1,13693
يَشْفِينِ,12394,No,1,26:80,الشعراء,1,16936
يُمِيتُنِي,12395,No,1,26:81,الشعراء,1,17517
يُحْيِينِ,12396,No,1,26:81,الشعراء,1,17304
أَطْمَعُ,12397,No,1,26:82,الشعراء,1,7192
خَطِيئَتِي,12398,No,1,26:82,الشعراء,1,10411
الْآخِرِينَ,12399,No,8,26:84,الشعراء,4,1139
وَاجْعَلْنِي,12400,No,1,26:85,الشعراء,1,14905
وَرَثَةِ,12401,No,1,26:85,الشعراء,1,15642
جَنَّةِ,12402,No,1,26:85,الشعراء,1,10119
لِأَبِي,12403,No,1,26:86,الشعراء,1,13311
تُخْزِنِي,12404,No,1,26:87,الشعراء,1,9882
مَالٌ,12405,No,1,26:88,الشعراء,1,13629
بَنُونَ,12406,No,1,26:88,الشعراء,1,8918
بِقَلْبٍ,12407,No,3,26:89,الشعراء,3,3098
سَلِيمٍ,12408,No,2,26:89,الشعراء,2,5094
وَأُزْلِفَتِ,12409,No,2,26:90,الشعراء,2,6088
وَبُرِّزَتِ,12410,No,2,26:91,الشعراء,2,6196
الْجَحِيمُ,12411,No,3,26:91,الشعراء,3,2983
لِلْغَاوِينَ,12412,No,1,26:91,الشعراء,1,13480
يَنْصُرُونَكُمْ,12413,No,1,26:93,الشعراء,1,17167
يَنْتَصِرُونَ,12414,No,2,26:93,الشعراء,2,6576
فَكُبْكِبُوا,12415,No,1,26:94,الشعراء,1,12373
وَالْغَاوُونَ,12416,No,1,26:94,الشعراء,1,15193
وَجُنُودُ,12417,No,1,26:95,الشعراء,1,15508
نُسَوِّيكُمْ,12418,No,1,26:98,الشعراء,1,14453
أَضَلَّنَا,12419,No,1,26:99,الشعراء,1,7169
شَافِعِينَ,12420,No,1,26:100,الشعراء,1,11099
صَدِيقٍ,12421,No,1,26:101,الشعراء,1,11230
فَنَكُونَ,12422,No,1,26:102,الشعراء,1,12470
أَخُوهُمْ,12423,No,4,26:106,الشعراء,1,2152
وَاتَّبَعَكَ,12424,No,1,26:111,الشعراء,1,14888
الْأَرْذَلُونَ,12425,No,1,26:111,الشعراء,1,8206
عِلْمِي,12426,No,1,26:112,الشعراء,1,11652
لَتَكُونَنَّ,12427,No,2,26:116,الشعراء,1,5657
الْمَرْجُومِينَ,12428,No,1,26:116,الشعراء,1,8594
فَافْتَحْ,12429,No,1,26:118,الشعراء,1,11986
فَتْحًا,12430,No,4,26:118,الشعراء,2,2515
وَنَجِّنِي,12431,No,3,26:118,الشعراء,2,3820
الْمَشْحُونِ,12432,No,3,26:119,الشعراء,3,3021
الْبَاقِينَ,12433,No,2,26:120,الشعراء,2,4357
هُودٌ,12434,No,1,26:124,الشعراء,1,14574
أَتَبْنُونَ,12435,No,1,26:128,الشعراء,1,6827
رِيعٍ,12436,No,1,26:128,الشعراء,1,10786
تَعْبَثُونَ,12437,No,1,26:128,الشعراء,1,9632
وَتَتَّخِذُونَ,12438,No,1,26:129,الشعراء,1,15357
مَصَانِعَ,12439,No,1,26:129,الشعراء,1,13735
تَخْلُدُونَ,12440,No,1,26:129,الشعراء,1,9456
بَطَشْتُمْ,12441,No,2,26:130,الشعراء,1,4533
أَمَدَّكُمْ,12442,No,2,26:132,الشعراء,1,4120
بِأَنْعَامٍ,12443,No,1,26:133,الشعراء,1,8980
أَوَعَظْتَ,12444,No,1,26:136,الشعراء,1,7491
الْوَاعِظِينَ,12445,No,1,26:136,الشعراء,1,8735
خُلُقُ,12446,No,1,26:137,الشعراء,1,10463
بِمُعَذَّبِينَ,12447,No,3,26:138,الشعراء,3,3103
أَتُتْرَكُونَ,12448,No,1,26:146,الشعراء,1,6860
وَزُرُوعٍ,12449,No,2,26:148,الشعراء,2,6264
وَنَخْلٍ,12450,No,1,26:148,الشعراء,1,16260
طَلْعُهَا,12451,No,2,26:148,الشعراء,2,5231
هَضِيمٌ,12452,No,1,26:148,الشعراء,1,14557
فَارِهِينَ,12453,No,1,26:149,الشعراء,1,11920
يُصْلِحُونَ,12454,No,2,26:152,الشعراء,2,6649
الْمُسَحَّرِينَ,12455,No,2,26:153,الشعراء,1,4470
نَاقَةٌ,12456,No,1,26:155,الشعراء,1,14211
شِرْبٌ,12457,No,1,26:155,الشعراء,1,11180
شِرْبُ,12458,No,1,26:155,الشعراء,1,11182
لُوطٌ,12459,No,2,26:161,الشعراء,2,5707
الذُّكْرَانَ,12460,No,1,26:165,الشعراء,1,7955
وَتَذَرُونَ,12461,No,3,26:166,الشعراء,3,3734
عَادُونَ,12462,No,1,26:166,الشعراء,1,11431
الْمُخْرَجِينَ,12463,No,1,26:167,الشعراء,1,8656
لِعَمَلِكُمْ,12464,No,1,26:168,الشعراء,1,13427
الْقَالِينَ,12465,No,1,26:168,الشعراء,1,8520
نَجِّنِي,12466,No,2,26:169,الشعراء,2,5951
وَأَهْلِي,12467,No,1,26:169,الشعراء,1,14803
عَجُوزًا,12468,No,2,26:171,الشعراء,2,5273
دَمَّرْنَا,12469,No,2,26:172,الشعراء,2,4983
مَطَرُ,12470,No,2,26:173,الشعراء,2,5812
شُعَيْبٌ,12471,No,1,26:177,الشعراء,1,11166
الْمُخْسِرِينَ,12472,No,1,26:181,الشعراء,1,8657
وَالْجِبِلَّةَ,12473,No,1,26:184,الشعراء,1,15155
نَظُنُّكَ,12474,No,1,26:186,الشعراء,1,14344
فَأَسْقِطْ,12475,No,1,26:187,الشعراء,1,11788
فَأَخَذَهُمْ,12476,No,2,26:189,الشعراء,2,5347
الظُّلَّةِ,12477,No,1,26:189,الشعراء,1,8122
لَتَنْزِيلُ,12478,No,1,26:192,الشعراء,1,13027
الْأَمِينُ,12479,No,2,26:193,الشعراء,2,4341
الْمُنْذِرِينَ,12480,No,2,26:194,الشعراء,2,4479
بِلِسَانٍ,12481,No,1,26:195,الشعراء,1,9238
عَرَبِيٍّ,12482,No,1,26:195,الشعراء,1,11484
زُبُرِ,12483,No,1,26:196,الشعراء,1,10835
يَعْلَمَهُ,12484,No,1,26:197,الشعراء,1,17016
عُلَمَاءُ,12485,No,1,26:197,الشعراء,1,11618
نَزَّلْنَاهُ,12486,No,1,26:198,الشعراء,1,14292
الْأَعْجَمِينَ,12487,No,1,26:198,الشعراء,1,8222
فَقَرَأَهُ,12488,No,1,26:199,الشعراء,1,12345
سَلَكْنَاهُ,12489,No,1,26:200,الشعراء,1,10971
فَيَأْتِيَهُمْ,12490,No,1,26:202,الشعراء,1,12501
فَيَقُولُوا,12491,No,2,26:203,الشعراء,2,5519
مُنْظَرُونَ,12492,No,1,26:203,الشعراء,1,14118
أَفَبِعَذَابِنَا,12493,No,2,26:204,الشعراء,2,4095
يَسْتَعْجِلُونَ,12494,No,2,26:204,الشعراء,2,6525
مَتَّعْنَاهُمْ,12495,No,1,26:205,الشعراء,1,13649
يُمَتَّعُونَ,12496,No,1,26:207,الشعراء,1,17512
مُنْذِرُونَ,12497,No,1,26:208,الشعراء,1,14113
تَنَزَّلَتْ,12498,No,1,26:210,الشعراء,1,9777
السَّمْعِ,12499,No,1,26:212,الشعراء,1,8027
لَمَعْزُولُونَ,12500,No,1,26:212,الشعراء,1,13174
الْمُعَذَّبِينَ,12501,No,1,26:213,الشعراء,1,8690
عَشِيرَتَكَ,12502,No,1,26:214,الشعراء,1,11513
الْأَقْرَبِينَ,12503,No,1,26:214,الشعراء,1,8233
عَصَوْكَ,12504,No,1,26:216,الشعراء,1,11520
يَرَاكَ,12505,No,1,26:218,الشعراء,1,16824
تَقُومُ,12506,No,8,26:218,الشعراء,6,1160
وَتَقَلُّبَكَ,12507,No,1,26:219,الشعراء,1,15416
تَنَزَّلُ,12508,No,3,26:221,الشعراء,2,3150
أَفَّاكٍ,12509,No,2,26:222,الشعراء,2,4098
كَاذِبُونَ,12510,No,1,26:223,الشعراء,1,12784
وَالشُّعَرَاءُ,12511,No,1,26:224,الشعراء,1,15048
يَتَّبِعُهُمُ,12512,No,1,26:224,الشعراء,1,16722
الْغَاوُونَ,12513,No,1,26:224,الشعراء,1,8478
وَادٍ,12514,No,1,26:225,الشعراء,1,14918
يَهِيمُونَ,12515,No,1,26:225,الشعراء,1,17193
وَذَكَرُوا,12516,No,1,26:227,الشعراء,1,15606
وَانْتَصَرُوا,12517,No,1,26:227,الشعراء,1,15266
أَيَّ,12518,No,1,26:227,الشعراء,1,7529
مُنْقَلَبٍ,12519,No,1,26:227,الشعراء,1,14123
يَنْقَلِبُونَ,12520,No,1,26:227,الشعراء,1,17181
طس,12521,No,1,27:1,النمل,1,11333
وَكِتَابٍ,12522,No,2,27:1,النمل,2,6336
لَتُلَقَّى,12523,No,1,27:6,النمل,1,13037
سَآتِيكُمْ,12524,No,1,27:7,النمل,1,10857
بِخَبَرٍ,12525,No,2,27:7,النمل,2,4636
بِشِهَابٍ,12526,No,1,27:7,النمل,1,9170
قَبَسٍ,12527,No,1,27:7,النمل,1,12623
تَصْطَلُونَ,12528,No,2,27:7,النمل,2,4748
جَاءَهَا,12529,No,2,27:8,النمل,2,4863
بُورِكَ,12530,No,1,27:8,النمل,1,8949
رَآهَا,12531,No,2,27:10,النمل,2,5009
تَهْتَزُّ,12532,No,2,27:10,النمل,2,4797
جَانٌّ,12533,No,5,27:10,النمل,3,1864
وَلَّى,12534,No,3,27:10,النمل,3,3805
مُدْبِرًا,12535,No,2,27:10,النمل,2,5880
يُعَقِّبْ,12536,No,2,27:10,النمل,2,6659
لَدَيَّ,12537,No,4,27:10,النمل,2,2563
بَدَّلَ,12538,No,1,27:11,النمل,1,8844
وَأَدْخِلْ,12539,No,1,27:12,النمل,1,14667
جَيْبِكَ,12540,No,2,27:12,النمل,2,4880
تِسْعِ,12541,No,1,27:12,النمل,1,10023
وَجَحَدُوا,12542,No,1,27:14,النمل,1,15486
وَاسْتَيْقَنَتْهَا,12543,No,1,27:14,النمل,1,14972
وَعُلُوًّا,12544,No,1,27:14,النمل,1,15868
وَقَالَا,12545,No,1,27:15,النمل,1,15926
فَضَّلَنَا,12546,No,1,27:15,النمل,1,12271
وَوَرِثَ,12547,No,1,27:16,النمل,1,16359
عُلِّمْنَا,12548,No,1,27:16,النمل,1,11620
مَنْطِقَ,12549,No,1,27:16,النمل,1,13842
وَأُوتِينَا,12550,No,2,27:16,النمل,1,6091
وَحُشِرَ,12551,No,1,27:17,النمل,1,15556
لِسُلَيْمَانَ,12552,No,1,27:17,النمل,1,13421
جُنُودُهُ,12553,No,1,27:17,النمل,1,10152
وَالطَّيْرِ,12554,No,1,27:17,النمل,1,15071
يُوزَعُونَ,12555,No,3,27:17,النمل,2,3958
وَادِ,12556,No,1,27:18,النمل,1,14920
النَّمْلِ,12557,No,1,27:18,النمل,1,8159
نَمْلَةٌ,12558,No,1,27:18,النمل,1,14413
النَّمْلُ,12559,No,1,27:18,النمل,1,8158
مَسَاكِنَكُمْ,12560,No,1,27:18,النمل,1,13712
يَحْطِمَنَّكُمْ,12561,No,1,27:18,النمل,1,16768
فَتَبَسَّمَ,12562,No,1,27:19,النمل,1,12070
ضَاحِكًا,12563,No,1,27:19,النمل,1,11305
قَوْلِهَا,12564,No,1,27:19,النمل,1,12708
أَوْزِعْنِي,12565,No,2,27:19,النمل,2,4159
أَشْكُرَ,12566,No,2,27:19,النمل,2,4064
نِعْمَتَكَ,12567,No,2,27:19,النمل,2,6014
وَالِدَيَّ,12568,No,2,27:19,النمل,2,6147
أَعْمَلَ,12569,No,2,27:19,النمل,2,4082
تَرْضَاهُ,12570,No,2,27:19,النمل,2,4732
وَأَدْخِلْنِي,12571,No,1,27:19,النمل,1,14669
وَتَفَقَّدَ,12572,No,1,27:20,النمل,1,15411
الطَّيْرَ,12573,No,1,27:20,النمل,1,8113
الْهُدْهُدَ,12574,No,1,27:20,النمل,1,8731
الْغَائِبِينَ,12575,No,1,27:20,النمل,1,8473
لَأُعَذِّبَنَّهُ,12576,No,1,27:21,النمل,1,12973
لَأَذْبَحَنَّهُ,12577,No,1,27:21,النمل,1,12952
لَيَأْتِيَنِّي,12578,No,1,27:21,النمل,1,13248
فَمَكَثَ,12579,No,1,27:22,النمل,1,12444
أَحَطْتُ,12580,No,1,27:22,النمل,1,6921
وَجِئْتُكَ,12581,No,1,27:22,النمل,1,15509
سَبَإٍ,12582,No,1,27:22,النمل,1,10904
بِنَبَإٍ,12583,No,2,27:22,النمل,2,4670
يَقِينٍ,12584,No,1,27:22,النمل,1,17061
وَجَدْتُ,12585,No,1,27:23,النمل,1,15489
امْرَأَةً,12586,No,1,27:23,النمل,1,8766
تَمْلِكُهُمْ,12587,No,1,27:23,النمل,1,9766
وَأُوتِيَتْ,12588,No,1,27:23,النمل,1,14846
عَرْشٌ,12589,No,1,27:23,النمل,1,11494
وَجَدْتُهَا,12590,No,1,27:24,النمل,1,15490
وَقَوْمَهَا,12591,No,1,27:24,النمل,1,15958
لِلشَّمْسِ,12592,No,2,27:24,النمل,2,5741
فَصَدَّهُمْ,12593,No,2,27:24,النمل,2,5457
يَسْجُدُوا,12594,No,1,27:25,النمل,1,16913
الْخَبْءَ,12595,No,1,27:25,النمل,1,8414
سَنَنْظُرُ,12596,No,1,27:27,النمل,1,11003
أَصَدَقْتَ,12597,No,1,27:27,النمل,1,7146
بِكِتَابِي,12598,No,1,27:28,النمل,1,9234
فَأَلْقِهْ,12599,No,1,27:28,النمل,1,11826
تَوَلَّ,12600,No,1,27:28,النمل,1,9820
أُلْقِيَ,12601,No,3,27:29,النمل,3,2901
تَعْلُوا,12602,No,2,27:31,النمل,2,4761
قَاطِعَةً,12603,No,1,27:32,النمل,1,12611
تَشْهَدُونِ,12604,No,1,27:32,النمل,1,9585
فَانْظُرِي,12605,No,1,27:33,النمل,1,12035
تَأْمُرِينَ,12606,No,1,27:33,النمل,1,9318
الْمُلُوكَ,12607,No,1,27:34,النمل,1,8707
أَفْسَدُوهَا,12608,No,1,27:34,النمل,1,7278
أَعِزَّةَ,12609,No,1,27:34,النمل,1,7199
أَذِلَّةً,12610,No,2,27:34,النمل,1,4031
مُرْسِلَةٌ,12611,No,1,27:35,النمل,1,13977
بِهَدِيَّةٍ,12612,No,1,27:35,النمل,1,9280
فَنَاظِرَةٌ,12613,No,1,27:35,النمل,1,12452
بِمَ,12614,No,1,27:35,النمل,1,9240
أَتُمِدُّونَنِ,12615,No,1,27:36,النمل,1,6867
بِمَالٍ,12616,No,1,27:36,النمل,1,9241
بِهَدِيَّتِكُمْ,12617,No,1,27:36,النمل,1,9281
تَفْرَحُونَ,12618,No,2,27:36,النمل,2,4768
فَلَنَأْتِيَنَّهُمْ,12619,No,1,27:37,النمل,1,12392
وَلَنُخْرِجَنَّهُمْ,12620,No,1,27:37,النمل,1,16069
يَأْتِينِي,12621,No,1,27:38,النمل,1,16621
بِعَرْشِهَا,12622,No,1,27:38,النمل,1,9195
يَأْتُونِي,12623,No,1,27:38,النمل,1,16615
عِفْرِيتٌ,12624,No,1,27:39,النمل,1,11646
آتِيكَ,12625,No,2,27:39,النمل,1,3968
مَقَامِكَ,12626,No,1,27:39,النمل,1,13781
طَرْفُكَ,12627,No,1,27:40,النمل,1,11355
رَآهُ,12628,No,4,27:40,النمل,4,2424
مُسْتَقِرًّا,12629,No,1,27:40,النمل,1,13999
لِيَبْلُوَنِي,12630,No,1,27:40,النمل,1,13536
أَأَشْكُرُ,12631,No,1,27:40,النمل,1,6764
أَكْفُرُ,12632,No,1,27:40,النمل,1,7322
شَكَرَ,12633,No,2,27:40,النمل,2,5148
يَشْكُرُ,12634,No,2,27:40,النمل,2,6534
نَكِّرُوا,12635,No,1,27:41,النمل,1,14406
عَرْشَهَا,12636,No,1,27:41,النمل,1,11496
نَنْظُرْ,12637,No,1,27:41,النمل,1,14417
أَتَهْتَدِي,12638,No,1,27:41,النمل,1,6846
أَهَكَذَا,12639,No,1,27:42,النمل,1,7472
عَرْشُكِ,12640,No,1,27:42,النمل,1,11497
وَصَدَّهَا,12641,No,1,27:43,النمل,1,15772
ادْخُلِي,12642,No,1,27:44,النمل,1,7783
الصَّرْحَ,12643,No,1,27:44,النمل,1,8077
رَأَتْهُ,12644,No,1,27:44,النمل,1,10624
حَسِبَتْهُ,12645,No,1,27:44,النمل,1,10232
لُجَّةً,12646,No,1,27:44,النمل,1,13298
وَكَشَفَتْ,12647,No,1,27:44,النمل,1,15992
سَاقَيْهَا,12648,No,1,27:44,النمل,1,10896
صَرْحٌ,12649,No,1,27:44,النمل,1,11241
مُمَرَّدٌ,12650,No,1,27:44,النمل,1,14091
قَوَارِيرَ,12651,No,2,27:44,النمل,2,5568
ظَلَمْتُ,12652,No,2,27:44,النمل,2,5246
وَأَسْلَمْتُ,12653,No,1,27:44,النمل,1,14697
فَرِيقَانِ,12654,No,1,27:45,النمل,1,12211
تَسْتَغْفِرُونَ,12655,No,1,27:46,النمل,1,9554
اطَّيَّرْنَا,12656,No,1,27:47,النمل,1,7866
وَبِمَنْ,12657,No,1,27:47,النمل,1,15340
طَائِرُكُمْ,12658,No,2,27:47,النمل,2,5218
تُفْتَنُونَ,12659,No,1,27:47,النمل,1,9957
تِسْعَةُ,12660,No,1,27:48,النمل,1,10022
رَهْطٍ,12661,No,1,27:48,النمل,1,10722
تَقَاسَمُوا,12662,No,1,27:49,النمل,1,9683
لَنُبَيِّتَنَّهُ,12663,No,1,27:49,النمل,1,13218
لَنَقُولَنَّ,12664,No,1,27:49,النمل,1,13211
مَهْلِكَ,12665,No,1,27:49,النمل,1,13848
وَمَكَرْنَا,12666,No,1,27:50,النمل,1,16207
مَكْرِهِمْ,12667,No,1,27:51,النمل,1,13804
دَمَّرْنَاهُمْ,12668,No,1,27:51,النمل,1,10537
وَقَوْمَهُمْ,12669,No,1,27:51,النمل,1,15961
فَتِلْكَ,12670,No,2,27:52,النمل,2,5425
بُيُوتُهُمْ,12671,No,1,27:52,النمل,1,8955
خَاوِيَةً,12672,No,1,27:52,النمل,1,10382
قَدَّرْنَاهَا,12673,No,1,27:57,النمل,1,12648
فَأَنْبَتْنَا,12674,No,4,27:60,النمل,4,2502
حَدَائِقَ,12675,No,2,27:60,النمل,2,4896
بَهْجَةٍ,12676,No,1,27:60,النمل,1,8921
تُنْبِتُوا,12677,No,1,27:60,النمل,1,9995
شَجَرَهَا,12678,No,1,27:60,النمل,1,11116
أَإِلَهٌ,12679,No,5,27:60,النمل,1,1730
قَرَارًا,12680,No,2,27:61,النمل,2,5553
أَنْهَارًا,12681,No,2,27:61,النمل,2,4147
حَاجِزًا,12682,No,1,27:61,النمل,1,10178
يُجِيبُ,12683,No,1,27:62,النمل,1,17271
الْمُضْطَرَّ,12684,No,1,27:62,النمل,1,8683
دَعَاهُ,12685,No,1,27:62,النمل,1,10519
وَيَكْشِفُ,12686,No,1,27:62,النمل,1,16471
وَيَجْعَلُكُمْ,12687,No,1,27:62,النمل,1,16400
يَهْدِيكُمْ,12688,No,1,27:63,النمل,1,17198
ادَّارَكَ,12689,No,1,27:66,النمل,1,7779
عِلْمُهُمْ,12690,No,1,27:66,النمل,1,11650
عَمُونَ,12691,No,1,27:66,النمل,1,11570
أَئِنَّا,12692,No,2,27:67,النمل,2,3984
لَمُخْرَجُونَ,12693,No,1,27:67,النمل,1,13184
رَدِفَ,12694,No,1,27:72,النمل,1,10687
لَيَعْلَمُ,12695,No,1,27:74,النمل,1,13266
تُكِنُّ,12696,No,2,27:74,النمل,2,4838
غَائِبَةٍ,12697,No,1,27:75,النمل,1,11656
لَهُدًى,12698,No,1,27:77,النمل,1,13233
بِحُكْمِهِ,12699,No,1,27:78,النمل,1,9108
بِهَادِي,12700,No,1,27:81,النمل,1,9279
الْعُمْيِ,12701,No,2,27:81,النمل,2,4414
ضَلَالَتِهِمْ,12702,No,2,27:81,النمل,2,5206
دَابَّةً,12703,No,1,27:82,النمل,1,10494
تُكَلِّمُهُمْ,12704,No,1,27:82,النمل,1,9975
فَوْجًا,12705,No,1,27:83,النمل,1,12496
يُكَذِّبُ,12706,No,5,27:83,النمل,5,2131
أَكَذَّبْتُمْ,12707,No,1,27:84,النمل,1,7306
تُحِيطُوا,12708,No,1,27:84,النمل,1,9870
أَمَّاذَا,12709,No,1,27:84,النمل,1,7377
وَوَقَعَ,12710,No,1,27:85,النمل,1,16367
لِيَسْكُنُوا,12711,No,1,27:86,النمل,1,13556
فَفَزِعَ,12712,No,2,27:87,النمل,2,5470
أَتَوْهُ,12713,No,1,27:87,النمل,1,6850
دَاخِرِينَ,12714,No,2,27:87,النمل,2,4973
تَحْسَبُهَا,12715,No,1,27:88,النمل,1,9417
جَامِدَةً,12716,No,1,27:88,النمل,1,10080
تَمُرُّ,12717,No,1,27:88,النمل,1,9752
السَّحَابِ,12718,No,1,27:88,النمل,1,8015
صُنْعَ,12719,No,1,27:88,النمل,1,11286
أَتْقَنَ,12720,No,1,27:88,النمل,1,6874
فَزَعٍ,12721,No,1,27:89,النمل,1,12218
آمِنُونَ,12722,No,2,27:89,النمل,2,3976
فَكُبَّتْ,12723,No,1,27:90,النمل,1,12372
الْبَلْدَةِ,12724,No,1,27:91,النمل,1,8310
حَرَّمَهَا,12725,No,1,27:91,النمل,1,10215
أَتْلُوَ,12726,No,1,27:92,النمل,1,6876
سَيُرِيكُمْ,12727,No,1,27:93,النمل,1,11033
فَتَعْرِفُونَهَا,12728,No,1,27:93,النمل,1,12090
نَتْلُو,12729,No,1,28:3,القصص,1,14250
وَفِرْعَوْنَ,12730,No,3,28:3,القصص,3,3786
عَلَا,12731,No,1,28:4,القصص,1,11541
يَسْتَضْعِفُ,12732,No,1,28:4,القصص,1,16889
يُذَبِّحُ,12733,No,1,28:4,القصص,1,17337
وَيَسْتَحْيِي,12734,No,1,28:4,القصص,1,16436
وَنُرِيدُ,12735,No,1,28:5,القصص,1,16307
نَمُنَّ,12736,No,1,28:5,القصص,1,14412
وَنَجْعَلَهُمْ,12737,No,1,28:5,القصص,1,16250
وَنَجْعَلَهُمُ,12738,No,1,28:5,القصص,1,16249
وَنُمَكِّنَ,12739,No,1,28:6,القصص,1,16320
وَنُرِيَ,12740,No,1,28:6,القصص,1,16308
وَهَامَانَ,12741,No,4,28:6,القصص,3,2745
وَجُنُودَهُمَا,12742,No,2,28:6,القصص,1,6228
أُمِّ,12743,No,3,28:7,القصص,2,2905
أَرْضِعِيهِ,12744,No,1,28:7,القصص,1,7062
خِفْتِ,12745,No,1,28:7,القصص,1,10476
فَأَلْقِيهِ,12746,No,1,28:7,القصص,1,11827
تَخَافِي,12747,No,1,28:7,القصص,1,9433
رَادُّوهُ,12748,No,1,28:7,القصص,1,10640
وَجَاعِلُوهُ,12749,No,1,28:7,القصص,1,15482
فَالْتَقَطَهُ,12750,No,1,28:8,القصص,1,12005
وَحَزَنًا,12751,No,1,28:8,القصص,1,15533
قُرَّتُ,12752,No,1,28:9,القصص,1,12722
وَلَكَ,12753,No,1,28:9,القصص,1,16056
تَقْتُلُوهُ,12754,No,1,28:9,القصص,1,9700
وَأَصْبَحَ,12755,No,2,28:10,القصص,1,6051
فُؤَادُ,12756,No,1,28:10,القصص,1,12555
فَارِغًا,12757,No,1,28:10,القصص,1,11918
كَادَتْ,12758,No,1,28:10,القصص,1,12780
لَتُبْدِي,12759,No,1,28:10,القصص,1,13032
رَبَطْنَا,12760,No,1,28:10,القصص,1,10655
قَلْبِهَا,12761,No,1,28:10,القصص,1,12691
لِأُخْتِهِ,12762,No,1,28:11,القصص,1,13330
قُصِّيهِ,12763,No,1,28:11,القصص,1,12730
فَبَصُرَتْ,12764,No,1,28:11,القصص,1,12057
جُنُبٍ,12765,No,1,28:11,القصص,1,10144
وَحَرَّمْنَا,12766,No,1,28:12,القصص,1,15529
الْمَرَاضِعَ,12767,No,1,28:12,القصص,1,8592
فَقَالَتْ,12768,No,1,28:12,القصص,1,12339
يَكْفُلُونَهُ,12769,No,1,28:12,القصص,1,17103
نَاصِحُونَ,12770,No,1,28:12,القصص,1,14202
فَرَدَدْنَاهُ,12771,No,1,28:13,القصص,1,12193
أُمِّهِ,12772,No,1,28:13,القصص,1,7619
وَلِتَعْلَمَ,12773,No,1,28:13,القصص,1,16103
وَاسْتَوَى,12774,No,1,28:14,القصص,1,14971
الْمَدِينَةَ,12775,No,1,28:15,القصص,1,8591
حِينِ,12776,No,1,28:15,القصص,1,10352
فَوَجَدَ,12777,No,1,28:15,القصص,1,12485
يَقْتَتِلَانِ,12778,No,1,28:15,القصص,1,17063
شِيعَتِهِ,12779,No,3,28:15,القصص,2,3300
عَدُوِّهِ,12780,No,2,28:15,القصص,1,5278
فَاسْتَغَاثَهُ,12781,No,1,28:15,القصص,1,11941
فَوَكَزَهُ,12782,No,1,28:15,القصص,1,12493
فَقَضَى,12783,No,1,28:15,القصص,1,12349
مُضِلٌّ,12784,No,1,28:15,القصص,1,14029
فَغَفَرَ,12785,No,1,28:16,القصص,1,12323
خَائِفًا,12786,No,2,28:18,القصص,1,4932
يَتَرَقَّبُ,12787,No,2,28:18,القصص,1,6463
اسْتَنْصَرَهُ,12788,No,1,28:18,القصص,1,7828
يَسْتَصْرِخُهُ,12789,No,1,28:18,القصص,1,16888
لَغَوِيٌّ,12790,No,1,28:18,القصص,1,13122
يَبْطِشَ,12791,No,1,28:19,القصص,1,16666
أَتُرِيدُ,12792,No,1,28:19,القصص,1,6865
تَقْتُلَنِي,12793,No,1,28:19,القصص,1,9699
قَتَلْتَ,12794,No,1,28:19,القصص,1,12637
أَقْصَى,12795,No,2,28:20,القصص,2,4113
يَسْعَى,12796,No,6,28:20,القصص,6,1708
الْمَلَأَ,12797,No,1,28:20,القصص,1,8621
يَأْتَمِرُونَ,12798,No,1,28:20,القصص,1,16611
لِيَقْتُلُوكَ,12799,No,1,28:20,القصص,1,13568
تَوَجَّهَ,12800,No,1,28:22,القصص,1,9812
يَهْدِيَنِي,12801,No,1,28:22,القصص,1,17203
وَرَدَ,12802,No,1,28:23,القصص,1,15647
مَاءَ,12803,No,1,28:23,القصص,1,13620
يَسْقُونَ,12804,No,1,28:23,القصص,1,16922
دُونِهِمُ,12805,No,1,28:23,القصص,1,10562
امْرَأَتَيْنِ,12806,No,1,28:23,القصص,1,8767
تَذُودَانِ,12807,No,1,28:23,القصص,1,9475
خَطْبُكُمَا,12808,No,1,28:23,القصص,1,10413
قَالَتَا,12809,No,2,28:23,القصص,2,5541
نَسْقِي,12810,No,1,28:23,القصص,1,14309
يُصْدِرَ,12811,No,1,28:23,القصص,1,17404
الرِّعَاءُ,12812,No,1,28:23,القصص,1,7983
وَأَبُونَا,12813,No,1,28:23,القصص,1,14603
شَيْخٌ,12814,No,1,28:23,القصص,1,11155
فَسَقَى,12815,No,1,28:24,القصص,1,12232
الظِّلِّ,12816,No,1,28:24,القصص,1,8126
فَجَاءَتْهُ,12817,No,1,28:25,القصص,1,12140
اسْتِحْيَاءٍ,12818,No,1,28:25,القصص,1,7841
يَدْعُوكَ,12819,No,1,28:25,القصص,1,16814
لِيَجْزِيَكَ,12820,No,1,28:25,القصص,1,13541
سَقَيْتَ,12821,No,1,28:25,القصص,1,10957
وَقَصَّ,12822,No,1,28:25,القصص,1,15943
نَجَوْتَ,12823,No,1,28:25,القصص,1,14254
اسْتَأْجِرْهُ,12824,No,1,28:26,القصص,1,7800
اسْتَأْجَرْتَ,12825,No,1,28:26,القصص,1,7799
أُنْكِحَكَ,12826,No,1,28:27,القصص,1,7626
ابْنَتَيَّ,12827,No,1,28:27,القصص,1,7720
هَاتَيْنِ,12828,No,1,28:27,القصص,1,14537
تَأْجُرَنِي,12829,No,1,28:27,القصص,1,9302
ثَمَانِيَ,12830,No,1,28:27,القصص,1,10042
حِجَجٍ,12831,No,1,28:27,القصص,1,10325
أَتْمَمْتَ,12832,No,1,28:27,القصص,1,6877
أَشُقَّ,12833,No,1,28:27,القصص,1,7125
أَيَّمَا,12834,No,1,28:28,القصص,1,7534
الْأَجَلَيْنِ,12835,No,1,28:28,القصص,1,8193
قَضَيْتُ,12836,No,1,28:28,القصص,1,12675
الْأَجَلَ,12837,No,1,28:29,القصص,1,8192
وَسَارَ,12838,No,1,28:29,القصص,1,15701
بِأَهْلِهِ,12839,No,2,28:29,القصص,2,4591
آنَسَ,12840,No,1,28:29,القصص,1,6750
جَذْوَةٍ,12841,No,1,28:29,القصص,1,10089
شَاطِئِ,12842,No,1,28:30,القصص,1,11097
الْوَادِ,12843,No,1,28:30,القصص,1,8733
الْبُقْعَةِ,12844,No,1,28:30,القصص,1,8317
الْمُبَارَكَةِ,12845,No,1,28:30,القصص,1,8639
أَقْبِلْ,12846,No,1,28:31,القصص,1,7288
الْآمِنِينَ,12847,No,1,28:31,القصص,1,8183
اسْلُكْ,12848,No,1,28:32,القصص,1,7845
الرَّهْبِ,12849,No,1,28:32,القصص,1,7974
فَذَانِكَ,12850,No,1,28:32,القصص,1,12179
بُرْهَانَانِ,12851,No,1,28:32,القصص,1,8938
قَتَلْتُ,12852,No,1,28:33,القصص,1,12638
أَفْصَحُ,12853,No,1,28:34,القصص,1,7279
لِسَانًا,12854,No,2,28:34,القصص,2,5725
فَأَرْسِلْهُ,12855,No,1,28:34,القصص,1,11784
رِدْءًا,12856,No,1,28:34,القصص,1,10767
يُصَدِّقُنِي,12857,No,1,28:34,القصص,1,17386
سَنَشُدُّ,12858,No,1,28:35,القصص,1,11001
عَضُدَكَ,12859,No,1,28:35,القصص,1,11527
بِأَخِيكَ,12860,No,1,28:35,القصص,1,8966
وَنَجْعَلُ,12861,No,1,28:35,القصص,1,16251
إِلَيْكُمَا,12862,No,1,28:35,القصص,1,7684
أَنْتُمَا,12863,No,1,28:35,القصص,1,7421
اتَّبَعَكُمَا,12864,No,1,28:35,القصص,1,7726
مُفْتَرًى,12865,No,2,28:36,القصص,2,5902
عَلِمْتُ,12866,No,1,28:38,القصص,1,11555
فَأَوْقِدْ,12867,No,1,28:38,القصص,1,11852
هَامَانُ,12868,No,2,28:38,القصص,2,6016
صَرْحًا,12869,No,2,28:38,القصص,2,5190
أَطَّلِعُ,12870,No,1,28:38,القصص,1,7187
إِلَهِ,12871,No,3,28:38,القصص,3,2910
لَأَظُنُّهُ,12872,No,2,28:38,القصص,2,5644
فَأَخَذْنَاهُ,12873,No,3,28:40,القصص,3,3373
وَجُنُودَهُ,12874,No,2,28:40,القصص,2,6227
فَنَبَذْنَاهُمْ,12875,No,2,28:40,القصص,2,5502
وَأَتْبَعْنَاهُمْ,12876,No,1,28:42,القصص,1,14618
الْمَقْبُوحِينَ,12877,No,1,28:42,القصص,1,8618
بِجَانِبِ,12878,No,2,28:44,القصص,1,4628
الْغَرْبِيِّ,12879,No,1,28:44,القصص,1,8480
قَضَيْنَا,12880,No,2,28:44,القصص,2,5562
فَتَطَاوَلَ,12881,No,1,28:45,القصص,1,12086
ثَاوِيًا,12882,No,1,28:45,القصص,1,10031
مُرْسِلِينَ,12883,No,2,28:45,القصص,2,5884
نَادَيْنَا,12884,No,1,28:46,القصص,1,14194
سِحْرَانِ,12885,No,1,28:48,القصص,1,11082
تَظَاهَرَا,12886,No,2,28:48,القصص,2,4753
بِكُلٍّ,12887,No,1,28:48,القصص,1,9232
أَتَّبِعْهُ,12888,No,1,28:49,القصص,1,6855
وَصَّلْنَا,12889,No,1,28:51,القصص,1,15778
يُؤْتَوْنَ,12890,No,1,28:54,القصص,1,17216
اللَّغْوَ,12891,No,1,28:55,القصص,1,8132
أَعْرَضُوا,12892,No,3,28:55,القصص,3,2859
نَبْتَغِي,12893,No,1,28:55,القصص,1,14230
أَحْبَبْتَ,12894,No,1,28:56,القصص,1,6927
نَتَّبِعِ,12895,No,1,28:57,القصص,1,14247
نُتَخَطَّفْ,12896,No,1,28:57,القصص,1,14432
حَرَمًا,12897,No,2,28:57,القصص,2,4899
يُجْبَى,12898,No,1,28:57,القصص,1,17273
ثَمَرَاتُ,12899,No,1,28:57,القصص,1,10045
بَطِرَتْ,12900,No,1,28:58,القصص,1,8871
مَعِيشَتَهَا,12901,No,1,28:58,القصص,1,13756
مَسَاكِنُهُمْ,12902,No,2,28:58,القصص,2,5800
تُسْكَنْ,12903,No,1,28:58,القصص,1,9917
أُمِّهَا,12904,No,1,28:59,القصص,1,7618
مُهْلِكِي,12905,No,1,28:59,القصص,1,14136
فَمَتَاعُ,12906,No,2,28:60,القصص,2,5496
وَزِينَتُهَا,12907,No,1,28:60,القصص,1,15698
وَعَدْنَاهُ,12908,No,1,28:61,القصص,1,15834
لَاقِيهِ,12909,No,1,28:61,القصص,1,12994
مَتَّعْنَاهُ,12910,No,1,28:61,القصص,1,13648
الْمُحْضَرِينَ,12911,No,2,28:61,القصص,2,4469
يُنَادِيهِمْ,12912,No,4,28:62,القصص,2,2809
أَغْوَيْنَا,12913,No,1,28:63,القصص,1,7238
أَغْوَيْنَاهُمْ,12914,No,1,28:63,القصص,1,7239
غَوَيْنَا,12915,No,1,28:63,القصص,1,11698
تَبَرَّأْنَا,12916,No,1,28:63,القصص,1,9329
أَجَبْتُمُ,12917,No,1,28:65,القصص,1,6890
فَعَمِيَتْ,12918,No,1,28:66,القصص,1,12316
الْأَنْبَاءُ,12919,No,1,28:66,القصص,1,8252
الْمُفْلِحِينَ,12920,No,1,28:67,القصص,1,8700
وَيَخْتَارُ,12921,No,1,28:68,القصص,1,16407
الْخِيَرَةُ,12922,No,2,28:68,القصص,2,4403
سَرْمَدًا,12923,No,2,28:71,القصص,1,5088
بِضِيَاءٍ,12924,No,1,28:71,القصص,1,9183
بِلَيْلٍ,12925,No,1,28:72,القصص,1,9236
تَسْكُنُونَ,12926,No,1,28:72,القصص,1,9572
فَعَلِمُوا,12927,No,1,28:75,القصص,1,12311
قَارُونَ,12928,No,1,28:76,القصص,1,12604
فَبَغَى,12929,No,1,28:76,القصص,1,12058
الْكُنُوزِ,12930,No,1,28:76,القصص,1,8576
لَتَنُوءُ,12931,No,1,28:76,القصص,1,13026
بِالْعُصْبَةِ,12932,No,1,28:76,القصص,1,9054
الْقُوَّةِ,12933,No,2,28:76,القصص,2,4443
تَفْرَحْ,12934,No,1,28:76,القصص,1,9672
الْفَرِحِينَ,12935,No,1,28:76,القصص,1,8495
آتَاكَ,12936,No,1,28:77,القصص,1,6702
الدَّارَ,12937,No,3,28:77,القصص,3,2927
تَنْسَ,12938,No,1,28:77,القصص,1,9786
نَصِيبَكَ,12939,No,1,28:77,القصص,1,14326
وَأَحْسِنْ,12940,No,1,28:77,القصص,1,14638
تَبْغِ,12941,No,1,28:77,القصص,1,9355
أُوتِيتُهُ,12942,No,2,28:78,القصص,2,4189
يَعْلَمْ,12943,No,3,28:78,القصص,2,3906
وَأَكْثَرُ,12944,No,1,28:78,القصص,1,14752
ذُنُوبِهِمُ,12945,No,1,28:78,القصص,1,10614
زِينَتِهِ,12946,No,1,28:79,القصص,1,10854
لَيْتَ,12947,No,3,28:79,القصص,3,3512
قَارُونُ,12948,No,1,28:79,القصص,1,12605
حَظٍّ,12949,No,2,28:79,القصص,2,4906
يُلَقَّاهَا,12950,No,3,28:80,القصص,2,3952
الصَّابِرُونَ,12951,No,2,28:80,القصص,2,4291
فَخَسَفْنَا,12952,No,1,28:81,القصص,1,12163
وَبِدَارِهِ,12953,No,1,28:81,القصص,1,15330
الْمُنْتَصِرِينَ,12954,No,1,28:81,القصص,1,8710
تَمَنَّوْا,12955,No,1,28:82,القصص,1,9748
وَيْكَأَنَّ,12956,No,1,28:82,القصص,1,16586
لَخَسَفَ,12957,No,1,28:82,القصص,1,13057
وَيْكَأَنَّهُ,12958,No,1,28:82,القصص,1,16587
نَجْعَلُهَا,12959,No,1,28:83,القصص,1,14263
لَرَادُّكَ,12960,No,1,28:85,القصص,1,13064
مَعَادٍ,12961,No,1,28:85,القصص,1,13749
تَرْجُو,12962,No,1,28:86,القصص,1,9505
يَصُدُّنَّكَ,12963,No,1,28:87,القصص,1,16948
هَالِكٌ,12964,No,1,28:88,القصص,1,14544
أَحَسِبَ,12965,No,1,29:2,العنكبوت,1,6920
يُتْرَكُوا,12966,No,1,29:2,العنكبوت,1,17261
فَلَيَعْلَمَنَّ,12967,No,1,29:3,العنكبوت,1,12401
وَلَيَعْلَمَنَّ,12968,No,3,29:3,العنكبوت,1,3804
حَسِبَ,12969,No,3,29:4,العنكبوت,3,3197
يَسْبِقُونَا,12970,No,1,29:4,العنكبوت,1,16878
أَجَلَ,12971,No,2,29:5,العنكبوت,2,4003
جَاهَدَ,12972,No,1,29:6,العنكبوت,1,10083
يُجَاهِدُ,12973,No,1,29:6,العنكبوت,1,17266
لَنُكَفِّرَنَّ,12974,No,1,29:7,العنكبوت,1,13226
وَوَصَّيْنَا,12975,No,3,29:8,العنكبوت,3,3827
جَاهَدَاكَ,12976,No,2,29:8,العنكبوت,2,4867
لِتُشْرِكَ,12977,No,1,29:8,العنكبوت,1,13381
تُطِعْهُمَا,12978,No,2,29:8,العنكبوت,2,4827
فَأُنَبِّئُكُمْ,12979,No,2,29:8,العنكبوت,2,5366
لَنُدْخِلَنَّهُمْ,12980,No,1,29:9,العنكبوت,1,13224
أُوذِيَ,12981,No,1,29:10,العنكبوت,1,7631
فِتْنَةَ,12982,No,1,29:10,العنكبوت,1,12578
كَعَذَابِ,12983,No,1,29:10,العنكبوت,1,12862
نَصْرٌ,12984,No,2,29:10,العنكبوت,2,5974
أَوَلَيْسَ,12985,No,2,29:10,العنكبوت,2,4155
صُدُورِ,12986,No,3,29:10,العنكبوت,2,3304
سَبِيلَنَا,12987,No,1,29:12,العنكبوت,1,10908
وَلْنَحْمِلْ,12988,No,1,29:12,العنكبوت,1,16161
بِحَامِلِينَ,12989,No,1,29:12,العنكبوت,1,9100
خَطَايَاهُمْ,12990,No,1,29:12,العنكبوت,1,10405
وَلَيَحْمِلُنَّ,12991,No,1,29:13,العنكبوت,1,16078
أَثْقَالَهُمْ,12992,No,1,29:13,العنكبوت,1,6887
وَأَثْقَالًا,12993,No,1,29:13,العنكبوت,1,14624
أَثْقَالِهِمْ,12994,No,1,29:13,العنكبوت,1,6888
وَلَيُسْأَلُنَّ,12995,No,1,29:13,العنكبوت,1,16084
خَمْسِينَ,12996,No,2,29:14,العنكبوت,2,4963
الطُّوفَانُ,12997,No,1,29:14,العنكبوت,1,8115
وَإِبْرَاهِيمَ,12998,No,4,29:16,العنكبوت,4,2678
أَوْثَانًا,12999,No,2,29:17,العنكبوت,1,4157
وَتَخْلُقُونَ,13000,No,1,29:17,العنكبوت,1,15368
إِفْكًا,13001,No,1,29:17,العنكبوت,1,7674
فَابْتَغُوا,13002,No,1,29:17,العنكبوت,1,11878
وَاعْبُدُوهُ,13003,No,1,29:17,العنكبوت,1,14992
تُكَذِّبُوا,13004,No,1,29:18,العنكبوت,1,9973
يُبْدِئُ,13005,No,3,29:19,العنكبوت,3,3928
بَدَأَ,13006,No,1,29:20,العنكبوت,1,8838
يُنْشِئُ,13007,No,1,29:20,العنكبوت,1,17539
النَّشْأَةَ,13008,No,3,29:20,العنكبوت,3,2962
وَيَرْحَمُ,13009,No,1,29:21,العنكبوت,1,16424
تُقْلَبُونَ,13010,No,1,29:21,العنكبوت,1,9972
يَئِسُوا,13011,No,2,29:23,العنكبوت,2,6455
رَحْمَتِي,13012,No,1,29:23,العنكبوت,1,10682
اقْتُلُوهُ,13013,No,1,29:24,العنكبوت,1,7894
فَأَنْجَاهُ,13014,No,1,29:24,العنكبوت,1,11835
اتَّخَذْتُمْ,13015,No,2,29:25,العنكبوت,2,4213
مَوَدَّةَ,13016,No,1,29:25,العنكبوت,1,13854
وَيَلْعَنُ,13017,No,1,29:25,العنكبوت,1,16475
وَمَأْوَاكُمُ,13018,No,2,29:25,العنكبوت,2,6372
فَآمَنَ,13019,No,2,29:26,العنكبوت,2,5340
مُهَاجِرٌ,13020,No,1,29:26,العنكبوت,1,14129
النُّبُوَّةَ,13021,No,2,29:27,العنكبوت,2,4316
وَالْكِتَابَ,13022,No,2,29:27,العنكبوت,2,6169
أَجْرَهُ,13023,No,1,29:27,العنكبوت,1,6906
وَتَقْطَعُونَ,13024,No,1,29:29,العنكبوت,1,15420
وَتَأْتُونَ,13025,No,1,29:29,العنكبوت,1,15346
نَادِيكُمُ,13026,No,1,29:29,العنكبوت,1,14196
بِعَذَابِ,13027,No,1,29:29,العنكبوت,1,9193
مُهْلِكُو,13028,No,1,29:31,العنكبوت,1,14134
لَنُنَجِّيَنَّهُ,13029,No,1,29:32,العنكبوت,1,13227
مُنَجُّوكَ,13030,No,1,29:33,العنكبوت,1,14098
مُنْزِلُونَ,13031,No,1,29:34,العنكبوت,1,14116
تَرَكْنَا,13032,No,1,29:35,العنكبوت,1,9496
بَيِّنَةً,13033,No,1,29:35,العنكبوت,1,8927
وَارْجُوا,13034,No,1,29:36,العنكبوت,1,14931
الْآخِرَ,13035,No,3,29:36,العنكبوت,3,2966
مُسْتَبْصِرِينَ,13036,No,1,29:38,العنكبوت,1,13990
وَقَارُونَ,13037,No,2,29:39,العنكبوت,2,6317
سَابِقِينَ,13038,No,1,29:39,العنكبوت,1,10888
فَكُلًّا,13039,No,1,29:40,العنكبوت,1,12374
بِذَنْبِهِ,13040,No,1,29:40,العنكبوت,1,9126
خَسَفْنَا,13041,No,1,29:40,العنكبوت,1,10397
الْعَنْكَبُوتِ,13042,No,2,29:41,العنكبوت,1,4408
اتَّخَذَتْ,13043,No,1,29:41,العنكبوت,1,7734
بَيْتًا,13044,No,2,29:41,العنكبوت,2,4559
أَوْهَنَ,13045,No,1,29:41,العنكبوت,1,7521
لَبَيْتُ,13046,No,1,29:41,العنكبوت,1,13004
الْأَمْثَالُ,13047,No,2,29:43,العنكبوت,2,4342
نَضْرِبُهَا,13048,No,2,29:43,العنكبوت,2,5977
يَعْقِلُهَا,13049,No,1,29:43,العنكبوت,1,17014
الْعَالِمُونَ,13050,No,1,29:43,العنكبوت,1,8440
اتْلُ,13051,No,1,29:45,العنكبوت,1,7747
تَنْهَى,13052,No,1,29:45,العنكبوت,1,9807
وَلَذِكْرُ,13053,No,1,29:45,العنكبوت,1,16047
تَصْنَعُونَ,13054,No,1,29:45,العنكبوت,1,9599
تُجَادِلُوا,13055,No,1,29:46,العنكبوت,1,9857
وَأُنْزِلَ,13056,No,1,29:46,العنكبوت,1,14845
وَإِلَهُنَا,13057,No,1,29:46,العنكبوت,1,14872
يَجْحَدُ,13058,No,3,29:47,العنكبوت,2,3861
تَخُطُّهُ,13059,No,1,29:48,العنكبوت,1,9436
لَارْتَابَ,13060,No,1,29:48,العنكبوت,1,12988
يَكْفِهِمْ,13061,No,1,29:51,العنكبوت,1,17105
لَرَحْمَةً,13062,No,1,29:51,العنكبوت,1,13066
لَجَاءَهُمُ,13063,No,1,29:53,العنكبوت,1,13040
وَلَيَأْتِيَنَّهُمْ,13064,No,1,29:53,العنكبوت,1,16075
يَسْتَعْجِلُونَكَ,13065,No,1,29:54,العنكبوت,1,16891
يَغْشَاهُمُ,13066,No,1,29:55,العنكبوت,1,17031
أَرْضِي,13067,No,1,29:56,العنكبوت,1,7063
وَاسِعَةٌ,13068,No,2,29:56,العنكبوت,2,6110
غُرَفًا,13069,No,1,29:58,العنكبوت,1,11710
رِزْقَهَا,13070,No,1,29:60,العنكبوت,1,10770
يَرْزُقُهَا,13071,No,1,29:60,العنكبوت,1,16841
لَهْوٌ,13072,No,1,29:64,العنكبوت,1,13236
وَلَعِبٌ,13073,No,1,29:64,العنكبوت,1,16054
لَهِيَ,13074,No,1,29:64,العنكبوت,1,13235
الْحَيَوَانُ,13075,No,1,29:64,العنكبوت,1,8378
رَكِبُوا,13076,No,1,29:65,العنكبوت,1,10714
نَجَّاهُمْ,13077,No,2,29:65,العنكبوت,2,5949
وَلِيَتَمَتَّعُوا,13078,No,1,29:66,العنكبوت,1,16132
وَيُتَخَطَّفُ,13079,No,1,29:67,العنكبوت,1,16509
حَوْلِهِمْ,13080,No,1,29:67,العنكبوت,1,10284
وَبِنِعْمَةِ,13081,No,1,29:67,العنكبوت,1,15341
مَثْوًى,13082,No,5,29:68,العنكبوت,4,1996
لَنَهْدِيَنَّهُمْ,13083,No,1,29:69,العنكبوت,1,13216
لَمَعَ,13084,No,1,29:69,العنكبوت,1,13172
غُلِبَتِ,13085,No,1,30:2,الروم,1,11718
الرُّومُ,13086,No,1,30:2,الروم,1,7980
غَلَبِهِمْ,13087,No,1,30:3,الروم,1,11686
سَيَغْلِبُونَ,13088,No,1,30:3,الروم,1,11024
بِضْعِ,13089,No,1,30:4,الروم,1,9185
وَيَوْمَئِذٍ,13090,No,1,30:4,الروم,1,16497
يَفْرَحُ,13091,No,1,30:4,الروم,1,17049
بِنَصْرِ,13092,No,1,30:5,الروم,1,9270
يَنْصُرُ,13093,No,1,30:5,الروم,1,17165
وَأَجَلٍ,13094,No,2,30:8,الروم,2,6039
لَكَافِرُونَ,13095,No,1,30:8,الروم,1,13147
وَأَثَارُوا,13096,No,1,30:9,الروم,1,14623
وَعَمَرُوهَا,13097,No,1,30:9,الروم,1,15861
عَمَرُوهَا,13098,No,1,30:9,الروم,1,11559
عَاقِبَةَ,13099,No,1,30:10,الروم,1,11440
أَسَاءُوا,13100,No,2,30:10,الروم,2,4051
السُّوأَى,13101,No,1,30:10,الروم,1,8041
يُبْلِسُ,13102,No,1,30:12,الروم,1,17254
شُفَعَاءُ,13103,No,1,30:13,الروم,1,11170
بِشُرَكَائِهِمْ,13104,No,2,30:13,الروم,2,4650
يَتَفَرَّقُونَ,13105,No,1,30:14,الروم,1,16700
رَوْضَةٍ,13106,No,1,30:15,الروم,1,10727
يُحْبَرُونَ,13107,No,1,30:15,الروم,1,17294
مُحْضَرُونَ,13108,No,5,30:16,الروم,3,2002
تُمْسُونَ,13109,No,1,30:17,الروم,1,9987
تُصْبِحُونَ,13110,No,1,30:17,الروم,1,9932
تُظْهِرُونَ,13111,No,1,30:18,الروم,1,9943
وَيُحْيِي,13112,No,1,30:19,الروم,1,16523
تَنْتَشِرُونَ,13113,No,1,30:20,الروم,1,9781
خَلْقُ,13114,No,3,30:22,الروم,3,3230
وَاخْتِلَافُ,13115,No,1,30:22,الروم,1,14915
أَلْسِنَتِكُمْ,13116,No,1,30:22,الروم,1,7345
وَأَلْوَانِكُمْ,13117,No,1,30:22,الروم,1,14765
لِلْعَالِمِينَ,13118,No,1,30:22,الروم,1,13478
مَنَامُكُمْ,13119,No,1,30:23,الروم,1,13831
وَابْتِغَاؤُكُمْ,13120,No,1,30:23,الروم,1,14884
فَيُحْيِي,13121,No,1,30:24,الروم,1,12541
دَعْوَةً,13122,No,1,30:25,الروم,1,10523
تَخْرُجُونَ,13123,No,1,30:25,الروم,1,9443
أَهْوَنُ,13124,No,1,30:27,الروم,1,7488
فَأَنْتُمْ,13125,No,1,30:28,الروم,1,11834
تَخَافُونَهُمْ,13126,No,1,30:28,الروم,1,9431
كَخِيفَتِكُمْ,13127,No,1,30:28,الروم,1,12835
فَأَقِمْ,13128,No,2,30:30,الروم,1,5353
فِطْرَتَ,13129,No,1,30:30,الروم,1,12592
لِخَلْقِ,13130,No,1,30:30,الروم,1,13399
مُنِيبِينَ,13131,No,2,30:31,الروم,1,5912
ضُرٌّ,13132,No,3,30:33,الروم,2,3310
أَذَاقَهُمْ,13133,No,1,30:33,الروم,1,7010
يَتَكَلَّمُ,13134,No,1,30:35,الروم,1,16706
يَقْنَطُونَ,13135,No,1,30:36,الروم,1,17082
فَآتِ,13136,No,1,30:38,الروم,1,11735
رِبًا,13137,No,1,30:39,الروم,1,10758
لِيَرْبُوَ,13138,No,1,30:39,الروم,1,13549
يَرْبُو,13139,No,1,30:39,الروم,1,16830
زَكَاةٍ,13140,No,1,30:39,الروم,1,10809
الْمُضْعِفُونَ,13141,No,1,30:39,الروم,1,8684
رَزَقَكُمْ,13142,No,1,30:40,الروم,1,10689
الْفَسَادُ,13143,No,1,30:41,الروم,1,8498
أَيْدِي,13144,No,1,30:41,الروم,1,7541
لِيُذِيقَهُمْ,13145,No,1,30:41,الروم,1,13585
الْقَيِّمِ,13146,No,1,30:43,الروم,1,8539
يَصَّدَّعُونَ,13147,No,1,30:43,الروم,1,16942
كُفْرُهُ,13148,No,3,30:44,الروم,3,3485
فَلِأَنْفُسِهِمْ,13149,No,1,30:44,الروم,1,12405
يَمْهَدُونَ,13150,No,1,30:44,الروم,1,17146
مُبَشِّرَاتٍ,13151,No,1,30:46,الروم,1,13894
وَلِيُذِيقَكُمْ,13152,No,1,30:46,الروم,1,16147
وَلِتَجْرِيَ,13153,No,1,30:46,الروم,1,16100
الْفُلْكُ,13154,No,2,30:46,الروم,2,4433
فَتُثِيرُ,13155,No,2,30:48,الروم,2,5424
فَيَبْسُطُهُ,13156,No,1,30:48,الروم,1,12503
وَيَجْعَلُهُ,13157,No,1,30:48,الروم,1,16401
لَمُبْلِسِينَ,13158,No,1,30:49,الروم,1,13183
آثَارِ,13159,No,1,30:50,الروم,1,6719
لَمُحْيِي,13160,No,2,30:50,الروم,2,5692
رِيحًا,13161,No,4,30:51,الروم,4,2436
فَرَأَوْهُ,13162,No,1,30:51,الروم,1,12187
مُصْفَرًّا,13163,No,3,30:51,الروم,3,3598
لَظَلُّوا,13164,No,1,30:51,الروم,1,13096
بِهَادِ,13165,No,1,30:53,الروم,1,9278
ضَعْفٍ,13166,No,2,30:54,الروم,1,5205
وَشَيْبَةً,13167,No,1,30:54,الروم,1,15759
الْقَدِيرُ,13168,No,1,30:54,الروم,1,8526
يُقْسِمُ,13169,No,1,30:55,الروم,1,17498
سَاعَةٍ,13170,No,1,30:55,الروم,1,10892
وَالْإِيمَانَ,13171,No,2,30:56,الروم,2,6155
فَهَذَا,13172,No,1,30:56,الروم,1,12480
وَلَكِنَّكُمْ,13173,No,2,30:56,الروم,2,6348
فَيَوْمَئِذٍ,13174,No,4,30:57,الروم,4,2528
مَعْذِرَتُهُمْ,13175,No,2,30:57,الروم,2,5817
مُبْطِلُونَ,13176,No,1,30:58,الروم,1,13900
يَسْتَخِفَّنَّكَ,13177,No,1,30:60,الروم,1,16886
لِلْمُحْسِنِينَ,13178,No,2,31:3,لقمان,2,5752
يَشْتَرِي,13179,No,1,31:6,لقمان,1,16929
لَهْوَ,13180,No,1,31:6,لقمان,1,13237
وَيَتَّخِذَهَا,13181,No,1,31:6,لقمان,1,16392
مُسْتَكْبِرًا,13182,No,2,31:7,لقمان,2,5889
يَسْمَعْهَا,13183,No,2,31:7,لقمان,2,6530
كَأَنَّ,13184,No,1,31:7,لقمان,1,12774
أُذُنَيْهِ,13185,No,1,31:7,لقمان,1,7582
فَبَشِّرْهُ,13186,No,3,31:7,لقمان,3,3397
فَأَرُونِي,13187,No,1,31:11,لقمان,1,11780
لُقْمَانَ,13188,No,1,31:12,لقمان,1,13306
اشْكُرْ,13189,No,2,31:12,لقمان,1,4245
يَشْكُرْ,13190,No,1,31:12,لقمان,1,16938
لُقْمَانُ,13191,No,1,31:13,لقمان,1,13307
لِابْنِهِ,13192,No,1,31:13,لقمان,1,13338
يَعِظُهُ,13193,No,1,31:13,لقمان,1,16994
الشِّرْكَ,13194,No,1,31:13,لقمان,1,8065
لَظُلْمٌ,13195,No,1,31:13,لقمان,1,13098
حَمَلَتْهُ,13196,No,2,31:14,لقمان,2,4910
أُمُّهُ,13197,No,2,31:14,لقمان,2,4183
وَهْنًا,13198,No,1,31:14,لقمان,1,16352
وَهْنٍ,13199,No,1,31:14,لقمان,1,16353
وَفِصَالُهُ,13200,No,2,31:14,لقمان,2,6313
عَامَيْنِ,13201,No,1,31:14,لقمان,1,11449
وَلِوَالِدَيْكَ,13202,No,1,31:14,لقمان,1,16127
تُشْرِكَ,13203,No,1,31:15,لقمان,1,9920
وَصَاحِبْهُمَا,13204,No,1,31:15,لقمان,1,15766
فَتَكُنْ,13205,No,1,31:16,لقمان,1,12098
صَخْرَةٍ,13206,No,1,31:16,لقمان,1,11216
وَانْهَ,13207,No,1,31:17,لقمان,1,15277
تُصَعِّرْ,13208,No,1,31:18,لقمان,1,9925
خَدَّكَ,13209,No,1,31:18,لقمان,1,10388
مُخْتَالٍ,13210,No,2,31:18,لقمان,2,5878
فَخُورٍ,13211,No,2,31:18,لقمان,2,5436
وَاقْصِدْ,13212,No,1,31:19,لقمان,1,15001
مَشْيِكَ,13213,No,1,31:19,لقمان,1,13734
وَاغْضُضْ,13214,No,1,31:19,لقمان,1,14996
صَوْتِكَ,13215,No,1,31:19,لقمان,1,11271
أَنْكَرَ,13216,No,1,31:19,لقمان,1,7467
الْأَصْوَاتِ,13217,No,1,31:19,لقمان,1,8219
لَصَوْتُ,13218,No,1,31:19,لقمان,1,13090
الْحَمِيرِ,13219,No,1,31:19,لقمان,1,8370
تَرَوْا,13220,No,2,31:20,لقمان,2,4728
وَأَسْبَغَ,13221,No,1,31:20,لقمان,1,14694
نِعَمَهُ,13222,No,1,31:20,لقمان,1,14532
ظَاهِرَةً,13223,No,2,31:20,لقمان,2,5242
وَبَاطِنَةً,13224,No,1,31:20,لقمان,1,15285
يَدْعُوهُمْ,13225,No,1,31:21,لقمان,1,16818
يُسْلِمْ,13226,No,1,31:22,لقمان,1,17375
فَنُنَبِّئُهُمْ,13227,No,1,31:23,لقمان,1,12475
نُمَتِّعُهُمْ,13228,No,1,31:24,لقمان,1,14497
نَضْطَرُّهُمْ,13229,No,1,31:24,لقمان,1,14338
أَقْلَامٌ,13230,No,1,31:27,لقمان,1,7298
وَالْبَحْرُ,13231,No,1,31:27,لقمان,1,15136
يَمُدُّهُ,13232,No,1,31:27,لقمان,1,17132
أَبْحُرٍ,13233,No,1,31:27,لقمان,1,6796
نَفِدَتْ,13234,No,1,31:27,لقمان,1,14372
خَلْقُكُمْ,13235,No,1,31:28,لقمان,1,10433
بَعْثُكُمْ,13236,No,1,31:28,لقمان,1,8881
كَنَفْسٍ,13237,No,1,31:28,لقمان,1,12885
بِنِعْمَتِ,13238,No,2,31:31,لقمان,2,4673
لِيُرِيَكُمْ,13239,No,1,31:31,لقمان,1,13588
كَالظُّلَلِ,13240,No,1,31:32,لقمان,1,12797
مُقْتَصِدٌ,13241,No,2,31:32,لقمان,2,5905
خَتَّارٍ,13242,No,1,31:32,لقمان,1,10387
وَاخْشَوْا,13243,No,1,31:33,لقمان,1,14916
وَالِدٌ,13244,No,1,31:33,لقمان,1,15100
وَلَدِهِ,13245,No,1,31:33,لقمان,1,16045
جَازٍ,13246,No,1,31:33,لقمان,1,10075
وَالِدِهِ,13247,No,1,31:33,لقمان,1,15103
تَغُرَّنَّكُمُ,13248,No,2,31:33,لقمان,2,4763
يَغُرَّنَّكُمْ,13249,No,2,31:33,لقمان,2,6550
الْغَرُورُ,13250,No,3,31:33,لقمان,3,2996
الْغَيْثَ,13251,No,2,31:34,لقمان,2,4425
تَدْرِي,13252,No,4,31:34,لقمان,3,2351
بِأَيِّ,13253,No,2,31:34,لقمان,2,4592
أَرْضٍ,13254,No,1,31:34,لقمان,1,7057
تَمُوتُ,13255,No,1,31:34,لقمان,1,9756
تَنْزِيلُ,13256,No,5,32:2,السجدة,5,1855
يَعْرُجُ,13257,No,3,32:5,السجدة,3,3901
مِقْدَارُهُ,13258,No,2,32:5,السجدة,2,5928
وَبَدَأَ,13259,No,1,32:7,السجدة,1,15287
نَسْلَهُ,13260,No,1,32:8,السجدة,1,14311
مَهِينٍ,13261,No,3,32:8,السجدة,3,3579
سَوَّاهُ,13262,No,1,32:9,السجدة,1,11015
وَنَفَخَ,13263,No,1,32:9,السجدة,1,16287
رُوحِهِ,13264,No,1,32:9,السجدة,1,10756
ضَلَلْنَا,13265,No,1,32:10,السجدة,1,11318
مَلَكُ,13266,No,1,32:11,السجدة,1,13810
وُكِّلَ,13267,No,1,32:11,السجدة,1,16599
نَاكِسُو,13268,No,1,32:12,السجدة,1,14213
أَبْصَرْنَا,13269,No,1,32:12,السجدة,1,6806
وَسَمِعْنَا,13270,No,1,32:12,السجدة,1,15724
فَارْجِعْنَا,13271,No,1,32:12,السجدة,1,11925
نَعْمَلْ,13272,No,2,32:12,السجدة,2,5978
مُوقِنُونَ,13273,No,1,32:12,السجدة,1,14138
لَآتَيْنَا,13274,No,1,32:13,السجدة,1,12941
هُدَاهَا,13275,No,1,32:13,السجدة,1,14569
نَسِيتُمْ,13276,No,2,32:14,السجدة,2,5969
نَسِينَاكُمْ,13277,No,1,32:14,السجدة,1,14299
وَسَبَّحُوا,13278,No,1,32:15,السجدة,1,15704
تَتَجَافَى,13279,No,1,32:16,السجدة,1,9362
جُنُوبُهُمْ,13280,No,1,32:16,السجدة,1,10146
أُخْفِيَ,13281,No,1,32:17,السجدة,1,7581
قُرَّةِ,13282,No,1,32:17,السجدة,1,12721
فَاسِقًا,13283,No,1,32:18,السجدة,1,11928
الْمَأْوَى,13284,No,4,32:19,السجدة,3,2277
فَمَأْوَاهُمُ,13285,No,1,32:20,السجدة,1,12439
وَلَنُذِيقَنَّهُمْ,13286,No,2,32:21,السجدة,2,6352
مُنْتَقِمُونَ,13287,No,3,32:22,السجدة,3,3608
لِقَائِهِ,13288,No,1,32:23,السجدة,1,13438
نَسُوقُ,13289,No,1,32:27,السجدة,1,14295
الْجُرُزِ,13290,No,1,32:27,السجدة,1,8338
فَنُخْرِجُ,13291,No,1,32:27,السجدة,1,12472
أَنْعَامُهُمْ,13292,No,1,32:27,السجدة,1,7456
وَأَنْفُسُهُمْ,13293,No,1,32:27,السجدة,1,14794
الْفَتْحِ,13294,No,2,32:29,السجدة,2,4429
إِيمَانُهُمْ,13295,No,2,32:29,السجدة,2,4203
وَانْتَظِرْ,13296,No,1,32:30,السجدة,1,15268
لِرَجُلٍ,13297,No,2,33:4,الأحزاب,2,5723
قَلْبَيْنِ,13298,No,1,33:4,الأحزاب,1,12688
جَوْفِهِ,13299,No,1,33:4,الأحزاب,1,10129
أَزْوَاجَكُمُ,13300,No,1,33:4,الأحزاب,1,7071
اللَّائِي,13301,No,2,33:4,الأحزاب,2,4306
تُظَاهِرُونَ,13302,No,1,33:4,الأحزاب,1,9942
أَدْعِيَاءَكُمْ,13303,No,1,33:4,الأحزاب,1,7006
قَوْلُكُمْ,13304,No,1,33:4,الأحزاب,1,12705
ادْعُوهُمْ,13305,No,1,33:5,الأحزاب,1,7786
آبَاءَهُمْ,13306,No,3,33:5,الأحزاب,3,2815
وَمَوَالِيكُمْ,13307,No,1,33:5,الأحزاب,1,16219
أَخْطَأْتُمْ,13308,No,1,33:5,الأحزاب,1,6985
تَعَمَّدَتْ,13309,No,1,33:5,الأحزاب,1,9628
وَأَزْوَاجُهُ,13310,No,1,33:6,الأحزاب,1,14688
أُمَّهَاتُهُمْ,13311,No,2,33:6,الأحزاب,2,4181
أَوْلِيَائِكُمْ,13312,No,1,33:6,الأحزاب,1,7519
وَمِنْكَ,13313,No,1,33:7,الأحزاب,1,16231
لِيَسْأَلَ,13314,No,1,33:8,الأحزاب,1,13551
صِدْقِهِمْ,13315,No,1,33:8,الأحزاب,1,11294
جُنُودٌ,13316,No,1,33:9,الأحزاب,1,10150
وَجُنُودًا,13317,No,1,33:9,الأحزاب,1,15507
زَاغَتِ,13318,No,1,33:10,الأحزاب,1,10792
وَبَلَغَتِ,13319,No,1,33:10,الأحزاب,1,15300
الْحَنَاجِرَ,13320,No,1,33:10,الأحزاب,1,8373
الظُّنُونَا,13321,No,1,33:10,الأحزاب,1,8123
ابْتُلِيَ,13322,No,1,33:11,الأحزاب,1,7715
زِلْزَالًا,13323,No,1,33:11,الأحزاب,1,10849
يَثْرِبَ,13324,No,1,33:13,الأحزاب,1,16734
مُقَامَ,13325,No,1,33:13,الأحزاب,1,14063
وَيَسْتَأْذِنُ,13326,No,1,33:13,الأحزاب,1,16432
بُيُوتَنَا,13327,No,1,33:13,الأحزاب,1,8953
عَوْرَةٌ,13328,No,1,33:13,الأحزاب,1,11588
بِعَوْرَةٍ,13329,No,1,33:13,الأحزاب,1,9202
دُخِلَتْ,13330,No,1,33:14,الأحزاب,1,10543
أَقْطَارِهَا,13331,No,1,33:14,الأحزاب,1,7296
سُئِلُوا,13332,No,1,33:14,الأحزاب,1,11049
لَآتَوْهَا,13333,No,1,33:14,الأحزاب,1,12940
تَلَبَّثُوا,13334,No,1,33:14,الأحزاب,1,9730
يُوَلُّونَ,13335,No,1,33:15,الأحزاب,1,17575
عَهْدُ,13336,No,1,33:15,الأحزاب,1,11582
يَنْفَعَكُمُ,13337,No,2,33:16,الأحزاب,2,6589
الْفِرَارُ,13338,No,1,33:16,الأحزاب,1,8511
فَرَرْتُمْ,13339,No,1,33:16,الأحزاب,1,12195
تُمَتَّعُونَ,13340,No,1,33:16,الأحزاب,1,9986
يَعْصِمُكُمْ,13341,No,1,33:17,الأحزاب,1,17010
الْمُعَوِّقِينَ,13342,No,1,33:18,الأحزاب,1,8692
وَالْقَائِلِينَ,13343,No,1,33:18,الأحزاب,1,15208
الْبَأْسَ,13344,No,1,33:18,الأحزاب,1,8287
أَشِحَّةً,13345,No,2,33:19,الأحزاب,1,4061
الْخَوْفُ,13346,No,2,33:19,الأحزاب,1,4395
تَدُورُ,13347,No,1,33:19,الأحزاب,1,9463
يُغْشَى,13348,No,1,33:19,الأحزاب,1,17471
سَلَقُوكُمْ,13349,No,1,33:19,الأحزاب,1,10969
بِأَلْسِنَةٍ,13350,No,1,33:19,الأحزاب,1,8973
حِدَادٍ,13351,No,1,33:19,الأحزاب,1,10330
فَأَحْبَطَ,13352,No,3,33:19,الأحزاب,2,3372
الْأَحْزَابَ,13353,No,2,33:20,الأحزاب,1,4323
يَوَدُّوا,13354,No,1,33:20,الأحزاب,1,17205
بَادُونَ,13355,No,1,33:20,الأحزاب,1,8807
أَنْبَائِكُمْ,13356,No,1,33:20,الأحزاب,1,7414
قَاتَلُوا,13357,No,1,33:20,الأحزاب,1,12601
أُسْوَةٌ,13358,No,3,33:21,الأحزاب,2,2898
وَالْيَوْمَ,13359,No,2,33:21,الأحزاب,2,6185
وَذَكَرَ,13360,No,2,33:21,الأحزاب,2,6245
وَصَدَقَ,13361,No,2,33:22,الأحزاب,2,6280
زَادَهُمْ,13362,No,3,33:22,الأحزاب,3,3263
وَتَسْلِيمًا,13363,No,1,33:22,الأحزاب,1,15389
نَحْبَهُ,13364,No,1,33:23,الأحزاب,1,14268
يَنْتَظِرُ,13365,No,1,33:23,الأحزاب,1,17155
تَبْدِيلًا,13366,No,5,33:23,الأحزاب,4,1844
بِصِدْقِهِمْ,13367,No,1,33:24,الأحزاب,1,9177
وَيُعَذِّبَ,13368,No,2,33:24,الأحزاب,2,6436
وَرَدَّ,13369,No,1,33:25,الأحزاب,1,15648
بِغَيْظِهِمْ,13370,No,1,33:25,الأحزاب,1,9211
قَوِيًّا,13371,No,1,33:25,الأحزاب,1,12700
ظَاهَرُوهُمْ,13372,No,1,33:26,الأحزاب,1,11385
صَيَاصِيهِمْ,13373,No,1,33:26,الأحزاب,1,11273
وَقَذَفَ,13374,No,2,33:26,الأحزاب,2,6320
وَتَأْسِرُونَ,13375,No,1,33:26,الأحزاب,1,15347
وَأَوْرَثَكُمْ,13376,No,1,33:27,الأحزاب,1,14807
أَرْضَهُمْ,13377,No,1,33:27,الأحزاب,1,7061
وَدِيَارَهُمْ,13378,No,1,33:27,الأحزاب,1,15601
وَأَرْضًا,13379,No,1,33:27,الأحزاب,1,14683
تَطَئُوهَا,13380,No,1,33:27,الأحزاب,1,9611
لِأَزْوَاجِكَ,13381,No,2,33:28,الأحزاب,1,5711
كُنْتُنَّ,13382,No,2,33:28,الأحزاب,1,5634
تُرِدْنَ,13383,No,2,33:28,الأحزاب,1,4821
فَتَعَالَيْنَ,13384,No,1,33:28,الأحزاب,1,12089
أُمَتِّعْكُنَّ,13385,No,1,33:28,الأحزاب,1,7614
وَأُسَرِّحْكُنَّ,13386,No,1,33:28,الأحزاب,1,14830
سَرَاحًا,13387,No,2,33:28,الأحزاب,1,5086
جَمِيلًا,13388,No,4,33:28,الأحزاب,3,2388
وَالدَّارَ,13389,No,1,33:29,الأحزاب,1,15009
لِلْمُحْسِنَاتِ,13390,No,1,33:29,الأحزاب,1,13490
مِنْكُنَّ,13391,No,4,33:29,الأحزاب,2,2622
نِسَاءَ,13392,No,2,33:30,الأحزاب,1,6010
يَقْنُتْ,13393,No,1,33:31,الأحزاب,1,17083
وَتَعْمَلْ,13394,No,1,33:31,الأحزاب,1,15407
نُؤْتِهَا,13395,No,1,33:31,الأحزاب,1,14429
أَجْرَهَا,13396,No,1,33:31,الأحزاب,1,6905
لَسْتُنَّ,13397,No,1,33:32,الأحزاب,1,13080
كَأَحَدٍ,13398,No,1,33:32,الأحزاب,1,12771
اتَّقَيْتُنَّ,13399,No,1,33:32,الأحزاب,1,7744
تَخْضَعْنَ,13400,No,1,33:32,الأحزاب,1,9453
فَيَطْمَعَ,13401,No,1,33:32,الأحزاب,1,12518
وَقَرْنَ,13402,No,1,33:33,الأحزاب,1,15942
بُيُوتِكُنَّ,13403,No,2,33:33,الأحزاب,1,4576
تَبَرَّجْنَ,13404,No,1,33:33,الأحزاب,1,9330
تَبَرُّجَ,13405,No,1,33:33,الأحزاب,1,9331
وَأَقِمْنَ,13406,No,1,33:33,الأحزاب,1,14740
وَآتِينَ,13407,No,1,33:33,الأحزاب,1,14588
وَأَطِعْنَ,13408,No,1,33:33,الأحزاب,1,14718
لِيُذْهِبَ,13409,No,1,33:33,الأحزاب,1,13586
عَنْكُمُ,13410,No,2,33:33,الأحزاب,2,5299
وَيُطَهِّرَكُمْ,13411,No,1,33:33,الأحزاب,1,16555
تَطْهِيرًا,13412,No,1,33:33,الأحزاب,1,9618
وَاذْكُرْنَ,13413,No,1,33:34,الأحزاب,1,14924
لَطِيفًا,13414,No,1,33:34,الأحزاب,1,13092
وَالْمُسْلِمَاتِ,13415,No,1,33:35,الأحزاب,1,15245
وَالْمُؤْمِنِينَ,13416,No,1,33:35,الأحزاب,1,15237
وَالْقَانِتَاتِ,13417,No,1,33:35,الأحزاب,1,15211
وَالصَّادِقَاتِ,13418,No,1,33:35,الأحزاب,1,15055
وَالصَّابِرَاتِ,13419,No,1,33:35,الأحزاب,1,15053
وَالْخَاشِعِينَ,13420,No,1,33:35,الأحزاب,1,15169
وَالْخَاشِعَاتِ,13421,No,1,33:35,الأحزاب,1,15168
وَالْمُتَصَدِّقِينَ,13422,No,1,33:35,الأحزاب,1,15240
وَالْمُتَصَدِّقَاتِ,13423,No,1,33:35,الأحزاب,1,15239
وَالصَّائِمِينَ,13424,No,1,33:35,الأحزاب,1,15051
وَالصَّائِمَاتِ,13425,No,1,33:35,الأحزاب,1,15050
وَالْحَافِظِينَ,13426,No,1,33:35,الأحزاب,1,15160
وَالْحَافِظَاتِ,13427,No,1,33:35,الأحزاب,1,15158
وَالذَّاكِرِينَ,13428,No,1,33:35,الأحزاب,1,15016
وَالذَّاكِرَاتِ,13429,No,1,33:35,الأحزاب,1,15015
وَأَجْرًا,13430,No,2,33:35,الأحزاب,2,6040
وَأَنْعَمْتَ,13431,No,1,33:37,الأحزاب,1,14790
أَمْسِكْ,13432,No,2,33:37,الأحزاب,2,4129
زَوْجَكَ,13433,No,1,33:37,الأحزاب,1,10826
وَاتَّقِ,13434,No,1,33:37,الأحزاب,1,14897
وَتُخْفِي,13435,No,1,33:37,الأحزاب,1,15449
مُبْدِيهِ,13436,No,1,33:37,الأحزاب,1,13897
وَتَخْشَى,13437,No,1,33:37,الأحزاب,1,15367
تَخْشَاهُ,13438,No,1,33:37,الأحزاب,1,9447
زَيْدٌ,13439,No,1,33:37,الأحزاب,1,10831
وَطَرًا,13440,No,2,33:37,الأحزاب,1,6289
زَوَّجْنَاكَهَا,13441,No,1,33:37,الأحزاب,1,10823
أَزْوَاجِ,13442,No,1,33:37,الأحزاب,1,7077
أَدْعِيَائِهِمْ,13443,No,1,33:37,الأحزاب,1,7007
قَضَوْا,13444,No,1,33:37,الأحزاب,1,12673
قَدَرًا,13445,No,1,33:38,الأحزاب,1,12644
مَقْدُورًا,13446,No,1,33:38,الأحزاب,1,13785
يُبَلِّغُونَ,13447,No,1,33:39,الأحزاب,1,17241
وَيَخْشَوْنَهُ,13448,No,1,33:39,الأحزاب,1,16410
أَبَا,13449,No,1,33:40,الأحزاب,1,6778
وَخَاتَمَ,13450,No,1,33:40,الأحزاب,1,15570
وَسَبِّحُوهُ,13451,No,1,33:42,الأحزاب,1,15705
وَمَلَائِكَتُهُ,13452,No,1,33:43,الأحزاب,1,16213
لِيُخْرِجَكُمْ,13453,No,2,33:43,الأحزاب,2,5768
شَاهِدًا,13454,No,3,33:45,الأحزاب,3,3289
وَمُبَشِّرًا,13455,No,3,33:45,الأحزاب,3,3818
وَدَاعِيًا,13456,No,1,33:46,الأحزاب,1,15589
وَسِرَاجًا,13457,No,1,33:46,الأحزاب,1,15743
وَدَعْ,13458,No,1,33:48,الأحزاب,1,15593
أَذَاهُمْ,13459,No,1,33:48,الأحزاب,1,7011
نَكَحْتُمُ,13460,No,1,33:49,الأحزاب,1,14401
عِدَّةٍ,13461,No,1,33:49,الأحزاب,1,11636
تَعْتَدُّونَهَا,13462,No,1,33:49,الأحزاب,1,9636
فَمَتِّعُوهُنَّ,13463,No,1,33:49,الأحزاب,1,12441
وَسَرِّحُوهُنَّ,13464,No,1,33:49,الأحزاب,1,15713
أَحْلَلْنَا,13465,No,1,33:50,الأحزاب,1,6940
أَزْوَاجَكَ,13466,No,1,33:50,الأحزاب,1,7070
يَمِينُكَ,13467,No,2,33:50,الأحزاب,1,6572
أَفَاءَ,13468,No,3,33:50,الأحزاب,2,2865
وَبَنَاتِ,13469,No,4,33:50,الأحزاب,1,2704
عَمِّكَ,13470,No,1,33:50,الأحزاب,1,11576
عَمَّاتِكَ,13471,No,1,33:50,الأحزاب,1,11567
خَالِكَ,13472,No,1,33:50,الأحزاب,1,10378
خَالَاتِكَ,13473,No,1,33:50,الأحزاب,1,10371
هَاجَرْنَ,13474,No,1,33:50,الأحزاب,1,14539
وَامْرَأَةً,13475,No,1,33:50,الأحزاب,1,15260
مُؤْمِنَةً,13476,No,1,33:50,الأحزاب,1,13889
وَهَبَتْ,13477,No,1,33:50,الأحزاب,1,16336
نَفْسَهَا,13478,No,1,33:50,الأحزاب,1,14376
يَسْتَنْكِحَهَا,13479,No,1,33:50,الأحزاب,1,16907
فَرَضْنَا,13480,No,1,33:50,الأحزاب,1,12197
تُرْجِي,13481,No,1,33:51,الأحزاب,1,9900
وَتُؤْوِي,13482,No,1,33:51,الأحزاب,1,15441
ابْتَغَيْتَ,13483,No,1,33:51,الأحزاب,1,7713
عَزَلْتَ,13484,No,1,33:51,الأحزاب,1,11500
أَعْيُنُهُنَّ,13485,No,1,33:51,الأحزاب,1,7229
يَحْزَنَّ,13486,No,1,33:51,الأحزاب,1,16761
وَيَرْضَيْنَ,13487,No,1,33:51,الأحزاب,1,16427
آتَيْتَهُنَّ,13488,No,1,33:51,الأحزاب,1,6711
كُلُّهُنَّ,13489,No,1,33:51,الأحزاب,1,12916
النِّسَاءُ,13490,No,1,33:52,الأحزاب,1,8169
تَبَدَّلَ,13491,No,1,33:52,الأحزاب,1,9327
حُسْنُهُنَّ,13492,No,1,33:52,الأحزاب,1,10305
بُيُوتَ,13493,No,1,33:53,الأحزاب,1,8951
نَاظِرِينَ,13494,No,1,33:53,الأحزاب,1,14209
إِنَاهُ,13495,No,1,33:53,الأحزاب,1,7690
دُعِيتُمْ,13496,No,1,33:53,الأحزاب,1,10553
طَعِمْتُمْ,13497,No,1,33:53,الأحزاب,1,11361
فَانْتَشِرُوا,13498,No,2,33:53,الأحزاب,2,5409
مُسْتَأْنِسِينَ,13499,No,1,33:53,الأحزاب,1,13988
لِحَدِيثٍ,13500,No,1,33:53,الأحزاب,1,13392
يُؤْذِي,13501,No,1,33:53,الأحزاب,1,17225
فَيَسْتَحْيِي,13502,No,1,33:53,الأحزاب,1,12514
سَأَلْتُمُوهُنَّ,13503,No,1,33:53,الأحزاب,1,10869
فَاسْأَلُوهُنَّ,13504,No,1,33:53,الأحزاب,1,11931
حِجَابٍ,13505,No,2,33:53,الأحزاب,2,4923
لِقُلُوبِكُمْ,13506,No,1,33:53,الأحزاب,1,13442
وَقُلُوبِهِنَّ,13507,No,1,33:53,الأحزاب,1,15975
تُؤْذُوا,13508,No,1,33:53,الأحزاب,1,9838
أَزْوَاجَهُ,13509,No,1,33:53,الأحزاب,1,7072
وَاتَّقِينَ,13510,No,1,33:55,الأحزاب,1,14898
وَمَلَائِكَتَهُ,13511,No,1,33:56,الأحزاب,1,16212
يُصَلُّونَ,13512,No,1,33:56,الأحزاب,1,17390
صَلُّوا,13513,No,1,33:56,الأحزاب,1,11262
وَسَلِّمُوا,13514,No,1,33:56,الأحزاب,1,15723
احْتَمَلُوا,13515,No,1,33:58,الأحزاب,1,7764
وَبَنَاتِكَ,13516,No,1,33:59,الأحزاب,1,15305
وَنِسَاءِ,13517,No,1,33:59,الأحزاب,1,16330
يُدْنِينَ,13518,No,1,33:59,الأحزاب,1,17336
جَلَابِيبِهِنَّ,13519,No,1,33:59,الأحزاب,1,10099
يُعْرَفْنَ,13520,No,1,33:59,الأحزاب,1,17460
يُؤْذَيْنَ,13521,No,1,33:59,الأحزاب,1,17224
يَنْتَهِ,13522,No,2,33:60,الأحزاب,2,6578
وَالْمُرْجِفُونَ,13523,No,1,33:60,الأحزاب,1,15242
لَنُغْرِيَنَّكَ,13524,No,1,33:60,الأحزاب,1,13225
يُجَاوِرُونَكَ,13525,No,1,33:60,الأحزاب,1,17268
مَلْعُونِينَ,13526,No,1,33:61,الأحزاب,1,13821
أُخِذُوا,13527,No,1,33:61,الأحزاب,1,7568
وَقُتِّلُوا,13528,No,1,33:61,الأحزاب,1,15967
تَقْتِيلًا,13529,No,1,33:61,الأحزاب,1,9702
لِسُنَّةِ,13530,No,2,33:62,الأحزاب,2,5728
يُدْرِيكَ,13531,No,3,33:63,الأحزاب,3,3937
لَعَلَّ,13532,No,3,33:63,الأحزاب,3,3498
لَعَنَ,13533,No,1,33:64,الأحزاب,1,13109
تُقَلَّبُ,13534,No,1,33:66,الأحزاب,1,9966
أَطَعْنَا,13535,No,2,33:66,الأحزاب,1,4073
الرَّسُولَا,13536,No,1,33:66,الأحزاب,1,7967
سَادَتَنَا,13537,No,1,33:67,الأحزاب,1,10890
وَكُبَرَاءَنَا,13538,No,1,33:67,الأحزاب,1,16010
فَأَضَلُّونَا,13539,No,1,33:67,الأحزاب,1,11800
السَّبِيلَا,13540,No,1,33:67,الأحزاب,1,8010
آتِهِمْ,13541,No,1,33:68,الأحزاب,1,6715
وَالْعَنْهُمْ,13542,No,1,33:68,الأحزاب,1,15186
لَعْنًا,13543,No,1,33:68,الأحزاب,1,13116
آذَوْا,13544,No,1,33:69,الأحزاب,1,6733
فَبَرَّأَهُ,13545,No,1,33:69,الأحزاب,1,12052
يُصْلِحْ,13546,No,1,33:71,الأحزاب,1,17410
أَعْمَالَكُمْ,13547,No,4,33:71,الأحزاب,2,2168
عَرَضْنَا,13548,No,1,33:72,الأحزاب,1,11488
الْأَمَانَةَ,13549,No,1,33:72,الأحزاب,1,8243
وَالْجِبَالِ,13550,No,1,33:72,الأحزاب,1,15154
فَأَبَيْنَ,13551,No,1,33:72,الأحزاب,1,11745
يَحْمِلْنَهَا,13552,No,1,33:72,الأحزاب,1,16774
وَأَشْفَقْنَ,13553,No,1,33:72,الأحزاب,1,14705
وَحَمَلَهَا,13554,No,1,33:72,الأحزاب,1,15548
ظَلُومًا,13555,No,1,33:72,الأحزاب,1,11391
جَهُولًا,13556,No,1,33:72,الأحزاب,1,10127
لِيُعَذِّبَ,13557,No,1,33:73,الأحزاب,1,13597
وَالْمُشْرِكِينَ,13558,No,4,33:73,الأحزاب,3,2700
وَالْمُشْرِكَاتِ,13559,No,2,33:73,الأحزاب,2,6179
يَلِجُ,13560,No,2,34:2,سبأ,2,6563
يَنْزِلُ,13561,No,2,34:2,سبأ,2,6580
لَتَأْتِيَنَّكُمْ,13562,No,1,34:3,سبأ,1,13012
مِثْقَالُ,13563,No,1,34:3,سبأ,1,14147
أَصْغَرُ,13564,No,1,34:3,سبأ,1,7156
رِجْزٍ,13565,No,2,34:5,سبأ,2,5052
وَيَرَى,13566,No,1,34:6,سبأ,1,16420
نَدُلُّكُمْ,13567,No,1,34:7,سبأ,1,14275
مُزِّقْتُمْ,13568,No,1,34:7,سبأ,1,13981
مُمَزَّقٍ,13569,No,2,34:7,سبأ,1,5911
أَفْتَرَى,13570,No,1,34:8,سبأ,1,7276
وَالضَّلَالِ,13571,No,1,34:8,سبأ,1,15062
الْبَعِيدِ,13572,No,1,34:8,سبأ,1,8304
نَخْسِفْ,13573,No,1,34:9,سبأ,1,14272
نُسْقِطْ,13574,No,1,34:9,سبأ,1,14460
عَبْدٍ,13575,No,2,34:9,سبأ,2,5268
مُنِيبٍ,13576,No,3,34:9,سبأ,2,3606
جِبَالُ,13577,No,1,34:10,سبأ,1,10163
أَوِّبِي,13578,No,1,34:10,سبأ,1,7499
وَأَلَنَّا,13579,No,1,34:10,سبأ,1,14756
الْحَدِيدَ,13580,No,2,34:10,سبأ,2,4381
اعْمَلْ,13581,No,1,34:11,سبأ,1,7881
سَابِغَاتٍ,13582,No,1,34:11,سبأ,1,10883
وَقَدِّرْ,13583,No,1,34:11,سبأ,1,15938
السَّرْدِ,13584,No,1,34:11,سبأ,1,8020
غُدُوُّهَا,13585,No,1,34:12,سبأ,1,11708
شَهْرٌ,13586,No,2,34:12,سبأ,1,5154
وَرَوَاحُهَا,13587,No,1,34:12,سبأ,1,15660
وَأَسَلْنَا,13588,No,1,34:12,سبأ,1,14691
عَيْنَ,13589,No,2,34:12,سبأ,2,5302
الْقِطْرِ,13590,No,1,34:12,سبأ,1,8555
يَزِغْ,13591,No,1,34:12,سبأ,1,16860
مَحَارِيبَ,13592,No,1,34:13,سبأ,1,13663
وَتَمَاثِيلَ,13593,No,1,34:13,سبأ,1,15429
وَجِفَانٍ,13594,No,1,34:13,سبأ,1,15513
كَالْجَوَابِ,13595,No,1,34:13,سبأ,1,12803
وَقُدُورٍ,13596,No,1,34:13,سبأ,1,15968
رَاسِيَاتٍ,13597,No,1,34:13,سبأ,1,10641
شُكْرًا,13598,No,1,34:13,سبأ,1,11172
وَقَلِيلٌ,13599,No,3,34:13,سبأ,3,3790
الشَّكُورُ,13600,No,1,34:13,سبأ,1,8055
دَلَّهُمْ,13601,No,1,34:14,سبأ,1,10532
دَابَّةُ,13602,No,1,34:14,سبأ,1,10495
مِنْسَأَتَهُ,13603,No,1,34:14,سبأ,1,14175
تَبَيَّنَتِ,13604,No,1,34:14,سبأ,1,9336
الْجِنُّ,13605,No,1,34:14,سبأ,1,8347
الْمُهِينِ,13606,No,2,34:14,سبأ,2,4483
لِسَبَإٍ,13607,No,1,34:15,سبأ,1,13418
مَسْكَنِهِمْ,13608,No,1,34:15,سبأ,1,13724
جَنَّتَانِ,13609,No,3,34:15,سبأ,2,3188
يَمِينٍ,13610,No,1,34:15,سبأ,1,17139
وَشِمَالٍ,13611,No,1,34:15,سبأ,1,15764
بَلْدَةٌ,13612,No,1,34:15,سبأ,1,8910
طَيِّبَةٌ,13613,No,1,34:15,سبأ,1,11374
وَرَبٌّ,13614,No,1,34:15,سبأ,1,15632
فَأَعْرَضُوا,13615,No,1,34:16,سبأ,1,11804
سَيْلَ,13616,No,1,34:16,سبأ,1,11044
الْعَرِمِ,13617,No,1,34:16,سبأ,1,8445
وَبَدَّلْنَاهُمْ,13618,No,1,34:16,سبأ,1,15288
بِجَنَّتَيْهِمْ,13619,No,1,34:16,سبأ,1,9097
ذَوَاتَيْ,13620,No,1,34:16,سبأ,1,10602
أُكُلٍ,13621,No,1,34:16,سبأ,1,7609
خَمْطٍ,13622,No,1,34:16,سبأ,1,10438
وَأَثْلٍ,13623,No,1,34:16,سبأ,1,14625
وَشَيْءٍ,13624,No,1,34:16,سبأ,1,15758
سِدْرٍ,13625,No,2,34:16,سبأ,2,5125
نُجَازِي,13626,No,1,34:17,سبأ,1,14435
الْكَفُورَ,13627,No,1,34:17,سبأ,1,8565
قُرًى,13628,No,2,34:18,سبأ,2,5580
وَقَدَّرْنَا,13629,No,1,34:18,سبأ,1,15936
السَّيْرَ,13630,No,1,34:18,سبأ,1,8035
لَيَالِيَ,13631,No,1,34:18,سبأ,1,13250
وَأَيَّامًا,13632,No,1,34:18,سبأ,1,14812
بَاعِدْ,13633,No,1,34:19,سبأ,1,8821
أَسْفَارِنَا,13634,No,1,34:19,سبأ,1,7098
وَمَزَّقْنَاهُمْ,13635,No,1,34:19,سبأ,1,16192
صَدَّقَ,13636,No,2,34:20,سبأ,2,5187
ظَنَّهُ,13637,No,1,34:20,سبأ,1,11398
فَاتَّبَعُوهُ,13638,No,1,34:20,سبأ,1,11880
شِرْكٍ,13639,No,1,34:22,سبأ,1,11184
ظَهِيرٍ,13640,No,1,34:22,سبأ,1,11403
فُزِّعَ,13641,No,1,34:23,سبأ,1,12569
إِيَّاكُمْ,13642,No,2,34:24,سبأ,1,4204
أَجْرَمْنَا,13643,No,1,34:25,سبأ,1,6904
نُسْأَلُ,13644,No,1,34:25,سبأ,1,14458
يَفْتَحُ,13645,No,1,34:26,سبأ,1,17039
الْفَتَّاحُ,13646,No,1,34:26,سبأ,1,8493
أَرُونِيَ,13647,No,1,34:27,سبأ,1,7036
أَلْحَقْتُمْ,13648,No,1,34:27,سبأ,1,7338
مِيعَادُ,13649,No,1,34:30,سبأ,1,14179
تَسْتَأْخِرُونَ,13650,No,1,34:30,سبأ,1,9542
تَسْتَقْدِمُونَ,13651,No,1,34:30,سبأ,1,9558
مَوْقُوفُونَ,13652,No,1,34:31,سبأ,1,13879
أَنَحْنُ,13653,No,1,34:32,سبأ,1,7406
صَدَدْنَاكُمْ,13654,No,1,34:32,سبأ,1,11218
مَكْرُ,13655,No,1,34:33,سبأ,1,13802
تَأْمُرُونَنَا,13656,No,1,34:33,سبأ,1,9316
نَكْفُرَ,13657,No,1,34:33,سبأ,1,14410
وَنَجْعَلَ,13658,No,1,34:33,سبأ,1,16248
الْأَغْلَالَ,13659,No,1,34:33,سبأ,1,8227
أَعْنَاقِ,13660,No,1,34:33,سبأ,1,7225
مُتْرَفُوهَا,13661,No,2,34:34,سبأ,2,5870
أَوْلَادُكُمْ,13662,No,3,34:37,سبأ,3,2889
تُقَرِّبُكُمْ,13663,No,1,34:37,سبأ,1,9964
زُلْفَى,13664,No,2,34:37,سبأ,2,5065
الضِّعْفِ,13665,No,1,34:37,سبأ,1,8103
الْغُرُفَاتِ,13666,No,1,34:37,سبأ,1,8486
يَسْعَوْنَ,13667,No,1,34:38,سبأ,1,16921
يُخْلِفُهُ,13668,No,1,34:39,سبأ,1,17327
يَصُدَّكُمْ,13669,No,1,34:43,سبأ,1,16945
كُتُبٍ,13670,No,1,34:44,سبأ,1,12902
يَدْرُسُونَهَا,13671,No,1,34:44,سبأ,1,16812
مِعْشَارَ,13672,No,1,34:45,سبأ,1,14168
فَكَذَّبُوا,13673,No,2,34:45,سبأ,2,5479
رُسُلِي,13674,No,1,34:45,سبأ,1,10743
أَعِظُكُمْ,13675,No,1,34:46,سبأ,1,7201
بِوَاحِدَةٍ,13676,No,1,34:46,سبأ,1,9282
وَفُرَادَى,13677,No,1,34:46,سبأ,1,15916
تَتَفَكَّرُوا,13678,No,1,34:46,سبأ,1,9364
بِصَاحِبِكُمْ,13679,No,1,34:46,سبأ,1,9171
يَقْذِفُ,13680,No,1,34:48,سبأ,1,17074
يُعِيدُ,13681,No,1,34:49,سبأ,1,17451
أَضِلُّ,13682,No,1,34:50,سبأ,1,7173
اهْتَدَيْتُ,13683,No,1,34:50,سبأ,1,8796
فَزِعُوا,13684,No,1,34:51,سبأ,1,12223
فَوْتَ,13685,No,1,34:51,سبأ,1,12495
وَأُخِذُوا,13686,No,1,34:51,سبأ,1,14828
وَأَنَّى,13687,No,2,34:52,سبأ,2,6068
التَّنَاوُشُ,13688,No,1,34:52,سبأ,1,7919
وَيَقْذِفُونَ,13689,No,1,34:53,سبأ,1,16466
وَحِيلَ,13690,No,1,34:54,سبأ,1,15565
فُعِلَ,13691,No,1,34:54,سبأ,1,12574
بِأَشْيَاعِهِمْ,13692,No,1,34:54,سبأ,1,8969
جَاعِلِ,13693,No,1,35:1,فاطر,1,10078
أَجْنِحَةٍ,13694,No,1,35:1,فاطر,1,6911
يَفْتَحِ,13695,No,1,35:2,فاطر,1,17040
مُمْسِكَ,13696,No,1,35:2,فاطر,1,14093
يُمْسِكْ,13697,No,1,35:2,فاطر,1,17520
مُرْسِلَ,13698,No,1,35:2,فاطر,1,13976
خَالِقٍ,13699,No,1,35:3,فاطر,1,10377
فَاتَّخِذُوهُ,13700,No,1,35:6,فاطر,1,11888
حِزْبَهُ,13701,No,1,35:6,فاطر,1,10332
عَمَلِهِ,13702,No,3,35:8,فاطر,3,3347
فَرَآهُ,13703,No,2,35:8,فاطر,2,5440
تَذْهَبْ,13704,No,1,35:8,فاطر,1,9483
نَفْسُكَ,13705,No,1,35:8,فاطر,1,14377
فَسُقْنَاهُ,13706,No,1,35:9,فاطر,1,12247
فَأَحْيَيْنَا,13707,No,1,35:9,فاطر,1,11762
النُّشُورُ,13708,No,2,35:9,فاطر,2,4318
يَصْعَدُ,13709,No,1,35:10,فاطر,1,16955
الْكَلِمُ,13710,No,1,35:10,فاطر,1,8567
وَالْعَمَلُ,13711,No,1,35:10,فاطر,1,15185
الصَّالِحُ,13712,No,1,35:10,فاطر,1,8071
يَرْفَعُهُ,13713,No,1,35:10,فاطر,1,16848
وَمَكْرُ,13714,No,1,35:10,فاطر,1,16209
يَبُورُ,13715,No,1,35:10,فاطر,1,16658
تَضَعُ,13716,No,2,35:11,فاطر,2,4749
مُعَمَّرٍ,13717,No,1,35:11,فاطر,1,14051
يُنْقَصُ,13718,No,1,35:11,فاطر,1,17544
عُمُرِهِ,13719,No,1,35:11,فاطر,1,11623
الْبَحْرَانِ,13720,No,1,35:12,فاطر,1,8296
سَائِغٌ,13721,No,1,35:12,فاطر,1,10880
شَرَابُهُ,13722,No,1,35:12,فاطر,1,11118
وَتَسْتَخْرِجُونَ,13723,No,1,35:12,فاطر,1,15388
قِطْمِيرٍ,13724,No,1,35:13,فاطر,1,12764
دُعَاءَكُمْ,13725,No,1,35:14,فاطر,1,10548
بِشِرْكِكُمْ,13726,No,1,35:14,فاطر,1,9167
يُنَبِّئُكَ,13727,No,1,35:14,فاطر,1,17529
الْفُقَرَاءُ,13728,No,2,35:15,فاطر,2,4432
مُثْقَلَةٌ,13729,No,1,35:18,فاطر,1,13927
حِمْلِهَا,13730,No,1,35:18,فاطر,1,10346
يُحْمَلْ,13731,No,1,35:18,فاطر,1,17302
تُنْذِرُ,13732,No,2,35:18,فاطر,2,4843
يَتَزَكَّى,13733,No,2,35:18,فاطر,2,6464
النُّورُ,13734,No,1,35:20,فاطر,1,8167
الظِّلُّ,13735,No,1,35:21,فاطر,1,8125
الْحَرُورُ,13736,No,1,35:21,فاطر,1,8358
الْأَحْيَاءُ,13737,No,1,35:22,فاطر,1,8197
الْأَمْوَاتُ,13738,No,1,35:22,فاطر,1,8250
يُسْمِعُ,13739,No,1,35:22,فاطر,1,17376
بِمُسْمِعٍ,13740,No,1,35:22,فاطر,1,9257
وَبِالزُّبُرِ,13741,No,1,35:25,فاطر,1,15320
وَبِالْكِتَابِ,13742,No,1,35:25,فاطر,1,15326
أَخَذْتُ,13743,No,1,35:26,فاطر,1,6954
ثَمَرَاتٍ,13744,No,2,35:27,فاطر,2,4855
أَلْوَانُهَا,13745,No,2,35:27,فاطر,1,4119
جُدَدٌ,13746,No,1,35:27,فاطر,1,10130
بِيضٌ,13747,No,1,35:27,فاطر,1,9289
وَحُمْرٌ,13748,No,1,35:27,فاطر,1,15560
وَغَرَابِيبُ,13749,No,1,35:27,فاطر,1,15885
سُودٌ,13750,No,1,35:27,فاطر,1,11073
وَالدَّوَابِّ,13751,No,1,35:28,فاطر,1,15013
الْعُلَمَاءُ,13752,No,1,35:28,فاطر,1,8465
تَبُورَ,13753,No,1,35:29,فاطر,1,9340
لِيُوَفِّيَهُمْ,13754,No,1,35:30,فاطر,1,13609
شَكُورٌ,13755,No,4,35:30,فاطر,3,2454
لَخَبِيرٌ,13756,No,2,35:31,فاطر,2,5663
أَوْرَثْنَا,13757,No,1,35:32,فاطر,1,7505
اصْطَفَيْنَا,13758,No,1,35:32,فاطر,1,7860
سَابِقٌ,13759,No,1,35:32,فاطر,1,10884
بِالْخَيْرَاتِ,13760,No,1,35:32,فاطر,1,9048
أَذْهَبَ,13761,No,1,35:34,فاطر,1,7019
الْحَزَنَ,13762,No,1,35:34,فاطر,1,8362
أَحَلَّنَا,13763,No,1,35:35,فاطر,1,6925
الْمُقَامَةِ,13764,No,1,35:35,فاطر,1,8701
يَمَسُّنَا,13765,No,2,35:35,فاطر,1,6568
لُغُوبٌ,13766,No,1,35:35,فاطر,1,13304
فَيَمُوتُوا,13767,No,1,35:36,فاطر,1,12530
عَذَابِهَا,13768,No,1,35:36,فاطر,1,11482
يَصْطَرِخُونَ,13769,No,1,35:37,فاطر,1,16953
نُعَمِّرْكُمْ,13770,No,1,35:37,فاطر,1,14476
تَذَكَّرَ,13771,No,1,35:37,فاطر,1,9473
وَجَاءَكُمُ,13772,No,1,35:37,فاطر,1,15476
غَيْبِ,13773,No,1,35:38,فاطر,1,11701
كُفْرُهُمْ,13774,No,2,35:39,فاطر,1,5632
مَقْتًا,13775,No,3,35:39,فاطر,3,3569
شُرَكَاءَكُمُ,13776,No,1,35:40,فاطر,1,11158
أَرُونِي,13777,No,2,35:40,فاطر,2,4036
شِرْكٌ,13778,No,2,35:40,فاطر,2,5169
بَيِّنَتٍ,13779,No,1,35:40,فاطر,1,8929
يَعِدُ,13780,No,1,35:40,فاطر,1,16990
يُمْسِكُ,13781,No,1,35:41,فاطر,1,17519
تَزُولَا,13782,No,1,35:41,فاطر,1,9527
زَالَتَا,13783,No,1,35:41,فاطر,1,10795
أَمْسَكَهُمَا,13784,No,1,35:41,فاطر,1,7393
لَيَكُونُنَّ,13785,No,1,35:42,فاطر,1,13269
الْأُمَمِ,13786,No,1,35:42,فاطر,1,8275
اسْتِكْبَارًا,13787,No,2,35:43,فاطر,2,4239
وَمَكْرَ,13788,No,1,35:43,فاطر,1,16208
السَّيِّئِ,13789,No,1,35:43,فاطر,1,8034
يَحِيقُ,13790,No,1,35:43,فاطر,1,16756
السَّيِّئُ,13791,No,1,35:43,فاطر,1,8033
سُنَّتَ,13792,No,2,35:43,فاطر,2,5120
لِسُنَّتِ,13793,No,2,35:43,فاطر,1,5729
لِيُعْجِزَهُ,13794,No,1,35:44,فاطر,1,13598
ظَهْرِهَا,13795,No,1,35:45,فاطر,1,11405
يس,13796,No,1,36:1,يس,1,16609
تَنْزِيلَ,13797,No,1,36:5,يس,1,9785
أُنْذِرَ,13798,No,1,36:6,يس,1,7623
أَكْثَرِهِمْ,13799,No,1,36:7,يس,1,7316
أَغْلَالًا,13800,No,1,36:8,يس,1,7234
الْأَذْقَانِ,13801,No,1,36:8,يس,1,8204
مُقْمَحُونَ,13802,No,1,36:8,يس,1,14074
فَأَغْشَيْنَاهُمْ,13803,No,1,36:9,يس,1,11808
وَسَوَاءٌ,13804,No,1,36:10,يس,1,15729
وَخَشِيَ,13805,No,1,36:11,يس,1,15578
بِمَغْفِرَةٍ,13806,No,1,36:11,يس,1,9243
وَأَجْرٍ,13807,No,1,36:11,يس,1,14627
وَنَكْتُبُ,13808,No,1,36:12,يس,1,16289
قَدَّمُوا,13809,No,1,36:12,يس,1,12650
وَآثَارَهُمْ,13810,No,1,36:12,يس,1,14589
أَحْصَيْنَاهُ,13811,No,2,36:12,يس,2,4014
إِمَامٍ,13812,No,1,36:12,يس,1,7688
فَعَزَّزْنَا,13813,No,1,36:14,يس,1,12299
بِثَالِثٍ,13814,No,1,36:14,يس,1,9090
مُرْسَلُونَ,13815,No,1,36:14,يس,1,13975
تَكْذِبُونَ,13816,No,1,36:15,يس,1,9723
لَمُرْسَلُونَ,13817,No,1,36:16,يس,1,13186
تَطَيَّرْنَا,13818,No,1,36:18,يس,1,9614
لَنَرْجُمَنَّكُمْ,13819,No,1,36:18,يس,1,13203
وَلَيَمَسَّنَّكُمْ,13820,No,1,36:18,يس,1,16080
أَئِنْ,13821,No,1,36:19,يس,1,6776
ذُكِّرْتُمْ,13822,No,1,36:19,يس,1,10611
يَسْأَلُكُمْ,13823,No,1,36:21,يس,1,16871
أَأَتَّخِذُ,13824,No,1,36:23,يس,1,6759
يُرِدْنِ,13825,No,1,36:23,يس,1,17346
شَفَاعَتُهُمْ,13826,No,2,36:23,يس,2,5146
يُنْقِذُونِ,13827,No,1,36:23,يس,1,17545
فَاسْمَعُونِ,13828,No,1,36:25,يس,1,11959
ادْخُلِ,13829,No,1,36:26,يس,1,7782
غَفَرَ,13830,No,1,36:27,يس,1,11682
الْمُكْرَمِينَ,13831,No,2,36:27,يس,2,4476
جُنْدٍ,13832,No,1,36:28,يس,1,10154
مُنْزِلِينَ,13833,No,1,36:28,يس,1,14117
صَيْحَةً,13834,No,5,36:29,يس,3,1927
خَامِدُونَ,13835,No,1,36:29,يس,1,10379
الْعِبَادِ,13836,No,2,36:30,يس,2,4415
جَمِيعٌ,13837,No,3,36:32,يس,2,3183
وَآيَةٌ,13838,No,3,36:33,يس,1,3661
أَحْيَيْنَاهَا,13839,No,1,36:33,يس,1,6950
وَأَخْرَجْنَا,13840,No,1,36:33,يس,1,14658
فَمِنْهُ,13841,No,1,36:33,يس,1,12449
الْعُيُونِ,13842,No,1,36:34,يس,1,8467
لِيَأْكُلُوا,13843,No,1,36:35,يس,1,13532
عَمِلَتْهُ,13844,No,1,36:35,يس,1,11571
الْأَزْوَاجَ,13845,No,2,36:36,يس,2,4327
نَسْلَخُ,13846,No,1,36:37,يس,1,14310
مُظْلِمُونَ,13847,No,1,36:37,يس,1,14042
لِمُسْتَقَرٍّ,13848,No,1,36:38,يس,1,13501
قَدَّرْنَاهُ,13849,No,1,36:39,يس,1,12649
كَالْعُرْجُونِ,13850,No,1,36:39,يس,1,12806
الشَّمْسُ,13851,No,4,36:40,يس,4,2233
تُدْرِكَ,13852,No,1,36:40,يس,1,9891
سَابِقُ,13853,No,1,36:40,يس,1,10885
وَخَلَقْنَا,13854,No,1,36:42,يس,1,15580
يَرْكَبُونَ,13855,No,1,36:42,يس,1,16852
نُغْرِقْهُمْ,13856,No,1,36:43,يس,1,14484
صَرِيخَ,13857,No,1,36:43,يس,1,11240
يُنْقَذُونَ,13858,No,1,36:43,يس,1,17543
خَلْفَكُمْ,13859,No,1,36:45,يس,1,10429
أَنُطْعِمُ,13860,No,1,36:47,يس,1,7410
أَطْعَمَهُ,13861,No,1,36:47,يس,1,7188
تَأْخُذُهُمْ,13862,No,1,36:49,يس,1,9304
يَخِصِّمُونَ,13863,No,1,36:49,يس,1,16781
تَوْصِيَةً,13864,No,1,36:50,يس,1,9825
الْأَجْدَاثِ,13865,No,3,36:51,يس,3,2970
بَعَثَنَا,13866,No,1,36:52,يس,1,8875
مَرْقَدِنَا,13867,No,1,36:52,يس,1,13708
شُغُلٍ,13868,No,1,36:55,يس,1,11168
فَاكِهُونَ,13869,No,1,36:55,يس,1,11998
وَأَزْوَاجُهُمْ,13870,No,1,36:56,يس,1,14689
ظِلَالٍ,13871,No,2,36:56,يس,2,5257
مُتَّكِئُونَ,13872,No,1,36:56,يس,1,13922
فَاكِهَةٌ,13873,No,4,36:57,يس,3,2509
يَدَّعُونَ,13874,No,1,36:57,يس,1,16804
رَبٍّ,13875,No,1,36:58,يس,1,10654
رَحِيمٍ,13876,No,2,36:58,يس,2,5024
وَامْتَازُوا,13877,No,1,36:59,يس,1,15259
أَعْهَدْ,13878,No,1,36:60,يس,1,7226
اعْبُدُونِي,13879,No,1,36:61,يس,1,7871
جِبِلًّا,13880,No,1,36:62,يس,1,10165
اصْلَوْهَا,13881,No,2,36:64,يس,2,4246
نَخْتِمُ,13882,No,1,36:65,يس,1,14271
وَتُكَلِّمُنَا,13883,No,1,36:65,يس,1,15460
وَتَشْهَدُ,13884,No,1,36:65,يس,1,15393
أَرْجُلُهُمْ,13885,No,1,36:65,يس,1,7044
لَطَمَسْنَا,13886,No,1,36:66,يس,1,13091
فَاسْتَبَقُوا,13887,No,1,36:66,يس,1,11934
لَمَسَخْنَاهُمْ,13888,No,1,36:67,يس,1,13169
مَكَانَتِهِمْ,13889,No,1,36:67,يس,1,13792
مُضِيًّا,13890,No,1,36:67,يس,1,14031
نُعَمِّرْهُ,13891,No,1,36:68,يس,1,14477
نُنَكِّسْهُ,13892,No,1,36:68,يس,1,14505
الشِّعْرَ,13893,No,1,36:69,يس,1,8066
وَقُرْآنٌ,13894,No,1,36:69,يس,1,15971
وَيَحِقَّ,13895,No,1,36:70,يس,1,16402
مَالِكُونَ,13896,No,1,36:71,يس,1,13632
وَذَلَّلْنَاهَا,13897,No,1,36:72,يس,1,15608
فَمِنْهَا,13898,No,1,36:72,يس,1,12448
رَكُوبُهُمْ,13899,No,1,36:72,يس,1,10712
وَمَشَارِبُ,13900,No,1,36:73,يس,1,16196
نَصْرَهُمْ,13901,No,1,36:75,يس,1,14331
جُنْدٌ,13902,No,4,36:75,يس,4,2390
رَمِيمٌ,13903,No,1,36:78,يس,1,10717
يُحْيِيهَا,13904,No,1,36:79,يس,1,17305
أَنْشَأَهَا,13905,No,1,36:79,يس,1,7441
الْأَخْضَرِ,13906,No,1,36:80,يس,1,8201
تُوقِدُونَ,13907,No,1,36:80,يس,1,10006
بِقَادِرٍ,13908,No,3,36:81,يس,3,3097
وَالصَّافَّاتِ,13909,No,1,37:1,الصافات,1,15056
فَالزَّاجِرَاتِ,13910,No,1,37:2,الصافات,1,12001
زَجْرًا,13911,No,1,37:2,الصافات,1,10802
فَالتَّالِيَاتِ,13912,No,1,37:3,الصافات,1,12000
إِلَهَكُمْ,13913,No,1,37:4,الصافات,1,7681
لَوَاحِدٌ,13914,No,1,37:4,الصافات,1,13238
الْمَشَارِقِ,13915,No,2,37:5,الصافات,2,4457
الْكَوَاكِبِ,13916,No,1,37:6,الصافات,1,8571
وَحِفْظًا,13917,No,2,37:7,الصافات,2,6238
مَارِدٍ,13918,No,1,37:7,الصافات,1,13626
يَسَّمَّعُونَ,13919,No,1,37:8,الصافات,1,16868
وَيُقْذَفُونَ,13920,No,1,37:8,الصافات,1,16566
جَانِبٍ,13921,No,1,37:8,الصافات,1,10082
دُحُورًا,13922,No,1,37:9,الصافات,1,10541
وَاصِبٌ,13923,No,1,37:9,الصافات,1,14981
خَطِفَ,13924,No,1,37:10,الصافات,1,10406
الْخَطْفَةَ,13925,No,1,37:10,الصافات,1,8417
ثَاقِبٌ,13926,No,1,37:10,الصافات,1,10029
فَاسْتَفْتِهِمْ,13927,No,2,37:11,الصافات,1,5392
أَهُمْ,13928,No,3,37:11,الصافات,3,2881
خَلَقْنَاهُمْ,13929,No,3,37:11,الصافات,3,3228
لَازِبٍ,13930,No,1,37:11,الصافات,1,12989
عَجِبْتَ,13931,No,1,37:12,الصافات,1,11468
يَسْتَسْخِرُونَ,13932,No,1,37:14,الصافات,1,16887
أَوَآبَاؤُنَا,13933,No,2,37:17,الصافات,2,4153
زَجْرَةٌ,13934,No,2,37:19,الصافات,2,5061
وَاحِدَةٌ,13935,No,5,37:19,الصافات,5,2035
الْفَصْلِ,13936,No,7,37:21,الصافات,5,1297
احْشُرُوا,13937,No,1,37:22,الصافات,1,7765
وَأَزْوَاجَهُمْ,13938,No,1,37:22,الصافات,1,14687
فَاهْدُوهُمْ,13939,No,1,37:23,الصافات,1,12047
وَقِفُوهُمْ,13940,No,1,37:24,الصافات,1,15979
مَسْئُولُونَ,13941,No,1,37:24,الصافات,1,13717
تَنَاصَرُونَ,13942,No,1,37:25,الصافات,1,9774
مُسْتَسْلِمُونَ,13943,No,1,37:26,الصافات,1,13993
وَأَقْبَلَ,13944,No,2,37:27,الصافات,2,6058
تَأْتُونَنَا,13945,No,1,37:28,الصافات,1,9295
طَاغِينَ,13946,No,2,37:30,الصافات,2,5223
قَوْلُ,13947,No,2,37:31,الصافات,2,5571
لَذَائِقُونَ,13948,No,1,37:31,الصافات,1,13061
فَأَغْوَيْنَاكُمْ,13949,No,1,37:32,الصافات,1,11810
غَاوِينَ,13950,No,1,37:32,الصافات,1,11664
مُشْتَرِكُونَ,13951,No,2,37:33,الصافات,2,5895
نَفْعَلُ,13952,No,2,37:34,الصافات,2,5982
بِالْمُجْرِمِينَ,13953,No,2,37:34,الصافات,2,4619
لَتَارِكُو,13954,No,1,37:36,الصافات,1,13013
لِشَاعِرٍ,13955,No,1,37:36,الصافات,1,13423
مَجْنُونٍ,13956,No,2,37:36,الصافات,2,5787
وَصَدَّقَ,13957,No,3,37:37,الصافات,3,3768
لَذَائِقُو,13958,No,1,37:38,الصافات,1,13060
الْأَلِيمِ,13959,No,1,37:38,الصافات,1,8240
عِبَادَ,13960,No,6,37:40,الصافات,2,1599
رِزْقٌ,13961,No,1,37:41,الصافات,1,10768
يُطَافُ,13962,No,2,37:45,الصافات,2,6654
بِكَأْسٍ,13963,No,1,37:45,الصافات,1,9224
مَعِينٍ,13964,No,3,37:45,الصافات,3,3564
لَذَّةٍ,13965,No,2,37:46,الصافات,2,5669
غَوْلٌ,13966,No,1,37:47,الصافات,1,11699
يُنْزَفُونَ,13967,No,1,37:47,الصافات,1,17536
وَعِنْدَهُمْ,13968,No,2,37:48,الصافات,2,6305
قَاصِرَاتُ,13969,No,3,37:48,الصافات,3,3445
الطَّرْفِ,13970,No,3,37:48,الصافات,3,2955
عِينٌ,13971,No,2,37:48,الصافات,2,5318
كَأَنَّهُنَّ,13972,No,2,37:49,الصافات,2,5594
بَيْضٌ,13973,No,1,37:49,الصافات,1,8933
مَكْنُونٌ,13974,No,2,37:49,الصافات,2,5833
فَأَقْبَلَ,13975,No,2,37:50,الصافات,2,5354
قَرِينٌ,13976,No,2,37:51,الصافات,2,5555
الْمُصَدِّقِينَ,13977,No,1,37:52,الصافات,1,8676
لَمَدِينُونَ,13978,No,1,37:53,الصافات,1,13167
مُطَّلِعُونَ,13979,No,1,37:54,الصافات,1,14037
فَاطَّلَعَ,13980,No,1,37:55,الصافات,1,11966
لَتُرْدِينِ,13981,No,1,37:56,الصافات,1,13035
نِعْمَةُ,13982,No,1,37:57,الصافات,1,14534
لَكُنْتُ,13983,No,2,37:57,الصافات,2,5687
أَفَمَا,13984,No,1,37:58,الصافات,1,7265
بِمَيِّتِينَ,13985,No,1,37:58,الصافات,1,9252
مَوْتَتَنَا,13986,No,1,37:59,الصافات,1,13858
لِمِثْلِ,13987,No,1,37:61,الصافات,1,13503
فَلْيَعْمَلِ,13988,No,1,37:61,الصافات,1,12426
الْعَامِلُونَ,13989,No,1,37:61,الصافات,1,8442
شَجَرَةُ,13990,No,1,37:62,الصافات,1,11112
الزَّقُّومِ,13991,No,2,37:62,الصافات,2,4273
شَجَرَةٌ,13992,No,1,37:64,الصافات,1,11111
أَصْلِ,13993,No,1,37:64,الصافات,1,7159
لَآكِلُونَ,13994,No,2,37:66,الصافات,2,5642
فَمَالِئُونَ,13995,No,2,37:66,الصافات,2,5495
الْبُطُونَ,13996,No,2,37:66,الصافات,2,4370
لَشَوْبًا,13997,No,1,37:67,الصافات,1,13086
مَرْجِعَهُمْ,13998,No,1,37:68,الصافات,1,13699
أَلْفَوْا,13999,No,1,37:69,الصافات,1,7350
مُنْذِرِينَ,14000,No,3,37:72,الصافات,3,3609
نَادَانَا,14001,No,1,37:75,الصافات,1,14191
فَلَنِعْمَ,14002,No,1,37:75,الصافات,1,12399
الْمُجِيبُونَ,14003,No,1,37:75,الصافات,1,8651
لَإِبْرَاهِيمَ,14004,No,1,37:83,الصافات,1,12976
أَئِفْكًا,14005,No,1,37:86,الصافات,1,6773
ظَنُّكُمْ,14006,No,1,37:87,الصافات,1,11400
فَنَظَرَ,14007,No,1,37:88,الصافات,1,12464
نَظْرَةً,14008,No,1,37:88,الصافات,1,14346
النُّجُومِ,14009,No,3,37:88,الصافات,3,2964
سَقِيمٌ,14010,No,2,37:89,الصافات,1,5092
فَتَوَلَّوْا,14011,No,1,37:90,الصافات,1,12116
فَرَاغَ,14012,No,3,37:91,الصافات,2,3409
آلِهَتِهِمْ,14013,No,1,37:91,الصافات,1,6741
تَنْطِقُونَ,14014,No,2,37:92,الصافات,2,4793
بِالْيَمِينِ,14015,No,2,37:93,الصافات,2,4621
فَأَقْبَلُوا,14016,No,1,37:94,الصافات,1,11816
يَزِفُّونَ,14017,No,1,37:94,الصافات,1,16861
تَنْحِتُونَ,14018,No,1,37:95,الصافات,1,9783
فَأَرَادُوا,14019,No,1,37:98,الصافات,1,11776
الْأَسْفَلِينَ,14020,No,2,37:98,الصافات,2,4328
ذَاهِبٌ,14021,No,1,37:99,الصافات,1,10576
فَبَشَّرْنَاهُ,14022,No,1,37:101,الصافات,1,12054
حَلِيمٍ,14023,No,1,37:101,الصافات,1,10266
السَّعْيَ,14024,No,1,37:102,الصافات,1,8021
الْمَنَامِ,14025,No,1,37:102,الصافات,1,8625
أَذْبَحُكَ,14026,No,1,37:102,الصافات,1,7016
افْعَلْ,14027,No,1,37:102,الصافات,1,7888
أَسْلَمَا,14028,No,1,37:103,الصافات,1,7104
وَتَلَّهُ,14029,No,1,37:103,الصافات,1,15428
لِلْجَبِينِ,14030,No,1,37:103,الصافات,1,13469
صَدَّقْتَ,14031,No,1,37:105,الصافات,1,11226
الْبَلَاءُ,14032,No,1,37:106,الصافات,1,8308
وَفَدَيْنَاهُ,14033,No,1,37:107,الصافات,1,15900
بِذِبْحٍ,14034,No,1,37:107,الصافات,1,9129
وَبَشَّرْنَاهُ,14035,No,1,37:112,الصافات,1,15294
وَبَارَكْنَا,14036,No,1,37:113,الصافات,1,15284
ذُرِّيَّتِهِمَا,14037,No,2,37:113,الصافات,2,5002
وَظَالِمٌ,14038,No,1,37:113,الصافات,1,15810
وَنَجَّيْنَاهُمَا,14039,No,1,37:115,الصافات,1,16245
وَقَوْمَهُمَا,14040,No,1,37:115,الصافات,1,15960
وَنَصَرْنَاهُمْ,14041,No,1,37:116,الصافات,1,16277
وَآتَيْنَاهُمَا,14042,No,1,37:117,الصافات,1,14584
الْمُسْتَبِينَ,14043,No,1,37:117,الصافات,1,8668
وَهَدَيْنَاهُمَا,14044,No,1,37:118,الصافات,1,16341
إِنَّهُمَا,14045,No,1,37:122,الصافات,1,7692
إِلْيَاسَ,14046,No,1,37:123,الصافات,1,7687
أَتَدْعُونَ,14047,No,1,37:125,الصافات,1,6836
بَعْلًا,14048,No,1,37:125,الصافات,1,8886
وَرَبَّ,14049,No,1,37:126,الصافات,1,15635
لَمُحْضَرُونَ,14050,No,2,37:127,الصافات,1,5691
إِلْ,14051,No,1,37:130,الصافات,1,7685
يَاسِينَ,14052,No,1,37:130,الصافات,1,16655
نَجَّيْنَاهُ,14053,No,1,37:134,الصافات,1,14257
لَتَمُرُّونَ,14054,No,1,37:137,الصافات,1,13025
وَبِاللَّيْلِ,14055,No,1,37:138,الصافات,1,15321
أَبَقَ,14056,No,1,37:140,الصافات,1,6787
فَسَاهَمَ,14057,No,1,37:141,الصافات,1,12227
الْمُدْحَضِينَ,14058,No,1,37:141,الصافات,1,8659
فَالْتَقَمَهُ,14059,No,1,37:142,الصافات,1,12006
الْحُوتُ,14060,No,1,37:142,الصافات,1,8392
مُلِيمٌ,14061,No,2,37:142,الصافات,2,5906
الْمُسَبِّحِينَ,14062,No,1,37:143,الصافات,1,8663
لَلَبِثَ,14063,No,1,37:144,الصافات,1,13155
فَنَبَذْنَاهُ,14064,No,1,37:145,الصافات,1,12455
بِالْعَرَاءِ,14065,No,2,37:145,الصافات,2,4611
شَجَرَةً,14066,No,1,37:146,الصافات,1,11110
يَقْطِينٍ,14067,No,1,37:146,الصافات,1,17080
وَأَرْسَلْنَاهُ,14068,No,1,37:147,الصافات,1,14681
مِائَةِ,14069,No,1,37:147,الصافات,1,14144
أَلْفٍ,14070,No,1,37:147,الصافات,1,7348
يَزِيدُونَ,14071,No,1,37:147,الصافات,1,16862
فَآمَنُوا,14072,No,1,37:148,الصافات,1,11741
فَمَتَّعْنَاهُمْ,14073,No,1,37:148,الصافات,1,12440
أَلِرَبِّكَ,14074,No,1,37:149,الصافات,1,7337
الْبَنَاتُ,14075,No,2,37:149,الصافات,2,4365
وَلَهُمُ,14076,No,2,37:149,الصافات,2,6354
الْبَنُونَ,14077,No,2,37:149,الصافات,2,4367
شَاهِدُونَ,14078,No,1,37:150,الصافات,1,11106
إِفْكِهِمْ,14079,No,1,37:151,الصافات,1,7676
لَيَقُولُونَ,14080,No,4,37:151,الصافات,3,2568
وَلَدَ,14081,No,2,37:152,الصافات,2,6343
أَصْطَفَى,14082,No,1,37:153,الصافات,1,7154
الْبَنِينَ,14083,No,1,37:153,الصافات,1,8311
بِكِتَابِكُمْ,14084,No,1,37:157,الصافات,1,9233
عَلِمَتِ,14085,No,1,37:158,الصافات,1,11552
الْجِنَّةُ,14086,No,1,37:158,الصافات,1,8346
بِفَاتِنِينَ,14087,No,1,37:162,الصافات,1,9213
صَالِ,14088,No,1,37:163,الصافات,1,11208
مَقَامٌ,14089,No,1,37:164,الصافات,1,13775
الصَّافُّونَ,14090,No,1,37:165,الصافات,1,8069
الْمُسَبِّحُونَ,14091,No,1,37:166,الصافات,1,8662
فَكَفَرُوا,14092,No,3,37:170,الصافات,3,3426
كَلِمَتُنَا,14093,No,1,37:171,الصافات,1,12881
لِعِبَادِنَا,14094,No,1,37:171,الصافات,1,13429
الْمَنْصُورُونَ,14095,No,1,37:172,الصافات,1,8627
جُنْدَنَا,14096,No,1,37:173,الصافات,1,10155
فَتَوَلَّ,14097,No,3,37:174,الصافات,3,3401
وَأَبْصِرْهُمْ,14098,No,1,37:175,الصافات,1,14610
بِسَاحَتِهِمْ,14099,No,1,37:177,الصافات,1,9152
صَبَاحُ,14100,No,1,37:177,الصافات,1,11212
وَتَوَلَّ,14101,No,1,37:178,الصافات,1,15438
الْعِزَّةِ,14102,No,1,37:180,الصافات,1,8468
ص,14103,No,1,38:1,ص,1,11193
عِزَّةٍ,14104,No,1,38:2,ص,1,11639
وَشِقَاقٍ,14105,No,1,38:2,ص,1,15763
فَنَادَوْا,14106,No,2,38:3,ص,2,5500
وَلَاتَ,14107,No,1,38:3,ص,1,16029
مَنَاصٍ,14108,No,1,38:3,ص,1,13828
وَعَجِبُوا,14109,No,1,38:4,ص,1,15822
سَاحِرٌ,14110,No,4,38:4,ص,3,2439
كَذَّابٌ,14111,No,4,38:4,ص,3,2548
أَجَعَلَ,14112,No,1,38:5,ص,1,6892
الْآلِهَةَ,14113,No,1,38:5,ص,1,8181
عُجَابٌ,14114,No,1,38:5,ص,1,11599
وَانْطَلَقَ,14115,No,1,38:6,ص,1,15273
امْشُوا,14116,No,1,38:6,ص,1,8770
آلِهَتِكُمْ,14117,No,1,38:6,ص,1,6740
يُرَادُ,14118,No,1,38:6,ص,1,17344
الْمِلَّةِ,14119,No,1,38:7,ص,1,8724
اخْتِلَاقٌ,14120,No,1,38:7,ص,1,7775
أَأُنْزِلَ,14121,No,1,38:8,ص,1,6770
يَذُوقُوا,14122,No,1,38:8,ص,1,16820
الْوَهَّابِ,14123,No,1,38:9,ص,1,8750
فَلْيَرْتَقُوا,14124,No,1,38:10,ص,1,12420
الْأَسْبَابِ,14125,No,1,38:10,ص,1,8209
مَهْزُومٌ,14126,No,1,38:11,ص,1,13847
وَفِرْعَوْنُ,14127,No,2,38:12,ص,2,6312
الْأَوْتَادِ,14128,No,2,38:12,ص,2,4344
فَوَاقٍ,14129,No,1,38:15,ص,1,12484
عَجِّلْ,14130,No,1,38:16,ص,1,11469
قِطَّنَا,14131,No,1,38:16,ص,1,12762
اصْبِرْ,14132,No,1,38:17,ص,1,7855
عَبْدَنَا,14133,No,3,38:17,ص,2,3329
الْأَيْدِ,14134,No,1,38:17,ص,1,8268
أَوَّابٌ,14135,No,4,38:17,ص,1,2193
سَخَّرْنَا,14136,No,1,38:18,ص,1,10929
وَالْإِشْرَاقِ,14137,No,1,38:18,ص,1,15130
مَحْشُورَةً,14138,No,1,38:19,ص,1,13669
وَشَدَدْنَا,14139,No,2,38:20,ص,2,6276
وَفَصْلَ,14140,No,1,38:20,ص,1,15907
الْخِطَابِ,14141,No,2,38:20,ص,1,4402
الْخَصْمِ,14142,No,1,38:21,ص,1,8416
تَسَوَّرُوا,14143,No,1,38:21,ص,1,9534
بَغَى,14144,No,1,38:22,ص,1,8890
تُشْطِطْ,14145,No,1,38:22,ص,1,9921
وَاهْدِنَا,14146,No,1,38:22,ص,1,15282
تِسْعٌ,14147,No,1,38:23,ص,1,10019
وَتِسْعُونَ,14148,No,1,38:23,ص,1,15466
نَعْجَةً,14149,No,1,38:23,ص,1,14354
نَعْجَةٌ,14150,No,1,38:23,ص,1,14355
أَكْفِلْنِيهَا,14151,No,1,38:23,ص,1,7323
وَعَزَّنِي,14152,No,1,38:23,ص,1,15845
ظَلَمَكَ,14153,No,1,38:24,ص,1,11389
بِسُؤَالِ,14154,No,1,38:24,ص,1,9158
نَعْجَتِكَ,14155,No,1,38:24,ص,1,14356
نِعَاجِهِ,14156,No,1,38:24,ص,1,14531
الْخُلَطَاءِ,14157,No,1,38:24,ص,1,8429
لَيَبْغِي,14158,No,1,38:24,ص,1,13252
فَتَنَّاهُ,14159,No,1,38:24,ص,1,12109
فَاسْتَغْفَرَ,14160,No,1,38:24,ص,1,11942
رَاكِعًا,14161,No,1,38:24,ص,1,10647
وَأَنَابَ,14162,No,1,38:24,ص,1,14779
فَغَفَرْنَا,14163,No,1,38:25,ص,1,12324
لَزُلْفَى,14164,No,2,38:25,ص,1,5671
تَتَّبِعِ,14165,No,1,38:26,ص,1,9375
فَيُضِلَّكَ,14166,No,1,38:26,ص,1,12548
يَضِلُّونَ,14167,No,1,38:26,ص,1,16967
كَالْمُفْسِدِينَ,14168,No,1,38:28,ص,1,12813
كَالْفُجَّارِ,14169,No,1,38:28,ص,1,12809
لِيَدَّبَّرُوا,14170,No,1,38:29,ص,1,13544
وَلِيَتَذَكَّرَ,14171,No,1,38:29,ص,1,16131
لِدَاوُودَ,14172,No,1,38:30,ص,1,13400
الْعَبْدُ,14173,No,2,38:30,ص,1,4405
عُرِضَ,14174,No,1,38:31,ص,1,11604
الصَّافِنَاتُ,14175,No,1,38:31,ص,1,8070
الْجِيَادُ,14176,No,1,38:31,ص,1,8348
أَحْبَبْتُ,14177,No,1,38:32,ص,1,6928
حُبَّ,14178,No,1,38:32,ص,1,10293
تَوَارَتْ,14179,No,1,38:32,ص,1,9810
بِالْحِجَابِ,14180,No,1,38:32,ص,1,9045
فَطَفِقَ,14181,No,1,38:33,ص,1,12279
مَسْحًا,14182,No,1,38:33,ص,1,13719
بِالسُّوقِ,14183,No,1,38:33,ص,1,9010
وَالْأَعْنَاقِ,14184,No,1,38:33,ص,1,15117
كُرْسِيِّهِ,14185,No,1,38:34,ص,1,12907
لِأَحَدٍ,14186,No,2,38:35,ص,2,5710
فَسَخَّرْنَا,14187,No,1,38:36,ص,1,12231
رُخَاءً,14188,No,1,38:36,ص,1,10737
بَنَّاءٍ,14189,No,1,38:37,ص,1,8916
وَغَوَّاصٍ,14190,No,1,38:37,ص,1,15893
عَطَاؤُنَا,14191,No,1,38:39,ص,1,11531
فَامْنُنْ,14192,No,1,38:39,ص,1,12022
أَيُّوبَ,14193,No,1,38:41,ص,1,7539
بِنُصْبٍ,14194,No,1,38:41,ص,1,9274
وَعَذَابٍ,14195,No,1,38:41,ص,1,15838
ارْكُضْ,14196,No,1,38:42,ص,1,7798
بِرِجْلِكَ,14197,No,1,38:42,ص,1,9149
مُغْتَسَلٌ,14198,No,1,38:42,ص,1,14054
بَارِدٌ,14199,No,1,38:42,ص,1,8809
وَشَرَابٌ,14200,No,1,38:42,ص,1,15751
وَخُذْ,14201,No,1,38:44,ص,1,15584
ضِغْثًا,14202,No,1,38:44,ص,1,11330
تَحْنَثْ,14203,No,1,38:44,ص,1,9424
وَجَدْنَاهُ,14204,No,1,38:44,ص,1,15491
عِبَادَنَا,14205,No,1,38:45,ص,1,11632
الْأَيْدِي,14206,No,1,38:45,ص,1,8269
وَالْأَبْصَارِ,14207,No,1,38:45,ص,1,15108
أَخْلَصْنَاهُمْ,14208,No,1,38:46,ص,1,6990
بِخَالِصَةٍ,14209,No,1,38:46,ص,1,9112
الْمُصْطَفَيْنَ,14210,No,1,38:47,ص,1,8680
الْأَخْيَارِ,14211,No,2,38:47,ص,1,4325
لَحُسْنَ,14212,No,1,38:49,ص,1,13053
مُفَتَّحَةً,14213,No,1,38:50,ص,1,14055
الْأَبْوَابُ,14214,No,1,38:50,ص,1,8188
بِفَاكِهَةٍ,14215,No,2,38:51,ص,2,4659
وَشَرَابٍ,14216,No,1,38:51,ص,1,15752
أَتْرَابٌ,14217,No,1,38:52,ص,1,6872
لَرِزْقُنَا,14218,No,1,38:54,ص,1,13070
نَفَادٍ,14219,No,1,38:54,ص,1,14363
لِلطَّاغِينَ,14220,No,2,38:55,ص,2,5743
لَشَرَّ,14221,No,1,38:55,ص,1,13083
فَلْيَذُوقُوهُ,14222,No,1,38:57,ص,1,12419
حَمِيمٌ,14223,No,4,38:57,ص,4,2398
وَغَسَّاقٌ,14224,No,1,38:57,ص,1,15889
وَآخَرُ,14225,No,1,38:58,ص,1,14592
شَكْلِهِ,14226,No,1,38:58,ص,1,11139
فَوْجٌ,14227,No,2,38:59,ص,2,5511
مُقْتَحِمٌ,14228,No,1,38:59,ص,1,14066
مَرْحَبًا,14229,No,2,38:59,ص,1,5797
صَالُو,14230,No,1,38:59,ص,1,11207
قَدَّمْتُمُوهُ,14231,No,1,38:60,ص,1,12651
قَدَّمَ,14232,No,2,38:61,ص,2,5550
فَزِدْهُ,14233,No,1,38:61,ص,1,12222
نَعُدُّهُمْ,14234,No,1,38:62,ص,1,14348
الْأَشْرَارِ,14235,No,1,38:62,ص,1,8215
أَتَّخَذْنَاهُمْ,14236,No,1,38:63,ص,1,6857
زَاغَتْ,14237,No,1,38:63,ص,1,10793
تَخَاصُمُ,14238,No,1,38:64,ص,1,9426
الْغَفَّارُ,14239,No,2,38:66,ص,2,4423
نَبَأٌ,14240,No,1,38:67,ص,1,14214
بِالْمَلَإِ,14241,No,1,38:69,ص,1,9064
اسْتَكْبَرَ,14242,No,1,38:74,ص,1,7822
خَلَقْتُ,14243,No,3,38:75,ص,3,3227
بِيَدَيَّ,14244,No,1,38:75,ص,1,9292
أَسْتَكْبَرْتَ,14245,No,1,38:75,ص,1,7092
الْعَالِينَ,14246,No,1,38:75,ص,1,8441
لَعْنَتِي,14247,No,1,38:78,ص,1,13118
فَبِعِزَّتِكَ,14248,No,1,38:82,ص,1,12062
لَأُغْوِيَنَّهُمْ,14249,No,1,38:82,ص,1,12974
فَالْحَقُّ,14250,No,1,38:84,ص,1,12011
وَالْحَقَّ,14251,No,1,38:84,ص,1,15164
الْمُتَكَلِّفِينَ,14252,No,1,38:86,ص,1,8646
نَبَأَهُ,14253,No,1,38:88,ص,1,14215
فَاعْبُدِ,14254,No,1,39:2,الزمر,1,11972
مُخْلِصًا,14255,No,3,39:2,الزمر,1,3592
الْخَالِصُ,14256,No,1,39:3,الزمر,1,8407
نَعْبُدُهُمْ,14257,No,1,39:3,الزمر,1,14353
لِيُقَرِّبُونَا,14258,No,1,39:3,الزمر,1,13602
لَاصْطَفَى,14259,No,1,39:4,الزمر,1,12991
يُكَوِّرُ,14260,No,1,39:5,الزمر,1,17506
وَيُكَوِّرُ,14261,No,1,39:5,الزمر,1,16571
يَخْلُقُكُمْ,14262,No,1,39:6,الزمر,1,16796
ثَلَاثٍ,14263,No,1,39:6,الزمر,1,10034
تَشْكُرُوا,14264,No,1,39:7,الزمر,1,9582
يَرْضَهُ,14265,No,1,39:7,الزمر,1,16843
مُنِيبًا,14266,No,1,39:8,الزمر,1,14103
خَوَّلَهُ,14267,No,1,39:8,الزمر,1,10441
نَسِيَ,14268,No,1,39:8,الزمر,1,14301
تَمَتَّعْ,14269,No,1,39:8,الزمر,1,9747
بِكُفْرِكَ,14270,No,1,39:8,الزمر,1,9231
قَانِتٌ,14271,No,1,39:9,الزمر,1,12618
سَاجِدًا,14272,No,1,39:9,الزمر,1,10889
وَقَائِمًا,14273,No,1,39:9,الزمر,1,15921
وَيَرْجُو,14274,No,1,39:9,الزمر,1,16422
رَحْمَةَ,14275,No,1,39:9,الزمر,1,10679
عِبَادِ,14276,No,4,39:10,الزمر,2,2488
وَأَرْضُ,14277,No,1,39:10,الزمر,1,14684
يُوَفَّى,14278,No,1,39:10,الزمر,1,17571
لِأَنْ,14279,No,1,39:12,الزمر,1,13322
فَاعْبُدُوا,14280,No,1,39:15,الزمر,1,11971
وَأَهْلِيهِمْ,14281,No,2,39:15,الزمر,2,6076
ظُلَلٌ,14282,No,2,39:16,الزمر,1,5253
اجْتَنَبُوا,14283,No,1,39:17,الزمر,1,7758
يَعْبُدُوهَا,14284,No,1,39:17,الزمر,1,16997
وَأَنَابُوا,14285,No,1,39:17,الزمر,1,14780
فَبَشِّرْ,14286,No,1,39:17,الزمر,1,12055
أَحْسَنَهُ,14287,No,1,39:18,الزمر,1,6930
هَدَاهُمُ,14288,No,1,39:18,الزمر,1,14550
تُنْقِذُ,14289,No,1,39:19,الزمر,1,9998
غُرَفٌ,14290,No,2,39:20,الزمر,1,5335
فَوْقِهَا,14291,No,2,39:20,الزمر,2,5516
مَبْنِيَّةٌ,14292,No,1,39:20,الزمر,1,13639
فَسَلَكَهُ,14293,No,1,39:21,الزمر,1,12234
يَنَابِيعَ,14294,No,1,39:21,الزمر,1,17147
يَهِيجُ,14295,No,2,39:21,الزمر,2,6595
فَتَرَاهُ,14296,No,2,39:21,الزمر,2,5416
حُطَامًا,14297,No,3,39:21,الزمر,3,3213
لَذِكْرَى,14298,No,2,39:21,الزمر,2,5670
لِلْقَاسِيَةِ,14299,No,1,39:22,الزمر,1,13481
مَثَانِيَ,14300,No,1,39:23,الزمر,1,13652
تَقْشَعِرُّ,14301,No,1,39:23,الزمر,1,9707
جُلُودُ,14302,No,1,39:23,الزمر,1,10140
تَلِينُ,14303,No,1,39:23,الزمر,1,9736
يَتَّقِي,14304,No,1,39:24,الزمر,1,16726
بِوَجْهِهِ,14305,No,1,39:24,الزمر,1,9285
فَأَتَاهُمُ,14306,No,2,39:25,الزمر,2,5342
فَأَذَاقَهُمُ,14307,No,1,39:26,الزمر,1,11774
عِوَجٍ,14308,No,1,39:28,الزمر,1,11653
مُتَشَاكِسُونَ,14309,No,1,39:29,الزمر,1,13912
وَرَجُلًا,14310,No,1,39:29,الزمر,1,15643
سَلَمًا,14311,No,1,39:29,الزمر,1,10972
مَيِّتٌ,14312,No,1,39:30,الزمر,1,13880
مَيِّتُونَ,14313,No,1,39:30,الزمر,1,13881
تَخْتَصِمُونَ,14314,No,1,39:31,الزمر,1,9440
كَذَبَ,14315,No,2,39:32,الزمر,2,5608
بِالصِّدْقِ,14316,No,2,39:32,الزمر,1,4598
لِيُكَفِّرَ,14317,No,1,39:35,الزمر,1,13605
أَسْوَأَ,14318,No,2,39:35,الزمر,2,4059
وَيَجْزِيَهُمْ,14319,No,1,39:35,الزمر,1,16399
بِكَافٍ,14320,No,1,39:36,الزمر,1,9225
وَيُخَوِّفُونَكَ,14321,No,1,39:36,الزمر,1,16524
مُضِلٍّ,14322,No,1,39:37,الزمر,1,14030
أَرَادَنِيَ,14323,No,1,39:38,الزمر,1,7024
كَاشِفَاتُ,14324,No,1,39:38,الزمر,1,12786
ضُرِّهِ,14325,No,1,39:38,الزمر,1,11324
أَرَادَنِي,14326,No,1,39:38,الزمر,1,7023
مُمْسِكَاتُ,14327,No,1,39:38,الزمر,1,14094
يَتَوَكَّلُ,14328,No,1,39:38,الزمر,1,16719
الْأَنْفُسَ,14329,No,1,39:42,الزمر,1,8257
تَمُتْ,14330,No,1,39:42,الزمر,1,9751
مَنَامِهَا,14331,No,1,39:42,الزمر,1,13833
فَيُمْسِكُ,14332,No,1,39:42,الزمر,1,12553
اشْمَأَزَّتْ,14333,No,1,39:45,الزمر,1,7852
عَالِمَ,14334,No,1,39:46,الزمر,1,11444
تَحْكُمُ,14335,No,1,39:46,الزمر,1,9421
وَبَدَا,14336,No,4,39:47,الزمر,3,2703
يَحْتَسِبُونَ,14337,No,1,39:47,الزمر,1,16760
خَوَّلْنَاهُ,14338,No,1,39:49,الزمر,1,10443
قَالَهَا,14339,No,1,39:50,الزمر,1,12615
سَيُصِيبُهُمْ,14340,No,1,39:51,الزمر,1,11034
أَسْرَفُوا,14341,No,1,39:53,الزمر,1,7095
تَقْنَطُوا,14342,No,1,39:53,الزمر,1,9713
وَأَنِيبُوا,14343,No,1,39:54,الزمر,1,14784
وَأَسْلِمُوا,14344,No,1,39:54,الزمر,1,14699
وَاتَّبِعُوا,14345,No,1,39:55,الزمر,1,14891
حَسْرَتَا,14346,No,1,39:56,الزمر,1,10240
فَرَّطْتُ,14347,No,1,39:56,الزمر,1,12203
جَنْبِ,14348,No,1,39:56,الزمر,1,10125
السَّاخِرِينَ,14349,No,1,39:56,الزمر,1,8007
فَأَكُونَ,14350,No,1,39:58,الزمر,1,11819
جَاءَتْكَ,14351,No,1,39:59,الزمر,1,10061
فَكَذَّبْتَ,14352,No,1,39:59,الزمر,1,12363
وَاسْتَكْبَرْتَ,14353,No,1,39:59,الزمر,1,14966
مُسْوَدَّةٌ,14354,No,1,39:60,الزمر,1,14015
لِلْمُتَكَبِّرِينَ,14355,No,1,39:60,الزمر,1,13488
وَيُنَجِّي,14356,No,1,39:61,الزمر,1,16578
بِمَفَازَتِهِمْ,14357,No,1,39:61,الزمر,1,9245
مَقَالِيدُ,14358,No,2,39:63,الزمر,2,5825
تَأْمُرُونِّي,14359,No,1,39:64,الزمر,1,9317
أَشْرَكْتَ,14360,No,1,39:65,الزمر,1,7130
لَيَحْبَطَنَّ,14361,No,1,39:65,الزمر,1,13254
عَمَلُكَ,14362,No,1,39:65,الزمر,1,11561
وَلَتَكُونَنَّ,14363,No,1,39:65,الزمر,1,16038
فَاعْبُدْ,14364,No,1,39:66,الزمر,1,11973
قَبْضَتُهُ,14365,No,1,39:67,الزمر,1,12629
مَطْوِيَّاتٌ,14366,No,1,39:67,الزمر,1,13747
فَصَعِقَ,14367,No,1,39:68,الزمر,1,12258
قِيَامٌ,14368,No,1,39:68,الزمر,1,12767
وَأَشْرَقَتِ,14369,No,1,39:69,الزمر,1,14702
بِنُورِ,14370,No,1,39:69,الزمر,1,9275
وَجِيءَ,14371,No,2,39:69,الزمر,2,6231
بِالنَّبِيِّينَ,14372,No,1,39:69,الزمر,1,9023
وَسِيقَ,14373,No,2,39:71,الزمر,1,6275
زُمَرًا,14374,No,2,39:71,الزمر,1,5066
جَاءُوهَا,14375,No,3,39:71,الزمر,2,3175
أَبْوَابُهَا,14376,No,2,39:71,الزمر,1,3993
خَزَنَتُهَا,14377,No,3,39:71,الزمر,2,3221
وَفُتِحَتْ,14378,No,1,39:73,الزمر,1,15915
طِبْتُمْ,14379,No,1,39:73,الزمر,1,11381
فَادْخُلُوهَا,14380,No,1,39:73,الزمر,1,11910
صَدَقَنَا,14381,No,1,39:74,الزمر,1,11222
وَأَوْرَثَنَا,14382,No,1,39:74,الزمر,1,14808
نَتَبَوَّأُ,14383,No,1,39:74,الزمر,1,14240
حَافِّينَ,14384,No,1,39:75,الزمر,1,10193
حَوْلِ,14385,No,1,39:75,الزمر,1,10282
حم,14386,No,7,40:1,غافر,7,1330
غَافِرِ,14387,No,1,40:3,غافر,1,11660
الذَّنْبِ,14388,No,1,40:3,غافر,1,7950
وَقَابِلِ,14389,No,1,40:3,غافر,1,15922
التَّوْبِ,14390,No,1,40:3,غافر,1,7922
شَدِيدِ,14391,No,1,40:3,غافر,1,11117
يَغْرُرْكَ,14392,No,1,40:4,غافر,1,17028
تَقَلُّبُهُمْ,14393,No,1,40:4,غافر,1,9689
وَالْأَحْزَابُ,14394,No,1,40:5,غافر,1,15109
وَهَمَّتْ,14395,No,1,40:5,غافر,1,16345
بِرَسُولِهِمْ,14396,No,1,40:5,غافر,1,9141
لِيَأْخُذُوهُ,14397,No,1,40:5,غافر,1,13531
وَجَادَلُوا,14398,No,1,40:5,غافر,1,15479
فَأَخَذْتُهُمْ,14399,No,1,40:5,غافر,1,11767
الْعَرْشَ,14400,No,1,40:7,غافر,1,8446
وَيُؤْمِنُونَ,14401,No,1,40:7,غافر,1,16503
وَيَسْتَغْفِرُونَ,14402,No,2,40:7,غافر,2,6417
وَسِعْتَ,14403,No,1,40:7,غافر,1,15745
سَبِيلَكَ,14404,No,1,40:7,غافر,1,10907
وَقِهِمْ,14405,No,1,40:7,غافر,1,15981
وَأَدْخِلْهُمْ,14406,No,1,40:8,غافر,1,14670
وَعَدْتَهُمْ,14407,No,1,40:8,غافر,1,15832
وَقِهِمُ,14408,No,1,40:9,غافر,1,15980
تَقِ,14409,No,1,40:9,غافر,1,9695
رَحِمْتَهُ,14410,No,1,40:9,غافر,1,10673
يُنَادَوْنَ,14411,No,2,40:10,غافر,2,6681
لَمَقْتُ,14412,No,1,40:10,غافر,1,13177
مَقْتِكُمْ,14413,No,1,40:10,غافر,1,13784
تُدْعَوْنَ,14414,No,2,40:10,غافر,2,4819
فَتَكْفُرُونَ,14415,No,1,40:10,غافر,1,12101
أَمَتَّنَا,14416,No,1,40:11,غافر,1,7368
وَأَحْيَيْتَنَا,14417,No,1,40:11,غافر,1,14642
فَاعْتَرَفْنَا,14418,No,1,40:11,غافر,1,11978
بِذُنُوبِنَا,14419,No,1,40:11,غافر,1,9128
خُرُوجٍ,14420,No,1,40:11,غافر,1,10452
بِأَنَّهُ,14421,No,2,40:12,غافر,2,4588
دُعِيَ,14422,No,1,40:12,غافر,1,10554
يُشْرَكْ,14423,No,1,40:12,غافر,1,17379
فَالْحُكْمُ,14424,No,1,40:12,غافر,1,12012
الْعَلِيِّ,14425,No,1,40:12,غافر,1,8456
الْكَبِيرِ,14426,No,1,40:12,غافر,1,8556
يُرِيكُمْ,14427,No,1,40:13,غافر,1,17351
يُنِيبُ,14428,No,2,40:13,غافر,2,6686
فَادْعُوا,14429,No,2,40:14,غافر,1,5380
رَفِيعُ,14430,No,1,40:15,غافر,1,10707
الدَّرَجَاتِ,14431,No,1,40:15,غافر,1,7942
الرُّوحَ,14432,No,1,40:15,غافر,1,7978
التَّلَاقِ,14433,No,1,40:15,غافر,1,7916
بَارِزُونَ,14434,No,1,40:16,غافر,1,8812
تُجْزَى,14435,No,2,40:17,غافر,2,4810
ظُلْمَ,14436,No,1,40:17,غافر,1,11410
الْآزِفَةِ,14437,No,1,40:18,غافر,1,8178
الْحَنَاجِرِ,14438,No,1,40:18,غافر,1,8374
كَاظِمِينَ,14439,No,1,40:18,غافر,1,12789
يُطَاعُ,14440,No,1,40:18,غافر,1,17428
خَائِنَةَ,14441,No,1,40:19,غافر,1,10356
الْأَعْيُنِ,14442,No,1,40:19,غافر,1,8226
الصُّدُورُ,14443,No,1,40:19,غافر,1,8088
يَقْضُونَ,14444,No,1,40:20,غافر,1,17077
وَآثَارًا,14445,No,2,40:21,غافر,1,6031
أَبْنَاءَ,14446,No,1,40:25,غافر,1,6817
وَاسْتَحْيُوا,14447,No,1,40:25,غافر,1,14952
ذَرُونِي,14448,No,1,40:26,غافر,1,10579
أَقْتُلْ,14449,No,1,40:26,غافر,1,7289
وَلْيَدْعُ,14450,No,1,40:26,غافر,1,16167
يُبَدِّلَ,14451,No,1,40:26,غافر,1,17231
يُظْهِرَ,14452,No,1,40:26,غافر,1,17438
عُذْتُ,14453,No,2,40:27,غافر,2,5307
مُتَكَبِّرٍ,14454,No,2,40:27,غافر,1,5867
بِيَوْمِ,14455,No,5,40:27,غافر,5,1842
يَكْتُمُ,14456,No,1,40:28,غافر,1,17096
إِيمَانَهُ,14457,No,1,40:28,غافر,1,7701
أَتَقْتُلُونَ,14458,No,1,40:28,غافر,1,6843
كَاذِبًا,14459,No,2,40:28,غافر,1,5597
كَذِبُهُ,14460,No,1,40:28,غافر,1,12842
صَادِقًا,14461,No,1,40:28,غافر,1,11200
يُصِبْكُمْ,14462,No,1,40:28,غافر,1,17392
مُسْرِفٌ,14463,No,2,40:28,غافر,1,5891
ظَاهِرِينَ,14464,No,2,40:29,غافر,2,5243
يَنْصُرُنَا,14465,No,1,40:29,غافر,1,17166
بَأْسِ,14466,No,1,40:29,غافر,1,8803
أُرِيكُمْ,14467,No,1,40:29,غافر,1,7586
أَهْدِيكُمْ,14468,No,1,40:29,غافر,1,7476
الرَّشَادِ,14469,No,2,40:29,غافر,1,4266
دَأْبِ,14470,No,1,40:31,غافر,1,10489
لِلْعِبَادِ,14471,No,2,40:31,غافر,2,5748
التَّنَادِ,14472,No,1,40:32,غافر,1,7918
تُوَلُّونَ,14473,No,1,40:33,غافر,1,10012
زِلْتُمْ,14474,No,1,40:34,غافر,1,10848
مُرْتَابٌ,14475,No,1,40:34,غافر,1,13969
قَلْبِ,14476,No,1,40:35,غافر,1,12690
أَبْلُغُ,14477,No,1,40:36,غافر,1,6815
الْأَسْبَابَ,14478,No,1,40:36,غافر,1,8207
أَسْبَابَ,14479,No,1,40:37,غافر,1,7086
فَأَطَّلِعَ,14480,No,1,40:37,غافر,1,11802
وَصُدَّ,14481,No,1,40:37,غافر,1,15780
تَبَابٍ,14482,No,1,40:37,غافر,1,9324
اتَّبِعُونِ,14483,No,1,40:38,غافر,1,7733
أَهْدِكُمْ,14484,No,1,40:38,غافر,1,7475
الْقَرَارِ,14485,No,1,40:39,غافر,1,8527
أَدْعُوكُمْ,14486,No,2,40:41,غافر,1,4028
النَّجَاةِ,14487,No,1,40:41,غافر,1,8148
وَتَدْعُونَنِي,14488,No,1,40:41,غافر,1,15370
تَدْعُونَنِي,14489,No,2,40:42,غافر,1,4719
لِأَكْفُرَ,14490,No,1,40:42,غافر,1,13320
وَأُشْرِكَ,14491,No,1,40:42,غافر,1,14832
الْغَفَّارِ,14492,No,1,40:42,غافر,1,8482
دَعْوَةٌ,14493,No,1,40:43,غافر,1,10524
مَرَدَّنَا,14494,No,1,40:43,غافر,1,13688
فَسَتَذْكُرُونَ,14495,No,1,40:44,غافر,1,12228
وَأُفَوِّضُ,14496,No,1,40:44,غافر,1,14833
فَوَقَاهُ,14497,No,1,40:45,غافر,1,12490
سَيِّئَاتِ,14498,No,1,40:45,غافر,1,11039
بِآلِ,14499,No,1,40:45,غافر,1,8959
غُدُوًّا,14500,No,1,40:46,غافر,1,11707
أَدْخِلُوا,14501,No,1,40:46,غافر,1,7001
يَتَحَاجُّونَ,14502,No,1,40:47,غافر,1,16683
حَكَمَ,14503,No,1,40:48,غافر,1,10259
لِخَزَنَةِ,14504,No,1,40:49,غافر,1,13398
يُخَفِّفْ,14505,No,1,40:49,غافر,1,17308
رُسُلُكُمْ,14506,No,1,40:50,غافر,1,10741
لَنَنْصُرُ,14507,No,1,40:51,غافر,1,13215
لِذَنْبِكَ,14508,No,2,40:55,غافر,2,5720
كِبْرٌ,14509,No,1,40:56,غافر,1,12923
بِبَالِغِيهِ,14510,No,1,40:56,غافر,1,9077
لَخَلْقُ,14511,No,1,40:57,غافر,1,13058
الْمُسِيءُ,14512,No,1,40:58,غافر,1,8666
ادْعُونِي,14513,No,1,40:60,غافر,1,7785
أَسْتَجِبْ,14514,No,1,40:60,غافر,1,7088
عِبَادَتِي,14515,No,1,40:60,غافر,1,11631
سَيَدْخُلُونَ,14516,No,1,40:60,غافر,1,11020
يُؤْفَكُ,14517,No,2,40:63,غافر,2,6610
وَصَوَّرَكُمْ,14518,No,2,40:64,غافر,2,6283
فَأَحْسَنَ,14519,No,2,40:64,غافر,2,5345
صُوَرَكُمْ,14520,No,2,40:64,غافر,2,5200
جَاءَنِيَ,14521,No,1,40:66,غافر,1,10066
أُسْلِمَ,14522,No,1,40:66,غافر,1,7593
يُخْرِجُكُمْ,14523,No,1,40:67,غافر,1,17315
شُيُوخًا,14524,No,1,40:67,غافر,1,11178
وَلِتَبْلُغُوا,14525,No,2,40:67,غافر,1,6360
يُصْرَفُونَ,14526,No,1,40:69,غافر,1,17405
وَالسَّلَاسِلُ,14527,No,1,40:71,غافر,1,15037
يُسْحَبُونَ,14528,No,2,40:71,غافر,2,6644
الْحَمِيمِ,14529,No,4,40:72,غافر,3,2259
يُسْجَرُونَ,14530,No,1,40:72,غافر,1,17367
تَمْرَحُونَ,14531,No,1,40:75,غافر,1,9759
نَقْصُصْ,14532,No,1,40:78,غافر,1,14394
وَخَسِرَ,14533,No,2,40:78,غافر,1,6241
الْأَنْعَامَ,14534,No,1,40:79,غافر,1,8254
لِتَرْكَبُوا,14535,No,1,40:79,غافر,1,13358
فَأَيَّ,14536,No,1,40:81,غافر,1,11853
تُنْكِرُونَ,14537,No,1,40:81,غافر,1,10000
وَكَفَرْنَا,14538,No,1,40:84,غافر,1,15997
تَنْزِيلٌ,14539,No,4,41:2,فصلت,3,2369
أَكِنَّةٍ,14540,No,1,41:5,فصلت,1,7314
آذَانِنَا,14541,No,1,41:5,فصلت,1,6730
وَقْرٌ,14542,No,2,41:5,فصلت,1,6328
فَاعْمَلْ,14543,No,1,41:5,فصلت,1,11984
وَاسْتَغْفِرُوهُ,14544,No,1,41:6,فصلت,1,14959
مَمْنُونٍ,14545,No,4,41:8,فصلت,4,2606
لَتَكْفُرُونَ,14546,No,1,41:9,فصلت,1,13024
وَتَجْعَلُونَ,14547,No,2,41:9,فصلت,2,6200
وَبَارَكَ,14548,No,1,41:10,فصلت,1,15283
وَقَدَّرَ,14549,No,2,41:10,فصلت,2,6319
أَقْوَاتَهَا,14550,No,1,41:10,فصلت,1,7301
دُخَانٌ,14551,No,1,41:11,فصلت,1,10542
وَلِلْأَرْضِ,14552,No,1,41:11,فصلت,1,16120
ائْتِيَا,14553,No,1,41:11,فصلت,1,7709
طَائِعِينَ,14554,No,1,41:11,فصلت,1,11338
فَقَضَاهُنَّ,14555,No,1,41:12,فصلت,1,12348
سَمَاءٍ,14556,No,1,41:12,فصلت,1,10978
أَمْرَهَا,14557,No,1,41:12,فصلت,1,7388
وَزَيَّنَّا,14558,No,1,41:12,فصلت,1,15690
بِمَصَابِيحَ,14559,No,2,41:12,فصلت,2,4666
أَنْذَرْتُكُمْ,14560,No,1,41:13,فصلت,1,7428
صَاعِقَةً,14561,No,1,41:13,فصلت,1,11203
صَاعِقَةِ,14562,No,1,41:13,فصلت,1,11205
صَرْصَرًا,14563,No,2,41:16,فصلت,2,5191
نَحِسَاتٍ,14564,No,1,41:16,فصلت,1,14267
لِنُذِيقَهُمْ,14565,No,1,41:16,فصلت,1,13516
أَخْزَى,14566,No,1,41:16,فصلت,1,6983
فَهَدَيْنَاهُمْ,14567,No,1,41:17,فصلت,1,12479
فَاسْتَحَبُّوا,14568,No,1,41:17,فصلت,1,11937
الْعَمَى,14569,No,1,41:17,فصلت,1,8457
فَأَخَذَتْهُمْ,14570,No,1,41:17,فصلت,1,11765
صَاعِقَةُ,14571,No,1,41:17,فصلت,1,11204
وَنَجَّيْنَا,14572,No,1,41:18,فصلت,1,16244
يُحْشَرُ,14573,No,1,41:19,فصلت,1,17298
أَعْدَاءُ,14574,No,1,41:19,فصلت,1,7210
سَمْعُهُمْ,14575,No,2,41:20,فصلت,2,5099
وَأَبْصَارُهُمْ,14576,No,1,41:20,فصلت,1,14609
وَجُلُودُهُمْ,14577,No,1,41:20,فصلت,1,15504
لِجُلُودِهِمْ,14578,No,1,41:21,فصلت,1,13390
شَهِدْتُمْ,14579,No,1,41:21,فصلت,1,11146
أَنْطَقَنَا,14580,No,1,41:21,فصلت,1,7451
أَنْطَقَ,14581,No,1,41:21,فصلت,1,7450
تَسْتَتِرُونَ,14582,No,1,41:22,فصلت,1,9544
يَشْهَدَ,14583,No,1,41:22,فصلت,1,16939
سَمْعُكُمْ,14584,No,1,41:22,فصلت,1,10991
أَبْصَارُكُمْ,14585,No,1,41:22,فصلت,1,6801
جُلُودُكُمْ,14586,No,1,41:22,فصلت,1,10141
ظَنَنْتُمْ,14587,No,5,41:22,فصلت,4,1932
وَذَلِكُمْ,14588,No,1,41:23,فصلت,1,15609
ظَنُّكُمُ,14589,No,1,41:23,فصلت,1,11399
أَرْدَاكُمْ,14590,No,1,41:23,فصلت,1,7050
يَصْبِرُوا,14591,No,1,41:24,فصلت,1,16951
يَسْتَعْتِبُوا,14592,No,1,41:24,فصلت,1,16890
الْمُعْتَبِينَ,14593,No,1,41:24,فصلت,1,8693
وَقَيَّضْنَا,14594,No,1,41:25,فصلت,1,15965
قُرَنَاءَ,14595,No,1,41:25,فصلت,1,12718
فَزَيَّنُوا,14596,No,1,41:25,فصلت,1,12221
وَحَقَّ,14597,No,1,41:25,فصلت,1,15544
تَسْمَعُوا,14598,No,1,41:26,فصلت,1,9573
وَالْغَوْا,14599,No,1,41:26,فصلت,1,15195
تَغْلِبُونَ,14600,No,1,41:26,فصلت,1,9657
فَلَنُذِيقَنَّ,14601,No,1,41:27,فصلت,1,12396
أَعْدَاءِ,14602,No,1,41:28,فصلت,1,7211
اللَّذَيْنِ,14603,No,1,41:29,فصلت,1,8130
أَضَلَّانَا,14604,No,1,41:29,فصلت,1,7168
نَجْعَلْهُمَا,14605,No,1,41:29,فصلت,1,14264
أَقْدَامِنَا,14606,No,1,41:29,فصلت,1,7291
لِيَكُونَا,14607,No,1,41:29,فصلت,1,13571
تَتَنَزَّلُ,14608,No,1,41:30,فصلت,1,9370
تَخَافُوا,14609,No,1,41:30,فصلت,1,9430
وَأَبْشِرُوا,14610,No,1,41:30,فصلت,1,14605
بِالْجَنَّةِ,14611,No,1,41:30,فصلت,1,9038
أَوْلِيَاؤُكُمْ,14612,No,1,41:31,فصلت,1,7515
تَشْتَهِي,14613,No,1,41:31,فصلت,1,9579
تَدَّعُونَ,14614,No,2,41:31,فصلت,2,4716
غَفُورٍ,14615,No,1,41:32,فصلت,1,11684
السَّيِّئَةُ,14616,No,1,41:34,فصلت,1,8031
عَدَاوَةٌ,14617,No,1,41:34,فصلت,1,11471
وَالنَّهَارُ,14618,No,1,41:37,فصلت,1,15091
تَسْجُدُوا,14619,No,1,41:37,فصلت,1,9563
لِلْقَمَرِ,14620,No,1,41:37,فصلت,1,13482
خَلَقَهُنَّ,14621,No,2,41:37,فصلت,2,4956
يَسْأَمُونَ,14622,No,1,41:38,فصلت,1,16876
خَاشِعَةً,14623,No,3,41:39,فصلت,3,3216
يَخْفَوْنَ,14624,No,1,41:40,فصلت,1,16793
بِالذِّكْرِ,14625,No,1,41:41,فصلت,1,9004
لَكِتَابٌ,14626,No,1,41:41,فصلت,1,13153
حَمِيدٍ,14627,No,1,41:42,فصلت,1,10274
لِلرُّسُلِ,14628,No,1,41:43,فصلت,1,13448
وَذُو,14629,No,1,41:43,فصلت,1,15616
عِقَابٍ,14630,No,1,41:43,فصلت,1,11647
أَعْجَمِيًّا,14631,No,1,41:44,فصلت,1,7208
أَأَعْجَمِيٌّ,14632,No,1,41:44,فصلت,1,6765
وَعَرَبِيٌّ,14633,No,1,41:44,فصلت,1,15841
عَمًى,14634,No,1,41:44,فصلت,1,11558
أَسَاءَ,14635,No,2,41:46,فصلت,2,4050
أَكْمَامِهَا,14636,No,1,41:47,فصلت,1,7325
شُرَكَائِي,14637,No,1,41:47,فصلت,1,11162
آذَنَّاكَ,14638,No,1,41:47,فصلت,1,6731
شَهِيدٍ,14639,No,1,41:47,فصلت,1,11147
يَسْأَمُ,14640,No,1,41:49,فصلت,1,16875
فَيَئُوسٌ,14641,No,1,41:49,فصلت,1,12502
قَنُوطٌ,14642,No,1,41:49,فصلت,1,12696
رُجِعْتُ,14643,No,1,41:50,فصلت,1,10734
لَلْحُسْنَى,14644,No,1,41:50,فصلت,1,13161
فَلَنُنَبِّئَنَّ,14645,No,1,41:50,فصلت,1,12397
فَذُو,14646,No,1,41:51,فصلت,1,12185
دُعَاءٍ,14647,No,1,41:51,فصلت,1,10546
عَرِيضٍ,14648,No,1,41:51,فصلت,1,11493
سَنُرِيهِمْ,14649,No,1,41:53,فصلت,1,11006
الْآفَاقِ,14650,No,1,41:53,فصلت,1,8179
يَكْفِ,14651,No,1,41:53,فصلت,1,17104
لِقَاءِ,14652,No,1,41:54,فصلت,1,13437
عسق,14653,No,1,42:2,الشورى,1,11423
فَوْقِهِنَّ,14654,No,1,42:5,الشورى,1,12500
الْجَمْعِ,14655,No,2,42:7,الشورى,2,4376
وَفَرِيقٌ,14656,No,1,42:7,الشورى,1,15902
لَجَعَلَهُمْ,14657,No,1,42:8,الشورى,1,13044
وَالظَّالِمُونَ,14658,No,1,42:8,الشورى,1,15073
الْوَلِيُّ,14659,No,2,42:9,الشورى,1,4498
اخْتَلَفْتُمْ,14660,No,1,42:10,الشورى,1,7771
فَحُكْمُهُ,14661,No,1,42:10,الشورى,1,12159
فَاطِرُ,14662,No,1,42:11,الشورى,1,11968
يَذْرَؤُكُمْ,14663,No,1,42:11,الشورى,1,16821
كَمِثْلِهِ,14664,No,1,42:11,الشورى,1,12882
شَرَعَ,14665,No,1,42:13,الشورى,1,11119
وَصَّى,14666,No,1,42:13,الشورى,1,15779
تَتَفَرَّقُوا,14667,No,1,42:13,الشورى,1,9363
أُورِثُوا,14668,No,1,42:14,الشورى,1,7632
فَلِذَلِكَ,14669,No,1,42:15,الشورى,1,12406
وَاسْتَقِمْ,14670,No,1,42:15,الشورى,1,14965
لِأَعْدِلَ,14671,No,1,42:15,الشورى,1,13316
حُجَّةَ,14672,No,1,42:15,الشورى,1,10295
وَبَيْنَكُمُ,14673,No,2,42:15,الشورى,2,6194
يُحَاجُّونَ,14674,No,1,42:16,الشورى,1,17277
اسْتُجِيبَ,14675,No,1,42:16,الشورى,1,7838
حُجَّتُهُمْ,14676,No,1,42:16,الشورى,1,10298
دَاحِضَةٌ,14677,No,1,42:16,الشورى,1,10497
وَعَلَيْهِمْ,14678,No,1,42:16,الشورى,1,15855
يُمَارُونَ,14679,No,1,42:18,الشورى,1,17511
نَزِدْ,14680,No,2,42:20,الشورى,1,5965
حَرْثِهِ,14681,No,1,42:20,الشورى,1,10222
نَصِيبٍ,14682,No,1,42:20,الشورى,1,14325
شَرَعُوا,14683,No,1,42:21,الشورى,1,11120
يَأْذَنْ,14684,No,1,42:21,الشورى,1,16637
رَوْضَاتِ,14685,No,1,42:22,الشورى,1,10726
الْجَنَّاتِ,14686,No,1,42:22,الشورى,1,8335
يُبَشِّرُ,14687,No,1,42:23,الشورى,1,17236
الْمَوَدَّةَ,14688,No,1,42:23,الشورى,1,8631
يَقْتَرِفْ,14689,No,1,42:23,الشورى,1,17065
يَخْتِمْ,14690,No,1,42:24,الشورى,1,16783
وَيَمْحُ,14691,No,1,42:24,الشورى,1,16479
وَيَسْتَجِيبُ,14692,No,1,42:26,الشورى,1,16435
بَسَطَ,14693,No,1,42:27,الشورى,1,8858
لَبَغَوْا,14694,No,1,42:27,الشورى,1,13000
قَنَطُوا,14695,No,1,42:28,الشورى,1,12695
وَيَنْشُرُ,14696,No,1,42:28,الشورى,1,16486
بَثَّ,14697,No,1,42:29,الشورى,1,8830
جَمْعِهِمْ,14698,No,1,42:29,الشورى,1,10111
مُصِيبَةٍ,14699,No,3,42:30,الشورى,3,3597
الْجَوَارِ,14700,No,3,42:32,الشورى,3,2985
كَالْأَعْلَامِ,14701,No,2,42:32,الشورى,2,5601
يُسْكِنِ,14702,No,1,42:33,الشورى,1,17373
فَيَظْلَلْنَ,14703,No,1,42:33,الشورى,1,12519
رَوَاكِدَ,14704,No,1,42:33,الشورى,1,10725
ظَهْرِهِ,14705,No,2,42:33,الشورى,2,5252
يُوبِقْهُنَّ,14706,No,1,42:34,الشورى,1,17552
وَيَعْفُ,14707,No,1,42:34,الشورى,1,16459
يَجْتَنِبُونَ,14708,No,2,42:37,الشورى,2,6483
وَالْفَوَاحِشَ,14709,No,2,42:37,الشورى,2,6165
غَضِبُوا,14710,No,1,42:37,الشورى,1,11681
يَغْفِرُونَ,14711,No,1,42:37,الشورى,1,17034
وَأَمْرُهُمْ,14712,No,1,42:38,الشورى,1,14772
شُورَى,14713,No,1,42:38,الشورى,1,11176
الْبَغْيُ,14714,No,1,42:39,الشورى,1,8306
وَجَزَاءُ,14715,No,1,42:40,الشورى,1,15493
مِثْلُهَا,14716,No,2,42:40,الشورى,2,5926
فَأَجْرُهُ,14717,No,1,42:40,الشورى,1,11759
وَلَمَنِ,14718,No,1,42:41,الشورى,1,16061
انْتَصَرَ,14719,No,1,42:41,الشورى,1,8775
وَيَبْغُونَ,14720,No,1,42:42,الشورى,1,16379
وَلَمَنْ,14721,No,1,42:43,الشورى,1,16062
صَبَرَ,14722,No,2,42:43,الشورى,2,5180
وَغَفَرَ,14723,No,1,42:43,الشورى,1,15891
لَمِنْ,14724,No,1,42:43,الشورى,1,13194
مَرَدٍّ,14725,No,1,42:44,الشورى,1,13687
طَرْفٍ,14726,No,1,42:45,الشورى,1,11354
خَفِيٍّ,14727,No,1,42:45,الشورى,1,10418
يَنْصُرُونَهُمْ,14728,No,2,42:46,الشورى,2,6587
لِرَبِّكُمْ,14729,No,1,42:47,الشورى,1,13409
مَلْجَإٍ,14730,No,1,42:47,الشورى,1,13820
نَكِيرٍ,14731,No,1,42:47,الشورى,1,14405
يَهَبُ,14732,No,1,42:49,الشورى,1,17190
وَيَهَبُ,14733,No,1,42:49,الشورى,1,16494
الذُّكُورَ,14734,No,1,42:49,الشورى,1,7954
يُزَوِّجُهُمْ,14735,No,1,42:50,الشورى,1,17360
ذُكْرَانًا,14736,No,1,42:50,الشورى,1,10612
وَإِنَاثًا,14737,No,1,42:50,الشورى,1,14876
عَقِيمًا,14738,No,1,42:50,الشورى,1,11538
يُكَلِّمَهُ,14739,No,1,42:51,الشورى,1,17503
وَحْيًا,14740,No,1,42:51,الشورى,1,15566
فَيُوحِيَ,14741,No,1,42:51,الشورى,1,12554
عَلِيٌّ,14742,No,1,42:51,الشورى,1,11557
رُوحًا,14743,No,1,42:52,الشورى,1,10753
الْإِيمَانُ,14744,No,2,42:52,الشورى,2,4356
نَهْدِي,14745,No,1,42:52,الشورى,1,14423
لَتَهْدِي,14746,No,1,42:52,الشورى,1,13028
تَصِيرُ,14747,No,1,42:53,الشورى,1,9595
لَعَلِيٌّ,14748,No,1,43:4,الزخرف,1,13107
أَفَنَضْرِبُ,14749,No,1,43:5,الزخرف,1,7269
صَفْحًا,14750,No,1,43:5,الزخرف,1,11251
مُسْرِفِينَ,14751,No,1,43:5,الزخرف,1,14009
فَأَهْلَكْنَا,14752,No,1,43:8,الزخرف,1,11847
بَطْشًا,14753,No,2,43:8,الزخرف,2,4535
وَمَضَى,14754,No,1,43:8,الزخرف,1,16199
فَأَنْشَرْنَا,14755,No,1,43:11,الزخرف,1,11842
تَرْكَبُونَ,14756,No,1,43:12,الزخرف,1,9517
لِتَسْتَوُوا,14757,No,1,43:13,الزخرف,1,13361
ظُهُورِهِ,14758,No,1,43:13,الزخرف,1,11416
تَذْكُرُوا,14759,No,1,43:13,الزخرف,1,9479
اسْتَوَيْتُمْ,14760,No,1,43:13,الزخرف,1,7834
وَتَقُولُوا,14761,No,1,43:13,الزخرف,1,15418
مُقْرِنِينَ,14762,No,1,43:13,الزخرف,1,14073
لَمُنْقَلِبُونَ,14763,No,1,43:14,الزخرف,1,13191
بَنَاتٍ,14764,No,1,43:16,الزخرف,1,8911
وَأَصْفَاكُمْ,14765,No,1,43:16,الزخرف,1,14710
يُنَشَّأُ,14766,No,1,43:18,الزخرف,1,17532
الْحِلْيَةِ,14767,No,1,43:18,الزخرف,1,8398
عِبَادُ,14768,No,2,43:19,الزخرف,2,5312
أَشَهِدُوا,14769,No,1,43:19,الزخرف,1,7123
خَلْقَهُمْ,14770,No,1,43:19,الزخرف,1,10432
سَتُكْتَبُ,14771,No,1,43:19,الزخرف,1,10923
شَهَادَتُهُمْ,14772,No,1,43:19,الزخرف,1,11144
وَيُسْأَلُونَ,14773,No,1,43:19,الزخرف,1,16547
عَبَدْنَاهُمْ,14774,No,1,43:20,الزخرف,1,11457
بِذَلِكَ,14775,No,3,43:20,الزخرف,3,3089
مُسْتَمْسِكُونَ,14776,No,1,43:21,الزخرف,1,14006
مُقْتَدُونَ,14777,No,1,43:23,الزخرف,1,14067
بِأَهْدَى,14778,No,1,43:24,الزخرف,1,8982
بَرَاءٌ,14779,No,1,43:26,الزخرف,1,8848
وَجَعَلَهَا,14780,No,1,43:28,الزخرف,1,15496
بَاقِيَةً,14781,No,1,43:28,الزخرف,1,8823
عَقِبِهِ,14782,No,1,43:28,الزخرف,1,11537
مَتَّعْتُ,14783,No,1,43:29,الزخرف,1,13647
وَرَسُولٌ,14784,No,1,43:29,الزخرف,1,15652
الْقَرْيَتَيْنِ,14785,No,1,43:31,الزخرف,1,8530
يَقْسِمُونَ,14786,No,1,43:32,الزخرف,1,17076
قَسَمْنَا,14787,No,1,43:32,الزخرف,1,12663
مَعِيشَتَهُمْ,14788,No,1,43:32,الزخرف,1,13757
لِيَتَّخِذَ,14789,No,1,43:32,الزخرف,1,13539
سُخْرِيًّا,14790,No,1,43:32,الزخرف,1,11051
وَرَحْمَتُ,14791,No,1,43:32,الزخرف,1,15645
لَجَعَلْنَا,14792,No,2,43:33,الزخرف,1,5660
لِبُيُوتِهِمْ,14793,No,1,43:33,الزخرف,1,13348
سُقُفًا,14794,No,1,43:33,الزخرف,1,11058
فِضَّةٍ,14795,No,4,43:33,الزخرف,2,2529
وَمَعَارِجَ,14796,No,1,43:33,الزخرف,1,16200
يَظْهَرُونَ,14797,No,1,43:33,الزخرف,1,16985
وَلِبُيُوتِهِمْ,14798,No,1,43:34,الزخرف,1,16098
أَبْوَابًا,14799,No,2,43:34,الزخرف,2,3991
وَسُرُرًا,14800,No,1,43:34,الزخرف,1,15738
يَتَّكِئُونَ,14801,No,1,43:34,الزخرف,1,16727
وَزُخْرُفًا,14802,No,1,43:35,الزخرف,1,15692
يَعْشُ,14803,No,1,43:36,الزخرف,1,17006
نُقَيِّضْ,14804,No,1,43:36,الزخرف,1,14488
لَيَصُدُّونَهُمْ,14805,No,1,43:37,الزخرف,1,13263
بُعْدَ,14806,No,1,43:38,الزخرف,1,8943
الْمَشْرِقَيْنِ,14807,No,2,43:38,الزخرف,2,4458
الْقَرِينُ,14808,No,1,43:38,الزخرف,1,8528
نَذْهَبَنَّ,14809,No,1,43:41,الزخرف,1,14284
وَعَدْنَاهُمْ,14810,No,1,43:42,الزخرف,1,15835
مُقْتَدِرُونَ,14811,No,1,43:42,الزخرف,1,14069
فَاسْتَمْسِكْ,14812,No,1,43:43,الزخرف,1,11952
لَذِكْرٌ,14813,No,1,43:44,الزخرف,1,13062
وَلِقَوْمِكَ,14814,No,1,43:44,الزخرف,1,16116
وَاسْأَلْ,14815,No,1,43:45,الزخرف,1,14949
أَجَعَلْنَا,14816,No,1,43:45,الزخرف,1,6894
يُعْبَدُونَ,14817,No,1,43:45,الزخرف,1,17455
يَضْحَكُونَ,14818,No,3,43:47,الزخرف,2,3893
نُرِيهِمْ,14819,No,1,43:48,الزخرف,1,14445
أُخْتِهَا,14820,No,1,43:48,الزخرف,1,7572
وَأَخَذْنَاهُمْ,14821,No,1,43:48,الزخرف,1,14648
وَهَذِهِ,14822,No,1,43:51,الزخرف,1,16343
تَحْتِي,14823,No,1,43:51,الزخرف,1,9410
مَهِينٌ,14824,No,1,43:52,الزخرف,1,13845
يُبِينُ,14825,No,1,43:52,الزخرف,1,17244
أَسْوِرَةٌ,14826,No,1,43:53,الزخرف,1,7118
مُقْتَرِنِينَ,14827,No,1,43:53,الزخرف,1,14071
فَاسْتَخَفَّ,14828,No,1,43:54,الزخرف,1,11938
فَأَطَاعُوهُ,14829,No,1,43:54,الزخرف,1,11801
آسَفُونَا,14830,No,1,43:55,الزخرف,1,6736
انْتَقَمْنَا,14831,No,1,43:55,الزخرف,1,8777
سَلَفًا,14832,No,1,43:56,الزخرف,1,10968
لِلْآخِرِينَ,14833,No,1,43:56,الزخرف,1,13463
يَصِدُّونَ,14834,No,1,43:57,الزخرف,1,16949
أَآلِهَتُنَا,14835,No,1,43:58,الزخرف,1,6758
ضَرَبُوهُ,14836,No,1,43:58,الزخرف,1,11311
خَصِمُونَ,14837,No,1,43:58,الزخرف,1,10402
عَبْدٌ,14838,No,1,43:59,الزخرف,1,11460
يَخْلُفُونَ,14839,No,1,43:60,الزخرف,1,16795
لَعِلْمٌ,14840,No,1,43:61,الزخرف,1,13115
لِلسَّاعَةِ,14841,No,1,43:61,الزخرف,1,13450
تَمْتَرُنَّ,14842,No,1,43:61,الزخرف,1,9758
وَاتَّبِعُونِ,14843,No,1,43:61,الزخرف,1,14892
يَصُدَّنَّكُمُ,14844,No,1,43:62,الزخرف,1,16947
وَلِأُبَيِّنَ,14845,No,1,43:63,الزخرف,1,16093
الْأَخِلَّاءُ,14846,No,1,43:67,الزخرف,1,8199
تُحْبَرُونَ,14847,No,1,43:70,الزخرف,1,9871
بِصِحَافٍ,14848,No,1,43:71,الزخرف,1,9176
وَأَكْوَابٍ,14849,No,2,43:71,الزخرف,2,6063
تَشْتَهِيهِ,14850,No,1,43:71,الزخرف,1,9580
وَتَلَذُّ,14851,No,1,43:71,الزخرف,1,15427
الْأَعْيُنُ,14852,No,1,43:71,الزخرف,1,8225
يُفَتَّرُ,14853,No,1,43:75,الزخرف,1,17482
مَالِكُ,14854,No,1,43:77,الزخرف,1,13631
لِيَقْضِ,14855,No,1,43:77,الزخرف,1,13569
مَاكِثُونَ,14856,No,1,43:77,الزخرف,1,13627
جِئْنَاكُمْ,14857,No,1,43:78,الزخرف,1,10160
أَبْرَمُوا,14858,No,1,43:79,الزخرف,1,6799
مُبْرِمُونَ,14859,No,1,43:79,الزخرف,1,13898
نَسْمَعُ,14860,No,2,43:80,الزخرف,2,5971
وَرُسُلُنَا,14861,No,1,43:80,الزخرف,1,15664
فَأَنَا,14862,No,1,43:81,الزخرف,1,11833
الْعَابِدِينَ,14863,No,1,43:81,الزخرف,1,8436
وَيَلْعَبُوا,14864,No,2,43:83,الزخرف,2,6427
يُلَاقُوا,14865,No,3,43:83,الزخرف,3,3951
يَوْمَهُمُ,14866,No,3,43:83,الزخرف,3,3921
وَتَبَارَكَ,14867,No,1,43:85,الزخرف,1,15351
وَقِيلِهِ,14868,No,1,43:88,الزخرف,1,15982
فَاصْفَحْ,14869,No,1,43:89,الزخرف,1,11964
لَيْلَةٍ,14870,No,1,44:3,الدخان,1,13291
يُفْرَقُ,14871,No,1,44:4,الدخان,1,17486
فَارْتَقِبْ,14872,No,2,44:10,الدخان,1,5383
بِدُخَانٍ,14873,No,1,44:10,الدخان,1,9120
اكْشِفْ,14874,No,1,44:12,الدخان,1,7905
مُعَلَّمٌ,14875,No,1,44:14,الدخان,1,14050
مَجْنُونٌ,14876,No,4,44:14,الدخان,3,2593
كَاشِفُو,14877,No,1,44:15,الدخان,1,12788
عَائِدُونَ,14878,No,1,44:15,الدخان,1,11424
نَبْطِشُ,14879,No,1,44:16,الدخان,1,14235
الْبَطْشَةَ,14880,No,1,44:16,الدخان,1,8303
وَجَاءَهُمْ,14881,No,1,44:17,الدخان,1,15478
أَدُّوا,14882,No,1,44:18,الدخان,1,6997
تَرْجُمُونِ,14883,No,1,44:20,الدخان,1,9504
فَاعْتَزِلُونِ,14884,No,1,44:21,الدخان,1,11980
فَدَعَا,14885,No,2,44:22,الدخان,2,5437
مُجْرِمُونَ,14886,No,2,44:22,الدخان,2,5872
وَاتْرُكِ,14887,No,1,44:24,الدخان,1,14899
رَهْوًا,14888,No,1,44:24,الدخان,1,10724
وَنَعْمَةٍ,14889,No,1,44:27,الدخان,1,16286
فَاكِهِينَ,14890,No,2,44:27,الدخان,2,5404
بَكَتْ,14891,No,1,44:29,الدخان,1,8897
عَالِيًا,14892,No,1,44:31,الدخان,1,11446
اخْتَرْنَاهُمْ,14893,No,1,44:32,الدخان,1,7768
مَوْتَتُنَا,14894,No,1,44:35,الدخان,1,13859
بِمُنْشَرِينَ,14895,No,1,44:35,الدخان,1,9262
بِآبَائِنَا,14896,No,2,44:36,الدخان,2,4577
تُبَّعٍ,14897,No,2,44:37,الدخان,2,4806
خَلَقْنَاهُمَا,14898,No,1,44:39,الدخان,1,10427
مِيقَاتُهُمْ,14899,No,1,44:40,الدخان,1,14182
مَوْلًى,14900,No,2,44:41,الدخان,1,5851
شَجَرَتَ,14901,No,1,44:43,الدخان,1,11114
الْأَثِيمِ,14902,No,1,44:44,الدخان,1,8191
يَغْلِي,14903,No,1,44:45,الدخان,1,17037
الْبُطُونِ,14904,No,1,44:45,الدخان,1,8316
كَغَلْيِ,14905,No,1,44:46,الدخان,1,12865
خُذُوهُ,14906,No,2,44:47,الدخان,2,4966
فَاعْتِلُوهُ,14907,No,1,44:47,الدخان,1,11981
صُبُّوا,14908,No,1,44:48,الدخان,1,11275
ذُقْ,14909,No,1,44:49,الدخان,1,10610
الْكَرِيمُ,14910,No,1,44:49,الدخان,1,8560
مَقَامٍ,14911,No,1,44:51,الدخان,1,13776
أَمِينٍ,14912,No,2,44:51,الدخان,2,4123
يَلْبَسُونَ,14913,No,1,44:53,الدخان,1,17115
وَزَوَّجْنَاهُمْ,14914,No,2,44:54,الدخان,2,6261
بِحُورٍ,14915,No,2,44:54,الدخان,2,4634
عِينٍ,14916,No,2,44:54,الدخان,2,5319
فَاكِهَةٍ,14917,No,2,44:55,الدخان,2,5403
يَذُوقُونَ,14918,No,2,44:56,الدخان,2,6500
الْمَوْتَةَ,14919,No,1,44:56,الدخان,1,8633
وَوَقَاهُمْ,14920,No,2,44:56,الدخان,2,6404
مُرْتَقِبُونَ,14921,No,1,44:59,الدخان,1,13970
خَلْقِكُمْ,14922,No,1,45:4,الجاثية,1,10434
يَبُثُّ,14923,No,1,45:4,الجاثية,1,16657
وَيْلٌ,14924,No,14,45:7,الجاثية,4,684
يُصِرُّ,14925,No,1,45:8,الجاثية,1,17394
اتَّخَذَهَا,14926,No,1,45:9,الجاثية,1,7735
يَغْفِرُوا,14927,No,1,45:14,الجاثية,1,17033
أَيَّامَ,14928,No,1,45:14,الجاثية,1,7530
شَرِيعَةٍ,14929,No,1,45:18,الجاثية,1,11125
فَاتَّبِعْهَا,14930,No,1,45:18,الجاثية,1,11884
يُغْنُوا,14931,No,1,45:19,الجاثية,1,17474
اجْتَرَحُوا,14932,No,1,45:21,الجاثية,1,7755
نَجْعَلَهُمْ,14933,No,1,45:21,الجاثية,1,14262
مَحْيَاهُمْ,14934,No,1,45:21,الجاثية,1,13674
وَمَمَاتُهُمْ,14935,No,1,45:21,الجاثية,1,16214
وَلِتُجْزَى,14936,No,1,45:22,الجاثية,1,16106
وَأَضَلَّهُ,14937,No,1,45:23,الجاثية,1,14714
سَمْعِهِ,14938,No,1,45:23,الجاثية,1,10992
بَصَرِهِ,14939,No,1,45:23,الجاثية,1,8865
غِشَاوَةً,14940,No,1,45:23,الجاثية,1,11722
يَهْدِيهِ,14941,No,1,45:23,الجاثية,1,17200
يُهْلِكُنَا,14942,No,1,45:24,الجاثية,1,17551
الدَّهْرُ,14943,No,1,45:24,الجاثية,1,7944
حُجَّتَهُمْ,14944,No,1,45:25,الجاثية,1,10296
يَجْمَعُكُمْ,14945,No,2,45:26,الجاثية,2,6486
يَخْسَرُ,14946,No,1,45:27,الجاثية,1,16789
جَاثِيَةً,14947,No,1,45:28,الجاثية,1,10069
تُدْعَى,14948,No,1,45:28,الجاثية,1,9893
كِتَابِهَا,14949,No,1,45:28,الجاثية,1,12928
كِتَابُنَا,14950,No,1,45:29,الجاثية,1,12927
نَسْتَنْسِخُ,14951,No,1,45:29,الجاثية,1,14307
فَيُدْخِلُهُمْ,14952,No,1,45:30,الجاثية,1,12542
فَاسْتَكْبَرْتُمْ,14953,No,1,45:31,الجاثية,1,11948
وَالسَّاعَةُ,14954,No,2,45:32,الجاثية,2,6131
نَدْرِي,14955,No,2,45:32,الجاثية,2,5961
نَظُنُّ,14956,No,1,45:32,الجاثية,1,14343
بِمُسْتَيْقِنِينَ,14957,No,1,45:32,الجاثية,1,9256
نَنْسَاكُمْ,14958,No,1,45:34,الجاثية,1,14414
بِأَنَّكُمُ,14959,No,1,45:35,الجاثية,1,8978
وَغَرَّتْكُمُ,14960,No,2,45:35,الجاثية,2,6307
يُخْرَجُونَ,14961,No,1,45:35,الجاثية,1,17310
وَرَبِّ,14962,No,1,45:36,الجاثية,1,15638
أَثَارَةٍ,14963,No,1,46:4,الأحقاف,1,6879
دُعَائِهِمْ,14964,No,1,46:5,الأحقاف,1,10551
حُشِرَ,14965,No,1,46:6,الأحقاف,1,10306
بِدْعًا,14966,No,1,46:9,الأحقاف,1,9125
يُفْعَلُ,14967,No,1,46:9,الأحقاف,1,17489
وَكَفَرْتُمْ,14968,No,1,46:10,الأحقاف,1,15996
وَاسْتَكْبَرْتُمْ,14969,No,1,46:10,الأحقاف,1,14967
سَبَقُونَا,14970,No,2,46:11,الأحقاف,2,5077
قَدِيمٌ,14971,No,1,46:11,الأحقاف,1,12653
كُرْهًا,14972,No,2,46:15,الأحقاف,1,5630
وَوَضَعَتْهُ,14973,No,1,46:15,الأحقاف,1,16363
وَحَمْلُهُ,14974,No,1,46:15,الأحقاف,1,15552
ثَلَاثُونَ,14975,No,1,46:15,الأحقاف,1,10038
وَبَلَغَ,14976,No,1,46:15,الأحقاف,1,15299
نَتَقَبَّلُ,14977,No,1,46:16,الأحقاف,1,14241
وَنَتَجَاوَزُ,14978,No,1,46:16,الأحقاف,1,16242
الصِّدْقِ,14979,No,1,46:16,الأحقاف,1,8092
لِوَالِدَيْهِ,14980,No,1,46:17,الأحقاف,1,13525
أَتَعِدَانِنِي,14981,No,1,46:17,الأحقاف,1,6840
أُخْرَجَ,14982,No,1,46:17,الأحقاف,1,7575
خَلَتِ,14983,No,2,46:17,الأحقاف,1,4954
الْقُرُونُ,14984,No,1,46:17,الأحقاف,1,8543
وَهُمَا,14985,No,1,46:17,الأحقاف,1,16351
يَسْتَغِيثَانِ,14986,No,1,46:17,الأحقاف,1,16894
وَيْلَكَ,14987,No,1,46:17,الأحقاف,1,16590
آمِنْ,14988,No,1,46:17,الأحقاف,1,6746
وَلِيُوَفِّيَهُمْ,14989,No,1,46:19,الأحقاف,1,16150
يُعْرَضُ,14990,No,2,46:20,الأحقاف,1,6661
أَذْهَبْتُمْ,14991,No,1,46:20,الأحقاف,1,7020
طَيِّبَاتِكُمْ,14992,No,1,46:20,الأحقاف,1,11373
حَيَاتِكُمُ,14993,No,1,46:20,الأحقاف,1,10288
وَاسْتَمْتَعْتُمْ,14994,No,1,46:20,الأحقاف,1,14969
تَفْسُقُونَ,14995,No,1,46:20,الأحقاف,1,9674
أَخَا,14996,No,1,46:21,الأحقاف,1,6951
أَنْذَرَ,14997,No,1,46:21,الأحقاف,1,7426
بِالْأَحْقَافِ,14998,No,1,46:21,الأحقاف,1,9027
النُّذُرُ,14999,No,3,46:21,الأحقاف,2,2965
لِتَأْفِكَنَا,15000,No,1,46:22,الأحقاف,1,13350
وَأُبَلِّغُكُمْ,15001,No,1,46:23,الأحقاف,1,14819
رَأَوْهُ,15002,No,2,46:24,الأحقاف,2,5010
عَارِضًا,15003,No,1,46:24,الأحقاف,1,11432
مُسْتَقْبِلَ,15004,No,1,46:24,الأحقاف,1,14000
أَوْدِيَتِهِمْ,15005,No,1,46:24,الأحقاف,1,7504
عَارِضٌ,15006,No,1,46:24,الأحقاف,1,11433
مُمْطِرُنَا,15007,No,1,46:24,الأحقاف,1,14095
اسْتَعْجَلْتُمْ,15008,No,1,46:24,الأحقاف,1,7819
تُدَمِّرُ,15009,No,1,46:25,الأحقاف,1,9888
يُرَى,15010,No,2,46:25,الأحقاف,2,6635
وَأَبْصَارًا,15011,No,1,46:26,الأحقاف,1,14606
وَأَفْئِدَةً,15012,No,1,46:26,الأحقاف,1,14736
أَفْئِدَتُهُمْ,15013,No,1,46:26,الأحقاف,1,7275
نَصَرَهُمُ,15014,No,1,46:28,الأحقاف,1,14322
إِفْكُهُمْ,15015,No,1,46:28,الأحقاف,1,7675
صَرَفْنَا,15016,No,1,46:29,الأحقاف,1,11237
حَضَرُوهُ,15017,No,1,46:29,الأحقاف,1,10250
أَنْصِتُوا,15018,No,1,46:29,الأحقاف,1,7449
قَوْمَنَا,15019,No,2,46:30,الأحقاف,1,5575
طَرِيقٍ,15020,No,1,46:30,الأحقاف,1,11351
أَجِيبُوا,15021,No,1,46:31,الأحقاف,1,6903
دَاعِيَ,15022,No,2,46:31,الأحقاف,1,4974
يَغْفِرْ,15023,No,3,46:31,الأحقاف,3,3908
وَيُجِرْكُمْ,15024,No,1,46:31,الأحقاف,1,16516
يُجِبْ,15025,No,1,46:32,الأحقاف,1,17270
بِمُعْجِزٍ,15026,No,1,46:32,الأحقاف,1,9261
يَعْيَ,15027,No,1,46:33,الأحقاف,1,17020
بِخَلْقِهِنَّ,15028,No,1,46:33,الأحقاف,1,9114
يُحْيِيَ,15029,No,2,46:33,الأحقاف,2,6626
الْعَزْمِ,15030,No,1,46:35,الأحقاف,1,8447
تَسْتَعْجِلْ,15031,No,1,46:35,الأحقاف,1,9552
نَهَارٍ,15032,No,1,46:35,الأحقاف,1,14419
مُحَمَّدٍ,15033,No,1,47:2,محمد,1,13938
كَفَّرَ,15034,No,1,47:2,محمد,1,12872
بَالَهُمْ,15035,No,2,47:2,محمد,1,4520
أَمْثَالَهُمْ,15036,No,2,47:3,محمد,2,4125
فَضَرْبَ,15037,No,1,47:4,محمد,1,12269
أَثْخَنْتُمُوهُمْ,15038,No,1,47:4,محمد,1,6884
فَشُدُّوا,15039,No,1,47:4,محمد,1,12252
الْوَثَاقَ,15040,No,1,47:4,محمد,1,8738
فِدَاءً,15041,No,1,47:4,محمد,1,12584
تَضَعَ,15042,No,1,47:4,محمد,1,9601
الْحَرْبُ,15043,No,1,47:4,محمد,1,8360
أَوْزَارَهَا,15044,No,1,47:4,محمد,1,7507
لَانْتَصَرَ,15045,No,1,47:4,محمد,1,12995
لِيَبْلُوَ,15046,No,1,47:4,محمد,1,13535
يُضِلَّ,15047,No,1,47:4,محمد,1,17419
سَيَهْدِيهِمْ,15048,No,1,47:5,محمد,1,11028
وَيُصْلِحُ,15049,No,1,47:5,محمد,1,16552
وَيُدْخِلُهُمُ,15050,No,1,47:6,محمد,1,16530
عَرَّفَهَا,15051,No,1,47:6,محمد,1,11492
تَنْصُرُوا,15052,No,1,47:7,محمد,1,9789
يَنْصُرْكُمْ,15053,No,1,47:7,محمد,1,17169
وَيُثَبِّتْ,15054,No,1,47:7,محمد,1,16513
أَقْدَامَكُمْ,15055,No,1,47:7,محمد,1,7290
فَتَعْسًا,15056,No,1,47:8,محمد,1,12091
كَرِهُوا,15057,No,2,47:9,محمد,1,5610
دَمَّرَ,15058,No,1,47:10,محمد,1,10536
أَمْثَالُهَا,15059,No,1,47:10,محمد,1,7382
مَوْلَى,15060,No,2,47:11,محمد,1,5855
يَتَمَتَّعُونَ,15061,No,1,47:12,محمد,1,16710
وَيَأْكُلُونَ,15062,No,1,47:12,محمد,1,16374
وَالنَّارُ,15063,No,1,47:12,محمد,1,15078
قَرْيَتِكَ,15064,No,1,47:13,محمد,1,12660
أَخْرَجَتْكَ,15065,No,1,47:13,محمد,1,6975
نَاصِرَ,15066,No,1,47:13,محمد,1,14205
أَنْهَارٌ,15067,No,1,47:15,محمد,1,7468
آسِنٍ,15068,No,1,47:15,محمد,1,6738
وَأَنْهَارٌ,15069,No,3,47:15,محمد,1,3675
لَبَنٍ,15070,No,1,47:15,محمد,1,13003
يَتَغَيَّرْ,15071,No,1,47:15,محمد,1,16697
طَعْمُهُ,15072,No,1,47:15,محمد,1,11362
خَمْرٍ,15073,No,1,47:15,محمد,1,10435
عَسَلٍ,15074,No,1,47:15,محمد,1,11506
مُصَفًّى,15075,No,1,47:15,محمد,1,14023
خَالِدٌ,15076,No,1,47:15,محمد,1,10373
وَسُقُوا,15077,No,1,47:15,محمد,1,15740
حَمِيمًا,15078,No,3,47:15,محمد,3,3207
فَقَطَّعَ,15079,No,1,47:15,محمد,1,12350
أَمْعَاءَهُمْ,15080,No,1,47:15,محمد,1,7397
آنِفًا,15081,No,1,47:16,محمد,1,6752
وَآتَاهُمْ,15082,No,1,47:17,محمد,1,14580
تَقْوَاهُمْ,15083,No,1,47:17,محمد,1,9715
أَشْرَاطُهَا,15084,No,1,47:18,محمد,1,7128
ذِكْرَاهُمْ,15085,No,1,47:18,محمد,1,10619
مُتَقَلَّبَكُمْ,15086,No,1,47:19,محمد,1,13916
وَمَثْوَاكُمْ,15087,No,1,47:19,محمد,1,16188
نُزِّلَتْ,15088,No,1,47:20,محمد,1,14449
مُحْكَمَةٌ,15089,No,1,47:20,محمد,1,13947
وَذُكِرَ,15090,No,1,47:20,محمد,1,15614
الْمَغْشِيِّ,15091,No,1,47:20,محمد,1,8613
فَأَوْلَى,15092,No,3,47:20,محمد,2,3385
وَقَوْلٌ,15093,No,1,47:21,محمد,1,15956
عَزَمَ,15094,No,1,47:21,محمد,1,11501
وَتُقَطِّعُوا,15095,No,1,47:22,محمد,1,15458
أَرْحَامَكُمْ,15096,No,1,47:22,محمد,1,7047
فَأَصَمَّهُمْ,15097,No,1,47:23,محمد,1,11795
وَأَعْمَى,15098,No,1,47:23,محمد,1,14731
قُلُوبٍ,15099,No,1,47:24,محمد,1,12733
أَقْفَالُهَا,15100,No,1,47:24,محمد,1,7297
ارْتَدُّوا,15101,No,1,47:25,محمد,1,7791
سَوَّلَ,15102,No,1,47:25,محمد,1,11016
وَأَمْلَى,15103,No,1,47:25,محمد,1,14773
سَنُطِيعُكُمْ,15104,No,1,47:26,محمد,1,11007
إِسْرَارَهُمْ,15105,No,1,47:26,محمد,1,7660
تَوَفَّتْهُمُ,15106,No,1,47:27,محمد,1,9816
أَسْخَطَ,15107,No,1,47:28,محمد,1,7093
يُخْرِجَ,15108,No,1,47:29,محمد,1,17312
أَضْغَانَهُمْ,15109,No,1,47:29,محمد,1,7178
لَأَرَيْنَاكَهُمْ,15110,No,1,47:30,محمد,1,12953
فَلَعَرَفْتَهُمْ,15111,No,1,47:30,محمد,1,12386
وَلَتَعْرِفَنَّهُمْ,15112,No,1,47:30,محمد,1,16036
لَحْنِ,15113,No,1,47:30,محمد,1,13054
نَعْلَمَ,15114,No,1,47:31,محمد,1,14359
وَنَبْلُوَ,15115,No,1,47:31,محمد,1,16241
أَخْبَارَكُمْ,15116,No,1,47:31,محمد,1,6967
وَشَاقُّوا,15117,No,1,47:32,محمد,1,15747
وَسَيُحْبِطُ,15118,No,1,47:32,محمد,1,15735
وَتَدْعُوا,15119,No,1,47:35,محمد,1,15369
السَّلْمِ,15120,No,1,47:35,محمد,1,8026
يَتِرَكُمْ,15121,No,1,47:35,محمد,1,16729
يَسْأَلْكُمْ,15122,No,1,47:36,محمد,1,16874
يَسْأَلْكُمُوهَا,15123,No,1,47:37,محمد,1,16873
فَيُحْفِكُمْ,15124,No,1,47:37,محمد,1,12540
تَبْخَلُوا,15125,No,1,47:37,محمد,1,9349
وَيُخْرِجْ,15126,No,1,47:37,محمد,1,16527
أَضْغَانَكُمْ,15127,No,1,47:37,محمد,1,7177
لِتُنْفِقُوا,15128,No,1,47:38,محمد,1,13386
فَمِنْكُمْ,15129,No,2,47:38,محمد,2,5499
يَبْخَلُ,15130,No,2,47:38,محمد,1,6457
يَبْخَلْ,15131,No,1,47:38,محمد,1,16663
يَسْتَبْدِلْ,15132,No,1,47:38,محمد,1,16881
أَمْثَالَكُمْ,15133,No,2,47:38,محمد,2,4124
تَقَدَّمَ,15134,No,1,48:2,الفتح,1,9685
ذَنْبِكَ,15135,No,1,48:2,الفتح,1,10594
وَيُتِمَّ,15136,No,1,48:2,الفتح,1,16510
وَيَهْدِيَكَ,15137,No,1,48:2,الفتح,1,16496
وَيَنْصُرَكَ,15138,No,1,48:3,الفتح,1,16487
السَّكِينَةَ,15139,No,2,48:4,الفتح,1,4281
جُنُودُ,15140,No,2,48:4,الفتح,1,4885
لِيُدْخِلَ,15141,No,2,48:5,الفتح,1,5770
وَيُكَفِّرَ,15142,No,1,48:5,الفتح,1,16567
الظَّانِّينَ,15143,No,1,48:6,الفتح,1,8119
وَلَعَنَهُمْ,15144,No,1,48:6,الفتح,1,16053
لِتُؤْمِنُوا,15145,No,3,48:9,الفتح,3,3521
وَتُعَزِّرُوهُ,15146,No,1,48:9,الفتح,1,15456
وَتُوَقِّرُوهُ,15147,No,1,48:9,الفتح,1,15464
وَتُسَبِّحُوهُ,15148,No,1,48:9,الفتح,1,15453
يُبَايِعُونَكَ,15149,No,2,48:10,الفتح,1,6613
يُبَايِعُونَ,15150,No,1,48:10,الفتح,1,17228
نَكَثَ,15151,No,1,48:10,الفتح,1,14399
يَنْكُثُ,15152,No,1,48:10,الفتح,1,17183
عَلَيْهُ,15153,No,1,48:10,الفتح,1,11546
فَسَيُؤْتِيهِ,15154,No,1,48:10,الفتح,1,12242
شَغَلَتْنَا,15155,No,1,48:11,الفتح,1,11131
أَمْوَالُنَا,15156,No,1,48:11,الفتح,1,7403
وَأَهْلُونَا,15157,No,1,48:11,الفتح,1,14802
فَاسْتَغْفِرْ,15158,No,1,48:11,الفتح,1,11944
يَنْقَلِبَ,15159,No,1,48:12,الفتح,1,17179
أَهْلِيهِمْ,15160,No,1,48:12,الفتح,1,7486
وَزُيِّنَ,15161,No,1,48:12,الفتح,1,15694
وَظَنَنْتُمْ,15162,No,1,48:12,الفتح,1,15813
انْطَلَقْتُمْ,15163,No,1,48:15,الفتح,1,8784
مَغَانِمَ,15164,No,2,48:15,الفتح,1,5820
لِتَأْخُذُوهَا,15165,No,1,48:15,الفتح,1,13349
ذَرُونَا,15166,No,1,48:15,الفتح,1,10578
نَتَّبِعْكُمْ,15167,No,1,48:15,الفتح,1,14248
يُبَدِّلُوا,15168,No,1,48:15,الفتح,1,17233
تَتَّبِعُونَا,15169,No,1,48:15,الفتح,1,9374
كَذَلِكُمْ,15170,No,1,48:15,الفتح,1,12838
تَحْسُدُونَنَا,15171,No,1,48:15,الفتح,1,9420
لِلْمُخَلَّفِينَ,15172,No,1,48:16,الفتح,1,13491
سَتُدْعَوْنَ,15173,No,1,48:16,الفتح,1,10921
تُقَاتِلُونَهُمْ,15174,No,1,48:16,الفتح,1,9961
يُسْلِمُونَ,15175,No,1,48:16,الفتح,1,17374
يُؤْتِكُمُ,15176,No,1,48:16,الفتح,1,17218
يُعَذِّبْهُ,15177,No,1,48:17,الفتح,1,17445
فَعَلِمَ,15178,No,2,48:18,الفتح,1,5464
وَأَثَابَهُمْ,15179,No,1,48:18,الفتح,1,14622
وَمَغَانِمَ,15180,No,1,48:19,الفتح,1,16203
يَأْخُذُونَهَا,15181,No,1,48:19,الفتح,1,16634
وَعَدَكُمُ,15182,No,1,48:20,الفتح,1,15825
تَأْخُذُونَهَا,15183,No,1,48:20,الفتح,1,9305
فَعَجَّلَ,15184,No,1,48:20,الفتح,1,12296
وَكَفَّ,15185,No,1,48:20,الفتح,1,15998
أَيْدِيَ,15186,No,1,48:20,الفتح,1,7543
وَلِتَكُونَ,15187,No,1,48:20,الفتح,1,16105
قَاتَلَكُمُ,15188,No,1,48:22,الفتح,1,12600
لَوَلَّوُا,15189,No,1,48:22,الفتح,1,13240
كَفَّ,15190,No,1,48:24,الفتح,1,12869
بِبَطْنِ,15191,No,1,48:24,الفتح,1,9080
مَكَّةَ,15192,No,1,48:24,الفتح,1,13795
أَظْفَرَكُمْ,15193,No,1,48:24,الفتح,1,7194
وَصَدُّوكُمْ,15194,No,1,48:25,الفتح,1,15773
مَعْكُوفًا,15195,No,1,48:25,الفتح,1,13763
وَنِسَاءٌ,15196,No,1,48:25,الفتح,1,16327
مُؤْمِنَاتٌ,15197,No,1,48:25,الفتح,1,13888
تَعْلَمُوهُمْ,15198,No,1,48:25,الفتح,1,9649
تَطَئُوهُمْ,15199,No,1,48:25,الفتح,1,9612
فَتُصِيبَكُمْ,15200,No,1,48:25,الفتح,1,12123
مَعَرَّةٌ,15201,No,1,48:25,الفتح,1,13752
تَزَيَّلُوا,15202,No,1,48:25,الفتح,1,9526
لَعَذَّبْنَا,15203,No,1,48:25,الفتح,1,13103
الْحَمِيَّةَ,15204,No,1,48:26,الفتح,1,8372
حَمِيَّةَ,15205,No,1,48:26,الفتح,1,10275
وَأَلْزَمَهُمْ,15206,No,1,48:26,الفتح,1,14759
أَحَقَّ,15207,No,1,48:26,الفتح,1,6924
وَأَهْلَهَا,15208,No,1,48:26,الفتح,1,14800
لَتَدْخُلُنَّ,15209,No,1,48:27,الفتح,1,13015
مُحَلِّقِينَ,15210,No,1,48:27,الفتح,1,13937
وَمُقَصِّرِينَ,15211,No,1,48:27,الفتح,1,16226
فَجَعَلَ,15212,No,2,48:27,الفتح,2,5427
أَشِدَّاءُ,15213,No,1,48:29,الفتح,1,7126
رُحَمَاءُ,15214,No,1,48:29,الفتح,1,10735
تَرَاهُمْ,15215,No,1,48:29,الفتح,1,9489
رُكَّعًا,15216,No,1,48:29,الفتح,1,10750
سِيمَاهُمْ,15217,No,1,48:29,الفتح,1,11092
وَمَثَلُهُمْ,15218,No,1,48:29,الفتح,1,16187
كَزَرْعٍ,15219,No,1,48:29,الفتح,1,12851
شَطْأَهُ,15220,No,1,48:29,الفتح,1,11129
فَآزَرَهُ,15221,No,1,48:29,الفتح,1,11739
فَاسْتَغْلَظَ,15222,No,1,48:29,الفتح,1,11945
فَاسْتَوَى,15223,No,2,48:29,الفتح,2,5395
سُوقِهِ,15224,No,1,48:29,الفتح,1,11074
يُعْجِبُ,15225,No,1,48:29,الفتح,1,17456
الزُّرَّاعَ,15226,No,1,48:29,الفتح,1,7997
لِيَغِيظَ,15227,No,1,48:29,الفتح,1,13563
يَدَيِ,15228,No,1,49:1,الحجرات,1,16801
تَرْفَعُوا,15229,No,1,49:2,الحجرات,1,9514
أَصْوَاتَكُمْ,15230,No,1,49:2,الحجرات,1,7162
صَوْتِ,15231,No,1,49:2,الحجرات,1,11270
تَجْهَرُوا,15232,No,1,49:2,الحجرات,1,9395
كَجَهْرِ,15233,No,1,49:2,الحجرات,1,12831
تَحْبَطَ,15234,No,1,49:2,الحجرات,1,9405
يَغُضُّونَ,15235,No,1,49:3,الحجرات,1,17023
أَصْوَاتَهُمْ,15236,No,1,49:3,الحجرات,1,7163
امْتَحَنَ,15237,No,1,49:3,الحجرات,1,8763
يُنَادُونَكَ,15238,No,1,49:4,الحجرات,1,17522
الْحُجُرَاتِ,15239,No,1,49:4,الحجرات,1,8381
تَخْرُجَ,15240,No,1,49:5,الحجرات,1,9441
فَاسِقٌ,15241,No,1,49:6,الحجرات,1,11929
تُصِيبُوا,15242,No,1,49:6,الحجرات,1,9931
فَتُصْبِحُوا,15243,No,1,49:6,الحجرات,1,12126
يُطِيعُكُمْ,15244,No,1,49:7,الحجرات,1,17430
لَعَنِتُّمْ,15245,No,1,49:7,الحجرات,1,13113
حَبَّبَ,15246,No,1,49:7,الحجرات,1,10197
الْإِيمَانَ,15247,No,2,49:7,الحجرات,2,4355
وَزَيَّنَهُ,15248,No,1,49:7,الحجرات,1,15689
وَكَرَّهَ,15249,No,1,49:7,الحجرات,1,15991
وَالْفُسُوقَ,15250,No,1,49:7,الحجرات,1,15203
وَالْعِصْيَانَ,15251,No,1,49:7,الحجرات,1,15190
الرَّاشِدُونَ,15252,No,1,49:7,الحجرات,1,7961
وَنِعْمَةً,15253,No,1,49:8,الحجرات,1,16332
فَأَصْلِحُوا,15254,No,3,49:9,الحجرات,1,3376
بَغَتْ,15255,No,1,49:9,الحجرات,1,8889
تَبْغِي,15256,No,1,49:9,الحجرات,1,9356
تَفِيءَ,15257,No,1,49:9,الحجرات,1,9666
فَاءَتْ,15258,No,1,49:9,الحجرات,1,11876
وَأَقْسِطُوا,15259,No,1,49:9,الحجرات,1,14746
أَخَوَيْكُمْ,15260,No,1,49:10,الحجرات,1,6959
يَسْخَرْ,15261,No,1,49:11,الحجرات,1,16914
نِسَاءٌ,15262,No,1,49:11,الحجرات,1,14524
نِسَاءٍ,15263,No,1,49:11,الحجرات,1,14525
يَكُنَّ,15264,No,1,49:11,الحجرات,1,17087
تَلْمِزُوا,15265,No,1,49:11,الحجرات,1,9742
تَنَابَزُوا,15266,No,1,49:11,الحجرات,1,9770
بِالْأَلْقَابِ,15267,No,1,49:11,الحجرات,1,9031
الِاسْمُ,15268,No,1,49:11,الحجرات,1,8174
الْفُسُوقُ,15269,No,1,49:11,الحجرات,1,8507
يَتُبْ,15270,No,1,49:11,الحجرات,1,16728
اجْتَنِبُوا,15271,No,1,49:12,الحجرات,1,7759
تَجَسَّسُوا,15272,No,1,49:12,الحجرات,1,9386
يَغْتَبْ,15273,No,1,49:12,الحجرات,1,17027
أَيُحِبُّ,15274,No,1,49:12,الحجرات,1,7535
يَأْكُلَ,15275,No,1,49:12,الحجرات,1,16638
فَكَرِهْتُمُوهُ,15276,No,1,49:12,الحجرات,1,12365
وَأُنْثَى,15277,No,1,49:13,الحجرات,1,14844
شُعُوبًا,15278,No,1,49:13,الحجرات,1,11167
وَقَبَائِلَ,15279,No,1,49:13,الحجرات,1,15928
لِتَعَارَفُوا,15280,No,1,49:13,الحجرات,1,13365
أَكْرَمَكُمْ,15281,No,1,49:13,الحجرات,1,7317
أَتْقَاكُمْ,15282,No,1,49:13,الحجرات,1,6873
أَسْلَمْنَا,15283,No,1,49:14,الحجرات,1,7105
يَدْخُلِ,15284,No,1,49:14,الحجرات,1,16811
يَلِتْكُمْ,15285,No,1,49:14,الحجرات,1,17110
أَعْمَالِكُمْ,15286,No,1,49:14,الحجرات,1,7221
يَرْتَابُوا,15287,No,1,49:15,الحجرات,1,16832
الصَّادِقُونَ,15288,No,2,49:15,الحجرات,2,4292
أَتُعَلِّمُونَ,15289,No,1,49:16,الحجرات,1,6866
بِدِينِكُمْ,15290,No,1,49:16,الحجرات,1,9124
يَمُنُّونَ,15291,No,1,49:17,الحجرات,1,17135
تَمُنُّوا,15292,No,1,49:17,الحجرات,1,9754
إِسْلَامَكُمْ,15293,No,1,49:17,الحجرات,1,7662
ق,15294,No,1,50:1,ق,1,12594
الْمَجِيدِ,15295,No,1,50:1,ق,1,8589
عَجِبُوا,15296,No,1,50:2,ق,1,11467
رَجْعٌ,15297,No,1,50:3,ق,1,10668
تَنْقُصُ,15298,No,1,50:4,ق,1,9797
وَعِنْدَنَا,15299,No,1,50:4,ق,1,15879
مَرِيجٍ,15300,No,1,50:5,ق,1,13695
بَنَيْنَاهَا,15301,No,2,50:6,ق,2,4553
فُرُوجٍ,15302,No,1,50:6,ق,1,12565
تَبْصِرَةً,15303,No,1,50:8,ق,1,9352
وَحَبَّ,15304,No,1,50:9,ق,1,15522
الْحَصِيدِ,15305,No,1,50:9,ق,1,8367
بَاسِقَاتٍ,15306,No,1,50:10,ق,1,8818
طَلْعٌ,15307,No,1,50:10,ق,1,11367
نَضِيدٌ,15308,No,1,50:10,ق,1,14335
وَأَحْيَيْنَا,15309,No,1,50:11,ق,1,14643
الْخُرُوجُ,15310,No,1,50:11,ق,1,8426
وَإِخْوَانُ,15311,No,1,50:13,ق,1,14856
أَفَعَيِينَا,15312,No,1,50:15,ق,1,7262
بِالْخَلْقِ,15313,No,1,50:15,ق,1,9047
الْأَوَّلِ,15314,No,1,50:15,ق,1,8261
لَبْسٍ,15315,No,1,50:15,ق,1,13010
وَنَعْلَمُ,15316,No,1,50:16,ق,1,16285
تُوَسْوِسُ,15317,No,1,50:16,ق,1,10010
حَبْلِ,15318,No,1,50:16,ق,1,10200
الْوَرِيدِ,15319,No,1,50:16,ق,1,8740
يَتَلَقَّى,15320,No,1,50:17,ق,1,16709
الْمُتَلَقِّيَانِ,15321,No,1,50:17,ق,1,8647
قَعِيدٌ,15322,No,1,50:17,ق,1,12681
يَلْفِظُ,15323,No,1,50:18,ق,1,17123
قَوْلٍ,15324,No,2,50:18,ق,2,5570
عَتِيدٌ,15325,No,2,50:18,ق,1,5272
سَكْرَةُ,15326,No,1,50:19,ق,1,10965
تَحِيدُ,15327,No,1,50:19,ق,1,9404
مَعَهَا,15328,No,1,50:21,ق,1,13754
سَائِقٌ,15329,No,1,50:21,ق,1,10881
وَشَهِيدٌ,15330,No,1,50:21,ق,1,15756
غِطَاءَكَ,15331,No,1,50:22,ق,1,11725
فَبَصَرُكَ,15332,No,1,50:22,ق,1,12056
حَدِيدٌ,15333,No,1,50:22,ق,1,10206
قَرِينُهُ,15334,No,2,50:23,ق,1,5556
أَلْقِيَا,15335,No,1,50:24,ق,1,7357
مَنَّاعٍ,15336,No,2,50:25,ق,2,5842
لِلْخَيْرِ,15337,No,2,50:25,ق,2,5747
مُعْتَدٍ,15338,No,3,50:25,ق,3,3601
فَأَلْقِيَاهُ,15339,No,1,50:26,ق,1,11828
الشَّدِيدِ,15340,No,1,50:26,ق,1,8052
أَطْغَيْتُهُ,15341,No,1,50:27,ق,1,7190
تَخْتَصِمُوا,15342,No,1,50:28,ق,1,9439
قَدَّمْتُ,15343,No,2,50:28,ق,2,5551
بِالْوَعِيدِ,15344,No,1,50:28,ق,1,9073
يُبَدَّلُ,15345,No,1,50:29,ق,1,17230
هَلِ,15346,No,1,50:30,ق,1,14560
امْتَلَأْتِ,15347,No,1,50:30,ق,1,8764
وَتَقُولُ,15348,No,1,50:30,ق,1,15417
مَزِيدٍ,15349,No,1,50:30,ق,1,13711
أَوَّابٍ,15350,No,1,50:32,ق,1,7496
حَفِيظٍ,15351,No,1,50:32,ق,1,10254
الْخُلُودِ,15352,No,1,50:34,ق,1,8430
مَزِيدٌ,15353,No,1,50:35,ق,1,13710
فَنَقَّبُوا,15354,No,1,50:36,ق,1,12469
قَلْبٌ,15355,No,1,50:37,ق,1,12687
لُغُوبٍ,15356,No,1,50:38,ق,1,13305
الْغُرُوبِ,15357,No,1,50:39,ق,1,8487
فَسَبِّحْهُ,15358,No,2,50:40,ق,2,5447
وَأَدْبَارَ,15359,No,1,50:40,ق,1,14664
وَاسْتَمِعْ,15360,No,1,50:41,ق,1,14968
يُنَادِ,15361,No,1,50:41,ق,1,17524
الْمُنَادِ,15362,No,1,50:41,ق,1,8709
الصَّيْحَةَ,15363,No,1,50:42,ق,1,8085
الْخُرُوجِ,15364,No,1,50:42,ق,1,8427
سِرَاعًا,15365,No,2,50:44,ق,2,5126
حَشْرٌ,15366,No,1,50:44,ق,1,10243
بِجَبَّارٍ,15367,No,1,50:45,ق,1,9095
فَذَكِّرْ,15368,No,4,50:45,ق,4,2517
وَالذَّارِيَاتِ,15369,No,1,51:1,الذاريات,1,15014
ذَرْوًا,15370,No,1,51:1,الذاريات,1,10583
فَالْحَامِلَاتِ,15371,No,1,51:2,الذاريات,1,12010
وِقْرًا,15372,No,1,51:2,الذاريات,1,16608
فَالْجَارِيَاتِ,15373,No,1,51:3,الذاريات,1,12009
فَالْمُقَسِّمَاتِ,15374,No,1,51:4,الذاريات,1,12017
لَصَادِقٌ,15375,No,1,51:5,الذاريات,1,13088
لَوَاقِعٌ,15376,No,3,51:6,الذاريات,3,3511
وَالسَّمَاءِ,15377,No,5,51:7,الذاريات,4,2039
الْحُبُكِ,15378,No,1,51:7,الذاريات,1,8379
مُخْتَلِفٍ,15379,No,1,51:8,الذاريات,1,13949
أُفِكَ,15380,No,1,51:9,الذاريات,1,7605
الْخَرَّاصُونَ,15381,No,1,51:10,الذاريات,1,8415
سَاهُونَ,15382,No,2,51:11,الذاريات,2,5075
فِتْنَتَكُمْ,15383,No,1,51:14,الذاريات,1,12579
آخِذِينَ,15384,No,1,51:16,الذاريات,1,6727
مُحْسِنِينَ,15385,No,1,51:16,الذاريات,1,13943
يَهْجَعُونَ,15386,No,1,51:17,الذاريات,1,17195
وَبِالْأَسْحَارِ,15387,No,1,51:18,الذاريات,1,15325
لِلسَّائِلِ,15388,No,2,51:19,الذاريات,2,5739
وَالْمَحْرُومِ,15389,No,2,51:19,الذاريات,2,6170
لِلْمُوقِنِينَ,15390,No,1,51:20,الذاريات,1,13495
رِزْقُكُمْ,15391,No,1,51:22,الذاريات,1,10771
فَوَرَبِّ,15392,No,1,51:23,الذاريات,1,12487
فَجَاءَ,15393,No,1,51:26,الذاريات,1,12139
سَمِينٍ,15394,No,1,51:26,الذاريات,1,10988
فَقَرَّبَهُ,15395,No,1,51:27,الذاريات,1,12346
وَبَشَّرُوهُ,15396,No,1,51:28,الذاريات,1,15293
فَأَقْبَلَتِ,15397,No,1,51:29,الذاريات,1,11815
امْرَأَتُهُ,15398,No,1,51:29,الذاريات,1,8768
صَرَّةٍ,15399,No,1,51:29,الذاريات,1,11238
فَصَكَّتْ,15400,No,1,51:29,الذاريات,1,12259
وَجْهَهَا,15401,No,1,51:29,الذاريات,1,15517
عَقِيمٌ,15402,No,1,51:29,الذاريات,1,11539
لِنُرْسِلَ,15403,No,1,51:33,الذاريات,1,13519
أَرْسَلْنَاهُ,15404,No,1,51:38,الذاريات,1,7053
بِرُكْنِهِ,15405,No,1,51:39,الذاريات,1,9146
الْعَقِيمَ,15406,No,1,51:41,الذاريات,1,8454
تَذَرُ,15407,No,2,51:42,الذاريات,2,4721
أَتَتْ,15408,No,1,51:42,الذاريات,1,6830
جَعَلَتْهُ,15409,No,1,51:42,الذاريات,1,10096
كَالرَّمِيمِ,15410,No,1,51:42,الذاريات,1,12794
فَعَتَوْا,15411,No,1,51:44,الذاريات,1,12294
قِيَامٍ,15412,No,1,51:45,الذاريات,1,12768
مُنْتَصِرِينَ,15413,No,1,51:45,الذاريات,1,14109
بِأَيْدٍ,15414,No,1,51:47,الذاريات,1,8988
لَمُوسِعُونَ,15415,No,1,51:47,الذاريات,1,13192
فَرَشْنَاهَا,15416,No,1,51:48,الذاريات,1,12196
الْمَاهِدُونَ,15417,No,1,51:48,الذاريات,1,8582
فَفِرُّوا,15418,No,1,51:50,الذاريات,1,12336
أَتَوَاصَوْا,15419,No,1,51:53,الذاريات,1,6847
طَاغُونَ,15420,No,2,51:53,الذاريات,2,5222
بِمَلُومٍ,15421,No,1,51:54,الذاريات,1,9248
وَالْإِنْسَ,15422,No,1,51:56,الذاريات,1,15132
لِيَعْبُدُونِ,15423,No,1,51:56,الذاريات,1,13561
يُطْعِمُونِ,15424,No,1,51:57,الذاريات,1,17435
الرَّزَّاقُ,15425,No,1,51:58,الذاريات,1,7966
الْمَتِينُ,15426,No,1,51:58,الذاريات,1,8584
ذَنُوبًا,15427,No,1,51:59,الذاريات,1,10590
ذَنُوبِ,15428,No,1,51:59,الذاريات,1,10591
أَصْحَابِهِمْ,15429,No,1,51:59,الذاريات,1,7153
يَسْتَعْجِلُونِ,15430,No,1,51:59,الذاريات,1,16892
يَوْمِهِمُ,15431,No,1,51:60,الذاريات,1,17207
وَالطُّورِ,15432,No,1,52:1,الطور,1,15072
مَسْطُورٍ,15433,No,1,52:2,الطور,1,13721
رَقٍّ,15434,No,1,52:3,الطور,1,10710
مَنْشُورٍ,15435,No,1,52:3,الطور,1,13840
وَالْبَيْتِ,15436,No,1,52:4,الطور,1,15145
الْمَعْمُورِ,15437,No,1,52:4,الطور,1,8610
وَالسَّقْفِ,15438,No,1,52:5,الطور,1,15036
الْمَرْفُوعِ,15439,No,1,52:5,الطور,1,8598
الْمَسْجُورِ,15440,No,1,52:6,الطور,1,8603
دَافِعٍ,15441,No,1,52:8,الطور,1,10502
تَمُورُ,15442,No,2,52:9,الطور,2,4786
مَوْرًا,15443,No,1,52:9,الطور,1,13863
وَتَسِيرُ,15444,No,1,52:10,الطور,1,15385
سَيْرًا,15445,No,1,52:10,الطور,1,11043
لِلْمُكَذِّبِينَ,15446,No,12,52:11,الطور,3,796
خَوْضٍ,15447,No,1,52:12,الطور,1,10444
يُدَعُّونَ,15448,No,1,52:13,الطور,1,17329
دَعًّا,15449,No,1,52:13,الطور,1,10517
أَفَسِحْرٌ,15450,No,1,52:15,الطور,1,7259
وَنَعِيمٍ,15451,No,1,52:17,الطور,1,16283
مَصْفُوفَةٍ,15452,No,1,52:20,الطور,1,13740
وَاتَّبَعَتْهُمْ,15453,No,1,52:21,الطور,1,14887
ذُرِّيَّتُهُمْ,15454,No,1,52:21,الطور,1,10608
بِإِيمَانٍ,15455,No,1,52:21,الطور,1,8996
أَلْحَقْنَا,15456,No,1,52:21,الطور,1,7339
أَلَتْنَاهُمْ,15457,No,1,52:21,الطور,1,7329
عَمَلِهِمْ,15458,No,1,52:21,الطور,1,11564
رَهِينٌ,15459,No,1,52:21,الطور,1,10719
وَأَمْدَدْنَاهُمْ,15460,No,1,52:22,الطور,1,14770
وَلَحْمٍ,15461,No,1,52:22,الطور,1,16042
كَأْسًا,15462,No,2,52:23,الطور,2,5595
لَغْوٌ,15463,No,1,52:23,الطور,1,13123
تَأْثِيمٌ,15464,No,1,52:23,الطور,1,9301
وَيَطُوفُ,15465,No,2,52:24,الطور,2,6421
غِلْمَانٌ,15466,No,1,52:24,الطور,1,11729
لُؤْلُؤٌ,15467,No,1,52:24,الطور,1,13296
أَهْلِنَا,15468,No,1,52:26,الطور,1,7482
وَوَقَانَا,15469,No,1,52:27,الطور,1,16366
نَدْعُوهُ,15470,No,1,52:28,الطور,1,14278
الْبَرُّ,15471,No,1,52:28,الطور,1,8298
بِكَاهِنٍ,15472,No,1,52:29,الطور,1,9227
الْمَنُونِ,15473,No,1,52:30,الطور,1,8626
تَرَبَّصُوا,15474,No,1,52:31,الطور,1,9490
الْمُتَرَبِّصِينَ,15475,No,1,52:31,الطور,1,8641
تَأْمُرُهُمْ,15476,No,1,52:32,الطور,1,9315
أَحْلَامُهُمْ,15477,No,1,52:32,الطور,1,6939
تَقَوَّلَهُ,15478,No,1,52:33,الطور,1,9692
فَلْيَأْتُوا,15479,No,2,52:34,الطور,2,5489
بِحَدِيثٍ,15480,No,1,52:34,الطور,1,9103
خُلِقُوا,15481,No,1,52:35,الطور,1,10465
الْخَالِقُونَ,15482,No,2,52:35,الطور,2,4388
الْمُصَيْطِرُونَ,15483,No,1,52:37,الطور,1,8678
سُلَّمٌ,15484,No,1,52:38,الطور,1,11063
فَلْيَأْتِ,15485,No,1,52:38,الطور,1,12411
مُسْتَمِعُهُمْ,15486,No,1,52:38,الطور,1,14004
مَغْرَمٍ,15487,No,2,52:40,الطور,2,5821
مُثْقَلُونَ,15488,No,2,52:40,الطور,2,5871
الْمَكِيدُونَ,15489,No,1,52:42,الطور,1,8619
كِسْفًا,15490,No,1,52:44,الطور,1,12931
سَاقِطًا,15491,No,1,52:44,الطور,1,10897
مَرْكُومٌ,15492,No,1,52:44,الطور,1,13709
يُصْعَقُونَ,15493,No,1,52:45,الطور,1,17407
لِحُكْمِ,15494,No,3,52:48,الطور,3,3523
وَإِدْبَارَ,15495,No,1,52:49,الطور,1,14861
وَالنَّجْمِ,15496,No,1,53:1,النجم,1,15086
صَاحِبُكُمْ,15497,No,2,53:2,النجم,2,5174
غَوَى,15498,No,1,53:2,النجم,1,11697
وَحْيٌ,15499,No,1,53:4,النجم,1,15567
الْقُوَى,15500,No,1,53:5,النجم,1,8546
مِرَّةٍ,15501,No,1,53:6,النجم,1,14159
بِالْأُفُقِ,15502,No,2,53:7,النجم,2,4602
دَنَا,15503,No,1,53:8,النجم,1,10538
فَتَدَلَّى,15504,No,1,53:8,النجم,1,12077
قَابَ,15505,No,1,53:9,النجم,1,12598
قَوْسَيْنِ,15506,No,1,53:9,النجم,1,12701
الْفُؤَادُ,15507,No,1,53:11,النجم,1,8503
أَفَتُمَارُونَهُ,15508,No,1,53:12,النجم,1,7254
نَزْلَةً,15509,No,1,53:13,النجم,1,14294
سِدْرَةِ,15510,No,1,53:14,النجم,1,11084
الْمُنْتَهَى,15511,No,2,53:14,النجم,1,4478
السِّدْرَةَ,15512,No,1,53:16,النجم,1,8047
زَاغَ,15513,No,1,53:17,النجم,1,10791
الْبَصَرُ,15514,No,3,53:17,النجم,3,2977
أَفَرَأَيْتُمُ,15515,No,3,53:19,النجم,2,2866
اللَّاتَ,15516,No,1,53:19,النجم,1,8127
وَالْعُزَّى,15517,No,1,53:19,النجم,1,15188
وَمَنَاةَ,15518,No,1,53:20,النجم,1,16216
الثَّالِثَةَ,15519,No,1,53:20,النجم,1,7928
أَلَكُمُ,15520,No,1,53:21,النجم,1,7332
الْأُنْثَى,15521,No,2,53:21,النجم,1,4348
قِسْمَةٌ,15522,No,2,53:22,النجم,2,5592
ضِيزَى,15523,No,1,53:22,النجم,1,11331
أَسْمَاءٌ,15524,No,1,53:23,النجم,1,7112
وَالْأُولَى,15525,No,3,53:25,النجم,3,3718
مَلَكٍ,15526,No,1,53:26,النجم,1,13808
وَيَرْضَى,15527,No,1,53:26,النجم,1,16426
لَيُسَمُّونَ,15528,No,1,53:27,النجم,1,13279
تَسْمِيَةَ,15529,No,1,53:27,النجم,1,9575
مَبْلَغُهُمْ,15530,No,1,53:30,النجم,1,13638
بِمَنِ,15531,No,2,53:30,النجم,1,4667
وَيَجْزِيَ,15532,No,1,53:31,النجم,1,16398
بِالْحُسْنَى,15533,No,3,53:31,النجم,2,3083
اللَّمَمَ,15534,No,1,53:32,النجم,1,8134
وَاسِعُ,15535,No,1,53:32,النجم,1,14947
الْمَغْفِرَةِ,15536,No,2,53:32,النجم,2,4462
أَجِنَّةٌ,15537,No,1,53:32,النجم,1,6902
تُزَكُّوا,15538,No,1,53:32,النجم,1,9905
وَأَعْطَى,15539,No,1,53:34,النجم,1,14729
وَأَكْدَى,15540,No,1,53:34,النجم,1,14753
أَعِنْدَهُ,15541,No,1,53:35,النجم,1,7202
يُنَبَّأْ,15542,No,1,53:36,النجم,1,17528
صُحُفِ,15543,No,2,53:36,النجم,2,5199
وَفَّى,15544,No,1,53:37,النجم,1,15913
سَعْيَهُ,15545,No,1,53:40,النجم,1,10944
يُجْزَاهُ,15546,No,1,53:41,النجم,1,17275
الْجَزَاءَ,15547,No,1,53:41,النجم,1,8330
الْأَوْفَى,15548,No,1,53:41,النجم,1,8263
أَضْحَكَ,15549,No,1,53:43,النجم,1,7174
وَأَبْكَى,15550,No,1,53:43,النجم,1,14612
أَمَاتَ,15551,No,1,53:44,النجم,1,7360
وَأَحْيَا,15552,No,1,53:44,النجم,1,14641
الزَّوْجَيْنِ,15553,No,2,53:45,النجم,2,4275
الذَّكَرَ,15554,No,3,53:45,النجم,3,2930
تُمْنَى,15555,No,1,53:46,النجم,1,9991
وَأَقْنَى,15556,No,1,53:48,النجم,1,14747
الشِّعْرَى,15557,No,1,53:49,النجم,1,8067
أَبْقَى,15558,No,1,53:51,النجم,1,6810
وَأَطْغَى,15559,No,1,53:52,النجم,1,14720
وَالْمُؤْتَفِكَةَ,15560,No,1,53:53,النجم,1,15235
أَهْوَى,15561,No,1,53:53,النجم,1,7489
فَغَشَّاهَا,15562,No,1,53:54,النجم,1,12321
غَشَّى,15563,No,1,53:54,النجم,1,11677
آلَاءِ,15564,No,32,53:55,النجم,2,288
تَتَمَارَى,15565,No,1,53:55,النجم,1,9367
النُّذُرِ,15566,No,1,53:56,النجم,1,8161
أَزِفَتِ,15567,No,1,53:57,النجم,1,7067
الْآزِفَةُ,15568,No,1,53:57,النجم,1,8177
كَاشِفَةٌ,15569,No,1,53:58,النجم,1,12787
أَفَمِنْ,15570,No,1,53:59,النجم,1,7267
تَعْجَبُونَ,15571,No,1,53:59,النجم,1,9637
وَتَضْحَكُونَ,15572,No,1,53:60,النجم,1,15401
تَبْكُونَ,15573,No,1,53:60,النجم,1,9357
سَامِدُونَ,15574,No,1,53:61,النجم,1,10900
فَاسْجُدُوا,15575,No,1,53:62,النجم,1,11953
اقْتَرَبَتِ,15576,No,1,54:1,القمر,1,7892
وَانْشَقَّ,15577,No,1,54:1,القمر,1,15270
الْقَمَرُ,15578,No,2,54:1,القمر,2,4439
يُعْرِضُوا,15579,No,1,54:2,القمر,1,17461
وَيَقُولُوا,15580,No,1,54:2,القمر,1,16463
مُسْتَمِرٌّ,15581,No,1,54:2,القمر,1,14002
مُسْتَقِرٌّ,15582,No,2,54:3,القمر,1,5888
الْأَنْبَاءِ,15583,No,1,54:4,القمر,1,8253
مُزْدَجَرٌ,15584,No,1,54:4,القمر,1,13983
حِكْمَةٌ,15585,No,1,54:5,القمر,1,10340
بَالِغَةٌ,15586,No,2,54:5,القمر,2,4522
نُكُرٍ,15587,No,1,54:6,القمر,1,14495
خُشَّعًا,15588,No,1,54:7,القمر,1,10456
يَخْرُجُونَ,15589,No,3,54:7,القمر,3,3869
جَرَادٌ,15590,No,1,54:7,القمر,1,10090
مُنْتَشِرٌ,15591,No,1,54:7,القمر,1,14106
عَسِرٌ,15592,No,1,54:8,القمر,1,11507
وَازْدُجِرَ,15593,No,1,54:9,القمر,1,14943
مَغْلُوبٌ,15594,No,1,54:10,القمر,1,13770
فَانْتَصِرْ,15595,No,1,54:10,القمر,1,12027
فَفَتَحْنَا,15596,No,1,54:11,القمر,1,12328
مُنْهَمِرٍ,15597,No,1,54:11,القمر,1,14127
عُيُونًا,15598,No,1,54:12,القمر,1,11629
فَالْتَقَى,15599,No,1,54:12,القمر,1,12007
قُدِرَ,15600,No,2,54:12,القمر,2,5579
وَحَمَلْنَاهُ,15601,No,1,54:13,القمر,1,15549
أَلْوَاحٍ,15602,No,1,54:13,القمر,1,7359
وَدُسُرٍ,15603,No,1,54:13,القمر,1,15598
كُفِرَ,15604,No,1,54:14,القمر,1,12913
تَرَكْنَاهَا,15605,No,1,54:15,القمر,1,9497
مُدَّكِرٍ,15606,No,6,54:15,القمر,1,1647
وَنُذُرِ,15607,No,6,54:16,القمر,1,1691
يَسَّرْنَا,15608,No,4,54:17,القمر,1,2780
لِلذِّكْرِ,15609,No,4,54:17,القمر,1,2580
نَحْسٍ,15610,No,1,54:19,القمر,1,14269
مُسْتَمِرٍّ,15611,No,1,54:19,القمر,1,14003
تَنْزِعُ,15612,No,1,54:20,القمر,1,9784
أَعْجَازُ,15613,No,2,54:20,القمر,2,4077
نَخْلٍ,15614,No,2,54:20,القمر,2,5959
مُنْقَعِرٍ,15615,No,1,54:20,القمر,1,14121
بِالنُّذُرِ,15616,No,3,54:23,القمر,1,3081
أَبَشَرًا,15617,No,1,54:24,القمر,1,6783
نَتَّبِعُهُ,15618,No,1,54:24,القمر,1,14246
وَسُعُرٍ,15619,No,2,54:24,القمر,1,6274
أَأُلْقِيَ,15620,No,1,54:25,القمر,1,6769
أَشِرٌ,15621,No,1,54:25,القمر,1,7127
سَيَعْلَمُونَ,15622,No,3,54:26,القمر,2,3280
الْكَذَّابُ,15623,No,1,54:26,القمر,1,8557
الْأَشِرُ,15624,No,1,54:26,القمر,1,8214
مُرْسِلُو,15625,No,1,54:27,القمر,1,13978
النَّاقَةِ,15626,No,1,54:27,القمر,1,8145
فَارْتَقِبْهُمْ,15627,No,1,54:27,القمر,1,11923
شِرْبٍ,15628,No,1,54:28,القمر,1,11181
مُحْتَضَرٌ,15629,No,1,54:28,القمر,1,13941
صَاحِبَهُمْ,15630,No,1,54:29,القمر,1,11198
فَتَعَاطَى,15631,No,1,54:29,القمر,1,12088
فَعَقَرَ,15632,No,1,54:29,القمر,1,12303
كَهَشِيمِ,15633,No,1,54:31,القمر,1,12887
الْمُحْتَظِرِ,15634,No,1,54:31,القمر,1,8654
نَجَّيْنَاهُمْ,15635,No,1,54:34,القمر,1,14258
بِسَحَرٍ,15636,No,1,54:34,القمر,1,9155
أَنْذَرَهُمْ,15637,No,1,54:36,القمر,1,7427
بَطْشَتَنَا,15638,No,1,54:36,القمر,1,8873
فَتَمَارَوْا,15639,No,1,54:36,القمر,1,12103
رَاوَدُوهُ,15640,No,1,54:37,القمر,1,10651
ضَيْفِهِ,15641,No,1,54:37,القمر,1,11321
فَطَمَسْنَا,15642,No,1,54:37,القمر,1,12282
صَبَّحَهُمْ,15643,No,1,54:38,القمر,1,11214
كُلِّهَا,15644,No,1,54:42,القمر,1,12919
أَخْذَ,15645,No,1,54:42,القمر,1,6971
عَزِيزٍ,15646,No,1,54:42,القمر,1,11504
مُقْتَدِرٍ,15647,No,2,54:42,القمر,1,5904
أَكُفَّارُكُمْ,15648,No,1,54:43,القمر,1,7313
أُولَئِكُمْ,15649,No,1,54:43,القمر,1,7635
الزُّبُرِ,15650,No,2,54:43,القمر,1,4276
مُنْتَصِرٌ,15651,No,1,54:44,القمر,1,14108
سَيُهْزَمُ,15652,No,1,54:45,القمر,1,11037
الْجَمْعُ,15653,No,1,54:45,القمر,1,8334
وَيُوَلُّونَ,15654,No,1,54:45,القمر,1,16585
الدُّبُرَ,15655,No,1,54:45,القمر,1,7947
مَوْعِدُهُمْ,15656,No,1,54:46,القمر,1,13874
أَدْهَى,15657,No,1,54:46,القمر,1,7008
وَأَمَرُّ,15658,No,1,54:46,القمر,1,14767
سَقَرَ,15659,No,3,54:48,القمر,2,3274
كَلَمْحٍ,15660,No,1,54:50,القمر,1,12876
بِالْبَصَرِ,15661,No,1,54:50,القمر,1,9036
أَشْيَاعَكُمْ,15662,No,1,54:51,القمر,1,7139
صَغِيرٍ,15663,No,1,54:53,القمر,1,11250
وَكَبِيرٍ,15664,No,1,54:53,القمر,1,15988
مُسْتَطَرٌ,15665,No,1,54:53,القمر,1,13996
وَنَهَرٍ,15666,No,1,54:54,القمر,1,16297
مَقْعَدِ,15667,No,1,54:55,القمر,1,13791
مَلِيكٍ,15668,No,1,54:55,القمر,1,13816
عَلَّمَ,15669,No,3,55:2,الرحمن,2,3340
الْبَيَانَ,15670,No,1,55:4,الرحمن,1,8313
بِحُسْبَانٍ,15671,No,1,55:5,الرحمن,1,9107
وَالنَّجْمُ,15672,No,1,55:6,الرحمن,1,15085
يَسْجُدَانِ,15673,No,1,55:6,الرحمن,1,16912
رَفَعَهَا,15674,No,1,55:7,الرحمن,1,10705
وَوَضَعَ,15675,No,1,55:7,الرحمن,1,16362
الْمِيزَانَ,15676,No,2,55:7,الرحمن,1,4489
الْمِيزَانِ,15677,No,1,55:8,الرحمن,1,8726
الْوَزْنَ,15678,No,1,55:9,الرحمن,1,8741
تُخْسِرُوا,15679,No,1,55:9,الرحمن,1,9883
وَضَعَهَا,15680,No,1,55:10,الرحمن,1,15791
لِلْأَنَامِ,15681,No,1,55:10,الرحمن,1,13466
وَالنَّخْلُ,15682,No,1,55:11,الرحمن,1,15088
ذَاتُ,15683,No,1,55:11,الرحمن,1,10574
الْأَكْمَامِ,15684,No,1,55:11,الرحمن,1,8238
وَالْحَبُّ,15685,No,1,55:12,الرحمن,1,15161
الْعَصْفِ,15686,No,1,55:12,الرحمن,1,8449
وَالرَّيْحَانُ,15687,No,1,55:12,الرحمن,1,15022
رَبِّكُمَا,15688,No,31,55:13,الرحمن,1,298
تُكَذِّبَانِ,15689,No,31,55:13,الرحمن,1,297
كَالْفَخَّارِ,15690,No,1,55:14,الرحمن,1,12807
الْجَانَّ,15691,No,1,55:15,الرحمن,1,8325
مَارِجٍ,15692,No,1,55:15,الرحمن,1,13625
الْمَغْرِبَيْنِ,15693,No,1,55:17,الرحمن,1,8611
يَلْتَقِيَانِ,15694,No,1,55:19,الرحمن,1,17120
يَبْغِيَانِ,15695,No,1,55:20,الرحمن,1,16671
اللُّؤْلُؤُ,15696,No,1,55:22,الرحمن,1,8138
وَالْمَرْجَانُ,15697,No,2,55:22,الرحمن,1,6171
الْمُنْشَآتُ,15698,No,1,55:24,الرحمن,1,8712
فَانٍ,15699,No,1,55:26,الرحمن,1,12023
وَيَبْقَى,15700,No,1,55:27,الرحمن,1,16380
الْجَلَالِ,15701,No,2,55:27,الرحمن,1,4375
وَالْإِكْرَامِ,15702,No,2,55:27,الرحمن,1,6153
يَسْأَلُهُ,15703,No,1,55:29,الرحمن,1,16872
سَنَفْرُغُ,15704,No,1,55:31,الرحمن,1,11002
الثَّقَلَانِ,15705,No,1,55:31,الرحمن,1,7930
تَنْفُذُوا,15706,No,1,55:33,الرحمن,1,9795
أَقْطَارِ,15707,No,1,55:33,الرحمن,1,7295
فَانْفُذُوا,15708,No,1,55:33,الرحمن,1,12038
تَنْفُذُونَ,15709,No,1,55:33,الرحمن,1,9796
يُرْسَلُ,15710,No,1,55:35,الرحمن,1,17354
عَلَيْكُمَا,15711,No,1,55:35,الرحمن,1,11544
شُوَاظٌ,15712,No,1,55:35,الرحمن,1,11177
وَنُحَاسٌ,15713,No,1,55:35,الرحمن,1,16300
تَنْتَصِرَانِ,15714,No,1,55:35,الرحمن,1,9782
انْشَقَّتِ,15715,No,1,55:37,الرحمن,1,8780
وَرْدَةً,15716,No,1,55:37,الرحمن,1,15677
كَالدِّهَانِ,15717,No,1,55:37,الرحمن,1,12793
ذَنْبِهِ,15718,No,1,55:39,الرحمن,1,10595
إِنْسٌ,15719,No,3,55:39,الرحمن,1,2913
يُعْرَفُ,15720,No,1,55:41,الرحمن,1,17459
فَيُؤْخَذُ,15721,No,1,55:41,الرحمن,1,12537
بِالنَّوَاصِي,15722,No,1,55:41,الرحمن,1,9025
وَالْأَقْدَامِ,15723,No,1,55:41,الرحمن,1,15119
يَطُوفُونَ,15724,No,1,55:44,الرحمن,1,16975
آنٍ,15725,No,1,55:44,الرحمن,1,6748
مَقَامَ,15726,No,2,55:46,الرحمن,2,5827
ذَوَاتَا,15727,No,1,55:48,الرحمن,1,10601
أَفْنَانٍ,15728,No,1,55:48,الرحمن,1,7281
عَيْنَانِ,15729,No,2,55:50,الرحمن,1,5303
تَجْرِيَانِ,15730,No,1,55:50,الرحمن,1,9391
زَوْجَانِ,15731,No,1,55:52,الرحمن,1,10825
فُرُشٍ,15732,No,1,55:54,الرحمن,1,12563
بَطَائِنُهَا,15733,No,1,55:54,الرحمن,1,8869
إِسْتَبْرَقٍ,15734,No,1,55:54,الرحمن,1,7657
وَجَنَى,15735,No,1,55:54,الرحمن,1,15499
دَانٍ,15736,No,1,55:54,الرحمن,1,10505
يَطْمِثْهُنَّ,15737,No,2,55:56,الرحمن,1,6537
الْيَاقُوتُ,15738,No,1,55:58,الرحمن,1,8759
الْإِحْسَانِ,15739,No,1,55:60,الرحمن,1,8280
الْإِحْسَانُ,15740,No,1,55:60,الرحمن,1,8279
مُدْهَامَّتَانِ,15741,No,1,55:64,الرحمن,1,13963
نَضَّاخَتَانِ,15742,No,1,55:66,الرحمن,1,14333
وَنَخْلٌ,15743,No,1,55:68,الرحمن,1,16259
وَرُمَّانٌ,15744,No,1,55:68,الرحمن,1,15665
خَيْرَاتٌ,15745,No,1,55:70,الرحمن,1,10447
حِسَانٌ,15746,No,1,55:70,الرحمن,1,10337
حُورٌ,15747,No,1,55:72,الرحمن,1,10321
مَقْصُورَاتٌ,15748,No,1,55:72,الرحمن,1,13788
الْخِيَامِ,15749,No,1,55:72,الرحمن,1,8434
رَفْرَفٍ,15750,No,1,55:76,الرحمن,1,10709
وَعَبْقَرِيٍّ,15751,No,1,55:76,الرحمن,1,15821
حِسَانٍ,15752,No,1,55:76,الرحمن,1,10338
وَقَعَتِ,15753,No,2,56:1,الواقعة,2,6322
الْوَاقِعَةُ,15754,No,2,56:1,الواقعة,2,4493
لِوَقْعَتِهَا,15755,No,1,56:2,الواقعة,1,13528
كَاذِبَةٌ,15756,No,1,56:2,الواقعة,1,12782
خَافِضَةٌ,15757,No,1,56:3,الواقعة,1,10369
رَافِعَةٌ,15758,No,1,56:3,الواقعة,1,10645
رُجَّتِ,15759,No,1,56:4,الواقعة,1,10732
رَجًّا,15760,No,1,56:4,الواقعة,1,10663
وَبُسَّتِ,15761,No,1,56:5,الواقعة,1,15313
بَسًّا,15762,No,1,56:5,الواقعة,1,8857
مُنْبَثًّا,15763,No,1,56:6,الواقعة,1,14105
ثَلَاثَةً,15764,No,1,56:7,الواقعة,1,10035
فَأَصْحَابُ,15765,No,1,56:8,الواقعة,1,11798
الْمَيْمَنَةِ,15766,No,3,56:8,الواقعة,2,3027
الْمَشْأَمَةِ,15767,No,3,56:9,الواقعة,2,3020
السَّابِقُونَ,15768,No,1,56:10,الواقعة,1,8004
ثُلَّةٌ,15769,No,2,56:13,الواقعة,1,4859
مَوْضُونَةٍ,15770,No,1,56:15,الواقعة,1,13866
يَطُوفُ,15771,No,1,56:17,الواقعة,1,16974
وِلْدَانٌ,15772,No,2,56:17,الواقعة,2,6448
مُخَلَّدُونَ,15773,No,2,56:17,الواقعة,2,5876
بِأَكْوَابٍ,15774,No,1,56:18,الواقعة,1,8972
وَأَبَارِيقَ,15775,No,1,56:18,الواقعة,1,14601
وَكَأْسٍ,15776,No,1,56:18,الواقعة,1,15985
يُصَدَّعُونَ,15777,No,1,56:19,الواقعة,1,17385
يُنْزِفُونَ,15778,No,1,56:19,الواقعة,1,17537
وَفَاكِهَةٍ,15779,No,2,56:20,الواقعة,1,6309
يَتَخَيَّرُونَ,15780,No,1,56:20,الواقعة,1,16688
وَلَحْمِ,15781,No,1,56:21,الواقعة,1,16044
طَيْرٍ,15782,No,1,56:21,الواقعة,1,11376
وَحُورٌ,15783,No,1,56:22,الواقعة,1,15561
كَأَمْثَالِ,15784,No,1,56:23,الواقعة,1,12773
اللُّؤْلُؤِ,15785,No,1,56:23,الواقعة,1,8139
الْمَكْنُونِ,15786,No,1,56:23,الواقعة,1,8620
تَأْثِيمًا,15787,No,1,56:25,الواقعة,1,9300
مَخْضُودٍ,15788,No,1,56:28,الواقعة,1,13678
وَطَلْحٍ,15789,No,1,56:29,الواقعة,1,15804
وَظِلٍّ,15790,No,2,56:30,الواقعة,1,6293
مَمْدُودٍ,15791,No,1,56:30,الواقعة,1,13823
وَمَاءٍ,15792,No,1,56:31,الواقعة,1,16182
مَسْكُوبٍ,15793,No,1,56:31,الواقعة,1,13725
مَقْطُوعَةٍ,15794,No,1,56:33,الواقعة,1,13790
مَمْنُوعَةٍ,15795,No,1,56:33,الواقعة,1,13825
وَفُرُشٍ,15796,No,1,56:34,الواقعة,1,15917
مَرْفُوعَةٍ,15797,No,2,56:34,الواقعة,2,5798
أَنْشَأْنَاهُنَّ,15798,No,1,56:35,الواقعة,1,7444
إِنْشَاءً,15799,No,1,56:35,الواقعة,1,7697
فَجَعَلْنَاهُنَّ,15800,No,1,56:36,الواقعة,1,12147
أَبْكَارًا,15801,No,1,56:36,الواقعة,1,6811
عُرُبًا,15802,No,1,56:37,الواقعة,1,11603
أَتْرَابًا,15803,No,2,56:37,الواقعة,2,3999
لِأَصْحَابِ,15804,No,2,56:38,الواقعة,2,5712
وَثُلَّةٌ,15805,No,1,56:40,الواقعة,1,15470
سَمُومٍ,15806,No,1,56:42,الواقعة,1,10982
وَحَمِيمٍ,15807,No,1,56:42,الواقعة,1,15551
يَحْمُومٍ,15808,No,1,56:43,الواقعة,1,16772
بَارِدٍ,15809,No,1,56:44,الواقعة,1,8810
مُتْرَفِينَ,15810,No,1,56:45,الواقعة,1,13924
يُصِرُّونَ,15811,No,1,56:46,الواقعة,1,17396
الْحِنْثِ,15812,No,1,56:46,الواقعة,1,8400
أَئِذَا,15813,No,1,56:47,الواقعة,1,6772
وَالْآخِرِينَ,15814,No,1,56:49,الواقعة,1,15106
لَمَجْمُوعُونَ,15815,No,1,56:50,الواقعة,1,13165
مِيقَاتِ,15816,No,1,56:50,الواقعة,1,14183
الْمُكَذِّبُونَ,15817,No,1,56:51,الواقعة,1,8706
شَجَرٍ,15818,No,1,56:52,الواقعة,1,11108
زَقُّومٍ,15819,No,1,56:52,الواقعة,1,10807
فَشَارِبُونَ,15820,No,2,56:54,الواقعة,1,5455
شُرْبَ,15821,No,1,56:55,الواقعة,1,11164
الْهِيمِ,15822,No,1,56:55,الواقعة,1,8732
نُزُلُهُمْ,15823,No,1,56:56,الواقعة,1,14448
تُصَدِّقُونَ,15824,No,1,56:57,الواقعة,1,9924
تُمْنُونَ,15825,No,1,56:58,الواقعة,1,9992
تَخْلُقُونَهُ,15826,No,1,56:59,الواقعة,1,9458
بِمَسْبُوقِينَ,15827,No,2,56:60,الواقعة,2,4665
نُبَدِّلَ,15828,No,2,56:61,الواقعة,2,5994
وَنُنْشِئَكُمْ,15829,No,1,56:61,الواقعة,1,16322
تَحْرُثُونَ,15830,No,1,56:63,الواقعة,1,9412
تَزْرَعُونَهُ,15831,No,1,56:64,الواقعة,1,9532
الزَّارِعُونَ,15832,No,1,56:64,الواقعة,1,7988
فَظَلْتُمْ,15833,No,1,56:65,الواقعة,1,12289
تَفَكَّهُونَ,15834,No,1,56:65,الواقعة,1,9663
لَمُغْرَمُونَ,15835,No,1,56:66,الواقعة,1,13189
مَحْرُومُونَ,15836,No,2,56:67,الواقعة,2,5790
أَنْزَلْتُمُوهُ,15837,No,1,56:69,الواقعة,1,7434
الْمُزْنِ,15838,No,1,56:69,الواقعة,1,8661
الْمُنْزِلُونَ,15839,No,1,56:69,الواقعة,1,8711
أُجَاجًا,15840,No,1,56:70,الواقعة,1,7553
تُورُونَ,15841,No,1,56:71,الواقعة,1,10002
أَنْشَأْتُمْ,15842,No,1,56:72,الواقعة,1,7442
شَجَرَتَهَا,15843,No,1,56:72,الواقعة,1,11115
الْمُنْشِئُونَ,15844,No,1,56:72,الواقعة,1,8713
لِلْمُقْوِينَ,15845,No,1,56:73,الواقعة,1,13494
بِاسْمِ,15846,No,4,56:74,الواقعة,3,2314
أُقْسِمُ,15847,No,8,56:75,الواقعة,7,1127
بِمَوَاقِعِ,15848,No,1,56:75,الواقعة,1,9250
لَقَسَمٌ,15849,No,1,56:76,الواقعة,1,13137
لَقُرْآنٌ,15850,No,1,56:77,الواقعة,1,13140
مَكْنُونٍ,15851,No,1,56:78,الواقعة,1,13806
يَمَسُّهُ,15852,No,1,56:79,الواقعة,1,17131
الْمُطَهَّرُونَ,15853,No,1,56:79,الواقعة,1,8686
أَفَبِهَذَا,15854,No,1,56:81,الواقعة,1,7248
مُدْهِنُونَ,15855,No,1,56:81,الواقعة,1,13964
رِزْقَكُمْ,15856,No,1,56:82,الواقعة,1,10769
بَلَغَتِ,15857,No,2,56:83,الواقعة,2,4548
الْحُلْقُومَ,15858,No,1,56:83,الواقعة,1,8390
حِينَئِذٍ,15859,No,1,56:84,الواقعة,1,10351
مَدِينِينَ,15860,No,1,56:86,الواقعة,1,13682
تَرْجِعُونَهَا,15861,No,1,56:87,الواقعة,1,9508
فَرَوْحٌ,15862,No,1,56:89,الواقعة,1,12201
وَرَيْحَانٌ,15863,No,1,56:89,الواقعة,1,15661
وَجَنَّتُ,15864,No,1,56:89,الواقعة,1,15500
نَعِيمٍ,15865,No,4,56:89,الواقعة,4,2637
فَسَلَامٌ,15866,No,1,56:91,الواقعة,1,12233
فَنُزُلٌ,15867,No,1,56:93,الواقعة,1,12473
وَتَصْلِيَةُ,15868,No,1,56:94,الواقعة,1,15399
جَحِيمٍ,15869,No,2,56:94,الواقعة,2,4870
حَقُّ,15870,No,1,56:95,الواقعة,1,10257
الْيَقِينِ,15871,No,4,56:95,الواقعة,3,2290
سَبَّحَ,15872,No,3,57:1,الحديد,3,3267
الْأَوَّلُ,15873,No,1,57:3,الحديد,1,8260
وَالْآخِرُ,15874,No,1,57:3,الحديد,1,15105
وَالظَّاهِرُ,15875,No,1,57:3,الحديد,1,15075
وَالْبَاطِنُ,15876,No,1,57:3,الحديد,1,15135
مُسْتَخْلَفِينَ,15877,No,1,57:7,الحديد,1,13992
وَقَاتَلَ,15878,No,1,57:10,الحديد,1,15923
نُورُهُمْ,15879,No,2,57:12,الحديد,2,6008
وَبِأَيْمَانِهِمْ,15880,No,2,57:12,الحديد,2,6197
بُشْرَاكُمُ,15881,No,1,57:12,الحديد,1,8939
انْظُرُونَا,15882,No,1,57:13,الحديد,1,8785
نَقْتَبِسْ,15883,No,1,57:13,الحديد,1,14390
نُورِكُمْ,15884,No,1,57:13,الحديد,1,14517
فَالْتَمِسُوا,15885,No,1,57:13,الحديد,1,12008
فَضُرِبَ,15886,No,1,57:13,الحديد,1,12272
بِسُورٍ,15887,No,1,57:13,الحديد,1,9160
بَابٌ,15888,No,1,57:13,الحديد,1,8806
بَاطِنُهُ,15889,No,1,57:13,الحديد,1,8820
الرَّحْمَةُ,15890,No,1,57:13,الحديد,1,7965
وَظَاهِرُهُ,15891,No,1,57:13,الحديد,1,15812
قِبَلِهِ,15892,No,1,57:13,الحديد,1,12749
يُنَادُونَهُمْ,15893,No,1,57:14,الحديد,1,17523
فَتَنْتُمْ,15894,No,1,57:14,الحديد,1,12111
وَتَرَبَّصْتُمْ,15895,No,1,57:14,الحديد,1,15374
وَارْتَبْتُمْ,15896,No,1,57:14,الحديد,1,14929
الْأَمَانِيُّ,15897,No,1,57:14,الحديد,1,8244
وَغَرَّكُمْ,15898,No,1,57:14,الحديد,1,15886
مَأْوَاكُمُ,15899,No,1,57:15,الحديد,1,13618
يَأْنِ,15900,No,1,57:16,الحديد,1,16650
تَخْشَعَ,15901,No,1,57:16,الحديد,1,9448
لِذِكْرِ,15902,No,1,57:16,الحديد,1,13405
فَطَالَ,15903,No,1,57:16,الحديد,1,12275
الْأَمَدُ,15904,No,1,57:16,الحديد,1,8245
فَقَسَتْ,15905,No,1,57:16,الحديد,1,12347
الْمُصَّدِّقِينَ,15906,No,1,57:18,الحديد,1,8679
وَالْمُصَّدِّقَاتِ,15907,No,1,57:18,الحديد,1,15246
وَأَقْرَضُوا,15908,No,1,57:18,الحديد,1,14743
الصِّدِّيقُونَ,15909,No,1,57:19,الحديد,1,8091
وَالشُّهَدَاءُ,15910,No,1,57:19,الحديد,1,15049
وَنُورُهُمْ,15911,No,1,57:19,الحديد,1,16324
وَزِينَةٌ,15912,No,1,57:20,الحديد,1,15697
وَتَفَاخُرٌ,15913,No,1,57:20,الحديد,1,15410
وَتَكَاثُرٌ,15914,No,1,57:20,الحديد,1,15422
غَيْثٍ,15915,No,1,57:20,الحديد,1,11703
أَعْجَبَ,15916,No,1,57:20,الحديد,1,7205
سَابِقُوا,15917,No,1,57:21,الحديد,1,10886
كَعَرْضِ,15918,No,1,57:21,الحديد,1,12863
نَبْرَأَهَا,15919,No,1,57:22,الحديد,1,14233
تَأْسَوْا,15920,No,1,57:23,الحديد,1,9309
تَفْرَحُوا,15921,No,1,57:23,الحديد,1,9671
لِيَقُومَ,15922,No,1,57:25,الحديد,1,13567
بَأْسٌ,15923,No,1,57:25,الحديد,1,8799
وَرُسُلَهُ,15924,No,1,57:25,الحديد,1,15663
مُهْتَدٍ,15925,No,1,57:26,الحديد,1,14132
قَفَّيْنَا,15926,No,1,57:27,الحديد,1,12682
بِرُسُلِنَا,15927,No,1,57:27,الحديد,1,9144
رَأْفَةً,15928,No,1,57:27,الحديد,1,10634
وَرَهْبَانِيَّةً,15929,No,1,57:27,الحديد,1,15659
ابْتَدَعُوهَا,15930,No,1,57:27,الحديد,1,7711
كَتَبْنَاهَا,15931,No,1,57:27,الحديد,1,12824
رِضْوَانِ,15932,No,1,57:27,الحديد,1,10778
رَعَوْهَا,15933,No,1,57:27,الحديد,1,10702
رِعَايَتِهَا,15934,No,1,57:27,الحديد,1,10779
فَآتَيْنَا,15935,No,1,57:27,الحديد,1,11732
بِرَسُولِهِ,15936,No,1,57:28,الحديد,1,9140
كِفْلَيْنِ,15937,No,1,57:28,الحديد,1,12935
تَمْشُونَ,15938,No,1,57:28,الحديد,1,9762
تُجَادِلُكَ,15939,No,1,58:1,المجادلة,1,9856
زَوْجِهَا,15940,No,1,58:1,المجادلة,1,10828
وَتَشْتَكِي,15941,No,1,58:1,المجادلة,1,15392
تَحَاوُرَكُمَا,15942,No,1,58:1,المجادلة,1,9397
يُظَاهِرُونَ,15943,No,2,58:2,المجادلة,1,6655
أُمَّهَاتِهِمْ,15944,No,1,58:2,المجادلة,1,7616
وَلَدْنَهُمْ,15945,No,1,58:2,المجادلة,1,16046
مُنْكَرًا,15946,No,1,58:2,المجادلة,1,14124
يَعُودُونَ,15947,No,2,58:3,المجادلة,1,6540
يَتَمَاسَّا,15948,No,2,58:3,المجادلة,1,6470
تُوعَظُونَ,15949,No,1,58:3,المجادلة,1,10004
فَإِطْعَامُ,15950,No,1,58:4,المجادلة,1,11871
سِتِّينَ,15951,No,1,58:4,المجادلة,1,11078
مِسْكِينًا,15952,No,3,58:4,المجادلة,3,3616
يُحَادُّونَ,15953,No,2,58:5,المجادلة,1,6622
كُبِتُوا,15954,No,1,58:5,المجادلة,1,12900
كُبِتَ,15955,No,1,58:5,المجادلة,1,12899
أَحْصَاهُ,15956,No,1,58:6,المجادلة,1,6933
وَنَسُوهُ,15957,No,1,58:6,المجادلة,1,16272
خَمْسَةٍ,15958,No,1,58:7,المجادلة,1,10437
وَيَتَنَاجَوْنَ,15959,No,1,58:8,المجادلة,1,16387
وَمَعْصِيَتِ,15960,No,2,58:8,المجادلة,1,6376
حَيَّوْكَ,15961,No,1,58:8,المجادلة,1,10291
يُحَيِّكَ,15962,No,1,58:8,المجادلة,1,17287
يُعَذِّبُنَا,15963,No,1,58:8,المجادلة,1,17443
تَنَاجَيْتُمْ,15964,No,1,58:9,المجادلة,1,9771
تَتَنَاجَوْا,15965,No,1,58:9,المجادلة,1,9369
وَتَنَاجَوْا,15966,No,1,58:9,المجادلة,1,15431
لِيَحْزُنَ,15967,No,1,58:10,المجادلة,1,13542
بِضَارِّهِمْ,15968,No,1,58:10,المجادلة,1,9178
تَفَسَّحُوا,15969,No,1,58:11,المجادلة,1,9662
الْمَجَالِسِ,15970,No,1,58:11,المجادلة,1,8587
فَافْسَحُوا,15971,No,1,58:11,المجادلة,1,11988
يَفْسَحِ,15972,No,1,58:11,المجادلة,1,17053
انْشُزُوا,15973,No,1,58:11,المجادلة,1,8782
فَانْشُزُوا,15974,No,1,58:11,المجادلة,1,12031
يَرْفَعِ,15975,No,1,58:11,المجادلة,1,16849
نَاجَيْتُمُ,15976,No,1,58:12,المجادلة,1,14190
فَقَدِّمُوا,15977,No,1,58:12,المجادلة,1,12343
نَجْوَاكُمْ,15978,No,2,58:12,المجادلة,1,5953
أَأَشْفَقْتُمْ,15979,No,1,58:13,المجادلة,1,6763
صَدَقَاتٍ,15980,No,1,58:13,المجادلة,1,11219
وَتَابَ,15981,No,1,58:13,المجادلة,1,15349
غَضِبَ,15982,No,2,58:14,المجادلة,2,5323
الْكَذِبِ,15983,No,1,58:14,المجادلة,1,8558
جُنَّةً,15984,No,2,58:16,المجادلة,2,4883
فَيَحْلِفُونَ,15985,No,1,58:18,المجادلة,1,12507
اسْتَحْوَذَ,15986,No,1,58:19,المجادلة,1,7807
فَأَنْسَاهُمْ,15987,No,2,58:19,المجادلة,2,5361
حِزْبُ,15988,No,2,58:19,المجادلة,1,4926
الْأَذَلِّينَ,15989,No,1,58:20,المجادلة,1,8203
لَأَغْلِبَنَّ,15990,No,1,58:21,المجادلة,1,12961
يُوَادُّونَ,15991,No,1,58:22,المجادلة,1,17568
حَادَّ,15992,No,1,58:22,المجادلة,1,10180
إِخْوَانَهُمْ,15993,No,1,58:22,المجادلة,1,7647
عَشِيرَتَهُمْ,15994,No,1,58:22,المجادلة,1,11514
وَأَيَّدَهُمْ,15995,No,1,58:22,المجادلة,1,14815
بِرُوحٍ,15996,No,1,58:22,المجادلة,1,9147
وَيُدْخِلُهُمْ,15997,No,1,58:22,المجادلة,1,16531
لِأَوَّلِ,15998,No,1,59:2,الحشر,1,13326
الْحَشْرِ,15999,No,1,59:2,الحشر,1,8366
مَانِعَتُهُمْ,16000,No,1,59:2,الحشر,1,13635
حُصُونُهُمْ,16001,No,1,59:2,الحشر,1,10308
يَحْتَسِبُوا,16002,No,1,59:2,الحشر,1,16759
يُخْرِبُونَ,16003,No,1,59:2,الحشر,1,17311
بُيُوتَهُمْ,16004,No,1,59:2,الحشر,1,8954
وَأَيْدِي,16005,No,1,59:2,الحشر,1,14816
فَاعْتَبِرُوا,16006,No,1,59:2,الحشر,1,11975
الْجَلَاءَ,16007,No,1,59:3,الحشر,1,8331
لَعَذَّبَهُمْ,16008,No,1,59:3,الحشر,1,13102
يُشَاقِّ,16009,No,1,59:4,الحشر,1,17378
قَطَعْتُمْ,16010,No,1,59:5,الحشر,1,12678
لِينَةٍ,16011,No,1,59:5,الحشر,1,13529
تَرَكْتُمُوهَا,16012,No,1,59:5,الحشر,1,9494
أُصُولِهَا,16013,No,1,59:5,الحشر,1,7597
وَلِيُخْزِيَ,16014,No,1,59:5,الحشر,1,16146
أَوْجَفْتُمْ,16015,No,1,59:6,الحشر,1,7501
خَيْلٍ,16016,No,1,59:6,الحشر,1,10448
رِكَابٍ,16017,No,1,59:6,الحشر,1,10780
يُسَلِّطُ,16018,No,1,59:6,الحشر,1,17362
دُولَةً,16019,No,1,59:7,الحشر,1,10558
الْأَغْنِيَاءِ,16020,No,1,59:7,الحشر,1,8228
آتَاكُمُ,16021,No,1,59:7,الحشر,1,6703
نَهَاكُمْ,16022,No,1,59:7,الحشر,1,14421
فَانْتَهُوا,16023,No,1,59:7,الحشر,1,12029
وَأَمْوَالِهِمْ,16024,No,1,59:8,الحشر,1,14778
وَيَنْصُرُونَ,16025,No,1,59:8,الحشر,1,16488
تَبَوَّءُوا,16026,No,1,59:9,الحشر,1,9334
هَاجَرَ,16027,No,1,59:9,الحشر,1,14538
وَيُؤْثِرُونَ,16028,No,1,59:9,الحشر,1,16501
خَصَاصَةٌ,16029,No,1,59:9,الحشر,1,10401
يُوقَ,16030,No,2,59:9,الحشر,2,6693
شُحَّ,16031,No,2,59:9,الحشر,2,5159
وَلِإِخْوَانِنَا,16032,No,1,59:10,الحشر,1,16096
قُلُوبِنَا,16033,No,1,59:10,الحشر,1,12736
غِلًّا,16034,No,1,59:10,الحشر,1,11726
لِإِخْوَانِهِمُ,16035,No,1,59:11,الحشر,1,13336
أُخْرِجْتُمْ,16036,No,1,59:11,الحشر,1,7578
لَنَخْرُجَنَّ,16037,No,1,59:11,الحشر,1,13200
نُطِيعُ,16038,No,1,59:11,الحشر,1,14470
قُوتِلْتُمْ,16039,No,1,59:11,الحشر,1,12745
لَنَنْصُرَنَّكُمْ,16040,No,1,59:11,الحشر,1,13214
قُوتِلُوا,16041,No,1,59:12,الحشر,1,12744
نَصَرُوهُمْ,16042,No,1,59:12,الحشر,1,14323
لَيُوَلُّنَّ,16043,No,1,59:12,الحشر,1,13288
لَأَنْتُمْ,16044,No,1,59:13,الحشر,1,12969
رَهْبَةً,16045,No,1,59:13,الحشر,1,10721
مُحَصَّنَةٍ,16046,No,1,59:14,الحشر,1,13936
جُدُرٍ,16047,No,1,59:14,الحشر,1,10131
بَأْسُهُمْ,16048,No,1,59:14,الحشر,1,8802
تَحْسَبُهُمْ,16049,No,1,59:14,الحشر,1,9418
اكْفُرْ,16050,No,1,59:16,الحشر,1,7906
عَاقِبَتَهُمَا,16051,No,1,59:17,الحشر,1,11441
خَالِدَيْنِ,16052,No,1,59:17,الحشر,1,10374
وَلْتَنْظُرْ,16053,No,1,59:18,الحشر,1,16160
لِغَدٍ,16054,No,1,59:18,الحشر,1,13433
لَرَأَيْتَهُ,16055,No,1,59:21,الحشر,1,13063
خَاشِعًا,16056,No,1,59:21,الحشر,1,10360
مُتَصَدِّعًا,16057,No,1,59:21,الحشر,1,13913
الْقُدُّوسُ,16058,No,1,59:23,الحشر,1,8541
السَّلَامُ,16059,No,1,59:23,الحشر,1,8025
الْمُؤْمِنُ,16060,No,1,59:23,الحشر,1,8638
الْمُهَيْمِنُ,16061,No,1,59:23,الحشر,1,8714
الْجَبَّارُ,16062,No,1,59:23,الحشر,1,8329
الْمُتَكَبِّرُ,16063,No,1,59:23,الحشر,1,8645
الْخَالِقُ,16064,No,1,59:24,الحشر,1,8409
الْبَارِئُ,16065,No,1,59:24,الحشر,1,8293
الْمُصَوِّرُ,16066,No,1,59:24,الحشر,1,8677
عَدُوِّي,16067,No,1,60:1,الممتحنة,1,11476
تُلْقُونَ,16068,No,1,60:1,الممتحنة,1,9982
بِالْمَوَدَّةِ,16069,No,2,60:1,الممتحنة,1,4617
يُخْرِجُونَ,16070,No,1,60:1,الممتحنة,1,17319
خَرَجْتُمْ,16071,No,1,60:1,الممتحنة,1,10391
مَرْضَاتِي,16072,No,1,60:1,الممتحنة,1,13704
أَخْفَيْتُمْ,16073,No,1,60:1,الممتحنة,1,6987
أَعْلَنْتُمْ,16074,No,1,60:1,الممتحنة,1,7218
يَفْعَلْهُ,16075,No,1,60:1,الممتحنة,1,17054
يَثْقَفُوكُمْ,16076,No,1,60:2,الممتحنة,1,16735
وَيَبْسُطُوا,16077,No,1,60:2,الممتحنة,1,16378
وَأَلْسِنَتَهُمْ,16078,No,1,60:2,الممتحنة,1,14760
وَوَدُّوا,16079,No,1,60:2,الممتحنة,1,16358
تَنْفَعَكُمْ,16080,No,1,60:3,الممتحنة,1,9792
أَرْحَامُكُمْ,16081,No,1,60:3,الممتحنة,1,7048
لِقَوْمِهِمْ,16082,No,1,60:4,الممتحنة,1,13441
بُرَآءُ,16083,No,1,60:4,الممتحنة,1,8935
الْعَدَاوَةُ,16084,No,1,60:4,الممتحنة,1,8443
وَالْبَغْضَاءُ,16085,No,1,60:4,الممتحنة,1,15139
لَأَسْتَغْفِرَنَّ,16086,No,1,60:4,الممتحنة,1,12956
أَنَبْنَا,16087,No,1,60:4,الممتحنة,1,7405
عَادَيْتُمْ,16088,No,1,60:7,الممتحنة,1,11430
يَنْهَاكُمُ,16089,No,2,60:8,الممتحنة,1,6594
يُخْرِجُوكُمْ,16090,No,1,60:8,الممتحنة,1,17318
تَبَرُّوهُمْ,16091,No,1,60:8,الممتحنة,1,9333
وَتُقْسِطُوا,16092,No,1,60:8,الممتحنة,1,15459
وَأَخْرَجُوكُمْ,16093,No,1,60:9,الممتحنة,1,14657
وَظَاهَرُوا,16094,No,1,60:9,الممتحنة,1,15811
إِخْرَاجِكُمْ,16095,No,1,60:9,الممتحنة,1,7645
تَوَلَّوْهُمْ,16096,No,1,60:9,الممتحنة,1,9822
الْمُؤْمِنَاتُ,16097,No,2,60:10,الممتحنة,1,4468
مُهَاجِرَاتٍ,16098,No,1,60:10,الممتحنة,1,14130
فَامْتَحِنُوهُنَّ,16099,No,1,60:10,الممتحنة,1,12020
بِإِيمَانِهِنَّ,16100,No,1,60:10,الممتحنة,1,8999
عَلِمْتُمُوهُنَّ,16101,No,1,60:10,الممتحنة,1,11556
مُؤْمِنَاتٍ,16102,No,2,60:10,الممتحنة,2,5861
تَرْجِعُوهُنَّ,16103,No,1,60:10,الممتحنة,1,9509
يَحِلُّونَ,16104,No,1,60:10,الممتحنة,1,16754
تُمْسِكُوا,16105,No,1,60:10,الممتحنة,1,9988
بِعِصَمِ,16106,No,1,60:10,الممتحنة,1,9206
الْكَوَافِرِ,16107,No,1,60:10,الممتحنة,1,8569
وَلْيَسْأَلُوا,16108,No,1,60:10,الممتحنة,1,16168
فَعَاقَبْتُمْ,16109,No,1,60:11,الممتحنة,1,12292
فَآتُوا,16110,No,1,60:11,الممتحنة,1,11733
ذَهَبَتْ,16111,No,1,60:11,الممتحنة,1,10598
أَزْوَاجُهُمْ,16112,No,1,60:11,الممتحنة,1,7076
يُبَايِعْنَكَ,16113,No,1,60:12,الممتحنة,1,17229
يُشْرِكْنَ,16114,No,1,60:12,الممتحنة,1,17381
يَسْرِقْنَ,16115,No,1,60:12,الممتحنة,1,16918
يَزْنِينَ,16116,No,1,60:12,الممتحنة,1,16866
يَقْتُلْنَ,16117,No,1,60:12,الممتحنة,1,17071
بِبُهْتَانٍ,16118,No,1,60:12,الممتحنة,1,9086
يَفْتَرِينَهُ,16119,No,1,60:12,الممتحنة,1,17043
أَيْدِيهِنَّ,16120,No,1,60:12,الممتحنة,1,7542
وَأَرْجُلِهِنَّ,16121,No,1,60:12,الممتحنة,1,14678
يَعْصِينَكَ,16122,No,1,60:12,الممتحنة,1,17012
فَبَايِعْهُنَّ,16123,No,1,60:12,الممتحنة,1,12049
بُنْيَانٌ,16124,No,1,61:4,الصف,1,8945
مَرْصُوصٌ,16125,No,1,61:4,الصف,1,13702
تُؤْذُونَنِي,16126,No,1,61:5,الصف,1,9839
زَاغُوا,16127,No,1,61:5,الصف,1,10794
أَزَاغَ,16128,No,1,61:5,الصف,1,7066
بِرَسُولٍ,16129,No,1,61:6,الصف,1,9139
أَحْمَدُ,16130,No,1,61:6,الصف,1,6941
يُدْعَى,16131,No,1,61:7,الصف,1,17335
لِيُطْفِئُوا,16132,No,1,61:8,الصف,1,13595
مُتِمُّ,16133,No,1,61:8,الصف,1,13923
تِجَارَةٍ,16134,No,1,61:10,الصف,1,10016
تُنْجِيكُمْ,16135,No,1,61:10,الصف,1,9996
وَتُجَاهِدُونَ,16136,No,1,61:11,الصف,1,15444
وَيُدْخِلْكُمْ,16137,No,1,61:12,الصف,1,16532
تُحِبُّونَهَا,16138,No,1,61:13,الصف,1,9866
وَفَتْحٌ,16139,No,1,61:13,الصف,1,15899
أَنْصَارَ,16140,No,1,61:14,الصف,1,7447
لِلْحَوَارِيِّينَ,16141,No,1,61:14,الصف,1,13471
فَآمَنَتْ,16142,No,1,61:14,الصف,1,11740
وَكَفَرَتْ,16143,No,1,61:14,الصف,1,15995
فَأَيَّدْنَا,16144,No,1,61:14,الصف,1,11854
عَدُوِّهِمْ,16145,No,1,61:14,الصف,1,11475
الْقُدُّوسِ,16146,No,1,62:1,الجمعة,1,8542
حُمِّلُوا,16147,No,1,62:5,الجمعة,1,10315
يَحْمِلُوهَا,16148,No,1,62:5,الجمعة,1,16773
الْحِمَارِ,16149,No,1,62:5,الجمعة,1,8399
أَسْفَارًا,16150,No,1,62:5,الجمعة,1,7097
يَتَمَنَّوْنَهُ,16151,No,1,62:7,الجمعة,1,16712
تَفِرُّونَ,16152,No,1,62:8,الجمعة,1,9665
مُلَاقِيكُمْ,16153,No,1,62:8,الجمعة,1,14085
لِلصَّلَاةِ,16154,No,1,62:9,الجمعة,1,13459
الْجُمُعَةِ,16155,No,1,62:9,الجمعة,1,8339
فَاسْعَوْا,16156,No,1,62:9,الجمعة,1,11955
قُضِيَتِ,16157,No,1,62:10,الجمعة,1,12731
الصَّلَاةُ,16158,No,1,62:10,الجمعة,1,8080
انْفَضُّوا,16159,No,1,62:11,الجمعة,1,8787
وَتَرَكُوكَ,16160,No,1,62:11,الجمعة,1,15376
اللَّهْوِ,16161,No,1,62:11,الجمعة,1,8136
التِّجَارَةِ,16162,No,1,62:11,الجمعة,1,7925
نَشْهَدُ,16163,No,1,63:1,المنافقون,1,14318
لَرَسُولُ,16164,No,1,63:1,المنافقون,1,13067
لَرَسُولُهُ,16165,No,1,63:1,المنافقون,1,13068
فَطُبِعَ,16166,No,1,63:3,المنافقون,1,12285
تُعْجِبُكَ,16167,No,1,63:4,المنافقون,1,9948
أَجْسَامُهُمْ,16168,No,1,63:4,المنافقون,1,6907
تَسْمَعْ,16169,No,1,63:4,المنافقون,1,9574
لِقَوْلِهِمْ,16170,No,1,63:4,المنافقون,1,13439
خُشُبٌ,16171,No,1,63:4,المنافقون,1,10457
مُسَنَّدَةٌ,16172,No,1,63:4,المنافقون,1,13986
صَيْحَةٍ,16173,No,1,63:4,المنافقون,1,11274
الْعَدُوُّ,16174,No,1,63:4,المنافقون,1,8444
فَاحْذَرْهُمْ,16175,No,1,63:4,المنافقون,1,11905
يَسْتَغْفِرْ,16176,No,1,63:5,المنافقون,1,16899
لَوَّوْا,16177,No,1,63:5,المنافقون,1,13244
وَرَأَيْتَهُمْ,16178,No,1,63:5,المنافقون,1,15624
أَسْتَغْفَرْتَ,16179,No,1,63:6,المنافقون,1,7090
يَنْفَضُّوا,16180,No,1,63:7,المنافقون,1,17173
رَجَعْنَا,16181,No,1,63:8,المنافقون,1,10666
لَيُخْرِجَنَّ,16182,No,1,63:8,المنافقون,1,13276
الْأَعَزُّ,16183,No,1,63:8,المنافقون,1,8221
الْأَذَلَّ,16184,No,1,63:8,المنافقون,1,8202
وَلِرَسُولِهِ,16185,No,1,63:8,المنافقون,1,16113
تُلْهِكُمْ,16186,No,1,63:9,المنافقون,1,9983
فَيَقُولَ,16187,No,1,63:10,المنافقون,1,12523
أَخَّرْتَنِي,16188,No,1,63:10,المنافقون,1,6962
فَأَصَّدَّقَ,16189,No,1,63:10,المنافقون,1,11796
يُؤَخِّرَ,16190,No,1,63:11,المنافقون,1,17213
أَجَلُهَا,16191,No,1,63:11,المنافقون,1,6897
فَذَاقُوا,16192,No,1,64:5,التغابن,1,12178
أَبَشَرٌ,16193,No,1,64:6,التغابن,1,6784
يَهْدُونَنَا,16194,No,1,64:6,التغابن,1,17196
وَاسْتَغْنَى,16195,No,2,64:6,التغابن,2,6112
زَعَمَ,16196,No,1,64:7,التغابن,1,10805
يُبْعَثُوا,16197,No,1,64:7,التغابن,1,17253
لَتُبْعَثُنَّ,16198,No,1,64:7,التغابن,1,13033
لَتُنَبَّؤُنَّ,16199,No,1,64:7,التغابن,1,13038
عَمِلْتُمْ,16200,No,1,64:7,التغابن,1,11572
وَالنُّورِ,16201,No,1,64:8,التغابن,1,15098
التَّغَابُنِ,16202,No,1,64:9,التغابن,1,7914
وَيَعْمَلْ,16203,No,2,64:9,التغابن,2,6424
يُكَفِّرْ,16204,No,2,64:9,التغابن,2,6676
سَيِّئَاتِهِ,16205,No,2,64:9,التغابن,2,5113
وَيُدْخِلْهُ,16206,No,1,64:9,التغابن,1,16533
وَأَوْلَادِكُمْ,16207,No,1,64:14,التغابن,1,14811
فَاحْذَرُوهُمْ,16208,No,1,64:14,التغابن,1,11904
وَتَصْفَحُوا,16209,No,1,64:14,التغابن,1,15398
وَتَغْفِرُوا,16210,No,1,64:14,التغابن,1,15409
تُقْرِضُوا,16211,No,1,64:17,التغابن,1,9969
يُضَاعِفْهُ,16212,No,1,64:17,التغابن,1,17415
فَطَلِّقُوهُنَّ,16213,No,1,65:1,الطلاق,1,12281
لِعِدَّتِهِنَّ,16214,No,1,65:1,الطلاق,1,13432
وَأَحْصُوا,16215,No,1,65:1,الطلاق,1,14640
تُخْرِجُوهُنَّ,16216,No,1,65:1,الطلاق,1,9880
بُيُوتِهِنَّ,16217,No,1,65:1,الطلاق,1,8956
يَخْرُجْنَ,16218,No,1,65:1,الطلاق,1,16788
فَارِقُوهُنَّ,16219,No,1,65:2,الطلاق,1,11919
ذَوَيْ,16220,No,1,65:2,الطلاق,1,10603
مَخْرَجًا,16221,No,1,65:2,الطلاق,1,13677
وَيَرْزُقْهُ,16222,No,1,65:3,الطلاق,1,16425
يَحْتَسِبُ,16223,No,1,65:3,الطلاق,1,16758
حَسْبُهُ,16224,No,1,65:3,الطلاق,1,10239
بَالِغُ,16225,No,1,65:3,الطلاق,1,8826
قَدْرًا,16226,No,1,65:3,الطلاق,1,12655
وَاللَّائِي,16227,No,2,65:4,الطلاق,1,6141
يَئِسْنَ,16228,No,1,65:4,الطلاق,1,16653
فَعِدَّتُهُنَّ,16229,No,1,65:4,الطلاق,1,12318
ثَلَاثَةُ,16230,No,1,65:4,الطلاق,1,10036
يَحِضْنَ,16231,No,1,65:4,الطلاق,1,16752
وَأُولَاتُ,16232,No,1,65:4,الطلاق,1,14848
الْأَحْمَالِ,16233,No,1,65:4,الطلاق,1,8196
أَجَلُهُنَّ,16234,No,1,65:4,الطلاق,1,6898
حَمْلَهُنَّ,16235,No,2,65:4,الطلاق,1,4912
وَيُعْظِمْ,16236,No,1,65:5,الطلاق,1,16562
أَسْكِنُوهُنَّ,16237,No,1,65:6,الطلاق,1,7101
سَكَنْتُمْ,16238,No,1,65:6,الطلاق,1,10963
وُجْدِكُمْ,16239,No,1,65:6,الطلاق,1,16596
تُضَارُّوهُنَّ,16240,No,1,65:6,الطلاق,1,9936
لِتُضَيِّقُوا,16241,No,1,65:6,الطلاق,1,13382
أُولَاتِ,16242,No,1,65:6,الطلاق,1,7636
فَأَنْفِقُوا,16243,No,1,65:6,الطلاق,1,11844
أَرْضَعْنَ,16244,No,1,65:6,الطلاق,1,7059
وَأْتَمِرُوا,16245,No,1,65:6,الطلاق,1,14850
تَعَاسَرْتُمْ,16246,No,1,65:6,الطلاق,1,9625
فَسَتُرْضِعُ,16247,No,1,65:6,الطلاق,1,12230
لِيُنْفِقْ,16248,No,1,65:7,الطلاق,1,13606
سَعَةٍ,16249,No,1,65:7,الطلاق,1,10940
رِزْقُهُ,16250,No,1,65:7,الطلاق,1,10772
فَلْيُنْفِقْ,16251,No,1,65:7,الطلاق,1,12438
آتَاهَا,16252,No,1,65:7,الطلاق,1,6705
عُسْرٍ,16253,No,1,65:7,الطلاق,1,11609
عَتَتْ,16254,No,1,65:8,الطلاق,1,11462
فَحَاسَبْنَاهَا,16255,No,1,65:8,الطلاق,1,12152
حِسَابًا,16256,No,4,65:8,الطلاق,3,2399
وَعَذَّبْنَاهَا,16257,No,1,65:8,الطلاق,1,15840
فَذَاقَتْ,16258,No,1,65:9,الطلاق,1,12177
أَمْرِهَا,16259,No,2,65:9,الطلاق,1,4128
خُسْرًا,16260,No,1,65:9,الطلاق,1,10453
لِيُخْرِجَ,16261,No,1,65:11,الطلاق,1,13583
مِثْلَهُنَّ,16262,No,1,65:12,الطلاق,1,14151
يَتَنَزَّلُ,16263,No,1,65:12,الطلاق,1,16715
بَيْنَهُنَّ,16264,No,1,65:12,الطلاق,1,8934
تُحَرِّمُ,16265,No,1,66:1,التحريم,1,9862
تَبْتَغِي,16266,No,1,66:1,التحريم,1,9346
مَرْضَاتَ,16267,No,1,66:1,التحريم,1,13703
أَزْوَاجِكَ,16268,No,1,66:1,التحريم,1,7078
تَحِلَّةَ,16269,No,1,66:2,التحريم,1,9402
أَزْوَاجِهِ,16270,No,1,66:3,التحريم,1,7079
نَبَّأَتْ,16271,No,1,66:3,التحريم,1,14222
وَأَظْهَرَهُ,16272,No,1,66:3,التحريم,1,14721
عَرَّفَ,16273,No,1,66:3,التحريم,1,11491
وَأَعْرَضَ,16274,No,1,66:3,التحريم,1,14728
نَبَّأَهَا,16275,No,1,66:3,التحريم,1,14225
أَنْبَأَكَ,16276,No,1,66:3,التحريم,1,7412
نَبَّأَنِيَ,16277,No,1,66:3,التحريم,1,14224
تَتُوبَا,16278,No,1,66:4,التحريم,1,9377
صَغَتْ,16279,No,1,66:4,التحريم,1,11249
قُلُوبُكُمَا,16280,No,1,66:4,التحريم,1,12735
وَجِبْرِيلُ,16281,No,1,66:4,التحريم,1,15512
وَصَالِحُ,16282,No,1,66:4,التحريم,1,15767
ظَهِيرٌ,16283,No,1,66:4,التحريم,1,11402
طَلَّقَكُنَّ,16284,No,1,66:5,التحريم,1,11366
يُبْدِلَهُ,16285,No,1,66:5,التحريم,1,17248
مُسْلِمَاتٍ,16286,No,1,66:5,التحريم,1,14011
قَانِتَاتٍ,16287,No,1,66:5,التحريم,1,12620
تَائِبَاتٍ,16288,No,1,66:5,التحريم,1,9321
عَابِدَاتٍ,16289,No,1,66:5,التحريم,1,11427
سَائِحَاتٍ,16290,No,1,66:5,التحريم,1,10878
ثَيِّبَاتٍ,16291,No,1,66:5,التحريم,1,10049
وَأَبْكَارًا,16292,No,1,66:5,التحريم,1,14611
قُوا,16293,No,1,66:6,التحريم,1,12743
وَأَهْلِيكُمْ,16294,No,1,66:6,التحريم,1,14804
غِلَاظٌ,16295,No,1,66:6,التحريم,1,11727
يَعْصُونَ,16296,No,1,66:6,التحريم,1,17007
نَصُوحًا,16297,No,1,66:8,التحريم,1,14324
يُكَفِّرَ,16298,No,1,66:8,التحريم,1,17502
وَيُدْخِلَكُمْ,16299,No,1,66:8,التحريم,1,16529
يُخْزِي,16300,No,1,66:8,التحريم,1,17322
أَتْمِمْ,16301,No,1,66:8,التحريم,1,6878
نُورَنَا,16302,No,1,66:8,التحريم,1,14513
امْرَأَتَ,16303,No,2,66:10,التحريم,1,4506
وَامْرَأَتَ,16304,No,1,66:10,التحريم,1,15261
عَبْدَيْنِ,16305,No,1,66:10,التحريم,1,11461
صَالِحَيْنِ,16306,No,1,66:10,التحريم,1,11209
فَخَانَتَاهُمَا,16307,No,1,66:10,التحريم,1,12160
يُغْنِيَا,16308,No,1,66:10,التحريم,1,17479
ادْخُلَا,16309,No,1,66:10,التحريم,1,7781
الدَّاخِلِينَ,16310,No,1,66:10,التحريم,1,7939
وَعَمَلِهِ,16311,No,1,66:11,التحريم,1,15862
وَمَرْيَمَ,16312,No,1,66:12,التحريم,1,16191
ابْنَتَ,16313,No,1,66:12,التحريم,1,7719
وَصَدَّقَتْ,16314,No,1,66:12,التحريم,1,15771
بِكَلِمَاتِ,16315,No,1,66:12,التحريم,1,9229
وَكَانَتْ,16316,No,1,66:12,التحريم,1,15987
الْقَانِتِينَ,16317,No,1,66:12,التحريم,1,8521
وَالْحَيَاةَ,16318,No,1,67:2,الملك,1,15166
طِبَاقًا,16319,No,2,67:3,الملك,2,5237
تَفَاوُتٍ,16320,No,1,67:3,الملك,1,9659
فَارْجِعِ,16321,No,1,67:3,الملك,1,11924
الْبَصَرَ,16322,No,2,67:3,الملك,1,4362
فُطُورٍ,16323,No,1,67:3,الملك,1,12573
ارْجِعِ,16324,No,1,67:4,الملك,1,7793
كَرَّتَيْنِ,16325,No,1,67:4,الملك,1,12846
خَاسِئًا,16326,No,1,67:4,الملك,1,10358
حَسِيرٌ,16327,No,1,67:4,الملك,1,10235
رُجُومًا,16328,No,1,67:5,الملك,1,10733
لِلشَّيَاطِينِ,16329,No,1,67:5,الملك,1,13456
وَلِلَّذِينَ,16330,No,1,67:6,الملك,1,16119
شَهِيقًا,16331,No,1,67:7,الملك,1,11149
تَفُورُ,16332,No,1,67:7,الملك,1,9664
تَمَيَّزُ,16333,No,1,67:8,الملك,1,9750
سَأَلَهُمْ,16334,No,1,67:8,الملك,1,10865
فَكَذَّبْنَا,16335,No,1,67:9,الملك,1,12364
نَعْقِلُ,16336,No,1,67:10,الملك,1,14358
فَاعْتَرَفُوا,16337,No,1,67:11,الملك,1,11977
بِذَنْبِهِمْ,16338,No,2,67:11,الملك,2,4639
فَسُحْقًا,16339,No,1,67:11,الملك,1,12246
وَأَسِرُّوا,16340,No,1,67:13,الملك,1,14692
قَوْلَكُمْ,16341,No,1,67:13,الملك,1,12703
اجْهَرُوا,16342,No,1,67:13,الملك,1,7762
ذَلُولًا,16343,No,1,67:15,الملك,1,10587
فَامْشُوا,16344,No,1,67:15,الملك,1,12021
مَنَاكِبِهَا,16345,No,1,67:15,الملك,1,13830
رِزْقِهِ,16346,No,1,67:15,الملك,1,10775
أَأَمِنْتُمْ,16347,No,1,67:16,الملك,1,6768
نَذِيرِ,16348,No,1,67:17,الملك,1,14282
وَيَقْبِضْنَ,16349,No,1,67:19,الملك,1,16465
غُرُورٍ,16350,No,1,67:20,الملك,1,11712
أَمْسَكَ,16351,No,1,67:21,الملك,1,7392
رِزْقَهُ,16352,No,2,67:21,الملك,2,5053
لَجُّوا,16353,No,1,67:21,الملك,1,13047
عُتُوٍّ,16354,No,1,67:21,الملك,1,11597
وَنُفُورٍ,16355,No,1,67:21,الملك,1,16315
مُكِبًّا,16356,No,1,67:22,الملك,1,14080
زُلْفَةً,16357,No,1,67:27,الملك,1,10844
سِيئَتْ,16358,No,1,67:27,الملك,1,11090
وُجُوهُ,16359,No,1,67:27,الملك,1,16592
أَهْلَكَنِيَ,16360,No,1,67:28,الملك,1,7477
رَحِمَنَا,16361,No,1,67:28,الملك,1,10671
أَصْبَحَ,16362,No,1,67:30,الملك,1,7148
مَاؤُكُمْ,16363,No,1,67:30,الملك,1,13623
ن,16364,No,1,68:1,القلم,1,14184
وَالْقَلَمِ,16365,No,1,68:1,القلم,1,15213
يَسْطُرُونَ,16366,No,1,68:1,القلم,1,16919
بِنِعْمَةِ,16367,No,2,68:2,القلم,2,4672
بِمَجْنُونٍ,16368,No,2,68:2,القلم,2,4664
خُلُقٍ,16369,No,1,68:4,القلم,1,10462
فَسَتُبْصِرُ,16370,No,1,68:5,القلم,1,12229
وَيُبْصِرُونَ,16371,No,1,68:5,القلم,1,16507
بِأَيِّكُمُ,16372,No,1,68:6,القلم,1,8987
الْمَفْتُونُ,16373,No,1,68:6,القلم,1,8616
تُدْهِنُ,16374,No,1,68:9,القلم,1,9894
فَيُدْهِنُونَ,16375,No,1,68:9,القلم,1,12543
حَلَّافٍ,16376,No,1,68:10,القلم,1,10265
هَمَّازٍ,16377,No,1,68:11,القلم,1,14563
مَشَّاءٍ,16378,No,1,68:11,القلم,1,13729
بِنَمِيمٍ,16379,No,1,68:11,القلم,1,9272
عُتُلٍّ,16380,No,1,68:13,القلم,1,11595
زَنِيمٍ,16381,No,1,68:13,القلم,1,10818
سَنَسِمُهُ,16382,No,1,68:16,القلم,1,11000
الْخُرْطُومِ,16383,No,1,68:16,القلم,1,8428
بَلَوْنَاهُمْ,16384,No,1,68:17,القلم,1,8906
بَلَوْنَا,16385,No,1,68:17,القلم,1,8905
لَيَصْرِمُنَّهَا,16386,No,1,68:17,القلم,1,13264
يَسْتَثْنُونَ,16387,No,1,68:18,القلم,1,16882
فَطَافَ,16388,No,1,68:19,القلم,1,12274
فَأَصْبَحَتْ,16389,No,1,68:20,القلم,1,11797
كَالصَّرِيمِ,16390,No,1,68:20,القلم,1,12795
فَتَنَادَوْا,16391,No,1,68:21,القلم,1,12107
اغْدُوا,16392,No,1,68:22,القلم,1,7883
حَرْثِكُمْ,16393,No,1,68:22,القلم,1,10221
صَارِمِينَ,16394,No,1,68:22,القلم,1,11202
فَانْطَلَقُوا,16395,No,1,68:23,القلم,1,12034
يَدْخُلَنَّهَا,16396,No,1,68:24,القلم,1,16810
مِسْكِينٌ,16397,No,1,68:24,القلم,1,14164
وَغَدَوْا,16398,No,1,68:25,القلم,1,15884
حَرْدٍ,16399,No,1,68:25,القلم,1,10223
قَادِرِينَ,16400,No,2,68:25,القلم,2,5539
رَأَوْهَا,16401,No,1,68:26,القلم,1,10627
لَضَالُّونَ,16402,No,2,68:26,القلم,2,5673
أَوْسَطُهُمْ,16403,No,1,68:28,القلم,1,7509
تُسَبِّحُونَ,16404,No,1,68:28,القلم,1,9909
يَتَلَاوَمُونَ,16405,No,1,68:30,القلم,1,16708
يُبْدِلَنَا,16406,No,1,68:32,القلم,1,17247
أَفَنَجْعَلُ,16407,No,1,68:35,القلم,1,7268
كَالْمُجْرِمِينَ,16408,No,1,68:35,القلم,1,12811
تَخَيَّرُونَ,16409,No,1,68:38,القلم,1,9435
سَلْهُمْ,16410,No,1,68:40,القلم,1,10977
يُكْشَفُ,16411,No,1,68:42,القلم,1,17508
سَاقٍ,16412,No,1,68:42,القلم,1,10895
وَيُدْعَوْنَ,16413,No,1,68:42,القلم,1,16534
تَرْهَقُهُمْ,16414,No,2,68:43,القلم,2,4734
سَالِمُونَ,16415,No,1,68:43,القلم,1,10899
فَذَرْنِي,16416,No,1,68:44,القلم,1,12182
كَصَاحِبِ,16417,No,1,68:48,القلم,1,12858
الْحُوتِ,16418,No,1,68:48,القلم,1,8393
مَكْظُومٌ,16419,No,1,68:48,القلم,1,13805
تَدَارَكَهُ,16420,No,1,68:49,القلم,1,9460
لَنُبِذَ,16421,No,1,68:49,القلم,1,13219
مَذْمُومٌ,16422,No,1,68:49,القلم,1,13685
فَاجْتَبَاهُ,16423,No,1,68:50,القلم,1,11894
لَيُزْلِقُونَكَ,16424,No,1,68:51,القلم,1,13278
بِأَبْصَارِهِمْ,16425,No,1,68:51,القلم,1,8961
الْحَاقَّةُ,16426,No,3,69:1,الحاقة,1,2987
أَدْرَاكَ,16427,No,13,69:3,الحاقة,10,694
بِالْقَارِعَةِ,16428,No,1,69:4,الحاقة,1,9059
فَأُهْلِكُوا,16429,No,2,69:5,الحاقة,1,5367
بِالطَّاغِيَةِ,16430,No,1,69:5,الحاقة,1,9020
صَرْصَرٍ,16431,No,1,69:6,الحاقة,1,11242
عَاتِيَةٍ,16432,No,1,69:6,الحاقة,1,11429
وَثَمَانِيَةَ,16433,No,1,69:7,الحاقة,1,15469
حُسُومًا,16434,No,1,69:7,الحاقة,1,10304
صَرْعَى,16435,No,1,69:7,الحاقة,1,11243
خَاوِيَةٍ,16436,No,1,69:7,الحاقة,1,10383
بَاقِيَةٍ,16437,No,1,69:8,الحاقة,1,8824
قَبْلَهُ,16438,No,1,69:9,الحاقة,1,12630
وَالْمُؤْتَفِكَاتُ,16439,No,1,69:9,الحاقة,1,15233
بِالْخَاطِئَةِ,16440,No,1,69:9,الحاقة,1,9046
فَعَصَوْا,16441,No,1,69:10,الحاقة,1,12300
أَخْذَةً,16442,No,1,69:10,الحاقة,1,6972
رَابِيَةً,16443,No,1,69:10,الحاقة,1,10638
حَمَلْنَاكُمْ,16444,No,1,69:11,الحاقة,1,10269
الْجَارِيَةِ,16445,No,1,69:11,الحاقة,1,8324
لِنَجْعَلَهَا,16446,No,1,69:12,الحاقة,1,13507
وَتَعِيَهَا,16447,No,1,69:12,الحاقة,1,15405
وَاعِيَةٌ,16448,No,1,69:12,الحاقة,1,14991
نَفْخَةٌ,16449,No,1,69:13,الحاقة,1,14375
وَحُمِلَتِ,16450,No,1,69:14,الحاقة,1,15559
فَدُكَّتَا,16451,No,1,69:14,الحاقة,1,12175
دَكَّةً,16452,No,1,69:14,الحاقة,1,10531
وَانْشَقَّتِ,16453,No,1,69:16,الحاقة,1,15271
وَاهِيَةٌ,16454,No,1,69:16,الحاقة,1,15278
وَالْمَلَكُ,16455,No,2,69:17,الحاقة,2,6175
أَرْجَائِهَا,16456,No,1,69:17,الحاقة,1,7042
وَيَحْمِلُ,16457,No,1,69:17,الحاقة,1,16405
عَرْشَ,16458,No,1,69:17,الحاقة,1,11495
ثَمَانِيَةٌ,16459,No,1,69:17,الحاقة,1,10043
تُعْرَضُونَ,16460,No,1,69:18,الحاقة,1,9949
تَخْفَى,16461,No,1,69:18,الحاقة,1,9454
خَافِيَةٌ,16462,No,1,69:18,الحاقة,1,10370
هَاؤُمُ,16463,No,1,69:19,الحاقة,1,14536
اقْرَءُوا,16464,No,1,69:19,الحاقة,1,7896
كِتَابِيَهْ,16465,No,2,69:19,الحاقة,1,5636
ظَنَنْتُ,16466,No,1,69:20,الحاقة,1,11396
مُلَاقٍ,16467,No,1,69:20,الحاقة,1,14083
حِسَابِيَهْ,16468,No,2,69:20,الحاقة,1,4929
عِيشَةٍ,16469,No,2,69:21,الحاقة,2,5317
رَاضِيَةٍ,16470,No,2,69:21,الحاقة,2,5012
عَالِيَةٍ,16471,No,2,69:22,الحاقة,2,5264
قُطُوفُهَا,16472,No,2,69:23,الحاقة,2,5585
أَسْلَفْتُمْ,16473,No,1,69:24,الحاقة,1,7103
الْأَيَّامِ,16474,No,1,69:24,الحاقة,1,8267
الْخَالِيَةِ,16475,No,1,69:24,الحاقة,1,8410
بِشِمَالِهِ,16476,No,1,69:25,الحاقة,1,9169
أُوتَ,16477,No,1,69:25,الحاقة,1,7627
أَدْرِ,16478,No,1,69:26,الحاقة,1,7005
لَيْتَهَا,16479,No,1,69:27,الحاقة,1,13290
كَانَتِ,16480,No,1,69:27,الحاقة,1,12817
الْقَاضِيَةَ,16481,No,1,69:27,الحاقة,1,8518
مَالِيَهْ,16482,No,1,69:28,الحاقة,1,13634
سُلْطَانِيَهْ,16483,No,1,69:29,الحاقة,1,11065
فَغُلُّوهُ,16484,No,1,69:30,الحاقة,1,12326
الْجَحِيمَ,16485,No,3,69:31,الحاقة,3,2982
صَلُّوهُ,16486,No,1,69:31,الحاقة,1,11263
سِلْسِلَةٍ,16487,No,1,69:32,الحاقة,1,11088
ذَرْعُهَا,16488,No,1,69:32,الحاقة,1,10580
سَبْعُونَ,16489,No,1,69:32,الحاقة,1,10916
ذِرَاعًا,16490,No,1,69:32,الحاقة,1,10616
فَاسْلُكُوهُ,16491,No,1,69:32,الحاقة,1,11956
يَحُضُّ,16492,No,2,69:34,الحاقة,2,6487
طَعَامِ,16493,No,3,69:34,الحاقة,3,3318
الْمِسْكِينِ,16494,No,3,69:34,الحاقة,3,3037
غِسْلِينٍ,16495,No,1,69:36,الحاقة,1,11721
يَأْكُلُهُ,16496,No,1,69:37,الحاقة,1,16641
الْخَاطِئُونَ,16497,No,1,69:37,الحاقة,1,8403
لَقَوْلُ,16498,No,2,69:40,الحاقة,2,5682
بِقَوْلِ,16499,No,3,69:41,الحاقة,2,3099
شَاعِرٍ,16500,No,1,69:41,الحاقة,1,11098
كَاهِنٍ,16501,No,1,69:42,الحاقة,1,12818
تَقَوَّلَ,16502,No,1,69:44,الحاقة,1,9691
الْأَقَاوِيلِ,16503,No,1,69:44,الحاقة,1,8230
لَأَخَذْنَا,16504,No,1,69:45,الحاقة,1,12950
لَقَطَعْنَا,16505,No,1,69:46,الحاقة,1,13138
الْوَتِينَ,16506,No,1,69:46,الحاقة,1,8737
حَاجِزِينَ,16507,No,1,69:47,الحاقة,1,10179
لَتَذْكِرَةٌ,16508,No,1,69:48,الحاقة,1,13017
لَنَعْلَمُ,16509,No,1,69:49,الحاقة,1,13209
مُكَذِّبِينَ,16510,No,1,69:49,الحاقة,1,14077
لَحَسْرَةٌ,16511,No,1,69:50,الحاقة,1,13050
لَحَقُّ,16512,No,1,69:51,الحاقة,1,13051
سَأَلَ,16513,No,1,70:1,المعارج,1,10862
سَائِلٌ,16514,No,1,70:1,المعارج,1,10882
وَاقِعٍ,16515,No,1,70:1,المعارج,1,14998
دَافِعٌ,16516,No,1,70:2,المعارج,1,10501
الْمَعَارِجِ,16517,No,1,70:3,المعارج,1,8607
تَعْرُجُ,16518,No,1,70:4,المعارج,1,9643
وَالرُّوحُ,16519,No,2,70:4,المعارج,2,6127
يَرَوْنَهُ,16520,No,1,70:6,المعارج,1,16826
وَنَرَاهُ,16521,No,1,70:7,المعارج,1,16266
وَتَكُونُ,16522,No,2,70:9,المعارج,2,6207
كَالْعِهْنِ,16523,No,2,70:9,المعارج,2,5603
يَسْأَلُ,16524,No,2,70:10,المعارج,2,6514
يُبَصَّرُونَهُمْ,16525,No,1,70:11,المعارج,1,17240
الْمُجْرِمُ,16526,No,1,70:11,المعارج,1,8652
يَفْتَدِي,16527,No,1,70:11,المعارج,1,17041
بِبَنِيهِ,16528,No,1,70:11,المعارج,1,9084
وَصَاحِبَتِهِ,16529,No,2,70:12,المعارج,2,6279
وَفَصِيلَتِهِ,16530,No,1,70:13,المعارج,1,15906
تُؤْوِيهِ,16531,No,1,70:13,المعارج,1,9841
يُنْجِيهِ,16532,No,1,70:14,المعارج,1,17534
لَظَى,16533,No,1,70:15,المعارج,1,13097
نَزَّاعَةً,16534,No,1,70:16,المعارج,1,14291
لِلشَّوَى,16535,No,1,70:16,المعارج,1,13455
تَدْعُو,16536,No,1,70:17,المعارج,1,9467
أَدْبَرَ,16537,No,4,70:17,المعارج,3,2154
وَجَمَعَ,16538,No,1,70:18,المعارج,1,15498
فَأَوْعَى,16539,No,1,70:18,المعارج,1,11849
هَلُوعًا,16540,No,1,70:19,المعارج,1,14559
جَزُوعًا,16541,No,1,70:20,المعارج,1,10094
مَنُوعًا,16542,No,1,70:21,المعارج,1,13836
الْمُصَلِّينَ,16543,No,2,70:22,المعارج,2,4473
دَائِمُونَ,16544,No,1,70:23,المعارج,1,10493
يُصَدِّقُونَ,16545,No,1,70:26,المعارج,1,17387
مَأْمُونٍ,16546,No,1,70:28,المعارج,1,13617
بِشَهَادَاتِهِمْ,16547,No,1,70:33,المعارج,1,9165
قَائِمُونَ,16548,No,1,70:33,المعارج,1,12597
قِبَلَكَ,16549,No,1,70:36,المعارج,1,12748
عِزِينَ,16550,No,1,70:37,المعارج,1,11640
أَيَطْمَعُ,16551,No,1,70:38,المعارج,1,7526
يُدْخَلَ,16552,No,1,70:38,المعارج,1,17330
جَنَّةَ,16553,No,1,70:38,المعارج,1,10118
وَالْمَغَارِبِ,16554,No,1,70:40,المعارج,1,15226
نُصُبٍ,16555,No,1,70:43,المعارج,1,14464
يُوفِضُونَ,16556,No,1,70:43,المعارج,1,17563
الْيَوْمُ,16557,No,2,70:44,المعارج,2,4504
أَنْذِرْ,16558,No,1,71:1,نوح,1,7432
وَيُؤَخِّرْكُمْ,16559,No,1,71:4,نوح,1,16499
يُؤَخَّرُ,16560,No,1,71:4,نوح,1,17212
دَعَوْتُ,16561,No,1,71:5,نوح,1,10521
وَنَهَارًا,16562,No,1,71:5,نوح,1,16296
يَزِدْهُمْ,16563,No,1,71:6,نوح,1,16859
دُعَائِي,16564,No,1,71:6,نوح,1,10552
دَعَوْتُهُمْ,16565,No,2,71:7,نوح,1,4981
لِتَغْفِرَ,16566,No,1,71:7,نوح,1,13368
وَاسْتَغْشَوْا,16567,No,1,71:7,نوح,1,14957
وَأَصَرُّوا,16568,No,1,71:7,نوح,1,14708
جِهَارًا,16569,No,1,71:8,نوح,1,10172
أَعْلَنْتُ,16570,No,1,71:9,نوح,1,7217
وَأَسْرَرْتُ,16571,No,1,71:9,نوح,1,14695
إِسْرَارًا,16572,No,1,71:9,نوح,1,7659
فَقُلْتُ,16573,No,1,71:10,نوح,1,12354
غَفَّارًا,16574,No,1,71:10,نوح,1,11683
وَيُمْدِدْكُمْ,16575,No,1,71:12,نوح,1,16576
تَرْجُونَ,16576,No,1,71:13,نوح,1,9506
وَقَارًا,16577,No,1,71:13,نوح,1,15924
أَطْوَارًا,16578,No,1,71:14,نوح,1,7193
أَنْبَتَكُمْ,16579,No,1,71:17,نوح,1,7417
يُعِيدُكُمْ,16580,No,1,71:18,نوح,1,17452
وَيُخْرِجُكُمْ,16581,No,1,71:18,نوح,1,16525
إِخْرَاجًا,16582,No,1,71:18,نوح,1,7642
بِسَاطًا,16583,No,1,71:19,نوح,1,9153
لِتَسْلُكُوا,16584,No,1,71:20,نوح,1,13363
عَصَوْنِي,16585,No,1,71:21,نوح,1,11521
يَزِدْهُ,16586,No,1,71:21,نوح,1,16858
مَالُهُ,16587,No,3,71:21,نوح,3,3548
وَوَلَدُهُ,16588,No,1,71:21,نوح,1,16368
كُبَّارًا,16589,No,1,71:22,نوح,1,12898
تَذَرُنَّ,16590,No,2,71:23,نوح,1,4722
وَدًّا,16591,No,1,71:23,نوح,1,15588
سُوَاعًا,16592,No,1,71:23,نوح,1,11076
يَغُوثَ,16593,No,1,71:23,نوح,1,17025
وَيَعُوقَ,16594,No,1,71:23,نوح,1,16458
وَنَسْرًا,16595,No,1,71:23,نوح,1,16274
أَضَلُّوا,16596,No,1,71:24,نوح,1,7171
تَزِدِ,16597,No,2,71:24,نوح,1,4735
خَطِيئَاتِهِمْ,16598,No,1,71:25,نوح,1,10408
أُغْرِقُوا,16599,No,1,71:25,نوح,1,7602
فَأُدْخِلُوا,16600,No,1,71:25,نوح,1,11858
أَنْصَارًا,16601,No,1,71:25,نوح,1,7446
تَذَرْ,16602,No,1,71:26,نوح,1,9470
دَيَّارًا,16603,No,1,71:26,نوح,1,10539
تَذَرْهُمْ,16604,No,1,71:27,نوح,1,9472
يُضِلُّوا,16605,No,1,71:27,نوح,1,17423
يَلِدُوا,16606,No,1,71:27,نوح,1,17112
فَاجِرًا,16607,No,1,71:27,نوح,1,11893
كَفَّارًا,16608,No,1,71:27,نوح,1,12870
تَبَارًا,16609,No,1,71:28,نوح,1,9325
اسْتَمَعَ,16610,No,1,72:1,الجن,1,7825
نَفَرٌ,16611,No,1,72:1,الجن,1,14364
جَدُّ,16612,No,1,72:3,الجن,1,10088
صَاحِبَةً,16613,No,1,72:3,الجن,1,11196
سَفِيهُنَا,16614,No,1,72:4,الجن,1,10954
وَأَنَّا,16615,No,8,72:5,الجن,1,1220
ظَنَنَّا,16616,No,2,72:5,الجن,1,5250
يَعُوذُونَ,16617,No,1,72:6,الجن,1,16989
بِرِجَالٍ,16618,No,1,72:6,الجن,1,9148
فَزَادُوهُمْ,16619,No,1,72:6,الجن,1,12217
رَهَقًا,16620,No,2,72:6,الجن,1,5036
ظَنُّوا,16621,No,1,72:7,الجن,1,11401
لَمَسْنَا,16622,No,1,72:8,الجن,1,13171
فَوَجَدْنَاهَا,16623,No,1,72:8,الجن,1,12486
مُلِئَتْ,16624,No,1,72:8,الجن,1,14087
حَرَسًا,16625,No,1,72:8,الجن,1,10211
وَشُهُبًا,16626,No,1,72:8,الجن,1,15762
نَقْعُدُ,16627,No,1,72:9,الجن,1,14397
لِلسَّمْعِ,16628,No,1,72:9,الجن,1,13452
يَسْتَمِعِ,16629,No,1,72:9,الجن,1,16904
شِهَابًا,16630,No,1,72:9,الجن,1,11188
رَصَدًا,16631,No,2,72:9,الجن,1,5031
أَشَرٌّ,16632,No,1,72:10,الجن,1,7121
أُرِيدَ,16633,No,1,72:10,الجن,1,7585
وَمِنَّا,16634,No,2,72:11,الجن,1,6382
قِدَدًا,16635,No,1,72:11,الجن,1,12757
نُعْجِزَ,16636,No,1,72:12,الجن,1,14480
نُعْجِزَهُ,16637,No,1,72:12,الجن,1,14481
هَرَبًا,16638,No,1,72:12,الجن,1,14555
بِرَبِّهِ,16639,No,1,72:13,الجن,1,9135
بَخْسًا,16640,No,1,72:13,الجن,1,8835
الْمُسْلِمُونَ,16641,No,1,72:14,الجن,1,8674
الْقَاسِطُونَ,16642,No,2,72:14,الجن,1,4434
تَحَرَّوْا,16643,No,1,72:14,الجن,1,9398
حَطَبًا,16644,No,1,72:15,الجن,1,10251
وَأَلَّوِ,16645,No,1,72:16,الجن,1,14758
الطَّرِيقَةِ,16646,No,1,72:16,الجن,1,8109
لَأَسْقَيْنَاهُمْ,16647,No,1,72:16,الجن,1,12957
غَدَقًا,16648,No,1,72:16,الجن,1,11667
يُعْرِضْ,16649,No,1,72:17,الجن,1,17462
يَسْلُكْهُ,16650,No,1,72:17,الجن,1,16925
صَعَدًا,16651,No,1,72:17,الجن,1,11245
الْمَسَاجِدَ,16652,No,1,72:18,الجن,1,8599
قَامَ,16653,No,1,72:19,الجن,1,12616
يَدْعُوهُ,16654,No,1,72:19,الجن,1,16817
يَكُونُونَ,16655,No,1,72:19,الجن,1,17089
لِبَدًا,16656,No,1,72:19,الجن,1,13342
يُجِيرَنِي,16657,No,1,72:22,الجن,1,17272
أَجِدَ,16658,No,1,72:22,الجن,1,6901
بَلَاغًا,16659,No,1,72:23,الجن,1,8899
وَرِسَالَاتِهِ,16660,No,1,72:23,الجن,1,15674
أَضْعَفُ,16661,No,1,72:24,الجن,1,7176
نَاصِرًا,16662,No,1,72:24,الجن,1,14203
وَأَقَلُّ,16663,No,1,72:24,الجن,1,14738
يُظْهِرُ,16664,No,1,72:26,الجن,1,17439
غَيْبِهِ,16665,No,1,72:26,الجن,1,11702
يَسْلُكُ,16666,No,1,72:27,الجن,1,16924
أَبْلَغُوا,16667,No,1,72:28,الجن,1,6813
وَأَحَاطَ,16668,No,1,72:28,الجن,1,14630
وَأَحْصَى,16669,No,1,72:28,الجن,1,14639
الْمُزَّمِّلُ,16670,No,1,73:1,المزمل,1,8660
قُمِ,16671,No,1,73:2,المزمل,1,12740
نِصْفَهُ,16672,No,1,73:3,المزمل,1,14530
انْقُصْ,16673,No,1,73:3,المزمل,1,8792
زِدْ,16674,No,1,73:4,المزمل,1,10846
وَرَتِّلِ,16675,No,1,73:4,المزمل,1,15641
ثَقِيلًا,16676,No,2,73:5,المزمل,2,4850
نَاشِئَةَ,16677,No,1,73:6,المزمل,1,14199
وَطْئًا,16678,No,1,73:6,المزمل,1,15809
سَبْحًا,16679,No,2,73:7,المزمل,2,5079
طَوِيلًا,16680,No,2,73:7,المزمل,2,5233
وَاذْكُرِ,16681,No,2,73:8,المزمل,2,6109
وَتَبَتَّلْ,16682,No,1,73:8,المزمل,1,15352
تَبْتِيلًا,16683,No,1,73:8,المزمل,1,9348
فَاتَّخِذْهُ,16684,No,1,73:9,المزمل,1,11889
وَاهْجُرْهُمْ,16685,No,1,73:10,المزمل,1,15281
هَجْرًا,16686,No,1,73:10,المزمل,1,14547
وَذَرْنِي,16687,No,1,73:11,المزمل,1,15605
وَالْمُكَذِّبِينَ,16688,No,1,73:11,المزمل,1,15251
النَّعْمَةِ,16689,No,1,73:11,المزمل,1,8155
وَمَهِّلْهُمْ,16690,No,1,73:11,المزمل,1,16218
أَنْكَالًا,16691,No,1,73:12,المزمل,1,7466
وَجَحِيمًا,16692,No,1,73:12,المزمل,1,15487
وَطَعَامًا,16693,No,1,73:13,المزمل,1,15798
غُصَّةٍ,16694,No,1,73:13,المزمل,1,11715
وَعَذَابًا,16695,No,1,73:13,المزمل,1,15837
تَرْجُفُ,16696,No,2,73:14,المزمل,2,4731
كَثِيبًا,16697,No,1,73:14,المزمل,1,12828
مَهِيلًا,16698,No,1,73:14,المزمل,1,13844
فَعَصَى,16699,No,1,73:16,المزمل,1,12301
أَخْذًا,16700,No,1,73:16,المزمل,1,6970
وَبِيلًا,16701,No,1,73:16,المزمل,1,15343
الْوِلْدَانَ,16702,No,1,73:17,المزمل,1,8757
شِيبًا,16703,No,1,73:17,المزمل,1,11189
مُنْفَطِرٌ,16704,No,1,73:18,المزمل,1,14119
تَذْكِرَةٌ,16705,No,4,73:19,المزمل,4,2354
ثُلُثَيِ,16706,No,1,73:20,المزمل,1,10053
وَنِصْفَهُ,16707,No,1,73:20,المزمل,1,16331
وَثُلُثَهُ,16708,No,1,73:20,المزمل,1,15471
يُقَدِّرُ,16709,No,1,73:20,المزمل,1,17495
تُحْصُوهُ,16710,No,1,73:20,المزمل,1,9873
فَاقْرَءُوا,16711,No,2,73:20,المزمل,1,5402
تَيَسَّرَ,16712,No,2,73:20,المزمل,1,4801
سَيَكُونُ,16713,No,1,73:20,المزمل,1,11025
وَأَقْرِضُوا,16714,No,1,73:20,المزمل,1,14745
وَأَعْظَمَ,16715,No,1,73:20,المزمل,1,14730
الْمُدَّثِّرُ,16716,No,1,74:1,المدثر,1,8658
قُمْ,16717,No,1,74:2,المدثر,1,12741
فَأَنْذِرْ,16718,No,1,74:2,المدثر,1,11839
وَرَبَّكَ,16719,No,1,74:3,المدثر,1,15636
فَكَبِّرْ,16720,No,1,74:3,المدثر,1,12359
وَثِيَابَكَ,16721,No,1,74:4,المدثر,1,15473
فَطَهِّرْ,16722,No,1,74:4,المدثر,1,12283
وَالرُّجْزَ,16723,No,1,74:5,المدثر,1,15023
فَاهْجُرْ,16724,No,1,74:5,المدثر,1,12046
تَمْنُنْ,16725,No,1,74:6,المدثر,1,9768
تَسْتَكْثِرُ,16726,No,1,74:6,المدثر,1,9560
وَلِرَبِّكَ,16727,No,1,74:7,المدثر,1,16112
نُقِرَ,16728,No,1,74:8,المدثر,1,14489
النَّاقُورِ,16729,No,1,74:8,المدثر,1,8146
عَسِيرٌ,16730,No,1,74:9,المدثر,1,11509
يَسِيرٍ,16731,No,1,74:10,المدثر,1,16870
ذَرْنِي,16732,No,1,74:11,المدثر,1,10582
وَحِيدًا,16733,No,1,74:11,المدثر,1,15564
وَجَعَلْتُ,16734,No,1,74:12,المدثر,1,15497
مَمْدُودًا,16735,No,1,74:12,المدثر,1,13822
وَمَهَّدْتُ,16736,No,1,74:14,المدثر,1,16217
تَمْهِيدًا,16737,No,1,74:14,المدثر,1,9769
يَطْمَعُ,16738,No,1,74:15,المدثر,1,16982
أَزِيدَ,16739,No,1,74:15,المدثر,1,7068
لِآيَاتِنَا,16740,No,1,74:16,المدثر,1,13310
عَنِيدًا,16741,No,1,74:16,المدثر,1,11577
سَأُرْهِقُهُ,16742,No,1,74:17,المدثر,1,10871
صَعُودًا,16743,No,1,74:17,المدثر,1,11246
فَكَّرَ,16744,No,1,74:18,المدثر,1,12371
فَقُتِلَ,16745,No,1,74:19,المدثر,1,12352
قَدَّرَ,16746,No,3,74:19,المدثر,2,3448
عَبَسَ,16747,No,2,74:22,المدثر,2,5267
وَبَسَرَ,16748,No,1,74:22,المدثر,1,15292
يُؤْثَرُ,16749,No,1,74:24,المدثر,1,17223
سَأُصْلِيهِ,16750,No,1,74:26,المدثر,1,10872
سَقَرُ,16751,No,1,74:27,المدثر,1,10955
تُبْقِي,16752,No,1,74:28,المدثر,1,9851
لَوَّاحَةٌ,16753,No,1,74:29,المدثر,1,13243
لِلْبَشَرِ,16754,No,3,74:29,المدثر,1,3532
تِسْعَةَ,16755,No,1,74:30,المدثر,1,10021
عِدَّتَهُمْ,16756,No,1,74:31,المدثر,1,11637
لِيَسْتَيْقِنَ,16757,No,1,74:31,المدثر,1,13554
وَيَزْدَادَ,16758,No,1,74:31,المدثر,1,16430
يَرْتَابَ,16759,No,1,74:31,المدثر,1,16831
وَلِيَقُولَ,16760,No,1,74:31,المدثر,1,16138
جُنُودَ,16761,No,1,74:31,المدثر,1,10151
وَالْقَمَرِ,16762,No,3,74:32,المدثر,3,3723
وَاللَّيْلِ,16763,No,7,74:33,المدثر,7,1413
وَالصُّبْحِ,16764,No,2,74:34,المدثر,2,6140
أَسْفَرَ,16765,No,1,74:34,المدثر,1,7099
لَإِحْدَى,16766,No,1,74:35,المدثر,1,12977
الْكُبَرِ,16767,No,1,74:35,المدثر,1,8574
يَتَقَدَّمَ,16768,No,1,74:37,المدثر,1,16704
يَتَأَخَّرَ,16769,No,1,74:37,المدثر,1,16678
رَهِينَةٌ,16770,No,1,74:38,المدثر,1,10720
سَلَكَكُمْ,16771,No,1,74:42,المدثر,1,10970
نَكُ,16772,No,2,74:43,المدثر,1,5988
نُطْعِمُ,16773,No,1,74:44,المدثر,1,14471
الْمِسْكِينَ,16774,No,1,74:44,المدثر,1,8722
الْخَائِضِينَ,16775,No,1,74:45,المدثر,1,8401
نُكَذِّبُ,16776,No,1,74:46,المدثر,1,14492
أَتَانَا,16777,No,1,74:47,المدثر,1,6826
تَنْفَعُهُمْ,16778,No,1,74:48,المدثر,1,9794
شَفَاعَةُ,16779,No,1,74:48,المدثر,1,11132
الشَّافِعِينَ,16780,No,1,74:48,المدثر,1,8050
التَّذْكِرَةِ,16781,No,1,74:49,المدثر,1,7911
حُمُرٌ,16782,No,1,74:50,المدثر,1,10313
مُسْتَنْفِرَةٌ,16783,No,1,74:50,المدثر,1,14007
فَرَّتْ,16784,No,1,74:51,المدثر,1,12202
قَسْوَرَةٍ,16785,No,1,74:51,المدثر,1,12665
صُحُفًا,16786,No,2,74:52,المدثر,2,5198
مُنَشَّرَةً,16787,No,1,74:52,المدثر,1,14101
ذَكَرَهُ,16788,No,2,74:55,المدثر,2,4997
وَأَهْلُ,16789,No,1,74:56,المدثر,1,14801
اللَّوَّامَةِ,16790,No,1,75:2,القيامة,1,8137
أَيَحْسَبُ,16791,No,4,75:3,القيامة,2,2196
نَجْمَعَ,16792,No,1,75:3,القيامة,1,14265
عِظَامَهُ,16793,No,1,75:3,القيامة,1,11645
نُسَوِّيَ,16794,No,1,75:4,القيامة,1,14454
بَنَانَهُ,16795,No,1,75:4,القيامة,1,8914
لِيَفْجُرَ,16796,No,1,75:5,القيامة,1,13565
أَمَامَهُ,16797,No,1,75:5,القيامة,1,7362
بَرِقَ,16798,No,1,75:7,القيامة,1,8852
وَخَسَفَ,16799,No,1,75:8,القيامة,1,15576
وَجُمِعَ,16800,No,1,75:9,القيامة,1,15505
الْمَفَرُّ,16801,No,1,75:10,القيامة,1,8615
وَزَرَ,16802,No,1,75:11,القيامة,1,15681
الْمُسْتَقَرُّ,16803,No,1,75:12,القيامة,1,8670
يُنَبَّأُ,16804,No,1,75:13,القيامة,1,17527
وَأَخَّرَ,16805,No,1,75:13,القيامة,1,14649
بَصِيرَةٌ,16806,No,1,75:14,القيامة,1,8867
مَعَاذِيرَهُ,16807,No,1,75:15,القيامة,1,13750
تُحَرِّكْ,16808,No,1,75:16,القيامة,1,9861
لِسَانَكَ,16809,No,1,75:16,القيامة,1,13415
لِتَعْجَلَ,16810,No,1,75:16,القيامة,1,13367
جَمْعَهُ,16811,No,1,75:17,القيامة,1,10109
وَقُرْآنَهُ,16812,No,1,75:17,القيامة,1,15974
قَرَأْنَاهُ,16813,No,1,75:18,القيامة,1,12656
فَاتَّبِعْ,16814,No,1,75:18,القيامة,1,11882
قُرْآنَهُ,16815,No,1,75:18,القيامة,1,12728
بَيَانَهُ,16816,No,1,75:19,القيامة,1,8923
نَاضِرَةٌ,16817,No,1,75:22,القيامة,1,14207
نَاظِرَةٌ,16818,No,1,75:23,القيامة,1,14208
وَوُجُوهٌ,16819,No,2,75:24,القيامة,2,6406
بَاسِرَةٌ,16820,No,1,75:24,القيامة,1,8815
تَظُنُّ,16821,No,1,75:25,القيامة,1,9620
يُفْعَلَ,16822,No,1,75:25,القيامة,1,17488
فَاقِرَةٌ,16823,No,1,75:25,القيامة,1,11990
التَّرَاقِيَ,16824,No,1,75:26,القيامة,1,7912
رَاقٍ,16825,No,1,75:27,القيامة,1,10646
الْفِرَاقُ,16826,No,1,75:28,القيامة,1,8512
وَالْتَفَّتِ,16827,No,1,75:29,القيامة,1,15148
السَّاقُ,16828,No,1,75:29,القيامة,1,8008
بِالسَّاقِ,16829,No,1,75:29,القيامة,1,9008
الْمَسَاقُ,16830,No,1,75:30,القيامة,1,8601
صَلَّى,16831,No,2,75:31,القيامة,2,5196
يَتَمَطَّى,16832,No,1,75:33,القيامة,1,16711
يُتْرَكَ,16833,No,1,75:36,القيامة,1,17260
سُدًى,16834,No,1,75:36,القيامة,1,11052
مَنِيٍّ,16835,No,1,75:37,القيامة,1,13837
يُمْنَى,16836,No,1,75:37,القيامة,1,17521
فَخَلَقَ,16837,No,1,75:38,القيامة,1,12165
فَسَوَّى,16838,No,2,75:38,القيامة,2,5452
حِينٌ,16839,No,1,76:1,الإنسان,1,10350
الدَّهْرِ,16840,No,1,76:1,الإنسان,1,7945
مَذْكُورًا,16841,No,1,76:1,الإنسان,1,13684
أَمْشَاجٍ,16842,No,1,76:2,الإنسان,1,7395
نَبْتَلِيهِ,16843,No,1,76:2,الإنسان,1,14231
هَدَيْنَاهُ,16844,No,1,76:3,الإنسان,1,14553
سَلَاسِلَ,16845,No,1,76:4,الإنسان,1,10967
وَأَغْلَالًا,16846,No,1,76:4,الإنسان,1,14735
وَسَعِيرًا,16847,No,1,76:4,الإنسان,1,15717
الْأَبْرَارَ,16848,No,3,76:5,الإنسان,3,2968
يَشْرَبُونَ,16849,No,1,76:5,الإنسان,1,16930
كَأْسٍ,16850,No,1,76:5,الإنسان,1,12776
مِزَاجُهَا,16851,No,2,76:5,الإنسان,1,5927
كَافُورًا,16852,No,1,76:5,الإنسان,1,12790
يَشْرَبُ,16853,No,2,76:6,الإنسان,2,6532
يُفَجِّرُونَهَا,16854,No,1,76:6,الإنسان,1,17483
بِالنَّذْرِ,16855,No,1,76:7,الإنسان,1,9024
شَرُّهُ,16856,No,1,76:7,الإنسان,1,11123
مُسْتَطِيرًا,16857,No,1,76:7,الإنسان,1,13997
وَيُطْعِمُونَ,16858,No,1,76:8,الإنسان,1,16557
وَيَتِيمًا,16859,No,1,76:8,الإنسان,1,16396
وَأَسِيرًا,16860,No,1,76:8,الإنسان,1,14693
نُطْعِمُكُمْ,16861,No,1,76:9,الإنسان,1,14472
لِوَجْهِ,16862,No,1,76:9,الإنسان,1,13526
عَبُوسًا,16863,No,1,76:10,الإنسان,1,11459
قَمْطَرِيرًا,16864,No,1,76:10,الإنسان,1,12694
فَوَقَاهُمُ,16865,No,1,76:11,الإنسان,1,12491
الْيَوْمِ,16866,No,1,76:11,الإنسان,1,8761
وَلَقَّاهُمْ,16867,No,1,76:11,الإنسان,1,16055
نَضْرَةً,16868,No,1,76:11,الإنسان,1,14336
وَسُرُورًا,16869,No,1,76:11,الإنسان,1,15739
وَجَزَاهُمْ,16870,No,1,76:12,الإنسان,1,15494
جَنَّةً,16871,No,1,76:12,الإنسان,1,10117
وَحَرِيرًا,16872,No,1,76:12,الإنسان,1,15530
شَمْسًا,16873,No,1,76:13,الإنسان,1,11141
زَمْهَرِيرًا,16874,No,1,76:13,الإنسان,1,10817
وَدَانِيَةً,16875,No,1,76:14,الإنسان,1,15590
ظِلَالُهَا,16876,No,1,76:14,الإنسان,1,11420
وَذُلِّلَتْ,16877,No,1,76:14,الإنسان,1,15615
تَذْلِيلًا,16878,No,1,76:14,الإنسان,1,9480
وَيُطَافُ,16879,No,1,76:15,الإنسان,1,16554
بِآنِيَةٍ,16880,No,1,76:15,الإنسان,1,8960
قَوَارِيرَا,16881,No,1,76:15,الإنسان,1,12697
قَدَّرُوهَا,16882,No,1,76:16,الإنسان,1,12647
وَيُسْقَوْنَ,16883,No,1,76:17,الإنسان,1,16549
زَنْجَبِيلًا,16884,No,1,76:17,الإنسان,1,10819
تُسَمَّى,16885,No,1,76:18,الإنسان,1,9910
سَلْسَبِيلًا,16886,No,1,76:18,الإنسان,1,10976
حَسِبْتَهُمْ,16887,No,1,76:19,الإنسان,1,10234
لُؤْلُؤًا,16888,No,1,76:19,الإنسان,1,13295
نَعِيمًا,16889,No,1,76:20,الإنسان,1,14351
وَمُلْكًا,16890,No,1,76:20,الإنسان,1,16227
عَالِيَهُمْ,16891,No,1,76:21,الإنسان,1,11447
ثِيَابُ,16892,No,1,76:21,الإنسان,1,10060
خُضْرٌ,16893,No,1,76:21,الإنسان,1,10460
وَإِسْتَبْرَقٌ,16894,No,1,76:21,الإنسان,1,14864
وَحُلُّوا,16895,No,1,76:21,الإنسان,1,15558
وَسَقَاهُمْ,16896,No,1,76:21,الإنسان,1,15720
شَرَابًا,16897,No,2,76:21,الإنسان,2,5137
سَعْيُكُمْ,16898,No,1,76:22,الإنسان,1,10945
آثِمًا,16899,No,1,76:24,الإنسان,1,6722
فَاسْجُدْ,16900,No,1,76:26,الإنسان,1,11954
وَسَبِّحْهُ,16901,No,1,76:26,الإنسان,1,15706
أَسْرَهُمْ,16902,No,1,76:28,الإنسان,1,7096
تَشَاءُونَ,16903,No,2,76:30,الإنسان,2,4742
وَالظَّالِمِينَ,16904,No,1,76:31,الإنسان,1,15074
وَالْمُرْسَلَاتِ,16905,No,1,77:1,المرسلات,1,15243
عُرْفًا,16906,No,1,77:1,المرسلات,1,11606
فَالْعَاصِفَاتِ,16907,No,1,77:2,المرسلات,1,12013
عَصْفًا,16908,No,1,77:2,المرسلات,1,11525
وَالنَّاشِرَاتِ,16909,No,1,77:3,المرسلات,1,15080
نَشْرًا,16910,No,1,77:3,المرسلات,1,14315
فَالْفَارِقَاتِ,16911,No,1,77:4,المرسلات,1,12014
فَرْقًا,16912,No,1,77:4,المرسلات,1,12214
فَالْمُلْقِيَاتِ,16913,No,1,77:5,المرسلات,1,12018
نُذْرًا,16914,No,1,77:6,المرسلات,1,14442
النُّجُومُ,16915,No,2,77:8,المرسلات,2,4317
طُمِسَتْ,16916,No,1,77:8,المرسلات,1,11377
فُرِجَتْ,16917,No,1,77:9,المرسلات,1,12567
نُسِفَتْ,16918,No,1,77:10,المرسلات,1,14457
أُقِّتَتْ,16919,No,1,77:11,المرسلات,1,7607
لِأَيِّ,16920,No,1,77:12,المرسلات,1,13328
أُجِّلَتْ,16921,No,1,77:12,المرسلات,1,7557
نُهْلِكِ,16922,No,1,77:16,المرسلات,1,14511
نُتْبِعُهُمُ,16923,No,1,77:17,المرسلات,1,14433
نَخْلُقْكُمْ,16924,No,1,77:20,المرسلات,1,14274
فَقَدَرْنَا,16925,No,1,77:23,المرسلات,1,12342
الْقَادِرُونَ,16926,No,1,77:23,المرسلات,1,8517
نَجْعَلِ,16927,No,2,77:25,المرسلات,2,5952
كِفَاتًا,16928,No,1,77:25,المرسلات,1,12933
أَحْيَاءً,16929,No,1,77:26,المرسلات,1,6946
وَأَمْوَاتًا,16930,No,1,77:26,المرسلات,1,14775
شَامِخَاتٍ,16931,No,1,77:27,المرسلات,1,11104
وَأَسْقَيْنَاكُمْ,16932,No,1,77:27,المرسلات,1,14696
فُرَاتًا,16933,No,1,77:27,المرسلات,1,12561
انْطَلِقُوا,16934,No,2,77:29,المرسلات,1,4510
ظِلٍّ,16935,No,1,77:30,المرسلات,1,11418
ثَلَاثِ,16936,No,1,77:30,المرسلات,1,10039
شُعَبٍ,16937,No,1,77:30,المرسلات,1,11165
ظَلِيلٍ,16938,No,1,77:31,المرسلات,1,11393
اللَّهَبِ,16939,No,1,77:31,المرسلات,1,8135
تَرْمِي,16940,No,1,77:32,المرسلات,1,9521
بِشَرَرٍ,16941,No,1,77:32,المرسلات,1,9164
كَالْقَصْرِ,16942,No,1,77:32,المرسلات,1,12810
جِمَالَتٌ,16943,No,1,77:33,المرسلات,1,10170
صُفْرٌ,16944,No,1,77:33,المرسلات,1,11282
فَيَعْتَذِرُونَ,16945,No,1,77:36,المرسلات,1,12520
جَمَعْنَاكُمْ,16946,No,1,77:38,المرسلات,1,10107
وَالْأَوَّلِينَ,16947,No,1,77:38,المرسلات,1,15125
كَيْدٌ,16948,No,1,77:39,المرسلات,1,12889
فَكِيدُونِ,16949,No,1,77:39,المرسلات,1,12380
وَفَوَاكِهَ,16950,No,1,77:42,المرسلات,1,15911
وَتَمَتَّعُوا,16951,No,1,77:46,المرسلات,1,15430
يَرْكَعُونَ,16952,No,1,77:48,المرسلات,1,16853
عَمَّ,16953,No,1,78:1,النبأ,1,11566
النَّبَإِ,16954,No,1,78:2,النبأ,1,8147
مُخْتَلِفُونَ,16955,No,1,78:3,النبأ,1,13950
مِهَادًا,16956,No,1,78:6,النبأ,1,14176
وَالْجِبَالَ,16957,No,2,78:7,النبأ,2,6158
أَوْتَادًا,16958,No,1,78:7,النبأ,1,7500
وَخَلَقْنَاكُمْ,16959,No,1,78:8,النبأ,1,15581
نَوْمَكُمْ,16960,No,1,78:9,النبأ,1,14425
مَعَاشًا,16961,No,1,78:11,النبأ,1,13751
وَبَنَيْنَا,16962,No,1,78:12,النبأ,1,15306
شِدَادًا,16963,No,1,78:12,النبأ,1,11179
وَهَّاجًا,16964,No,1,78:13,النبأ,1,16349
الْمُعْصِرَاتِ,16965,No,1,78:14,النبأ,1,8695
ثَجَّاجًا,16966,No,1,78:14,النبأ,1,10033
لِنُخْرِجَ,16967,No,1,78:15,النبأ,1,13515
وَنَبَاتًا,16968,No,1,78:15,النبأ,1,16238
أَلْفَافًا,16969,No,1,78:16,النبأ,1,7349
مِيقَاتًا,16970,No,1,78:17,النبأ,1,14180
فَتَأْتُونَ,16971,No,1,78:18,النبأ,1,12066
أَفْوَاجًا,16972,No,2,78:18,النبأ,2,4103
وَفُتِحَتِ,16973,No,1,78:19,النبأ,1,15914
وَسُيِّرَتِ,16974,No,1,78:20,النبأ,1,15742
سَرَابًا,16975,No,1,78:20,النبأ,1,10933
مِرْصَادًا,16976,No,1,78:21,النبأ,1,14160
مَآبًا,16977,No,2,78:22,النبأ,1,5775
لَابِثِينَ,16978,No,1,78:23,النبأ,1,12979
أَحْقَابًا,16979,No,1,78:23,النبأ,1,6937
وَغَسَّاقًا,16980,No,1,78:25,النبأ,1,15888
وِفَاقًا,16981,No,1,78:26,النبأ,1,16607
كِذَّابًا,16982,No,2,78:28,النبأ,1,5638
نَزِيدَكُمْ,16983,No,1,78:30,النبأ,1,14293
مَفَازًا,16984,No,1,78:31,النبأ,1,13774
وَأَعْنَابًا,16985,No,1,78:32,النبأ,1,14732
وَكَوَاعِبَ,16986,No,1,78:33,النبأ,1,16008
وَكَأْسًا,16987,No,1,78:34,النبأ,1,15984
دِهَاقًا,16988,No,1,78:34,النبأ,1,10567
خِطَابًا,16989,No,1,78:37,النبأ,1,10470
يَتَكَلَّمُونَ,16990,No,1,78:38,النبأ,1,16707
صَوَابًا,16991,No,1,78:38,النبأ,1,11266
أَنْذَرْنَاكُمْ,16992,No,1,78:40,النبأ,1,7429
الْمَرْءُ,16993,No,2,78:40,النبأ,2,4454
وَالنَّازِعَاتِ,16994,No,1,79:1,النازعات,1,15079
غَرْقًا,16995,No,1,79:1,النازعات,1,11674
وَالنَّاشِطَاتِ,16996,No,1,79:2,النازعات,1,15081
نَشْطًا,16997,No,1,79:2,النازعات,1,14317
وَالسَّابِحَاتِ,16998,No,1,79:3,النازعات,1,15030
فَالسَّابِقَاتِ,16999,No,1,79:4,النازعات,1,12002
سَبْقًا,17000,No,1,79:4,النازعات,1,10918
فَالْمُدَبِّرَاتِ,17001,No,1,79:5,النازعات,1,12015
الرَّاجِفَةُ,17002,No,1,79:6,النازعات,1,7958
تَتْبَعُهَا,17003,No,1,79:7,النازعات,1,9378
الرَّادِفَةُ,17004,No,1,79:7,النازعات,1,7959
وَاجِفَةٌ,17005,No,1,79:8,النازعات,1,14901
أَبْصَارُهَا,17006,No,1,79:9,النازعات,1,6803
خَاشِعَةٌ,17007,No,2,79:9,النازعات,2,4934
لَمَرْدُودُونَ,17008,No,1,79:10,النازعات,1,13168
الْحَافِرَةِ,17009,No,1,79:10,النازعات,1,8351
نَخِرَةً,17010,No,1,79:11,النازعات,1,14270
كَرَّةٌ,17011,No,1,79:12,النازعات,1,12845
خَاسِرَةٌ,17012,No,1,79:12,النازعات,1,10359
بِالسَّاهِرَةِ,17013,No,1,79:14,النازعات,1,9009
نَادَاهُ,17014,No,1,79:16,النازعات,1,14192
وَأَهْدِيَكَ,17015,No,1,79:19,النازعات,1,14797
فَتَخْشَى,17016,No,1,79:19,النازعات,1,12075
فَأَرَاهُ,17017,No,1,79:20,النازعات,1,11777
الْآيَةَ,17018,No,1,79:20,النازعات,1,8184
فَحَشَرَ,17019,No,1,79:23,النازعات,1,12156
فَأَخَذَهُ,17020,No,1,79:25,النازعات,1,11766
نَكَالَ,17021,No,1,79:25,النازعات,1,14398
بَنَاهَا,17022,No,2,79:27,النازعات,2,4552
سَمْكَهَا,17023,No,1,79:28,النازعات,1,10994
فَسَوَّاهَا,17024,No,2,79:28,النازعات,2,5451
وَأَغْطَشَ,17025,No,1,79:29,النازعات,1,14734
لَيْلَهَا,17026,No,1,79:29,النازعات,1,13294
وَأَخْرَجَ,17027,No,1,79:29,النازعات,1,14655
ضُحَاهَا,17028,No,2,79:29,النازعات,1,5213
دَحَاهَا,17029,No,1,79:30,النازعات,1,10506
مَاءَهَا,17030,No,1,79:31,النازعات,1,13622
وَمَرْعَاهَا,17031,No,1,79:31,النازعات,1,16190
أَرْسَاهَا,17032,No,1,79:32,النازعات,1,7051
وَلِأَنْعَامِكُمْ,17033,No,2,79:33,النازعات,2,6358
جَاءَتِ,17034,No,2,79:34,النازعات,2,4861
الطَّامَّةُ,17035,No,1,79:34,النازعات,1,8108
وَآثَرَ,17036,No,1,79:38,النازعات,1,14590
وَنَهَى,17037,No,1,79:40,النازعات,1,16299
ذِكْرَاهَا,17038,No,1,79:43,النازعات,1,10618
مُنْتَهَاهَا,17039,No,1,79:44,النازعات,1,14110
مُنْذِرُ,17040,No,1,79:45,النازعات,1,14112
يَخْشَاهَا,17041,No,1,79:45,النازعات,1,16791
عَشِيَّةً,17042,No,1,79:46,النازعات,1,11515
يَزَّكَّى,17043,No,2,80:3,عبس,1,6510
فَتَنْفَعَهُ,17044,No,1,80:4,عبس,1,12112
اسْتَغْنَى,17045,No,2,80:5,عبس,2,4234
فَأَنْتَ,17046,No,2,80:6,عبس,1,5360
تَصَدَّى,17047,No,1,80:6,عبس,1,9589
تَلَهَّى,17048,No,1,80:10,عبس,1,9733
صُحُفٍ,17049,No,1,80:13,عبس,1,11277
مُكَرَّمَةٍ,17050,No,1,80:13,عبس,1,14078
مُطَهَّرَةٍ,17051,No,1,80:14,عبس,1,14036
بِأَيْدِي,17052,No,1,80:15,عبس,1,8989
سَفَرَةٍ,17053,No,1,80:15,عبس,1,10948
كِرَامٍ,17054,No,1,80:16,عبس,1,12930
بَرَرَةٍ,17055,No,1,80:16,عبس,1,8850
أَكْفَرَهُ,17056,No,1,80:17,عبس,1,7321
أَيِّ,17057,No,2,80:18,عبس,2,4163
يَسَّرَهُ,17058,No,1,80:20,عبس,1,16867
أَمَاتَهُ,17059,No,1,80:21,عبس,1,7361
فَأَقْبَرَهُ,17060,No,1,80:21,عبس,1,11814
أَنْشَرَهُ,17061,No,1,80:22,عبس,1,7445
يَقْضِ,17062,No,1,80:23,عبس,1,17078
أَمَرَهُ,17063,No,1,80:23,عبس,1,7371
فَلْيَنْظُرِ,17064,No,2,80:24,عبس,2,5492
طَعَامِهِ,17065,No,1,80:24,عبس,1,11359
صَبَبْنَا,17066,No,1,80:25,عبس,1,11213
صَبًّا,17067,No,1,80:25,عبس,1,11211
شَقَقْنَا,17068,No,1,80:26,عبس,1,11134
شَقًّا,17069,No,1,80:26,عبس,1,11133
وَعِنَبًا,17070,No,1,80:28,عبس,1,15877
وَقَضْبًا,17071,No,1,80:28,عبس,1,15946
وَزَيْتُونًا,17072,No,1,80:29,عبس,1,15691
وَنَخْلًا,17073,No,1,80:29,عبس,1,16258
وَحَدَائِقَ,17074,No,1,80:30,عبس,1,15525
غُلْبًا,17075,No,1,80:30,عبس,1,11719
وَفَاكِهَةً,17076,No,1,80:31,عبس,1,15897
وَأَبًّا,17077,No,1,80:31,عبس,1,14600
الصَّاخَّةُ,17078,No,1,80:33,عبس,1,8068
يَفِرُّ,17079,No,1,80:34,عبس,1,17038
وَأُمِّهِ,17080,No,1,80:35,عبس,1,14841
وَأَبِيهِ,17081,No,1,80:35,عبس,1,14604
وَبَنِيهِ,17082,No,1,80:36,عبس,1,15307
شَأْنٌ,17083,No,1,80:37,عبس,1,11094
يُغْنِيهِ,17084,No,1,80:37,عبس,1,17478
مُسْفِرَةٌ,17085,No,1,80:38,عبس,1,14010
ضَاحِكَةٌ,17086,No,1,80:39,عبس,1,11306
مُسْتَبْشِرَةٌ,17087,No,1,80:39,عبس,1,13989
غَبَرَةٌ,17088,No,1,80:40,عبس,1,11665
تَرْهَقُهَا,17089,No,1,80:41,عبس,1,9523
قَتَرَةٌ,17090,No,1,80:41,عبس,1,12633
الْكَفَرَةُ,17091,No,1,80:42,عبس,1,8564
الْفَجَرَةُ,17092,No,1,80:42,عبس,1,8494
كُوِّرَتْ,17093,No,1,81:1,التكوير,1,12922
انْكَدَرَتْ,17094,No,1,81:2,التكوير,1,8793
الْعِشَارُ,17095,No,1,81:4,التكوير,1,8470
عُطِّلَتْ,17096,No,1,81:4,التكوير,1,11611
الْوُحُوشُ,17097,No,1,81:5,التكوير,1,8754
حُشِرَتْ,17098,No,1,81:5,التكوير,1,10307
الْبِحَارُ,17099,No,2,81:6,التكوير,2,4373
سُجِّرَتْ,17100,No,1,81:6,التكوير,1,11050
النُّفُوسُ,17101,No,1,81:7,التكوير,1,8165
زُوِّجَتْ,17102,No,1,81:7,التكوير,1,10845
الْمَوْءُودَةُ,17103,No,1,81:8,التكوير,1,8632
سُئِلَتْ,17104,No,1,81:8,التكوير,1,11048
ذَنْبٍ,17105,No,1,81:9,التكوير,1,10593
قُتِلَتْ,17106,No,1,81:9,التكوير,1,12716
الصُّحُفُ,17107,No,1,81:10,التكوير,1,8087
نُشِرَتْ,17108,No,1,81:10,التكوير,1,14463
كُشِطَتْ,17109,No,1,81:11,التكوير,1,12909
سُعِّرَتْ,17110,No,1,81:12,التكوير,1,11057
أُزْلِفَتْ,17111,No,1,81:13,التكوير,1,7590
عَلِمَتْ,17112,No,2,81:14,التكوير,2,5291
أَحْضَرَتْ,17113,No,1,81:14,التكوير,1,6936
بِالْخُنَّسِ,17114,No,1,81:15,التكوير,1,9049
الْكُنَّسِ,17115,No,1,81:16,التكوير,1,8575
عَسْعَسَ,17116,No,1,81:17,التكوير,1,11510
تَنَفَّسَ,17117,No,1,81:18,التكوير,1,9778
مُطَاعٍ,17118,No,1,81:21,التكوير,1,14034
بِضَنِينٍ,17119,No,1,81:24,التكوير,1,9182
فَأَيْنَ,17120,No,1,81:26,التكوير,1,11856
تَذْهَبُونَ,17121,No,1,81:26,التكوير,1,9482
يَسْتَقِيمَ,17122,No,1,81:28,التكوير,1,16903
انْفَطَرَتْ,17123,No,1,82:1,الانفطار,1,8788
الْكَوَاكِبُ,17124,No,1,82:2,الانفطار,1,8570
انْتَثَرَتْ,17125,No,1,82:2,الانفطار,1,8774
فُجِّرَتْ,17126,No,1,82:3,الانفطار,1,12560
الْقُبُورُ,17127,No,1,82:4,الانفطار,1,8540
بُعْثِرَتْ,17128,No,1,82:4,الانفطار,1,8942
وَأَخَّرَتْ,17129,No,1,82:5,الانفطار,1,14650
غَرَّكَ,17130,No,1,82:6,الانفطار,1,11672
فَسَوَّاكَ,17131,No,1,82:7,الانفطار,1,12236
فَعَدَلَكَ,17132,No,1,82:7,الانفطار,1,12297
صُورَةٍ,17133,No,1,82:8,الانفطار,1,11287
رَكَّبَكَ,17134,No,1,82:8,الانفطار,1,10711
بِالدِّينِ,17135,No,3,82:9,الانفطار,3,3076
لَحَافِظِينَ,17136,No,1,82:10,الانفطار,1,13048
كَاتِبِينَ,17137,No,1,82:11,الانفطار,1,12779
الْفُجَّارَ,17138,No,1,82:14,الانفطار,1,8504
بِغَائِبِينَ,17139,No,1,82:16,الانفطار,1,9208
تَمْلِكُ,17140,No,1,82:19,الانفطار,1,9765
لِلْمُطَفِّفِينَ,17141,No,1,83:1,المطففين,1,13493
اكْتَالُوا,17142,No,1,83:2,المطففين,1,7900
يَسْتَوْفُونَ,17143,No,1,83:2,المطففين,1,16911
كَالُوهُمْ,17144,No,1,83:3,المطففين,1,12799
وَزَنُوهُمْ,17145,No,1,83:3,المطففين,1,15686
يُخْسِرُونَ,17146,No,1,83:3,المطففين,1,17324
الْفُجَّارِ,17147,No,1,83:7,المطففين,1,8505
سِجِّينٍ,17148,No,1,83:7,المطففين,1,11081
سِجِّينٌ,17149,No,1,83:8,المطففين,1,11080
مَرْقُومٌ,17150,No,2,83:9,المطففين,1,5799
يُكَذِّبُونَ,17151,No,2,83:11,المطففين,2,6674
رَانَ,17152,No,1,83:14,المطففين,1,10649
لَمَحْجُوبُونَ,17153,No,1,83:15,المطففين,1,13166
لَصَالُو,17154,No,1,83:16,المطففين,1,13089
عِلِّيِّينَ,17155,No,1,83:18,المطففين,1,11649
عِلِّيُّونَ,17156,No,1,83:19,المطففين,1,11648
يَشْهَدُهُ,17157,No,1,83:21,المطففين,1,16940
نَضْرَةَ,17158,No,1,83:24,المطففين,1,14337
يُسْقَوْنَ,17159,No,1,83:25,المطففين,1,17371
رَحِيقٍ,17160,No,1,83:25,المطففين,1,10675
مَخْتُومٍ,17161,No,1,83:25,المطففين,1,13675
خِتَامُهُ,17162,No,1,83:26,المطففين,1,10468
مِسْكٌ,17163,No,1,83:26,المطففين,1,14163
فَلْيَتَنَافَسِ,17164,No,1,83:26,المطففين,1,12415
الْمُتَنَافِسُونَ,17165,No,1,83:26,المطففين,1,8648
وَمِزَاجُهُ,17166,No,1,83:27,المطففين,1,16230
تَسْنِيمٍ,17167,No,1,83:27,المطففين,1,9576
يَتَغَامَزُونَ,17168,No,1,83:30,المطففين,1,16696
أَهْلِهِمُ,17169,No,1,83:31,المطففين,1,7483
فَكِهِينَ,17170,No,1,83:31,المطففين,1,12379
رَأَوْهُمْ,17171,No,1,83:32,المطففين,1,10628
أُرْسِلُوا,17172,No,1,83:33,المطففين,1,7588
ثُوِّبَ,17173,No,1,83:36,المطففين,1,10054
انْشَقَّتْ,17174,No,1,84:1,الانشقاق,1,8781
وَأَذِنَتْ,17175,No,2,84:2,الانشقاق,1,6045
لِرَبِّهَا,17176,No,2,84:2,الانشقاق,1,5721
وَحُقَّتْ,17177,No,2,84:2,الانشقاق,1,6237
مُدَّتْ,17178,No,1,84:3,الانشقاق,1,13960
وَأَلْقَتْ,17179,No,1,84:4,الانشقاق,1,14762
وَتَخَلَّتْ,17180,No,1,84:4,الانشقاق,1,15364
كَادِحٌ,17181,No,1,84:6,الانشقاق,1,12781
كَدْحًا,17182,No,1,84:6,الانشقاق,1,12837
فَمُلَاقِيهِ,17183,No,1,84:6,الانشقاق,1,12447
يُحَاسَبُ,17184,No,1,84:8,الانشقاق,1,17280
وَيَنْقَلِبُ,17185,No,1,84:9,الانشقاق,1,16491
مَسْرُورًا,17186,No,2,84:9,الانشقاق,1,5808
وَيَصْلَى,17187,No,1,84:12,الانشقاق,1,16454
يَحُورَ,17188,No,1,84:14,الانشقاق,1,16750
بِالشَّفَقِ,17189,No,1,84:16,الانشقاق,1,9014
وَسَقَ,17190,No,1,84:17,الانشقاق,1,15719
اتَّسَقَ,17191,No,1,84:18,الانشقاق,1,7743
لَتَرْكَبُنَّ,17192,No,1,84:19,الانشقاق,1,13020
طَبَقًا,17193,No,1,84:19,الانشقاق,1,11345
طَبَقٍ,17194,No,1,84:19,الانشقاق,1,11346
يُوعُونَ,17195,No,1,84:23,الانشقاق,1,17562
الْبُرُوجِ,17196,No,1,85:1,البروج,1,8315
الْمَوْعُودِ,17197,No,1,85:2,البروج,1,8635
وَشَاهِدٍ,17198,No,1,85:3,البروج,1,15748
وَمَشْهُودٍ,17199,No,1,85:3,البروج,1,16197
الْأُخْدُودِ,17200,No,1,85:4,البروج,1,8273
الْوَقُودِ,17201,No,1,85:5,البروج,1,8747
قُعُودٌ,17202,No,1,85:6,البروج,1,12732
شُهُودٌ,17203,No,1,85:7,البروج,1,11175
فَتَنُوا,17204,No,1,85:10,البروج,1,12110
بَطْشَ,17205,No,1,85:12,البروج,1,8872
وَيُعِيدُ,17206,No,1,85:13,البروج,1,16561
الْوَدُودُ,17207,No,1,85:14,البروج,1,8739
الْمَجِيدُ,17208,No,1,85:15,البروج,1,8588
الْجُنُودِ,17209,No,1,85:17,البروج,1,8341
تَكْذِيبٍ,17210,No,1,85:19,البروج,1,9724
قُرْآنٌ,17211,No,1,85:21,البروج,1,12725
لَوْحٍ,17212,No,1,85:22,البروج,1,13245
مَحْفُوظٍ,17213,No,1,85:22,البروج,1,13672
وَالطَّارِقِ,17214,No,1,86:1,الطارق,1,15064
الطَّارِقُ,17215,No,1,86:2,الطارق,1,8105
النَّجْمُ,17216,No,1,86:3,الطارق,1,8150
الثَّاقِبُ,17217,No,1,86:3,الطارق,1,7927
حَافِظٌ,17218,No,1,86:4,الطارق,1,10190
مِمَّ,17219,No,1,86:5,الطارق,1,14174
دَافِقٍ,17220,No,1,86:6,الطارق,1,10503
الصُّلْبِ,17221,No,1,86:7,الطارق,1,8089
وَالتَّرَائِبِ,17222,No,1,86:7,الطارق,1,15006
رَجْعِهِ,17223,No,1,86:8,الطارق,1,10669
لَقَادِرٌ,17224,No,1,86:8,الطارق,1,13134
تُبْلَى,17225,No,1,86:9,الطارق,1,9852
السَّرَائِرُ,17226,No,1,86:9,الطارق,1,8018
نَاصِرٍ,17227,No,1,86:10,الطارق,1,14204
الرَّجْعِ,17228,No,1,86:11,الطارق,1,7964
الصَّدْعِ,17229,No,1,86:12,الطارق,1,8076
لَقَوْلٌ,17230,No,1,86:13,الطارق,1,13139
فَصْلٌ,17231,No,1,86:13,الطارق,1,12266
بِالْهَزْلِ,17232,No,1,86:14,الطارق,1,9070
يَكِيدُونَ,17233,No,1,86:15,الطارق,1,17090
وَأَكِيدُ,17234,No,1,86:16,الطارق,1,14749
فَمَهِّلِ,17235,No,1,86:17,الطارق,1,12445
أَمْهِلْهُمْ,17236,No,1,86:17,الطارق,1,7400
رُوَيْدًا,17237,No,1,86:17,الطارق,1,10757
سَبِّحِ,17238,No,1,87:1,الأعلى,1,10913
الْمَرْعَى,17239,No,1,87:4,الأعلى,1,8596
أَحْوَى,17240,No,1,87:5,الأعلى,1,6944
سَنُقْرِئُكَ,17241,No,1,87:6,الأعلى,1,11011
تَنْسَى,17242,No,1,87:6,الأعلى,1,9788
وَنُيَسِّرُكَ,17243,No,1,87:8,الأعلى,1,16325
لِلْيُسْرَى,17244,No,2,87:8,الأعلى,2,5755
نَفَعَتِ,17245,No,1,87:9,الأعلى,1,14367
سَيَذَّكَّرُ,17246,No,1,87:10,الأعلى,1,11021
وَيَتَجَنَّبُهَا,17247,No,1,87:11,الأعلى,1,16381
الْأَشْقَى,17248,No,2,87:11,الأعلى,2,4330
يَصْلَى,17249,No,1,87:12,الأعلى,1,16956
فَصَلَّى,17250,No,1,87:15,الأعلى,1,12262
تُؤْثِرُونَ,17251,No,1,87:16,الأعلى,1,9837
الْغَاشِيَةِ,17252,No,1,88:1,الغاشية,1,8475
عَامِلَةٌ,17253,No,1,88:3,الغاشية,1,11451
نَاصِبَةٌ,17254,No,1,88:3,الغاشية,1,14200
تَصْلَى,17255,No,1,88:4,الغاشية,1,9598
حَامِيَةً,17256,No,1,88:4,الغاشية,1,10195
تُسْقَى,17257,No,1,88:5,الغاشية,1,9915
آنِيَةٍ,17258,No,1,88:5,الغاشية,1,6753
ضَرِيعٍ,17259,No,1,88:6,الغاشية,1,11313
يُسْمِنُ,17260,No,1,88:7,الغاشية,1,17377
جُوعٍ,17261,No,2,88:7,الغاشية,2,4886
نَاعِمَةٌ,17262,No,1,88:8,الغاشية,1,14210
لِسَعْيِهَا,17263,No,1,88:9,الغاشية,1,13419
رَاضِيَةٌ,17264,No,1,88:9,الغاشية,1,10643
لَاغِيَةً,17265,No,1,88:11,الغاشية,1,12992
عَيْنٌ,17266,No,1,88:12,الغاشية,1,11590
جَارِيَةٌ,17267,No,1,88:12,الغاشية,1,10074
سُرُرٌ,17268,No,1,88:13,الغاشية,1,11054
مَرْفُوعَةٌ,17269,No,1,88:13,الغاشية,1,13707
وَأَكْوَابٌ,17270,No,1,88:14,الغاشية,1,14755
مَوْضُوعَةٌ,17271,No,1,88:14,الغاشية,1,13865
وَنَمَارِقُ,17272,No,1,88:15,الغاشية,1,16292
مَصْفُوفَةٌ,17273,No,1,88:15,الغاشية,1,13739
وَزَرَابِيُّ,17274,No,1,88:16,الغاشية,1,15682
مَبْثُوثَةٌ,17275,No,1,88:16,الغاشية,1,13636
خُلِقَتْ,17276,No,1,88:17,الغاشية,1,10464
رُفِعَتْ,17277,No,1,88:18,الغاشية,1,10747
نُصِبَتْ,17278,No,1,88:19,الغاشية,1,14465
سُطِحَتْ,17279,No,1,88:20,الغاشية,1,11055
مُذَكِّرٌ,17280,No,1,88:21,الغاشية,1,13966
بِمُصَيْطِرٍ,17281,No,1,88:22,الغاشية,1,9258
وَكَفَرَ,17282,No,1,88:23,الغاشية,1,15994
الْأَكْبَرَ,17283,No,1,88:24,الغاشية,1,8235
إِيَابَهُمْ,17284,No,1,88:25,الغاشية,1,7706
حِسَابَهُمْ,17285,No,1,88:26,الغاشية,1,10334
وَالْفَجْرِ,17286,No,1,89:1,الفجر,1,15197
وَلَيَالٍ,17287,No,1,89:2,الفجر,1,16076
عَشْرٍ,17288,No,1,89:2,الفجر,1,11516
وَالشَّفْعِ,17289,No,1,89:3,الفجر,1,15044
وَالْوَتْرِ,17290,No,1,89:3,الفجر,1,15257
يَسْرِ,17291,No,1,89:4,الفجر,1,16916
قَسَمٌ,17292,No,1,89:5,الفجر,1,12662
لِذِي,17293,No,1,89:5,الفجر,1,13407
حِجْرٍ,17294,No,1,89:5,الفجر,1,10329
بِعَادٍ,17295,No,1,89:6,الفجر,1,9190
إِرَمَ,17296,No,1,89:7,الفجر,1,7656
الْعِمَادِ,17297,No,1,89:7,الفجر,1,8472
يُخْلَقْ,17298,No,1,89:8,الفجر,1,17326
جَابُوا,17299,No,1,89:9,الفجر,1,10068
الصَّخْرَ,17300,No,1,89:9,الفجر,1,8072
طَغَوْا,17301,No,1,89:11,الفجر,1,11363
فَأَكْثَرُوا,17302,No,1,89:12,الفجر,1,11820
فَصَبَّ,17303,No,1,89:13,الفجر,1,12255
سَوْطَ,17304,No,1,89:13,الفجر,1,11018
لَبِالْمِرْصَادِ,17305,No,1,89:14,الفجر,1,13007
ابْتَلَاهُ,17306,No,2,89:15,الفجر,1,4209
فَأَكْرَمَهُ,17307,No,1,89:15,الفجر,1,11822
وَنَعَّمَهُ,17308,No,1,89:15,الفجر,1,16282
أَكْرَمَنِ,17309,No,1,89:15,الفجر,1,7318
فَقَدَرَ,17310,No,1,89:16,الفجر,1,12341
أَهَانَنِ,17311,No,1,89:16,الفجر,1,7471
تُكْرِمُونَ,17312,No,1,89:17,الفجر,1,9977
الْيَتِيمَ,17313,No,3,89:17,الفجر,3,3041
تَحَاضُّونَ,17314,No,1,89:18,الفجر,1,9396
وَتَأْكُلُونَ,17315,No,1,89:19,الفجر,1,15348
التُّرَاثَ,17316,No,1,89:19,الفجر,1,7924
أَكْلًا,17317,No,1,89:19,الفجر,1,7324
لَمًّا,17318,No,1,89:19,الفجر,1,13163
وَتُحِبُّونَ,17319,No,1,89:20,الفجر,1,15445
جَمًّا,17320,No,1,89:20,الفجر,1,10103
دُكَّتِ,17321,No,1,89:21,الفجر,1,10555
لِحَيَاتِي,17322,No,1,89:24,الفجر,1,13393
يُوثِقُ,17323,No,1,89:26,الفجر,1,17553
وَثَاقَهُ,17324,No,1,89:26,الفجر,1,15467
النَّفْسُ,17325,No,1,89:27,الفجر,1,8157
الْمُطْمَئِنَّةُ,17326,No,1,89:27,الفجر,1,8689
ارْجِعِي,17327,No,1,89:28,الفجر,1,7794
رَاضِيَةً,17328,No,1,89:28,الفجر,1,10642
مَرْضِيَّةً,17329,No,1,89:28,الفجر,1,13706
فَادْخُلِي,17330,No,1,89:29,الفجر,1,11911
وَادْخُلِي,17331,No,1,89:30,الفجر,1,14922
جَنَّتِي,17332,No,1,89:30,الفجر,1,10123
الْبَلَدِ,17333,No,3,90:1,البلد,2,2979
وَوَالِدٍ,17334,No,1,90:3,البلد,1,16356
كَبَدٍ,17335,No,1,90:4,البلد,1,12820
يَقْدِرَ,17336,No,1,90:5,البلد,1,17073
أَهْلَكْتُ,17337,No,1,90:6,البلد,1,7479
لُبَدًا,17338,No,1,90:6,البلد,1,13297
يَرَهُ,17339,No,3,90:7,البلد,2,3876
عَيْنَيْنِ,17340,No,1,90:8,البلد,1,11593
وَلِسَانًا,17341,No,1,90:9,البلد,1,16115
وَشَفَتَيْنِ,17342,No,1,90:9,البلد,1,15755
وَهَدَيْنَاهُ,17343,No,1,90:10,البلد,1,16340
النَّجْدَيْنِ,17344,No,1,90:10,البلد,1,8149
اقْتَحَمَ,17345,No,1,90:11,البلد,1,7890
الْعَقَبَةَ,17346,No,1,90:11,البلد,1,8452
الْعَقَبَةُ,17347,No,1,90:12,البلد,1,8453
فَكُّ,17348,No,1,90:13,البلد,1,12378
إِطْعَامٌ,17349,No,1,90:14,البلد,1,7669
مَسْغَبَةٍ,17350,No,1,90:14,البلد,1,13722
يَتِيمًا,17351,No,2,90:15,البلد,2,6481
مَقْرَبَةٍ,17352,No,1,90:15,البلد,1,13786
مَتْرَبَةٍ,17353,No,1,90:16,البلد,1,13650
وَتَوَاصَوْا,17354,No,4,90:17,البلد,2,2706
بِالْمَرْحَمَةِ,17355,No,1,90:17,البلد,1,9062
مُؤْصَدَةٌ,17356,No,2,90:20,البلد,2,5860
وَالشَّمْسِ,17357,No,1,91:1,الشمس,1,15046
وَضُحَاهَا,17358,No,1,91:1,الشمس,1,15794
تَلَاهَا,17359,No,1,91:2,الشمس,1,9729
جَلَّاهَا,17360,No,1,91:3,الشمس,1,10100
يَغْشَاهَا,17361,No,1,91:4,الشمس,1,17029
طَحَاهَا,17362,No,1,91:6,الشمس,1,11347
وَنَفْسٍ,17363,No,1,91:7,الشمس,1,16288
سَوَّاهَا,17364,No,1,91:7,الشمس,1,11014
فَأَلْهَمَهَا,17365,No,1,91:8,الشمس,1,11829
فُجُورَهَا,17366,No,1,91:8,الشمس,1,12559
وَتَقْوَاهَا,17367,No,1,91:8,الشمس,1,15421
زَكَّاهَا,17368,No,1,91:9,الشمس,1,10811
دَسَّاهَا,17369,No,1,91:10,الشمس,1,10516
بِطَغْوَاهَا,17370,No,1,91:11,الشمس,1,9188
انْبَعَثَ,17371,No,1,91:12,الشمس,1,8771
أَشْقَاهَا,17372,No,1,91:12,الشمس,1,7133
نَاقَةَ,17373,No,1,91:13,الشمس,1,14212
وَسُقْيَاهَا,17374,No,1,91:13,الشمس,1,15741
فَدَمْدَمَ,17375,No,1,91:14,الشمس,1,12174
عُقْبَاهَا,17376,No,1,91:15,الشمس,1,11614
سَعْيَكُمْ,17377,No,1,92:4,الليل,1,10942
لَشَتَّى,17378,No,1,92:4,الليل,1,13081
فَسَنُيَسِّرُهُ,17379,No,2,92:7,الليل,1,5450
بَخِلَ,17380,No,1,92:8,الليل,1,8834
لِلْعُسْرَى,17381,No,1,92:10,الليل,1,13479
تَرَدَّى,17382,No,1,92:11,الليل,1,9493
لَلْهُدَى,17383,No,1,92:12,الليل,1,13162
لَلْآخِرَةَ,17384,No,1,92:13,الليل,1,13159
فَأَنْذَرْتُكُمْ,17385,No,1,92:14,الليل,1,11838
تَلَظَّى,17386,No,1,92:14,الليل,1,9731
وَسَيُجَنَّبُهَا,17387,No,1,92:17,الليل,1,15734
الْأَتْقَى,17388,No,1,92:17,الليل,1,8190
وَلَسَوْفَ,17389,No,2,92:21,الليل,2,6346
وَالضُّحَى,17390,No,1,93:1,الضحى,1,15063
سَجَى,17391,No,1,93:2,الضحى,1,10925
وَدَّعَكَ,17392,No,1,93:3,الضحى,1,15597
قَلَى,17393,No,1,93:3,الضحى,1,12683
يُعْطِيكَ,17394,No,1,93:5,الضحى,1,17465
فَتَرْضَى,17395,No,1,93:5,الضحى,1,12081
يَجِدْكَ,17396,No,1,93:6,الضحى,1,16740
فَآوَى,17397,No,1,93:6,الضحى,1,11743
وَوَجَدَكَ,17398,No,2,93:7,الضحى,1,6402
ضَالًّا,17399,No,1,93:7,الضحى,1,11308
عَائِلًا,17400,No,1,93:8,الضحى,1,11425
فَأَغْنَى,17401,No,1,93:8,الضحى,1,11809
تَقْهَرْ,17402,No,1,93:9,الضحى,1,9714
السَّائِلَ,17403,No,1,93:10,الضحى,1,8003
تَنْهَرْ,17404,No,1,93:10,الضحى,1,9805
فَحَدِّثْ,17405,No,1,93:11,الضحى,1,12154
نَشْرَحْ,17406,No,1,94:1,الشرح,1,14316
صَدْرَكَ,17407,No,1,94:1,الشرح,1,11233
وَوَضَعْنَا,17408,No,1,94:2,الشرح,1,16364
وِزْرَكَ,17409,No,1,94:2,الشرح,1,16606
أَنْقَضَ,17410,No,1,94:3,الشرح,1,7464
ظَهْرَكَ,17411,No,1,94:3,الشرح,1,11404
ذِكْرَكَ,17412,No,1,94:4,الشرح,1,10620
الْعُسْرِ,17413,No,2,94:5,الشرح,1,4409
فَرَغْتَ,17414,No,1,94:7,الشرح,1,12198
فَانْصَبْ,17415,No,1,94:7,الشرح,1,12032
فَارْغَبْ,17416,No,1,94:8,الشرح,1,11927
وَالتِّينِ,17417,No,1,95:1,التين,1,15007
وَالزَّيْتُونِ,17418,No,1,95:1,التين,1,15028
وَطُورِ,17419,No,1,95:2,التين,1,15808
سِينِينَ,17420,No,1,95:2,التين,1,11093
الْأَمِينِ,17421,No,1,95:3,التين,1,8247
أَحْسَنِ,17422,No,1,95:4,التين,1,6931
تَقْوِيمٍ,17423,No,1,95:4,التين,1,9716
رَدَدْنَاهُ,17424,No,1,95:5,التين,1,10684
سَافِلِينَ,17425,No,1,95:5,التين,1,10894
يُكَذِّبُكَ,17426,No,1,95:7,التين,1,17500
بِأَحْكَمِ,17427,No,1,95:8,التين,1,8964
عَلَقٍ,17428,No,1,96:2,العلق,1,11542
الْأَكْرَمُ,17429,No,1,96:3,العلق,1,8237
بِالْقَلَمِ,17430,No,1,96:4,العلق,1,9060
لَيَطْغَى,17431,No,1,96:6,العلق,1,13265
الرُّجْعَى,17432,No,1,96:8,العلق,1,7976
يَنْهَى,17433,No,1,96:9,العلق,1,17189
بِالتَّقْوَى,17434,No,1,96:12,العلق,1,9001
لَنَسْفَعًا,17435,No,1,96:15,العلق,1,13206
بِالنَّاصِيَةِ,17436,No,1,96:15,العلق,1,9022
نَاصِيَةٍ,17437,No,1,96:16,العلق,1,14206
كَاذِبَةٍ,17438,No,1,96:16,العلق,1,12783
خَاطِئَةٍ,17439,No,1,96:16,العلق,1,10366
فَلْيَدْعُ,17440,No,1,96:17,العلق,1,12418
نَادِيَهُ,17441,No,1,96:17,العلق,1,14197
سَنَدْعُ,17442,No,1,96:18,العلق,1,10998
الزَّبَانِيَةَ,17443,No,1,96:18,العلق,1,7992
تُطِعْهُ,17444,No,1,96:19,العلق,1,9939
وَاسْجُدْ,17445,No,1,96:19,العلق,1,14974
وَاقْتَرِبْ,17446,No,1,96:19,العلق,1,15000
لَيْلَةِ,17447,No,1,97:1,القدر,1,13293
الْقَدْرِ,17448,No,3,97:1,القدر,1,3006
لَيْلَةُ,17449,No,2,97:2,القدر,1,5706
أَلْفِ,17450,No,1,97:3,القدر,1,7353
شَهْرٍ,17451,No,1,97:3,القدر,1,11150
مَطْلَعِ,17452,No,1,97:5,القدر,1,13745
مُنْفَكِّينَ,17453,No,1,98:1,البينة,1,14120
الْبَيِّنَةُ,17454,No,2,98:1,البينة,1,4368
مُطَهَّرَةً,17455,No,1,98:2,البينة,1,14035
كُتُبٌ,17456,No,1,98:3,البينة,1,12901
قَيِّمَةٌ,17457,No,1,98:3,البينة,1,12714
تَفَرَّقَ,17458,No,1,98:4,البينة,1,9661
وَيُقِيمُوا,17459,No,1,98:5,البينة,1,16564
وَيُؤْتُوا,17460,No,1,98:5,البينة,1,16500
دِينُ,17461,No,1,98:5,البينة,1,10569
الْقَيِّمَةِ,17462,No,1,98:5,البينة,1,8538
شَرُّ,17463,No,1,98:6,البينة,1,11122
الْبَرِيَّةِ,17464,No,2,98:6,البينة,1,4359
زُلْزِلَتِ,17465,No,1,99:1,الزلزلة,1,10843
زِلْزَالَهَا,17466,No,1,99:1,الزلزلة,1,10850
وَأَخْرَجَتِ,17467,No,1,99:2,الزلزلة,1,14656
أَثْقَالَهَا,17468,No,1,99:2,الزلزلة,1,6886
تُحَدِّثُ,17469,No,1,99:4,الزلزلة,1,9860
أَخْبَارَهَا,17470,No,1,99:4,الزلزلة,1,6968
يَصْدُرُ,17471,No,1,99:6,الزلزلة,1,16952
لِيُرَوْا,17472,No,1,99:6,الزلزلة,1,13587
وَالْعَادِيَاتِ,17473,No,1,100:1,العاديات,1,15178
ضَبْحًا,17474,No,1,100:1,العاديات,1,11310
فَالْمُورِيَاتِ,17475,No,1,100:2,العاديات,1,12019
قَدْحًا,17476,No,1,100:2,العاديات,1,12654
فَالْمُغِيرَاتِ,17477,No,1,100:3,العاديات,1,12016
صُبْحًا,17478,No,1,100:3,العاديات,1,11276
فَأَثَرْنَ,17479,No,1,100:4,العاديات,1,11756
نَقْعًا,17480,No,1,100:4,العاديات,1,14396
فَوَسَطْنَ,17481,No,1,100:5,العاديات,1,12488
لَكَنُودٌ,17482,No,1,100:6,العاديات,1,13151
لَشَهِيدٌ,17483,No,1,100:7,العاديات,1,13085
لِحُبِّ,17484,No,1,100:8,العاديات,1,13394
بُعْثِرَ,17485,No,1,100:9,العاديات,1,8941
وَحُصِّلَ,17486,No,1,100:10,العاديات,1,15557
الْقَارِعَةُ,17487,No,3,101:1,القارعة,1,3005
كَالْفَرَاشِ,17488,No,1,101:4,القارعة,1,12808
الْمَبْثُوثِ,17489,No,1,101:4,القارعة,1,8583
الْمَنْفُوشِ,17490,No,1,101:5,القارعة,1,8628
فَأُمُّهُ,17491,No,1,101:9,القارعة,1,11861
هَاوِيَةٌ,17492,No,1,101:9,القارعة,1,14546
هِيَهْ,17493,No,1,101:10,القارعة,1,14577
حَامِيَةٌ,17494,No,1,101:11,القارعة,1,10196
أَلْهَاكُمُ,17495,No,1,102:1,التكاثر,1,7358
التَّكَاثُرُ,17496,No,1,102:1,التكاثر,1,7915
زُرْتُمُ,17497,No,1,102:2,التكاثر,1,10841
الْمَقَابِرَ,17498,No,1,102:2,التكاثر,1,8617
لَتَرَوُنَّ,17499,No,1,102:6,التكاثر,1,13018
لَتَرَوُنَّهَا,17500,No,1,102:7,التكاثر,1,13019
وَالْعَصْرِ,17501,No,1,103:1,العصر,1,15184
خُسْرٍ,17502,No,1,103:2,العصر,1,10454
هُمَزَةٍ,17503,No,1,104:1,الهمزة,1,14573
لُمَزَةٍ,17504,No,1,104:1,الهمزة,1,13308
جَمَعَ,17505,No,1,104:2,الهمزة,1,10105
وَعَدَّدَهُ,17506,No,1,104:2,الهمزة,1,15827
يَحْسَبُ,17507,No,1,104:3,الهمزة,1,16763
أَخْلَدَهُ,17508,No,1,104:3,الهمزة,1,6989
لَيُنْبَذَنَّ,17509,No,1,104:4,الهمزة,1,13284
الْحُطَمَةِ,17510,No,1,104:4,الهمزة,1,8387
الْحُطَمَةُ,17511,No,1,104:5,الهمزة,1,8386
الْمُوقَدَةُ,17512,No,1,104:6,الهمزة,1,8719
الْأَفْئِدَةِ,17513,No,1,104:7,الهمزة,1,8229
مُمَدَّدَةٍ,17514,No,1,104:9,الهمزة,1,14090
بِأَصْحَابِ,17515,No,1,105:1,الفيل,1,8970
الْفِيلِ,17516,No,1,105:1,الفيل,1,8515
كَيْدَهُمْ,17517,No,1,105:2,الفيل,1,12893
تَضْلِيلٍ,17518,No,1,105:2,الفيل,1,9610
وَأَرْسَلَ,17519,No,1,105:3,الفيل,1,14679
أَبَابِيلَ,17520,No,1,105:3,الفيل,1,6779
تَرْمِيهِمْ,17521,No,1,105:4,الفيل,1,9522
بِحِجَارَةٍ,17522,No,1,105:4,الفيل,1,9109
كَعَصْفٍ,17523,No,1,105:5,الفيل,1,12864
مَأْكُولٍ,17524,No,1,105:5,الفيل,1,13615
لِإِيلَافِ,17525,No,1,106:1,قريش,1,13337
قُرَيْشٍ,17526,No,1,106:1,قريش,1,12719
إِيلَافِهِمْ,17527,No,1,106:2,قريش,1,7699
رِحْلَةَ,17528,No,1,106:2,قريش,1,10766
الشِّتَاءِ,17529,No,1,106:2,قريش,1,8064
وَالصَّيْفِ,17530,No,1,106:2,قريش,1,15057
فَلْيَعْبُدُوا,17531,No,1,106:3,قريش,1,12425
أَطْعَمَهُمْ,17532,No,1,106:4,قريش,1,7189
وَآمَنَهُمْ,17533,No,1,106:4,قريش,1,14597
يَدُعُّ,17534,No,1,107:2,الماعون,1,16806
لِلْمُصَلِّينَ,17535,No,1,107:4,الماعون,1,13492
وَيَمْنَعُونَ,17536,No,1,107:7,الماعون,1,16484
الْمَاعُونَ,17537,No,1,107:7,الماعون,1,8579
أَعْطَيْنَاكَ,17538,No,1,108:1,الكوثر,1,7215
الْكَوْثَرَ,17539,No,1,108:1,الكوثر,1,8572
فَصَلِّ,17540,No,1,108:2,الكوثر,1,12263
لِرَبِّكَ,17541,No,1,108:2,الكوثر,1,13408
وَانْحَرْ,17542,No,1,108:2,الكوثر,1,15269
شَانِئَكَ,17543,No,1,108:3,الكوثر,1,11105
الْأَبْتَرُ,17544,No,1,108:3,الكوثر,1,8185
عَابِدٌ,17545,No,1,109:4,الكافرون,1,11426
عَبَدْتُمْ,17546,No,1,109:4,الكافرون,1,11455
دِينُكُمْ,17547,No,1,109:6,الكافرون,1,10570
وَالْفَتْحُ,17548,No,1,110:1,النصر,1,15196
وَرَأَيْتَ,17549,No,1,110:2,النصر,1,15623
وَاسْتَغْفِرْهُ,17550,No,1,110:3,النصر,1,14962
تَبَّتْ,17551,No,1,111:1,المسد,1,9337
يَدَا,17552,No,1,111:1,المسد,1,16799
لَهَبٍ,17553,No,2,111:1,المسد,1,5695
وَتَبَّ,17554,No,1,111:1,المسد,1,15354
سَيَصْلَى,17555,No,1,111:3,المسد,1,11023
حَمَّالَةَ,17556,No,1,111:4,المسد,1,10270
الْحَطَبِ,17557,No,1,111:4,المسد,1,8368
جِيدِهَا,17558,No,1,111:5,المسد,1,10173
حَبْلٌ,17559,No,1,111:5,المسد,1,10199
مَسَدٍ,17560,No,1,111:5,المسد,1,13714
الصَّمَدُ,17561,No,1,112:2,الإخلاص,1,8082
يَلِدْ,17562,No,1,112:3,الإخلاص,1,17113
يُولَدْ,17563,No,1,112:3,الإخلاص,1,17567
كُفُوًا,17564,No,1,112:4,الإخلاص,1,12911
الْفَلَقِ,17565,No,1,113:1,الفلق,1,8502
شَرِّ,17566,No,5,113:2,الفلق,2,1922
غَاسِقٍ,17567,No,1,113:3,الفلق,1,11658
وَقَبَ,17568,No,1,113:3,الفلق,1,15927
النَّفَّاثَاتِ,17569,No,1,113:4,الفلق,1,8156
الْعُقَدِ,17570,No,1,113:4,الفلق,1,8464
حَاسِدٍ,17571,No,1,113:5,الفلق,1,10184
حَسَدَ,17572,No,1,113:5,الفلق,1,10227
مَلِكِ,17573,No,1,114:2,الناس,1,13815
الْوَسْوَاسِ,17574,No,1,114:4,الناس,1,8742
الْخَنَّاسِ,17575,No,1,114:4,الناس,1,8419
يُوَسْوِسُ,17576,No,1,114:5,الناس,1,17570
