surah_number,surah_name,ayah_number,reference,token_raw,token_no_tashkeel,rule,suggested_decomposition,implied_extra_tokens_if_split,ambiguity_note,action_taken
1,الفاتحة,1,1:1,بِسْمِ,بسم,FUSED_BI_ISM,بـ + اسم,1,,NONE — flagged for operator review only
2,البقرة,9,2:9,إِلَّا,إلا,FUSED_IN_LA,إن + لا,1,,NONE — flagged for operator review only
2,البقرة,11,2:11,إِنَّمَا,إنما,FUSED_INNA_MA,إن + ما,1,,NONE — flagged for operator review only
2,البقرة,12,2:12,أَلَا,ألا,PARTICLE_A_LA,أ + لا,1,"CONTESTED: the inceptive particle أَلَا. Reading it as interrogative hamza + لا is one analysis among several; many grammarians treat it as a simple particle. Listed so the choice is yours, not the pipeline's.",NONE — flagged for operator review only
2,البقرة,13,2:13,أَلَا,ألا,PARTICLE_A_LA,أ + لا,1,"CONTESTED: the inceptive particle أَلَا. Reading it as interrogative hamza + لا is one analysis among several; many grammarians treat it as a simple particle. Listed so the choice is yours, not the pipeline's.",NONE — flagged for operator review only
2,البقرة,14,2:14,إِنَّمَا,إنما,FUSED_INNA_MA,إن + ما,1,,NONE — flagged for operator review only
2,البقرة,20,2:20,كُلَّمَا,كلما,FUSED_KULLA_MA,كل + ما,1,,NONE — flagged for operator review only
2,البقرة,21,2:21,أَيُّهَا,أيها,FUSED_AYYUHA,أي + ها,1,,NONE — flagged for operator review only
2,البقرة,23,2:23,مِمَّا,مما,FUSED_MIN_MA,من + ما,1,,NONE — flagged for operator review only
2,البقرة,25,2:25,كُلَّمَا,كلما,FUSED_KULLA_MA,كل + ما,1,,NONE — flagged for operator review only
2,البقرة,25,2:25,هَذَا,هذا,FUSED_HA_DEM,ها + ذا,1,,NONE — flagged for operator review only
2,البقرة,26,2:26,إِلَّا,إلا,FUSED_IN_LA,إن + لا,1,,NONE — flagged for operator review only
2,البقرة,31,2:31,هَؤُلَاءِ,هؤلاء,FUSED_HA_DEM,ها + أولاء,1,,NONE — flagged for operator review only
2,البقرة,32,2:32,إِلَّا,إلا,FUSED_IN_LA,إن + لا,1,,NONE — flagged for operator review only
2,البقرة,34,2:34,إِلَّا,إلا,FUSED_IN_LA,إن + لا,1,,NONE — flagged for operator review only
2,البقرة,35,2:35,هَذِهِ,هذه,FUSED_HA_DEM,ها + ذه,1,,NONE — flagged for operator review only
2,البقرة,36,2:36,مِمَّا,مما,FUSED_MIN_MA,من + ما,1,,NONE — flagged for operator review only
2,البقرة,45,2:45,إِلَّا,إلا,FUSED_IN_LA,إن + لا,1,,NONE — flagged for operator review only
2,البقرة,58,2:58,هَذِهِ,هذه,FUSED_HA_DEM,ها + ذه,1,,NONE — flagged for operator review only
2,البقرة,61,2:61,مِمَّا,مما,FUSED_MIN_MA,من + ما,1,,NONE — flagged for operator review only
2,البقرة,74,2:74,عَمَّا,عما,FUSED_AN_MA,عن + ما,1,,NONE — flagged for operator review only
2,البقرة,78,2:78,إِلَّا,إلا,FUSED_IN_LA,إن + لا,1,,NONE — flagged for operator review only
2,البقرة,78,2:78,إِلَّا,إلا,FUSED_IN_LA,إن + لا,1,,NONE — flagged for operator review only
2,البقرة,79,2:79,هَذَا,هذا,FUSED_HA_DEM,ها + ذا,1,,NONE — flagged for operator review only
2,البقرة,79,2:79,مِمَّا,مما,FUSED_MIN_MA,من + ما,1,,NONE — flagged for operator review only
2,البقرة,79,2:79,مِمَّا,مما,FUSED_MIN_MA,من + ما,1,,NONE — flagged for operator review only
2,البقرة,80,2:80,إِلَّا,إلا,FUSED_IN_LA,إن + لا,1,,NONE — flagged for operator review only
2,البقرة,83,2:83,إِلَّا,إلا,FUSED_IN_LA,إن + لا,1,,NONE — flagged for operator review only
2,البقرة,83,2:83,إِلَّا,إلا,FUSED_IN_LA,إن + لا,1,,NONE — flagged for operator review only
2,البقرة,85,2:85,هَؤُلَاءِ,هؤلاء,FUSED_HA_DEM,ها + أولاء,1,,NONE — flagged for operator review only
2,البقرة,85,2:85,إِلَّا,إلا,FUSED_IN_LA,إن + لا,1,,NONE — flagged for operator review only
2,البقرة,85,2:85,عَمَّا,عما,FUSED_AN_MA,عن + ما,1,,NONE — flagged for operator review only
2,البقرة,90,2:90,بِئْسَمَا,بئسما,FUSED_BISA_MA,بئس + ما,1,,NONE — flagged for operator review only
2,البقرة,93,2:93,بِئْسَمَا,بئسما,FUSED_BISA_MA,بئس + ما,1,,NONE — flagged for operator review only
2,البقرة,99,2:99,إِلَّا,إلا,FUSED_IN_LA,إن + لا,1,,NONE — flagged for operator review only
2,البقرة,102,2:102,إِنَّمَا,إنما,FUSED_INNA_MA,إن + ما,1,,NONE — flagged for operator review only
2,البقرة,102,2:102,إِلَّا,إلا,FUSED_IN_LA,إن + لا,1,,NONE — flagged for operator review only
2,البقرة,104,2:104,أَيُّهَا,أيها,FUSED_AYYUHA,أي + ها,1,,NONE — flagged for operator review only
2,البقرة,111,2:111,إِلَّا,إلا,FUSED_IN_LA,إن + لا,1,,NONE — flagged for operator review only
2,البقرة,114,2:114,مِمَّنْ,ممن,FUSED_MIN_MAN,من + من,1,,NONE — flagged for operator review only
2,البقرة,114,2:114,إِلَّا,إلا,FUSED_IN_LA,إن + لا,1,,NONE — flagged for operator review only
2,البقرة,126,2:126,هَذَا,هذا,FUSED_HA_DEM,ها + ذا,1,,NONE — flagged for operator review only
2,البقرة,130,2:130,إِلَّا,إلا,FUSED_IN_LA,إن + لا,1,,NONE — flagged for operator review only
2,البقرة,132,2:132,إِلَّا,إلا,FUSED_IN_LA,إن + لا,1,,NONE — flagged for operator review only
2,البقرة,134,2:134,عَمَّا,عما,FUSED_AN_MA,عن + ما,1,,NONE — flagged for operator review only
2,البقرة,140,2:140,مِمَّنْ,ممن,FUSED_MIN_MAN,من + من,1,,NONE — flagged for operator review only
2,البقرة,140,2:140,عَمَّا,عما,FUSED_AN_MA,عن + ما,1,,NONE — flagged for operator review only
2,البقرة,141,2:141,عَمَّا,عما,FUSED_AN_MA,عن + ما,1,,NONE — flagged for operator review only
2,البقرة,143,2:143,إِلَّا,إلا,FUSED_IN_LA,إن + لا,1,,NONE — flagged for operator review only
2,البقرة,143,2:143,مِمَّنْ,ممن,FUSED_MIN_MAN,من + من,1,,NONE — flagged for operator review only
2,البقرة,143,2:143,إِلَّا,إلا,FUSED_IN_LA,إن + لا,1,,NONE — flagged for operator review only
2,البقرة,144,2:144,عَمَّا,عما,FUSED_AN_MA,عن + ما,1,,NONE — flagged for operator review only
2,البقرة,149,2:149,عَمَّا,عما,FUSED_AN_MA,عن + ما,1,,NONE — flagged for operator review only
2,البقرة,150,2:150,لِئَلَّا,لئلا,FUSED_LI_AN_LA,لـ + أن + لا,2,,NONE — flagged for operator review only
2,البقرة,150,2:150,إِلَّا,إلا,FUSED_IN_LA,إن + لا,1,,NONE — flagged for operator review only
2,البقرة,153,2:153,أَيُّهَا,أيها,FUSED_AYYUHA,أي + ها,1,,NONE — flagged for operator review only
2,البقرة,160,2:160,إِلَّا,إلا,FUSED_IN_LA,إن + لا,1,,NONE — flagged for operator review only
2,البقرة,163,2:163,إِلَّا,إلا,FUSED_IN_LA,إن + لا,1,,NONE — flagged for operator review only
2,البقرة,168,2:168,أَيُّهَا,أيها,FUSED_AYYUHA,أي + ها,1,,NONE — flagged for operator review only
2,البقرة,168,2:168,مِمَّا,مما,FUSED_MIN_MA,من + ما,1,,NONE — flagged for operator review only
2,البقرة,169,2:169,إِنَّمَا,إنما,FUSED_INNA_MA,إن + ما,1,,NONE — flagged for operator review only
2,البقرة,171,2:171,إِلَّا,إلا,FUSED_IN_LA,إن + لا,1,,NONE — flagged for operator review only
2,البقرة,172,2:172,أَيُّهَا,أيها,FUSED_AYYUHA,أي + ها,1,,NONE — flagged for operator review only
2,البقرة,173,2:173,إِنَّمَا,إنما,FUSED_INNA_MA,إن + ما,1,,NONE — flagged for operator review only
2,البقرة,174,2:174,إِلَّا,إلا,FUSED_IN_LA,إن + لا,1,,NONE — flagged for operator review only
2,البقرة,178,2:178,أَيُّهَا,أيها,FUSED_AYYUHA,أي + ها,1,,NONE — flagged for operator review only
2,البقرة,183,2:183,أَيُّهَا,أيها,FUSED_AYYUHA,أي + ها,1,,NONE — flagged for operator review only
2,البقرة,193,2:193,إِلَّا,إلا,FUSED_IN_LA,إن + لا,1,,NONE — flagged for operator review only
2,البقرة,202,2:202,مِمَّا,مما,FUSED_MIN_MA,من + ما,1,,NONE — flagged for operator review only
2,البقرة,208,2:208,أَيُّهَا,أيها,FUSED_AYYUHA,أي + ها,1,,NONE — flagged for operator review only
2,البقرة,210,2:210,إِلَّا,إلا,FUSED_IN_LA,إن + لا,1,,NONE — flagged for operator review only
2,البقرة,213,2:213,إِلَّا,إلا,FUSED_IN_LA,إن + لا,1,,NONE — flagged for operator review only
2,البقرة,214,2:214,أَلَا,ألا,PARTICLE_A_LA,أ + لا,1,"CONTESTED: the inceptive particle أَلَا. Reading it as interrogative hamza + لا is one analysis among several; many grammarians treat it as a simple particle. Listed so the choice is yours, not the pipeline's.",NONE — flagged for operator review only
2,البقرة,229,2:229,مِمَّا,مما,FUSED_MIN_MA,من + ما,1,,NONE — flagged for operator review only
2,البقرة,229,2:229,إِلَّا,إلا,FUSED_IN_LA,إن + لا,1,,NONE — flagged for operator review only
2,البقرة,229,2:229,أَلَّا,ألا,FUSED_AN_LA,أن + لا,1,,NONE — flagged for operator review only
2,البقرة,229,2:229,أَلَّا,ألا,FUSED_AN_LA,أن + لا,1,,NONE — flagged for operator review only
2,البقرة,233,2:233,إِلَّا,إلا,FUSED_IN_LA,إن + لا,1,,NONE — flagged for operator review only
2,البقرة,235,2:235,إِلَّا,إلا,FUSED_IN_LA,إن + لا,1,,NONE — flagged for operator review only
2,البقرة,237,2:237,إِلَّا,إلا,FUSED_IN_LA,إن + لا,1,,NONE — flagged for operator review only
2,البقرة,246,2:246,أَلَّا,ألا,FUSED_AN_LA,أن + لا,1,,NONE — flagged for operator review only
2,البقرة,246,2:246,أَلَّا,ألا,FUSED_AN_LA,أن + لا,1,,NONE — flagged for operator review only
2,البقرة,246,2:246,إِلَّا,إلا,FUSED_IN_LA,إن + لا,1,,NONE — flagged for operator review only
2,البقرة,248,2:248,مِمَّا,مما,FUSED_MIN_MA,من + ما,1,,NONE — flagged for operator review only
2,البقرة,249,2:249,إِلَّا,إلا,FUSED_IN_LA,إن + لا,1,,NONE — flagged for operator review only
2,البقرة,249,2:249,إِلَّا,إلا,FUSED_IN_LA,إن + لا,1,,NONE — flagged for operator review only
2,البقرة,251,2:251,مِمَّا,مما,FUSED_MIN_MA,من + ما,1,,NONE — flagged for operator review only
2,البقرة,254,2:254,أَيُّهَا,أيها,FUSED_AYYUHA,أي + ها,1,,NONE — flagged for operator review only
2,البقرة,254,2:254,مِمَّا,مما,FUSED_MIN_MA,من + ما,1,,NONE — flagged for operator review only
2,البقرة,255,2:255,إِلَّا,إلا,FUSED_IN_LA,إن + لا,1,,NONE — flagged for operator review only
2,البقرة,255,2:255,إِلَّا,إلا,FUSED_IN_LA,إن + لا,1,,NONE — flagged for operator review only
2,البقرة,255,2:255,إِلَّا,إلا,FUSED_IN_LA,إن + لا,1,,NONE — flagged for operator review only
2,البقرة,259,2:259,هَذِهِ,هذه,FUSED_HA_DEM,ها + ذه,1,,NONE — flagged for operator review only
2,البقرة,264,2:264,أَيُّهَا,أيها,FUSED_AYYUHA,أي + ها,1,,NONE — flagged for operator review only
2,البقرة,264,2:264,مِمَّا,مما,FUSED_MIN_MA,من + ما,1,,NONE — flagged for operator review only
2,البقرة,267,2:267,أَيُّهَا,أيها,FUSED_AYYUHA,أي + ها,1,,NONE — flagged for operator review only
2,البقرة,267,2:267,إِلَّا,إلا,FUSED_IN_LA,إن + لا,1,,NONE — flagged for operator review only
2,البقرة,269,2:269,إِلَّا,إلا,FUSED_IN_LA,إن + لا,1,,NONE — flagged for operator review only
2,البقرة,272,2:272,إِلَّا,إلا,FUSED_IN_LA,إن + لا,1,,NONE — flagged for operator review only
2,البقرة,275,2:275,إِلَّا,إلا,FUSED_IN_LA,إن + لا,1,,NONE — flagged for operator review only
2,البقرة,275,2:275,إِنَّمَا,إنما,FUSED_INNA_MA,إن + ما,1,,NONE — flagged for operator review only
2,البقرة,278,2:278,أَيُّهَا,أيها,FUSED_AYYUHA,أي + ها,1,,NONE — flagged for operator review only
2,البقرة,282,2:282,أَيُّهَا,أيها,FUSED_AYYUHA,أي + ها,1,,NONE — flagged for operator review only
2,البقرة,282,2:282,مِمَّنْ,ممن,FUSED_MIN_MAN,من + من,1,,NONE — flagged for operator review only
2,البقرة,282,2:282,أَلَّا,ألا,FUSED_AN_LA,أن + لا,1,,NONE — flagged for operator review only
2,البقرة,282,2:282,إِلَّا,إلا,FUSED_IN_LA,إن + لا,1,,NONE — flagged for operator review only
2,البقرة,282,2:282,أَلَّا,ألا,FUSED_AN_LA,أن + لا,1,,NONE — flagged for operator review only
2,البقرة,286,2:286,إِلَّا,إلا,FUSED_IN_LA,إن + لا,1,,NONE — flagged for operator review only
3,آل عمران,2,3:2,إِلَّا,إلا,FUSED_IN_LA,إن + لا,1,,NONE — flagged for operator review only
3,آل عمران,6,3:6,إِلَّا,إلا,FUSED_IN_LA,إن + لا,1,,NONE — flagged for operator review only
3,آل عمران,7,3:7,إِلَّا,إلا,FUSED_IN_LA,إن + لا,1,,NONE — flagged for operator review only
3,آل عمران,7,3:7,إِلَّا,إلا,FUSED_IN_LA,إن + لا,1,,NONE — flagged for operator review only
3,آل عمران,18,3:18,إِلَّا,إلا,FUSED_IN_LA,إن + لا,1,,NONE — flagged for operator review only
3,آل عمران,18,3:18,إِلَّا,إلا,FUSED_IN_LA,إن + لا,1,,NONE — flagged for operator review only
3,آل عمران,19,3:19,إِلَّا,إلا,FUSED_IN_LA,إن + لا,1,,NONE — flagged for operator review only
3,آل عمران,24,3:24,إِلَّا,إلا,FUSED_IN_LA,إن + لا,1,,NONE — flagged for operator review only
3,آل عمران,26,3:26,مِمَّنْ,ممن,FUSED_MIN_MAN,من + من,1,,NONE — flagged for operator review only
3,آل عمران,28,3:28,إِلَّا,إلا,FUSED_IN_LA,إن + لا,1,,NONE — flagged for operator review only
3,آل عمران,37,3:37,كُلَّمَا,كلما,FUSED_KULLA_MA,كل + ما,1,,NONE — flagged for operator review only
3,آل عمران,37,3:37,هَذَا,هذا,FUSED_HA_DEM,ها + ذا,1,,NONE — flagged for operator review only
3,آل عمران,41,3:41,أَلَّا,ألا,FUSED_AN_LA,أن + لا,1,,NONE — flagged for operator review only
3,آل عمران,41,3:41,إِلَّا,إلا,FUSED_IN_LA,إن + لا,1,,NONE — flagged for operator review only
3,آل عمران,51,3:51,هَذَا,هذا,FUSED_HA_DEM,ها + ذا,1,,NONE — flagged for operator review only
3,آل عمران,62,3:62,هَذَا,هذا,FUSED_HA_DEM,ها + ذا,1,,NONE — flagged for operator review only
3,آل عمران,62,3:62,إِلَّا,إلا,FUSED_IN_LA,إن + لا,1,,NONE — flagged for operator review only
3,آل عمران,64,3:64,أَلَّا,ألا,FUSED_AN_LA,أن + لا,1,,NONE — flagged for operator review only
3,آل عمران,64,3:64,إِلَّا,إلا,FUSED_IN_LA,إن + لا,1,,NONE — flagged for operator review only
3,آل عمران,65,3:65,لِمَ,لم,FUSED_LI_MA,لـ + ما,1,,NONE — flagged for operator review only
3,آل عمران,65,3:65,إِلَّا,إلا,FUSED_IN_LA,إن + لا,1,,NONE — flagged for operator review only
3,آل عمران,66,3:66,هَؤُلَاءِ,هؤلاء,FUSED_HA_DEM,ها + أولاء,1,,NONE — flagged for operator review only
3,آل عمران,69,3:69,إِلَّا,إلا,FUSED_IN_LA,إن + لا,1,,NONE — flagged for operator review only
3,آل عمران,70,3:70,لِمَ,لم,FUSED_LI_MA,لـ + ما,1,,NONE — flagged for operator review only
3,آل عمران,71,3:71,لِمَ,لم,FUSED_LI_MA,لـ + ما,1,,NONE — flagged for operator review only
3,آل عمران,73,3:73,إِلَّا,إلا,FUSED_IN_LA,إن + لا,1,,NONE — flagged for operator review only
3,آل عمران,75,3:75,إِلَّا,إلا,FUSED_IN_LA,إن + لا,1,,NONE — flagged for operator review only
3,آل عمران,89,3:89,إِلَّا,إلا,FUSED_IN_LA,إن + لا,1,,NONE — flagged for operator review only
3,آل عمران,92,3:92,مِمَّا,مما,FUSED_MIN_MA,من + ما,1,,NONE — flagged for operator review only
3,آل عمران,93,3:93,إِلَّا,إلا,FUSED_IN_LA,إن + لا,1,,NONE — flagged for operator review only
3,آل عمران,98,3:98,لِمَ,لم,FUSED_LI_MA,لـ + ما,1,,NONE — flagged for operator review only
3,آل عمران,99,3:99,لِمَ,لم,FUSED_LI_MA,لـ + ما,1,,NONE — flagged for operator review only
3,آل عمران,99,3:99,عَمَّا,عما,FUSED_AN_MA,عن + ما,1,,NONE — flagged for operator review only
3,آل عمران,100,3:100,أَيُّهَا,أيها,FUSED_AYYUHA,أي + ها,1,,NONE — flagged for operator review only
3,آل عمران,102,3:102,أَيُّهَا,أيها,FUSED_AYYUHA,أي + ها,1,,NONE — flagged for operator review only
3,آل عمران,102,3:102,إِلَّا,إلا,FUSED_IN_LA,إن + لا,1,,NONE — flagged for operator review only
3,آل عمران,111,3:111,إِلَّا,إلا,FUSED_IN_LA,إن + لا,1,,NONE — flagged for operator review only
3,آل عمران,112,3:112,إِلَّا,إلا,FUSED_IN_LA,إن + لا,1,,NONE — flagged for operator review only
3,آل عمران,117,3:117,هَذِهِ,هذه,FUSED_HA_DEM,ها + ذه,1,,NONE — flagged for operator review only
3,آل عمران,118,3:118,أَيُّهَا,أيها,FUSED_AYYUHA,أي + ها,1,,NONE — flagged for operator review only
3,آل عمران,124,3:124,أَلَنْ,ألن,FUSED_AN_LAN,أن + لن,1,,NONE — flagged for operator review only
3,آل عمران,125,3:125,هَذَا,هذا,FUSED_HA_DEM,ها + ذا,1,,NONE — flagged for operator review only
3,آل عمران,126,3:126,إِلَّا,إلا,FUSED_IN_LA,إن + لا,1,,NONE — flagged for operator review only
3,آل عمران,126,3:126,إِلَّا,إلا,FUSED_IN_LA,إن + لا,1,,NONE — flagged for operator review only
3,آل عمران,130,3:130,أَيُّهَا,أيها,FUSED_AYYUHA,أي + ها,1,,NONE — flagged for operator review only
3,آل عمران,135,3:135,إِلَّا,إلا,FUSED_IN_LA,إن + لا,1,,NONE — flagged for operator review only
3,آل عمران,138,3:138,هَذَا,هذا,FUSED_HA_DEM,ها + ذا,1,,NONE — flagged for operator review only
3,آل عمران,144,3:144,إِلَّا,إلا,FUSED_IN_LA,إن + لا,1,,NONE — flagged for operator review only
3,آل عمران,145,3:145,إِلَّا,إلا,FUSED_IN_LA,إن + لا,1,,NONE — flagged for operator review only
3,آل عمران,147,3:147,إِلَّا,إلا,FUSED_IN_LA,إن + لا,1,,NONE — flagged for operator review only
3,آل عمران,149,3:149,أَيُّهَا,أيها,FUSED_AYYUHA,أي + ها,1,,NONE — flagged for operator review only
3,آل عمران,155,3:155,إِنَّمَا,إنما,FUSED_INNA_MA,إن + ما,1,,NONE — flagged for operator review only
3,آل عمران,156,3:156,أَيُّهَا,أيها,FUSED_AYYUHA,أي + ها,1,,NONE — flagged for operator review only
3,آل عمران,157,3:157,مِمَّا,مما,FUSED_MIN_MA,من + ما,1,,NONE — flagged for operator review only
3,آل عمران,165,3:165,هَذَا,هذا,FUSED_HA_DEM,ها + ذا,1,,NONE — flagged for operator review only
3,آل عمران,167,3:167,يَوْمَئِذٍ,يومئذ,FUSED_IDH,يوم + إذ,1,,NONE — flagged for operator review only
3,آل عمران,170,3:170,أَلَّا,ألا,FUSED_AN_LA,أن + لا,1,,NONE — flagged for operator review only
3,آل عمران,175,3:175,إِنَّمَا,إنما,FUSED_INNA_MA,إن + ما,1,,NONE — flagged for operator review only
3,آل عمران,176,3:176,أَلَّا,ألا,FUSED_AN_LA,أن + لا,1,,NONE — flagged for operator review only
3,آل عمران,178,3:178,أَنَّمَا,أنما,FUSED_ANNA_MA,أن + ما,1,,NONE — flagged for operator review only
3,آل عمران,178,3:178,إِنَّمَا,إنما,FUSED_INNA_MA,إن + ما,1,,NONE — flagged for operator review only
3,آل عمران,183,3:183,أَلَّا,ألا,FUSED_AN_LA,أن + لا,1,,NONE — flagged for operator review only
3,آل عمران,185,3:185,إِلَّا,إلا,FUSED_IN_LA,إن + لا,1,,NONE — flagged for operator review only
3,آل عمران,191,3:191,هَذَا,هذا,FUSED_HA_DEM,ها + ذا,1,,NONE — flagged for operator review only
3,آل عمران,200,3:200,أَيُّهَا,أيها,FUSED_AYYUHA,أي + ها,1,,NONE — flagged for operator review only
4,النساء,1,4:1,أَيُّهَا,أيها,FUSED_AYYUHA,أي + ها,1,,NONE — flagged for operator review only
4,النساء,3,4:3,أَلَّا,ألا,FUSED_AN_LA,أن + لا,1,,NONE — flagged for operator review only
4,النساء,3,4:3,أَلَّا,ألا,FUSED_AN_LA,أن + لا,1,,NONE — flagged for operator review only
4,النساء,3,4:3,أَلَّا,ألا,FUSED_AN_LA,أن + لا,1,,NONE — flagged for operator review only
4,النساء,7,4:7,مِمَّا,مما,FUSED_MIN_MA,من + ما,1,,NONE — flagged for operator review only
4,النساء,7,4:7,مِمَّا,مما,FUSED_MIN_MA,من + ما,1,,NONE — flagged for operator review only
4,النساء,7,4:7,مِمَّا,مما,FUSED_MIN_MA,من + ما,1,,NONE — flagged for operator review only
4,النساء,10,4:10,إِنَّمَا,إنما,FUSED_INNA_MA,إن + ما,1,,NONE — flagged for operator review only
4,النساء,11,4:11,مِمَّا,مما,FUSED_MIN_MA,من + ما,1,,NONE — flagged for operator review only
4,النساء,12,4:12,مِمَّا,مما,FUSED_MIN_MA,من + ما,1,,NONE — flagged for operator review only
4,النساء,12,4:12,مِمَّا,مما,FUSED_MIN_MA,من + ما,1,,NONE — flagged for operator review only
4,النساء,12,4:12,مِمَّا,مما,FUSED_MIN_MA,من + ما,1,,NONE — flagged for operator review only
4,النساء,17,4:17,إِنَّمَا,إنما,FUSED_INNA_MA,إن + ما,1,,NONE — flagged for operator review only
4,النساء,19,4:19,أَيُّهَا,أيها,FUSED_AYYUHA,أي + ها,1,,NONE — flagged for operator review only
4,النساء,19,4:19,إِلَّا,إلا,FUSED_IN_LA,إن + لا,1,,NONE — flagged for operator review only
4,النساء,22,4:22,إِلَّا,إلا,FUSED_IN_LA,إن + لا,1,,NONE — flagged for operator review only
4,النساء,23,4:23,إِلَّا,إلا,FUSED_IN_LA,إن + لا,1,,NONE — flagged for operator review only
4,النساء,24,4:24,إِلَّا,إلا,FUSED_IN_LA,إن + لا,1,,NONE — flagged for operator review only
4,النساء,29,4:29,أَيُّهَا,أيها,FUSED_AYYUHA,أي + ها,1,,NONE — flagged for operator review only
4,النساء,29,4:29,إِلَّا,إلا,FUSED_IN_LA,إن + لا,1,,NONE — flagged for operator review only
4,النساء,32,4:32,مِمَّا,مما,FUSED_MIN_MA,من + ما,1,,NONE — flagged for operator review only
4,النساء,32,4:32,مِمَّا,مما,FUSED_MIN_MA,من + ما,1,,NONE — flagged for operator review only
4,النساء,33,4:33,مِمَّا,مما,FUSED_MIN_MA,من + ما,1,,NONE — flagged for operator review only
4,النساء,39,4:39,مِمَّا,مما,FUSED_MIN_MA,من + ما,1,,NONE — flagged for operator review only
4,النساء,41,4:41,هَؤُلَاءِ,هؤلاء,FUSED_HA_DEM,ها + أولاء,1,,NONE — flagged for operator review only
4,النساء,42,4:42,يَوْمَئِذٍ,يومئذ,FUSED_IDH,يوم + إذ,1,,NONE — flagged for operator review only
4,النساء,43,4:43,أَيُّهَا,أيها,FUSED_AYYUHA,أي + ها,1,,NONE — flagged for operator review only
4,النساء,43,4:43,إِلَّا,إلا,FUSED_IN_LA,إن + لا,1,,NONE — flagged for operator review only
4,النساء,46,4:46,إِلَّا,إلا,FUSED_IN_LA,إن + لا,1,,NONE — flagged for operator review only
4,النساء,47,4:47,أَيُّهَا,أيها,FUSED_AYYUHA,أي + ها,1,,NONE — flagged for operator review only
4,النساء,51,4:51,هَؤُلَاءِ,هؤلاء,FUSED_HA_DEM,ها + أولاء,1,,NONE — flagged for operator review only
4,النساء,56,4:56,كُلَّمَا,كلما,FUSED_KULLA_MA,كل + ما,1,,NONE — flagged for operator review only
4,النساء,58,4:58,نِعِمَّا,نعما,FUSED_NIMA_MA,نعم + ما,1,,NONE — flagged for operator review only
4,النساء,59,4:59,أَيُّهَا,أيها,FUSED_AYYUHA,أي + ها,1,,NONE — flagged for operator review only
4,النساء,62,4:62,إِلَّا,إلا,FUSED_IN_LA,إن + لا,1,,NONE — flagged for operator review only
4,النساء,64,4:64,إِلَّا,إلا,FUSED_IN_LA,إن + لا,1,,NONE — flagged for operator review only
4,النساء,65,4:65,مِمَّا,مما,FUSED_MIN_MA,من + ما,1,,NONE — flagged for operator review only
4,النساء,66,4:66,إِلَّا,إلا,FUSED_IN_LA,إن + لا,1,,NONE — flagged for operator review only
4,النساء,71,4:71,أَيُّهَا,أيها,FUSED_AYYUHA,أي + ها,1,,NONE — flagged for operator review only
4,النساء,75,4:75,هَذِهِ,هذه,FUSED_HA_DEM,ها + ذه,1,,NONE — flagged for operator review only
4,النساء,77,4:77,لِمَ,لم,FUSED_LI_MA,لـ + ما,1,,NONE — flagged for operator review only
4,النساء,78,4:78,أَيْنَمَا,أينما,FUSED_AYNA_MA,أين + ما,1,,NONE — flagged for operator review only
4,النساء,78,4:78,هَذِهِ,هذه,FUSED_HA_DEM,ها + ذه,1,,NONE — flagged for operator review only
4,النساء,78,4:78,هَذِهِ,هذه,FUSED_HA_DEM,ها + ذه,1,,NONE — flagged for operator review only
4,النساء,78,4:78,فَمَالِ,فمال,FUSED_MA_LI,فـ + ما + لـ,2,,NONE — flagged for operator review only
4,النساء,78,4:78,هَؤُلَاءِ,هؤلاء,FUSED_HA_DEM,ها + أولاء,1,,NONE — flagged for operator review only
4,النساء,83,4:83,إِلَّا,إلا,FUSED_IN_LA,إن + لا,1,,NONE — flagged for operator review only
4,النساء,84,4:84,إِلَّا,إلا,FUSED_IN_LA,إن + لا,1,,NONE — flagged for operator review only
4,النساء,87,4:87,إِلَّا,إلا,FUSED_IN_LA,إن + لا,1,,NONE — flagged for operator review only
4,النساء,90,4:90,إِلَّا,إلا,FUSED_IN_LA,إن + لا,1,,NONE — flagged for operator review only
4,النساء,92,4:92,إِلَّا,إلا,FUSED_IN_LA,إن + لا,1,,NONE — flagged for operator review only
4,النساء,92,4:92,إِلَّا,إلا,FUSED_IN_LA,إن + لا,1,,NONE — flagged for operator review only
4,النساء,94,4:94,أَيُّهَا,أيها,FUSED_AYYUHA,أي + ها,1,,NONE — flagged for operator review only
4,النساء,97,4:97,فِيمَ,فيم,FUSED_FI_MA,في + ما,1,,NONE — flagged for operator review only
4,النساء,98,4:98,إِلَّا,إلا,FUSED_IN_LA,إن + لا,1,,NONE — flagged for operator review only
4,النساء,109,4:109,هَؤُلَاءِ,هؤلاء,FUSED_HA_DEM,ها + أولاء,1,,NONE — flagged for operator review only
4,النساء,113,4:113,إِلَّا,إلا,FUSED_IN_LA,إن + لا,1,,NONE — flagged for operator review only
4,النساء,114,4:114,إِلَّا,إلا,FUSED_IN_LA,إن + لا,1,,NONE — flagged for operator review only
4,النساء,117,4:117,إِلَّا,إلا,FUSED_IN_LA,إن + لا,1,,NONE — flagged for operator review only
4,النساء,117,4:117,إِلَّا,إلا,FUSED_IN_LA,إن + لا,1,,NONE — flagged for operator review only
4,النساء,120,4:120,إِلَّا,إلا,FUSED_IN_LA,إن + لا,1,,NONE — flagged for operator review only
4,النساء,125,4:125,مِمَّنْ,ممن,FUSED_MIN_MAN,من + من,1,,NONE — flagged for operator review only
4,النساء,133,4:133,أَيُّهَا,أيها,FUSED_AYYUHA,أي + ها,1,,NONE — flagged for operator review only
4,النساء,135,4:135,أَيُّهَا,أيها,FUSED_AYYUHA,أي + ها,1,,NONE — flagged for operator review only
4,النساء,136,4:136,أَيُّهَا,أيها,FUSED_AYYUHA,أي + ها,1,,NONE — flagged for operator review only
4,النساء,142,4:142,إِلَّا,إلا,FUSED_IN_LA,إن + لا,1,,NONE — flagged for operator review only
4,النساء,143,4:143,هَؤُلَاءِ,هؤلاء,FUSED_HA_DEM,ها + أولاء,1,,NONE — flagged for operator review only
4,النساء,143,4:143,هَؤُلَاءِ,هؤلاء,FUSED_HA_DEM,ها + أولاء,1,,NONE — flagged for operator review only
4,النساء,144,4:144,أَيُّهَا,أيها,FUSED_AYYUHA,أي + ها,1,,NONE — flagged for operator review only
4,النساء,146,4:146,إِلَّا,إلا,FUSED_IN_LA,إن + لا,1,,NONE — flagged for operator review only
4,النساء,148,4:148,إِلَّا,إلا,FUSED_IN_LA,إن + لا,1,,NONE — flagged for operator review only
4,النساء,155,4:155,إِلَّا,إلا,FUSED_IN_LA,إن + لا,1,,NONE — flagged for operator review only
4,النساء,157,4:157,إِلَّا,إلا,FUSED_IN_LA,إن + لا,1,,NONE — flagged for operator review only
4,النساء,159,4:159,إِلَّا,إلا,FUSED_IN_LA,إن + لا,1,,NONE — flagged for operator review only
4,النساء,165,4:165,لِئَلَّا,لئلا,FUSED_LI_AN_LA,لـ + أن + لا,2,,NONE — flagged for operator review only
4,النساء,169,4:169,إِلَّا,إلا,FUSED_IN_LA,إن + لا,1,,NONE — flagged for operator review only
4,النساء,170,4:170,أَيُّهَا,أيها,FUSED_AYYUHA,أي + ها,1,,NONE — flagged for operator review only
4,النساء,171,4:171,إِلَّا,إلا,FUSED_IN_LA,إن + لا,1,,NONE — flagged for operator review only
4,النساء,171,4:171,إِنَّمَا,إنما,FUSED_INNA_MA,إن + ما,1,,NONE — flagged for operator review only
4,النساء,171,4:171,إِنَّمَا,إنما,FUSED_INNA_MA,إن + ما,1,,NONE — flagged for operator review only
4,النساء,174,4:174,أَيُّهَا,أيها,FUSED_AYYUHA,أي + ها,1,,NONE — flagged for operator review only
4,النساء,176,4:176,مِمَّا,مما,FUSED_MIN_MA,من + ما,1,,NONE — flagged for operator review only
5,المائدة,1,5:1,أَيُّهَا,أيها,FUSED_AYYUHA,أي + ها,1,,NONE — flagged for operator review only
5,المائدة,1,5:1,إِلَّا,إلا,FUSED_IN_LA,إن + لا,1,,NONE — flagged for operator review only
5,المائدة,2,5:2,أَيُّهَا,أيها,FUSED_AYYUHA,أي + ها,1,,NONE — flagged for operator review only
5,المائدة,3,5:3,إِلَّا,إلا,FUSED_IN_LA,إن + لا,1,,NONE — flagged for operator review only
5,المائدة,4,5:4,مِمَّا,مما,FUSED_MIN_MA,من + ما,1,,NONE — flagged for operator review only
5,المائدة,4,5:4,مِمَّا,مما,FUSED_MIN_MA,من + ما,1,,NONE — flagged for operator review only
5,المائدة,6,5:6,أَيُّهَا,أيها,FUSED_AYYUHA,أي + ها,1,,NONE — flagged for operator review only
5,المائدة,8,5:8,أَيُّهَا,أيها,FUSED_AYYUHA,أي + ها,1,,NONE — flagged for operator review only
5,المائدة,8,5:8,أَلَّا,ألا,FUSED_AN_LA,أن + لا,1,,NONE — flagged for operator review only
5,المائدة,11,5:11,أَيُّهَا,أيها,FUSED_AYYUHA,أي + ها,1,,NONE — flagged for operator review only
5,المائدة,13,5:13,مِمَّا,مما,FUSED_MIN_MA,من + ما,1,,NONE — flagged for operator review only
5,المائدة,13,5:13,إِلَّا,إلا,FUSED_IN_LA,إن + لا,1,,NONE — flagged for operator review only
5,المائدة,14,5:14,مِمَّا,مما,FUSED_MIN_MA,من + ما,1,,NONE — flagged for operator review only
5,المائدة,15,5:15,مِمَّا,مما,FUSED_MIN_MA,من + ما,1,,NONE — flagged for operator review only
5,المائدة,18,5:18,مِمَّنْ,ممن,FUSED_MIN_MAN,من + من,1,,NONE — flagged for operator review only
5,المائدة,25,5:25,إِلَّا,إلا,FUSED_IN_LA,إن + لا,1,,NONE — flagged for operator review only
5,المائدة,27,5:27,إِنَّمَا,إنما,FUSED_INNA_MA,إن + ما,1,,NONE — flagged for operator review only
5,المائدة,31,5:31,هَذَا,هذا,FUSED_HA_DEM,ها + ذا,1,,NONE — flagged for operator review only
5,المائدة,33,5:33,إِنَّمَا,إنما,FUSED_INNA_MA,إن + ما,1,,NONE — flagged for operator review only
5,المائدة,34,5:34,إِلَّا,إلا,FUSED_IN_LA,إن + لا,1,,NONE — flagged for operator review only
5,المائدة,35,5:35,أَيُّهَا,أيها,FUSED_AYYUHA,أي + ها,1,,NONE — flagged for operator review only
5,المائدة,41,5:41,أَيُّهَا,أيها,FUSED_AYYUHA,أي + ها,1,,NONE — flagged for operator review only
5,المائدة,41,5:41,هَذَا,هذا,FUSED_HA_DEM,ها + ذا,1,,NONE — flagged for operator review only
5,المائدة,48,5:48,عَمَّا,عما,FUSED_AN_MA,عن + ما,1,,NONE — flagged for operator review only
5,المائدة,49,5:49,أَنَّمَا,أنما,FUSED_ANNA_MA,أن + ما,1,,NONE — flagged for operator review only
5,المائدة,51,5:51,أَيُّهَا,أيها,FUSED_AYYUHA,أي + ها,1,,NONE — flagged for operator review only
5,المائدة,54,5:54,أَيُّهَا,أيها,FUSED_AYYUHA,أي + ها,1,,NONE — flagged for operator review only
5,المائدة,55,5:55,إِنَّمَا,إنما,FUSED_INNA_MA,إن + ما,1,,NONE — flagged for operator review only
5,المائدة,57,5:57,أَيُّهَا,أيها,FUSED_AYYUHA,أي + ها,1,,NONE — flagged for operator review only
5,المائدة,59,5:59,إِلَّا,إلا,FUSED_IN_LA,إن + لا,1,,NONE — flagged for operator review only
5,المائدة,64,5:64,كُلَّمَا,كلما,FUSED_KULLA_MA,كل + ما,1,,NONE — flagged for operator review only
5,المائدة,67,5:67,أَيُّهَا,أيها,FUSED_AYYUHA,أي + ها,1,,NONE — flagged for operator review only
5,المائدة,70,5:70,كُلَّمَا,كلما,FUSED_KULLA_MA,كل + ما,1,,NONE — flagged for operator review only
5,المائدة,71,5:71,أَلَّا,ألا,FUSED_AN_LA,أن + لا,1,,NONE — flagged for operator review only
5,المائدة,73,5:73,إِلَّا,إلا,FUSED_IN_LA,إن + لا,1,,NONE — flagged for operator review only
5,المائدة,73,5:73,عَمَّا,عما,FUSED_AN_MA,عن + ما,1,,NONE — flagged for operator review only
5,المائدة,75,5:75,إِلَّا,إلا,FUSED_IN_LA,إن + لا,1,,NONE — flagged for operator review only
5,المائدة,83,5:83,مِمَّا,مما,FUSED_MIN_MA,من + ما,1,,NONE — flagged for operator review only
5,المائدة,87,5:87,أَيُّهَا,أيها,FUSED_AYYUHA,أي + ها,1,,NONE — flagged for operator review only
5,المائدة,88,5:88,مِمَّا,مما,FUSED_MIN_MA,من + ما,1,,NONE — flagged for operator review only
5,المائدة,90,5:90,أَيُّهَا,أيها,FUSED_AYYUHA,أي + ها,1,,NONE — flagged for operator review only
5,المائدة,90,5:90,إِنَّمَا,إنما,FUSED_INNA_MA,إن + ما,1,,NONE — flagged for operator review only
5,المائدة,91,5:91,إِنَّمَا,إنما,FUSED_INNA_MA,إن + ما,1,,NONE — flagged for operator review only
5,المائدة,92,5:92,أَنَّمَا,أنما,FUSED_ANNA_MA,أن + ما,1,,NONE — flagged for operator review only
5,المائدة,94,5:94,أَيُّهَا,أيها,FUSED_AYYUHA,أي + ها,1,,NONE — flagged for operator review only
5,المائدة,95,5:95,أَيُّهَا,أيها,FUSED_AYYUHA,أي + ها,1,,NONE — flagged for operator review only
5,المائدة,95,5:95,عَمَّا,عما,FUSED_AN_MA,عن + ما,1,,NONE — flagged for operator review only
5,المائدة,99,5:99,إِلَّا,إلا,FUSED_IN_LA,إن + لا,1,,NONE — flagged for operator review only
5,المائدة,101,5:101,أَيُّهَا,أيها,FUSED_AYYUHA,أي + ها,1,,NONE — flagged for operator review only
5,المائدة,105,5:105,أَيُّهَا,أيها,FUSED_AYYUHA,أي + ها,1,,NONE — flagged for operator review only
5,المائدة,106,5:106,أَيُّهَا,أيها,FUSED_AYYUHA,أي + ها,1,,NONE — flagged for operator review only
5,المائدة,110,5:110,هَذَا,هذا,FUSED_HA_DEM,ها + ذا,1,,NONE — flagged for operator review only
5,المائدة,110,5:110,إِلَّا,إلا,FUSED_IN_LA,إن + لا,1,,NONE — flagged for operator review only
5,المائدة,117,5:117,إِلَّا,إلا,FUSED_IN_LA,إن + لا,1,,NONE — flagged for operator review only
5,المائدة,119,5:119,هَذَا,هذا,FUSED_HA_DEM,ها + ذا,1,,NONE — flagged for operator review only
6,الأنعام,4,6:4,إِلَّا,إلا,FUSED_IN_LA,إن + لا,1,,NONE — flagged for operator review only
6,الأنعام,7,6:7,هَذَا,هذا,FUSED_HA_DEM,ها + ذا,1,,NONE — flagged for operator review only
6,الأنعام,7,6:7,إِلَّا,إلا,FUSED_IN_LA,إن + لا,1,,NONE — flagged for operator review only
6,الأنعام,16,6:16,يَوْمَئِذٍ,يومئذ,FUSED_IDH,يوم + إذ,1,,NONE — flagged for operator review only
6,الأنعام,17,6:17,إِلَّا,إلا,FUSED_IN_LA,إن + لا,1,,NONE — flagged for operator review only
6,الأنعام,19,6:19,هَذَا,هذا,FUSED_HA_DEM,ها + ذا,1,,NONE — flagged for operator review only
6,الأنعام,19,6:19,إِنَّمَا,إنما,FUSED_INNA_MA,إن + ما,1,,NONE — flagged for operator review only
6,الأنعام,19,6:19,مِمَّا,مما,FUSED_MIN_MA,من + ما,1,,NONE — flagged for operator review only
6,الأنعام,21,6:21,مِمَّنِ,ممن,FUSED_MIN_MAN,من + من,1,,NONE — flagged for operator review only
6,الأنعام,23,6:23,إِلَّا,إلا,FUSED_IN_LA,إن + لا,1,,NONE — flagged for operator review only
6,الأنعام,25,6:25,هَذَا,هذا,FUSED_HA_DEM,ها + ذا,1,,NONE — flagged for operator review only
6,الأنعام,25,6:25,إِلَّا,إلا,FUSED_IN_LA,إن + لا,1,,NONE — flagged for operator review only
6,الأنعام,26,6:26,إِلَّا,إلا,FUSED_IN_LA,إن + لا,1,,NONE — flagged for operator review only
6,الأنعام,29,6:29,إِلَّا,إلا,FUSED_IN_LA,إن + لا,1,,NONE — flagged for operator review only
6,الأنعام,30,6:30,هَذَا,هذا,FUSED_HA_DEM,ها + ذا,1,,NONE — flagged for operator review only
6,الأنعام,31,6:31,أَلَا,ألا,PARTICLE_A_LA,أ + لا,1,"CONTESTED: the inceptive particle أَلَا. Reading it as interrogative hamza + لا is one analysis among several; many grammarians treat it as a simple particle. Listed so the choice is yours, not the pipeline's.",NONE — flagged for operator review only
6,الأنعام,32,6:32,إِلَّا,إلا,FUSED_IN_LA,إن + لا,1,,NONE — flagged for operator review only
6,الأنعام,36,6:36,إِنَّمَا,إنما,FUSED_INNA_MA,إن + ما,1,,NONE — flagged for operator review only
6,الأنعام,38,6:38,إِلَّا,إلا,FUSED_IN_LA,إن + لا,1,,NONE — flagged for operator review only
6,الأنعام,47,6:47,إِلَّا,إلا,FUSED_IN_LA,إن + لا,1,,NONE — flagged for operator review only
6,الأنعام,48,6:48,إِلَّا,إلا,FUSED_IN_LA,إن + لا,1,,NONE — flagged for operator review only
6,الأنعام,50,6:50,إِلَّا,إلا,FUSED_IN_LA,إن + لا,1,,NONE — flagged for operator review only
6,الأنعام,57,6:57,إِلَّا,إلا,FUSED_IN_LA,إن + لا,1,,NONE — flagged for operator review only
6,الأنعام,59,6:59,إِلَّا,إلا,FUSED_IN_LA,إن + لا,1,,NONE — flagged for operator review only
6,الأنعام,59,6:59,إِلَّا,إلا,FUSED_IN_LA,إن + لا,1,,NONE — flagged for operator review only
6,الأنعام,59,6:59,إِلَّا,إلا,FUSED_IN_LA,إن + لا,1,,NONE — flagged for operator review only
6,الأنعام,62,6:62,أَلَا,ألا,PARTICLE_A_LA,أ + لا,1,"CONTESTED: the inceptive particle أَلَا. Reading it as interrogative hamza + لا is one analysis among several; many grammarians treat it as a simple particle. Listed so the choice is yours, not the pipeline's.",NONE — flagged for operator review only
6,الأنعام,63,6:63,هَذِهِ,هذه,FUSED_HA_DEM,ها + ذه,1,,NONE — flagged for operator review only
6,الأنعام,76,6:76,هَذَا,هذا,FUSED_HA_DEM,ها + ذا,1,,NONE — flagged for operator review only
6,الأنعام,77,6:77,هَذَا,هذا,FUSED_HA_DEM,ها + ذا,1,,NONE — flagged for operator review only
6,الأنعام,78,6:78,هَذَا,هذا,FUSED_HA_DEM,ها + ذا,1,,NONE — flagged for operator review only
6,الأنعام,78,6:78,هَذَا,هذا,FUSED_HA_DEM,ها + ذا,1,,NONE — flagged for operator review only
6,الأنعام,78,6:78,مِمَّا,مما,FUSED_MIN_MA,من + ما,1,,NONE — flagged for operator review only
6,الأنعام,80,6:80,إِلَّا,إلا,FUSED_IN_LA,إن + لا,1,,NONE — flagged for operator review only
6,الأنعام,89,6:89,هَؤُلَاءِ,هؤلاء,FUSED_HA_DEM,ها + أولاء,1,,NONE — flagged for operator review only
6,الأنعام,90,6:90,إِلَّا,إلا,FUSED_IN_LA,إن + لا,1,,NONE — flagged for operator review only
6,الأنعام,93,6:93,مِمَّنِ,ممن,FUSED_MIN_MAN,من + من,1,,NONE — flagged for operator review only
6,الأنعام,100,6:100,عَمَّا,عما,FUSED_AN_MA,عن + ما,1,,NONE — flagged for operator review only
6,الأنعام,102,6:102,إِلَّا,إلا,FUSED_IN_LA,إن + لا,1,,NONE — flagged for operator review only
6,الأنعام,106,6:106,إِلَّا,إلا,FUSED_IN_LA,إن + لا,1,,NONE — flagged for operator review only
6,الأنعام,109,6:109,إِنَّمَا,إنما,FUSED_INNA_MA,إن + ما,1,,NONE — flagged for operator review only
6,الأنعام,111,6:111,إِلَّا,إلا,FUSED_IN_LA,إن + لا,1,,NONE — flagged for operator review only
6,الأنعام,116,6:116,إِلَّا,إلا,FUSED_IN_LA,إن + لا,1,,NONE — flagged for operator review only
6,الأنعام,116,6:116,إِلَّا,إلا,FUSED_IN_LA,إن + لا,1,,NONE — flagged for operator review only
6,الأنعام,118,6:118,مِمَّا,مما,FUSED_MIN_MA,من + ما,1,,NONE — flagged for operator review only
6,الأنعام,119,6:119,أَلَّا,ألا,FUSED_AN_LA,أن + لا,1,,NONE — flagged for operator review only
6,الأنعام,119,6:119,مِمَّا,مما,FUSED_MIN_MA,من + ما,1,,NONE — flagged for operator review only
6,الأنعام,119,6:119,إِلَّا,إلا,FUSED_IN_LA,إن + لا,1,,NONE — flagged for operator review only
6,الأنعام,121,6:121,مِمَّا,مما,FUSED_MIN_MA,من + ما,1,,NONE — flagged for operator review only
6,الأنعام,123,6:123,إِلَّا,إلا,FUSED_IN_LA,إن + لا,1,,NONE — flagged for operator review only
6,الأنعام,125,6:125,كَأَنَّمَا,كأنما,FUSED_KAANNA_MA,كأن + ما,1,,NONE — flagged for operator review only
6,الأنعام,128,6:128,إِلَّا,إلا,FUSED_IN_LA,إن + لا,1,,NONE — flagged for operator review only
6,الأنعام,130,6:130,هَذَا,هذا,FUSED_HA_DEM,ها + ذا,1,,NONE — flagged for operator review only
6,الأنعام,132,6:132,مِمَّا,مما,FUSED_MIN_MA,من + ما,1,,NONE — flagged for operator review only
6,الأنعام,132,6:132,عَمَّا,عما,FUSED_AN_MA,عن + ما,1,,NONE — flagged for operator review only
6,الأنعام,136,6:136,مِمَّا,مما,FUSED_MIN_MA,من + ما,1,,NONE — flagged for operator review only
6,الأنعام,136,6:136,هَذَا,هذا,FUSED_HA_DEM,ها + ذا,1,,NONE — flagged for operator review only
6,الأنعام,138,6:138,هَذِهِ,هذه,FUSED_HA_DEM,ها + ذه,1,,NONE — flagged for operator review only
6,الأنعام,138,6:138,إِلَّا,إلا,FUSED_IN_LA,إن + لا,1,,NONE — flagged for operator review only
6,الأنعام,139,6:139,هَذِهِ,هذه,FUSED_HA_DEM,ها + ذه,1,,NONE — flagged for operator review only
6,الأنعام,142,6:142,مِمَّا,مما,FUSED_MIN_MA,من + ما,1,,NONE — flagged for operator review only
6,الأنعام,143,6:143,أَمَّا,أما,FUSED_AM_MA,أم + ما,1,,NONE — flagged for operator review only
6,الأنعام,144,6:144,أَمَّا,أما,FUSED_AM_MA,أم + ما,1,,NONE — flagged for operator review only
6,الأنعام,144,6:144,مِمَّنِ,ممن,FUSED_MIN_MAN,من + من,1,,NONE — flagged for operator review only
6,الأنعام,145,6:145,إِلَّا,إلا,FUSED_IN_LA,إن + لا,1,,NONE — flagged for operator review only
6,الأنعام,146,6:146,إِلَّا,إلا,FUSED_IN_LA,إن + لا,1,,NONE — flagged for operator review only
6,الأنعام,148,6:148,إِلَّا,إلا,FUSED_IN_LA,إن + لا,1,,NONE — flagged for operator review only
6,الأنعام,148,6:148,إِلَّا,إلا,FUSED_IN_LA,إن + لا,1,,NONE — flagged for operator review only
6,الأنعام,150,6:150,هَذَا,هذا,FUSED_HA_DEM,ها + ذا,1,,NONE — flagged for operator review only
6,الأنعام,151,6:151,أَلَّا,ألا,FUSED_AN_LA,أن + لا,1,,NONE — flagged for operator review only
6,الأنعام,151,6:151,إِلَّا,إلا,FUSED_IN_LA,إن + لا,1,,NONE — flagged for operator review only
6,الأنعام,152,6:152,إِلَّا,إلا,FUSED_IN_LA,إن + لا,1,,NONE — flagged for operator review only
6,الأنعام,152,6:152,إِلَّا,إلا,FUSED_IN_LA,إن + لا,1,,NONE — flagged for operator review only
6,الأنعام,153,6:153,هَذَا,هذا,FUSED_HA_DEM,ها + ذا,1,,NONE — flagged for operator review only
6,الأنعام,156,6:156,إِنَّمَا,إنما,FUSED_INNA_MA,إن + ما,1,,NONE — flagged for operator review only
6,الأنعام,157,6:157,مِمَّنْ,ممن,FUSED_MIN_MAN,من + من,1,,NONE — flagged for operator review only
6,الأنعام,158,6:158,إِلَّا,إلا,FUSED_IN_LA,إن + لا,1,,NONE — flagged for operator review only
6,الأنعام,159,6:159,إِنَّمَا,إنما,FUSED_INNA_MA,إن + ما,1,,NONE — flagged for operator review only
6,الأنعام,160,6:160,إِلَّا,إلا,FUSED_IN_LA,إن + لا,1,,NONE — flagged for operator review only
6,الأنعام,164,6:164,إِلَّا,إلا,FUSED_IN_LA,إن + لا,1,,NONE — flagged for operator review only
7,الأعراف,5,7:5,إِلَّا,إلا,FUSED_IN_LA,إن + لا,1,,NONE — flagged for operator review only
7,الأعراف,8,7:8,يَوْمَئِذٍ,يومئذ,FUSED_IDH,يوم + إذ,1,,NONE — flagged for operator review only
7,الأعراف,11,7:11,إِلَّا,إلا,FUSED_IN_LA,إن + لا,1,,NONE — flagged for operator review only
7,الأعراف,12,7:12,أَلَّا,ألا,FUSED_AN_LA,أن + لا,1,,NONE — flagged for operator review only
7,الأعراف,19,7:19,هَذِهِ,هذه,FUSED_HA_DEM,ها + ذه,1,,NONE — flagged for operator review only
7,الأعراف,20,7:20,هَذِهِ,هذه,FUSED_HA_DEM,ها + ذه,1,,NONE — flagged for operator review only
7,الأعراف,20,7:20,إِلَّا,إلا,FUSED_IN_LA,إن + لا,1,,NONE — flagged for operator review only
7,الأعراف,33,7:33,إِنَّمَا,إنما,FUSED_INNA_MA,إن + ما,1,,NONE — flagged for operator review only
7,الأعراف,35,7:35,إِمَّا,إما,FUSED_IN_MA,إن + ما,1,,NONE — flagged for operator review only
7,الأعراف,37,7:37,مِمَّنِ,ممن,FUSED_MIN_MAN,من + من,1,,NONE — flagged for operator review only
7,الأعراف,38,7:38,كُلَّمَا,كلما,FUSED_KULLA_MA,كل + ما,1,,NONE — flagged for operator review only
7,الأعراف,38,7:38,هَؤُلَاءِ,هؤلاء,FUSED_HA_DEM,ها + أولاء,1,,NONE — flagged for operator review only
7,الأعراف,42,7:42,إِلَّا,إلا,FUSED_IN_LA,إن + لا,1,,NONE — flagged for operator review only
7,الأعراف,50,7:50,مِمَّا,مما,FUSED_MIN_MA,من + ما,1,,NONE — flagged for operator review only
7,الأعراف,51,7:51,هَذَا,هذا,FUSED_HA_DEM,ها + ذا,1,,NONE — flagged for operator review only
7,الأعراف,53,7:53,إِلَّا,إلا,FUSED_IN_LA,إن + لا,1,,NONE — flagged for operator review only
7,الأعراف,54,7:54,أَلَا,ألا,PARTICLE_A_LA,أ + لا,1,"CONTESTED: the inceptive particle أَلَا. Reading it as interrogative hamza + لا is one analysis among several; many grammarians treat it as a simple particle. Listed so the choice is yours, not the pipeline's.",NONE — flagged for operator review only
7,الأعراف,58,7:58,إِلَّا,إلا,FUSED_IN_LA,إن + لا,1,,NONE — flagged for operator review only
7,الأعراف,73,7:73,هَذِهِ,هذه,FUSED_HA_DEM,ها + ذه,1,,NONE — flagged for operator review only
7,الأعراف,82,7:82,إِلَّا,إلا,FUSED_IN_LA,إن + لا,1,,NONE — flagged for operator review only
7,الأعراف,83,7:83,إِلَّا,إلا,FUSED_IN_LA,إن + لا,1,,NONE — flagged for operator review only
7,الأعراف,89,7:89,إِلَّا,إلا,FUSED_IN_LA,إن + لا,1,,NONE — flagged for operator review only
7,الأعراف,94,7:94,إِلَّا,إلا,FUSED_IN_LA,إن + لا,1,,NONE — flagged for operator review only
7,الأعراف,99,7:99,إِلَّا,إلا,FUSED_IN_LA,إن + لا,1,,NONE — flagged for operator review only
7,الأعراف,105,7:105,إِلَّا,إلا,FUSED_IN_LA,إن + لا,1,,NONE — flagged for operator review only
7,الأعراف,109,7:109,هَذَا,هذا,FUSED_HA_DEM,ها + ذا,1,,NONE — flagged for operator review only
7,الأعراف,115,7:115,إِمَّا,إما,FUSED_IN_MA,إن + ما,1,,NONE — flagged for operator review only
7,الأعراف,123,7:123,هَذَا,هذا,FUSED_HA_DEM,ها + ذا,1,,NONE — flagged for operator review only
7,الأعراف,126,7:126,إِلَّا,إلا,FUSED_IN_LA,إن + لا,1,,NONE — flagged for operator review only
7,الأعراف,131,7:131,هَذِهِ,هذه,FUSED_HA_DEM,ها + ذه,1,,NONE — flagged for operator review only
7,الأعراف,131,7:131,أَلَا,ألا,PARTICLE_A_LA,أ + لا,1,"CONTESTED: the inceptive particle أَلَا. Reading it as interrogative hamza + لا is one analysis among several; many grammarians treat it as a simple particle. Listed so the choice is yours, not the pipeline's.",NONE — flagged for operator review only
7,الأعراف,131,7:131,إِنَّمَا,إنما,FUSED_INNA_MA,إن + ما,1,,NONE — flagged for operator review only
7,الأعراف,139,7:139,هَؤُلَاءِ,هؤلاء,FUSED_HA_DEM,ها + أولاء,1,,NONE — flagged for operator review only
7,الأعراف,147,7:147,إِلَّا,إلا,FUSED_IN_LA,إن + لا,1,,NONE — flagged for operator review only
7,الأعراف,150,7:150,بِئْسَمَا,بئسما,FUSED_BISA_MA,بئس + ما,1,,NONE — flagged for operator review only
7,الأعراف,155,7:155,إِلَّا,إلا,FUSED_IN_LA,إن + لا,1,,NONE — flagged for operator review only
7,الأعراف,156,7:156,هَذِهِ,هذه,FUSED_HA_DEM,ها + ذه,1,,NONE — flagged for operator review only
7,الأعراف,158,7:158,أَيُّهَا,أيها,FUSED_AYYUHA,أي + ها,1,,NONE — flagged for operator review only
7,الأعراف,158,7:158,إِلَّا,إلا,FUSED_IN_LA,إن + لا,1,,NONE — flagged for operator review only
7,الأعراف,161,7:161,هَذِهِ,هذه,FUSED_HA_DEM,ها + ذه,1,,NONE — flagged for operator review only
7,الأعراف,164,7:164,لِمَ,لم,FUSED_LI_MA,لـ + ما,1,,NONE — flagged for operator review only
7,الأعراف,169,7:169,هَذَا,هذا,FUSED_HA_DEM,ها + ذا,1,,NONE — flagged for operator review only
7,الأعراف,169,7:169,إِلَّا,إلا,FUSED_IN_LA,إن + لا,1,,NONE — flagged for operator review only
7,الأعراف,172,7:172,هَذَا,هذا,FUSED_HA_DEM,ها + ذا,1,,NONE — flagged for operator review only
7,الأعراف,173,7:173,إِنَّمَا,إنما,FUSED_INNA_MA,إن + ما,1,,NONE — flagged for operator review only
7,الأعراف,184,7:184,إِلَّا,إلا,FUSED_IN_LA,إن + لا,1,,NONE — flagged for operator review only
7,الأعراف,187,7:187,إِنَّمَا,إنما,FUSED_INNA_MA,إن + ما,1,,NONE — flagged for operator review only
7,الأعراف,187,7:187,إِلَّا,إلا,FUSED_IN_LA,إن + لا,1,,NONE — flagged for operator review only
7,الأعراف,187,7:187,إِلَّا,إلا,FUSED_IN_LA,إن + لا,1,,NONE — flagged for operator review only
7,الأعراف,187,7:187,إِنَّمَا,إنما,FUSED_INNA_MA,إن + ما,1,,NONE — flagged for operator review only
7,الأعراف,188,7:188,إِلَّا,إلا,FUSED_IN_LA,إن + لا,1,,NONE — flagged for operator review only
7,الأعراف,188,7:188,إِلَّا,إلا,FUSED_IN_LA,إن + لا,1,,NONE — flagged for operator review only
7,الأعراف,190,7:190,عَمَّا,عما,FUSED_AN_MA,عن + ما,1,,NONE — flagged for operator review only
7,الأعراف,203,7:203,إِنَّمَا,إنما,FUSED_INNA_MA,إن + ما,1,,NONE — flagged for operator review only
7,الأعراف,203,7:203,هَذَا,هذا,FUSED_HA_DEM,ها + ذا,1,,NONE — flagged for operator review only
8,الأنفال,2,8:2,إِنَّمَا,إنما,FUSED_INNA_MA,إن + ما,1,,NONE — flagged for operator review only
8,الأنفال,6,8:6,كَأَنَّمَا,كأنما,FUSED_KAANNA_MA,كأن + ما,1,,NONE — flagged for operator review only
8,الأنفال,10,8:10,إِلَّا,إلا,FUSED_IN_LA,إن + لا,1,,NONE — flagged for operator review only
8,الأنفال,10,8:10,إِلَّا,إلا,FUSED_IN_LA,إن + لا,1,,NONE — flagged for operator review only
8,الأنفال,15,8:15,أَيُّهَا,أيها,FUSED_AYYUHA,أي + ها,1,,NONE — flagged for operator review only
8,الأنفال,16,8:16,يَوْمَئِذٍ,يومئذ,FUSED_IDH,يوم + إذ,1,,NONE — flagged for operator review only
8,الأنفال,16,8:16,إِلَّا,إلا,FUSED_IN_LA,إن + لا,1,,NONE — flagged for operator review only
8,الأنفال,20,8:20,أَيُّهَا,أيها,FUSED_AYYUHA,أي + ها,1,,NONE — flagged for operator review only
8,الأنفال,24,8:24,أَيُّهَا,أيها,FUSED_AYYUHA,أي + ها,1,,NONE — flagged for operator review only
8,الأنفال,27,8:27,أَيُّهَا,أيها,FUSED_AYYUHA,أي + ها,1,,NONE — flagged for operator review only
8,الأنفال,28,8:28,أَنَّمَا,أنما,FUSED_ANNA_MA,أن + ما,1,,NONE — flagged for operator review only
8,الأنفال,29,8:29,أَيُّهَا,أيها,FUSED_AYYUHA,أي + ها,1,,NONE — flagged for operator review only
8,الأنفال,31,8:31,هَذَا,هذا,FUSED_HA_DEM,ها + ذا,1,,NONE — flagged for operator review only
8,الأنفال,31,8:31,هَذَا,هذا,FUSED_HA_DEM,ها + ذا,1,,NONE — flagged for operator review only
8,الأنفال,31,8:31,إِلَّا,إلا,FUSED_IN_LA,إن + لا,1,,NONE — flagged for operator review only
8,الأنفال,32,8:32,هَذَا,هذا,FUSED_HA_DEM,ها + ذا,1,,NONE — flagged for operator review only
8,الأنفال,34,8:34,أَلَّا,ألا,FUSED_AN_LA,أن + لا,1,,NONE — flagged for operator review only
8,الأنفال,34,8:34,إِلَّا,إلا,FUSED_IN_LA,إن + لا,1,,NONE — flagged for operator review only
8,الأنفال,35,8:35,إِلَّا,إلا,FUSED_IN_LA,إن + لا,1,,NONE — flagged for operator review only
8,الأنفال,41,8:41,أَنَّمَا,أنما,FUSED_ANNA_MA,أن + ما,1,,NONE — flagged for operator review only
8,الأنفال,45,8:45,أَيُّهَا,أيها,FUSED_AYYUHA,أي + ها,1,,NONE — flagged for operator review only
8,الأنفال,49,8:49,هَؤُلَاءِ,هؤلاء,FUSED_HA_DEM,ها + أولاء,1,,NONE — flagged for operator review only
8,الأنفال,64,8:64,أَيُّهَا,أيها,FUSED_AYYUHA,أي + ها,1,,NONE — flagged for operator review only
8,الأنفال,65,8:65,أَيُّهَا,أيها,FUSED_AYYUHA,أي + ها,1,,NONE — flagged for operator review only
8,الأنفال,69,8:69,مِمَّا,مما,FUSED_MIN_MA,من + ما,1,,NONE — flagged for operator review only
8,الأنفال,70,8:70,أَيُّهَا,أيها,FUSED_AYYUHA,أي + ها,1,,NONE — flagged for operator review only
8,الأنفال,70,8:70,مِمَّا,مما,FUSED_MIN_MA,من + ما,1,,NONE — flagged for operator review only
8,الأنفال,72,8:72,إِلَّا,إلا,FUSED_IN_LA,إن + لا,1,,NONE — flagged for operator review only
8,الأنفال,73,8:73,إِلَّا,إلا,FUSED_IN_LA,إن + لا,1,,NONE — flagged for operator review only
9,التوبة,4,9:4,إِلَّا,إلا,FUSED_IN_LA,إن + لا,1,,NONE — flagged for operator review only
9,التوبة,7,9:7,إِلَّا,إلا,FUSED_IN_LA,إن + لا,1,,NONE — flagged for operator review only
9,التوبة,13,9:13,أَلَا,ألا,PARTICLE_A_LA,أ + لا,1,"CONTESTED: the inceptive particle أَلَا. Reading it as interrogative hamza + لا is one analysis among several; many grammarians treat it as a simple particle. Listed so the choice is yours, not the pipeline's.",NONE — flagged for operator review only
9,التوبة,18,9:18,إِنَّمَا,إنما,FUSED_INNA_MA,إن + ما,1,,NONE — flagged for operator review only
9,التوبة,18,9:18,إِلَّا,إلا,FUSED_IN_LA,إن + لا,1,,NONE — flagged for operator review only
9,التوبة,23,9:23,أَيُّهَا,أيها,FUSED_AYYUHA,أي + ها,1,,NONE — flagged for operator review only
9,التوبة,28,9:28,أَيُّهَا,أيها,FUSED_AYYUHA,أي + ها,1,,NONE — flagged for operator review only
9,التوبة,28,9:28,إِنَّمَا,إنما,FUSED_INNA_MA,إن + ما,1,,NONE — flagged for operator review only
9,التوبة,28,9:28,هَذَا,هذا,FUSED_HA_DEM,ها + ذا,1,,NONE — flagged for operator review only
9,التوبة,31,9:31,إِلَّا,إلا,FUSED_IN_LA,إن + لا,1,,NONE — flagged for operator review only
9,التوبة,31,9:31,إِلَّا,إلا,FUSED_IN_LA,إن + لا,1,,NONE — flagged for operator review only
9,التوبة,31,9:31,عَمَّا,عما,FUSED_AN_MA,عن + ما,1,,NONE — flagged for operator review only
9,التوبة,32,9:32,إِلَّا,إلا,FUSED_IN_LA,إن + لا,1,,NONE — flagged for operator review only
9,التوبة,34,9:34,أَيُّهَا,أيها,FUSED_AYYUHA,أي + ها,1,,NONE — flagged for operator review only
9,التوبة,35,9:35,هَذَا,هذا,FUSED_HA_DEM,ها + ذا,1,,NONE — flagged for operator review only
9,التوبة,37,9:37,إِنَّمَا,إنما,FUSED_INNA_MA,إن + ما,1,,NONE — flagged for operator review only
9,التوبة,38,9:38,أَيُّهَا,أيها,FUSED_AYYUHA,أي + ها,1,,NONE — flagged for operator review only
9,التوبة,38,9:38,إِلَّا,إلا,FUSED_IN_LA,إن + لا,1,,NONE — flagged for operator review only
9,التوبة,39,9:39,إِلَّا,إلا,FUSED_IN_LA,إن + لا,1,,NONE — flagged for operator review only
9,التوبة,40,9:40,إِلَّا,إلا,FUSED_IN_LA,إن + لا,1,,NONE — flagged for operator review only
9,التوبة,43,9:43,لِمَ,لم,FUSED_LI_MA,لـ + ما,1,,NONE — flagged for operator review only
9,التوبة,45,9:45,إِنَّمَا,إنما,FUSED_INNA_MA,إن + ما,1,,NONE — flagged for operator review only
9,التوبة,47,9:47,إِلَّا,إلا,FUSED_IN_LA,إن + لا,1,,NONE — flagged for operator review only
9,التوبة,49,9:49,أَلَا,ألا,PARTICLE_A_LA,أ + لا,1,"CONTESTED: the inceptive particle أَلَا. Reading it as interrogative hamza + لا is one analysis among several; many grammarians treat it as a simple particle. Listed so the choice is yours, not the pipeline's.",NONE — flagged for operator review only
9,التوبة,51,9:51,إِلَّا,إلا,FUSED_IN_LA,إن + لا,1,,NONE — flagged for operator review only
9,التوبة,52,9:52,إِلَّا,إلا,FUSED_IN_LA,إن + لا,1,,NONE — flagged for operator review only
9,التوبة,54,9:54,إِلَّا,إلا,FUSED_IN_LA,إن + لا,1,,NONE — flagged for operator review only
9,التوبة,54,9:54,إِلَّا,إلا,FUSED_IN_LA,إن + لا,1,,NONE — flagged for operator review only
9,التوبة,54,9:54,إِلَّا,إلا,FUSED_IN_LA,إن + لا,1,,NONE — flagged for operator review only
9,التوبة,55,9:55,إِنَّمَا,إنما,FUSED_INNA_MA,إن + ما,1,,NONE — flagged for operator review only
9,التوبة,60,9:60,إِنَّمَا,إنما,FUSED_INNA_MA,إن + ما,1,,NONE — flagged for operator review only
9,التوبة,65,9:65,إِنَّمَا,إنما,FUSED_INNA_MA,إن + ما,1,,NONE — flagged for operator review only
9,التوبة,73,9:73,أَيُّهَا,أيها,FUSED_AYYUHA,أي + ها,1,,NONE — flagged for operator review only
9,التوبة,74,9:74,إِلَّا,إلا,FUSED_IN_LA,إن + لا,1,,NONE — flagged for operator review only
9,التوبة,79,9:79,إِلَّا,إلا,FUSED_IN_LA,إن + لا,1,,NONE — flagged for operator review only
9,التوبة,85,9:85,إِنَّمَا,إنما,FUSED_INNA_MA,إن + ما,1,,NONE — flagged for operator review only
9,التوبة,92,9:92,أَلَّا,ألا,FUSED_AN_LA,أن + لا,1,,NONE — flagged for operator review only
9,التوبة,93,9:93,إِنَّمَا,إنما,FUSED_INNA_MA,إن + ما,1,,NONE — flagged for operator review only
9,التوبة,97,9:97,أَلَّا,ألا,FUSED_AN_LA,أن + لا,1,,NONE — flagged for operator review only
9,التوبة,99,9:99,أَلَا,ألا,PARTICLE_A_LA,أ + لا,1,"CONTESTED: the inceptive particle أَلَا. Reading it as interrogative hamza + لا is one analysis among several; many grammarians treat it as a simple particle. Listed so the choice is yours, not the pipeline's.",NONE — flagged for operator review only
9,التوبة,106,9:106,إِمَّا,إما,FUSED_IN_MA,إن + ما,1,,NONE — flagged for operator review only
9,التوبة,107,9:107,إِلَّا,إلا,FUSED_IN_LA,إن + لا,1,,NONE — flagged for operator review only
9,التوبة,110,9:110,إِلَّا,إلا,FUSED_IN_LA,إن + لا,1,,NONE — flagged for operator review only
9,التوبة,114,9:114,إِلَّا,إلا,FUSED_IN_LA,إن + لا,1,,NONE — flagged for operator review only
9,التوبة,118,9:118,إِلَّا,إلا,FUSED_IN_LA,إن + لا,1,,NONE — flagged for operator review only
9,التوبة,119,9:119,أَيُّهَا,أيها,FUSED_AYYUHA,أي + ها,1,,NONE — flagged for operator review only
9,التوبة,120,9:120,إِلَّا,إلا,FUSED_IN_LA,إن + لا,1,,NONE — flagged for operator review only
9,التوبة,121,9:121,إِلَّا,إلا,FUSED_IN_LA,إن + لا,1,,NONE — flagged for operator review only
9,التوبة,123,9:123,أَيُّهَا,أيها,FUSED_AYYUHA,أي + ها,1,,NONE — flagged for operator review only
9,التوبة,124,9:124,هَذِهِ,هذه,FUSED_HA_DEM,ها + ذه,1,,NONE — flagged for operator review only
9,التوبة,129,9:129,إِلَّا,إلا,FUSED_IN_LA,إن + لا,1,,NONE — flagged for operator review only
10,يونس,2,10:2,هَذَا,هذا,FUSED_HA_DEM,ها + ذا,1,,NONE — flagged for operator review only
10,يونس,3,10:3,إِلَّا,إلا,FUSED_IN_LA,إن + لا,1,,NONE — flagged for operator review only
10,يونس,5,10:5,إِلَّا,إلا,FUSED_IN_LA,إن + لا,1,,NONE — flagged for operator review only
10,يونس,15,10:15,هَذَا,هذا,FUSED_HA_DEM,ها + ذا,1,,NONE — flagged for operator review only
10,يونس,15,10:15,إِلَّا,إلا,FUSED_IN_LA,إن + لا,1,,NONE — flagged for operator review only
10,يونس,17,10:17,مِمَّنِ,ممن,FUSED_MIN_MAN,من + من,1,,NONE — flagged for operator review only
10,يونس,18,10:18,هَؤُلَاءِ,هؤلاء,FUSED_HA_DEM,ها + أولاء,1,,NONE — flagged for operator review only
10,يونس,18,10:18,عَمَّا,عما,FUSED_AN_MA,عن + ما,1,,NONE — flagged for operator review only
10,يونس,19,10:19,إِلَّا,إلا,FUSED_IN_LA,إن + لا,1,,NONE — flagged for operator review only
10,يونس,20,10:20,إِنَّمَا,إنما,FUSED_INNA_MA,إن + ما,1,,NONE — flagged for operator review only
10,يونس,22,10:22,هَذِهِ,هذه,FUSED_HA_DEM,ها + ذه,1,,NONE — flagged for operator review only
10,يونس,23,10:23,أَيُّهَا,أيها,FUSED_AYYUHA,أي + ها,1,,NONE — flagged for operator review only
10,يونس,23,10:23,إِنَّمَا,إنما,FUSED_INNA_MA,إن + ما,1,,NONE — flagged for operator review only
10,يونس,24,10:24,إِنَّمَا,إنما,FUSED_INNA_MA,إن + ما,1,,NONE — flagged for operator review only
10,يونس,24,10:24,مِمَّا,مما,FUSED_MIN_MA,من + ما,1,,NONE — flagged for operator review only
10,يونس,27,10:27,كَأَنَّمَا,كأنما,FUSED_KAANNA_MA,كأن + ما,1,,NONE — flagged for operator review only
10,يونس,31,10:31,أَمَّنْ,أمن,FUSED_AM_MAN,أم + من,1,,NONE — flagged for operator review only
10,يونس,32,10:32,إِلَّا,إلا,FUSED_IN_LA,إن + لا,1,,NONE — flagged for operator review only
10,يونس,35,10:35,أَمَّنْ,أمن,FUSED_AM_MAN,أم + من,1,,NONE — flagged for operator review only
10,يونس,35,10:35,إِلَّا,إلا,FUSED_IN_LA,إن + لا,1,,NONE — flagged for operator review only
10,يونس,36,10:36,إِلَّا,إلا,FUSED_IN_LA,إن + لا,1,,NONE — flagged for operator review only
10,يونس,37,10:37,هَذَا,هذا,FUSED_HA_DEM,ها + ذا,1,,NONE — flagged for operator review only
10,يونس,41,10:41,مِمَّا,مما,FUSED_MIN_MA,من + ما,1,,NONE — flagged for operator review only
10,يونس,41,10:41,مِمَّا,مما,FUSED_MIN_MA,من + ما,1,,NONE — flagged for operator review only
10,يونس,45,10:45,إِلَّا,إلا,FUSED_IN_LA,إن + لا,1,,NONE — flagged for operator review only
10,يونس,48,10:48,هَذَا,هذا,FUSED_HA_DEM,ها + ذا,1,,NONE — flagged for operator review only
10,يونس,49,10:49,إِلَّا,إلا,FUSED_IN_LA,إن + لا,1,,NONE — flagged for operator review only
10,يونس,52,10:52,إِلَّا,إلا,FUSED_IN_LA,إن + لا,1,,NONE — flagged for operator review only
10,يونس,55,10:55,أَلَا,ألا,PARTICLE_A_LA,أ + لا,1,"CONTESTED: the inceptive particle أَلَا. Reading it as interrogative hamza + لا is one analysis among several; many grammarians treat it as a simple particle. Listed so the choice is yours, not the pipeline's.",NONE — flagged for operator review only
10,يونس,55,10:55,أَلَا,ألا,PARTICLE_A_LA,أ + لا,1,"CONTESTED: the inceptive particle أَلَا. Reading it as interrogative hamza + لا is one analysis among several; many grammarians treat it as a simple particle. Listed so the choice is yours, not the pipeline's.",NONE — flagged for operator review only
10,يونس,57,10:57,أَيُّهَا,أيها,FUSED_AYYUHA,أي + ها,1,,NONE — flagged for operator review only
10,يونس,58,10:58,مِمَّا,مما,FUSED_MIN_MA,من + ما,1,,NONE — flagged for operator review only
10,يونس,61,10:61,إِلَّا,إلا,FUSED_IN_LA,إن + لا,1,,NONE — flagged for operator review only
10,يونس,61,10:61,إِلَّا,إلا,FUSED_IN_LA,إن + لا,1,,NONE — flagged for operator review only
10,يونس,62,10:62,أَلَا,ألا,PARTICLE_A_LA,أ + لا,1,"CONTESTED: the inceptive particle أَلَا. Reading it as interrogative hamza + لا is one analysis among several; many grammarians treat it as a simple particle. Listed so the choice is yours, not the pipeline's.",NONE — flagged for operator review only
10,يونس,66,10:66,أَلَا,ألا,PARTICLE_A_LA,أ + لا,1,"CONTESTED: the inceptive particle أَلَا. Reading it as interrogative hamza + لا is one analysis among several; many grammarians treat it as a simple particle. Listed so the choice is yours, not the pipeline's.",NONE — flagged for operator review only
10,يونس,66,10:66,إِلَّا,إلا,FUSED_IN_LA,إن + لا,1,,NONE — flagged for operator review only
10,يونس,66,10:66,إِلَّا,إلا,FUSED_IN_LA,إن + لا,1,,NONE — flagged for operator review only
10,يونس,72,10:72,إِلَّا,إلا,FUSED_IN_LA,إن + لا,1,,NONE — flagged for operator review only
10,يونس,76,10:76,هَذَا,هذا,FUSED_HA_DEM,ها + ذا,1,,NONE — flagged for operator review only
10,يونس,77,10:77,هَذَا,هذا,FUSED_HA_DEM,ها + ذا,1,,NONE — flagged for operator review only
10,يونس,78,10:78,عَمَّا,عما,FUSED_AN_MA,عن + ما,1,,NONE — flagged for operator review only
10,يونس,83,10:83,إِلَّا,إلا,FUSED_IN_LA,إن + لا,1,,NONE — flagged for operator review only
10,يونس,90,10:90,إِلَّا,إلا,FUSED_IN_LA,إن + لا,1,,NONE — flagged for operator review only
10,يونس,94,10:94,مِمَّا,مما,FUSED_MIN_MA,من + ما,1,,NONE — flagged for operator review only
10,يونس,98,10:98,إِلَّا,إلا,FUSED_IN_LA,إن + لا,1,,NONE — flagged for operator review only
10,يونس,100,10:100,إِلَّا,إلا,FUSED_IN_LA,إن + لا,1,,NONE — flagged for operator review only
10,يونس,102,10:102,إِلَّا,إلا,FUSED_IN_LA,إن + لا,1,,NONE — flagged for operator review only
10,يونس,104,10:104,أَيُّهَا,أيها,FUSED_AYYUHA,أي + ها,1,,NONE — flagged for operator review only
10,يونس,107,10:107,إِلَّا,إلا,FUSED_IN_LA,إن + لا,1,,NONE — flagged for operator review only
10,يونس,108,10:108,أَيُّهَا,أيها,FUSED_AYYUHA,أي + ها,1,,NONE — flagged for operator review only
11,هود,2,11:2,أَلَّا,ألا,FUSED_AN_LA,أن + لا,1,,NONE — flagged for operator review only
11,هود,2,11:2,إِلَّا,إلا,FUSED_IN_LA,إن + لا,1,,NONE — flagged for operator review only
11,هود,5,11:5,أَلَا,ألا,PARTICLE_A_LA,أ + لا,1,"CONTESTED: the inceptive particle أَلَا. Reading it as interrogative hamza + لا is one analysis among several; many grammarians treat it as a simple particle. Listed so the choice is yours, not the pipeline's.",NONE — flagged for operator review only
11,هود,5,11:5,أَلَا,ألا,PARTICLE_A_LA,أ + لا,1,"CONTESTED: the inceptive particle أَلَا. Reading it as interrogative hamza + لا is one analysis among several; many grammarians treat it as a simple particle. Listed so the choice is yours, not the pipeline's.",NONE — flagged for operator review only
11,هود,6,11:6,إِلَّا,إلا,FUSED_IN_LA,إن + لا,1,,NONE — flagged for operator review only
11,هود,7,11:7,هَذَا,هذا,FUSED_HA_DEM,ها + ذا,1,,NONE — flagged for operator review only
11,هود,7,11:7,إِلَّا,إلا,FUSED_IN_LA,إن + لا,1,,NONE — flagged for operator review only
11,هود,8,11:8,أَلَا,ألا,PARTICLE_A_LA,أ + لا,1,"CONTESTED: the inceptive particle أَلَا. Reading it as interrogative hamza + لا is one analysis among several; many grammarians treat it as a simple particle. Listed so the choice is yours, not the pipeline's.",NONE — flagged for operator review only
11,هود,11,11:11,إِلَّا,إلا,FUSED_IN_LA,إن + لا,1,,NONE — flagged for operator review only
11,هود,12,11:12,إِنَّمَا,إنما,FUSED_INNA_MA,إن + ما,1,,NONE — flagged for operator review only
11,هود,14,11:14,أَنَّمَا,أنما,FUSED_ANNA_MA,أن + ما,1,,NONE — flagged for operator review only
11,هود,14,11:14,إِلَّا,إلا,FUSED_IN_LA,إن + لا,1,,NONE — flagged for operator review only
11,هود,16,11:16,إِلَّا,إلا,FUSED_IN_LA,إن + لا,1,,NONE — flagged for operator review only
11,هود,18,11:18,مِمَّنِ,ممن,FUSED_MIN_MAN,من + من,1,,NONE — flagged for operator review only
11,هود,18,11:18,هَؤُلَاءِ,هؤلاء,FUSED_HA_DEM,ها + أولاء,1,,NONE — flagged for operator review only
11,هود,18,11:18,أَلَا,ألا,PARTICLE_A_LA,أ + لا,1,"CONTESTED: the inceptive particle أَلَا. Reading it as interrogative hamza + لا is one analysis among several; many grammarians treat it as a simple particle. Listed so the choice is yours, not the pipeline's.",NONE — flagged for operator review only
11,هود,26,11:26,إِلَّا,إلا,FUSED_IN_LA,إن + لا,1,,NONE — flagged for operator review only
11,هود,27,11:27,إِلَّا,إلا,FUSED_IN_LA,إن + لا,1,,NONE — flagged for operator review only
11,هود,27,11:27,إِلَّا,إلا,FUSED_IN_LA,إن + لا,1,,NONE — flagged for operator review only
11,هود,29,11:29,إِلَّا,إلا,FUSED_IN_LA,إن + لا,1,,NONE — flagged for operator review only
11,هود,33,11:33,إِنَّمَا,إنما,FUSED_INNA_MA,إن + ما,1,,NONE — flagged for operator review only
11,هود,35,11:35,مِمَّا,مما,FUSED_MIN_MA,من + ما,1,,NONE — flagged for operator review only
11,هود,36,11:36,إِلَّا,إلا,FUSED_IN_LA,إن + لا,1,,NONE — flagged for operator review only
11,هود,40,11:40,إِلَّا,إلا,FUSED_IN_LA,إن + لا,1,,NONE — flagged for operator review only
11,هود,40,11:40,إِلَّا,إلا,FUSED_IN_LA,إن + لا,1,,NONE — flagged for operator review only
11,هود,41,11:41,بِسْمِ,بسم,FUSED_BI_ISM,بـ + اسم,1,,NONE — flagged for operator review only
11,هود,43,11:43,إِلَّا,إلا,FUSED_IN_LA,إن + لا,1,,NONE — flagged for operator review only
11,هود,48,11:48,مِمَّنْ,ممن,FUSED_MIN_MAN,من + من,1,,NONE — flagged for operator review only
11,هود,49,11:49,هَذَا,هذا,FUSED_HA_DEM,ها + ذا,1,,NONE — flagged for operator review only
11,هود,50,11:50,إِلَّا,إلا,FUSED_IN_LA,إن + لا,1,,NONE — flagged for operator review only
11,هود,51,11:51,إِلَّا,إلا,FUSED_IN_LA,إن + لا,1,,NONE — flagged for operator review only
11,هود,54,11:54,إِلَّا,إلا,FUSED_IN_LA,إن + لا,1,,NONE — flagged for operator review only
11,هود,54,11:54,مِمَّا,مما,FUSED_MIN_MA,من + ما,1,,NONE — flagged for operator review only
11,هود,56,11:56,إِلَّا,إلا,FUSED_IN_LA,إن + لا,1,,NONE — flagged for operator review only
11,هود,60,11:60,هَذِهِ,هذه,FUSED_HA_DEM,ها + ذه,1,,NONE — flagged for operator review only
11,هود,60,11:60,أَلَا,ألا,PARTICLE_A_LA,أ + لا,1,"CONTESTED: the inceptive particle أَلَا. Reading it as interrogative hamza + لا is one analysis among several; many grammarians treat it as a simple particle. Listed so the choice is yours, not the pipeline's.",NONE — flagged for operator review only
11,هود,60,11:60,أَلَا,ألا,PARTICLE_A_LA,أ + لا,1,"CONTESTED: the inceptive particle أَلَا. Reading it as interrogative hamza + لا is one analysis among several; many grammarians treat it as a simple particle. Listed so the choice is yours, not the pipeline's.",NONE — flagged for operator review only
11,هود,62,11:62,هَذَا,هذا,FUSED_HA_DEM,ها + ذا,1,,NONE — flagged for operator review only
11,هود,62,11:62,مِمَّا,مما,FUSED_MIN_MA,من + ما,1,,NONE — flagged for operator review only
11,هود,64,11:64,هَذِهِ,هذه,FUSED_HA_DEM,ها + ذه,1,,NONE — flagged for operator review only
11,هود,66,11:66,يَوْمِئِذٍ,يومئذ,FUSED_IDH,يوم + إذ,1,,NONE — flagged for operator review only
11,هود,68,11:68,أَلَا,ألا,PARTICLE_A_LA,أ + لا,1,"CONTESTED: the inceptive particle أَلَا. Reading it as interrogative hamza + لا is one analysis among several; many grammarians treat it as a simple particle. Listed so the choice is yours, not the pipeline's.",NONE — flagged for operator review only
11,هود,68,11:68,أَلَا,ألا,PARTICLE_A_LA,أ + لا,1,"CONTESTED: the inceptive particle أَلَا. Reading it as interrogative hamza + لا is one analysis among several; many grammarians treat it as a simple particle. Listed so the choice is yours, not the pipeline's.",NONE — flagged for operator review only
11,هود,72,11:72,وَيْلَتَى,ويلتى,FUSED_WAYLATA,وي + لتى,1,,NONE — flagged for operator review only
11,هود,72,11:72,هَذَا,هذا,FUSED_HA_DEM,ها + ذا,1,,NONE — flagged for operator review only
11,هود,76,11:76,هَذَا,هذا,FUSED_HA_DEM,ها + ذا,1,,NONE — flagged for operator review only
11,هود,77,11:77,هَذَا,هذا,FUSED_HA_DEM,ها + ذا,1,,NONE — flagged for operator review only
11,هود,78,11:78,هَؤُلَاءِ,هؤلاء,FUSED_HA_DEM,ها + أولاء,1,,NONE — flagged for operator review only
11,هود,81,11:81,إِلَّا,إلا,FUSED_IN_LA,إن + لا,1,,NONE — flagged for operator review only
11,هود,88,11:88,إِلَّا,إلا,FUSED_IN_LA,إن + لا,1,,NONE — flagged for operator review only
11,هود,88,11:88,إِلَّا,إلا,FUSED_IN_LA,إن + لا,1,,NONE — flagged for operator review only
11,هود,91,11:91,مِمَّا,مما,FUSED_MIN_MA,من + ما,1,,NONE — flagged for operator review only
11,هود,95,11:95,أَلَا,ألا,PARTICLE_A_LA,أ + لا,1,"CONTESTED: the inceptive particle أَلَا. Reading it as interrogative hamza + لا is one analysis among several; many grammarians treat it as a simple particle. Listed so the choice is yours, not the pipeline's.",NONE — flagged for operator review only
11,هود,99,11:99,هَذِهِ,هذه,FUSED_HA_DEM,ها + ذه,1,,NONE — flagged for operator review only
11,هود,104,11:104,إِلَّا,إلا,FUSED_IN_LA,إن + لا,1,,NONE — flagged for operator review only
11,هود,105,11:105,إِلَّا,إلا,FUSED_IN_LA,إن + لا,1,,NONE — flagged for operator review only
11,هود,107,11:107,إِلَّا,إلا,FUSED_IN_LA,إن + لا,1,,NONE — flagged for operator review only
11,هود,108,11:108,إِلَّا,إلا,FUSED_IN_LA,إن + لا,1,,NONE — flagged for operator review only
11,هود,109,11:109,مِمَّا,مما,FUSED_MIN_MA,من + ما,1,,NONE — flagged for operator review only
11,هود,109,11:109,هَؤُلَاءِ,هؤلاء,FUSED_HA_DEM,ها + أولاء,1,,NONE — flagged for operator review only
11,هود,109,11:109,إِلَّا,إلا,FUSED_IN_LA,إن + لا,1,,NONE — flagged for operator review only
11,هود,116,11:116,إِلَّا,إلا,FUSED_IN_LA,إن + لا,1,,NONE — flagged for operator review only
11,هود,116,11:116,مِمَّنْ,ممن,FUSED_MIN_MAN,من + من,1,,NONE — flagged for operator review only
11,هود,119,11:119,إِلَّا,إلا,FUSED_IN_LA,إن + لا,1,,NONE — flagged for operator review only
11,هود,120,11:120,هَذِهِ,هذه,FUSED_HA_DEM,ها + ذه,1,,NONE — flagged for operator review only
11,هود,123,11:123,عَمَّا,عما,FUSED_AN_MA,عن + ما,1,,NONE — flagged for operator review only
12,يوسف,3,12:3,هَذَا,هذا,FUSED_HA_DEM,ها + ذا,1,,NONE — flagged for operator review only
12,يوسف,15,12:15,هَذَا,هذا,FUSED_HA_DEM,ها + ذا,1,,NONE — flagged for operator review only
12,يوسف,19,12:19,هَذَا,هذا,FUSED_HA_DEM,ها + ذا,1,,NONE — flagged for operator review only
12,يوسف,25,12:25,إِلَّا,إلا,FUSED_IN_LA,إن + لا,1,,NONE — flagged for operator review only
12,يوسف,29,12:29,هَذَا,هذا,FUSED_HA_DEM,ها + ذا,1,,NONE — flagged for operator review only
12,يوسف,31,12:31,هَذَا,هذا,FUSED_HA_DEM,ها + ذا,1,,NONE — flagged for operator review only
12,يوسف,31,12:31,هَذَا,هذا,FUSED_HA_DEM,ها + ذا,1,,NONE — flagged for operator review only
12,يوسف,31,12:31,إِلَّا,إلا,FUSED_IN_LA,إن + لا,1,,NONE — flagged for operator review only
12,يوسف,33,12:33,مِمَّا,مما,FUSED_MIN_MA,من + ما,1,,NONE — flagged for operator review only
12,يوسف,37,12:37,إِلَّا,إلا,FUSED_IN_LA,إن + لا,1,,NONE — flagged for operator review only
12,يوسف,37,12:37,مِمَّا,مما,FUSED_MIN_MA,من + ما,1,,NONE — flagged for operator review only
12,يوسف,40,12:40,إِلَّا,إلا,FUSED_IN_LA,إن + لا,1,,NONE — flagged for operator review only
12,يوسف,40,12:40,إِلَّا,إلا,FUSED_IN_LA,إن + لا,1,,NONE — flagged for operator review only
12,يوسف,40,12:40,أَلَّا,ألا,FUSED_AN_LA,أن + لا,1,,NONE — flagged for operator review only
12,يوسف,40,12:40,إِلَّا,إلا,FUSED_IN_LA,إن + لا,1,,NONE — flagged for operator review only
12,يوسف,41,12:41,أَمَّا,أما,FUSED_AM_MA,أم + ما,1,,NONE — flagged for operator review only
12,يوسف,43,12:43,أَيُّهَا,أيها,FUSED_AYYUHA,أي + ها,1,,NONE — flagged for operator review only
12,يوسف,46,12:46,أَيُّهَا,أيها,FUSED_AYYUHA,أي + ها,1,,NONE — flagged for operator review only
12,يوسف,47,12:47,إِلَّا,إلا,FUSED_IN_LA,إن + لا,1,,NONE — flagged for operator review only
12,يوسف,47,12:47,مِمَّا,مما,FUSED_MIN_MA,من + ما,1,,NONE — flagged for operator review only
12,يوسف,48,12:48,إِلَّا,إلا,FUSED_IN_LA,إن + لا,1,,NONE — flagged for operator review only
12,يوسف,48,12:48,مِمَّا,مما,FUSED_MIN_MA,من + ما,1,,NONE — flagged for operator review only
12,يوسف,53,12:53,إِلَّا,إلا,FUSED_IN_LA,إن + لا,1,,NONE — flagged for operator review only
12,يوسف,59,12:59,أَلَا,ألا,PARTICLE_A_LA,أ + لا,1,"CONTESTED: the inceptive particle أَلَا. Reading it as interrogative hamza + لا is one analysis among several; many grammarians treat it as a simple particle. Listed so the choice is yours, not the pipeline's.",NONE — flagged for operator review only
12,يوسف,64,12:64,إِلَّا,إلا,FUSED_IN_LA,إن + لا,1,,NONE — flagged for operator review only
12,يوسف,65,12:65,هَذِهِ,هذه,FUSED_HA_DEM,ها + ذه,1,,NONE — flagged for operator review only
12,يوسف,66,12:66,إِلَّا,إلا,FUSED_IN_LA,إن + لا,1,,NONE — flagged for operator review only
12,يوسف,67,12:67,إِلَّا,إلا,FUSED_IN_LA,إن + لا,1,,NONE — flagged for operator review only
12,يوسف,68,12:68,إِلَّا,إلا,FUSED_IN_LA,إن + لا,1,,NONE — flagged for operator review only
12,يوسف,70,12:70,أَيَّتُهَا,أيتها,FUSED_AYYUHA,أية + ها,1,,NONE — flagged for operator review only
12,يوسف,76,12:76,إِلَّا,إلا,FUSED_IN_LA,إن + لا,1,,NONE — flagged for operator review only
12,يوسف,78,12:78,أَيُّهَا,أيها,FUSED_AYYUHA,أي + ها,1,,NONE — flagged for operator review only
12,يوسف,79,12:79,إِلَّا,إلا,FUSED_IN_LA,إن + لا,1,,NONE — flagged for operator review only
12,يوسف,81,12:81,إِلَّا,إلا,FUSED_IN_LA,إن + لا,1,,NONE — flagged for operator review only
12,يوسف,86,12:86,إِنَّمَا,إنما,FUSED_INNA_MA,إن + ما,1,,NONE — flagged for operator review only
12,يوسف,87,12:87,إِلَّا,إلا,FUSED_IN_LA,إن + لا,1,,NONE — flagged for operator review only
12,يوسف,88,12:88,أَيُّهَا,أيها,FUSED_AYYUHA,أي + ها,1,,NONE — flagged for operator review only
12,يوسف,93,12:93,هَذَا,هذا,FUSED_HA_DEM,ها + ذا,1,,NONE — flagged for operator review only
12,يوسف,100,12:100,هَذَا,هذا,FUSED_HA_DEM,ها + ذا,1,,NONE — flagged for operator review only
12,يوسف,104,12:104,إِلَّا,إلا,FUSED_IN_LA,إن + لا,1,,NONE — flagged for operator review only
12,يوسف,106,12:106,إِلَّا,إلا,FUSED_IN_LA,إن + لا,1,,NONE — flagged for operator review only
12,يوسف,108,12:108,هَذِهِ,هذه,FUSED_HA_DEM,ها + ذه,1,,NONE — flagged for operator review only
12,يوسف,109,12:109,إِلَّا,إلا,FUSED_IN_LA,إن + لا,1,,NONE — flagged for operator review only
13,الرعد,7,13:7,إِنَّمَا,إنما,FUSED_INNA_MA,إن + ما,1,,NONE — flagged for operator review only
13,الرعد,14,13:14,إِلَّا,إلا,FUSED_IN_LA,إن + لا,1,,NONE — flagged for operator review only
13,الرعد,14,13:14,إِلَّا,إلا,FUSED_IN_LA,إن + لا,1,,NONE — flagged for operator review only
13,الرعد,19,13:19,أَنَّمَا,أنما,FUSED_ANNA_MA,أن + ما,1,,NONE — flagged for operator review only
13,الرعد,19,13:19,إِنَّمَا,إنما,FUSED_INNA_MA,إن + ما,1,,NONE — flagged for operator review only
13,الرعد,22,13:22,مِمَّا,مما,FUSED_MIN_MA,من + ما,1,,NONE — flagged for operator review only
13,الرعد,26,13:26,إِلَّا,إلا,FUSED_IN_LA,إن + لا,1,,NONE — flagged for operator review only
13,الرعد,28,13:28,أَلَا,ألا,PARTICLE_A_LA,أ + لا,1,"CONTESTED: the inceptive particle أَلَا. Reading it as interrogative hamza + لا is one analysis among several; many grammarians treat it as a simple particle. Listed so the choice is yours, not the pipeline's.",NONE — flagged for operator review only
13,الرعد,30,13:30,إِلَّا,إلا,FUSED_IN_LA,إن + لا,1,,NONE — flagged for operator review only
13,الرعد,36,13:36,إِنَّمَا,إنما,FUSED_INNA_MA,إن + ما,1,,NONE — flagged for operator review only
13,الرعد,38,13:38,إِلَّا,إلا,FUSED_IN_LA,إن + لا,1,,NONE — flagged for operator review only
14,إبراهيم,4,14:4,إِلَّا,إلا,FUSED_IN_LA,إن + لا,1,,NONE — flagged for operator review only
14,إبراهيم,9,14:9,إِلَّا,إلا,FUSED_IN_LA,إن + لا,1,,NONE — flagged for operator review only
14,إبراهيم,9,14:9,مِمَّا,مما,FUSED_MIN_MA,من + ما,1,,NONE — flagged for operator review only
14,إبراهيم,10,14:10,إِلَّا,إلا,FUSED_IN_LA,إن + لا,1,,NONE — flagged for operator review only
14,إبراهيم,10,14:10,عَمَّا,عما,FUSED_AN_MA,عن + ما,1,,NONE — flagged for operator review only
14,إبراهيم,11,14:11,إِلَّا,إلا,FUSED_IN_LA,إن + لا,1,,NONE — flagged for operator review only
14,إبراهيم,11,14:11,إِلَّا,إلا,FUSED_IN_LA,إن + لا,1,,NONE — flagged for operator review only
14,إبراهيم,12,14:12,أَلَّا,ألا,FUSED_AN_LA,أن + لا,1,,NONE — flagged for operator review only
14,إبراهيم,18,14:18,مِمَّا,مما,FUSED_MIN_MA,من + ما,1,,NONE — flagged for operator review only
14,إبراهيم,22,14:22,إِلَّا,إلا,FUSED_IN_LA,إن + لا,1,,NONE — flagged for operator review only
14,إبراهيم,31,14:31,مِمَّا,مما,FUSED_MIN_MA,من + ما,1,,NONE — flagged for operator review only
14,إبراهيم,35,14:35,هَذَا,هذا,FUSED_HA_DEM,ها + ذا,1,,NONE — flagged for operator review only
14,إبراهيم,42,14:42,عَمَّا,عما,FUSED_AN_MA,عن + ما,1,,NONE — flagged for operator review only
14,إبراهيم,42,14:42,إِنَّمَا,إنما,FUSED_INNA_MA,إن + ما,1,,NONE — flagged for operator review only
14,إبراهيم,49,14:49,يَوْمَئِذٍ,يومئذ,FUSED_IDH,يوم + إذ,1,,NONE — flagged for operator review only
14,إبراهيم,52,14:52,هَذَا,هذا,FUSED_HA_DEM,ها + ذا,1,,NONE — flagged for operator review only
14,إبراهيم,52,14:52,أَنَّمَا,أنما,FUSED_ANNA_MA,أن + ما,1,,NONE — flagged for operator review only
15,الحجر,4,15:4,إِلَّا,إلا,FUSED_IN_LA,إن + لا,1,,NONE — flagged for operator review only
15,الحجر,6,15:6,أَيُّهَا,أيها,FUSED_AYYUHA,أي + ها,1,,NONE — flagged for operator review only
15,الحجر,8,15:8,إِلَّا,إلا,FUSED_IN_LA,إن + لا,1,,NONE — flagged for operator review only
15,الحجر,11,15:11,إِلَّا,إلا,FUSED_IN_LA,إن + لا,1,,NONE — flagged for operator review only
15,الحجر,15,15:15,إِنَّمَا,إنما,FUSED_INNA_MA,إن + ما,1,,NONE — flagged for operator review only
15,الحجر,18,15:18,إِلَّا,إلا,FUSED_IN_LA,إن + لا,1,,NONE — flagged for operator review only
15,الحجر,21,15:21,إِلَّا,إلا,FUSED_IN_LA,إن + لا,1,,NONE — flagged for operator review only
15,الحجر,21,15:21,إِلَّا,إلا,FUSED_IN_LA,إن + لا,1,,NONE — flagged for operator review only
15,الحجر,31,15:31,إِلَّا,إلا,FUSED_IN_LA,إن + لا,1,,NONE — flagged for operator review only
15,الحجر,32,15:32,أَلَّا,ألا,FUSED_AN_LA,أن + لا,1,,NONE — flagged for operator review only
15,الحجر,40,15:40,إِلَّا,إلا,FUSED_IN_LA,إن + لا,1,,NONE — flagged for operator review only
15,الحجر,41,15:41,هَذَا,هذا,FUSED_HA_DEM,ها + ذا,1,,NONE — flagged for operator review only
15,الحجر,42,15:42,إِلَّا,إلا,FUSED_IN_LA,إن + لا,1,,NONE — flagged for operator review only
15,الحجر,56,15:56,إِلَّا,إلا,FUSED_IN_LA,إن + لا,1,,NONE — flagged for operator review only
15,الحجر,57,15:57,أَيُّهَا,أيها,FUSED_AYYUHA,أي + ها,1,,NONE — flagged for operator review only
15,الحجر,59,15:59,إِلَّا,إلا,FUSED_IN_LA,إن + لا,1,,NONE — flagged for operator review only
15,الحجر,60,15:60,إِلَّا,إلا,FUSED_IN_LA,إن + لا,1,,NONE — flagged for operator review only
15,الحجر,66,15:66,هَؤُلَاءِ,هؤلاء,FUSED_HA_DEM,ها + أولاء,1,,NONE — flagged for operator review only
15,الحجر,68,15:68,هَؤُلَاءِ,هؤلاء,FUSED_HA_DEM,ها + أولاء,1,,NONE — flagged for operator review only
15,الحجر,71,15:71,هَؤُلَاءِ,هؤلاء,FUSED_HA_DEM,ها + أولاء,1,,NONE — flagged for operator review only
15,الحجر,85,15:85,إِلَّا,إلا,FUSED_IN_LA,إن + لا,1,,NONE — flagged for operator review only
15,الحجر,93,15:93,عَمَّا,عما,FUSED_AN_MA,عن + ما,1,,NONE — flagged for operator review only
16,النحل,1,16:1,عَمَّا,عما,FUSED_AN_MA,عن + ما,1,,NONE — flagged for operator review only
16,النحل,2,16:2,إِلَّا,إلا,FUSED_IN_LA,إن + لا,1,,NONE — flagged for operator review only
16,النحل,3,16:3,عَمَّا,عما,FUSED_AN_MA,عن + ما,1,,NONE — flagged for operator review only
16,النحل,7,16:7,إِلَّا,إلا,FUSED_IN_LA,إن + لا,1,,NONE — flagged for operator review only
16,النحل,25,16:25,أَلَا,ألا,PARTICLE_A_LA,أ + لا,1,"CONTESTED: the inceptive particle أَلَا. Reading it as interrogative hamza + لا is one analysis among several; many grammarians treat it as a simple particle. Listed so the choice is yours, not the pipeline's.",NONE — flagged for operator review only
16,النحل,30,16:30,هَذِهِ,هذه,FUSED_HA_DEM,ها + ذه,1,,NONE — flagged for operator review only
16,النحل,33,16:33,إِلَّا,إلا,FUSED_IN_LA,إن + لا,1,,NONE — flagged for operator review only
16,النحل,35,16:35,إِلَّا,إلا,FUSED_IN_LA,إن + لا,1,,NONE — flagged for operator review only
16,النحل,40,16:40,إِنَّمَا,إنما,FUSED_INNA_MA,إن + ما,1,,NONE — flagged for operator review only
16,النحل,43,16:43,إِلَّا,إلا,FUSED_IN_LA,إن + لا,1,,NONE — flagged for operator review only
16,النحل,51,16:51,إِنَّمَا,إنما,FUSED_INNA_MA,إن + ما,1,,NONE — flagged for operator review only
16,النحل,56,16:56,مِمَّا,مما,FUSED_MIN_MA,من + ما,1,,NONE — flagged for operator review only
16,النحل,56,16:56,عَمَّا,عما,FUSED_AN_MA,عن + ما,1,,NONE — flagged for operator review only
16,النحل,59,16:59,أَلَا,ألا,PARTICLE_A_LA,أ + لا,1,"CONTESTED: the inceptive particle أَلَا. Reading it as interrogative hamza + لا is one analysis among several; many grammarians treat it as a simple particle. Listed so the choice is yours, not the pipeline's.",NONE — flagged for operator review only
16,النحل,64,16:64,إِلَّا,إلا,FUSED_IN_LA,إن + لا,1,,NONE — flagged for operator review only
16,النحل,66,16:66,مِمَّا,مما,FUSED_MIN_MA,من + ما,1,,NONE — flagged for operator review only
16,النحل,76,16:76,أَيْنَمَا,أينما,FUSED_AYNA_MA,أين + ما,1,,NONE — flagged for operator review only
16,النحل,77,16:77,إِلَّا,إلا,FUSED_IN_LA,إن + لا,1,,NONE — flagged for operator review only
16,النحل,79,16:79,إِلَّا,إلا,FUSED_IN_LA,إن + لا,1,,NONE — flagged for operator review only
16,النحل,81,16:81,مِمَّا,مما,FUSED_MIN_MA,من + ما,1,,NONE — flagged for operator review only
16,النحل,86,16:86,هَؤُلَاءِ,هؤلاء,FUSED_HA_DEM,ها + أولاء,1,,NONE — flagged for operator review only
16,النحل,87,16:87,يَوْمَئِذٍ,يومئذ,FUSED_IDH,يوم + إذ,1,,NONE — flagged for operator review only
16,النحل,89,16:89,هَؤُلَاءِ,هؤلاء,FUSED_HA_DEM,ها + أولاء,1,,NONE — flagged for operator review only
16,النحل,92,16:92,إِنَّمَا,إنما,FUSED_INNA_MA,إن + ما,1,,NONE — flagged for operator review only
16,النحل,93,16:93,عَمَّا,عما,FUSED_AN_MA,عن + ما,1,,NONE — flagged for operator review only
16,النحل,95,16:95,إِنَّمَا,إنما,FUSED_INNA_MA,إن + ما,1,,NONE — flagged for operator review only
16,النحل,100,16:100,إِنَّمَا,إنما,FUSED_INNA_MA,إن + ما,1,,NONE — flagged for operator review only
16,النحل,101,16:101,إِنَّمَا,إنما,FUSED_INNA_MA,إن + ما,1,,NONE — flagged for operator review only
16,النحل,103,16:103,إِنَّمَا,إنما,FUSED_INNA_MA,إن + ما,1,,NONE — flagged for operator review only
16,النحل,105,16:105,إِنَّمَا,إنما,FUSED_INNA_MA,إن + ما,1,,NONE — flagged for operator review only
16,النحل,106,16:106,إِلَّا,إلا,FUSED_IN_LA,إن + لا,1,,NONE — flagged for operator review only
16,النحل,114,16:114,مِمَّا,مما,FUSED_MIN_MA,من + ما,1,,NONE — flagged for operator review only
16,النحل,115,16:115,إِنَّمَا,إنما,FUSED_INNA_MA,إن + ما,1,,NONE — flagged for operator review only
16,النحل,116,16:116,هَذَا,هذا,FUSED_HA_DEM,ها + ذا,1,,NONE — flagged for operator review only
16,النحل,124,16:124,إِنَّمَا,إنما,FUSED_INNA_MA,إن + ما,1,,NONE — flagged for operator review only
16,النحل,127,16:127,إِلَّا,إلا,FUSED_IN_LA,إن + لا,1,,NONE — flagged for operator review only
16,النحل,127,16:127,مِمَّا,مما,FUSED_MIN_MA,من + ما,1,,NONE — flagged for operator review only
17,الإسراء,2,17:2,أَلَّا,ألا,FUSED_AN_LA,أن + لا,1,,NONE — flagged for operator review only
17,الإسراء,9,17:9,هَذَا,هذا,FUSED_HA_DEM,ها + ذا,1,,NONE — flagged for operator review only
17,الإسراء,20,17:20,هَؤُلَاءِ,هؤلاء,FUSED_HA_DEM,ها + أولاء,1,,NONE — flagged for operator review only
17,الإسراء,23,17:23,أَلَّا,ألا,FUSED_AN_LA,أن + لا,1,,NONE — flagged for operator review only
17,الإسراء,23,17:23,إِلَّا,إلا,FUSED_IN_LA,إن + لا,1,,NONE — flagged for operator review only
17,الإسراء,23,17:23,إِمَّا,إما,FUSED_IN_MA,إن + ما,1,,NONE — flagged for operator review only
17,الإسراء,33,17:33,إِلَّا,إلا,FUSED_IN_LA,إن + لا,1,,NONE — flagged for operator review only
17,الإسراء,34,17:34,إِلَّا,إلا,FUSED_IN_LA,إن + لا,1,,NONE — flagged for operator review only
17,الإسراء,39,17:39,مِمَّا,مما,FUSED_MIN_MA,من + ما,1,,NONE — flagged for operator review only
17,الإسراء,41,17:41,هَذَا,هذا,FUSED_HA_DEM,ها + ذا,1,,NONE — flagged for operator review only
17,الإسراء,41,17:41,إِلَّا,إلا,FUSED_IN_LA,إن + لا,1,,NONE — flagged for operator review only
17,الإسراء,43,17:43,عَمَّا,عما,FUSED_AN_MA,عن + ما,1,,NONE — flagged for operator review only
17,الإسراء,44,17:44,إِلَّا,إلا,FUSED_IN_LA,إن + لا,1,,NONE — flagged for operator review only
17,الإسراء,47,17:47,إِلَّا,إلا,FUSED_IN_LA,إن + لا,1,,NONE — flagged for operator review only
17,الإسراء,51,17:51,مِمَّا,مما,FUSED_MIN_MA,من + ما,1,,NONE — flagged for operator review only
17,الإسراء,52,17:52,إِلَّا,إلا,FUSED_IN_LA,إن + لا,1,,NONE — flagged for operator review only
17,الإسراء,58,17:58,إِلَّا,إلا,FUSED_IN_LA,إن + لا,1,,NONE — flagged for operator review only
17,الإسراء,59,17:59,إِلَّا,إلا,FUSED_IN_LA,إن + لا,1,,NONE — flagged for operator review only
17,الإسراء,59,17:59,إِلَّا,إلا,FUSED_IN_LA,إن + لا,1,,NONE — flagged for operator review only
17,الإسراء,60,17:60,إِلَّا,إلا,FUSED_IN_LA,إن + لا,1,,NONE — flagged for operator review only
17,الإسراء,60,17:60,إِلَّا,إلا,FUSED_IN_LA,إن + لا,1,,NONE — flagged for operator review only
17,الإسراء,61,17:61,إِلَّا,إلا,FUSED_IN_LA,إن + لا,1,,NONE — flagged for operator review only
17,الإسراء,62,17:62,هَذَا,هذا,FUSED_HA_DEM,ها + ذا,1,,NONE — flagged for operator review only
17,الإسراء,62,17:62,إِلَّا,إلا,FUSED_IN_LA,إن + لا,1,,NONE — flagged for operator review only
17,الإسراء,64,17:64,إِلَّا,إلا,FUSED_IN_LA,إن + لا,1,,NONE — flagged for operator review only
17,الإسراء,67,17:67,إِلَّا,إلا,FUSED_IN_LA,إن + لا,1,,NONE — flagged for operator review only
17,الإسراء,70,17:70,مِمَّنْ,ممن,FUSED_MIN_MAN,من + من,1,,NONE — flagged for operator review only
17,الإسراء,72,17:72,هَذِهِ,هذه,FUSED_HA_DEM,ها + ذه,1,,NONE — flagged for operator review only
17,الإسراء,76,17:76,إِلَّا,إلا,FUSED_IN_LA,إن + لا,1,,NONE — flagged for operator review only
17,الإسراء,82,17:82,إِلَّا,إلا,FUSED_IN_LA,إن + لا,1,,NONE — flagged for operator review only
17,الإسراء,85,17:85,إِلَّا,إلا,FUSED_IN_LA,إن + لا,1,,NONE — flagged for operator review only
17,الإسراء,87,17:87,إِلَّا,إلا,FUSED_IN_LA,إن + لا,1,,NONE — flagged for operator review only
17,الإسراء,88,17:88,هَذَا,هذا,FUSED_HA_DEM,ها + ذا,1,,NONE — flagged for operator review only
17,الإسراء,89,17:89,هَذَا,هذا,FUSED_HA_DEM,ها + ذا,1,,NONE — flagged for operator review only
17,الإسراء,89,17:89,إِلَّا,إلا,FUSED_IN_LA,إن + لا,1,,NONE — flagged for operator review only
17,الإسراء,93,17:93,إِلَّا,إلا,FUSED_IN_LA,إن + لا,1,,NONE — flagged for operator review only
17,الإسراء,94,17:94,إِلَّا,إلا,FUSED_IN_LA,إن + لا,1,,NONE — flagged for operator review only
17,الإسراء,97,17:97,كُلَّمَا,كلما,FUSED_KULLA_MA,كل + ما,1,,NONE — flagged for operator review only
17,الإسراء,99,17:99,إِلَّا,إلا,FUSED_IN_LA,إن + لا,1,,NONE — flagged for operator review only
17,الإسراء,102,17:102,هَؤُلَاءِ,هؤلاء,FUSED_HA_DEM,ها + أولاء,1,,NONE — flagged for operator review only
17,الإسراء,102,17:102,إِلَّا,إلا,FUSED_IN_LA,إن + لا,1,,NONE — flagged for operator review only
17,الإسراء,105,17:105,إِلَّا,إلا,FUSED_IN_LA,إن + لا,1,,NONE — flagged for operator review only
18,الكهف,5,18:5,إِلَّا,إلا,FUSED_IN_LA,إن + لا,1,,NONE — flagged for operator review only
18,الكهف,15,18:15,هَؤُلَاءِ,هؤلاء,FUSED_HA_DEM,ها + أولاء,1,,NONE — flagged for operator review only
18,الكهف,15,18:15,مِمَّنِ,ممن,FUSED_MIN_MAN,من + من,1,,NONE — flagged for operator review only
18,الكهف,16,18:16,إِلَّا,إلا,FUSED_IN_LA,إن + لا,1,,NONE — flagged for operator review only
18,الكهف,19,18:19,هَذِهِ,هذه,FUSED_HA_DEM,ها + ذه,1,,NONE — flagged for operator review only
18,الكهف,19,18:19,أَيُّهَا,أيها,FUSED_AYYUHA,أي + ها,1,,NONE — flagged for operator review only
18,الكهف,22,18:22,إِلَّا,إلا,FUSED_IN_LA,إن + لا,1,,NONE — flagged for operator review only
18,الكهف,22,18:22,إِلَّا,إلا,FUSED_IN_LA,إن + لا,1,,NONE — flagged for operator review only
18,الكهف,24,18:24,إِلَّا,إلا,FUSED_IN_LA,إن + لا,1,,NONE — flagged for operator review only
18,الكهف,24,18:24,هَذَا,هذا,FUSED_HA_DEM,ها + ذا,1,,NONE — flagged for operator review only
18,الكهف,35,18:35,هَذِهِ,هذه,FUSED_HA_DEM,ها + ذه,1,,NONE — flagged for operator review only
18,الكهف,39,18:39,إِلَّا,إلا,FUSED_IN_LA,إن + لا,1,,NONE — flagged for operator review only
18,الكهف,48,18:48,أَلَّنْ,ألن,FUSED_AN_LAN,أن + لن,1,,NONE — flagged for operator review only
18,الكهف,49,18:49,مِمَّا,مما,FUSED_MIN_MA,من + ما,1,,NONE — flagged for operator review only
18,الكهف,49,18:49,مَالِ,مال,FUSED_MA_LI,ما + لـ,1,PARTIALLY AMBIGUOUS: vocalization narrows this to 3 tokens but does not fully resolve them. 18:49 and 25:7 are the fusion (ما + لـ); 24:33 (مَالِ اللَّهِ) is the noun 'wealth' in the genitive. Only context separates these — review individually.,NONE — flagged for operator review only
18,الكهف,49,18:49,هَذَا,هذا,FUSED_HA_DEM,ها + ذا,1,,NONE — flagged for operator review only
18,الكهف,49,18:49,إِلَّا,إلا,FUSED_IN_LA,إن + لا,1,,NONE — flagged for operator review only
18,الكهف,50,18:50,إِلَّا,إلا,FUSED_IN_LA,إن + لا,1,,NONE — flagged for operator review only
18,الكهف,54,18:54,هَذَا,هذا,FUSED_HA_DEM,ها + ذا,1,,NONE — flagged for operator review only
18,الكهف,55,18:55,إِلَّا,إلا,FUSED_IN_LA,إن + لا,1,,NONE — flagged for operator review only
18,الكهف,56,18:56,إِلَّا,إلا,FUSED_IN_LA,إن + لا,1,,NONE — flagged for operator review only
18,الكهف,57,18:57,مِمَّنْ,ممن,FUSED_MIN_MAN,من + من,1,,NONE — flagged for operator review only
18,الكهف,62,18:62,هَذَا,هذا,FUSED_HA_DEM,ها + ذا,1,,NONE — flagged for operator review only
18,الكهف,63,18:63,إِلَّا,إلا,FUSED_IN_LA,إن + لا,1,,NONE — flagged for operator review only
18,الكهف,66,18:66,مِمَّا,مما,FUSED_MIN_MA,من + ما,1,,NONE — flagged for operator review only
18,الكهف,78,18:78,هَذَا,هذا,FUSED_HA_DEM,ها + ذا,1,,NONE — flagged for operator review only
18,الكهف,79,18:79,أَمَّا,أما,FUSED_AM_MA,أم + ما,1,,NONE — flagged for operator review only
18,الكهف,86,18:86,إِمَّا,إما,FUSED_IN_MA,إن + ما,1,,NONE — flagged for operator review only
18,الكهف,87,18:87,أَمَّا,أما,FUSED_AM_MA,أم + ما,1,,NONE — flagged for operator review only
18,الكهف,98,18:98,هَذَا,هذا,FUSED_HA_DEM,ها + ذا,1,,NONE — flagged for operator review only
18,الكهف,99,18:99,يَوْمَئِذٍ,يومئذ,FUSED_IDH,يوم + إذ,1,,NONE — flagged for operator review only
18,الكهف,100,18:100,يَوْمَئِذٍ,يومئذ,FUSED_IDH,يوم + إذ,1,,NONE — flagged for operator review only
18,الكهف,110,18:110,إِنَّمَا,إنما,FUSED_INNA_MA,إن + ما,1,,NONE — flagged for operator review only
18,الكهف,110,18:110,أَنَّمَا,أنما,FUSED_ANNA_MA,أن + ما,1,,NONE — flagged for operator review only
19,مريم,10,19:10,أَلَّا,ألا,FUSED_AN_LA,أن + لا,1,,NONE — flagged for operator review only
19,مريم,19,19:19,إِنَّمَا,إنما,FUSED_INNA_MA,إن + ما,1,,NONE — flagged for operator review only
19,مريم,23,19:23,هَذَا,هذا,FUSED_HA_DEM,ها + ذا,1,,NONE — flagged for operator review only
19,مريم,24,19:24,أَلَّا,ألا,FUSED_AN_LA,أن + لا,1,,NONE — flagged for operator review only
19,مريم,36,19:36,هَذَا,هذا,FUSED_HA_DEM,ها + ذا,1,,NONE — flagged for operator review only
19,مريم,42,19:42,لِمَ,لم,FUSED_LI_MA,لـ + ما,1,,NONE — flagged for operator review only
19,مريم,48,19:48,أَلَّا,ألا,FUSED_AN_LA,أن + لا,1,,NONE — flagged for operator review only
19,مريم,60,19:60,إِلَّا,إلا,FUSED_IN_LA,إن + لا,1,,NONE — flagged for operator review only
19,مريم,62,19:62,إِلَّا,إلا,FUSED_IN_LA,إن + لا,1,,NONE — flagged for operator review only
19,مريم,64,19:64,إِلَّا,إلا,FUSED_IN_LA,إن + لا,1,,NONE — flagged for operator review only
19,مريم,71,19:71,إِلَّا,إلا,FUSED_IN_LA,إن + لا,1,,NONE — flagged for operator review only
19,مريم,75,19:75,إِمَّا,إما,FUSED_IN_MA,إن + ما,1,,NONE — flagged for operator review only
19,مريم,84,19:84,إِنَّمَا,إنما,FUSED_INNA_MA,إن + ما,1,,NONE — flagged for operator review only
19,مريم,87,19:87,إِلَّا,إلا,FUSED_IN_LA,إن + لا,1,,NONE — flagged for operator review only
19,مريم,93,19:93,إِلَّا,إلا,FUSED_IN_LA,إن + لا,1,,NONE — flagged for operator review only
20,طه,3,20:3,إِلَّا,إلا,FUSED_IN_LA,إن + لا,1,,NONE — flagged for operator review only
20,طه,4,20:4,مِمَّنْ,ممن,FUSED_MIN_MAN,من + من,1,,NONE — flagged for operator review only
20,طه,8,20:8,إِلَّا,إلا,FUSED_IN_LA,إن + لا,1,,NONE — flagged for operator review only
20,طه,14,20:14,إِلَّا,إلا,FUSED_IN_LA,إن + لا,1,,NONE — flagged for operator review only
20,طه,63,20:63,هَذَانِ,هذان,FUSED_HA_DEM,ها + ذان,1,,NONE — flagged for operator review only
20,طه,65,20:65,إِمَّا,إما,FUSED_IN_MA,إن + ما,1,,NONE — flagged for operator review only
20,طه,69,20:69,إِنَّمَا,إنما,FUSED_INNA_MA,إن + ما,1,,NONE — flagged for operator review only
20,طه,72,20:72,إِنَّمَا,إنما,FUSED_INNA_MA,إن + ما,1,,NONE — flagged for operator review only
20,طه,72,20:72,هَذِهِ,هذه,FUSED_HA_DEM,ها + ذه,1,,NONE — flagged for operator review only
20,طه,88,20:88,هَذَا,هذا,FUSED_HA_DEM,ها + ذا,1,,NONE — flagged for operator review only
20,طه,89,20:89,أَلَّا,ألا,FUSED_AN_LA,أن + لا,1,,NONE — flagged for operator review only
20,طه,90,20:90,إِنَّمَا,إنما,FUSED_INNA_MA,إن + ما,1,,NONE — flagged for operator review only
20,طه,93,20:93,أَلَّا,ألا,FUSED_AN_LA,أن + لا,1,,NONE — flagged for operator review only
20,طه,94,20:94,يَبْنَؤُمَّ,يبنؤم,FUSED_YABNA_UMMA,يا + ابن + أم,2,,NONE — flagged for operator review only
20,طه,98,20:98,إِنَّمَا,إنما,FUSED_INNA_MA,إن + ما,1,,NONE — flagged for operator review only
20,طه,98,20:98,إِلَّا,إلا,FUSED_IN_LA,إن + لا,1,,NONE — flagged for operator review only
20,طه,102,20:102,يَوْمَئِذٍ,يومئذ,FUSED_IDH,يوم + إذ,1,,NONE — flagged for operator review only
20,طه,103,20:103,إِلَّا,إلا,FUSED_IN_LA,إن + لا,1,,NONE — flagged for operator review only
20,طه,104,20:104,إِلَّا,إلا,FUSED_IN_LA,إن + لا,1,,NONE — flagged for operator review only
20,طه,108,20:108,يَوْمَئِذٍ,يومئذ,FUSED_IDH,يوم + إذ,1,,NONE — flagged for operator review only
20,طه,108,20:108,إِلَّا,إلا,FUSED_IN_LA,إن + لا,1,,NONE — flagged for operator review only
20,طه,109,20:109,يَوْمَئِذٍ,يومئذ,FUSED_IDH,يوم + إذ,1,,NONE — flagged for operator review only
20,طه,109,20:109,إِلَّا,إلا,FUSED_IN_LA,إن + لا,1,,NONE — flagged for operator review only
20,طه,116,20:116,إِلَّا,إلا,FUSED_IN_LA,إن + لا,1,,NONE — flagged for operator review only
20,طه,117,20:117,هَذَا,هذا,FUSED_HA_DEM,ها + ذا,1,,NONE — flagged for operator review only
20,طه,118,20:118,أَلَّا,ألا,FUSED_AN_LA,أن + لا,1,,NONE — flagged for operator review only
20,طه,125,20:125,لِمَ,لم,FUSED_LI_MA,لـ + ما,1,,NONE — flagged for operator review only
21,الأنبياء,2,21:2,إِلَّا,إلا,FUSED_IN_LA,إن + لا,1,,NONE — flagged for operator review only
21,الأنبياء,3,21:3,هَذَا,هذا,FUSED_HA_DEM,ها + ذا,1,,NONE — flagged for operator review only
21,الأنبياء,3,21:3,إِلَّا,إلا,FUSED_IN_LA,إن + لا,1,,NONE — flagged for operator review only
21,الأنبياء,7,21:7,إِلَّا,إلا,FUSED_IN_LA,إن + لا,1,,NONE — flagged for operator review only
21,الأنبياء,18,21:18,مِمَّا,مما,FUSED_MIN_MA,من + ما,1,,NONE — flagged for operator review only
21,الأنبياء,22,21:22,إِلَّا,إلا,FUSED_IN_LA,إن + لا,1,,NONE — flagged for operator review only
21,الأنبياء,22,21:22,عَمَّا,عما,FUSED_AN_MA,عن + ما,1,,NONE — flagged for operator review only
21,الأنبياء,23,21:23,عَمَّا,عما,FUSED_AN_MA,عن + ما,1,,NONE — flagged for operator review only
21,الأنبياء,24,21:24,هَذَا,هذا,FUSED_HA_DEM,ها + ذا,1,,NONE — flagged for operator review only
21,الأنبياء,25,21:25,إِلَّا,إلا,FUSED_IN_LA,إن + لا,1,,NONE — flagged for operator review only
21,الأنبياء,25,21:25,إِلَّا,إلا,FUSED_IN_LA,إن + لا,1,,NONE — flagged for operator review only
21,الأنبياء,28,21:28,إِلَّا,إلا,FUSED_IN_LA,إن + لا,1,,NONE — flagged for operator review only
21,الأنبياء,36,21:36,إِلَّا,إلا,FUSED_IN_LA,إن + لا,1,,NONE — flagged for operator review only
21,الأنبياء,38,21:38,هَذَا,هذا,FUSED_HA_DEM,ها + ذا,1,,NONE — flagged for operator review only
21,الأنبياء,44,21:44,هَؤُلَاءِ,هؤلاء,FUSED_HA_DEM,ها + أولاء,1,,NONE — flagged for operator review only
21,الأنبياء,45,21:45,إِنَّمَا,إنما,FUSED_INNA_MA,إن + ما,1,,NONE — flagged for operator review only
21,الأنبياء,52,21:52,هَذِهِ,هذه,FUSED_HA_DEM,ها + ذه,1,,NONE — flagged for operator review only
21,الأنبياء,58,21:58,إِلَّا,إلا,FUSED_IN_LA,إن + لا,1,,NONE — flagged for operator review only
21,الأنبياء,59,21:59,هَذَا,هذا,FUSED_HA_DEM,ها + ذا,1,,NONE — flagged for operator review only
21,الأنبياء,62,21:62,هَذَا,هذا,FUSED_HA_DEM,ها + ذا,1,,NONE — flagged for operator review only
21,الأنبياء,63,21:63,هَذَا,هذا,FUSED_HA_DEM,ها + ذا,1,,NONE — flagged for operator review only
21,الأنبياء,65,21:65,هَؤُلَاءِ,هؤلاء,FUSED_HA_DEM,ها + أولاء,1,,NONE — flagged for operator review only
21,الأنبياء,87,21:87,إِلَّا,إلا,FUSED_IN_LA,إن + لا,1,,NONE — flagged for operator review only
21,الأنبياء,92,21:92,هَذِهِ,هذه,FUSED_HA_DEM,ها + ذه,1,,NONE — flagged for operator review only
21,الأنبياء,97,21:97,هَذَا,هذا,FUSED_HA_DEM,ها + ذا,1,,NONE — flagged for operator review only
21,الأنبياء,99,21:99,هَؤُلَاءِ,هؤلاء,FUSED_HA_DEM,ها + أولاء,1,,NONE — flagged for operator review only
21,الأنبياء,103,21:103,هَذَا,هذا,FUSED_HA_DEM,ها + ذا,1,,NONE — flagged for operator review only
21,الأنبياء,106,21:106,هَذَا,هذا,FUSED_HA_DEM,ها + ذا,1,,NONE — flagged for operator review only
21,الأنبياء,107,21:107,إِلَّا,إلا,FUSED_IN_LA,إن + لا,1,,NONE — flagged for operator review only
21,الأنبياء,108,21:108,إِنَّمَا,إنما,FUSED_INNA_MA,إن + ما,1,,NONE — flagged for operator review only
21,الأنبياء,108,21:108,أَنَّمَا,أنما,FUSED_ANNA_MA,أن + ما,1,,NONE — flagged for operator review only
22,الحج,1,22:1,أَيُّهَا,أيها,FUSED_AYYUHA,أي + ها,1,,NONE — flagged for operator review only
22,الحج,2,22:2,عَمَّا,عما,FUSED_AN_MA,عن + ما,1,,NONE — flagged for operator review only
22,الحج,5,22:5,أَيُّهَا,أيها,FUSED_AYYUHA,أي + ها,1,,NONE — flagged for operator review only
22,الحج,19,22:19,هَذَانِ,هذان,FUSED_HA_DEM,ها + ذان,1,,NONE — flagged for operator review only
22,الحج,22,22:22,كُلَّمَا,كلما,FUSED_KULLA_MA,كل + ما,1,,NONE — flagged for operator review only
22,الحج,30,22:30,إِلَّا,إلا,FUSED_IN_LA,إن + لا,1,,NONE — flagged for operator review only
22,الحج,40,22:40,إِلَّا,إلا,FUSED_IN_LA,إن + لا,1,,NONE — flagged for operator review only
22,الحج,47,22:47,مِمَّا,مما,FUSED_MIN_MA,من + ما,1,,NONE — flagged for operator review only
22,الحج,49,22:49,أَيُّهَا,أيها,FUSED_AYYUHA,أي + ها,1,,NONE — flagged for operator review only
22,الحج,49,22:49,إِنَّمَا,إنما,FUSED_INNA_MA,إن + ما,1,,NONE — flagged for operator review only
22,الحج,52,22:52,إِلَّا,إلا,FUSED_IN_LA,إن + لا,1,,NONE — flagged for operator review only
22,الحج,56,22:56,يَوْمَئِذٍ,يومئذ,FUSED_IDH,يوم + إذ,1,,NONE — flagged for operator review only
22,الحج,65,22:65,إِلَّا,إلا,FUSED_IN_LA,إن + لا,1,,NONE — flagged for operator review only
22,الحج,73,22:73,أَيُّهَا,أيها,FUSED_AYYUHA,أي + ها,1,,NONE — flagged for operator review only
22,الحج,77,22:77,أَيُّهَا,أيها,FUSED_AYYUHA,أي + ها,1,,NONE — flagged for operator review only
22,الحج,78,22:78,هَذَا,هذا,FUSED_HA_DEM,ها + ذا,1,,NONE — flagged for operator review only
23,المؤمنون,6,23:6,إِلَّا,إلا,FUSED_IN_LA,إن + لا,1,,NONE — flagged for operator review only
23,المؤمنون,21,23:21,مِمَّا,مما,FUSED_MIN_MA,من + ما,1,,NONE — flagged for operator review only
23,المؤمنون,24,23:24,هَذَا,هذا,FUSED_HA_DEM,ها + ذا,1,,NONE — flagged for operator review only
23,المؤمنون,24,23:24,إِلَّا,إلا,FUSED_IN_LA,إن + لا,1,,NONE — flagged for operator review only
23,المؤمنون,25,23:25,إِلَّا,إلا,FUSED_IN_LA,إن + لا,1,,NONE — flagged for operator review only
23,المؤمنون,27,23:27,إِلَّا,إلا,FUSED_IN_LA,إن + لا,1,,NONE — flagged for operator review only
23,المؤمنون,33,23:33,هَذَا,هذا,FUSED_HA_DEM,ها + ذا,1,,NONE — flagged for operator review only
23,المؤمنون,33,23:33,إِلَّا,إلا,FUSED_IN_LA,إن + لا,1,,NONE — flagged for operator review only
23,المؤمنون,33,23:33,مِمَّا,مما,FUSED_MIN_MA,من + ما,1,,NONE — flagged for operator review only
23,المؤمنون,33,23:33,مِمَّا,مما,FUSED_MIN_MA,من + ما,1,,NONE — flagged for operator review only
23,المؤمنون,37,23:37,إِلَّا,إلا,FUSED_IN_LA,إن + لا,1,,NONE — flagged for operator review only
23,المؤمنون,38,23:38,إِلَّا,إلا,FUSED_IN_LA,إن + لا,1,,NONE — flagged for operator review only
23,المؤمنون,40,23:40,عَمَّا,عما,FUSED_AN_MA,عن + ما,1,,NONE — flagged for operator review only
23,المؤمنون,51,23:51,أَيُّهَا,أيها,FUSED_AYYUHA,أي + ها,1,,NONE — flagged for operator review only
23,المؤمنون,52,23:52,هَذِهِ,هذه,FUSED_HA_DEM,ها + ذه,1,,NONE — flagged for operator review only
23,المؤمنون,55,23:55,أَنَّمَا,أنما,FUSED_ANNA_MA,أن + ما,1,,NONE — flagged for operator review only
23,المؤمنون,62,23:62,إِلَّا,إلا,FUSED_IN_LA,إن + لا,1,,NONE — flagged for operator review only
23,المؤمنون,63,23:63,هَذَا,هذا,FUSED_HA_DEM,ها + ذا,1,,NONE — flagged for operator review only
23,المؤمنون,83,23:83,هَذَا,هذا,FUSED_HA_DEM,ها + ذا,1,,NONE — flagged for operator review only
23,المؤمنون,83,23:83,هَذَا,هذا,FUSED_HA_DEM,ها + ذا,1,,NONE — flagged for operator review only
23,المؤمنون,83,23:83,إِلَّا,إلا,FUSED_IN_LA,إن + لا,1,,NONE — flagged for operator review only
23,المؤمنون,91,23:91,عَمَّا,عما,FUSED_AN_MA,عن + ما,1,,NONE — flagged for operator review only
23,المؤمنون,92,23:92,عَمَّا,عما,FUSED_AN_MA,عن + ما,1,,NONE — flagged for operator review only
23,المؤمنون,93,23:93,إِمَّا,إما,FUSED_IN_MA,إن + ما,1,,NONE — flagged for operator review only
23,المؤمنون,101,23:101,يَوْمَئِذٍ,يومئذ,FUSED_IDH,يوم + إذ,1,,NONE — flagged for operator review only
23,المؤمنون,114,23:114,إِلَّا,إلا,FUSED_IN_LA,إن + لا,1,,NONE — flagged for operator review only
23,المؤمنون,115,23:115,أَنَّمَا,أنما,FUSED_ANNA_MA,أن + ما,1,,NONE — flagged for operator review only
23,المؤمنون,116,23:116,إِلَّا,إلا,FUSED_IN_LA,إن + لا,1,,NONE — flagged for operator review only
24,النور,3,24:3,إِلَّا,إلا,FUSED_IN_LA,إن + لا,1,,NONE — flagged for operator review only
24,النور,3,24:3,إِلَّا,إلا,FUSED_IN_LA,إن + لا,1,,NONE — flagged for operator review only
24,النور,5,24:5,إِلَّا,إلا,FUSED_IN_LA,إن + لا,1,,NONE — flagged for operator review only
24,النور,6,24:6,إِلَّا,إلا,FUSED_IN_LA,إن + لا,1,,NONE — flagged for operator review only
24,النور,12,24:12,هَذَا,هذا,FUSED_HA_DEM,ها + ذا,1,,NONE — flagged for operator review only
24,النور,16,24:16,هَذَا,هذا,FUSED_HA_DEM,ها + ذا,1,,NONE — flagged for operator review only
24,النور,21,24:21,أَيُّهَا,أيها,FUSED_AYYUHA,أي + ها,1,,NONE — flagged for operator review only
24,النور,22,24:22,أَلَا,ألا,PARTICLE_A_LA,أ + لا,1,"CONTESTED: the inceptive particle أَلَا. Reading it as interrogative hamza + لا is one analysis among several; many grammarians treat it as a simple particle. Listed so the choice is yours, not the pipeline's.",NONE — flagged for operator review only
24,النور,25,24:25,يَوْمَئِذٍ,يومئذ,FUSED_IDH,يوم + إذ,1,,NONE — flagged for operator review only
24,النور,26,24:26,مِمَّا,مما,FUSED_MIN_MA,من + ما,1,,NONE — flagged for operator review only
24,النور,27,24:27,أَيُّهَا,أيها,FUSED_AYYUHA,أي + ها,1,,NONE — flagged for operator review only
24,النور,31,24:31,إِلَّا,إلا,FUSED_IN_LA,إن + لا,1,,NONE — flagged for operator review only
24,النور,31,24:31,إِلَّا,إلا,FUSED_IN_LA,إن + لا,1,,NONE — flagged for operator review only
24,النور,33,24:33,مِمَّا,مما,FUSED_MIN_MA,من + ما,1,,NONE — flagged for operator review only
24,النور,33,24:33,مَالِ,مال,FUSED_MA_LI,ما + لـ,1,PARTIALLY AMBIGUOUS: vocalization narrows this to 3 tokens but does not fully resolve them. 18:49 and 25:7 are the fusion (ما + لـ); 24:33 (مَالِ اللَّهِ) is the noun 'wealth' in the genitive. Only context separates these — review individually.,NONE — flagged for operator review only
24,النور,51,24:51,إِنَّمَا,إنما,FUSED_INNA_MA,إن + ما,1,,NONE — flagged for operator review only
24,النور,54,24:54,إِلَّا,إلا,FUSED_IN_LA,إن + لا,1,,NONE — flagged for operator review only
24,النور,58,24:58,أَيُّهَا,أيها,FUSED_AYYUHA,أي + ها,1,,NONE — flagged for operator review only
24,النور,62,24:62,إِنَّمَا,إنما,FUSED_INNA_MA,إن + ما,1,,NONE — flagged for operator review only
24,النور,64,24:64,أَلَا,ألا,PARTICLE_A_LA,أ + لا,1,"CONTESTED: the inceptive particle أَلَا. Reading it as interrogative hamza + لا is one analysis among several; many grammarians treat it as a simple particle. Listed so the choice is yours, not the pipeline's.",NONE — flagged for operator review only
25,الفرقان,4,25:4,هَذَا,هذا,FUSED_HA_DEM,ها + ذا,1,,NONE — flagged for operator review only
25,الفرقان,4,25:4,إِلَّا,إلا,FUSED_IN_LA,إن + لا,1,,NONE — flagged for operator review only
25,الفرقان,7,25:7,مَالِ,مال,FUSED_MA_LI,ما + لـ,1,PARTIALLY AMBIGUOUS: vocalization narrows this to 3 tokens but does not fully resolve them. 18:49 and 25:7 are the fusion (ما + لـ); 24:33 (مَالِ اللَّهِ) is the noun 'wealth' in the genitive. Only context separates these — review individually.,NONE — flagged for operator review only
25,الفرقان,7,25:7,هَذَا,هذا,FUSED_HA_DEM,ها + ذا,1,,NONE — flagged for operator review only
25,الفرقان,8,25:8,إِلَّا,إلا,FUSED_IN_LA,إن + لا,1,,NONE — flagged for operator review only
25,الفرقان,17,25:17,هَؤُلَاءِ,هؤلاء,FUSED_HA_DEM,ها + أولاء,1,,NONE — flagged for operator review only
25,الفرقان,20,25:20,إِلَّا,إلا,FUSED_IN_LA,إن + لا,1,,NONE — flagged for operator review only
25,الفرقان,22,25:22,يَوْمَئِذٍ,يومئذ,FUSED_IDH,يوم + إذ,1,,NONE — flagged for operator review only
25,الفرقان,24,25:24,يَوْمَئِذٍ,يومئذ,FUSED_IDH,يوم + إذ,1,,NONE — flagged for operator review only
25,الفرقان,26,25:26,يَوْمَئِذٍ,يومئذ,FUSED_IDH,يوم + إذ,1,,NONE — flagged for operator review only
25,الفرقان,28,25:28,وَيْلَتَى,ويلتى,FUSED_WAYLATA,وي + لتى,1,,NONE — flagged for operator review only
25,الفرقان,30,25:30,هَذَا,هذا,FUSED_HA_DEM,ها + ذا,1,,NONE — flagged for operator review only
25,الفرقان,33,25:33,إِلَّا,إلا,FUSED_IN_LA,إن + لا,1,,NONE — flagged for operator review only
25,الفرقان,41,25:41,إِلَّا,إلا,FUSED_IN_LA,إن + لا,1,,NONE — flagged for operator review only
25,الفرقان,44,25:44,إِلَّا,إلا,FUSED_IN_LA,إن + لا,1,,NONE — flagged for operator review only
25,الفرقان,49,25:49,مِمَّا,مما,FUSED_MIN_MA,من + ما,1,,NONE — flagged for operator review only
25,الفرقان,50,25:50,إِلَّا,إلا,FUSED_IN_LA,إن + لا,1,,NONE — flagged for operator review only
25,الفرقان,53,25:53,هَذَا,هذا,FUSED_HA_DEM,ها + ذا,1,,NONE — flagged for operator review only
25,الفرقان,56,25:56,إِلَّا,إلا,FUSED_IN_LA,إن + لا,1,,NONE — flagged for operator review only
25,الفرقان,57,25:57,إِلَّا,إلا,FUSED_IN_LA,إن + لا,1,,NONE — flagged for operator review only
25,الفرقان,68,25:68,إِلَّا,إلا,FUSED_IN_LA,إن + لا,1,,NONE — flagged for operator review only
25,الفرقان,70,25:70,إِلَّا,إلا,FUSED_IN_LA,إن + لا,1,,NONE — flagged for operator review only
26,الشعراء,3,26:3,أَلَّا,ألا,FUSED_AN_LA,أن + لا,1,,NONE — flagged for operator review only
26,الشعراء,5,26:5,إِلَّا,إلا,FUSED_IN_LA,إن + لا,1,,NONE — flagged for operator review only
26,الشعراء,11,26:11,أَلَا,ألا,PARTICLE_A_LA,أ + لا,1,"CONTESTED: the inceptive particle أَلَا. Reading it as interrogative hamza + لا is one analysis among several; many grammarians treat it as a simple particle. Listed so the choice is yours, not the pipeline's.",NONE — flagged for operator review only
26,الشعراء,25,26:25,أَلَا,ألا,PARTICLE_A_LA,أ + لا,1,"CONTESTED: the inceptive particle أَلَا. Reading it as interrogative hamza + لا is one analysis among several; many grammarians treat it as a simple particle. Listed so the choice is yours, not the pipeline's.",NONE — flagged for operator review only
26,الشعراء,34,26:34,هَذَا,هذا,FUSED_HA_DEM,ها + ذا,1,,NONE — flagged for operator review only
26,الشعراء,54,26:54,هَؤُلَاءِ,هؤلاء,FUSED_HA_DEM,ها + أولاء,1,,NONE — flagged for operator review only
26,الشعراء,77,26:77,إِلَّا,إلا,FUSED_IN_LA,إن + لا,1,,NONE — flagged for operator review only
26,الشعراء,89,26:89,إِلَّا,إلا,FUSED_IN_LA,إن + لا,1,,NONE — flagged for operator review only
26,الشعراء,99,26:99,إِلَّا,إلا,FUSED_IN_LA,إن + لا,1,,NONE — flagged for operator review only
26,الشعراء,106,26:106,أَلَا,ألا,PARTICLE_A_LA,أ + لا,1,"CONTESTED: the inceptive particle أَلَا. Reading it as interrogative hamza + لا is one analysis among several; many grammarians treat it as a simple particle. Listed so the choice is yours, not the pipeline's.",NONE — flagged for operator review only
26,الشعراء,109,26:109,إِلَّا,إلا,FUSED_IN_LA,إن + لا,1,,NONE — flagged for operator review only
26,الشعراء,113,26:113,إِلَّا,إلا,FUSED_IN_LA,إن + لا,1,,NONE — flagged for operator review only
26,الشعراء,115,26:115,إِلَّا,إلا,FUSED_IN_LA,إن + لا,1,,NONE — flagged for operator review only
26,الشعراء,124,26:124,أَلَا,ألا,PARTICLE_A_LA,أ + لا,1,"CONTESTED: the inceptive particle أَلَا. Reading it as interrogative hamza + لا is one analysis among several; many grammarians treat it as a simple particle. Listed so the choice is yours, not the pipeline's.",NONE — flagged for operator review only
26,الشعراء,127,26:127,إِلَّا,إلا,FUSED_IN_LA,إن + لا,1,,NONE — flagged for operator review only
26,الشعراء,137,26:137,هَذَا,هذا,FUSED_HA_DEM,ها + ذا,1,,NONE — flagged for operator review only
26,الشعراء,137,26:137,إِلَّا,إلا,FUSED_IN_LA,إن + لا,1,,NONE — flagged for operator review only
26,الشعراء,142,26:142,أَلَا,ألا,PARTICLE_A_LA,أ + لا,1,"CONTESTED: the inceptive particle أَلَا. Reading it as interrogative hamza + لا is one analysis among several; many grammarians treat it as a simple particle. Listed so the choice is yours, not the pipeline's.",NONE — flagged for operator review only
26,الشعراء,145,26:145,إِلَّا,إلا,FUSED_IN_LA,إن + لا,1,,NONE — flagged for operator review only
26,الشعراء,153,26:153,إِنَّمَا,إنما,FUSED_INNA_MA,إن + ما,1,,NONE — flagged for operator review only
26,الشعراء,154,26:154,إِلَّا,إلا,FUSED_IN_LA,إن + لا,1,,NONE — flagged for operator review only
26,الشعراء,155,26:155,هَذِهِ,هذه,FUSED_HA_DEM,ها + ذه,1,,NONE — flagged for operator review only
26,الشعراء,161,26:161,أَلَا,ألا,PARTICLE_A_LA,أ + لا,1,"CONTESTED: the inceptive particle أَلَا. Reading it as interrogative hamza + لا is one analysis among several; many grammarians treat it as a simple particle. Listed so the choice is yours, not the pipeline's.",NONE — flagged for operator review only
26,الشعراء,164,26:164,إِلَّا,إلا,FUSED_IN_LA,إن + لا,1,,NONE — flagged for operator review only
26,الشعراء,169,26:169,مِمَّا,مما,FUSED_MIN_MA,من + ما,1,,NONE — flagged for operator review only
26,الشعراء,171,26:171,إِلَّا,إلا,FUSED_IN_LA,إن + لا,1,,NONE — flagged for operator review only
26,الشعراء,177,26:177,أَلَا,ألا,PARTICLE_A_LA,أ + لا,1,"CONTESTED: the inceptive particle أَلَا. Reading it as interrogative hamza + لا is one analysis among several; many grammarians treat it as a simple particle. Listed so the choice is yours, not the pipeline's.",NONE — flagged for operator review only
26,الشعراء,180,26:180,إِلَّا,إلا,FUSED_IN_LA,إن + لا,1,,NONE — flagged for operator review only
26,الشعراء,185,26:185,إِنَّمَا,إنما,FUSED_INNA_MA,إن + ما,1,,NONE — flagged for operator review only
26,الشعراء,186,26:186,إِلَّا,إلا,FUSED_IN_LA,إن + لا,1,,NONE — flagged for operator review only
26,الشعراء,208,26:208,إِلَّا,إلا,FUSED_IN_LA,إن + لا,1,,NONE — flagged for operator review only
26,الشعراء,216,26:216,مِمَّا,مما,FUSED_MIN_MA,من + ما,1,,NONE — flagged for operator review only
26,الشعراء,227,26:227,إِلَّا,إلا,FUSED_IN_LA,إن + لا,1,,NONE — flagged for operator review only
27,النمل,11,27:11,إِلَّا,إلا,FUSED_IN_LA,إن + لا,1,,NONE — flagged for operator review only
27,النمل,13,27:13,هَذَا,هذا,FUSED_HA_DEM,ها + ذا,1,,NONE — flagged for operator review only
27,النمل,16,27:16,أَيُّهَا,أيها,FUSED_AYYUHA,أي + ها,1,,NONE — flagged for operator review only
27,النمل,16,27:16,هَذَا,هذا,FUSED_HA_DEM,ها + ذا,1,,NONE — flagged for operator review only
27,النمل,18,27:18,أَيُّهَا,أيها,FUSED_AYYUHA,أي + ها,1,,NONE — flagged for operator review only
27,النمل,25,27:25,أَلَّا,ألا,FUSED_AN_LA,أن + لا,1,,NONE — flagged for operator review only
27,النمل,26,27:26,إِلَّا,إلا,FUSED_IN_LA,إن + لا,1,,NONE — flagged for operator review only
27,النمل,28,27:28,هَذَا,هذا,FUSED_HA_DEM,ها + ذا,1,,NONE — flagged for operator review only
27,النمل,29,27:29,أَيُّهَا,أيها,FUSED_AYYUHA,أي + ها,1,,NONE — flagged for operator review only
27,النمل,30,27:30,بِسْمِ,بسم,FUSED_BI_ISM,بـ + اسم,1,,NONE — flagged for operator review only
27,النمل,31,27:31,أَلَّا,ألا,FUSED_AN_LA,أن + لا,1,,NONE — flagged for operator review only
27,النمل,32,27:32,أَيُّهَا,أيها,FUSED_AYYUHA,أي + ها,1,,NONE — flagged for operator review only
27,النمل,35,27:35,بِمَ,بم,FUSED_BI_MA,بـ + ما,1,,NONE — flagged for operator review only
27,النمل,36,27:36,مِمَّا,مما,FUSED_MIN_MA,من + ما,1,,NONE — flagged for operator review only
27,النمل,38,27:38,أَيُّهَا,أيها,FUSED_AYYUHA,أي + ها,1,,NONE — flagged for operator review only
27,النمل,40,27:40,هَذَا,هذا,FUSED_HA_DEM,ها + ذا,1,,NONE — flagged for operator review only
27,النمل,46,27:46,لِمَ,لم,FUSED_LI_MA,لـ + ما,1,,NONE — flagged for operator review only
27,النمل,56,27:56,إِلَّا,إلا,FUSED_IN_LA,إن + لا,1,,NONE — flagged for operator review only
27,النمل,57,27:57,إِلَّا,إلا,FUSED_IN_LA,إن + لا,1,,NONE — flagged for operator review only
27,النمل,59,27:59,أَمَّا,أما,FUSED_AM_MA,أم + ما,1,,NONE — flagged for operator review only
27,النمل,60,27:60,أَمَّنْ,أمن,FUSED_AM_MAN,أم + من,1,,NONE — flagged for operator review only
27,النمل,61,27:61,أَمَّنْ,أمن,FUSED_AM_MAN,أم + من,1,,NONE — flagged for operator review only
27,النمل,62,27:62,أَمَّنْ,أمن,FUSED_AM_MAN,أم + من,1,,NONE — flagged for operator review only
27,النمل,63,27:63,أَمَّنْ,أمن,FUSED_AM_MAN,أم + من,1,,NONE — flagged for operator review only
27,النمل,63,27:63,عَمَّا,عما,FUSED_AN_MA,عن + ما,1,,NONE — flagged for operator review only
27,النمل,64,27:64,أَمَّنْ,أمن,FUSED_AM_MAN,أم + من,1,,NONE — flagged for operator review only
27,النمل,65,27:65,إِلَّا,إلا,FUSED_IN_LA,إن + لا,1,,NONE — flagged for operator review only
27,النمل,68,27:68,هَذَا,هذا,FUSED_HA_DEM,ها + ذا,1,,NONE — flagged for operator review only
27,النمل,68,27:68,هَذَا,هذا,FUSED_HA_DEM,ها + ذا,1,,NONE — flagged for operator review only
27,النمل,68,27:68,إِلَّا,إلا,FUSED_IN_LA,إن + لا,1,,NONE — flagged for operator review only
27,النمل,70,27:70,مِمَّا,مما,FUSED_MIN_MA,من + ما,1,,NONE — flagged for operator review only
27,النمل,71,27:71,هَذَا,هذا,FUSED_HA_DEM,ها + ذا,1,,NONE — flagged for operator review only
27,النمل,75,27:75,إِلَّا,إلا,FUSED_IN_LA,إن + لا,1,,NONE — flagged for operator review only
27,النمل,76,27:76,هَذَا,هذا,FUSED_HA_DEM,ها + ذا,1,,NONE — flagged for operator review only
27,النمل,81,27:81,إِلَّا,إلا,FUSED_IN_LA,إن + لا,1,,NONE — flagged for operator review only
27,النمل,83,27:83,مِمَّنْ,ممن,FUSED_MIN_MAN,من + من,1,,NONE — flagged for operator review only
27,النمل,87,27:87,إِلَّا,إلا,FUSED_IN_LA,إن + لا,1,,NONE — flagged for operator review only
27,النمل,89,27:89,يَوْمَئِذٍ,يومئذ,FUSED_IDH,يوم + إذ,1,,NONE — flagged for operator review only
27,النمل,90,27:90,إِلَّا,إلا,FUSED_IN_LA,إن + لا,1,,NONE — flagged for operator review only
27,النمل,91,27:91,إِنَّمَا,إنما,FUSED_INNA_MA,إن + ما,1,,NONE — flagged for operator review only
27,النمل,91,27:91,هَذِهِ,هذه,FUSED_HA_DEM,ها + ذه,1,,NONE — flagged for operator review only
27,النمل,92,27:92,إِنَّمَا,إنما,FUSED_INNA_MA,إن + ما,1,,NONE — flagged for operator review only
27,النمل,93,27:93,عَمَّا,عما,FUSED_AN_MA,عن + ما,1,,NONE — flagged for operator review only
28,القصص,15,28:15,هَذَا,هذا,FUSED_HA_DEM,ها + ذا,1,,NONE — flagged for operator review only
28,القصص,15,28:15,هَذَا,هذا,FUSED_HA_DEM,ها + ذا,1,,NONE — flagged for operator review only
28,القصص,19,28:19,إِلَّا,إلا,FUSED_IN_LA,إن + لا,1,,NONE — flagged for operator review only
28,القصص,27,28:27,هَاتَيْنِ,هاتين,FUSED_HA_DEM,ها + تين,1,,NONE — flagged for operator review only
28,القصص,36,28:36,هَذَا,هذا,FUSED_HA_DEM,ها + ذا,1,,NONE — flagged for operator review only
28,القصص,36,28:36,إِلَّا,إلا,FUSED_IN_LA,إن + لا,1,,NONE — flagged for operator review only
28,القصص,38,28:38,أَيُّهَا,أيها,FUSED_AYYUHA,أي + ها,1,,NONE — flagged for operator review only
28,القصص,42,28:42,هَذِهِ,هذه,FUSED_HA_DEM,ها + ذه,1,,NONE — flagged for operator review only
28,القصص,50,28:50,أَنَّمَا,أنما,FUSED_ANNA_MA,أن + ما,1,,NONE — flagged for operator review only
28,القصص,50,28:50,مِمَّنِ,ممن,FUSED_MIN_MAN,من + من,1,,NONE — flagged for operator review only
28,القصص,58,28:58,إِلَّا,إلا,FUSED_IN_LA,إن + لا,1,,NONE — flagged for operator review only
28,القصص,59,28:59,إِلَّا,إلا,FUSED_IN_LA,إن + لا,1,,NONE — flagged for operator review only
28,القصص,63,28:63,هَؤُلَاءِ,هؤلاء,FUSED_HA_DEM,ها + أولاء,1,,NONE — flagged for operator review only
28,القصص,66,28:66,يَوْمَئِذٍ,يومئذ,FUSED_IDH,يوم + إذ,1,,NONE — flagged for operator review only
28,القصص,68,28:68,عَمَّا,عما,FUSED_AN_MA,عن + ما,1,,NONE — flagged for operator review only
28,القصص,70,28:70,إِلَّا,إلا,FUSED_IN_LA,إن + لا,1,,NONE — flagged for operator review only
28,القصص,78,28:78,إِنَّمَا,إنما,FUSED_INNA_MA,إن + ما,1,,NONE — flagged for operator review only
28,القصص,80,28:80,إِلَّا,إلا,FUSED_IN_LA,إن + لا,1,,NONE — flagged for operator review only
28,القصص,82,28:82,وَيْكَأَنَّ,ويكأن,FUSED_WAYKAANNA,وي + كأن,1,,NONE — flagged for operator review only
28,القصص,82,28:82,وَيْكَأَنَّهُ,ويكأنه,FUSED_WAYKAANNA,وي + كأن + ه,2,,NONE — flagged for operator review only
28,القصص,84,28:84,إِلَّا,إلا,FUSED_IN_LA,إن + لا,1,,NONE — flagged for operator review only
28,القصص,86,28:86,إِلَّا,إلا,FUSED_IN_LA,إن + لا,1,,NONE — flagged for operator review only
28,القصص,88,28:88,إِلَّا,إلا,FUSED_IN_LA,إن + لا,1,,NONE — flagged for operator review only
28,القصص,88,28:88,إِلَّا,إلا,FUSED_IN_LA,إن + لا,1,,NONE — flagged for operator review only
29,العنكبوت,13,29:13,عَمَّا,عما,FUSED_AN_MA,عن + ما,1,,NONE — flagged for operator review only
29,العنكبوت,14,29:14,إِلَّا,إلا,FUSED_IN_LA,إن + لا,1,,NONE — flagged for operator review only
29,العنكبوت,17,29:17,إِنَّمَا,إنما,FUSED_INNA_MA,إن + ما,1,,NONE — flagged for operator review only
29,العنكبوت,18,29:18,إِلَّا,إلا,FUSED_IN_LA,إن + لا,1,,NONE — flagged for operator review only
29,العنكبوت,24,29:24,إِلَّا,إلا,FUSED_IN_LA,إن + لا,1,,NONE — flagged for operator review only
29,العنكبوت,25,29:25,إِنَّمَا,إنما,FUSED_INNA_MA,إن + ما,1,,NONE — flagged for operator review only
29,العنكبوت,29,29:29,إِلَّا,إلا,FUSED_IN_LA,إن + لا,1,,NONE — flagged for operator review only
29,العنكبوت,31,29:31,هَذِهِ,هذه,FUSED_HA_DEM,ها + ذه,1,,NONE — flagged for operator review only
29,العنكبوت,32,29:32,إِلَّا,إلا,FUSED_IN_LA,إن + لا,1,,NONE — flagged for operator review only
29,العنكبوت,33,29:33,إِلَّا,إلا,FUSED_IN_LA,إن + لا,1,,NONE — flagged for operator review only
29,العنكبوت,34,29:34,هَذِهِ,هذه,FUSED_HA_DEM,ها + ذه,1,,NONE — flagged for operator review only
29,العنكبوت,43,29:43,إِلَّا,إلا,FUSED_IN_LA,إن + لا,1,,NONE — flagged for operator review only
29,العنكبوت,46,29:46,إِلَّا,إلا,FUSED_IN_LA,إن + لا,1,,NONE — flagged for operator review only
29,العنكبوت,46,29:46,إِلَّا,إلا,FUSED_IN_LA,إن + لا,1,,NONE — flagged for operator review only
29,العنكبوت,47,29:47,هَؤُلَاءِ,هؤلاء,FUSED_HA_DEM,ها + أولاء,1,,NONE — flagged for operator review only
29,العنكبوت,47,29:47,إِلَّا,إلا,FUSED_IN_LA,إن + لا,1,,NONE — flagged for operator review only
29,العنكبوت,49,29:49,إِلَّا,إلا,FUSED_IN_LA,إن + لا,1,,NONE — flagged for operator review only
29,العنكبوت,50,29:50,إِنَّمَا,إنما,FUSED_INNA_MA,إن + ما,1,,NONE — flagged for operator review only
29,العنكبوت,64,29:64,هَذِهِ,هذه,FUSED_HA_DEM,ها + ذه,1,,NONE — flagged for operator review only
29,العنكبوت,64,29:64,إِلَّا,إلا,FUSED_IN_LA,إن + لا,1,,NONE — flagged for operator review only
29,العنكبوت,68,29:68,مِمَّنِ,ممن,FUSED_MIN_MAN,من + من,1,,NONE — flagged for operator review only
30,الروم,8,30:8,إِلَّا,إلا,FUSED_IN_LA,إن + لا,1,,NONE — flagged for operator review only
30,الروم,9,30:9,مِمَّا,مما,FUSED_MIN_MA,من + ما,1,,NONE — flagged for operator review only
30,الروم,14,30:14,يَوْمَئِذٍ,يومئذ,FUSED_IDH,يوم + إذ,1,,NONE — flagged for operator review only
30,الروم,40,30:40,عَمَّا,عما,FUSED_AN_MA,عن + ما,1,,NONE — flagged for operator review only
30,الروم,43,30:43,يَوْمَئِذٍ,يومئذ,FUSED_IDH,يوم + إذ,1,,NONE — flagged for operator review only
30,الروم,53,30:53,إِلَّا,إلا,FUSED_IN_LA,إن + لا,1,,NONE — flagged for operator review only
30,الروم,58,30:58,هَذَا,هذا,FUSED_HA_DEM,ها + ذا,1,,NONE — flagged for operator review only
30,الروم,58,30:58,إِلَّا,إلا,FUSED_IN_LA,إن + لا,1,,NONE — flagged for operator review only
31,لقمان,11,31:11,هَذَا,هذا,FUSED_HA_DEM,ها + ذا,1,,NONE — flagged for operator review only
31,لقمان,27,31:27,أَنَّمَا,أنما,FUSED_ANNA_MA,أن + ما,1,,NONE — flagged for operator review only
31,لقمان,28,31:28,إِلَّا,إلا,FUSED_IN_LA,إن + لا,1,,NONE — flagged for operator review only
31,لقمان,32,31:32,إِلَّا,إلا,FUSED_IN_LA,إن + لا,1,,NONE — flagged for operator review only
31,لقمان,33,31:33,أَيُّهَا,أيها,FUSED_AYYUHA,أي + ها,1,,NONE — flagged for operator review only
32,السجدة,5,32:5,مِمَّا,مما,FUSED_MIN_MA,من + ما,1,,NONE — flagged for operator review only
32,السجدة,14,32:14,هَذَا,هذا,FUSED_HA_DEM,ها + ذا,1,,NONE — flagged for operator review only
32,السجدة,15,32:15,إِنَّمَا,إنما,FUSED_INNA_MA,إن + ما,1,,NONE — flagged for operator review only
32,السجدة,19,32:19,أَمَّا,أما,FUSED_AM_MA,أم + ما,1,,NONE — flagged for operator review only
32,السجدة,20,32:20,كُلَّمَا,كلما,FUSED_KULLA_MA,كل + ما,1,,NONE — flagged for operator review only
32,السجدة,22,32:22,مِمَّنْ,ممن,FUSED_MIN_MAN,من + من,1,,NONE — flagged for operator review only
32,السجدة,28,32:28,هَذَا,هذا,FUSED_HA_DEM,ها + ذا,1,,NONE — flagged for operator review only
33,الأحزاب,1,33:1,أَيُّهَا,أيها,FUSED_AYYUHA,أي + ها,1,,NONE — flagged for operator review only
33,الأحزاب,6,33:6,إِلَّا,إلا,FUSED_IN_LA,إن + لا,1,,NONE — flagged for operator review only
33,الأحزاب,9,33:9,أَيُّهَا,أيها,FUSED_AYYUHA,أي + ها,1,,NONE — flagged for operator review only
33,الأحزاب,12,33:12,إِلَّا,إلا,FUSED_IN_LA,إن + لا,1,,NONE — flagged for operator review only
33,الأحزاب,13,33:13,إِلَّا,إلا,FUSED_IN_LA,إن + لا,1,,NONE — flagged for operator review only
33,الأحزاب,14,33:14,إِلَّا,إلا,FUSED_IN_LA,إن + لا,1,,NONE — flagged for operator review only
33,الأحزاب,16,33:16,إِلَّا,إلا,FUSED_IN_LA,إن + لا,1,,NONE — flagged for operator review only
33,الأحزاب,18,33:18,إِلَّا,إلا,FUSED_IN_LA,إن + لا,1,,NONE — flagged for operator review only
33,الأحزاب,20,33:20,إِلَّا,إلا,FUSED_IN_LA,إن + لا,1,,NONE — flagged for operator review only
33,الأحزاب,22,33:22,هَذَا,هذا,FUSED_HA_DEM,ها + ذا,1,,NONE — flagged for operator review only
33,الأحزاب,22,33:22,إِلَّا,إلا,FUSED_IN_LA,إن + لا,1,,NONE — flagged for operator review only
33,الأحزاب,28,33:28,أَيُّهَا,أيها,FUSED_AYYUHA,أي + ها,1,,NONE — flagged for operator review only
33,الأحزاب,33,33:33,إِنَّمَا,إنما,FUSED_INNA_MA,إن + ما,1,,NONE — flagged for operator review only
33,الأحزاب,39,33:39,إِلَّا,إلا,FUSED_IN_LA,إن + لا,1,,NONE — flagged for operator review only
33,الأحزاب,41,33:41,أَيُّهَا,أيها,FUSED_AYYUHA,أي + ها,1,,NONE — flagged for operator review only
33,الأحزاب,45,33:45,أَيُّهَا,أيها,FUSED_AYYUHA,أي + ها,1,,NONE — flagged for operator review only
33,الأحزاب,49,33:49,أَيُّهَا,أيها,FUSED_AYYUHA,أي + ها,1,,NONE — flagged for operator review only
33,الأحزاب,50,33:50,أَيُّهَا,أيها,FUSED_AYYUHA,أي + ها,1,,NONE — flagged for operator review only
33,الأحزاب,50,33:50,مِمَّا,مما,FUSED_MIN_MA,من + ما,1,,NONE — flagged for operator review only
33,الأحزاب,51,33:51,مِمَّنْ,ممن,FUSED_MIN_MAN,من + من,1,,NONE — flagged for operator review only
33,الأحزاب,52,33:52,إِلَّا,إلا,FUSED_IN_LA,إن + لا,1,,NONE — flagged for operator review only
33,الأحزاب,53,33:53,أَيُّهَا,أيها,FUSED_AYYUHA,أي + ها,1,,NONE — flagged for operator review only
33,الأحزاب,53,33:53,إِلَّا,إلا,FUSED_IN_LA,إن + لا,1,,NONE — flagged for operator review only
33,الأحزاب,56,33:56,أَيُّهَا,أيها,FUSED_AYYUHA,أي + ها,1,,NONE — flagged for operator review only
33,الأحزاب,59,33:59,أَيُّهَا,أيها,FUSED_AYYUHA,أي + ها,1,,NONE — flagged for operator review only
33,الأحزاب,60,33:60,إِلَّا,إلا,FUSED_IN_LA,إن + لا,1,,NONE — flagged for operator review only
33,الأحزاب,61,33:61,أَيْنَمَا,أينما,FUSED_AYNA_MA,أين + ما,1,,NONE — flagged for operator review only
33,الأحزاب,63,33:63,إِنَّمَا,إنما,FUSED_INNA_MA,إن + ما,1,,NONE — flagged for operator review only
33,الأحزاب,69,33:69,أَيُّهَا,أيها,FUSED_AYYUHA,أي + ها,1,,NONE — flagged for operator review only
33,الأحزاب,69,33:69,مِمَّا,مما,FUSED_MIN_MA,من + ما,1,,NONE — flagged for operator review only
33,الأحزاب,70,33:70,أَيُّهَا,أيها,FUSED_AYYUHA,أي + ها,1,,NONE — flagged for operator review only
34,سبأ,3,34:3,إِلَّا,إلا,FUSED_IN_LA,إن + لا,1,,NONE — flagged for operator review only
34,سبأ,14,34:14,إِلَّا,إلا,FUSED_IN_LA,إن + لا,1,,NONE — flagged for operator review only
34,سبأ,17,34:17,إِلَّا,إلا,FUSED_IN_LA,إن + لا,1,,NONE — flagged for operator review only
34,سبأ,20,34:20,إِلَّا,إلا,FUSED_IN_LA,إن + لا,1,,NONE — flagged for operator review only
34,سبأ,21,34:21,إِلَّا,إلا,FUSED_IN_LA,إن + لا,1,,NONE — flagged for operator review only
34,سبأ,21,34:21,مِمَّنْ,ممن,FUSED_MIN_MAN,من + من,1,,NONE — flagged for operator review only
34,سبأ,23,34:23,إِلَّا,إلا,FUSED_IN_LA,إن + لا,1,,NONE — flagged for operator review only
34,سبأ,25,34:25,عَمَّا,عما,FUSED_AN_MA,عن + ما,1,,NONE — flagged for operator review only
34,سبأ,25,34:25,عَمَّا,عما,FUSED_AN_MA,عن + ما,1,,NONE — flagged for operator review only
34,سبأ,28,34:28,إِلَّا,إلا,FUSED_IN_LA,إن + لا,1,,NONE — flagged for operator review only
34,سبأ,29,34:29,هَذَا,هذا,FUSED_HA_DEM,ها + ذا,1,,NONE — flagged for operator review only
34,سبأ,33,34:33,إِلَّا,إلا,FUSED_IN_LA,إن + لا,1,,NONE — flagged for operator review only
34,سبأ,34,34:34,إِلَّا,إلا,FUSED_IN_LA,إن + لا,1,,NONE — flagged for operator review only
34,سبأ,37,34:37,إِلَّا,إلا,FUSED_IN_LA,إن + لا,1,,NONE — flagged for operator review only
34,سبأ,43,34:43,هَذَا,هذا,FUSED_HA_DEM,ها + ذا,1,,NONE — flagged for operator review only
34,سبأ,43,34:43,إِلَّا,إلا,FUSED_IN_LA,إن + لا,1,,NONE — flagged for operator review only
34,سبأ,43,34:43,عَمَّا,عما,FUSED_AN_MA,عن + ما,1,,NONE — flagged for operator review only
34,سبأ,43,34:43,هَذَا,هذا,FUSED_HA_DEM,ها + ذا,1,,NONE — flagged for operator review only
34,سبأ,43,34:43,إِلَّا,إلا,FUSED_IN_LA,إن + لا,1,,NONE — flagged for operator review only
34,سبأ,43,34:43,هَذَا,هذا,FUSED_HA_DEM,ها + ذا,1,,NONE — flagged for operator review only
34,سبأ,43,34:43,إِلَّا,إلا,FUSED_IN_LA,إن + لا,1,,NONE — flagged for operator review only
34,سبأ,46,34:46,إِنَّمَا,إنما,FUSED_INNA_MA,إن + ما,1,,NONE — flagged for operator review only
34,سبأ,46,34:46,إِلَّا,إلا,FUSED_IN_LA,إن + لا,1,,NONE — flagged for operator review only
34,سبأ,47,34:47,إِلَّا,إلا,FUSED_IN_LA,إن + لا,1,,NONE — flagged for operator review only
35,فاطر,3,35:3,أَيُّهَا,أيها,FUSED_AYYUHA,أي + ها,1,,NONE — flagged for operator review only
35,فاطر,3,35:3,إِلَّا,إلا,FUSED_IN_LA,إن + لا,1,,NONE — flagged for operator review only
35,فاطر,5,35:5,أَيُّهَا,أيها,FUSED_AYYUHA,أي + ها,1,,NONE — flagged for operator review only
35,فاطر,6,35:6,إِنَّمَا,إنما,FUSED_INNA_MA,إن + ما,1,,NONE — flagged for operator review only
35,فاطر,11,35:11,إِلَّا,إلا,FUSED_IN_LA,إن + لا,1,,NONE — flagged for operator review only
35,فاطر,11,35:11,إِلَّا,إلا,FUSED_IN_LA,إن + لا,1,,NONE — flagged for operator review only
35,فاطر,12,35:12,هَذَا,هذا,FUSED_HA_DEM,ها + ذا,1,,NONE — flagged for operator review only
35,فاطر,15,35:15,أَيُّهَا,أيها,FUSED_AYYUHA,أي + ها,1,,NONE — flagged for operator review only
35,فاطر,18,35:18,إِنَّمَا,إنما,FUSED_INNA_MA,إن + ما,1,,NONE — flagged for operator review only
35,فاطر,23,35:23,إِلَّا,إلا,FUSED_IN_LA,إن + لا,1,,NONE — flagged for operator review only
35,فاطر,24,35:24,إِلَّا,إلا,FUSED_IN_LA,إن + لا,1,,NONE — flagged for operator review only
35,فاطر,28,35:28,إِنَّمَا,إنما,FUSED_INNA_MA,إن + ما,1,,NONE — flagged for operator review only
35,فاطر,29,35:29,مِمَّا,مما,FUSED_MIN_MA,من + ما,1,,NONE — flagged for operator review only
35,فاطر,39,35:39,إِلَّا,إلا,FUSED_IN_LA,إن + لا,1,,NONE — flagged for operator review only
35,فاطر,39,35:39,إِلَّا,إلا,FUSED_IN_LA,إن + لا,1,,NONE — flagged for operator review only
35,فاطر,40,35:40,إِلَّا,إلا,FUSED_IN_LA,إن + لا,1,,NONE — flagged for operator review only
35,فاطر,42,35:42,إِلَّا,إلا,FUSED_IN_LA,إن + لا,1,,NONE — flagged for operator review only
35,فاطر,43,35:43,إِلَّا,إلا,FUSED_IN_LA,إن + لا,1,,NONE — flagged for operator review only
35,فاطر,43,35:43,إِلَّا,إلا,FUSED_IN_LA,إن + لا,1,,NONE — flagged for operator review only
36,يس,11,36:11,إِنَّمَا,إنما,FUSED_INNA_MA,إن + ما,1,,NONE — flagged for operator review only
36,يس,15,36:15,إِلَّا,إلا,FUSED_IN_LA,إن + لا,1,,NONE — flagged for operator review only
36,يس,15,36:15,إِلَّا,إلا,FUSED_IN_LA,إن + لا,1,,NONE — flagged for operator review only
36,يس,17,36:17,إِلَّا,إلا,FUSED_IN_LA,إن + لا,1,,NONE — flagged for operator review only
36,يس,29,36:29,إِلَّا,إلا,FUSED_IN_LA,إن + لا,1,,NONE — flagged for operator review only
36,يس,30,36:30,إِلَّا,إلا,FUSED_IN_LA,إن + لا,1,,NONE — flagged for operator review only
36,يس,36,36:36,مِمَّا,مما,FUSED_MIN_MA,من + ما,1,,NONE — flagged for operator review only
36,يس,44,36:44,إِلَّا,إلا,FUSED_IN_LA,إن + لا,1,,NONE — flagged for operator review only
36,يس,46,36:46,إِلَّا,إلا,FUSED_IN_LA,إن + لا,1,,NONE — flagged for operator review only
36,يس,47,36:47,مِمَّا,مما,FUSED_MIN_MA,من + ما,1,,NONE — flagged for operator review only
36,يس,47,36:47,إِلَّا,إلا,FUSED_IN_LA,إن + لا,1,,NONE — flagged for operator review only
36,يس,48,36:48,هَذَا,هذا,FUSED_HA_DEM,ها + ذا,1,,NONE — flagged for operator review only
36,يس,49,36:49,إِلَّا,إلا,FUSED_IN_LA,إن + لا,1,,NONE — flagged for operator review only
36,يس,52,36:52,هَذَا,هذا,FUSED_HA_DEM,ها + ذا,1,,NONE — flagged for operator review only
36,يس,53,36:53,إِلَّا,إلا,FUSED_IN_LA,إن + لا,1,,NONE — flagged for operator review only
36,يس,54,36:54,إِلَّا,إلا,FUSED_IN_LA,إن + لا,1,,NONE — flagged for operator review only
36,يس,59,36:59,أَيُّهَا,أيها,FUSED_AYYUHA,أي + ها,1,,NONE — flagged for operator review only
36,يس,61,36:61,هَذَا,هذا,FUSED_HA_DEM,ها + ذا,1,,NONE — flagged for operator review only
36,يس,63,36:63,هَذِهِ,هذه,FUSED_HA_DEM,ها + ذه,1,,NONE — flagged for operator review only
36,يس,69,36:69,إِلَّا,إلا,FUSED_IN_LA,إن + لا,1,,NONE — flagged for operator review only
36,يس,71,36:71,مِمَّا,مما,FUSED_MIN_MA,من + ما,1,,NONE — flagged for operator review only
36,يس,82,36:82,إِنَّمَا,إنما,FUSED_INNA_MA,إن + ما,1,,NONE — flagged for operator review only
37,الصافات,10,37:10,إِلَّا,إلا,FUSED_IN_LA,إن + لا,1,,NONE — flagged for operator review only
37,الصافات,15,37:15,هَذَا,هذا,FUSED_HA_DEM,ها + ذا,1,,NONE — flagged for operator review only
37,الصافات,15,37:15,إِلَّا,إلا,FUSED_IN_LA,إن + لا,1,,NONE — flagged for operator review only
37,الصافات,20,37:20,هَذَا,هذا,FUSED_HA_DEM,ها + ذا,1,,NONE — flagged for operator review only
37,الصافات,21,37:21,هَذَا,هذا,FUSED_HA_DEM,ها + ذا,1,,NONE — flagged for operator review only
37,الصافات,33,37:33,يَوْمَئِذٍ,يومئذ,FUSED_IDH,يوم + إذ,1,,NONE — flagged for operator review only
37,الصافات,35,37:35,إِلَّا,إلا,FUSED_IN_LA,إن + لا,1,,NONE — flagged for operator review only
37,الصافات,39,37:39,إِلَّا,إلا,FUSED_IN_LA,إن + لا,1,,NONE — flagged for operator review only
37,الصافات,40,37:40,إِلَّا,إلا,FUSED_IN_LA,إن + لا,1,,NONE — flagged for operator review only
37,الصافات,59,37:59,إِلَّا,إلا,FUSED_IN_LA,إن + لا,1,,NONE — flagged for operator review only
37,الصافات,60,37:60,هَذَا,هذا,FUSED_HA_DEM,ها + ذا,1,,NONE — flagged for operator review only
37,الصافات,61,37:61,هَذَا,هذا,FUSED_HA_DEM,ها + ذا,1,,NONE — flagged for operator review only
37,الصافات,74,37:74,إِلَّا,إلا,FUSED_IN_LA,إن + لا,1,,NONE — flagged for operator review only
37,الصافات,91,37:91,أَلَا,ألا,PARTICLE_A_LA,أ + لا,1,"CONTESTED: the inceptive particle أَلَا. Reading it as interrogative hamza + لا is one analysis among several; many grammarians treat it as a simple particle. Listed so the choice is yours, not the pipeline's.",NONE — flagged for operator review only
37,الصافات,106,37:106,هَذَا,هذا,FUSED_HA_DEM,ها + ذا,1,,NONE — flagged for operator review only
37,الصافات,124,37:124,أَلَا,ألا,PARTICLE_A_LA,أ + لا,1,"CONTESTED: the inceptive particle أَلَا. Reading it as interrogative hamza + لا is one analysis among several; many grammarians treat it as a simple particle. Listed so the choice is yours, not the pipeline's.",NONE — flagged for operator review only
37,الصافات,128,37:128,إِلَّا,إلا,FUSED_IN_LA,إن + لا,1,,NONE — flagged for operator review only
37,الصافات,135,37:135,إِلَّا,إلا,FUSED_IN_LA,إن + لا,1,,NONE — flagged for operator review only
37,الصافات,151,37:151,أَلَا,ألا,PARTICLE_A_LA,أ + لا,1,"CONTESTED: the inceptive particle أَلَا. Reading it as interrogative hamza + لا is one analysis among several; many grammarians treat it as a simple particle. Listed so the choice is yours, not the pipeline's.",NONE — flagged for operator review only
37,الصافات,159,37:159,عَمَّا,عما,FUSED_AN_MA,عن + ما,1,,NONE — flagged for operator review only
37,الصافات,160,37:160,إِلَّا,إلا,FUSED_IN_LA,إن + لا,1,,NONE — flagged for operator review only
37,الصافات,163,37:163,إِلَّا,إلا,FUSED_IN_LA,إن + لا,1,,NONE — flagged for operator review only
37,الصافات,164,37:164,إِلَّا,إلا,FUSED_IN_LA,إن + لا,1,,NONE — flagged for operator review only
37,الصافات,180,37:180,عَمَّا,عما,FUSED_AN_MA,عن + ما,1,,NONE — flagged for operator review only
38,ص,4,38:4,هَذَا,هذا,FUSED_HA_DEM,ها + ذا,1,,NONE — flagged for operator review only
38,ص,5,38:5,هَذَا,هذا,FUSED_HA_DEM,ها + ذا,1,,NONE — flagged for operator review only
38,ص,6,38:6,هَذَا,هذا,FUSED_HA_DEM,ها + ذا,1,,NONE — flagged for operator review only
38,ص,7,38:7,هَذَا,هذا,FUSED_HA_DEM,ها + ذا,1,,NONE — flagged for operator review only
38,ص,7,38:7,إِلَّا,إلا,FUSED_IN_LA,إن + لا,1,,NONE — flagged for operator review only
38,ص,14,38:14,إِلَّا,إلا,FUSED_IN_LA,إن + لا,1,,NONE — flagged for operator review only
38,ص,15,38:15,هَؤُلَاءِ,هؤلاء,FUSED_HA_DEM,ها + أولاء,1,,NONE — flagged for operator review only
38,ص,15,38:15,إِلَّا,إلا,FUSED_IN_LA,إن + لا,1,,NONE — flagged for operator review only
38,ص,23,38:23,هَذَا,هذا,FUSED_HA_DEM,ها + ذا,1,,NONE — flagged for operator review only
38,ص,24,38:24,إِلَّا,إلا,FUSED_IN_LA,إن + لا,1,,NONE — flagged for operator review only
38,ص,24,38:24,أَنَّمَا,أنما,FUSED_ANNA_MA,أن + ما,1,,NONE — flagged for operator review only
38,ص,39,38:39,هَذَا,هذا,FUSED_HA_DEM,ها + ذا,1,,NONE — flagged for operator review only
38,ص,42,38:42,هَذَا,هذا,FUSED_HA_DEM,ها + ذا,1,,NONE — flagged for operator review only
38,ص,49,38:49,هَذَا,هذا,FUSED_HA_DEM,ها + ذا,1,,NONE — flagged for operator review only
38,ص,53,38:53,هَذَا,هذا,FUSED_HA_DEM,ها + ذا,1,,NONE — flagged for operator review only
38,ص,54,38:54,هَذَا,هذا,FUSED_HA_DEM,ها + ذا,1,,NONE — flagged for operator review only
38,ص,55,38:55,هَذَا,هذا,FUSED_HA_DEM,ها + ذا,1,,NONE — flagged for operator review only
38,ص,57,38:57,هَذَا,هذا,FUSED_HA_DEM,ها + ذا,1,,NONE — flagged for operator review only
38,ص,59,38:59,هَذَا,هذا,FUSED_HA_DEM,ها + ذا,1,,NONE — flagged for operator review only
38,ص,61,38:61,هَذَا,هذا,FUSED_HA_DEM,ها + ذا,1,,NONE — flagged for operator review only
38,ص,65,38:65,إِنَّمَا,إنما,FUSED_INNA_MA,إن + ما,1,,NONE — flagged for operator review only
38,ص,65,38:65,إِلَّا,إلا,FUSED_IN_LA,إن + لا,1,,NONE — flagged for operator review only
38,ص,70,38:70,إِلَّا,إلا,FUSED_IN_LA,إن + لا,1,,NONE — flagged for operator review only
38,ص,70,38:70,أَنَّمَا,أنما,FUSED_ANNA_MA,أن + ما,1,,NONE — flagged for operator review only
38,ص,74,38:74,إِلَّا,إلا,FUSED_IN_LA,إن + لا,1,,NONE — flagged for operator review only
38,ص,83,38:83,إِلَّا,إلا,FUSED_IN_LA,إن + لا,1,,NONE — flagged for operator review only
38,ص,87,38:87,إِلَّا,إلا,FUSED_IN_LA,إن + لا,1,,NONE — flagged for operator review only
39,الزمر,3,39:3,أَلَا,ألا,PARTICLE_A_LA,أ + لا,1,"CONTESTED: the inceptive particle أَلَا. Reading it as interrogative hamza + لا is one analysis among several; many grammarians treat it as a simple particle. Listed so the choice is yours, not the pipeline's.",NONE — flagged for operator review only
39,الزمر,3,39:3,إِلَّا,إلا,FUSED_IN_LA,إن + لا,1,,NONE — flagged for operator review only
39,الزمر,4,39:4,مِمَّا,مما,FUSED_MIN_MA,من + ما,1,,NONE — flagged for operator review only
39,الزمر,5,39:5,أَلَا,ألا,PARTICLE_A_LA,أ + لا,1,"CONTESTED: the inceptive particle أَلَا. Reading it as interrogative hamza + لا is one analysis among several; many grammarians treat it as a simple particle. Listed so the choice is yours, not the pipeline's.",NONE — flagged for operator review only
39,الزمر,6,39:6,إِلَّا,إلا,FUSED_IN_LA,إن + لا,1,,NONE — flagged for operator review only
39,الزمر,9,39:9,أَمَّنْ,أمن,FUSED_AM_MAN,أم + من,1,,NONE — flagged for operator review only
39,الزمر,9,39:9,إِنَّمَا,إنما,FUSED_INNA_MA,إن + ما,1,,NONE — flagged for operator review only
39,الزمر,10,39:10,هَذِهِ,هذه,FUSED_HA_DEM,ها + ذه,1,,NONE — flagged for operator review only
39,الزمر,10,39:10,إِنَّمَا,إنما,FUSED_INNA_MA,إن + ما,1,,NONE — flagged for operator review only
39,الزمر,15,39:15,أَلَا,ألا,PARTICLE_A_LA,أ + لا,1,"CONTESTED: the inceptive particle أَلَا. Reading it as interrogative hamza + لا is one analysis among several; many grammarians treat it as a simple particle. Listed so the choice is yours, not the pipeline's.",NONE — flagged for operator review only
39,الزمر,27,39:27,هَذَا,هذا,FUSED_HA_DEM,ها + ذا,1,,NONE — flagged for operator review only
39,الزمر,32,39:32,مِمَّنْ,ممن,FUSED_MIN_MAN,من + من,1,,NONE — flagged for operator review only
39,الزمر,49,39:49,إِنَّمَا,إنما,FUSED_INNA_MA,إن + ما,1,,NONE — flagged for operator review only
39,الزمر,51,39:51,هَؤُلَاءِ,هؤلاء,FUSED_HA_DEM,ها + أولاء,1,,NONE — flagged for operator review only
39,الزمر,64,39:64,أَيُّهَا,أيها,FUSED_AYYUHA,أي + ها,1,,NONE — flagged for operator review only
39,الزمر,67,39:67,عَمَّا,عما,FUSED_AN_MA,عن + ما,1,,NONE — flagged for operator review only
39,الزمر,68,39:68,إِلَّا,إلا,FUSED_IN_LA,إن + لا,1,,NONE — flagged for operator review only
39,الزمر,71,39:71,هَذَا,هذا,FUSED_HA_DEM,ها + ذا,1,,NONE — flagged for operator review only
40,غافر,3,40:3,إِلَّا,إلا,FUSED_IN_LA,إن + لا,1,,NONE — flagged for operator review only
40,غافر,4,40:4,إِلَّا,إلا,FUSED_IN_LA,إن + لا,1,,NONE — flagged for operator review only
40,غافر,9,40:9,يَوْمَئِذٍ,يومئذ,FUSED_IDH,يوم + إذ,1,,NONE — flagged for operator review only
40,غافر,13,40:13,إِلَّا,إلا,FUSED_IN_LA,إن + لا,1,,NONE — flagged for operator review only
40,غافر,25,40:25,إِلَّا,إلا,FUSED_IN_LA,إن + لا,1,,NONE — flagged for operator review only
40,غافر,29,40:29,إِلَّا,إلا,FUSED_IN_LA,إن + لا,1,,NONE — flagged for operator review only
40,غافر,29,40:29,إِلَّا,إلا,FUSED_IN_LA,إن + لا,1,,NONE — flagged for operator review only
40,غافر,34,40:34,مِمَّا,مما,FUSED_MIN_MA,من + ما,1,,NONE — flagged for operator review only
40,غافر,37,40:37,إِلَّا,إلا,FUSED_IN_LA,إن + لا,1,,NONE — flagged for operator review only
40,غافر,39,40:39,إِنَّمَا,إنما,FUSED_INNA_MA,إن + ما,1,,NONE — flagged for operator review only
40,غافر,39,40:39,هَذِهِ,هذه,FUSED_HA_DEM,ها + ذه,1,,NONE — flagged for operator review only
40,غافر,40,40:40,إِلَّا,إلا,FUSED_IN_LA,إن + لا,1,,NONE — flagged for operator review only
40,غافر,43,40:43,أَنَّمَا,أنما,FUSED_ANNA_MA,أن + ما,1,,NONE — flagged for operator review only
40,غافر,50,40:50,إِلَّا,إلا,FUSED_IN_LA,إن + لا,1,,NONE — flagged for operator review only
40,غافر,56,40:56,إِلَّا,إلا,FUSED_IN_LA,إن + لا,1,,NONE — flagged for operator review only
40,غافر,62,40:62,إِلَّا,إلا,FUSED_IN_LA,إن + لا,1,,NONE — flagged for operator review only
40,غافر,65,40:65,إِلَّا,إلا,FUSED_IN_LA,إن + لا,1,,NONE — flagged for operator review only
40,غافر,78,40:78,إِلَّا,إلا,FUSED_IN_LA,إن + لا,1,,NONE — flagged for operator review only
41,فصلت,5,41:5,مِمَّا,مما,FUSED_MIN_MA,من + ما,1,,NONE — flagged for operator review only
41,فصلت,6,41:6,إِنَّمَا,إنما,FUSED_INNA_MA,إن + ما,1,,NONE — flagged for operator review only
41,فصلت,6,41:6,أَنَّمَا,أنما,FUSED_ANNA_MA,أن + ما,1,,NONE — flagged for operator review only
41,فصلت,14,41:14,أَلَّا,ألا,FUSED_AN_LA,أن + لا,1,,NONE — flagged for operator review only
41,فصلت,14,41:14,إِلَّا,إلا,FUSED_IN_LA,إن + لا,1,,NONE — flagged for operator review only
41,فصلت,21,41:21,لِمَ,لم,FUSED_LI_MA,لـ + ما,1,,NONE — flagged for operator review only
41,فصلت,22,41:22,مِمَّا,مما,FUSED_MIN_MA,من + ما,1,,NONE — flagged for operator review only
41,فصلت,30,41:30,أَلَّا,ألا,FUSED_AN_LA,أن + لا,1,,NONE — flagged for operator review only
41,فصلت,33,41:33,مِمَّنْ,ممن,FUSED_MIN_MAN,من + من,1,,NONE — flagged for operator review only
41,فصلت,35,41:35,إِلَّا,إلا,FUSED_IN_LA,إن + لا,1,,NONE — flagged for operator review only
41,فصلت,35,41:35,إِلَّا,إلا,FUSED_IN_LA,إن + لا,1,,NONE — flagged for operator review only
41,فصلت,43,41:43,إِلَّا,إلا,FUSED_IN_LA,إن + لا,1,,NONE — flagged for operator review only
41,فصلت,47,41:47,إِلَّا,إلا,FUSED_IN_LA,إن + لا,1,,NONE — flagged for operator review only
41,فصلت,50,41:50,هَذَا,هذا,FUSED_HA_DEM,ها + ذا,1,,NONE — flagged for operator review only
41,فصلت,52,41:52,مِمَّنْ,ممن,FUSED_MIN_MAN,من + من,1,,NONE — flagged for operator review only
41,فصلت,54,41:54,أَلَا,ألا,PARTICLE_A_LA,أ + لا,1,"CONTESTED: the inceptive particle أَلَا. Reading it as interrogative hamza + لا is one analysis among several; many grammarians treat it as a simple particle. Listed so the choice is yours, not the pipeline's.",NONE — flagged for operator review only
41,فصلت,54,41:54,أَلَا,ألا,PARTICLE_A_LA,أ + لا,1,"CONTESTED: the inceptive particle أَلَا. Reading it as interrogative hamza + لا is one analysis among several; many grammarians treat it as a simple particle. Listed so the choice is yours, not the pipeline's.",NONE — flagged for operator review only
42,الشورى,5,42:5,أَلَا,ألا,PARTICLE_A_LA,أ + لا,1,"CONTESTED: the inceptive particle أَلَا. Reading it as interrogative hamza + لا is one analysis among several; many grammarians treat it as a simple particle. Listed so the choice is yours, not the pipeline's.",NONE — flagged for operator review only
42,الشورى,14,42:14,إِلَّا,إلا,FUSED_IN_LA,إن + لا,1,,NONE — flagged for operator review only
42,الشورى,18,42:18,أَلَا,ألا,PARTICLE_A_LA,أ + لا,1,"CONTESTED: the inceptive particle أَلَا. Reading it as interrogative hamza + لا is one analysis among several; many grammarians treat it as a simple particle. Listed so the choice is yours, not the pipeline's.",NONE — flagged for operator review only
42,الشورى,22,42:22,مِمَّا,مما,FUSED_MIN_MA,من + ما,1,,NONE — flagged for operator review only
42,الشورى,23,42:23,إِلَّا,إلا,FUSED_IN_LA,إن + لا,1,,NONE — flagged for operator review only
42,الشورى,42,42:42,إِنَّمَا,إنما,FUSED_INNA_MA,إن + ما,1,,NONE — flagged for operator review only
42,الشورى,45,42:45,أَلَا,ألا,PARTICLE_A_LA,أ + لا,1,"CONTESTED: the inceptive particle أَلَا. Reading it as interrogative hamza + لا is one analysis among several; many grammarians treat it as a simple particle. Listed so the choice is yours, not the pipeline's.",NONE — flagged for operator review only
42,الشورى,47,42:47,يَوْمَئِذٍ,يومئذ,FUSED_IDH,يوم + إذ,1,,NONE — flagged for operator review only
42,الشورى,48,42:48,إِلَّا,إلا,FUSED_IN_LA,إن + لا,1,,NONE — flagged for operator review only
42,الشورى,51,42:51,إِلَّا,إلا,FUSED_IN_LA,إن + لا,1,,NONE — flagged for operator review only
42,الشورى,53,42:53,أَلَا,ألا,PARTICLE_A_LA,أ + لا,1,"CONTESTED: the inceptive particle أَلَا. Reading it as interrogative hamza + لا is one analysis among several; many grammarians treat it as a simple particle. Listed so the choice is yours, not the pipeline's.",NONE — flagged for operator review only
43,الزخرف,7,43:7,إِلَّا,إلا,FUSED_IN_LA,إن + لا,1,,NONE — flagged for operator review only
43,الزخرف,13,43:13,هَذَا,هذا,FUSED_HA_DEM,ها + ذا,1,,NONE — flagged for operator review only
43,الزخرف,16,43:16,مِمَّا,مما,FUSED_MIN_MA,من + ما,1,,NONE — flagged for operator review only
43,الزخرف,20,43:20,إِلَّا,إلا,FUSED_IN_LA,إن + لا,1,,NONE — flagged for operator review only
43,الزخرف,23,43:23,إِلَّا,إلا,FUSED_IN_LA,إن + لا,1,,NONE — flagged for operator review only
43,الزخرف,24,43:24,مِمَّا,مما,FUSED_MIN_MA,من + ما,1,,NONE — flagged for operator review only
43,الزخرف,26,43:26,مِمَّا,مما,FUSED_MIN_MA,من + ما,1,,NONE — flagged for operator review only
43,الزخرف,27,43:27,إِلَّا,إلا,FUSED_IN_LA,إن + لا,1,,NONE — flagged for operator review only
43,الزخرف,29,43:29,هَؤُلَاءِ,هؤلاء,FUSED_HA_DEM,ها + أولاء,1,,NONE — flagged for operator review only
43,الزخرف,30,43:30,هَذَا,هذا,FUSED_HA_DEM,ها + ذا,1,,NONE — flagged for operator review only
43,الزخرف,31,43:31,هَذَا,هذا,FUSED_HA_DEM,ها + ذا,1,,NONE — flagged for operator review only
43,الزخرف,32,43:32,مِمَّا,مما,FUSED_MIN_MA,من + ما,1,,NONE — flagged for operator review only
43,الزخرف,48,43:48,إِلَّا,إلا,FUSED_IN_LA,إن + لا,1,,NONE — flagged for operator review only
43,الزخرف,52,43:52,هَذَا,هذا,FUSED_HA_DEM,ها + ذا,1,,NONE — flagged for operator review only
43,الزخرف,58,43:58,إِلَّا,إلا,FUSED_IN_LA,إن + لا,1,,NONE — flagged for operator review only
43,الزخرف,59,43:59,إِلَّا,إلا,FUSED_IN_LA,إن + لا,1,,NONE — flagged for operator review only
43,الزخرف,61,43:61,هَذَا,هذا,FUSED_HA_DEM,ها + ذا,1,,NONE — flagged for operator review only
43,الزخرف,64,43:64,هَذَا,هذا,FUSED_HA_DEM,ها + ذا,1,,NONE — flagged for operator review only
43,الزخرف,66,43:66,إِلَّا,إلا,FUSED_IN_LA,إن + لا,1,,NONE — flagged for operator review only
43,الزخرف,67,43:67,يَوْمَئِذٍ,يومئذ,FUSED_IDH,يوم + إذ,1,,NONE — flagged for operator review only
43,الزخرف,67,43:67,إِلَّا,إلا,FUSED_IN_LA,إن + لا,1,,NONE — flagged for operator review only
43,الزخرف,82,43:82,عَمَّا,عما,FUSED_AN_MA,عن + ما,1,,NONE — flagged for operator review only
43,الزخرف,86,43:86,إِلَّا,إلا,FUSED_IN_LA,إن + لا,1,,NONE — flagged for operator review only
43,الزخرف,88,43:88,هَؤُلَاءِ,هؤلاء,FUSED_HA_DEM,ها + أولاء,1,,NONE — flagged for operator review only
44,الدخان,8,44:8,إِلَّا,إلا,FUSED_IN_LA,إن + لا,1,,NONE — flagged for operator review only
44,الدخان,11,44:11,هَذَا,هذا,FUSED_HA_DEM,ها + ذا,1,,NONE — flagged for operator review only
44,الدخان,22,44:22,هَؤُلَاءِ,هؤلاء,FUSED_HA_DEM,ها + أولاء,1,,NONE — flagged for operator review only
44,الدخان,34,44:34,هَؤُلَاءِ,هؤلاء,FUSED_HA_DEM,ها + أولاء,1,,NONE — flagged for operator review only
44,الدخان,35,44:35,إِلَّا,إلا,FUSED_IN_LA,إن + لا,1,,NONE — flagged for operator review only
44,الدخان,39,44:39,إِلَّا,إلا,FUSED_IN_LA,إن + لا,1,,NONE — flagged for operator review only
44,الدخان,42,44:42,إِلَّا,إلا,FUSED_IN_LA,إن + لا,1,,NONE — flagged for operator review only
44,الدخان,50,44:50,هَذَا,هذا,FUSED_HA_DEM,ها + ذا,1,,NONE — flagged for operator review only
44,الدخان,56,44:56,إِلَّا,إلا,FUSED_IN_LA,إن + لا,1,,NONE — flagged for operator review only
45,الجاثية,11,45:11,هَذَا,هذا,FUSED_HA_DEM,ها + ذا,1,,NONE — flagged for operator review only
45,الجاثية,17,45:17,إِلَّا,إلا,FUSED_IN_LA,إن + لا,1,,NONE — flagged for operator review only
45,الجاثية,20,45:20,هَذَا,هذا,FUSED_HA_DEM,ها + ذا,1,,NONE — flagged for operator review only
45,الجاثية,24,45:24,إِلَّا,إلا,FUSED_IN_LA,إن + لا,1,,NONE — flagged for operator review only
45,الجاثية,24,45:24,إِلَّا,إلا,FUSED_IN_LA,إن + لا,1,,NONE — flagged for operator review only
45,الجاثية,24,45:24,إِلَّا,إلا,FUSED_IN_LA,إن + لا,1,,NONE — flagged for operator review only
45,الجاثية,25,45:25,إِلَّا,إلا,FUSED_IN_LA,إن + لا,1,,NONE — flagged for operator review only
45,الجاثية,27,45:27,يَوْمَئِذٍ,يومئذ,FUSED_IDH,يوم + إذ,1,,NONE — flagged for operator review only
45,الجاثية,29,45:29,هَذَا,هذا,FUSED_HA_DEM,ها + ذا,1,,NONE — flagged for operator review only
45,الجاثية,32,45:32,إِلَّا,إلا,FUSED_IN_LA,إن + لا,1,,NONE — flagged for operator review only
45,الجاثية,34,45:34,هَذَا,هذا,FUSED_HA_DEM,ها + ذا,1,,NONE — flagged for operator review only
46,الأحقاف,3,46:3,إِلَّا,إلا,FUSED_IN_LA,إن + لا,1,,NONE — flagged for operator review only
46,الأحقاف,3,46:3,عَمَّا,عما,FUSED_AN_MA,عن + ما,1,,NONE — flagged for operator review only
46,الأحقاف,4,46:4,هَذَا,هذا,FUSED_HA_DEM,ها + ذا,1,,NONE — flagged for operator review only
46,الأحقاف,5,46:5,مِمَّنْ,ممن,FUSED_MIN_MAN,من + من,1,,NONE — flagged for operator review only
46,الأحقاف,7,46:7,هَذَا,هذا,FUSED_HA_DEM,ها + ذا,1,,NONE — flagged for operator review only
46,الأحقاف,9,46:9,إِلَّا,إلا,FUSED_IN_LA,إن + لا,1,,NONE — flagged for operator review only
46,الأحقاف,9,46:9,إِلَّا,إلا,FUSED_IN_LA,إن + لا,1,,NONE — flagged for operator review only
46,الأحقاف,11,46:11,هَذَا,هذا,FUSED_HA_DEM,ها + ذا,1,,NONE — flagged for operator review only
46,الأحقاف,17,46:17,هَذَا,هذا,FUSED_HA_DEM,ها + ذا,1,,NONE — flagged for operator review only
46,الأحقاف,17,46:17,إِلَّا,إلا,FUSED_IN_LA,إن + لا,1,,NONE — flagged for operator review only
46,الأحقاف,19,46:19,مِمَّا,مما,FUSED_MIN_MA,من + ما,1,,NONE — flagged for operator review only
46,الأحقاف,21,46:21,أَلَّا,ألا,FUSED_AN_LA,أن + لا,1,,NONE — flagged for operator review only
46,الأحقاف,21,46:21,إِلَّا,إلا,FUSED_IN_LA,إن + لا,1,,NONE — flagged for operator review only
46,الأحقاف,23,46:23,إِنَّمَا,إنما,FUSED_INNA_MA,إن + ما,1,,NONE — flagged for operator review only
46,الأحقاف,24,46:24,هَذَا,هذا,FUSED_HA_DEM,ها + ذا,1,,NONE — flagged for operator review only
46,الأحقاف,25,46:25,إِلَّا,إلا,FUSED_IN_LA,إن + لا,1,,NONE — flagged for operator review only
46,الأحقاف,34,46:34,هَذَا,هذا,FUSED_HA_DEM,ها + ذا,1,,NONE — flagged for operator review only
46,الأحقاف,35,46:35,إِلَّا,إلا,FUSED_IN_LA,إن + لا,1,,NONE — flagged for operator review only
46,الأحقاف,35,46:35,إِلَّا,إلا,FUSED_IN_LA,إن + لا,1,,NONE — flagged for operator review only
47,محمد,7,47:7,أَيُّهَا,أيها,FUSED_AYYUHA,أي + ها,1,,NONE — flagged for operator review only
47,محمد,18,47:18,إِلَّا,إلا,FUSED_IN_LA,إن + لا,1,,NONE — flagged for operator review only
47,محمد,19,47:19,إِلَّا,إلا,FUSED_IN_LA,إن + لا,1,,NONE — flagged for operator review only
47,محمد,33,47:33,أَيُّهَا,أيها,FUSED_AYYUHA,أي + ها,1,,NONE — flagged for operator review only
47,محمد,36,47:36,إِنَّمَا,إنما,FUSED_INNA_MA,إن + ما,1,,NONE — flagged for operator review only
47,محمد,38,47:38,هَؤُلَاءِ,هؤلاء,FUSED_HA_DEM,ها + أولاء,1,,NONE — flagged for operator review only
48,الفتح,10,48:10,إِنَّمَا,إنما,FUSED_INNA_MA,إن + ما,1,,NONE — flagged for operator review only
48,الفتح,15,48:15,إِلَّا,إلا,FUSED_IN_LA,إن + لا,1,,NONE — flagged for operator review only
48,الفتح,20,48:20,هَذِهِ,هذه,FUSED_HA_DEM,ها + ذه,1,,NONE — flagged for operator review only
49,الحجرات,1,49:1,أَيُّهَا,أيها,FUSED_AYYUHA,أي + ها,1,,NONE — flagged for operator review only
49,الحجرات,2,49:2,أَيُّهَا,أيها,FUSED_AYYUHA,أي + ها,1,,NONE — flagged for operator review only
49,الحجرات,6,49:6,أَيُّهَا,أيها,FUSED_AYYUHA,أي + ها,1,,NONE — flagged for operator review only
49,الحجرات,10,49:10,إِنَّمَا,إنما,FUSED_INNA_MA,إن + ما,1,,NONE — flagged for operator review only
49,الحجرات,11,49:11,أَيُّهَا,أيها,FUSED_AYYUHA,أي + ها,1,,NONE — flagged for operator review only
49,الحجرات,12,49:12,أَيُّهَا,أيها,FUSED_AYYUHA,أي + ها,1,,NONE — flagged for operator review only
49,الحجرات,13,49:13,أَيُّهَا,أيها,FUSED_AYYUHA,أي + ها,1,,NONE — flagged for operator review only
49,الحجرات,15,49:15,إِنَّمَا,إنما,FUSED_INNA_MA,إن + ما,1,,NONE — flagged for operator review only
50,ق,2,50:2,هَذَا,هذا,FUSED_HA_DEM,ها + ذا,1,,NONE — flagged for operator review only
50,ق,18,50:18,إِلَّا,إلا,FUSED_IN_LA,إن + لا,1,,NONE — flagged for operator review only
50,ق,22,50:22,هَذَا,هذا,FUSED_HA_DEM,ها + ذا,1,,NONE — flagged for operator review only
50,ق,23,50:23,هَذَا,هذا,FUSED_HA_DEM,ها + ذا,1,,NONE — flagged for operator review only
50,ق,32,50:32,هَذَا,هذا,FUSED_HA_DEM,ها + ذا,1,,NONE — flagged for operator review only
51,الذاريات,5,51:5,إِنَّمَا,إنما,FUSED_INNA_MA,إن + ما,1,,NONE — flagged for operator review only
51,الذاريات,14,51:14,هَذَا,هذا,FUSED_HA_DEM,ها + ذا,1,,NONE — flagged for operator review only
51,الذاريات,27,51:27,أَلَا,ألا,PARTICLE_A_LA,أ + لا,1,"CONTESTED: the inceptive particle أَلَا. Reading it as interrogative hamza + لا is one analysis among several; many grammarians treat it as a simple particle. Listed so the choice is yours, not the pipeline's.",NONE — flagged for operator review only
51,الذاريات,31,51:31,أَيُّهَا,أيها,FUSED_AYYUHA,أي + ها,1,,NONE — flagged for operator review only
51,الذاريات,42,51:42,إِلَّا,إلا,FUSED_IN_LA,إن + لا,1,,NONE — flagged for operator review only
51,الذاريات,52,51:52,إِلَّا,إلا,FUSED_IN_LA,إن + لا,1,,NONE — flagged for operator review only
51,الذاريات,56,51:56,إِلَّا,إلا,FUSED_IN_LA,إن + لا,1,,NONE — flagged for operator review only
52,الطور,11,52:11,يَوْمَئِذٍ,يومئذ,FUSED_IDH,يوم + إذ,1,,NONE — flagged for operator review only
52,الطور,14,52:14,هَذِهِ,هذه,FUSED_HA_DEM,ها + ذه,1,,NONE — flagged for operator review only
52,الطور,15,52:15,هَذَا,هذا,FUSED_HA_DEM,ها + ذا,1,,NONE — flagged for operator review only
52,الطور,16,52:16,إِنَّمَا,إنما,FUSED_INNA_MA,إن + ما,1,,NONE — flagged for operator review only
52,الطور,22,52:22,مِمَّا,مما,FUSED_MIN_MA,من + ما,1,,NONE — flagged for operator review only
52,الطور,43,52:43,عَمَّا,عما,FUSED_AN_MA,عن + ما,1,,NONE — flagged for operator review only
53,النجم,4,53:4,إِلَّا,إلا,FUSED_IN_LA,إن + لا,1,,NONE — flagged for operator review only
53,النجم,23,53:23,إِلَّا,إلا,FUSED_IN_LA,إن + لا,1,,NONE — flagged for operator review only
53,النجم,23,53:23,إِلَّا,إلا,FUSED_IN_LA,إن + لا,1,,NONE — flagged for operator review only
53,النجم,26,53:26,إِلَّا,إلا,FUSED_IN_LA,إن + لا,1,,NONE — flagged for operator review only
53,النجم,28,53:28,إِلَّا,إلا,FUSED_IN_LA,إن + لا,1,,NONE — flagged for operator review only
53,النجم,29,53:29,إِلَّا,إلا,FUSED_IN_LA,إن + لا,1,,NONE — flagged for operator review only
53,النجم,32,53:32,إِلَّا,إلا,FUSED_IN_LA,إن + لا,1,,NONE — flagged for operator review only
53,النجم,38,53:38,أَلَّا,ألا,FUSED_AN_LA,أن + لا,1,,NONE — flagged for operator review only
53,النجم,39,53:39,إِلَّا,إلا,FUSED_IN_LA,إن + لا,1,,NONE — flagged for operator review only
53,النجم,56,53:56,هَذَا,هذا,FUSED_HA_DEM,ها + ذا,1,,NONE — flagged for operator review only
53,النجم,59,53:59,هَذَا,هذا,FUSED_HA_DEM,ها + ذا,1,,NONE — flagged for operator review only
54,القمر,8,54:8,هَذَا,هذا,FUSED_HA_DEM,ها + ذا,1,,NONE — flagged for operator review only
54,القمر,34,54:34,إِلَّا,إلا,FUSED_IN_LA,إن + لا,1,,NONE — flagged for operator review only
54,القمر,50,54:50,إِلَّا,إلا,FUSED_IN_LA,إن + لا,1,,NONE — flagged for operator review only
55,الرحمن,8,55:8,أَلَّا,ألا,FUSED_AN_LA,أن + لا,1,,NONE — flagged for operator review only
55,الرحمن,33,55:33,إِلَّا,إلا,FUSED_IN_LA,إن + لا,1,,NONE — flagged for operator review only
55,الرحمن,43,55:43,هَذِهِ,هذه,FUSED_HA_DEM,ها + ذه,1,,NONE — flagged for operator review only
55,الرحمن,60,55:60,إِلَّا,إلا,FUSED_IN_LA,إن + لا,1,,NONE — flagged for operator review only
56,الواقعة,20,56:20,مِمَّا,مما,FUSED_MIN_MA,من + ما,1,,NONE — flagged for operator review only
56,الواقعة,21,56:21,مِمَّا,مما,FUSED_MIN_MA,من + ما,1,,NONE — flagged for operator review only
56,الواقعة,26,56:26,إِلَّا,إلا,FUSED_IN_LA,إن + لا,1,,NONE — flagged for operator review only
56,الواقعة,51,56:51,أَيُّهَا,أيها,FUSED_AYYUHA,أي + ها,1,,NONE — flagged for operator review only
56,الواقعة,56,56:56,هَذَا,هذا,FUSED_HA_DEM,ها + ذا,1,,NONE — flagged for operator review only
56,الواقعة,79,56:79,إِلَّا,إلا,FUSED_IN_LA,إن + لا,1,,NONE — flagged for operator review only
56,الواقعة,84,56:84,حِينَئِذٍ,حينئذ,FUSED_IDH,حين + إذ,1,,NONE — flagged for operator review only
56,الواقعة,95,56:95,هَذَا,هذا,FUSED_HA_DEM,ها + ذا,1,,NONE — flagged for operator review only
57,الحديد,7,57:7,مِمَّا,مما,FUSED_MIN_MA,من + ما,1,,NONE — flagged for operator review only
57,الحديد,10,57:10,أَلَّا,ألا,FUSED_AN_LA,أن + لا,1,,NONE — flagged for operator review only
57,الحديد,20,57:20,أَنَّمَا,أنما,FUSED_ANNA_MA,أن + ما,1,,NONE — flagged for operator review only
57,الحديد,20,57:20,إِلَّا,إلا,FUSED_IN_LA,إن + لا,1,,NONE — flagged for operator review only
57,الحديد,22,57:22,إِلَّا,إلا,FUSED_IN_LA,إن + لا,1,,NONE — flagged for operator review only
57,الحديد,27,57:27,إِلَّا,إلا,FUSED_IN_LA,إن + لا,1,,NONE — flagged for operator review only
57,الحديد,28,57:28,أَيُّهَا,أيها,FUSED_AYYUHA,أي + ها,1,,NONE — flagged for operator review only
57,الحديد,29,57:29,لِئَلَّا,لئلا,FUSED_LI_AN_LA,لـ + أن + لا,2,,NONE — flagged for operator review only
57,الحديد,29,57:29,أَلَّا,ألا,FUSED_AN_LA,أن + لا,1,,NONE — flagged for operator review only
58,المجادلة,2,58:2,إِلَّا,إلا,FUSED_IN_LA,إن + لا,1,,NONE — flagged for operator review only
58,المجادلة,7,58:7,إِلَّا,إلا,FUSED_IN_LA,إن + لا,1,,NONE — flagged for operator review only
58,المجادلة,7,58:7,إِلَّا,إلا,FUSED_IN_LA,إن + لا,1,,NONE — flagged for operator review only
58,المجادلة,7,58:7,إِلَّا,إلا,FUSED_IN_LA,إن + لا,1,,NONE — flagged for operator review only
58,المجادلة,9,58:9,أَيُّهَا,أيها,FUSED_AYYUHA,أي + ها,1,,NONE — flagged for operator review only
58,المجادلة,10,58:10,إِنَّمَا,إنما,FUSED_INNA_MA,إن + ما,1,,NONE — flagged for operator review only
58,المجادلة,10,58:10,إِلَّا,إلا,FUSED_IN_LA,إن + لا,1,,NONE — flagged for operator review only
58,المجادلة,11,58:11,أَيُّهَا,أيها,FUSED_AYYUHA,أي + ها,1,,NONE — flagged for operator review only
58,المجادلة,12,58:12,أَيُّهَا,أيها,FUSED_AYYUHA,أي + ها,1,,NONE — flagged for operator review only
58,المجادلة,18,58:18,أَلَا,ألا,PARTICLE_A_LA,أ + لا,1,"CONTESTED: the inceptive particle أَلَا. Reading it as interrogative hamza + لا is one analysis among several; many grammarians treat it as a simple particle. Listed so the choice is yours, not the pipeline's.",NONE — flagged for operator review only
58,المجادلة,19,58:19,أَلَا,ألا,PARTICLE_A_LA,أ + لا,1,"CONTESTED: the inceptive particle أَلَا. Reading it as interrogative hamza + لا is one analysis among several; many grammarians treat it as a simple particle. Listed so the choice is yours, not the pipeline's.",NONE — flagged for operator review only
58,المجادلة,22,58:22,أَلَا,ألا,PARTICLE_A_LA,أ + لا,1,"CONTESTED: the inceptive particle أَلَا. Reading it as interrogative hamza + لا is one analysis among several; many grammarians treat it as a simple particle. Listed so the choice is yours, not the pipeline's.",NONE — flagged for operator review only
59,الحشر,9,59:9,مِمَّا,مما,FUSED_MIN_MA,من + ما,1,,NONE — flagged for operator review only
59,الحشر,14,59:14,إِلَّا,إلا,FUSED_IN_LA,إن + لا,1,,NONE — flagged for operator review only
59,الحشر,18,59:18,أَيُّهَا,أيها,FUSED_AYYUHA,أي + ها,1,,NONE — flagged for operator review only
59,الحشر,21,59:21,هَذَا,هذا,FUSED_HA_DEM,ها + ذا,1,,NONE — flagged for operator review only
59,الحشر,22,59:22,إِلَّا,إلا,FUSED_IN_LA,إن + لا,1,,NONE — flagged for operator review only
59,الحشر,23,59:23,إِلَّا,إلا,FUSED_IN_LA,إن + لا,1,,NONE — flagged for operator review only
59,الحشر,23,59:23,عَمَّا,عما,FUSED_AN_MA,عن + ما,1,,NONE — flagged for operator review only
60,الممتحنة,1,60:1,أَيُّهَا,أيها,FUSED_AYYUHA,أي + ها,1,,NONE — flagged for operator review only
60,الممتحنة,4,60:4,إِلَّا,إلا,FUSED_IN_LA,إن + لا,1,,NONE — flagged for operator review only
60,الممتحنة,9,60:9,إِنَّمَا,إنما,FUSED_INNA_MA,إن + ما,1,,NONE — flagged for operator review only
60,الممتحنة,10,60:10,أَيُّهَا,أيها,FUSED_AYYUHA,أي + ها,1,,NONE — flagged for operator review only
60,الممتحنة,12,60:12,أَيُّهَا,أيها,FUSED_AYYUHA,أي + ها,1,,NONE — flagged for operator review only
60,الممتحنة,13,60:13,أَيُّهَا,أيها,FUSED_AYYUHA,أي + ها,1,,NONE — flagged for operator review only
61,الصف,2,61:2,أَيُّهَا,أيها,FUSED_AYYUHA,أي + ها,1,,NONE — flagged for operator review only
61,الصف,2,61:2,لِمَ,لم,FUSED_LI_MA,لـ + ما,1,,NONE — flagged for operator review only
61,الصف,5,61:5,لِمَ,لم,FUSED_LI_MA,لـ + ما,1,,NONE — flagged for operator review only
61,الصف,6,61:6,هَذَا,هذا,FUSED_HA_DEM,ها + ذا,1,,NONE — flagged for operator review only
61,الصف,7,61:7,مِمَّنِ,ممن,FUSED_MIN_MAN,من + من,1,,NONE — flagged for operator review only
61,الصف,10,61:10,أَيُّهَا,أيها,FUSED_AYYUHA,أي + ها,1,,NONE — flagged for operator review only
61,الصف,14,61:14,أَيُّهَا,أيها,FUSED_AYYUHA,أي + ها,1,,NONE — flagged for operator review only
62,الجمعة,6,62:6,أَيُّهَا,أيها,FUSED_AYYUHA,أي + ها,1,,NONE — flagged for operator review only
62,الجمعة,9,62:9,أَيُّهَا,أيها,FUSED_AYYUHA,أي + ها,1,,NONE — flagged for operator review only
63,المنافقون,9,63:9,أَيُّهَا,أيها,FUSED_AYYUHA,أي + ها,1,,NONE — flagged for operator review only
64,التغابن,11,64:11,إِلَّا,إلا,FUSED_IN_LA,إن + لا,1,,NONE — flagged for operator review only
64,التغابن,13,64:13,إِلَّا,إلا,FUSED_IN_LA,إن + لا,1,,NONE — flagged for operator review only
64,التغابن,14,64:14,أَيُّهَا,أيها,FUSED_AYYUHA,أي + ها,1,,NONE — flagged for operator review only
64,التغابن,15,64:15,إِنَّمَا,إنما,FUSED_INNA_MA,إن + ما,1,,NONE — flagged for operator review only
65,الطلاق,1,65:1,أَيُّهَا,أيها,FUSED_AYYUHA,أي + ها,1,,NONE — flagged for operator review only
65,الطلاق,1,65:1,إِلَّا,إلا,FUSED_IN_LA,إن + لا,1,,NONE — flagged for operator review only
65,الطلاق,7,65:7,مِمَّا,مما,FUSED_MIN_MA,من + ما,1,,NONE — flagged for operator review only
65,الطلاق,7,65:7,إِلَّا,إلا,FUSED_IN_LA,إن + لا,1,,NONE — flagged for operator review only
66,التحريم,1,66:1,أَيُّهَا,أيها,FUSED_AYYUHA,أي + ها,1,,NONE — flagged for operator review only
66,التحريم,1,66:1,لِمَ,لم,FUSED_LI_MA,لـ + ما,1,,NONE — flagged for operator review only
66,التحريم,3,66:3,هَذَا,هذا,FUSED_HA_DEM,ها + ذا,1,,NONE — flagged for operator review only
66,التحريم,6,66:6,أَيُّهَا,أيها,FUSED_AYYUHA,أي + ها,1,,NONE — flagged for operator review only
66,التحريم,7,66:7,أَيُّهَا,أيها,FUSED_AYYUHA,أي + ها,1,,NONE — flagged for operator review only
66,التحريم,7,66:7,إِنَّمَا,إنما,FUSED_INNA_MA,إن + ما,1,,NONE — flagged for operator review only
66,التحريم,8,66:8,أَيُّهَا,أيها,FUSED_AYYUHA,أي + ها,1,,NONE — flagged for operator review only
66,التحريم,9,66:9,أَيُّهَا,أيها,FUSED_AYYUHA,أي + ها,1,,NONE — flagged for operator review only
67,الملك,8,67:8,كُلَّمَا,كلما,FUSED_KULLA_MA,كل + ما,1,,NONE — flagged for operator review only
67,الملك,9,67:9,إِلَّا,إلا,FUSED_IN_LA,إن + لا,1,,NONE — flagged for operator review only
67,الملك,14,67:14,أَلَا,ألا,PARTICLE_A_LA,أ + لا,1,"CONTESTED: the inceptive particle أَلَا. Reading it as interrogative hamza + لا is one analysis among several; many grammarians treat it as a simple particle. Listed so the choice is yours, not the pipeline's.",NONE — flagged for operator review only
67,الملك,19,67:19,إِلَّا,إلا,FUSED_IN_LA,إن + لا,1,,NONE — flagged for operator review only
67,الملك,20,67:20,أَمَّنْ,أمن,FUSED_AM_MAN,أم + من,1,,NONE — flagged for operator review only
67,الملك,20,67:20,هَذَا,هذا,FUSED_HA_DEM,ها + ذا,1,,NONE — flagged for operator review only
67,الملك,20,67:20,إِلَّا,إلا,FUSED_IN_LA,إن + لا,1,,NONE — flagged for operator review only
67,الملك,21,67:21,أَمَّنْ,أمن,FUSED_AM_MAN,أم + من,1,,NONE — flagged for operator review only
67,الملك,21,67:21,هَذَا,هذا,FUSED_HA_DEM,ها + ذا,1,,NONE — flagged for operator review only
67,الملك,22,67:22,أَمَّنْ,أمن,FUSED_AM_MAN,أم + من,1,,NONE — flagged for operator review only
67,الملك,25,67:25,هَذَا,هذا,FUSED_HA_DEM,ها + ذا,1,,NONE — flagged for operator review only
67,الملك,26,67:26,إِنَّمَا,إنما,FUSED_INNA_MA,إن + ما,1,,NONE — flagged for operator review only
67,الملك,27,67:27,هَذَا,هذا,FUSED_HA_DEM,ها + ذا,1,,NONE — flagged for operator review only
68,القلم,52,68:52,إِلَّا,إلا,FUSED_IN_LA,إن + لا,1,,NONE — flagged for operator review only
69,الحاقة,16,69:16,يَوْمَئِذٍ,يومئذ,FUSED_IDH,يوم + إذ,1,,NONE — flagged for operator review only
69,الحاقة,17,69:17,يَوْمَئِذٍ,يومئذ,FUSED_IDH,يوم + إذ,1,,NONE — flagged for operator review only
69,الحاقة,18,69:18,يَوْمَئِذٍ,يومئذ,FUSED_IDH,يوم + إذ,1,,NONE — flagged for operator review only
69,الحاقة,36,69:36,إِلَّا,إلا,FUSED_IN_LA,إن + لا,1,,NONE — flagged for operator review only
69,الحاقة,37,69:37,إِلَّا,إلا,FUSED_IN_LA,إن + لا,1,,NONE — flagged for operator review only
70,المعارج,11,70:11,يَوْمِئِذٍ,يومئذ,FUSED_IDH,يوم + إذ,1,,NONE — flagged for operator review only
70,المعارج,22,70:22,إِلَّا,إلا,FUSED_IN_LA,إن + لا,1,,NONE — flagged for operator review only
70,المعارج,30,70:30,إِلَّا,إلا,FUSED_IN_LA,إن + لا,1,,NONE — flagged for operator review only
70,المعارج,36,70:36,فَمَالِ,فمال,FUSED_MA_LI,فـ + ما + لـ,2,,NONE — flagged for operator review only
70,المعارج,39,70:39,مِمَّا,مما,FUSED_MIN_MA,من + ما,1,,NONE — flagged for operator review only
71,نوح,6,71:6,إِلَّا,إلا,FUSED_IN_LA,إن + لا,1,,NONE — flagged for operator review only
71,نوح,7,71:7,كُلَّمَا,كلما,FUSED_KULLA_MA,كل + ما,1,,NONE — flagged for operator review only
71,نوح,21,71:21,إِلَّا,إلا,FUSED_IN_LA,إن + لا,1,,NONE — flagged for operator review only
71,نوح,24,71:24,إِلَّا,إلا,FUSED_IN_LA,إن + لا,1,,NONE — flagged for operator review only
71,نوح,25,71:25,مِمَّا,مما,FUSED_MIN_MA,من + ما,1,,NONE — flagged for operator review only
71,نوح,27,71:27,إِلَّا,إلا,FUSED_IN_LA,إن + لا,1,,NONE — flagged for operator review only
71,نوح,28,71:28,إِلَّا,إلا,FUSED_IN_LA,إن + لا,1,,NONE — flagged for operator review only
72,الجن,20,72:20,إِنَّمَا,إنما,FUSED_INNA_MA,إن + ما,1,,NONE — flagged for operator review only
72,الجن,23,72:23,إِلَّا,إلا,FUSED_IN_LA,إن + لا,1,,NONE — flagged for operator review only
72,الجن,27,72:27,إِلَّا,إلا,FUSED_IN_LA,إن + لا,1,,NONE — flagged for operator review only
73,المزمل,1,73:1,أَيُّهَا,أيها,FUSED_AYYUHA,أي + ها,1,,NONE — flagged for operator review only
73,المزمل,2,73:2,إِلَّا,إلا,FUSED_IN_LA,إن + لا,1,,NONE — flagged for operator review only
73,المزمل,9,73:9,إِلَّا,إلا,FUSED_IN_LA,إن + لا,1,,NONE — flagged for operator review only
73,المزمل,19,73:19,هَذِهِ,هذه,FUSED_HA_DEM,ها + ذه,1,,NONE — flagged for operator review only
74,المدثر,1,74:1,أَيُّهَا,أيها,FUSED_AYYUHA,أي + ها,1,,NONE — flagged for operator review only
74,المدثر,9,74:9,يَوْمَئِذٍ,يومئذ,FUSED_IDH,يوم + إذ,1,,NONE — flagged for operator review only
74,المدثر,24,74:24,هَذَا,هذا,FUSED_HA_DEM,ها + ذا,1,,NONE — flagged for operator review only
74,المدثر,24,74:24,إِلَّا,إلا,FUSED_IN_LA,إن + لا,1,,NONE — flagged for operator review only
74,المدثر,25,74:25,هَذَا,هذا,FUSED_HA_DEM,ها + ذا,1,,NONE — flagged for operator review only
74,المدثر,25,74:25,إِلَّا,إلا,FUSED_IN_LA,إن + لا,1,,NONE — flagged for operator review only
74,المدثر,31,74:31,إِلَّا,إلا,FUSED_IN_LA,إن + لا,1,,NONE — flagged for operator review only
74,المدثر,31,74:31,إِلَّا,إلا,FUSED_IN_LA,إن + لا,1,,NONE — flagged for operator review only
74,المدثر,31,74:31,إِلَّا,إلا,FUSED_IN_LA,إن + لا,1,,NONE — flagged for operator review only
74,المدثر,31,74:31,إِلَّا,إلا,FUSED_IN_LA,إن + لا,1,,NONE — flagged for operator review only
74,المدثر,39,74:39,إِلَّا,إلا,FUSED_IN_LA,إن + لا,1,,NONE — flagged for operator review only
74,المدثر,56,74:56,إِلَّا,إلا,FUSED_IN_LA,إن + لا,1,,NONE — flagged for operator review only
75,القيامة,3,75:3,أَلَّنْ,ألن,FUSED_AN_LAN,أن + لن,1,,NONE — flagged for operator review only
75,القيامة,10,75:10,يَوْمَئِذٍ,يومئذ,FUSED_IDH,يوم + إذ,1,,NONE — flagged for operator review only
75,القيامة,12,75:12,يَوْمَئِذٍ,يومئذ,FUSED_IDH,يوم + إذ,1,,NONE — flagged for operator review only
75,القيامة,13,75:13,يَوْمَئِذٍ,يومئذ,FUSED_IDH,يوم + إذ,1,,NONE — flagged for operator review only
75,القيامة,22,75:22,يَوْمَئِذٍ,يومئذ,FUSED_IDH,يوم + إذ,1,,NONE — flagged for operator review only
75,القيامة,24,75:24,يَوْمَئِذٍ,يومئذ,FUSED_IDH,يوم + إذ,1,,NONE — flagged for operator review only
75,القيامة,30,75:30,يَوْمَئِذٍ,يومئذ,FUSED_IDH,يوم + إذ,1,,NONE — flagged for operator review only
76,الإنسان,3,76:3,إِمَّا,إما,FUSED_IN_MA,إن + ما,1,,NONE — flagged for operator review only
76,الإنسان,9,76:9,إِنَّمَا,إنما,FUSED_INNA_MA,إن + ما,1,,NONE — flagged for operator review only
76,الإنسان,22,76:22,هَذَا,هذا,FUSED_HA_DEM,ها + ذا,1,,NONE — flagged for operator review only
76,الإنسان,27,76:27,هَؤُلَاءِ,هؤلاء,FUSED_HA_DEM,ها + أولاء,1,,NONE — flagged for operator review only
76,الإنسان,29,76:29,هَذِهِ,هذه,FUSED_HA_DEM,ها + ذه,1,,NONE — flagged for operator review only
76,الإنسان,30,76:30,إِلَّا,إلا,FUSED_IN_LA,إن + لا,1,,NONE — flagged for operator review only
77,المرسلات,7,77:7,إِنَّمَا,إنما,FUSED_INNA_MA,إن + ما,1,,NONE — flagged for operator review only
77,المرسلات,15,77:15,يَوْمَئِذٍ,يومئذ,FUSED_IDH,يوم + إذ,1,,NONE — flagged for operator review only
77,المرسلات,19,77:19,يَوْمَئِذٍ,يومئذ,FUSED_IDH,يوم + إذ,1,,NONE — flagged for operator review only
77,المرسلات,24,77:24,يَوْمَئِذٍ,يومئذ,FUSED_IDH,يوم + إذ,1,,NONE — flagged for operator review only
77,المرسلات,28,77:28,يَوْمَئِذٍ,يومئذ,FUSED_IDH,يوم + إذ,1,,NONE — flagged for operator review only
77,المرسلات,34,77:34,يَوْمَئِذٍ,يومئذ,FUSED_IDH,يوم + إذ,1,,NONE — flagged for operator review only
77,المرسلات,35,77:35,هَذَا,هذا,FUSED_HA_DEM,ها + ذا,1,,NONE — flagged for operator review only
77,المرسلات,37,77:37,يَوْمَئِذٍ,يومئذ,FUSED_IDH,يوم + إذ,1,,NONE — flagged for operator review only
77,المرسلات,38,77:38,هَذَا,هذا,FUSED_HA_DEM,ها + ذا,1,,NONE — flagged for operator review only
77,المرسلات,40,77:40,يَوْمَئِذٍ,يومئذ,FUSED_IDH,يوم + إذ,1,,NONE — flagged for operator review only
77,المرسلات,42,77:42,مِمَّا,مما,FUSED_MIN_MA,من + ما,1,,NONE — flagged for operator review only
77,المرسلات,45,77:45,يَوْمَئِذٍ,يومئذ,FUSED_IDH,يوم + إذ,1,,NONE — flagged for operator review only
77,المرسلات,47,77:47,يَوْمَئِذٍ,يومئذ,FUSED_IDH,يوم + إذ,1,,NONE — flagged for operator review only
77,المرسلات,49,77:49,يَوْمَئِذٍ,يومئذ,FUSED_IDH,يوم + إذ,1,,NONE — flagged for operator review only
78,النبأ,1,78:1,عَمَّ,عم,FUSED_AN_MA,عن + ما,1,,NONE — flagged for operator review only
78,النبأ,25,78:25,إِلَّا,إلا,FUSED_IN_LA,إن + لا,1,,NONE — flagged for operator review only
78,النبأ,30,78:30,إِلَّا,إلا,FUSED_IN_LA,إن + لا,1,,NONE — flagged for operator review only
78,النبأ,38,78:38,إِلَّا,إلا,FUSED_IN_LA,إن + لا,1,,NONE — flagged for operator review only
79,النازعات,8,79:8,يَوْمَئِذٍ,يومئذ,FUSED_IDH,يوم + إذ,1,,NONE — flagged for operator review only
79,النازعات,43,79:43,فِيمَ,فيم,FUSED_FI_MA,في + ما,1,,NONE — flagged for operator review only
79,النازعات,45,79:45,إِنَّمَا,إنما,FUSED_INNA_MA,إن + ما,1,,NONE — flagged for operator review only
79,النازعات,46,79:46,إِلَّا,إلا,FUSED_IN_LA,إن + لا,1,,NONE — flagged for operator review only
80,عبس,5,80:5,أَمَّا,أما,FUSED_AM_MA,أم + ما,1,,NONE — flagged for operator review only
80,عبس,7,80:7,أَلَّا,ألا,FUSED_AN_LA,أن + لا,1,,NONE — flagged for operator review only
80,عبس,37,80:37,يَوْمَئِذٍ,يومئذ,FUSED_IDH,يوم + إذ,1,,NONE — flagged for operator review only
80,عبس,38,80:38,يَوْمَئِذٍ,يومئذ,FUSED_IDH,يوم + إذ,1,,NONE — flagged for operator review only
80,عبس,40,80:40,يَوْمَئِذٍ,يومئذ,FUSED_IDH,يوم + إذ,1,,NONE — flagged for operator review only
81,التكوير,27,81:27,إِلَّا,إلا,FUSED_IN_LA,إن + لا,1,,NONE — flagged for operator review only
81,التكوير,29,81:29,إِلَّا,إلا,FUSED_IN_LA,إن + لا,1,,NONE — flagged for operator review only
82,الانفطار,6,82:6,أَيُّهَا,أيها,FUSED_AYYUHA,أي + ها,1,,NONE — flagged for operator review only
82,الانفطار,19,82:19,يَوْمَئِذٍ,يومئذ,FUSED_IDH,يوم + إذ,1,,NONE — flagged for operator review only
83,المطففين,4,83:4,أَلَا,ألا,PARTICLE_A_LA,أ + لا,1,"CONTESTED: the inceptive particle أَلَا. Reading it as interrogative hamza + لا is one analysis among several; many grammarians treat it as a simple particle. Listed so the choice is yours, not the pipeline's.",NONE — flagged for operator review only
83,المطففين,10,83:10,يَوْمَئِذٍ,يومئذ,FUSED_IDH,يوم + إذ,1,,NONE — flagged for operator review only
83,المطففين,12,83:12,إِلَّا,إلا,FUSED_IN_LA,إن + لا,1,,NONE — flagged for operator review only
83,المطففين,15,83:15,يَوْمَئِذٍ,يومئذ,FUSED_IDH,يوم + إذ,1,,NONE — flagged for operator review only
83,المطففين,17,83:17,هَذَا,هذا,FUSED_HA_DEM,ها + ذا,1,,NONE — flagged for operator review only
83,المطففين,32,83:32,هَؤُلَاءِ,هؤلاء,FUSED_HA_DEM,ها + أولاء,1,,NONE — flagged for operator review only
84,الانشقاق,6,84:6,أَيُّهَا,أيها,FUSED_AYYUHA,أي + ها,1,,NONE — flagged for operator review only
84,الانشقاق,25,84:25,إِلَّا,إلا,FUSED_IN_LA,إن + لا,1,,NONE — flagged for operator review only
85,البروج,8,85:8,إِلَّا,إلا,FUSED_IN_LA,إن + لا,1,,NONE — flagged for operator review only
86,الطارق,5,86:5,مِمَّ,مم,FUSED_MIN_MA,من + ما,1,,NONE — flagged for operator review only
87,الأعلى,7,87:7,إِلَّا,إلا,FUSED_IN_LA,إن + لا,1,,NONE — flagged for operator review only
87,الأعلى,18,87:18,هَذَا,هذا,FUSED_HA_DEM,ها + ذا,1,,NONE — flagged for operator review only
88,الغاشية,2,88:2,يَوْمَئِذٍ,يومئذ,FUSED_IDH,يوم + إذ,1,,NONE — flagged for operator review only
88,الغاشية,6,88:6,إِلَّا,إلا,FUSED_IN_LA,إن + لا,1,,NONE — flagged for operator review only
88,الغاشية,8,88:8,يَوْمَئِذٍ,يومئذ,FUSED_IDH,يوم + إذ,1,,NONE — flagged for operator review only
88,الغاشية,21,88:21,إِنَّمَا,إنما,FUSED_INNA_MA,إن + ما,1,,NONE — flagged for operator review only
88,الغاشية,23,88:23,إِلَّا,إلا,FUSED_IN_LA,إن + لا,1,,NONE — flagged for operator review only
89,الفجر,23,89:23,يَوْمَئِذٍ,يومئذ,FUSED_IDH,يوم + إذ,1,,NONE — flagged for operator review only
89,الفجر,23,89:23,يَوْمَئِذٍ,يومئذ,FUSED_IDH,يوم + إذ,1,,NONE — flagged for operator review only
89,الفجر,27,89:27,أَيَّتُهَا,أيتها,FUSED_AYYUHA,أية + ها,1,,NONE — flagged for operator review only
92,الليل,15,92:15,إِلَّا,إلا,FUSED_IN_LA,إن + لا,1,,NONE — flagged for operator review only
92,الليل,20,92:20,إِلَّا,إلا,FUSED_IN_LA,إن + لا,1,,NONE — flagged for operator review only
95,التين,6,95:6,إِلَّا,إلا,FUSED_IN_LA,إن + لا,1,,NONE — flagged for operator review only
98,البينة,4,98:4,إِلَّا,إلا,FUSED_IN_LA,إن + لا,1,,NONE — flagged for operator review only
98,البينة,5,98:5,إِلَّا,إلا,FUSED_IN_LA,إن + لا,1,,NONE — flagged for operator review only
99,الزلزلة,4,99:4,يَوْمَئِذٍ,يومئذ,FUSED_IDH,يوم + إذ,1,,NONE — flagged for operator review only
99,الزلزلة,6,99:6,يَوْمَئِذٍ,يومئذ,FUSED_IDH,يوم + إذ,1,,NONE — flagged for operator review only
100,العاديات,11,100:11,يَوْمَئِذٍ,يومئذ,FUSED_IDH,يوم + إذ,1,,NONE — flagged for operator review only
102,التكاثر,8,102:8,يَوْمَئِذٍ,يومئذ,FUSED_IDH,يوم + إذ,1,,NONE — flagged for operator review only
103,العصر,3,103:3,إِلَّا,إلا,FUSED_IN_LA,إن + لا,1,,NONE — flagged for operator review only
106,قريش,3,106:3,هَذَا,هذا,FUSED_HA_DEM,ها + ذا,1,,NONE — flagged for operator review only
109,الكافرون,1,109:1,أَيُّهَا,أيها,FUSED_AYYUHA,أي + ها,1,,NONE — flagged for operator review only
15,الحجر,99,15:99,وَاعْبُدْ رَبَّكَ حَتَّى يَأْتِيَكَ الْيَقِينُ,واعبد ربك حتى يأتيك اليقين,TRAILING_REMAINDER_AS_FINAL_AYAH,"n/a — ayah boundary, not a token split",0,Boundary inferred from the surah end because the source omits the closing marker. Text is verbatim; boundary is not.,Source lacks the closing (n) marker for this ayah. The ayah TEXT is present verbatim; only the delimiter numeral is absent. A segmentation boundary was inferred. NO text was created.
104,الهمزة,0,104:0,,,BASMALAH_ABSENT_FROM_SOURCE,n/a,0,Not ambiguous — simply absent from the source.,NONE — Basmalah is absent from the source document for this surah and was NOT reconstructed. Definition A is 4 tokens lower than a source carrying all 113 opening Basmalahs.
