word,count,first_occurrence,number_of_distinct_surahs,character_length
من,2763,2:4,98,2
الله,2153,1:1,81,4
في,1185,2:10,93,2
ما,1010,2:17,96,2
إن,966,2:6,93,2
لا,812,2:2,83,2
الذين,810,1:7,74,5
على,670,2:5,83,3
إلا,664,2:9,79,3
ولا,658,1:7,78,3
وما,646,2:4,85,3
أن,638,2:25,81,2
قال,416,2:30,41,3
إلى,405,2:14,80,3
لهم,373,2:11,69,3
يا,349,2:21,59,2
ومن,342,2:8,67,3
ثم,340,2:28,72,2
لكم,337,2:22,64,3
به,327,2:22,63,2
كان,323,2:75,69,3
بما,296,2:4,62,3
قل,294,2:80,54,2
الأرض,287,2:11,69,5
أو,280,2:19,57,2
ذلك,280,2:2,71,3
له,275,2:102,63,2
الذي,268,2:17,70,4
هو,265,2:29,68,2
آمنوا,263,2:9,59,5
هم,261,2:4,61,2
وإن,254,2:23,60,3
قالوا,250,2:11,50,5
كل,245,2:20,68,2
فيها,241,2:25,68,4
والله,240,2:19,38,5
كانوا,229,2:10,47,5
عن,223,2:48,63,2
إذا,221,2:145,69,3
ربك,220,2:30,59,3
يوم,217,1:4,66,3
عليهم,214,1:7,62,5
شيء,190,2:20,54,3
هذا,190,2:25,56,3
كفروا,189,2:6,54,5
كنتم,188,2:23,48,4
السماوات,182,2:33,57,8
الناس,182,2:8,48,5
لم,178,2:6,60,2
وهو,171,2:29,53,3
فإن,168,2:24,44,3
إذ,165,2:131,46,2
عليكم,164,2:40,42,5
والذين,164,2:4,39,6
الكتاب,163,2:2,40,6
والأرض,157,2:33,56,6
إنا,156,2:14,49,3
فلا,156,2:22,54,3
منهم,153,2:75,47,4
أيها,150,2:21,40,4
عذاب,150,2:7,50,4
إنه,147,2:37,52,3
بعد,146,2:27,45,3
عليه,146,2:37,50,4
حتى,142,2:55,48,3
بالله,139,2:8,35,5
وهم,137,2:25,40,3
وإذا,134,2:11,43,4
أولئك,133,2:5,47,5
إني,131,2:30,37,3
أم,130,2:6,48,2
رب,130,1:2,47,2
موسى,129,2:51,32,4
ولقد,129,2:65,46,4
بل,127,2:88,51,2
فيه,127,2:2,43,3
قد,126,2:60,40,2
قوم,126,2:54,39,3
عند,119,2:54,48,3
قبل,118,2:25,47,3
خير,116,2:54,41,3
لله,116,1:2,43,3
يشاء,116,2:90,34,4
الدنيا,115,2:85,40,6
إنما,113,2:11,51,4
ولكن,112,2:12,41,4
ربهم,111,2:5,46,4
مما,111,2:23,41,3
ولو,111,2:20,41,3
الحق,109,2:26,41,4
السماء,109,2:19,57,6
منكم,107,2:65,33,4
ربنا,106,2:127,37,4
عليم,106,2:29,32,4
النار,102,2:24,44,5
ربكم,102,2:21,35,4
فلما,101,2:17,34,4
ألا,99,2:12,34,3
أنزل,95,2:4,29,4
ربي,94,2:258,31,3
لمن,94,2:102,44,3
دون,91,2:23,40,3
فمن,90,2:38,35,3
منه,88,2:60,36,3
سبيل,87,2:154,25,4
فإذا,87,2:196,42,4
فما,86,2:16,48,3
كذلك,86,2:73,34,4
منها,86,2:25,39,4
يؤمنون,86,2:3,37,6
العذاب,85,2:49,39,6
وقال,85,2:118,31,4
مبين,84,2:168,36,4
وكان,84,2:34,14,4
تعملون,83,2:74,39,6
خلق,83,2:29,48,3
لنا,83,2:32,29,3
يعلمون,82,2:13,33,6
أنتم,80,2:85,34,4
بين,80,2:66,37,3
للذين,80,2:79,37,5
بها,79,2:99,34,3
لو,79,2:96,39,2
ألم,78,2:33,40,3
المؤمنين,78,2:223,28,8
إليك,77,2:4,29,4
شيئا,77,2:48,36,4
إليه,76,2:28,37,4
عنهم,75,2:86,36,4
بالحق,74,2:71,34,5
لما,74,2:41,40,3
إله,73,2:163,33,3
ربه,73,2:37,40,3
أنفسهم,72,2:9,27,6
جهنم,72,2:206,38,4
وإذ,72,2:30,21,3
الآخرة,71,2:94,35,6
لك,71,2:30,30,2
يعلم,71,2:77,36,4
القيامة,70,2:85,30,7
غير,69,1:7,35,3
وأن,68,2:165,30,3
فرعون,67,2:49,23,5
هل,67,2:210,38,2
أنا,66,2:258,33,3
ورسوله,66,2:279,16,6
قلوبهم,65,2:7,30,6
نحن,65,2:11,35,3
يومئذ,65,3:167,37,5
الظالمين,64,2:35,27,8
العزيز,64,2:129,34,6
إنهم,63,2:12,36,4
الحياة,63,2:85,33,6
الشيطان,63,2:36,29,7
كنا,63,4:97,30,3
لي,63,2:152,27,2
أصحاب,62,2:39,32,5
إبراهيم,62,2:124,22,7
القوم,62,2:250,23,5
جنات,62,2:25,45,4
كيف,62,2:28,31,3
الصالحات,61,2:25,36,8
العالمين,61,1:2,25,8
بعض,61,2:76,31,3
رحيم,61,2:143,25,4
وقالوا,61,2:80,31,6
علم,60,2:32,34,3
الليل,59,2:164,34,5
كما,59,2:13,26,3
لعلكم,59,2:21,22,5
لن,59,2:55,29,2
الإنسان,58,4:28,39,7
الصلاة,58,2:3,28,6
بينهم,58,2:113,30,5
مع,58,2:43,28,2
التي,57,2:24,35,4
بآياتنا,57,2:39,30,7
جاء,57,4:43,30,3
عليك,57,2:252,29,4
فقد,57,2:108,24,3
أهل,56,2:105,22,3
الجنة,56,2:35,31,5
تعلمون,56,2:22,22,6
شاء,56,2:20,30,3
يعملون,56,2:96,28,6
أعلم,55,2:30,26,4
أنت,55,2:32,30,3
قليلا,55,2:41,27,5
لقد,54,3:164,30,3
وعملوا,53,2:25,33,6
آيات,52,2:99,29,4
أليم,52,2:10,31,4
الكافرين,52,2:34,27,8
رسول,52,2:87,28,4
غفور,52,2:173,24,4
قبلهم,52,2:118,35,5
أرسلنا,51,2:151,29,6
بني,51,2:40,20,3
علينا,51,2:70,30,5
كنت,51,2:143,24,3
لقوم,51,2:118,18,4
للناس,51,2:83,28,5
يقولون,51,2:79,32,6
إنك,50,2:32,27,3
أمة,49,2:128,22,3
جميعا,49,2:29,22,5
عظيم,49,2:7,30,4
تجري,48,2:25,34,4
آية,47,2:106,24,3
الدين,47,1:4,32,5
عما,47,2:74,26,3
كتاب,47,2:89,33,4
ليس,47,2:177,23,3
مثل,47,2:113,29,3
نفس,47,2:48,28,3
هي,47,2:68,29,2
ولم,47,2:247,24,3
عليها,46,2:142,34,5
فأولئك,46,2:81,25,6
كثيرا,46,2:26,23,5
هذه,46,2:35,27,3
أفلا,45,2:44,23,4
الرحمن,45,1:1,17,6
الرسول,45,2:143,19,6
جعل,45,2:22,28,3
وأنتم,45,2:22,18,5
خالدين,44,2:162,27,6
ذلكم,44,2:49,26,4
ويوم,44,2:85,22,4
الأنهار,43,2:25,29,7
القرآن,43,2:185,28,6
كذبوا,43,3:11,18,5
وقد,43,2:75,27,3
ولهم,43,2:7,22,4
يهدي,43,2:142,21,4
إسرائيل,42,2:40,16,7
الحكيم,42,2:32,29,6
ظلموا,42,2:59,25,5
واتقوا,42,2:48,14,6
أمر,41,2:27,24,3
أنهم,41,2:46,23,4
اليوم,41,2:249,26,5
بغير,41,2:61,23,4
بهم,41,2:15,31,3
جاءهم,41,2:89,29,5
فهم,41,2:18,21,3
لعلهم,41,2:186,20,5
لها,41,2:134,25,3
هؤلاء,41,2:31,24,5
إليهم,40,3:77,23,5
قوما,40,3:86,28,4
حكيم,39,2:209,19,4
وعلى,39,2:7,23,4
يحب,39,2:190,18,3
يقول,39,2:8,23,4
أكثرهم,38,2:100,22,6
أنفسكم,38,2:44,20,6
الملائكة,38,2:31,21,8
دونه,38,4:117,23,4
ذكر,38,3:195,27,3
عذابا,38,3:56,22,5
كلا,38,4:130,20,3
لولا,38,2:118,24,4
هدى,38,2:2,21,3
وعد,38,4:95,25,3
وكذلك,38,2:143,18,5
يريد,38,2:185,21,4
آمنا,37,2:8,17,4
بكم,37,2:18,21,3
خيرا,37,2:158,21,4
عنه,37,4:31,27,3
قدير,37,2:20,23,4
وجعلنا,37,5:13,20,6
العظيم,36,2:105,23,6
تحتها,36,2:25,24,5
صالحا,36,2:62,24,5
قومه,36,6:80,15,4
أولم,35,2:260,21,4
الساعة,35,6:31,22,6
الموت,35,2:19,22,5
شديد,35,2:165,21,4
فبأي,35,7:185,5,4
ماء,35,2:22,29,3
منا,35,2:127,19,3
وكانوا,35,2:61,23,6
يكون,35,2:150,22,4
آلاء,34,7:69,3,4
آياتنا,34,2:151,21,6
أولياء,34,3:28,19,6
الرحيم,34,1:1,20,6
بآيات,34,2:61,22,5
بكل,34,2:29,25,3
حق,34,2:121,23,2
رحمة,34,3:8,20,4
قيل,34,2:11,23,3
مؤمنين,34,2:91,15,6
معه,34,2:214,23,3
أيديهم,33,2:79,22,6
بعضهم,33,2:76,19,5
ربكما,33,7:20,3,5
قبلك,33,2:4,24,4
مريم,33,2:87,11,4
نوح,33,4:163,21,3
وإنا,33,2:70,19,4
وفي,33,2:49,17,3
ولئن,33,2:120,21,4
أجر,32,3:136,20,3
أحسن,32,2:138,23,4
أوتوا,32,2:101,19,5
إليكم,32,2:272,21,5
الأمر,32,2:210,20,5
العليم,32,2:32,21,6
صراط,32,1:7,21,4
ولما,32,2:89,13,4
يكن,32,2:196,16,3
آياته,31,2:73,16,5
أكثر,31,2:243,18,4
إنكم,31,2:54,22,4
الآيات,31,2:118,15,6
الأولين,31,6:25,19,7
بينهما,31,4:35,21,6
تر,31,2:243,17,2
تكذبان,31,55:13,1,6
صادقين,31,2:23,23,6
فضل,31,2:64,15,3
ملك,31,2:102,22,3
ممن,31,2:114,21,3
أحد,30,2:102,19,3
المحسنين,30,2:58,14,8
النبي,30,3:68,9,5
سوء,30,2:49,19,3
فإنما,30,2:117,23,5
اتقوا,29,2:212,17,5
الآخر,29,2:8,12,5
بينكم,29,2:188,17,5
جزاء,29,2:85,20,4
جعلنا,29,2:125,17,5
حيث,29,2:35,14,3
حين,29,2:36,21,3
سبيلا,29,3:97,7,5
قالت,29,3:35,11,4
لآيات,29,2:164,19,5
لفي,29,2:176,22,3
نذير,29,5:19,17,4
واحدة,29,2:213,22,5
وجعل,29,5:60,18,4
أبدا,28,2:95,15,4
أشد,28,2:74,18,3
ابن,28,2:87,14,3
السبيل,28,2:108,21,6
العلم,28,2:120,22,5
الغيب,28,3:44,22,5
القول,28,4:108,21,5
الملك,28,2:247,17,5
تلك,28,2:111,19,3
فضله,28,2:90,13,4
فهو,28,2:184,21,3
كانت,28,2:94,19,4
لئن,28,5:12,18,3
وأما,28,2:26,22,4
ويقولون,28,3:75,18,7
يظلمون,28,2:57,17,6
آمن,27,2:13,14,3
أعمالهم,27,2:167,17,7
بصير,27,2:96,18,4
ضلال,27,3:164,22,4
عاقبة,27,3:137,17,5
فقال,27,2:31,20,4
لكل,27,4:11,20,3
وإلى,27,2:210,18,4
ولله,27,2:115,15,4
يؤمن,27,2:221,19,4
يدعون,27,2:221,24,5
يروا,27,6:6,18,4
الحمد,26,1:2,20,5
الزكاة,26,2:43,15,6
بأنهم,26,2:61,13,5
جناح,26,2:158,7,4
سواء,26,2:6,22,4
فسوف,26,4:30,18,4
مستقيم,26,2:142,17,6
معكم,26,2:14,19,4
نفسه,26,2:130,15,4
وأنا,26,2:160,14,4
والنهار,26,2:164,21,7
ومنهم,26,2:78,14,5
أنزلنا,25,2:99,21,6
إلي,25,3:55,18,3
النهار,25,3:27,17,6
تكون,25,2:193,16,4
جاءكم,25,2:87,13,5
خبير,25,2:234,17,4
ذو,25,2:105,17,2
عباده,25,2:90,20,5
كذب,25,3:184,20,3
وأولئك,25,2:5,10,6
ينظرون,25,2:162,19,6
الجبال,24,7:74,23,6
الظالمون,24,2:229,19,8
المرسلين,24,2:252,10,8
المشركين,24,2:105,11,8
النساء,24,2:222,9,6
بالبينات,24,2:92,16,8
تعقلون,24,2:44,17,6
خالدون,24,2:25,12,6
عزيز,24,2:209,13,4
عنكم,24,2:52,16,4
عنها,24,2:36,16,4
فيما,24,2:113,15,4
وإنه,24,2:130,14,4
ورحمة,24,2:157,19,5
ولولا,24,2:251,17,5
أجل,23,2:282,18,3
أجمعين,23,2:161,16,6
أنه,23,2:26,17,3
البحر,23,2:50,16,5
الجحيم,23,2:119,15,6
الحرام,23,2:144,7,6
المتقين,23,2:180,16,7
المصير,23,2:126,18,6
بإذن,23,2:97,14,4
تولوا,23,2:115,12,5
حسنا,23,2:83,18,4
رسولا,23,2:129,15,5
عدو,23,2:36,14,3
عنده,23,2:140,18,4
فهل,23,5:91,14,3
قرية,23,2:259,18,4
كتب,23,2:178,11,3
للكافرين,23,2:24,16,8
واليوم,23,2:62,11,6
وله,23,2:266,17,3
آل,22,2:49,14,2
أجرا,22,4:40,13,4
المؤمنون,22,3:28,12,8
المبين,22,5:92,19,6
الهدى,22,2:120,16,5
بشر,22,3:47,16,3
بلى,22,2:81,16,3
عظيما,22,4:27,4,5
عليما,22,4:11,5,5
فأما,22,2:26,18,4
فتنة,22,2:102,16,4
فلن,22,2:80,13,3
ماذا,22,2:26,14,4
نزل,22,2:176,17,3
وإليه,22,2:245,15,5
ولن,22,2:24,14,3
يأتي,22,2:109,15,4
يرجعون,22,2:18,16,6
يعقلون,22,2:164,15,6
اتخذوا,21,4:153,15,6
الفلك,21,7:64,17,5
بالآخرة,21,2:86,15,7
بعده,21,2:51,16,4
تكن,21,3:60,15,3
تكونوا,21,2:41,13,6
حرم,21,2:173,9,3
خلقنا,21,7:181,16,5
سميع,21,2:181,11,4
عسى,21,4:84,13,3
مسمى,21,2:282,17,4
نار,21,2:266,16,3
وقل,21,3:20,13,3
وكفى,21,4:6,6,4
ولي,21,2:107,15,3
يشعرون,21,2:9,13,6
يوسف,21,12:4,2,4
آدم,20,2:31,8,3
أحدا,20,5:20,8,4
أخاف,20,5:28,13,4
أموالهم,20,2:261,9,7
أول,20,2:41,14,3
أولو,20,2:170,17,4
أيام,20,2:184,14,4
الشمس,20,6:78,18,5
العرش,20,7:54,18,5
بالمعروف,20,2:178,7,8
بعضكم,20,2:36,13,5
تدعون,20,6:40,13,5
تعبدون,20,2:83,12,6
رحيما,20,4:16,5,5
شهيدا,20,2:143,13,5
عملوا,20,6:132,16,5
غفورا,20,4:23,6,5
كريم,20,8:4,14,4
كفر,20,2:102,13,3
لآية,20,2:248,9,4
مثلا,20,2:26,12,4
والقمر,20,6:96,20,6
يسمعون,20,2:75,17,6
ينفقون,20,2:3,9,6
آتينا,19,2:53,16,5
أنما,19,3:178,15,4
إلينا,19,2:136,14,5
البر,19,2:177,11,4
الجن,19,6:100,10,4
الذكر,19,3:36,13,5
السميع,19,2:127,15,6
الصالحين,19,2:130,14,8
المجرمين,19,6:55,17,8
تتقون,19,2:21,9,5
ترجعون,19,2:28,14,6
ترى,19,5:80,13,3
تشكرون,19,2:52,15,6
ذي,19,4:36,17,2
سلام,19,6:54,16,4
قوة,19,8:60,14,3
قولا,19,2:59,10,4
لهو,19,3:62,9,3
نارا,19,2:17,13,4
نجزي,19,6:84,12,4
نشاء,19,6:83,14,4
والآخرة,19,2:217,11,7
ولكم,19,2:36,13,4
يشركون,19,7:190,13,6
أراد,18,2:26,13,4
أكبر,18,2:217,14,4
الرسل,18,2:253,15,5
جاءتهم,18,2:213,13,6
جنة,18,2:265,14,3
خلقكم,18,2:21,16,5
ذا,18,2:245,15,2
ضل,18,2:108,14,2
فقالوا,18,4:153,15,6
فقل,18,3:20,13,3
قبلكم,18,2:21,11,5
كلمة,18,3:64,13,4
للمتقين,18,2:2,16,7
واحد,18,2:61,14,4
واعلموا,18,2:194,4,7
يتقون,18,2:187,12,5
يحيي,18,2:73,15,4
يغفر,18,3:129,15,4
يفترون,18,3:24,12,6
آلهة,17,6:19,11,4
أظلم,17,2:20,11,4
أفمن,17,3:162,14,4
أمرا,17,2:117,14,4
اعبدوا,17,2:21,9,6
الصادقين,17,5:119,11,8
القرى,17,6:92,10,5
الكافرون,17,4:151,16,8
الماء,17,2:74,13,5
الملأ,17,7:60,7,5
بأن,17,2:176,11,3
بعدهم,17,2:253,11,5
بيننا,17,3:64,13,5
تجد,17,3:30,9,3
تذكرون,17,6:152,13,6
حسنة,17,2:201,10,4
حقا,17,2:180,11,3
ذات,17,8:1,12,3
ريب,17,2:2,13,3
طائفة,17,3:69,8,5
عاد,17,2:173,13,3
فاتقوا,17,2:24,9,6
قبله,17,2:198,15,4
كبيرا,17,2:282,8,5
لوط,17,11:70,10,3
مغفرة,17,2:268,16,5
وجوههم,17,3:106,15,6
ولد,17,3:47,8,3
يبين,17,2:68,7,4
يحكم,17,2:113,10,4
يخرج,17,2:61,15,4
يديه,17,2:97,13,4
يضل,17,2:26,13,3
يفعل,17,2:85,11,4
ينزل,17,2:90,11,4
آتيناهم,16,2:121,10,7
أمرنا,16,3:147,11,5
أهلكنا,16,6:6,14,6
أهلها,16,4:35,10,5
أولي,16,2:179,13,4
إلها,16,2:133,13,4
الألباب,16,2:179,10,7
الحساب,16,2:202,8,6
الصدور,16,3:119,15,6
العقاب,16,2:196,9,6
الفوز,16,4:13,13,5
الموتى,16,2:73,14,6
بينات,16,2:99,14,5
تأتيهم,16,6:4,13,6
تتلى,16,3:101,12,4
حكيما,16,4:11,4,5
خوف,16,2:38,9,3
رحمته,16,7:57,15,5
سمعنا,16,2:93,12,5
علي,16,4:72,11,3
عمل,16,3:195,14,3
عيسى,16,2:87,7,4
فكيف,16,3:25,12,4
فلم,16,2:91,11,3
فيهم,16,2:129,12,4
قدمت,16,2:95,16,4
كذبت,16,6:34,10,4
كسبت,16,2:134,10,4
متاع,16,2:241,12,4
نعمة,16,2:211,13,4
وكنا,16,7:173,9,4
وهدى,16,2:97,11,4
يوما,16,2:48,11,4
أخرى,15,4:102,8,4
أنى,15,2:223,9,3
أني,15,3:49,11,3
أيمانكم,15,2:225,7,7
أيمانهم,15,5:53,12,7
إنها,15,2:68,13,4
اتخذ,15,2:116,13,4
التوراة,15,3:3,7,7
المسجد,15,2:144,6,6
المنافقين,15,4:61,6,9
ببعض,15,2:85,10,4
بصيرا,15,4:58,10,5
تقولوا,15,2:104,7,6
خلت,15,2:134,10,3
رزقا,15,2:22,13,4
رسلنا,15,5:32,11,5
شر,15,2:216,11,2
شك,15,4:157,11,2
فإنه,15,2:97,11,4
فوق,15,3:55,13,3
قلوب,15,3:151,14,4
كافرون,15,7:45,10,6
كذبا,15,6:21,11,4
كسبوا,15,2:202,11,5
كلوا,15,2:57,9,4
للمؤمنين,15,2:97,13,8
ليقولن,15,4:73,10,6
ملكت,15,4:3,7,4
وآتوا,15,2:43,8,5
واذكر,15,3:41,8,5
والذي,15,7:58,11,5
وبئس,15,2:126,12,4
وقيل,15,3:167,12,4
ونحن,15,2:30,8,4
وهذا,15,3:68,11,4
يأتيهم,15,2:210,14,6
يجعل,15,3:176,11,4
يستطيعون,15,2:273,12,8
يكفر,15,2:99,11,4
أرأيتم,14,6:46,8,6
أزواجا,14,2:234,11,6
أليما,14,4:18,8,5
أنزلناه,14,6:92,13,7
أنكم,14,2:187,8,4
أهله,14,2:126,9,4
أوتي,14,2:136,7,4
أوحينا,14,4:163,9,6
أين,14,2:148,13,3
اسم,14,5:4,7,3
افترى,14,3:94,12,5
الأنعام,14,4:119,10,7
الأولى,14,20:21,9,6
الخلق,14,7:54,9,5
السوء,14,4:17,9,5
السيئات,14,4:18,11,7
الظلمات,14,2:257,10,7
الفضل,14,2:105,10,5
الكذب,14,3:75,7,5
المدينة,14,7:123,10,7
بالقسط,14,3:18,9,6
بعيد,14,2:176,10,4
بهذا,14,2:26,13,4
بينة,14,2:211,8,4
دابة,14,2:164,12,4
داوود,14,2:251,9,5
رسوله,14,3:101,6,5
سبحانه,14,2:116,11,6
سبع,14,2:29,8,3
سنة,14,2:96,12,3
عباد,14,7:194,7,4
عندنا,14,3:156,12,5
قريب,14,2:186,10,4
قلنا,14,2:34,7,4
قلوبكم,14,2:74,7,6
مرة,14,6:94,9,3
مسلمون,14,2:132,8,6
معرضون,14,2:83,10,6
معهم,14,2:89,8,4
مكان,14,4:20,10,4
نفسا,14,2:72,11,4
وأطيعوا,14,3:132,9,7
وأنت,14,5:114,8,4
وإني,14,3:36,12,4
والملائكة,14,2:161,10,9
وكل,14,8:54,10,3
ويل,14,45:7,4,3
يخلق,14,3:47,13,4
يرد,14,3:145,9,3
يستهزئون,14,6:5,13,8
يكسبون,14,2:79,12,6
يوحى,14,6:50,12,4
أدراك,13,69:3,10,5
أعبد,13,6:56,8,4
أليس,13,6:30,8,4
ادخلوا,13,2:58,10,6
الآخرين,13,26:64,4,7
الأمور,13,2:210,9,6
الحسنى,13,4:95,12,6
الخاسرين,13,2:64,9,8
الدار,13,2:94,8,5
الرزق,13,7:32,10,5
الشياطين,13,2:102,9,8
الكفار,13,9:73,7,6
المجرمون,13,8:8,9,8
بعذاب,13,3:21,10,5
بغتة,13,6:31,10,4
تتخذوا,13,2:231,8,6
توعدون,13,6:134,11,6
ثمود,13,7:73,10,4
حرج,13,5:6,7,3
رجل,13,4:12,10,3
سبحان,13,17:1,9,5
سبيله,13,5:35,10,5
سلطان,13,7:71,11,5
شركاء,13,4:12,10,5
صبروا,13,7:137,12,5
عالم,13,6:73,12,4
غيره,13,2:230,7,4
فانظر,13,2:259,8,5
فريق,13,2:75,10,4
فلولا,13,2:64,9,5
فوقهم,13,2:212,10,5
فيقول,13,5:109,9,5
كمثل,13,2:17,7,4
لقومه,13,2:54,9,5
للعالمين,13,3:96,10,8
لهن,13,2:187,5,3
مبينا,13,4:20,4,5
وأنه,13,8:24,4,4
وإما,13,6:68,12,4
واذكروا,13,2:63,6,7
وجدنا,13,5:104,9,5
وذلك,13,4:13,11,4
وقالت,13,2:113,8,5
وكيلا,13,4:81,5,5
ولدا,13,2:116,11,4
وليا,13,4:45,6,4
يحزنون,13,2:38,8,6
يريدون,13,4:60,11,6
يفعلون,13,2:71,11,6
يفقهون,13,4:78,9,6
يكونوا,13,9:18,11,6
ينصرون,13,2:48,10,6
أجرهم,12,2:62,6,5
أخذ,12,3:81,9,3
أخذنا,12,2:63,7,5
أرسلناك,12,2:119,11,7
أشركوا,12,2:96,7,6
أفلم,12,12:109,12,4
أمرهم,12,6:159,10,5
أمن,12,2:283,5,3
أهواءهم,12,2:120,9,7
اتبعوا,12,2:166,6,6
البيت,12,2:125,8,5
الحي,12,2:255,7,4
القربى,12,2:83,9,6
المفلحون,12,2:5,11,8
اليمين,12,16:48,7,6
بآية,12,3:49,9,4
بأمره,12,2:109,10,5
بالغيب,12,2:3,12,6
بذات,12,3:119,11,4
بشرا,12,7:57,10,4
بي,12,2:186,10,2
تاب,12,5:39,8,3
ترك,12,2:180,4,3
تسمع,12,10:42,8,4
تكفرون,12,2:28,8,6
حدود,12,2:187,5,4
خبيرا,12,4:35,5,5
خلفهم,12,2:255,11,5
درجات,12,2:253,10,5
رأى,12,6:76,7,3
سحر,12,5:110,12,3
سيئة,12,2:81,8,4
شهداء,12,2:133,7,5
شهيد,12,2:282,11,4
عبادي,12,2:186,11,5
قتل,12,3:144,9,3
قول,12,2:263,12,3
كتابا,12,3:145,10,5
كلما,12,2:20,10,4
كم,12,2:211,10,2
للمكذبين,12,52:11,3,8
مرض,12,2:10,9,3
مهين,12,2:90,11,4
نصيرا,12,4:45,4,5
هارون,12,2:248,8,5
وأنزل,12,2:22,10,5
وأنزلنا,12,2:57,11,7
وترى,12,5:62,10,4
وثمود,12,9:70,12,5
وراء,12,2:101,12,4
ورسله,12,2:98,5,5
ويعلم,12,3:29,8,5
يؤمنوا,12,2:75,8,6
يستوي,12,4:95,10,5
يضلل,12,4:88,8,4
يكفرون,12,2:61,10,6
أإذا,11,13:5,9,4
أحق,11,2:228,7,3
أسألكم,11,6:90,6,6
أضل,11,4:88,10,3
أموالكم,11,2:188,8,7
أمين,11,7:68,6,4
أنفقوا,11,2:254,7,6
إبليس,11,2:34,9,5
ابتغاء,11,2:207,7,6
استكبروا,11,7:75,6,8
البلاغ,11,3:20,9,6
البينات,11,2:87,5,7
الثمرات,11,2:22,6,7
الخاسرون,11,2:27,9,8
السمع,11,10:31,10,5
الغفور,11,10:107,11,6
الفاسقين,11,2:26,7,8
الكفر,11,2:108,6,5
المسلمين,11,6:163,10,8
بالذي,11,2:61,10,5
بيني,11,6:19,10,4
تأكلون,11,3:49,9,6
تفلحون,11,2:189,8,6
تقول,11,3:124,8,4
تقوم,11,9:108,8,4
ثلاثة,11,2:196,9,5
جاءك,11,2:120,9,4
حميم,11,6:70,11,4
دين,11,3:83,8,3
ذهب,11,2:17,9,3
رسل,11,3:183,6,3
رسلهم,11,7:101,8,5
زين,11,2:212,10,3
ساء,11,5:66,9,3
سجدا,11,2:58,11,4
سلطانا,11,3:151,8,6
شديدا,11,3:56,10,5
صدق,11,3:95,9,3
طعام,11,2:61,9,4
عبادنا,11,12:24,8,6
عدن,11,9:72,11,3
عدوا,11,2:97,9,4
عليهن,11,2:228,6,5
عنا,11,2:286,8,3
فأنى,11,6:95,10,4
فاصبر,11,11:49,10,5
فذوقوا,11,3:106,10,6
فمنهم,11,2:253,11,5
فيكم,11,2:151,9,4
كأنهم,11,2:101,10,5
كثيرة,11,2:245,8,5
كن,11,2:117,9,2
للظالمين,11,2:270,10,8
مؤمن,11,2:221,9,4
مثله,11,2:23,11,4
مرجعكم,11,3:55,8,6
مصدقا,11,2:41,7,5
معك,11,4:102,8,3
معي,11,7:105,7,3
مني,11,2:38,8,3
موتها,11,2:164,8,5
نطفة,11,16:4,11,4
هزوا,11,2:67,7,4
وأصحاب,11,9:70,8,6
وأطيعون,11,3:50,4,7
وأقيموا,11,2:43,9,7
وإنهم,11,6:28,10,5
واتبعوا,11,2:102,10,7
والحكمة,11,2:129,6,7
والمؤمنات,11,9:71,8,9
وبشر,11,2:25,6,4
وتلك,11,2:230,11,4
وجهه,11,2:112,11,4
وربك,11,4:65,10,4
وسخر,11,13:2,8,4
وعمل,11,2:62,9,4
ومما,11,2:3,10,4
ويا,11,7:19,3,3
ويعقوب,11,2:132,9,6
ويقول,11,5:53,9,5
يبصرون,11,2:17,7,6
يتخذ,11,2:165,8,4
يذكرون,11,3:191,9,6
يرجون,11,2:218,8,5
يقولوا,11,4:78,10,6
يوقنون,11,2:4,8,6
آباءنا,10,2:170,8,6
آخر,10,15:96,8,3
آياتي,10,6:130,7,5
أخرج,10,7:27,9,4
أخيه,10,2:178,6,4
أذن,10,9:61,9,3
أرسل,10,7:6,8,4
أمره,10,5:95,9,4
أيديكم,10,3:182,9,6
اتبع,10,3:162,9,4
اثنين,10,6:143,7,5
الأحزاب,10,11:17,7,7
الأعراب,10,9:90,4,7
الأمثال,10,13:17,8,7
الباطل,10,8:8,9,6
الحميد,10,14:1,9,6
الرياح,10,2:164,9,6
الصابرين,10,2:153,5,8
الصور,10,6:73,10,5
الطيبات,10,5:4,9,7
الطير,10,2:260,8,5
الظن,10,4:157,5,4
القرون,10,10:13,8,6
القرية,10,2:58,8,6
الكاذبين,10,3:61,9,8
المسيح,10,3:45,4,6
المفسدين,10,5:64,6,8
المنكر,10,3:104,6,6
النعيم,10,5:65,10,6
النور,10,2:257,8,5
انظر,10,4:50,6,4
بأسنا,10,6:43,5,5
بحمد,10,15:98,9,4
بك,10,3:36,9,2
بلغ,10,5:67,8,3
بمن,10,16:125,7,3
بيوت,10,24:36,2,4
تابوا,10,2:160,9,5
تبين,10,2:109,6,4
تكذبون,10,23:105,10,6
تنزيل,10,32:2,9,5
ثمنا,10,2:41,5,4
جاءت,10,6:109,7,4
حديث,10,4:140,10,4
حكما,10,4:35,8,4
حليم,10,2:225,8,4
حنيفا,10,2:135,7,5
دعوا,10,2:282,9,4
دينكم,10,2:217,7,5
دينهم,10,3:24,7,5
ذرية,10,2:266,8,4
ذكرا,10,2:200,7,4
رأوا,10,10:54,9,4
رزقناهم,10,2:3,10,7
سليمان,10,2:102,4,6
صدورهم,10,3:118,9,6
عين,10,18:86,9,3
فأتوا,10,2:23,9,5
فأخذتهم,10,4:153,8,7
فإنا,10,5:22,8,4
فإنهم,10,3:128,8,5
فالذين,10,3:195,8,6
فريقا,10,2:85,7,5
فله,10,2:112,8,3
فيكون,10,2:117,8,5
قضى,10,2:117,8,3
قليل,10,3:197,9,4
كأن,10,4:73,6,3
كبير,10,2:217,7,4
كثير,10,2:109,8,4
لنفسه,10,10:108,8,5
لهما,10,7:20,5,4
مجرمين,10,7:133,9,6
مصيبة,10,2:156,9,5
منهما,10,2:102,6,5
نؤمن,10,2:55,8,4
نصيب,10,2:202,4,4
هادوا,10,2:62,7,5
وأنفسهم,10,4:95,6,7
والشهادة,10,6:73,9,8
وبينكم,10,3:64,9,6
وجاء,10,7:113,9,4
وجاهدوا,10,2:218,6,7
وجه,10,2:115,7,3
وربكم,10,2:139,9,5
وكذبوا,10,2:39,9,6
وكلا,10,2:35,8,4
وهي,10,2:259,8,3
ويغفر,10,3:31,8,5
يأت,10,2:148,9,3
يتفكرون,10,7:176,8,7
يجدون,10,4:121,6,5
يختلفون,10,2:113,7,7
يدي,10,3:50,9,3
يرسل,10,7:57,9,4
يعمل,10,4:110,7,4
يغني,10,10:36,10,4
يملكون,10,13:16,9,6
يهتدون,10,2:170,9,6
يوعدون,10,19:75,8,6
أإنا,9,13:5,7,4
أبصارهم,9,2:7,8,7
أجري,9,10:72,4,4
أدنى,9,2:61,8,4
أساطير,9,6:25,9,6
أعمالكم,9,2:139,6,7
أغنى,9,7:48,9,4
أقرب,9,2:237,9,4
أقول,9,5:116,6,4
أكون,9,2:67,8,4
أمم,9,6:38,8,3
أنزلت,9,2:41,5,5
أوحي,9,6:93,7,4
إما,9,7:35,8,3
اختلفوا,9,2:176,5,7
اذكروا,9,2:40,5,6
استوى,9,2:29,9,5
الأبصار,9,3:13,8,7
الأعلى,9,16:60,9,6
الخير,9,3:26,8,5
الفاسقون,9,2:99,7,8
النبيين,9,2:61,6,7
الوعد,9,10:48,7,5
بإذنه,9,2:213,7,5
بالباطل,9,2:42,7,7
بربهم,9,6:1,8,5
بريء,9,6:19,7,4
بعضا,9,2:283,9,4
بغافل,9,2:74,5,5
بيوتا,9,7:74,6,5
تؤمنوا,9,3:73,7,6
تبصرون,9,21:3,8,6
تجزون,9,6:93,9,5
تخرج,9,5:110,9,4
تخف,9,11:70,7,3
ترابا,9,13:5,7,5
تشاء,9,3:26,3,4
تعلم,9,2:106,7,4
تفعلوا,9,2:24,4,6
تكونن,9,2:147,4,5
تولى,9,2:205,7,4
دخلوا,9,5:61,6,5
ديارهم,9,2:85,6,6
رواسي,9,13:3,9,5
سبحانك,9,2:32,9,6
سريع,9,2:202,8,4
سنين,9,12:42,6,4
ضرا,9,5:76,9,3
ضلوا,9,4:167,8,4
طيبة,9,3:38,8,4
ظالمين,9,7:5,6,6
عذابي,9,7:156,4,5
علما,9,6:80,6,4
عندك,9,4:78,8,4
فأخذهم,9,3:11,7,6
فأصبحوا,9,5:53,7,7
فإنك,9,5:118,7,4
فضلا,9,2:198,9,4
فعل,9,7:155,6,3
فليتوكل,9,3:122,7,7
فويل,9,2:79,8,4
فيهن,9,2:197,8,4
قرآنا,9,12:2,8,5
قريبا,9,9:42,8,5
قلتم,9,2:55,7,4
قومك,9,6:66,7,4
كالذين,9,3:105,7,6
كره,9,2:216,6,3
كمن,9,3:162,8,3
كونوا,9,2:65,7,5
لأبيه,9,6:74,9,5
لأولي,9,3:13,7,5
لبعض,9,2:36,9,4
لكاذبون,9,6:28,8,7
للرحمن,9,19:26,4,6
للملائكة,9,2:30,8,8
متى,9,2:214,9,3
مثوى,9,3:151,7,4
مدين,9,7:85,7,4
مسلمين,9,2:128,7,6
معلوم,9,15:4,6,5
مكانا,9,5:60,5,5
ملة,9,2:130,7,3
ميثاق,9,2:83,6,5
نبأ,9,5:27,8,3
نجعل,9,18:48,6,4
نصير,9,2:107,6,4
نعم,9,7:44,7,3
نفسك,9,4:79,7,4
نفسي,9,5:25,7,4
نفعا,9,4:11,9,4
نورا,9,4:174,7,4
هنالك,9,3:38,8,5
وآتيناه,9,5:46,9,7
وإسحاق,9,2:133,6,6
وإسماعيل,9,2:125,5,8
واتبع,9,4:125,9,5
والإنس,9,6:130,7,6
والبحر,9,6:59,7,6
والرسول,9,3:32,4,7
والسماء,9,2:22,7,7
والشمس,9,6:96,9,6
والمساكين,9,2:83,6,9
وبين,9,5:25,8,4
وكم,9,7:4,8,3
ولعلكم,9,2:150,8,6
ويقدر,9,13:26,8,5
ويميت,9,2:258,9,5
ويهدي,9,2:26,9,5
يبسط,9,13:26,8,4
يتبعون,9,2:262,8,6
يتوب,9,3:128,6,4
يذكر,9,2:114,8,4
يسألونك,9,2:189,5,7
يشرك,9,4:48,5,4
يشكرون,9,2:243,8,6
يعبدون,9,11:109,8,6
يفلح,9,6:21,6,4
آتاهم,8,3:170,5,5
آخرين,8,4:91,6,5
آمنتم,8,2:137,6,5
أبت,8,12:4,4,3
أبواب,8,6:44,8,5
أخاهم,8,7:65,4,5
أريد,8,5:29,5,4
أعرض,8,5:42,7,4
أقسم,8,56:75,7,4
ألف,8,2:96,7,3
ألقوا,8,7:116,6,5
أما,8,6:143,6,3
أمري,8,18:73,4,4
أنباء,8,3:44,6,5
أنثى,8,3:36,7,4
أولى,8,3:68,6,4
إياه,8,2:172,7,4
ادعوا,8,7:55,5,5
الإثم,8,5:2,5,5
الخيرات,8,2:148,6,7
الريح,8,14:18,8,5
السحرة,8,7:113,4,6
السعير,8,22:4,6,6
العزة,8,2:206,6,5
الغني,8,6:133,8,5
القتال,8,2:216,5,6
الكبير,8,13:9,8,6
اللاتي,8,4:23,4,6
المخلصين,8,12:24,4,8
الميت,8,3:27,4,5
اليم,8,7:136,4,4
اليهود,8,2:113,3,6
بأموالهم,8,4:95,4,8
برب,8,7:121,7,3
بسلطان,8,14:10,7,6
بغيا,8,2:90,6,4
تأكلوا,8,2:188,5,6
تالله,8,12:73,4,5
تتبع,8,2:120,7,4
تتبعوا,8,2:168,6,6
تحشرون,8,2:203,8,6
ترحمون,8,3:132,7,6
تطع,8,6:116,6,3
تنفقوا,8,2:272,5,6
توليتم,8,2:64,7,6
خسروا,8,6:12,6,5
خلقناكم,8,6:94,8,7
دار,8,6:127,8,3
ذكروا,8,3:135,7,5
ذوقوا,8,3:181,8,5
رجالا,8,4:1,7,5
رزقكم,8,5:88,8,5
رسلا,8,4:165,8,4
ساعة,8,7:34,7,4
شكور,8,14:5,6,4
صبرا,8,2:250,4,4
ضرب,8,14:24,7,3
طين,8,6:2,7,3
ظلمات,8,2:17,5,5
ظن,8,3:154,7,2
عربيا,8,12:2,8,5
علمت,8,11:79,8,4
عليهما,8,2:229,6,6
عملا,8,9:102,6,4
عنك,8,2:120,8,3
عهد,8,2:27,7,3
غضب,8,2:90,8,3
فاليوم,8,7:51,8,6
فكان,8,7:175,7,4
فكذبوه,8,7:64,7,6
فيهما,8,2:219,5,5
قولهم,8,2:113,7,5
كافرين,8,3:100,7,6
كفار,8,2:161,7,4
لبثتم,8,17:52,5,5
لذو,8,2:243,8,3
لغفور,8,6:165,5,5
لقاء,8,6:130,8,4
لقضي,8,6:8,5,4
ليتني,8,4:73,7,5
ليلة,8,2:51,4,4
ليوم,8,3:9,7,4
مائة,8,2:259,5,4
مال,8,6:152,8,3
مثقال,8,4:40,6,5
مقيم,8,5:37,7,4
نبيا,8,19:30,2,4
نصيبا,8,3:23,5,5
نعمت,8,2:231,6,4
نقول,8,6:22,8,4
نور,8,5:15,5,3
وأصلح,8,5:39,6,5
وأقاموا,8,2:277,6,7
وأنفقوا,8,2:195,7,7
وأهله,8,7:83,6,5
وأوحينا,8,4:163,7,7
وابن,8,2:177,7,4
واسع,8,2:115,5,4
والإنجيل,8,3:3,4,8
والكتاب,8,2:177,7,7
وتتقوا,8,2:224,4,6
وجعلوا,8,6:100,6,6
وجوه,8,3:106,6,4
ورب,8,23:86,7,3
وضل,8,6:24,7,3
وعيون,8,15:45,5,5
وقولوا,8,2:58,5,6
وقوم,8,9:70,7,4
وكنتم,8,2:28,7,5
ولكل,8,2:148,8,4
ومنها,8,7:25,6,5
ونذر,8,7:70,3,4
ونذيرا,8,2:119,8,6
وهارون,8,4:163,7,6
ووهبنا,8,6:84,5,6
ويجعل,8,4:19,7,5
يأتيكم,8,2:248,6,6
يبعثون,8,7:14,8,6
يجد,8,2:196,5,3
يخافون,8,5:23,6,6
يدخل,8,2:111,7,4
يدعو,8,2:221,7,4
يرون,8,2:165,7,4
يسير,8,12:65,8,4
يشأ,8,4:133,6,3
يعبد,8,7:70,5,4
يك,8,8:53,6,2
يملك,8,5:17,7,4
ينفع,8,2:164,8,4
يهد,8,7:100,7,3
آباؤنا,7,6:148,5,6
آذانهم,7,2:19,6,6
آمنت,7,6:158,5,4
آمنين,7,12:99,6,5
أأنتم,7,2:140,4,5
أبانا,7,12:8,1,5
أتبع,7,6:50,5,4
أحدكم,7,2:180,6,5
أحدهم,7,2:96,7,5
أحل,7,2:187,3,3
أذى,7,2:196,3,3
أربعة,7,2:226,4,5
أزواج,7,2:25,6,5
أسلم,7,2:112,6,4
أعد,7,4:102,6,3
أفرأيتم,7,26:75,4,7
أمرت,7,6:14,6,4
أنعمت,7,1:7,5,5
أولادكم,7,2:233,7,7
إثما,7,2:182,4,4
إلهكم,7,16:22,6,5
إيمانا,7,3:173,6,6
اعملوا,7,6:135,6,6
اغفر,7,3:147,7,4
افتراه,7,10:38,6,6
الأعمى,7,6:50,7,6
الإيمان,7,9:23,5,7
الحج,7,2:196,2,4
الحكم,7,6:57,4,5
الخبيث,7,2:267,5,6
الربا,7,2:275,3,5
الرجال,7,4:34,5,6
الشاكرين,7,3:144,5,8
الشجرة,7,2:35,4,6
الصيحة,7,11:67,5,6
الضر,7,10:12,5,4
الطور,7,2:63,5,5
الغابرين,7,7:83,6,8
الفصل,7,37:21,5,5
الكبر,7,2:266,7,5
الكيل,7,6:152,5,5
المؤمنات,7,4:25,5,8
المرسلون,7,15:57,4,8
المسرفين,7,6:141,7,8
المنافقون,7,8:49,5,9
المنذرين,7,10:73,4,8
النفس,7,5:45,7,5
اهتدى,7,10:108,6,5
بأس,7,4:84,7,3
بالتي,7,6:152,7,5
بالهدى,7,2:16,5,6
بذنوبهم,7,3:11,6,7
برحمة,7,7:49,4,5
بكرة,7,19:11,6,4
بلقاء,7,6:31,6,5
بمعجزين,7,6:134,7,7
تجدوا,7,2:283,6,5
تحت,7,5:66,7,3
تحزن,7,9:40,7,4
تذكرة,7,20:3,7,5
تراب,7,2:264,7,4
تستعجلون,7,6:57,5,8
تشركون,7,6:19,3,6
تعالوا,7,3:61,5,6
تعبدوا,7,11:2,6,6
تقتلوا,7,4:29,5,6
تك,7,4:40,6,2
تنزل,7,3:93,6,4
تنظرون,7,2:50,6,6
توكلت,7,9:129,6,5
ثواب,7,3:145,3,4
جاءه,7,2:275,7,4
جعلناه,7,6:9,7,6
حبا,7,2:165,7,3
حزب,7,5:56,4,3
حساب,7,2:212,6,4
حم,7,40:1,7,2
خالق,7,6:102,7,4
خزائن,7,6:50,7,5
خفتم,7,2:229,3,4
خلقا,7,17:49,5,4
خلوا,7,2:14,5,4
دعاء,7,2:171,6,4
ربها,7,3:37,7,4
رجلا,7,6:9,7,4
رزقناكم,7,2:57,5,7
رشدا,7,4:6,3,4
سألتهم,7,9:65,5,6
ساحر,7,7:112,6,4
سبقت,7,10:19,7,4
ستة,7,7:54,7,3
سعيرا,7,4:10,6,5
سلاما,7,11:69,6,5
سورة,7,9:64,3,4
سوف,7,4:56,5,3
سيئاتهم,7,3:195,7,7
شعيبا,7,7:85,3,5
صفا,7,18:48,6,3
طيبات,7,2:57,5,5
ظالمون,7,2:51,6,6
ظلما,7,3:108,6,4
عبادك,7,4:118,7,5
عدل,7,2:48,4,3
عزيزا,7,4:56,3,5
علمنا,7,12:51,5,5
عندهم,7,4:139,6,5
عوجا,7,3:99,6,4
غني,7,2:263,6,3
فأرسلنا,7,7:133,6,7
فأعرض,7,4:63,6,5
فإما,7,2:38,7,4
فئة,7,2:249,5,3
فاذكروا,7,2:198,4,7
فاسقون,7,5:59,3,6
فبئس,7,3:187,6,4
فتكون,7,5:29,6,5
فكلوا,7,2:58,6,5
فليس,7,2:249,6,4
فينبئكم,7,5:48,5,7
قدر,7,20:40,6,3
قومهم,7,4:90,6,5
كفورا,7,17:27,3,5
كله,7,3:119,6,3
كيد,7,4:76,6,3
لدنك,7,3:8,5,4
لديهم,7,3:44,6,5
لعلي,7,12:46,6,4
لعنة,7,2:161,5,4
لكما,7,7:21,4,4
للحق,7,2:149,6,4
ليجزي,7,10:4,7,5
مؤمنا,7,4:92,4,5
مالا,7,11:29,6,4
متاعا,7,2:236,6,5
متكئين,7,18:31,6,6
مثلكم,7,14:11,5,5
محيط,7,2:19,6,4
مخلصين,7,7:29,6,6
مريب,7,11:62,6,4
مس,7,3:140,6,2
مقام,7,2:125,7,4
ملكا,7,2:246,5,4
منهن,7,2:260,5,4
نادى,7,19:3,5,4
ناصرين,7,3:22,5,6
نبي,7,3:146,6,3
نسوا,7,6:44,6,4
نصر,7,2:214,6,3
نوحا,7,7:59,7,4
هن,7,2:187,6,2
وآتينا,7,2:87,3,6
وآمنوا,7,2:41,6,6
وأبقى,7,20:71,4,5
وأعتدنا,7,4:37,4,7
وأعد,7,4:93,4,4
واستغفر,7,3:159,6,7
واصبر,7,10:109,7,5
والأبصار,7,10:31,7,8
والليل,7,74:33,7,6
والمؤمنون,7,2:285,5,9
واليتامى,7,2:83,4,8
وبنات,7,4:23,3,5
وتركنا,7,12:17,4,6
وتعالى,7,6:100,7,6
وتوكل,7,4:81,6,5
وتولى,7,12:84,7,5
وجنوده,7,2:249,5,6
وجهك,7,2:144,3,4
وحاق,7,11:8,6,4
وذكرى,7,7:2,7,5
ورحمته,7,2:64,3,6
وظنوا,7,7:171,7,5
وعاد,7,9:70,7,4
وعدا,7,9:111,7,4
وعده,7,3:152,7,4
وعيسى,7,2:136,7,5
وقومه,7,7:127,6,5
يأكلون,7,2:174,4,6
يبعث,7,6:65,7,4
يتذكر,7,13:19,7,5
يتذكرون,7,2:221,5,7
يتساءلون,7,23:101,6,8
يتلو,7,2:129,6,4
يتلى,7,4:127,7,4
يجحدون,7,6:33,6,6
يخفف,7,2:86,6,4
يرى,7,2:165,5,3
يسبحون,7,21:20,6,6
يستكبرون,7,5:82,7,8
يسمع,7,2:171,7,4
يسيرا,7,4:30,4,5
يسيروا,7,12:109,6,6
يصفون,7,6:100,5,5
يعمهون,7,2:15,7,6
يعيده,7,10:4,4,5
آتاكم,6,5:48,6,5
آثارهم,6,5:46,5,6
أتاك,6,20:9,6,4
أتى,6,16:1,5,3
أجلهم,6,7:34,4,5
أجورهن,6,4:24,5,6
أخرجنا,6,2:246,5,6
أرأيت,6,18:63,4,5
أرسلت,6,7:87,6,5
أزواجكم,6,4:12,6,7
أعتدنا,6,4:18,5,6
أعوذ,6,2:67,6,4
أعين,6,7:116,4,4
أعينهم,6,5:83,6,6
أفأنت,6,10:42,4,5
أقل,6,2:33,4,3
ألقى,6,4:94,5,4
أمهاتكم,6,4:23,6,7
أندادا,6,2:22,5,6
أنصار,6,2:270,4,5
أهدى,6,4:51,6,4
أولادهم,6,3:10,4,7
أي,6,6:19,6,2
أيان,6,7:187,6,4
أيهم,6,3:44,6,4
إثم,6,2:173,2,3
إحسانا,6,2:83,5,6
إسحاق,6,6:84,6,5
إنني,6,6:161,5,4
إيمانكم,6,2:93,3,7
إيمانهم,6,3:86,5,7
اجعل,6,2:126,5,4
ادع,6,2:68,4,3
اسجدوا,6,2:34,6,6
اشتروا,6,2:16,3,6
الأرحام,6,3:6,6,7
الأليم,6,10:88,5,6
الأنثيين,6,4:11,2,8
الأولون,6,9:100,6,7
الإنس,6,6:112,3,5
الباب,6,2:58,5,5
البصر,6,16:77,4,5
التقوى,6,2:197,6,6
التواب,6,2:37,2,6
الجاهلين,6,2:67,6,8
الحديث,6,18:6,6,6
الحسنة,6,7:95,5,6
الخبير,6,6:18,4,6
الخلد,6,10:52,6,5
الذكرى,6,6:68,6,6
الراحمين,6,7:151,4,8
الرحمة,6,6:12,4,6
السجن,6,12:33,1,5
السجود,6,2:125,5,6
السحر,6,2:102,5,5
السلم,6,2:208,4,5
الشاهدين,6,3:53,4,8
الشمال,6,18:17,4,6
الصدقات,6,2:271,2,7
الصراط,6,1:6,6,6
الصم,6,8:22,6,4
الضالين,6,1:7,5,7
الضلالة,6,2:16,5,7
الطاغوت,6,2:257,5,7
الطعام,6,3:93,5,6
العجل,6,2:51,3,5
العلي,6,2:255,6,5
الفتنة,6,3:7,4,6
الفساد,6,2:205,6,6
القلوب,6,13:28,5,6
القهار,6,12:39,6,6
الكبرى,6,20:23,5,6
الم,6,2:1,6,3
المتقون,6,2:177,6,7
المشرق,6,2:115,3,6
المكذبين,6,3:137,6,8
النجوم,6,6:97,6,6
الواحد,6,12:39,6,6
اليقين,6,15:99,5,6
امرأت,6,3:35,4,5
بأفواههم,6,3:167,4,8
بالذين,6,3:170,6,6
بالعدل,6,2:282,4,6
بالعذاب,6,22:47,4,7
بالليل,6,2:274,6,6
بالمؤمنين,6,5:43,5,9
بخير,6,2:106,6,4
بشيء,6,2:155,5,4
بعباده,6,17:30,3,6
بعثنا,6,7:103,5,5
بعدها,6,7:153,4,5
بعيدا,6,3:30,3,5
بقوة,6,2:63,4,4
بمؤمنين,6,2:8,6,7
بمثل,6,2:137,5,4
بمعروف,6,2:229,2,6
بيضاء,6,7:108,6,5
بيوتكم,6,3:49,4,6
تأكل,6,7:73,6,4
تبارك,6,7:54,4,5
تجارة,6,2:282,6,5
تحبون,6,3:31,4,5
تحمل,6,2:286,6,4
تختلفون,6,3:55,6,7
تدخلوا,6,2:214,5,6
ترجع,6,2:210,6,4
تغني,6,3:10,5,4
تفعلون,6,16:91,5,6
تقولون,6,2:80,5,6
تهتدون,6,2:53,5,6
ثلاث,6,18:25,5,4
جئت,6,2:71,5,3
جاءنا,6,5:19,5,5
جاءوا,6,3:184,5,5
جديد,6,13:5,6,4
جعلكم,6,6:165,4,5
حبطت,6,2:217,5,4
حرمنا,6,4:160,3,5
حفيظ,6,11:57,5,4
حميد,6,2:267,6,4
خزي,6,2:85,4,3
خسر,6,4:119,5,3
خشية,6,2:74,5,4
خلقت,6,3:191,6,4
خلقه,6,3:59,5,4
ذرة,6,4:40,4,3
ذكرى,6,6:69,5,4
ذنوبكم,6,3:31,6,6
رءوسهم,6,14:43,6,6
رءوف,6,2:207,5,4
رأيت,6,4:61,5,4
رجال,6,7:46,6,4
رحمت,6,2:218,6,4
رزق,6,2:60,6,3
رزقهم,6,4:39,5,5
رقبة,6,4:92,4,4
زعمتم,6,6:94,5,5
زوج,6,4:20,5,3
زينة,6,7:32,4,4
سخر,6,9:79,6,3
سرا,6,2:235,5,3
سمعوا,6,5:83,6,5
سوءا,6,4:110,5,4
سيئات,6,16:34,4,5
شجرة,6,20:120,4,4
شفاعة,6,2:48,3,5
صالح,6,7:77,4,4
صلاتهم,6,6:92,5,6
صيحة,6,36:29,4,4
ضر,6,10:12,5,2
ضلالا,6,4:60,3,5
طغى,6,20:24,4,3
طيبا,6,2:168,5,4
ظلم,6,2:231,6,3
عبدا,6,4:172,6,4
عبدنا,6,2:23,5,5
عبده,6,18:1,6,4
عرض,6,4:94,5,3
عشر,6,5:12,6,3
عفا,6,3:152,4,3
علمتم,6,2:65,5,5
عندي,6,6:50,4,4
عني,6,2:186,5,3
عينا,6,2:60,5,4
غافلون,6,6:131,6,6
غيب,6,2:33,6,3
فآمنوا,6,3:179,5,6
فأخرجنا,6,6:99,5,7
فأنجيناه,6,7:64,4,8
فإني,6,2:186,6,4
فاسقين,6,9:53,6,6
فاطر,6,6:14,6,4
فاعلموا,6,2:209,5,7
فاعلين,6,12:10,3,6
فاغفر,6,3:16,5,5
فاكهة,6,36:57,4,5
فالله,6,2:113,5,5
فبما,6,3:159,6,4
فذرهم,6,6:112,5,5
فسبح,6,15:98,5,4
فقلنا,6,2:60,4,5
فلله,6,6:149,6,4
فلهم,6,2:62,5,4
فوقكم,6,2:63,5,5
فينظروا,6,12:109,5,7
قتلوا,6,3:156,4,5
قديرا,6,4:133,5,5
قرضا,6,2:245,5,4
قضي,6,10:47,6,3
قلوبنا,6,2:88,6,6
كبر,6,6:35,5,3
كفرتم,6,9:66,6,5
كيدا,6,12:5,5,4
لأنفسكم,6,2:110,5,7
لدنا,6,4:67,6,4
لكان,6,3:110,5,4
لكن,6,3:198,5,3
للإنسان,6,12:5,5,7
مآب,6,13:29,2,3
مؤمنة,6,2:221,3,5
مؤمنون,6,5:88,6,6
ماله,6,2:264,5,4
مثلنا,6,11:27,5,5
مجنون,6,37:36,5,5
مدبرين,6,9:25,6,6
مدكر,6,54:15,1,4
مستقيما,6,4:68,3,7
مسه,6,10:12,4,3
معروفا,6,2:235,4,6
معنا,6,9:40,5,4
مفعولا,6,4:47,5,6
مكر,6,7:99,5,3
ملائكة,6,17:95,6,6
منك,6,5:114,5,3
موازينه,6,7:8,3,7
نرى,6,2:55,5,3
نزلا,6,3:198,5,4
نزلنا,6,2:23,5,5
نساء,6,3:42,4,4
نعبد,6,1:5,6,4
نعلم,6,3:167,6,4
نعمتي,6,2:40,2,5
هواه,6,7:176,6,4
هودا,6,2:111,3,4
وأجر,6,5:9,6,4
وأحسن,6,4:59,5,5
وأصلحوا,6,2:160,6,7
وأطعنا,6,2:285,5,6
وأكثرهم,6,3:110,6,7
وأمرت,6,10:72,5,5
وإنك,6,2:252,6,4
واتخذوا,6,2:125,5,7
واشربوا,6,2:60,5,7
والأنعام,6,3:14,6,8
والجبال,6,22:18,6,7
والميزان,6,6:152,5,8
وبما,6,3:79,5,4
وبنين,6,17:6,6,5
وبينهم,6,4:90,4,6
وجنات,6,3:136,6,5
وجوهكم,6,2:144,4,6
وحده,6,7:70,5,4
وخلق,6,4:1,5,4
وذكر,6,6:70,6,4
ورزق,6,8:4,5,4
وزر,6,6:164,6,3
وسبح,6,3:41,6,4
وصدوا,6,4:167,4,5
وصية,6,2:240,2,4
وقلنا,6,2:35,4,5
وكأين,6,3:146,6,5
وكثير,6,5:66,3,5
ولوطا,6,6:86,5,5
وليعلم,6,3:140,4,6
ومأواهم,6,3:151,5,7
وملئه,6,7:103,6,5
ومنكم,6,3:152,5,5
ونادى,6,7:44,3,5
ويسألونك,6,2:219,4,8
ويعذب,6,2:284,5,5
ويلنا,6,21:14,4,5
يأتكم,6,2:214,6,5
يؤتيه,6,3:73,4,5
يؤفكون,6,5:75,6,6
يبتغون,6,5:2,6,6
يبدأ,6,10:4,3,4
يخرجوا,6,5:22,4,6
يخشون,6,4:77,6,5
يخشى,6,20:3,5,4
يخلف,6,2:80,6,4
يدخلون,6,4:124,6,6
يسارعون,6,3:176,4,7
يسبح,6,17:44,5,4
يستمعون,6,10:42,5,7
يسرا,6,18:88,4,4
يسعى,6,28:20,6,4
يصدون,6,4:61,6,5
يطع,6,4:13,4,3
يعذبهم,6,3:128,3,6
يعلنون,6,2:77,6,6
يغشى,6,3:154,5,4
يقاتلون,6,4:76,5,7
يقبل,6,2:48,4,4
يكاد,6,2:20,5,4
يكذبون,6,2:10,6,6
يمشي,6,6:122,3,4
يمكرون,6,6:123,5,6
ينبغي,6,19:92,5,5
آباؤكم,5,4:11,4,6
آتيناه,5,7:175,5,6
آلهتنا,5,11:53,4,6
أإله,5,27:60,1,4
أئمة,5,9:12,4,4
أبناء,5,5:18,4,5
أبناءهم,5,2:146,5,7
أتاهم,5,6:34,4,5
أثيم,5,2:276,5,4
أجئتنا,5,7:70,5,6
أجلهن,5,2:231,2,5
أحسنوا,5,3:172,5,6
أخرجوا,5,6:93,4,6
أرض,5,4:97,4,3
أرى,5,8:48,5,3
أزواجهم,5,23:6,5,7
أشده,5,6:152,5,4
أشرك,5,7:173,4,4
أشهر,5,2:197,3,4
أصاب,5,11:89,5,4
أصابهم,5,3:146,4,6
أطيعوا,5,3:32,5,6
أعداء,5,3:103,4,5
أعمى,5,13:19,3,4
أملك,5,5:25,5,4
أموال,5,2:188,4,5
أناس,5,2:60,4,4
أنشأكم,5,6:98,4,6
أنعم,5,4:69,4,4
أهلك,5,3:121,5,4
أواب,5,38:17,2,4
أوتيتم,5,3:73,5,6
إحداهما,5,2:282,3,7
إناثا,5,4:117,5,5
إننا,5,3:16,4,4
ائتوني,5,10:79,3,6
اتقى,5,2:189,4,4
اذهب,5,17:63,4,4
استضعفوا,5,7:75,3,8
استطعتم,5,8:60,5,7
اسمه,5,2:114,5,4
الآن,5,2:71,5,4
الأبرار,5,3:193,4,7
الأخرى,5,2:282,4,6
الأدبار,5,3:111,5,7
الأرائك,5,18:31,4,7
الأسماء,5,2:31,5,7
الأنفس,5,4:128,5,6
البلاد,5,3:196,4,6
الحاكمين,5,7:87,5,8
الحريق,5,3:181,4,6
الحكمة,5,2:269,4,6
الحميم,5,22:19,4,6
الخزي,5,9:63,5,5
الدعاء,5,3:38,5,6
الر,5,10:1,5,3
الرازقين,5,5:114,5,8
الروح,5,17:85,4,5
الساجدين,5,7:11,3,8
السبت,5,2:65,4,5
السفهاء,5,2:13,3,7
السلام,5,4:94,5,6
السيئة,5,7:95,5,6
الشر,5,10:11,4,4
الشفاعة,5,19:87,5,7
الطيب,5,3:179,5,5
الغالبون,5,5:56,5,8
الغرور,5,3:185,4,6
الفاحشة,5,4:15,5,7
الفجر,5,2:187,4,5
القبور,5,22:7,5,6
القتل,5,2:191,4,5
القمر,5,6:77,5,5
اللهم,5,3:26,5,5
المستقيم,5,1:6,5,8
المهاد,5,2:206,4,6
الميعاد,5,3:9,4,7
اليتامى,5,2:220,2,7
اليتيم,5,6:152,5,6
امرأته,5,7:83,5,6
امرئ,5,24:11,5,4
بأنفسهم,5,6:123,5,7
بئس,5,11:99,4,3
باركنا,5,7:137,4,6
بالإثم,5,2:85,2,6
بالإيمان,5,2:108,5,8
بالحسنة,5,6:160,4,7
بالسيئة,5,6:160,4,7
بالظالمين,5,2:95,4,9
بالعباد,5,2:207,3,7
بالقول,5,14:27,5,6
بربك,5,17:17,4,4
بربكم,5,3:193,5,5
بسيماهم,5,2:273,4,7
بصائر,5,6:104,5,5
بظلام,5,3:182,5,5
بقدر,5,15:21,5,4
بلاء,5,2:49,5,4
بلغت,5,5:67,5,4
بوكيل,5,6:66,4,5
بيت,5,3:96,5,3
بيده,5,2:237,4,4
بيوم,5,40:27,5,4
تأويل,5,12:6,2,5
تأويله,5,3:7,3,6
تؤمنون,5,4:59,5,6
تبديلا,5,33:23,4,6
تجعل,5,17:22,3,4
تجعلوا,5,2:22,4,6
تحتهم,5,6:6,5,5
تحسبن,5,3:169,3,5
تخرجون,5,2:84,4,6
تريدون,5,2:108,5,6
تزر,5,6:164,5,3
تسألون,5,2:134,4,6
تصبروا,5,3:120,3,6
تصبهم,5,4:78,4,5
تطيعوا,5,3:100,4,6
تظلمون,5,2:272,3,6
تعثوا,5,2:60,5,5
تعلموا,5,4:43,5,6
تقربوا,5,4:43,3,6
تكتمون,5,2:33,4,6
توبوا,5,11:3,2,5
جاءتكم,5,2:209,4,6
جاءوك,5,4:62,4,5
جاثمين,5,7:78,3,6
جان,5,27:10,3,3
جانب,5,17:68,5,4
جاهدوا,5,3:142,4,6
جرم,5,11:22,3,3
جزاؤهم,5,3:87,4,6
جعله,5,3:126,4,4
جند,5,36:28,4,3
جهد,5,5:53,5,3
حبة,5,2:261,4,3
حجارة,5,8:32,5,5
حديثا,5,4:42,3,5
حسابهم,5,6:52,4,6
حضر,5,2:133,3,3
حقت,5,10:33,4,3
حمل,5,12:72,5,3
حوله,5,2:17,4,4
حيا,5,19:15,2,3
خاسرين,5,3:149,4,6
خاشعة,5,41:39,5,5
خاف,5,2:182,5,3
خاوية,5,2:259,5,5
خذوا,5,2:63,3,4
خرجوا,5,2:243,5,5
خطوات,5,2:168,3,5
خفت,5,7:9,5,3
خلاف,5,5:33,5,4
خلقوا,5,13:16,4,5
ذكري,5,18:101,4,4
رأيتهم,5,12:4,5,6
رجلين,5,2:282,5,5
رسالات,5,7:62,3,6
رسله,5,2:285,5,4
رضي,5,5:119,5,3
زكريا,5,3:37,2,5
ساجدين,5,7:120,5,6
سرر,5,15:47,5,3
سفر,5,2:184,3,3
سلف,5,2:275,4,3
سماوات,5,2:29,5,6
سيئاتكم,5,2:271,5,7
سيروا,5,6:11,5,5
شئتم,5,2:58,4,4
شئنا,5,7:176,5,4
شرب,5,2:249,4,3
شركائي,5,16:27,4,6
شفيع,5,6:51,4,4
شقاق,5,2:137,4,4
شهادة,5,2:140,4,5
صدقوا,5,2:177,5,5
صراطا,5,4:68,3,5
ضعف,5,7:38,4,3
طغيانهم,5,2:15,5,7
ظننتم,5,41:22,4,5
ظهورهم,5,2:101,5,6
عبد,5,19:30,5,3
عشرة,5,2:60,3,4
عملت,5,3:30,4,4
غرورا,5,4:120,5,5
غفلة,5,19:39,4,4
غليظ,5,3:159,5,4
فأرسل,5,7:105,4,5
فأصبح,5,5:30,3,5
فاحكم,5,5:42,2,5
فاستكبروا,5,7:133,5,9
فاعبدوه,5,3:51,5,7
فانظروا,5,3:137,5,7
فتاب,5,2:37,3,4
فترى,5,5:52,5,4
فتنا,5,6:53,5,4
فجعلناهم,5,21:70,5,8
فريضة,5,2:236,3,5
فسجدوا,5,2:34,5,6
فضلنا,5,2:253,4,5
فعسى,5,4:19,5,4
فعلوه,5,4:66,4,5
فكانت,5,18:79,4,5
فكانوا,5,15:81,5,6
فنعم,5,13:24,5,4
فهي,5,2:74,5,3
فينا,5,11:62,3,4
قائمة,5,3:113,5,5
قدره,5,2:236,4,4
قرن,5,6:6,4,3
قلبه,5,2:204,4,4
قلت,5,5:116,4,3
قميصه,5,12:18,1,5
قومي,5,7:142,5,4
كأنه,5,7:171,5,4
كارهون,5,9:48,4,6
كافة,5,2:208,3,4
كالذي,5,2:259,4,5
كتابه,5,17:71,3,5
كرها,5,4:19,4,4
كسفا,5,17:92,5,4
كفور,5,11:9,5,4
كفى,5,13:43,4,3
كلمت,5,6:115,4,4
كلها,5,2:31,5,4
لآدم,5,2:34,5,4
لبئس,5,5:62,2,4
لبني,5,3:93,4,4
لتنذر,5,7:2,5,5
لدينا,5,12:54,4,5
لرءوف,5,2:143,4,5
لربهم,5,7:154,5,5
لسان,5,5:78,4,4
لست,5,4:94,4,3
لشيء,5,11:72,4,4
لعبرة,5,3:13,5,5
لعنهم,5,2:88,4,5
للذكر,5,4:11,2,5
للعبيد,5,3:182,5,6
لمبعوثون,5,17:49,4,8
لنحن,5,15:23,4,4
لنكونن,5,6:63,3,6
ليحكم,5,2:213,4,5
ليضل,5,6:144,5,4
ليعلم,5,5:94,5,5
ليغفر,5,4:137,4,5
ليلا,5,10:24,5,4
مأواهم,5,3:197,4,6
متنا,5,23:82,4,4
مثلها,5,2:106,5,5
مثلهم,5,2:17,5,5
محضرون,5,30:16,3,6
مرتين,5,9:101,4,5
مرجعهم,5,6:108,4,6
مرية,5,11:17,4,4
مساكنهم,5,20:128,5,7
مستقر,5,2:36,4,5
مشفقون,5,21:28,4,6
مصبحين,5,15:66,3,6
مصدق,5,2:89,4,4
مطهرة,5,2:25,5,5
معرضين,5,6:4,5,6
معروف,5,2:240,4,5
مفسدين,5,2:60,5,6
مكرهم,5,13:33,3,5
منافع,5,22:28,4,5
منذر,5,13:7,4,4
منكرون,5,12:58,5,6
مهتدون,5,6:82,4,6
مودة,5,4:73,5,4
مولاكم,5,3:150,5,6
ميتا,5,6:122,5,4
نسائكم,5,2:187,3,6
نصارى,5,2:111,2,5
نعدهم,5,10:46,5,5
نعمل,5,7:53,4,4
نعيم,5,9:21,5,4
نفصل,5,6:55,4,4
نقص,5,7:101,5,3
نكير,5,22:44,5,4
نهوا,5,4:161,4,4
هاجروا,5,2:218,4,6
هاد,5,13:7,3,3
هدانا,5,6:71,3,5
وآباؤكم,5,7:71,5,7
وأسروا,5,10:54,5,6
وأضل,5,5:60,5,4
وأمر,5,7:145,4,4
وأمطرنا,5,7:84,5,7
وأنهم,5,2:46,5,5
وأوفوا,5,2:40,4,6
واتل,5,5:27,5,4
واجعل,5,4:75,4,5
واحدا,5,2:133,5,5
وازرة,5,6:164,5,5
واشكروا,5,2:152,4,7
والبصير,5,6:50,5,7
والضراء,5,2:177,4,7
والطير,5,21:79,5,6
والعدوان,5,2:85,3,8
والقرآن,5,9:111,5,7
والمغرب,5,2:115,3,7
والمنافقات,5,9:67,4,10
والناس,5,2:161,5,6
والنصارى,5,2:62,3,8
وبشرى,5,2:97,4,5
وبينك,5,18:78,5,5
وجعلناهم,5,10:73,5,8
وحسن,5,3:148,4,4
وحين,5,2:177,4,4
ورضوا,5,5:119,5,5
ورضوان,5,3:15,3,6
ورفعنا,5,2:63,4,6
وسعها,5,2:233,4,5
وسوف,5,4:146,5,4
وصدق,5,33:22,5,4
وعدنا,5,7:44,4,5
وعظاما,5,23:35,3,6
وعلما,5,12:22,4,5
وعن,5,5:91,4,3
وغير,5,6:99,3,4
وفرعون,5,28:3,5,6
وقاتلوا,5,2:190,4,7
وقرا,5,6:25,5,4
وقضي,5,2:210,4,4
وقع,5,4:100,4,3
وكذب,5,6:66,5,4
وكلوا,5,2:187,4,5
وكيف,5,3:101,5,4
وكيل,5,6:102,5,4
ولحم,5,2:173,5,4
ولعذاب,5,13:34,5,6
وللكافرين,5,2:90,3,9
ولمن,5,12:72,4,4
وليس,5,2:189,5,4
ومغفرة,5,2:263,5,6
وملائكته,5,2:98,3,8
وممن,5,7:181,4,4
وموسى,5,6:84,5,5
وموعظة,5,2:66,5,6
ونفخ,5,18:99,5,4
ويؤتون,5,5:55,5,6
ويزيدهم,5,4:173,5,7
ويقتلون,5,2:61,3,7
وينزل,5,8:11,5,5
يأتوا,5,5:108,3,5
يأتين,5,4:15,4,5
يأكل,5,10:24,4,4
يأمر,5,7:28,4,4
يأمركم,5,2:67,3,6
يبلغ,5,2:196,4,4
يتبع,5,2:143,3,4
يتلون,5,2:113,5,5
يتوكلون,5,8:2,4,7
يجادل,5,4:109,4,5
يجادلون,5,13:13,3,7
يجدوا,5,4:65,4,5
يحزنك,5,3:176,5,5
يحشرهم,5,6:128,5,6
يحل,5,2:228,4,3
يحلفون,5,4:62,3,6
يحيى,5,19:7,4,4
يحييكم,5,2:28,5,6
يخاف,5,20:112,5,4
يخرجون,5,45:35,5,6
يخلقون,5,7:191,3,6
يدك,5,5:28,5,3
يرجع,5,11:123,4,4
يرزقكم,5,10:31,5,6
يسأل,5,21:23,5,4
يستأخرون,5,7:34,5,8
يستبشرون,5,3:171,5,8
يستجيبوا,5,11:14,4,8
يشاءون,5,16:31,5,6
يشتهون,5,16:57,5,6
يشهد,5,4:166,5,4
يصنعون,5,5:14,4,6
يضاعف,5,2:261,5,5
يظلم,5,4:40,4,4
يظنون,5,2:46,3,5
يعدكم,5,2:268,4,5
يعدلون,5,6:1,3,6
يعقوب,5,2:133,4,5
يعلمه,5,2:197,4,5
يعلموا,5,9:63,2,6
يفسقون,5,2:59,4,6
يفصل,5,10:5,5,4
يقاتلوكم,5,2:191,4,8
يقتلون,5,5:70,5,6
يقوم,5,2:275,5,4
يكتبون,5,2:79,5,6
يكتمون,5,2:159,4,6
يكذب,5,27:83,5,4
يلعبون,5,6:91,5,6
يمشون,5,7:195,5,5
يموت,5,16:38,5,4
ينفق,5,2:264,4,4
يود,5,2:96,4,3
يومكم,5,6:130,5,5
يومهم,5,7:51,5,5
آباءهم,4,23:68,4,6
آباؤهم,4,2:170,4,6
آبائكم,4,24:61,4,6
آتنا,4,2:200,2,4
آتيتموهن,4,2:229,4,8
آتيكم,4,20:10,4,5
آذان,4,4:119,3,4
آلهتكم,4,21:36,3,6
أئنكم,4,6:19,4,5
أبناءكم,4,2:49,4,7
أبي,4,12:80,3,3
أبيكم,4,12:9,2,5
أجد,4,6:145,4,3
أجورهم,4,3:57,3,6
أحاط,4,17:60,4,4
أحب,4,6:76,3,3
أحدهما,4,5:27,4,6
أحياء,4,2:154,4,5
أخاه,4,12:69,3,4
أخوهم,4,26:106,1,5
أخي,4,5:31,4,3
أدبر,4,70:17,3,4
أدري,4,21:109,3,4
أذقنا,4,10:21,4,5
أذلة,4,3:123,3,4
أرادوا,4,2:228,4,6
أراكم,4,3:152,3,5
أربعين,4,2:51,4,6
أرحم,4,7:151,3,4
أردنا,4,4:62,4,5
أرسلتم,4,14:9,4,6
أزكى,4,2:232,3,4
أساور,4,18:31,4,5
أسر,4,13:10,4,3
أسلموا,4,3:20,4,6
أصابكم,4,3:153,3,6
أعدت,4,2:24,3,4
أعمل,4,10:41,4,4
أعناقهم,4,13:5,4,7
أغرقنا,4,26:66,3,6
أغير,4,6:14,2,4
أفرأيت,4,19:77,4,6
أفغير,4,3:83,4,5
أفلح,4,20:64,4,4
أفواههم,4,3:118,4,7
أكلها,4,2:265,4,5
أكن,4,4:72,4,3
أكنة,4,6:25,4,4
ألوانه,4,16:13,3,6
أمثالكم,4,6:38,4,7
أمركم,4,2:222,3,5
أمنتم,4,2:196,3,5
أنذر,4,10:2,4,4
أنفقتم,4,2:215,3,6
أنها,4,6:109,4,4
أهؤلاء,4,5:53,4,6
أهلكناها,4,7:4,3,8
أهلكناهم,4,18:59,4,8
أوفوا,4,5:1,4,5
أيحسب,4,75:3,2,5
أيكم,4,9:124,4,4
إحدى,4,8:7,4,4
إخوانهن,4,24:31,2,7
إخوة,4,4:11,3,4
إفك,4,24:12,4,3
إليها,4,7:189,4,5
إماما,4,2:124,4,5
ائتنا,4,6:71,4,5
اتبعك,4,8:64,4,5
اتخذتم,4,2:51,3,6
اثنتين,4,4:11,2,6
استجابوا,4,3:172,4,8
استطاعوا,4,2:217,4,8
استقاموا,4,9:7,4,8
اضطر,4,2:173,4,4
اعتدى,4,2:178,2,5
الأكبر,4,9:3,4,6
الأيكة,4,15:78,4,6
الإسلام,4,3:19,3,7
الإنجيل,4,5:46,3,7
البحرين,4,18:60,4,7
البصير,4,17:1,3,6
البلد,4,14:35,3,5
البنات,4,16:57,3,6
البيوت,4,2:189,3,6
التوبة,4,4:17,3,6
الجاهلية,4,3:154,4,8
الجمعان,4,3:155,3,7
الجهر,4,4:148,4,5
الحرث,4,2:71,3,5
الخوف,4,2:155,3,5
الرجس,4,6:125,4,5
الرجفة,4,7:78,2,6
الرعب,4,3:151,4,5
الشهر,4,2:185,2,5
العداوة,4,5:14,2,7
العمر,4,16:70,4,5
العمي,4,10:43,4,5
الغالبين,4,7:113,3,8
الغيوب,4,5:109,3,6
الفائزون,4,9:20,4,8
الفتح,4,8:19,3,5
الفرقان,4,3:4,4,7
القاعدين,4,4:95,2,8
القدس,4,2:87,3,5
القصص,4,3:62,4,5
القيم,4,9:36,3,5
الكلم,4,4:46,3,5
الكهف,4,18:9,1,5
المأوى,4,32:19,3,6
المال,4,2:177,3,5
المبطلون,4,7:173,4,8
المحراب,4,3:37,3,7
المحصنات,4,4:25,2,8
المرء,4,2:102,4,5
المسكين,4,69:34,4,7
المعتدين,4,2:190,4,8
المقربون,4,4:172,3,8
المقربين,4,3:45,4,8
الممترين,4,2:147,4,8
الميتة,4,2:173,4,6
النجوى,4,20:62,3,6
النذر,4,46:21,3,5
النصارى,4,2:113,2,7
الهدي,4,2:196,2,5
الهوى,4,4:135,4,5
انتقام,4,3:4,4,6
انتهوا,4,2:192,3,6
اهبطوا,4,2:36,2,6
اهتدوا,4,2:137,4,6
بآياته,4,6:21,3,6
بآياتي,4,2:41,4,6
بأحسن,4,4:86,3,5
بأعيننا,4,11:37,4,7
بإذني,4,5:110,1,5
باب,4,12:67,4,3
باسم,4,56:74,3,4
بالأمس,4,10:24,2,6
بالسوء,4,2:169,4,6
بالصبر,4,2:45,3,6
بالعشي,4,3:41,3,6
بالكتاب,4,3:78,3,7
بالكفر,4,3:80,4,6
بالمهتدين,4,6:117,4,9
بالنذر,4,54:23,2,6
بجهالة,4,4:17,4,6
بحمده,4,13:13,3,5
بربي,4,18:38,3,4
برهانكم,4,2:111,4,7
بروح,4,2:87,3,4
بسوء,4,7:73,3,4
بشرى,4,3:126,4,4
بشيرا,4,2:119,4,5
بضر,4,6:17,4,3
بطون,4,6:139,4,4
بظلم,4,6:82,3,4
بعث,4,2:247,4,3
بعدا,4,11:44,1,4
بعدي,4,2:133,4,4
بعزيز,4,11:91,4,5
بعلمه,4,4:166,4,5
بعهد,4,3:77,3,4
بغضب,4,2:61,3,4
بغلام,4,15:53,4,5
بفاحشة,4,4:19,3,6
بقرة,4,2:67,1,4
بكفرهم,4,2:88,2,6
بلدة,4,25:49,4,4
بماء,4,13:4,4,4
بنا,4,9:52,4,3
بنعمة,4,3:171,3,5
بهتانا,4,4:20,2,6
بوالديه,4,19:14,4,7
بيمينه,4,17:71,4,6
تأتينا,4,2:118,4,6
تؤفكون,4,6:95,4,6
تبت,4,4:18,4,3
تبدوا,4,2:271,3,5
تبع,4,2:38,4,3
تتلو,4,2:102,4,4
تتولوا,4,11:52,4,6
تجهلون,4,7:138,4,6
تحكمون,4,10:35,3,6
تخافون,4,4:34,4,6
تدري,4,31:34,3,4
تدع,4,10:106,4,3
تدعوهم,4,7:193,3,6
تزعمون,4,6:22,2,6
تزكى,4,20:76,4,4
تسألهم,4,12:104,4,6
تستطيع,4,18:41,1,6
تشعرون,4,2:154,4,6
تصفون,4,12:18,2,5
تعدلوا,4,4:3,2,6
تعدنا,4,7:70,3,5
تغن,4,9:25,4,3
تفسدوا,4,2:11,3,6
تقبل,4,2:127,4,4
تقتلون,4,2:85,2,6
تقدموا,4,2:110,4,6
تكسبون,4,6:3,4,6
تكفروا,4,4:131,3,6
تكلم,4,3:41,4,4
تنزيلا,4,17:106,4,6
تنكحوا,4,2:221,3,6
توكلنا,4,7:89,4,6
ثبورا,4,25:13,2,5
ثقلت,4,7:8,3,4
ثمرات,4,16:67,4,5
ثوابا,4,3:195,3,5
جئتكم,4,3:49,3,5
جئنا,4,4:41,4,4
جسدا,4,7:148,4,4
جميلا,4,33:28,3,5
جناحك,4,15:88,4,5
جنود,4,33:9,3,4
جواب,4,7:82,3,4
حاصبا,4,17:68,4,5
حجاب,4,7:46,4,4
حرث,4,2:223,3,3
حسابا,4,65:8,3,5
حسيبا,4,4:6,3,5
حظ,4,4:11,3,2
حل,4,5:5,3,2
حلالا,4,2:168,4,5
حملنا,4,17:3,4,5
حياة,4,2:96,3,4
خالصة,4,2:94,4,5
خضر,4,12:43,3,3
خلائف,4,6:165,3,5
خلفه,4,13:11,4,4
خلقناه,4,15:27,4,6
خلقهم,4,11:119,3,5
خوفا,4,7:56,4,4
دابر,4,6:45,4,4
دارهم,4,7:78,3,5
درجة,4,2:228,4,4
دعا,4,3:38,4,3
دعواهم,4,7:5,3,6
دعوة,4,2:186,4,4
دونهم,4,8:60,4,5
دياركم,4,2:84,3,6
دينا,4,3:85,4,4
ذريته,4,6:84,4,5
ذريتهم,4,7:172,3,6
ذريتي,4,2:124,3,5
ذلة,4,10:26,3,3
ذنوبنا,4,3:16,2,6
رآه,4,27:40,4,3
راجعون,4,2:46,3,6
راضية,4,69:21,4,5
رجس,4,5:90,4,3
رجيم,4,15:17,3,4
رحم,4,11:43,3,3
رحمتنا,4,19:50,2,6
رزقه,4,65:7,3,4
رسولنا,4,5:15,2,6
رضوا,4,9:58,1,4
ريح,4,3:117,4,3
ريحا,4,30:51,4,4
زوجها,4,4:1,4,5
زوجين,4,11:40,4,5
زينا,4,6:108,4,4
سببا,4,18:84,1,4
سبح,4,57:1,4,3
سبق,4,8:68,4,3
سبلا,4,20:53,4,4
سحابا,4,7:57,4,5
سقر,4,54:48,2,3
سماعون,4,5:41,2,6
سميعا,4,4:58,2,5
سوآتهما,4,7:20,2,7
سويا,4,19:10,2,4
سيقول,4,2:142,3,5
سيقولون,4,18:22,2,7
شراب,4,6:70,3,4
شعائر,4,2:158,3,5
شعيب,4,7:88,3,4
شهد,4,2:185,4,3
شهدنا,4,6:130,4,5
شهر,4,2:185,3,3
شيطان,4,15:17,4,5
شيعا,4,6:65,3,4
صالحين,4,12:9,4,6
صبار,4,14:5,4,4
صدرك,4,7:2,4,4
صدقة,4,2:196,3,4
صدور,4,9:14,3,4
صدوركم,4,3:29,3,6
صرفنا,4,17:41,3,5
صعيدا,4,4:43,3,5
صلصال,4,15:26,2,5
صنعوا,4,11:16,3,5
ضعفا,4,7:38,4,4
ضعيفا,4,2:282,3,5
طغيانا,4,5:64,3,6
طلقتم,4,2:231,2,5
طوعا,4,3:83,4,4
ظالمة,4,11:102,3,5
ظهر,4,6:151,4,3
ظهيرا,4,17:88,3,5
عابدون,4,2:138,3,6
عام,4,2:259,3,3
عامل,4,3:195,4,4
عاهدتم,4,9:1,2,6
عاهدوا,4,2:100,2,6
عجبا,4,10:2,3,4
عدة,4,9:36,2,3
عزم,4,3:186,4,3
عصيت,4,6:15,3,4
عطاء,4,11:108,3,4
عظاما,4,17:49,3,5
عفوا,4,4:43,2,4
عقاب,4,13:32,4,4
عقبى,4,13:22,1,4
علام,4,5:109,3,4
علقة,4,22:5,4,4
علمكم,4,2:239,4,5
علمه,4,2:255,3,4
علمها,4,7:187,3,5
علوا,4,17:4,2,4
عمله,4,5:5,4,4
عنهما,4,4:16,3,5
عهدا,4,2:80,2,4
غافلين,4,7:136,2,6
غدا,4,12:12,4,3
غلام,4,3:40,3,4
غيركم,4,5:106,4,5
فأت,4,2:258,3,3
فأحيا,4,2:164,4,5
فأخذناهم,4,6:42,3,8
فأنبتنا,4,27:60,4,7
فاتقون,4,2:41,4,6
فاحشة,4,3:135,4,5
فاختلف,4,11:110,4,6
فاخرج,4,7:13,4,5
فاسأل,4,10:94,4,5
فاستجبنا,4,21:76,1,8
فاستعذ,4,7:200,4,6
فانتقمنا,4,7:136,4,8
فتحا,4,26:118,2,4
فتحنا,4,6:44,4,5
فتربصوا,4,9:24,3,7
فتعالى,4,7:190,3,6
فتولى,4,7:79,3,5
فحق,4,17:16,4,3
فذكر,4,50:45,4,4
فرض,4,2:197,4,3
فساء,4,4:38,4,4
فسيقولون,4,10:31,4,8
فصل,4,2:249,4,3
فصلت,4,11:1,3,4
فصيام,4,2:196,4,5
فضة,4,43:33,2,3
فعلوا,4,3:135,3,5
فعليه,4,10:84,4,5
فلنفسه,4,6:104,4,6
فلينظر,4,18:19,4,6
فيومئذ,4,30:57,4,6
قائما,4,3:18,3,5
قاتلوا,4,3:167,3,6
قاموا,4,2:20,3,5
قدم,4,10:2,4,3
قرار,4,14:26,3,4
قربى,4,5:106,4,4
قومنا,4,7:89,3,5
قوي,4,8:52,4,3
قياما,4,3:191,3,5
كادوا,4,2:71,3,5
كذاب,4,38:4,3,4
كرة,4,2:167,4,3
كريما,4,4:31,3,5
كشفنا,4,7:135,3,5
كفرا,4,3:90,4,4
كي,4,20:33,3,2
لأجل,4,11:104,4,4
لأملأن,4,7:18,4,6
لإخوانهم,4,3:156,3,8
لبثت,4,2:259,2,4
لبثوا,4,18:12,3,5
لبشر,4,3:79,4,4
لتأتون,4,7:81,3,6
لتبتغوا,4,17:12,3,7
لتسكنوا,4,10:67,4,7
لحق,4,10:53,4,3
لحما,4,2:259,4,4
لدي,4,27:10,2,3
لرب,4,2:131,4,3
لرسول,4,3:183,4,5
لشديد,4,13:6,4,5
لصادقون,4,6:146,4,7
لطيف,4,12:100,4,4
لغير,4,2:173,4,4
لقاءنا,4,10:7,2,6
لكنا,4,6:157,4,4
لكيلا,4,3:153,4,5
للتقوى,4,2:237,4,6
للذي,4,3:96,4,4
للمشركين,4,9:7,2,8
لنعلم,4,2:143,4,5
لنفسي,4,7:188,4,5
لوطا,4,11:77,3,4
ليؤمنوا,4,6:111,3,7
ليبلوكم,4,5:48,4,7
ليقولون,4,37:151,3,7
لينذر,4,18:2,4,5
ليوسف,4,12:8,1,5
مبارك,4,6:92,3,5
مباركا,4,3:96,4,6
مبشرين,4,2:213,4,6
متقابلين,4,15:47,4,8
متم,4,3:157,3,3
محسن,4,2:112,4,4
محمد,4,3:144,4,4
محيص,4,14:21,4,4
مختلف,4,16:69,3,5
مختلفا,4,6:141,4,6
مخلصا,4,19:51,2,5
مر,4,2:259,4,2
مرد,4,13:11,3,3
مرضات,4,2:207,3,5
مرضى,4,4:43,3,4
مسئولا,4,17:34,3,6
مستقرا,4,25:24,2,6
مسلمة,4,2:71,2,5
مسني,4,7:188,4,4
مشركين,4,6:23,4,6
مطر,4,4:102,4,3
مقرنين,4,14:49,4,6
مكانتكم,4,6:135,3,7
مكرا,4,10:21,3,4
مكين,4,12:54,4,4
ملكوت,4,6:75,4,5
ممنون,4,41:8,4,5
منع,4,2:114,4,3
منكن,4,33:29,2,4
منيب,4,11:75,3,4
مهينا,4,4:37,2,5
موج,4,11:42,3,3
موعدا,4,18:48,2,5
مولى,4,44:41,2,4
ميثاقكم,4,2:63,2,7
ميثاقهم,4,4:155,3,7
نادمين,4,5:52,4,6
ناقة,4,7:73,4,4
نبات,4,6:99,4,4
نتبع,4,2:170,4,4
نجينا,4,11:58,2,5
نخيل,4,2:266,4,4
ندعو,4,16:86,4,4
نذيرا,4,25:1,2,5
نراك,4,11:27,2,4
نرسل,4,6:48,3,4
نريد,4,5:113,4,4
نرينك,4,10:46,4,5
نصب,4,9:120,4,3
نصرف,4,6:46,2,4
نعمته,4,5:6,4,5
نفورا,4,17:41,3,5
نكن,4,4:141,4,3
نوحي,4,12:109,3,4
نودي,4,20:11,4,4
ها,4,3:66,3,2
هاتوا,4,2:111,4,5
هاهنا,4,3:154,4,5
هب,4,3:38,4,2
هداكم,4,2:185,3,5
هداهم,4,2:272,4,5
هلك,4,4:176,4,3
هنيئا,4,4:4,4,5
هود,4,11:53,2,3
وآتيناهم,4,4:54,4,8
وآخرون,4,9:102,2,6
وآمن,4,19:60,4,4
وآية,4,5:114,2,4
وأبصارهم,4,2:20,4,8
وأجل,4,6:2,4,4
وأخر,4,3:7,3,4
وأخيه,4,10:87,3,5
وأرجلكم,4,5:6,4,7
وأزواجهم,4,13:23,4,8
وأصيلا,4,25:5,4,6
وأعرض,4,6:106,4,5
وأغرقنا,4,2:50,4,7
وأقسموا,4,6:109,4,7
وألقينا,4,5:64,4,7
وأمه,4,5:17,3,4
وأنفسكم,4,3:61,3,7
وأهلها,4,6:131,4,6
وأولو,4,3:18,4,5
وأيديكم,4,4:43,3,7
وإبراهيم,4,29:16,4,8
وإياكم,4,4:131,4,6
واتخذ,4,4:125,4,5
واتقوه,4,6:72,4,6
واختلاف,4,2:164,4,7
وادعوا,4,2:23,4,6
واستكبروا,4,4:173,3,9
واسعة,4,4:97,4,5
واسمعوا,4,2:93,3,7
واعتصموا,4,3:103,3,8
واغفر,4,2:286,4,5
والأسباط,4,2:136,3,8
والأفئدة,4,16:78,4,8
والأنثى,4,2:178,4,7
والبغضاء,4,5:14,2,8
والدم,4,2:173,4,5
والزيتون,4,6:99,3,8
والصابرين,4,2:177,4,9
والمشركين,4,33:73,3,9
والمنافقين,4,9:73,3,10
وبال,4,5:95,4,4
وبالوالدين,4,2:83,4,10
وبدا,4,39:47,3,4
وتواصوا,4,90:17,2,7
وجد,4,3:37,4,3
وجعلني,4,19:30,3,6
وذروا,4,2:278,4,5
وزين,4,6:43,4,4
وساءت,4,4:97,3,5
وسع,4,2:255,4,3
وسليمان,4,4:163,4,7
وصاكم,4,6:144,1,5
وضرب,4,16:76,3,4
وطمعا,4,7:56,4,5
وعذاب,4,6:70,3,5
وعشيا,4,19:11,3,5
وعلانية,4,2:274,4,7
وغضب,4,4:93,4,4
وفضل,4,3:171,2,4
وكانت,4,19:5,3,5
وكفرا,4,5:64,3,5
وكنت,4,5:117,4,4
ولبئس,4,2:102,3,5
ولتبتغوا,4,16:14,4,8
ولكني,4,7:61,3,5
وللمؤمنين,4,14:41,4,9
ولوا,4,17:46,4,4
وماتوا,4,2:161,3,6
ومنذرين,4,2:213,4,7
ونجيناه,4,21:71,2,7
ونساء,4,4:1,3,5
ونعم,4,3:136,3,4
وهاجروا,4,8:72,2,7
وهامان,4,28:6,3,6
ويأمرون,4,3:104,3,7
ويرسل,4,6:61,4,5
ويصدون,4,8:47,4,6
ويعبدون,4,10:18,4,7
وينهون,4,3:104,2,6
ويولج,4,22:61,4,5
يأتوك,4,5:41,4,5
يأتون,4,9:54,4,5
يأتيه,4,11:39,3,5
يؤاخذكم,4,2:225,2,7
يؤت,4,2:247,3,3
يؤتكم,4,8:70,4,5
يؤتون,4,4:53,4,5
يؤخذ,4,2:48,4,4
يؤذن,4,16:84,4,4
يؤذون,4,9:61,2,5
يبدل,4,2:211,4,4
يبغون,4,3:83,4,5
يتق,4,12:90,2,3
يتوفاكم,4,6:60,4,7
يتوفى,4,8:50,4,5
يتول,4,5:56,4,4
يجري,4,13:2,4,4
يحبون,4,9:108,4,5
يحسبون,4,18:104,4,6
يحكمون,4,6:136,4,6
يحلون,4,18:31,4,5
يختصمون,4,3:44,4,7
يخفى,4,3:5,4,4
يخوضوا,4,4:140,4,6
يدبر,4,10:3,3,4
يدخله,4,4:13,3,5
يدعوكم,4,3:153,4,6
يذهبكم,4,4:133,4,6
يرجو,4,18:110,4,4
يرزق,4,2:212,4,4
يرضى,4,4:108,4,4
يزيد,4,17:82,2,4
يسألون,4,2:273,4,6
يسجدون,4,3:113,4,6
يسرنا,4,54:17,1,5
يسرون,4,2:77,4,5
يشترون,4,3:77,2,6
يشهدون,4,4:166,4,6
يصلون,4,4:90,4,5
يصلونها,4,14:29,4,7
يضرب,4,2:26,3,4
يضيع,4,3:171,4,4
يعذبكم,4,5:18,4,6
يعرفون,4,2:146,4,6
يعظكم,4,2:231,4,5
يعمر,4,2:96,3,4
يغلبوا,4,8:65,1,6
يغنوا,4,7:92,3,5
يقاتلونكم,4,2:190,3,9
يقدر,4,16:75,3,4
يقضي,4,10:93,4,4
يقيمون,4,5:55,4,6
يمسهم,4,6:49,4,5
يميتكم,4,2:28,4,6
يناديهم,4,28:62,2,7
ينصركم,4,3:160,3,6
ينطقون,4,21:63,3,6
ينظر,4,3:77,4,4
ينفخ,4,6:73,4,4
ينفعكم,4,11:34,4,6
ينفعهم,4,2:102,4,6
ينقضون,4,2:27,3,6
ينقلب,4,2:143,4,5
يهدون,4,7:159,3,5
يهلك,4,5:17,4,4
يوحي,4,6:112,4,4
يولج,4,22:61,4,4
آباءكم,3,2:200,3,6
آبائهم,3,6:87,3,6
آتيتم,3,2:233,2,5
آتيناكم,3,2:63,2,7
آذن,3,7:123,3,3
آناء,3,3:113,3,4
آنست,3,20:10,3,4
آياتك,3,2:129,3,5
أبلغتكم,3,7:79,2,7
أبوابها,3,2:189,2,7
أبى,3,2:34,3,3
أتأتون,3,7:80,3,6
أتاكم,3,6:40,2,5
أتاها,3,10:24,3,5
أتقولون,3,7:28,2,7
أتوا,3,3:188,3,4
أجرموا,3,6:124,3,6
أجره,3,2:112,3,4
أجلا,3,6:2,3,4
أجلها,3,15:5,3,5
أجمعون,3,15:30,3,6
أخت,3,4:12,2,3
أخذتهم,3,7:155,3,6
أدبارهم,3,15:65,3,7
أدعو,3,12:108,3,4
أدلكم,3,20:40,3,5
أربابا,3,3:64,2,6
أربع,3,24:6,1,4
أرجلهم,3,5:66,3,6
أردتم,3,2:233,3,5
أرضكم,3,7:110,3,5
أرضنا,3,14:13,3,5
أروني,3,34:27,3,5
أسس,3,9:108,1,3
أسفا,3,7:150,3,4
أسفل,3,8:42,3,4
أسماء,3,7:71,3,5
أسوة,3,33:21,2,4
أشياءهم,3,7:85,3,7
أصابك,3,4:79,2,5
أظن,3,18:35,2,3
أعرضوا,3,28:55,3,6
أعقابكم,3,3:144,2,7
أعمالنا,3,2:139,3,7
أعناب,3,6:99,3,5
أغنياء,3,2:273,3,6
أف,3,17:23,3,2
أفاء,3,33:50,2,4
أفرغ,3,2:250,3,4
أقدامنا,3,2:250,3,7
أقم,3,10:105,3,3
ألسنتهم,3,3:78,3,7
ألقي,3,27:29,3,4
ألن,3,3:124,3,3
أمدا,3,3:30,3,4
أمرها,3,41:12,2,5
أمروا,3,4:60,3,5
أمسك,3,33:37,3,4
أمك,3,19:28,2,3
أمه,3,28:13,3,3
أمهاتهم,3,33:6,2,7
أنؤمن,3,2:13,3,5
أناب,3,13:27,3,4
أنبئكم,3,5:60,3,6
أنذروا,3,16:2,3,6
أنزله,3,4:166,3,5
أنشأنا,3,23:31,2,6
أنعمنا,3,17:83,3,6
أنك,3,15:97,3,3
أهلهم,3,12:62,3,5
أهم,3,37:11,3,3
أهواء,3,5:77,3,5
أوحى,3,17:39,3,4
أوفى,3,3:76,3,4
أولا,3,2:77,3,4
أياما,3,2:80,2,5
أيديهن,3,12:31,2,6
أيمان,3,5:108,3,5
أينما,3,4:78,3,5
أيه,3,24:31,3,3
إسماعيل,3,14:39,3,7
إنس,3,55:39,1,3
إيمانها,3,6:158,2,7
اتبعت,3,2:120,2,5
اتبعوه,3,3:68,3,6
اتخذت,3,25:27,3,5
ارتضى,3,21:28,3,5
ارجع,3,12:50,3,4
ارجعوا,3,12:81,3,6
استطعت,3,6:35,3,6
استغفروا,3,11:3,2,8
استهزئ,3,6:10,3,6
اصطفى,3,2:132,3,5
اضرب,3,2:60,3,4
اعلموا,3,5:98,2,6
اقتلوا,3,4:66,3,6
اقرأ,3,17:14,2,4
الأجداث,3,36:51,3,7
الأحاديث,3,12:6,1,8
الأسباب,3,2:166,3,7
الأغلال,3,13:5,3,7
الألواح,3,7:145,1,7
الأموال,3,2:155,3,7
الأمين,3,26:193,3,6
الأنبياء,3,3:112,2,8
الأيمن,3,19:52,3,6
البرق,3,2:20,3,5
البشرى,3,10:64,3,6
البطون,3,37:66,3,6
البعث,3,22:5,2,5
البعيد,3,14:18,3,6
البقر,3,2:70,2,5
البيع,3,2:275,2,5
التقى,3,3:155,2,5
الجمع,3,42:7,3,5
الجوار,3,42:32,3,6
الحاقة,3,69:1,1,6
الحجر,3,2:60,3,5
الحديد,3,18:96,3,6
الحر,3,2:178,3,4
الحواريون,3,3:52,3,9
الحوت,3,18:63,3,5
الخروج,3,9:46,2,6
الخمر,3,2:219,2,5
الخنزير,3,2:173,3,7
الداع,3,2:186,2,5
الذئب,3,12:13,1,5
الذل,3,17:24,2,4
الرؤيا,3,17:60,3,6
الرجز,3,7:134,1,5
الرشد,3,2:256,3,5
الرقاب,3,2:177,3,6
السبع,3,5:3,3,5
السدس,3,4:11,1,5
السفينة,3,18:71,2,7
الشهوات,3,3:14,3,7
الصاعقة,3,2:55,3,7
الصالحون,3,7:168,3,8
الصحف,3,20:133,3,5
الصيام,3,2:183,1,6
الصيد,3,5:1,1,5
الضالون,3,3:90,3,7
الضعفاء,3,9:91,3,7
الضلال,3,10:32,3,6
الطرف,3,37:48,3,5
الطين,3,3:49,3,5
الظل,3,25:45,3,4
العاجلة,3,17:18,3,7
العاملين,3,3:136,3,8
العسر,3,2:185,2,5
العظام,3,2:259,3,6
الغفار,3,38:66,3,6
الغم,3,3:154,3,4
الغمام,3,2:57,2,6
الغي,3,2:256,2,4
الغيظ,3,3:119,2,5
الفريقين,3,6:81,3,8
الفقراء,3,2:271,3,7
القارعة,3,101:1,1,7
القدر,3,97:1,1,5
القرار,3,14:29,3,6
القرنين,3,18:83,1,7
القوة,3,2:165,3,5
القوي,3,11:66,3,5
القيوم,3,2:255,3,6
الكاذبون,3,16:105,3,8
الكرب,3,21:76,2,5
الكريم,3,23:116,3,6
اللعنة,3,13:25,3,6
المتكبرين,3,16:29,3,9
المتوكلون,3,12:67,3,9
المجاهدين,3,4:95,2,9
المحيض,3,2:222,2,6
المخلفون,3,9:81,2,8
المدائن,3,7:111,2,7
المشأمة,3,56:9,2,7
المشحون,3,26:119,3,7
المشركون,3,9:28,2,8
المقسطين,3,5:42,3,8
المن,3,2:57,3,4
المنتظرين,3,7:71,2,9
المنظرين,3,7:15,3,8
المهد,3,3:46,3,5
المولى,3,8:40,2,6
الميزان,3,55:7,1,7
الميمنة,3,56:8,2,7
الناصحين,3,7:21,2,8
الناقة,3,7:77,3,6
النشأة,3,29:20,3,6
النصر,3,3:126,2,5
النكاح,3,2:235,2,6
الهون,3,6:93,3,5
الوارثين,3,21:89,2,8
الوالدان,3,4:7,1,8
الوهاب,3,3:8,2,6
امرأة,3,4:12,2,5
انصرني,3,23:26,2,6
انظروا,3,6:11,2,6
انفروا,3,4:71,2,6
انقلبوا,3,12:62,2,7
بأموالكم,3,4:24,3,8
بأهلك,3,11:81,3,5
بأيديهم,3,2:79,3,7
بإحسان,3,2:178,2,6
بئسما,3,2:90,2,5
باغ,3,2:173,3,3
بالحسنى,3,53:31,2,7
بالحياة,3,9:38,3,7
بالدين,3,82:9,3,6
بالرحمن,3,13:30,3,7
بالصلاة,3,19:31,2,7
بالغدو,3,7:205,3,6
بالفحشاء,3,2:268,3,8
بالكافرين,3,2:19,3,9
باللغو,3,2:225,3,6
بالناس,3,2:143,3,6
بالواد,3,20:12,3,6
بتأويله,3,12:36,1,7
بدلنا,3,7:95,3,5
بذكر,3,13:28,2,4
بذلك,3,43:20,3,4
برسل,3,6:10,3,4
برهان,3,4:174,3,5
بسحر,3,7:116,3,4
بسلام,3,11:48,3,5
بسم,3,1:1,3,3
بطونهم,3,2:174,3,6
بعبادي,3,20:77,3,6
بعدما,3,2:181,3,5
بعصاك,3,2:60,3,5
بعضنا,3,3:64,3,5
بعضه,3,8:37,3,4
بعضها,3,3:34,3,5
بعلم,3,6:143,3,4
بقادر,3,36:81,3,5
بقلب,3,26:89,3,4
بقول,3,69:41,2,4
بقوم,3,5:54,2,4
بكتاب,3,7:52,3,5
بكلماته,3,8:7,3,7
بمعذبين,3,26:138,3,7
بناء,3,2:22,3,4
بنصره,3,3:13,2,5
بهما,3,2:158,3,4
بهن,3,4:23,2,3
بهيمة,3,5:1,2,5
بياتا,3,7:4,2,5
بيتي,3,2:125,3,4
بيع,3,2:254,3,3
بينا,3,2:118,3,4
تأتي,3,16:111,3,4
تأمرون,3,3:110,3,6
تؤمن,3,2:260,3,4
تبخسوا,3,7:85,3,6
تبدون,3,2:33,3,5
تبعك,3,7:18,3,4
تتبعون,3,6:148,3,6
تتخذون,3,7:74,2,6
تتذكرون,3,6:80,3,7
تتفكرون,3,2:219,2,7
تجعلنا,3,7:47,3,6
تحزنوا,3,3:139,2,6
تحويلا,3,17:56,2,6
تخفوه,3,2:284,3,5
تدعوا,3,17:110,3,5
تذر,3,51:42,3,3
ترونها,3,13:2,3,6
تروها,3,9:26,2,5
تريد,3,18:28,2,4
تسألوا,3,2:108,2,6
تستغفر,3,9:80,2,6
تستكبرون,3,6:93,3,8
تسرون,3,16:19,3,5
تسع,3,17:101,3,3
تسعى,3,20:15,1,4
تشتروا,3,2:41,3,6
تشرك,3,22:26,2,4
تشركوا,3,4:36,3,6
تشهد,3,6:150,2,4
تشهدون,3,2:84,3,6
تصيبهم,3,13:31,3,6
تضرعا,3,6:63,2,5
تضع,3,35:11,3,3
تطغوا,3,11:112,3,5
تطلع,3,5:13,3,4
تظلم,3,18:33,3,4
تعالى,3,16:3,3,5
تعبد,3,19:42,2,4
تعتدوا,3,2:190,2,6
تعتذروا,3,9:66,2,7
تعجبك,3,9:55,2,5
تعجل,3,2:203,3,4
تعدوا,3,4:154,3,5
تعفوا,3,2:237,3,5
تعلنون,3,16:19,3,6
تغفر,3,5:118,3,4
تفرقوا,3,3:103,2,6
تقدير,3,6:96,3,5
تقر,3,20:40,3,3
تقطع,3,5:33,3,4
تقلب,3,2:144,3,4
تقيا,3,19:13,1,4
تكاد,3,19:90,3,4
تكرهوا,3,2:216,3,6
تكسب,3,6:164,3,4
تلقاء,3,7:47,3,5
تلقف,3,7:117,3,4
تمتعوا,3,11:65,3,6
تمسوها,3,7:73,3,6
تمسوهن,3,2:236,2,6
تمنى,3,22:52,2,4
تميد,3,16:15,3,4
تنبت,3,2:61,3,4
تنته,3,19:46,2,4
تنصرون,3,11:113,3,6
تنفع,3,20:109,3,4
تهدي,3,10:43,3,4
تهنوا,3,3:139,3,5
تهوى,3,2:87,3,4
توابا,3,4:16,2,5
ثمانية,3,6:143,3,6
ثمره,3,6:99,2,4
جئناك,3,15:63,3,5
جاءني,3,19:43,3,5
جاءوكم,3,4:90,3,6
جاءوها,3,39:71,2,6
جامع,3,3:9,3,4
جاهد,3,9:73,3,4
جبار,3,11:59,3,4
جبارا,3,19:14,2,5
جبل,3,2:260,3,3
جزاؤه,3,12:74,1,5
جعلناك,3,6:107,3,6
جعلناها,3,22:36,3,7
جعلوا,3,13:16,3,5
جمعا,3,18:99,3,4
جميع,3,36:32,2,4
جنتان,3,34:15,2,5
جهرة,3,2:55,3,4
حاجة,3,12:68,3,4
حاشرين,3,7:111,2,6
حافظين,3,12:81,3,6
حجة,3,2:150,3,3
حرما,3,5:96,3,4
حرمت,3,4:23,3,4
حسب,3,29:4,3,3
حسبتم,3,2:214,3,5
حسبنا,3,3:173,3,5
حسرة,3,3:156,3,4
حسن,3,3:14,1,3
حطاما,3,39:21,3,5
حظا,3,3:176,2,3
حفيظا,3,4:80,3,5
حقه,3,6:141,3,3
حكم,3,5:43,3,3
حلية,3,13:17,3,4
حليما,3,17:44,3,5
حمإ,3,15:26,1,3
حملته,3,2:286,3,5
حميما,3,47:15,3,5
حولها,3,6:92,3,5
حياتنا,3,6:29,3,6
خاب,3,20:61,2,3
خاشعين,3,3:199,3,6
خالدا,3,4:14,2,5
خذ,3,7:199,3,2
خزنتها,3,39:71,2,6
خسارا,3,17:82,3,5
خشي,3,4:25,3,3
خلاق,3,2:102,2,4
خلفاء,3,7:69,2,5
خلقناهم,3,37:11,3,7
خليلا,3,4:125,3,5
خيفة,3,11:70,3,4
دائرة,3,5:52,3,5
دبر,3,12:25,1,3
دخلت,3,7:38,3,4
دخلتم,3,4:23,2,5
دكا,3,7:143,2,3
دمت,3,3:75,3,3
دوني,3,17:2,2,4
ذائقة,3,3:185,3,5
رأسه,3,2:196,3,4
ربهما,3,7:22,2,5
رجز,3,8:11,3,3
رجزا,3,2:59,3,4
ردوا,3,4:91,2,4
رزقها,3,11:6,3,5
رضوان,3,3:162,2,5
رغدا,3,2:35,2,4
روح,3,12:87,2,3
روحنا,3,19:17,3,5
زادهم,3,33:22,3,5
زرعا,3,18:32,3,4
زينتهن,3,24:31,1,6
سبعة,3,15:44,3,4
سبيلي,3,3:195,3,5
ستجدني,3,18:69,3,6
سجيل,3,11:82,3,4
سخروا,3,6:10,3,5
سخريا,3,23:110,3,5
سدا,3,18:94,2,3
سراجا,3,25:61,3,5
سعى,3,2:205,3,3
سكينته,3,9:26,2,6
سمعهم,3,2:7,3,5
سميتموها,3,7:71,3,8
سنت,3,8:38,3,3
سندس,3,18:31,3,4
سولت,3,12:18,2,4
سيعلمون,3,54:26,2,7
سيهدين,3,26:62,3,6
شأن,3,10:61,3,3
شئت,3,7:155,3,3
شاعر,3,21:5,3,4
شاكرا,3,4:147,3,5
شاهد,3,11:17,3,4
شاهدا,3,33:45,3,5
شجر,3,4:65,3,3
شرك,3,34:22,3,3
شركاءكم,3,7:195,3,7
شركائكم,3,10:34,2,7
شريك,3,6:163,3,4
شطر,3,2:144,1,3
شفعاء,3,7:53,3,5
شقيا,3,19:4,1,4
شكورا,3,17:3,3,5
شيعته,3,28:15,2,5
صاعقة,3,41:13,1,5
صحف,3,53:36,3,3
صدره,3,6:125,2,4
صم,3,2:18,2,2
ضراء,3,10:21,3,4
ضربتم,3,4:94,2,5
ضربنا,3,25:39,3,5
ضربوا,3,3:156,3,5
ضره,3,10:12,3,3
ضعفين,3,2:265,2,5
طاعة,3,4:81,3,4
طبع,3,4:155,3,3
طلعها,3,6:99,3,5
طيرا,3,3:49,3,4
ظل,3,16:58,3,2
ظلل,3,2:210,2,3
ظلمت,3,10:54,3,4
ظلمناهم,3,11:101,3,7
ظلمهم,3,3:117,3,5
ظنا,3,2:230,3,3
عابدين,3,21:53,1,6
عاصم,3,10:27,3,4
عاما,3,9:37,2,4
عاملون,3,11:121,3,6
عبادته,3,4:172,3,6
عدد,3,10:5,3,3
عددا,3,18:11,2,4
عدنا,3,7:89,3,4
عذابه,3,10:50,3,5
عروشها,3,2:259,3,6
عصاك,3,7:117,3,4
عصاه,3,7:107,2,4
عصبة,3,12:8,2,4
عصوا,3,2:61,3,4
عقبيه,3,2:143,3,5
عقدة,3,2:235,2,4
عليا,3,4:34,2,4
عمد,3,13:2,3,3
عمران,3,3:33,2,5
عملكم,3,9:94,2,5
عمي,3,2:18,2,3
عندكم,3,6:148,3,5
عندها,3,3:37,3,5
عنيد,3,11:59,3,4
عهدهم,3,8:56,2,5
غالب,3,3:160,3,4
غل,3,3:161,3,2
غلبت,3,2:249,3,4
غليظا,3,4:21,2,5
غنيا,3,4:6,1,4
فأبى,3,17:89,2,4
فأتبعه,3,7:175,3,6
فأتنا,3,7:70,3,5
فأحبط,3,33:19,2,5
فأخذناه,3,28:40,3,7
فأخرج,3,2:22,3,5
فأسر,3,11:81,3,4
فأصلحوا,3,49:9,1,7
فأعرضوا,3,4:16,3,7
فأغرقناهم,3,7:136,3,9
فأقيموا,3,4:103,3,7
فألقوا,3,16:28,2,6
فألقى,3,7:107,2,5
فأمسكوهن,3,2:231,3,8
فأنزل,3,9:40,2,5
فأنزلنا,3,2:59,3,7
فأهلكناهم,3,6:6,3,9
فأوحى,3,14:13,3,5
فأولى,3,47:20,2,5
فإخوانكم,3,2:220,3,8
فإنها,3,5:26,2,5
فاتبعوه,3,6:153,2,7
فاتكم,3,3:153,3,5
فاجعل,3,14:37,3,5
فاستبقوا,3,2:148,3,8
فاستجاب,3,3:195,3,7
فاعبدون,3,21:25,2,7
فاعلم,3,5:49,3,5
فانتظروا,3,7:71,2,8
فانطلقا,3,18:71,1,7
فبشره,3,31:7,3,5
فبشرهم,3,3:21,3,6
فتبينوا,3,4:94,2,7
فتحرير,3,4:92,2,6
فتول,3,37:174,3,4
فتيلا,3,4:49,2,5
فجعلناه,3,25:23,3,7
فجعله,3,25:54,3,5
فخذ,3,2:260,3,3
فخرج,3,19:11,2,4
فخور,3,11:10,3,4
فدية,3,2:184,3,4
فذلك,3,21:29,3,4
فرارا,3,18:18,3,5
فراغ,3,37:91,2,4
فرحوا,3,6:44,3,5
فرحون,3,9:50,3,5
فردا,3,19:80,2,4
فسادا,3,5:33,2,5
فسبحان,3,21:22,3,6
فستعلمون,3,20:135,2,8
فصدوا,3,9:9,3,5
فصلنا,3,6:97,1,5
فضلوا,3,16:71,3,5
فطرني,3,11:51,3,5
فعقروها,3,11:65,3,7
فعلت,3,10:106,3,4
فعليها,3,6:104,3,6
ففي,3,3:107,2,3
فقاتلوا,3,4:76,3,7
فقولا,3,20:44,2,5
فكأنما,3,5:32,2,6
فكفروا,3,37:170,3,6
فلكم,3,2:279,3,4
فلها,3,4:11,2,4
فلو,3,6:149,3,3
فماذا,3,7:110,3,5
فنجيناه,3,10:73,3,7
فهدى,3,2:213,3,4
فوزا,3,4:73,3,4
فوقها,3,2:26,3,5
فول,3,2:144,1,3
فيأخذكم,3,7:73,3,7
فينبئهم,3,6:108,3,7
قائل,3,12:10,3,4
قائم,3,3:39,3,4
قاصرات,3,37:48,3,6
قبلة,3,2:144,2,4
قبلي,3,3:183,3,4
قتلت,3,28:19,2,4
قتلتم,3,2:72,2,5
قدروا,3,6:91,3,5
قرآن,3,10:61,3,4
قضيت,3,4:65,3,4
قلبك,3,2:97,3,4
قيلا,3,4:122,3,4
كأنما,3,6:125,3,5
كأنها,3,24:35,3,5
كاتب,3,2:282,1,4
كاذبين,3,11:27,3,6
كافر,3,2:41,2,4
كالمهل,3,18:29,3,6
كانتا,3,4:176,3,5
كبائر,3,4:31,3,5
كتبنا,3,4:66,3,5
كدأب,3,3:11,2,4
كذبوك,3,3:184,3,5
كذبون,3,23:26,2,5
كسب,3,2:81,3,3
كسبتم,3,2:134,1,5
كظيم,3,12:84,3,4
كفارة,3,5:45,1,5
كفره,3,30:44,3,4
كلام,3,2:75,3,4
كلبهم,3,18:22,1,5
كلمات,3,2:37,3,5
كلهم,3,10:99,3,4
كنز,3,11:12,3,3
كيدهم,3,3:120,3,5
كيل,3,12:60,1,3
لأجرا,3,7:113,3,5
لأنفسهم,3,3:178,3,7
لأهله,3,20:10,3,5
لئلا,3,2:150,3,4
لباس,3,2:187,2,4
لباسا,3,7:26,3,5
لتؤمنوا,3,48:9,3,7
لتعلموا,3,5:97,3,7
لتكون,3,10:92,3,5
لجهنم,3,7:179,3,5
لحافظون,3,12:12,2,7
لحكم,3,52:48,3,4
لخاسرون,3,7:90,3,7
لذنبك,3,12:29,3,5
لساحر,3,7:109,3,5
لعب,3,6:32,3,3
لعباده,3,7:32,3,6
لعل,3,33:63,3,3
لعله,3,20:44,3,4
لعلى,3,22:67,3,4
لعنت,3,3:61,3,4
لغوا,3,19:62,3,4
لقادرون,3,23:18,2,7
لقالوا,3,15:15,3,6
لقول,3,69:40,3,4
لقوي,3,22:40,2,4
لقيتم,3,8:15,2,5
لكلمات,3,6:34,3,6
للإيمان,3,3:167,2,7
للبشر,3,74:29,1,5
للدين,3,10:105,2,5
للشاربين,3,16:66,3,8
للفقراء,3,2:273,3,7
للقوم,3,10:85,3,5
للناظرين,3,7:108,3,8
لمجنون,3,15:6,3,6
لنبي,3,2:246,3,4
لنراك,3,7:60,2,5
لنفس,3,3:145,3,4
لهوا,3,7:51,3,4
لواقع,3,51:6,3,5
ليبين,3,4:26,3,5
ليت,3,28:79,3,3
ليجعل,3,3:156,3,5
ليذكروا,3,17:41,3,7
ليظلمهم,3,9:70,3,7
ليظهره,3,9:33,3,6
ليكفروا,3,16:55,3,7
ليكون,3,22:78,3,5
مؤمنات,3,48:25,3,6
ماتوا,3,3:156,3,5
مالك,3,1:4,3,4
مباركة,3,24:35,2,6
مبدل,3,6:34,2,4
مبصرا,3,10:67,3,5
مبصرة,3,17:12,2,5
مبلسون,3,6:44,3,6
مبينات,3,24:34,2,6
مبينة,3,4:19,3,5
مت,3,19:23,2,2
متشابها,3,2:25,3,7
متعنا,3,15:88,3,5
مثنى,3,4:3,3,4
مخرج,3,2:72,3,4
مدحورا,3,7:18,2,6
مدخلا,3,4:31,3,5
مدرارا,3,6:6,3,6
مرفوعة,3,56:34,3,6
مروا,3,25:72,2,4
مريضا,3,2:184,1,5
مساجد,3,2:114,2,5
مستهم,3,2:214,3,5
مسحورا,3,17:47,2,6
مسخرات,3,7:54,2,6
مسكينا,3,58:4,3,6
مسنون,3,15:26,1,5
مشفقين,3,18:49,3,6
مصر,3,12:21,2,3
مصفرا,3,30:51,3,5
مصيرا,3,4:97,2,5
مطرا,3,7:84,3,4
معاجزين,3,22:51,2,7
معتد,3,50:25,3,4
معدودات,3,2:184,2,7
معدودة,3,2:80,3,6
معشر,3,6:128,2,4
معين,3,37:45,3,4
مغانم,3,4:94,2,5
مغرقون,3,11:37,3,6
مقتا,3,35:39,3,4
مكانه,3,7:143,3,5
مكرمون,3,21:26,3,6
مكروا,3,14:46,3,5
مكنا,3,12:21,2,4
مكناهم,3,6:6,3,6
مكنون,3,37:49,3,5
ملاقو,3,2:46,2,5
ملكه,3,2:247,2,4
منتظرون,3,6:158,3,7
منتقمون,3,32:22,3,7
منذرين,3,37:72,3,6
منعك,3,7:12,3,4
مهتدين,3,2:16,3,6
مهطعين,3,14:43,3,6
مهلك,3,6:131,3,4
مواضعه,3,4:46,2,6
موعظة,3,2:275,3,5
ميت,3,7:57,3,3
ميثاقا,3,4:21,2,6
نؤته,3,3:145,2,4
نبإ,3,6:34,2,3
نبعث,3,16:84,2,4
نتلوها,3,2:252,3,6
نتوفينك,3,10:46,3,7
نحيي,3,15:23,3,4
نذقه,3,22:25,3,4
نزغ,3,7:200,3,3
نساءكم,3,2:49,3,6
نساءهم,3,7:127,3,6
نسائهم,3,2:226,2,6
نسيا,3,18:61,2,4
نسيت,3,18:24,1,4
نشأ,3,26:4,3,3
نشرك,3,3:64,3,4
نشورا,3,25:3,1,5
نصرا,3,7:192,3,4
نصركم,3,3:123,3,5
نصرهم,3,22:39,3,5
نصف,3,4:12,1,3
نصيبهم,3,4:33,3,6
نضيع,3,7:170,3,4
نظر,3,9:127,3,3
نفخ,3,23:101,3,3
نفرق,3,2:136,2,4
نفعل,3,11:87,3,4
نكرا,3,18:74,2,4
نكلف,3,6:152,3,4
ننجي,3,10:103,3,4
نوره,3,9:32,3,4
هدينا,3,6:84,2,5
وآباءهم,3,21:44,3,7
وآباؤنا,3,23:83,2,7
وآتى,3,2:177,2,4
وآخر,3,9:102,3,4
وآخرين,3,8:60,3,6
وآل,3,2:248,2,3
وأخاه,3,7:111,3,5
وأخذنا,3,4:154,3,6
وأخرى,3,3:13,3,5
وأدخل,3,3:185,3,5
وأرسلنا,3,5:70,3,7
وأشد,3,4:66,2,4
وأعلم,3,2:33,3,5
وأعناب,3,2:266,3,6
وأقم,3,11:114,3,4
وأقوم,3,2:282,3,5
وأكلهم,3,4:161,2,6
وأكواب,3,43:71,3,6
وألقى,3,7:150,3,5
وأموالهم,3,9:111,3,8
وأنبتنا,3,15:19,3,7
وأنذر,3,6:51,3,5
وأنهار,3,47:15,1,6
وأهلك,3,11:40,3,5
وأورثنا,3,7:137,3,7
وأولادكم,3,8:28,2,8
وأيوب,3,4:163,3,5
وإثما,3,4:20,2,5
وإستبرق,3,18:31,3,7
وإليك,3,2:285,2,5
وإلينا,3,19:40,3,6
وإنكم,3,7:114,3,5
وإنما,3,3:185,3,5
وإياي,3,2:40,2,5
وإيتاء,3,16:90,3,6
وابتغوا,3,2:187,3,7
وابل,3,2:264,1,4
واخفض,3,15:88,3,5
وادخلوا,3,2:58,3,7
وارحمنا,3,2:286,3,7
واستغفروا,3,2:199,3,9
واستكبر,3,2:34,3,7
واصبروا,3,7:128,3,7
واصطبر,3,19:65,3,6
واضرب,3,18:32,2,5
واعبدوا,3,4:36,3,7
واق,3,13:34,2,3
واقتلوهم,3,2:191,2,8
واقع,3,7:171,3,4
والآصال,3,7:205,3,7
والأقربون,3,4:7,1,9
والأقربين,3,2:180,2,9
والأمر,3,7:54,3,6
والأولى,3,53:25,3,7
والجن,3,6:112,3,5
والحكم,3,3:79,3,6
والسلوى,3,2:57,3,7
والسماوات,3,14:48,3,9
والشهداء,3,4:69,3,8
والصلاة,3,2:45,1,7
والعاقبة,3,7:128,3,8
والكافرون,3,2:254,3,9
والمحصنات,3,4:24,2,9
والمنكر,3,16:90,3,7
والمهاجرين,3,9:117,3,10
والميسر,3,2:219,2,7
والنبوة,3,3:79,3,7
والنبيين,3,2:177,3,8
والنجوم,3,7:54,3,7
والنخل,3,6:141,3,6
والنور,3,6:1,3,6
وانظر,3,2:259,2,5
وبث,3,2:164,3,3
وبينه,3,3:30,3,5
وتذرون,3,26:166,3,6
وتكون,3,10:78,3,5
وتمت,3,6:115,3,4
وجئنا,3,4:41,3,5
وجاءت,3,12:19,2,5
وجاءهم,3,3:86,3,6
وجاءوا,3,7:116,2,6
وجعلناه,3,17:2,3,7
وجعلناها,3,21:91,3,8
وحرم,3,2:275,3,4
وخير,3,18:44,2,4
ودخل,3,12:36,3,4
ودوا,3,3:118,3,4
ودين,3,9:33,3,4
وذا,3,21:85,2,3
وذرياتهم,3,6:87,3,8
وذوقوا,3,8:50,3,6
ورأوا,3,2:166,3,5
ورائهم,3,23:100,3,6
وربنا,3,6:30,3,5
وربي,3,10:53,3,4
ورزقكم,3,8:26,3,6
ورزقناهم,3,10:93,3,8
ورضوانا,3,5:2,3,7
ورفع,3,2:253,3,4
وزينتها,3,11:15,3,7
وساء,3,4:22,3,4
وسلام,3,19:15,3,5
وسلطان,3,11:96,3,6
وشهدوا,3,3:86,3,6
وطائفة,3,3:154,3,6
وظن,3,10:24,3,3
وعليها,3,2:286,3,6
وعند,3,9:7,3,4
وعنده,3,6:59,3,5
وعندهم,3,5:43,3,6
وعيد,3,14:14,2,4
وغرتهم,3,6:70,2,6
وفاكهة,3,56:20,2,6
وفجرنا,3,18:33,3,6
وفريقا,3,2:87,3,6
وفيها,3,7:25,3,5
وقدر,3,34:11,3,4
وقرآن,3,15:1,3,5
وقفينا,3,2:87,3,6
وقلبه,3,8:24,3,5
وقلوبهم,3,23:60,3,7
وقليل,3,34:13,3,5
وقولهم,3,4:155,1,6
وكتاب,3,5:15,3,5
وكتبه,3,2:285,3,5
وكفر,3,2:217,3,4
وكن,3,7:144,3,3
ولعبا,3,5:57,2,5
ولعلهم,3,7:164,2,6
ولكنا,3,20:87,2,5
وللرسول,3,8:24,2,7
ولنجزينهم,3,16:97,3,9
ولهو,3,6:32,3,4
ولى,3,27:10,3,3
وليعلمن,3,29:3,1,7
ومأواه,3,3:162,3,6
ومبشرا,3,33:45,3,6
ومتاع,3,2:36,3,5
ومتاعا,3,16:80,3,6
ومثل,3,2:171,2,4
ومثله,3,5:36,3,5
ومثلهم,3,21:84,3,6
ومساكن,3,9:24,2,6
ومكر,3,3:54,2,4
ومكروا,3,3:54,3,6
ومنافع,3,2:219,3,6
ونجني,3,26:118,2,5
ونزعنا,3,7:43,3,6
ونزلنا,3,16:89,3,6
ونكون,3,5:113,3,5
ونوحا,3,3:33,3,5
وهب,3,3:8,3,3
وهل,3,20:9,3,3
ووجد,3,18:86,3,4
ووصينا,3,29:8,3,6
ووضع,3,18:49,3,4
وويل,3,2:79,3,4
ويأت,3,4:133,3,4
ويبغونها,3,7:45,3,8
ويتوب,3,4:26,3,5
ويثبت,3,8:11,3,5
ويجعلون,3,16:56,1,7
ويحسبون,3,7:30,3,7
ويحق,3,10:82,3,4
ويحل,3,7:157,3,4
ويخافون,3,13:21,3,7
ويخرج,3,10:31,3,5
ويذرون,3,2:234,2,6
ويريد,3,4:27,2,5
ويريدون,3,4:44,1,7
ويزكيهم,3,2:129,3,7
ويستحيون,3,2:49,3,8
ويستعجلونك,3,13:6,3,10
ويعفو,3,5:15,2,5
ويعلمكم,3,2:151,1,7
ويعلمهم,3,2:129,3,7
ويكفر,3,2:271,3,5
ويكون,3,2:143,2,5
يأتهم,3,7:169,3,5
يأتينكم,3,2:38,3,7
يأذن,3,12:80,3,4
يأمرون,3,3:21,2,6
يؤتي,3,2:247,2,4
يؤخرهم,3,14:42,3,6
يبخل,3,47:38,1,4
يبخلون,3,3:180,3,6
يبدئ,3,29:19,3,4
يبعثهم,3,6:36,2,6
يبيتون,3,4:81,2,6
يتبين,3,2:187,3,5
يتخذوا,3,4:150,3,6
يتقبل,3,5:27,2,5
يتم,3,2:233,3,3
يتوبون,3,4:17,3,6
يتوكل,3,8:49,3,5
يتولهم,3,5:51,3,6
يتولى,3,3:23,3,5
يجحد,3,29:47,2,4
يجرمنكم,3,5:2,2,7
يجزون,3,7:147,3,5
يجزى,3,6:160,3,4
يجزي,3,12:88,3,4
يجعله,3,6:39,3,5
يجمع,3,5:109,3,4
يجمعون,3,3:157,3,6
يحافظون,3,6:92,3,7
يحرفون,3,4:46,2,6
يحسبن,3,3:178,2,5
يحشرون,3,6:38,3,6
يحمل,3,20:100,3,4
يخرجكم,3,7:110,3,6
يخرصون,3,6:116,3,6
يخزيه,3,11:39,2,5
يخسف,3,16:45,3,4
يخفون,3,3:154,3,5
يد,3,5:64,3,2
يداه,3,5:64,3,4
يدخلونها,3,13:23,3,8
يدريك,3,33:63,3,5
يدع,3,23:117,3,3
يده,3,7:108,3,3
يرتد,3,5:54,3,4
يردوكم,3,2:217,2,6
يرمون,3,24:4,1,5
يره,3,90:7,2,3
يريكم,3,13:12,3,5
يزال,3,9:110,3,4
يستعتبون,3,16:84,3,8
يستعجلون,3,26:204,3,8
يستقدمون,3,7:34,3,8
يستمع,3,6:25,3,5
يستوون,3,9:19,3,6
يسجد,3,13:15,3,4
يسومونكم,3,2:49,3,8
يشفع,3,2:255,2,4
يشكر,3,27:40,2,4
يصدفون,3,6:46,1,6
يصيبهم,3,5:49,3,6
يضحكون,3,43:47,2,6
يضربون,3,8:50,3,6
يضركم,3,3:120,3,5
يضرهم,3,2:102,3,5
يضروا,3,3:176,2,5
يضعن,3,24:60,2,4
يضلون,3,3:69,3,5
يطبع,3,7:101,3,4
يظهروا,3,9:8,3,6
يعتدون,3,2:61,3,6
يعدهم,3,4:120,2,5
يعذب,3,5:40,3,4
يعرج,3,32:5,3,4
يعرض,3,46:20,2,4
يعرضون,3,11:18,3,6
يعص,3,4:14,3,3
يعلمهم,3,8:60,3,6
يفتنون,3,9:126,3,6
يفسدون,3,16:88,3,6
يفقهوه,3,6:25,3,6
يقال,3,21:60,3,4
يقتل,3,2:154,2,4
يقدرون,3,2:264,3,6
يقيما,3,2:229,1,5
يكادون,3,4:78,3,6
يكذبوك,3,22:42,2,6
يكفروا,3,2:90,3,6
يكلمهم,3,2:174,3,6
يلاقوا,3,43:83,3,6
يلبثوا,3,10:45,3,6
يلج,3,7:40,3,3
يلحدون,3,7:180,3,6
يلقاها,3,28:80,2,6
يلقون,3,3:44,3,5
يلقى,3,25:8,3,4
يلقي,3,22:52,2,4
يمسسك,3,6:17,2,5
يمسك,3,19:45,2,4
يمينك,3,20:69,2,5
ينبئهم,3,5:14,3,6
ينصره,3,22:15,2,5
ينطق,3,23:62,3,4
ينفعنا,3,6:71,3,6
ينهون,3,6:26,3,5
يهاجروا,3,4:89,2,7
يهتدي,3,10:108,3,5
يهديهم,3,7:148,3,6
يوزعون,3,27:17,2,6
يوصل,3,2:27,2,4
يومين,3,2:203,2,5
آبائنا,2,23:24,2,6
آبائهن,2,24:31,2,6
آتاني,2,19:30,2,5
آتاه,2,2:258,2,4
آتاهما,2,7:190,1,6
آتوني,2,18:96,1,5
آتية,2,20:15,2,4
آتيت,2,10:88,2,4
آتيك,2,27:39,1,4
آتيناك,2,15:87,2,6
آلآن,2,10:51,1,4
آلاف,2,3:124,1,4
آلذكرين,2,6:143,1,7
آلله,2,10:59,2,4
آلهتهم,2,11:101,2,6
آمنون,2,27:89,2,5
آووا,2,8:72,1,4
آوى,2,12:69,1,3
آيتك,2,3:41,2,4
أأنت,2,5:116,2,4
أأنذرتهم,2,2:6,2,8
أإنك,2,12:90,2,4
أئن,2,26:41,2,3
أئنا,2,27:67,2,4
أبا,2,12:78,2,3
أبرح,2,12:80,2,4
أبصر,2,6:104,2,4
أبعث,2,17:94,2,4
أبلغ,2,18:60,2,4
أبلغكم,2,7:62,1,6
أبنائهن,2,24:31,2,7
أبوابا,2,43:34,2,6
أبواه,2,4:11,2,5
أبوهم,2,12:68,1,5
أبويه,2,12:99,1,5
أتخذ,2,6:14,2,4
أترابا,2,56:37,2,6
أتريدون,2,4:88,1,7
أتعبدون,2,5:76,2,7
أتعلمون,2,7:75,2,7
أتينا,2,21:47,2,5
أتيناهم,2,23:71,1,7
أثاثا,2,16:80,2,5
أثر,2,20:96,2,3
أثقالهم,2,29:13,1,7
أثمر,2,6:99,1,4
أجاج,2,25:53,2,4
أجبتم,2,5:109,2,5
أجعل,2,18:95,2,4
أجلت,2,6:128,2,4
أجله,2,2:235,1,4
أجوركم,2,3:185,2,6
أحاديث,2,23:44,2,6
أحببت,2,28:56,2,5
أحسنتم,2,17:7,1,6
أحصنت,2,21:91,2,5
أحصيناه,2,36:12,2,7
أحلام,2,12:44,2,5
أحلت,2,4:160,2,4
أحياها,2,5:32,2,6
أخ,2,4:12,2,2
أخانا,2,12:63,1,5
أخباركم,2,9:94,2,7
أختها,2,7:38,2,5
أخدان,2,4:25,2,5
أخذت,2,10:24,2,4
أخذته,2,2:206,2,5
أخذناهم,2,6:44,2,7
أخر,2,2:184,1,3
أخرنا,2,11:8,2,5
أخواتهن,2,24:31,2,7
أدعوكم,2,40:41,1,6
أذقناه,2,11:10,2,6
أذلك,2,25:15,2,4
أرأيتكم,2,6:40,1,7
أرادني,2,39:38,1,6
أراك,2,4:105,2,4
أراني,2,12:36,1,5
أرجه,2,7:111,2,4
أرحام,2,6:143,1,5
أرحامكم,2,47:22,2,7
أرذل,2,16:70,2,4
أرسله,2,12:12,1,5
أرنا,2,4:153,2,4
أرني,2,2:260,2,4
أزواجك,2,33:50,2,6
أزواجنا,2,6:139,2,7
أزواجه,2,33:53,2,6
أساء,2,41:46,2,4
أساءوا,2,30:10,2,6
أسرع,2,6:62,2,4
أسرى,2,8:67,2,4
أسلحتكم,2,4:102,1,7
أسلمت,2,2:131,2,5
أسمع,2,19:38,2,4
أسوأ,2,39:35,2,4
أشتاتا,2,24:61,2,6
أشحة,2,33:19,1,4
أشدكم,2,22:5,2,5
أشر,2,54:25,2,3
أشركتم,2,6:81,1,6
أشق,2,13:34,2,3
أشكر,2,27:19,2,4
أشهد,2,6:19,2,4
أصابتكم,2,3:165,2,7
أصابتهم,2,2:156,2,7
أصابعهم,2,2:19,2,7
أصدق,2,4:87,1,4
أصغر,2,10:61,2,4
أصناما,2,6:74,2,6
أضعافا,2,2:245,2,6
أضغاث,2,12:44,2,5
أطرافها,2,13:41,2,7
أطعنا,2,33:66,1,5
أطلع,2,19:78,2,4
أطهر,2,11:78,2,4
أعجاز,2,54:20,2,5
أعجبتكم,2,2:221,2,7
أعجبك,2,5:100,2,5
أعذبه,2,5:115,1,5
أعزة,2,5:54,2,4
أعطى,2,20:50,2,4
أعظم,2,9:20,2,4
أعيدوا,2,22:22,2,6
أعينكم,2,8:44,2,6
أغويتني,2,7:16,2,7
أفأمن,2,7:97,2,5
أفأمنوا,2,7:99,2,7
أفإن,2,3:144,2,4
أفئدة,2,6:113,2,5
أفئدتهم,2,6:110,2,7
أفاك,2,26:222,2,4
أفبالباطل,2,16:72,2,9
أفبعذابنا,2,26:204,2,9
أفتوني,2,12:43,2,6
أفضتم,2,2:198,2,5
أفل,2,6:76,1,3
أفهم,2,21:6,1,4
أفواجا,2,78:18,2,6
أفي,2,14:10,2,3
أفيضوا,2,2:199,2,6
أقاموا,2,5:66,2,6
أقريب,2,21:109,2,5
أقسط,2,2:282,2,4
أقسمتم,2,7:49,2,6
أقسموا,2,5:53,2,6
أقصى,2,28:20,2,4
أقيموا,2,6:72,2,6
أكثركم,2,5:59,2,6
أكل,2,5:3,2,3
أكله,2,6:141,2,4
ألسنتكم,2,16:116,2,7
ألق,2,7:117,2,3
ألوانها,2,35:27,1,7
أماني,2,2:78,2,5
أمتكم,2,21:92,2,5
أمثالها,2,6:160,2,7
أمثالهم,2,47:3,2,7
أمدكم,2,26:132,1,5
أمما,2,7:160,1,4
أمنة,2,3:154,2,4
أموات,2,2:154,2,5
أمواتا,2,2:28,2,6
أموالا,2,9:69,2,6
أموالنا,2,11:87,2,7
أنبياء,2,2:91,2,6
أنجينا,2,7:165,2,6
أنجيناكم,2,7:141,2,8
أنشأ,2,6:141,2,4
أنصاري,2,3:52,2,6
أنعاما,2,25:49,2,6
أنفسنا,2,6:130,2,6
أنفسهن,2,2:234,1,6
أنفق,2,18:42,2,4
أنهارا,2,27:61,2,6
أنهما,2,5:107,2,5
أنيب,2,11:88,2,4
أهذا,2,21:36,2,4
أهلنا,2,12:65,2,5
أهلي,2,11:45,2,4
أوآباؤنا,2,37:17,2,8
أوتيته,2,28:78,2,6
أوثانا,2,29:17,1,6
أورثتموها,2,7:43,2,9
أوزارهم,2,6:31,2,7
أوزعني,2,27:19,2,6
أوعجبتم,2,7:63,1,7
أولاء,2,3:119,2,5
أولادهن,2,2:233,2,7
أولياءه,2,3:175,2,7
أولياؤهم,2,2:257,2,8
أوليس,2,29:10,2,5
أومن,2,6:122,2,4
أيتها,2,12:70,2,5
أيدي,2,30:41,2,4
أيدينا,2,19:64,2,6
أيمانهن,2,24:31,2,7
إخوانا,2,3:103,2,6
إصلاح,2,2:220,2,5
إصلاحا,2,2:228,2,6
إصلاحها,2,7:56,1,7
إطعام,2,5:89,2,5
إفكهم,2,37:151,2,5
إلهك,2,2:133,2,4
إلهه,2,25:43,2,4
إلهين,2,5:116,2,5
إليهن,2,12:31,1,5
إملاق,2,6:151,2,5
إياكم,2,34:24,1,5
إيانا,2,10:28,2,5
إيمانه,2,16:106,2,6
ائت,2,10:15,2,3
ائتوا,2,20:64,2,5
ابتغى,2,23:7,2,5
ابتلاه,2,89:15,1,6
ابنوا,2,18:21,2,5
ابني,2,5:27,2,4
اتق,2,2:206,2,3
اثنتا,2,2:60,2,5
اجتباه,2,16:121,2,6
اجتنبوا,2,39:17,2,7
اجعلني,2,12:55,2,6
احكم,2,5:49,2,4
اختلاف,2,10:6,2,6
اختلف,2,2:213,2,5
اخرج,2,7:18,2,4
ادخلوها,2,15:46,2,7
ادفع,2,23:96,2,4
اذهبا,2,20:43,2,5
اذهبوا,2,12:87,1,6
ارتبتم,2,5:106,2,6
اركعوا,2,22:77,2,6
ازدادوا,2,3:90,2,7
استجيبوا,2,8:24,2,8
استحبوا,2,9:23,2,7
استعينوا,2,2:153,2,8
استغفر,2,9:80,2,6
استغنى,2,80:5,2,6
استكانوا,2,3:146,2,8
استكبارا,2,35:43,2,8
استمتع,2,6:128,2,6
استمسك,2,2:256,2,6
استيسر,2,2:196,1,6
اسكن,2,2:35,2,4
اسكنوا,2,7:161,2,6
اشتراه,2,2:102,2,6
اشتملت,2,6:143,1,6
اشكر,2,31:12,1,4
اصلوها,2,36:64,2,6
افتراء,2,6:138,1,6
افتريته,2,11:35,2,7
اقتتلوا,2,2:253,2,7
اقترب,2,7:185,2,5
اكتسبوا,2,4:32,2,7
الآزفة,2,40:18,2,6
الأبواب,2,12:23,2,7
الأخسرون,2,11:22,2,8
الأخيار,2,38:47,1,7
الأدنى,2,7:169,2,6
الأزواج,2,36:36,2,7
الأسفلين,2,37:98,2,8
الأسواق,2,25:7,1,7
الأشقى,2,87:11,2,6
الأشهاد,2,11:18,2,7
الأصفاد,2,14:49,2,7
الأصوات,2,20:108,2,7
الأعراف,2,7:46,1,7
الأعرج,2,24:61,2,6
الأعلون,2,3:139,2,7
الأعين,2,40:19,2,6
الأكمه,2,3:49,2,6
الأمن,2,4:83,2,5
الأمي,2,7:157,1,5
الأميين,2,3:75,2,7
الأنباء,2,28:66,2,7
الأنثى,2,53:21,1,6
الأنفال,2,8:1,1,7
الأوتاد,2,38:12,2,7
الأول,2,50:15,2,5
الأيام,2,3:140,2,6
الأيمان,2,5:89,2,7
الإبل,2,6:144,2,5
الإحسان,2,55:60,1,7
البأس,2,2:177,2,5
البأساء,2,2:177,1,7
الباقين,2,26:120,2,7
البحار,2,81:6,2,6
البرية,2,98:6,1,6
البشر,2,19:26,2,5
البنون,2,37:149,2,6
البينة,2,98:1,1,6
التابوت,2,2:248,2,7
التنور,2,11:40,2,6
الثلث,2,4:11,1,5
الثواب,2,3:195,2,6
الجاهلون,2,25:63,2,8
الجب,2,12:10,1,4
الجبل,2,7:143,1,5
الجلال,2,55:27,1,6
الجنتين,2,18:33,2,7
الحرب,2,8:57,2,5
الحزن,2,12:84,2,5
الحطمة,2,104:4,1,6
الحلم,2,24:58,1,5
الحناجر,2,33:10,2,7
الخائنين,2,8:58,2,8
الخالقون,2,52:35,2,8
الخالقين,2,23:14,2,8
الخبائث,2,7:157,2,7
الخسران,2,22:11,2,7
الخصام,2,2:204,2,6
الخطاب,2,38:20,1,6
الخلاق,2,15:86,2,6
الخوالف,2,9:87,1,7
الخيرة,2,28:68,2,6
الخيط,2,2:187,1,5
الدرجات,2,20:75,2,7
الدمع,2,5:83,2,5
الدهر,2,45:24,2,5
الدواب,2,8:22,1,6
الذلة,2,2:61,2,5
الذنوب,2,3:135,2,6
الذهب,2,3:14,2,5
الراكعين,2,2:43,2,8
الربع,2,4:12,1,5
الرجيم,2,3:36,2,6
الرس,2,25:38,2,4
الرشاد,2,40:29,1,6
الرضاعة,2,2:233,2,7
الزبر,2,54:43,1,5
الزقوم,2,37:62,2,6
الزوجين,2,53:45,2,7
الزور,2,22:30,2,5
الساحر,2,20:69,2,6
السامري,2,20:85,1,7
السحاب,2,13:12,2,6
السحت,2,5:62,1,5
السر,2,20:7,2,4
السكينة,2,48:4,1,7
السموم,2,15:27,2,6
السنين,2,10:5,2,6
السيئ,2,35:43,1,5
الشجر,2,16:68,2,5
الشديد,2,10:70,2,6
الشهادة,2,2:283,2,7
الشهداء,2,2:282,1,7
الصابرون,2,28:80,2,8
الصادقون,2,49:15,2,8
الصاغرين,2,7:13,2,8
الصبح,2,11:81,1,5
الصواعق,2,2:19,2,7
الطلاق,2,2:227,1,6
الطوفان,2,7:133,2,7
الطول,2,9:86,2,5
الظالم,2,4:75,2,6
العادون,2,23:7,2,7
العباد,2,36:30,2,6
العبد,2,38:30,1,5
العتيق,2,22:29,1,6
العدة,2,2:185,2,5
العفو,2,2:219,2,5
العقبة,2,90:11,1,6
العلى,2,20:4,1,5
العنكبوت,2,29:41,1,8
العهد,2,17:34,2,5
العير,2,12:70,1,5
الغائط,2,4:43,2,6
الغافلون,2,7:179,2,8
الغافلين,2,7:205,2,8
الغاوين,2,7:175,2,7
الغيث,2,31:34,2,5
الفجار,2,82:14,2,6
الفحشاء,2,16:90,2,7
الفردوس,2,18:107,2,7
الفواحش,2,6:151,2,7
القاسطون,2,72:14,1,8
القاهر,2,6:18,1,6
القدوس,2,59:23,2,6
القديم,2,12:95,2,6
القصاص,2,2:178,1,6
القواعد,2,2:127,2,7
الكافر,2,25:55,2,6
الكبرياء,2,10:78,2,8
الكعبة,2,5:95,1,6
الكفل,2,21:85,2,5
الكواكب,2,37:6,2,7
اللؤلؤ,2,55:22,2,6
اللائي,2,33:4,2,6
اللطيف,2,6:103,2,6
اللغو,2,23:3,2,5
الماكرين,2,3:54,2,8
المثل,2,16:60,2,5
المجيد,2,50:1,2,6
المحضرين,2,28:61,2,8
المريض,2,24:61,2,6
المساجد,2,2:187,2,7
المستعان,2,12:18,2,8
المسحرين,2,26:153,1,8
المشارق,2,37:5,2,7
المشرقين,2,43:38,2,8
المصدقين,2,37:52,2,8
المصلحين,2,7:170,2,8
المصلين,2,70:22,2,7
المضاجع,2,4:34,2,7
المعلوم,2,15:38,2,7
المغفرة,2,53:32,2,7
المقدس,2,20:12,2,6
المكر,2,13:42,2,5
المكرمين,2,36:27,2,8
المكيال,2,11:84,1,7
الملإ,2,2:246,2,5
المنتهى,2,53:14,1,7
المنزلين,2,12:59,2,8
المنير,2,3:184,2,6
المهاجرين,2,9:100,2,9
المهتد,2,17:97,2,6
المهتدين,2,6:56,2,8
المهين,2,34:14,2,6
الموج,2,10:22,2,5
النبوة,2,29:27,2,6
النبيون,2,2:136,2,7
النخل,2,6:99,2,5
النخلة,2,19:23,1,6
الندامة,2,10:54,2,7
النذير,2,15:89,2,6
النشور,2,35:9,2,6
النصير,2,8:40,2,6
النمل,2,27:18,1,5
النهى,2,20:54,1,5
الوارثون,2,15:23,2,8
الواقعة,2,56:1,2,7
الوثقى,2,2:256,2,6
الوجوه,2,18:29,2,6
الودق,2,24:43,2,5
الوسيلة,2,5:35,2,7
الوصية,2,2:180,2,6
الوعيد,2,20:113,2,6
الوقت,2,15:38,2,5
الولدان,2,4:127,2,7
الولي,2,42:9,1,5
امرأتك,2,11:81,2,6
امرأتي,2,19:5,1,6
امكثوا,2,20:10,2,6
انشقت,2,55:37,2,5
انطلقوا,2,77:29,1,7
انقلبتم,2,3:144,2,7
اهتزت,2,22:5,2,5
بآبائنا,2,44:36,2,7
بآلهتنا,2,21:59,1,7
بأربعة,2,24:4,1,6
بأسا,2,4:84,2,4
بأسكم,2,16:81,2,5
بأسمائهم,2,2:33,1,8
بأعلم,2,6:53,2,5
بأفواهكم,2,24:15,2,8
بألسنتهم,2,4:46,2,8
بأمر,2,19:64,2,4
بأمرنا,2,21:73,2,6
بأموال,2,17:6,2,6
بأنا,2,3:52,1,4
بأنفسهن,2,2:228,1,7
بأنه,2,40:12,2,4
بأهله,2,28:29,2,5
بأي,2,31:34,2,3
بأيديكم,2,2:195,2,7
بإسحاق,2,11:71,2,6
باء,2,3:162,2,3
بابا,2,15:14,2,4
باخع,2,18:6,2,4
بارئكم,2,2:54,1,6
بارد,2,38:42,2,4
باطلا,2,3:191,2,5
باقية,2,43:28,2,5
بال,2,12:50,2,3
بالآيات,2,17:59,1,7
بالأفق,2,53:7,2,6
بالأنثى,2,2:178,2,7
بالبأساء,2,6:42,2,8
بالبخل,2,4:37,2,6
بالبر,2,2:44,2,5
بالبشرى,2,11:69,2,7
بالبنين,2,17:40,2,7
بالحكمة,2,16:125,2,7
بالخير,2,10:11,2,6
بالساعة,2,25:11,1,7
بالشر,2,17:11,2,5
بالصالحين,2,12:101,2,9
بالصدق,2,39:32,1,6
بالعدوة,2,8:42,1,7
بالعراء,2,37:145,2,7
بالعروة,2,2:256,2,7
بالغ,2,5:95,2,4
بالغة,2,54:5,2,5
بالغداة,2,6:52,2,7
بالقرآن,2,20:114,2,7
بالقسطاس,2,17:35,2,8
بالمتقين,2,3:115,2,8
بالمجرمين,2,37:34,2,9
بالمفسدين,2,3:63,2,9
بالمودة,2,60:1,1,7
بالنفس,2,5:45,2,6
بالنهار,2,6:60,2,7
بالهم,2,47:2,1,5
باليمين,2,37:93,2,7
باليوم,2,4:38,2,6
ببعيد,2,11:83,1,5
ببني,2,7:138,2,4
ببينة,2,7:105,2,5
بتأويل,2,12:44,2,6
بتابع,2,2:145,1,5
بجانب,2,28:44,1,5
بجانبه,2,17:83,2,6
بجنود,2,9:40,2,5
بجهازهم,2,12:59,1,7
بجهنم,2,4:55,2,5
بحبل,2,3:103,1,4
بحفيظ,2,6:104,2,5
بحور,2,44:54,2,4
بخارجين,2,2:167,2,7
بخبر,2,27:7,2,4
بخلاقهم,2,9:69,1,7
بخلق,2,14:19,2,4
بخلوا,2,3:180,2,5
بدا,2,6:28,2,3
بدت,2,3:118,2,3
بدله,2,2:181,2,4
بدلوا,2,14:28,2,5
بديع,2,2:117,2,4
بذنبهم,2,67:11,2,6
بذنوب,2,17:17,2,5
براءة,2,9:1,2,5
بربنا,2,20:73,2,5
برحمتك,2,10:86,2,6
برحمته,2,2:105,2,6
بردا,2,21:69,2,4
برزخ,2,23:100,2,4
برزوا,2,2:250,2,5
بروجا,2,15:16,2,5
بريح,2,10:22,2,4
بزعمهم,2,6:136,1,6
بزينة,2,24:60,2,5
بسطة,2,2:247,2,4
بسورة,2,2:23,2,5
بشركائهم,2,30:13,2,8
بشير,2,5:19,1,4
بصيرة,2,12:108,2,5
بضاعتهم,2,12:62,1,7
بضع,2,12:42,2,3
بطارد,2,11:29,2,5
بطشا,2,43:8,2,4
بطشتم,2,26:130,1,5
بطن,2,6:151,2,3
بطنه,2,24:45,2,4
بطونها,2,16:69,2,6
بظلمهم,2,4:153,2,6
بعبادتهم,2,19:82,2,8
بعثناهم,2,18:12,1,7
بعجل,2,11:69,2,4
بعدت,2,9:42,2,4
بعشر,2,7:142,2,4
بعهده,2,3:76,2,5
بعولتهن,2,24:31,1,7
بعير,2,12:65,1,4
بعيسى,2,5:46,2,5
بفاكهة,2,38:51,2,6
بقرات,2,12:43,1,5
بقطع,2,11:81,2,4
بكلمات,2,2:124,2,6
بكلمة,2,3:39,1,5
بلاغ,2,14:52,2,4
بلد,2,16:7,2,3
بلسان,2,14:4,2,5
بلسانك,2,19:97,2,6
بلغن,2,2:234,2,4
بلغوا,2,4:6,2,5
بمبعوثين,2,6:29,2,8
بمثله,2,17:88,2,5
بمجنون,2,68:2,2,6
بمسبوقين,2,56:60,2,8
بمصابيح,2,41:12,2,7
بناتي,2,11:78,2,5
بناها,2,79:27,2,5
بنبإ,2,27:22,2,4
بنعمت,2,31:31,2,5
بنيانا,2,18:21,2,6
بنيانه,2,9:109,1,6
بنيانهم,2,9:110,2,7
بنين,2,6:100,2,4
بنيناها,2,50:6,2,7
بهيج,2,22:5,2,4
بوأنا,2,10:93,2,5
بوجوهكم,2,4:43,2,7
بورا,2,25:18,2,4
بيتا,2,29:41,2,4
بيتك,2,8:5,2,4
بيد,2,3:73,2,3
بيدك,2,3:26,2,4
بيض,2,35:27,2,3
بيمينك,2,20:17,2,6
بينك,2,17:45,2,4
بينه,2,24:43,2,4
بينها,2,3:30,2,5
بيوتكن,2,33:33,1,6
بيوتهم,2,27:52,2,6
تأتهم,2,7:203,2,5
تأتيكم,2,7:187,2,6
تأخذوا,2,2:229,2,6
تأخر,2,2:203,2,4
تأذن,2,7:167,2,4
تأس,2,5:26,1,3
تألمون,2,4:104,1,6
تأمنه,2,3:75,1,5
تأويلا,2,4:59,2,6
تؤتي,2,3:26,2,4
تؤمر,2,15:94,2,4
تؤمرون,2,2:68,2,6
تارة,2,17:69,2,4
تبتئس,2,11:36,2,5
تبتغوا,2,2:198,2,6
تبتغي,2,6:35,2,5
تبتم,2,2:279,2,4
تبد,2,5:101,1,3
تبدل,2,14:48,2,4
تبديل,2,10:64,2,5
تبرأ,2,2:166,2,4
تبطلوا,2,2:264,2,6
تبعا,2,14:21,2,4
تتبيرا,2,17:7,2,6
تتقوا,2,3:28,2,5
تتوفاهم,2,16:28,1,7
تجادل,2,4:107,2,5
تجدوه,2,2:110,2,5
تجزى,2,40:17,2,4
تجزي,2,2:48,1,4
تجعلني,2,7:150,2,6
تجلى,2,7:143,2,4
تجهر,2,17:110,2,4
تحاجون,2,3:65,1,6
تحزنون,2,7:49,2,6
تحزني,2,19:24,2,5
تحصوها,2,14:34,2,6
تحط,2,18:68,2,3
تحل,2,2:230,2,3
تحمله,2,2:248,2,5
تحملون,2,23:22,2,6
تحية,2,24:61,2,4
تحيتهم,2,14:23,2,6
تخاطبني,2,11:37,2,7
تخزون,2,11:78,2,5
تخشوهم,2,2:150,2,6
تخفون,2,5:15,2,5
تخفي,2,3:118,2,4
تدرسون,2,3:79,2,6
تدعونا,2,11:62,2,6
تدعونني,2,40:42,1,7
تدميرا,2,17:16,2,6
تذرن,2,71:23,1,4
تذكر,2,12:85,2,4
تذكروا,2,7:201,2,6
تراض,2,2:233,2,4
تراني,2,7:143,1,5
ترتيلا,2,25:32,2,6
ترجف,2,73:14,2,4
تردن,2,33:28,1,4
تردون,2,9:94,2,5
ترضاه,2,27:19,2,5
ترضى,2,2:120,2,4
تركت,2,12:37,2,4
تركتم,2,4:12,1,5
تركن,2,4:12,2,4
تركوا,2,4:9,2,5
ترهقهم,2,68:43,2,6
تروا,2,31:20,2,4
ترون,2,8:48,2,4
تزد,2,71:24,1,3
تسؤهم,2,3:120,2,5
تسبق,2,15:5,2,4
تستوي,2,13:16,2,5
تسجد,2,7:12,2,4
تسرفوا,2,6:141,2,6
تسعة,2,27:48,2,4
تسقط,2,6:59,2,4
تسليما,2,4:65,2,6
تسمعون,2,8:20,2,6
تشاءون,2,76:30,2,6
تشابه,2,2:70,2,5
تشربون,2,23:33,2,6
تشقق,2,25:25,2,4
تصبك,2,9:50,1,4
تصديق,2,10:37,2,5
تصرفون,2,10:32,2,6
تصطلون,2,27:7,2,6
تصل,2,9:84,2,3
تضل,2,2:282,2,3
تضلوا,2,4:44,1,5
تطعهما,2,29:8,2,6
تطوع,2,2:158,1,4
تظاهرا,2,28:48,2,6
تظاهرون,2,2:85,2,7
تعدون,2,22:47,2,5
تعذبهم,2,5:118,2,6
تعرف,2,22:72,2,4
تعضلوهن,2,2:232,2,7
تعلوا,2,27:31,2,5
تعمى,2,22:46,1,4
تعودوا,2,8:19,2,6
تغرنكم,2,31:33,2,6
تغلوا,2,4:171,2,5
تفترون,2,10:59,2,6
تفجيرا,2,17:91,2,6
تفرحون,2,27:36,2,6
تفضيلا,2,17:21,1,6
تفيض,2,5:83,2,4
تفيضون,2,10:61,2,6
تقاتلوا,2,2:246,2,7
تقاتلون,2,4:75,2,7
تقدروا,2,5:34,2,6
تقديرا,2,25:2,2,6
تقربا,2,2:35,2,5
تقعدوا,2,4:140,2,6
تقلبهم,2,16:46,2,6
تقم,2,9:84,1,3
تقوموا,2,4:127,2,6
تقوى,2,9:109,2,4
تقيكم,2,16:81,1,5
تكلف,2,2:233,2,4
تكونا,2,7:20,1,5
تلبسونها,2,16:14,2,8
تلقي,2,7:115,2,4
تمترون,2,6:2,2,6
تمتع,2,2:196,2,4
تمدن,2,15:88,2,4
تمسنا,2,2:80,2,5
تمش,2,17:37,2,3
تمشي,2,20:40,2,4
تملك,2,5:41,2,4
تملكون,2,17:100,2,6
تمنوا,2,28:82,2,5
تمنون,2,3:143,2,5
تموت,2,3:145,2,4
تموتن,2,2:132,2,5
تمور,2,52:9,2,4
تميلوا,2,4:27,1,6
تنتهوا,2,8:19,2,6
تنذر,2,35:18,2,4
تنذرهم,2,2:6,2,6
تنسى,2,20:126,2,4
تنطقون,2,37:92,2,6
تنفروا,2,9:39,1,6
تنفقون,2,2:267,1,6
تنكحوهن,2,4:127,2,7
تهتدوا,2,2:135,2,6
تهتز,2,27:10,2,4
تهوي,2,14:37,2,4
تواب,2,24:10,2,4
توبة,2,4:92,2,4
توفى,2,2:281,2,4
تولوهم,2,8:15,2,6
تيسر,2,73:20,1,4
ثاني,2,9:40,2,4
ثعبان,2,7:107,2,5
ثقفتموهم,2,2:191,2,8
ثقفوا,2,3:112,2,5
ثقيلا,2,73:5,2,5
ثلة,2,56:13,1,3
ثياب,2,22:19,2,4
ثيابهم,2,11:5,2,6
جئتم,2,10:81,2,4
جئتمونا,2,6:94,2,7
جئتنا,2,7:129,2,5
جئتهم,2,5:110,2,5
جاءها,2,27:8,2,5
جاعل,2,2:30,2,4
جاهداك,2,29:8,2,6
جبارين,2,5:22,2,6
جبال,2,24:43,2,4
جثيا,2,19:68,1,4
جحيم,2,56:94,2,4
جدلا,2,18:54,2,4
جديدا,2,17:49,1,5
جزءا,2,2:260,2,4
جزيناهم,2,6:146,2,7
جعلناكم,2,2:143,2,7
جعلناهم,2,21:8,1,7
جلدة,2,24:2,1,4
جلود,2,16:80,2,4
جلودهم,2,4:56,2,6
جميل,2,12:18,1,4
جنب,2,28:11,2,3
جنبا,2,4:43,2,4
جنتك,2,18:39,1,4
جنتين,2,18:32,2,5
جنوبهم,2,3:191,2,6
جهادا,2,25:52,2,5
جهزهم,2,12:59,1,5
جوع,2,88:7,2,3
جيبك,2,27:12,2,4
حاش,2,12:31,1,3
حاضرة,2,2:282,2,5
حافظون,2,23:5,2,6
حامية,2,88:4,2,5
حب,2,3:14,2,2
حبالهم,2,20:66,2,6
حبل,2,50:16,2,3
حبه,2,2:177,2,3
حج,2,2:158,2,2
حجابا,2,17:45,2,5
حجتهم,2,42:16,2,5
حجر,2,6:138,2,3
حدائق,2,27:60,2,5
حديد,2,22:21,2,4
حذر,2,2:19,1,3
حذركم,2,4:71,1,5
حرثكم,2,2:223,2,5
حرجا,2,4:65,2,4
حرقوه,2,21:68,2,5
حرير,2,22:23,2,4
حسابه,2,23:117,2,5
حسابيه,2,69:20,1,6
حسان,2,55:70,1,4
حسبانا,2,6:96,2,6
حسبك,2,8:62,1,4
حسبهم,2,9:68,2,5
حسبي,2,9:129,2,4
حسرات,2,2:167,2,5
حشر,2,46:6,2,3
حصيدا,2,10:24,2,5
حطة,2,2:58,2,3
حملا,2,7:189,2,4
حملت,2,6:146,2,4
حملها,2,22:2,2,5
حملهن,2,65:4,1,5
حنفاء,2,22:31,2,5
حول,2,19:68,2,3
حولكم,2,9:101,2,5
حولهم,2,9:120,2,5
حي,2,8:42,2,2
خائفا,2,28:18,1,5
خائنة,2,5:13,2,5
خاسئين,2,2:65,2,6
خاطئين,2,12:97,2,6
خبالا,2,3:118,2,5
خبرا,2,18:68,1,4
خبيثة,2,14:26,1,5
خذوه,2,44:47,2,4
خر,2,22:31,2,2
خرجا,2,18:94,2,4
خرجت,2,2:149,1,4
خردل,2,21:47,2,4
خروا,2,19:58,2,4
خصمان,2,22:19,2,5
خصيم,2,16:4,2,4
خضرا,2,6:99,2,4
خطأ,2,4:92,1,3
خطاياكم,2,2:58,2,7
خطايانا,2,20:73,2,7
خطبكم,2,15:57,2,5
خلا,2,2:76,2,3
خلال,2,14:31,2,4
خلاله,2,24:43,2,5
خلالها,2,17:91,2,6
خلف,2,7:169,2,3
خلقتني,2,7:12,2,6
خلقك,2,18:37,2,4
خلقهن,2,41:37,2,5
خليفة,2,2:30,2,5
خمرا,2,12:36,1,4
خمسة,2,18:22,2,4
خمسين,2,29:14,2,5
خوار,2,7:148,2,4
داخرون,2,16:48,2,6
داخرين,2,27:87,2,6
داعي,2,46:31,1,4
دافع,2,52:8,2,4
دامت,2,11:107,1,4
دانية,2,6:99,2,5
دخل,2,3:37,2,3
دخلا,2,16:92,1,4
دعاكم,2,8:24,2,5
دعانا,2,10:12,2,5
دعوتهم,2,71:7,1,6
دفع,2,2:251,2,3
دمرنا,2,26:172,2,5
دونك,2,16:86,2,4
دونهما,2,18:93,2,6
دينه,2,2:217,2,4
ديني,2,10:104,2,4
ذاقوا,2,6:148,2,5
ذرأ,2,6:136,2,3
ذرأكم,2,23:79,2,5
ذرعا,2,11:77,2,4
ذرهم,2,6:91,2,4
ذريتهما,2,37:113,2,7
ذكرنا,2,18:28,2,5
ذكره,2,74:55,2,4
ذمة,2,9:8,1,3
ذنب,2,26:14,2,3
ذنوبهم,2,5:49,2,6
ذوا,2,5:95,1,3
ذوي,2,2:177,2,3
رءوس,2,2:279,2,4
رءوسكم,2,2:196,2,6
رآها,2,27:10,2,4
رأفة,2,24:2,2,4
رأوه,2,46:24,2,4
رؤياي,2,12:43,1,5
رئاء,2,2:264,2,4
رابعهم,2,18:22,2,6
راعون,2,23:8,2,5
راغبون,2,9:59,2,6
راودته,2,12:32,1,6
ربا,2,6:164,2,3
رجالكم,2,2:282,2,6
رجع,2,7:150,2,3
رجعتم,2,2:196,2,5
رجعوا,2,9:122,2,5
رحبت,2,9:25,1,4
ردت,2,12:65,1,3
ردوها,2,4:86,2,5
رسالته,2,5:67,2,6
رسولكم,2,2:108,2,6
رسولهم,2,10:47,2,6
رصدا,2,72:9,1,4
رضوانه,2,5:16,2,6
رفع,2,13:2,2,3
رقيب,2,11:93,2,4
رقيبا,2,4:1,2,5
رميت,2,8:17,1,4
رهقا,2,72:6,1,4
روحي,2,15:29,2,4
زاغت,2,33:10,2,4
زبر,2,18:96,2,3
زبورا,2,4:163,2,5
زجرة,2,37:19,2,4
زخرف,2,6:112,2,4
زدناهم,2,16:88,2,6
زعيم,2,12:72,2,4
زفير,2,11:106,2,4
زكاة,2,18:81,2,4
زلفى,2,34:37,2,4
زمرا,2,39:71,1,4
سأريكم,2,7:145,2,6
سألتكم,2,10:72,2,6
سابق,2,35:32,2,4
سادسهم,2,18:22,2,6
سافلها,2,11:82,2,6
ساهون,2,51:11,2,5
سباتا,2,25:47,2,5
سبحا,2,73:7,2,4
سبعا,2,15:87,2,4
سبعين,2,7:155,2,5
سبقكم,2,7:80,2,5
سبقونا,2,46:11,2,6
سبل,2,5:16,2,3
سبلنا,2,14:12,2,5
سبيلك,2,10:88,2,5
سجين,2,83:7,1,4
سحاب,2,24:40,2,4
سخرها,2,22:37,2,5
سدر,2,34:16,2,3
سديدا,2,4:9,2,5
سراحا,2,33:28,1,5
سراعا,2,50:44,2,5
سرق,2,12:77,1,3
سرمدا,2,28:71,1,5
سرهم,2,9:78,2,4
سعة,2,2:247,2,3
سعته,2,4:130,2,4
سعوا,2,22:51,2,4
سعيكم,2,76:22,2,5
سعيهم,2,17:19,2,5
سفاهة,2,7:66,1,5
سقفا,2,21:32,2,4
سقيم,2,37:89,1,4
سكارى,2,4:43,2,5
سكن,2,6:13,2,3
سكنا,2,6:96,2,4
سلالة,2,23:12,2,5
سلم,2,8:43,2,3
سلما,2,6:35,2,4
سليم,2,26:89,2,4
سماء,2,11:44,2,4
سمان,2,12:43,1,4
سمع,2,3:181,2,3
سمعا,2,18:101,2,4
سمعتموه,2,24:12,1,7
سمعكم,2,6:46,2,5
سمعه,2,2:181,2,4
سميا,2,19:7,1,4
سنبلات,2,12:43,1,6
سندخلهم,2,4:57,1,7
سنستدرجهم,2,7:182,2,9
سنكتب,2,3:181,2,5
سنلقي,2,3:151,2,5
سنن,2,3:137,2,3
سوءة,2,5:31,1,4
سويته,2,15:29,2,5
سيء,2,11:77,2,3
سيئاته,2,64:9,2,6
سيجزون,2,6:120,2,6
سيجزيهم,2,6:138,1,7
سيجعل,2,19:96,2,5
سيرت,2,13:31,2,4
سيصيب,2,6:124,2,5
شئتما,2,2:35,2,5
شاقوا,2,8:13,2,5
شاهدين,2,9:17,2,6
شتى,2,20:53,2,3
شح,2,59:9,2,2
شداد,2,12:48,2,4
شرا,2,24:11,2,3
شرابا,2,76:21,2,5
شرح,2,16:106,2,3
شركاؤهم,2,6:137,2,7
شركائهم,2,6:136,2,7
شطره,2,2:144,1,4
شططا,2,18:14,2,4
شفا,2,3:103,2,3
شفاء,2,16:69,2,4
شفاعتهم,2,36:23,2,7
شكر,2,27:40,2,3
شكرتم,2,4:147,2,5
شنآن,2,5:2,1,4
شهاب,2,15:18,2,4
شهادات,2,24:6,1,6
شهداءكم,2,2:23,2,7
شهدوا,2,4:15,2,5
شهرا,2,9:36,2,4
شهرين,2,4:92,2,5
شهوة,2,7:81,2,4
شهودا,2,10:61,2,5
شيبا,2,19:4,2,4
شيخا,2,11:72,2,4
شيطانا,2,4:117,2,6
صابرا,2,18:69,2,5
صاحبة,2,6:101,2,5
صاحبكم,2,53:2,2,6
صاحبي,2,12:39,1,5
صاغرون,2,9:29,2,6
صافات,2,24:41,2,5
صبر,2,42:43,2,3
صبرتم,2,13:24,2,5
صبرنا,2,14:21,2,5
صبغة,2,2:138,1,4
صبيا,2,19:12,1,4
صحفا,2,74:52,2,4
صدري,2,20:25,2,4
صدقهم,2,5:119,2,5
صديقا,2,19:41,1,5
صرحا,2,28:38,2,4
صرصرا,2,41:16,2,5
صغيرا,2,2:282,2,5
صغيرة,2,9:121,2,5
صلاة,2,24:58,1,4
صلح,2,13:23,2,3
صلى,2,75:31,2,3
صنوان,2,13:4,1,5
صوركم,2,40:64,2,5
صيد,2,5:96,1,3
ضالين,2,23:106,2,5
ضحاها,2,79:29,1,5
ضحى,2,7:98,2,3
ضرارا,2,2:231,2,5
ضربا,2,2:273,2,4
ضلالتهم,2,27:81,2,7
ضللت,2,6:56,2,4
ضيف,2,15:51,2,3
ضيفي,2,11:78,2,4
ضيق,2,16:127,2,3
ضيقا,2,6:125,2,4
طائركم,2,27:47,2,6
طائف,2,7:201,2,4
طائفتان,2,3:122,2,7
طاغون,2,51:53,2,5
طاغين,2,37:30,2,5
طاقة,2,2:249,1,4
طالوت,2,2:247,1,5
طباقا,2,67:3,2,5
طرائق,2,23:17,2,5
طريا,2,16:14,2,4
طريق,2,4:169,2,4
طريقا,2,4:168,2,5
طسم,2,26:1,2,3
طفلا,2,22:5,2,4
طلقتموهن,2,2:237,2,8
طلقها,2,2:230,1,5
طلوع,2,20:130,2,4
طهورا,2,25:48,2,5
طولا,2,4:25,2,4
طوى,2,20:12,2,3
طويلا,2,73:7,2,5
ظالم,2,18:35,2,4
ظالمي,2,4:97,2,5
ظاهرا,2,18:22,2,5
ظاهرة,2,31:20,2,5
ظاهرين,2,40:29,2,6
ظلال,2,36:56,2,4
ظلمتم,2,2:54,2,5
ظلمه,2,5:39,2,4
ظلمونا,2,2:57,2,6
ظنكم,2,37:87,2,4
ظننا,2,72:5,1,4
ظهره,2,42:33,2,4
ظهورها,2,2:189,2,6
ظهير,2,34:22,2,4
عادا,2,11:60,2,4
عاصف,2,10:22,2,4
عاقرا,2,19:5,1,5
عاكفون,2,2:187,2,6
عاكفين,2,20:91,2,6
عالمين,2,21:51,1,6
عالية,2,69:22,2,5
عاليها,2,11:82,2,6
عاهد,2,9:75,2,4
عبادا,2,3:79,2,5
عبس,2,74:22,2,3
عتوا,2,7:166,2,4
عتيا,2,19:8,1,4
عتيد,2,50:18,1,4
عجاف,2,12:43,1,4
عجل,2,21:37,2,3
عجلا,2,7:148,2,4
عجوز,2,11:72,2,4
عجوزا,2,26:171,2,5
عجيب,2,11:72,2,4
عدا,2,19:84,1,3
عداوة,2,5:82,2,5
عدوان,2,2:193,2,5
عدوكم,2,7:129,2,5
عدوه,2,28:15,1,4
عذابها,2,25:65,2,6
عذب,2,25:53,2,3
عذت,2,40:27,2,3
عذرا,2,18:76,2,4
عربي,2,16:103,2,4
عرش,2,27:23,2,3
عرضا,2,9:42,2,4
عرضها,2,3:133,2,5
عرفوا,2,2:89,2,5
عسر,2,54:8,2,3
عسيتم,2,2:246,2,5
عشرا,2,20:103,2,4
عصيا,2,19:14,1,4
عقيم,2,22:55,2,4
علمناه,2,12:68,2,6
عملهم,2,6:108,2,5
عنتم,2,3:118,2,4
عوج,2,20:108,2,3
عورات,2,24:31,1,5
عيشة,2,69:21,2,4
عينان,2,55:50,1,5
عينها,2,20:40,2,5
عينيك,2,15:88,2,5
غثاء,2,23:41,2,4
غرف,2,39:20,1,3
غشاوة,2,2:7,2,5
غشيهم,2,20:78,2,5
غضبان,2,7:150,2,5
غضبي,2,20:81,1,4
غلاما,2,18:74,2,5
غلف,2,2:88,2,3
غمرة,2,23:63,2,4
غنمتم,2,8:41,1,5
غورا,2,18:41,2,4
غيابت,2,12:10,1,5
غيري,2,26:29,2,4
فآتوهن,2,4:24,2,6
فآمن,2,29:26,2,4
فآمنا,2,3:193,2,5
فأتاهم,2,39:25,2,6
فأتبعهم,2,10:90,2,7
فأجره,2,9:6,2,5
فأجمعوا,2,10:71,2,7
فأحسن,2,40:64,2,5
فأخاف,2,26:14,2,5
فأذن,2,7:44,2,4
فأراد,2,17:103,2,5
فأصابهم,2,16:34,2,7
فأصبحتم,2,3:103,2,7
فأقبل,2,37:50,2,5
فأقم,2,30:30,1,4
فألقوه,2,12:93,2,6
فألقي,2,20:70,2,5
فأمليت,2,13:32,2,6
فأن,2,8:41,2,3
فأنبئكم,2,29:8,2,7
فأنت,2,80:6,1,4
فأنساهم,2,58:19,2,7
فأنظرني,2,15:36,2,7
فأنه,2,6:54,2,4
فأهلكوا,2,69:5,1,7
فأوجس,2,20:67,2,5
فأوحينا,2,23:27,2,7
فأي,2,6:81,2,3
فؤادك,2,11:120,2,5
فإذ,2,24:13,2,3
فإلينا,2,10:46,2,6
فإنكم,2,5:23,2,5
فإياي,2,16:51,2,5
فئتين,2,3:13,2,5
فابعثوا,2,4:35,2,7
فاتبعوا,2,3:95,2,7
فاتبعوني,2,3:31,2,8
فاختلط,2,10:24,2,6
فادخلوا,2,16:29,2,7
فادع,2,2:61,2,4
فادعوا,2,40:14,1,6
فادعوه,2,7:180,2,6
فاذهب,2,5:24,2,5
فارتقب,2,44:10,1,6
فارجعوا,2,24:28,2,7
فارهبون,2,2:40,2,7
فاز,2,3:185,2,3
فاسألوا,2,16:43,2,7
فاستغفر,2,38:24,2,7
فاستغفروا,2,3:135,2,9
فاستفتهم,2,37:11,1,8
فاستقيموا,2,9:7,2,9
فاستمعوا,2,7:204,2,8
فاستوى,2,48:29,2,6
فاصبروا,2,7:87,2,7
فاصفح,2,15:85,2,5
فاضرب,2,20:77,2,5
فاعبد,2,39:2,1,5
فاعبده,2,11:123,2,6
فاعف,2,3:159,2,4
فاقتلوا,2,2:54,2,7
فاقرءوا,2,73:20,1,7
فاكتبنا,2,3:53,2,7
فاكهين,2,44:27,2,6
فالق,2,6:95,1,4
فالنار,2,11:17,2,6
فامسحوا,2,4:43,2,7
فانتشروا,2,33:53,2,8
فبإذن,2,3:166,2,5
فبدل,2,2:59,2,4
فبعث,2,2:213,2,4
فبعدا,2,23:41,1,5
فبلغن,2,2:231,1,5
فتبارك,2,23:14,2,6
فتثير,2,30:48,2,5
فتح,2,2:76,2,3
فتحت,2,21:96,2,4
فتراه,2,39:21,2,5
فتصبح,2,18:40,2,5
فتقبل,2,3:35,2,5
فتقعد,2,17:22,1,5
فتكونا,2,2:35,2,6
فتلقى,2,2:37,2,5
فتلك,2,27:52,2,4
فتمتعوا,2,16:55,2,7
فتمنوا,2,2:94,2,6
فتنتم,2,20:90,2,5
فتنقلبوا,2,3:149,2,8
فتنوا,2,16:110,2,5
فتوكل,2,3:159,2,5
فتياتكم,2,4:25,2,7
فتيمموا,2,4:43,2,7
فجاءوهم,2,10:74,2,7
فجاجا,2,21:31,2,5
فجعل,2,48:27,2,4
فجعلناها,2,2:66,2,8
فجعلهم,2,21:58,2,6
فجمع,2,20:60,2,4
فحاق,2,6:10,2,4
فخذوه,2,5:41,2,5
فخذوهم,2,4:89,1,6
فخلف,2,7:169,2,4
فخلقنا,2,23:14,1,6
فدعا,2,44:22,2,4
فدعوهم,2,18:52,2,6
فذروها,2,7:73,2,6
فرآه,2,35:8,2,4
فرات,2,25:53,2,4
فرجها,2,21:91,2,5
فرح,2,9:81,2,3
فرضتم,2,2:237,1,5
فرطنا,2,6:31,1,5
فرقوا,2,6:159,2,5
فروجهم,2,24:30,2,6
فزادتهم,2,9:124,1,7
فزادهم,2,2:10,2,6
فزع,2,27:89,2,3
فسبحه,2,50:40,2,5
فسجد,2,15:30,2,4
فسقوا,2,10:33,2,5
فسنيسره,2,92:7,1,7
فسواها,2,79:28,2,6
فسوق,2,2:197,1,4
فسوى,2,75:38,2,4
فسيروا,2,3:137,2,6
فسيعلمون,2,19:75,2,8
فشاربون,2,56:54,1,7
فصبر,2,12:18,1,4
فصدهم,2,27:24,2,5
فصلناه,2,7:52,2,6
فضرب,2,47:4,2,4
فضلتكم,2,2:47,1,6
فطر,2,6:79,2,3
فظلموا,2,7:103,2,6
فعال,2,11:107,2,4
فعدة,2,2:184,1,4
فعلتم,2,12:89,2,5
فعلم,2,48:18,1,4
فعلن,2,2:234,1,4
فعميت,2,11:28,2,5
فعند,2,4:94,1,4
ففزع,2,27:87,2,4
فقتله,2,5:30,2,5
فقدره,2,25:2,2,5
فقطع,2,6:45,2,4
فقعوا,2,15:29,2,5
فقولوا,2,3:64,2,6
فقير,2,3:181,2,4
فقيرا,2,4:6,1,5
فكذب,2,20:56,2,4
فكذبت,2,12:27,2,5
فكذبوا,2,34:45,2,6
فكذبوهما,2,23:48,2,8
فكشفنا,2,21:84,2,6
فكلا,2,7:19,2,4
فكنتم,2,23:66,1,5
فلأمه,2,4:11,1,5
فلبث,2,12:42,2,4
فلعلك,2,11:12,2,5
فلك,2,21:33,2,3
فلهن,2,4:11,1,4
فليأتوا,2,52:34,2,7
فليستجيبوا,2,2:186,2,10
فليعمل,2,18:110,2,6
فليمدد,2,19:75,2,6
فمال,2,4:78,2,4
فمالئون,2,37:66,2,7
فمتاع,2,28:60,2,5
فمثله,2,2:264,2,5
فمنكم,2,47:38,2,5
فنادوا,2,38:3,2,6
فنادى,2,21:87,2,5
فنبذناهم,2,28:40,2,8
فنتبع,2,20:134,2,5
فنسي,2,20:88,1,4
فنفخنا,2,21:91,2,6
فواكه,2,23:19,2,5
فوج,2,38:59,2,3
فوجدا,2,18:65,1,5
فوربك,2,15:92,2,5
فوسوس,2,7:20,2,5
فوقه,2,24:40,1,4
فولوا,2,2:144,1,5
فيتبعون,2,3:7,2,7
فيصيب,2,13:13,2,5
فيضاعفه,2,2:245,2,7
فيعذبه,2,18:87,2,6
فيقسمان,2,5:106,1,7
فيقولوا,2,26:203,2,7
فيم,2,4:97,2,3
فيوفيهم,2,3:57,2,7
قاتلهم,2,9:30,2,6
قاتلوكم,2,2:191,2,7
قادر,2,6:37,2,4
قادرين,2,68:25,2,6
قارون,2,28:76,1,5
قالا,2,7:23,2,4
قالتا,2,28:23,2,5
قانتات,2,4:34,2,6
قانتون,2,2:116,2,6
قبلا,2,6:111,2,4
قبلتهم,2,2:142,1,6
قبلنا,2,2:286,2,5
قبلها,2,13:30,2,5
قتال,2,2:217,1,4
قتلنا,2,3:154,2,5
قتلهم,2,8:17,2,5
قتلوه,2,4:157,1,5
قدرا,2,33:38,2,4
قدرنا,2,15:60,2,5
قرأت,2,16:98,2,4
قرئ,2,7:204,2,3
قرارا,2,27:61,2,5
قربانا,2,5:27,2,6
قرة,2,25:74,2,3
قرح,2,3:140,1,3
قردة,2,2:65,2,4
قرنا,2,6:6,2,4
قرونا,2,23:42,2,5
قرى,2,34:18,2,3
قريتكم,2,7:82,2,6
قرين,2,37:51,2,4
قرينا,2,4:38,1,5
قرينه,2,50:23,1,5
قست,2,2:74,2,3
قسمة,2,53:22,2,4
قصاص,2,2:194,2,4
قصصنا,2,16:118,2,5
قصورا,2,7:74,2,5
قضيتم,2,2:200,2,5
قضينا,2,28:44,2,5
قطعت,2,13:31,2,4
قطوفها,2,69:23,2,6
قلب,2,40:35,2,3
قم,2,73:2,2,2
قوارير,2,27:44,2,6
قوامين,2,4:135,2,6
قولكم,2,33:4,2,5
قوله,2,2:204,2,4
قولوا,2,2:136,2,5
قولي,2,20:28,1,4
قيام,2,39:68,2,4
قيما,2,6:161,2,4
كأسا,2,52:23,2,4
كأنهن,2,37:49,2,5
كاد,2,9:117,2,3
كاذب,2,11:93,2,4
كاذبا,2,40:28,1,5
كاذبة,2,56:2,2,5
كاشف,2,6:17,2,4
كالأعلام,2,42:32,2,8
كالأنعام,2,7:179,2,8
كالعهن,2,70:9,2,6
كاملة,2,2:196,2,5
كانا,2,2:36,2,4
كبيرة,2,9:121,2,5
كبيرهم,2,12:80,2,6
كتابيه,2,69:19,1,6
كتبت,2,2:79,2,4
كدت,2,17:74,2,3
كذابا,2,78:28,1,5
كذبتم,2,2:87,2,5
كراما,2,25:72,2,5
كرسيه,2,2:255,2,5
كرهوا,2,47:9,1,5
كسالى,2,4:142,2,5
كشجرة,2,14:24,1,5
كشف,2,16:54,2,3
كفارا,2,2:109,2,5
كفرنا,2,14:9,2,5
كفرهم,2,35:39,1,5
كفوا,2,4:77,2,4
كفيه,2,13:14,2,4
كلم,2,2:253,2,3
كلمح,2,16:77,2,4
كماء,2,10:24,2,4
كنتن,2,33:28,1,4
كهفهم,2,18:17,1,5
كهيئة,2,3:49,2,5
كوكبا,2,6:76,2,5
كيدكن,2,12:28,1,5
كيده,2,20:60,2,4
كيدهن,2,12:33,1,5
كيدي,2,7:183,2,4
لآبائهم,2,18:5,2,7
لآت,2,6:134,2,3
لآتية,2,15:85,2,5
لآكلون,2,37:66,2,6
لأحد,2,38:35,2,4
لأزواجك,2,33:28,1,7
لأصحاب,2,56:38,2,6
لأظنك,2,17:101,1,5
لأظنه,2,28:38,2,5
لأقطعن,2,7:124,2,6
لأكفرن,2,3:195,2,6
لأماناتهم,2,23:8,2,9
لأنت,2,11:87,2,4
لأنزل,2,23:24,2,5
لإبراهيم,2,22:26,2,8
لإلى,2,3:158,2,4
لاعبين,2,21:16,2,6
لافتدوا,2,13:18,2,7
لامستم,2,4:43,2,6
لبثنا,2,18:19,2,5
لبدا,2,72:19,2,4
لتأكلوا,2,2:188,2,7
لتبلغوا,2,22:5,2,7
لتبين,2,16:44,1,5
لتجري,2,14:32,2,5
لتسألن,2,16:56,2,6
لتعودن,2,7:88,2,6
لتكونن,2,26:116,1,6
لتكونوا,2,2:143,2,7
لجعلكم,2,5:48,2,6
لجعلنا,2,43:33,1,6
لجعلناه,2,6:9,2,7
لحم,2,6:145,2,3
لخبير,2,35:31,2,5
لخلق,2,30:30,2,4
لدن,2,11:1,2,3
لدنه,2,4:40,2,4
لدى,2,12:25,2,3
لديه,2,18:91,2,4
لذة,2,37:46,2,3
لذكر,2,43:44,2,4
لذكرى,2,39:21,2,5
لذهب,2,2:20,2,4
لربك,2,3:43,2,4
لربه,2,17:27,2,4
لربها,2,84:2,1,5
لرجل,2,33:4,2,4
لزاما,2,20:129,2,5
لزلفى,2,38:25,1,5
لسانا,2,28:34,2,5
لساني,2,20:27,2,5
لستم,2,5:68,2,4
لسميع,2,8:42,2,5
لسنة,2,33:62,2,4
لسنت,2,35:43,1,4
لصاحبه,2,9:40,2,6
لضالون,2,68:26,2,6
لعبادي,2,14:31,2,6
لعفو,2,22:60,2,4
لعلك,2,20:130,2,4
لعن,2,5:78,2,3
لعنا,2,4:47,2,4
لعنه,2,4:118,2,4
لغافلين,2,6:156,2,7
لغني,2,14:8,2,4
لغوب,2,35:35,2,4
لفتاه,2,18:60,1,5
لفرعون,2,26:41,2,6
لفروجهم,2,23:5,2,7
لفسدت,2,2:251,2,5
لقمان,2,31:12,1,5
لقوا,2,2:14,1,4
لكبيرة,2,2:45,1,6
لكبيركم,2,20:71,2,7
لكفور,2,22:66,2,5
لكلماته,2,6:115,2,7
لكنت,2,37:57,2,4
لكي,2,16:70,2,3
للأذقان,2,17:107,1,7
للإسلام,2,6:125,2,7
للخير,2,50:25,2,5
للرجال,2,4:7,1,6
للسائل,2,51:19,2,6
للسائلين,2,12:7,2,8
للشمس,2,27:24,2,5
للطائفين,2,2:125,2,8
للطاغين,2,38:55,2,7
للعباد,2,40:31,2,6
للغيب,2,4:34,2,5
للكذب,2,5:41,1,5
للمجرمين,2,25:22,2,8
للمحسنين,2,31:3,2,8
للمسرفين,2,10:12,2,8
للمسلمين,2,16:89,1,8
للنبي,2,9:113,2,5
لليسرى,2,87:8,2,6
لمؤمن,2,4:92,2,5
لمحضرون,2,37:127,1,7
لمحيطة,2,9:49,2,6
لمحيي,2,30:50,2,5
لمسكم,2,8:68,2,5
لمهتدون,2,2:70,2,7
لميقاتنا,2,7:143,1,8
لنبوئنهم,2,16:41,2,8
لنفتنهم,2,20:131,2,7
لهب,2,111:1,1,3
لهداكم,2,6:149,2,6
لهدى,2,13:31,2,4
لهذا,2,7:43,2,4
لوجدوا,2,4:64,1,6
لولوا,2,9:57,2,5
لوليه,2,17:33,2,5
لونها,2,2:69,1,5
ليأكلون,2,9:34,2,7
ليؤمنن,2,4:159,2,6
ليال,2,19:10,2,4
ليتنا,2,6:27,2,5
ليجزيهم,2,9:121,2,7
ليجمعنكم,2,4:87,2,8
ليخرجكم,2,33:43,2,7
ليخرجن,2,24:53,2,6
ليدحضوا,2,18:56,2,7
ليدخل,2,48:5,1,5
ليزدادوا,2,3:178,2,8
ليست,2,2:113,1,4
ليسوا,2,3:113,2,5
ليضلوا,2,10:88,2,6
ليطهركم,2,5:6,2,7
ليعبدوا,2,9:31,2,7
ليعذبهم,2,8:33,2,7
ليقضي,2,8:42,1,5
ليقطع,2,3:127,2,5
ليكونوا,2,19:81,2,7
لينذركم,2,7:63,1,7
ليهديهم,2,4:137,1,7
ليهلك,2,8:42,2,5
مآبا,2,78:22,1,4
مؤذن,2,7:44,2,4
مؤصدة,2,90:20,2,5
مائتين,2,8:65,1,6
مائدة,2,5:112,1,5
مات,2,3:144,2,3
مبشرا,2,17:105,2,5
مبعوثون,2,11:7,2,7
متاعنا,2,12:17,1,6
متبعون,2,26:52,2,6
متتابعين,2,4:92,2,8
مترفوها,2,34:34,2,7
متشابه,2,6:99,1,6
متعمدا,2,4:93,2,6
متكبر,2,40:27,1,5
متين,2,7:183,2,4
مثقلون,2,52:40,2,6
مجرمون,2,44:22,2,6
مجمع,2,18:60,1,4
مجيد,2,11:73,2,4
محجورا,2,25:22,1,6
محدث,2,21:2,2,4
محرومون,2,56:67,2,7
محصنين,2,4:24,2,6
محله,2,2:196,2,4
محيطا,2,4:108,1,5
مختال,2,31:18,2,5
مخلدون,2,56:17,2,6
مخلقة,2,22:5,1,5
مخمصة,2,5:3,2,5
مد,2,13:3,2,2
مدا,2,19:75,1,3
مدبرا,2,27:10,2,5
مددناها,2,15:19,2,7
مذموما,2,17:18,1,6
مرتفقا,2,18:29,1,6
مرج,2,25:53,2,3
مرحا,2,17:37,2,4
مرحبا,2,38:59,1,5
مرساها,2,7:187,2,6
مرسل,2,7:75,2,4
مرسلين,2,28:45,2,6
مرقوم,2,83:9,1,5
مزاجها,2,76:5,1,6
مزيد,2,50:30,1,4
مسافحين,2,4:24,2,7
مساكين,2,5:89,1,6
مستكبرا,2,31:7,2,7
مستكبرون,2,16:22,2,8
مستمر,2,54:2,1,5
مسته,2,11:10,2,4
مسجد,2,7:29,1,4
مسجدا,2,9:107,2,5
مسرف,2,40:28,1,4
مسرفون,2,7:81,2,6
مسرورا,2,84:9,1,6
مسطورا,2,17:58,2,6
مسكم,2,16:53,2,4
مسكين,2,2:184,2,5
مسلما,2,3:67,2,5
مسنا,2,12:88,2,4
مسودا,2,16:58,2,5
مسومة,2,11:83,2,5
مشتركون,2,37:33,2,7
مشربهم,2,2:60,2,6
مشرقين,2,15:73,2,6
مشرك,2,2:221,2,4
مشركة,2,2:221,2,5
مشركون,2,12:106,2,6
مشكورا,2,17:19,2,6
مصفوفة,2,52:20,2,6
مصلحون,2,2:11,2,6
مضغة,2,22:5,2,4
مضل,2,28:15,2,3
مطلع,2,18:90,2,4
معاذ,2,12:23,1,4
معايش,2,7:10,2,5
معجزي,2,9:2,1,5
معجزين,2,11:20,2,6
معذبهم,2,7:164,2,6
معذرتهم,2,30:57,2,7
معروشات,2,6:141,1,7
معلومات,2,2:197,2,7
مغرم,2,52:40,2,4
مغلولة,2,5:64,2,6
مغنون,2,14:21,2,5
مفاتحه,2,24:61,2,6
مفترى,2,28:36,2,5
مفروضا,2,4:7,1,6
مقاعد,2,3:121,2,5
مقاليد,2,39:63,2,6
مقاما,2,17:79,2,5
مقامي,2,10:71,2,5
مقتدر,2,54:42,1,5
مقتصد,2,31:32,2,5
مقداره,2,32:5,2,6
مقضيا,2,19:21,1,5
مكناكم,2,7:10,2,6
ملتحدا,2,18:27,2,6
ملتنا,2,7:88,2,5
ملتهم,2,2:120,2,5
ملجأ,2,9:57,1,4
ملح,2,25:53,2,3
ملقون,2,10:80,2,5
ملوما,2,17:29,1,5
ملومين,2,23:6,2,6
مليم,2,37:142,2,4
ممزق,2,34:7,1,4
منازل,2,10:5,2,5
مناع,2,50:25,2,4
منثورا,2,25:23,2,6
منزلين,2,3:124,2,6
منسكا,2,22:34,1,5
منضود,2,11:82,2,5
منظرين,2,15:8,2,6
منقلبون,2,7:125,2,7
مننا,2,20:37,2,4
منيبين,2,30:31,1,6
منير,2,22:8,2,4
منيرا,2,25:61,2,5
مهدا,2,20:53,2,4
مواخر,2,16:14,2,5
موتتنا,2,37:59,2,6
موته,2,4:159,2,4
موتوا,2,2:243,2,5
موثقا,2,12:66,1,5
موعدهم,2,11:81,2,6
موقنين,2,26:24,2,6
مولانا,2,2:286,2,6
مولاه,2,16:76,2,5
مولاهم,2,6:62,2,6
مولود,2,2:233,2,5
ميتة,2,6:139,1,4
ميثاقه,2,2:27,2,6
ميراث,2,3:180,2,5
ميقات,2,7:142,2,5
نأتي,2,13:41,2,4
نؤتيه,2,4:74,1,5
نائمون,2,7:97,2,6
ناصر,2,47:13,2,4
نافقوا,2,3:167,2,6
نافلة,2,17:79,2,5
نباتا,2,3:37,2,5
نباته,2,7:58,2,5
نبدل,2,56:61,2,4
نبشرك,2,15:53,2,5
نبيهم,2,2:247,1,5
نتخذ,2,21:17,2,4
نتخذه,2,12:21,2,5
نتربص,2,9:52,2,5
نجانا,2,7:89,2,5
نجاهم,2,29:65,2,5
نجني,2,26:169,2,4
نجواكم,2,58:12,1,6
نجوى,2,17:47,2,4
نجيا,2,12:80,2,4
نحشر,2,19:85,2,4
نحشرهم,2,6:22,2,6
نخاف,2,20:45,2,4
نخرج,2,6:99,2,4
نخرجكم,2,20:55,2,6
نخل,2,54:20,2,3
نخوض,2,9:65,2,4
ندخلها,2,5:22,1,6
ندري,2,45:32,2,4
نذرت,2,3:35,2,4
نرد,2,6:27,2,3
نرفع,2,6:83,2,4
نزد,2,42:20,1,3
نزله,2,2:97,2,4
نسائهن,2,24:31,2,6
نسبا,2,25:54,2,4
نسفا,2,20:97,1,4
نسقيكم,2,16:66,2,6
نسمع,2,43:80,2,4
نسيتم,2,32:14,2,5
نصرنا,2,6:34,2,5
نضربها,2,29:43,2,6
نضرة,2,76:11,2,4
نعجة,2,38:23,1,4
نعد,2,8:19,2,3
نعمتك,2,27:19,2,5
نغفر,2,2:58,2,4
نفر,2,9:122,2,3
نفرا,2,18:34,2,4
نفسها,2,16:111,2,5
نفقة,2,2:270,2,4
نقاتل,2,2:246,1,5
نقضهم,2,4:155,2,5
نقموا,2,9:74,2,5
نقيرا,2,4:53,1,5
نك,2,74:43,1,2
نكاحا,2,24:33,1,5
نكالا,2,2:66,2,5
نكثوا,2,9:12,1,5
نكذب,2,6:27,2,4
نكفر,2,4:31,2,4
نكون,2,7:115,2,4
نمكن,2,6:6,2,4
نملي,2,3:178,1,4
نموت,2,23:37,2,4
ننزل,2,15:8,2,4
ننقصها,2,13:41,2,6
نهارا,2,10:24,1,5
نهلك,2,17:16,2,4
نهيت,2,6:56,2,4
نوحيه,2,3:44,2,5
نورهم,2,57:12,2,5
هامان,2,28:38,2,5
هباء,2,25:23,2,4
هداني,2,6:161,2,5
هداي,2,2:38,2,4
هذان,2,20:63,2,4
هلم,2,6:150,2,3
همت,2,3:122,2,3
هوى,2,20:81,2,3
هين,2,19:9,1,3
هيهات,2,23:36,1,5
وآتاكم,2,5:20,2,6
وآتاني,2,11:28,1,6
وآتوهم,2,24:33,2,6
وآتيتم,2,4:20,2,6
وآثارا,2,40:21,1,6
وآمنتم,2,4:147,2,6
وآياته,2,9:65,2,6
وأبصر,2,19:38,2,5
وأبناؤكم,2,4:11,2,8
وأتبعوا,2,11:60,1,7
وأتوا,2,2:25,1,5
وأتوني,2,12:93,2,6
وأجرا,2,33:35,2,5
وأحسنوا,2,2:195,2,7
وأحل,2,2:275,2,4
وأخذ,2,7:150,2,4
وأخواتكم,2,4:23,1,8
وأخي,2,5:25,2,4
وأدبارهم,2,8:50,2,8
وأذنت,2,84:2,1,5
وأرجلهم,2,5:33,2,7
وأرسل,2,7:111,2,5
وأزلفت,2,26:90,2,6
وأزواجكم,2,9:24,2,8
وأشهدوا,2,2:282,2,7
وأصبح,2,28:10,1,5
وأطعموا,2,22:28,1,7
وأطهر,2,2:232,2,5
وأقام,2,2:177,2,5
وأقبل,2,37:27,2,5
وأقرضوا,2,57:18,2,7
وأقل,2,7:22,2,4
وأكثر,2,9:69,2,5
وأكن,2,12:33,2,4
وألحقني,2,12:101,2,7
وألق,2,20:69,2,4
وألقوا,2,4:90,2,6
وأملي,2,7:183,2,5
وأنجينا,2,26:65,2,7
وأنذرهم,2,19:39,2,7
وأنشأنا,2,6:6,2,7
وأنعام,2,6:138,1,6
وأنهارا,2,13:3,2,7
وأنى,2,34:52,2,4
وأني,2,2:47,1,4
وأهليهم,2,39:15,2,7
وأوتينا,2,27:16,1,7
وأوحى,2,16:68,2,5
وأوحي,2,6:19,2,5
وأوذوا,2,3:195,2,6
وأورثناها,2,26:59,2,9
وأولادا,2,9:69,2,7
وأيدناه,2,2:87,1,7
وإخوانكم,2,9:23,1,8
وإخوانهم,2,6:87,2,8
وإقام,2,21:73,2,5
وإلا,2,11:47,2,4
وإله,2,2:133,2,4
وإلهكم,2,2:163,2,6
وإنها,2,2:45,2,5
وابتغ,2,17:110,2,5
وابتغاء,2,3:7,2,7
وابعث,2,2:129,2,5
واتقى,2,3:76,2,5
واجتنبوا,2,16:36,2,8
واجعلنا,2,2:128,2,7
واخشون,2,5:3,1,6
واد,2,26:225,2,3
وادع,2,22:67,2,4
وادعوه,2,7:29,1,6
واسأل,2,12:82,2,5
واسألوا,2,4:32,2,7
واستغنى,2,64:6,2,7
واسجدوا,2,22:77,2,7
واسمع,2,4:46,1,5
واشهد,2,3:52,2,5
واضمم,2,20:22,2,5
واعملوا,2,23:51,2,7
واغلظ,2,9:73,2,5
واقترب,2,21:97,2,6
والأبرص,2,3:49,2,7
والأحبار,2,5:44,1,8
والأعناب,2,16:11,1,8
والأنصار,2,9:100,1,8
والأولاد,2,17:64,2,8
والإبكار,2,3:41,2,8
والإكرام,2,55:27,1,8
والإيمان,2,30:56,2,8
والباقيات,2,18:46,2,9
والبغي,2,7:33,2,6
والتقوى,2,5:2,2,7
والتوراة,2,3:48,2,8
والتي,2,21:91,2,5
والجار,2,4:36,1,6
والحجارة,2,2:24,2,8
والحساب,2,10:5,2,7
والحمد,2,6:45,2,6
والخامسة,2,24:7,1,8
والخيل,2,3:14,2,6
والدار,2,7:169,2,6
والدواب,2,22:18,2,7
والدي,2,27:19,2,5
والركع,2,2:125,2,6
والرمان,2,6:99,1,7
والروح,2,70:4,2,6
والزبر,2,3:184,2,6
والزكاة,2,19:31,1,7
والسابقون,2,9:100,2,9
والساعة,2,45:32,2,7
والسلام,2,19:33,2,7
والشجر,2,22:18,2,6
والشياطين,2,19:68,2,9
والصابئين,2,2:62,2,9
والصادقين,2,3:17,2,9
والصالحين,2,4:69,2,9
والصبح,2,74:34,2,6
والطيبات,2,7:32,2,8
والعشي,2,6:52,2,6
والفتنة,2,2:191,1,7
والفحشاء,2,2:169,2,8
والفرقان,2,2:53,1,8
والفضة,2,3:14,2,6
والفلك,2,2:164,2,6
والفواحش,2,42:37,2,8
والقانتين,2,3:17,2,9
والكفار,2,5:57,2,7
واللائي,2,65:4,1,7
واللاتي,2,4:15,1,7
والمؤتفكات,2,9:70,2,10
والمحروم,2,51:19,2,8
والمرجان,2,55:22,1,8
والمستضعفين,2,4:75,1,11
والمسجد,2,2:217,2,7
والمسكين,2,17:26,2,8
والمشركات,2,33:73,2,9
والملك,2,69:17,2,6
والنجم,2,53:1,2,6
والنساء,2,4:75,1,7
والهدي,2,5:97,2,6
والولدان,2,4:75,1,8
واليسع,2,6:86,2,6
وامرأته,2,11:71,2,7
وانصرنا,2,2:250,2,7
وبأيمانهم,2,57:12,2,9
وباءوا,2,2:61,2,6
وباطل,2,7:139,2,5
وبالحق,2,17:105,1,6
وبرا,2,19:14,1,4
وبرزت,2,26:91,2,5
وبرزوا,2,14:21,1,6
وبشير,2,7:188,2,5
وبه,2,7:159,1,3
وتؤمنون,2,3:110,1,7
وتب,2,2:128,2,3
وتجعلون,2,41:9,2,7
وتخرج,2,3:27,1,5
وتراهم,2,7:198,2,6
وتزهق,2,9:55,1,5
وتصريف,2,2:164,2,6
وتطمئن,2,5:113,2,6
وتظنون,2,17:52,2,6
وتفصيل,2,10:37,2,6
وتفصيلا,2,6:154,2,7
وتقطعوا,2,21:93,2,7
وتكونوا,2,12:9,2,7
وتنحتون,2,7:74,2,7
وتنذر,2,19:97,2,5
وتنسون,2,2:44,2,6
وتوفنا,2,3:193,2,6
وتولوا,2,9:76,2,6
وثبت,2,2:250,2,4
وثلاث,2,4:3,2,5
وجاءتهم,2,10:13,2,7
وجاوزنا,2,7:138,2,7
وجبريل,2,2:98,2,6
وجدتم,2,7:44,2,5
وجدتموهم,2,4:89,2,8
وجدها,2,18:86,1,5
وجعلناكم,2,17:6,2,8
وجلت,2,8:2,2,4
وجمع,2,70:18,2,4
وجنة,2,3:133,2,4
وجنودهما,2,28:6,1,8
وجهها,2,5:108,2,5
وجهي,2,3:20,2,4
وجيء,2,39:69,2,4
وجيها,2,3:45,2,5
وحفظا,2,37:7,2,5
وحقت,2,84:2,1,4
وحيث,2,2:144,1,4
وختم,2,6:46,2,4
وخر,2,7:143,2,3
وخسر,2,40:78,1,4
وخفية,2,6:63,2,5
وخلقته,2,7:12,2,6
ود,2,2:109,2,2
ودا,2,19:96,2,3
وراءكم,2,11:92,2,6
وراءهم,2,18:79,2,6
ورائه,2,14:16,1,5
ورباع,2,4:3,2,5
وربت,2,22:5,2,4
ورد,2,28:23,2,3
ورسلا,2,4:164,1,5
ورسلي,2,18:106,2,5
ورفاتا,2,17:49,1,6
ورق,2,7:22,2,3
وزروع,2,26:148,2,5
وزكريا,2,6:85,2,6
وزلزلوا,2,2:214,2,7
وزنوا,2,17:35,2,5
وزوجك,2,2:35,2,5
وزوجناهم,2,44:54,2,8
وزورا,2,25:4,2,5
وزيرا,2,20:29,2,5
وزيناها,2,15:16,2,7
وزينة,2,16:8,2,5
وسبحان,2,12:108,2,6
وسبع,2,12:43,1,4
وسعت,2,7:156,2,4
وسعر,2,54:24,1,4
وسعى,2,2:114,2,4
وسلاما,2,21:69,2,6
وسيعلم,2,13:42,2,6
وسيق,2,39:71,1,4
وشددنا,2,38:20,2,6
وشراب,2,38:42,1,5
وشفاء,2,10:57,2,5
وشهد,2,12:26,2,4
وصاحبته,2,70:12,2,7
وصد,2,2:217,2,3
وصرفنا,2,20:113,2,6
وصلوات,2,9:99,2,6
وصموا,2,5:71,1,5
وصوركم,2,40:64,2,6
وصينا,2,4:131,2,5
وضاق,2,11:77,2,4
وضاقت,2,9:25,1,5
وضربت,2,2:61,2,5
وضعتها,2,3:36,1,6
وطبع,2,9:87,1,4
وطرا,2,33:37,1,4
وطفقا,2,7:22,2,5
وظل,2,56:30,1,3
وظللنا,2,2:57,2,6
وظلموا,2,4:168,2,6
وعاء,2,12:76,1,4
وعادا,2,25:38,2,5
وعتوا,2,7:77,2,5
وعدكم,2,14:22,2,5
وعدها,2,9:114,2,5
وعدهم,2,17:64,2,5
وعدوكم,2,8:60,2,6
وعسى,2,2:216,1,4
وعصوا,2,4:42,2,5
وعصى,2,20:121,2,4
وعصينا,2,2:93,2,6
وعصيهم,2,20:66,2,6
وعلم,2,2:31,2,4
وعلمناه,2,18:65,2,7
وعليه,2,12:67,2,5
وعهدهم,2,23:8,2,6
وغرتكم,2,45:35,2,6
وفار,2,11:40,2,4
وفتحت,2,39:73,2,5
وفرحوا,2,10:22,2,6
وفصاله,2,31:14,2,6
وفضلناهم,2,17:70,2,8
وفيكم,2,3:101,2,5
وقاتلوهم,2,2:193,2,8
وقارون,2,29:39,2,6
وقبل,2,20:130,2,4
وقتلهم,2,3:181,2,6
وقتلوا,2,3:195,2,6
وقذف,2,33:26,2,4
وقر,2,41:5,1,3
وقضينا,2,15:66,2,6
وقطعناهم,2,7:160,1,8
وقعت,2,56:1,2,4
وقعودا,2,3:191,2,6
وقفوا,2,6:27,1,5
وقلن,2,12:31,2,4
وقنا,2,2:201,2,4
وقهم,2,40:7,1,4
وقودها,2,2:24,2,6
وقومهما,2,23:47,2,7
وكتبنا,2,5:45,2,6
وكرها,2,3:83,2,5
وكرهوا,2,9:81,2,6
وكفروا,2,9:74,2,6
وكهلا,2,3:46,2,5
ولآمرنهم,2,4:119,1,8
ولأجر,2,12:57,2,5
ولأصلبنكم,2,20:71,2,9
ولأنعامكم,2,79:33,2,9
ولؤلؤا,2,22:23,2,6
ولباسهم,2,22:23,2,7
ولتبلغوا,2,40:67,1,8
ولتطمئن,2,3:126,2,7
ولتعلمن,2,20:71,2,7
ولدار,2,12:109,2,5
ولدان,2,56:17,2,5
ولدينا,2,23:62,2,6
ولذي,2,8:41,2,4
ولسليمان,2,21:81,2,8
ولسوف,2,92:21,2,5
ولعنهم,2,9:68,2,6
ولقاء,2,7:147,2,5
ولقائه,2,18:105,2,6
ولكنكم,2,30:56,2,6
وللآخرة,2,17:21,2,7
وللنساء,2,4:7,1,7
ولنبلونكم,2,2:155,2,9
ولنذيقنهم,2,32:21,2,9
ولها,2,15:4,2,4
ولهن,2,2:228,2,4
ولوالدي,2,14:41,2,7
وليأخذوا,2,4:102,1,8
وليتق,2,2:282,1,5
وليتم,2,5:6,2,5
وليزيدن,2,5:64,1,7
وليقولوا,2,4:9,2,8
وليمحص,2,3:141,1,6
ولينا,2,7:155,2,5
ولينذروا,2,9:122,2,8
وليهم,2,6:127,2,5
وليي,2,7:196,2,4
ومأجوج,2,18:94,2,6
ومأواكم,2,29:25,2,7
ومثلا,2,24:34,2,5
ومصدقا,2,3:50,2,6
ومعصيت,2,58:8,1,6
ومقام,2,26:58,2,5
ومقاما,2,25:66,1,6
ومنا,2,72:11,1,4
ونأى,2,17:83,2,4
ونادوا,2,7:46,2,6
وناديناه,2,19:52,2,8
ونبئهم,2,15:51,2,6
ونجعل,2,28:35,2,5
ونجعلهم,2,28:5,1,7
ونجواهم,2,9:78,2,7
ونحيا,2,23:37,2,5
ونخل,2,26:148,2,4
ونزع,2,7:108,2,4
ونسي,2,18:57,2,4
ونصحت,2,7:79,1,5
ونصروا,2,8:72,1,6
ونعلم,2,5:113,2,5
ونعمة,2,44:27,2,5
ونفخت,2,15:29,2,5
ونقص,2,2:155,2,4
ونقول,2,3:181,2,5
ونميت,2,15:23,2,5
ونور,2,5:44,1,4
وهدوا,2,22:24,1,5
وهموا,2,9:13,1,5
وهن,2,19:4,2,3
ووجدك,2,93:7,1,5
ووجوه,2,75:24,2,5
ووحينا,2,11:37,2,6
ووفيت,2,3:25,2,5
ووقاهم,2,44:56,2,6
وولدا,2,18:39,2,5
ويؤت,2,4:40,2,4
ويؤخركم,2,14:10,2,7
ويؤمن,2,2:256,2,5
ويبشر,2,17:9,2,5
ويبين,2,2:221,2,5
ويتبع,2,4:115,2,5
ويتخذ,2,3:140,2,5
ويتم,2,12:6,2,4
ويحذركم,2,3:28,1,7
ويحلفون,2,9:56,2,7
ويحيى,2,6:85,2,5
ويدخلكم,2,61:12,2,7
ويدخلهم,2,47:6,2,7
ويدرءون,2,13:22,2,7
ويذهب,2,8:11,2,5
ويريكم,2,2:73,2,6
ويستخلف,2,6:133,2,7
ويستغفرون,2,40:7,2,9
ويسخرون,2,2:212,2,7
ويسعون,2,5:33,1,6
ويضرب,2,14:25,2,5
ويطوف,2,52:24,2,5
ويعلمون,2,24:25,2,7
ويعمل,2,64:9,2,5
ويفسدون,2,2:27,2,7
ويفعلون,2,16:50,2,7
ويقذفون,2,34:53,2,7
ويقطعون,2,2:27,2,7
ويقيمون,2,2:3,2,7
ويلتى,2,11:72,2,5
ويلعبوا,2,43:83,2,7
ويلكم,2,20:61,2,5
وينذرونكم,2,6:130,2,9
ويهديكم,2,4:26,2,7
ويهديهم,2,4:175,2,7
ويونس,2,4:163,2,5
يأب,2,2:282,1,3
يأتيكما,2,12:37,1,7
يأتينا,2,3:183,2,6
يأتيني,2,12:83,2,6
يأجوج,2,18:94,2,5
يأخذهم,2,16:46,1,6
يأفكون,2,7:117,2,6
يأكله,2,12:13,2,5
يأكلهن,2,12:43,1,6
يؤاخذ,2,16:61,2,5
يؤتى,2,3:73,2,4
يؤتيهم,2,4:152,2,6
يؤخر,2,63:11,2,4
يؤده,2,3:75,1,4
يؤفك,2,40:63,2,4
يؤمرون,2,16:50,2,6
يئس,2,5:3,2,3
يئسوا,2,29:23,2,5
يابسات,2,12:43,1,6
يبايعونك,2,48:10,1,8
يبدين,2,24:31,1,5
يبشرك,2,3:39,1,5
يبكون,2,12:16,2,5
يتخافتون,2,20:103,2,8
يتخذونك,2,21:36,2,7
يتخذوه,2,7:146,1,6
يتدبرون,2,4:82,2,7
يتربصن,2,2:228,1,6
يترقب,2,28:18,1,5
يتزكى,2,35:18,2,5
يتضرعون,2,6:42,2,7
يتطهرون,2,7:82,2,7
يتعد,2,2:229,2,4
يتفطرن,2,19:90,2,6
يتفكروا,2,7:184,2,7
يتماسا,2,58:3,1,6
يتنازعون,2,18:21,2,8
يتوبوا,2,9:74,2,6
يتوفون,2,2:234,1,6
يتولون,2,5:43,1,6
يتيما,2,90:15,2,5
يجادلونك,2,6:25,2,8
يجاهدوا,2,9:44,1,7
يجتبي,2,3:179,2,5
يجتنبون,2,42:37,2,7
يجعلون,2,2:19,2,6
يجمعكم,2,45:26,2,6
يجير,2,23:88,2,4
يحادون,2,58:5,1,6
يحاوره,2,18:34,1,6
يحدث,2,20:113,2,4
يحذر,2,9:64,2,4
يحذرون,2,9:122,2,6
يحشر,2,20:59,2,4
يحض,2,69:34,2,3
يحملون,2,6:31,2,6
يحيطون,2,2:255,2,6
يخادعون,2,2:9,2,7
يختص,2,2:105,2,4
يخصفان,2,7:22,2,6
يخوف,2,3:175,2,4
يدخلوها,2,2:114,2,7
يذهبن,2,11:114,2,5
يذهبوا,2,24:62,2,6
يذوقون,2,44:56,2,6
ير,2,21:30,2,2
يراءون,2,4:142,2,6
يراكم,2,7:27,2,5
يرثها,2,4:176,2,5
يرثون,2,7:100,2,5
يرحمكم,2,17:8,1,6
يردون,2,2:85,2,5
يرزقون,2,3:169,2,6
يرفع,2,2:127,2,4
يرونها,2,25:40,2,6
يريدوا,2,8:62,1,6
يزالون,2,2:217,2,6
يزجي,2,17:66,2,4
يزرون,2,6:31,2,5
يزكى,2,80:3,1,4
يزكي,2,4:49,2,4
يزكيهم,2,2:174,2,6
يزيدهم,2,17:41,1,6
يسألك,2,4:153,2,5
يسألكم,2,36:21,2,6
يسبحن,2,21:79,2,5
يستأذنك,2,9:44,1,7
يستأذنونك,2,9:93,2,9
يستجيب,2,6:36,2,6
يستحيي,2,2:26,2,6
يستخفون,2,4:108,1,7
يستطع,2,4:25,2,5
يستطيع,2,2:282,2,6
يستعجل,2,10:50,2,6
يستغفر,2,4:110,2,6
يستغفرون,2,8:33,2,8
يستنكف,2,4:172,1,6
يستويان,2,11:24,2,7
يسحبون,2,40:71,2,6
يسرناه,2,19:97,2,6
يسقون,2,28:23,2,5
يسمعها,2,31:7,2,6
يسمعوا,2,7:198,2,6
يشإ,2,6:39,2,3
يشاقق,2,4:115,2,5
يشرب,2,76:6,2,4
يصدر,2,28:23,2,4
يصدعون,2,30:43,2,6
يصدنك,2,20:16,2,5
يصعد,2,6:125,2,4
يصل,2,6:136,1,3
يصلاها,2,17:18,2,6
يصلح,2,10:81,2,4
يصلحون,2,26:152,2,6
يصلوا,2,4:102,2,5
يصلي,2,3:39,2,4
يصيبكم,2,9:52,2,6
يضله,2,6:125,2,4
يضلوك,2,4:113,2,5
يطاف,2,37:45,2,4
يطعم,2,6:14,1,4
يطعمه,2,2:249,2,5
يطمثهن,2,55:56,1,6
يطوف,2,2:158,2,4
يظاهرون,2,58:2,1,7
يظن,2,22:15,2,3
يظهر,2,40:26,2,4
يعرشون,2,7:137,2,6
يعرفونه,2,2:146,2,7
يعزب,2,10:61,2,4
يعطوا,2,9:29,1,5
يعظم,2,22:30,1,4
يعفو,2,2:237,2,4
يعقب,2,27:10,2,4
يعلمها,2,6:59,1,6
يعودون,2,58:3,1,6
يعيدكم,2,17:69,2,6
يغرنكم,2,31:33,2,6
يغشي,2,7:54,2,4
يغيروا,2,8:53,2,6
يغيظ,2,9:120,2,4
يفتح,2,34:26,2,4
يفترى,2,10:37,2,5
يفتيكم,2,4:127,1,6
يفرحون,2,3:188,2,6
يفرقوا,2,4:150,1,6
يفرقون,2,2:102,2,6
يفعلوا,2,3:115,1,6
يفلحون,2,10:69,2,6
يقرءون,2,10:94,2,6
يقرض,2,2:245,2,4
يقص,2,6:57,2,3
يقصون,2,6:130,2,5
يقضى,2,20:114,2,4
يقلب,2,18:42,2,4
يكتب,2,2:282,2,4
يكسب,2,4:111,1,4
يكف,2,4:84,2,3
يكلف,2,2:286,2,4
يلبسون,2,6:9,2,6
يلتفت,2,11:81,2,5
يلحقوا,2,3:170,2,6
يلقونه,2,9:77,2,6
يلهث,2,7:176,1,4
يمترون,2,15:63,2,6
يمسسني,2,3:47,2,6
يمسكهن,2,16:79,2,6
يمسنا,2,35:35,1,5
يمن,2,14:11,2,3
ينادون,2,40:10,2,6
ينال,2,2:124,2,4
ينالهم,2,7:37,1,6
ينالوا,2,9:74,2,6
ينبأ,2,53:36,2,4
ينبئكم,2,6:60,2,6
ينتصرون,2,26:93,2,7
ينته,2,33:60,2,4
ينتهوا,2,5:73,2,6
ينجيكم,2,6:63,1,6
ينزغنك,2,7:200,2,6
ينزفون,2,37:47,2,6
ينسلون,2,21:96,2,6
ينصرني,2,11:30,1,6
ينصرونه,2,18:43,2,7
ينصرونهم,2,42:46,2,8
ينظروا,2,7:185,2,6
ينقذون,2,36:23,1,6
ينكثون,2,7:135,2,6
ينكح,2,4:25,2,4
ينهاكم,2,60:8,1,6
ينيب,2,40:13,2,4
يهتدوا,2,18:57,2,6
يهدين,2,18:24,2,5
يهديه,2,6:125,2,5
يهرعون,2,11:78,2,6
يهلكون,2,6:26,2,6
يهيج,2,39:21,2,4
يواري,2,5:31,2,5
يوعظ,2,2:232,2,4
يوف,2,2:272,2,3
يوفون,2,13:20,2,5
يوق,2,59:9,2,3
يونس,2,10:98,2,4
ييأس,2,12:87,2,4
آباء,1,24:31,1,4
آبائك,1,2:133,1,5
آبائي,1,12:38,1,5
آتاك,1,28:77,1,4
آتانا,1,9:75,1,5
آتاها,1,65:7,1,5
آتت,1,18:33,1,3
آتهم,1,33:68,1,4
آتوا,1,23:60,1,4
آتوه,1,12:66,1,4
آتي,1,19:93,1,3
آتيتك,1,7:144,1,5
آتيتكم,1,3:81,1,6
آتيتنا,1,7:189,1,6
آتيتني,1,12:101,1,6
آتيتهن,1,33:51,1,6
آتيناها,1,6:83,1,7
آتيه,1,19:95,1,4
آتيهم,1,11:76,1,5
آثار,1,30:50,1,4
آثارهما,1,18:64,1,7
آثرك,1,12:91,1,4
آثم,1,2:283,1,3
آثما,1,76:24,1,4
آخذ,1,11:56,1,3
آخذين,1,51:16,1,5
آخران,1,5:106,1,5
آخره,1,3:72,1,4
آخرون,1,25:4,1,5
آذاننا,1,41:5,1,6
آذناك,1,41:47,1,5
آذنتكم,1,21:109,1,6
آذوا,1,33:69,1,4
آذيتمونا,1,14:12,1,8
آزر,1,6:74,1,3
آسفونا,1,43:55,1,6
آسن,1,47:15,1,3
آسى,1,7:93,1,3
آلهتي,1,19:46,1,5
آمره,1,12:32,1,4
آمنة,1,16:112,1,4
آمنكم,1,12:64,1,5
آمين,1,5:2,1,4
آن,1,55:44,1,2
آنس,1,28:29,1,3
آنستم,1,4:6,1,5
آنفا,1,47:16,1,4
آنية,1,88:5,1,4
آوي,1,11:80,1,3
آياتها,1,21:32,1,6
آيتين,1,17:12,1,5
أآلهتنا,1,43:58,1,7
أأتخذ,1,36:23,1,5
أأرباب,1,12:39,1,6
أأسجد,1,17:61,1,5
أأسلمتم,1,3:20,1,7
أأشفقتم,1,58:13,1,7
أأشكر,1,27:40,1,5
أأعجمي,1,41:44,1,6
أأقررتم,1,3:81,1,7
أألد,1,11:72,1,4
أألقي,1,54:25,1,5
أأمنتم,1,67:16,1,6
أأنزل,1,38:8,1,5
أؤنبئكم,1,3:15,1,7
أئذا,1,56:47,1,4
أئفكا,1,37:86,1,5
أبابيل,1,105:3,1,6
أباكم,1,12:80,1,5
أبالله,1,9:65,1,6
أباه,1,12:61,1,4
أباهم,1,12:16,1,5
أبتغي,1,6:114,1,5
أبحر,1,31:27,1,4
أبدله,1,10:15,1,5
أبرئ,1,12:53,1,4
أبرموا,1,43:79,1,6
أبسلوا,1,6:70,1,6
أبشر,1,64:6,1,4
أبشرا,1,54:24,1,5
أبشرتموني,1,15:54,1,9
أبصار,1,21:97,1,5
أبصاركم,1,41:22,1,7
أبصارنا,1,15:15,1,7
أبصارها,1,79:9,1,7
أبصارهن,1,24:31,1,7
أبصرنا,1,32:12,1,6
أبغي,1,6:164,1,4
أبغيكم,1,7:140,1,6
أبق,1,37:140,1,3
أبقى,1,53:51,1,4
أبكارا,1,56:36,1,6
أبكم,1,16:76,1,4
أبلغه,1,9:6,1,5
أبلغوا,1,72:28,1,6
أبناءنا,1,3:61,1,7
أبنائكم,1,4:23,1,7
أبوك,1,19:28,1,4
أبوهما,1,18:82,1,6
أبويك,1,12:6,1,5
أبويكم,1,7:27,1,6
أبينا,1,12:8,1,5
أبيهم,1,12:63,1,5
أتأخذونه,1,4:20,1,8
أتأمرون,1,2:44,1,7
أتانا,1,74:47,1,5
أتبعك,1,18:66,1,5
أتبعه,1,28:49,1,5
أتبنون,1,26:128,1,6
أتت,1,51:42,1,3
أتتخذ,1,6:74,1,5
أتتخذنا,1,2:67,1,7
أتتركون,1,26:146,1,7
أتتك,1,20:126,1,4
أتتكم,1,6:40,1,5
أتتهم,1,9:70,1,5
أتجادلونني,1,7:71,1,10
أتجعل,1,2:30,1,5
أتحاجوننا,1,2:139,1,9
أتحاجوني,1,6:80,1,8
أتحدثونهم,1,2:76,1,9
أتخذتم,1,2:80,1,6
أتخذناهم,1,38:63,1,8
أتخشونهم,1,9:13,1,8
أتدعون,1,37:125,1,6
أتذر,1,7:127,1,4
أتراب,1,38:52,1,5
أترفتم,1,21:13,1,6
أترفوا,1,11:116,1,6
أتريد,1,28:19,1,5
أتستبدلون,1,2:61,1,9
أتصبرون,1,25:20,1,7
أتعجبين,1,11:73,1,7
أتعدانني,1,46:17,1,8
أتقاكم,1,49:13,1,6
أتقتلون,1,40:28,1,7
أتقن,1,27:88,1,4
أتل,1,6:151,1,3
أتلو,1,27:92,1,4
أتمدونن,1,27:36,1,7
أتمم,1,66:8,1,4
أتممت,1,28:27,1,5
أتمها,1,12:6,1,5
أتموا,1,2:187,1,5
أتنبئون,1,10:18,1,7
أتنهانا,1,11:62,1,7
أتهتدي,1,27:41,1,6
أتهلكنا,1,7:155,1,7
أتواصوا,1,51:53,1,7
أتوب,1,2:160,1,4
أتوك,1,9:92,1,4
أتوكأ,1,20:18,1,5
أتوه,1,27:87,1,4
أتيا,1,18:77,1,4
أتيت,1,2:145,1,4
أتين,1,4:25,1,4
أثارة,1,46:4,1,5
أثاما,1,25:68,1,5
أثخنتموهم,1,47:4,1,9
أثري,1,20:84,1,4
أثقالكم,1,16:7,1,7
أثقالها,1,99:2,1,7
أثقلت,1,7:189,1,5
أثم,1,10:51,1,3
أثيما,1,4:107,1,5
أجاجا,1,56:70,1,5
أجرمنا,1,34:25,1,6
أجرها,1,33:31,1,5
أجزعنا,1,14:21,1,6
أجسامهم,1,63:4,1,7
أجعلتم,1,9:19,1,6
أجعلنا,1,43:45,1,6
أجلنا,1,6:128,1,5
أجمعوا,1,12:102,1,6
أجنة,1,53:32,1,4
أجنحة,1,35:1,1,5
أجيب,1,2:186,1,4
أجيبت,1,10:89,1,5
أجيبوا,1,46:31,1,6
أحبارهم,1,9:31,1,7
أحدث,1,18:70,1,4
أحدكما,1,12:41,1,6
أحدنا,1,12:78,1,5
أحرص,1,2:96,1,4
أحس,1,3:52,1,3
أحسب,1,29:2,1,4
أحسنه,1,39:18,1,5
أحسوا,1,21:12,1,5
أحصاه,1,58:6,1,5
أحصاها,1,18:49,1,6
أحصاهم,1,19:94,1,6
أحصرتم,1,2:196,1,6
أحصروا,1,2:273,1,6
أحصن,1,4:25,1,4
أحصى,1,18:12,1,4
أحضرت,1,81:14,1,5
أحطت,1,27:22,1,4
أحطنا,1,18:91,1,5
أحقابا,1,78:23,1,6
أحكم,1,11:45,1,4
أحكمت,1,11:1,1,5
أحلامهم,1,52:32,1,7
أحللنا,1,33:50,1,6
أحلنا,1,35:35,1,5
أحمد,1,61:6,1,4
أحمل,1,12:36,1,4
أحملكم,1,9:92,1,6
أحوى,1,87:5,1,4
أحيا,1,5:32,1,4
أحياكم,1,22:66,1,6
أحياهم,1,2:243,1,6
أحيط,1,10:22,1,4
أحيي,1,2:258,1,4
أحييناها,1,36:33,1,8
أخا,1,46:21,1,3
أخالفكم,1,11:88,1,7
أخبارها,1,99:4,1,7
أختك,1,20:40,1,4
أخذا,1,73:16,1,4
أخذة,1,69:10,1,4
أخذتم,1,8:68,1,5
أخذتها,1,22:48,1,6
أخذه,1,11:102,1,4
أخذوا,1,33:61,1,5
أخراكم,1,3:153,1,6
أخراهم,1,7:38,1,6
أخرتن,1,17:62,1,5
أخرتنا,1,4:77,1,6
أخرتني,1,63:10,1,6
أخرجت,1,3:110,1,5
أخرجتك,1,47:13,1,6
أخرجتم,1,59:11,1,6
أخرجك,1,8:5,1,5
أخرجكم,1,16:78,1,6
أخرجني,1,12:100,1,6
أخرجه,1,9:40,1,5
أخرجوكم,1,2:191,1,7
أخرجوهم,1,7:82,1,7
أخرقتها,1,18:71,1,7
أخزى,1,41:16,1,4
أخزيته,1,3:192,1,6
أخطأتم,1,33:5,1,6
أخطأنا,1,2:286,1,6
أخفي,1,32:17,1,4
أخفيتم,1,60:1,1,6
أخفيها,1,20:15,1,6
أخلد,1,7:176,1,4
أخلده,1,104:3,1,5
أخلصناهم,1,38:46,1,8
أخلفنا,1,20:87,1,6
أخلفوا,1,9:77,1,6
أخلق,1,3:49,1,4
أخنه,1,12:52,1,4
أخواتكم,1,24:61,1,7
أخوالكم,1,24:61,1,7
أخوك,1,12:69,1,4
أخويكم,1,49:10,1,6
أدباركم,1,5:21,1,7
أدبارها,1,4:47,1,7
أدخلني,1,17:80,1,6
أدخلوا,1,40:46,1,6
أدر,1,69:26,1,3
أدراكم,1,10:16,1,6
أدركه,1,10:90,1,5
أدعوتموهم,1,7:193,1,9
أدعياءكم,1,33:4,1,8
أدعيائهم,1,33:37,1,8
أدلك,1,20:120,1,4
أدهى,1,54:46,1,4
أدوا,1,44:18,1,4
أذاعوا,1,4:83,1,6
أذاقهم,1,30:33,1,6
أذاهم,1,33:48,1,5
أذبحك,1,37:102,1,5
أذكركم,1,2:152,1,6
أذكره,1,18:63,1,5
أذنت,1,9:43,1,4
أذنيه,1,31:7,1,5
أذهب,1,35:34,1,4
أذهبتم,1,46:20,1,6
أرأيتك,1,17:62,1,6
أرادا,1,2:233,1,5
أراذلنا,1,11:27,1,7
أراغب,1,19:46,1,5
أراكهم,1,8:43,1,6
أربى,1,16:92,1,4
أرجائها,1,69:17,1,7
أرجع,1,12:46,1,4
أرجل,1,7:195,1,4
أرجلكم,1,6:65,1,6
أرحامهن,1,2:228,1,7
أرداكم,1,41:23,1,6
أردت,1,11:34,1,4
أردن,1,24:33,1,4
أردناه,1,16:40,1,6
أرساها,1,79:32,1,6
أرسلناه,1,51:38,1,7
أرسلوا,1,83:33,1,6
أرضا,1,12:9,1,4
أرضعت,1,22:2,1,5
أرضعن,1,65:6,1,5
أرضعنكم,1,4:23,1,7
أرضعيه,1,28:7,1,6
أرضهم,1,33:27,1,5
أرضي,1,29:56,1,4
أرضيتم,1,9:38,1,6
أركسهم,1,4:88,1,6
أركسوا,1,4:91,1,6
أرهطي,1,11:92,1,5
أريكم,1,40:29,1,5
أريناك,1,17:60,1,6
أريناه,1,20:56,1,6
أزا,1,19:83,1,3
أزاغ,1,61:5,1,4
أزري,1,20:31,1,4
أزفت,1,53:57,1,4
أزلفت,1,81:13,1,5
أزواجهن,1,2:232,1,7
أزيد,1,74:15,1,4
أسأتم,1,17:7,1,5
أسألك,1,11:47,1,5
أسارى,1,2:85,1,5
أسباب,1,40:37,1,5
أسباطا,1,7:160,1,6
أستجب,1,40:60,1,5
أستخلصه,1,12:54,1,7
أستغفر,1,12:98,1,6
أستغفرت,1,63:6,1,7
أستكبرت,1,38:75,1,7
أسحر,1,10:77,1,4
أسخط,1,47:28,1,4
أسرف,1,20:127,1,4
أسرفوا,1,39:53,1,6
أسرهم,1,76:28,1,5
أسروا,1,5:52,1,5
أسفارا,1,62:5,1,6
أسفارنا,1,34:19,1,7
أسفر,1,74:34,1,4
أسفى,1,12:84,1,4
أسكنت,1,14:37,1,5
أسكنوهن,1,65:6,1,7
أسلحتهم,1,4:102,1,7
أسلفت,1,10:30,1,5
أسلفتم,1,69:24,1,6
أسلما,1,37:103,1,5
أسلمنا,1,49:14,1,6
أسمائه,1,7:180,1,6
أسمعهم,1,8:23,1,6
أسورة,1,43:53,1,5
أشاء,1,7:156,1,4
أشداء,1,48:29,1,5
أشدهما,1,18:82,1,6
أشراطها,1,47:18,1,7
أشركت,1,39:65,1,5
أشركتمون,1,14:22,1,8
أشركنا,1,6:148,1,6
أشقاها,1,91:12,1,6
أشكو,1,12:86,1,4
أشهدتهم,1,18:51,1,7
أشهدوا,1,43:19,1,6
أشياء,1,5:101,1,5
أشياعكم,1,54:51,1,7
أصابت,1,3:117,1,5
أصابته,1,22:11,1,6
أصابه,1,22:11,1,5
أصابها,1,2:265,1,6
أصب,1,12:33,1,3
أصبتم,1,3:165,1,5
أصبح,1,67:30,1,4
أصبحوا,1,5:102,1,6
أصبرهم,1,2:175,1,6
أصبناهم,1,7:100,1,7
أصحابهم,1,51:59,1,7
أصدقت,1,27:27,1,5
أصطفى,1,37:153,1,5
أصل,1,37:64,1,3
أصلابكم,1,4:23,1,7
أصلاتك,1,11:87,1,6
أصلها,1,14:24,1,5
أصنام,1,7:138,1,5
أصنامكم,1,21:57,1,7
أصواتكم,1,49:2,1,7
أصواتهم,1,49:3,1,7
أصوافها,1,16:80,1,7
أصولها,1,59:5,1,6
أصيب,1,7:156,1,4
أضاء,1,2:20,1,4
أضاءت,1,2:17,1,5
أضاعوا,1,19:59,1,6
أضحك,1,53:43,1,4
أضطره,1,2:126,1,5
أضعف,1,72:24,1,4
أضغانكم,1,47:37,1,7
أضغانهم,1,47:29,1,7
أضلانا,1,41:29,1,6
أضللتم,1,25:17,1,6
أضللن,1,14:36,1,5
أضلنا,1,26:99,1,5
أضلني,1,25:29,1,5
أضلوا,1,71:24,1,5
أضلونا,1,7:38,1,6
أضيع,1,3:195,1,4
أطاع,1,4:80,1,4
أطاعونا,1,3:168,1,7
أطعتم,1,23:34,1,5
أطعتموهم,1,6:121,1,8
أطعمه,1,36:47,1,5
أطعمهم,1,106:4,1,6
أطعنكم,1,4:34,1,6
أطغيته,1,50:27,1,6
أطفأها,1,5:64,1,6
أطمع,1,26:82,1,4
أطوارا,1,71:14,1,6
أظفركم,1,48:24,1,6
أعثرنا,1,18:21,1,6
أعجب,1,57:20,1,4
أعجبكم,1,2:221,1,6
أعجزت,1,5:31,1,5
أعجلتم,1,7:150,1,6
أعجلك,1,20:83,1,5
أعجمي,1,16:103,1,5
أعجميا,1,41:44,1,6
أعرضتم,1,17:67,1,6
أعز,1,11:92,1,3
أعصر,1,12:36,1,4
أعصي,1,18:69,1,4
أعطوا,1,9:58,1,5
أعطيناك,1,108:1,1,7
أعظك,1,11:46,1,4
أعظكم,1,34:46,1,5
أعقابنا,1,6:71,1,7
أعلنت,1,71:9,1,5
أعلنتم,1,60:1,1,6
أعمال,1,23:63,1,5
أعمالا,1,18:103,1,6
أعمامكم,1,24:61,1,7
أعناق,1,34:33,1,5
أعنده,1,53:35,1,5
أعهد,1,36:60,1,4
أعيبها,1,18:79,1,6
أعيذها,1,3:36,1,6
أعينهن,1,33:51,1,6
أغرقناهم,1,25:37,1,8
أغرقوا,1,71:25,1,6
أغشيت,1,10:27,1,5
أغفلنا,1,18:28,1,6
أغلالا,1,36:8,1,6
أغناهم,1,9:74,1,6
أغنت,1,11:101,1,4
أغني,1,12:67,1,4
أغوينا,1,28:63,1,6
أغويناهم,1,28:63,1,8
أفأصفاكم,1,17:40,1,8
أفأمنتم,1,17:68,1,7
أفأنبئكم,1,22:72,1,8
أفأنتم,1,21:50,1,6
أفاتخذتم,1,13:16,1,8
أفاض,1,2:199,1,4
أفاق,1,7:143,1,4
أفبنعمة,1,16:71,1,7
أفبهذا,1,56:81,1,6
أفتأتون,1,21:3,1,7
أفتؤمنون,1,2:85,1,8
أفتتخذونه,1,18:50,1,9
أفترى,1,34:8,1,5
أفتطمعون,1,2:75,1,8
أفتعبدون,1,21:66,1,8
أفتمارونه,1,53:12,1,9
أفتنا,1,12:46,1,5
أفتهلكنا,1,7:173,1,8
أفحسب,1,18:102,1,5
أفحسبتم,1,23:115,1,7
أفحكم,1,5:50,1,5
أفسحر,1,52:15,1,5
أفسدوها,1,27:34,1,7
أفصح,1,28:34,1,4
أفضى,1,4:21,1,4
أفطال,1,20:86,1,5
أفعصيت,1,20:93,1,6
أفعيينا,1,50:15,1,7
أفك,1,51:9,1,3
أفكلما,1,2:87,1,6
أفلت,1,6:78,1,4
أفما,1,37:58,1,4
أفنان,1,55:48,1,5
أفنجعل,1,68:35,1,6
أفنضرب,1,43:5,1,6
أقبل,1,28:31,1,4
أقبلنا,1,12:82,1,6
أقتت,1,77:11,1,4
أقتل,1,40:26,1,4
أقتلت,1,18:74,1,5
أقدامكم,1,47:7,1,7
أقربهم,1,5:82,1,6
أقررتم,1,2:84,1,6
أقررنا,1,3:81,1,6
أقطار,1,55:33,1,5
أقطارها,1,33:14,1,7
أقفالها,1,47:24,1,7
أقلام,1,31:27,1,5
أقلامهم,1,3:44,1,7
أقلت,1,7:57,1,4
أقلعي,1,11:44,1,5
أقمتم,1,5:12,1,5
أقواتها,1,41:10,1,7
أقوم,1,17:9,1,4
أك,1,19:20,1,2
أكابر,1,6:123,1,5
أكاد,1,20:15,1,4
أكالون,1,5:42,1,6
أكان,1,10:2,1,4
أكبرنه,1,12:31,1,6
أكذبتم,1,27:84,1,6
أكرمكم,1,49:13,1,6
أكرمن,1,89:15,1,5
أكرمي,1,12:21,1,5
أكره,1,16:106,1,4
أكرهتنا,1,20:73,1,7
أكفاركم,1,54:43,1,7
أكفر,1,27:40,1,4
أكفرت,1,18:37,1,5
أكفرتم,1,3:106,1,6
أكفره,1,80:17,1,5
أكفلنيها,1,38:23,1,8
أكلا,1,89:19,1,4
أكلم,1,19:26,1,4
أكمامها,1,41:47,1,7
أكملت,1,5:3,1,5
أكنانا,1,16:81,1,6
أكننتم,1,2:235,1,6
ألتناهم,1,52:21,1,7
ألحقتم,1,34:27,1,6
ألحقنا,1,52:21,1,6
ألد,1,2:204,1,3
ألربك,1,37:149,1,5
ألزمناه,1,17:13,1,7
ألست,1,7:172,1,4
ألفا,1,8:65,1,4
ألفافا,1,78:16,1,6
ألفت,1,8:63,1,4
ألفوا,1,37:69,1,5
ألفين,1,8:66,1,5
ألفينا,1,2:170,1,6
ألقاه,1,12:96,1,5
ألقاها,1,4:171,1,6
ألقها,1,20:19,1,5
ألقيا,1,50:24,1,5
ألكم,1,53:21,1,4
ألهاكم,1,102:1,1,6
ألهم,1,7:195,1,4
ألواح,1,54:13,1,5
ألوف,1,2:243,1,4
أمات,1,53:44,1,4
أماته,1,80:21,1,5
أماذا,1,27:84,1,5
أمامه,1,75:5,1,5
أماناتكم,1,8:27,1,8
أمانته,1,2:283,1,6
أمانيهم,1,2:111,1,7
أمتا,1,20:107,1,4
أمتعكن,1,33:28,1,6
أمتنا,1,40:11,1,5
أمثلهم,1,20:104,1,6
أمرتك,1,7:12,1,5
أمرتني,1,5:117,1,6
أمرتهم,1,24:53,1,6
أمسكن,1,5:4,1,5
أمسكهما,1,35:41,1,7
أمشاج,1,76:2,1,5
أمضي,1,18:60,1,4
أمطرت,1,25:40,1,5
أمعاءهم,1,47:15,1,7
أملا,1,18:46,1,4
أمليت,1,22:48,1,5
أمنا,1,24:55,1,4
أمنتكم,1,12:64,1,6
أمنيته,1,22:52,1,6
أمها,1,28:59,1,4
أمهلهم,1,86:17,1,6
أموت,1,19:33,1,4
أميون,1,2:78,1,5
أنبأك,1,66:3,1,5
أنبأهم,1,2:33,1,6
أنبئهم,1,2:33,1,6
أنبئوني,1,2:31,1,7
أنبائكم,1,33:20,1,7
أنبائها,1,7:101,1,7
أنبتت,1,2:261,1,5
أنبتكم,1,71:17,1,6
أنبتنا,1,26:7,1,6
أنبنا,1,60:4,1,5
أنتما,1,28:35,1,5
أنجاكم,1,14:6,1,6
أنجانا,1,6:63,1,6
أنجاهم,1,10:23,1,6
أنجيتنا,1,10:22,1,7
أنحن,1,34:32,1,4
أندعو,1,6:71,1,5
أنذرتكم,1,41:13,1,7
أنذركم,1,21:45,1,6
أنذرناكم,1,78:40,1,8
أنذرهم,1,54:36,1,6
أنزلتموه,1,56:69,1,8
أنزلناها,1,24:1,1,8
أنزلني,1,23:29,1,6
أنساب,1,23:101,1,5
أنسانيه,1,18:63,1,7
أنسجد,1,25:60,1,5
أنسوكم,1,23:110,1,6
أنشأتم,1,56:72,1,6
أنشأناه,1,23:14,1,7
أنشأناهن,1,56:35,1,8
أنشأها,1,36:79,1,6
أنشره,1,80:22,1,5
أنصارا,1,71:25,1,6
أنصتوا,1,46:29,1,6
أنصح,1,11:34,1,4
أنطعم,1,36:47,1,5
أنطق,1,41:21,1,4
أنطقنا,1,41:21,1,6
أنظر,1,7:143,1,4
أنظرني,1,7:14,1,6
أنعام,1,6:138,1,5
أنعامكم,1,20:54,1,7
أنعامهم,1,32:27,1,7
أنعمها,1,8:53,1,6
أنفقت,1,8:63,1,5
أنقض,1,94:3,1,4
أنكاثا,1,16:92,1,6
أنكالا,1,73:12,1,6
أنكحك,1,28:27,1,5
أنكر,1,31:19,1,4
أنلزمكموها,1,11:28,1,10
أننا,1,6:111,1,4
أنهار,1,47:15,1,5
أنهاكم,1,11:88,1,6
أنهكما,1,7:22,1,6
أهانن,1,89:16,1,5
أهدك,1,19:43,1,4
أهدكم,1,40:38,1,5
أهديكم,1,40:29,1,6
أهكذا,1,27:42,1,5
أهلكت,1,90:6,1,5
أهلكتهم,1,7:155,1,7
أهلكني,1,67:28,1,6
أهلهن,1,4:25,1,5
أهليكم,1,5:89,1,6
أهليهم,1,48:12,1,6
أهمتهم,1,3:154,1,6
أهواءكم,1,6:56,1,7
أهون,1,30:27,1,4
أهوى,1,53:53,1,4
أوأمن,1,7:98,1,5
أواه,1,11:75,1,4
أوبي,1,34:10,1,4
أوت,1,69:25,1,3
أوتادا,1,78:7,1,6
أوتوه,1,2:213,1,5
أوتيت,1,20:36,1,5
أوجفتم,1,59:6,1,6
أوحيت,1,5:111,1,5
أودية,1,13:17,1,5
أوديتهم,1,46:24,1,7
أوذي,1,29:10,1,4
أوذينا,1,7:129,1,6
أورثنا,1,35:32,1,6
أورثوا,1,42:14,1,6
أوزار,1,16:25,1,5
أوزارا,1,20:87,1,6
أوزارها,1,47:4,1,7
أوسط,1,5:89,1,4
أوسطهم,1,68:28,1,6
أوعظت,1,26:136,1,5
أوف,1,2:40,1,3
أوفي,1,12:59,1,4
أوقدوا,1,5:64,1,6
أوكلما,1,2:100,1,6
أولئكم,1,54:43,1,6
أولات,1,65:6,1,5
أولاهم,1,7:39,1,6
أولاهما,1,17:5,1,7
أولما,1,3:165,1,5
أولياؤكم,1,41:31,1,8
أولياؤه,1,8:34,1,7
أوليائكم,1,33:6,1,8
أوليائهم,1,6:121,1,8
أوهن,1,29:41,1,4
أوى,1,18:10,1,3
أوينا,1,18:63,1,5
أيأمركم,1,3:80,1,7
أيا,1,17:110,1,3
أيبتغون,1,4:139,1,7
أيحب,1,49:12,1,4
أيحسبون,1,23:55,1,7
أيد,1,7:195,1,3
أيدتك,1,5:110,1,5
أيدك,1,8:62,1,4
أيديهما,1,5:38,1,7
أيشركون,1,7:191,1,7
أيطمع,1,70:38,1,5
أيعدكم,1,23:35,1,6
أيقاظا,1,18:18,1,6
أيما,1,28:28,1,4
أيمسكه,1,16:59,1,6
أينا,1,20:71,1,4
أيوب,1,38:41,1,4
أيود,1,2:266,1,4
إثمه,1,2:181,1,4
إجرامي,1,11:35,1,6
إحداهن,1,4:20,1,6
إخراج,1,2:240,1,5
إخراجا,1,71:18,1,6
إخراجكم,1,60:9,1,7
إخراجهم,1,2:85,1,7
إخوان,1,17:27,1,5
إخوانكم,1,24:61,1,7
إخوانهم,1,58:22,1,7
إخوتك,1,12:5,1,5
إخوتي,1,12:100,1,5
إدا,1,19:89,1,3
إدريس,1,19:56,1,5
إذنه,1,10:3,1,4
إرم,1,89:7,1,3
إستبرق,1,55:54,1,6
إسرارا,1,71:9,1,6
إسرارهم,1,47:26,1,7
إسرافا,1,4:6,1,6
إسلامكم,1,49:17,1,7
إسلامهم,1,9:74,1,7
إصرا,1,2:286,1,4
إصرهم,1,7:157,1,5
إصري,1,3:81,1,4
إعراضا,1,4:128,1,6
إعراضهم,1,6:35,1,7
إعصار,1,2:266,1,5
إفكا,1,29:17,1,4
إقامتكم,1,16:80,1,7
إكراه,1,2:256,1,5
إكراههن,1,24:33,1,7
إل,1,37:130,1,2
إلحافا,1,2:273,1,6
إلياس,1,37:123,1,5
إليكما,1,28:35,1,6
إمام,1,36:12,1,4
إمرا,1,18:71,1,4
إناه,1,33:53,1,4
إنسان,1,17:13,1,5
إنسيا,1,19:26,1,5
إنشاء,1,56:35,1,5
إنهما,1,37:122,1,5
إنهن,1,14:36,1,4
إي,1,10:53,1,2
إيابهم,1,88:25,1,6
إياك,1,1:5,1,4
إيلافهم,1,106:2,1,7
اؤتمن,1,2:283,1,5
ائتيا,1,41:11,1,5
ائذن,1,9:49,1,4
ابتدعوها,1,57:27,1,8
ابتغوا,1,9:48,1,6
ابتغيت,1,33:51,1,6
ابتلى,1,2:124,1,5
ابتلي,1,33:11,1,5
ابعث,1,2:246,1,4
ابلعي,1,11:44,1,5
ابنت,1,66:12,1,4
ابنتي,1,28:27,1,5
ابنك,1,12:81,1,4
ابنه,1,11:42,1,4
ابيضت,1,3:107,1,5
اتباع,1,4:157,1,5
اتبعتم,1,7:90,1,6
اتبعتني,1,18:70,1,7
اتبعكما,1,28:35,1,7
اتبعن,1,3:20,1,5
اتبعني,1,12:108,1,6
اتبعوك,1,3:55,1,6
اتبعون,1,40:38,1,6
اتبعوهم,1,9:100,1,7
اتخذها,1,45:9,1,6
اتخذوني,1,5:116,1,7
اتخذوه,1,7:148,1,6
اتخذوها,1,5:58,1,7
اتخذوهم,1,5:81,1,7
اتخذي,1,16:68,1,5
اتسق,1,84:18,1,4
اتقيتن,1,33:32,1,6
اتل,1,29:45,1,3
اثاقلتم,1,9:38,1,7
اثنا,1,9:36,1,4
اثنان,1,5:106,1,5
اثنتي,1,7:160,1,5
اثني,1,5:12,1,4
اجتباكم,1,22:78,1,7
اجتبيتها,1,7:203,1,8
اجتثت,1,14:26,1,5
اجترحوا,1,45:21,1,7
اجتمعت,1,17:88,1,6
اجتمعوا,1,22:73,1,7
اجعلوا,1,12:62,1,6
اجهروا,1,67:13,1,6
احتمل,1,4:112,1,5
احتملوا,1,33:58,1,7
احشروا,1,37:22,1,6
احمل,1,11:40,1,4
اخترتك,1,20:13,1,6
اخترناهم,1,44:32,1,8
اختصموا,1,22:19,1,7
اختلافا,1,4:82,1,7
اختلاق,1,38:7,1,6
اختلط,1,6:146,1,5
اختلفتم,1,42:10,1,7
اخرجوا,1,4:66,1,6
اخسئوا,1,23:108,1,6
اخلفني,1,7:142,1,6
ادارك,1,27:66,1,5
اداركوا,1,7:38,1,7
ادخل,1,36:26,1,4
ادخلا,1,66:10,1,5
ادخلي,1,27:44,1,5
ادعهن,1,2:260,1,5
ادعوني,1,40:60,1,6
ادعوهم,1,33:5,1,6
ادفعوا,1,3:167,1,6
اذكر,1,5:110,1,4
اذكرني,1,12:42,1,6
ارتابوا,1,24:50,1,7
ارتدوا,1,47:25,1,6
ارجعون,1,23:99,1,6
ارجعي,1,89:28,1,5
ارحمهما,1,17:24,1,7
اركب,1,11:42,1,4
اركبوا,1,11:41,1,6
اركض,1,38:42,1,4
استأجرت,1,28:26,1,7
استأجره,1,28:26,1,7
استأذن,1,24:59,1,6
استأذنك,1,9:86,1,7
استأذنوك,1,24:62,1,8
استبدال,1,4:20,1,7
استجارك,1,9:6,1,7
استجيب,1,42:16,1,6
استحفظوا,1,5:44,1,8
استحق,1,5:107,1,5
استحقا,1,5:107,1,6
استحوذ,1,58:19,1,6
استحياء,1,28:25,1,7
استخرجها,1,12:76,1,8
استخلف,1,24:55,1,6
استرق,1,15:18,1,5
استزلهم,1,3:155,1,7
استسقاه,1,7:160,1,7
استسقى,1,2:60,1,6
استضعفوني,1,7:150,1,9
استطاع,1,3:97,1,6
استطعما,1,18:77,1,7
استطعنا,1,9:42,1,7
استعجالهم,1,10:11,1,9
استعجلتم,1,46:24,1,8
استعلى,1,20:64,1,6
استغفار,1,9:114,1,7
استقر,1,7:143,1,5
استكبر,1,38:74,1,6
استكبرتم,1,2:87,1,8
استكثرتم,1,6:128,1,8
استمتعتم,1,4:24,1,8
استمع,1,72:1,1,5
استمعوه,1,21:2,1,7
استنصره,1,28:18,1,7
استنصروكم,1,8:72,1,9
استنكفوا,1,4:173,1,8
استهزئوا,1,9:64,1,8
استهوته,1,6:71,1,7
استوقد,1,2:17,1,6
استويت,1,23:28,1,6
استويتم,1,43:13,1,7
استيأس,1,12:110,1,6
استيأسوا,1,12:80,1,8
اسطاعوا,1,18:97,1,7
اسلك,1,28:32,1,4
اسودت,1,3:106,1,5
اشتدت,1,14:18,1,5
اشترى,1,9:111,1,5
اشتهت,1,21:102,1,5
اشدد,1,20:31,1,4
اشرح,1,20:25,1,4
اشمأزت,1,39:45,1,6
اشهدوا,1,3:64,1,6
اصبر,1,38:17,1,4
اصبروا,1,3:200,1,6
اصرف,1,25:65,1,4
اصطفاك,1,3:42,1,6
اصطفاه,1,2:247,1,6
اصطفيتك,1,7:144,1,7
اصطفينا,1,35:32,1,7
اصطفيناه,1,2:130,1,8
اصنع,1,23:27,1,4
اضربوه,1,2:73,1,6
اضطررتم,1,6:119,1,7
اطرحوه,1,12:9,1,6
اطلعت,1,18:18,1,5
اطمأن,1,22:11,1,5
اطمأننتم,1,4:103,1,8
اطمس,1,10:88,1,4
اطيرنا,1,27:47,1,6
اعبدوني,1,36:61,1,7
اعتدوا,1,2:65,1,6
اعتدينا,1,5:107,1,7
اعتراك,1,11:54,1,6
اعترفوا,1,9:102,1,7
اعتزلتموهم,1,18:16,1,10
اعتزلهم,1,19:49,1,7
اعتزلوكم,1,4:90,1,8
اعتمر,1,2:158,1,5
اعدلوا,1,5:8,1,6
اعمل,1,34:11,1,4
اغترف,1,2:249,1,5
اغدوا,1,68:22,1,5
افتح,1,7:89,1,4
افتدت,1,2:229,1,5
افتدى,1,3:91,1,5
افترينا,1,7:89,1,7
افعل,1,37:102,1,4
اقتتل,1,2:253,1,5
اقتحم,1,90:11,1,5
اقتده,1,6:90,1,5
اقتربت,1,54:1,1,6
اقترفتموها,1,9:24,1,10
اقتلوه,1,29:24,1,6
اقذفيه,1,20:39,1,6
اقرءوا,1,69:19,1,6
اقضوا,1,10:71,1,5
اقعدوا,1,9:46,1,6
اقنتي,1,3:43,1,5
اكتالوا,1,83:2,1,7
اكتتبها,1,25:5,1,7
اكتسب,1,24:11,1,5
اكتسبت,1,2:286,1,6
اكتسبن,1,4:32,1,6
اكشف,1,44:12,1,4
اكفر,1,59:16,1,4
الآثمين,1,5:106,1,7
الآفاق,1,41:53,1,6
الآفلين,1,6:76,1,7
الآلهة,1,38:5,1,6
الآمرون,1,9:112,1,7
الآمنين,1,28:31,1,7
الآية,1,79:20,1,5
الأبتر,1,108:3,1,6
الأبيض,1,2:187,1,6
الأتقى,1,92:17,1,6
الأثيم,1,44:44,1,6
الأجل,1,28:29,1,5
الأجلين,1,28:28,1,7
الأحبار,1,9:34,1,7
الأحلام,1,12:44,1,7
الأحمال,1,65:4,1,7
الأحياء,1,35:22,1,7
الأخ,1,4:23,1,4
الأخت,1,4:23,1,5
الأختين,1,4:23,1,7
الأخدود,1,85:4,1,7
الأخسرين,1,21:70,1,8
الأخضر,1,36:80,1,6
الأخلاء,1,43:67,1,7
الأذقان,1,36:8,1,7
الأذل,1,63:8,1,5
الأذلين,1,58:20,1,7
الأرذلون,1,26:111,1,8
الأسرى,1,8:70,1,6
الأسفل,1,4:145,1,6
الأسود,1,2:187,1,6
الأشر,1,54:26,1,5
الأشرار,1,38:62,1,7
الأشهر,1,9:5,1,6
الأصنام,1,14:35,1,7
الأطفال,1,24:59,1,7
الأعجمين,1,26:198,1,8
الأعداء,1,7:150,1,7
الأعز,1,63:8,1,5
الأعناق,1,8:12,1,7
الأغنياء,1,59:7,1,8
الأفئدة,1,104:7,1,7
الأقاويل,1,69:44,1,8
الأقدام,1,8:11,1,7
الأقدمون,1,26:76,1,8
الأقربين,1,26:214,1,8
الأقصى,1,17:1,1,6
الأكرم,1,96:3,1,6
الأكل,1,13:4,1,5
الأكمام,1,55:11,1,7
الأمانات,1,4:58,1,8
الأمانة,1,33:72,1,7
الأماني,1,57:14,1,7
الأمد,1,57:16,1,5
الأمل,1,15:3,1,5
الأمم,1,35:42,1,5
الأموات,1,35:22,1,7
الأنامل,1,3:119,1,7
الأهلة,1,2:189,1,6
الأوثان,1,22:30,1,7
الأوفى,1,53:41,1,6
الأوليان,1,5:107,1,8
الأيامى,1,24:32,1,7
الأيد,1,38:17,1,5
الأيدي,1,38:45,1,6
الإربة,1,24:31,1,6
الإصباح,1,6:96,1,7
الإصلاح,1,11:88,1,7
الإنفاق,1,17:100,1,7
الاسم,1,49:11,1,5
البائس,1,22:28,1,6
البارئ,1,59:24,1,6
البالغة,1,6:149,1,7
البحران,1,35:12,1,7
البدو,1,12:100,1,5
البروج,1,85:1,1,6
البسط,1,17:29,1,5
البشير,1,12:96,1,6
البطشة,1,44:16,1,6
البغاء,1,24:33,1,6
البغضاء,1,3:118,1,7
البغي,1,42:39,1,5
البقعة,1,28:30,1,6
البكم,1,8:22,1,5
البلاء,1,37:106,1,6
البلدة,1,27:91,1,6
البنين,1,37:153,1,6
البوار,1,14:28,1,6
البيان,1,55:4,1,6
التائبون,1,9:112,1,8
التابعين,1,24:31,1,8
التجارة,1,62:11,1,7
التذكرة,1,74:49,1,7
التراب,1,16:59,1,6
التراث,1,89:19,1,6
التراقي,1,75:26,1,7
التعفف,1,2:273,1,6
التغابن,1,64:9,1,7
التقتا,1,3:13,1,6
التقيتم,1,8:44,1,7
التكاثر,1,102:1,1,7
التلاق,1,40:15,1,6
التماثيل,1,21:52,1,8
التناد,1,40:32,1,6
التناوش,1,34:52,1,7
التهلكة,1,2:195,1,7
التوابين,1,2:222,1,8
التوب,1,40:3,1,5
الثابت,1,14:27,1,6
الثاقب,1,86:3,1,6
الثالثة,1,53:20,1,7
الثرى,1,20:6,1,5
الثقال,1,13:12,1,6
الثقلان,1,55:31,1,7
الثلاثة,1,9:118,1,7
الثلثان,1,4:176,1,7
الثمن,1,4:12,1,5
الجارية,1,69:11,1,7
الجان,1,55:15,1,5
الجاهل,1,2:273,1,6
الجبار,1,59:23,1,6
الجدار,1,18:82,1,6
الجرز,1,32:27,1,5
الجزاء,1,53:41,1,6
الجزية,1,9:29,1,6
الجلاء,1,59:3,1,6
الجمعة,1,62:9,1,6
الجمل,1,7:40,1,5
الجميل,1,15:85,1,6
الجنات,1,42:22,1,6
الجنب,1,4:36,1,5
الجنود,1,85:17,1,6
الجوارح,1,5:4,1,7
الجودي,1,11:44,1,6
الجوع,1,16:112,1,5
الجياد,1,38:31,1,6
الحاج,1,9:19,1,5
الحاسبين,1,6:62,1,8
الحافرة,1,79:10,1,7
الحامدون,1,9:112,1,8
الحب,1,6:95,1,4
الحبك,1,51:7,1,5
الحجارة,1,2:74,1,7
الحجة,1,6:149,1,5
الحجرات,1,49:4,1,7
الحرم,1,9:5,1,5
الحرور,1,35:21,1,6
الحزبين,1,18:12,1,7
الحسرة,1,19:39,1,6
الحسنات,1,11:114,1,7
الحسنيين,1,9:52,1,8
الحشر,1,59:2,1,5
الحصيد,1,50:9,1,6
الحطب,1,111:4,1,5
الحكام,1,2:188,1,6
الحلقوم,1,56:83,1,7
الحلية,1,43:18,1,6
الحليم,1,11:87,1,6
الحمار,1,62:5,1,6
الحمية,1,48:26,1,6
الحمير,1,31:19,1,6
الحنث,1,56:46,1,5
الحواريين,1,5:111,1,9
الحوايا,1,6:146,1,7
الحول,1,2:240,1,5
الحيوان,1,29:64,1,7
الخائضين,1,74:45,1,8
الخاشعين,1,2:45,1,8
الخاطئون,1,69:37,1,8
الخاطئين,1,12:29,1,8
الخالدون,1,21:34,1,8
الخالدين,1,7:20,1,8
الخالص,1,39:3,1,6
الخالفين,1,9:83,1,8
الخالق,1,59:24,1,6
الخالية,1,69:24,1,7
الخبء,1,27:25,1,5
الخبيثات,1,24:26,1,8
الخراصون,1,51:10,1,8
الخرطوم,1,68:16,1,7
الخصم,1,38:21,1,5
الخطفة,1,37:10,1,6
الخلطاء,1,38:24,1,7
الخلود,1,50:34,1,6
الخناس,1,114:4,1,6
الخياط,1,7:40,1,6
الخيام,1,55:72,1,6
الخيل,1,8:60,1,5
الداخلين,1,66:10,1,8
الداعي,1,20:108,1,6
الدبر,1,54:45,1,5
الدرك,1,4:145,1,5
الدماء,1,2:30,1,6
الدوائر,1,9:98,1,7
الديار,1,17:5,1,6
الذباب,1,22:73,1,6
الذكران,1,26:165,1,7
الذكور,1,42:49,1,6
الذنب,1,40:3,1,5
الرأس,1,19:4,1,5
الرأي,1,11:27,1,5
الراجفة,1,79:6,1,7
الرادفة,1,79:7,1,7
الراسخون,1,4:162,1,8
الراشدون,1,49:7,1,8
الراكعون,1,9:112,1,8
الربانيون,1,5:63,1,9
الرجع,1,86:11,1,5
الرجعى,1,96:8,1,6
الرزاق,1,51:58,1,6
الرسولا,1,33:66,1,7
الرشيد,1,11:87,1,6
الرعاء,1,28:23,1,6
الرعد,1,13:13,1,5
الرفث,1,2:187,1,5
الرفد,1,11:99,1,5
الرقيب,1,5:117,1,6
الرهب,1,28:32,1,5
الروع,1,11:74,1,5
الروم,1,30:2,1,5
الزاد,1,2:197,1,5
الزارعون,1,56:64,1,8
الزاني,1,24:3,1,6
الزانية,1,24:2,1,7
الزاهدين,1,12:20,1,8
الزبانية,1,96:18,1,8
الزبد,1,13:17,1,5
الزبور,1,21:105,1,6
الزجاجة,1,24:35,1,7
الزراع,1,48:29,1,6
الزرع,1,16:11,1,5
الزنا,1,17:32,1,5
الزينة,1,20:59,1,6
السائحون,1,9:112,1,8
السائل,1,93:10,1,6
السابقون,1,56:10,1,8
الساجدون,1,9:112,1,8
الساحرون,1,10:77,1,8
الساخرين,1,39:56,1,8
الساق,1,75:29,1,5
السبل,1,6:153,1,5
السبيلا,1,33:67,1,7
السجل,1,21:104,1,5
السدرة,1,53:16,1,6
السدين,1,18:93,1,6
السراء,1,3:134,1,6
السرائر,1,86:9,1,7
السرد,1,34:11,1,5
السعي,1,37:102,1,5
السفلى,1,9:40,1,6
السقاية,1,12:70,1,7
السقف,1,16:26,1,5
السوأى,1,30:10,1,6
السوي,1,20:135,1,5
السيارة,1,12:10,1,7
السير,1,34:18,1,5
السيل,1,13:17,1,5
الشافعين,1,74:48,1,8
الشتاء,1,106:2,1,6
الشح,1,4:128,1,4
الشراب,1,18:29,1,6
الشرك,1,31:13,1,5
الشعر,1,36:69,1,5
الشعرى,1,53:49,1,6
الشقة,1,9:42,1,5
الشكور,1,34:13,1,6
الشهور,1,9:36,1,6
الشوكة,1,8:7,1,6
الصاخة,1,80:33,1,6
الصافنات,1,38:31,1,8
الصافون,1,37:165,1,7
الصالح,1,35:10,1,6
الصخر,1,89:9,1,5
الصخرة,1,18:63,1,6
الصدع,1,86:12,1,5
الصدفين,1,18:96,1,7
الصدق,1,46:16,1,5
الصديق,1,12:46,1,6
الصديقون,1,57:19,1,8
الصرح,1,27:44,1,5
الصفا,1,2:158,1,5
الصفح,1,15:85,1,5
الصلب,1,86:7,1,5
الصلوات,1,2:238,1,7
الصمد,1,112:2,1,5
الضأن,1,6:143,1,5
الضراء,1,7:95,1,6
الضرر,1,4:95,1,5
الضعف,1,34:37,1,5
الطائفتين,1,8:7,1,9
الطارق,1,86:2,1,6
الطالب,1,22:73,1,6
الطامة,1,79:34,1,6
الطريقة,1,72:16,1,7
الطفل,1,24:31,1,5
الظانين,1,48:6,1,7
الظلة,1,26:189,1,5
الظمآن,1,24:39,1,6
الظنونا,1,33:10,1,7
الظهيرة,1,24:58,1,7
العابدون,1,9:112,1,8
العابدين,1,43:81,1,8
العادين,1,23:113,1,7
العاقبة,1,11:49,1,7
العاكف,1,22:25,1,6
العالمون,1,29:43,1,8
العالين,1,38:75,1,7
العاملون,1,37:61,1,8
العدو,1,63:4,1,5
العرم,1,34:16,1,5
العزم,1,46:35,1,5
العسرة,1,9:117,1,6
العشاء,1,24:58,1,6
العشار,1,81:4,1,6
العشير,1,22:13,1,6
العصف,1,55:12,1,5
العظم,1,19:4,1,5
العقد,1,113:4,1,5
العقيم,1,51:41,1,6
العلقة,1,23:14,1,6
العلماء,1,35:28,1,7
العليا,1,9:40,1,6
العماد,1,89:7,1,6
العمى,1,41:17,1,5
العنت,1,4:25,1,5
العين,1,3:13,1,5
العيون,1,36:34,1,6
الغائبين,1,27:20,1,8
الغار,1,9:40,1,5
الغاشية,1,88:1,1,7
الغافرين,1,7:155,1,8
الغافلات,1,24:23,1,8
الغاوون,1,26:224,1,7
الغراب,1,5:31,1,6
الغربي,1,28:44,1,6
الغرفات,1,34:37,1,7
الغرفة,1,25:75,1,6
الغرق,1,10:90,1,5
الغروب,1,50:39,1,6
الغضب,1,7:154,1,5
الغلام,1,18:80,1,6
الفؤاد,1,53:11,1,6
الفئتان,1,8:48,1,7
الفاتحين,1,7:89,1,8
الفاصلين,1,6:57,1,8
الفتاح,1,34:26,1,6
الفتية,1,18:10,1,6
الفجرة,1,80:42,1,6
الفرار,1,33:16,1,6
الفراق,1,75:28,1,6
الفرحين,1,28:76,1,7
الفريضة,1,4:24,1,7
الفزع,1,21:103,1,5
الفسوق,1,49:11,1,6
الفقر,1,2:268,1,5
الفقير,1,22:28,1,6
الفلق,1,113:1,1,5
الفيل,1,105:1,1,5
القادر,1,6:65,1,6
القادرون,1,77:23,1,8
القاضية,1,69:27,1,7
القاعدون,1,4:95,1,8
القالين,1,26:168,1,7
القانتين,1,66:12,1,8
القانطين,1,15:55,1,8
القانع,1,22:36,1,6
القبلة,1,2:143,1,6
القتلى,1,2:178,1,6
القدير,1,30:54,1,6
القرح,1,3:172,1,5
القردة,1,5:60,1,6
القريتين,1,43:31,1,8
القرين,1,43:38,1,6
القسط,1,21:47,1,5
القسمة,1,4:8,1,6
القصوى,1,8:42,1,6
القطر,1,34:12,1,5
القلائد,1,5:2,1,7
القلب,1,3:159,1,5
القوى,1,53:5,1,5
القيمة,1,98:5,1,6
الكذاب,1,54:26,1,6
الكرة,1,17:6,1,5
الكعبين,1,5:6,1,7
الكفرة,1,80:42,1,6
الكفور,1,34:17,1,6
الكلالة,1,4:176,1,7
الكلب,1,7:176,1,5
الكنس,1,81:16,1,5
الكنوز,1,28:76,1,6
الكوافر,1,60:10,1,7
الكوثر,1,108:1,1,6
اللات,1,53:19,1,5
اللاعبين,1,21:55,1,8
اللاعنون,1,2:159,1,8
اللذين,1,41:29,1,6
اللمم,1,53:32,1,5
اللهب,1,77:31,1,5
اللهو,1,62:11,1,5
اللوامة,1,75:2,1,7
المآب,1,3:14,1,5
المؤمن,1,59:23,1,6
الماعون,1,107:7,1,7
الماهدون,1,51:48,1,8
المباركة,1,28:30,1,8
المبثوث,1,101:4,1,7
المبذرين,1,17:27,1,8
المتربصين,1,52:31,1,9
المتصدقين,1,12:88,1,9
المتطهرين,1,2:222,1,9
المتعال,1,13:9,1,7
المتكبر,1,59:23,1,7
المتكلفين,1,38:86,1,9
المتلقيان,1,50:17,1,9
المتنافسون,1,83:26,1,10
المتوكلين,1,3:159,1,9
المتين,1,51:58,1,6
المثاني,1,15:87,1,7
المثلات,1,13:6,1,7
المثلى,1,20:63,1,6
المجالس,1,58:11,1,7
المجرم,1,70:11,1,6
المجيبون,1,37:75,1,8
المحال,1,13:13,1,6
المحتظر,1,54:31,1,7
المحرم,1,14:37,1,6
المخاض,1,19:23,1,6
المخبتين,1,22:34,1,8
المخرجين,1,26:167,1,8
المخسرين,1,26:181,1,8
المدثر,1,74:1,1,6
المدحضين,1,37:141,1,8
المر,1,13:1,1,4
المراضع,1,28:12,1,7
المرافق,1,5:6,1,7
المرجومين,1,26:116,1,9
المرضى,1,9:91,1,6
المرعى,1,87:4,1,6
المرفود,1,11:99,1,7
المرفوع,1,52:5,1,7
المزمل,1,73:1,1,6
المزن,1,56:69,1,5
المس,1,2:275,1,4
المساق,1,75:30,1,6
المسبحون,1,37:166,1,8
المسبحين,1,37:143,1,8
المستأخرين,1,15:24,1,10
المستبين,1,37:117,1,8
المستضعفين,1,4:98,1,10
المستقدمين,1,15:24,1,10
المستقر,1,75:12,1,7
المستكبرين,1,16:23,1,10
المستهزئين,1,15:95,1,10
المسجور,1,52:6,1,7
المسجونين,1,26:29,1,9
المسخر,1,2:164,1,6
المسكنة,1,3:112,1,7
المسلمون,1,72:14,1,8
المسومة,1,3:14,1,7
المسيء,1,40:58,1,6
المشركات,1,2:221,1,8
المشعر,1,2:198,1,6
المص,1,7:1,1,4
المصباح,1,24:35,1,7
المصطفين,1,38:47,1,8
المصلح,1,2:220,1,6
المصور,1,59:24,1,6
المصيطرون,1,52:37,1,9
المضطر,1,27:62,1,6
المضعفون,1,30:39,1,8
المضغة,1,23:14,1,6
المضلين,1,18:51,1,7
المطمئنة,1,89:27,1,8
المطهرون,1,56:79,1,8
المطهرين,1,9:108,1,8
المطوعين,1,9:79,1,8
المعارج,1,70:3,1,7
المعتبين,1,41:24,1,8
المعتدون,1,9:10,1,8
المعذبين,1,26:213,1,8
المعذرون,1,9:90,1,8
المعروف,1,9:67,1,7
المعز,1,6:143,1,5
المعصرات,1,78:14,1,8
المعمور,1,52:4,1,7
المعوقين,1,33:18,1,8
المغرب,1,2:258,1,6
المغربين,1,55:17,1,8
المغرقين,1,11:43,1,8
المغشي,1,47:20,1,6
المغضوب,1,1:7,1,7
المفترين,1,7:152,1,8
المفتون,1,68:6,1,7
المفر,1,75:10,1,5
المفسد,1,2:220,1,6
المفسدون,1,2:12,1,8
المفلحين,1,28:67,1,8
المقابر,1,102:2,1,7
المقامة,1,35:35,1,7
المقبوحين,1,28:42,1,9
المقتر,1,2:236,1,6
المقتسمين,1,15:90,1,9
المقدسة,1,5:21,1,7
المقنطرة,1,3:14,1,8
المكذبون,1,56:51,1,8
المكنون,1,56:23,1,7
المكيدون,1,52:42,1,8
الملة,1,38:7,1,5
الملعونة,1,17:60,1,8
الملقين,1,7:115,1,7
الملكين,1,2:102,1,7
الملوك,1,27:34,1,6
الممات,1,17:75,1,6
المناد,1,50:41,1,6
المنام,1,37:102,1,6
المنتصرين,1,28:81,1,9
المنزلون,1,56:69,1,8
المنشآت,1,55:24,1,7
المنشئون,1,56:72,1,8
المنصورون,1,37:172,1,9
المنفوش,1,101:5,1,7
المنون,1,52:30,1,6
المهتدون,1,2:157,1,8
المهتدي,1,7:178,1,7
المهلكين,1,23:48,1,8
المهيمن,1,59:23,1,7
الموءودة,1,81:8,1,8
الموازين,1,21:47,1,8
الموالي,1,19:5,1,7
الموتة,1,44:56,1,6
المودة,1,42:23,1,6
المورود,1,11:98,1,7
الموسع,1,2:236,1,6
الموعود,1,85:2,1,7
الموقدة,1,104:6,1,7
الموقنين,1,6:75,1,8
المولود,1,2:233,1,7
الميثاق,1,13:20,1,7
الميل,1,4:129,1,5
النادمين,1,5:31,1,8
الناصرين,1,3:150,1,8
الناظرين,1,2:69,1,8
الناقور,1,74:8,1,7
النبإ,1,78:2,1,5
النجاة,1,40:41,1,6
النجدين,1,90:10,1,7
النجم,1,86:3,1,5
النحل,1,16:68,1,5
النخيل,1,16:67,1,6
النسوة,1,12:50,1,6
النسيء,1,9:37,1,6
النصب,1,5:3,1,5
النصف,1,4:11,1,5
النطفة,1,23:14,1,6
النعاس,1,8:11,1,6
النعم,1,5:95,1,5
النعمة,1,73:11,1,6
النفاثات,1,113:4,1,8
النفاق,1,9:101,1,6
النفوس,1,81:7,1,6
النون,1,21:87,1,5
الهالكين,1,12:85,1,8
الهدهد,1,27:20,1,6
الهيم,1,56:55,1,5
الواد,1,28:30,1,5
الوارث,1,2:233,1,6
الواعظين,1,26:136,1,8
الوالدين,1,4:135,1,8
الوتين,1,69:46,1,6
الوثاق,1,47:4,1,6
الوحوش,1,81:5,1,6
الودود,1,85:14,1,6
الورد,1,11:98,1,5
الوريد,1,50:16,1,6
الوزن,1,55:9,1,5
الوسطى,1,2:238,1,6
الوسواس,1,114:4,1,7
الوقود,1,85:5,1,6
الوكيل,1,3:173,1,6
الولاية,1,18:44,1,7
الويل,1,21:18,1,5
الياقوت,1,55:58,1,7
اليسر,1,2:185,1,5
امتحن,1,49:3,1,5
امتلأت,1,50:30,1,6
امرأ,1,19:28,1,4
امرأتين,1,28:23,1,7
امرؤ,1,4:176,1,4
امشوا,1,38:6,1,5
انبعاثهم,1,9:46,1,8
انبعث,1,91:12,1,5
انتبذت,1,19:16,1,6
انتثرت,1,82:2,1,6
انتصر,1,42:41,1,5
انتظروا,1,6:158,1,7
انتقمنا,1,43:55,1,7
انسلخ,1,9:5,1,5
انشزوا,1,58:11,1,6
انصرفوا,1,9:127,1,7
انطلقتم,1,48:15,1,7
انظرنا,1,2:104,1,6
انظرونا,1,57:13,1,7
انفخوا,1,18:96,1,6
انفصام,1,2:256,1,6
انفضوا,1,62:11,1,6
انفطرت,1,82:1,1,6
انقص,1,73:3,1,4
انقلب,1,22:11,1,5
انكدرت,1,81:2,1,6
اهبط,1,11:48,1,4
اهبطا,1,20:123,1,5
اهتديت,1,34:50,1,6
اهتديتم,1,5:105,1,7
اهدنا,1,1:6,1,5
بآخذيه,1,2:267,1,6
بآخرين,1,4:133,1,6
بآل,1,40:45,1,3
بآنية,1,76:15,1,5
بأبصارهم,1,68:51,1,8
بأحسنها,1,7:145,1,7
بأحكم,1,95:8,1,5
بأخ,1,12:59,1,3
بأخيك,1,28:35,1,5
بأرجلهن,1,24:31,1,7
بأسماء,1,2:31,1,6
بأسه,1,6:147,1,4
بأسهم,1,59:14,1,5
بأشياعهم,1,34:54,1,8
بأصحاب,1,105:1,1,6
بأعدائكم,1,4:45,1,8
بأكواب,1,56:18,1,6
بألسنة,1,33:19,1,6
بألسنتكم,1,24:15,1,8
بألف,1,8:9,1,4
بأمانيكم,1,4:123,1,8
بأمرهم,1,12:15,1,6
بأنعام,1,26:133,1,6
بأنعم,1,16:112,1,5
بأنكم,1,45:35,1,5
بأننا,1,5:111,1,5
بأهدى,1,43:24,1,5
بأهلكم,1,12:93,1,6
بأهوائهم,1,6:119,1,8
بأوعيتهم,1,12:76,1,8
بأيام,1,14:5,1,5
بأيد,1,51:47,1,4
بأيدي,1,80:15,1,5
بأيدينا,1,9:52,1,7
بأيكم,1,68:6,1,5
بإبراهيم,1,3:68,1,8
بإثمي,1,5:29,1,5
بإخراج,1,9:13,1,6
بإلحاد,1,22:25,1,6
بإمامهم,1,17:71,1,7
بإيمان,1,52:21,1,6
بإيمانكم,1,4:25,1,8
بإيمانهم,1,10:9,1,8
بإيمانهن,1,60:10,1,8
بئيس,1,7:165,1,4
باتخاذكم,1,2:54,1,8
بادون,1,33:20,1,5
بادي,1,11:27,1,4
بارزة,1,18:47,1,5
بارزون,1,40:16,1,6
بازغا,1,6:77,1,5
بازغة,1,6:78,1,5
باسرة,1,75:24,1,5
باسط,1,18:18,1,4
باسطو,1,6:93,1,5
باسقات,1,50:10,1,6
باشروهن,1,2:187,1,7
باطنه,1,57:13,1,5
باعد,1,34:19,1,4
باق,1,16:96,1,3
بالأبصار,1,24:43,1,8
بالأحقاف,1,46:21,1,8
بالأخسرين,1,18:103,1,9
بالأذن,1,5:45,1,6
بالأزلام,1,5:3,1,8
بالأسحار,1,3:17,1,8
بالألقاب,1,49:11,1,8
بالأمن,1,6:81,1,6
بالأنف,1,5:45,1,6
بالإفك,1,24:11,1,6
بالبصر,1,54:50,1,6
بالبيت,1,22:29,1,6
بالتقوى,1,96:12,1,7
بالتوراة,1,3:93,1,8
بالجبت,1,4:51,1,6
بالجنب,1,4:36,1,6
بالجنة,1,41:30,1,6
بالجنود,1,2:249,1,7
بالحج,1,22:27,1,5
بالحجاب,1,38:32,1,7
بالحر,1,2:178,1,5
بالحسنات,1,7:168,1,8
بالخاطئة,1,69:9,1,8
بالخلق,1,50:15,1,6
بالخنس,1,81:15,1,6
بالخيرات,1,35:32,1,8
بالدهن,1,23:20,1,6
بالذكر,1,41:41,1,6
بالرسل,1,2:87,1,6
بالروح,1,16:2,1,6
بالساحل,1,20:39,1,7
بالساق,1,75:29,1,6
بالساهرة,1,79:14,1,8
بالسن,1,5:45,1,5
بالسنين,1,7:130,1,7
بالسوق,1,38:33,1,6
بالشاكرين,1,6:53,1,9
بالشفق,1,84:16,1,6
بالشمس,1,2:258,1,6
بالشهادة,1,5:108,1,8
بالشهداء,1,24:13,1,8
بالشهر,1,2:194,1,6
بالطاغوت,1,2:256,1,8
بالطاغية,1,69:5,1,8
بالطيب,1,4:2,1,6
بالعبد,1,2:178,1,6
بالعرف,1,7:199,1,6
بالعصبة,1,28:76,1,7
بالعقود,1,5:1,1,7
بالعمرة,1,2:196,1,7
بالعهد,1,17:34,1,6
بالعين,1,5:45,1,6
بالغمام,1,25:25,1,7
بالغوه,1,7:135,1,6
بالغيه,1,16:7,1,6
بالفتح,1,5:52,1,6
بالقارعة,1,69:4,1,8
بالقعود,1,9:83,1,7
بالقلم,1,96:4,1,6
بالمرحمة,1,90:17,1,8
بالمعتدين,1,6:119,1,9
بالمغفرة,1,2:175,1,8
بالملإ,1,38:69,1,6
بالملائكة,1,15:7,1,9
بالملك,1,2:247,1,6
بالمن,1,2:264,1,5
بالمنكر,1,9:67,1,7
بالناصية,1,96:15,1,8
بالنبيين,1,39:69,1,8
بالنواصي,1,55:41,1,8
بالهزل,1,86:14,1,6
بالوحي,1,21:45,1,6
بالوصيد,1,18:18,1,7
بالوعيد,1,50:28,1,7
بايعتم,1,9:111,1,6
ببابل,1,2:102,1,5
بباسط,1,5:28,1,5
ببالغه,1,13:14,1,6
ببالغيه,1,40:56,1,7
ببدر,1,3:123,1,4
ببدنك,1,10:92,1,5
ببضاعة,1,12:88,1,6
ببطن,1,48:24,1,4
ببعضها,1,2:73,1,6
ببغيهم,1,6:146,1,6
ببكة,1,3:96,1,4
ببنيه,1,70:11,1,5
ببهتان,1,60:12,1,6
ببيعكم,1,9:111,1,6
بتاركي,1,11:53,1,6
بتحية,1,4:86,1,5
بث,1,42:29,1,2
بثالث,1,36:14,1,5
بثلاثة,1,3:124,1,6
بثمره,1,18:42,1,5
بثمن,1,12:20,1,4
بثي,1,12:86,1,3
بجالوت,1,2:249,1,6
بجبار,1,50:45,1,5
بجذع,1,19:25,1,4
بجناحيه,1,6:38,1,7
بجنتيهم,1,34:16,1,7
بجنوده,1,20:78,1,6
بحاملين,1,29:12,1,7
بحجارة,1,105:4,1,6
بحديث,1,52:34,1,5
بحر,1,24:40,1,3
بحرب,1,2:279,1,4
بحسبان,1,55:5,1,6
بحق,1,5:116,1,3
بحكمه,1,27:78,1,5
بحمدك,1,2:30,1,5
بحيرة,1,5:103,1,5
بخارج,1,6:122,1,5
بخازنين,1,15:22,1,7
بخالصة,1,38:46,1,6
بخس,1,12:20,1,3
بخسا,1,72:13,1,4
بخل,1,92:8,1,3
بخلاقكم,1,9:69,1,7
بخلقهن,1,46:33,1,6
بخمرهن,1,24:31,1,6
بخمسة,1,3:125,1,5
بخيلك,1,17:64,1,5
بدءوكم,1,9:13,1,6
بدأ,1,29:20,1,3
بدأكم,1,7:29,1,5
بدأنا,1,21:104,1,5
بدخان,1,44:10,1,5
بدعا,1,46:9,1,4
بدعاء,1,19:48,1,5
بدعائك,1,19:4,1,6
بدل,1,27:11,1,3
بدلا,1,18:50,1,4
بدلناهم,1,4:56,1,7
بدم,1,12:18,1,3
بدين,1,2:282,1,4
بدينار,1,3:75,1,6
بدينكم,1,49:16,1,6
بذبح,1,37:107,1,4
بذكرهم,1,23:71,1,6
بذنبه,1,29:40,1,5
بذنوبكم,1,5:18,1,7
بذنوبنا,1,40:11,1,7
برءوسكم,1,5:6,1,7
برآء,1,60:4,1,4
برأس,1,7:150,1,4
برأسي,1,20:94,1,5
براء,1,43:26,1,4
برادي,1,16:71,1,5
برازقين,1,15:20,1,7
بربه,1,72:13,1,4
بربوة,1,2:265,1,5
برجال,1,72:6,1,5
برجلك,1,38:42,1,5
برحمتنا,1,12:56,1,7
برد,1,24:43,1,3
بردهن,1,2:228,1,5
بررة,1,80:16,1,4
برزخا,1,25:53,1,5
برزق,1,18:19,1,4
برسالاتي,1,7:144,1,8
برسلنا,1,57:27,1,6
برسلي,1,5:12,1,5
برسول,1,61:6,1,5
برسوله,1,57:28,1,6
برسولهم,1,40:5,1,7
برشيد,1,11:97,1,5
برق,1,75:7,1,3
برقه,1,24:43,1,4
بركات,1,7:96,1,5
بركنه,1,51:39,1,5
برهانان,1,28:32,1,7
بروج,1,4:78,1,4
بريئا,1,4:112,1,5
بريئون,1,10:41,1,6
بسؤال,1,38:24,1,5
بسا,1,56:5,1,3
بساحتهم,1,37:177,1,7
بساطا,1,71:19,1,5
بسبب,1,22:15,1,4
بسحرك,1,20:57,1,5
بسحره,1,26:35,1,5
بسحرهما,1,20:63,1,7
بسخط,1,3:162,1,4
بسط,1,42:27,1,3
بسطت,1,5:28,1,4
بسكارى,1,22:2,1,6
بسمعهم,1,2:20,1,6
بسور,1,57:13,1,4
بشراكم,1,57:12,1,6
بشرر,1,77:32,1,4
بشرككم,1,35:14,1,6
بشرناك,1,15:55,1,6
بشق,1,16:7,1,3
بشماله,1,69:25,1,6
بشهاب,1,27:7,1,5
بشهاداتهم,1,70:33,1,9
بشهيد,1,4:41,1,5
بصاحبكم,1,34:46,1,7
بصاحبهم,1,7:184,1,7
بصحاف,1,43:71,1,5
بصدقة,1,4:114,1,5
بصدقهم,1,33:24,1,6
بصرت,1,20:96,1,4
بصره,1,45:23,1,4
بصلاتك,1,17:110,1,6
بصوتك,1,17:64,1,5
بضارهم,1,58:10,1,6
بضارين,1,2:102,1,6
بضاعة,1,12:19,1,5
بضاعتنا,1,12:65,1,7
بضنين,1,81:24,1,5
بضياء,1,28:71,1,5
بطائنها,1,55:54,1,7
بطانة,1,3:118,1,5
بطرا,1,8:47,1,4
بطرت,1,28:58,1,4
بطريقتكم,1,20:63,1,8
بطش,1,85:12,1,3
بطشتنا,1,54:36,1,6
بطغواها,1,91:11,1,7
بطني,1,3:35,1,4
بطونه,1,16:66,1,5
بظاهر,1,13:33,1,5
بعاد,1,89:6,1,4
بعالمين,1,12:44,1,7
بعبادة,1,18:110,1,6
بعبده,1,17:1,1,5
بعثر,1,100:9,1,4
بعثرت,1,82:4,1,5
بعثكم,1,31:28,1,5
بعثناكم,1,2:56,1,7
بعثه,1,2:259,1,4
بعدتهم,1,18:22,1,6
بعدك,1,20:85,1,4
بعدكم,1,6:133,1,5
بعدهن,1,24:58,1,5
بعذابكم,1,4:147,1,7
بعرشها,1,27:38,1,6
بعزة,1,26:44,1,4
بعصم,1,60:10,1,4
بعظم,1,6:146,1,4
بعلا,1,37:125,1,4
بعلها,1,4:128,1,5
بعلي,1,11:72,1,4
بعهدكم,1,2:40,1,6
بعهدهم,1,2:177,1,6
بعهدي,1,2:40,1,5
بعورة,1,33:13,1,5
بعوضة,1,2:26,1,5
بغائبين,1,82:16,1,7
بغت,1,49:9,1,3
بغرور,1,7:22,1,5
بغم,1,3:153,1,3
بغى,1,38:22,1,3
بغي,1,22:60,1,3
بغيظكم,1,3:119,1,6
بغيظهم,1,33:25,1,6
بغيكم,1,10:23,1,5
بفاتنين,1,37:162,1,7
بفضل,1,10:58,1,4
بقبس,1,20:10,1,4
بقبول,1,3:37,1,5
بقدرها,1,13:17,1,6
بقرآن,1,10:15,1,5
بقربان,1,3:183,1,6
بقريب,1,11:81,1,5
بقلها,1,2:61,1,5
بقميصي,1,12:93,1,6
بقنطار,1,3:75,1,6
بقي,1,2:278,1,3
بقية,1,11:116,1,4
بقيت,1,11:86,1,4
بقيعة,1,24:39,1,5
بكأس,1,37:45,1,4
بكاف,1,39:36,1,4
بكافرين,1,6:89,1,7
بكاهن,1,52:29,1,5
بكت,1,44:29,1,3
بكتابكم,1,37:157,1,7
بكتابي,1,27:28,1,6
بكر,1,2:68,1,3
بكفرك,1,39:8,1,5
بكيدهن,1,12:50,1,6
بلاغا,1,72:23,1,5
بلحيتي,1,20:94,1,6
بلدا,1,2:126,1,4
بلغا,1,18:61,1,4
بلغني,1,3:40,1,5
بلونا,1,68:17,1,5
بلوناهم,1,68:17,1,7
بليغا,1,4:63,1,5
بليل,1,28:72,1,4
بم,1,27:35,1,2
بمؤمن,1,12:17,1,5
بمال,1,27:36,1,4
بمثلها,1,10:27,1,6
بمخرجين,1,15:48,1,7
بمزحزحه,1,2:96,1,7
بمستيقنين,1,45:32,1,9
بمسمع,1,35:22,1,5
بمصر,1,10:87,1,4
بمصرخكم,1,14:22,1,7
بمصرخي,1,14:22,1,6
بمصيطر,1,88:22,1,6
بمعجز,1,46:32,1,5
بمغفرة,1,36:11,1,6
بمفازة,1,3:188,1,6
بمفازتهم,1,39:61,1,8
بمقدار,1,13:8,1,6
بمقعدهم,1,9:81,1,7
بمكرهن,1,12:31,1,6
بملكنا,1,20:87,1,6
بملوم,1,51:54,1,5
بمنشرين,1,44:35,1,7
بمواقع,1,56:75,1,6
بموسى,1,7:131,1,5
بميت,1,14:17,1,4
بميتين,1,37:58,1,6
بميثاقهم,1,4:154,1,8
بنات,1,43:16,1,4
بناتك,1,11:79,1,5
بناصيتها,1,11:56,1,8
بنان,1,8:12,1,4
بنانه,1,75:4,1,5
بنخل,1,18:32,1,4
بنصب,1,38:41,1,4
بنصر,1,30:5,1,4
بنعمته,1,3:103,1,6
بنفسك,1,17:14,1,5
بنميم,1,68:11,1,5
بنهر,1,2:249,1,4
بنو,1,10:90,1,3
بنوا,1,9:110,1,4
بنور,1,39:69,1,4
بنورهم,1,2:17,1,6
بنون,1,26:88,1,4
بنيان,1,61:4,1,5
بنيه,1,2:132,1,4
بهاد,1,30:53,1,4
بهادي,1,27:81,1,5
بهتان,1,24:16,1,5
بهجة,1,27:60,1,4
بهدية,1,27:35,1,5
بهديتكم,1,27:36,1,7
بواحدة,1,34:46,1,6
بواد,1,14:37,1,4
بوالدتي,1,19:32,1,7
بوجهه,1,39:24,1,5
بورقكم,1,18:19,1,6
بورك,1,27:8,1,4
بولده,1,2:233,1,5
بولدها,1,2:233,1,6
بيان,1,3:138,1,4
بيانه,1,75:19,1,5
بيته,1,4:100,1,4
بيتها,1,12:23,1,5
بيحيى,1,3:39,1,5
بيدي,1,38:75,1,4
بيناه,1,2:159,1,5
بينت,1,35:40,1,4
بينهن,1,65:12,1,5
بيوتنا,1,33:13,1,6
بيوتهن,1,65:1,1,6
بيوسف,1,12:89,1,5
تأتنا,1,7:132,1,5
تأتوا,1,2:189,1,5
تأتوننا,1,37:28,1,7
تأتوني,1,12:60,1,6
تأثيم,1,52:23,1,5
تأثيما,1,56:25,1,6
تأجرني,1,28:27,1,6
تأخذ,1,20:94,1,4
تأخذكم,1,24:2,1,6
تأخذه,1,2:255,1,5
تأخذهم,1,36:49,1,6
تأخذونه,1,4:21,1,7
تأخذونها,1,48:20,1,8
تأسوا,1,57:23,1,5
تأكله,1,3:183,1,5
تأكلوها,1,4:6,1,7
تأمرك,1,11:87,1,5
تأمرنا,1,25:60,1,6
تأمرهم,1,52:32,1,6
تأمروننا,1,34:33,1,8
تأمروني,1,39:64,1,7
تأمرين,1,27:33,1,6
تأمنا,1,12:11,1,5
تؤاخذنا,1,2:286,1,7
تؤاخذني,1,18:73,1,7
تؤتوا,1,4:5,1,5
تؤتون,1,12:66,1,5
تؤتونهن,1,4:127,1,7
تؤتوه,1,5:41,1,5
تؤثرون,1,87:16,1,6
تؤدوا,1,4:58,1,5
تؤذوا,1,33:53,1,5
تؤذونني,1,61:5,1,7
تؤزهم,1,19:83,1,5
تؤويه,1,70:13,1,5
تائبات,1,66:5,1,6
تابا,1,4:16,1,4
تارك,1,11:12,1,4
تباب,1,40:37,1,4
تبارا,1,71:28,1,5
تباشروهن,1,2:187,1,8
تبايعتم,1,2:282,1,7
تبتغون,1,4:94,1,6
تبتيلا,1,73:8,1,6
تبخلوا,1,47:37,1,6
تبدونها,1,6:91,1,7
تبدوه,1,3:29,1,5
تبذر,1,17:26,1,4
تبذيرا,1,17:26,1,6
تبرءوا,1,2:167,1,6
تبرأنا,1,28:63,1,6
تبرج,1,33:33,1,4
تبرجن,1,33:33,1,5
تبرنا,1,25:39,1,5
تبروا,1,2:224,1,5
تبروهم,1,60:8,1,6
تبسطها,1,17:29,1,6
تبسل,1,6:70,1,4
تبشرون,1,15:54,1,6
تبصرة,1,50:8,1,5
تبعثون,1,23:16,1,6
تبعني,1,14:36,1,5
تبعوا,1,2:145,1,5
تبغ,1,28:77,1,3
تبغوا,1,4:34,1,5
تبغونها,1,3:99,1,7
تبغي,1,49:9,1,4
تبقي,1,74:28,1,4
تبكون,1,53:60,1,5
تبلغ,1,17:37,1,4
تبلو,1,10:30,1,4
تبلى,1,86:9,1,4
تبوء,1,5:29,1,4
تبوءوا,1,59:9,1,6
تبوآ,1,10:87,1,4
تبوئ,1,3:121,1,4
تبور,1,35:29,1,4
تبيانا,1,16:89,1,6
تبيد,1,18:35,1,4
تبيض,1,3:106,1,4
تبيعا,1,17:69,1,5
تبينت,1,34:14,1,5
تتبدلوا,1,4:2,1,7
تتبعان,1,10:89,1,6
تتبعن,1,20:93,1,5
تتبعها,1,79:7,1,6
تتبعونا,1,48:15,1,7
تتبيب,1,11:101,1,5
تتجافى,1,32:16,1,6
تتخذ,1,18:86,1,4
تتركه,1,7:176,1,5
تتركوا,1,9:16,1,6
تترى,1,23:44,1,4
تتفرقوا,1,42:13,1,7
تتفكروا,1,34:46,1,7
تتقلب,1,24:37,1,5
تتكبر,1,7:13,1,5
تتلون,1,2:44,1,5
تتمارى,1,53:55,1,6
تتمنوا,1,4:32,1,6
تتناجوا,1,58:9,1,7
تتنزل,1,41:30,1,5
تتوبا,1,66:4,1,5
تثبيتا,1,4:66,1,6
تثريب,1,12:92,1,5
تثقفنهم,1,8:57,1,7
تثير,1,2:71,1,4
تجأروا,1,23:65,1,6
تجأرون,1,16:53,1,6
تجادلك,1,58:1,1,6
تجادلوا,1,29:46,1,7
تجارتهم,1,2:16,1,7
تجتنبوا,1,4:31,1,7
تجرمون,1,11:35,1,6
تجريان,1,55:50,1,6
تجسسوا,1,49:12,1,6
تجعلونه,1,6:91,1,7
تجمعوا,1,4:23,1,6
تجهروا,1,49:2,1,6
تجوع,1,20:118,1,4
تحاضون,1,89:18,1,6
تحاوركما,1,58:1,1,8
تحبرون,1,43:70,1,6
تحبسونهما,1,5:106,1,9
تحبط,1,49:2,1,4
تحبوا,1,2:216,1,5
تحبونها,1,61:13,1,7
تحبونهم,1,3:119,1,7
تحتك,1,19:24,1,4
تحته,1,18:82,1,4
تحتي,1,43:51,1,4
تحدث,1,99:4,1,4
تحذرون,1,9:64,1,6
تحرثون,1,56:63,1,6
تحرص,1,16:37,1,4
تحرك,1,75:16,1,4
تحرم,1,66:1,1,4
تحرموا,1,5:87,1,6
تحروا,1,72:14,1,5
تحرير,1,5:89,1,5
تحس,1,19:98,1,3
تحسب,1,25:44,1,4
تحسبنهم,1,3:188,1,7
تحسبها,1,27:88,1,6
تحسبهم,1,59:14,1,6
تحسبوه,1,24:11,1,6
تحسدوننا,1,48:15,1,8
تحسنوا,1,4:128,1,6
تحسونهم,1,3:152,1,7
تحصنا,1,24:33,1,5
تحصنون,1,12:48,1,6
تحصوه,1,73:20,1,5
تحكم,1,39:46,1,4
تحكموا,1,4:58,1,6
تحلة,1,66:2,1,4
تحلقوا,1,2:196,1,6
تحلوا,1,5:2,1,5
تحملنا,1,2:286,1,6
تحنث,1,38:44,1,4
تحيد,1,50:19,1,4
تحيطوا,1,27:84,1,6
تحيون,1,7:25,1,5
تحيي,1,2:260,1,4
تخاصم,1,38:64,1,5
تخاف,1,20:77,1,4
تخافا,1,20:46,1,5
تخافت,1,17:110,1,5
تخافن,1,8:58,1,5
تخافوا,1,41:30,1,6
تخافونهم,1,30:28,1,8
تخافوهم,1,3:175,1,7
تخافي,1,28:7,1,5
تخالطوهم,1,2:220,1,8
تختانون,1,2:187,1,7
تختصموا,1,50:28,1,7
تختصمون,1,39:31,1,7
تخرجوا,1,9:83,1,6
تخرجوهن,1,65:1,1,7
تخرصون,1,6:148,1,6
تخرق,1,17:37,1,4
تخزنا,1,3:194,1,5
تخزني,1,26:87,1,5
تخسروا,1,55:9,1,6
تخسير,1,11:63,1,5
تخشاه,1,33:37,1,5
تخشع,1,57:16,1,4
تخشوا,1,5:44,1,5
تخشون,1,9:24,1,5
تخشوه,1,9:13,1,5
تخشى,1,20:77,1,4
تخضعن,1,33:32,1,5
تخطه,1,29:48,1,4
تخفوا,1,3:29,1,5
تخفوها,1,2:271,1,6
تخفى,1,69:18,1,4
تخفيف,1,2:178,1,5
تخلدون,1,26:129,1,6
تخلف,1,3:194,1,4
تخلفه,1,20:97,1,5
تخلق,1,5:110,1,4
تخلقونه,1,56:59,1,7
تخوف,1,16:47,1,4
تخونوا,1,8:27,1,6
تخويفا,1,17:59,1,6
تخيرون,1,68:38,1,6
تداركه,1,68:49,1,6
تداينتم,1,2:282,1,7
تدخرون,1,3:49,1,6
تدخل,1,3:192,1,4
تدخلوها,1,24:28,1,7
تدرك,1,36:40,1,4
تدركه,1,6:103,1,5
تدرون,1,4:11,1,5
تدعهم,1,18:57,1,5
تدعو,1,70:17,1,4
تدعوننا,1,14:9,1,7
تدعونه,1,6:63,1,6
تدعى,1,45:28,1,4
تدمر,1,46:25,1,4
تدهن,1,68:9,1,4
تدور,1,33:19,1,4
تديرونها,1,2:282,1,8
تذبحوا,1,2:67,1,6
تذرني,1,21:89,1,5
تذرهم,1,71:27,1,5
تذروه,1,18:45,1,5
تذليلا,1,76:14,1,6
تذهب,1,35:8,1,4
تذهبوا,1,12:13,1,6
تذهبون,1,81:26,1,6
تذهل,1,22:2,1,4
تذودان,1,28:23,1,6
تراءت,1,8:48,1,5
تراءى,1,26:61,1,5
تراضوا,1,2:232,1,6
تراضيتم,1,4:24,1,7
تراهم,1,48:29,1,5
تراود,1,12:30,1,5
تربص,1,2:226,1,4
تربصوا,1,52:31,1,6
تربصون,1,9:52,1,6
ترتابوا,1,2:282,1,7
ترتدوا,1,5:21,1,6
ترثوا,1,4:19,1,5
ترجعونها,1,56:87,1,8
ترجعوهن,1,60:10,1,7
ترجمون,1,44:20,1,6
ترجو,1,28:86,1,4
ترجون,1,71:13,1,5
ترجوها,1,17:28,1,6
ترجي,1,33:51,1,4
ترد,1,5:108,1,3
تردى,1,92:11,1,4
ترزقانه,1,12:37,1,7
ترضاها,1,2:144,1,6
ترضوا,1,9:96,1,5
ترضون,1,2:282,1,5
ترضونها,1,9:24,1,7
ترفع,1,24:36,1,4
ترفعوا,1,49:2,1,6
ترقب,1,20:94,1,4
ترقى,1,17:93,1,4
تركبون,1,43:12,1,6
تركتموها,1,59:5,1,8
تركضوا,1,21:13,1,6
تركنا,1,29:35,1,5
تركناها,1,54:15,1,7
تركنوا,1,11:113,1,6
ترمي,1,77:32,1,4
ترميهم,1,105:4,1,6
ترن,1,18:39,1,3
ترهبون,1,8:60,1,6
ترهقني,1,18:73,1,6
ترهقها,1,80:41,1,6
ترونهم,1,7:27,1,6
تريحون,1,16:6,1,6
ترين,1,19:26,1,4
تريني,1,23:93,1,5
تزال,1,5:13,1,4
تزاور,1,18:17,1,5
تزداد,1,13:8,1,5
تزدري,1,11:31,1,5
تزرعون,1,12:47,1,6
تزرعونه,1,56:64,1,7
تزغ,1,3:8,1,3
تزكوا,1,53:32,1,5
تزولا,1,35:41,1,5
تزيدونني,1,11:63,1,8
تزيلوا,1,48:25,1,6
تسأل,1,2:119,1,4
تسألن,1,11:46,1,5
تسألني,1,18:70,1,6
تسأموا,1,2:282,1,6
تسؤكم,1,5:101,1,5
تساءلون,1,4:1,1,7
تساقط,1,19:25,1,5
تسبح,1,17:44,1,4
تسبحون,1,68:28,1,6
تسبوا,1,6:108,1,5
تسبيحهم,1,17:44,1,7
تستأخرون,1,34:30,1,8
تستأنسوا,1,24:27,1,8
تستترون,1,41:22,1,7
تستخفونها,1,16:80,1,9
تسترضعوا,1,2:233,1,8
تستطع,1,18:78,1,5
تستطيعوا,1,4:129,1,8
تستطيعون,1,25:19,1,8
تستعجل,1,46:35,1,6
تستعجلوه,1,16:1,1,8
تستغفرون,1,27:46,1,8
تستغيثون,1,8:9,1,8
تستفت,1,18:22,1,5
تستفتحوا,1,8:19,1,8
تستفتيان,1,12:41,1,8
تستقدمون,1,34:30,1,8
تستقسموا,1,5:3,1,8
تستكثر,1,74:6,1,6
تستمعون,1,26:25,1,7
تستهزئون,1,9:65,1,8
تسجدوا,1,41:37,1,6
تسحرون,1,23:89,1,6
تسخروا,1,11:38,1,6
تسخرون,1,11:38,1,6
تسر,1,2:69,1,3
تسرحون,1,16:6,1,6
تسريح,1,2:229,1,5
تسطع,1,18:82,1,4
تسعا,1,18:25,1,4
تسفكون,1,2:84,1,6
تسقى,1,88:5,1,4
تسقي,1,2:71,1,4
تسكن,1,28:58,1,4
تسكنون,1,28:72,1,6
تسلمون,1,16:81,1,6
تسمعوا,1,41:26,1,6
تسمى,1,76:18,1,4
تسمية,1,53:27,1,5
تسنيم,1,83:27,1,5
تسوروا,1,38:21,1,6
تسوى,1,4:42,1,4
تسيمون,1,16:10,1,6
تشابهت,1,2:118,1,6
تشاقون,1,16:27,1,6
تشتهي,1,41:31,1,5
تشتهيه,1,43:71,1,6
تشخص,1,14:42,1,4
تشطط,1,38:22,1,4
تشكروا,1,39:7,1,6
تشمت,1,7:150,1,4
تشيع,1,24:19,1,4
تصاحبني,1,18:76,1,7
تصبحون,1,30:17,1,6
تصبر,1,18:68,1,4
تصبكم,1,3:120,1,5
تصدق,1,5:45,1,4
تصدقوا,1,2:280,1,6
تصدقون,1,56:57,1,6
تصدون,1,3:99,1,5
تصدونا,1,14:10,1,6
تصدى,1,80:6,1,4
تصرف,1,12:33,1,4
تصعدون,1,3:153,1,6
تصعر,1,31:18,1,4
تصف,1,16:116,1,3
تصلحوا,1,4:129,1,6
تصلى,1,88:4,1,4
تصنعون,1,29:45,1,6
تصوموا,1,2:184,1,6
تصيبن,1,8:25,1,5
تصيبنا,1,5:52,1,6
تصيبوا,1,49:6,1,6
تصير,1,42:53,1,4
تضار,1,2:233,1,4
تضاروهن,1,65:6,1,7
تضحكون,1,23:110,1,6
تضحى,1,20:119,1,4
تضربوا,1,16:74,1,6
تضرعوا,1,6:43,1,6
تضرونه,1,11:57,1,6
تضروه,1,9:39,1,5
تضعوا,1,4:102,1,5
تضعون,1,24:58,1,5
تضليل,1,105:2,1,5
تطئوها,1,33:27,1,6
تطئوهم,1,48:25,1,6
تطرد,1,6:52,1,4
تطعمون,1,5:89,1,6
تطعه,1,96:19,1,4
تطمئن,1,13:28,1,5
تطهرن,1,2:222,1,5
تطهرهم,1,9:103,1,6
تطهيرا,1,33:33,1,6
تطيرنا,1,36:18,1,6
تطيعوه,1,24:54,1,6
تظلموا,1,9:36,1,6
تظمأ,1,20:119,1,4
تظن,1,75:25,1,3
تظهرون,1,30:18,1,6
تعاسرتم,1,65:6,1,7
تعاونوا,1,5:2,1,7
تعبثون,1,26:128,1,6
تعبرون,1,12:43,1,6
تعتدونها,1,33:49,1,8
تعتدوها,1,2:229,1,7
تعجب,1,13:5,1,4
تعجبون,1,53:59,1,6
تعد,1,18:28,1,3
تعدل,1,6:70,1,4
تعذب,1,18:86,1,4
تعرج,1,70:4,1,4
تعرض,1,5:42,1,4
تعرضن,1,17:28,1,5
تعرضوا,1,4:135,1,6
تعرضون,1,69:18,1,6
تعرفهم,1,2:273,1,6
تعرى,1,20:118,1,4
تعزموا,1,2:235,1,6
تعظون,1,7:164,1,5
تعلمن,1,18:66,1,5
تعلمها,1,11:49,1,6
تعلمهم,1,9:101,1,6
تعلمونهم,1,8:60,1,8
تعلمونهن,1,5:4,1,8
تعلموهم,1,48:25,1,7
تعمدت,1,33:5,1,5
تعمل,1,21:74,1,4
تعودون,1,7:29,1,6
تعولوا,1,4:3,1,6
تغتسلوا,1,4:43,1,7
تغرب,1,18:86,1,4
تغشاها,1,7:189,1,6
تغفلون,1,4:102,1,6
تغلبون,1,41:26,1,6
تغمضوا,1,2:267,1,6
تغيض,1,13:8,1,4
تغيظا,1,25:12,1,5
تفادوهم,1,2:85,1,7
تفاوت,1,67:3,1,5
تفتأ,1,12:85,1,4
تفتح,1,7:40,1,4
تفتروا,1,20:61,1,6
تفتنون,1,27:47,1,6
تفتني,1,9:49,1,5
تفثهم,1,22:29,1,5
تفجر,1,17:90,1,4
تفرح,1,28:76,1,4
تفرحوا,1,57:23,1,6
تفرضوا,1,2:236,1,6
تفرق,1,98:4,1,4
تفرون,1,62:8,1,5
تفسحوا,1,58:11,1,6
تفسقون,1,46:20,1,6
تفسيرا,1,25:33,1,6
تفشلا,1,3:122,1,5
تفصيلا,1,17:12,1,6
تفضحون,1,15:68,1,6
تفعل,1,5:67,1,4
تفعلوه,1,8:73,1,6
تفقدون,1,12:71,1,6
تفقهون,1,17:44,1,6
تفكهون,1,56:65,1,6
تفلحوا,1,18:20,1,6
تفندون,1,12:94,1,6
تفور,1,67:7,1,4
تفيء,1,49:9,1,4
تق,1,40:9,1,2
تقاة,1,3:28,1,4
تقاتل,1,3:13,1,5
تقاتلونهم,1,48:16,1,9
تقاتلوهم,1,2:191,1,8
تقاته,1,3:102,1,5
تقاسموا,1,27:49,1,7
تقبلوا,1,24:4,1,6
تقتلني,1,28:19,1,6
تقتلوه,1,28:9,1,6
تقتلوهم,1,8:17,1,7
تقتيلا,1,33:61,1,6
تقدم,1,48:2,1,4
تقربكم,1,34:37,1,6
تقربون,1,12:60,1,6
تقربوها,1,2:187,1,7
تقربوهن,1,2:222,1,7
تقرضهم,1,18:17,1,6
تقرضوا,1,64:17,1,6
تقسطوا,1,4:3,1,6
تقسموا,1,24:53,1,6
تقشعر,1,39:23,1,5
تقصروا,1,4:101,1,6
تقصص,1,12:5,1,4
تقضي,1,20:72,1,4
تقع,1,22:65,1,3
تقعد,1,6:68,1,4
تقف,1,17:36,1,3
تقل,1,17:23,1,3
تقلبون,1,29:21,1,6
تقنطوا,1,39:53,1,6
تقهر,1,93:9,1,4
تقواهم,1,47:17,1,6
تقولن,1,18:23,1,5
تقوله,1,52:33,1,5
تقويم,1,95:4,1,5
تقيموا,1,5:68,1,6
تكبيرا,1,17:111,1,6
تكتبوه,1,2:282,1,6
تكتبوها,1,2:282,1,7
تكتموا,1,2:283,1,6
تكتمونه,1,3:187,1,7
تكذبوا,1,29:18,1,6
تكذيب,1,85:19,1,5
تكرمون,1,89:17,1,6
تكره,1,10:99,1,4
تكفر,1,2:102,1,4
تكلمهم,1,27:82,1,6
تكلمون,1,23:108,1,6
تكليما,1,4:164,1,6
تكنزون,1,9:35,1,6
تلاها,1,91:2,1,5
تلاوته,1,2:121,1,6
تلبثوا,1,33:14,1,6
تلبسوا,1,2:42,1,6
تلبسون,1,3:71,1,6
تلظى,1,92:14,1,4
تلفح,1,23:104,1,4
تلقوا,1,2:195,1,5
تلقون,1,60:1,1,5
تلقونه,1,24:15,1,6
تلقوه,1,3:143,1,5
تلكم,1,7:43,1,4
تلكما,1,7:22,1,5
تلمزوا,1,49:11,1,6
تلهكم,1,63:9,1,5
تلهى,1,80:10,1,4
تلهيهم,1,24:37,1,6
تلوته,1,10:16,1,5
تلوموني,1,14:22,1,7
تلووا,1,4:135,1,5
تلوون,1,3:153,1,5
تليت,1,8:2,1,4
تلين,1,39:23,1,4
تمار,1,18:22,1,4
تماما,1,6:154,1,5
تمت,1,39:42,1,3
تمترن,1,43:61,1,5
تمتعون,1,33:16,1,6
تمر,1,27:88,1,3
تمرحون,1,40:75,1,6
تمسسكم,1,3:120,1,6
تمسسه,1,24:35,1,5
تمسكوا,1,60:10,1,6
تمسكوهن,1,2:231,1,7
تمسون,1,30:17,1,5
تمشون,1,57:28,1,5
تمكرون,1,10:21,1,6
تملكهم,1,27:23,1,6
تملى,1,25:5,1,4
تمنعهم,1,21:43,1,6
تمنن,1,74:6,1,4
تمنها,1,26:22,1,5
تمهيدا,1,74:14,1,6
تموتون,1,7:25,1,6
تميز,1,67:8,1,4
تنابزوا,1,49:11,1,7
تناجيتم,1,58:9,1,7
تنازعتم,1,4:59,1,7
تنازعوا,1,8:46,1,7
تناصرون,1,37:25,1,7
تناله,1,5:94,1,5
تنالوا,1,3:92,1,6
تنبئهم,1,9:64,1,6
تنبئونه,1,13:33,1,7
تنبتوا,1,27:60,1,6
تنتشرون,1,30:20,1,7
تنتصران,1,55:35,1,7
تنجيكم,1,61:10,1,6
تنحتون,1,37:95,1,6
تنزع,1,54:20,1,4
تنزلت,1,26:210,1,5
تنس,1,28:77,1,3
تنسوا,1,2:237,1,5
تنصروا,1,47:7,1,6
تنصروه,1,9:40,1,6
تنفد,1,18:109,1,4
تنفذوا,1,55:33,1,6
تنفذون,1,55:33,1,6
تنفس,1,81:18,1,4
تنفعكم,1,60:3,1,6
تنفعها,1,2:123,1,6
تنفعهم,1,74:48,1,6
تنقذ,1,39:19,1,4
تنقص,1,50:4,1,4
تنقصوا,1,11:84,1,6
تنقضوا,1,16:91,1,6
تنقم,1,7:126,1,4
تنقمون,1,5:59,1,6
تنكح,1,2:230,1,4
تنكرون,1,40:81,1,6
تنكصون,1,23:66,1,6
تنكيلا,1,4:84,1,6
تنهر,1,93:10,1,4
تنهرهما,1,17:23,1,7
تنهون,1,4:31,1,5
تنهى,1,29:45,1,4
تنيا,1,20:42,1,4
تهجرون,1,23:67,1,6
تهدوا,1,4:88,1,5
توارت,1,38:32,1,5
تواعدتم,1,8:42,1,7
تواعدوهن,1,2:235,1,8
توبتهم,1,3:90,1,6
توجل,1,15:53,1,4
توجه,1,28:22,1,4
تود,1,3:30,1,3
تورون,1,56:71,1,5
توسوس,1,50:16,1,5
توصون,1,4:12,1,5
توصية,1,36:50,1,5
توعظون,1,58:3,1,6
توفاهم,1,4:97,1,6
توفته,1,6:61,1,5
توفتهم,1,47:27,1,6
توفني,1,12:101,1,5
توفون,1,3:185,1,5
توفيتني,1,5:117,1,7
توفيقي,1,11:88,1,6
توقدون,1,36:80,1,6
توقنون,1,13:2,1,6
توكلوا,1,10:84,1,6
توكيدها,1,16:91,1,7
تول,1,27:28,1,3
تولاه,1,22:4,1,5
تولج,1,3:27,1,4
تولون,1,40:33,1,5
تيأسوا,1,12:87,1,6
تيمموا,1,2:267,1,6
ثابت,1,14:24,1,4
ثاقب,1,37:10,1,4
ثالث,1,5:73,1,4
ثاويا,1,28:45,1,5
ثبات,1,4:71,1,4
ثبتناك,1,17:74,1,6
ثبوتها,1,16:94,1,6
ثجاجا,1,78:14,1,5
ثقالا,1,7:57,1,5
ثلاثون,1,46:15,1,6
ثلاثين,1,7:142,1,6
ثلثا,1,4:11,1,4
ثلثي,1,73:20,1,4
ثماني,1,28:27,1,5
ثمانين,1,24:4,1,6
ثمر,1,18:34,1,3
ثمرة,1,2:25,1,4
ثوب,1,83:36,1,3
ثيابا,1,18:31,1,5
ثيابكم,1,24:58,1,6
ثيابهن,1,24:60,1,6
ثيبات,1,66:5,1,5
جئتك,1,26:30,1,4
جئناكم,1,43:78,1,6
جئناهم,1,7:52,1,6
جاءتك,1,39:59,1,5
جاءتنا,1,7:126,1,6
جاءته,1,2:211,1,5
جاءتها,1,10:22,1,6
جائر,1,16:9,1,4
جابوا,1,89:9,1,5
جاثية,1,45:28,1,5
جادلتم,1,4:109,1,6
جادلتنا,1,11:32,1,7
جادلوك,1,22:68,1,6
جار,1,8:48,1,3
جارية,1,88:12,1,5
جاز,1,31:33,1,3
جاعلك,1,2:124,1,5
جالوت,1,2:251,1,5
جامدة,1,27:88,1,5
جاهلون,1,12:89,1,6
جاوزا,1,18:62,1,5
جاوزه,1,2:249,1,5
جباههم,1,9:35,1,6
جبلا,1,36:62,1,4
جحدوا,1,11:59,1,5
جد,1,72:3,1,2
جدارا,1,18:77,1,5
جدال,1,2:197,1,4
جدالنا,1,11:32,1,6
جدد,1,35:27,1,3
جدر,1,59:14,1,3
جذاذا,1,21:58,1,5
جذع,1,19:23,1,3
جذوة,1,28:29,1,4
جذوع,1,20:71,1,4
جراد,1,54:7,1,4
جرحتم,1,6:60,1,5
جرزا,1,18:8,1,4
جرف,1,9:109,1,3
جزء,1,15:44,1,3
جزاؤكم,1,17:63,1,6
جزوعا,1,70:20,1,5
جزيتهم,1,23:111,1,6
جعلا,1,7:190,1,4
جعلتم,1,16:91,1,5
جعلته,1,51:42,1,5
جعلها,1,12:100,1,5
جفاء,1,13:17,1,4
جلابيبهن,1,33:59,1,8
جلاها,1,91:3,1,5
جلودا,1,4:56,1,5
جلودكم,1,41:22,1,6
جما,1,89:20,1,3
جمال,1,16:6,1,4
جمالت,1,77:33,1,5
جمع,1,104:2,1,3
جمعكم,1,7:48,1,5
جمعناكم,1,77:38,1,7
جمعناهم,1,3:25,1,7
جمعه,1,75:17,1,4
جمعهم,1,42:29,1,5
جمعوا,1,3:173,1,5
جملة,1,25:32,1,4
جن,1,6:76,1,2
جنته,1,18:35,1,4
جنتي,1,89:30,1,4
جنحوا,1,8:61,1,5
جندا,1,19:75,1,4
جندنا,1,37:173,1,5
جنفا,1,2:182,1,4
جنوبكم,1,4:103,1,6
جنوبها,1,22:36,1,6
جنودا,1,9:26,1,5
جنوده,1,27:17,1,5
جنيا,1,19:25,1,4
جهاده,1,22:78,1,5
جهارا,1,71:8,1,5
جهدهم,1,9:79,1,5
جهر,1,13:10,1,3
جهولا,1,33:72,1,5
جو,1,16:79,1,2
جوفه,1,33:4,1,4
جيدها,1,111:5,1,5
جيوبهن,1,24:31,1,6
حاج,1,2:258,1,3
حاججتم,1,3:66,1,6
حاجزا,1,27:61,1,5
حاجزين,1,69:47,1,6
حاجك,1,3:61,1,4
حاجوك,1,3:20,1,5
حاد,1,58:22,1,3
حاذرون,1,26:56,1,6
حارب,1,9:107,1,4
حاسبين,1,21:47,1,6
حاسد,1,113:5,1,4
حاضرا,1,18:49,1,5
حاضري,1,2:196,1,5
حافظ,1,86:4,1,4
حافظا,1,12:64,1,5
حافظات,1,4:34,1,6
حافظوا,1,2:238,1,6
حافين,1,39:75,1,5
حام,1,5:103,1,3
حبب,1,49:7,1,3
حبط,1,5:5,1,3
حتما,1,19:71,1,4
حثيثا,1,7:54,1,5
حجتنا,1,6:83,1,5
حجج,1,28:27,1,3
حجرا,1,25:22,1,4
حجوركم,1,4:23,1,6
حداد,1,33:19,1,4
حدب,1,21:96,1,3
حدوده,1,4:14,1,5
حديدا,1,17:50,1,5
حذرهم,1,4:102,1,5
حرا,1,9:81,1,3
حرام,1,16:116,1,4
حراما,1,10:59,1,5
حرثه,1,42:20,1,4
حرد,1,68:25,1,3
حرسا,1,72:8,1,4
حرصت,1,12:103,1,4
حرصتم,1,4:129,1,5
حرض,1,8:65,1,3
حرضا,1,12:85,1,4
حرف,1,22:11,1,3
حرمات,1,22:30,1,5
حرمها,1,27:91,1,5
حرمهما,1,7:50,1,6
حريص,1,9:128,1,4
حزبه,1,35:6,1,4
حزنا,1,9:92,1,4
حسابك,1,6:52,1,5
حسبت,1,18:9,1,4
حسبته,1,27:44,1,5
حسبتهم,1,76:19,1,6
حسبه,1,65:3,1,4
حسد,1,113:5,1,3
حسدا,1,2:109,1,4
حسرتا,1,39:56,1,5
حسرتنا,1,6:31,1,6
حسنات,1,25:70,1,5
حسنت,1,25:76,1,4
حسنهن,1,33:52,1,5
حسوما,1,69:7,1,5
حسير,1,67:4,1,4
حسيسها,1,21:102,1,6
حشرت,1,81:5,1,4
حشرتني,1,20:125,1,6
حصاده,1,6:141,1,5
حصب,1,21:98,1,3
حصحص,1,12:51,1,4
حصدتم,1,12:47,1,5
حصرت,1,4:90,1,4
حصونهم,1,59:2,1,6
حصيرا,1,17:8,1,5
حضروه,1,46:29,1,5
حطبا,1,72:15,1,4
حفرة,1,3:103,1,4
حفظ,1,4:34,1,3
حفظة,1,6:61,1,4
حفظهما,1,2:255,1,6
حفي,1,7:187,1,3
حفيا,1,19:47,1,4
حقبا,1,18:60,1,4
حقيق,1,7:105,1,4
حكمة,1,54:5,1,4
حكمت,1,5:42,1,4
حكمتم,1,4:58,1,5
حكمه,1,18:26,1,4
حلا,1,3:93,1,3
حلاف,1,68:10,1,4
حلال,1,16:116,1,4
حلفتم,1,5:89,1,5
حللتم,1,5:2,1,5
حليهم,1,7:148,1,5
حمئة,1,18:86,1,4
حمارك,1,2:259,1,5
حمالة,1,111:4,1,5
حمر,1,74:50,1,3
حملتم,1,24:54,1,5
حملناكم,1,69:11,1,7
حملوا,1,62:5,1,5
حمولة,1,6:142,1,5
حمية,1,48:26,1,4
حميدا,1,4:131,1,5
حنيذ,1,11:69,1,4
حنين,1,9:25,1,4
حوبا,1,4:2,1,4
حوتهما,1,18:61,1,6
حور,1,55:72,1,3
حولا,1,18:108,1,4
حولك,1,3:159,1,4
حولين,1,2:233,1,5
حياتكم,1,46:20,1,6
حية,1,20:20,1,3
حيتانهم,1,7:163,1,7
حيران,1,6:71,1,5
حيلة,1,4:98,1,4
حينئذ,1,56:84,1,5
حيوك,1,58:8,1,4
حييتم,1,4:86,1,5
خائبين,1,3:127,1,6
خائفين,1,2:114,1,6
خادعهم,1,4:142,1,6
خاسئا,1,67:4,1,5
خاسرة,1,79:12,1,5
خاشعا,1,59:21,1,5
خاشعون,1,23:2,1,6
خاصة,1,8:25,1,4
خاضعين,1,26:4,1,6
خاضوا,1,9:69,1,5
خاطئة,1,96:16,1,5
خاطبهم,1,25:63,1,6
خافت,1,4:128,1,4
خافضة,1,56:3,1,5
خافوا,1,4:9,1,5
خافية,1,69:18,1,5
خالاتك,1,33:50,1,6
خالاتكم,1,24:61,1,7
خالد,1,47:15,1,4
خالصا,1,16:66,1,5
خالك,1,33:50,1,4
خامدون,1,36:29,1,6
خامدين,1,21:15,1,6
خانوا,1,8:71,1,5
خبت,1,17:97,1,3
خبث,1,7:58,1,3
خبزا,1,12:36,1,4
ختار,1,31:32,1,4
ختامه,1,83:26,1,5
ختم,1,2:7,1,3
خدك,1,31:18,1,3
خذها,1,20:21,1,4
خذولا,1,25:29,1,5
خرابها,1,2:114,1,6
خرجتم,1,60:1,1,5
خرجن,1,2:240,1,4
خرقها,1,18:71,1,5
خروج,1,40:11,1,4
خزائنه,1,15:21,1,6
خسرا,1,65:9,1,4
خسرانا,1,4:119,1,6
خسفنا,1,29:40,1,5
خشب,1,63:4,1,3
خشعا,1,54:7,1,4
خشوعا,1,17:109,1,5
خشيت,1,20:94,1,4
خشيته,1,21:28,1,5
خصاصة,1,59:9,1,5
خصمون,1,43:58,1,5
خصيما,1,4:105,1,5
خطئا,1,17:31,1,4
خطابا,1,78:37,1,5
خطاياهم,1,29:12,1,7
خطبة,1,2:235,1,4
خطبك,1,20:95,1,4
خطبكما,1,28:23,1,6
خطبكن,1,12:51,1,5
خطف,1,37:10,1,3
خطيئاتكم,1,7:161,1,8
خطيئاتهم,1,71:25,1,8
خطيئة,1,4:112,1,5
خطيئته,1,2:81,1,6
خطيئتي,1,26:82,1,6
خفافا,1,9:41,1,5
خفتكم,1,26:21,1,5
خفف,1,8:66,1,3
خفي,1,42:45,1,3
خفيا,1,19:3,1,4
خفيفا,1,7:189,1,5
خلافك,1,17:76,1,5
خلالكم,1,9:47,1,6
خلالهما,1,18:33,1,7
خلة,1,2:254,1,3
خلصوا,1,12:80,1,5
خلطوا,1,9:102,1,5
خلفة,1,25:62,1,4
خلفتموني,1,7:150,1,8
خلفك,1,10:92,1,4
خلفكم,1,36:45,1,5
خلفنا,1,19:64,1,5
خلفها,1,2:66,1,5
خلفوا,1,9:118,1,5
خلقتك,1,19:9,1,5
خلقته,1,15:33,1,5
خلقناهما,1,44:39,1,8
خلقني,1,26:78,1,5
خلقها,1,16:5,1,5
خمر,1,47:15,1,3
خمسه,1,8:41,1,4
خمط,1,34:16,1,3
خنزير,1,6:145,1,5
خوان,1,22:38,1,4
خوانا,1,4:107,1,5
خوض,1,52:12,1,3
خوضهم,1,6:91,1,5
خوفهم,1,24:55,1,5
خولناكم,1,6:94,1,7
خولناه,1,39:49,1,6
خوله,1,39:8,1,4
خيانة,1,8:58,1,5
خيانتك,1,8:71,1,6
خيرات,1,55:70,1,5
خيفته,1,13:13,1,5
خيل,1,59:6,1,3
دأب,1,40:31,1,3
دأبا,1,12:47,1,4
دائبين,1,14:33,1,6
دائم,1,13:35,1,4
دائمون,1,70:23,1,6
داحضة,1,42:16,1,5
داخلون,1,5:22,1,6
داركم,1,11:65,1,5
دافق,1,86:6,1,4
داموا,1,5:24,1,5
دان,1,55:54,1,3
دبره,1,8:16,1,4
دحاها,1,79:30,1,5
دحورا,1,37:9,1,5
دخان,1,41:11,1,4
دخلتموه,1,5:23,1,7
دخله,1,3:97,1,4
دخلوه,1,17:7,1,5
دراستهم,1,6:156,1,7
دراهم,1,12:20,1,5
درست,1,6:105,1,4
دركا,1,20:77,1,4
دري,1,24:35,1,3
دساها,1,91:10,1,5
دعاءكم,1,35:14,1,6
دعاءه,1,17:11,1,5
دعاؤكم,1,25:77,1,6
دعائهم,1,46:5,1,6
دعائي,1,71:6,1,5
دعان,1,2:186,1,4
دعاه,1,27:62,1,4
دعوت,1,71:5,1,4
دعوتك,1,14:44,1,5
دعوتكم,1,14:22,1,6
دعوتكما,1,10:89,1,7
دعي,1,40:12,1,3
دعيتم,1,33:53,1,5
دفء,1,16:5,1,3
دفعتم,1,4:6,1,5
دكاء,1,18:98,1,4
دكة,1,69:14,1,3
دكت,1,89:21,1,3
دلهم,1,34:14,1,4
دلوه,1,12:19,1,4
دليلا,1,25:45,1,5
دما,1,6:145,1,3
دماءكم,1,2:84,1,6
دماؤها,1,22:37,1,6
دمتم,1,5:96,1,4
دمر,1,47:10,1,3
دمرناهم,1,27:51,1,7
دنا,1,53:8,1,3
دهاقا,1,78:34,1,5
دولة,1,59:7,1,4
دونكم,1,3:118,1,5
دوننا,1,21:43,1,5
دونها,1,18:90,1,5
ديارا,1,71:26,1,5
ديارنا,1,2:246,1,6
ذاقا,1,7:22,1,4
ذاهب,1,37:99,1,4
ذبابا,1,22:73,1,5
ذبح,1,5:3,1,3
ذرأنا,1,7:179,1,5
ذراعا,1,69:32,1,5
ذراعيه,1,18:18,1,6
ذرعها,1,69:32,1,5
ذرنا,1,9:86,1,4
ذرني,1,74:11,1,4
ذروا,1,51:1,1,4
ذرونا,1,48:15,1,5
ذروني,1,40:26,1,5
ذريتنا,1,2:128,1,6
ذق,1,44:49,1,2
ذكرانا,1,42:50,1,6
ذكراها,1,79:43,1,6
ذكراهم,1,47:18,1,6
ذكرت,1,17:46,1,4
ذكرتم,1,36:19,1,5
ذكرك,1,94:4,1,4
ذكركم,1,21:10,1,5
ذكرهم,1,23:71,1,5
ذكيتم,1,5:3,1,5
ذلكما,1,12:37,1,5
ذللا,1,16:69,1,4
ذلول,1,2:71,1,4
ذلولا,1,67:15,1,5
ذنبك,1,48:2,1,4
ذنبه,1,55:39,1,4
ذنوب,1,51:59,1,4
ذنوبا,1,51:59,1,5
ذهاب,1,23:18,1,4
ذهبا,1,3:91,1,4
ذهبت,1,60:11,1,4
ذهبنا,1,12:17,1,5
ذهبوا,1,12:15,1,5
ذواتا,1,55:48,1,5
ذواتي,1,34:16,1,5
رآك,1,21:36,1,3
رأته,1,27:44,1,4
رأتهم,1,25:12,1,5
رأسي,1,12:36,1,4
رأوك,1,25:41,1,4
رأوها,1,68:26,1,5
رأوهم,1,83:32,1,5
رأي,1,3:13,1,3
رأيتموه,1,3:143,1,7
رأينه,1,12:31,1,5
رؤياك,1,12:5,1,5
رابيا,1,13:17,1,5
رابية,1,69:10,1,5
راد,1,10:107,1,3
رادوه,1,28:7,1,5
راسيات,1,34:13,1,6
راعنا,1,2:104,1,5
رافعة,1,56:3,1,5
راق,1,75:27,1,3
راكعا,1,38:24,1,5
راكعون,1,5:55,1,6
ران,1,83:14,1,3
راودتن,1,12:51,1,6
راودتني,1,12:26,1,7
راودوه,1,54:37,1,6
رباط,1,8:60,1,4
ربانيين,1,3:79,1,7
ربحت,1,2:16,1,4
ربطنا,1,28:10,1,5
ربما,1,15:2,1,4
ربوة,1,23:50,1,4
ربياني,1,17:24,1,6
ربيون,1,3:146,1,5
رتقا,1,21:30,1,4
رجا,1,56:4,1,3
رجت,1,56:4,1,3
رجسا,1,9:125,1,4
رجسهم,1,9:125,1,5
رجعت,1,41:50,1,4
رجعك,1,9:83,1,4
رجعنا,1,63:8,1,5
رجعه,1,86:8,1,4
رجلان,1,5:23,1,5
رجما,1,18:22,1,4
رجوما,1,67:5,1,5
رحالهم,1,12:62,1,6
رحل,1,12:70,1,3
رحلة,1,106:2,1,4
رحله,1,12:75,1,4
رحما,1,18:81,1,4
رحماء,1,48:29,1,5
رحمتك,1,7:151,1,5
رحمتي,1,29:23,1,5
رحمنا,1,67:28,1,5
رحمناهم,1,23:75,1,7
رحمه,1,6:16,1,4
رحيق,1,83:25,1,4
رخاء,1,38:36,1,4
ردءا,1,28:34,1,4
رددت,1,18:36,1,4
رددنا,1,17:6,1,5
رددناه,1,95:5,1,6
ردف,1,27:72,1,3
ردما,1,18:95,1,4
ردها,1,21:40,1,4
ردوه,1,4:83,1,4
رزقنا,1,2:25,1,5
رزقناه,1,16:75,1,6
رزقهن,1,2:233,1,5
رزقوا,1,2:25,1,5
رسالة,1,7:79,1,5
رسلك,1,3:194,1,4
رسلكم,1,40:50,1,5
رسلي,1,34:45,1,4
رسولها,1,23:44,1,6
رشده,1,21:51,1,4
رشيد,1,11:78,1,4
رضيا,1,19:6,1,4
رضيتم,1,9:83,1,5
رطب,1,6:59,1,3
رطبا,1,19:25,1,4
رعايتها,1,57:27,1,7
رعبا,1,18:18,1,4
رعوها,1,57:27,1,5
رغبا,1,21:90,1,4
رفث,1,2:197,1,3
رفرف,1,55:76,1,4
رفعت,1,88:18,1,4
رفعه,1,4:158,1,4
رفعها,1,55:7,1,5
رفيع,1,40:15,1,4
رفيقا,1,4:69,1,5
رق,1,52:3,1,2
رقود,1,18:18,1,4
ركاب,1,59:6,1,4
ركاما,1,24:43,1,5
ركبا,1,18:71,1,4
ركبانا,1,2:239,1,6
ركبك,1,82:8,1,4
ركبوا,1,29:65,1,5
ركزا,1,19:98,1,4
ركعا,1,48:29,1,4
ركن,1,11:80,1,3
ركوبهم,1,36:72,1,6
رمزا,1,3:41,1,4
رمضان,1,2:185,1,5
رمى,1,8:17,1,3
رميم,1,36:78,1,4
رهبة,1,59:13,1,4
رهط,1,27:48,1,3
رهطك,1,11:91,1,4
رهوا,1,44:24,1,4
رهين,1,52:21,1,4
رهينة,1,74:38,1,5
رواكد,1,42:33,1,5
روحا,1,42:52,1,4
روحه,1,32:9,1,4
روضات,1,42:22,1,5
روضة,1,30:15,1,4
رويدا,1,86:17,1,5
ريبة,1,9:110,1,4
ريبهم,1,9:45,1,5
ريحكم,1,8:46,1,5
ريع,1,26:128,1,3
زادته,1,9:124,1,5
زادتهم,1,8:2,1,6
زادوكم,1,9:47,1,6
زادوهم,1,11:101,1,6
زاغ,1,53:17,1,3
زاغوا,1,61:5,1,5
زالت,1,21:15,1,4
زالتا,1,35:41,1,5
زان,1,24:3,1,3
زانية,1,24:3,1,5
زاهق,1,21:18,1,4
زبد,1,13:17,1,3
زبدا,1,13:17,1,4
زبرا,1,23:53,1,4
زجاجة,1,24:35,1,5
زجرا,1,37:2,1,4
زحزح,1,3:185,1,4
زحفا,1,8:15,1,4
زخرفها,1,10:24,1,6
زد,1,73:4,1,2
زدني,1,20:114,1,4
زرتم,1,102:2,1,4
زرع,1,14:37,1,3
زرقا,1,20:102,1,4
زعم,1,64:7,1,3
زعمت,1,17:92,1,4
زقوم,1,56:52,1,4
زكاها,1,91:9,1,5
زكى,1,24:21,1,3
زكيا,1,19:19,1,4
زكية,1,18:74,1,4
زلتم,1,40:34,1,4
زلزالا,1,33:11,1,6
زلزالها,1,99:1,1,7
زلزلة,1,22:1,1,5
زلزلت,1,99:1,1,5
زلفة,1,67:27,1,4
زلقا,1,18:40,1,4
زللتم,1,2:209,1,5
زمهريرا,1,76:13,1,7
زنجبيلا,1,76:17,1,7
زنيم,1,68:13,1,4
زهرة,1,20:131,1,4
زهوقا,1,17:81,1,5
زوال,1,14:44,1,4
زوجا,1,2:230,1,4
زوجان,1,55:52,1,5
زوجت,1,81:7,1,4
زوجك,1,33:37,1,4
زوجناكها,1,33:37,1,8
زوجه,1,21:90,1,4
زيادة,1,9:37,1,5
زيتها,1,24:35,1,5
زيتونة,1,24:35,1,6
زيد,1,33:37,1,3
زيغ,1,3:7,1,3
زينتكم,1,7:31,1,6
زينته,1,28:79,1,5
سآتيكم,1,27:7,1,6
سآوي,1,11:43,1,4
سأتلو,1,18:83,1,5
سأرهقه,1,74:17,1,6
سأستغفر,1,19:47,1,7
سأصرف,1,7:146,1,5
سأصليه,1,74:26,1,6
سأل,1,70:1,1,3
سألتك,1,18:76,1,5
سألتم,1,2:61,1,5
سألتموه,1,14:34,1,7
سألتموهن,1,33:53,1,8
سألقي,1,8:12,1,5
سألك,1,2:186,1,4
سألها,1,5:102,1,5
سألهم,1,67:8,1,5
سألوا,1,4:153,1,5
سأنبئك,1,18:78,1,6
سأنزل,1,6:93,1,5
سؤلك,1,20:36,1,4
سئل,1,2:108,1,3
سئلت,1,81:8,1,4
سئلوا,1,33:14,1,5
ساءت,1,25:66,1,4
سائبة,1,5:103,1,5
سائحات,1,66:5,1,6
سائغ,1,35:12,1,4
سائغا,1,16:66,1,5
سائق,1,50:21,1,4
سائل,1,70:1,1,4
سابغات,1,34:11,1,6
سابقوا,1,57:21,1,6
سابقون,1,23:61,1,6
سابقين,1,29:39,1,6
ساجدا,1,39:9,1,5
سادتنا,1,33:67,1,6
سارقين,1,12:73,1,6
سافلين,1,95:5,1,6
ساق,1,68:42,1,3
ساقطا,1,52:44,1,5
ساقيها,1,27:44,1,6
ساكنا,1,25:45,1,5
سالمون,1,68:43,1,6
سامدون,1,53:61,1,6
سامرا,1,23:67,1,5
سامري,1,20:95,1,5
ساوى,1,18:96,1,4
سبإ,1,27:22,1,3
سبتهم,1,7:163,1,5
سبحوا,1,19:11,1,5
سبعون,1,69:32,1,5
سبقا,1,79:4,1,4
سبقوا,1,8:59,1,5
سبيلنا,1,29:12,1,6
سبيلهم,1,9:5,1,6
ستجدون,1,4:91,1,6
ستدعون,1,48:16,1,6
ستذكرونهن,1,2:235,1,9
سترا,1,18:90,1,4
ستغلبون,1,3:12,1,7
ستكتب,1,43:19,1,5
ستين,1,58:4,1,4
سجدوا,1,4:102,1,5
سجرت,1,81:6,1,4
سجى,1,93:2,1,3
سحار,1,26:37,1,4
سحران,1,28:48,1,5
سحرهم,1,20:66,1,5
سحروا,1,7:116,1,5
سحيق,1,22:31,1,4
سخرنا,1,38:18,1,5
سخرناها,1,22:36,1,7
سخط,1,5:80,1,3
سدرة,1,53:14,1,4
سدى,1,75:36,1,3
سرابا,1,78:20,1,5
سرابيل,1,16:81,1,6
سرابيلهم,1,14:50,1,8
سرادقها,1,18:29,1,7
سربا,1,18:61,1,4
سرحوهن,1,2:231,1,6
سركم,1,6:3,1,4
سريا,1,19:24,1,4
سطحت,1,88:20,1,4
سعدوا,1,11:108,1,5
سعرت,1,81:12,1,4
سعيا,1,2:260,1,4
سعيه,1,53:40,1,4
سعيها,1,17:19,1,5
سفرة,1,80:15,1,4
سفرنا,1,18:62,1,5
سفه,1,2:130,1,3
سفها,1,6:140,1,4
سفينة,1,18:79,1,5
سفيها,1,2:282,1,5
سفيهنا,1,72:4,1,6
سقاية,1,9:19,1,5
سقط,1,7:149,1,3
سقطوا,1,9:49,1,5
سقناه,1,7:57,1,5
سقيت,1,28:25,1,4
سكت,1,7:154,1,3
سكرا,1,16:67,1,4
سكرة,1,50:19,1,4
سكرت,1,15:15,1,4
سكرتهم,1,15:72,1,6
سكنتم,1,65:6,1,5
سكينا,1,12:31,1,5
سكينة,1,2:248,1,5
سل,1,2:211,1,2
سلاسل,1,76:4,1,5
سلسبيلا,1,76:18,1,7
سلسلة,1,69:32,1,5
سلطانه,1,16:100,1,6
سلطانيه,1,69:29,1,7
سلفا,1,43:56,1,4
سلقوكم,1,33:19,1,6
سلككم,1,74:42,1,5
سلكناه,1,26:200,1,6
سلمتم,1,2:233,1,5
سلهم,1,68:40,1,4
سم,1,7:40,1,2
سماكم,1,22:78,1,5
سمعت,1,12:31,1,4
سمعتم,1,4:140,1,5
سمكها,1,79:28,1,5
سموم,1,56:42,1,4
سموهم,1,13:33,1,5
سميتها,1,3:36,1,6
سمين,1,51:26,1,4
سنؤتيهم,1,4:162,1,7
سنا,1,24:43,1,3
سنابل,1,2:261,1,5
سنبلة,1,2:261,1,5
سنبله,1,12:47,1,5
سنجزي,1,6:157,1,5
سندع,1,96:18,1,4
سنراود,1,12:61,1,6
سنريهم,1,41:53,1,6
سنزيد,1,7:161,1,5
سنسمه,1,68:16,1,5
سنشد,1,28:35,1,4
سنطيعكم,1,47:26,1,7
سنعذبهم,1,9:101,1,7
سنعيدها,1,20:21,1,7
سنفرغ,1,55:31,1,5
سنقتل,1,7:127,1,5
سنقرئك,1,87:6,1,6
سنمتعهم,1,11:48,1,7
سننظر,1,27:27,1,5
سهولها,1,7:74,1,6
سوآتكم,1,7:26,1,6
سواعا,1,71:23,1,5
سواك,1,18:37,1,4
سواه,1,32:9,1,4
سواها,1,91:7,1,5
سود,1,35:27,1,3
سور,1,11:13,1,3
سوط,1,89:13,1,3
سوقه,1,48:29,1,4
سول,1,47:25,1,3
سوى,1,20:58,1,3
سيؤتينا,1,9:59,1,7
سيئا,1,9:102,1,4
سيئاتنا,1,3:193,1,7
سيئت,1,67:27,1,4
سيئه,1,17:38,1,4
سيارة,1,12:19,1,5
سيبطله,1,10:81,1,6
سيحلفون,1,9:95,1,7
سيدخلهم,1,9:99,1,7
سيدخلون,1,40:60,1,7
سيدها,1,12:25,1,5
سيذكر,1,87:10,1,5
سيرا,1,52:10,1,4
سيرتها,1,20:21,1,6
سيرحمهم,1,9:71,1,7
سيريكم,1,27:93,1,6
سيصلى,1,111:3,1,5
سيصيبهم,1,39:51,1,7
سيطوقون,1,3:180,1,7
سيغفر,1,7:169,1,5
سيغلبون,1,30:3,1,7
سيكفرون,1,19:82,1,7
سيكون,1,73:20,1,5
سيل,1,34:16,1,3
سيماهم,1,48:29,1,6
سيناء,1,23:20,1,5
سينالهم,1,7:152,1,7
سينين,1,95:2,1,5
سيهديهم,1,47:5,1,7
سيهزم,1,54:45,1,5
شأنهم,1,24:62,1,5
شاخصة,1,21:97,1,5
شاطئ,1,28:30,1,4
شافعين,1,26:100,1,6
شاكر,1,2:158,1,4
شاكرون,1,21:80,1,6
شاكرين,1,7:17,1,6
شاكلته,1,17:84,1,6
شامخات,1,77:27,1,6
شانئك,1,108:3,1,5
شاهدون,1,37:150,1,6
شبه,1,4:157,1,3
شجرت,1,44:43,1,4
شجرتها,1,56:72,1,6
شجرها,1,27:60,1,5
شحومهما,1,6:146,1,7
شدادا,1,78:12,1,5
شرابه,1,35:12,1,5
شرع,1,42:13,1,3
شرعا,1,7:163,1,4
شرعة,1,5:48,1,4
شرعوا,1,42:21,1,5
شرقيا,1,19:16,1,5
شرقية,1,24:35,1,5
شركاءهم,1,16:86,1,7
شركاؤكم,1,6:22,1,7
شركاؤنا,1,16:86,1,7
شره,1,76:7,1,3
شروا,1,2:102,1,4
شريعة,1,45:18,1,5
شطأه,1,48:29,1,4
شعب,1,77:30,1,3
شعوبا,1,49:13,1,5
شغفها,1,12:30,1,5
شغل,1,36:55,1,3
شغلتنا,1,48:11,1,6
شفعاءكم,1,6:94,1,7
شفعاؤنا,1,10:18,1,7
شقا,1,80:26,1,3
شقاقي,1,11:89,1,5
شققنا,1,80:26,1,5
شقوا,1,11:106,1,4
شقوتنا,1,23:106,1,6
شقي,1,11:105,1,3
شكرا,1,34:13,1,4
شكله,1,38:58,1,4
شمائلهم,1,7:17,1,7
شمسا,1,76:13,1,4
شهابا,1,72:9,1,5
شهادتهم,1,43:19,1,7
شهادتهما,1,5:107,1,8
شهدتم,1,41:21,1,5
شهود,1,85:7,1,4
شهيدين,1,2:282,1,6
شهيقا,1,67:7,1,5
شواظ,1,55:35,1,4
شورى,1,42:38,1,4
شياطين,1,6:112,1,6
شياطينهم,1,2:14,1,8
شية,1,2:71,1,3
شيخ,1,28:23,1,3
شيع,1,15:10,1,3
شيعة,1,19:69,1,4
شيوخا,1,40:67,1,5
ص,1,38:1,1,1
صابرة,1,8:66,1,5
صابرون,1,8:65,1,6
صاحبه,1,18:37,1,5
صاحبهم,1,54:29,1,6
صادق,1,19:54,1,4
صادقا,1,40:28,1,5
صارمين,1,68:22,1,6
صاغرين,1,7:119,1,6
صال,1,37:163,1,3
صالو,1,38:59,1,4
صامتون,1,7:193,1,6
صبا,1,80:25,1,3
صباح,1,37:177,1,4
صببنا,1,80:25,1,5
صبحا,1,100:3,1,4
صبحهم,1,54:38,1,5
صبرك,1,16:127,1,4
صبوا,1,44:48,1,4
صخرة,1,31:16,1,4
صد,1,4:55,1,2
صددتم,1,16:94,1,5
صددناكم,1,34:32,1,7
صدرا,1,16:106,1,4
صدقا,1,6:115,1,4
صدقات,1,58:13,1,5
صدقاتكم,1,2:264,1,7
صدقاتهن,1,4:4,1,7
صدقت,1,37:105,1,4
صدقتنا,1,5:113,1,6
صدقكم,1,3:152,1,5
صدقنا,1,39:74,1,5
صدقناهم,1,21:9,1,7
صدودا,1,4:61,1,5
صدوكم,1,5:2,1,5
صديد,1,14:16,1,4
صديق,1,26:101,1,4
صديقة,1,5:75,1,5
صديقكم,1,24:61,1,6
صر,1,3:117,1,2
صراطك,1,7:16,1,5
صراطي,1,6:153,1,5
صرة,1,51:29,1,3
صرح,1,27:44,1,3
صرصر,1,69:6,1,4
صرعى,1,69:7,1,4
صرف,1,9:127,1,3
صرفا,1,25:19,1,4
صرفت,1,7:47,1,4
صرفكم,1,3:152,1,5
صرفناه,1,25:50,1,6
صريخ,1,36:43,1,4
صعدا,1,72:17,1,4
صعقا,1,7:143,1,4
صعودا,1,74:17,1,5
صغار,1,6:124,1,4
صغت,1,66:4,1,3
صغير,1,54:53,1,4
صفحا,1,43:5,1,4
صفر,1,77:33,1,3
صفراء,1,2:69,1,5
صفصفا,1,20:106,1,5
صفوان,1,2:264,1,5
صلاتك,1,9:103,1,5
صلاته,1,24:41,1,5
صلاتي,1,6:162,1,5
صلبوه,1,4:157,1,5
صلحا,1,4:128,1,4
صلدا,1,2:264,1,4
صلوا,1,33:56,1,4
صلوات,1,2:157,1,5
صلواتهم,1,23:9,1,7
صلوه,1,69:31,1,4
صليا,1,19:70,1,4
صما,1,25:73,1,3
صنع,1,27:88,1,3
صنعا,1,18:104,1,4
صنعة,1,21:80,1,4
صوابا,1,78:38,1,5
صواع,1,12:72,1,4
صواف,1,22:36,1,4
صوامع,1,22:40,1,5
صوت,1,49:2,1,3
صوتك,1,31:19,1,4
صورة,1,82:8,1,4
صورناكم,1,7:11,1,7
صوما,1,19:26,1,4
صياصيهم,1,33:26,1,7
صيام,1,2:196,1,4
صياما,1,5:95,1,5
ضاحكا,1,27:19,1,5
ضاحكة,1,80:39,1,5
ضاقت,1,9:118,1,4
ضالا,1,93:7,1,4
ضامر,1,22:27,1,4
ضبحا,1,100:1,1,4
ضدا,1,19:82,1,3
ضربت,1,3:112,1,4
ضربوه,1,43:58,1,5
ضريع,1,88:6,1,4
ضعافا,1,4:9,1,5
ضعفاء,1,2:266,1,5
ضعفوا,1,3:146,1,5
ضغثا,1,38:44,1,4
ضلالة,1,7:61,1,5
ضلالك,1,12:95,1,5
ضللنا,1,32:10,1,5
ضنكا,1,20:124,1,4
ضياء,1,10:5,1,4
ضير,1,26:50,1,3
ضيزى,1,53:22,1,4
ضيفه,1,54:37,1,4
طائر,1,6:38,1,4
طائره,1,17:13,1,5
طائرهم,1,7:131,1,6
طائعين,1,41:11,1,6
طائفتين,1,6:156,1,7
طاب,1,4:3,1,3
طاعم,1,6:145,1,4
طال,1,21:44,1,3
طبتم,1,39:73,1,4
طبق,1,84:19,1,3
طبقا,1,84:19,1,4
طبن,1,4:4,1,3
طحاها,1,91:6,1,5
طردتهم,1,11:30,1,6
طرف,1,42:45,1,3
طرفا,1,3:127,1,4
طرفك,1,27:40,1,4
طرفهم,1,14:43,1,5
طرفي,1,11:114,1,4
طريقة,1,20:104,1,5
طس,1,27:1,1,2
طعاما,1,18:19,1,5
طعامك,1,2:259,1,5
طعامه,1,80:24,1,5
طعمتم,1,33:53,1,5
طعمه,1,47:15,1,4
طعموا,1,5:93,1,5
طغوا,1,89:11,1,4
طلبا,1,18:41,1,4
طلع,1,50:10,1,3
طلعت,1,18:17,1,4
طلقكن,1,66:5,1,5
طمست,1,77:8,1,4
طه,1,20:1,1,2
طهرا,1,2:125,1,4
طوافون,1,24:58,1,6
طوبى,1,13:29,1,4
طور,1,23:20,1,3
طيباتكم,1,46:20,1,7
طيبين,1,16:32,1,5
طير,1,56:21,1,3
طينا,1,17:61,1,4
ظاهر,1,6:120,1,4
ظاهروهم,1,33:26,1,7
ظعنكم,1,16:80,1,5
ظفر,1,6:146,1,3
ظلا,1,4:57,1,3
ظلالا,1,16:81,1,5
ظلاله,1,16:48,1,5
ظلالها,1,76:14,1,6
ظلة,1,7:171,1,3
ظلت,1,20:97,1,3
ظلمك,1,38:24,1,4
ظلمنا,1,7:23,1,5
ظلوما,1,33:72,1,5
ظليل,1,77:31,1,4
ظليلا,1,4:57,1,5
ظمأ,1,9:120,1,3
ظننت,1,69:20,1,4
ظنه,1,34:20,1,3
ظنوا,1,72:7,1,4
ظهرك,1,94:3,1,4
ظهرها,1,35:45,1,5
ظهريا,1,11:92,1,5
ظهوركم,1,6:94,1,6
ظهوره,1,43:13,1,5
ظهورهما,1,6:146,1,7
عائدون,1,44:15,1,6
عائلا,1,93:8,1,5
عابد,1,109:4,1,4
عابدات,1,66:5,1,6
عابري,1,4:43,1,5
عاتية,1,69:6,1,5
عادون,1,26:166,1,5
عاديتم,1,60:7,1,6
عارض,1,46:24,1,4
عارضا,1,46:24,1,5
عاصفة,1,21:81,1,5
عاقب,1,22:60,1,4
عاقبتم,1,16:126,1,6
عاقبتهما,1,59:17,1,8
عاقر,1,3:40,1,4
عاكفا,1,20:97,1,5
عاليا,1,44:31,1,5
عالين,1,23:46,1,5
عاليهم,1,76:21,1,6
عاملة,1,88:3,1,5
عامهم,1,9:28,1,5
عامين,1,31:14,1,5
عاهدت,1,8:56,1,5
عبادتكم,1,10:29,1,7
عبادتي,1,40:60,1,6
عبادكم,1,24:32,1,6
عبثا,1,23:115,1,4
عبدت,1,26:22,1,4
عبدتم,1,109:4,1,5
عبدناهم,1,43:20,1,7
عبدين,1,66:10,1,5
عبرة,1,12:111,1,4
عبوسا,1,76:10,1,5
عتت,1,65:8,1,3
عتل,1,68:13,1,3
عتو,1,67:21,1,3
عثر,1,5:107,1,3
عجاب,1,38:5,1,4
عجبت,1,37:12,1,4
عجبوا,1,50:2,1,5
عجلنا,1,17:18,1,5
عجولا,1,17:11,1,5
عدتم,1,17:8,1,4
عدتهم,1,74:31,1,5
عدوانا,1,4:30,1,6
عدوهم,1,61:14,1,5
عدوي,1,60:1,1,4
عذابهما,1,24:2,1,7
عربا,1,56:37,1,4
عرشك,1,27:42,1,4
عرشه,1,11:7,1,4
عرشها,1,27:41,1,5
عرضة,1,2:224,1,4
عرضتم,1,2:235,1,5
عرضنا,1,33:72,1,5
عرضهم,1,2:31,1,5
عرف,1,66:3,1,3
عرفا,1,77:1,1,4
عرفات,1,2:198,1,5
عرفها,1,47:6,1,5
عريض,1,41:51,1,4
عزا,1,19:81,1,3
عزة,1,38:2,1,3
عزلت,1,33:51,1,4
عزما,1,20:115,1,4
عزمت,1,3:159,1,4
عزموا,1,2:227,1,5
عزير,1,9:30,1,4
عزين,1,70:37,1,4
عسرا,1,18:73,1,4
عسرة,1,2:280,1,4
عسعس,1,81:17,1,4
عسق,1,42:2,1,3
عسل,1,47:15,1,3
عسير,1,74:9,1,4
عسيرا,1,25:26,1,5
عشاء,1,12:16,1,4
عشرون,1,8:65,1,5
عشية,1,79:46,1,4
عشيرتك,1,26:214,1,6
عشيرتهم,1,58:22,1,7
عصاني,1,14:36,1,5
عصاي,1,20:18,1,4
عصفا,1,77:2,1,4
عصوك,1,26:216,1,4
عصوني,1,71:21,1,5
عصيب,1,11:77,1,4
عصيته,1,11:63,1,5
عضدا,1,18:51,1,4
عضدك,1,28:35,1,4
عضوا,1,3:119,1,4
عضين,1,15:91,1,4
عطاؤنا,1,38:39,1,6
عطفه,1,22:9,1,4
عطلت,1,81:4,1,4
عظامه,1,75:3,1,5
عفريت,1,27:39,1,5
عفونا,1,2:52,1,5
عفي,1,2:178,1,3
عقبا,1,18:44,1,4
عقباها,1,91:15,1,6
عقبه,1,43:28,1,4
عقدت,1,4:33,1,4
عقدتم,1,5:89,1,5
عقلوه,1,2:75,1,5
عقيما,1,42:50,1,5
علا,1,28:4,1,3
علق,1,96:2,1,3
علماء,1,26:197,1,5
علمتك,1,5:110,1,5
علمتموهن,1,60:10,1,8
علمتنا,1,2:32,1,6
علمته,1,5:116,1,5
علمني,1,12:37,1,5
علمهم,1,27:66,1,5
علموا,1,2:102,1,5
علمي,1,26:112,1,4
عليكما,1,55:35,1,6
عليون,1,83:19,1,5
عليين,1,83:18,1,5
عم,1,78:1,1,2
عماتك,1,33:50,1,5
عماتكم,1,24:61,1,6
عمرا,1,10:16,1,4
عمرك,1,26:18,1,4
عمره,1,35:11,1,4
عمروها,1,30:9,1,6
عمك,1,33:50,1,3
عملتم,1,64:7,1,5
عملته,1,36:35,1,5
عملك,1,39:65,1,4
عملي,1,10:41,1,4
عموا,1,5:71,1,4
عمون,1,27:66,1,4
عمى,1,41:44,1,3
عميا,1,17:97,1,4
عميق,1,22:27,1,4
عمين,1,7:64,1,4
عنقك,1,17:29,1,4
عنقه,1,17:13,1,4
عنيدا,1,74:16,1,5
عهدنا,1,20:115,1,5
عهده,1,2:80,1,4
عهدي,1,2:124,1,4
عوان,1,2:68,1,4
عورة,1,33:13,1,4
عوقب,1,22:60,1,4
عوقبتم,1,16:126,1,6
عيدا,1,5:114,1,4
عيلة,1,9:28,1,4
عيناك,1,18:28,1,5
عيناه,1,12:84,1,5
عيني,1,20:39,1,4
عينين,1,90:8,1,5
عيونا,1,54:12,1,5
غائبة,1,27:75,1,5
غائبين,1,7:7,1,6
غاسق,1,113:3,1,4
غاشية,1,12:107,1,5
غافر,1,40:3,1,4
غافلا,1,14:42,1,5
غالبون,1,5:23,1,6
غاوين,1,37:32,1,5
غبرة,1,80:40,1,4
غداءنا,1,18:62,1,6
غدقا,1,72:16,1,4
غدوا,1,40:46,1,4
غدوت,1,3:121,1,4
غدوها,1,34:12,1,5
غر,1,8:49,1,2
غرابا,1,5:31,1,5
غراما,1,25:65,1,5
غربت,1,18:17,1,4
غربية,1,24:35,1,5
غرفا,1,29:58,1,4
غرفة,1,2:249,1,4
غرقا,1,79:1,1,4
غرك,1,82:6,1,3
غروبها,1,20:130,1,6
غرور,1,67:20,1,4
غزلها,1,16:92,1,5
غزى,1,3:156,1,3
غسق,1,17:78,1,3
غسلين,1,69:36,1,5
غشى,1,53:54,1,3
غصبا,1,18:79,1,4
غصة,1,73:13,1,3
غضبوا,1,42:37,1,5
غطاء,1,18:101,1,4
غطاءك,1,50:22,1,5
غفارا,1,71:10,1,5
غفر,1,36:27,1,3
غفرانك,1,2:285,1,6
غلا,1,59:10,1,3
غلاظ,1,66:6,1,4
غلبا,1,80:30,1,4
غلبهم,1,30:3,1,5
غلبوا,1,18:21,1,5
غلت,1,5:64,1,3
غلظة,1,9:123,1,4
غلمان,1,52:24,1,5
غم,1,22:22,1,2
غما,1,3:153,1,3
غمة,1,10:71,1,3
غمرات,1,6:93,1,5
غمرتهم,1,23:54,1,6
غنم,1,21:78,1,3
غنمي,1,20:18,1,4
غواش,1,7:41,1,4
غول,1,37:47,1,3
غوى,1,53:2,1,3
غوينا,1,28:63,1,5
غيا,1,19:59,1,3
غيبه,1,72:26,1,4
غيث,1,57:20,1,3
غيرها,1,4:56,1,5
غيظ,1,9:15,1,3
فآت,1,30:38,1,3
فآتاهم,1,3:148,1,6
فآتت,1,2:265,1,4
فآتهم,1,7:38,1,5
فآتوا,1,60:11,1,5
فآتوهم,1,4:33,1,6
فآتينا,1,57:27,1,6
فآخران,1,5:107,1,6
فآذوهما,1,4:16,1,7
فآزره,1,48:29,1,5
فآمنت,1,61:14,1,5
فآواكم,1,8:26,1,6
فآوى,1,93:6,1,4
فأبوا,1,18:77,1,5
فأبين,1,33:72,1,5
فأتبع,1,18:85,1,5
فأتبعنا,1,23:44,1,7
فأتبعوهم,1,26:60,1,8
فأتت,1,19:27,1,4
فأتمهن,1,2:124,1,6
فأتموا,1,9:4,1,6
فأتونا,1,14:10,1,6
فأتوهن,1,2:222,1,6
فأتى,1,16:26,1,4
فأتيا,1,26:16,1,5
فأتياه,1,20:47,1,6
فأثابكم,1,3:153,1,7
فأثابهم,1,5:85,1,7
فأثرن,1,100:4,1,5
فأجاءها,1,19:23,1,7
فأحكم,1,3:55,1,5
فأحياكم,1,2:28,1,7
فأحيينا,1,35:9,1,7
فأحييناه,1,6:122,1,8
فأخذتكم,1,2:55,1,7
فأخذه,1,79:25,1,5
فأخرجناهم,1,26:57,1,9
فأخرجهما,1,2:36,1,8
فأخلفتكم,1,14:22,1,8
فأخلفتم,1,20:86,1,7
فأدخلوا,1,71:25,1,7
فأدلى,1,12:19,1,5
فأذاقها,1,16:112,1,7
فأذاقهم,1,39:26,1,7
فأذنوا,1,2:279,1,6
فأرادوا,1,37:98,1,7
فأراه,1,79:20,1,5
فأردت,1,18:79,1,5
فأردنا,1,18:81,1,6
فأرسله,1,28:34,1,6
فأرسلوا,1,12:19,1,7
فأرسلون,1,12:45,1,7
فأروني,1,31:11,1,6
فأزلهما,1,2:36,1,7
فأسرها,1,12:77,1,6
فأسقط,1,26:187,1,5
فأسقيناكموه,1,15:22,1,11
فأسكناه,1,23:18,1,7
فأشارت,1,19:29,1,6
فأشهدوا,1,4:6,1,7
فأصابتكم,1,5:106,1,8
فأصابه,1,2:264,1,6
فأصابها,1,2:266,1,7
فأصبحت,1,68:20,1,6
فأصحاب,1,56:8,1,6
فأصدق,1,63:10,1,5
فأصلح,1,2:182,1,5
فأصمهم,1,47:23,1,6
فأضلونا,1,33:67,1,7
فأطاعوه,1,43:54,1,7
فأطلع,1,40:37,1,5
فأعذبهم,1,3:56,1,7
فأعقبهم,1,9:77,1,7
فأعينوني,1,18:95,1,8
فأغرقناه,1,17:103,1,8
فأغرينا,1,5:14,1,7
فأغشيناهم,1,36:9,1,9
فأغنى,1,93:8,1,5
فأغويناكم,1,37:32,1,9
فأفوز,1,4:73,1,5
فأقامه,1,18:77,1,6
فأقبره,1,80:21,1,6
فأقبلت,1,51:29,1,6
فأقبلوا,1,37:94,1,7
فأقمت,1,4:102,1,5
فأكثرت,1,11:32,1,6
فأكثروا,1,89:12,1,7
فأكرمه,1,89:15,1,6
فأكلا,1,20:121,1,5
فأكله,1,12:17,1,5
فأكون,1,39:58,1,5
فألف,1,3:103,1,4
فألقاها,1,20:20,1,7
فألقه,1,27:28,1,5
فألقياه,1,50:26,1,7
فألقيه,1,28:7,1,6
فألهمها,1,91:8,1,7
فأماته,1,2:259,1,6
فأمتعه,1,2:126,1,6
فأمطر,1,8:32,1,5
فأمكن,1,8:71,1,5
فأمه,1,101:9,1,4
فأنا,1,43:81,1,4
فأنتم,1,30:28,1,5
فأنجاه,1,29:24,1,6
فأنجيناكم,1,2:50,1,9
فأنجيناهم,1,21:9,1,9
فأنذر,1,74:2,1,5
فأنذرتكم,1,92:14,1,8
فأنساه,1,12:42,1,6
فأنشأنا,1,23:19,1,7
فأنشرنا,1,43:11,1,7
فأنفخ,1,3:49,1,5
فأنفقوا,1,65:6,1,7
فأنقذكم,1,3:103,1,7
فأهلكته,1,3:117,1,7
فأهلكنا,1,43:8,1,7
فأواري,1,5:31,1,6
فأوردهم,1,11:98,1,7
فأوعى,1,70:18,1,5
فأوف,1,12:88,1,4
فأوفوا,1,7:85,1,6
فأوقد,1,28:38,1,5
فأووا,1,18:16,1,5
فأيدنا,1,61:14,1,6
فأين,1,81:26,1,4
فأينما,1,2:115,1,6
فؤاد,1,28:10,1,4
فإطعام,1,58:4,1,6
فإلم,1,11:14,1,4
فإلهكم,1,22:34,1,6
فإليه,1,16:53,1,5
فإمساك,1,2:229,1,6
فئتكم,1,8:19,1,5
فاءت,1,49:9,1,4
فاءوا,1,2:226,1,5
فابتغوا,1,29:17,1,7
فاتباع,1,2:178,1,6
فاتبع,1,75:18,1,5
فاتبعني,1,19:43,1,7
فاتبعها,1,45:18,1,7
فاتخذ,1,18:61,1,5
فاتخذت,1,19:17,1,6
فاتخذتموهم,1,23:110,1,10
فاتخذه,1,73:9,1,6
فاتخذوه,1,35:6,1,7
فاتلوها,1,3:93,1,7
فاثبتوا,1,8:45,1,7
فاجتباه,1,68:50,1,7
فاجتنبوا,1,22:30,1,8
فاجتنبوه,1,5:90,1,8
فاجرا,1,71:27,1,5
فاجلدوا,1,24:2,1,7
فاجلدوهم,1,24:4,1,8
فاجنح,1,8:61,1,5
فاحترقت,1,2:266,1,7
فاحتمل,1,13:17,1,6
فاحذرهم,1,63:4,1,7
فاحذروا,1,5:41,1,7
فاحذروه,1,2:235,1,7
فاحذروهم,1,64:14,1,8
فاختلفوا,1,10:19,1,8
فاخشوهم,1,3:173,1,7
فاخلع,1,20:12,1,5
فادارأتم,1,2:72,1,8
فادخلوها,1,39:73,1,8
فادخلي,1,89:29,1,6
فادرءوا,1,3:168,1,7
فادعوهم,1,7:194,1,7
فادفعوا,1,4:6,1,7
فاذكروني,1,2:152,1,8
فاذهبا,1,26:15,1,6
فارتد,1,12:96,1,5
فارتدا,1,18:64,1,6
فارتقبهم,1,54:27,1,8
فارجع,1,67:3,1,5
فارجعنا,1,32:12,1,7
فارزقوهم,1,4:8,1,8
فارض,1,2:68,1,4
فارغا,1,28:10,1,5
فارغب,1,94:8,1,5
فارقوهن,1,65:2,1,7
فارهين,1,26:149,1,6
فاسأله,1,12:50,1,6
فاسألوهم,1,21:63,1,8
فاسألوهن,1,33:53,1,8
فاستأذنوك,1,9:83,1,9
فاستبشروا,1,9:111,1,9
فاستجبتم,1,14:22,1,8
فاستحبوا,1,41:17,1,8
فاستخف,1,43:54,1,6
فاستشهدوا,1,4:15,1,9
فاستعصم,1,12:32,1,7
فاستغاثه,1,28:15,1,8
فاستغفروه,1,11:61,1,9
فاستغلظ,1,48:29,1,7
فاستقم,1,11:112,1,6
فاستقيما,1,10:89,1,8
فاستكبرتم,1,45:31,1,9
فاستمتعتم,1,9:69,1,9
فاستمتعوا,1,9:69,1,9
فاستمسك,1,43:43,1,7
فاستمع,1,20:13,1,6
فاسجد,1,76:26,1,5
فاسجدوا,1,53:62,1,7
فاسعوا,1,62:9,1,6
فاسق,1,49:6,1,4
فاسقا,1,32:18,1,5
فاسلك,1,23:27,1,5
فاسلكوه,1,69:32,1,7
فاسلكي,1,16:69,1,6
فاسمعون,1,36:25,1,7
فاشهدوا,1,3:81,1,7
فاصدع,1,15:94,1,5
فاصطادوا,1,5:2,1,8
فاضربوا,1,8:12,1,7
فاطلع,1,37:55,1,5
فاطهروا,1,5:6,1,7
فاعبدني,1,20:14,1,7
فاعبدوا,1,39:15,1,7
فاعتبروا,1,59:2,1,8
فاعتدوا,1,2:194,1,7
فاعترفنا,1,40:11,1,8
فاعترفوا,1,67:11,1,8
فاعتزلوا,1,2:222,1,8
فاعتزلون,1,44:21,1,8
فاعتلوه,1,44:47,1,7
فاعدلوا,1,6:152,1,7
فاعفوا,1,2:109,1,6
فاعل,1,18:23,1,4
فاعلون,1,23:4,1,6
فاعمل,1,41:5,1,5
فاغسلوا,1,5:6,1,7
فافتح,1,26:118,1,5
فافرق,1,5:25,1,5
فافسحوا,1,58:11,1,7
فافعلوا,1,2:68,1,7
فاقتلوهم,1,2:191,1,8
فاقذفيه,1,20:39,1,7
فاقرة,1,75:25,1,5
فاقصص,1,7:176,1,5
فاقض,1,20:72,1,4
فاقطعوا,1,5:38,1,7
فاقع,1,2:69,1,4
فاقعدوا,1,9:83,1,7
فاكتبوه,1,2:282,1,7
فاكهون,1,36:55,1,6
فالآن,1,2:187,1,5
فالتاليات,1,37:3,1,9
فالتقطه,1,28:8,1,7
فالتقمه,1,37:142,1,7
فالتقى,1,54:12,1,6
فالتمسوا,1,57:13,1,8
فالجاريات,1,51:3,1,9
فالحاملات,1,51:2,1,9
فالحق,1,38:84,1,5
فالحكم,1,40:12,1,6
فالزاجرات,1,37:2,1,9
فالسابقات,1,79:4,1,9
فالصالحات,1,4:34,1,9
فالعاصفات,1,77:2,1,9
فالفارقات,1,77:4,1,9
فالمدبرات,1,79:5,1,9
فالمغيرات,1,100:3,1,9
فالمقسمات,1,51:4,1,9
فالملقيات,1,77:5,1,9
فالموريات,1,100:2,1,9
فامتحنوهن,1,60:10,1,9
فامشوا,1,67:15,1,6
فامنن,1,38:39,1,5
فان,1,55:26,1,3
فانبجست,1,7:160,1,7
فانبذ,1,8:58,1,5
فانتبذت,1,19:22,1,7
فانتصر,1,54:10,1,6
فانتهوا,1,59:7,1,7
فانتهى,1,2:275,1,6
فانسلخ,1,7:175,1,6
فانشزوا,1,58:11,1,7
فانصب,1,94:7,1,5
فانصرنا,1,2:286,1,7
فانطلقوا,1,68:23,1,8
فانظري,1,27:33,1,6
فانفجرت,1,2:60,1,7
فانفذوا,1,55:33,1,7
فانفروا,1,4:71,1,7
فانفلق,1,26:63,1,6
فانقلبوا,1,3:174,1,8
فانكحوا,1,4:3,1,7
فانكحوهن,1,4:25,1,8
فانهار,1,9:109,1,6
فاه,1,13:14,1,3
فاهبط,1,7:13,1,5
فاهجر,1,74:5,1,5
فاهدوهم,1,37:23,1,7
فباءوا,1,2:90,1,6
فبايعهن,1,60:12,1,7
فبدأ,1,12:76,1,4
فبدت,1,20:121,1,4
فبذلك,1,10:58,1,5
فبرأه,1,33:69,1,5
فبشر,1,39:17,1,4
فبشرناه,1,37:101,1,7
فبشرناها,1,11:71,1,8
فبصرت,1,28:11,1,5
فبصرك,1,50:22,1,5
فبظلم,1,4:160,1,5
فبعزتك,1,38:82,1,6
فبغى,1,28:76,1,4
فبم,1,15:54,1,3
فبهت,1,2:258,1,4
فبهداهم,1,6:90,1,7
فتأتون,1,78:18,1,6
فتأتيهم,1,6:35,1,7
فتأكل,1,12:41,1,5
فتاها,1,12:30,1,5
فتبسم,1,27:19,1,5
فتبهتهم,1,21:40,1,7
فتحسسوا,1,12:87,1,7
فتحوا,1,12:65,1,5
فتخبت,1,22:54,1,5
فتخرجوه,1,6:148,1,7
فتخشى,1,79:19,1,5
فتخطفه,1,22:31,1,6
فتدلى,1,53:8,1,5
فتذروها,1,4:129,1,7
فتذكر,1,2:282,1,5
فترة,1,5:19,1,4
فتردى,1,20:16,1,5
فترضى,1,93:5,1,5
فتركه,1,2:264,1,5
فتزل,1,16:94,1,4
فتستجيبون,1,17:52,1,9
فتشابه,1,13:16,1,6
فتشقى,1,20:117,1,5
فتصبحوا,1,49:6,1,7
فتصيبكم,1,48:25,1,7
فتطاول,1,28:45,1,6
فتطردهم,1,6:52,1,7
فتعاطى,1,54:29,1,6
فتعالين,1,33:28,1,7
فتعرفونها,1,27:93,1,9
فتعسا,1,47:8,1,5
فتفجر,1,17:91,1,5
فتفرق,1,6:153,1,5
فتفشلوا,1,8:46,1,7
فتقبلها,1,3:37,1,7
فتقطعوا,1,23:53,1,7
فتقول,1,20:40,1,5
فتكفرون,1,40:10,1,7
فتكن,1,31:16,1,4
فتكونون,1,4:89,1,7
فتكوى,1,9:35,1,5
فتم,1,7:142,1,3
فتماروا,1,54:36,1,7
فتمثل,1,19:17,1,5
فتمسكم,1,11:113,1,6
فتنادوا,1,68:21,1,7
فتنازعوا,1,20:62,1,8
فتناه,1,38:24,1,5
فتنتك,1,7:155,1,5
فتنتكم,1,51:14,1,6
فتنته,1,5:41,1,5
فتنتهم,1,6:23,1,6
فتنفخ,1,5:110,1,5
فتنفعه,1,80:4,1,6
فتهاجروا,1,4:97,1,8
فتهجد,1,17:79,1,5
فتوبوا,1,2:54,1,6
فتوكلوا,1,5:23,1,7
فتولوا,1,37:90,1,6
فتونا,1,20:40,1,5
فتى,1,21:60,1,3
فتيان,1,12:36,1,5
فتية,1,18:13,1,4
فثبتوا,1,8:12,1,6
فثبطهم,1,9:46,1,6
فثم,1,2:115,1,3
فج,1,22:27,1,2
فجاء,1,51:26,1,4
فجاءته,1,28:25,1,6
فجاءها,1,7:4,1,6
فجاسوا,1,17:5,1,6
فجرت,1,82:3,1,4
فجزاء,1,5:95,1,5
فجزاؤه,1,4:93,1,6
فجعلتم,1,10:59,1,6
فجعلنا,1,15:74,1,6
فجعلناهن,1,56:36,1,8
فجمعناهم,1,18:99,1,8
فجوة,1,18:17,1,4
فجورها,1,91:8,1,6
فحاسبناها,1,65:8,1,9
فحبطت,1,18:105,1,5
فحدث,1,93:11,1,4
فحسبه,1,2:206,1,5
فحشر,1,79:23,1,4
فحكمه,1,42:10,1,5
فحملته,1,19:22,1,6
فحيوا,1,4:86,1,5
فخانتاهما,1,66:10,1,9
فخذها,1,7:145,1,5
فخر,1,16:26,1,3
فخراج,1,23:72,1,5
فخسفنا,1,28:81,1,6
فخشينا,1,18:80,1,6
فخلق,1,75:38,1,4
فخلوا,1,9:5,1,5
فخورا,1,4:36,1,5
فداء,1,47:4,1,4
فدخلوا,1,12:58,1,6
فدكتا,1,69:14,1,5
فدلاهما,1,7:22,1,7
فدمدم,1,91:14,1,5
فدمرناها,1,17:16,1,8
فدمرناهم,1,25:36,1,8
فذاقت,1,65:9,1,5
فذاقوا,1,64:5,1,6
فذانك,1,28:32,1,5
فذبحوها,1,2:71,1,7
فذرني,1,68:44,1,5
فذروه,1,12:47,1,5
فذلكم,1,10:32,1,5
فذلكن,1,12:32,1,5
فذو,1,41:51,1,3
فذوقوه,1,8:14,1,6
فرأوه,1,30:51,1,5
فراتا,1,77:27,1,5
فرادى,1,6:94,1,5
فراشا,1,2:22,1,5
فراق,1,18:78,1,4
فربكم,1,17:84,1,5
فرت,1,74:51,1,3
فرث,1,16:66,1,3
فرجالا,1,2:239,1,6
فرجت,1,77:9,1,4
فرجع,1,20:86,1,4
فرجعناك,1,20:40,1,7
فرجعوا,1,21:64,1,6
فرجل,1,2:282,1,4
فرحين,1,3:170,1,5
فرددناه,1,28:13,1,7
فردوا,1,14:9,1,5
فردوه,1,4:59,1,5
فررتم,1,33:16,1,5
فرش,1,55:54,1,3
فرشناها,1,51:48,1,7
فرضنا,1,33:50,1,5
فرطا,1,18:28,1,4
فرطت,1,39:56,1,4
فرطتم,1,12:80,1,5
فرغت,1,94:7,1,4
فرق,1,26:63,1,3
فرقا,1,77:4,1,4
فرقانا,1,8:29,1,6
فرقة,1,9:122,1,4
فرقت,1,20:94,1,4
فرقنا,1,2:50,1,5
فرقناه,1,17:106,1,6
فرهان,1,2:283,1,5
فروج,1,50:6,1,4
فروجهن,1,24:31,1,6
فروح,1,56:89,1,4
فريا,1,19:27,1,4
فريقان,1,27:45,1,6
فزادوهم,1,72:6,1,7
فزده,1,38:61,1,4
فزعوا,1,34:51,1,5
فزيلنا,1,10:28,1,6
فزين,1,16:63,1,4
فزينوا,1,41:25,1,6
فسأكتبها,1,7:156,1,8
فساد,1,5:32,1,4
فسالت,1,13:17,1,5
فساهم,1,37:141,1,5
فستبصر,1,68:5,1,6
فستذكرون,1,40:44,1,8
فسترضع,1,65:6,1,6
فسحقا,1,67:11,1,5
فسخرنا,1,38:36,1,6
فسق,1,5:3,1,3
فسقا,1,6:145,1,4
فسقناه,1,35:9,1,6
فسقى,1,28:24,1,4
فسلام,1,56:91,1,5
فسلكه,1,39:21,1,5
فسلموا,1,24:61,1,6
فسواك,1,82:7,1,5
فسواهن,1,2:29,1,6
فسيأتيهم,1,26:6,1,8
فسيؤتيه,1,48:10,1,7
فسيحشرهم,1,4:172,1,8
فسيحوا,1,9:2,1,6
فسيدخلهم,1,4:175,1,8
فسيرى,1,9:105,1,5
فسيكفيكهم,1,2:137,1,9
فسينغضون,1,17:51,1,8
فسينفقونها,1,8:36,1,10
فشدوا,1,47:4,1,5
فشربوا,1,2:249,1,6
فشرد,1,8:57,1,4
فشلتم,1,3:152,1,5
فشهادة,1,24:6,1,6
فصالا,1,2:233,1,5
فصب,1,89:13,1,3
فصبروا,1,6:34,1,6
فصدقت,1,12:26,1,5
فصرف,1,12:34,1,4
فصرهن,1,2:260,1,5
فصعق,1,39:68,1,4
فصكت,1,51:29,1,4
فصلى,1,87:15,1,4
فضحكت,1,11:71,1,5
فضربنا,1,18:11,1,6
فضلكم,1,7:140,1,5
فطاف,1,68:19,1,4
فطال,1,57:16,1,4
فطبع,1,63:3,1,4
فطرت,1,30:30,1,4
فطركم,1,17:51,1,5
فطرنا,1,20:72,1,5
فطرهن,1,21:56,1,5
فطفق,1,38:33,1,4
فطل,1,2:265,1,3
فطلقوهن,1,65:1,1,7
فطمسنا,1,54:37,1,6
فطهر,1,74:4,1,4
فطور,1,67:3,1,4
فطوعت,1,5:30,1,5
فظا,1,3:159,1,3
فظلت,1,26:4,1,4
فظلتم,1,56:65,1,5
فظلوا,1,15:14,1,5
فظن,1,21:87,1,3
فظنوا,1,18:53,1,5
فعاقبتم,1,60:11,1,7
فعاقبوا,1,16:126,1,7
فعتوا,1,51:44,1,5
فعجب,1,13:5,1,4
فعجل,1,48:20,1,4
فعدتهن,1,65:4,1,6
فعدلك,1,82:7,1,5
فعرفهم,1,12:58,1,6
فعززنا,1,36:14,1,6
فعصوا,1,69:10,1,5
فعصى,1,73:16,1,4
فعظوهن,1,4:34,1,6
فعفونا,1,4:153,1,6
فعقر,1,54:29,1,4
فعقروا,1,7:77,1,6
فعلتك,1,26:19,1,5
فعلته,1,18:82,1,5
فعلتها,1,26:20,1,6
فعلموا,1,28:75,1,6
فعلنا,1,14:45,1,5
فعله,1,21:63,1,4
فعلى,1,10:71,1,4
فعلي,1,11:35,1,4
فعليكم,1,8:72,1,6
فعليهم,1,16:106,1,6
فعليهن,1,4:25,1,6
فعموا,1,5:71,1,5
فغشاها,1,53:54,1,6
فغشيهم,1,20:78,1,6
فغفر,1,28:16,1,4
فغفرنا,1,38:25,1,6
فغلبوا,1,7:119,1,6
فغلوه,1,69:30,1,5
فغوى,1,20:121,1,4
ففتحنا,1,54:11,1,6
ففتقناهما,1,21:30,1,9
ففدية,1,2:196,1,5
ففررت,1,26:21,1,5
ففروا,1,51:50,1,5
ففريقا,1,2:87,1,6
ففسق,1,18:50,1,4
ففسقوا,1,17:16,1,6
ففهمناها,1,21:79,1,8
فقاتل,1,4:84,1,5
فقاتلا,1,5:24,1,6
فقالت,1,28:12,1,5
فقبضت,1,20:96,1,5
فقتل,1,74:19,1,4
فقدر,1,89:16,1,4
فقدرنا,1,77:23,1,6
فقدموا,1,58:12,1,6
فقذفناها,1,20:87,1,8
فقرأه,1,26:199,1,5
فقراء,1,24:32,1,5
فقربه,1,51:27,1,5
فقست,1,57:16,1,4
فقضاهن,1,41:12,1,6
فقضى,1,28:15,1,4
فقلت,1,71:10,1,4
فقليلا,1,2:88,1,6
فقنا,1,3:191,1,4
فقولي,1,19:26,1,5
فك,1,90:13,1,2
فكأين,1,22:45,1,5
فكاتبوهم,1,24:33,1,8
فكبت,1,27:90,1,4
فكبر,1,74:3,1,4
فكبكبوا,1,26:94,1,7
فكثركم,1,7:86,1,6
فكذبنا,1,67:9,1,6
فكذلك,1,20:87,1,5
فكر,1,74:18,1,3
فكرهتموه,1,49:12,1,8
فكسونا,1,23:14,1,6
فكف,1,5:11,1,3
فكفارته,1,5:89,1,7
فكفرت,1,16:112,1,5
فكفى,1,10:29,1,4
فكلوه,1,4:4,1,5
فكلي,1,19:26,1,4
فكهين,1,83:31,1,5
فكيدون,1,77:39,1,6
فكيدوني,1,11:55,1,7
فلأقطعن,1,20:71,1,7
فلأنفسكم,1,2:272,1,8
فلأنفسهم,1,30:44,1,8
فلانا,1,25:28,1,5
فلبئس,1,16:29,1,5
فلبثت,1,20:40,1,5
فلتقم,1,4:102,1,5
فلذلك,1,42:15,1,5
فلسوف,1,26:49,1,5
فلعرفتهم,1,47:30,1,8
فلعنة,1,2:89,1,5
فلقاتلوكم,1,4:90,1,9
فلكل,1,4:12,1,4
فللذكر,1,4:176,1,6
فللوالدين,1,2:215,1,9
فلمسوه,1,6:7,1,6
فلنأتينك,1,20:58,1,8
فلنأتينهم,1,27:37,1,9
فلنحيينه,1,16:97,1,8
فلنذيقن,1,41:27,1,7
فلنسألن,1,7:6,1,7
فلنعم,1,37:75,1,5
فلنقصن,1,7:7,1,6
فلننبئن,1,41:50,1,7
فلنولينك,1,2:144,1,8
فلهما,1,4:176,1,5
فليأت,1,52:38,1,5
فليأتكم,1,18:19,1,7
فليأتنا,1,21:5,1,7
فليأكل,1,4:6,1,6
فليؤد,1,2:283,1,5
فليؤمن,1,18:29,1,6
فليبتكن,1,4:119,1,7
فليتقوا,1,4:9,1,7
فليتنافس,1,83:26,1,8
فليحذر,1,24:63,1,6
فليدع,1,96:17,1,5
فليذوقوه,1,38:57,1,8
فليرتقوا,1,38:10,1,8
فليستأذنوا,1,24:59,1,10
فليستعفف,1,4:6,1,8
فليصلوا,1,4:102,1,7
فليصمه,1,2:185,1,6
فليضحكوا,1,9:82,1,8
فليعبدوا,1,106:3,1,8
فليعلمن,1,29:3,1,7
فليغيرن,1,4:119,1,7
فليفرحوا,1,10:58,1,8
فليقاتل,1,4:74,1,7
فليكتب,1,2:282,1,6
فليكفر,1,18:29,1,6
فليكونوا,1,4:102,1,8
فليلقه,1,20:39,1,6
فليملل,1,2:282,1,6
فلينفق,1,65:7,1,6
فمأواهم,1,32:20,1,7
فمتعناهم,1,37:148,1,8
فمتعوهن,1,33:49,1,7
فمحونا,1,17:12,1,6
فمرت,1,7:189,1,4
فمستقر,1,6:98,1,6
فمكث,1,27:22,1,4
فملاقيه,1,84:6,1,7
فمنه,1,36:33,1,4
فمنها,1,36:72,1,5
فمهل,1,86:17,1,4
فناداها,1,19:24,1,7
فنادته,1,3:39,1,6
فناظرة,1,27:35,1,6
فنبذتها,1,20:96,1,7
فنبذناه,1,37:145,1,7
فنبذوه,1,3:187,1,6
فنتبرأ,1,2:167,1,6
فنجعل,1,3:61,1,5
فنجي,1,12:110,1,4
فنجيناك,1,20:40,1,7
فنخرج,1,32:27,1,5
فنذر,1,10:11,1,4
فنردها,1,4:47,1,6
فنزل,1,56:93,1,4
فنسوا,1,5:14,1,5
فنسيتها,1,20:126,1,7
فنسيهم,1,9:67,1,6
فنصف,1,2:237,1,4
فنظر,1,37:88,1,4
فنظرة,1,2:280,1,5
فنظل,1,26:71,1,4
فنعما,1,2:271,1,5
فنعمل,1,7:53,1,5
فنفعها,1,10:98,1,6
فنقبوا,1,50:36,1,6
فنكون,1,26:102,1,5
فننبئكم,1,10:23,1,7
فننبئهم,1,31:23,1,7
فهب,1,19:5,1,3
فهديناهم,1,41:17,1,8
فهذا,1,30:56,1,4
فهزموهم,1,2:251,1,7
فواحدة,1,4:3,1,6
فواق,1,38:15,1,4
فوت,1,34:51,1,3
فوجا,1,27:83,1,4
فوجد,1,28:15,1,4
فوجدناها,1,72:8,1,8
فورب,1,51:23,1,4
فورهم,1,3:125,1,5
فوسطن,1,100:5,1,5
فوفاه,1,24:39,1,5
فوقاه,1,40:45,1,5
فوقاهم,1,76:11,1,6
فوقع,1,7:118,1,4
فوقهن,1,42:5,1,5
فوكزه,1,28:15,1,5
فوهب,1,26:21,1,4
فيأتيهم,1,26:202,1,7
فيؤخذ,1,55:41,1,5
فيؤمنوا,1,22:54,1,7
فيئوس,1,41:49,1,5
فيبسطه,1,30:48,1,6
فيتعلمون,1,2:102,1,8
فيجعله,1,8:37,1,6
فيحفكم,1,47:37,1,6
فيحل,1,20:81,1,4
فيحلفون,1,58:18,1,7
فيحلوا,1,9:37,1,6
فيحيي,1,30:24,1,5
فيخرج,1,2:74,1,5
فيدخلهم,1,45:30,1,7
فيدمغه,1,21:18,1,6
فيدهنون,1,68:9,1,7
فيذرها,1,20:106,1,6
فيذهب,1,13:17,1,5
فيرسل,1,17:69,1,5
فيركمه,1,8:37,1,6
فيسبوا,1,6:108,1,6
فيستحيي,1,33:53,1,7
فيسحتكم,1,20:61,1,7
فيسخرون,1,9:79,1,7
فيسقي,1,12:41,1,5
فيشفعوا,1,7:53,1,7
فيصبحوا,1,5:52,1,7
فيصلب,1,12:41,1,5
فيضل,1,14:4,1,4
فيضلك,1,38:26,1,5
فيطمع,1,33:32,1,5
فيظللن,1,42:33,1,6
فيعتذرون,1,77:36,1,8
فيعذبهم,1,4:173,1,7
فيعلمون,1,2:26,1,7
فيغرقكم,1,17:69,1,7
فيغفر,1,2:284,1,5
فيقتل,1,4:74,1,5
فيقتلون,1,9:111,1,7
فيقولون,1,2:26,1,7
فيكشف,1,6:41,1,5
فيكيدوا,1,12:5,1,7
فيمت,1,2:217,1,4
فيمسك,1,39:42,1,5
فيمكث,1,13:17,1,5
فيموتوا,1,35:36,1,7
فيميلون,1,4:102,1,7
فينتقم,1,5:95,1,6
فينسخ,1,22:52,1,5
فينظر,1,7:129,1,5
فينقلبوا,1,3:127,1,8
فيوحي,1,42:51,1,5
ق,1,50:1,1,1
قائلها,1,23:100,1,6
قائلون,1,7:4,1,6
قائمون,1,70:33,1,6
قاب,1,53:9,1,3
قاتل,1,3:146,1,4
قاتلكم,1,48:22,1,6
قاتلوهم,1,9:14,1,7
قادرون,1,10:24,1,6
قارعة,1,13:31,1,5
قاسية,1,5:13,1,5
قاصدا,1,9:42,1,5
قاصفا,1,17:69,1,5
قاض,1,20:72,1,3
قاطعة,1,27:32,1,5
قاعا,1,20:106,1,4
قاعدا,1,10:12,1,5
قاعدون,1,5:24,1,6
قالها,1,39:50,1,5
قام,1,72:19,1,3
قانت,1,39:9,1,4
قانتا,1,16:120,1,5
قانتين,1,2:238,1,6
قاهرون,1,7:127,1,6
قبره,1,9:84,1,4
قبس,1,27:7,1,3
قبضا,1,25:46,1,4
قبضة,1,20:96,1,4
قبضته,1,39:67,1,5
قبضناه,1,25:46,1,6
قبلتك,1,2:145,1,5
قبيلا,1,17:92,1,5
قتالا,1,3:167,1,5
قتر,1,10:26,1,3
قترة,1,80:41,1,4
قتلتموهم,1,3:183,1,8
قتله,1,5:95,1,4
قتورا,1,17:100,1,5
قدحا,1,100:2,1,4
قددا,1,72:11,1,4
قدرناه,1,36:39,1,6
قدرناها,1,27:57,1,7
قدروها,1,76:16,1,6
قدمتم,1,12:48,1,5
قدمتموه,1,38:60,1,7
قدموا,1,36:12,1,5
قديم,1,46:11,1,4
قرآنه,1,75:18,1,5
قرأناه,1,75:18,1,6
قراطيس,1,6:91,1,6
قربا,1,5:27,1,4
قربات,1,9:99,1,5
قربة,1,9:99,1,4
قرت,1,28:9,1,3
قرطاس,1,6:7,1,5
قرناء,1,41:25,1,5
قروء,1,2:228,1,4
قريتك,1,47:13,1,5
قريتنا,1,7:88,1,6
قريش,1,106:1,1,4
قسم,1,89:5,1,3
قسمنا,1,43:32,1,5
قسوة,1,2:74,1,4
قسورة,1,74:51,1,5
قسيسين,1,5:82,1,6
قصد,1,16:9,1,3
قصصا,1,18:64,1,4
قصصناهم,1,4:164,1,7
قصصهم,1,12:111,1,5
قصمنا,1,21:11,1,5
قصيا,1,19:22,1,4
قصيه,1,28:11,1,4
قضاها,1,12:68,1,5
قضوا,1,33:37,1,4
قطرا,1,18:96,1,4
قطران,1,14:50,1,5
قطع,1,13:4,1,3
قطعا,1,10:27,1,4
قطعتم,1,59:5,1,5
قطعن,1,12:50,1,4
قطمير,1,35:13,1,5
قطنا,1,38:16,1,4
قعود,1,85:6,1,4
قعيد,1,50:17,1,4
قفينا,1,57:27,1,5
قلبها,1,28:10,1,5
قلبي,1,2:260,1,4
قلبين,1,33:4,1,5
قلته,1,5:116,1,4
قلن,1,12:51,1,3
قلوبكما,1,66:4,1,7
قلى,1,93:3,1,3
قليلة,1,2:249,1,5
قليلون,1,26:54,1,6
قمتم,1,5:6,1,4
قمطريرا,1,76:10,1,7
قنطارا,1,4:20,1,6
قنطوا,1,42:28,1,5
قنوان,1,6:99,1,5
قنوط,1,41:49,1,4
قوا,1,66:6,1,3
قواريرا,1,76:15,1,7
قواما,1,25:67,1,5
قوامون,1,4:34,1,6
قوتكم,1,11:52,1,5
قوتلتم,1,59:11,1,6
قوتلوا,1,59:12,1,6
قوسين,1,53:9,1,5
قولك,1,11:53,1,4
قولنا,1,16:40,1,5
قولها,1,27:19,1,5
قومها,1,19:27,1,5
قويا,1,33:25,1,4
قيمة,1,98:3,1,4
كأحد,1,33:32,1,4
كأس,1,76:5,1,3
كألف,1,22:47,1,4
كأمثال,1,56:23,1,6
كأنك,1,7:187,1,4
كاتبا,1,2:283,1,5
كاتبون,1,21:94,1,6
كاتبين,1,82:11,1,6
كادت,1,28:10,1,4
كادح,1,84:6,1,4
كاذبون,1,26:223,1,6
كارهين,1,7:88,1,6
كاشفات,1,39:38,1,6
كاشفة,1,53:58,1,5
كاشفو,1,44:15,1,5
كاظمين,1,40:18,1,6
كافرة,1,3:13,1,5
كافورا,1,76:5,1,6
كالأعمى,1,11:24,1,7
كالأنثى,1,3:36,1,7
كالتي,1,16:92,1,5
كالجبال,1,11:42,1,7
كالجواب,1,34:13,1,7
كالحجارة,1,2:74,1,8
كالحون,1,23:104,1,6
كالدهان,1,55:37,1,7
كالرميم,1,51:42,1,7
كالصريم,1,68:20,1,7
كالطود,1,26:63,1,6
كالظلل,1,31:32,1,6
كالعرجون,1,36:39,1,8
كالفجار,1,38:28,1,7
كالفخار,1,55:14,1,7
كالفراش,1,101:4,1,7
كالقصر,1,77:32,1,6
كالمجرمين,1,68:35,1,9
كالمعلقة,1,4:129,1,8
كالمفسدين,1,38:28,1,9
كالوهم,1,83:3,1,6
كاملين,1,2:233,1,6
كاهن,1,69:42,1,4
كبارا,1,71:22,1,5
كباسط,1,13:14,1,5
كبت,1,58:5,1,3
كبتوا,1,58:5,1,5
كبد,1,90:4,1,3
كبرت,1,18:5,1,4
كبره,1,24:11,1,4
كتابك,1,17:14,1,5
كتابنا,1,45:29,1,6
كتابها,1,45:28,1,6
كتابهم,1,17:71,1,6
كتبناها,1,57:27,1,7
كتم,1,2:140,1,3
كثر,1,4:7,1,3
كثرة,1,5:100,1,4
كثرت,1,8:19,1,4
كثرتكم,1,9:25,1,6
كثيبا,1,73:14,1,5
كجهر,1,49:2,1,4
كحب,1,2:165,1,3
كخشية,1,4:77,1,5
كخلقه,1,13:16,1,5
كخيفتكم,1,30:28,1,7
كدحا,1,84:6,1,4
كدعاء,1,24:63,1,5
كدنا,1,12:76,1,4
كذبه,1,40:28,1,4
كذبوكم,1,25:19,1,6
كذبوه,1,23:44,1,5
كذكركم,1,2:200,1,6
كذلكم,1,48:15,1,5
كرام,1,80:16,1,4
كرب,1,6:64,1,3
كرتين,1,67:4,1,5
كرماد,1,14:18,1,5
كرمت,1,17:62,1,4
كرمنا,1,17:70,1,5
كرهتموهن,1,4:19,1,8
كزرع,1,48:29,1,4
كسادها,1,9:24,1,6
كسبا,1,5:38,1,4
كسراب,1,24:39,1,5
كسوتهم,1,5:89,1,6
كشطت,1,81:11,1,4
كشفت,1,7:134,1,4
كصاحب,1,68:48,1,5
كصيب,1,2:19,1,4
كطي,1,21:104,1,3
كظلمات,1,24:40,1,6
كعذاب,1,29:10,1,5
كعرض,1,57:21,1,4
كعصف,1,105:5,1,4
كغلي,1,44:46,1,4
كف,1,48:24,1,2
كفاتا,1,77:25,1,5
كفران,1,21:94,1,5
كفرت,1,14:22,1,4
كففت,1,5:110,1,4
كفل,1,4:85,1,3
كفلين,1,57:28,1,5
كفيلا,1,16:91,1,5
كفيناك,1,15:95,1,6
كلالة,1,4:12,1,5
كلاهما,1,17:23,1,6
كلتا,1,18:33,1,4
كلتم,1,17:35,1,4
كلمتنا,1,37:171,1,6
كلمه,1,12:54,1,4
كلهن,1,33:51,1,4
كلي,1,16:69,1,3
كمثله,1,42:11,1,5
كمشكاة,1,24:35,1,6
كنزتم,1,9:35,1,5
كنزهما,1,18:82,1,6
كنفس,1,31:28,1,4
كهشيم,1,54:31,1,5
كهيعص,1,19:1,1,5
كورت,1,81:1,1,4
كوكب,1,24:35,1,4
كوني,1,21:69,1,4
كيدكم,1,20:64,1,5
كيدون,1,7:195,1,5
لآتوها,1,33:14,1,6
لآتينا,1,32:13,1,6
لآتيناهم,1,4:67,1,8
لآتينهم,1,7:17,1,7
لآمن,1,10:99,1,4
لآياتنا,1,74:16,1,7
لأبي,1,26:86,1,4
لأتخذن,1,4:118,1,6
لأجد,1,12:94,1,4
لأجدن,1,18:36,1,5
لأجعلنك,1,26:29,1,7
لأحتنكن,1,17:62,1,7
لأحدهما,1,18:32,1,7
لأخته,1,28:11,1,5
لأخذنا,1,69:45,1,6
لأخراهم,1,7:39,1,7
لأخيه,1,7:142,1,5
لأذبحنه,1,27:21,1,7
لأذقناك,1,17:75,1,7
لأرجمنك,1,19:46,1,7
لأريناكهم,1,47:30,1,9
لأزواجهم,1,2:240,1,8
لأزيدنكم,1,14:7,1,8
لأزينن,1,15:39,1,6
لأستغفرن,1,60:4,1,8
لأسجد,1,15:33,1,5
لأسقيناهم,1,72:16,1,9
لأسمعهم,1,8:23,1,7
لأصلبنكم,1,7:124,1,8
لأعدل,1,42:15,1,5
لأعدوا,1,9:46,1,6
لأعذبنه,1,27:21,1,7
لأعنتكم,1,2:220,1,7
لأغلبن,1,58:21,1,6
لأغوينهم,1,38:82,1,8
لأقتلك,1,5:28,1,6
لأقتلنك,1,5:27,1,7
لأقرب,1,18:24,1,5
لأقعدن,1,7:16,1,6
لأكثرهم,1,7:102,1,7
لأكفر,1,40:42,1,5
لأكلوا,1,5:66,1,6
لأكونن,1,6:77,1,6
لأكيدن,1,21:57,1,6
لأمارة,1,12:53,1,6
لأمر,1,9:106,1,4
لأمسكتم,1,17:100,1,7
لأن,1,39:12,1,3
لأنتم,1,59:13,1,5
لأنذركم,1,6:19,1,7
لأنعمه,1,16:121,1,6
لأهب,1,19:19,1,4
لأهل,1,9:120,1,4
لأواه,1,9:114,1,5
لأوتين,1,19:77,1,6
لأول,1,59:2,1,4
لأولاهم,1,7:38,1,7
لأولنا,1,5:114,1,6
لأي,1,77:12,1,3
لأيمانكم,1,2:224,1,8
لؤلؤ,1,52:24,1,4
لؤلؤا,1,76:19,1,5
لإثم,1,5:3,1,4
لإحدى,1,74:35,1,5
لإيلاف,1,106:1,1,6
لائم,1,5:54,1,4
لابتغوا,1,17:42,1,7
لابثين,1,78:23,1,6
لابنه,1,31:13,1,5
لاتبعتم,1,4:83,1,7
لاتبعناكم,1,3:167,1,9
لاتبعوك,1,9:42,1,7
لاتخذت,1,18:77,1,6
لاتخذناه,1,21:17,1,8
لاتخذوك,1,17:73,1,7
لاختلفتم,1,8:42,1,8
لارتاب,1,29:48,1,6
لازب,1,37:11,1,4
لاستكثرت,1,7:188,1,8
لاصطفى,1,39:4,1,6
لاغية,1,88:11,1,5
لافتدت,1,10:54,1,6
لاقيه,1,28:61,1,5
لامرأته,1,12:21,1,7
لانتصر,1,47:4,1,6
لانفضوا,1,3:159,1,7
لاهية,1,21:3,1,5
لبإمام,1,15:79,1,6
لباسهما,1,7:27,1,7
لبالمرصاد,1,89:14,1,9
لبث,1,11:69,1,3
لبرز,1,3:154,1,4
لبس,1,50:15,1,3
لبسبيل,1,15:76,1,6
لبشرين,1,23:47,1,6
لبعثنا,1,25:51,1,6
لبعولتهن,1,24:31,1,8
لبغوا,1,42:27,1,5
لبلاغا,1,21:106,1,6
لبلد,1,7:57,1,4
لبن,1,47:15,1,3
لبنا,1,16:66,1,4
لبنيه,1,2:133,1,5
لبوس,1,21:80,1,4
لبيت,1,29:41,1,4
لبيوتهم,1,43:33,1,7
لتأتنني,1,12:66,1,7
لتأتينكم,1,34:3,1,8
لتأخذوها,1,48:15,1,8
لتأفكنا,1,46:22,1,7
لتؤمنن,1,3:81,1,6
لتاركو,1,37:36,1,6
لتبدي,1,28:10,1,5
لتبشر,1,19:97,1,5
لتبعثن,1,64:7,1,6
لتبلون,1,3:186,1,6
لتبيننه,1,3:187,1,7
لتتلو,1,13:30,1,5
لتجدن,1,5:82,1,5
لتجزى,1,20:15,1,5
لتحسبوه,1,3:78,1,7
لتحصنكم,1,21:80,1,7
لتحكم,1,4:105,1,5
لتحملهم,1,9:92,1,7
لتخرج,1,14:1,1,5
لتخرجنا,1,20:57,1,7
لتخرجوا,1,7:123,1,7
لتدخلن,1,48:27,1,6
لتدعوهم,1,23:73,1,7
لتذكرة,1,69:48,1,6
لتذهبوا,1,4:19,1,7
لتردين,1,37:56,1,6
لترضوا,1,9:96,1,6
لترضى,1,20:84,1,5
لتركبن,1,84:19,1,6
لتركبوا,1,40:79,1,7
لتركبوها,1,16:8,1,8
لترون,1,102:6,1,5
لترونها,1,102:7,1,7
لتزول,1,14:46,1,5
لتستووا,1,43:13,1,7
لتسحرنا,1,7:132,1,7
لتسلكوا,1,71:20,1,7
لتشرك,1,29:8,1,5
لتشقى,1,20:2,1,5
لتشهدون,1,6:19,1,7
لتضيقوا,1,65:6,1,7
لتعارفوا,1,49:13,1,8
لتعتدوا,1,2:231,1,7
لتعجل,1,75:16,1,5
لتعرضوا,1,9:95,1,7
لتعلم,1,11:79,1,5
لتغرق,1,18:71,1,5
لتغفر,1,71:7,1,5
لتفتروا,1,16:116,1,7
لتفتري,1,17:73,1,6
لتفسدن,1,17:4,1,6
لتقتلني,1,5:28,1,7
لتقرأه,1,17:106,1,6
لتقولون,1,17:40,1,7
لتكبروا,1,22:37,1,7
لتكفرون,1,41:9,1,7
لتلفتنا,1,10:78,1,7
لتلقى,1,27:6,1,5
لتمرون,1,37:137,1,6
لتنبؤن,1,64:7,1,6
لتنبئنهم,1,12:15,1,8
لتنزيل,1,26:192,1,6
لتنفقوا,1,47:38,1,7
لتنوء,1,28:76,1,5
لتهتدوا,1,6:97,1,7
لتهدي,1,42:52,1,5
لتولوا,1,8:23,1,6
لثمود,1,11:68,1,5
لجاءهم,1,29:53,1,6
لجاعلون,1,18:8,1,7
لجالوت,1,2:250,1,6
لجبريل,1,2:97,1,6
لجة,1,27:44,1,3
لجعل,1,11:118,1,4
لجعله,1,25:45,1,5
لجعلهم,1,42:8,1,6
لجلودهم,1,41:21,1,7
لجمعهم,1,6:35,1,6
لجميع,1,26:56,1,5
لجنبه,1,10:12,1,5
لجوا,1,67:21,1,4
لجي,1,24:40,1,3
لحافظين,1,82:10,1,7
لحب,1,100:8,1,3
لحبط,1,6:88,1,4
لحدود,1,9:112,1,5
لحديث,1,33:53,1,5
لحسرة,1,69:50,1,5
لحسن,1,38:49,1,4
لحكمه,1,13:41,1,5
لحكمهم,1,21:78,1,6
لحليم,1,11:75,1,5
لحن,1,47:30,1,3
لحومها,1,22:37,1,6
لحياتي,1,89:24,1,6
لخاطئين,1,12:91,1,7
لخرجنا,1,9:42,1,6
لخزنة,1,40:49,1,5
لخسف,1,28:82,1,4
لدا,1,19:97,1,3
لداوود,1,38:30,1,6
لدلوك,1,17:78,1,5
لدني,1,18:76,1,4
لذائقو,1,37:38,1,6
لذائقون,1,37:31,1,7
لذكري,1,20:14,1,5
لذكورنا,1,6:139,1,7
لذنوبهم,1,3:135,1,7
لذي,1,89:5,1,3
لرأيته,1,59:21,1,6
لرادك,1,28:85,1,5
لربكم,1,42:47,1,5
لرجمناك,1,11:91,1,7
لرحمة,1,29:51,1,5
لرزقنا,1,38:54,1,6
لرسلهم,1,14:13,1,6
لرسوله,1,63:1,1,6
لرفعناه,1,7:176,1,7
لرقيك,1,17:93,1,5
لساحران,1,20:63,1,7
لسارقون,1,12:70,1,7
لسانك,1,75:16,1,5
لسبإ,1,34:15,1,4
لستن,1,33:32,1,4
لسحر,1,10:76,1,4
لسريع,1,7:167,1,5
لسعيه,1,21:94,1,5
لسعيها,1,88:9,1,6
لسلطهم,1,4:90,1,6
لسليمان,1,27:17,1,7
لسنتنا,1,17:77,1,6
لسوف,1,19:66,1,4
لشاعر,1,37:36,1,5
لشتى,1,92:4,1,4
لشر,1,38:55,1,3
لشرذمة,1,26:54,1,6
لشركائنا,1,6:136,1,8
لشركائهم,1,6:136,1,8
لشهادتنا,1,5:107,1,8
لشهيد,1,100:7,1,5
لشوبا,1,37:67,1,5
لصادق,1,51:5,1,5
لصالو,1,83:16,1,5
لصوت,1,31:19,1,4
لطمسنا,1,36:66,1,6
لطيفا,1,33:34,1,5
لظالمون,1,12:79,1,7
لظالمين,1,15:78,1,7
لظلم,1,31:13,1,4
لظلوا,1,30:51,1,5
لظلوم,1,14:34,1,5
لظى,1,70:15,1,3
لعاد,1,11:60,1,4
لعادوا,1,6:28,1,6
لعال,1,10:83,1,4
لعبا,1,6:70,1,4
لعبادته,1,19:65,1,7
لعبادنا,1,37:171,1,7
لعجل,1,18:58,1,4
لعدتهن,1,65:1,1,6
لعذبنا,1,48:25,1,6
لعذبهم,1,59:3,1,6
لعلم,1,43:61,1,4
لعلمه,1,4:83,1,5
لعلنا,1,26:40,1,5
لعليم,1,22:59,1,5
لعمرك,1,15:72,1,5
لعملكم,1,26:168,1,6
لعناهم,1,5:13,1,6
لعنتم,1,49:7,1,5
لعنتي,1,38:78,1,5
لعنوا,1,24:23,1,5
لغائظون,1,26:55,1,7
لغافلون,1,10:92,1,7
لغد,1,59:18,1,3
لغفار,1,20:82,1,5
لغلامين,1,18:82,1,7
لغو,1,52:23,1,3
لغوي,1,28:18,1,4
لفاسقون,1,5:49,1,7
لفاسقين,1,7:102,1,7
لفاعلون,1,12:61,1,7
لفتحنا,1,7:96,1,6
لفتيانه,1,12:62,1,7
لفرح,1,11:10,1,4
لفريقا,1,3:78,1,6
لفسدتا,1,21:22,1,6
لفسق,1,6:121,1,4
لفشلتم,1,8:43,1,6
لفضله,1,10:107,1,5
لفيفا,1,17:104,1,5
لقائه,1,32:23,1,5
لقادر,1,86:8,1,5
لقال,1,6:7,1,4
لقتال,1,8:16,1,5
لقدير,1,22:39,1,5
لقرآن,1,56:77,1,5
لقسم,1,56:76,1,4
لقطعنا,1,69:46,1,6
لقلنا,1,8:31,1,5
لقلوبكم,1,33:53,1,7
لقوكم,1,3:119,1,5
لقولهم,1,63:4,1,6
لقومكما,1,10:87,1,7
لقومهم,1,60:4,1,6
لقيا,1,18:74,1,4
لقينا,1,18:62,1,5
لكارهون,1,8:5,1,7
لكافرون,1,30:8,1,7
لكتاب,1,41:41,1,5
لكثير,1,6:137,1,5
لكفرنا,1,5:65,1,6
لكنتم,1,2:64,1,5
لكنود,1,100:6,1,5
للآخرة,1,92:13,1,6
للآخرين,1,43:56,1,7
للآكلين,1,23:20,1,7
للأبرار,1,3:198,1,7
للأنام,1,55:10,1,6
للأوابين,1,17:25,1,8
للبث,1,37:144,1,4
للتي,1,17:9,1,4
للجبل,1,7:143,1,5
للجبين,1,37:103,1,6
للجوا,1,23:75,1,5
للحرب,1,5:64,1,5
للحسنى,1,41:50,1,6
للحواريين,1,61:14,1,9
للحي,1,20:111,1,4
للخائنين,1,4:105,1,8
للخبيثات,1,24:26,1,8
للخبيثين,1,24:26,1,8
للخروج,1,9:83,1,6
للذاكرين,1,11:114,1,8
للرؤيا,1,12:43,1,6
للرسل,1,41:43,1,5
للزكاة,1,23:4,1,6
للساعة,1,43:61,1,6
للسحت,1,5:42,1,5
للسلم,1,8:61,1,5
للسمع,1,72:9,1,5
للشهادة,1,2:282,1,7
للشوى,1,70:16,1,5
للشياطين,1,67:5,1,8
للشيطان,1,19:45,1,7
للصابرين,1,16:126,1,8
للصلاة,1,62:9,1,6
للطيبات,1,24:26,1,7
للطيبين,1,24:26,1,7
للعابدين,1,21:84,1,8
للعسرى,1,92:10,1,6
للغاوين,1,26:91,1,7
للقاسية,1,39:22,1,7
للقتال,1,3:121,1,6
للقمر,1,41:37,1,5
للكتب,1,21:104,1,5
للكفر,1,3:167,1,5
للمؤمنات,1,24:31,1,8
للمتكبرين,1,39:60,1,9
للمتوسمين,1,15:75,1,9
للمحسنات,1,33:29,1,8
للمخلفين,1,48:16,1,8
للمصلين,1,107:4,1,7
للمطففين,1,83:1,1,8
للمقوين,1,56:73,1,7
للملإ,1,26:34,1,5
للموقنين,1,51:20,1,8
للهدى,1,92:12,1,5
للوالدين,1,2:180,1,8
لليتامى,1,4:127,1,7
لمبتلين,1,23:30,1,7
لمبلسين,1,30:49,1,7
لمتنني,1,12:32,1,6
لمثل,1,37:61,1,4
لمثله,1,24:17,1,5
لمثوبة,1,2:103,1,6
لمجموعون,1,56:50,1,8
لمحجوبون,1,83:15,1,8
لمخرجون,1,27:67,1,7
لمدركون,1,26:61,1,7
لمدين,1,11:95,1,5
لمدينون,1,37:53,1,7
لمردودون,1,79:10,1,8
لمرسلون,1,36:16,1,7
لمزة,1,104:1,1,4
لمساكين,1,18:79,1,7
لمستقر,1,36:38,1,6
لمسجد,1,9:108,1,5
لمسخناهم,1,36:67,1,8
لمسرفون,1,5:32,1,7
لمسنا,1,72:8,1,5
لمشركون,1,6:121,1,7
لمع,1,29:69,1,3
لمعزولون,1,26:212,1,8
لمعكم,1,5:53,1,5
لمغرمون,1,56:66,1,7
لمغفرة,1,3:157,1,6
لمفعولا,1,17:108,1,7
لمقت,1,40:10,1,4
لمكر,1,7:123,1,4
لمنجوهم,1,15:59,1,7
لمنقلبون,1,43:14,1,8
لمنكم,1,9:56,1,5
لمهلكهم,1,18:59,1,7
لموسعون,1,51:47,1,7
لموسى,1,10:83,1,5
لموعدهم,1,15:43,1,7
لموفوهم,1,11:109,1,7
لميتون,1,23:15,1,6
لميقات,1,26:38,1,6
لنؤمنن,1,7:134,1,6
لناصحون,1,12:11,1,7
لناكبون,1,23:74,1,7
لنبذ,1,68:49,1,4
لنبلوهم,1,18:7,1,7
لنبيتنه,1,27:49,1,7
لنبين,1,22:5,1,5
لنت,1,3:159,1,3
لنتخذن,1,18:21,1,6
لنثبت,1,25:32,1,5
لنجعلها,1,69:12,1,7
لنحرقنه,1,20:97,1,7
لنحشرنهم,1,19:68,1,8
لنحضرنهم,1,19:68,1,8
لنحيي,1,25:49,1,5
لنخرج,1,78:15,1,5
لنخرجن,1,59:11,1,6
لنخرجنك,1,7:88,1,7
لنخرجنكم,1,14:13,1,8
لندخلنهم,1,29:9,1,8
لنذهبن,1,17:86,1,6
لنذيقهم,1,41:16,1,7
لنراها,1,12:30,1,6
لنرجمنكم,1,36:18,1,8
لنرسل,1,51:33,1,5
لنريك,1,20:23,1,5
لنريه,1,17:1,1,5
لنزلنا,1,17:95,1,6
لنسألنهم,1,15:92,1,8
لنسفعا,1,96:15,1,6
لنسلم,1,6:71,1,5
لنصدقن,1,9:75,1,6
لنصرف,1,12:24,1,5
لنظنك,1,7:66,1,5
لنعبد,1,7:70,1,5
لنغرينك,1,33:60,1,7
لنفد,1,18:109,1,4
لنفسد,1,12:73,1,5
لنقولن,1,27:49,1,6
لنكفرن,1,29:7,1,6
لننجينه,1,29:32,1,7
لننزعن,1,19:69,1,6
لننسفنه,1,20:97,1,7
لننصر,1,40:51,1,5
لننصرنكم,1,59:11,1,8
لننظر,1,10:14,1,5
لنهتدي,1,7:43,1,6
لنهدينهم,1,29:69,1,8
لنهلكن,1,14:13,1,6
لنوره,1,24:35,1,5
لهاد,1,22:54,1,4
لهدمت,1,22:40,1,5
لهديناكم,1,14:21,1,8
لهمت,1,4:113,1,4
لهي,1,29:64,1,3
لواحة,1,74:29,1,5
لواحد,1,37:4,1,5
لواذا,1,24:63,1,5
لواقح,1,15:22,1,5
لوالديه,1,46:17,1,7
لوجه,1,76:9,1,4
لوح,1,85:22,1,3
لوقتها,1,7:187,1,6
لوقعتها,1,56:2,1,7
لوليت,1,18:18,1,5
لومة,1,5:54,1,4
لووا,1,63:5,1,4
ليأتيني,1,27:21,1,7
ليأخذ,1,12:76,1,5
ليأخذوه,1,40:5,1,7
ليأكلوا,1,36:35,1,7
ليؤذن,1,9:90,1,5
ليئوس,1,11:9,1,5
ليا,1,4:46,1,3
ليالي,1,34:18,1,5
ليبتليكم,1,3:152,1,8
ليبدي,1,7:20,1,5
ليبطئن,1,4:72,1,6
ليبعثن,1,7:167,1,6
ليبغي,1,38:24,1,5
ليبلغ,1,13:14,1,5
ليبلو,1,47:4,1,5
ليبلونكم,1,5:94,1,8
ليبلوني,1,27:40,1,7
ليتخذ,1,43:32,1,5
ليتساءلوا,1,18:19,1,9
ليتفقهوا,1,9:122,1,8
ليتها,1,69:27,1,5
ليتوبوا,1,9:118,1,7
ليثبت,1,16:102,1,5
ليثبتوك,1,8:30,1,7
ليجادلوكم,1,6:121,1,9
ليجزيك,1,28:25,1,6
ليحاجوكم,1,2:76,1,8
ليحبطن,1,39:65,1,6
ليحزن,1,58:10,1,5
ليحزنك,1,6:33,1,6
ليحزنني,1,12:13,1,7
ليحق,1,8:8,1,4
ليحملوا,1,16:25,1,7
ليخرج,1,65:11,1,5
ليخرجوك,1,17:76,1,7
ليدبروا,1,38:29,1,7
ليدخلنهم,1,22:59,1,8
ليذر,1,3:179,1,4
ليذهب,1,33:33,1,5
ليذوق,1,5:95,1,5
ليذوقوا,1,4:56,1,7
ليذيقهم,1,30:41,1,7
ليربو,1,30:39,1,5
ليردوهم,1,6:137,1,7
ليرزقنهم,1,22:58,1,8
ليرضوكم,1,9:62,1,7
ليروا,1,99:6,1,5
ليريكم,1,31:31,1,6
ليريه,1,5:31,1,5
ليريهما,1,7:27,1,7
ليزلقونك,1,68:51,1,8
ليسأل,1,33:8,1,5
ليستأذنكم,1,24:58,1,9
ليستخفوا,1,11:5,1,8
ليستخلفنهم,1,24:55,1,10
ليستفزونك,1,17:76,1,9
ليستيقن,1,74:31,1,7
ليسجنن,1,12:32,1,6
ليسجننه,1,12:35,1,7
ليسكن,1,7:189,1,5
ليسكنوا,1,27:86,1,7
ليسمون,1,53:27,1,6
ليسوءوا,1,17:7,1,7
ليشتروا,1,2:79,1,7
ليشهدوا,1,22:28,1,7
ليصبحن,1,23:40,1,6
ليصدوا,1,8:36,1,6
ليصدونهم,1,43:37,1,8
ليصرمنها,1,68:17,1,8
ليضلنا,1,25:42,1,6
ليضلون,1,6:119,1,6
ليضيع,1,2:143,1,5
ليطاع,1,4:64,1,5
ليطغى,1,96:6,1,5
ليطفئوا,1,61:8,1,7
ليطلعكم,1,3:179,1,7
ليطمئن,1,2:260,1,6
ليعبدون,1,51:56,1,7
ليعجزه,1,35:44,1,6
ليعذب,1,33:73,1,5
ليعلموا,1,18:21,1,7
ليعلمون,1,2:144,1,7
ليغيظ,1,48:29,1,5
ليفتدوا,1,5:36,1,7
ليفتنونك,1,17:73,1,8
ليفجر,1,75:5,1,5
ليفسد,1,2:205,1,5
ليفسدوا,1,7:127,1,7
ليقتلوك,1,28:20,1,7
ليقربونا,1,39:3,1,8
ليقض,1,43:77,1,4
ليقضوا,1,22:29,1,6
ليقضى,1,6:60,1,5
ليقولوا,1,6:53,1,7
ليقوم,1,57:25,1,5
ليقيموا,1,14:37,1,7
ليكتمون,1,2:146,1,7
ليكفر,1,39:35,1,5
ليكونا,1,41:29,1,6
ليكونن,1,35:42,1,6
ليلها,1,79:29,1,5
ليمسن,1,5:73,1,5
ليمكروا,1,6:123,1,7
ليميز,1,8:37,1,5
لينا,1,20:44,1,4
لينبذن,1,104:4,1,6
لينة,1,59:5,1,4
لينصرنه,1,22:60,1,7
لينفروا,1,9:122,1,7
لينفق,1,65:7,1,5
ليواطئوا,1,9:37,1,8
ليوحون,1,6:121,1,6
ليوفينهم,1,11:111,1,8
ليوفيهم,1,35:30,1,7
ليولن,1,59:12,1,5
مآرب,1,20:18,1,4
مأتيا,1,19:61,1,5
مأكول,1,105:5,1,5
مأمنه,1,9:6,1,5
مأمون,1,70:28,1,5
مأواكم,1,57:15,1,6
مؤجلا,1,3:145,1,5
ماءك,1,11:44,1,4
ماءها,1,79:31,1,5
ماؤكم,1,67:30,1,5
ماؤها,1,18:41,1,5
مارج,1,55:15,1,4
مارد,1,37:7,1,4
ماكثون,1,43:77,1,6
ماكثين,1,18:3,1,6
مالكون,1,36:71,1,6
ماليه,1,69:28,1,5
مانعتهم,1,59:2,1,7
مبتليكم,1,2:249,1,7
مبثوثة,1,88:16,1,6
مبديه,1,33:37,1,5
مبرءون,1,24:26,1,6
مبرمون,1,43:79,1,6
مبسوطتان,1,5:64,1,8
مبشرات,1,30:46,1,6
مبصرون,1,7:201,1,6
مبطلون,1,30:58,1,6
مبعدون,1,21:101,1,6
مبلغهم,1,53:30,1,6
مبنية,1,39:20,1,5
مبوأ,1,10:93,1,4
متاب,1,13:30,1,4
متابا,1,25:71,1,5
متاعهم,1,12:65,1,6
متبر,1,7:139,1,4
متبرجات,1,24:60,1,7
متجانف,1,5:3,1,6
متجاورات,1,13:4,1,8
متحرفا,1,8:16,1,6
متحيزا,1,8:16,1,6
متخذ,1,18:51,1,4
متخذات,1,4:25,1,6
متخذي,1,5:5,1,5
متراكبا,1,6:99,1,7
متربة,1,90:16,1,5
متربص,1,20:135,1,5
متربصون,1,9:52,1,7
مترفين,1,56:45,1,6
مترفيها,1,17:16,1,7
مترفيهم,1,23:64,1,7
متشابهات,1,3:7,1,8
متشاكسون,1,39:29,1,8
متصدعا,1,59:21,1,6
متعت,1,43:29,1,4
متعتهم,1,25:18,1,6
متعناه,1,28:61,1,6
متعناهم,1,26:205,1,7
متفرقة,1,12:67,1,6
متفرقون,1,12:39,1,7
متقلبكم,1,47:19,1,7
متكأ,1,12:31,1,4
متكئون,1,36:56,1,6
متوفيك,1,3:55,1,6
مثابة,1,2:125,1,5
مثاني,1,39:23,1,5
مثبورا,1,17:102,1,6
مثقلة,1,35:18,1,5
مثلهن,1,65:12,1,5
مثليها,1,3:165,1,6
مثليهم,1,3:13,1,6
مثواكم,1,6:128,1,6
مثواه,1,12:21,1,5
مثواي,1,12:23,1,5
مثوبة,1,5:60,1,5
مجتمعون,1,26:39,1,7
مجذوذ,1,11:108,1,5
مجراها,1,11:41,1,6
مجرما,1,20:74,1,5
مجرميها,1,6:123,1,7
مجموع,1,11:103,1,5
مجيب,1,11:61,1,4
محاريب,1,34:13,1,6
محبة,1,20:39,1,4
محتضر,1,54:28,1,5
محذورا,1,17:57,1,6
محررا,1,3:35,1,5
محرم,1,2:85,1,4
محرما,1,6:145,1,5
محرمة,1,5:26,1,5
محسنون,1,16:128,1,6
محسنين,1,51:16,1,6
محسورا,1,17:29,1,6
محشورة,1,38:19,1,6
محصنات,1,4:25,1,6
محصنة,1,59:14,1,5
محضرا,1,3:30,1,5
محظورا,1,17:20,1,6
محفوظ,1,85:22,1,5
محفوظا,1,21:32,1,6
محكمات,1,3:7,1,6
محكمة,1,47:20,1,5
محلقين,1,48:27,1,6
محلها,1,22:33,1,5
محلي,1,5:1,1,4
محمودا,1,17:79,1,6
محياهم,1,45:21,1,6
محيصا,1,4:121,1,5
مختالا,1,4:36,1,6
مختلفون,1,78:3,1,7
مختلفين,1,11:118,1,7
مختوم,1,83:25,1,5
مخذولا,1,17:22,1,6
مخرجا,1,65:2,1,5
مخرجون,1,23:35,1,6
مخزي,1,9:2,1,4
مخضرة,1,22:63,1,5
مخضود,1,56:28,1,5
مخلصون,1,2:139,1,6
مخلف,1,14:47,1,4
مدادا,1,18:109,1,5
مدت,1,84:3,1,3
مدتهم,1,9:4,1,5
مدخل,1,17:80,1,4
مددا,1,18:109,1,4
مدهامتان,1,55:64,1,8
مدهنون,1,56:81,1,6
مدينين,1,56:86,1,6
مذءوما,1,7:18,1,6
مذبذبين,1,4:143,1,7
مذعنين,1,24:49,1,6
مذكر,1,88:21,1,4
مذكورا,1,76:1,1,6
مذموم,1,68:49,1,5
مراء,1,18:22,1,4
مرات,1,24:58,1,4
مراغما,1,4:100,1,6
مرتاب,1,40:34,1,5
مرتان,1,2:229,1,5
مرتقبون,1,44:59,1,7
مرجوا,1,11:62,1,5
مرجون,1,9:106,1,5
مردا,1,19:76,1,4
مردفين,1,8:9,1,6
مردنا,1,40:43,1,5
مردوا,1,9:101,1,5
مردود,1,11:76,1,5
مرسلا,1,13:43,1,5
مرسلة,1,27:35,1,5
مرسلو,1,54:27,1,5
مرسلون,1,36:14,1,6
مرشدا,1,18:17,1,5
مرصادا,1,78:21,1,6
مرصد,1,9:5,1,4
مرصوص,1,61:4,1,5
مرضا,1,2:10,1,4
مرضاتي,1,60:1,1,6
مرضت,1,26:80,1,4
مرضعة,1,22:2,1,5
مرضيا,1,19:55,1,5
مرضية,1,89:28,1,5
مرفقا,1,18:16,1,5
مرقدنا,1,36:52,1,6
مركوم,1,52:44,1,5
مريئا,1,4:4,1,5
مريج,1,50:5,1,4
مريد,1,22:3,1,4
مريدا,1,4:117,1,5
مزجاة,1,12:88,1,5
مزدجر,1,54:4,1,5
مزقتم,1,34:7,1,5
مسئولون,1,37:24,1,7
مساس,1,20:97,1,4
مسافحات,1,4:25,1,7
مساكن,1,14:45,1,5
مساكنكم,1,27:18,1,7
مستأنسين,1,33:53,1,8
مستبشرة,1,80:39,1,7
مستبصرين,1,29:38,1,8
مستخف,1,13:10,1,5
مستخلفين,1,57:7,1,8
مستسلمون,1,37:26,1,8
مستضعفون,1,8:26,1,8
مستضعفين,1,4:97,1,8
مستطر,1,54:53,1,5
مستطيرا,1,76:7,1,7
مستقبل,1,46:24,1,6
مستقرها,1,11:6,1,7
مستكبرين,1,23:67,1,8
مستمسكون,1,43:21,1,8
مستمعهم,1,52:38,1,7
مستمعون,1,26:15,1,7
مستنفرة,1,74:50,1,7
مستهزئون,1,2:14,1,8
مستورا,1,17:45,1,6
مسحا,1,38:33,1,4
مسحورون,1,15:15,1,7
مسد,1,111:5,1,3
مسرفين,1,43:5,1,6
مسطور,1,52:2,1,5
مسغبة,1,90:14,1,5
مسفرة,1,80:38,1,5
مسفوحا,1,6:145,1,6
مسك,1,83:26,1,3
مسكنهم,1,34:15,1,6
مسكوب,1,56:31,1,5
مسكونة,1,24:29,1,6
مسلمات,1,66:5,1,6
مسمع,1,4:46,1,4
مسندة,1,63:4,1,5
مسهم,1,7:201,1,4
مسودة,1,39:60,1,5
مسومين,1,3:125,1,6
مشاء,1,68:11,1,4
مشارق,1,7:137,1,5
مشتبها,1,6:99,1,6
مشهد,1,19:37,1,4
مشهود,1,11:103,1,5
مشهودا,1,17:78,1,6
مشوا,1,2:20,1,4
مشيد,1,22:45,1,4
مشيدة,1,4:78,1,5
مشيك,1,31:19,1,4
مصانع,1,26:129,1,5
مصباح,1,24:35,1,5
مصرا,1,2:61,1,4
مصرفا,1,18:53,1,5
مصروفا,1,11:8,1,6
مصفى,1,47:15,1,4
مصلى,1,2:125,1,4
مصيبها,1,11:81,1,6
مصيركم,1,14:30,1,6
مضاجعهم,1,3:154,1,7
مضار,1,4:12,1,4
مضاعفة,1,3:130,1,6
مضت,1,8:38,1,3
مضيا,1,36:67,1,4
مطاع,1,81:21,1,4
مطلعون,1,37:54,1,6
مطمئن,1,16:106,1,5
مطمئنة,1,16:112,1,6
مطمئنين,1,17:95,1,7
مطويات,1,39:67,1,6
مظلما,1,10:27,1,5
مظلمون,1,36:37,1,6
مظلوما,1,17:33,1,6
معاد,1,28:85,1,4
معاذيره,1,75:15,1,7
معاشا,1,78:11,1,5
معدود,1,11:104,1,5
معذبوها,1,17:58,1,7
معذبين,1,17:15,1,6
معذرة,1,7:164,1,5
معرة,1,48:25,1,4
معروفة,1,24:53,1,6
معزل,1,11:42,1,4
معشار,1,34:45,1,5
معطلة,1,22:45,1,5
معقب,1,13:41,1,4
معقبات,1,13:11,1,6
معكما,1,20:46,1,5
معكوفا,1,48:25,1,6
معلم,1,44:14,1,4
معمر,1,35:11,1,4
معها,1,50:21,1,4
معيشة,1,20:124,1,5
معيشتها,1,28:58,1,7
معيشتهم,1,43:32,1,7
مغارات,1,9:57,1,6
مغاضبا,1,21:87,1,6
مغتسل,1,38:42,1,5
مغرب,1,18:86,1,4
مغرما,1,9:98,1,5
مغلوب,1,54:10,1,5
مغيرا,1,8:53,1,5
مفاتح,1,6:59,1,5
مفازا,1,78:31,1,5
مفتحة,1,38:50,1,5
مفتر,1,16:101,1,4
مفترون,1,11:50,1,6
مفتريات,1,11:13,1,7
مفرطون,1,16:62,1,6
مفسدون,1,18:94,1,6
مفصلا,1,6:114,1,5
مفصلات,1,7:133,1,6
مقامع,1,22:21,1,5
مقامك,1,27:39,1,5
مقامهما,1,5:107,1,7
مقبوضة,1,2:283,1,6
مقتحم,1,38:59,1,5
مقتدرا,1,18:45,1,6
مقتدرون,1,43:42,1,7
مقتدون,1,43:23,1,6
مقترفون,1,6:113,1,7
مقترنين,1,43:53,1,7
مقتصدة,1,5:66,1,6
مقتكم,1,40:10,1,5
مقدورا,1,33:38,1,6
مقربة,1,90:15,1,5
مقسوم,1,15:44,1,5
مقصورات,1,55:72,1,7
مقطوع,1,15:66,1,5
مقطوعة,1,56:33,1,6
مقعد,1,54:55,1,4
مقمحون,1,36:8,1,6
مقنعي,1,14:43,1,5
مقيتا,1,4:85,1,5
مقيلا,1,25:24,1,5
مكاء,1,8:35,1,4
مكانتهم,1,36:67,1,7
مكانكم,1,10:28,1,6
مكبا,1,67:22,1,4
مكة,1,48:24,1,3
مكتوبا,1,7:157,1,6
مكث,1,17:106,1,3
مكذبين,1,69:49,1,6
مكذوب,1,11:65,1,5
مكرتموه,1,7:123,1,7
مكرم,1,22:18,1,4
مكرمة,1,80:13,1,5
مكروها,1,17:38,1,6
مكظوم,1,68:48,1,5
مكلبين,1,5:4,1,6
مكني,1,18:95,1,4
ملء,1,3:91,1,3
ملأ,1,11:38,1,3
ملئت,1,72:8,1,4
ملاق,1,69:20,1,4
ملاقوه,1,2:223,1,6
ملاقيكم,1,62:8,1,7
ملتكم,1,7:89,1,5
ملجإ,1,42:47,1,4
ملعونين,1,33:61,1,7
ملكتم,1,24:61,1,5
ملكين,1,7:20,1,5
ملوكا,1,5:20,1,5
مليا,1,19:46,1,4
مليك,1,54:55,1,4
مم,1,86:5,1,2
ممددة,1,104:9,1,5
ممدكم,1,8:9,1,5
ممدود,1,56:30,1,5
ممدودا,1,74:12,1,6
ممرد,1,27:44,1,4
ممسك,1,35:2,1,4
ممسكات,1,39:38,1,6
ممطرنا,1,46:24,1,6
مملوكا,1,16:75,1,6
ممنوعة,1,56:33,1,6
مناديا,1,3:193,1,6
مناسككم,1,2:200,1,7
مناسكنا,1,2:128,1,7
مناص,1,38:3,1,4
منافقون,1,9:101,1,7
مناكبها,1,67:15,1,7
منامك,1,8:43,1,5
منامكم,1,30:23,1,6
منامها,1,39:42,1,6
منبثا,1,56:6,1,5
منتشر,1,54:7,1,5
منتصر,1,54:44,1,5
منتصرا,1,18:43,1,6
منتصرين,1,51:45,1,7
منتهاها,1,79:44,1,7
منتهون,1,5:91,1,6
منجوك,1,29:33,1,5
منذرون,1,26:208,1,6
منزل,1,6:114,1,4
منزلا,1,23:29,1,5
منزلها,1,5:115,1,6
منزلون,1,29:34,1,6
منسأته,1,34:14,1,6
منسيا,1,19:23,1,5
منشرة,1,74:52,1,5
منشور,1,52:3,1,5
منشورا,1,17:13,1,6
منصورا,1,17:33,1,6
منطق,1,27:16,1,4
منظرون,1,26:203,1,6
منعنا,1,17:59,1,5
منعهم,1,9:54,1,5
منفطر,1,73:18,1,5
منفكين,1,98:1,1,6
منقعر,1,54:20,1,5
منقلب,1,26:227,1,5
منقلبا,1,18:36,1,6
منقوص,1,11:109,1,5
منكر,1,5:79,1,4
منكرا,1,58:2,1,5
منكرة,1,16:22,1,5
منهمر,1,54:11,1,5
منوعا,1,70:21,1,5
منيبا,1,39:8,1,5
مهاجر,1,29:26,1,5
مهاجرا,1,4:100,1,6
مهاجرات,1,60:10,1,7
مهاد,1,7:41,1,4
مهادا,1,78:6,1,5
مهانا,1,25:69,1,5
مهتد,1,57:26,1,4
مهجورا,1,25:30,1,6
مهزوم,1,38:11,1,5
مهلكهم,1,7:164,1,6
مهلكو,1,29:31,1,5
مهلكوها,1,17:58,1,7
مهلكي,1,28:59,1,5
مهما,1,7:132,1,4
مهيلا,1,73:14,1,5
موئلا,1,18:58,1,5
مواطن,1,9:25,1,5
مواقعوها,1,18:53,1,8
مواقيت,1,2:189,1,6
موالي,1,4:33,1,5
موبقا,1,18:52,1,5
موتا,1,25:3,1,4
موتكم,1,2:56,1,5
موثقهم,1,12:66,1,6
مورا,1,52:9,1,4
موزون,1,15:19,1,5
موص,1,2:182,1,3
موضوعة,1,88:14,1,6
موضونة,1,56:15,1,6
موطئا,1,9:120,1,5
موعد,1,18:58,1,4
موعدة,1,9:114,1,5
موعدك,1,20:87,1,5
موعدكم,1,20:59,1,6
موعده,1,11:17,1,5
موعدي,1,20:86,1,5
موفورا,1,17:63,1,6
موقنون,1,32:12,1,6
موقوتا,1,4:103,1,6
موقوفون,1,34:31,1,7
موليها,1,2:148,1,6
موهن,1,8:18,1,4
ميتون,1,39:30,1,5
ميسرة,1,2:280,1,5
ميسورا,1,17:28,1,6
ميعاد,1,34:30,1,5
ميقاتا,1,78:17,1,6
ميقاتهم,1,44:40,1,7
ميلا,1,4:27,1,4
ميلة,1,4:102,1,4
ن,1,68:1,1,1
نأت,1,2:106,1,3
نأتيكم,1,14:11,1,6
نأخذ,1,12:79,1,4
نأكل,1,5:113,1,4
نؤتها,1,33:31,1,5
نؤتى,1,6:124,1,4
نؤثرك,1,20:72,1,5
نؤخره,1,11:104,1,5
ناج,1,12:42,1,3
ناجيتم,1,58:12,1,6
نادانا,1,37:75,1,6
ناداه,1,79:16,1,5
نادوا,1,18:52,1,5
ناديتم,1,5:58,1,6
ناديكم,1,29:29,1,6
نادينا,1,28:46,1,6
ناديه,1,96:17,1,5
ناسكوه,1,22:67,1,6
ناشئة,1,73:6,1,5
ناصبة,1,88:3,1,5
ناصح,1,7:68,1,4
ناصحون,1,28:12,1,6
ناصرا,1,72:24,1,5
ناصية,1,96:16,1,5
ناضرة,1,75:22,1,5
ناظرة,1,75:23,1,5
ناظرين,1,33:53,1,6
ناعمة,1,88:8,1,5
ناكسو,1,32:12,1,5
نبأت,1,66:3,1,4
نبأتكما,1,12:37,1,7
نبأنا,1,9:94,1,5
نبأني,1,66:3,1,5
نبأه,1,38:88,1,4
نبأها,1,66:3,1,5
نبأهم,1,18:13,1,5
نبئ,1,15:49,1,3
نبئنا,1,12:36,1,5
نبئوني,1,6:143,1,6
نبتغي,1,28:55,1,5
نبتليه,1,76:2,1,6
نبتهل,1,3:61,1,5
نبذ,1,2:101,1,3
نبذه,1,2:100,1,4
نبرأها,1,57:22,1,6
نبرح,1,20:91,1,4
نبطش,1,44:16,1,4
نبغ,1,18:64,1,3
نبغي,1,12:65,1,4
نبلوهم,1,7:163,1,6
نبين,1,5:75,1,4
نتبعكم,1,48:15,1,6
نتبعه,1,54:24,1,5
نتبعهم,1,77:17,1,6
نتبوأ,1,39:74,1,5
نتخطف,1,28:57,1,5
نترك,1,11:87,1,4
نتقبل,1,46:16,1,5
نتقنا,1,7:171,1,5
نتكلم,1,24:16,1,5
نتلو,1,28:3,1,4
نتلوه,1,3:58,1,5
نتنزل,1,19:64,1,5
نتوكل,1,14:12,1,5
نثبت,1,11:120,1,4
نجا,1,12:45,1,3
نجازي,1,34:17,1,5
نجاكم,1,17:67,1,5
نجب,1,14:44,1,3
نجد,1,20:115,1,3
نجزيه,1,21:29,1,5
نجس,1,9:28,1,3
نجعلها,1,28:83,1,6
نجعلهم,1,45:21,1,6
نجعلهما,1,41:29,1,7
نجمع,1,75:3,1,4
نجواهم,1,4:114,1,6
نجوت,1,28:25,1,4
نجيناكم,1,2:49,1,7
نجيناه,1,37:134,1,6
نجيناهم,1,54:34,1,7
نحبه,1,33:23,1,4
نحس,1,54:19,1,3
نحسات,1,41:16,1,5
نحلة,1,4:4,1,4
نختم,1,36:65,1,4
نخرة,1,79:11,1,4
نخسف,1,34:9,1,4
نخشى,1,5:52,1,4
نخفي,1,14:38,1,4
نخلفه,1,20:58,1,5
نخلقكم,1,77:20,1,6
نداء,1,19:3,1,4
نداولها,1,3:140,1,7
ندع,1,3:61,1,3
ندعوه,1,52:28,1,5
ندلكم,1,34:7,1,5
نديا,1,19:73,1,4
نذر,1,2:270,1,3
نذرا,1,77:6,1,4
نذرتم,1,2:270,1,5
نذل,1,20:134,1,3
نذهبن,1,43:41,1,5
نذورهم,1,22:29,1,6
نذيقهم,1,10:70,1,6
نربك,1,26:18,1,4
نرث,1,19:40,1,3
نرزقك,1,20:132,1,5
نرزقكم,1,6:151,1,6
نرزقهم,1,17:31,1,6
نري,1,6:75,1,3
نريك,1,23:95,1,4
نريهم,1,43:48,1,5
نزاعة,1,70:16,1,5
نزعناها,1,11:9,1,7
نزلة,1,53:13,1,4
نزلت,1,47:20,1,4
نزلناه,1,26:198,1,6
نزلهم,1,56:56,1,5
نزيدكم,1,78:30,1,6
نسأل,1,34:25,1,4
نسألك,1,20:132,1,5
نساؤكم,1,2:223,1,6
نسارع,1,23:56,1,5
نسبح,1,2:30,1,4
نسبحك,1,20:33,1,5
نستبق,1,12:17,1,5
نستحوذ,1,4:141,1,6
نستعين,1,1:5,1,6
نستنسخ,1,45:29,1,6
نسختها,1,7:154,1,6
نسخر,1,11:38,1,4
نسفت,1,77:10,1,4
نسقط,1,34:9,1,4
نسقي,1,28:23,1,4
نسك,1,2:196,1,3
نسلخ,1,36:37,1,4
نسلكه,1,15:12,1,5
نسله,1,32:8,1,4
نسوة,1,12:30,1,4
نسوق,1,32:27,1,4
نسوه,1,7:53,1,4
نسوي,1,75:4,1,4
نسويكم,1,26:98,1,6
نسي,1,39:8,1,3
نسير,1,18:47,1,4
نسينا,1,2:286,1,5
نسيناكم,1,32:14,1,7
نشتري,1,5:106,1,5
نشرا,1,77:3,1,4
نشرت,1,81:10,1,4
نشرح,1,94:1,1,4
نشطا,1,79:2,1,4
نشهد,1,63:1,1,4
نشوزا,1,4:128,1,5
نشوزهن,1,4:34,1,6
نصبا,1,18:62,1,4
نصبت,1,88:19,1,4
نصبر,1,2:61,1,4
نصحوا,1,9:91,1,5
نصحي,1,11:34,1,4
نصرانيا,1,3:67,1,7
نصره,1,9:40,1,4
نصروهم,1,59:12,1,6
نصفه,1,73:3,1,4
نصليه,1,4:30,1,5
نصليهم,1,4:56,1,6
نصوحا,1,66:8,1,5
نصيبك,1,28:77,1,5
نضاختان,1,55:66,1,7
نضجت,1,4:56,1,4
نضطرهم,1,31:24,1,6
نضيد,1,50:10,1,4
نطبع,1,10:74,1,4
نطعم,1,74:44,1,4
نطعمكم,1,76:9,1,6
نطمس,1,4:47,1,4
نطمع,1,26:51,1,4
نطوي,1,21:104,1,4
نطيع,1,59:11,1,4
نظرة,1,37:88,1,4
نظن,1,45:32,1,3
نظنك,1,26:186,1,4
نظنكم,1,11:27,1,5
نعاجه,1,38:24,1,5
نعاسا,1,3:154,1,5
نعبدهم,1,39:3,1,6
نعجتك,1,38:24,1,5
نعجز,1,72:12,1,4
نعجزه,1,72:12,1,5
نعذب,1,9:66,1,4
نعذبه,1,18:87,1,5
نعف,1,9:66,1,3
نعقل,1,67:10,1,4
نعلمهم,1,9:101,1,6
نعلن,1,14:38,1,4
نعليك,1,20:12,1,5
نعما,1,4:58,1,4
نعماء,1,11:10,1,5
نعمركم,1,35:37,1,6
نعمره,1,36:68,1,5
نعمه,1,31:20,1,4
نعود,1,7:89,1,4
نعيدكم,1,20:55,1,6
نعيده,1,21:104,1,5
نعيما,1,76:20,1,5
نغادر,1,18:47,1,5
نغرقهم,1,36:43,1,6
نفاد,1,38:54,1,4
نفاقا,1,9:77,1,5
نفحة,1,21:46,1,4
نفخة,1,69:13,1,4
نفدت,1,31:27,1,4
نفشت,1,21:78,1,4
نفعت,1,87:9,1,4
نفعه,1,22:13,1,4
نفعهما,1,2:219,1,6
نفقا,1,6:35,1,4
نفقاتهم,1,9:54,1,7
نفقد,1,12:72,1,4
نفقه,1,11:91,1,4
نفوسكم,1,17:25,1,6
نفيرا,1,17:6,1,5
نقبا,1,18:97,1,4
نقتبس,1,57:13,1,5
نقدر,1,21:87,1,4
نقذف,1,21:18,1,4
نقر,1,74:8,1,3
نقرؤه,1,17:93,1,5
نقصص,1,40:78,1,4
نقصصهم,1,4:164,1,6
نقصه,1,11:100,1,4
نقضت,1,16:92,1,4
نقعا,1,100:4,1,4
نقعد,1,72:9,1,4
نقيبا,1,5:12,1,5
نقيض,1,43:36,1,4
نقيم,1,18:105,1,4
نكال,1,79:25,1,4
نكتل,1,12:63,1,4
نكتم,1,5:106,1,4
نكث,1,48:10,1,3
نكح,1,4:22,1,3
نكحتم,1,33:49,1,5
نكدا,1,7:58,1,4
نكر,1,54:6,1,3
نكرهم,1,11:70,1,5
نكروا,1,27:41,1,5
نكسوا,1,21:65,1,5
نكسوها,1,2:259,1,6
نكص,1,8:48,1,3
نكلم,1,19:29,1,4
نلعنهم,1,4:47,1,6
نمتعهم,1,31:24,1,6
نمد,1,17:20,1,3
نمدهم,1,23:55,1,5
نملة,1,27:18,1,4
نمن,1,28:5,1,3
ننبئكم,1,18:103,1,6
ننج,1,10:103,1,3
ننجيك,1,10:92,1,5
ننزله,1,15:21,1,5
ننساكم,1,45:34,1,6
ننساهم,1,7:51,1,6
ننسخ,1,2:106,1,4
ننسها,1,2:106,1,5
ننشزها,1,2:259,1,6
ننظر,1,27:41,1,4
ننكسه,1,36:68,1,5
ننهك,1,15:70,1,4
نهار,1,46:35,1,4
نهاكم,1,59:7,1,5
نهاكما,1,7:20,1,6
نهدي,1,42:52,1,4
نهرا,1,18:33,1,4
نوحيها,1,11:49,1,6
نورث,1,19:63,1,4
نوركم,1,57:13,1,5
نورنا,1,66:8,1,5
نوف,1,11:15,1,3
نوله,1,4:115,1,4
نولي,1,6:129,1,4
نوم,1,2:255,1,3
نومكم,1,78:9,1,5
نيلا,1,9:120,1,4
هاؤم,1,69:19,1,4
هاتين,1,28:27,1,5
هاجر,1,59:9,1,4
هاجرن,1,33:50,1,5
هادي,1,7:186,1,4
هاديا,1,25:31,1,5
هار,1,9:109,1,3
هاروت,1,2:102,1,5
هالك,1,28:88,1,4
هامدة,1,22:5,1,5
هاوية,1,101:9,1,5
هجرا,1,73:10,1,4
هدا,1,19:90,1,3
هدان,1,6:80,1,4
هداها,1,32:13,1,5
هدنا,1,7:156,1,4
هدي,1,3:101,1,3
هديا,1,5:95,1,4
هديتنا,1,3:8,1,6
هديناه,1,76:3,1,6
هربا,1,72:12,1,4
هشيما,1,18:45,1,5
هضما,1,20:112,1,4
هضيم,1,26:148,1,4
هلوعا,1,70:19,1,5
هما,1,9:40,1,3
هماز,1,68:11,1,4
همزات,1,23:97,1,5
همزة,1,104:1,1,4
همسا,1,20:108,1,4
هواء,1,14:43,1,4
هون,1,16:59,1,3
هونا,1,25:63,1,4
هيت,1,12:23,1,3
هينا,1,24:15,1,4
هيه,1,101:10,1,3
وآت,1,17:26,1,3
وآتاه,1,2:251,1,5
وآتاهم,1,47:17,1,6
وآتت,1,12:31,1,4
وآتنا,1,3:194,1,5
وآتوهن,1,4:25,1,6
وآتين,1,33:33,1,5
وآتيناهما,1,37:117,1,9
وآثارهم,1,36:12,1,7
وآثر,1,79:38,1,4
وآخرنا,1,5:114,1,6
وآلهتك,1,7:127,1,6
وآمنهم,1,106:4,1,6
وآويناهما,1,23:50,1,9
وأبا,1,80:31,1,4
وأباريق,1,56:18,1,7
وأبرئ,1,3:49,1,5
وأبشروا,1,41:30,1,7
وأبصارا,1,46:26,1,7
وأبصاركم,1,6:46,1,8
وأبصرهم,1,37:175,1,7
وأبكارا,1,66:5,1,7
وأبكى,1,53:43,1,5
وأبلغكم,1,46:23,1,7
وأبناءكم,1,3:61,1,8
وأبنائنا,1,2:246,1,8
وأبونا,1,28:23,1,6
وأبى,1,20:56,1,4
وأبيه,1,80:35,1,5
وأتاهم,1,16:26,1,6
وأتبعناهم,1,28:42,1,9
وأترفناهم,1,23:33,1,9
وأتمروا,1,65:6,1,7
وأتممت,1,5:3,1,6
وأتممناها,1,7:142,1,9
وأتموا,1,2:196,1,6
وأتيناك,1,15:64,1,7
وأثابهم,1,48:18,1,7
وأثاروا,1,30:9,1,7
وأثقالا,1,29:13,1,7
وأثل,1,34:16,1,4
وأجدر,1,9:97,1,5
وأجلب,1,17:64,1,5
وأجمعوا,1,12:15,1,7
وأحاط,1,72:28,1,5
وأحاطت,1,2:81,1,6
وأحباؤه,1,5:18,1,7
وأحصوا,1,65:1,1,6
وأحصى,1,72:28,1,5
وأحضرت,1,4:128,1,6
وأحلت,1,22:30,1,5
وأحلوا,1,14:28,1,6
وأحيا,1,53:44,1,5
وأحيط,1,18:42,1,5
وأحيي,1,3:49,1,5
وأحييتنا,1,40:11,1,8
وأحيينا,1,50:11,1,7
وأخاف,1,12:13,1,5
وأخبتوا,1,11:23,1,7
وأخذت,1,11:94,1,5
وأخذتم,1,3:81,1,6
وأخذن,1,4:21,1,5
وأخذناهم,1,43:48,1,8
وأخذهم,1,4:161,1,6
وأخذوا,1,34:51,1,6
وأخرت,1,82:5,1,5
وأخرج,1,79:29,1,5
وأخرجت,1,99:2,1,6
وأخرجنا,1,36:33,1,7
وأخرجني,1,17:80,1,7
وأخرجوا,1,3:195,1,7
وأخرجوكم,1,60:9,1,8
وأخرجوهم,1,2:191,1,8
وأخفى,1,20:7,1,5
وأخلصوا,1,4:146,1,7
وأخوك,1,20:42,1,5
وأخوه,1,12:8,1,5
وأداء,1,2:178,1,5
وأدبار,1,50:40,1,6
وأدخلنا,1,7:151,1,7
وأدخلناه,1,21:75,1,8
وأدخلناهم,1,21:86,1,9
وأدخلني,1,27:19,1,7
وأدخلهم,1,40:8,1,7
وأدعو,1,19:48,1,5
وأدنى,1,2:282,1,5
وأذان,1,9:3,1,5
وأذن,1,22:27,1,4
وأرادوا,1,21:70,1,7
وأرجلهن,1,60:12,1,7
وأرسلناك,1,4:79,1,8
وأرسلناه,1,37:147,1,8
وأرض,1,39:10,1,4
وأرضا,1,33:27,1,5
وأرنا,1,2:128,1,5
وأرى,1,20:46,1,4
وأزلفنا,1,26:64,1,7
وأزواج,1,3:15,1,6
وأزواجه,1,33:6,1,7
وأسبغ,1,31:20,1,5
وأسرحكن,1,33:28,1,7
وأسررت,1,71:9,1,6
وأسروه,1,12:19,1,6
وأسقيناكم,1,77:27,1,9
وأسلحتهم,1,4:102,1,8
وأسلمت,1,27:44,1,6
وأسلموا,1,39:54,1,7
وأسلنا,1,34:12,1,6
وأسمع,1,18:26,1,5
وأسيرا,1,76:8,1,6
وأشربوا,1,2:93,1,7
وأشرقت,1,39:69,1,6
وأشرك,1,40:42,1,5
وأشركه,1,20:32,1,6
وأشعارها,1,16:80,1,8
وأشفقن,1,33:72,1,6
وأشهدهم,1,7:172,1,7
وأصابه,1,2:266,1,6
وأصروا,1,71:7,1,6
وأصفاكم,1,43:16,1,7
وأصلحا,1,4:16,1,6
وأصلحنا,1,21:90,1,7
وأضعف,1,19:75,1,5
وأضله,1,45:23,1,5
وأضلهم,1,20:85,1,6
وأضلوا,1,5:77,1,6
وأطراف,1,20:130,1,6
وأطعن,1,33:33,1,5
وأطغى,1,53:52,1,5
وأظهره,1,66:3,1,6
وأعانه,1,25:4,1,6
وأعتدت,1,12:31,1,6
وأعتزلكم,1,19:48,1,8
وأعدوا,1,8:60,1,6
وأعز,1,18:34,1,4
وأعطى,1,53:34,1,5
وأعظم,1,73:20,1,5
وأعمى,1,47:23,1,5
وأعنابا,1,78:32,1,7
وأعوذ,1,23:98,1,5
وأعينهم,1,9:92,1,7
وأغطش,1,79:29,1,5
وأغلالا,1,76:4,1,7
وأفئدة,1,46:26,1,6
وأفئدتهم,1,14:43,1,8
وأفوض,1,40:44,1,5
وأقبلوا,1,12:71,1,7
وأقرب,1,18:81,1,5
وأقرضتم,1,5:12,1,7
وأقسطوا,1,49:9,1,7
وأقمن,1,33:33,1,5
وأقنى,1,53:48,1,5
وأكبر,1,17:21,1,5
وأكدى,1,53:34,1,5
وأكيد,1,86:16,1,5
وألزمهم,1,48:26,1,7
وألسنتهم,1,60:2,1,8
وألف,1,8:63,1,4
وألفيا,1,12:25,1,6
وألقت,1,84:4,1,5
وألقوه,1,12:10,1,6
وألقي,1,7:120,1,5
وألقيت,1,20:39,1,6
وألنا,1,34:10,1,5
وألو,1,72:16,1,4
وألوانكم,1,30:22,1,8
وأمتعتكم,1,4:102,1,8
وأمددناكم,1,17:6,1,9
وأمددناهم,1,52:22,1,9
وأمرنا,1,6:71,1,6
وأمره,1,2:275,1,5
وأمرهم,1,42:38,1,6
وأمروا,1,22:41,1,6
وأملى,1,47:25,1,5
وأمم,1,11:48,1,4
وأمنا,1,2:125,1,5
وأمهات,1,4:23,1,6
وأمهاتكم,1,4:23,1,8
وأمواتا,1,77:26,1,7
وأموال,1,9:24,1,6
وأموالا,1,10:88,1,7
وأمي,1,5:116,1,4
وأميت,1,2:258,1,5
وأناب,1,38:24,1,5
وأنابوا,1,39:17,1,7
وأناسي,1,25:49,1,6
وأنبئكم,1,3:49,1,7
وأنبتت,1,22:5,1,6
وأنبتها,1,3:37,1,7
وأنثى,1,49:13,1,5
وأنصتوا,1,7:204,1,7
وأنصح,1,7:62,1,5
وأنعمت,1,33:37,1,6
وأنفسنا,1,3:61,1,7
وأنك,1,20:119,1,4
وأنكحوا,1,24:32,1,7
وأنكم,1,23:115,1,5
وأنيبوا,1,39:54,1,7
وأهديك,1,79:19,1,6
وأهش,1,20:18,1,4
وأهل,1,74:56,1,4
وأهلكنا,1,21:9,1,7
وأهلنا,1,12:88,1,6
وأهلونا,1,48:11,1,7
وأهلي,1,26:169,1,5
وأهليكم,1,66:6,1,7
وأوبارها,1,16:80,1,8
وأوتيت,1,27:23,1,6
وأوجس,1,11:70,1,5
وأورثكم,1,33:27,1,7
وأوصاني,1,19:31,1,7
وأولئكم,1,4:91,1,7
وأولات,1,65:4,1,6
وأولادهم,1,9:85,1,8
وأولي,1,4:59,1,5
وأياما,1,34:18,1,6
وأيدكم,1,8:26,1,6
وأيده,1,9:40,1,5
وأيدهم,1,58:22,1,6
وأيدي,1,59:2,1,5
وأيديهم,1,24:24,1,7
وأيمانهم,1,3:77,1,8
وإثمك,1,5:29,1,5
وإثمهما,1,2:219,1,7
وإخراج,1,2:217,1,6
وإخوان,1,50:13,1,6
وإخوته,1,12:7,1,6
وإدبار,1,52:49,1,6
وإدريس,1,21:85,1,6
وإرصادا,1,9:107,1,7
وإسرائيل,1,19:58,1,8
وإسرافنا,1,3:147,1,8
وإلهنا,1,29:46,1,6
وإلي,1,22:48,1,4
وإلياس,1,6:85,1,6
وإمائكم,1,24:32,1,7
وإناثا,1,42:50,1,6
وإننا,1,11:62,1,5
وإنني,1,6:19,1,5
وإنهما,1,15:79,1,6
وإياك,1,1:5,1,5
وإياهم,1,6:151,1,6
وابتغاؤكم,1,30:23,1,9
وابتلوا,1,4:6,1,7
وابنها,1,21:91,1,6
وابيضت,1,12:84,1,6
واتبعت,1,12:38,1,6
واتبعتهم,1,52:21,1,8
واتبعك,1,26:111,1,6
واتبعنا,1,3:53,1,7
واتبعون,1,43:61,1,7
واتبعوه,1,7:158,1,7
واتخذتموه,1,11:92,1,9
واترك,1,44:24,1,5
واتق,1,33:37,1,4
واتقون,1,2:197,1,6
واتقين,1,33:55,1,6
واثقكم,1,5:7,1,6
واجتبينا,1,19:58,1,8
واجتبيناهم,1,6:87,1,10
واجعلني,1,26:85,1,7
واجعله,1,19:6,1,6
واجعلوا,1,10:87,1,7
واجفة,1,79:8,1,5
واجنبني,1,14:35,1,7
واحذرهم,1,5:49,1,7
واحذروا,1,5:92,1,7
واحصروهم,1,9:5,1,8
واحفظوا,1,5:89,1,7
واحلل,1,20:27,1,5
واختار,1,7:155,1,6
واختلفوا,1,3:105,1,8
واخشوا,1,31:33,1,6
واخشوني,1,2:150,1,7
وادخلي,1,89:30,1,6
وادكر,1,12:45,1,5
واديا,1,9:121,1,5
واذكرن,1,33:34,1,6
واذكروه,1,2:198,1,7
وارتابت,1,9:45,1,7
وارتبتم,1,57:14,1,7
وارتقبوا,1,11:93,1,8
وارجعوا,1,21:13,1,7
وارجوا,1,29:36,1,6
وارحم,1,23:118,1,5
واردها,1,19:71,1,6
واردهم,1,12:19,1,6
واردون,1,21:98,1,6
وارزق,1,2:126,1,5
وارزقنا,1,5:114,1,7
وارزقهم,1,14:37,1,7
وارزقوهم,1,4:5,1,8
وارعوا,1,20:54,1,6
واركعوا,1,2:43,1,7
واركعي,1,3:43,1,6
وازدادوا,1,18:25,1,8
وازدجر,1,54:9,1,6
وازينت,1,10:24,1,6
واسألهم,1,7:163,1,7
واستبقا,1,12:25,1,7
واستحيوا,1,40:25,1,8
واسترهبوهم,1,7:116,1,10
واستشهدوا,1,2:282,1,9
واستعمركم,1,11:61,1,9
واستعينوا,1,2:45,1,9
واستغشوا,1,71:7,1,8
واستغفره,1,110:3,1,8
واستغفروه,1,41:6,1,9
واستغفري,1,12:29,1,8
واستفتحوا,1,14:15,1,9
واستفزز,1,17:64,1,7
واستقم,1,42:15,1,6
واستكبرت,1,39:59,1,8
واستكبرتم,1,46:10,1,9
واستمتعتم,1,46:20,1,9
واستمع,1,50:41,1,6
واستوت,1,11:44,1,6
واستوى,1,28:14,1,6
واستيقنتها,1,27:14,1,10
واسجد,1,96:19,1,5
واسجدي,1,3:43,1,6
واسعا,1,4:130,1,5
واشتروا,1,3:187,1,7
واشتعل,1,19:4,1,6
واشدد,1,10:88,1,5
واشربي,1,19:26,1,6
واشهدوا,1,11:54,1,7
واصب,1,37:9,1,4
واصبا,1,16:52,1,5
واصطفاك,1,3:42,1,7
واصطنعتك,1,20:41,1,8
واصفح,1,5:13,1,5
واصفحوا,1,2:109,1,7
واصنع,1,11:37,1,5
واضربوا,1,8:12,1,7
واضربوهن,1,4:34,1,8
واطمأنوا,1,10:7,1,8
واعبد,1,15:99,1,5
واعبدوه,1,29:17,1,7
واعدنا,1,2:51,1,6
واعف,1,2:286,1,4
واعلم,1,2:260,1,5
واعية,1,69:12,1,5
واغضض,1,31:19,1,5
وافعلوا,1,22:77,1,7
واقصد,1,31:19,1,5
واقعدوا,1,9:5,1,7
واكتب,1,7:156,1,5
واكسوهم,1,4:5,1,7
واكفروا,1,3:72,1,7
وال,1,13:11,1,3
والآخر,1,57:3,1,6
والآخرين,1,56:49,1,8
والأحزاب,1,40:5,1,8
والأذن,1,5:45,1,6
والأذى,1,2:264,1,6
والأرحام,1,4:1,1,8
والأزلام,1,5:90,1,8
والأصم,1,11:24,1,6
والأعناق,1,38:33,1,8
والأغلال,1,7:157,1,8
والأقدام,1,55:41,1,8
والأميين,1,3:20,1,8
والأنصاب,1,5:90,1,8
والأنف,1,5:45,1,6
والأنفس,1,2:155,1,7
والأولين,1,77:38,1,8
والإثم,1,7:33,1,6
والإحسان,1,16:90,1,8
والإشراق,1,38:18,1,8
والباد,1,22:25,1,6
والباطل,1,13:17,1,7
والباطن,1,57:3,1,7
والبدن,1,22:36,1,6
والبصر,1,17:36,1,6
والبغال,1,16:8,1,7
والبلد,1,7:58,1,6
والبنون,1,18:46,1,7
والبنين,1,3:14,1,7
والبيت,1,52:4,1,6
والترائب,1,86:7,1,8
والتفت,1,75:29,1,6
والتين,1,95:1,1,6
والثمرات,1,2:155,1,8
والجان,1,15:27,1,6
والجبلة,1,26:184,1,7
والجراد,1,7:133,1,7
والجروح,1,5:45,1,7
والجسم,1,2:247,1,6
والجلود,1,22:20,1,7
والجوع,1,2:155,1,6
والحافظات,1,33:35,1,9
والحافظون,1,9:112,1,9
والحافظين,1,33:35,1,9
والحب,1,55:12,1,5
والحج,1,2:189,1,5
والحرث,1,3:14,1,6
والحرمات,1,2:194,1,8
والحق,1,38:84,1,5
والحمير,1,16:8,1,7
والحياة,1,67:2,1,7
والخاشعات,1,33:35,1,9
والخاشعين,1,33:35,1,9
والخبيثون,1,24:26,1,9
والخنازير,1,5:60,1,9
والخوف,1,16:112,1,6
والخير,1,21:35,1,6
والد,1,31:33,1,4
والدة,1,2:233,1,5
والدتك,1,5:110,1,6
والده,1,31:33,1,5
والذاريات,1,51:1,1,9
والذاكرات,1,33:35,1,9
والذاكرين,1,33:35,1,9
والذكر,1,3:58,1,6
والراسخون,1,3:7,1,9
والربانيون,1,5:44,1,10
والرجز,1,74:5,1,6
والرقيم,1,18:9,1,7
والركب,1,8:42,1,6
والرهبان,1,9:34,1,8
والريحان,1,55:12,1,8
والزاني,1,24:2,1,7
والزانية,1,24:3,1,8
والزرع,1,6:141,1,6
والسائلين,1,2:177,1,9
والسابحات,1,79:3,1,9
والسارق,1,5:38,1,7
والسارقة,1,5:38,1,8
والسحاب,1,2:164,1,7
والسراء,1,7:95,1,7
والسعة,1,24:22,1,6
والسقف,1,52:5,1,6
والسلاسل,1,40:71,1,8
والسميع,1,11:24,1,7
والسن,1,5:45,1,5
والسوء,1,16:27,1,6
والسيئات,1,7:168,1,8
والشجرة,1,17:60,1,7
والشعراء,1,26:224,1,8
والشفع,1,89:3,1,6
والشمائل,1,16:48,1,8
والشهر,1,5:97,1,6
والصائمات,1,33:35,1,9
والصائمين,1,33:35,1,9
والصابئون,1,5:69,1,9
والصابرات,1,33:35,1,9
والصاحب,1,4:36,1,7
والصادقات,1,33:35,1,9
والصافات,1,37:1,1,8
والصديقين,1,4:69,1,9
والصلح,1,4:128,1,6
والصيف,1,106:2,1,6
والضحى,1,93:1,1,6
والضفادع,1,7:133,1,8
والضلال,1,34:8,1,7
والطارق,1,86:1,1,7
والطاغوت,1,4:51,1,8
والطور,1,52:1,1,6
والطيب,1,5:100,1,6
والطيبون,1,24:26,1,8
والظالمون,1,42:8,1,9
والظالمين,1,76:31,1,9
والظاهر,1,57:3,1,7
والعاديات,1,100:1,1,9
والعافين,1,3:134,1,8
والعاكفين,1,2:125,1,9
والعاملين,1,9:60,1,9
والعبد,1,2:178,1,6
والعذاب,1,2:175,1,7
والعزى,1,53:19,1,6
والعصر,1,103:1,1,6
والعصيان,1,49:7,1,8
والعمرة,1,2:196,1,7
والعمل,1,35:10,1,6
والعنهم,1,33:68,1,7
والعير,1,12:82,1,6
والعين,1,5:45,1,6
والغارمين,1,9:60,1,9
والغاوون,1,26:94,1,8
والغنم,1,6:146,1,6
والغوا,1,41:26,1,6
والفؤاد,1,17:36,1,7
والفتح,1,110:1,1,6
والفجر,1,89:1,1,6
والفسوق,1,49:7,1,7
والقائلين,1,33:18,1,9
والقائمين,1,22:26,1,9
والقاسية,1,22:53,1,8
والقانتات,1,33:35,1,9
والقلائد,1,5:97,1,8
والقلم,1,68:1,1,6
والقمل,1,7:133,1,6
والقناطير,1,3:14,1,9
والقواعد,1,24:60,1,8
والكاظمين,1,3:134,1,9
والكافرين,1,4:140,1,9
واللذان,1,4:16,1,7
والمؤتفكة,1,53:53,1,9
والمؤتون,1,4:162,1,8
والمؤلفة,1,9:60,1,8
والمؤمنين,1,33:35,1,9
والمتردية,1,5:3,1,9
والمتصدقات,1,33:35,1,10
والمتصدقين,1,33:35,1,10
والمجاهدون,1,4:95,1,10
والمجوس,1,22:17,1,7
والمرجفون,1,33:60,1,9
والمرسلات,1,77:1,1,9
والمروة,1,2:158,1,7
والمستغفرين,1,3:17,1,11
والمسكنة,1,2:61,1,8
والمسلمات,1,33:35,1,9
والمسيح,1,9:31,1,7
والمصدقات,1,57:18,1,9
والمطلقات,1,2:228,1,9
والمطلوب,1,22:73,1,8
والمعتر,1,22:36,1,7
والمغارب,1,70:40,1,8
والمغفرة,1,2:221,1,8
والمقيمي,1,22:35,1,8
والمقيمين,1,4:162,1,9
والمكذبين,1,73:11,1,9
والمنخنقة,1,5:3,1,9
والمنفقين,1,3:17,1,9
والموتى,1,6:36,1,7
والموعظة,1,16:125,1,8
والموفون,1,2:177,1,8
والموقوذة,1,5:3,1,9
والنار,1,47:12,1,6
والنازعات,1,79:1,1,9
والناشرات,1,77:3,1,9
والناشطات,1,79:2,1,9
والناهون,1,9:112,1,8
والنبي,1,5:81,1,6
والنبيون,1,3:84,1,8
والنخيل,1,16:11,1,7
والنذر,1,10:101,1,6
والنسل,1,2:205,1,6
والنطيحة,1,5:3,1,8
والنوم,1,25:47,1,6
والنوى,1,6:95,1,6
والهدى,1,2:159,1,6
والوالدات,1,2:233,1,9
والوتر,1,89:3,1,6
والوزن,1,7:8,1,6
وامتازوا,1,36:59,1,8
وامرأة,1,33:50,1,6
وامرأت,1,66:10,1,6
وامرأتان,1,2:282,1,8
وامرأتي,1,3:40,1,7
وامسحوا,1,5:6,1,7
وامضوا,1,15:65,1,6
وانتصروا,1,26:227,1,8
وانتظر,1,32:30,1,6
وانتظروا,1,11:122,1,8
وانحر,1,108:2,1,5
وانشق,1,54:1,1,5
وانشقت,1,69:16,1,6
وانصروا,1,21:68,1,7
وانطلق,1,38:6,1,6
وانظرنا,1,4:46,1,7
وانظروا,1,7:86,1,7
وانقلبوا,1,7:119,1,8
وانه,1,31:17,1,4
واهجرني,1,19:46,1,7
واهجرهم,1,73:10,1,7
واهجروهن,1,4:34,1,8
واهدنا,1,38:22,1,6
واهية,1,69:16,1,5
وبئر,1,22:45,1,4
وبارك,1,41:10,1,5
وباركنا,1,37:113,1,7
وباطنة,1,31:20,1,6
وباطنه,1,6:120,1,6
وبالآخرة,1,2:4,1,8
وبالأسحار,1,51:18,1,9
وبالذي,1,3:183,1,6
وبالرسول,1,24:47,1,8
وبالزبر,1,35:25,1,7
وبالكتاب,1,35:25,1,8
وبالليل,1,37:138,1,7
وبالمؤمنين,1,8:62,1,10
وبالنجم,1,16:16,1,7
وباليوم,1,2:8,1,7
وبدأ,1,32:7,1,4
وبدارا,1,4:6,1,6
وبداره,1,28:81,1,6
وبدلناهم,1,34:16,1,8
وبذلك,1,6:163,1,5
وبذي,1,4:36,1,4
وبرحمته,1,10:58,1,7
وبرسوله,1,9:54,1,7
وبرسولي,1,5:111,1,7
وبرق,1,2:19,1,4
وبركات,1,11:48,1,6
وبركاته,1,11:73,1,7
وبست,1,56:5,1,4
وبسر,1,74:22,1,4
وبشرناه,1,37:112,1,7
وبشروه,1,51:28,1,6
وبصدهم,1,4:160,1,6
وبصلها,1,2:61,1,6
وبطل,1,7:118,1,4
وبعثنا,1,5:12,1,6
وبعهد,1,6:152,1,5
وبعولتهن,1,2:228,1,8
وبقية,1,2:248,1,5
وبكفرهم,1,4:156,1,7
وبكلامي,1,7:144,1,7
وبكم,1,6:39,1,4
وبكما,1,17:97,1,5
وبكيا,1,19:58,1,5
وبلغ,1,46:15,1,4
وبلغت,1,33:10,1,5
وبلغنا,1,6:128,1,6
وبلوناهم,1,7:168,1,8
وبمن,1,27:47,1,4
وبناتك,1,33:59,1,6
وبناتكم,1,4:23,1,7
وبنعمة,1,29:67,1,6
وبنعمت,1,16:72,1,6
وبني,1,14:35,1,4
وبنينا,1,78:12,1,6
وبنيه,1,80:36,1,5
وبوأكم,1,7:74,1,6
وبيع,1,22:40,1,4
وبيلا,1,73:16,1,5
وبينات,1,2:185,1,6
وبينهما,1,7:46,1,7
وبينوا,1,2:160,1,6
وتأبى,1,9:8,1,5
وتأتون,1,29:29,1,6
وتأسرون,1,33:26,1,7
وتأكلون,1,89:19,1,7
وتؤتوها,1,2:271,1,7
وتؤوي,1,33:51,1,5
وتاب,1,58:13,1,4
وتالله,1,21:57,1,6
وتبارك,1,43:85,1,6
وتبتل,1,73:8,1,5
وتبرئ,1,5:110,1,5
وتبغونها,1,7:86,1,8
وتبين,1,14:45,1,5
وتتخذون,1,26:129,1,7
وتتلقاهم,1,21:103,1,8
وتثبيتا,1,2:265,1,7
وتجارة,1,9:24,1,6
وتجاهدون,1,61:11,1,8
وتحبون,1,89:20,1,6
وتحرير,1,4:92,1,6
وتحسبهم,1,18:18,1,7
وتحسبونه,1,24:15,1,8
وتحشرون,1,3:12,1,7
وتحمل,1,16:7,1,5
وتحيتهم,1,10:10,1,7
وتخر,1,19:90,1,4
وتخرجون,1,2:85,1,7
وتخشى,1,33:37,1,5
وتخفون,1,6:91,1,6
وتخفي,1,33:37,1,5
وتخلت,1,84:4,1,5
وتخلقون,1,29:17,1,7
وتخونوا,1,8:27,1,7
وتدعوا,1,47:35,1,6
وتدعونني,1,40:41,1,8
وتدلوا,1,2:188,1,6
وتذكيري,1,10:71,1,7
وتذل,1,3:26,1,4
وتذهب,1,8:46,1,5
وتذوقوا,1,16:94,1,7
وتربصتم,1,57:14,1,7
وترجون,1,4:104,1,6
وترحمنا,1,7:23,1,7
وترحمني,1,11:47,1,7
وترزق,1,3:27,1,5
وترغبون,1,4:127,1,7
وتركتم,1,6:94,1,6
وتركهم,1,2:17,1,6
وتركوك,1,62:11,1,6
وترهقهم,1,10:27,1,7
وتزكيهم,1,9:103,1,7
وتزودوا,1,2:197,1,7
وتسبحوه,1,48:9,1,7
وتسبيحه,1,24:41,1,7
وتستخرجوا,1,16:14,1,9
وتستخرجون,1,35:12,1,9
وتسعون,1,38:23,1,6
وتسلموا,1,24:27,1,7
وتسليما,1,33:22,1,7
وتسود,1,3:106,1,5
وتسير,1,52:10,1,5
وتشاور,1,2:233,1,6
وتشتكي,1,58:1,1,6
وتشهد,1,36:65,1,5
وتصدق,1,12:88,1,5
وتصدون,1,7:86,1,6
وتصدية,1,8:35,1,6
وتصف,1,16:62,1,4
وتصفحوا,1,64:14,1,7
وتصلحوا,1,2:224,1,7
وتصلية,1,56:94,1,6
وتضحكون,1,53:60,1,7
وتضع,1,22:2,1,4
وتعاونوا,1,5:2,1,8
وتعز,1,3:26,1,4
وتعزروه,1,48:9,1,7
وتعلم,1,9:43,1,5
وتعمل,1,33:31,1,5
وتعيها,1,69:12,1,6
وتغشى,1,14:50,1,5
وتغفروا,1,64:14,1,7
وتفاخر,1,57:20,1,6
وتفريقا,1,9:107,1,7
وتفقد,1,27:20,1,5
وتقبل,1,14:40,1,5
وتقسطوا,1,60:8,1,7
وتقطعت,1,2:166,1,6
وتقطعون,1,29:29,1,7
وتقلبك,1,26:219,1,6
وتقواها,1,91:8,1,7
وتقول,1,50:30,1,5
وتقولوا,1,43:13,1,7
وتقولون,1,24:15,1,7
وتكاثر,1,57:20,1,6
وتكتموا,1,2:42,1,7
وتكتمون,1,3:71,1,7
وتكفرون,1,2:85,1,7
وتكلمنا,1,36:65,1,7
وتلذ,1,43:71,1,4
وتله,1,37:103,1,4
وتماثيل,1,34:13,1,7
وتمتعوا,1,77:46,1,7
وتناجوا,1,58:9,1,7
وتنازعتم,1,3:152,1,8
وتنزع,1,3:26,1,5
وتنشق,1,19:90,1,5
وتنهون,1,3:110,1,6
وتهدي,1,7:155,1,5
وتوبوا,1,24:31,1,6
وتودون,1,8:7,1,6
وتوفى,1,16:111,1,5
وتوفيقا,1,4:62,1,7
وتوقروه,1,48:9,1,7
وتول,1,37:178,1,4
وتولج,1,3:27,1,5
وثاقه,1,89:26,1,5
وثامنهم,1,18:22,1,7
وثقالا,1,9:41,1,6
وثلة,1,56:40,1,4
وثلثه,1,73:20,1,5
وثمانية,1,69:7,1,7
وثيابك,1,74:4,1,6
وجئتك,1,27:22,1,5
وجئتكم,1,3:50,1,6
وجاءته,1,11:74,1,6
وجاءك,1,11:120,1,5
وجاءكم,1,35:37,1,6
وجاءه,1,11:78,1,5
وجادلهم,1,16:125,1,7
وجادلوا,1,40:5,1,7
وجاعل,1,3:55,1,5
وجاعلوه,1,28:7,1,7
وجاهد,1,9:19,1,5
وجاهدهم,1,25:52,1,7
وجبت,1,22:36,1,4
وجحدوا,1,27:14,1,6
وجحيما,1,73:12,1,6
وجدت,1,27:23,1,4
وجدتها,1,27:24,1,6
وجدكم,1,65:6,1,5
وجدناه,1,38:44,1,6
وجدوا,1,12:65,1,5
وجرين,1,10:22,1,5
وجزاء,1,42:40,1,5
وجزاهم,1,76:12,1,6
وجعلت,1,74:12,1,5
وجعلكم,1,5:20,1,6
وجعلها,1,43:28,1,6
وجفان,1,34:13,1,5
وجلة,1,23:60,1,4
وجلودهم,1,41:20,1,7
وجلون,1,15:52,1,5
وجنت,1,56:89,1,4
وجنوبهم,1,9:35,1,7
وجنود,1,26:95,1,5
وجنودا,1,33:9,1,6
وجنى,1,55:54,1,4
وجهاد,1,9:24,1,5
وجهة,1,2:148,1,4
وجهت,1,6:79,1,4
وجهرا,1,16:75,1,5
وجهركم,1,6:3,1,6
وجوها,1,4:47,1,5
وحاجه,1,6:80,1,5
وحال,1,11:43,1,4
وحب,1,50:9,1,3
وحبط,1,11:16,1,4
وحبل,1,3:112,1,4
وحجرا,1,25:53,1,5
وحدائق,1,80:30,1,6
وحرام,1,21:95,1,5
وحرث,1,6:138,1,4
وحرض,1,4:84,1,4
وحرمنا,1,28:12,1,6
وحرموا,1,6:140,1,6
وحريرا,1,76:12,1,6
وحزنا,1,28:8,1,5
وحزني,1,12:86,1,5
وحسبوا,1,5:71,1,6
وحسنت,1,18:31,1,5
وحشر,1,27:17,1,4
وحشرنا,1,6:111,1,6
وحشرناهم,1,18:47,1,8
وحصل,1,100:10,1,4
وحصورا,1,3:39,1,6
وحصيد,1,11:100,1,5
وحفدة,1,16:72,1,5
وحفظناها,1,15:17,1,8
وحففناهما,1,18:32,1,9
وحق,1,41:25,1,3
وحكما,1,4:35,1,5
وحكمة,1,3:81,1,5
وحلائل,1,4:23,1,6
وحلالا,1,10:59,1,6
وحلوا,1,76:21,1,5
وحمر,1,35:27,1,4
وحملت,1,69:14,1,5
وحملناه,1,54:13,1,7
وحملناهم,1,17:70,1,8
وحمله,1,46:15,1,5
وحملها,1,33:72,1,6
وحميم,1,56:42,1,5
وحنانا,1,19:13,1,6
وحور,1,56:22,1,4
وحي,1,53:4,1,3
وحيا,1,42:51,1,4
وحيدا,1,74:11,1,5
وحيل,1,34:54,1,4
وحيه,1,20:114,1,4
وخاب,1,14:15,1,4
وخاتم,1,33:40,1,5
وخاف,1,14:14,1,4
وخافون,1,3:175,1,6
وخالاتكم,1,4:23,1,8
وخذ,1,38:44,1,3
وخذوا,1,4:102,1,5
وخذوهم,1,9:5,1,6
وخرقوا,1,6:100,1,6
وخروا,1,12:100,1,5
وخسف,1,75:8,1,4
وخشعت,1,20:108,1,5
وخشي,1,36:11,1,4
وخضتم,1,9:69,1,5
وخلقنا,1,36:42,1,6
وخلقناكم,1,78:8,1,8
وخلقهم,1,6:100,1,6
وخيفة,1,7:205,1,5
وداعيا,1,33:46,1,6
ودانية,1,76:14,1,6
وداوود,1,21:78,1,6
ودت,1,3:69,1,3
ودرسوا,1,7:169,1,6
ودسر,1,54:13,1,4
ودع,1,33:48,1,3
ودعك,1,93:3,1,4
ودم,1,16:66,1,3
ودمرنا,1,7:137,1,6
ودود,1,11:90,1,4
ودون,1,7:205,1,4
وديارهم,1,33:27,1,7
ودية,1,4:92,1,4
وذات,1,18:18,1,4
وذر,1,6:70,1,3
وذرني,1,73:11,1,5
وذرياتنا,1,25:74,1,8
وذرية,1,13:38,1,5
وذريته,1,18:50,1,6
وذريتها,1,3:36,1,7
وذكرا,1,21:48,1,5
وذكرهم,1,14:5,1,6
وذكروا,1,26:227,1,6
وذلة,1,7:152,1,4
وذلكم,1,41:23,1,5
وذللت,1,76:14,1,5
وذللناها,1,36:72,1,8
وذو,1,41:43,1,3
وذي,1,2:83,1,3
ورأى,1,18:53,1,4
ورأيت,1,110:2,1,5
ورأيتهم,1,63:5,1,7
ورئاء,1,8:47,1,5
ورئيا,1,19:74,1,5
وراءه,1,2:91,1,5
ورائكم,1,4:102,1,6
ورائي,1,19:5,1,5
ورابطوا,1,3:200,1,7
وراعنا,1,4:46,1,6
ورافعك,1,3:55,1,6
وراودته,1,12:23,1,7
وربائبكم,1,4:23,1,8
وربطنا,1,18:14,1,6
ورتل,1,73:4,1,4
ورتلناه,1,25:32,1,7
ورثة,1,26:85,1,4
ورثوا,1,7:169,1,5
ورجلا,1,39:29,1,5
ورجلك,1,17:64,1,5
ورحمت,1,43:32,1,5
ورحمتي,1,7:156,1,6
وردا,1,19:86,1,4
وردة,1,55:37,1,4
وردوا,1,10:30,1,5
وردوها,1,21:99,1,6
ورزقا,1,16:67,1,5
ورزقني,1,11:88,1,6
ورسالاته,1,72:23,1,8
ورسلنا,1,43:80,1,6
ورسول,1,43:29,1,5
ورسولا,1,3:49,1,6
ورضي,1,20:109,1,4
ورضيت,1,5:3,1,5
ورعد,1,2:19,1,4
ورفعناه,1,19:57,1,7
ورقة,1,6:59,1,4
ورماحكم,1,5:94,1,7
ورمان,1,55:68,1,5
ورهبا,1,21:90,1,5
ورهبانا,1,5:82,1,7
ورهبانهم,1,9:31,1,8
ورهبانية,1,57:27,1,8
ورواحها,1,34:12,1,7
وروح,1,4:171,1,4
وريحان,1,56:89,1,6
وريشا,1,7:26,1,5
وزادكم,1,7:69,1,6
وزاده,1,2:247,1,5
وزادهم,1,25:60,1,6
وزخرفا,1,43:35,1,6
وزدناهم,1,18:13,1,7
وزرا,1,20:100,1,4
وزرابي,1,88:16,1,6
وزرع,1,13:4,1,4
وزرك,1,94:2,1,4
وزفيرا,1,25:12,1,6
وزكاة,1,19:13,1,5
وزلفا,1,11:114,1,5
وزنا,1,18:105,1,4
وزنوهم,1,83:3,1,6
وزهق,1,17:81,1,4
وزوجه,1,2:102,1,5
وزيادة,1,10:26,1,6
وزيتونا,1,80:29,1,7
وزينا,1,41:12,1,5
وزينه,1,49:7,1,5
وسار,1,28:29,1,4
وسارب,1,13:10,1,5
وسارعوا,1,3:133,1,7
وسبحه,1,76:26,1,5
وسبحوا,1,32:15,1,6
وسبحوه,1,33:42,1,6
وسبعة,1,2:196,1,5
وسبلا,1,16:15,1,5
وستردون,1,9:105,1,7
وسخرنا,1,21:79,1,6
وسرابيل,1,16:81,1,7
وسراجا,1,33:46,1,6
وسرحوهن,1,33:49,1,7
وسررا,1,43:34,1,5
وسرورا,1,76:11,1,6
وسطا,1,2:143,1,4
وسعة,1,4:100,1,4
وسعيد,1,11:105,1,5
وسعيرا,1,76:4,1,6
وسفرا,1,9:42,1,5
وسق,1,84:17,1,3
وسقاهم,1,76:21,1,6
وسقوا,1,47:15,1,5
وسقياها,1,91:13,1,7
وسكنتم,1,14:45,1,6
وسلك,1,20:53,1,4
وسلموا,1,33:56,1,6
وسمعنا,1,32:12,1,6
وسمعهم,1,16:108,1,6
وسنجزي,1,3:145,1,6
وسنزيد,1,2:58,1,6
وسنقول,1,18:88,1,6
وسواء,1,36:10,1,5
وسيجزي,1,3:144,1,6
وسيجنبها,1,92:17,1,8
وسيحبط,1,47:32,1,6
وسيحلفون,1,9:42,1,8
وسيدا,1,3:39,1,5
وسيرت,1,78:20,1,5
وسيرى,1,9:94,1,5
وسيصلون,1,4:10,1,7
وشاركهم,1,17:64,1,7
وشاقوا,1,47:32,1,6
وشاهد,1,85:3,1,5
وشاورهم,1,3:159,1,7
وشجرة,1,23:20,1,5
وشرابك,1,2:259,1,6
وشركاءكم,1,10:71,1,8
وشركاؤكم,1,10:28,1,8
وشروه,1,12:20,1,5
وشفتين,1,90:9,1,6
وشقاق,1,38:2,1,5
وشمال,1,34:15,1,5
وشهبا,1,72:8,1,5
وشهيد,1,50:21,1,5
وشهيق,1,11:106,1,5
وشيء,1,34:16,1,4
وشيبة,1,30:54,1,5
وصابروا,1,3:200,1,7
وصاحبهما,1,31:15,1,8
وصالح,1,66:4,1,5
وصبروا,1,16:110,1,6
وصبغ,1,23:20,1,4
وصدف,1,6:157,1,4
وصدقت,1,66:12,1,5
وصدها,1,27:43,1,5
وصدوكم,1,48:25,1,6
وصفهم,1,6:139,1,5
وصل,1,9:103,1,3
وصلنا,1,28:51,1,5
وصما,1,17:97,1,4
وصهرا,1,25:54,1,5
وصى,1,42:13,1,3
وصيلة,1,5:103,1,5
وضائق,1,11:12,1,5
وضحاها,1,91:1,1,6
وضربنا,1,14:45,1,6
وضع,1,3:96,1,3
وضعت,1,3:36,1,4
وضعف,1,17:75,1,4
وضعها,1,55:10,1,5
وضلوا,1,5:77,1,5
وضياء,1,21:48,1,5
وطئا,1,73:6,1,4
وطعام,1,5:5,1,5
وطعاما,1,73:13,1,6
وطعامكم,1,5:5,1,7
وطعامه,1,5:96,1,6
وطعنا,1,4:46,1,5
وطعنوا,1,9:12,1,6
وطلح,1,56:29,1,4
وطهر,1,22:26,1,4
وطهرك,1,3:42,1,5
وطور,1,95:2,1,4
وظالم,1,37:113,1,5
وظاهره,1,57:13,1,6
وظاهروا,1,60:9,1,7
وظلالهم,1,13:15,1,7
وظلما,1,4:30,1,5
وظلها,1,13:35,1,5
وظننتم,1,48:12,1,6
وظهر,1,9:48,1,4
وظهورهم,1,9:35,1,7
وعاشروهن,1,4:19,1,8
وعباد,1,25:63,1,5
وعبد,1,5:60,1,4
وعبقري,1,55:76,1,6
وعجبوا,1,38:4,1,6
وعجلت,1,20:84,1,5
وعدتنا,1,3:194,1,6
وعدتهم,1,40:8,1,6
وعدده,1,104:2,1,5
وعدسها,1,2:61,1,6
وعدك,1,11:45,1,4
وعدلا,1,6:115,1,5
وعدناه,1,28:61,1,6
وعدناهم,1,43:42,1,7
وعدو,1,20:39,1,4
وعدوا,1,10:90,1,5
وعدوه,1,9:77,1,5
وعذابا,1,73:13,1,6
وعذب,1,9:26,1,4
وعذبناها,1,65:8,1,8
وعربي,1,41:44,1,5
وعرضنا,1,18:100,1,6
وعرضوا,1,18:48,1,6
وعزرتموهم,1,5:12,1,9
وعزروه,1,7:157,1,6
وعزني,1,38:23,1,5
وعشرا,1,2:234,1,5
وعشيرتكم,1,9:24,1,8
وعصيتم,1,3:152,1,6
وعظهم,1,4:63,1,5
وعفا,1,2:187,1,4
وعقبى,1,13:35,1,5
وعلامات,1,16:16,1,7
وعلمتم,1,6:91,1,6
وعلمتني,1,12:101,1,7
وعلمك,1,4:113,1,5
وعلمه,1,2:251,1,5
وعلوا,1,27:14,1,5
وعليكم,1,24:54,1,6
وعلينا,1,13:40,1,6
وعليهم,1,42:16,1,6
وعماتكم,1,4:23,1,7
وعمارة,1,9:19,1,6
وعمروها,1,30:9,1,7
وعمله,1,66:11,1,5
وعميانا,1,25:73,1,7
وعنب,1,17:91,1,4
وعنبا,1,80:28,1,5
وعنت,1,20:111,1,4
وعندنا,1,50:4,1,6
وعهدنا,1,2:125,1,6
وغدوا,1,68:25,1,5
وغرابيب,1,35:27,1,7
وغركم,1,57:14,1,5
وغرهم,1,3:24,1,5
وغساق,1,38:57,1,5
وغساقا,1,78:25,1,6
وغفر,1,42:43,1,4
وغلقت,1,12:23,1,5
وغواص,1,38:37,1,5
وغيض,1,11:44,1,4
وفاقا,1,78:26,1,5
وفتح,1,61:13,1,4
وفتناك,1,20:40,1,6
وفدا,1,19:85,1,4
وفديناه,1,37:107,1,7
وفرادى,1,34:46,1,6
وفرش,1,56:34,1,4
وفرشا,1,6:142,1,5
وفرضناها,1,24:1,1,8
وفرعها,1,14:24,1,6
وفريق,1,42:7,1,5
وفساد,1,8:73,1,5
وفصل,1,38:20,1,4
وفصيلته,1,70:13,1,7
وفضلا,1,2:268,1,5
وفعلت,1,26:19,1,5
وفواكه,1,77:42,1,6
وفوق,1,12:76,1,4
وفومها,1,2:61,1,6
وفى,1,53:37,1,3
وفيه,1,12:49,1,4
وقائما,1,39:9,1,6
وقابل,1,40:3,1,5
وقاتل,1,57:10,1,5
وقارا,1,71:13,1,5
وقاسمهما,1,7:21,1,8
وقالا,1,27:15,1,5
وقب,1,113:3,1,3
وقبائل,1,49:13,1,6
وقبيله,1,7:27,1,6
وقتل,1,2:251,1,4
وقتلت,1,20:40,1,5
وقثائها,1,2:61,1,7
وقدت,1,12:25,1,4
وقدرنا,1,34:18,1,6
وقدره,1,10:5,1,5
وقدمنا,1,25:23,1,6
وقدموا,1,2:223,1,6
وقدور,1,34:13,1,5
وقرآنا,1,17:106,1,6
وقرآنه,1,75:17,1,6
وقربناه,1,19:52,1,7
وقرن,1,33:33,1,4
وقرونا,1,25:38,1,6
وقري,1,19:26,1,4
وقص,1,28:25,1,3
وقصر,1,22:45,1,4
وقضبا,1,80:28,1,5
وقضى,1,17:23,1,4
وقطعن,1,12:31,1,5
وقطعنا,1,7:72,1,6
وقعد,1,9:90,1,4
وقعدوا,1,3:168,1,6
وقفوهم,1,37:24,1,6
وقلبوا,1,9:48,1,6
وقلوبهن,1,33:53,1,7
وقمرا,1,25:61,1,5
وقود,1,3:10,1,4
وقول,1,47:21,1,4
وقومك,1,6:74,1,5
وقومها,1,27:24,1,6
وقومهم,1,27:51,1,6
وقوموا,1,2:238,1,6
وقياما,1,25:64,1,6
وقيضنا,1,41:25,1,6
وقيله,1,43:88,1,5
وكأس,1,56:18,1,4
وكأسا,1,78:34,1,5
وكادوا,1,7:150,1,6
وكبراءنا,1,33:67,1,8
وكبره,1,17:111,1,5
وكبير,1,54:53,1,5
وكذبتم,1,6:57,1,6
وكره,1,49:7,1,4
وكسوتهن,1,2:233,1,7
وكشفت,1,27:44,1,5
وكشفنا,1,23:75,1,6
وكف,1,48:20,1,3
وكفرت,1,61:14,1,5
وكفرتم,1,46:10,1,6
وكفرنا,1,40:84,1,6
وكفرهم,1,4:155,1,6
وكفلها,1,3:37,1,6
وكلبهم,1,18:18,1,6
وكلم,1,4:164,1,4
وكلما,1,11:38,1,5
وكلماته,1,7:158,1,7
وكلمة,1,9:40,1,5
وكلمته,1,4:171,1,6
وكلمه,1,7:143,1,5
وكلمهم,1,6:111,1,6
وكلنا,1,6:89,1,5
وكلهم,1,19:95,1,5
وكنوز,1,26:58,1,5
وكواعب,1,78:33,1,6
وكونوا,1,9:119,1,6
ولأبويه,1,4:11,1,7
ولأبين,1,43:63,1,6
ولأتم,1,2:150,1,5
ولأحل,1,3:50,1,5
ولأخي,1,7:151,1,5
ولأدخلناهم,1,5:65,1,10
ولأدخلنكم,1,5:12,1,9
ولأدخلنهم,1,3:195,1,9
ولأضلنهم,1,4:119,1,8
ولأغوينهم,1,15:39,1,9
ولأمة,1,2:221,1,5
ولأمنينهم,1,4:119,1,9
ولأوضعوا,1,9:47,1,8
ولإخواننا,1,59:10,1,9
ولات,1,38:3,1,4
ولاهم,1,2:142,1,5
ولايتهم,1,8:72,1,7
ولباس,1,7:26,1,5
ولبثت,1,26:18,1,5
ولبثوا,1,18:25,1,6
ولبيوتهم,1,43:34,1,8
ولتأت,1,4:102,1,5
ولتتقوا,1,7:63,1,7
ولتجدن,1,5:82,1,6
ولتجدنهم,1,2:96,1,8
ولتجري,1,30:46,1,6
ولتجزى,1,45:22,1,6
ولتسألن,1,16:93,1,7
ولتستبين,1,6:55,1,8
ولتسمعن,1,3:186,1,7
ولتصغى,1,6:113,1,6
ولتصنع,1,20:39,1,6
ولتعرفنهم,1,47:30,1,9
ولتعلم,1,28:13,1,6
ولتعلموا,1,17:12,1,8
ولتعلن,1,17:4,1,6
ولتكبروا,1,2:185,1,8
ولتكملوا,1,2:185,1,8
ولتكن,1,3:104,1,5
ولتكون,1,48:20,1,6
ولتكونن,1,39:65,1,7
ولتنازعتم,1,8:43,1,9
ولتنذر,1,6:92,1,6
ولتنصرنه,1,3:81,1,8
ولتنظر,1,59:18,1,6
ولدت,1,19:33,1,4
ولدنهم,1,58:2,1,6
ولده,1,31:33,1,4
ولذكر,1,29:45,1,5
ولذلك,1,11:119,1,5
ولربك,1,74:7,1,5
ولرسوله,1,63:8,1,7
ولزوجك,1,20:117,1,6
ولسانا,1,90:9,1,6
ولستم,1,2:267,1,5
ولعب,1,29:64,1,4
ولعبد,1,2:221,1,5
ولعلا,1,23:91,1,5
ولعنه,1,4:93,1,5
ولعنوا,1,5:64,1,6
ولقاهم,1,76:11,1,6
ولقومك,1,43:44,1,6
ولك,1,28:9,1,3
ولكنه,1,7:176,1,5
ولكنهم,1,9:56,1,6
وللأرض,1,41:11,1,6
وللبسنا,1,6:9,1,7
وللدار,1,6:32,1,6
وللذين,1,67:6,1,6
وللرجال,1,2:228,1,7
وللسيارة,1,5:96,1,8
وللمطلقات,1,2:241,1,9
ولملئت,1,18:18,1,6
ولنا,1,2:139,1,4
ولنبينه,1,6:105,1,7
ولنجزين,1,16:96,1,7
ولنجعلك,1,2:259,1,7
ولنجعله,1,19:21,1,7
ولنحمل,1,29:12,1,6
ولنخرجنهم,1,27:37,1,9
ولنرسلن,1,7:134,1,7
ولنسألن,1,7:6,1,7
ولنسكننكم,1,14:14,1,9
ولنصبرن,1,14:12,1,7
ولنعلمه,1,12:21,1,7
ولنعم,1,16:30,1,5
ولنكونن,1,9:75,1,7
ولهديناهم,1,4:68,1,9
ولهوا,1,6:70,1,5
ولوالديك,1,31:14,1,8
ولوموا,1,14:22,1,6
وليأتينهم,1,29:53,1,9
وليؤمنوا,1,2:186,1,8
وليال,1,89:2,1,5
وليبتلي,1,3:154,1,7
وليبدلنهم,1,24:55,1,9
وليبكوا,1,9:82,1,7
وليبلي,1,8:17,1,6
وليبينن,1,16:92,1,7
وليتبروا,1,17:7,1,8
وليتذكر,1,38:29,1,7
وليتلطف,1,18:19,1,7
وليتمتعوا,1,29:66,1,9
وليجة,1,9:16,1,5
وليجدوا,1,9:123,1,7
وليحكم,1,5:47,1,6
وليحلفن,1,9:107,1,7
وليحملن,1,29:13,1,7
وليخزي,1,59:5,1,6
وليخش,1,4:9,1,5
وليدا,1,26:18,1,5
وليدخلوا,1,17:7,1,8
وليدع,1,40:26,1,5
وليذكر,1,14:52,1,6
وليذيقكم,1,30:46,1,8
وليربط,1,8:11,1,6
وليرضوه,1,6:113,1,7
وليسألن,1,29:13,1,7
وليسألوا,1,60:10,1,8
وليست,1,4:18,1,5
وليستعفف,1,24:33,1,8
وليشهد,1,24:2,1,6
وليصفحوا,1,24:22,1,8
وليضربن,1,24:31,1,7
وليطوفوا,1,22:29,1,8
وليعفوا,1,24:22,1,7
وليعلموا,1,14:52,1,8
وليقترفوا,1,6:113,1,9
وليقول,1,74:31,1,6
وليكتب,1,2:282,1,6
وليكم,1,5:55,1,5
وليكون,1,6:75,1,6
وليكونا,1,12:32,1,7
وليلبسوا,1,6:137,1,8
وليمسنكم,1,36:18,1,8
وليمكنن,1,24:55,1,7
وليملل,1,2:282,1,6
ولينصرن,1,22:40,1,7
وليه,1,2:282,1,4
وليهما,1,3:122,1,6
وليوفوا,1,22:29,1,7
وليوفيهم,1,46:19,1,8
وماء,1,56:31,1,4
وماذا,1,4:39,1,5
وماروت,1,2:102,1,6
ومتعناهم,1,10:98,1,8
ومتعوهن,1,2:236,1,7
ومثواكم,1,47:19,1,7
ومحرم,1,6:139,1,5
ومحياي,1,6:162,1,6
ومخرج,1,6:95,1,5
ومرساها,1,11:41,1,7
ومرعاها,1,79:31,1,7
ومريم,1,66:12,1,5
ومزاجه,1,83:27,1,6
ومزقناهم,1,34:19,1,8
ومساجد,1,22:40,1,6
ومساكنكم,1,21:13,1,8
ومستودع,1,6:98,1,7
ومستودعها,1,11:6,1,9
ومشارب,1,36:73,1,6
ومشهود,1,85:3,1,6
ومصيرا,1,25:15,1,6
ومضى,1,43:8,1,4
ومطهرك,1,3:55,1,6
ومعارج,1,43:33,1,6
ومعين,1,23:50,1,5
ومغاربها,1,7:137,1,8
ومغانم,1,48:19,1,6
ومقتا,1,4:22,1,5
ومقصرين,1,48:27,1,7
ومكرنا,1,27:50,1,6
وملأه,1,10:88,1,5
وملئهم,1,10:83,1,6
وملك,1,20:120,1,4
وملكا,1,76:20,1,5
ومماتهم,1,45:21,1,7
ومماتي,1,6:162,1,6
ومناة,1,53:20,1,5
ومنك,1,33:7,1,4
ومنه,1,16:10,1,4
ومنهاجا,1,5:48,1,7
ومهدت,1,74:14,1,5
ومهلهم,1,73:11,1,6
ومهيمنا,1,5:48,1,7
ومواليكم,1,33:5,1,8
وميثاقه,1,5:7,1,7
وميكال,1,2:98,1,6
وناداهما,1,7:22,1,8
ونباتا,1,78:15,1,6
ونبلو,1,47:31,1,5
ونبلوكم,1,21:35,1,7
ونبيا,1,3:39,1,5
ونتبع,1,14:44,1,5
ونتجاوز,1,46:16,1,7
ونجنا,1,10:86,1,5
ونجينا,1,41:18,1,6
ونجيناهم,1,11:58,1,8
ونجيناهما,1,37:115,1,9
ونحاس,1,55:35,1,5
ونحشر,1,20:102,1,5
ونحشره,1,20:124,1,6
ونحشرهم,1,17:97,1,7
ونحفظ,1,12:65,1,5
ونخرج,1,17:13,1,5
ونخزى,1,20:134,1,5
ونخلا,1,80:29,1,5
ونخوفهم,1,17:60,1,7
ونخيل,1,13:4,1,5
ونداء,1,2:171,1,5
وندخلكم,1,4:31,1,7
وندخلهم,1,4:57,1,7
ونذرهم,1,6:110,1,6
ونذكرك,1,20:34,1,6
ونذير,1,5:19,1,5
ونذيقه,1,22:9,1,6
ونراه,1,70:7,1,5
ونرثه,1,19:80,1,5
ونرد,1,6:71,1,4
ونري,1,28:6,1,4
ونريد,1,28:5,1,5
ونزداد,1,12:65,1,6
ونزل,1,25:25,1,4
ونزلناه,1,17:106,1,7
ونساءكم,1,3:61,1,7
ونساءنا,1,3:61,1,7
ونستحيي,1,7:127,1,7
ونسرا,1,71:23,1,5
ونسقيه,1,25:49,1,6
ونسكي,1,6:162,1,5
ونسوا,1,5:13,1,5
ونسوق,1,19:86,1,5
ونسوه,1,58:6,1,5
ونصرناه,1,21:77,1,7
ونصرناهم,1,37:116,1,8
ونصروه,1,7:157,1,6
ونصفه,1,73:20,1,5
ونصله,1,4:115,1,5
ونصيرا,1,25:31,1,6
ونضع,1,21:47,1,4
ونطبع,1,7:100,1,5
ونطمع,1,5:84,1,5
ونعمه,1,89:15,1,5
ونعيم,1,52:17,1,5
ونفاقا,1,9:97,1,6
ونفس,1,91:7,1,4
ونفصل,1,9:11,1,5
ونفضل,1,13:4,1,5
ونفور,1,67:21,1,5
ونقدس,1,2:30,1,5
ونقر,1,22:5,1,4
ونقلب,1,6:110,1,5
ونقلبهم,1,18:18,1,7
ونكتب,1,36:12,1,5
ونكفر,1,4:150,1,5
ونلعب,1,9:65,1,5
ونمارق,1,88:15,1,6
ونمد,1,19:79,1,4
ونمكن,1,28:6,1,5
ونمنعكم,1,4:141,1,7
ونمير,1,12:65,1,5
وننزل,1,17:82,1,5
وننشئكم,1,56:61,1,7
ونهارا,1,71:5,1,6
ونهر,1,54:54,1,4
ونهوا,1,22:41,1,5
ونهى,1,79:40,1,4
ونودوا,1,7:43,1,6
ونورهم,1,57:19,1,6
ونيسرك,1,87:8,1,6
وهؤلاء,1,17:20,1,6
وهاجا,1,78:13,1,5
وهبت,1,33:50,1,4
وهبنا,1,19:49,1,5
وهداه,1,16:121,1,5
وهديناه,1,90:10,1,7
وهديناهم,1,6:87,1,8
وهديناهما,1,37:118,1,9
وهذه,1,43:51,1,4
وهزي,1,19:25,1,4
وهما,1,46:17,1,4
وهمت,1,40:5,1,4
وهنا,1,31:14,1,4
وهنوا,1,3:146,1,5
وهيئ,1,18:10,1,4
وواعدنا,1,7:142,1,7
وواعدناكم,1,20:80,1,9
ووالد,1,90:3,1,5
ووجدوا,1,18:49,1,6
وودوا,1,60:2,1,5
وورث,1,27:16,1,4
وورثه,1,4:11,1,5
ووري,1,7:20,1,4
ووصى,1,2:132,1,4
ووضعته,1,46:15,1,6
ووضعنا,1,94:2,1,6
ووعدتكم,1,14:22,1,7
ووقانا,1,52:27,1,6
ووقع,1,27:85,1,4
وولده,1,71:21,1,5
ويأبى,1,9:32,1,5
ويأتوكم,1,3:125,1,7
ويأتينا,1,19:80,1,7
ويأتيه,1,14:17,1,6
ويأخذ,1,9:104,1,5
ويأكلون,1,47:12,1,7
ويأمركم,1,2:268,1,7
ويأمنوا,1,4:91,1,7
ويؤتوا,1,98:5,1,6
ويؤثرون,1,59:9,1,7
ويؤمنون,1,40:7,1,7
ويبسط,1,2:245,1,5
ويبسطوا,1,60:2,1,7
ويبصرون,1,68:5,1,7
ويبطل,1,8:8,1,5
ويبغون,1,42:42,1,6
ويبقى,1,55:27,1,5
ويتجنبها,1,87:11,1,8
ويتخذها,1,31:6,1,7
ويتخطف,1,29:67,1,6
ويتربص,1,9:98,1,6
ويتعد,1,4:14,1,5
ويتعلمون,1,2:102,1,8
ويتفكرون,1,3:191,1,8
ويتقه,1,24:52,1,5
ويتلوه,1,11:17,1,6
ويتمتعوا,1,15:3,1,8
ويتناجون,1,58:8,1,8
ويتولوا,1,9:50,1,7
ويتيما,1,76:8,1,6
ويجادل,1,18:56,1,6
ويجركم,1,46:31,1,6
ويجزي,1,53:31,1,5
ويجزيهم,1,39:35,1,7
ويجعلكم,1,27:62,1,7
ويجعله,1,30:48,1,6
ويحب,1,2:222,1,4
ويحبون,1,3:188,1,6
ويحبونه,1,5:54,1,7
ويحرم,1,7:157,1,5
ويحرمونه,1,9:37,1,8
ويحفظن,1,24:31,1,6
ويحفظوا,1,24:30,1,7
ويحمل,1,69:17,1,5
ويحيي,1,30:19,1,5
ويختار,1,28:68,1,6
ويخرجكم,1,71:18,1,7
ويخرجهم,1,5:16,1,7
ويخرون,1,17:109,1,6
ويخزهم,1,9:14,1,6
ويخش,1,24:52,1,4
ويخشون,1,13:21,1,6
ويخشونه,1,33:39,1,7
ويخلد,1,25:69,1,5
ويخلق,1,16:8,1,5
ويخوفونك,1,39:36,1,8
ويدخله,1,64:9,1,6
ويدرأ,1,24:8,1,5
ويدع,1,17:11,1,4
ويدعون,1,68:42,1,6
ويدعوننا,1,21:90,1,8
ويذبحون,1,14:6,1,7
ويذرك,1,7:127,1,5
ويذرهم,1,7:186,1,6
ويذكر,1,24:36,1,5
ويذكروا,1,22:28,1,7
ويذهبا,1,20:63,1,6
ويذيق,1,6:65,1,5
ويربي,1,2:276,1,5
ويرث,1,19:6,1,4
ويرجو,1,39:9,1,5
ويرجون,1,17:57,1,6
ويرحم,1,29:21,1,5
ويرزقه,1,65:3,1,6
ويرضى,1,53:26,1,5
ويرضين,1,33:51,1,6
ويرى,1,34:6,1,4
ويزداد,1,74:31,1,6
ويزدكم,1,11:52,1,6
ويزكيكم,1,2:151,1,7
ويزيد,1,19:76,1,5
ويسألون,1,43:19,1,7
ويسارعون,1,3:114,1,8
ويسبح,1,13:13,1,5
ويسبحونه,1,7:206,1,8
ويستأذن,1,33:13,1,7
ويستبدل,1,9:39,1,7
ويستبشرون,1,3:170,1,9
ويستجيب,1,42:26,1,7
ويستحيي,1,28:4,1,7
ويستخرجا,1,18:82,1,8
ويستخلفكم,1,7:129,1,9
ويستغفروا,1,18:55,1,9
ويستغفرونه,1,5:74,1,10
ويستفتونك,1,4:127,1,9
ويستكبر,1,4:172,1,7
ويستنبئونك,1,10:53,1,10
ويستهزأ,1,4:140,1,7
ويسر,1,20:26,1,4
ويسفك,1,2:30,1,5
ويسقون,1,76:17,1,6
ويسقى,1,14:16,1,5
ويسقين,1,26:79,1,6
ويسلموا,1,4:65,1,7
ويشترون,1,2:174,1,7
ويشرب,1,23:33,1,5
ويشف,1,9:14,1,4
ويشهد,1,2:204,1,5
ويصبر,1,12:90,1,5
ويصدكم,1,5:91,1,6
ويصرفه,1,24:43,1,6
ويصلح,1,47:5,1,5
ويصلى,1,84:12,1,5
ويصنع,1,11:38,1,5
ويضع,1,7:157,1,4
ويضل,1,14:27,1,4
ويضيق,1,26:13,1,5
ويطاف,1,76:15,1,5
ويطعمون,1,76:8,1,7
ويطهركم,1,33:33,1,7
ويطيعون,1,9:71,1,7
ويعظم,1,65:5,1,5
ويعف,1,42:34,1,4
ويعلمك,1,12:6,1,6
ويعلمه,1,3:48,1,6
ويعملون,1,21:82,1,7
ويعوق,1,71:23,1,5
ويعيد,1,85:13,1,5
ويفعل,1,14:27,1,5
ويقبضن,1,67:19,1,6
ويقبضون,1,9:67,1,7
ويقطع,1,8:7,1,5
ويقللكم,1,8:44,1,7
ويقولوا,1,54:2,1,7
ويقيموا,1,98:5,1,7
ويكأن,1,28:82,1,5
ويكأنه,1,28:82,1,6
ويكتمون,1,4:37,1,7
ويكشف,1,27:62,1,5
ويكفرون,1,2:91,1,7
ويكفوا,1,4:91,1,6
ويكلم,1,3:46,1,5
ويكور,1,39:5,1,5
ويكونون,1,19:82,1,7
ويلبسون,1,18:31,1,7
ويلتا,1,5:31,1,5
ويلتنا,1,18:49,1,6
ويلعب,1,12:12,1,5
ويلعن,1,29:25,1,5
ويلعنهم,1,2:159,1,7
ويلقوا,1,4:91,1,6
ويلقون,1,25:75,1,6
ويلك,1,46:17,1,4
ويلههم,1,15:3,1,6
ويمح,1,42:24,1,4
ويمحق,1,3:141,1,5
ويمددكم,1,71:12,1,7
ويمدهم,1,2:15,1,6
ويمسك,1,22:65,1,5
ويمشون,1,25:20,1,6
ويمشي,1,25:7,1,5
ويمكر,1,8:30,1,5
ويمكرون,1,8:30,1,7
ويمنعون,1,107:7,1,7
ويمنيهم,1,4:120,1,7
وينأون,1,6:26,1,6
وينجي,1,39:61,1,5
وينذر,1,18:4,1,5
وينشئ,1,13:12,1,5
وينشر,1,42:28,1,5
وينصرك,1,48:3,1,6
وينصركم,1,9:14,1,7
وينصرون,1,59:8,1,7
وينعه,1,6:99,1,5
وينفقوا,1,14:31,1,7
وينقلب,1,84:9,1,6
وينهاهم,1,7:157,1,7
وينهى,1,16:90,1,5
ويهب,1,42:49,1,4
ويهديك,1,48:2,1,6
ويهديه,1,22:4,1,6
ويهلك,1,2:205,1,5
ويهيئ,1,18:16,1,5
ويوسف,1,6:84,1,5
ويولون,1,54:45,1,6
ويومئذ,1,30:4,1,6
يأتك,1,19:43,1,4
يأتل,1,24:22,1,4
يأتمرون,1,28:20,1,7
يأته,1,20:75,1,4
يأتوكم,1,2:85,1,6
يأتونك,1,25:33,1,6
يأتوننا,1,19:38,1,7
يأتوني,1,27:38,1,6
يأتيانها,1,4:16,1,8
يأتيك,1,15:99,1,5
يأتينك,1,2:260,1,6
يأتيها,1,16:112,1,6
يأخذ,1,18:79,1,4
يأخذه,1,20:39,1,5
يأخذوا,1,7:145,1,6
يأخذون,1,7:169,1,6
يأخذونها,1,48:19,1,8
يأخذوه,1,7:169,1,6
يأكلان,1,5:75,1,6
يأكلن,1,12:48,1,5
يأكلوا,1,15:3,1,6
يألمون,1,4:104,1,6
يألونكم,1,3:118,1,7
يأمرهم,1,7:157,1,6
يأمن,1,7:99,1,4
يأمنوكم,1,4:91,1,7
يأن,1,57:16,1,3
يؤاخذهم,1,18:58,1,7
يؤتوا,1,24:22,1,5
يؤتين,1,18:40,1,5
يؤثر,1,74:24,1,4
يؤذي,1,33:53,1,4
يؤذين,1,33:59,1,5
يؤلف,1,24:43,1,4
يؤلون,1,2:226,1,5
يؤيد,1,3:13,1,4
يئسن,1,65:4,1,4
يئوده,1,2:255,1,5
يئوسا,1,17:83,1,5
يابس,1,6:59,1,4
ياسين,1,37:130,1,5
يبايعنك,1,60:12,1,7
يبايعون,1,48:10,1,7
يبتغ,1,3:85,1,4
يبث,1,45:4,1,3
يبحث,1,5:31,1,4
يبخس,1,2:282,1,4
يبخسون,1,11:15,1,6
يبدلنا,1,68:32,1,6
يبدله,1,66:5,1,5
يبدلهما,1,18:81,1,7
يبدلوا,1,48:15,1,6
يبدلونه,1,2:181,1,7
يبدها,1,12:77,1,5
يبدون,1,3:154,1,5
يبسا,1,20:77,1,4
يبسطوا,1,5:11,1,6
يبشر,1,42:23,1,4
يبشرهم,1,9:21,1,6
يبصر,1,19:42,1,4
يبصروا,1,20:96,1,6
يبصرونهم,1,70:11,1,8
يبطش,1,28:19,1,4
يبطشون,1,7:195,1,6
يبعثك,1,17:79,1,5
يبعثكم,1,6:60,1,6
يبعثوا,1,64:7,1,6
يبغونكم,1,9:47,1,7
يبغيان,1,55:20,1,6
يبلس,1,30:12,1,4
يبلغا,1,18:82,1,5
يبلغن,1,17:23,1,5
يبلغوا,1,24:58,1,6
يبلغون,1,33:39,1,6
يبلوكم,1,16:92,1,6
يبلى,1,20:120,1,4
يبنؤم,1,20:94,1,5
يبور,1,35:10,1,4
يبينها,1,2:230,1,6
يتأخر,1,74:37,1,5
يتامى,1,4:127,1,5
يتب,1,49:11,1,3
يتبدل,1,2:108,1,5
يتبعها,1,2:263,1,6
يتبعهم,1,26:224,1,6
يتبعوكم,1,7:193,1,7
يتبوأ,1,12:56,1,5
يتجرعه,1,14:17,1,6
يتحاجون,1,40:47,1,7
يتحاكموا,1,4:60,1,8
يتخبطه,1,2:275,1,6
يتخذون,1,4:139,1,6
يتخطفكم,1,8:26,1,7
يتخلفوا,1,9:120,1,7
يتخيرون,1,56:20,1,7
يتراجعا,1,2:230,1,7
يتربصون,1,4:141,1,7
يترددون,1,9:45,1,7
يترك,1,75:36,1,4
يتركم,1,47:35,1,5
يتركوا,1,29:2,1,6
يتسللون,1,24:63,1,7
يتسنه,1,2:259,1,5
يتطهروا,1,9:108,1,7
يتعارفون,1,10:45,1,8
يتغامزون,1,83:30,1,8
يتغير,1,47:15,1,5
يتفجر,1,2:74,1,5
يتفرقا,1,4:130,1,6
يتفرقون,1,30:14,1,7
يتفضل,1,23:24,1,5
يتفيأ,1,16:48,1,5
يتقدم,1,74:37,1,5
يتقي,1,39:24,1,4
يتكئون,1,43:34,1,6
يتكبرون,1,7:146,1,7
يتكلم,1,30:35,1,5
يتكلمون,1,78:38,1,7
يتلاومون,1,68:30,1,8
يتلقى,1,50:17,1,5
يتلونه,1,2:121,1,6
يتمتعون,1,47:12,1,7
يتمطى,1,75:33,1,5
يتمنونه,1,62:7,1,7
يتمنوه,1,2:95,1,6
يتناهون,1,5:79,1,7
يتنزل,1,65:12,1,5
يتوارى,1,16:59,1,6
يتوفاهن,1,4:15,1,7
يتوفونهم,1,7:37,1,8
يتولوا,1,9:74,1,6
يتولونه,1,16:100,1,7
يتيمين,1,18:82,1,6
يتيهون,1,5:26,1,6
يثبت,1,14:27,1,4
يثخن,1,8:67,1,4
يثرب,1,33:13,1,4
يثقفوكم,1,60:2,1,7
يثنون,1,11:5,1,5
يجأرون,1,23:64,1,6
يجادلنا,1,11:74,1,7
يجار,1,23:88,1,4
يجاهد,1,29:6,1,5
يجاهدون,1,5:54,1,7
يجاورونك,1,33:60,1,8
يجب,1,46:32,1,3
يجبى,1,28:57,1,4
يجتبيك,1,12:6,1,6
يجدك,1,93:6,1,4
يجده,1,24:39,1,4
يجدونه,1,7:157,1,6
يجره,1,7:150,1,4
يجز,1,4:123,1,3
يجزاه,1,53:41,1,5
يجعلني,1,19:32,1,6
يجعلوه,1,12:15,1,6
يجليها,1,7:187,1,6
يجمحون,1,9:57,1,6
يجهلون,1,6:111,1,6
يجيب,1,27:62,1,4
يجيرني,1,72:22,1,6
يحاجوكم,1,3:73,1,7
يحاجون,1,42:16,1,6
يحادد,1,9:63,1,5
يحاربون,1,5:33,1,7
يحاسب,1,84:8,1,5
يحاسبكم,1,2:284,1,7
يحاط,1,12:66,1,4
يحببكم,1,3:31,1,6
يحبرون,1,30:15,1,6
يحبسه,1,11:8,1,5
يحبهم,1,5:54,1,5
يحبونكم,1,3:119,1,7
يحبونهم,1,2:165,1,7
يحتسب,1,65:3,1,5
يحتسبوا,1,59:2,1,7
يحتسبون,1,39:47,1,7
يحرفونه,1,2:75,1,7
يحرمون,1,9:29,1,6
يحزن,1,33:51,1,4
يحزنهم,1,21:103,1,6
يحسب,1,104:3,1,4
يحسبه,1,24:39,1,5
يحسبهم,1,2:273,1,6
يحسدون,1,4:54,1,6
يحسنون,1,18:104,1,6
يحشروا,1,6:51,1,6
يحضرون,1,23:98,1,6
يحضن,1,65:4,1,4
يحطمنكم,1,27:18,1,7
يحفظونه,1,13:11,1,7
يحق,1,8:7,1,3
يحكمان,1,21:78,1,6
يحكموك,1,4:65,1,6
يحكمونك,1,5:43,1,7
يحلل,1,20:81,1,4
يحلونه,1,9:37,1,6
يحمدوا,1,3:188,1,6
يحملنها,1,33:72,1,7
يحملوها,1,62:5,1,7
يحموم,1,56:43,1,5
يحمى,1,9:35,1,4
يحور,1,84:14,1,4
يحول,1,8:24,1,4
يحيطوا,1,10:39,1,6
يحيف,1,24:50,1,4
يحيق,1,35:43,1,4
يحيك,1,58:8,1,4
يحيين,1,26:81,1,5
يحييها,1,36:79,1,6
يخافا,1,2:229,1,5
يخافه,1,5:94,1,5
يخافوا,1,5:108,1,6
يخالفون,1,24:63,1,7
يختانون,1,4:107,1,7
يختم,1,42:24,1,4
يخدعوك,1,8:62,1,6
يخدعون,1,2:9,1,6
يخذلكم,1,3:160,1,6
يخربون,1,59:2,1,6
يخرجاكم,1,20:63,1,7
يخرجن,1,65:1,1,5
يخرجنكما,1,20:117,1,8
يخرجهم,1,2:257,1,6
يخرجوك,1,8:30,1,6
يخرجوكم,1,60:8,1,7
يخرجونهم,1,2:257,1,8
يخروا,1,25:73,1,5
يخرون,1,17:107,1,5
يخزي,1,66:8,1,4
يخزيهم,1,16:27,1,6
يخسر,1,45:27,1,4
يخسرون,1,83:3,1,6
يخش,1,9:18,1,3
يخشاها,1,79:45,1,6
يخصمون,1,36:49,1,6
يخطف,1,2:20,1,4
يخفين,1,24:31,1,5
يخل,1,12:9,1,3
يخلفه,1,34:39,1,5
يخلفون,1,43:60,1,6
يخلقكم,1,39:6,1,6
يخلقوا,1,22:73,1,6
يخوضون,1,6:68,1,6
يخيل,1,20:66,1,4
يدا,1,111:1,1,3
يدافع,1,22:38,1,5
يداك,1,22:10,1,4
يدبروا,1,23:68,1,6
يدخلنا,1,5:84,1,6
يدخلنها,1,68:24,1,7
يدرسونها,1,34:44,1,8
يدرك,1,6:103,1,4
يدرككم,1,4:78,1,6
يدركه,1,4:100,1,5
يدسه,1,16:59,1,4
يدعنا,1,10:12,1,5
يدعوك,1,28:25,1,5
يدعونني,1,12:33,1,7
يدعونه,1,6:71,1,6
يدعوه,1,72:19,1,5
يدعوهم,1,31:21,1,6
يدعى,1,61:7,1,4
يدنين,1,33:59,1,5
يدينون,1,9:29,1,6
يديها,1,2:66,1,5
يذبح,1,28:4,1,4
يذبحون,1,2:49,1,6
يذرؤكم,1,42:11,1,6
يذكرهم,1,21:60,1,6
يذهب,1,24:43,1,4
يذوقوا,1,38:8,1,6
يراد,1,38:6,1,4
يراك,1,26:218,1,4
يراها,1,24:40,1,5
يربو,1,30:39,1,4
يرتاب,1,74:31,1,5
يرتابوا,1,49:15,1,7
يرتدد,1,2:217,1,5
يرتع,1,12:12,1,4
يرثني,1,19:6,1,5
يرجموكم,1,18:20,1,7
يرحمنا,1,7:149,1,6
يردك,1,10:107,1,4
يردن,1,36:23,1,4
يردونكم,1,2:109,1,7
يرزقها,1,29:60,1,6
يرشدون,1,2:186,1,6
يرضعن,1,2:233,1,5
يرضه,1,39:7,1,4
يرضونكم,1,9:8,1,7
يرضونه,1,22:59,1,6
يرضوه,1,9:62,1,5
يرغب,1,2:130,1,4
يرغبوا,1,9:120,1,6
يرفعه,1,35:10,1,5
يرقبوا,1,9:8,1,6
يرقبون,1,9:10,1,6
يركبون,1,36:42,1,6
يركضون,1,21:12,1,6
يركعون,1,77:48,1,6
يرم,1,4:112,1,3
يرهبون,1,7:154,1,6
يرهق,1,10:26,1,4
يرهقهما,1,18:80,1,7
يرونه,1,70:6,1,5
يرونهم,1,3:13,1,6
يريدا,1,4:35,1,5
يريدان,1,20:63,1,6
يريكموهم,1,8:44,1,8
يريكهم,1,8:43,1,6
يريهم,1,2:167,1,5
يزده,1,71:21,1,4
يزدهم,1,71:6,1,5
يزعمون,1,4:60,1,6
يزغ,1,34:12,1,3
يزفون,1,37:94,1,5
يزكون,1,4:49,1,5
يزنون,1,25:68,1,5
يزنين,1,60:12,1,5
يزوجهم,1,42:50,1,6
يزيدون,1,37:147,1,6
يزيغ,1,9:117,1,4
يس,1,36:1,1,2
يسألكموها,1,47:37,1,9
يسأله,1,55:29,1,5
يسأم,1,41:49,1,4
يسأمون,1,41:38,1,6
يساقون,1,8:6,1,6
يسبتون,1,7:163,1,6
يسبقونا,1,29:4,1,7
يسبقونه,1,21:27,1,7
يستأذنوه,1,24:62,1,8
يستبدل,1,47:38,1,6
يستثنون,1,68:18,1,7
يستجيبون,1,13:14,1,8
يستحبون,1,14:3,1,7
يستحسرون,1,21:19,1,8
يستخفنك,1,30:60,1,7
يستسخرون,1,37:14,1,8
يستصرخه,1,28:18,1,7
يستضعف,1,28:4,1,6
يستضعفون,1,7:137,1,8
يستعتبوا,1,41:24,1,8
يستعجلونك,1,29:54,1,9
يستعففن,1,24:60,1,7
يستغشون,1,11:5,1,7
يستغفروا,1,9:113,1,8
يستغيثان,1,46:17,1,8
يستغيثوا,1,18:29,1,8
يستفتحون,1,2:89,1,8
يستفتونك,1,4:176,1,8
يستفزهم,1,17:103,1,7
يستقيم,1,81:28,1,6
يستنبطونه,1,4:83,1,9
يستنقذوه,1,22:73,1,8
يستنكحها,1,33:50,1,8
يستهزئ,1,2:15,1,6
يستوفون,1,83:2,1,7
يسجدان,1,55:6,1,6
يسجدوا,1,27:25,1,6
يسجرون,1,40:72,1,6
يسجن,1,12:25,1,4
يسخر,1,49:11,1,4
يسخطون,1,9:58,1,6
يسر,1,89:4,1,3
يسرف,1,17:33,1,4
يسرفوا,1,25:67,1,6
يسرق,1,12:77,1,4
يسرقن,1,60:12,1,5
يسره,1,80:20,1,4
يسطرون,1,68:1,1,6
يسطون,1,22:72,1,5
يسعون,1,34:38,1,5
يسقى,1,13:4,1,4
يسكن,1,42:33,1,4
يسلبهم,1,22:73,1,6
يسلط,1,59:6,1,4
يسلك,1,72:27,1,4
يسلكه,1,72:17,1,5
يسلم,1,31:22,1,4
يسلمون,1,48:16,1,6
يسمعونكم,1,26:72,1,8
يسمن,1,88:7,1,4
يسومهم,1,7:167,1,6
يسيركم,1,10:22,1,6
يسيغه,1,14:17,1,5
يشاق,1,59:4,1,4
يشتري,1,31:6,1,5
يشربون,1,76:5,1,6
يشرح,1,6:125,1,4
يشركن,1,60:12,1,5
يشرون,1,4:74,1,5
يشري,1,2:207,1,4
يشعركم,1,6:109,1,6
يشعرن,1,18:19,1,5
يشفعون,1,21:28,1,6
يشفين,1,26:80,1,5
يشقق,1,2:74,1,4
يشقى,1,20:123,1,4
يشهده,1,83:21,1,5
يشوي,1,18:29,1,4
يصب,1,22:19,1,3
يصبح,1,18:41,1,4
يصبروا,1,41:24,1,6
يصبكم,1,40:28,1,5
يصبها,1,2:265,1,5
يصحبون,1,21:43,1,6
يصدقني,1,28:34,1,6
يصدقوا,1,4:92,1,6
يصدقون,1,70:26,1,6
يصدكم,1,34:43,1,5
يصدنكم,1,43:62,1,6
يصر,1,45:8,1,3
يصرف,1,6:16,1,4
يصرفون,1,40:69,1,6
يصروا,1,3:135,1,5
يصرون,1,56:46,1,5
يصطرخون,1,35:37,1,7
يصطفي,1,22:75,1,5
يصعقون,1,52:45,1,6
يصلبوا,1,5:33,1,6
يصلحا,1,4:128,1,5
يصلى,1,87:12,1,4
يصنع,1,7:137,1,4
يصهر,1,22:20,1,4
يصوركم,1,3:6,1,6
يصيب,1,10:107,1,4
يصيبنا,1,9:51,1,6
يضار,1,2:282,1,4
يضاعفه,1,64:17,1,6
يضاعفها,1,4:40,1,7
يضاهئون,1,9:30,1,7
يضر,1,3:144,1,3
يضربن,1,24:31,1,5
يضرعون,1,7:94,1,6
يضرك,1,10:106,1,4
يضرنا,1,6:71,1,5
يضره,1,22:12,1,4
يضروك,1,5:42,1,5
يضروكم,1,3:111,1,6
يضرون,1,26:73,1,5
يضرونك,1,4:113,1,6
يضلله,1,6:39,1,5
يضلهم,1,4:60,1,5
يضلوا,1,71:27,1,5
يضلونكم,1,3:69,1,7
يضلونهم,1,16:25,1,7
يضيء,1,24:35,1,4
يضيفوهما,1,18:77,1,8
يضيق,1,15:97,1,4
يطئون,1,9:120,1,5
يطاع,1,40:18,1,4
يطعمني,1,26:79,1,6
يطعمها,1,6:138,1,6
يطعمون,1,51:57,1,6
يطغى,1,20:45,1,4
يطفئوا,1,9:32,1,6
يطلبه,1,7:54,1,5
يطمع,1,74:15,1,4
يطمعون,1,7:46,1,6
يطهر,1,5:41,1,4
يطهرن,1,2:222,1,5
يطوفون,1,55:44,1,6
يطير,1,6:38,1,4
يطيروا,1,7:131,1,6
يطيعكم,1,49:7,1,6
يطيقونه,1,2:184,1,7
يظاهروا,1,9:4,1,7
يظهرون,1,43:33,1,6
يظهروه,1,18:97,1,6
يعبأ,1,25:77,1,4
يعبدونني,1,24:55,1,8
يعبدوها,1,39:17,1,7
يعتذرون,1,9:94,1,7
يعتزلوكم,1,4:91,1,8
يعتصم,1,3:101,1,5
يعجب,1,48:29,1,4
يعجبك,1,2:204,1,5
يعجزون,1,8:59,1,6
يعجل,1,10:11,1,4
يعد,1,35:40,1,3
يعدون,1,7:163,1,5
يعذبنا,1,58:8,1,6
يعذبه,1,48:17,1,5
يعرجون,1,15:14,1,6
يعرضوا,1,54:2,1,6
يعرف,1,55:41,1,4
يعرفن,1,33:59,1,5
يعرفوا,1,23:69,1,6
يعرفونها,1,12:62,1,8
يعرفونهم,1,7:48,1,8
يعش,1,43:36,1,3
يعصرون,1,12:49,1,6
يعصمك,1,5:67,1,5
يعصمكم,1,33:17,1,6
يعصمني,1,11:43,1,6
يعصون,1,66:6,1,5
يعصينك,1,60:12,1,6
يعض,1,25:27,1,3
يعطيك,1,93:5,1,5
يعظه,1,31:13,1,4
يعفون,1,2:237,1,5
يعقلها,1,29:43,1,6
يعكفون,1,7:138,1,6
يعلمان,1,2:102,1,6
يعمروا,1,9:17,1,6
يعودوا,1,8:38,1,6
يعوذون,1,72:6,1,6
يعي,1,46:33,1,3
يعيد,1,34:49,1,4
يعيدنا,1,17:51,1,6
يعيدوكم,1,18:20,1,7
يغاث,1,12:49,1,4
يغاثوا,1,18:29,1,6
يغادر,1,18:49,1,5
يغتب,1,49:12,1,4
يغررك,1,40:4,1,5
يغرنك,1,3:196,1,5
يغشاه,1,24:40,1,5
يغشاها,1,91:4,1,6
يغشاهم,1,29:55,1,6
يغشيكم,1,8:11,1,6
يغضضن,1,24:31,1,5
يغضوا,1,24:30,1,5
يغضون,1,49:3,1,5
يغفروا,1,45:14,1,6
يغفرون,1,42:37,1,6
يغل,1,3:161,1,3
يغلب,1,4:74,1,4
يغلبون,1,8:36,1,6
يغلل,1,3:161,1,4
يغلي,1,44:45,1,4
يغن,1,4:130,1,3
يغنهم,1,24:32,1,5
يغنيا,1,66:10,1,5
يغنيكم,1,9:28,1,6
يغنيه,1,80:37,1,5
يغنيهم,1,24:33,1,6
يغوث,1,71:23,1,4
يغوصون,1,21:82,1,6
يغويكم,1,11:34,1,6
يغير,1,13:11,1,4
يفتدي,1,70:11,1,5
يفتر,1,43:75,1,4
يفتري,1,16:105,1,5
يفترينه,1,60:12,1,7
يفتنكم,1,4:101,1,6
يفتننكم,1,7:27,1,7
يفتنهم,1,10:83,1,6
يفتنوك,1,5:49,1,6
يفجرونها,1,76:6,1,8
يفر,1,80:34,1,3
يفرح,1,30:4,1,4
يفرحوا,1,3:120,1,6
يفرط,1,20:45,1,4
يفرطون,1,6:61,1,6
يفرق,1,44:4,1,4
يفسح,1,58:11,1,4
يفسد,1,2:30,1,4
يفعله,1,60:1,1,5
يفقهوا,1,20:28,1,6
يقاتل,1,4:74,1,5
يقاتلوا,1,4:90,1,7
يقبض,1,2:245,1,4
يقتتلان,1,28:15,1,7
يقترف,1,42:23,1,5
يقترفون,1,6:120,1,7
يقتروا,1,25:67,1,6
يقتلن,1,60:12,1,5
يقتلوا,1,5:33,1,6
يقتلوك,1,8:30,1,6
يقتلونني,1,7:150,1,8
يقدم,1,11:98,1,4
يقذف,1,34:48,1,4
يقربوا,1,9:28,1,6
يقسم,1,30:55,1,4
يقسمون,1,43:32,1,6
يقصرون,1,7:202,1,6
يقض,1,80:23,1,3
يقضون,1,40:20,1,5
يقطعون,1,9:121,1,6
يقطين,1,37:146,1,5
يقل,1,21:29,1,3
يقنت,1,33:31,1,4
يقنط,1,15:56,1,4
يقنطون,1,30:36,1,6
يقولا,1,2:102,1,5
يقومان,1,5:107,1,6
يقومون,1,2:275,1,6
يقيموا,1,14:31,1,6
يقين,1,27:22,1,4
يقينا,1,4:157,1,5
يكبتهم,1,3:127,1,6
يكبر,1,17:51,1,4
يكبروا,1,4:6,1,6
يكتم,1,40:28,1,4
يكتمن,1,2:228,1,5
يكتمها,1,2:283,1,6
يكد,1,24:40,1,3
يكذبك,1,95:7,1,5
يكذبونك,1,6:33,1,7
يكرههن,1,24:33,1,6
يكرهون,1,16:62,1,6
يكسبه,1,4:111,1,5
يكشف,1,68:42,1,4
يكفروه,1,3:115,1,6
يكفل,1,3:44,1,4
يكفله,1,20:40,1,5
يكفلونه,1,28:12,1,7
يكفهم,1,29:51,1,5
يكفون,1,21:39,1,5
يكفيكم,1,3:124,1,6
يكلؤكم,1,21:42,1,6
يكلمنا,1,2:118,1,6
يكلمه,1,42:51,1,5
يكنزون,1,9:34,1,6
يكور,1,39:5,1,4
يكونا,1,2:282,1,5
يكونون,1,72:19,1,6
يكيدون,1,86:15,1,6
يلبثون,1,17:76,1,6
يلبسكم,1,6:65,1,6
يلبسوا,1,6:82,1,6
يلتقطه,1,12:10,1,6
يلتقيان,1,55:19,1,7
يلتكم,1,49:14,1,5
يلد,1,112:3,1,3
يلدوا,1,71:27,1,5
يلعن,1,4:52,1,4
يلعنهم,1,2:159,1,6
يلفظ,1,50:18,1,4
يلق,1,25:68,1,3
يلقاه,1,17:13,1,5
يلمزك,1,9:58,1,5
يلمزون,1,9:79,1,6
يلونكم,1,9:123,1,6
يلوون,1,3:78,1,5
يمارون,1,42:18,1,6
يمتعكم,1,11:3,1,6
يمتعون,1,26:207,1,6
يمحق,1,2:276,1,4
يمحو,1,13:39,1,4
يمددكم,1,3:125,1,6
يمدكم,1,3:124,1,5
يمده,1,31:27,1,4
يمدونهم,1,7:202,1,7
يمرون,1,12:105,1,5
يمسسكم,1,3:140,1,6
يمسسهم,1,3:174,1,6
يمسكون,1,7:170,1,6
يمسه,1,56:79,1,4
يمكر,1,8:30,1,4
يمل,1,2:282,1,3
يمنون,1,49:17,1,5
يمنى,1,75:37,1,4
يمهدون,1,30:44,1,6
يموتون,1,4:18,1,6
يموج,1,18:99,1,4
يميتني,1,26:81,1,6
يميز,1,3:179,1,4
يمين,1,34:15,1,4
ينابيع,1,39:21,1,6
يناد,1,50:41,1,4
ينادونك,1,49:4,1,7
ينادونهم,1,57:14,1,8
ينادي,1,3:193,1,5
ينازعنك,1,22:67,1,7
يناله,1,22:37,1,5
ينالون,1,9:120,1,6
ينبئك,1,35:14,1,5
ينبت,1,16:11,1,4
ينبوعا,1,17:90,1,6
ينتظر,1,33:23,1,5
ينتظرون,1,10:102,1,7
ينتهون,1,9:12,1,6
ينجيه,1,70:14,1,5
ينحتون,1,15:82,1,6
ينذرون,1,21:45,1,6
ينزع,1,7:27,1,4
ينزغ,1,17:53,1,4
ينسفها,1,20:105,1,6
ينسى,1,20:52,1,4
ينسينك,1,6:68,1,6
ينشأ,1,43:18,1,4
ينشئ,1,29:20,1,4
ينشر,1,18:16,1,4
ينشرون,1,21:21,1,6
ينصر,1,30:5,1,4
ينصرنا,1,40:29,1,6
ينصرونكم,1,26:93,1,8
ينطلق,1,26:13,1,5
ينعق,1,2:171,1,4
ينفد,1,16:96,1,4
ينفضوا,1,63:7,1,6
ينفعك,1,10:106,1,5
ينفعه,1,22:12,1,5
ينفعونكم,1,26:73,1,8
ينفقونها,1,9:34,1,8
ينفوا,1,5:33,1,5
ينقص,1,35:11,1,4
ينقصوكم,1,9:4,1,7
ينقض,1,18:77,1,4
ينقلبون,1,26:227,1,7
ينكث,1,48:10,1,4
ينكحن,1,2:232,1,5
ينكحها,1,24:3,1,6
ينكر,1,13:36,1,4
ينكرونها,1,16:83,1,8
ينهاهم,1,5:63,1,6
ينهى,1,96:9,1,4
يهاجر,1,4:100,1,5
يهب,1,42:49,1,3
يهبط,1,2:74,1,4
يهجعون,1,51:17,1,6
يهدني,1,6:77,1,5
يهدوننا,1,64:6,1,7
يهدى,1,10:35,1,4
يهديكم,1,27:63,1,6
يهديني,1,28:22,1,6
يهلكنا,1,45:24,1,6
يهن,1,22:18,1,3
يهوديا,1,3:67,1,6
يهيمون,1,26:225,1,6
يوادون,1,58:22,1,6
يوبقهن,1,42:34,1,6
يوثق,1,89:26,1,4
يوجهه,1,16:76,1,5
يوح,1,6:93,1,3
يودوا,1,33:20,1,5
يورث,1,4:12,1,4
يورثها,1,7:128,1,6
يوسوس,1,114:5,1,5
يوصى,1,4:12,1,4
يوصي,1,4:11,1,4
يوصيكم,1,4:11,1,6
يوصين,1,4:12,1,5
يوعظون,1,4:66,1,6
يوعون,1,84:23,1,5
يوفضون,1,70:43,1,6
يوفق,1,4:35,1,4
يوفى,1,39:10,1,4
يوفيهم,1,24:25,1,6
يوقد,1,24:35,1,4
يوقدون,1,13:17,1,6
يوقع,1,5:91,1,4
يولد,1,112:3,1,4
يولهم,1,8:16,1,5
يولوكم,1,3:111,1,6
يولون,1,33:15,1,5
