word,count,first_occurrence,number_of_distinct_surahs,character_length
مِنْ,1673,2:4,92,4
فِي,1185,2:10,93,3
مَا,1010,2:17,96,3
اللَّهِ,828,1:1,71,7
لَا,812,2:2,83,3
الَّذِينَ,810,1:7,74,9
اللَّهُ,733,2:7,69,7
مِنَ,693,2:19,78,4
عَلَى,670,2:5,83,5
إِلَّا,662,2:9,79,6
وَلَا,658,1:7,78,5
وَمَا,646,2:4,85,5
إِنَّ,609,2:6,87,5
اللَّهَ,592,2:9,56,7
أَنْ,519,2:26,78,4
قَالَ,416,2:30,41,5
إِلَى,405,2:14,80,5
مَنْ,372,2:8,75,4
يَا,349,2:21,59,3
إِنْ,344,2:23,67,4
ثُمَّ,337,2:28,70,5
بِهِ,327,2:22,63,4
لَهُمْ,325,2:11,68,6
كَانَ,323,2:75,69,5
بِمَا,296,2:4,62,5
لَكُمْ,294,2:22,63,6
ذَلِكَ,280,2:2,71,6
لَهُ,275,2:102,63,4
الَّذِي,268,2:17,70,7
هُوَ,265,2:29,68,4
أَوْ,264,2:19,57,4
قُلْ,263,2:80,53,4
آمَنُوا,253,2:9,58,7
قَالُوا,250,2:11,50,7
فِيهَا,241,2:25,68,6
وَاللَّهُ,239,2:19,38,9
وَمَنْ,234,2:108,58,6
كَانُوا,229,2:10,47,7
الْأَرْضِ,219,2:11,57,9
إِذَا,195,2:156,65,5
هَذَا,190,2:25,56,5
كَفَرُوا,189,2:6,54,8
كُنْتُمْ,188,2:23,48,8
عَلَيْهِمْ,183,1:7,58,10
هُمْ,180,2:4,51,4
شَيْءٍ,179,2:20,53,6
السَّمَاوَاتِ,175,2:33,57,13
وَهُوَ,171,2:29,53,6
وَإِنْ,170,2:23,50,6
وَالَّذِينَ,164,2:4,39,11
لَمْ,163,2:6,57,4
إِذْ,156,2:131,44,4
إِنَّا,156,2:14,49,6
فَلَا,156,2:22,54,5
عَنْ,153,2:48,49,4
أَيُّهَا,150,2:21,40,8
إِنَّهُ,147,2:37,52,7
عَلَيْكُمْ,146,2:40,41,10
عَلَيْهِ,145,2:37,49,8
مِنْهُمْ,145,2:75,47,8
حَتَّى,142,2:55,48,6
بِاللَّهِ,139,2:8,35,9
وَهُمْ,136,2:25,40,6
أُولَئِكَ,133,2:5,47,9
يَوْمَ,133,2:113,54,6
إِنِّي,131,2:30,37,6
وَإِذَا,130,2:11,43,7
مُوسَى,129,2:51,32,6
فِيهِ,127,2:2,43,5
وَلَقَدْ,124,2:65,46,8
كُلِّ,123,2:20,53,5
قَدْ,120,2:60,40,4
رَبِّكَ,116,2:147,52,7
لِلَّهِ,116,1:2,43,7
الدُّنْيَا,115,2:85,40,10
إِنَّمَا,113,2:11,51,8
بَلْ,113,2:88,48,4
مِمَّا,111,2:23,41,6
أَمْ,110,2:6,43,4
وَالْأَرْضِ,108,2:33,48,11
وَلَوْ,108,2:20,40,6
يَشَاءُ,108,2:90,32,7
مِنْكُمْ,105,2:65,33,8
رَبِّ,101,1:2,36,5
فَلَمَّا,101,2:17,34,8
عَلِيمٌ,100,2:29,30,7
أَنَّ,99,2:25,39,5
عِنْدَ,98,2:54,47,6
النَّاسِ,92,2:8,32,8
رَبِّي,91,3:51,30,6
فَإِنْ,89,2:24,27,6
مِنْهُ,88,2:60,36,6
فَإِذَا,86,2:196,42,7
فَمَا,86,2:16,48,5
مِنْهَا,86,2:25,39,7
يُؤْمِنُونَ,86,2:3,37,11
وَقَالَ,85,2:118,31,7
وَكَانَ,84,2:34,14,7
تَعْمَلُونَ,83,2:74,39,11
دُونِ,83,2:23,37,5
كَذَلِكَ,83,2:73,34,8
لَنَا,83,2:32,29,5
بَعْدِ,82,2:27,28,6
السَّمَاءِ,81,2:19,41,10
وَإِنَّ,81,2:74,33,7
يَعْلَمُونَ,81,2:13,33,11
رَبِّهِمْ,80,2:5,38,9
هُمُ,80,2:5,30,4
بِهَا,79,2:99,34,5
لِلَّذِينَ,79,2:79,37,10
أَلَمْ,78,2:33,40,6
أَنْتُمْ,78,2:85,33,8
الْكِتَابَ,78,2:44,31,10
الْمُؤْمِنِينَ,78,2:223,28,14
خَيْرٌ,78,2:54,36,6
الْكِتَابِ,77,2:85,29,10
شَيْئًا,77,2:48,36,7
عَذَابٌ,77,2:7,33,7
لَوْ,77,2:96,39,4
إِلَيْهِ,76,2:28,37,8
إِلَيْكَ,74,2:4,28,8
بِالْحَقِّ,74,2:71,34,10
رَبَّنَا,72,2:127,26,8
سَبِيلِ,72,2:154,22,7
فَإِنَّ,71,2:61,31,7
النَّارِ,70,2:39,32,8
الْقِيَامَةِ,70,2:85,30,12
بَيْنَ,70,2:66,33,6
عَنِ,70,2:189,40,4
قَبْلُ,70,2:25,34,6
لَكَ,69,2:30,30,4
وَإِذْ,69,2:30,21,6
عَنْهُمْ,67,3:10,33,8
فَمَنْ,67,2:38,30,6
هَلْ,66,2:210,38,4
نَحْنُ,65,2:11,35,6
الظَّالِمِينَ,64,2:35,27,13
وَمِنْ,64,2:124,31,6
كُنَّا,63,4:97,30,6
يَوْمَئِذٍ,63,3:167,35,10
إِنَّهُمْ,62,2:12,36,9
كَيْفَ,62,2:28,31,6
يَعْلَمُ,62,2:77,34,8
الْعَالَمِينَ,61,1:2,25,13
وَقَالُوا,61,2:80,31,9
الصَّالِحَاتِ,59,2:25,36,13
رَحِيمٌ,59,2:143,23,7
كَمَا,59,2:13,26,5
لَعَلَّكُمْ,59,2:21,22,11
لَنْ,59,2:55,29,4
لِي,59,2:152,26,3
خَلَقَ,58,2:29,37,6
قَوْمِ,58,2:54,19,6
مَعَ,58,2:43,28,4
الَّتِي,57,2:24,35,7
بِآيَاتِنَا,57,2:39,30,11
جَاءَ,57,4:43,30,5
وَلَكِنْ,57,2:12,30,8
شَاءَ,56,2:20,30,5
عَلَيْكَ,56,2:252,29,8
يَعْمَلُونَ,56,2:96,28,11
أَعْلَمُ,55,2:30,26,8
أَنْتَ,55,2:32,30,6
الْآخِرَةِ,55,2:102,28,10
تَعْلَمُونَ,55,2:22,22,11
رَبَّكَ,55,2:61,23,7
قَلِيلًا,55,2:41,27,8
لِمَنْ,55,2:154,34,6
أَلَا,54,2:12,19,5
بَعْدَ,54,2:120,29,6
بَيْنَهُمْ,54,2:113,29,10
جَهَنَّمَ,54,3:12,31,9
وَعَمِلُوا,53,2:25,33,10
وَلَكِنَّ,53,2:102,27,9
الْكَافِرِينَ,52,2:34,27,13
لَقَدْ,52,3:164,30,6
عَلَيْنَا,51,2:70,30,9
غَفُورٌ,51,2:173,23,7
لِقَوْمٍ,51,2:118,18,8
لِلنَّاسِ,51,2:83,28,9
يَقُولُونَ,51,2:79,32,10
فَقَدْ,50,2:108,23,6
أَنَا,49,2:258,28,5
إِنَّكَ,49,2:32,27,7
جَمِيعًا,49,2:29,22,8
كُلَّ,49,2:276,34,5
أَرْسَلْنَا,48,2:151,29,11
النَّاسَ,48,2:44,25,8
الْحَقُّ,48,2:26,27,8
تَجْرِي,48,2:25,34,7
فِرْعَوْنَ,48,2:49,21,10
لَهُمُ,48,2:109,30,6
أَنْزَلَ,47,2:90,23,8
أُنْزِلَ,47,2:4,14,8
إِبْرَاهِيمَ,47,2:124,20,12
الصَّلَاةَ,47,2:3,26,10
عَمَّا,47,2:74,26,6
كُلُّ,47,2:60,33,5
لَيْسَ,47,2:177,23,6
هِيَ,47,2:68,29,4
وَلَمْ,47,2:247,24,6
الْعَزِيزُ,46,2:129,29,10
رَبِّكُمْ,46,2:49,20,9
عَلَيْهَا,46,2:142,34,9
فَأُولَئِكَ,46,2:81,25,11
كَثِيرًا,46,2:26,23,8
هَذِهِ,46,2:35,27,6
أَفَلَا,45,2:44,23,7
أَلَّا,45,2:229,23,6
الْأَرْضَ,45,2:22,31,9
مُبِينٌ,45,2:168,26,7
جَعَلَ,44,2:22,28,6
رَبِّهِ,44,2:37,29,7
وَيَوْمَ,44,2:85,22,8
خَالِدِينَ,43,2:162,26,10
رَبُّكَ,43,2:30,24,7
لَكُمُ,43,2:22,23,6
وَأَنَّ,43,2:165,20,7
وَقَدْ,43,2:75,27,6
النَّاسُ,42,2:13,23,8
بَنِي,42,2:40,16,5
وَأَنْتُمْ,42,2:22,17,10
يَهْدِي,42,2:142,21,7
أَصْحَابُ,41,2:39,22,9
أَنَّهُمْ,41,2:46,23,9
إِسْرَائِيلَ,41,2:40,16,12
بِغَيْرِ,41,2:61,23,8
لَعَلَّهُمْ,41,2:186,20,11
لَهَا,41,2:134,25,5
هَؤُلَاءِ,41,2:31,24,9
وَالْأَرْضَ,41,2:255,32,11
وَلَهُمْ,41,2:7,22,8
الْأَنْهَارُ,40,2:25,27,12
فَهُمْ,40,2:18,21,6
قَوْمًا,40,3:86,28,7
ظَلَمُوا,39,2:59,24,8
غَيْرَ,39,2:59,21,6
مُبِينٍ,39,3:164,26,7
وَعَلَى,39,2:7,23,7
يُحِبُّ,39,2:190,18,7
أَلِيمٌ,38,2:10,23,7
الْيَوْمَ,38,2:249,23,9
دُونِهِ,38,4:117,23,7
عَذَابًا,38,3:56,22,8
لَوْلَا,38,2:118,24,7
وَاتَّقُوا,38,2:48,13,10
وَكَذَلِكَ,38,2:143,18,10
وَمِنَ,38,2:8,20,6
يُرِيدُ,38,2:185,21,7
إِلَهَ,37,2:163,24,6
إِلَيْهِمْ,37,3:77,22,10
الْحَقِّ,37,2:61,24,8
الْحَيَاةِ,37,2:85,21,10
بَعْضٍ,37,2:76,21,6
جَنَّاتٍ,37,2:25,28,8
خَيْرًا,37,2:158,21,7
عَذَابَ,37,2:201,21,7
عَنْهُ,37,4:31,27,6
قَدِيرٌ,37,2:20,23,7
قُلُوبِهِمْ,37,2:7,21,11
كَذَّبُوا,37,3:11,14,9
وَجَعَلْنَا,37,5:13,20,11
أَنْفُسَهُمْ,36,2:9,17,12
بِهِمْ,36,2:15,30,6
صَالِحًا,36,2:62,24,8
قَبْلِهِمْ,36,2:118,26,10
أَوَلَمْ,35,2:260,21,8
الْعَذَابِ,35,2:49,21,10
تَحْتِهَا,35,2:25,24,9
حَكِيمٌ,35,2:209,15,7
فَبِأَيِّ,35,7:185,5,9
كُنْتَ,35,2:143,19,6
لِمَا,35,2:41,21,5
وَكَانُوا,35,2:61,23,9
يَقُولُ,35,2:8,22,7
الشَّيْطَانُ,34,2:36,22,12
بِآيَاتِ,34,2:61,22,8
ذَلِكُمْ,34,2:49,21,8
قِيلَ,34,2:11,23,5
مَعَهُ,34,2:214,23,6
الْحَكِيمُ,33,2:32,25,10
بِكُلِّ,33,2:29,24,7
كَلَّا,33,19:79,15,6
مُؤْمِنِينَ,33,2:91,14,11
مِنَّا,33,2:127,18,6
وَإِنَّا,33,2:70,19,8
وَفِي,33,2:49,17,5
آلَاءِ,32,53:55,2,6
أُوتُوا,32,2:101,19,7
رَبُّكُمْ,32,3:124,19,9
لَمَّا,32,6:5,25,6
آمَنَّا,31,2:8,15,7
إِنَّكُمْ,31,2:54,22,9
الْأَوَّلِينَ,31,6:25,19,13
الْقَوْمِ,31,2:250,18,9
تَرَ,31,2:243,17,4
تُكَذِّبَانِ,31,55:13,1,12
رَبِّكُمَا,31,55:13,1,10
صَادِقِينَ,31,2:23,23,10
عَظِيمٌ,31,2:7,18,7
عَلَيْهِمُ,31,2:61,18,10
نَفْسٍ,31,2:48,21,6
وَلَمَّا,31,2:89,12,8
يَوْمِ,31,1:4,21,6
اللَّيْلِ,30,2:164,21,9
الْمُحْسِنِينَ,30,2:58,14,14
جَاءَهُمْ,30,2:89,24,9
فَإِنَّمَا,30,2:117,23,10
قُلِ,30,2:219,17,4
وَلَئِنْ,30,2:145,20,8
بَيْنَهُمَا,29,4:35,21,11
بِكُمْ,29,2:282,20,6
جَعَلْنَا,29,2:125,17,9
حَيْثُ,29,2:35,14,6
سَبِيلًا,29,3:97,7,8
عِلْمٍ,29,4:157,18,6
لَآيَاتٍ,29,2:164,19,8
لَفِي,29,2:176,22,5
وَجَعَلَ,29,5:60,18,8
أَبَدًا,28,2:95,15,7
الرَّحِيمُ,28,2:37,16,10
الْآيَاتِ,28,2:118,14,9
الْعَذَابَ,28,2:165,24,10
الْعَلِيمُ,28,2:32,20,10
تِلْكَ,28,2:111,19,6
فَهُوَ,28,2:184,21,6
قَبْلِكَ,28,2:4,20,8
مَرْيَمَ,28,2:87,11,8
وَأَمَّا,28,2:26,22,8
وَرَسُولَهُ,28,4:13,11,11
وَيَقُولُونَ,28,3:75,18,12
يَوْمٍ,28,2:259,22,6
آيَاتِهِ,27,2:73,14,8
أَنْفُسِهِمْ,27,2:109,19,12
أَوْلِيَاءَ,27,3:28,16,11
الدِّينِ,27,1:4,21,8
الْإِنْسَانَ,27,10:12,22,12
الْإِنْسَانُ,27,4:28,16,12
الْجَنَّةِ,27,2:82,16,10
بَصِيرٌ,27,2:96,18,7
ضَلَالٍ,27,3:164,22,7
فَقَالَ,27,2:31,20,7
قَوْمِهِ,27,6:83,14,8
كَانَتْ,27,2:94,18,7
لَمِنَ,27,2:130,16,6
مَاءً,27,2:22,26,5
هُدًى,27,2:2,18,5
وَإِلَى,27,2:210,18,7
وَلِلَّهِ,27,2:115,15,9
يَكُنْ,27,2:196,14,6
آمَنَ,26,2:13,13,5
إِذًا,26,2:145,18,5
إِلَيْكُمْ,26,2:272,19,10
الْحَمْدُ,26,1:2,20,9
الْقَوْمَ,26,2:258,15,9
عَاقِبَةُ,26,3:137,17,9
فَسَوْفَ,26,4:30,18,8
فَضْلِهِ,26,2:90,12,8
قَوْمٌ,26,5:11,15,6
مَعَكُمْ,26,2:14,19,8
أَكْثَرَ,25,2:243,16,8
أَنْزَلْنَا,25,2:99,21,11
أَيْدِيهِمْ,25,2:79,18,11
أُمَّةٍ,25,3:110,18,7
إِلَيَّ,25,3:55,18,7
اللَّيْلَ,25,3:27,21,9
ذُو,25,2:105,17,3
قَبْلِ,25,2:237,18,6
لَئِنْ,25,5:12,18,6
لِكُلِّ,25,4:11,19,7
وَأُولَئِكَ,25,2:5,10,11
وَمِنْهُمْ,25,2:78,14,10
الزَّكَاةَ,24,2:43,14,10
الظَّالِمُونَ,24,2:229,19,13
الْحَقَّ,24,2:42,17,8
الْمُرْسَلِينَ,24,2:252,10,14
الْمُشْرِكِينَ,24,2:105,11,14
بِأَنَّهُمْ,24,2:61,12,11
بِالْبَيِّنَاتِ,24,2:92,16,15
تَعْقِلُونَ,24,2:44,17,11
خَالِدُونَ,24,2:25,12,10
عَنْهَا,24,2:36,16,7
فِيمَا,24,2:113,15,6
قَالَتْ,24,3:36,10,7
وَإِنَّهُ,24,2:130,14,9
وَرَسُولِهِ,24,2:279,12,11
وَلَوْلَا,24,2:251,17,9
يَرَوْا,24,6:6,17,7
آيَةً,23,2:259,18,5
أَجْمَعِينَ,23,2:161,16,11
أَنَّهُ,23,2:26,17,7
أَهْلِ,23,2:105,12,6
الْآخِرِ,23,2:8,8,8
الْأَرْضُ,23,2:61,18,9
الْمَصِيرُ,23,2:126,18,10
الْمُتَّقِينَ,23,2:180,16,13
بَعْضُهُمْ,23,2:76,16,10
بَيْنَكُمْ,23,2:188,13,10
بِإِذْنِ,23,2:97,14,8
خَبِيرٌ,23,2:234,16,7
رَبُّ,23,6:164,20,5
عَزِيزٌ,23,2:209,12,7
فَهَلْ,23,5:91,14,6
قَوْمٍ,23,3:117,16,6
لِلْكَافِرِينَ,23,2:24,16,14
نُوحٍ,23,4:163,20,5
وَلَهُ,23,2:266,17,6
يَدْعُونَ,23,2:221,21,9
آيَاتِنَا,22,2:151,14,9
أَجْرًا,22,4:40,13,7
أَكْثَرُهُمْ,22,2:100,14,12
الْعَذَابُ,22,2:86,16,10
الْقُرْآنَ,22,4:82,16,10
الْمُؤْمِنُونَ,22,3:28,12,14
الْهُدَى,22,2:120,16,8
بَلَى,22,2:81,16,5
رَحْمَةً,22,3:8,15,8
رَسُولًا,22,2:129,15,8
عَظِيمًا,22,4:27,4,8
عَلِيمًا,22,4:11,5,8
عَنْكُمْ,22,2:52,14,8
عِبَادِهِ,22,2:90,18,9
فَأَمَّا,22,2:26,18,8
فَلَنْ,22,2:80,13,6
كُلٌّ,22,2:116,18,5
مَاذَا,22,2:26,14,6
نَذِيرٌ,22,7:184,13,7
وَأَنْ,22,2:169,14,6
وَإِلَيْهِ,22,2:245,15,10
وَلَنْ,22,2:24,14,6
يَعْقِلُونَ,22,2:164,15,11
آيَاتِ,21,2:231,14,6
أَهْلَ,21,3:64,10,6
اتَّخَذُوا,21,4:153,15,10
الرَّحْمَنُ,21,2:163,11,11
الرَّحْمَنِ,21,1:1,10,11
النَّارُ,21,2:80,18,8
الْمَلَائِكَةُ,21,2:248,15,14
بِالْآخِرَةِ,21,2:86,15,12
تَكُونُوا,21,2:41,13,9
جَاءَكُمْ,21,2:87,12,9
خَلَقْنَا,21,7:181,16,9
رَسُولٌ,21,2:87,10,7
عَسَى,21,4:84,13,5
عِنْدِ,21,2:79,8,6
كَذَّبَ,21,6:21,17,7
مَنِ,21,2:189,16,4
مُسَمًّى,21,2:282,17,8
مِمَّنْ,21,2:114,16,7
وَالْيَوْمِ,21,2:62,9,11
وَكَفَى,21,4:6,6,7
يَشْعُرُونَ,21,2:9,13,11
أَحَدًا,20,5:20,8,7
أَخَافُ,20,5:28,13,7
أَنِ,20,4:66,14,4
السَّبِيلِ,20,2:108,16,10
بِالْمَعْرُوفِ,20,2:178,7,14
تَعْبُدُونَ,20,2:83,12,11
تَوَلَّوْا,20,2:137,12,10
خَيْرُ,20,3:54,13,6
رَحِيمًا,20,4:16,5,8
سَمِيعٌ,20,2:181,11,7
شَهِيدًا,20,2:143,13,8
عَدُوٌّ,20,2:36,12,7
عَمِلُوا,20,6:132,16,8
غَفُورًا,20,4:23,6,8
غَيْرُ,20,4:95,15,6
قَبْلَ,20,4:159,15,6
لَآيَةً,20,2:248,9,7
مَثَلًا,20,2:26,12,7
مُسْتَقِيمٍ,20,2:142,15,11
مُلْكُ,20,2:107,15,6
يُنْفِقُونَ,20,2:3,9,11
آتَيْنَا,19,2:53,16,8
أَنَّمَا,19,3:178,15,8
إِلَيْنَا,19,2:136,14,9
السَّمِيعُ,19,2:127,15,10
الشَّيْطَانِ,19,2:168,13,12
الصَّالِحِينَ,19,2:130,14,13
الْعَرْشِ,19,7:54,18,9
الْعَظِيمِ,19,2:105,14,10
الْغَيْبِ,19,3:44,16,9
الْمُجْرِمِينَ,19,6:55,17,14
بَعْدِهِ,19,2:51,15,8
تَتَّقُونَ,19,2:21,9,10
تَرَى,19,5:80,13,5
تَشْكُرُونَ,19,2:52,15,11
تَكُنْ,19,3:60,14,6
تُرْجَعُونَ,19,2:28,14,11
ذِي,19,4:36,17,3
رَبَّهُ,19,2:282,15,7
سَلَامٌ,19,6:54,16,7
صِرَاطٍ,19,2:142,15,7
عِنْدَهُ,19,2:140,15,8
فِرْعَوْنُ,19,7:104,10,10
قَرْيَةٍ,19,2:259,15,8
قَوْلًا,19,2:59,10,7
نَارًا,19,2:17,13,6
نَجْزِي,19,6:84,12,7
نَشَاءُ,19,6:83,14,7
يَسْمَعُونَ,19,2:75,16,11
يَنْظُرُونَ,19,2:210,16,11
يُشْرِكُونَ,19,7:190,13,11
أَرَادَ,18,2:26,13,7
أَشَدُّ,18,2:74,13,7
أَيَّامٍ,18,2:184,13,8
إِلَهٌ,18,2:163,13,6
الْجَنَّةَ,18,2:35,13,10
الْعَزِيزِ,18,3:126,15,10
جَهَنَّمُ,18,2:206,14,9
حَسَنًا,18,2:245,15,7
ذَا,18,2:245,15,3
ضَلَّ,18,2:108,14,5
عَظِيمٍ,18,3:174,15,7
عَلَيْكُمُ,18,2:57,9,10
فَقَالُوا,18,4:153,15,9
قَبْلِكُمْ,18,2:21,11,10
قُلُوبُهُمْ,18,2:118,12,11
كَفَرَ,18,2:102,11,6
كِتَابٌ,18,2:89,16,7
لِلْمُتَّقِينَ,18,2:2,16,14
وَأَنَا,18,2:160,13,7
وَاحِدَةً,18,2:213,15,9
وَاعْلَمُوا,18,2:194,4,11
يَتَّقُونَ,18,2:187,12,10
يَكُونُ,18,2:247,14,7
يُؤْمِنُ,18,2:232,15,8
أَعْمَالَهُمْ,17,2:167,10,13
أَمْرًا,17,2:117,14,7
أَنَّا,17,4:66,12,6
أَنْفُسَكُمْ,17,2:44,11,12
اعْبُدُوا,17,2:21,9,9
الرَّسُولَ,17,2:143,11,10
الصَّادِقِينَ,17,5:119,11,13
النَّبِيُّ,17,3:68,7,10
الْجَحِيمِ,17,2:119,10,10
الْقُرَى,17,6:92,10,8
الْكَافِرُونَ,17,4:151,16,13
بَعْدِهِمْ,17,2:253,11,10
تَذَكَّرُونَ,17,6:152,13,12
حَرَّمَ,17,2:173,9,7
حَقًّا,17,2:180,11,6
رَبَّهُمْ,17,3:198,13,9
رَبُّنَا,17,2:139,13,8
رَبِّنَا,17,3:7,11,8
فَاتَّقُوا,17,2:24,9,10
كَبِيرًا,17,2:282,8,8
لَهُوَ,17,3:62,7,6
مِثْلَ,17,2:113,12,6
نَفْسِهِ,17,3:93,11,8
وَعْدَ,17,4:122,12,6
وَقُلْ,17,3:20,11,6
وَلَكُمْ,17,2:36,11,8
يَدَيْهِ,17,2:97,13,8
يَفْتَرُونَ,17,3:24,11,11
يَكُونَ,17,2:150,12,7
أَجَلٍ,16,2:282,14,6
أَحَدٍ,16,2:102,11,6
أَحْسَنُ,16,2:138,13,8
أَكْبَرُ,16,2:217,12,8
أَهْلَكْنَا,16,6:6,14,11
أَوَّلَ,16,2:41,12,7
أَوِ,16,2:158,11,4
أُولِي,16,2:179,13,6
إِلَهًا,16,2:133,13,7
الْأَلْبَابِ,16,2:179,10,12
الْحَرَامِ,16,2:144,7,10
الْعَظِيمُ,16,2:255,12,10
الْعِقَابِ,16,2:196,9,10
الْفَوْزُ,16,4:13,13,9
الْمَلَأُ,16,7:60,7,9
الْمَوْتَى,16,2:73,14,10
تَدْعُونَ,16,6:40,10,9
تُتْلَى,16,3:101,12,7
جُنَاحَ,16,2:158,4,7
حَكِيمًا,16,4:11,4,8
خَلَقَكُمْ,16,2:21,14,10
سَمِعْنَا,16,2:93,12,9
عِيسَى,16,2:87,7,6
فَقُلْ,16,3:20,11,6
فَكَيْفَ,16,3:25,12,8
فِيهِمْ,16,2:129,12,7
كَسَبَتْ,16,2:134,10,8
وَكُنَّا,16,7:173,9,8
يَرْجِعُونَ,16,2:18,11,11
يَوْمًا,16,2:48,11,7
يَوْمُ,16,5:119,10,6
يُحْيِي,16,2:73,13,7
أَحْسَنَ,15,6:154,12,8
أَظْلَمُ,15,2:114,10,8
أَفَمَنْ,15,9:109,12,8
أَكْثَرَهُمْ,15,6:37,10,12
أَنَّى,15,2:223,9,6
أَنِّي,15,3:49,11,6
أَنْفُسِكُمْ,15,2:235,11,12
أُخْرَى,15,4:102,8,7
إِبْرَاهِيمُ,15,2:126,9,12
إِلَهٍ,15,3:62,7,6
إِنَّهَا,15,2:68,13,8
اتَّخَذَ,15,2:116,13,8
اتَّقَوْا,15,2:212,9,9
الرَّسُولِ,15,4:61,8,10
السَّمَاءُ,15,25:25,14,10
الصُّدُورِ,15,3:119,14,10
الْجِنِّ,15,6:128,9,8
الْحَيَاةُ,15,2:212,12,10
الْمُبِينُ,15,5:92,13,10
الْمُنَافِقِينَ,15,4:61,6,15
بَشَرٌ,15,3:47,12,6
بَصِيرًا,15,4:58,10,8
تَقُولُوا,15,2:104,7,9
جَزَاءً,15,5:38,12,7
حِينٍ,15,2:36,12,5
رَبَّكُمْ,15,7:55,11,9
رَيْبَ,15,2:2,13,6
رِزْقًا,15,2:22,13,7
شَدِيدُ,15,2:165,8,7
عَلَيَّ,15,4:72,10,7
فَإِنَّهُ,15,2:97,11,9
فَمَنِ,15,2:173,12,6
قَبْلَهُمْ,15,19:74,12,10
قَبْلِهِ,15,2:198,13,8
كَافِرُونَ,15,7:45,10,10
كَذِبًا,15,6:21,11,7
كَسَبُوا,15,2:202,11,8
كُلُوا,15,2:57,9,6
كُنْتُ,15,4:73,13,6
كِتَابٍ,15,3:81,14,7
لِلْمُؤْمِنِينَ,15,2:97,13,15
لِمَ,15,3:65,10,4
مَثَلُ,15,2:214,13,6
مَلَكَتْ,15,4:3,7,8
نَفْسٌ,15,2:48,11,6
وَالَّذِي,15,7:58,11,9
وَالْآخِرَةِ,15,2:217,9,12
وَبِئْسَ,15,2:126,12,8
وَقِيلَ,15,3:167,12,7
وَنَحْنُ,15,2:30,8,8
وَهَذَا,15,3:68,11,7
وَهُدًى,15,2:97,10,7
يَسْتَطِيعُونَ,15,2:273,12,14
يُظْلَمُونَ,15,2:281,12,11
أَرَأَيْتُمْ,14,6:46,8,12
أَزْوَاجًا,14,2:234,11,10
أَلِيمًا,14,4:18,8,8
أَلِيمٍ,14,3:21,13,7
أَنَّكُمْ,14,2:187,8,9
أَنْزَلْنَاهُ,14,6:92,13,13
أَوْحَيْنَا,14,4:163,9,11
أَيْنَ,14,2:148,13,6
أُمَّةً,14,2:128,10,7
أُوتِيَ,14,2:136,7,7
اتَّقُوا,14,2:278,12,8
افْتَرَى,14,3:94,12,8
النِّسَاءِ,14,2:235,7,10
الْأُولَى,14,20:21,9,9
الْبَحْرِ,14,2:164,11,9
الْحِسَابِ,14,2:202,8,10
الْمَوْتِ,14,2:19,12,9
بَعْضَ,14,2:259,14,6
بَلِ,14,3:150,14,4
بَيِّنَاتٍ,14,2:99,12,10
بِأَنَّ,14,2:176,11,7
بِالْقِسْطِ,14,3:18,9,11
بِهَذَا,14,2:26,13,7
تَكُونَ,14,2:193,10,7
جَزَاءُ,14,2:85,11,7
حَقَّ,14,2:121,11,5
خَوْفٌ,14,2:38,8,6
خَيْرٍ,14,2:105,6,6
سُبْحَانَهُ,14,2:116,11,11
شَكٍّ,14,4:157,11,5
عَذَابِ,14,2:126,12,7
قَدَّمَتْ,14,2:95,14,9
قُلْنَا,14,2:34,7,7
كَذَّبَتْ,14,22:42,8,9
مُسْلِمُونَ,14,2:132,8,11
مُعْرِضُونَ,14,2:83,10,11
نَفْسًا,14,2:72,11,7
وَأَطِيعُوا,14,3:132,9,11
وَأَنْتَ,14,5:114,8,8
وَإِنِّي,14,3:36,12,8
وَرَسُولُهُ,14,5:55,4,11
وَيْلٌ,14,45:7,4,6
يَأْتِيَ,14,2:109,11,8
يَسْتَهْزِئُونَ,14,6:5,13,15
يَكْسِبُونَ,14,2:79,12,11
يُوحَى,14,6:50,12,6
يُوسُفَ,14,12:7,1,7
آدَمَ,13,2:31,8,5
آلِهَةً,13,6:19,9,7
آيَاتُ,13,2:252,12,6
أَحَدٌ,13,3:73,10,6
أَدْرَاكَ,13,69:3,10,9
أَلَيْسَ,13,6:30,8,8
أَمْرُ,13,4:47,8,6
أُولُو,13,2:269,12,6
إِنِ,13,2:217,12,4
ادْخُلُوا,13,2:58,10,9
الدِّينَ,13,2:132,11,8
الرَّسُولُ,13,2:143,9,10
السَّاعَةُ,13,6:31,8,10
السَّمَاءَ,13,6:6,11,10
السَّيِّئَاتِ,13,4:18,11,13
النَّهَارِ,13,3:27,12,10
الْأَمْرِ,13,3:128,7,9
الْحُسْنَى,13,4:95,12,10
الْخَاسِرِينَ,13,2:64,9,13
الْقُرْآنِ,13,17:41,8,10
الْكَذِبَ,13,3:75,6,9
الْمَدِينَةِ,13,7:123,10,12
الْمُجْرِمُونَ,13,8:8,9,14
بَغْتَةً,13,6:31,10,8
بَيْنَنَا,13,3:64,10,9
تَتَّخِذُوا,13,2:231,8,11
حَقٌّ,13,3:86,12,5
خَلَتْ,13,2:134,10,6
رَحْمَتِهِ,13,7:57,13,10
سُبْحَانَ,13,17:1,9,9
صَبَرُوا,13,7:137,12,8
عَذَابٍ,13,9:101,13,7
فَانْظُرْ,13,2:259,8,9
فَلَوْلَا,13,2:64,9,9
فَوْقَ,13,3:55,11,6
كَمَثَلِ,13,2:17,7,8
كُتِبَ,13,2:178,5,6
لَهُنَّ,13,2:187,5,7
لُوطٍ,13,11:70,9,5
لِقَوْمِهِ,13,2:54,9,10
مُبِينًا,13,4:20,4,8
وَأَنَّهُ,13,8:24,4,9
وَإِمَّا,13,6:68,12,8
وَاذْكُرُوا,13,2:63,6,11
وَاذْكُرْ,13,3:41,6,9
وَالنَّهَارِ,13,2:164,12,12
وَالْقَمَرَ,13,6:96,13,11
وَجَدْنَا,13,5:104,9,9
وَذَلِكَ,13,4:13,11,8
وَرَحْمَةً,13,4:96,12,10
وَكِيلًا,13,4:81,5,8
وَلَدًا,13,2:116,11,7
وَلِيًّا,13,4:45,6,8
يَحْزَنُونَ,13,2:38,8,11
يَظْلِمُونَ,13,2:57,9,11
يَفْعَلُونَ,13,2:71,11,11
يَفْقَهُونَ,13,4:78,9,11
يَكُونُوا,13,9:18,11,9
يُرِيدُونَ,13,4:60,11,10
آيَاتُنَا,12,8:31,12,9
آيَةٍ,12,2:106,8,5
أَخَذْنَا,12,2:63,7,9
أَرْسَلْنَاكَ,12,2:119,11,13
أَشْرَكُوا,12,2:96,7,10
أَفَلَمْ,12,12:109,12,8
أَمِ,12,2:140,10,4
أَهْوَاءَهُمْ,12,2:120,9,13
ابْنُ,12,3:45,7,5
السَّاعَةَ,12,15:85,11,10
الظُّلُمَاتِ,12,2:257,8,12
النَّهَارَ,12,3:27,12,10
الْأَمْرُ,12,2:210,10,9
الْبَرِّ,12,5:96,8,8
الْعِلْمِ,12,2:120,8,9
الْقَوْلُ,12,11:40,10,9
الْقُرْبَى,12,2:83,9,10
الْمَسْجِدِ,12,2:144,6,11
الْمُفْلِحُونَ,12,2:5,11,14
الْيَمِينِ,12,16:48,7,10
بَعِيدٍ,12,2:176,9,7
بَعْضُكُمْ,12,2:36,9,10
بِآيَةٍ,12,3:49,9,7
بِأَمْرِهِ,12,2:109,10,10
بِالْغَيْبِ,12,2:3,12,11
بِذَاتِ,12,3:119,11,7
بِعَذَابٍ,12,3:21,9,9
تَابَ,12,5:39,8,5
تَرَكَ,12,2:180,4,6
تُوعَدُونَ,12,6:134,10,10
حِينَ,12,5:101,10,5
خَبِيرًا,12,4:35,5,8
دَابَّةٍ,12,2:164,10,8
رَأَى,12,6:76,7,5
رَبُّهُمْ,12,3:195,11,9
سِحْرٌ,12,5:110,12,6
شَدِيدٌ,12,3:4,9,7
طَائِفَةٌ,12,3:69,7,9
فَرِيقٌ,12,2:75,9,7
فَلَمْ,12,4:43,9,6
فَيَقُولُ,12,5:109,8,9
قُوَّةً,12,9:69,8,7
كَرِيمٌ,12,8:4,9,7
كَمْ,12,2:211,10,4
كُلَّمَا,12,2:20,10,8
كِتَابًا,12,3:145,10,8
لِلْعَالَمِينَ,12,3:96,9,14
لِلْمُكَذِّبِينَ,12,52:11,3,16
مَرَضٌ,12,2:10,9,6
مَعَهُمْ,12,2:89,7,8
نَزَّلَ,12,2:176,10,7
نَصِيرًا,12,4:45,4,8
وَأَنْزَلْنَا,12,2:57,11,13
وَاحِدٌ,12,2:163,11,7
وَالنَّهَارَ,12,10:67,11,12
وَتَرَى,12,5:62,10,7
وَلَدٌ,12,3:47,4,6
يَسْتَوِي,12,4:95,10,9
يَكْفُرُونَ,12,2:61,10,11
يُؤْمِنُوا,12,2:75,8,10
يُبَيِّنُ,12,2:187,5,9
آلَ,11,2:50,9,3
أَإِذَا,11,13:5,9,7
أَجْرٌ,11,3:172,8,6
أَسْأَلُكُمْ,11,6:90,6,12
أَمَّنْ,11,10:31,4,7
اسْتَكْبَرُوا,11,7:75,6,13
الثَّمَرَاتِ,11,2:22,6,12
الرِّزْقَ,11,13:26,8,9
الشَّمْسَ,11,6:78,11,9
النَّارَ,11,2:24,9,8
الْآخِرَةَ,11,3:152,10,10
الْأَنْعَامِ,11,4:119,8,12
الْبَلَاغُ,11,3:20,9,10
الْجِبَالُ,11,13:31,11,10
الْحَيَاةَ,11,2:86,11,10
الْخَاسِرُونَ,11,2:27,9,13
الْغَفُورُ,11,10:107,11,10
الْفَاسِقِينَ,11,2:26,7,13
الْفُلْكِ,11,7:64,9,9
الْمَوْتُ,11,2:133,7,9
الْمُسْلِمِينَ,11,6:163,10,14
بَيْنِي,11,6:19,10,7
بِالَّذِي,11,2:61,10,9
بِبَعْضٍ,11,2:85,8,8
بِي,11,2:186,10,3
تَأْكُلُونَ,11,3:49,9,11
تَجِدَ,11,4:52,6,6
تَكُونُ,11,5:114,9,7
تَكْفُرُونَ,11,2:28,8,11
تُفْلِحُونَ,11,2:189,8,11
جَاءَتْهُمْ,11,5:32,9,11
جَاءَكَ,11,2:120,9,7
جَاءَهُمُ,11,3:19,8,9
جَنَّاتِ,11,5:65,11,8
دَاوُودَ,11,4:163,8,8
رُسُلُهُمْ,11,7:101,8,10
سَاءَ,11,5:66,9,5
سَبِيلِهِ,11,5:35,9,9
سُجَّدًا,11,2:58,11,8
سُلْطَانًا,11,3:151,8,10
شَدِيدًا,11,3:56,10,8
شَهِيدٌ,11,2:282,11,7
شَيْءٌ,11,2:178,9,6
عَدْنٍ,11,9:72,11,6
عَلَيْهِنَّ,11,2:228,6,11
عَنَّا,11,2:286,8,6
عِلْمٌ,11,3:66,9,6
فَأَنَّى,11,6:95,10,8
فَاصْبِرْ,11,11:49,10,9
فَذُوقُوا,11,3:106,10,9
فَضْلُ,11,2:64,6,6
فَمِنْهُمْ,11,2:253,11,10
فِتْنَةٌ,11,2:102,8,8
فِيكُمْ,11,2:151,9,7
قَوْمُ,11,7:148,9,6
كَأَنَّهُمْ,11,2:101,10,11
لِلظَّالِمِينَ,11,2:270,10,14
مَرْجِعُكُمْ,11,3:55,8,12
مَعَكَ,11,4:102,8,6
مَعِيَ,11,7:105,7,6
مَوْتِهَا,11,2:164,8,9
مُصَدِّقًا,11,2:41,7,10
هُزُوًا,11,2:67,7,7
وَآتُوا,11,2:43,7,7
وَأَطِيعُونِ,11,3:50,4,12
وَأَقِيمُوا,11,2:43,9,11
وَأَنْزَلَ,11,2:22,9,10
وَإِنَّهُمْ,11,6:28,10,11
وَبَشِّرِ,11,2:25,6,9
وَتِلْكَ,11,2:230,11,8
وَرَحْمَةٌ,11,2:157,9,10
وَرُسُلِهِ,11,2:98,5,10
وَسَخَّرَ,11,13:2,8,9
وَعَمِلَ,11,2:62,9,8
وَلِيٍّ,11,2:107,7,7
وَمِمَّا,11,2:3,10,8
وَيَا,11,7:19,3,5
وَيَقُولُ,11,5:53,9,9
يَخْلُقُ,11,3:47,10,8
يَرْجُونَ,11,2:218,8,9
يَقُولُوا,11,4:78,10,9
يُبْصِرُونَ,11,2:17,7,11
يُنْصَرُونَ,11,2:48,9,11
يُوقِنُونَ,11,2:4,8,10
آبَاءَنَا,10,2:170,8,9
آخَرَ,10,15:96,8,5
آمِنُوا,10,2:13,7,7
آيَاتٍ,10,2:99,8,6
أَجْرٍ,10,10:72,6,6
أَخِيهِ,10,2:178,6,7
أَصْحَابَ,10,4:47,6,9
أَصْحَابِ,10,2:119,9,9
أُمَّةٌ,10,2:134,5,7
ابْتِغَاءَ,10,2:207,7,10
ابْنَ,10,2:87,6,5
اثْنَيْنِ,10,6:143,7,9
السَّاعَةِ,10,7:187,10,10
السَّمْعَ,10,10:31,10,9
الشَّيْطَانَ,10,4:83,7,12
الصَّابِرِينَ,10,2:153,5,13
الصَّلَاةِ,10,4:101,6,10
الصُّورِ,10,6:73,10,8
النَّعِيمِ,10,5:65,10,10
الْعِلْمَ,10,16:27,10,9
الْكَاذِبِينَ,10,3:61,9,13
الْمَوْتَ,10,2:94,8,9
الْمُفْسِدِينَ,10,5:64,6,14
الْمُلْكُ,10,2:247,9,9
انْظُرْ,10,4:50,6,7
بَعْضَهُمْ,10,2:251,8,10
بِحَمْدِ,10,15:98,9,8
بِكَ,10,3:36,9,4
تَابُوا,10,2:160,9,7
تَبَيَّنَ,10,2:109,6,9
ثَمَنًا,10,2:41,5,7
حَرَجٌ,10,7:2,5,6
حَنِيفًا,10,2:135,7,8
ذَاتِ,10,8:7,8,5
ذَلِكُمُ,10,3:175,8,8
ذِكْرًا,10,2:200,7,7
ذِكْرِ,10,5:91,9,6
رَبُّهُ,10,2:124,8,7
رَزَقْنَاهُمْ,10,2:3,10,13
رَسُولٍ,10,4:64,10,7
رَسُولُ,10,4:171,9,7
سَبْعَ,10,2:29,8,6
شُهَدَاءَ,10,2:133,7,9
عَدُوًّا,10,2:97,9,8
عِبَادِنَا,10,12:24,7,10
غَيْرِ,10,1:7,10,6
فَإِنَّا,10,5:22,8,8
فَإِنَّهُمْ,10,3:128,8,11
فَالَّذِينَ,10,3:195,8,11
فَرِيقًا,10,2:85,7,8
فَضْلٍ,10,2:243,7,6
فَلَهُ,10,2:112,8,6
فِتْنَةً,10,8:25,10,8
قَضَى,10,2:117,8,5
لَهُمَا,10,7:20,5,7
لَيَقُولُنَّ,10,9:65,7,12
لِنَفْسِهِ,10,10:108,8,10
مَرَّةٍ,10,6:94,7,7
مَغْفِرَةٌ,10,3:136,10,10
مَكَانٍ,10,10:22,8,7
مُؤْمِنٌ,10,2:221,8,8
مُجْرِمِينَ,10,7:133,9,11
مِمَّنِ,10,6:21,8,7
مِنِّي,10,2:38,7,6
مِنْهُمَا,10,2:102,6,9
هَادُوا,10,2:62,7,7
وَاتَّبَعُوا,10,2:102,9,12
وَالشَّهَادَةِ,10,6:73,9,14
وَالْمَلَائِكَةُ,10,2:210,9,16
وَجَاءَ,10,7:113,9,7
وَعَدَ,10,4:95,9,6
وَكَذَّبُوا,10,2:39,9,11
وَهِيَ,10,2:259,8,6
وَيَعْقُوبَ,10,2:136,9,11
وَيَعْلَمُ,10,3:29,8,10
يَأْتِ,10,2:148,9,6
يَتَفَكَّرُونَ,10,7:176,8,14
يَجِدُونَ,10,4:121,6,9
يَحْكُمُ,10,2:113,7,8
يَخْتَلِفُونَ,10,2:113,7,13
يَمْلِكُونَ,10,13:16,9,11
يَهْتَدُونَ,10,2:170,9,11
يُغْنِي,10,10:36,10,7
يُوعَدُونَ,10,19:75,8,10
آلِ,9,2:49,8,3
آيَاتِي,9,6:130,7,7
آيَةٌ,9,2:118,6,5
أَإِنَّا,9,13:5,7,8
أَجْرِيَ,9,10:72,4,8
أَحَقُّ,9,2:228,6,7
أَخَذَ,9,3:81,7,6
أَدْنَى,9,2:61,8,7
أَسَاطِيرُ,9,6:25,9,10
أَشَدَّ,9,2:200,8,7
أَعْمَالُهُمْ,9,2:217,8,13
أَغْنَى,9,7:48,9,7
أَقْرَبُ,9,2:237,9,8
أَكُونَ,9,2:67,8,7
أَمِينٌ,9,7:68,5,7
أَمْرِ,9,7:77,8,6
أَمْوَالَهُمْ,9,2:261,3,13
أَنْفُسُهُمْ,9,3:154,6,12
أَهْلِهِ,9,2:217,6,8
أُوحِيَ,9,6:93,7,7
إِذِ,9,6:93,8,4
إِمَّا,9,7:35,8,6
اخْتَلَفُوا,9,2:176,5,11
اذْكُرُوا,9,2:40,5,9
اسْتَوَى,9,2:29,9,8
اسْمَ,9,5:4,6,5
النَّبِيِّينَ,9,2:61,6,13
النِّسَاءَ,9,2:222,4,10
الْأَعْلَى,9,16:60,9,10
الْحَكِيمِ,9,3:58,8,10
الْفَاسِقُونَ,9,2:99,7,13
الْقَوْلِ,9,4:108,8,9
الْمَلَائِكَةَ,9,3:80,9,14
بَرِيءٌ,9,6:19,7,7
بَشَرًا,9,11:27,8,7
بَعْدُ,9,2:230,9,6
بَعْضًا,9,2:283,9,7
بَلَغَ,9,6:19,7,6
بَيِّنَةٍ,9,2:211,5,9
بَيْنِ,9,7:17,8,6
بُيُوتًا,9,7:74,6,8
بِإِذْنِهِ,9,2:213,7,10
بِالْبَاطِلِ,9,2:42,7,12
بِرَبِّهِمْ,9,6:1,8,11
بِغَافِلٍ,9,2:74,5,9
تَخَفْ,9,11:70,7,6
تَشَاءُ,9,3:26,3,7
تَفْعَلُوا,9,2:24,4,10
تَكُونَنَّ,9,2:147,4,10
تَوَلَّى,9,2:205,7,8
تُؤْمِنُوا,9,3:73,7,10
تُبْصِرُونَ,9,21:3,8,11
تُجْزَوْنَ,9,6:93,9,10
تُرَابًا,9,13:5,7,8
تُكَذِّبُونَ,9,23:105,9,12
جَنَّاتُ,9,13:23,8,8
جُنَاحٌ,9,2:198,5,7
حَلِيمٌ,9,2:225,7,7
دَخَلُوا,9,5:61,6,8
دِيَارِهِمْ,9,2:85,6,11
ذِكْرٌ,9,7:63,7,6
رَسُولِهِ,9,4:136,4,9
رَوَاسِيَ,9,13:3,9,9
زُيِّنَ,9,2:212,9,7
سَرِيعُ,9,2:202,8,7
سَوَاءٌ,9,2:6,9,7
سُبْحَانَكَ,9,2:32,9,11
سُلْطَانٍ,9,7:71,8,9
سُوءُ,9,9:37,6,5
سِنِينَ,9,12:42,6,7
ضَرًّا,9,5:76,9,6
ضَلُّوا,9,4:167,8,7
ظَالِمِينَ,9,7:5,6,10
عَادٍ,9,2:173,8,5
عَذَابُ,9,6:40,6,7
عَذَابِي,9,7:156,4,8
عَلِمَ,9,2:60,6,6
عِلْمًا,9,6:80,6,7
غَيْرُهُ,9,7:59,3,8
فَأَصْبَحُوا,9,5:53,7,12
فَأْتُوا,9,2:23,8,8
فَإِنَّكَ,9,5:118,7,9
فَضْلًا,9,2:198,9,7
فَلْيَتَوَكَّلِ,9,3:122,7,15
فَوَيْلٌ,9,2:79,8,8
فَيَكُونُ,9,2:117,7,9
فِيهِنَّ,9,2:197,8,8
قَرِيبًا,9,9:42,8,8
قُرْآنًا,9,12:2,8,8
قُلُوبِ,9,3:151,9,7
قُلُوبِكُمْ,9,3:103,6,11
قُلْتُمْ,9,2:55,7,8
كَأَنْ,9,4:73,6,6
كَالَّذِينَ,9,3:105,7,11
كَمَنْ,9,3:162,8,6
كُونُوا,9,2:65,7,7
لَكَاذِبُونَ,9,6:28,8,12
لِأَبِيهِ,9,6:74,9,9
لِأُولِي,9,3:13,7,8
لِلرَّحْمَنِ,9,19:26,4,12
لِلْمَلَائِكَةِ,9,2:30,8,15
مَتَى,9,2:214,9,5
مَدْيَنَ,9,7:85,7,8
مَكَانًا,9,5:60,5,8
نَصِيرٍ,9,2:107,6,7
نَفْسِي,9,5:25,7,7
نَفْعًا,9,4:11,9,7
نُطْفَةٍ,9,16:4,9,8
نُورًا,9,4:174,7,6
هَارُونَ,9,2:248,7,8
هُنَالِكَ,9,3:38,8,9
وَآتَيْنَاهُ,9,5:46,9,12
وَإِسْحَاقَ,9,2:133,6,11
وَالْحِكْمَةَ,9,2:129,5,13
وَالْمُؤْمِنَاتِ,9,9:72,7,16
وَبَيْنَ,9,5:25,8,8
وَثَمُودَ,9,9:70,9,9
وَرَبُّكَ,9,5:24,8,9
وَكَمْ,9,7:4,8,6
وَكُلًّا,9,4:95,7,8
وَلَعَلَّكُمْ,9,2:150,8,13
وَيَقْدِرُ,9,13:26,8,10
وَيَهْدِي,9,2:26,9,9
وَيُمِيتُ,9,2:258,9,9
يَبْسُطُ,9,13:26,8,8
يَخْرُجُ,9,7:58,8,8
يَسْأَلُونَكَ,9,2:189,5,13
يَشْكُرُونَ,9,2:243,8,11
يَوْمٌ,9,2:254,7,6
يُضِلُّ,9,2:26,6,7
يُضْلِلِ,9,4:88,6,8
يُفْلِحُ,9,6:21,6,8
آتَيْنَاهُمُ,8,2:121,5,12
آتَيْنَاهُمْ,8,2:211,7,12
آخَرِينَ,8,4:91,6,8
آمَنْتُمْ,8,2:137,6,9
آيَاتٌ,8,3:7,5,6
أَبَتِ,8,12:4,4,6
أَجْرَ,8,3:171,7,6
أَخَاهُمْ,8,7:65,4,9
أَعْبُدُ,8,10:104,4,8
أَمَّا,8,6:143,6,6
أَمْرُنَا,8,10:24,4,9
أَمْرِي,8,18:73,4,7
أَهْلُ,8,3:110,7,6
أَهْلِهَا,8,4:35,7,9
أَوْلَى,8,3:68,6,7
أَيْدِيَهُمْ,8,4:91,7,12
أَيْمَانُكُمْ,8,4:3,3,13
أُقْسِمُ,8,56:75,7,8
أُنْثَى,8,3:36,7,7
إِبْلِيسَ,8,2:34,8,9
إِيَّاهُ,8,2:172,7,8
اتَّبَعَ,8,3:162,7,8
ادْعُوا,8,7:55,5,7
الدَّارِ,8,6:135,5,8
السَّعِيرِ,8,22:4,6,10
الطَّيِّبَاتِ,8,7:157,8,13
اللَّاتِي,8,4:23,4,9
النَّبِيِّ,8,7:158,4,10
النُّورِ,8,2:257,6,8
الْآخِرِينَ,8,26:84,4,11
الْأَعْرَابِ,8,9:90,3,12
الْأَمْثَالَ,8,13:17,6,12
الْبَيْتِ,8,2:127,7,9
الْخَلْقَ,8,10:4,4,9
الْغَنِيُّ,8,6:133,8,10
الْفُلْكَ,8,11:37,7,9
الْقُرْآنُ,8,2:185,8,10
الْكِتَابُ,8,2:2,6,10
الْمَسِيحُ,8,3:45,4,10
الْمَلَائِكَةِ,8,2:31,6,14
الْمُخْلَصِينَ,8,12:24,4,14
الْمُنْكَرِ,8,3:104,5,11
بُيُوتِ,8,24:61,1,7
بِأَمْوَالِهِمْ,8,4:95,4,15
بِرَبِّ,8,7:121,7,7
بِسُلْطَانٍ,8,14:10,7,11
بِمَنْ,8,16:125,7,6
تَأْكُلُوا,8,2:188,5,10
تَاللَّهِ,8,12:73,4,9
تَتَّبِعُوا,8,2:168,6,11
تَقُومُ,8,26:218,6,7
تَوَلَّيْتُمْ,8,2:64,7,13
تُحْشَرُونَ,8,2:203,8,11
تُرْحَمُونَ,8,3:132,7,11
تُسْمِعُ,8,10:42,4,8
تُنْفِقُوا,8,2:272,5,10
جَاءَتْ,8,6:109,5,7
حَسَنَةً,8,2:201,5,8
حَسَنَةٌ,8,3:120,7,8
حُكْمًا,8,5:50,6,7
خَسِرُوا,8,6:12,6,8
خَلَقْنَاكُمْ,8,6:94,8,13
دَرَجَاتٍ,8,2:253,7,9
دُونَ,8,4:48,7,5
ذُوقُوا,8,3:181,8,7
رَجُلٌ,8,4:12,7,6
رُسُلًا,8,4:165,8,7
رِجَالًا,8,4:1,7,8
سُوءٍ,8,3:30,7,5
صَبْرًا,8,2:250,4,7
طِينٍ,8,6:2,7,5
عَرَبِيًّا,8,12:2,8,10
عَلَيْهِمَا,8,2:229,6,11
عَمَلًا,8,9:102,6,7
عَمِلَ,8,6:54,7,6
عَنْكَ,8,2:120,8,6
عَنْهُمُ,8,2:86,7,8
عِبَادِي,8,2:186,7,8
فَأَخَذَتْهُمُ,8,4:153,6,14
فَإِنِ,8,2:192,7,6
فَالْيَوْمَ,8,7:51,8,11
فَكَانَ,8,7:175,7,7
فَكَذَّبُوهُ,8,7:64,7,12
فِيهِمَا,8,2:219,5,8
قَرِيبٌ,8,2:186,6,7
قَلِيلٌ,8,3:197,7,7
قَوْمَ,8,10:98,5,6
كَافِرِينَ,8,3:100,7,10
كَبِيرٌ,8,2:217,7,7
كَتَبَ,8,2:187,6,6
كَرِهَ,8,8:8,5,6
كَرِيمٍ,8,26:7,7,7
كُنْ,8,2:117,7,4
لَبِثْتُمْ,8,17:52,5,10
لَذُو,8,2:243,8,5
لَغَفُورٌ,8,6:165,5,9
لَقُضِيَ,8,6:8,5,8
لَيْتَنِي,8,4:73,7,9
لِبَعْضٍ,8,2:36,8,8
مُسْلِمِينَ,8,7:126,6,11
مُهِينٌ,8,2:90,7,7
مِثْلُ,8,2:228,5,6
مِلَّةَ,8,2:135,7,7
مِنْهُمُ,8,3:52,6,8
نَبِيًّا,8,19:30,2,8
نَصِيبًا,8,3:23,5,8
نَصِيبٌ,8,2:202,2,7
نِعْمَتَ,8,2:231,6,8
وَأَصْحَابُ,8,22:44,5,11
وَأَقَامُوا,8,2:277,6,11
وَأَنَّا,8,72:5,1,8
وَأَنْفُسِهِمْ,8,4:95,4,14
وَأَهْلَهُ,8,7:83,6,10
وَأَوْحَيْنَا,8,4:163,7,13
وَإِسْمَاعِيلَ,8,2:125,5,14
وَالْأَرْضُ,8,3:133,7,11
وَالْإِنْسِ,8,6:130,6,11
وَالْبَحْرِ,8,6:59,6,11
وَبَيْنَكُمْ,8,3:64,7,12
وَتَتَّقُوا,8,2:224,4,11
وَجَعَلُوا,8,6:100,6,10
وَضَلَّ,8,6:24,7,7
وَعُيُونٍ,8,15:45,5,9
وَقَالَتِ,8,2:113,5,9
وَقُولُوا,8,2:58,5,9
وَكُنْتُمْ,8,2:28,7,10
وَمِنْهَا,8,7:25,6,9
وَنَذِيرًا,8,2:119,8,10
وَهَارُونَ,8,4:163,7,10
وَوَهَبْنَا,8,6:84,5,11
يَأْتِي,8,2:258,7,7
يَتَّبِعُونَ,8,4:27,7,12
يَخَافُونَ,8,5:23,6,10
يَدْعُو,8,2:221,7,7
يَرَوْنَ,8,2:165,7,8
يَشَأْ,8,4:133,6,6
يَشَاءَ,8,6:80,7,7
يَعْبُدُ,8,7:70,5,8
يَعْبُدُونَ,8,11:109,7,11
يَغْفِرُ,8,3:129,6,8
يَفْعَلُ,8,2:85,6,8
يَكُ,8,8:53,6,4
يَكْفُرْ,8,2:121,6,8
يَمْلِكُ,8,5:17,7,8
يَنْفَعُ,8,2:164,8,8
يَهْدِ,8,7:100,7,6
يُبْعَثُونَ,8,7:14,8,11
آبَاؤُنَا,7,6:148,5,9
آدَمُ,7,2:33,3,5
آذَانِهِمْ,7,2:19,6,10
آمِنِينَ,7,12:99,6,8
أَأَنْتُمْ,7,2:140,4,10
أَبَانَا,7,12:8,1,8
أَخْرَجَ,7,7:27,6,8
أَذًى,7,2:196,3,5
أَعَدَّ,7,4:102,6,7
أَقُولُ,7,6:50,4,7
أَمَرَ,7,2:27,6,6
أَمْرٍ,7,5:52,6,6
أَمْرِهِ,7,5:95,6,8
أَنْفَقُوا,7,2:262,5,10
أَوَلَوْ,7,2:170,7,8
أَوْلِيَاءُ,7,5:51,6,11
أَيْمَانِهِمْ,7,5:53,6,13
أُرِيدُ,7,5:29,4,7
إِثْمًا,7,2:182,4,7
إِيمَانًا,7,3:173,6,9
اعْمَلُوا,7,6:135,6,9
اغْفِرْ,7,3:147,7,7
افْتَرَاهُ,7,10:38,6,10
التَّوْرَاةِ,7,3:50,6,12
الدِّينُ,7,2:193,7,8
الرُّسُلُ,7,2:253,7,9
الرِّبَا,7,2:275,3,8
الرِّيَاحَ,7,7:57,6,10
السَّحَرَةُ,7,7:113,4,11
السَّمَاوَاتُ,7,3:133,6,13
الشَّاكِرِينَ,7,3:144,5,13
الظَّنَّ,7,6:116,3,8
الْأَعْمَى,7,6:50,7,10
الْأَمْرَ,7,3:154,6,9
الْأُمُورُ,7,2:210,7,10
الْبَحْرَ,7,2:50,7,9
الْبَيِّنَاتُ,7,2:209,4,13
الْجِبَالِ,7,15:82,6,10
الْخَيْرَاتِ,7,2:148,5,12
الْغَابِرِينَ,7,7:83,6,13
الْفَصْلِ,7,37:21,5,9
الْفَضْلِ,7,2:105,6,9
الْقَرْيَةِ,7,4:75,6,11
الْقَوْلَ,7,13:10,7,9
الْقُرُونِ,7,11:116,6,10
الْكَبِيرُ,7,13:9,7,10
الْمَاءَ,7,7:57,7,8
الْمُبِينِ,7,12:1,7,10
الْمُرْسَلُونَ,7,15:57,4,14
الْمُسْرِفِينَ,7,6:141,7,14
الْمُنَافِقُونَ,7,8:49,5,15
الْوَعْدُ,7,10:48,6,9
الْيَمِّ,7,7:136,4,8
اهْتَدَى,7,10:108,6,8
بُكْرَةً,7,19:11,6,8
بِالَّتِي,7,6:152,7,9
بِالْهُدَى,7,2:16,5,10
بِذُنُوبِهِمْ,7,3:11,6,13
بِرَحْمَةٍ,7,7:49,4,10
بِلِقَاءِ,7,6:31,6,9
بِمُعْجِزِينَ,7,6:134,7,13
تَأْتِيهِمْ,7,6:4,6,11
تَجِدُوا,7,2:283,6,8
تَعَالَوْا,7,3:61,5,10
تَعْبُدُوا,7,11:2,6,10
تَقْتُلُوا,7,4:29,5,10
تَكُ,7,4:40,6,4
تَوَكَّلْتُ,7,9:129,6,11
تُشْرِكُونَ,7,6:19,3,11
ثَمُودُ,7,11:95,6,7
جَاءَتْهُمُ,7,2:213,6,11
جَاءَهُ,7,2:275,7,7
جَعَلْنَاهُ,7,6:9,7,11
حم,7,40:1,7,2
حَمِيمٍ,7,6:70,7,7
حِسَابٍ,7,2:212,6,7
خَلَوْا,7,2:14,5,7
خَلْفَهُمْ,7,2:255,7,10
خَلْقًا,7,17:49,5,7
خَلْقٍ,7,13:5,7,6
خِفْتُمْ,7,2:229,3,8
ذُكِّرُوا,7,5:13,6,9
رَجُلًا,7,6:9,7,7
رَزَقْنَاكُمْ,7,2:57,5,13
رُسُلٌ,7,3:183,5,6
رُسُلُنَا,7,5:32,5,9
سَأَلْتَهُمْ,7,9:65,5,12
سَبَقَتْ,7,10:19,7,8
سَبِيلَ,7,7:142,4,7
سَعِيرًا,7,4:10,6,8
سَلَامًا,7,11:69,6,8
سَوْفَ,7,4:56,5,6
سَيِّئَاتِهِمْ,7,3:195,7,14
سُلَيْمَانَ,7,2:102,4,11
سُوءَ,7,2:49,6,5
سُورَةٌ,7,9:64,3,7
سِتَّةِ,7,7:54,7,7
شَدِيدٍ,7,11:80,7,7
شُرَكَاءَ,7,6:100,6,9
شُعَيْبًا,7,7:85,3,9
صَفًّا,7,18:48,6,6
صِدْقٍ,7,10:2,5,6
ظَالِمُونَ,7,2:51,6,10
ظُلْمًا,7,3:108,6,7
عَالِمُ,7,6:73,7,7
عَزِيزًا,7,4:56,3,8
عِنْدَنَا,7,3:156,5,9
عِنْدِنَا,7,10:76,7,9
عِوَجًا,7,3:99,6,7
غَنِيٌّ,7,2:263,6,7
فَأَخَذَهُمُ,7,3:11,6,12
فَأَرْسَلْنَا,7,7:133,6,13
فَإِمَّا,7,2:38,7,8
فَاذْكُرُوا,7,2:198,4,11
فَاسِقُونَ,7,5:59,3,10
فَبِئْسَ,7,3:187,6,8
فَعَلَ,7,7:155,5,6
فَقَدِ,7,2:137,5,6
فَكُلُوا,7,2:58,6,8
فَلَيْسَ,7,2:249,6,8
فَيُنَبِّئُكُمْ,7,5:48,5,15
قَوْلَ,7,3:181,7,6
كَثِيرٍ,7,4:114,6,7
كِتَابِ,7,3:23,7,7
لَدَيْهِمْ,7,3:44,6,10
لَدُنْكَ,7,3:8,5,8
لَكُمَا,7,7:21,4,7
لِقَاءَ,7,6:130,7,7
لِيَجْزِيَ,7,10:4,7,10
مَاءٍ,7,2:164,7,5
مَالًا,7,11:29,6,6
مَتَاعًا,7,2:236,6,8
مَتَاعٌ,7,2:241,7,7
مَسَّ,7,3:140,6,5
مُؤْمِنًا,7,4:92,4,9
مُتَّكِئِينَ,7,18:31,6,12
مُخْلِصِينَ,7,7:29,6,11
مُرِيبٍ,7,11:62,6,7
مِثْلِهِ,7,2:23,7,8
مِنْهُنَّ,7,2:260,5,9
نَادَى,7,19:3,5,6
نَاصِرِينَ,7,3:22,5,10
نَبِيٍّ,7,3:146,6,7
نَسُوا,7,6:44,6,6
نَفْسَهُ,7,2:130,4,8
نَقُولُ,7,6:22,7,7
نُؤْمِنَ,7,2:55,6,8
نُوحًا,7,7:59,7,6
نِعْمَةَ,7,2:211,6,8
هُنَّ,7,2:187,6,5
وَآتَيْنَا,7,2:87,3,10
وَأَبْقَى,7,20:71,4,9
وَأَعَدَّ,7,4:93,4,9
وَأَعْتَدْنَا,7,4:37,4,13
وَاسِعٌ,7,2:115,4,7
وَاصْبِرْ,7,10:109,7,9
وَاللَّيْلِ,7,74:33,7,11
وَالْمُؤْمِنُونَ,7,2:285,5,16
وَالْيَتَامَى,7,2:83,4,13
وَتَرَكْنَا,7,12:17,4,11
وَتَعَالَى,7,6:100,7,10
وَتَوَكَّلْ,7,4:81,6,11
وَتَوَلَّى,7,12:84,7,10
وَحَاقَ,7,11:8,6,7
وَذِكْرَى,7,7:2,7,9
وَرَاءَ,7,2:101,7,7
وَرَحْمَتُهُ,7,2:64,3,12
وَظَنُّوا,7,7:171,7,9
وَعِيسَى,7,2:136,7,8
وَعْدًا,7,9:111,7,7
وَعْدُ,7,13:31,3,6
وَيَغْفِرْ,7,3:31,6,10
يَأْتِيهِمْ,7,6:5,7,11
يَأْكُلُونَ,7,2:174,4,11
يَتَذَكَّرُ,7,13:19,7,11
يَتَذَكَّرُونَ,7,2:221,5,14
يَتَسَاءَلُونَ,7,23:101,6,14
يَتْلُو,7,2:129,6,7
يَجِدْ,7,2:196,5,6
يَجْحَدُونَ,7,6:33,6,11
يَسِيرًا,7,4:30,4,8
يَسِيرٌ,7,12:65,7,7
يَسِيرُوا,7,12:109,6,9
يَسْتَكْبِرُونَ,7,5:82,7,15
يَصِفُونَ,7,6:100,5,9
يَعْمَلْ,7,4:110,4,8
يَعْمَهُونَ,7,2:15,7,11
يَفْعَلْ,7,2:231,6,8
يُتْلَى,7,4:127,7,7
يُعِيدُهُ,7,10:4,4,9
يُوسُفُ,7,12:4,2,7
آثَارِهِمْ,6,5:46,5,10
آمِنًا,6,2:126,6,6
أَتَاكَ,6,20:9,6,7
أَتَى,6,16:1,5,5
أَجَلُهُمْ,6,7:34,4,10
أَجْرَهُمْ,6,16:96,4,10
أَجْرُهُمْ,6,2:62,3,10
أَرَأَيْتَ,6,18:63,4,10
أَضَلُّ,6,7:179,5,7
أَعُوذُ,6,2:67,6,7
أَعْتَدْنَا,6,4:18,5,11
أَفَأَنْتَ,6,10:42,4,10
أَكْثَرُ,6,12:103,6,8
أَلْقَى,6,4:94,5,7
أَنْبَاءِ,6,3:44,4,9
أَنْدَادًا,6,2:22,5,10
أَهْدَى,6,4:51,6,7
أَهْلَهَا,6,7:94,4,9
أَيَّانَ,6,7:187,6,8
أَيُّهُمْ,6,3:44,6,9
أَيْدِيكُمْ,6,3:182,5,11
أُجُورَهُنَّ,6,4:24,5,12
أُمَمٍ,6,6:42,6,6
إِحْسَانًا,6,2:83,5,10
إِسْحَاقَ,6,6:84,6,9
إِلَيْكُمُ,6,4:90,3,10
إِنَّنِي,6,6:161,5,8
ابْنِ,6,5:46,5,5
اتَّبِعُوا,6,2:170,5,10
اجْعَلْ,6,2:126,5,7
ادْعُ,6,2:68,4,5
اسْجُدُوا,6,2:34,6,9
التَّقْوَى,6,2:197,6,10
التَّوَّابُ,6,2:37,2,11
الذِّكْرَ,6,15:9,6,9
الذِّكْرَى,6,6:68,6,10
الرَّاحِمِينَ,6,7:151,4,13
الرَّحِيمِ,6,1:1,5,10
الرُّسُلِ,6,4:165,5,9
السَّبِيلَ,6,4:44,6,10
السَّوْءِ,6,9:98,4,9
السُّجُودِ,6,2:125,5,10
الشَّاهِدِينَ,6,3:53,4,13
الشِّمَالِ,6,18:17,4,10
الصَّيْحَةُ,6,11:67,4,11
الضَّالِّينَ,6,1:7,5,12
الطَّيْرِ,6,2:260,6,9
الم,6,2:1,6,3
النَّفْسَ,6,5:45,6,9
الْأَوَّلُونَ,6,9:100,6,13
الْأُنْثَيَيْنِ,6,4:11,2,15
الْإِثْمِ,6,5:2,5,9
الْجَاهِلِينَ,6,2:67,6,13
الْجَنَّةُ,6,7:43,6,10
الْجِبَالَ,6,7:74,6,10
الْحَدِيثِ,6,18:6,6,10
الْحَرَامَ,6,5:2,3,10
الْحَمِيدُ,6,22:64,6,10
الْحُكْمُ,6,6:57,3,9
الْخَبِيرُ,6,6:18,4,10
الْخَيْرِ,6,3:104,6,9
الْعِجْلَ,6,2:51,3,9
الْعِلْمُ,6,3:19,6,9
الْغَيْبَ,6,6:50,6,9
الْكَيْلَ,6,6:152,5,9
الْكُبْرَى,6,20:23,5,10
الْكُفْرَ,6,2:108,5,9
الْمَاءِ,6,7:50,5,8
الْمَلِكُ,6,12:43,4,9
الْمُتَّقُونَ,6,2:177,6,13
الْمُكَذِّبِينَ,6,3:137,6,15
الْيَهُودُ,6,2:113,3,10
بَأْسُنَا,6,6:43,3,9
بَعِيدًا,6,3:30,3,8
بَعْضَكُمْ,6,4:32,5,10
بَعْضُ,6,6:158,5,6
بَغْيًا,6,2:90,5,7
بُنَيَّ,6,11:42,4,7
بِأَفْوَاهِهِمْ,6,3:167,4,15
بِاللَّيْلِ,6,2:274,6,11
بِالَّذِينَ,6,3:170,6,11
بِالْعَدْلِ,6,2:282,4,11
بِالْعَذَابِ,6,22:47,4,12
بِالْمُؤْمِنِينَ,6,5:43,5,16
بِخَيْرٍ,6,2:106,6,8
بِشَيْءٍ,6,2:155,5,8
بِعِبَادِهِ,6,17:30,3,11
بِقُوَّةٍ,6,2:63,4,9
بِكُمُ,6,2:50,3,6
بِمَعْرُوفٍ,6,2:229,2,11
بِمُؤْمِنِينَ,6,2:8,6,13
تَبَارَكَ,6,7:54,4,9
تَتَّبِعْ,6,5:48,5,9
تَجِدُ,6,3:30,4,6
تَخْتَلِفُونَ,6,3:55,6,13
تَدْخُلُوا,6,2:214,5,10
تَسْتَعْجِلُونَ,6,6:57,4,15
تَفْعَلُونَ,6,16:91,5,11
تَقُولَ,6,20:94,3,7
تَقُولُونَ,6,2:80,5,10
تَهْتَدُونَ,6,2:53,5,11
تُحِبُّونَ,6,3:31,4,10
تُرَابٍ,6,3:59,6,7
تُرْجَعُ,6,2:210,6,8
ثَمُودَ,6,7:73,5,7
جَاءَنَا,6,5:19,5,8
جَاءُوا,6,3:184,5,7
جَدِيدٍ,6,13:5,6,7
جَعَلَكُمْ,6,6:165,4,10
حَبِطَتْ,6,2:217,5,8
حَرَّمْنَا,6,4:160,3,10
حَقٍّ,6,3:21,4,5
حُدُودَ,6,2:229,3,7
حُدُودُ,6,2:187,4,7
دِينَهُمْ,6,4:146,4,9
ذَاتَ,6,8:1,4,5
ذَرَّةٍ,6,4:40,4,7
ذَهَبَ,6,2:17,5,6
ذُكِرَ,6,6:118,4,6
ذِكْرَى,6,6:69,5,7
رَءُوفٌ,6,2:207,5,7
رَأَوْا,6,19:75,5,7
رَبِّهَا,6,14:25,6,8
رَسُولَ,6,4:157,5,7
رَقَبَةٍ,6,4:92,4,8
رُسُلَنَا,6,10:21,4,9
رِجَالٌ,6,7:46,6,7
زَعَمْتُمْ,6,6:94,5,10
زَوْجٍ,6,4:20,5,6
سَاعَةً,6,7:34,5,7
سَبِيلٍ,6,4:43,4,7
سَمِعُوا,6,5:83,6,8
سَيِّئَةٌ,6,3:120,5,9
سُوءًا,6,4:110,5,6
سِرًّا,6,2:235,5,6
شَرٌّ,6,2:216,6,5
شُرَكَاءُ,6,4:12,5,9
صِرَاطٌ,6,3:51,5,7
ضَرَبَ,6,14:24,6,6
ضَلَالًا,6,4:60,3,8
طَغَى,6,20:24,4,5
طَيِّبًا,6,2:168,5,8
طَيِّبَاتِ,6,2:57,4,10
طَيِّبَةً,6,3:38,6,9
ظَنَّ,6,3:154,5,5
عَبْدًا,6,4:172,6,7
عَفَا,6,3:152,4,5
عَلِمْنَا,6,12:51,4,9
عَلِيمٍ,6,7:112,6,7
عَنِّي,6,2:186,5,6
عَيْنًا,6,2:60,5,7
عِبَادَ,6,37:40,2,7
عِنْدِي,6,6:50,4,7
غَافِلُونَ,6,6:131,6,10
فَأَخْرَجْنَا,6,6:99,5,13
فَأَنْجَيْنَاهُ,6,7:64,4,15
فَإِنِّي,6,2:186,6,8
فَاسِقِينَ,6,9:53,6,10
فَاعِلِينَ,6,12:10,3,10
فَاعْلَمُوا,6,2:209,5,11
فَاغْفِرْ,6,3:16,5,9
فَاللَّهُ,6,2:113,5,9
فَبِمَا,6,3:159,6,7
فَتَكُونَ,6,5:29,6,9
فَذَرْهُمْ,6,6:112,5,10
فَسَبِّحْ,6,15:98,5,9
فَقُلْنَا,6,2:60,4,9
فَلَهُمْ,6,2:62,5,8
فَلِلَّهِ,6,6:149,6,9
فَوْقَهُمْ,6,2:212,5,10
فَوْقِهِمْ,6,5:66,5,10
فَيَنْظُرُوا,6,12:109,5,12
قَدِيرًا,6,4:133,5,8
قَرِيبٍ,6,4:17,5,7
قَرْضًا,6,2:245,5,7
قُتِلَ,6,3:144,6,6
قُضِيَ,6,10:47,6,6
قُوَّةٍ,6,8:60,6,7
كَفَرْتُمْ,6,9:66,6,10
كَلِمَةٌ,6,10:19,6,8
كَيْدًا,6,12:5,5,7
لَدُنَّا,6,4:67,6,8
لَعَلِّي,6,12:46,5,8
لَكَانَ,6,3:110,5,7
لَكِنِ,6,3:198,5,6
لَمَا,6,2:74,3,5
لِأَنْفُسِكُمْ,6,2:110,5,14
لِلْإِنْسَانِ,6,12:5,5,13
لِلْحَقِّ,6,10:35,5,9
لِمَنِ,6,2:203,6,6
مَتَاعُ,6,3:14,5,7
مَسَّهُ,6,10:12,4,7
مَعَنَا,6,9:40,5,7
مَعْرُوفًا,6,2:235,4,10
مَفْعُولًا,6,4:47,5,10
مَلَكٌ,6,6:8,4,6
مَوَازِينُهُ,6,7:8,3,12
مُؤْمِنُونَ,6,5:88,6,11
مُحِيطٌ,6,2:19,6,7
مُدَّكِرٍ,6,54:15,1,9
مُدْبِرِينَ,6,9:25,6,11
مُسْتَقِيمًا,6,4:68,3,12
مُسْتَقِيمٌ,6,3:51,5,11
مُصِيبَةٌ,6,2:156,5,9
مِثْقَالَ,6,4:40,5,9
مِثْلُكُمْ,6,14:11,5,10
مِنْكَ,6,5:114,5,6
نَذِيرٍ,6,5:19,5,7
نَرَى,6,2:55,5,5
نَزَّلْنَا,6,2:23,5,10
نُزُلًا,6,3:198,5,7
نُزِّلَ,6,6:37,6,7
نُوحٌ,6,11:42,4,5
هَدَى,6,2:143,5,5
هَوَاهُ,6,7:176,6,7
هُودًا,6,2:111,3,6
وَأَصْلَحَ,6,5:39,5,10
وَأَطَعْنَا,6,2:285,5,11
وَأُمِرْتُ,6,10:72,5,10
وَإِنَّكَ,6,2:252,6,9
وَاحِدٍ,6,2:61,5,7
وَاحِدَةٍ,6,4:1,6,9
وَاشْرَبُوا,6,2:60,5,11
وَالْكِتَابِ,6,2:177,5,12
وَالْمَسَاكِينِ,6,2:83,5,15
وَالْمِيزَانَ,6,6:152,5,13
وَبَنِينَ,6,17:6,6,9
وَبَيْنَهُمْ,6,4:90,4,12
وَبِمَا,6,3:79,5,7
وَجَاهَدُوا,6,2:218,4,11
وَجْهَكَ,6,2:144,3,8
وَجْهَهُ,6,2:112,6,8
وَحْدَهُ,6,7:70,5,8
وَسَبِّحْ,6,3:41,6,9
وَقُلْنَا,6,2:35,4,9
وَكَأَيِّنْ,6,3:146,6,11
وَكَثِيرٌ,6,5:66,3,9
وَلُوطًا,6,6:86,5,8
وَلِيَعْلَمَ,6,3:140,4,12
وَمَلَئِهِ,6,7:103,6,10
وَمَنِ,6,3:20,6,6
وَمِنْكُمْ,6,3:152,5,10
وَنَادَى,6,7:44,3,8
وَنُذُرِ,6,54:16,1,8
وَيَسْأَلُونَكَ,6,2:219,4,15
وَيْلَنَا,6,21:14,4,9
وُجُوهٌ,6,3:106,4,7
وُجُوهَكُمْ,6,2:144,4,11
وُجُوهُهُمْ,6,3:106,5,11
يَأْتِكُمْ,6,2:214,6,10
يَبْتَغُونَ,6,5:2,6,11
يَبْدَأُ,6,10:4,3,8
يَجْعَلْ,6,6:125,5,8
يَخْرُجُوا,6,5:22,4,10
يَخْشَوْنَ,6,4:77,6,10
يَخْشَى,6,20:3,5,7
يَدَيْ,6,7:57,5,6
يَدْخُلُونَ,6,4:124,6,11
يَذَّكَّرُونَ,6,6:126,5,13
يَسْتَمِعُونَ,6,10:42,5,13
يَسْعَى,6,28:20,6,7
يَضِلُّ,6,6:117,5,7
يَغْفِرَ,6,9:80,5,8
يَكَادُ,6,2:20,5,7
يَمْشِي,6,6:122,3,7
يَمْكُرُونَ,6,6:123,5,11
يَنْبَغِي,6,19:92,5,9
يُؤْفَكُونَ,6,5:75,6,11
يُؤْمِنْ,6,20:127,5,8
يُرَدُّ,6,6:147,6,7
يُرْجَعُونَ,6,3:83,6,11
يُسَارِعُونَ,6,3:176,4,12
يُسَبِّحُ,6,17:44,5,9
يُسْرًا,6,18:88,4,7
يُطِعِ,6,4:13,4,6
يُعْلِنُونَ,6,2:77,6,11
يُنْظَرُونَ,6,2:162,6,11
آبَاؤُكُمْ,5,4:11,4,10
آتَاكُمْ,5,5:48,5,8
آتَاهُمُ,5,3:170,3,8
آتَيْنَاهُ,5,7:175,5,10
آلِهَتِنَا,5,11:53,4,10
أَإِلَهٌ,5,27:60,1,8
أَبْصَارُهُمْ,5,7:47,5,13
أَبْوَابَ,5,6:44,5,9
أَتَاهُمْ,5,6:34,4,9
أَتَّبِعُ,5,6:50,4,9
أَثِيمٍ,5,2:276,5,7
أَجِئْتَنَا,5,7:70,5,11
أَحْسَنُوا,5,3:172,5,10
أَذِنَ,5,10:59,5,6
أَرَى,5,8:48,5,5
أَرْسَلَ,5,9:33,5,8
أَسْلَمَ,5,2:112,5,8
أَشُدَّهُ,5,6:152,5,9
أَصَابَ,5,11:89,5,7
أَطِيعُوا,5,3:32,5,9
أَعْبُدَ,5,6:56,5,8
أَعْرَضَ,5,17:83,4,8
أَعْمَى,5,13:19,3,7
أَقُلْ,5,2:33,4,6
أَمْرَهُمْ,5,12:102,5,10
أَمْرِنَا,5,3:147,4,9
أَمْلِكُ,5,5:25,5,8
أَمْوَالُهُمْ,5,3:10,3,13
أَمْوَالِهِمْ,5,4:34,5,13
أَنْشَأَكُمْ,5,6:98,4,12
أَنْعَمَ,5,4:69,4,8
أُحِلَّ,5,2:187,2,7
أُمَّهَاتِكُمْ,5,16:78,5,14
أُمِرْتُ,5,6:14,4,8
أُنْزِلَتْ,5,9:86,3,10
أُوتِيتُمْ,5,3:73,5,10
إِحْدَاهُمَا,5,2:282,3,12
إِلَهُكُمْ,5,16:22,5,10
إِنَاثًا,5,4:117,5,8
إِنَّنَا,5,3:16,4,8
ائْتُونِي,5,10:79,3,9
اتَّبَعُوا,5,2:166,2,10
اتَّقَى,5,2:189,4,7
اذْهَبْ,5,17:63,4,7
اسْتَطَعْتُمْ,5,8:60,5,13
اسْتُضْعِفُوا,5,7:75,3,13
اسْمُ,5,6:118,3,5
اسْمُهُ,5,2:114,5,7
التَّوْرَاةَ,5,3:3,3,12
الذِّكْرِ,5,16:43,4,9
الر,5,10:1,5,3
الرَّازِقِينَ,5,5:114,5,13
الرُّسُلَ,5,5:109,5,9
الرِّيحَ,5,21:81,5,8
السَّاجِدِينَ,5,7:11,3,13
السُّوءَ,5,4:17,4,8
الشَّمْسِ,5,17:78,4,9
الشَّيَاطِينَ,5,2:102,4,13
الصَّدَقَاتِ,5,2:271,2,12
الضُّرُّ,5,10:12,5,8
الطَّعَامَ,5,5:75,4,10
اللَّهُمَّ,5,3:26,5,10
النَّبِيَّ,5,7:157,4,10
الْآخَرِينَ,5,26:64,2,11
الْآخِرَةُ,5,2:94,5,10
الْآنَ,5,2:71,5,6
الْأَبْصَارُ,5,6:103,5,12
الْأَدْبَارَ,5,3:111,5,12
الْأَرَائِكِ,5,18:31,4,12
الْأَرْحَامِ,5,3:6,5,12
الْأُخْرَى,5,2:282,4,10
الْأُمُورِ,5,3:186,4,10
الْبَابَ,5,2:58,5,8
الْبَاطِلُ,5,17:81,5,10
الْبِلَادِ,5,3:196,4,10
الْحَاكِمِينَ,5,7:87,5,13
الْحَرِيقِ,5,3:181,4,10
الْحَيِّ,5,3:27,5,8
الْخَبِيثَ,5,2:267,4,10
الْخُلْدِ,5,10:52,5,9
الْعَلِيُّ,5,2:255,5,10
الْغَالِبُونَ,5,5:56,5,13
الْفَجْرِ,5,2:187,4,9
الْقَوْمُ,5,6:47,4,9
الْقُلُوبُ,5,13:28,5,10
الْقِتَالُ,5,2:216,3,10
الْكُفَّارَ,5,9:73,4,11
الْكُفَّارِ,5,9:123,4,11
الْكُفْرِ,5,3:176,3,9
الْمَيِّتِ,5,3:27,4,10
الْمُؤْمِنَاتِ,5,4:25,4,14
الْمُلْكِ,5,3:26,5,9
الْمُنْذَرِينَ,5,10:73,4,14
الْمِهَادُ,5,2:206,4,10
الْيَتَامَى,5,2:220,2,11
امْرِئٍ,5,24:11,5,7
بَارَكْنَا,5,7:137,4,10
بَعَثْنَا,5,7:103,4,9
بُيُوتِكُمْ,5,3:49,3,11
بِأَنْفُسِهِمْ,5,6:123,5,14
بِئْسَ,5,11:99,4,6
بِالسَّيِّئَةِ,5,6:160,4,14
بِالظَّالِمِينَ,5,2:95,4,15
بِالْإِثْمِ,5,2:85,2,11
بِالْإِيمَانِ,5,2:108,5,13
بِالْحَسَنَةِ,5,6:160,4,13
بِالْعِبَادِ,5,2:207,3,12
بِالْقَوْلِ,5,14:27,5,11
بِرَبِّكَ,5,17:17,4,9
بِرَبِّكُمْ,5,3:193,5,11
بِسِيمَاهُمْ,5,2:273,4,12
بِظَلَّامٍ,5,3:182,5,10
بِقَدَرٍ,5,15:21,5,8
بِمِثْلِ,5,2:137,4,8
بِهِمُ,5,2:166,5,6
بِوَكِيلٍ,5,6:66,4,9
بِيَدِهِ,5,2:237,4,8
بِيَوْمِ,5,40:27,5,8
تَأْتِيَهُمُ,5,6:158,5,12
تَبْدِيلًا,5,33:23,4,10
تَجْعَلُوا,5,2:22,4,10
تَحْزَنْ,5,9:40,5,8
تَحْسَبَنَّ,5,3:169,3,11
تَزِرُ,5,6:164,5,6
تَصْبِرُوا,5,3:120,3,10
تَعْثَوْا,5,2:60,5,9
تَعْلَمُ,5,4:113,5,8
تَعْلَمُوا,5,4:43,5,10
تَقْرَبُوا,5,4:43,3,10
تَكْتُمُونَ,5,2:33,4,11
تَنْزِيلُ,5,32:2,5,9
تُؤْمِنُونَ,5,4:59,5,11
تُرِيدُونَ,5,2:108,5,10
تُسْأَلُونَ,5,2:134,4,11
تُصِبْهُمْ,5,4:78,4,10
تُطِيعُوا,5,3:100,4,9
تُوبُوا,5,11:3,2,7
جَاءُوكَ,5,4:62,4,8
جَاثِمِينَ,5,7:78,3,10
جَانٌّ,5,27:10,3,6
جَاهَدُوا,5,3:142,4,9
جَرَمَ,5,11:22,3,6
جَزَاؤُهُمْ,5,3:87,4,11
جَعَلَهُ,5,3:126,4,8
جَنَّاتٌ,5,3:15,4,8
جَهْدَ,5,5:53,5,6
جِئْتَ,5,2:71,4,6
حَبَّةٍ,5,2:261,4,7
حَدِيثًا,5,4:42,3,8
حَدِيثٍ,5,4:140,5,7
حَدِيثُ,5,20:9,5,7
حَضَرَ,5,2:133,3,6
حَفِيظٌ,5,11:57,5,7
حَقَّتْ,5,10:33,4,7
حَمِيدٌ,5,2:267,5,7
حَوْلَهُ,5,2:17,4,8
حَيًّا,5,19:15,2,6
حُسْنًا,5,2:83,5,7
حِجَارَةً,5,8:32,5,9
خَاسِرِينَ,5,3:149,4,10
خَافَ,5,2:182,5,5
خَرَجُوا,5,2:243,5,8
خَزَائِنُ,5,6:50,5,9
خَسِرَ,5,4:119,4,6
خَلْفِهِمْ,5,3:170,5,10
خَلْقِ,5,2:164,4,6
خُذُوا,5,2:63,3,6
خُطُوَاتِ,5,2:168,3,9
خِزْيٌ,5,2:85,3,6
دِينِ,5,3:83,5,5
دِينِكُمْ,5,2:217,4,9
ذَكَرٍ,5,3:195,5,6
ذَهَبٍ,5,18:31,4,6
ذِكْرِي,5,18:101,4,7
رَأَيْتَ,5,4:61,4,8
رَبَّ,5,5:28,5,5
رَبَّكُمُ,5,2:21,5,9
رَجُلٍ,5,7:63,4,6
رَحْمَةٍ,5,3:159,5,8
رَحْمَةِ,5,3:107,5,8
رَزَقَكُمُ,5,5:88,5,10
رَسُولِ,5,9:81,4,7
رَشَدًا,5,18:10,2,7
رَضِيَ,5,5:119,5,6
رِسَالَاتِ,5,7:62,3,10
زَكَرِيَّا,5,3:37,2,10
سَاجِدِينَ,5,7:120,5,10
سَخَّرَ,5,16:14,5,7
سَفَرٍ,5,2:184,3,6
سَلَفَ,5,2:275,4,6
سَمَاوَاتٍ,5,2:29,5,10
سَنَةٍ,5,2:96,5,6
سَوَاءً,5,3:113,5,7
سَوَاءِ,5,5:60,4,7
سَيِّئَاتُ,5,16:34,3,10
سَيِّئَاتِكُمْ,5,2:271,5,14
سِيرُوا,5,6:11,5,7
شَرِّ,5,113:2,2,5
شِئْتُمْ,5,2:58,4,8
شِئْنَا,5,7:176,5,7
صَدَقُوا,5,2:177,5,8
صَلَاتِهِمْ,5,6:92,4,11
صَيْحَةً,5,36:29,3,8
صُدُورِهِمْ,5,7:43,4,11
صِرَاطًا,5,4:68,3,8
صِرَاطِ,5,14:1,5,7
طُغْيَانِهِمْ,5,2:15,5,13
ظَنَنْتُمْ,5,41:22,4,10
ظُهُورِهِمْ,5,2:101,5,11
عَادٌ,5,11:59,5,5
عَالِمِ,5,9:94,4,7
عَمِلَتْ,5,3:30,4,8
عِلْمُ,5,13:43,5,6
عِنْدِكَ,5,4:78,4,8
غَفْلَةٍ,5,19:39,4,8
غُرُورًا,5,4:120,5,8
فَآمِنُوا,5,3:179,4,9
فَأَصْبَحَ,5,5:30,3,10
فَأَعْرِضْ,5,4:63,4,10
فَاحْكُمْ,5,5:42,2,9
فَاسْتَكْبَرُوا,5,7:133,5,15
فَاعْبُدُوهُ,5,3:51,5,12
فَانْظُرُوا,5,3:137,5,11
فَتَابَ,5,2:37,3,7
فَتَرَى,5,5:52,5,7
فَتَنَّا,5,6:53,5,8
فَرِيضَةً,5,2:236,3,9
فَسَجَدُوا,5,2:34,5,10
فَضْلِ,5,12:38,5,6
فَعَسَى,5,4:19,5,7
فَعَلُوهُ,5,4:66,4,9
فَكَانَتْ,5,18:79,4,9
فَكَانُوا,5,15:81,5,9
فَنِعْمَ,5,13:24,5,8
فَهِيَ,5,2:74,5,6
فِينَا,5,11:62,3,6
قَالَتِ,5,3:35,3,7
قَرْنٍ,5,6:6,4,6
قَوْمَهُ,5,7:155,5,8
قَوْمِي,5,7:142,5,7
قُتِلُوا,5,3:156,3,8
قُلُوبَهُمْ,5,5:13,4,11
قُلُوبُكُمْ,5,2:74,4,11
قُلُوبِهِمُ,5,2:93,5,11
كَأَنَّهُ,5,7:171,5,9
كَارِهُونَ,5,9:48,4,10
كَافَّةً,5,2:208,3,8
كَالَّذِي,5,2:259,4,9
كَبُرَ,5,6:35,5,6
كَفَى,5,13:43,4,5
كَلِمَتُ,5,6:115,4,8
كُلًّا,5,4:130,5,6
كِتَابَ,5,2:101,4,7
كِتَابَهُ,5,17:71,3,9
لَبِئْسَ,5,5:62,2,8
لَدَيْنَا,5,12:54,4,9
لَرَءُوفٌ,5,2:143,4,9
لَعَنَهُمُ,5,2:88,4,10
لَعِبْرَةً,5,3:13,5,10
لَمَبْعُوثُونَ,5,17:49,4,14
لَنَحْنُ,5,15:23,4,8
لَنَكُونَنَّ,5,6:63,3,12
لَيَقُولَنَّ,5,4:73,4,12
لَيْلًا,5,10:24,5,7
لِآدَمَ,5,2:34,5,7
لِبَنِي,5,3:93,4,7
لِتُنْذِرَ,5,7:2,5,10
لِلْعَبِيدِ,5,3:182,5,11
لِيَغْفِرَ,5,4:137,4,10
لِيُضِلَّ,5,6:144,5,9
مَآبٍ,5,13:29,2,5
مَثْوًى,5,29:68,4,7
مَرَّتَيْنِ,5,9:101,4,11
مَرْيَمُ,5,3:37,2,8
مَعْلُومٍ,5,15:21,4,9
مَوْلَاكُمْ,5,3:150,5,11
مَيْتًا,5,6:122,5,7
مُحْضَرُونَ,5,30:16,3,11
مُشْفِقُونَ,5,21:28,4,11
مُصْبِحِينَ,5,15:66,3,11
مُعْرِضِينَ,5,6:4,5,11
مُفْسِدِينَ,5,2:60,5,11
مُقِيمٌ,5,5:37,4,7
مُهْتَدُونَ,5,6:82,4,11
مِتْنَا,5,23:82,4,7
مِرْيَةٍ,5,11:17,4,8
مِيثَاقَ,5,2:83,3,8
نَارٍ,5,7:12,4,5
نَارِ,5,9:35,4,5
نَصَارَى,5,2:111,2,8
نَعْلَمُ,5,3:167,5,8
نَقُصُّ,5,7:101,5,7
نُفَصِّلُ,5,6:55,4,9
نُهُوا,5,4:161,4,6
نِعْمَ,5,8:40,4,6
هَاجَرُوا,5,2:218,4,9
هَادٍ,5,13:7,3,5
هَدَانَا,5,6:71,3,8
هُدَى,5,2:120,4,5
وَأَجْرٌ,5,5:9,5,8
وَأَصْلَحُوا,5,2:160,5,12
وَأَمْطَرْنَا,5,7:84,5,13
وَأَنَّهُمْ,5,2:46,5,11
وَأَوْفُوا,5,2:40,4,10
وَابْنِ,5,2:215,5,7
وَاتَّبَعَ,5,4:125,5,10
وَاتَّخَذُوا,5,18:56,4,12
وَاتْلُ,5,5:27,5,7
وَاجْعَلْ,5,4:75,4,9
وَاحِدًا,5,2:133,5,8
وَاحِدَةٌ,5,37:19,5,9
وَازِرَةٌ,5,6:164,5,9
وَاسْتَغْفِرْ,5,3:159,5,13
وَاشْكُرُوا,5,2:152,4,11
وَالسَّمَاءِ,5,51:7,4,12
وَالشَّمْسَ,5,6:96,5,11
وَالنَّاسِ,5,2:161,5,10
وَالنَّصَارَى,5,2:62,3,13
وَالْأَبْصَارَ,5,10:31,5,14
وَالْإِنْجِيلَ,5,3:3,2,14
وَالْعُدْوَانِ,5,2:85,3,14
وَبُشْرَى,5,2:97,4,9
وَجَعَلْنَاهُمْ,5,10:73,5,15
وَحِينَ,5,2:177,4,7
وَخَلَقَ,5,4:1,5,8
وَرَاءِ,5,11:71,5,7
وَرَبُّ,5,23:86,5,7
وَرَبُّكُمْ,5,2:139,5,11
وَرَضُوا,5,5:119,5,8
وَرَفَعْنَا,5,2:63,4,11
وَرِزْقٌ,5,8:4,4,8
وَسَوْفَ,5,4:146,5,8
وَصَدُّوا,5,4:167,3,9
وَعِظَامًا,5,23:35,3,10
وَعِلْمًا,5,12:22,4,9
وَقَالَتْ,5,3:72,5,9
وَقَعَ,5,4:100,4,6
وَقَوْمِهِ,5,21:52,5,10
وَقُضِيَ,5,2:210,4,8
وَكَيْفَ,5,3:101,5,8
وَكُلٌّ,5,8:54,5,7
وَكُلُوا,5,2:187,4,8
وَكِيلٌ,5,6:102,5,7
وَلَعَذَابُ,5,13:34,5,11
وَلَقَدِ,5,2:130,5,8
وَلَيْسَ,5,2:189,5,8
وَلِلْكَافِرِينَ,5,2:90,3,16
وَمُوسَى,5,6:84,5,8
وَمِمَّنْ,5,7:181,4,9
وَيُؤْتُونَ,5,5:55,5,11
وَيُنَزِّلُ,5,8:11,5,11
وُجُوهِهِمْ,5,17:97,5,11
وُسْعَهَا,5,2:233,4,9
وِزْرَ,5,6:164,5,6
يَأْتُوا,5,5:108,3,8
يَأْتِيكُمْ,5,6:46,4,11
يَأْتِينَ,5,4:15,4,9
يَأْمُرُ,5,7:28,4,8
يَبْلُغَ,5,2:196,4,8
يَتَوَكَّلُونَ,5,8:2,4,14
يَتَّخِذَ,5,3:64,4,9
يَتُوبُ,5,4:17,4,7
يَتْلُونَ,5,2:113,5,9
يَجِدُوا,5,4:65,4,8
يَحْزُنْكَ,5,3:176,5,10
يَحْشُرُهُمْ,5,6:128,5,12
يَحْلِفُونَ,5,4:62,3,11
يَحْيَى,5,19:7,4,7
يَخَافُ,5,20:112,5,7
يَدَكَ,5,5:28,5,6
يَذْكُرُونَ,5,3:191,5,11
يَرَى,5,2:165,4,5
يَرْزُقُكُمْ,5,10:31,5,12
يَسْتَأْخِرُونَ,5,7:34,5,15
يَسْتَبْشِرُونَ,5,3:171,5,15
يَسْتَجِيبُوا,5,11:14,4,13
يَسْمَعُ,5,2:171,5,8
يَشَاءُونَ,5,16:31,5,10
يَشْتَهُونَ,5,16:57,5,11
يَصُدُّونَ,5,4:61,5,10
يَصْنَعُونَ,5,5:14,4,11
يَظُنُّونَ,5,2:46,3,10
يَعْدِلُونَ,5,6:1,3,11
يَعْقُوبَ,5,2:133,4,9
يَعْلَمُوا,5,9:63,2,10
يَغْشَى,5,3:154,4,7
يَفْسُقُونَ,5,2:59,4,11
يَقُومُ,5,2:275,5,7
يَكْتُبُونَ,5,2:79,5,11
يَكْتُمُونَ,5,2:159,4,11
يَلْعَبُونَ,5,6:91,5,11
يَمُوتُ,5,16:38,5,7
يَمْشُونَ,5,7:195,5,9
يَوَدُّ,5,2:96,4,7
يُؤْتِيهِ,5,3:73,4,9
يُجَادِلُ,5,4:109,4,9
يُجَادِلُونَ,5,13:13,3,12
يُحْيِيكُمْ,5,2:28,5,11
يُخَفَّفُ,5,2:86,4,9
يُخْرِجُ,5,6:95,5,8
يُدْخِلُ,5,22:14,4,8
يُرِدْ,5,3:145,4,6
يُسَبِّحُونَ,5,21:20,5,12
يُشْرِكْ,5,4:48,4,8
يُقَاتِلُوكُمْ,5,2:191,4,14
يُقَاتِلُونَ,5,4:76,4,12
يُكَذِّبُ,5,27:83,5,9
يُنَزِّلُ,5,16:2,3,9
يُنْفِقُ,5,2:264,4,8
آبَاؤُهُمْ,4,2:170,4,10
آتَيْتُمُوهُنَّ,4,2:229,4,15
آتِنَا,4,2:200,2,6
آتِيكُمْ,4,20:10,4,8
آلِهَةٌ,4,7:138,3,7
آمَنَتْ,4,6:158,3,7
آيَاتُهُ,4,8:2,3,8
أَئِمَّةً,4,21:73,3,9
أَئِنَّكُمْ,4,6:19,4,11
أَبِي,4,12:80,3,5
أَبِيكُمْ,4,12:9,2,9
أَبْنَاءَكُمْ,4,2:49,4,13
أَبْنَاءَهُمْ,4,2:146,4,13
أَجَلٌ,4,6:60,4,6
أَجَلَهُنَّ,4,2:231,2,11
أَحَاطَ,4,17:60,4,7
أَحَدَكُمُ,4,2:180,4,10
أَخَاهُ,4,12:69,3,7
أَخُوهُمْ,4,26:106,1,9
أَخِي,4,5:31,4,5
أَدْبَرَ,4,70:17,3,8
أَدْرِي,4,21:109,3,7
أَذَقْنَا,4,10:21,4,9
أَرَادُوا,4,2:228,4,9
أَرَاكُمْ,4,3:152,3,9
أَرَدْنَا,4,4:62,4,9
أَرْبَعِينَ,4,2:51,4,11
أَرْحَمُ,4,7:151,3,8
أَزْكَى,4,2:232,3,7
أَزْوَاجِكُمْ,4,16:72,4,13
أَسَاوِرَ,4,18:31,4,9
أَشْهُرٍ,4,2:226,3,8
أَصَابَكُمْ,4,3:153,3,11
أَضَلَّ,4,4:88,4,7
أَعْمَالَكُمْ,4,33:71,2,13
أَعْمَالُكُمْ,4,2:139,4,13
أَغَيْرَ,4,6:14,2,8
أَغْرَقْنَا,4,26:66,3,11
أَفَرَأَيْتَ,4,19:77,4,12
أَفَرَأَيْتُمْ,4,26:75,3,14
أَفَغَيْرَ,4,3:83,4,10
أَفْلَحَ,4,20:64,4,8
أَفْوَاهِهِمْ,4,3:118,4,13
أَكُنْ,4,4:72,4,6
أَلْفَ,4,2:96,4,6
أَلْقُوا,4,7:116,4,8
أَلْوَانُهُ,4,16:13,3,11
أَمِنْتُمْ,4,2:196,3,10
أَمْرَ,4,7:150,3,6
أَمْرِهِمْ,4,18:21,4,10
أَمْوَالُكُمْ,4,8:28,4,13
أَنَّهَا,4,6:109,4,8
أَنْعَمْتَ,4,1:7,4,10
أَنْفَقْتُمْ,4,2:215,3,12
أَنْفِقُوا,4,2:254,3,10
أَهَؤُلَاءِ,4,5:53,4,11
أَهْلَكْنَاهَا,4,7:4,3,14
أَهْلَكْنَاهُمْ,4,18:59,4,15
أَهْلَهُ,4,2:126,4,8
أَوَّابٌ,4,38:17,1,8
أَوْفُوا,4,5:1,4,8
أَوْلَادُهُمْ,4,3:10,3,13
أَيَحْسَبُ,4,75:3,2,10
أَيُّكُمْ,4,9:124,4,9
أَيْدِيَكُمْ,4,4:77,4,12
أَيْمَانَهُمْ,4,9:12,3,13
أَيْمَانُهُمْ,4,16:71,4,13
أَيْمَانِكُمْ,4,2:225,3,13
أُجُورَهُمْ,4,3:57,3,11
أُرْسِلَ,4,7:6,3,8
أُرْسِلْتُمْ,4,14:9,4,12
أُعِدَّتْ,4,2:24,3,9
أُهِلَّ,4,2:173,4,7
إِثْمَ,4,2:173,1,6
إِحْدَى,4,8:7,4,7
إِخْوَانِهِنَّ,4,24:31,2,14
إِفْكٌ,4,24:12,4,6
إِلَيْهَا,4,7:189,4,9
إِمَامًا,4,2:124,4,8
إِيمَانِكُمْ,4,2:109,3,12
ائْتِنَا,4,6:71,4,8
اتَّبَعَكَ,4,8:64,4,10
اثْنَتَيْنِ,4,4:11,2,11
اسْتَجَابُوا,4,3:172,4,12
اسْتَطَاعُوا,4,2:217,4,12
اسْتَقَامُوا,4,9:7,4,12
اشْتَرَوُا,4,2:16,2,10
اضْطُرَّ,4,2:173,4,8
اعْتَدَى,4,2:178,2,8
الرَّجْفَةُ,4,7:78,2,11
الرُّعْبَ,4,3:151,4,9
الرِّجْسَ,4,6:125,4,9
السَّبْتِ,4,2:65,3,9
السَّلَمَ,4,4:90,2,9
السُّفَهَاءُ,4,2:13,2,12
السِّجْنِ,4,12:39,1,9
السِّحْرَ,4,2:102,4,9
الشَّجَرَةِ,4,7:20,3,11
الشَّرُّ,4,17:83,3,8
الشَّمْسُ,4,36:40,4,9
الشَّيَاطِينُ,4,2:102,3,13
الشَّيَاطِينِ,4,17:27,4,13
الصُّمَّ,4,10:42,4,8
الطُّورِ,4,19:52,3,8
اللَّيْلُ,4,6:76,3,9
النَّجْوَى,4,20:62,3,10
النَّصَارَى,4,2:113,2,11
الْأَحْزَابُ,4,19:37,4,12
الْأَحْزَابِ,4,11:17,4,12
الْأَسْمَاءُ,4,7:180,4,12
الْأَلِيمَ,4,10:88,3,10
الْأَيْكَةِ,4,15:78,4,11
الْإِنْسَانِ,4,17:83,4,12
الْإِنْسِ,4,6:112,2,9
الْبَاطِلَ,4,8:8,4,10
الْبَحْرَيْنِ,4,18:60,4,13
الْبَصِيرُ,4,17:1,3,10
الْبَيِّنَاتِ,4,2:87,2,13
الْبَيْتَ,4,2:125,2,9
الْبِرَّ,4,2:177,2,8
الْجَاهِلِيَّةِ,4,3:154,4,15
الْجَمْعَانِ,4,3:155,3,12
الْجِنَّةِ,4,11:119,4,10
الْحَجِّ,4,2:196,2,8
الْحَمِيدِ,4,14:1,4,10
الْحَمِيمِ,4,40:72,3,10
الْحَيَّ,4,3:27,4,8
الْحِكْمَةَ,4,2:269,3,11
الْخَلْقِ,4,7:69,4,9
الْعَلِيمِ,4,6:96,4,10
الْعِزَّةَ,4,4:139,3,10
الْغَالِبِينَ,4,7:113,3,13
الْغُيُوبِ,4,5:109,3,10
الْفَائِزُونَ,4,9:20,4,13
الْفَاحِشَةَ,4,4:15,4,12
الْفَسَادَ,4,2:205,4,10
الْفَضْلُ,4,4:70,4,9
الْقَاعِدِينَ,4,4:95,2,13
الْقَتْلِ,4,2:191,3,9
الْقَهَّارُ,4,12:39,4,11
الْقُبُورِ,4,22:7,4,10
الْقُدُسِ,4,2:87,3,9
الْكَهْفِ,4,18:9,1,9
الْمَأْوَى,4,32:19,3,10
الْمَاءُ,4,2:74,4,8
الْمَشْرِقِ,4,2:177,3,11
الْمُبْطِلُونَ,4,7:173,4,14
الْمُحْصَنَاتِ,4,4:25,2,14
الْمُعْتَدِينَ,4,2:190,4,14
الْمُقَرَّبُونَ,4,4:172,3,15
الْمُقَرَّبِينَ,4,3:45,4,15
الْمُلْكَ,4,2:251,2,9
الْمُمْتَرِينَ,4,2:147,4,14
الْمِيعَادَ,4,3:9,3,11
الْهَوَى,4,4:135,4,8
الْوَاحِدُ,4,12:39,4,10
الْيَقِينِ,4,56:95,3,10
امْرَأَتَهُ,4,7:83,4,11
امْرَأَتُ,4,3:35,3,9
انْتِقَامٍ,4,3:4,4,10
اهْبِطُوا,4,2:36,2,9
اهْتَدَوْا,4,2:137,4,10
بَأْسَنَا,4,6:148,3,9
بَشِيرًا,4,2:119,4,8
بَعَثَ,4,2:247,4,6
بَعْدِهَا,4,7:153,2,9
بَعْدِي,4,2:133,4,7
بَعْضِ,4,5:49,4,6
بَلَاءٌ,4,2:49,4,7
بَيْضَاءَ,4,20:22,4,9
بَيْنِنَا,4,6:53,4,9
بُرْهَانَكُمْ,4,2:111,4,13
بُشْرَى,4,3:126,4,7
بُطُونِ,4,6:139,4,7
بُعْدًا,4,11:44,1,7
بُهْتَانًا,4,4:20,2,10
بِآيَاتِهِ,4,6:21,3,10
بِآيَاتِي,4,2:41,4,9
بِأَعْيُنِنَا,4,11:37,4,13
بِإِذْنِي,4,5:110,1,9
بِاسْمِ,4,56:74,3,7
بِالسُّوءِ,4,2:169,4,10
بِالصَّبْرِ,4,2:45,3,11
بِالْأَمْسِ,4,10:24,2,11
بِالْعَشِيِّ,4,3:41,3,12
بِالْكُفْرِ,4,3:80,4,11
بِالْكِتَابِ,4,3:78,3,12
بِالْمُهْتَدِينَ,4,6:117,4,16
بِبَعْضِ,4,2:85,4,8
بِجَهَالَةٍ,4,4:17,4,11
بِحَمْدِهِ,4,13:13,3,10
بِرَبِّي,4,18:38,3,8
بِسُوءٍ,4,7:73,3,7
بِضُرٍّ,4,6:17,4,7
بِظُلْمٍ,4,6:82,3,8
بِعَزِيزٍ,4,11:91,4,9
بِعَهْدِ,4,3:77,3,8
بِعِلْمِهِ,4,4:166,4,10
بِغَضَبٍ,4,2:61,3,8
بِغُلَامٍ,4,15:53,4,9
بِفَاحِشَةٍ,4,4:19,3,11
بِكُفْرِهِمْ,4,2:88,2,12
بِمَاءٍ,4,13:4,4,7
بِنَا,4,9:52,4,5
بِوَالِدَيْهِ,4,19:14,4,13
بِيَمِينِهِ,4,17:71,4,11
تَأْتِيَهُمْ,4,12:107,4,12
تَأْكُلُ,4,12:36,4,8
تَتَوَلَّوْا,4,11:52,4,12
تَتْلُو,4,2:102,4,7
تَجْعَلْ,4,17:22,2,8
تَجْهَلُونَ,4,7:138,4,11
تَحْتَ,4,20:6,4,6
تَحْكُمُونَ,4,10:35,3,11
تَحْمِلُ,4,13:8,4,8
تَخَافُونَ,4,4:34,4,10
تَخْرُجُ,4,18:5,4,8
تَدْرِي,4,31:34,3,7
تَدْعُ,4,10:106,4,6
تَدْعُوهُمْ,4,7:193,3,11
تَذْكِرَةٌ,4,73:19,4,10
تَزَكَّى,4,20:76,4,8
تَزْعُمُونَ,4,6:22,2,11
تَسْأَلُهُمْ,4,12:104,4,12
تَسْتَطِيعَ,4,18:41,1,11
تَشْعُرُونَ,4,2:154,4,11
تَصِفُونَ,4,12:18,2,9
تَعِدُنَا,4,7:70,3,9
تَعْدِلُوا,4,4:3,2,10
تَعْلَمْ,4,2:106,3,8
تَقُولُ,4,3:124,4,7
تَقْتُلُونَ,4,2:85,2,11
تَكْسِبُونَ,4,6:3,4,11
تَكْفُرُوا,4,4:131,3,10
تَنْزِيلًا,4,17:106,4,10
تَنْزِيلٌ,4,41:2,3,9
تَنْظُرُونَ,4,2:50,3,11
تَوَكَّلْنَا,4,7:89,4,12
تُؤْفَكُونَ,4,6:95,4,11
تُبْدُوا,4,2:271,3,8
تُطِعِ,4,25:52,3,6
تُطِعْ,4,6:116,4,6
تُظْلَمُونَ,4,2:272,3,11
تُغْنِيَ,4,3:10,3,8
تُفْسِدُوا,4,2:11,3,10
تُقَدِّمُوا,4,2:110,4,11
تِجَارَةً,4,2:282,4,9
ثَقُلَتْ,4,7:8,3,8
ثَوَابًا,4,3:195,3,8
ثَوَابَ,4,3:145,2,7
ثُبُورًا,4,25:13,2,8
جَاءَتْكُمْ,4,7:73,3,11
جَاءَكُمُ,4,4:170,4,9
جَسَدًا,4,7:148,4,7
جَمِيلًا,4,33:28,3,8
جَوَابَ,4,7:82,3,7
جُنْدٌ,4,36:75,4,6
جِئْتُكُمْ,4,3:49,3,10
جِئْنَا,4,4:41,4,7
حَاصِبًا,4,17:68,4,8
حَبًّا,4,6:99,4,6
حَسِيبًا,4,4:6,3,8
حَكِيمٍ,4,11:1,4,7
حَلَالًا,4,2:168,4,8
حَمِيمٌ,4,38:57,4,7
حِسَابًا,4,65:8,3,8
حِلٌّ,4,5:5,3,5
خَالِقُ,4,6:102,4,7
خَلَائِفَ,4,6:165,3,9
خَلَقَهُ,4,3:59,3,8
خَلَقُوا,4,13:16,4,8
خَلَقْنَاهُ,4,15:27,4,11
خَلْفِهِ,4,13:11,4,8
خَلْقَ,4,4:119,3,6
خَوْفًا,4,7:56,4,7
خَيْرَ,4,2:197,4,6
خُلِقَ,4,21:37,3,6
خِلَافٍ,4,5:33,4,7
دَارُ,4,6:127,4,5
دَارِهِمْ,4,7:78,3,9
دَرَجَاتٌ,4,3:163,4,9
دَعْوَاهُمْ,4,7:5,3,11
دَيْنٍ,4,4:11,1,6
دِينًا,4,3:85,4,6
دِينَكُمْ,4,3:73,3,9
دِيَارِكُمْ,4,2:84,3,11
ذُرِّيَّةً,4,3:34,3,10
ذُرِّيَّتِي,4,2:124,3,11
ذُنُوبَنَا,4,3:16,2,10
ذِلَّةٌ,4,10:26,3,7
رَآهُ,4,27:40,4,5
رَأَوُا,4,10:54,4,7
رَأَيْتَهُمْ,4,20:92,4,12
رَاجِعُونَ,4,2:46,3,10
رَبُّكُمُ,4,10:32,4,9
رَجُلَيْنِ,4,2:282,4,10
رَحِمَ,4,11:43,3,6
رَحْمَتِنَا,4,19:50,2,11
رَسُولَهُ,4,9:33,3,9
رَضُوا,4,9:58,1,6
رُسُلُ,4,6:124,3,6
رِجْسٌ,4,5:90,4,6
رِيحًا,4,30:51,4,6
زَوْجَيْنِ,4,11:40,4,10
زَيَّنَّا,4,6:108,4,9
سَاحِرٌ,4,38:4,3,7
سَبَبًا,4,18:84,1,7
سَبَقَ,4,8:68,4,6
سَحَابًا,4,7:57,4,8
سَمَّاعُونَ,4,5:41,2,11
سَمِيعًا,4,4:58,2,8
سَوَاءَ,4,2:108,4,7
سَوِيًّا,4,19:10,2,8
سَيَقُولُ,4,2:142,3,9
سَيَقُولُونَ,4,18:22,2,12
سُبُلًا,4,20:53,4,7
سُرُرٍ,4,15:47,4,6
سُلْطَانٌ,4,15:42,4,9
سُنَّةَ,4,17:77,3,7
شَرَابٌ,4,6:70,3,7
شَكُورٌ,4,35:30,3,7
شَكُورٍ,4,14:5,4,7
شَهِدَ,4,2:185,4,6
شَهِدْنَا,4,6:130,4,9
شَيْطَانٍ,4,15:17,4,9
شُرَكَائِيَ,4,16:27,3,11
شِقَاقٍ,4,2:137,3,7
شِيَعًا,4,6:65,3,7
صَبَّارٍ,4,14:5,4,8
صَعِيدًا,4,4:43,3,8
صَلْصَالٍ,4,15:26,2,9
صَنَعُوا,4,11:16,3,8
صُدُورُهُمْ,4,3:118,4,11
صُدُورِكُمْ,4,3:29,3,11
ضَعِيفًا,4,2:282,3,8
طَلَّقْتُمُ,4,2:231,2,11
طَوْعًا,4,3:83,4,7
طُغْيَانًا,4,5:64,3,10
ظَلَمَ,4,2:231,4,6
ظَهَرَ,4,6:151,4,6
ظَهِيرًا,4,17:88,3,8
ظُلُمَاتِ,4,6:59,2,9
عَابِدُونَ,4,2:138,3,10
عَاهَدُوا,4,2:100,2,9
عَاهَدْتُمْ,4,9:1,2,11
عَبْدِهِ,4,18:1,4,8
عَجَبًا,4,10:2,3,7
عَدْلٍ,4,5:95,3,6
عَرَضَ,4,4:94,4,6
عَشَرَ,4,5:12,4,6
عَلَّامُ,4,5:109,3,8
عَنْهُمَا,4,4:16,3,9
عَهْدًا,4,2:80,2,7
عُقْبَى,4,13:22,1,7
عِبَادِ,4,39:10,2,7
عِبَادِيَ,4,21:105,4,9
عِظَامًا,4,17:49,3,8
عِلْمُهَا,4,7:187,3,9
عِنْدَكَ,4,7:134,4,8
عِنْدَهُمْ,4,7:157,4,10
عِنْدِهِ,4,5:52,4,8
غَافِلِينَ,4,7:136,2,10
غَدًا,4,12:12,4,5
غَضَبٌ,4,7:152,4,6
غُلَامٌ,4,3:40,3,7
فَأَحْيَا,4,2:164,4,9
فَأَخَذْنَاهُمْ,4,6:42,3,15
فَأَرْسِلْ,4,7:105,4,10
فَأَنْبَتْنَا,4,27:60,4,13
فَأْتِ,4,2:258,3,6
فَاتَّقُونِ,4,2:41,4,11
فَاحِشَةً,4,3:135,4,9
فَاخْرُجْ,4,7:13,4,9
فَاسْتَجَبْنَا,4,21:76,1,14
فَاسْتَعِذْ,4,7:200,4,11
فَاكِهَةٌ,4,36:57,3,9
فَانْتَقَمْنَا,4,7:136,4,14
فَتَحْنَا,4,6:44,4,9
فَتَرَبَّصُوا,4,9:24,3,13
فَتَعَالَى,4,7:190,3,10
فَتَوَلَّى,4,7:79,3,10
فَتْحًا,4,26:118,2,7
فَحَقَّ,4,17:16,4,7
فَذَكِّرْ,4,50:45,4,9
فَرَضَ,4,2:197,4,6
فَسَاءَ,4,4:38,4,7
فَسَيَقُولُونَ,4,10:31,4,14
فَصِيَامُ,4,2:196,4,9
فَضَّلَ,4,4:32,2,7
فَضَّلْنَا,4,2:253,3,10
فَعَلَيْهِ,4,10:84,4,10
فَعَلُوا,4,3:135,3,8
فَلِمَ,4,2:91,3,6
فَلِنَفْسِهِ,4,6:104,4,12
فَيَوْمَئِذٍ,4,30:57,4,12
فِضَّةٍ,4,43:33,2,7
قَائِمًا,4,3:18,3,8
قَامُوا,4,2:20,3,7
قَبْلَكَ,4,17:77,4,8
قَتَلَ,4,4:92,2,6
قَرَارٍ,4,14:26,3,7
قَوِيٌّ,4,8:52,4,7
قَوْلُهُمْ,4,9:30,4,10
قَوْمَكَ,4,7:145,4,8
قَوْمَهُمْ,4,4:90,3,10
قَوْمُهُ,4,6:80,4,8
قُرْبَى,4,5:106,4,7
قُلُوبُنَا,4,2:88,4,10
قُلْتَ,4,5:116,4,6
قِيَامًا,4,3:191,3,8
كَادُوا,4,2:71,3,7
كَثِيرَةً,4,2:245,2,9
كَثِيرَةٌ,4,4:94,3,9
كَذَبُوا,4,6:24,4,8
كَذَّابٌ,4,38:4,3,8
كَرِيمًا,4,4:31,3,8
كَشَفْنَا,4,7:135,3,9
كَفُورًا,4,17:27,2,8
كَلِمَةُ,4,11:119,3,8
كَيْ,4,20:33,3,4
كُفَّارٌ,4,2:161,4,8
كُفْرًا,4,3:90,4,7
كُلَّهَا,4,2:31,4,8
كُلِّهِ,4,3:119,4,7
كِسَفًا,4,17:92,4,7
لَأَمْلَأَنَّ,4,7:18,4,13
لَبِثُوا,4,18:12,3,8
لَتَأْتُونَ,4,7:81,3,11
لَحْمًا,4,2:259,4,7
لَدَيَّ,4,27:10,2,7
لَسْتَ,4,4:94,4,6
لَصَادِقُونَ,4,6:146,4,12
لَطِيفٌ,4,12:100,4,7
لَمَنْ,4,3:199,4,6
لَيَقُولُونَ,4,37:151,3,12
لُوطًا,4,11:77,3,6
لِأَجَلٍ,4,11:104,4,8
لِبَشَرٍ,4,3:79,4,8
لِتَبْتَغُوا,4,17:12,3,12
لِتَسْكُنُوا,4,10:67,4,12
لِرَبِّ,4,2:131,4,7
لِرَبِّهِمْ,4,7:154,4,11
لِغَيْرِ,4,2:173,4,8
لِقَاءَنَا,4,10:7,2,10
لِكَيْلَا,4,3:153,4,9
لِلتَّقْوَى,4,2:237,4,11
لِلذِّكْرِ,4,54:17,1,10
لِلْمُشْرِكِينَ,4,9:7,2,15
لِنَفْسِي,4,7:188,4,9
لِيَ,4,14:22,4,4
لِيَبْلُوَكُمْ,4,5:48,4,14
لِيَحْكُمَ,4,2:213,3,10
لِيَوْمٍ,4,3:9,3,8
لِيَوْمِ,4,21:47,4,8
لِيُؤْمِنُوا,4,6:111,3,12
لِيُنْذِرَ,4,18:2,4,10
مَأْوَاهُمْ,4,3:197,3,11
مَثَلٍ,4,17:89,4,6
مَثْوَى,4,3:151,4,7
مَجْنُونٌ,4,44:14,3,9
مَحِيصٍ,4,14:21,4,7
مَرَّ,4,2:259,4,5
مَرْجِعُهُمْ,4,6:108,3,12
مَرْضَى,4,4:43,3,7
مَسَّنِيَ,4,7:188,4,9
مَسْئُولًا,4,17:34,3,10
مَعْلُومٌ,4,15:4,3,9
مَغْفِرَةٍ,4,3:133,4,10
مَكَانَ,4,4:20,4,7
مَكَانَتِكُمْ,4,6:135,3,13
مَكْرًا,4,10:21,3,7
مَلَائِكَةً,4,23:24,4,11
مَمْنُونٍ,4,41:8,4,9
مَنَافِعُ,4,22:33,4,9
مَنَّ,4,3:164,4,5
مَوْعِدًا,4,18:48,2,9
مُؤْمِنَةٍ,4,4:92,2,10
مُبَارَكًا,4,3:96,4,10
مُبَارَكٌ,4,6:92,3,9
مُبَشِّرِينَ,4,2:213,4,12
مُتَقَابِلِينَ,4,15:47,4,14
مُحْسِنٌ,4,2:112,4,8
مُخْتَلِفًا,4,6:141,4,11
مُشْرِكِينَ,4,6:23,4,11
مُصَدِّقٌ,4,2:89,3,9
مُنْذِرٌ,4,13:7,3,8
مُهِينًا,4,4:37,2,8
مِثْلُنَا,4,14:10,3,9
مِنْكُنَّ,4,33:29,2,9
مِيثَاقَكُمْ,4,2:63,2,12
مِيثَاقَهُمْ,4,4:155,3,12
نَادِمِينَ,4,5:52,4,10
نَارٌ,4,2:266,4,5
نَارُ,4,9:81,4,5
نَبَأَ,4,5:27,4,6
نَبَأُ,4,9:70,4,6
نَجَّيْنَا,4,11:58,2,10
نَخِيلٍ,4,2:266,4,7
نَذِيرًا,4,25:1,2,8
نَرَاكَ,4,11:27,2,7
نَزَلَ,4,17:105,4,6
نَعَمْ,4,7:44,3,6
نَعِدُهُمْ,4,10:46,4,10
نَعِيمٍ,4,56:89,4,7
نَفْسَكَ,4,4:84,3,8
نَفْسِكَ,4,4:79,4,8
نَكُنْ,4,4:141,4,6
نَكِيرِ,4,22:44,4,7
نُرِيدُ,4,5:113,4,7
نُرِيَنَّكَ,4,10:46,4,11
نُصَرِّفُ,4,6:46,2,9
نُفُورًا,4,17:41,3,8
نُوحُ,4,11:32,2,5
نُوحِي,4,12:109,3,6
نُودِيَ,4,20:11,4,7
نِسَائِكُمْ,4,2:187,3,11
نِعْمَةً,4,8:53,3,8
نِعْمَتَهُ,4,5:6,4,10
هَا,4,3:66,3,3
هَاتُوا,4,2:111,4,7
هَاهُنَا,4,3:154,4,8
هَبْ,4,3:38,4,4
هَدَاكُمْ,4,2:185,3,9
هَلَكَ,4,4:176,4,6
هَنِيئًا,4,4:4,4,8
وَآبَاؤُكُمْ,4,7:71,4,12
وَآتَوُا,4,2:277,3,8
وَآتَيْنَاهُمْ,4,4:54,4,14
وَآخَرُونَ,4,9:102,2,10
وَآمَنَ,4,19:60,4,7
وَآمَنُوا,4,5:93,3,9
وَأَحْسَنُ,4,4:59,4,10
وَأَخِيهِ,4,10:87,3,9
وَأَرْجُلَكُمْ,4,5:6,4,14
وَأَسَرُّوا,4,10:54,4,11
وَأَصِيلًا,4,25:5,4,10
وَأَغْرَقْنَا,4,2:50,4,13
وَأَقْسَمُوا,4,6:109,4,12
وَأَكْثَرُهُمْ,4,5:103,4,14
وَأَلْقَيْنَا,4,5:64,4,13
وَأَنْفَقُوا,4,4:39,4,12
وَأَنْفِقُوا,4,2:195,4,12
وَأُولُو,4,3:18,4,8
وَأْمُرْ,4,7:145,3,8
وَإِبْرَاهِيمَ,4,29:16,4,14
وَإِذًا,4,4:67,3,7
وَإِيَّاكُمْ,4,4:131,4,12
وَاتَّبِعْ,4,10:109,4,10
وَاتَّخَذَ,4,4:125,4,10
وَاتَّقَوْا,4,2:103,4,11
وَاتَّقُوهُ,4,6:72,4,11
وَادْعُوا,4,2:23,4,9
وَاسْتَكْبَرُوا,4,4:173,3,15
وَاسْمَعُوا,4,2:93,3,11
وَاغْفِرْ,4,2:286,4,9
وَالرَّسُولَ,4,3:32,3,12
وَالسَّمَاءَ,4,2:22,4,12
وَالصَّابِرِينَ,4,2:177,4,15
وَالضَّرَّاءِ,4,2:177,4,13
وَالْأَفْئِدَةَ,4,16:78,4,15
وَالْأَنْعَامِ,4,3:14,4,14
وَالْأُنْثَى,4,2:178,4,12
وَالْبَصِيرُ,4,6:50,4,12
وَالْقَمَرُ,4,22:18,4,11
وَالْقُرْآنِ,4,9:111,4,12
وَالْمَلَائِكَةِ,4,2:161,3,16
وَالْمُشْرِكِينَ,4,33:73,3,16
وَالْمُنَافِقِينَ,4,9:73,3,17
وَبَالَ,4,5:95,4,7
وَبَدَا,4,39:47,3,7
وَبَنَاتِ,4,33:50,1,9
وَبِالْوَالِدَيْنِ,4,2:83,4,18
وَتَوَاصَوْا,4,90:17,2,12
وَجَاهِدُوا,4,5:35,3,11
وَجَعَلَنِي,4,19:30,3,11
وَجَنَّاتٍ,4,6:99,4,10
وَجْهِ,4,2:272,4,6
وَذَرُوا,4,2:278,4,8
وَسَاءَتْ,4,4:97,3,9
وَسُلَيْمَانَ,4,4:163,4,13
وَسِعَ,4,2:255,4,6
وَصِيَّةٍ,4,4:11,1,9
وَضَرَبَ,4,16:76,3,8
وَطَمَعًا,4,7:56,4,9
وَعَادٌ,4,22:42,4,7
وَعَشِيًّا,4,19:11,3,10
وَعَلَانِيَةً,4,2:274,4,13
وَعْدَهُ,4,3:152,4,8
وَقَوْمُ,4,22:43,3,8
وَقُلِ,4,9:105,4,6
وَقْرًا,4,6:25,4,7
وَكَذَّبَ,4,6:66,4,9
وَكُفْرًا,4,5:64,3,9
وَكُلَّ,4,17:12,3,7
وَكُلُّ,4,13:8,2,7
وَلَبِئْسَ,4,2:102,3,10
وَلَكِنِّي,4,7:61,3,10
وَلَّوْا,4,17:46,4,8
وَلِتَبْتَغُوا,4,16:14,4,14
وَلِكُلٍّ,4,2:148,4,9
وَلِكُلِّ,4,7:34,4,9
وَلِلْمُؤْمِنِينَ,4,14:41,4,17
وَلِيٌّ,4,6:51,3,7
وَمَأْوَاهُمْ,4,9:73,3,13
وَمَاتُوا,4,2:161,3,9
وَمَغْفِرَةٌ,4,2:263,4,12
وَمُنْذِرِينَ,4,2:213,4,13
وَنَجَّيْنَاهُ,4,21:71,2,14
وَنُفِخَ,4,18:99,4,8
وَنِعْمَ,4,3:136,3,8
وَهَاجَرُوا,4,8:72,2,11
وَهَامَانَ,4,28:6,3,10
وَيَأْمُرُونَ,4,3:104,3,13
وَيَجْعَلْ,4,25:10,3,10
وَيَصُدُّونَ,4,8:47,4,12
وَيَعْبُدُونَ,4,10:18,4,13
وَيَقْتُلُونَ,4,2:61,2,13
وَيَنْهَوْنَ,4,3:104,2,12
وَيُعَذِّبُ,4,2:284,4,11
وَيُولِجُ,4,22:61,4,9
يَأْتُوكَ,4,5:41,4,9
يَأْتُونَ,4,9:54,4,9
يَأْتِيهِ,4,11:39,3,9
يَأْتِيَهُمْ,4,7:97,3,12
يَأْكُلُ,4,10:24,3,8
يَأْمُرُكُمْ,4,2:67,2,12
يَبْعَثَ,4,6:65,4,8
يَبْغُونَ,4,3:83,4,9
يَتَوَفَّاكُمْ,4,6:60,4,14
يَتَوَلَّ,4,5:56,4,9
يَتَّقِ,4,12:90,2,7
يَتُوبَ,4,3:128,4,7
يَجْرِي,4,13:2,4,7
يَجْعَلَ,4,3:176,3,8
يَجْعَلُ,4,6:124,3,8
يَحِلُّ,4,2:228,3,7
يَحْسَبُونَ,4,18:104,4,11
يَحْكُمُونَ,4,6:136,4,11
يَخُوضُوا,4,4:140,4,9
يَخْتَصِمُونَ,4,3:44,4,13
يَخْفَى,4,3:5,4,7
يَدْعُوكُمْ,4,3:153,4,11
يَرْجُو,4,18:110,4,7
يَرْزُقُ,4,2:212,4,8
يَرْضَى,4,4:108,4,7
يَزِيدُ,4,17:82,2,7
يَسَّرْنَا,4,54:17,1,10
يَسْجُدُونَ,4,3:113,4,11
يَشْتَرُونَ,4,3:77,2,11
يَشْهَدُ,4,4:166,4,8
يَشْهَدُونَ,4,4:166,4,11
يَصْلَوْنَهَا,4,14:29,4,13
يَعْرِفُونَ,4,2:146,4,11
يَغْلِبُوا,4,8:65,1,10
يَقُولَ,4,2:214,4,7
يَقْضِي,4,10:93,4,7
يَكُنِ,4,4:38,2,6
يَنْطِقُونَ,4,21:63,3,11
يَنْظُرُ,4,3:77,4,8
يَنْفَعُهُمْ,4,2:102,4,12
يَنْقُضُونَ,4,2:27,3,11
يَهْدُونَ,4,7:159,3,9
يَوْمِكُمْ,4,6:130,4,10
يُؤْذُونَ,4,9:61,2,9
يُحِبُّونَ,4,9:108,4,10
يُخْلِفُ,4,3:9,4,8
يُدَبِّرُ,4,10:3,3,9
يُدْخِلْهُ,4,4:13,3,10
يُذْهِبْكُمْ,4,4:133,4,12
يُرْسِلَ,4,17:68,4,8
يُسِرُّونَ,4,2:77,4,10
يُضِيعُ,4,3:171,4,7
يُقَاتِلُونَكُمْ,4,2:190,3,16
يُقِيمُونَ,4,5:55,4,10
يُمِيتُكُمْ,4,2:28,4,11
يُنَادِيهِمْ,4,28:62,2,12
يُنَزِّلْ,4,3:151,4,9
يُنْفَخُ,4,6:73,4,8
يُوحِي,4,6:112,4,6
يُولِجُ,4,22:61,4,7
آبَاءَكُمْ,3,2:200,3,10
آبَاءَهُمْ,3,33:5,3,10
آبَائِكُمُ,3,26:26,3,10
آبَائِهِمْ,3,6:87,3,10
آتَاهُمْ,3,9:76,3,8
آتَيْتُمْ,3,2:233,2,9
آتَيْنَاكُمْ,3,2:63,2,12
آذَانٌ,3,7:179,2,6
آذَنَ,3,7:123,3,5
آلِهَتَكُمْ,3,21:36,2,11
آمَنْتُ,3,10:90,3,7
آنَسْتُ,3,20:10,3,7
آيَاتِكَ,3,2:129,3,8
آيَةَ,3,2:248,2,5
أَبَى,3,2:34,3,5
أَبْلَغْتُكُمْ,3,7:79,2,14
أَبْنَاءِ,3,24:31,2,9
أَتَأْتُونَ,3,7:80,3,11
أَتَاكُمْ,3,6:40,2,9
أَتَاهَا,3,10:24,3,8
أَتَقُولُونَ,3,7:28,2,12
أَتَوْا,3,3:188,3,7
أَجَلًا,3,6:2,3,7
أَجِدُ,3,6:145,3,6
أَجْرَمُوا,3,6:124,3,10
أَجْرُ,3,3:136,3,6
أَجْمَعُونَ,3,15:30,3,11
أَحَدُهُمَا,3,12:36,3,11
أَحَدُهُمْ,3,2:96,3,10
أَخْرِجْنَا,3,4:75,3,11
أَدُلُّكُمْ,3,20:40,3,11
أَدْعُو,3,12:108,3,7
أَرْبَابًا,3,3:64,2,10
أَرْضِكُمْ,3,7:110,3,10
أَرْضِنَا,3,14:13,3,9
أَزْوَاجٌ,3,2:25,3,9
أَزْوَاجٍ,3,6:143,3,9
أَزْوَاجِهِمْ,3,23:6,3,13
أَسْفَلَ,3,8:42,3,8
أَسْلَمُوا,3,3:20,3,10
أَشْيَاءَهُمْ,3,7:85,3,13
أَصَابَكَ,3,4:79,2,9
أَصَابَهُمْ,3,3:146,3,11
أَظُنُّ,3,18:35,2,7
أَعْدَاءً,3,3:103,3,9
أَعْرَضُوا,3,28:55,3,10
أَعْرِضْ,3,5:42,3,8
أَعْقَابِكُمْ,3,3:144,2,13
أَعْمَالُنَا,3,2:139,3,12
أَعْنَابٍ,3,6:99,3,9
أَعْنَاقِهِمْ,3,13:5,3,13
أَفَاءَ,3,33:50,2,7
أَفَرَأَيْتُمُ,3,53:19,2,14
أَكِنَّةً,3,6:25,3,9
أَمَدًا,3,3:30,3,7
أَمْوَالَ,3,4:10,2,9
أَمْوَالَكُمْ,3,2:188,3,13
أَمْوَالِكُمْ,3,2:279,3,13
أَنَابَ,3,13:27,3,7
أَنَّكَ,3,15:97,3,7
أَنُؤْمِنُ,3,2:13,3,10
أَنْزَلَهُ,3,4:166,3,10
أَنْشَأْنَا,3,23:31,2,11
أَنْصَارٍ,3,2:270,3,9
أَنْعَمْتُ,3,2:40,1,10
أَنْعَمْنَا,3,17:83,3,11
أَنْفُسُكُمْ,3,12:18,2,12
أَهُمْ,3,37:11,3,6
أَهْلَكَ,3,20:132,3,8
أَهْوَاءَ,3,5:77,3,9
أَوَلَا,3,2:77,3,7
أَوَّلُ,3,6:163,3,7
أَوْحَى,3,17:39,3,7
أَوْفَى,3,3:76,3,7
أَوْلَادَكُمْ,3,2:233,3,13
أَوْلَادُكُمْ,3,34:37,3,13
أَيَّامًا,3,2:80,2,9
أَيُّ,3,6:19,3,5
أَيُّهَ,3,24:31,3,7
أَيْمَانَكُمْ,3,5:89,2,13
أَيْنَمَا,3,4:78,3,9
أُخْرِجُوا,3,22:40,2,10
أُرْسِلْتُ,3,7:87,3,10
أُرْسِلْنَا,3,11:70,3,11
أُسْوَةٌ,3,33:21,2,8
أُفٍّ,3,17:23,3,5
أُكُلَهَا,3,2:265,3,9
أُلْقِيَ,3,27:29,3,8
أُمَمٌ,3,6:38,3,6
أُمَّ,3,6:92,3,5
أُمِرُوا,3,4:60,3,8
أُمِّ,3,28:7,2,5
أُنَاسٍ,3,2:60,3,7
أُنَبِّئُكُمْ,3,5:60,3,13
إِبْلِيسُ,3,15:32,3,9
إِسْمَاعِيلَ,3,14:39,3,12
إِلَهِ,3,28:38,3,6
إِلَيْكِ,3,19:25,3,8
إِلَيْهِمُ,3,6:111,3,10
إِنْسٌ,3,55:39,1,6
إِيمَانِهِمْ,3,3:86,2,12
اتَّبَعُوهُ,3,3:68,3,11
اتَّبَعْتَ,3,2:120,2,10
ارْتَضَى,3,21:28,3,8
ارْجِعُوا,3,12:81,3,9
اسْتَغْفِرُوا,3,11:3,2,13
اسْتُهْزِئَ,3,6:10,3,11
اصْطَفَى,3,2:132,3,8
اضْرِبْ,3,2:60,3,7
اعْلَمُوا,3,5:98,2,9
اقْتُلُوا,3,4:66,3,9
اقْرَأْ,3,17:14,2,7
التَّوْرَاةُ,3,3:65,2,12
الدَّارَ,3,28:77,3,8
الدَّاعِ,3,2:186,2,8
الدُّعَاءَ,3,21:45,3,10
الذَّكَرَ,3,53:45,3,9
الذُّلِّ,3,17:24,2,8
الذِّئْبُ,3,12:13,1,9
الذِّكْرُ,3,15:6,3,9
الرَّحْمَةِ,3,6:133,3,11
الرَّحْمَنَ,3,17:110,3,11
الرُّؤْيَا,3,17:60,3,10
الرُّوحُ,3,17:85,3,8
الرِّجَالَ,3,7:81,3,10
الرِّجَالِ,3,4:75,2,10
الرِّقَابِ,3,2:177,3,10
السَّلَامِ,3,5:16,3,10
السَّيِّئَةَ,3,13:22,3,12
السُّدُسُ,3,4:11,1,9
الشَّجَرَةَ,3,2:35,2,11
الشَّفَاعَةُ,3,20:109,3,12
الشَّهَوَاتِ,3,3:14,3,12
الصَّاعِقَةُ,3,2:55,3,12
الصَّالِحُونَ,3,7:168,3,13
الصِّرَاطَ,3,1:6,3,10
الصِّرَاطِ,3,20:135,3,10
الضَّالُّونَ,3,3:90,3,12
الضَّلَالَةَ,3,2:16,2,12
الضَّلَالُ,3,10:32,3,10
الطَّاغُوتَ,3,5:60,3,11
الطَّرْفِ,3,37:48,3,9
الطَّيِّبِ,3,3:179,3,10
الطَّيْرُ,3,12:36,2,9
الطُّورَ,3,2:63,2,8
الطِّينِ,3,3:49,3,8
الظَّنِّ,3,4:157,2,8
النَّاصِحِينَ,3,7:21,2,13
النَّشْأَةَ,3,29:20,3,11
النَّصْرُ,3,3:126,2,9
النُّجُومِ,3,37:88,3,10
النُّذُرُ,3,46:21,2,9
الْآخِرَ,3,29:36,3,8
الْآيَاتُ,3,6:109,3,9
الْأَبْرَارَ,3,76:5,3,12
الْأَبْصَارِ,3,3:13,3,12
الْأَجْدَاثِ,3,36:51,3,12
الْأَحَادِيثِ,3,12:6,1,13
الْأَمْوَالِ,3,2:155,3,12
الْأَنْبِيَاءَ,3,3:112,2,14
الْأَنْفُسُ,3,4:128,3,11
الْأَنْهَارَ,3,6:6,3,12
الْإِيمَانِ,3,9:23,3,11
الْبَصَرُ,3,53:17,3,9
الْبَعْثِ,3,22:5,2,9
الْبَلَدِ,3,90:1,2,9
الْبُشْرَى,3,10:64,3,10
الْتَقَى,3,3:155,2,8
الْجَحِيمَ,3,69:31,3,10
الْجَحِيمُ,3,26:91,3,10
الْجَهْرَ,3,4:148,3,9
الْجَوَارِ,3,42:32,3,10
الْجِنَّ,3,6:100,3,8
الْحَاقَّةُ,3,69:1,1,11
الْحَسَنَةِ,3,13:6,3,11
الْحَوَارِيُّونَ,3,3:52,3,16
الْحَيُّ,3,2:255,3,8
الْخِنْزِيرِ,3,2:173,3,12
الْعَاجِلَةَ,3,17:18,3,12
الْعَامِلِينَ,3,3:136,3,13
الْعَدَاوَةَ,3,5:14,1,12
الْعِزَّةُ,3,2:206,3,10
الْغَرُورُ,3,31:33,3,10
الْغَمِّ,3,3:154,3,8
الْغَيِّ,3,2:256,2,8
الْغَيْبُ,3,10:20,3,9
الْفَرِيقَيْنِ,3,6:81,3,14
الْفَضْلَ,3,2:237,3,9
الْفُرْقَانَ,3,3:4,3,12
الْفِتْنَةَ,3,9:47,2,11
الْفِتْنَةِ,3,3:7,3,11
الْقَارِعَةُ,3,101:1,1,12
الْقَدْرِ,3,97:1,1,9
الْقَرْنَيْنِ,3,18:83,1,13
الْقَرْيَةَ,3,2:58,3,11
الْقَمَرَ,3,6:77,3,9
الْقَوِيُّ,3,11:66,3,10
الْقَيِّمُ,3,9:36,3,10
الْكَاذِبُونَ,3,16:105,3,13
الْكَرْبِ,3,21:76,2,9
الْكَلِمَ,3,4:46,2,9
الْكُفَّارُ,3,13:42,3,11
الْكِبَرُ,3,2:266,3,9
الْمَحِيضِ,3,2:222,2,10
الْمَدَائِنِ,3,7:111,2,12
الْمَسْجِدَ,3,9:28,3,11
الْمَشْأَمَةِ,3,56:9,2,13
الْمَشْحُونِ,3,26:119,3,12
الْمَلِكِ,3,12:72,2,9
الْمَنَّ,3,2:57,3,8
الْمَهْدِ,3,3:46,3,9
الْمَوْلَى,3,8:40,2,10
الْمَيِّتَ,3,3:27,3,10
الْمَيْمَنَةِ,3,56:8,2,13
الْمُتَكَبِّرِينَ,3,16:29,3,17
الْمُتَوَكِّلُونَ,3,12:67,3,17
الْمُجَاهِدِينَ,3,4:95,2,15
الْمُخَلَّفُونَ,3,9:81,2,15
الْمُسْتَقِيمَ,3,1:6,3,14
الْمُشْرِكُونَ,3,9:28,2,14
الْمُقْسِطِينَ,3,5:42,3,14
الْمُنْتَظِرِينَ,3,7:71,2,16
الْمُنْظَرِينَ,3,7:15,3,14
الْمِسْكِينِ,3,69:34,3,12
الْهُونِ,3,6:93,3,8
الْوَارِثِينَ,3,21:89,2,13
الْوَالِدَانِ,3,4:7,1,13
الْيَتِيمَ,3,89:17,3,10
انْتَهَوْا,3,2:192,2,10
انْصُرْنِي,3,23:26,2,10
انْظُرُوا,3,6:11,2,9
انْفِرُوا,3,4:71,2,9
انْقَلَبُوا,3,12:62,2,11
بَأْسٍ,3,17:5,3,6
بَابٍ,3,12:67,3,5
بَاغٍ,3,2:173,3,5
بَدَّلْنَا,3,7:95,3,10
بَصَائِرُ,3,6:104,3,9
بَعْدَمَا,3,2:181,3,9
بَعْضَهُ,3,8:37,3,8
بَعْضُنَا,3,3:64,3,9
بَقَرَةٌ,3,2:68,1,8
بَلْدَةً,3,25:49,3,8
بَنِيَّ,3,2:132,2,7
بَيَاتًا,3,7:4,2,8
بَيَّنَّا,3,2:118,3,9
بَيِّنَةٌ,3,6:157,2,9
بَيْتٍ,3,3:96,3,6
بَيْتِيَ,3,2:125,3,8
بَيْعٌ,3,2:254,3,6
بَيْنَكُمُ,3,5:91,3,10
بَيْنِكُمْ,3,5:106,3,10
بُشِّرَ,3,16:58,2,7
بُشْرًا,3,7:57,3,7
بُطُونِهِمْ,3,2:174,3,11
بِأَحْسَنِ,3,16:96,2,10
بِأَمْوَالِكُمْ,3,4:24,3,15
بِأَنْ,3,2:189,2,6
بِأَهْلِكَ,3,11:81,3,10
بِأَيْدِيهِمْ,3,2:79,3,13
بِإِحْسَانٍ,3,2:178,2,11
بِئْسَمَا,3,2:90,2,9
بِالدِّينِ,3,82:9,3,10
بِالرَّحْمَنِ,3,13:30,3,13
بِالصَّلَاةِ,3,19:31,2,12
بِاللَّغْوِ,3,2:225,3,11
بِالنَّاسِ,3,2:143,3,10
بِالنُّذُرِ,3,54:23,1,11
بِالْحَيَاةِ,3,9:38,3,12
بِالْحُسْنَى,3,53:31,2,12
بِالْغُدُوِّ,3,7:205,3,12
بِالْفَحْشَاءِ,3,2:268,3,14
بِالْكَافِرِينَ,3,2:19,3,15
بِالْوَادِ,3,20:12,3,10
بِتَأْوِيلِهِ,3,12:36,1,13
بِذَلِكَ,3,43:20,3,8
بِذِكْرِ,3,13:28,2,8
بِرُسُلٍ,3,6:10,3,8
بِرُوحِ,3,2:87,2,7
بِسَلَامٍ,3,11:48,3,9
بِسْمِ,3,1:1,3,6
بِعَصَاكَ,3,2:60,3,9
بِعِبَادِي,3,20:77,3,10
بِقَادِرٍ,3,36:81,3,9
بِقَلْبٍ,3,26:89,3,8
بِقَوْلِ,3,69:41,2,8
بِقَوْمٍ,3,5:54,2,8
بِكَلِمَاتِهِ,3,8:7,3,13
بِكِتَابٍ,3,7:52,3,9
بِمُعَذَّبِينَ,3,26:138,3,14
بِنَصْرِهِ,3,3:13,2,10
بِهِمَا,3,2:158,3,7
بِهِنَّ,3,4:23,2,7
تَأْتِينَا,3,2:118,3,10
تَأْمُرُونَ,3,3:110,3,11
تَأْوِيلِ,3,12:6,1,9
تَبِعَكَ,3,7:18,3,8
تَبْخَسُوا,3,7:85,3,10
تَتَذَكَّرُونَ,3,6:80,3,14
تَتَفَكَّرُونَ,3,2:219,2,14
تَتَّبِعُونَ,3,6:148,3,12
تَتَّخِذُونَ,3,7:74,2,12
تَجْعَلْنَا,3,7:47,3,11
تَحْتِ,3,5:66,3,6
تَحْتِهِمُ,3,7:43,3,10
تَحْزَنُوا,3,3:139,2,10
تَحْوِيلًا,3,17:56,2,10
تَخْرُجْ,3,20:22,3,8
تَدْعُوا,3,17:110,3,8
تَذْكِرَةً,3,20:3,3,10
تَرَوْنَهَا,3,13:2,3,11
تَرَوْهَا,3,9:26,2,9
تَسْأَلُوا,3,2:108,2,10
تَسْتَغْفِرْ,3,9:80,2,12
تَسْتَكْبِرُونَ,3,6:93,3,15
تَسْعَى,3,20:15,1,7
تَسْمَعُ,3,19:98,3,8
تَشْتَرُوا,3,2:41,3,10
تَضَرُّعًا,3,6:63,2,10
تَطْغَوْا,3,11:112,3,9
تَعَالَى,3,16:3,3,8
تَعْتَدُوا,3,2:190,2,10
تَعْتَذِرُوا,3,9:66,2,12
تَعْفُوا,3,2:237,3,8
تَغْفِرْ,3,5:118,3,8
تَفَرَّقُوا,3,3:103,2,11
تَقَرَّ,3,20:40,3,7
تَقُومَ,3,9:108,3,7
تَقِيًّا,3,19:13,1,8
تَقْدِيرُ,3,6:96,3,9
تَكَادُ,3,19:90,3,7
تَكْسِبُ,3,6:164,3,8
تَمَتَّعُوا,3,11:65,3,11
تَمَسُّوهَا,3,7:73,3,11
تَمَسُّوهُنَّ,3,2:236,2,13
تَمِيدَ,3,16:15,3,7
تَنَزَّلُ,3,26:221,2,9
تَنْتَهِ,3,19:46,2,8
تَنْفَعُ,3,20:109,3,8
تَنْكِحُوا,3,2:221,3,10
تَهِنُوا,3,3:139,3,8
تَهْدِي,3,10:43,3,7
تَهْوَى,3,2:87,3,7
تَوَّابًا,3,4:16,2,9
تُبْتُ,3,4:18,3,6
تُبْدُونَ,3,2:33,3,9
تُخْرَجُونَ,3,7:25,3,11
تُخْفُوهُ,3,2:284,3,9
تُرِيدُ,3,18:28,2,7
تُسِرُّونَ,3,16:19,3,10
تُشْرِكُوا,3,4:36,3,10
تُعْلِنُونَ,3,16:19,3,11
تُغْنِ,3,9:25,3,6
تُنْصَرُونَ,3,11:113,3,11
تُنْظِرُونِ,3,7:195,3,11
تُوَلُّوا,3,2:115,2,9
ثَلَاثَ,3,18:25,3,7
ثَلَاثَةَ,3,2:228,3,9
ثَمَرِهِ,3,6:99,2,8
ثَمَّ,3,26:64,3,5
جَاءُوكُمْ,3,4:90,3,10
جَاءُوهَا,3,39:71,2,9
جَبَلٍ,3,2:260,3,6
جَبَّارًا,3,19:14,2,9
جَبَّارٍ,3,11:59,3,8
جَزَاؤُهُ,3,12:74,1,9
جَعَلُوا,3,13:16,3,8
جَعَلْنَاكَ,3,6:107,3,11
جَعَلْنَاهَا,3,22:36,3,12
جَمِيعٌ,3,36:32,2,7
جَمْعًا,3,18:99,3,7
جَنَاحَكَ,3,15:88,3,9
جَنَّةٌ,3,2:266,3,7
جَنَّةٍ,3,2:265,3,7
جَنَّتَانِ,3,34:15,2,10
جَهْرَةً,3,2:55,3,8
جِئْنَاكَ,3,15:63,3,9
جِنَّةٌ,3,23:25,2,7
حَاجَةً,3,12:68,3,7
حَاشِرِينَ,3,7:111,2,10
حَافِظِينَ,3,12:81,3,10
حَرَجٍ,3,5:6,3,6
حَرْثَ,3,3:117,2,6
حَسِبَ,3,29:4,3,6
حَسِبْتُمْ,3,2:214,3,10
حَسْبُنَا,3,3:173,3,9
حَسْرَةً,3,3:156,3,8
حَظًّا,3,3:176,2,6
حَفِيظًا,3,4:80,3,8
حَقَّهُ,3,6:141,3,7
حَلِيمًا,3,17:44,3,8
حَمَإٍ,3,15:26,1,6
حَمَلْنَا,3,17:3,3,9
حَمِيمًا,3,47:15,3,8
حَوْلَهَا,3,6:92,3,9
حَيَاتُنَا,3,6:29,3,10
حُبًّا,3,2:165,3,6
حُرُمٌ,3,5:1,2,6
حُرِّمَتْ,3,4:23,3,9
حُطَامًا,3,39:21,3,8
حِزْبَ,3,5:56,2,6
خَابَ,3,20:61,2,5
خَاشِعَةً,3,41:39,3,9
خَاشِعِينَ,3,3:199,3,10
خَالِدًا,3,4:14,2,8
خَالِصَةً,3,2:94,3,9
خَاوِيَةٌ,3,2:259,3,9
خَزَنَتُهَا,3,39:71,2,11
خَسَارًا,3,17:82,3,8
خَشِيَ,3,4:25,3,6
خَشْيَةِ,3,2:74,3,8
خَفَّتْ,3,7:9,3,7
خَلَقَهُمْ,3,11:119,3,10
خَلَقْتُ,3,38:75,3,8
خَلَقْنَاهُمْ,3,37:11,3,13
خَلِيلًا,3,4:125,3,8
خَلْقُ,3,30:22,3,6
خُضْرٍ,3,12:43,2,6
خُلَفَاءَ,3,7:69,2,9
خِيفَةً,3,11:70,3,7
دَابِرَ,3,7:72,3,7
دَارَ,3,7:145,3,5
دَاوُودُ,3,2:251,2,8
دَخَلْتُمْ,3,4:23,2,10
دَرَجَةً,3,4:95,3,8
دَعَا,3,3:38,3,5
دَعَوُا,3,10:22,3,7
دَعَوْا,3,19:91,3,7
دَكًّا,3,7:143,2,6
دُبُرٍ,3,12:25,1,6
دُعُوا,3,2:282,2,6
دُونِهِمْ,3,8:60,3,9
دُونِي,3,17:2,2,6
ذَائِقَةُ,3,3:185,3,9
ذُرِّيَّةِ,3,6:133,2,10
ذُرِّيَّتَهُمْ,3,7:172,3,14
ذُنُوبَكُمْ,3,3:31,3,11
ذُنُوبِكُمْ,3,14:10,3,11
رَأْسِهِ,3,2:196,3,8
رَبُّكِ,3,19:21,2,7
رَبِّكِ,3,16:69,3,7
رَبِّيَ,3,2:258,3,7
رَحْمَتَ,3,2:218,3,8
رَغَدًا,3,2:35,2,7
رُءُوسِهِمْ,3,14:43,3,11
رُدُّوا,3,4:91,2,7
رُسُلَهُ,3,11:59,3,8
رِجْزًا,3,2:59,3,7
رِزْقٍ,3,10:59,3,6
زَادَهُمْ,3,33:22,3,9
زَرْعًا,3,18:32,3,7
زَوْجَهَا,3,4:1,3,9
سَاحِرٍ,3,7:112,3,7
سَبَّحَ,3,57:1,3,7
سَبِيلِي,3,3:195,3,8
سَبْعٌ,3,12:43,1,6
سَتَجِدُنِي,3,18:69,3,11
سَخِرُوا,3,6:10,3,8
سَدًّا,3,18:94,2,6
سَعَى,3,2:205,3,5
سَقَرَ,3,54:48,2,6
سَكِينَتَهُ,3,9:26,2,11
سَمَّيْتُمُوهَا,3,7:71,3,15
سَوَاءٍ,3,3:64,3,7
سَوَّلَتْ,3,12:18,2,9
سَوْءٍ,3,19:28,2,6
سَيَعْلَمُونَ,3,54:26,2,13
سَيَهْدِينِ,3,26:62,3,11
سَيِّئَةً,3,2:81,3,9
سَيِّئَةٍ,3,4:79,3,9
سُلَيْمَانُ,3,2:102,2,11
سُنْدُسٍ,3,18:31,3,8
سِجِّيلٍ,3,11:82,3,8
سِرَاجًا,3,25:61,3,8
شَاكِرًا,3,4:147,3,8
شَاهِدًا,3,33:45,3,8
شَاهِدٌ,3,11:17,3,7
شَرَّ,3,8:22,2,5
شَطْرَ,3,2:144,1,6
شَفَاعَةٌ,3,2:48,1,9
شَفِيعٍ,3,10:3,3,7
شَقِيًّا,3,19:4,1,8
شَهَادَةً,3,2:140,3,9
شُرَكَائِكُمْ,3,10:34,2,13
شُعَيْبُ,3,7:88,2,8
شِئْتَ,3,7:155,3,6
شِيعَتِهِ,3,28:15,2,9
صَالِحِينَ,3,12:9,3,10
صَدْرَهُ,3,6:125,2,8
صَرَّفْنَا,3,17:41,2,10
صُدُورِ,3,29:10,2,7
صُمٌّ,3,2:18,2,5
ضَرَبُوا,3,3:156,3,8
ضَرَبْتُمْ,3,4:94,2,10
ضَرَبْنَا,3,25:39,3,9
ضَرَّاءَ,3,10:21,3,8
ضُرٌّ,3,30:33,2,5
ضُرٍّ,3,10:12,3,5
ضِعْفَيْنِ,3,2:265,2,10
طَائِفَةً,3,3:154,3,9
طَاعَةٌ,3,4:81,3,7
طَبَعَ,3,4:155,3,6
طَعَامٌ,3,12:37,3,7
طَعَامُ,3,2:184,3,7
طَعَامِ,3,69:34,3,7
طَيْرًا,3,3:49,3,7
ظَالِمَةٌ,3,11:102,2,9
ظَلَمْنَاهُمْ,3,11:101,3,13
ظُلِمُوا,3,16:41,3,8
عَابِدِينَ,3,21:53,1,10
عَادَ,3,2:275,3,5
عَامًا,3,9:37,2,6
عَامٍ,3,2:259,2,5
عَامِلٌ,3,6:135,3,7
عَامِلُونَ,3,11:121,3,10
عَبْدَنَا,3,38:17,2,9
عَدَدًا,3,18:11,2,7
عَدَدَ,3,10:5,3,6
عَزْمِ,3,3:186,3,6
عَشْرَةَ,3,2:60,2,8
عَصَاكَ,3,7:117,3,7
عَصَاهُ,3,7:107,2,7
عَصَوْا,3,2:61,3,7
عَصَيْتُ,3,6:15,3,8
عَفُوًّا,3,4:43,1,8
عَقِبَيْهِ,3,2:143,3,10
عَلَّمَ,3,55:2,2,7
عَلَّمَكُمُ,3,5:4,3,11
عَلَّمَهُ,3,2:282,3,9
عَلِمْتَ,3,11:79,3,8
عَلِمْتُمْ,3,12:73,2,10
عَلِيًّا,3,4:34,2,8
عَمَدٍ,3,13:2,3,6
عَمَلِهِ,3,35:8,3,8
عَنِيدٍ,3,11:59,3,7
عَهِدَ,3,3:183,3,6
عَيْنٍ,3,18:86,3,6
عُدْنَا,3,7:89,3,7
عُرُوشِهَا,3,2:259,3,10
عُصْبَةٌ,3,12:8,2,8
عُلُوًّا,3,17:4,2,8
عِبَادَتِهِ,3,4:172,3,11
عِبَادَكَ,3,15:40,3,9
عِبَادَهُ,3,19:61,3,9
عِبَادِكَ,3,4:118,3,9
عِقَابِ,3,13:32,3,7
عِلْمَ,3,2:32,3,6
عِمْرَانَ,3,3:33,2,9
عِنْدَكُمْ,3,6:148,3,10
عِنْدَهَا,3,3:37,3,9
عِنْدَهُمُ,3,4:139,3,10
غَلِيظًا,3,4:21,2,8
غَلِيظٍ,3,11:58,3,7
غَنِيًّا,3,4:6,1,8
غَيْبُ,3,11:123,3,6
غَيْرَكُمْ,3,9:39,3,10
فَأَبَى,3,17:89,2,7
فَأَتْبَعَهُ,3,7:175,3,12
فَأَحْبَطَ,3,33:19,2,10
فَأَخَذْنَاهُ,3,28:40,3,13
فَأَخْرَجَ,3,2:22,3,10
فَأَسْرِ,3,11:81,3,8
فَأَصْلِحُوا,3,49:9,1,12
فَأَغْرَقْنَاهُمْ,3,7:136,3,17
فَأَقِيمُوا,3,4:103,3,11
فَأَلْقَى,3,7:107,2,9
فَأَمْسِكُوهُنَّ,3,2:231,3,16
فَأَنْزَلَ,3,9:40,2,10
فَأَنْزَلْنَا,3,2:59,3,13
فَأَهْلَكْنَاهُمْ,3,6:6,3,17
فَأَوْحَى,3,14:13,3,9
فَأَوْلَى,3,47:20,2,9
فَأْتِنَا,3,7:70,3,9
فَإِخْوَانُكُمْ,3,2:220,3,15
فَإِنَّهَا,3,5:26,2,10
فَاتَكُمْ,3,3:153,3,9
فَاجْعَلْ,3,14:37,3,9
فَاسْتَجَابَ,3,3:195,3,12
فَاطِرِ,3,6:14,3,7
فَاعْبُدُونِ,3,21:25,2,12
فَاعْلَمْ,3,5:49,3,9
فَانْتَظِرُوا,3,7:71,2,13
فَانْطَلَقَا,3,18:71,1,12
فَبَشِّرْهُ,3,31:7,3,11
فَبَشِّرْهُمْ,3,3:21,3,13
فَتَبَيَّنُوا,3,4:94,2,13
فَتَحْرِيرُ,3,4:92,2,11
فَتَوَلَّ,3,37:174,3,9
فَتِيلًا,3,4:49,2,8
فَجَعَلَهُ,3,25:54,3,10
فَجَعَلْنَاهُ,3,25:23,3,13
فَجَعَلْنَاهُمْ,3,23:41,3,15
فَخَرَجَ,3,19:11,2,8
فَخُذْ,3,2:260,3,6
فَذَلِكَ,3,21:29,3,8
فَرَاغَ,3,37:91,2,7
فَرِحُوا,3,6:44,3,8
فَرِحُونَ,3,9:50,3,9
فَرْدًا,3,19:80,2,7
فَسَادًا,3,5:33,2,8
فَسَتَعْلَمُونَ,3,20:135,2,15
فَسُبْحَانَ,3,21:22,3,11
فَصَدُّوا,3,9:9,3,9
فَصَّلْنَا,3,6:97,1,10
فَطَرَنِي,3,11:51,3,9
فَعَقَرُوهَا,3,11:65,3,12
فَعَلَيْهَا,3,6:104,3,11
فَعَلْتَ,3,10:106,3,8
فَفِي,3,3:107,2,5
فَقَاتِلُوا,3,4:76,3,11
فَقُولَا,3,20:44,2,8
فَكَأَنَّمَا,3,5:32,2,12
فَكَفَرُوا,3,37:170,3,10
فَلَهَا,3,4:11,2,7
فَلَوْ,3,6:149,3,6
فَمَاذَا,3,7:110,3,8
فَمِنَ,3,2:200,3,6
فَمِنْ,3,4:25,2,6
فَنَجَّيْنَاهُ,3,10:73,3,14
فَهَدَى,3,2:213,3,7
فَوَلِّ,3,2:144,1,7
فَوْزًا,3,4:73,3,7
فَيَأْخُذَكُمْ,3,7:73,3,14
فَيُنَبِّئُهُمْ,3,6:108,3,15
فُصِّلَتْ,3,11:1,2,9
فِئَةٍ,3,2:249,3,6
فِرَارًا,3,18:18,3,8
قَائِلٌ,3,12:10,3,7
قَائِمٌ,3,3:39,3,7
قَائِمَةً,3,18:36,3,9
قَاتِلُوا,3,3:167,2,9
قَاصِرَاتُ,3,37:48,3,10
قَبْلِي,3,3:183,3,7
قَدَرُوا,3,6:91,3,8
قَدَّرَ,3,74:19,2,7
قَدِ,3,6:128,2,4
قَدْرِهِ,3,6:91,3,8
قَرْيَةً,3,16:112,3,8
قَلْبِكَ,3,2:97,3,8
قَوْمُكَ,3,6:66,3,8
قَوْمِهِمْ,3,10:74,3,10
قُدَّ,3,12:26,1,5
قُلُوبٌ,3,7:179,3,7
قِيلًا,3,4:122,3,6
كَأَنَّمَا,3,6:125,3,10
كَأَنَّهَا,3,24:35,3,10
كَاتِبٌ,3,2:282,1,7
كَاذِبِينَ,3,11:27,3,10
كَالْمُهْلِ,3,18:29,3,11
كَانَتَا,3,4:176,3,8
كَبَائِرَ,3,4:31,3,9
كَتَبْنَا,3,4:66,3,9
كَثِيرٌ,3,2:109,3,7
كَثِيرَةٍ,3,9:25,3,9
كَدَأْبِ,3,3:11,2,8
كَذَلِكِ,3,3:47,3,8
كَذَّبُوكَ,3,3:184,3,10
كَذَّبُونِ,3,23:26,2,10
كَرَّةً,3,2:167,3,7
كَرْهًا,3,4:19,3,7
كَسَبَ,3,2:81,3,6
كَسَبْتُمْ,3,2:134,1,10
كَظِيمٌ,3,12:84,3,7
كَفُورٍ,3,22:38,3,7
كَلَامَ,3,2:75,3,7
كَلِمَةً,3,14:24,3,8
كَلِمَةَ,3,9:40,2,8
كَلْبُهُمْ,3,18:22,1,10
كَنْزٌ,3,11:12,3,6
كَيْدُ,3,20:69,2,6
كُفُورًا,3,17:89,2,8
كُفْرُهُ,3,30:44,3,8
كُلٍّ,3,11:40,3,5
كُلُّهُمْ,3,10:99,3,9
كُنَّ,3,2:228,3,5
لَأَجْرًا,3,7:113,3,9
لَئِنِ,3,7:90,3,6
لَحَافِظُونَ,3,12:12,2,12
لَحَقٌّ,3,10:53,3,7
لَخَاسِرُونَ,3,7:90,3,12
لَسَاحِرٌ,3,7:109,3,9
لَشَدِيدٌ,3,14:7,3,9
لَشَيْءٌ,3,11:72,2,8
لَعَلَى,3,22:67,3,7
لَعَلَّ,3,33:63,3,7
لَعَلَّهُ,3,20:44,3,9
لَعِبٌ,3,6:32,3,6
لَعْنَةً,3,11:60,2,8
لَعْنَةُ,3,2:161,3,8
لَغْوًا,3,19:62,3,7
لَقَادِرُونَ,3,23:18,2,12
لَقَالُوا,3,15:15,3,9
لَقَوِيٌّ,3,22:40,2,9
لَكُنَّا,3,6:157,3,8
لَمَجْنُونٌ,3,15:6,3,11
لَنَرَاكَ,3,7:60,2,9
لَهْوًا,3,7:51,3,7
لَوَاقِعٌ,3,51:6,3,9
لَيْتَ,3,28:79,3,6
لَيْلَةً,3,2:51,2,8
لِأَنْفُسِهِمْ,3,3:178,3,14
لِأَهْلِهِ,3,20:10,3,10
لِإِخْوَانِهِمْ,3,3:156,2,15
لِئَلَّا,3,2:150,3,8
لِبَاسًا,3,7:26,3,8
لِتَعْلَمُوا,3,5:97,3,12
لِتَكُونَ,3,10:92,3,9
لِتُؤْمِنُوا,3,48:9,3,12
لِجَهَنَّمَ,3,7:179,3,11
لِحُكْمِ,3,52:48,3,8
لِرَسُولٍ,3,3:183,3,9
لِعِبَادِهِ,3,7:32,3,11
لِكَلِمَاتِ,3,6:34,3,11
لِلدِّينِ,3,10:105,2,9
لِلشَّارِبِينَ,3,16:66,3,14
لِلنَّاظِرِينَ,3,7:108,3,14
لِلَّذِي,3,6:79,3,8
لِلْإِيمَانِ,3,3:167,2,12
لِلْبَشَرِ,3,74:29,1,10
لِلْفُقَرَاءِ,3,2:273,3,13
لِلْقَوْمِ,3,10:85,3,10
لِنَبِيٍّ,3,2:246,3,9
لِنَعْلَمَ,3,2:143,3,10
لِنَفْسٍ,3,3:145,3,8
لِيَجْعَلَ,3,3:156,3,10
لِيَظْلِمَهُمْ,3,9:70,3,14
لِيَعْلَمَ,3,5:94,3,10
لِيَكُونَ,3,22:78,3,9
لِيَكْفُرُوا,3,16:55,3,12
لِيُبَيِّنَ,3,4:26,3,11
لِيُظْهِرَهُ,3,9:33,3,12
لِيُوسُفَ,3,12:21,1,9
مَاتُوا,3,3:156,3,7
مَالَهُ,3,2:264,3,7
مَالُهُ,3,71:21,3,7
مَالِ,3,18:49,3,5
مَتَّعْنَا,3,15:88,3,10
مَثْنَى,3,4:3,3,7
مَدْحُورًا,3,7:18,2,10
مَرَدَّ,3,13:11,3,7
مَرَّةً,3,9:80,2,7
مَرُّوا,3,25:72,2,7
مَرِيضًا,3,2:184,1,8
مَرْضَاتِ,3,2:207,2,9
مَسَاجِدَ,3,2:114,2,9
مَسَاكِنِهِمْ,3,20:128,3,13
مَسْحُورًا,3,17:47,2,10
مَسْنُونٍ,3,15:26,1,9
مَصِيرًا,3,4:97,2,8
مَطَرًا,3,7:84,3,7
مَعِينٍ,3,37:45,3,7
مَعْدُودَاتٍ,3,2:184,2,12
مَعْرُوفٍ,3,2:240,3,9
مَعْشَرَ,3,6:128,2,8
مَغْفِرَةً,3,2:268,3,10
مَقْتًا,3,35:39,3,7
مَكَانَهُ,3,7:143,3,9
مَكَرُوا,3,14:46,3,8
مَكَّنَّا,3,12:21,2,9
مَكَّنَّاهُمْ,3,6:6,3,13
مَكِينٍ,3,23:13,3,7
مَكْرُهُمْ,3,13:33,2,10
مَلَكًا,3,6:8,2,7
مَنَعَ,3,2:114,3,6
مَنَعَكَ,3,7:12,3,8
مَهِينٍ,3,32:8,3,7
مَوَاضِعِهِ,3,4:46,2,11
مَوَدَّةً,3,5:82,3,9
مَوْجٌ,3,24:40,2,6
مُبَدِّلَ,3,6:34,2,9
مُبَيِّنَاتٍ,3,24:34,2,12
مُبَيِّنَةٍ,3,4:19,3,11
مُبْصِرًا,3,10:67,3,9
مُبْصِرَةً,3,17:12,2,10
مُبْلِسُونَ,3,6:44,3,11
مُتَشَابِهًا,3,2:25,3,12
مُحَمَّدٌ,3,3:144,3,9
مُخْتَلِفٌ,3,16:69,2,10
مُخْلِصًا,3,39:2,1,9
مُسَلَّمَةٌ,3,2:71,2,11
مُسْتَقَرًّا,3,25:24,1,12
مُسْتَقَرٌّ,3,2:36,3,11
مُشْفِقِينَ,3,18:49,3,11
مُصِيبَةٍ,3,42:30,3,9
مُصْفَرًّا,3,30:51,3,10
مُطَهَّرَةٌ,3,2:25,3,11
مُعَاجِزِينَ,3,22:51,2,12
مُعْتَدٍ,3,50:25,3,8
مُغْرَقُونَ,3,11:37,3,11
مُقَرَّنِينَ,3,14:49,3,12
مُكْرَمُونَ,3,21:26,3,11
مُلَاقُو,3,2:46,2,8
مُنِيبٍ,3,34:9,2,7
مُنْتَظِرُونَ,3,6:158,3,13
مُنْتَقِمُونَ,3,32:22,3,13
مُنْذِرِينَ,3,37:72,3,11
مُنْكِرُونَ,3,12:58,3,11
مُهْتَدِينَ,3,2:16,3,11
مُهْطِعِينَ,3,14:43,3,11
مِائَةَ,3,2:259,2,7
مِثْلُهُ,3,3:140,3,8
مِدْرَارًا,3,6:6,3,10
مِسْكِينًا,3,58:4,3,10
مِصْرَ,3,12:21,2,6
مِيثَاقًا,3,4:21,2,9
مِيثَاقٌ,3,4:90,2,8
نَارَ,3,9:63,2,5
نَتَوَفَّيَنَّكَ,3,10:46,3,16
نَتَّبِعُ,3,2:170,3,9
نَتْلُوهَا,3,2:252,3,10
نَجْعَلُ,3,18:94,2,8
نَجْعَلْ,3,18:90,3,8
نَدْعُو,3,16:86,3,7
نَشَأْ,3,26:4,3,6
نَصَبٌ,3,9:120,3,6
نَصْرًا,3,7:192,3,7
نَصْرُ,3,2:214,3,6
نَظَرَ,3,9:127,3,6
نَعْبُدَ,3,3:64,3,8
نَعْبُدُ,3,1:5,3,8
نَعْمَلُ,3,7:53,3,8
نُؤْتِهِ,3,3:145,2,8
نُؤْمِنُ,3,2:91,3,8
نُحْيِي,3,15:23,3,7
نُذِقْهُ,3,22:25,3,8
نُرْسِلُ,3,6:48,3,8
نُشُورًا,3,25:3,1,8
نُشْرِكَ,3,3:64,3,8
نُضِيعُ,3,7:170,3,7
نُفَرِّقُ,3,2:136,2,9
نُفِخَ,3,23:101,3,6
نُكَلِّفُ,3,6:152,3,9
نُكْرًا,3,18:74,2,7
نُورٍ,3,24:35,2,5
نِسَاءَكُمْ,3,2:49,3,11
نِسَاءَهُمْ,3,7:127,3,11
نِسَائِهِمْ,3,2:226,2,11
نِصْفُ,3,4:12,1,6
نِعْمَتِي,3,2:150,2,9
نِعْمَتِيَ,3,2:40,1,10
هَارُونُ,3,20:90,2,8
هَدَيْنَا,3,6:84,2,9
وَآبَاءَهُمْ,3,21:44,3,12
وَآبَاؤُنَا,3,23:83,2,11
وَآتَى,3,2:177,2,6
وَآخَرِينَ,3,8:60,3,10
وَآمِنُوا,3,2:41,3,9
وَآيَةٌ,3,36:33,1,7
وَأَخَاهُ,3,7:111,3,9
وَأَخَذْنَا,3,4:154,3,11
وَأَرْسَلْنَا,3,5:70,3,13
وَأَضَلُّ,3,5:60,3,9
وَأَعْرِضْ,3,6:106,3,10
وَأَعْلَمُ,3,2:33,3,10
وَأَعْنَابٍ,3,2:266,3,11
وَأَقِمِ,3,11:114,3,8
وَأَلْقَى,3,7:150,3,9
وَأَنِ,3,5:49,3,6
وَأَنْبَتْنَا,3,15:19,3,13
وَأَنْتُمُ,3,3:139,2,10
وَأَنْفُسِكُمْ,3,3:186,3,14
وَأَنْهَارٌ,3,47:15,1,11
وَأَهْلَكَ,3,11:40,3,10
وَأَهْلُهَا,3,6:131,3,11
وَأَيُّوبَ,3,4:163,3,10
وَأُخْرَى,3,3:13,3,9
وَإِثْمًا,3,4:20,2,9
وَإِذِ,3,2:60,2,6
وَإِلَيْكَ,3,2:285,2,10
وَإِلَيْنَا,3,19:40,3,11
وَإِنَّكُمْ,3,7:114,3,11
وَإِنَّمَا,3,3:185,3,10
وَإِنِ,3,4:128,3,6
وَإِيَّايَ,3,2:40,2,10
وَابِلٌ,3,2:264,1,7
وَابْتَغُوا,3,2:187,3,11
وَابْنَ,3,2:177,3,7
وَاخْتِلَافِ,3,2:164,3,12
وَاخْفِضْ,3,15:88,3,9
وَادْخُلُوا,3,2:58,3,11
وَارْحَمْنَا,3,2:286,3,12
وَاسْتَغْفِرُوا,3,2:199,3,15
وَاسْتَكْبَرَ,3,2:34,3,13
وَاصْبِرُوا,3,7:128,3,11
وَاصْطَبِرْ,3,19:65,3,11
وَاضْرِبْ,3,18:32,2,9
وَاعْبُدُوا,3,4:36,3,11
وَاقٍ,3,13:34,2,5
وَاقْتُلُوهُمْ,3,2:191,2,14
وَالدَّمَ,3,2:173,3,9
وَالرَّسُولِ,3,3:172,3,12
وَالزَّيْتُونَ,3,6:99,2,14
وَالسَّلْوَى,3,2:57,3,12
وَالشَّمْسُ,3,22:18,3,11
وَالصَّلَاةِ,3,2:45,1,12
وَالطَّيْرَ,3,21:79,3,11
وَالنَّبِيِّينَ,3,2:177,3,15
وَالنُّبُوَّةَ,3,3:79,3,14
وَالْآخِرَةُ,3,4:77,3,12
وَالْآصَالِ,3,7:205,3,11
وَالْأَسْبَاطِ,3,2:136,3,14
وَالْأَقْرَبُونَ,3,4:7,1,16
وَالْأَقْرَبِينَ,3,2:180,2,16
وَالْأَمْرُ,3,7:54,3,11
وَالْأُولَى,3,53:25,3,11
وَالْبَغْضَاءَ,3,5:14,1,14
وَالْجِبَالُ,3,22:18,3,12
وَالْحُكْمَ,3,3:79,3,11
وَالْعَاقِبَةُ,3,7:128,3,14
وَالْقَمَرِ,3,74:32,3,11
وَالْكَافِرُونَ,3,2:254,3,15
وَالْمَغْرِبِ,3,2:177,3,13
وَالْمُحْصَنَاتُ,3,4:24,2,16
وَالْمُنَافِقَاتِ,3,9:68,3,17
وَالْمُنْكَرِ,3,16:90,3,13
وَالْمُهَاجِرِينَ,3,9:117,3,17
وَانْظُرْ,3,2:259,2,9
وَبَثَّ,3,2:164,3,7
وَبَيْنَكَ,3,20:58,3,10
وَبَيْنَهُ,3,3:30,3,10
وَتَذَرُونَ,3,26:166,3,11
وَتَمَّتْ,3,6:115,3,9
وَثَمُودُ,3,22:42,3,9
وَجَاءَتْ,3,12:19,2,9
وَجَاءُوا,3,7:116,2,9
وَجَدَ,3,3:37,3,6
وَجَعَلْنَاهَا,3,21:91,3,14
وَجَعَلْنَاهُ,3,17:2,3,13
وَجُنُودُهُ,3,10:90,3,11
وَجِئْنَا,3,4:41,3,9
وَجْهَ,3,3:72,2,6
وَجْهُ,3,2:115,3,6
وَجْهِهِ,3,12:96,3,8
وَحُسْنَ,3,3:148,2,8
وَخَيْرٌ,3,18:44,2,8
وَدَخَلَ,3,12:36,3,8
وَدُّوا,3,3:118,3,7
وَدِينِ,3,9:33,3,7
وَذَا,3,21:85,2,5
وَذُرِّيَّاتِهِمْ,3,6:87,3,17
وَذُوقُوا,3,8:50,3,9
وَرَائِهِمْ,3,23:100,3,11
وَرَبِّكُمْ,3,11:56,3,11
وَرَبِّي,3,10:53,3,8
وَرَزَقَكُمْ,3,8:26,3,12
وَرَزَقْنَاهُمْ,3,10:93,3,15
وَرَفَعَ,3,2:253,3,8
وَرِضْوَانًا,3,5:2,3,12
وَرِضْوَانٌ,3,3:15,3,11
وَزَيَّنَ,3,6:43,3,9
وَسَاءَ,3,4:22,3,7
وَسَلَامٌ,3,19:15,3,9
وَسُلْطَانٍ,3,11:96,3,11
وَشَهِدُوا,3,3:86,3,10
وَصَدَّقَ,3,37:37,3,9
وَصَّاكُمْ,3,6:151,1,10
وَطَائِفَةٌ,3,3:154,3,11
وَظَنَّ,3,10:24,3,7
وَعَادٍ,3,9:70,3,7
وَعَدَنَا,3,7:44,2,9
وَعَذَابٌ,3,6:70,2,9
وَعَلَيْهَا,3,2:286,3,11
وَعَنِ,3,5:91,3,6
وَعِنْدَ,3,9:7,3,8
وَعِنْدَهُ,3,6:59,3,10
وَعِيدِ,3,14:14,2,7
وَغَرَّتْهُمُ,3,6:70,2,13
وَغَضِبَ,3,4:93,3,8
وَغَيْرَ,3,6:99,1,8
وَفَجَّرْنَا,3,18:33,3,12
وَفَرِيقًا,3,2:87,3,10
وَفَضْلٍ,3,3:171,2,8
وَفِرْعَوْنَ,3,28:3,3,12
وَفِيهَا,3,7:25,3,8
وَقَاتِلُوا,3,2:190,2,11
وَقَفَّيْنَا,3,2:87,3,12
وَقَلِيلٌ,3,34:13,3,9
وَقَوْلِهِمْ,3,4:155,1,12
وَقَوْمَ,3,25:37,3,8
وَقُلُوبُهُمْ,3,23:60,3,13
وَكَانَتِ,3,19:5,2,9
وَكُتُبِهِ,3,2:285,3,10
وَكُنْ,3,7:144,3,6
وَلَئِنِ,3,2:120,2,8
وَلَعَلَّهُمْ,3,7:164,2,13
وَلَعِبًا,3,5:57,2,9
وَلَكِنَّا,3,20:87,2,10
وَلَنَجْزِيَنَّهُمْ,3,16:97,3,19
وَلَهْوٌ,3,6:32,3,8
وَلَوِ,3,3:91,3,6
وَلَيَعْلَمَنَّ,3,29:3,1,15
وَلَّى,3,27:10,3,6
وَلِلرَّسُولِ,3,8:24,2,13
وَلِمَنْ,3,12:72,3,8
وَلِيَ,3,20:18,3,6
وَلِيُّ,3,2:257,3,7
وَمَأْوَاهُ,3,3:162,3,11
وَمَتَاعًا,3,16:80,3,10
وَمَتَاعٌ,3,2:36,3,9
وَمَثَلُ,3,2:171,2,8
وَمَكَرُوا,3,3:54,3,10
وَمَلَائِكَتِهِ,3,2:98,2,15
وَمَنَافِعُ,3,2:219,3,11
وَمَوْعِظَةً,3,2:66,3,12
وَمُبَشِّرًا,3,33:45,3,12
وَمِثْلَهُ,3,5:36,3,10
وَنَجِّنِي,3,26:118,2,10
وَنَزَعْنَا,3,7:43,3,11
وَنَزَّلْنَا,3,16:89,3,12
وَنَكُونَ,3,5:113,3,9
وَنُوحًا,3,3:33,3,8
وَهَلْ,3,20:9,3,6
وَوَجَدَ,3,18:86,3,8
وَوَصَّيْنَا,3,29:8,3,12
وَوَيْلٌ,3,2:79,3,8
وَيَأْتِ,3,4:133,3,8
وَيَبْغُونَهَا,3,7:45,3,14
وَيَجْعَلُونَ,3,16:56,1,13
وَيَحْسَبُونَ,3,7:30,3,13
وَيَخَافُونَ,3,13:21,3,12
وَيَذَرُونَ,3,2:234,2,11
وَيَزِيدُهُمْ,3,4:173,3,13
وَيَسْتَحْيُونَ,3,2:49,3,15
وَيَسْتَعْجِلُونَكَ,3,13:6,3,19
وَيَعْفُو,3,5:15,2,9
وَيَغْفِرُ,3,4:48,2,10
وَيَكُونَ,3,2:143,2,9
وَيُرِيدُ,3,4:27,2,9
وَيُرِيدُونَ,3,4:44,1,12
وَيُرْسِلُ,3,6:61,3,10
وَيُزَكِّيهِمْ,3,2:129,3,14
وَيُعَلِّمُهُمُ,3,2:129,3,15
وُجُوهَهُمْ,3,8:50,3,11
وُعِدَ,3,13:35,3,6
يَأْتِهِمْ,3,7:169,3,10
يَأْتِيَكُمُ,3,2:248,2,12
يَأْتِيَنَّكُمْ,3,2:38,3,15
يَأْتِيَهُمُ,3,2:210,3,12
يَأْمُرُونَ,3,3:21,2,11
يَبْخَلُونَ,3,3:180,3,11
يَبْعَثُهُمُ,3,6:36,2,12
يَتَبَيَّنَ,3,2:187,3,11
يَتَوَلَّهُمْ,3,5:51,3,13
يَتَوَلَّى,3,3:23,3,10
يَتَّبِعُ,3,2:143,2,9
يَتَّخِذُوا,3,4:150,3,11
يَتُوبُونَ,3,4:17,3,10
يَجْحَدُ,3,29:47,2,8
يَجْرِمَنَّكُمْ,3,5:2,2,15
يَجْزِي,3,12:88,3,7
يَجْمَعُ,3,5:109,3,8
يَجْمَعُونَ,3,3:157,3,11
يَحْسَبَنَّ,3,3:178,2,11
يَحْكُمَ,3,7:87,3,8
يَحْكُمْ,3,5:44,1,8
يَخْرُجُونَ,3,54:7,3,11
يَخْرُصُونَ,3,6:116,3,11
يَخْسِفَ,3,16:45,3,8
يَدَاهُ,3,5:64,3,7
يَدَهُ,3,7:108,3,6
يَدْخُلُونَهَا,3,13:23,3,14
يَذَّكَّرُ,3,2:269,3,10
يَرَهُ,3,90:7,2,6
يَرَوُا,3,10:88,2,7
يَرُدُّوكُمْ,3,2:217,2,12
يَرْجِعُ,3,20:89,3,8
يَرْمُونَ,3,24:4,1,9
يَزَالُ,3,9:110,3,7
يَسُومُونَكُمْ,3,2:49,3,14
يَسْأَلُونَ,3,2:273,3,11
يَسْتَقْدِمُونَ,3,7:34,3,15
يَسْتَوُونَ,3,9:19,3,11
يَسْجُدُ,3,13:15,3,8
يَصِلُونَ,3,4:90,3,9
يَصْدِفُونَ,3,6:46,1,11
يَضَعْنَ,3,24:60,2,8
يَضُرُّكُمْ,3,3:120,3,11
يَضُرُّهُمْ,3,2:102,3,11
يَضُرُّوا,3,3:176,2,9
يَضْحَكُونَ,3,43:47,2,11
يَضْرِبُ,3,13:17,2,8
يَضْرِبُونَ,3,8:50,3,11
يَطْبَعُ,3,7:101,3,8
يَظْلِمُ,3,4:40,3,8
يَظْهَرُوا,3,9:8,3,10
يَعِظُكُمْ,3,2:231,3,10
يَعْتَدُونَ,3,2:61,3,11
يَعْرُجُ,3,32:5,3,8
يَعْصِ,3,4:14,3,6
يَعْلَمَ,3,16:70,3,8
يَعْلَمُهُمْ,3,8:60,3,12
يَعْلَمِ,3,3:142,3,8
يَعْلَمْ,3,28:78,2,8
يَعْمَلُ,3,14:42,3,8
يَغْفِرْ,3,46:31,3,8
يَغْنَوْا,3,7:92,2,9
يَفْصِلُ,3,22:17,3,8
يَفْقَهُوهُ,3,6:25,3,11
يَقْدِرُونَ,3,2:264,3,11
يَكَادُونَ,3,4:78,3,10
يَكْفُرُ,3,2:99,3,8
يَكْفُرُوا,3,2:90,3,10
يَلْبَثُوا,3,10:45,3,10
يَمْسَسْكَ,3,6:17,2,10
يَنْطِقُ,3,23:62,3,8
يَنْهَوْنَ,3,6:26,3,10
يَهْتَدِي,3,10:108,3,9
يَوْمَهُمُ,3,43:83,3,10
يَوْمَيْنِ,3,2:203,2,10
يُؤَخِّرُهُمْ,3,14:42,3,13
يُؤْتُونَ,3,4:53,3,9
يُؤْتِكُمْ,3,8:70,3,10
يُؤْتِي,3,2:247,2,7
يُبَيِّنْ,3,2:68,1,9
يُبْدِئُ,3,29:19,3,8
يُجْزَوْنَ,3,7:147,3,10
يُجْزَى,3,6:160,3,7
يُحَافِظُونَ,3,6:92,3,12
يُحَرِّفُونَ,3,4:46,2,12
يُحَلَّوْنَ,3,18:31,3,11
يُحْشَرُونَ,3,6:38,3,11
يُخْزِيهِ,3,11:39,2,9
يُخْلَقُونَ,3,7:191,3,11
يُدْرِيكَ,3,33:63,3,9
يُرِدِ,3,5:41,2,6
يُرْسِلُ,3,7:57,3,8
يُسْأَلُ,3,21:23,3,8
يُسْتَعْتَبُونَ,3,16:84,3,15
يُضْلِلْ,3,7:178,3,8
يُعَذِّبُ,3,5:40,3,9
يُعَذِّبْكُمْ,3,9:39,3,13
يُعْرَضُونَ,3,11:18,3,11
يُفْتَنُونَ,3,9:126,3,11
يُفْسِدُونَ,3,16:88,3,11
يُقَالُ,3,21:60,3,7
يُقِيمَا,3,2:229,1,8
يُكَذِّبُوكَ,3,22:42,2,12
يُلَاقُوا,3,43:83,3,9
يُلَقَّاهَا,3,28:80,2,11
يُلْحِدُونَ,3,7:180,3,11
يُلْقَى,3,25:8,3,7
يُلْقِي,3,22:52,2,7
يُنَزِّلَ,3,2:90,3,9
يُهَاجِرُوا,3,4:89,2,11
يُوزَعُونَ,3,27:17,2,10
يُوصَلَ,3,2:27,2,7
آبَائِنَا,2,23:24,2,9
آبَائِهِنَّ,2,24:31,2,11
آتَانِيَ,2,19:30,2,8
آتَاهُ,2,2:258,2,6
آتَاهُمَا,2,7:190,1,9
آتَيْتَ,2,10:88,2,7
آتَيْنَاكَ,2,15:87,2,10
آتُونِي,2,18:96,1,7
آتِيكَ,2,27:39,1,6
آتِيَةٌ,2,20:15,2,7
آلذَّكَرَيْنِ,2,6:143,1,13
آللَّهُ,2,10:59,2,7
آلَاءَ,2,7:69,1,6
آلَافٍ,2,3:124,1,6
آلُ,2,2:248,2,3
آلْآنَ,2,10:51,1,6
آمِنُونَ,2,27:89,2,8
آنَاءَ,2,3:113,2,6
آوَوْا,2,8:72,1,6
آوَى,2,12:69,1,4
آيَتُكَ,2,3:41,2,7
أَأَنْتَ,2,5:116,2,8
أَأَنْذَرْتَهُمْ,2,2:6,2,16
أَإِنَّكَ,2,12:90,2,9
أَئِنَّا,2,27:67,2,8
أَبَوَاهُ,2,4:11,2,9
أَبَوَيْهِ,2,12:99,1,10
أَبُوهُمْ,2,12:68,1,9
أَبْصَارَهُمْ,2,2:20,2,13
أَبْصَارِهِمْ,2,2:7,2,13
أَبْنَائِهِنَّ,2,24:31,2,14
أَبْوَابًا,2,43:34,2,10
أَبْوَابٍ,2,12:67,2,9
أَبْوَابُهَا,2,39:71,1,12
أَتَعْبُدُونَ,2,5:76,2,13
أَتَيْنَا,2,21:47,2,9
أَتَيْنَاهُمْ,2,23:71,1,13
أَتُرِيدُونَ,2,4:88,1,12
أَتْبَعَ,2,18:89,1,8
أَتْرَابًا,2,56:37,2,10
أَثَاثًا,2,16:80,2,8
أَثَرِ,2,20:96,2,6
أَثْمَرَ,2,6:99,1,8
أَجَلَ,2,29:5,2,6
أَجَلَهَا,2,15:5,2,9
أَجْرُهُ,2,2:112,2,8
أَحَادِيثَ,2,23:44,2,10
أَحَبُّ,2,12:8,1,7
أَحَدَهُمُ,2,4:18,2,10
أَحَدُكُمْ,2,2:266,2,10
أَحَدِهِمْ,2,3:91,2,10
أَحَلَّ,2,5:87,2,7
أَحْسَنْتُمْ,2,17:7,1,12
أَحْصَنَتْ,2,21:91,2,10
أَحْصَيْنَاهُ,2,36:12,2,13
أَحْلَامٍ,2,12:44,2,9
أَحْيَاءٌ,2,2:154,2,9
أَحْيَاهَا,2,5:32,2,10
أَخٌ,2,4:12,2,4
أَخَانَا,2,12:63,1,8
أَخَذَتْهُ,2,2:206,2,10
أَخَذْتُهُمْ,2,13:32,2,12
أَخَذْنَاهُمْ,2,6:44,2,13
أَخَوَاتِهِنَّ,2,24:31,2,14
أَخْدَانٍ,2,4:25,2,9
أَخْرَجْنَا,2,2:267,2,11
أَخْرِجُوا,2,6:93,2,10
أَدْبَارِهِمْ,2,17:46,2,13
أَدْعُوكُمْ,2,40:41,1,11
أَذَقْنَاهُ,2,11:10,2,11
أَذَلِكَ,2,25:15,2,8
أَذِلَّةً,2,27:34,1,9
أَرَأَيْتَكُمْ,2,6:40,1,14
أَرَاكَ,2,4:105,2,7
أَرَانِي,2,12:36,1,8
أَرَدْتُمْ,2,2:233,2,10
أَرُونِي,2,35:40,2,8
أَرِنَا,2,4:153,2,7
أَرِنِي,2,2:260,2,7
أَرْبَعَةً,2,2:260,2,10
أَرْبَعَةَ,2,2:234,2,10
أَرْبَعَةِ,2,2:226,2,10
أَرْجُلِهِمْ,2,5:66,2,12
أَرْجِهْ,2,7:111,2,8
أَرْحَامُ,2,6:143,1,9
أَرْذَلِ,2,16:70,2,8
أَرْسَلْتَ,2,20:134,2,10
أَرْضُ,2,4:97,2,6
أَرْضِ,2,7:73,2,6
أَزْوَاجِنَا,2,6:139,2,12
أَسَاءَ,2,41:46,2,7
أَسَاءُوا,2,30:10,2,9
أَسَرَّ,2,13:10,2,7
أَسَّسَ,2,9:109,1,7
أَسِفًا,2,7:150,2,7
أَسْرَعُ,2,6:62,2,8
أَسْرَى,2,8:67,2,7
أَسْرِ,2,20:77,2,6
أَسْلَمْتُ,2,2:131,2,10
أَسْوَأَ,2,39:35,2,8
أَشُدَّكُمْ,2,22:5,2,11
أَشِحَّةً,2,33:19,1,9
أَشْتَاتًا,2,24:61,2,10
أَشْرَكْتُمْ,2,6:81,1,12
أَشْكُرَ,2,27:19,2,8
أَصَابَتْكُمْ,2,3:165,2,13
أَصَابَتْهُمْ,2,2:156,2,13
أَصَابَهُمُ,2,3:172,2,11
أَصَابِعَهُمْ,2,2:19,2,13
أَصْدَقُ,2,4:87,1,8
أَصْنَامًا,2,6:74,2,10
أَضْعَافًا,2,2:245,2,10
أَضْغَاثُ,2,12:44,2,9
أَطَعْنَا,2,33:66,1,9
أَطْرَافِهَا,2,13:41,2,12
أَطْهَرُ,2,11:78,2,8
أَظْلَمَ,2,2:20,2,8
أَعْجَازُ,2,54:20,2,9
أَعْجَبَتْكُمْ,2,2:221,2,14
أَعْجَبَكَ,2,5:100,2,10
أَعْطَى,2,20:50,2,7
أَعْظَمُ,2,9:20,2,8
أَعْمَلَ,2,27:19,2,8
أَعْمَلُ,2,10:41,2,8
أَعْيُنٌ,2,7:179,1,8
أَعْيُنٍ,2,25:74,2,8
أَعْيُنَهُمْ,2,5:83,2,12
أَعْيُنُهُمْ,2,18:101,2,12
أَعْيُنِهِمْ,2,8:44,2,12
أَغْنِيَاءُ,2,3:181,2,11
أَغْوَيْتَنِي,2,7:16,2,13
أَفَأَمِنَ,2,7:97,2,10
أَفَأَمِنُوا,2,7:99,2,12
أَفَإِنْ,2,3:144,2,8
أَفَبِالْبَاطِلِ,2,16:72,2,16
أَفَبِعَذَابِنَا,2,26:204,2,16
أَفَضْتُمْ,2,2:198,2,10
أَفَلَ,2,6:76,1,6
أَفَّاكٍ,2,26:222,2,8
أَفِي,2,14:10,2,5
أَفِيضُوا,2,2:199,2,9
أَفْتُونِي,2,12:43,2,10
أَفْرِغْ,2,2:250,2,8
أَفْوَاجًا,2,78:18,2,10
أَقَامُوا,2,5:66,2,9
أَقَرِيبٌ,2,21:109,2,9
أَقُولَ,2,5:116,2,7
أَقِمِ,2,17:78,2,6
أَقِيمُوا,2,6:72,2,9
أَقْدَامَنَا,2,2:250,2,12
أَقْسَطُ,2,2:282,2,8
أَقْسَمُوا,2,5:53,2,10
أَقْسَمْتُمْ,2,7:49,2,12
أَقْصَى,2,28:20,2,7
أَكْبَرَ,2,4:153,2,8
أَكْثَرَكُمْ,2,5:59,2,12
أَلَّنْ,2,18:48,2,7
أَلْقَوْا,2,7:116,2,9
أَلْقِ,2,7:117,2,6
أَلْوَانُهَا,2,35:27,1,12
أَمَدَّكُمْ,2,26:132,1,11
أَمَرَهُمْ,2,12:68,2,10
أَمَنَةً,2,3:154,2,8
أَمِينٍ,2,44:51,2,7
أَمْثَالَكُمْ,2,47:38,2,13
أَمْثَالَهُمْ,2,47:3,2,13
أَمْثَالُكُمْ,2,6:38,2,13
أَمْرُهُ,2,18:28,2,8
أَمْرِهَا,2,65:9,1,9
أَمْسِكْ,2,33:37,2,8
أَمْوَاتًا,2,2:28,2,10
أَمْوَاتٌ,2,2:154,2,9
أَمْوَالًا,2,9:69,2,10
أَمْوَالِ,2,2:188,2,9
أَنَّهُمَا,2,5:107,2,10
أَنْبَاءُ,2,6:5,2,9
أَنْبِيَاءَ,2,2:91,2,11
أَنْتُمُ,2,21:64,2,8
أَنْجَيْنَا,2,7:165,2,11
أَنْجَيْنَاكُمْ,2,7:141,2,15
أَنْزَلْتَ,2,3:53,2,10
أَنْشَأَ,2,6:141,2,8
أَنْصَارُ,2,3:52,2,9
أَنْصَارِي,2,3:52,2,10
أَنْعَامًا,2,25:49,2,10
أَنْفَقَ,2,18:42,2,8
أَنْفُسِهِنَّ,2,2:234,1,13
أَنْهَارًا,2,27:61,2,10
أَهَذَا,2,21:36,2,7
أَهْلُهَا,2,4:75,2,9
أَهْلِكَ,2,3:121,2,8
أَهْلِهِمْ,2,12:62,2,10
أَهْلِي,2,11:45,2,7
أَوَآبَاؤُنَا,2,37:17,2,13
أَوَعَجِبْتُمْ,2,7:63,1,14
أَوَلَيْسَ,2,29:10,2,10
أَوَمَنْ,2,6:122,2,8
أَوْثَانًا,2,29:17,1,10
أَوْزَارَهُمْ,2,6:31,2,13
أَوْزِعْنِي,2,27:19,2,11
أَوْلَادَهُنَّ,2,2:233,2,14
أَوْلِيَاءَهُ,2,3:175,2,13
أَيَّتُهَا,2,12:70,2,10
أَيِّ,2,80:18,2,5
أَيْدِينَا,2,19:64,2,10
أَيْدِيَهُنَّ,2,12:31,1,13
أَيْمَانٌ,2,5:108,2,9
أَيْمَانُهُنَّ,2,24:31,2,14
أُبَلِّغُكُمْ,2,7:62,1,13
أُجَاجٌ,2,25:53,2,7
أُجُورَكُمْ,2,3:185,2,11
أُحِلَّتْ,2,4:160,2,9
أُخَرَ,2,2:184,1,6
أُخْتٌ,2,4:12,1,6
أُذُنٌ,2,9:61,2,6
أُشْرِكُ,2,18:38,2,8
أُعَذِّبُهُ,2,5:115,1,11
أُعِيدُوا,2,22:22,2,9
أُلْقُوا,2,25:13,2,8
أُمَمًا,2,7:160,1,7
أُمَّتُكُمْ,2,21:92,2,11
أُمَّهَاتُهُمْ,2,33:6,2,14
أُمُّ,2,3:7,2,5
أُمُّهُ,2,31:14,2,7
أُمِرْتَ,2,11:112,2,8
أُمِّكَ,2,20:38,1,7
أُنَاسٌ,2,7:82,2,7
أُنِيبُ,2,11:88,2,7
أُنْذِرُوا,2,18:56,2,10
أُوتِيتُهُ,2,28:78,2,10
أُورِثْتُمُوهَا,2,7:43,2,15
أُولَاءِ,2,3:119,2,8
إِثْمٌ,2,2:219,2,6
إِخْوَانًا,2,3:103,2,10
إِخْوَةٌ,2,4:11,2,8
إِصْلَاحًا,2,2:228,2,10
إِصْلَاحِهَا,2,7:56,1,12
إِلًّا,2,9:8,1,6
إِلَهَهُ,2,25:43,2,8
إِلَهَيْنِ,2,5:116,2,10
إِلَيْهِنَّ,2,12:31,1,11
إِمْلَاقٍ,2,6:151,2,9
إِيمَانُهَا,2,6:158,2,11
إِيمَانُهُمْ,2,32:29,2,12
إِيَّاكُمْ,2,34:24,1,10
إِيَّانَا,2,10:28,2,9
ائْتُوا,2,20:64,2,7
ائْتِ,2,10:15,2,5
ابْتَغَى,2,23:7,2,8
ابْتَلَاهُ,2,89:15,1,10
ابْنُوا,2,18:21,2,7
اتَّبِعْ,2,6:106,2,8
اتَّخَذْتُمُ,2,2:51,1,12
اتَّخَذْتُمْ,2,29:25,2,12
اتَّقِ,2,2:206,2,6
اثْنَتَا,2,2:60,2,8
اجْتَبَاهُ,2,16:121,2,10
اجْعَلْنِي,2,12:55,2,10
احْكُمْ,2,5:49,2,7
اخْتَلَفَ,2,2:213,2,9
اخْرُجْ,2,7:18,2,7
ادْخُلُوهَا,2,15:46,2,11
ادْفَعْ,2,23:96,2,7
اذْهَبَا,2,20:43,2,8
اذْهَبُوا,2,12:87,1,9
ارْتَبْتُمْ,2,5:106,2,11
ارْجِعْ,2,12:50,2,7
ارْكَعُوا,2,22:77,2,9
ازْدَادُوا,2,3:90,2,10
اسْتَجِيبُوا,2,8:24,2,12
اسْتَحَبُّوا,2,9:23,2,12
اسْتَطَعْتَ,2,6:35,2,11
اسْتَعِينُوا,2,2:153,2,12
اسْتَغْفِرْ,2,9:80,2,11
اسْتَغْنَى,2,80:5,2,10
اسْتَكَانُوا,2,3:146,2,12
اسْتَمْتَعَ,2,6:128,2,11
اسْتَمْسَكَ,2,2:256,2,11
اسْتَيْسَرَ,2,2:196,1,11
اسْتِكْبَارًا,2,35:43,2,13
اسْكُنُوا,2,7:161,2,9
اسْكُنْ,2,2:35,2,7
اشْتَرَاهُ,2,2:102,2,10
اشْتَرَوْا,2,2:90,2,10
اشْتَمَلَتْ,2,6:143,1,11
اشْكُرْ,2,31:12,1,7
اصْلَوْهَا,2,36:64,2,10
افْتَرَيْتُهُ,2,11:35,2,13
افْتِرَاءً,2,6:138,1,10
اقْتَتَلُوا,2,2:253,2,11
اقْتَرَبَ,2,7:185,2,9
اكْتَسَبُوا,2,4:32,2,11
التَّنُّورُ,2,11:40,2,11
التَّوْبَةَ,2,9:104,2,11
التَّوْبَةُ,2,4:17,1,11
الدَّارُ,2,2:94,2,8
الدَّمْعِ,2,5:83,2,9
الدَّوَابِّ,2,8:22,1,11
الدُّعَاءِ,2,3:38,2,10
الذَّكَرُ,2,3:36,2,9
الذُّنُوبَ,2,3:135,2,10
الذِّلَّةُ,2,2:61,2,10
الرَّاكِعِينَ,2,2:43,2,13
الرَّجِيمِ,2,3:36,2,10
الرَّحْمَةَ,2,6:12,1,11
الرَّسِّ,2,25:38,2,8
الرَّشَادِ,2,40:29,1,10
الرُّبُعُ,2,4:12,1,9
الرُّشْدِ,2,7:146,2,9
الرِّجْزَ,2,7:134,1,9
الرِّزْقِ,2,7:32,2,9
الرِّيحُ,2,14:18,2,8
الرِّيَاحِ,2,2:164,2,10
الزَّقُّومِ,2,37:62,2,11
الزَّكَاةِ,2,21:73,2,10
الزَّوْجَيْنِ,2,53:45,2,13
الزُّبُرِ,2,54:43,1,9
السَّاحِرُ,2,20:69,2,10
السَّامِرِيُّ,2,20:85,1,13
السَّبِيلُ,2,9:93,2,10
السَّفِينَةِ,2,18:71,2,12
السَّكِينَةَ,2,48:4,1,12
السَّمُومِ,2,15:27,2,10
السُّحْتَ,2,5:62,1,9
السُّوءُ,2,7:188,2,8
السِّرَّ,2,20:7,2,8
السِّنِينَ,2,10:5,2,10
الشَّجَرِ,2,16:68,2,9
الشَّفَاعَةَ,2,19:87,2,12
الشَّهَادَةَ,2,2:283,2,12
الشَّهْرَ,2,2:185,2,9
الصَّابِرُونَ,2,28:80,2,13
الصَّادِقُونَ,2,49:15,2,13
الصَّاغِرِينَ,2,7:13,2,13
الصَّالِحَاتُ,2,18:46,2,13
الصَّيْدِ,2,5:1,1,9
الصُّبْحُ,2,11:81,1,9
الصُّحُفِ,2,20:133,2,9
الصُّمُّ,2,8:22,2,8
الضَّلَالَةُ,2,7:30,2,12
الضُّعَفَاءُ,2,14:21,2,12
الطَّاغُوتِ,2,4:60,1,11
الطَّوْلِ,2,9:86,2,9
الطَّيِّبَاتُ,2,5:4,1,13
الطَّيِّبُ,2,7:58,2,10
الظُّلُمَاتُ,2,13:16,2,12
اللَّائِي,2,33:4,2,9
اللَّطِيفُ,2,6:103,2,10
اللَّعْنَةُ,2,13:25,2,11
النَّاقَةَ,2,7:77,2,10
النَّبِيُّونَ,2,2:136,2,13
النَّخْلَةِ,2,19:23,1,11
النَّخْلِ,2,6:99,2,9
النَّدَامَةَ,2,10:54,2,12
النَّذِيرُ,2,15:89,2,10
النَّصِيرُ,2,8:40,2,10
النُّبُوَّةَ,2,29:27,2,12
النُّجُومُ,2,77:8,2,10
النُّشُورُ,2,35:9,2,10
النُّهَى,2,20:54,1,8
النِّكَاحِ,2,2:235,1,10
الْآخَرُ,2,12:36,1,8
الْأَبْرَارِ,2,3:193,2,12
الْأَحْزَابَ,2,33:20,1,12
الْأَخْسَرُونَ,2,11:22,2,14
الْأَخْيَارِ,2,38:47,1,12
الْأَدْنَى,2,7:169,2,10
الْأَزْوَاجَ,2,36:36,2,12
الْأَسْفَلِينَ,2,37:98,2,14
الْأَسْوَاقِ,2,25:7,1,12
الْأَشْقَى,2,87:11,2,10
الْأَشْهَادُ,2,11:18,2,12
الْأَصْفَادِ,2,14:49,2,12
الْأَعْرَابُ,2,9:97,2,12
الْأَعْرَافِ,2,7:46,1,12
الْأَعْرَجِ,2,24:61,2,11
الْأَعْلَوْنَ,2,3:139,2,13
الْأَغْلَالُ,2,13:5,2,12
الْأَكْبَرِ,2,9:3,2,11
الْأَكْمَهَ,2,3:49,2,11
الْأَلْوَاحَ,2,7:150,1,12
الْأَمِينُ,2,26:193,2,10
الْأَمْثَالُ,2,29:43,2,12
الْأَنْعَامُ,2,22:30,2,12
الْأَوْتَادِ,2,38:12,2,12
الْأَيْمَانَ,2,5:89,2,12
الْأَيْمَنِ,2,19:52,2,11
الْأُمِّيِّينَ,2,3:75,2,14
الْأُنْثَى,2,53:21,1,10
الْإِبِلِ,2,6:144,2,9
الْإِثْمَ,2,5:63,2,9
الْإِسْلَامِ,2,3:85,2,12
الْإِنْجِيلَ,2,5:46,2,12
الْإِنْجِيلِ,2,5:47,2,12
الْإِنْسُ,2,17:88,2,9
الْإِيمَانَ,2,49:7,2,11
الْإِيمَانُ,2,42:52,2,11
الْبَاقِينَ,2,26:120,2,11
الْبَحْرُ,2,18:109,1,9
الْبَرِيَّةِ,2,98:6,1,12
الْبَرْقَ,2,13:12,2,9
الْبَشَرِ,2,19:26,2,9
الْبَصَرَ,2,67:3,1,9
الْبَعِيدُ,2,14:18,2,10
الْبَقَرِ,2,6:144,1,9
الْبَنَاتُ,2,37:149,2,10
الْبَنَاتِ,2,16:57,2,10
الْبَنُونَ,2,37:149,2,10
الْبَيِّنَةُ,2,98:1,1,12
الْبَيْعَ,2,2:275,2,9
الْبُطُونَ,2,37:66,2,10
الْبُيُوتَ,2,2:189,1,10
الْبُيُوتِ,2,4:15,2,10
الْبِحَارُ,2,81:6,2,10
الْجَاهِلُونَ,2,25:63,2,13
الْجَلَالِ,2,55:27,1,10
الْجَمْعِ,2,42:7,2,9
الْجَنَّتَيْنِ,2,18:33,2,14
الْجُبِّ,2,12:10,1,8
الْحَجَرَ,2,2:60,2,9
الْحَجَّ,2,2:196,1,8
الْحَدِيدَ,2,34:10,2,10
الْحَرْثَ,2,2:71,1,9
الْحَرْثِ,2,6:136,2,9
الْحَسَنَةُ,2,7:131,2,11
الْحُلُمَ,2,24:58,1,9
الْحِسَابُ,2,13:40,2,10
الْخَائِنِينَ,2,8:58,2,13
الْخَالِقُونَ,2,52:35,2,13
الْخَالِقِينَ,2,23:14,2,13
الْخَبَائِثَ,2,7:157,2,12
الْخَلَّاقُ,2,15:86,2,11
الْخَلْقُ,2,7:54,2,9
الْخَمْرِ,2,2:219,2,9
الْخَوَالِفِ,2,9:87,1,12
الْخَوْفُ,2,33:19,1,9
الْخَوْفِ,2,2:155,2,9
الْخَيْرُ,2,3:26,2,9
الْخُسْرَانُ,2,22:11,2,12
الْخِزْيَ,2,16:27,2,9
الْخِزْيِ,2,10:98,2,9
الْخِصَامِ,2,2:204,2,10
الْخِطَابِ,2,38:20,1,10
الْخِيَرَةُ,2,28:68,2,11
الْعَادُونَ,2,23:7,2,11
الْعَبْدُ,2,38:30,1,9
الْعَتِيقِ,2,22:29,1,10
الْعَفْوَ,2,2:219,2,9
الْعَنْكَبُوتِ,2,29:41,1,14
الْعُسْرِ,2,94:5,1,9
الْعُلَى,2,20:4,1,8
الْعُمُرُ,2,21:44,2,9
الْعُمُرِ,2,16:70,2,9
الْعُمْيَ,2,10:43,2,9
الْعُمْيِ,2,27:81,2,9
الْعِبَادِ,2,36:30,2,10
الْعِدَّةَ,2,2:185,2,10
الْعِظَامَ,2,23:14,2,10
الْعِيرُ,2,12:70,1,8
الْغَائِطِ,2,4:43,2,10
الْغَافِلُونَ,2,7:179,2,13
الْغَافِلِينَ,2,7:205,2,13
الْغَاوِينَ,2,7:175,2,11
الْغَفَّارُ,2,38:66,2,11
الْغَمَامَ,2,2:57,2,10
الْغَيْثَ,2,31:34,2,9
الْغَيْظِ,2,3:119,2,9
الْغُرُورِ,2,3:185,2,10
الْفَتْحُ,2,8:19,2,9
الْفَتْحِ,2,32:29,2,9
الْفَحْشَاءِ,2,16:90,2,12
الْفَوَاحِشَ,2,6:151,2,12
الْفُقَرَاءُ,2,35:15,2,12
الْفُلْكُ,2,30:46,2,9
الْقَاسِطُونَ,2,72:14,1,13
الْقَاهِرُ,2,6:18,1,10
الْقَدِيمِ,2,12:95,2,10
الْقَرَارُ,2,14:29,2,10
الْقَصَصَ,2,7:176,2,9
الْقَمَرُ,2,54:1,2,9
الْقَهَّارِ,2,14:48,2,11
الْقَيُّومُ,2,2:255,2,11
الْقُرُونَ,2,10:13,2,10
الْقُوَّةِ,2,28:76,2,10
الْقِتَالَ,2,4:77,2,10
الْكَافِرُ,2,25:55,2,10
الْكَرِيمِ,2,23:116,2,10
الْكِبَرِ,2,14:39,2,9
الْكِبْرِيَاءُ,2,10:78,2,14
الْكِفْلِ,2,21:85,2,9
الْمَاكِرِينَ,2,3:54,2,13
الْمَالَ,2,2:177,2,8
الْمَثَلُ,2,16:60,2,9
الْمَرِيضِ,2,24:61,2,10
الْمَرْءُ,2,78:40,2,9
الْمَرْءِ,2,2:102,2,9
الْمَسِيحَ,2,4:157,2,10
الْمَشَارِقِ,2,37:5,2,12
الْمَشْرِقَيْنِ,2,43:38,2,15
الْمَشْرِقُ,2,2:115,1,11
الْمَضَاجِعِ,2,4:34,2,12
الْمَعْلُومِ,2,15:38,2,12
الْمَغْفِرَةِ,2,53:32,2,13
الْمَكْرُ,2,13:42,2,9
الْمَلَإِ,2,2:246,2,9
الْمَوْجُ,2,10:22,2,9
الْمَيْتَةَ,2,2:173,2,11
الْمَيْتَةُ,2,5:3,2,11
الْمُؤْمِنَاتُ,2,60:10,1,14
الْمُحْضَرِينَ,2,28:61,2,14
الْمُسَحَّرِينَ,2,26:153,1,15
الْمُسْتَعَانُ,2,12:18,2,14
الْمُسْتَقِيمِ,2,17:35,2,14
الْمُصَلِّينَ,2,70:22,2,13
الْمُصْلِحِينَ,2,7:170,2,14
الْمُقَدَّسِ,2,20:12,2,12
الْمُكْرَمِينَ,2,36:27,2,14
الْمُنِيرِ,2,3:184,2,10
الْمُنْتَهَى,2,53:14,1,12
الْمُنْذِرِينَ,2,26:194,2,14
الْمُنْزِلِينَ,2,12:59,2,14
الْمُنْكَرَ,2,22:72,2,11
الْمُهَاجِرِينَ,2,9:100,2,15
الْمُهِينِ,2,34:14,2,10
الْمُهْتَدِ,2,17:97,2,11
الْمُهْتَدِينَ,2,6:56,2,14
الْمِحْرَابَ,2,3:37,2,12
الْمِحْرَابِ,2,3:39,2,12
الْمِكْيَالَ,2,11:84,1,12
الْمِيزَانَ,2,55:7,1,11
الْهَدْيِ,2,2:196,1,9
الْوَاحِدِ,2,14:48,2,10
الْوَارِثُونَ,2,15:23,2,13
الْوَاقِعَةُ,2,56:1,2,12
الْوَدْقَ,2,24:43,2,9
الْوَسِيلَةَ,2,5:35,2,12
الْوَعِيدِ,2,20:113,2,10
الْوَقْتِ,2,15:38,2,9
الْوَلِيُّ,2,42:9,1,10
الْوَهَّابُ,2,3:8,2,11
الْوُثْقَى,2,2:256,2,10
الْيَتِيمِ,2,6:152,2,10
الْيَقِينُ,2,15:99,2,10
الْيَهُودَ,2,5:51,1,10
الْيَوْمُ,2,70:44,2,9
امْرَأَةٌ,2,4:12,1,9
امْرَأَتَ,2,66:10,1,9
امْرَأَتَكَ,2,11:81,2,11
امْرَأَتِي,2,19:5,1,10
امْكُثُوا,2,20:10,2,9
انْطَلِقُوا,2,77:29,1,11
انْقَلَبْتُمْ,2,3:144,2,13
اهْتَزَّتْ,2,22:5,2,10
بَأْسًا,2,4:84,2,7
بَأْسَ,2,4:84,2,6
بَاءَ,2,3:162,2,5
بَابًا,2,15:14,2,6
بَاخِعٌ,2,18:6,2,7
بَارِئِكُمْ,2,2:54,1,11
بَاطِلًا,2,3:191,2,8
بَالَهُمْ,2,47:2,1,9
بَالُ,2,12:50,2,5
بَالِغَةٌ,2,54:5,2,9
بَخِلُوا,2,3:180,2,8
بَدَا,2,6:28,2,5
بَدَّلُوا,2,14:28,2,9
بَدِيعُ,2,2:117,2,7
بَرَاءَةٌ,2,9:1,2,9
بَرَزُوا,2,2:250,2,8
بَرْدًا,2,21:69,2,7
بَرْزَخٌ,2,23:100,2,8
بَسْطَةً,2,2:247,2,8
بَصَائِرَ,2,17:102,2,9
بَطَشْتُمْ,2,26:130,1,10
بَطَنَ,2,6:151,2,6
بَطْشًا,2,43:8,2,7
بَطْنِهِ,2,24:45,2,8
بَعَثْنَاهُمْ,2,18:12,1,13
بَعِيدٌ,2,21:109,2,7
بَعِيرٍ,2,12:65,1,7
بَعْدَهَا,2,18:76,2,9
بَعْدَهُ,2,7:185,2,8
بَعْضُهَا,2,3:34,2,9
بَعْضِكُمْ,2,24:63,2,10
بَغِيًّا,2,19:20,1,8
بَقَرَاتٍ,2,12:43,1,9
بَلَاغٌ,2,14:52,2,7
بَلَدٍ,2,16:7,2,6
بَلَغَتِ,2,56:83,2,8
بَلَغُوا,2,4:6,2,8
بَلَغْنَ,2,2:234,2,8
بَنَاتِي,2,11:78,2,8
بَنَاهَا,2,79:27,2,8
بَنَيْنَاهَا,2,50:6,2,12
بَنِينَ,2,6:100,2,7
بَهِيجٍ,2,22:5,2,7
بَهِيمَةِ,2,22:28,1,9
بَوَّأْنَا,2,10:93,2,10
بَيِّنَاتٌ,2,3:97,2,10
بَيْتًا,2,29:41,2,7
بَيْتِكَ,2,8:5,2,8
بَيْضَاءُ,2,7:108,2,9
بَيْنَكَ,2,17:45,2,8
بَيْنَهَا,2,3:30,2,9
بَيْنَهُ,2,24:43,2,8
بَيْنَهُمُ,2,5:14,1,10
بَيْنِهِمَا,2,4:35,2,11
بَيْنِهِمْ,2,19:37,2,10
بُرُوجًا,2,15:16,2,8
بُرْهَانَ,2,12:24,2,9
بُطُونِهَا,2,16:69,2,10
بُعُولَتِهِنَّ,2,24:31,1,14
بُكْمٌ,2,2:18,1,6
بُنْيَانًا,2,18:21,2,10
بُنْيَانَهُ,2,9:109,1,11
بُورًا,2,25:18,2,6
بُيُوتِكُنَّ,2,33:33,1,12
بِآبَائِنَا,2,44:36,2,11
بِآلِهَتِنَا,2,21:59,1,12
بِأَرْبَعَةِ,2,24:4,1,12
بِأَسْمَائِهِمْ,2,2:33,1,15
بِأَعْلَمَ,2,6:53,2,10
بِأَفْوَاهِكُمْ,2,24:15,2,15
بِأَلْسِنَتِهِمْ,2,4:46,2,16
بِأَمْرِ,2,19:64,2,8
بِأَمْرِنَا,2,21:73,2,11
بِأَمْوَالٍ,2,17:6,2,11
بِأَنَّا,2,3:52,1,8
بِأَنَّهُ,2,40:12,2,9
بِأَنَّهُمُ,2,16:107,2,11
بِأَنْفُسِهِنَّ,2,2:228,1,15
بِأَهْلِهِ,2,28:29,2,10
بِأَيِّ,2,31:34,2,7
بِأَيْدِيكُمْ,2,2:195,2,13
بِإِسْحَاقَ,2,11:71,2,11
بِالسَّاعَةِ,2,25:11,1,12
بِالشَّرِّ,2,17:11,2,10
بِالصَّالِحِينَ,2,12:101,2,15
بِالصِّدْقِ,2,39:32,1,11
بِالنَّفْسِ,2,5:45,2,11
بِالنَّهَارِ,2,6:60,2,12
بِالْآيَاتِ,2,17:59,1,11
بِالْأُفُقِ,2,53:7,2,11
بِالْأُنْثَى,2,2:178,2,12
بِالْبَأْسَاءِ,2,6:42,2,14
بِالْبَنِينَ,2,17:40,2,12
بِالْبُخْلِ,2,4:37,2,11
بِالْبُشْرَى,2,11:69,2,12
بِالْبِرِّ,2,2:44,2,10
بِالْحِكْمَةِ,2,16:125,2,13
بِالْخَيْرِ,2,10:11,2,11
بِالْعَرَاءِ,2,37:145,2,12
بِالْعُدْوَةِ,2,8:42,1,13
بِالْعُرْوَةِ,2,2:256,2,13
بِالْغَدَاةِ,2,6:52,2,12
بِالْقُرْآنِ,2,20:114,2,12
بِالْقِسْطَاسِ,2,17:35,2,14
بِالْمَوَدَّةِ,2,60:1,1,14
بِالْمُتَّقِينَ,2,3:115,2,15
بِالْمُجْرِمِينَ,2,37:34,2,16
بِالْمُفْسِدِينَ,2,3:63,2,16
بِالْيَمِينِ,2,37:93,2,12
بِالْيَوْمِ,2,4:38,2,11
بِبَعِيدٍ,2,11:83,1,9
بِبَنِي,2,7:138,2,7
بِبَيِّنَةٍ,2,7:105,2,11
بِتَأْوِيلِ,2,12:44,2,11
بِتَابِعٍ,2,2:145,1,9
بِجَانِبِ,2,28:44,1,9
بِجَانِبِهِ,2,17:83,2,11
بِجَهَازِهِمْ,2,12:59,1,13
بِجَهَنَّمَ,2,4:55,2,11
بِجُنُودٍ,2,9:40,2,9
بِحَفِيظٍ,2,6:104,2,9
بِحُورٍ,2,44:54,2,7
بِخَارِجِينَ,2,2:167,2,12
بِخَبَرٍ,2,27:7,2,8
بِخَلَاقِهِمْ,2,9:69,1,13
بِخَلْقٍ,2,14:19,2,8
بِذَنْبِهِمْ,2,67:11,2,12
بِذُنُوبِ,2,17:17,2,9
بِرَبِّنَا,2,20:73,2,10
بِرَحْمَتِكَ,2,10:86,2,12
بِرَحْمَتِهِ,2,2:105,2,12
بِرِيحٍ,2,10:22,2,7
بِزَعْمِهِمْ,2,6:136,1,12
بِزِينَةٍ,2,24:60,2,9
بِسُورَةٍ,2,2:23,2,9
بِسِحْرٍ,2,7:116,2,8
بِشَرٍّ,2,5:60,2,7
بِشُرَكَائِهِمْ,2,30:13,2,15
بِضَاعَتَهُمْ,2,12:62,1,13
بِطَارِدِ,2,11:29,2,9
بِظُلْمِهِمْ,2,4:153,2,12
بِعَهْدِهِ,2,3:76,2,10
بِعِبَادَتِهِمْ,2,19:82,2,15
بِعِجْلٍ,2,11:69,2,8
بِعِلْمٍ,2,6:143,2,8
بِعِيسَى,2,5:46,2,8
بِفَاكِهَةٍ,2,38:51,2,11
بِقِطْعٍ,2,11:81,2,8
بِكَلِمَةٍ,2,3:39,1,10
بِلِسَانِكَ,2,19:97,2,11
بِمَبْعُوثِينَ,2,6:29,2,14
بِمَجْنُونٍ,2,68:2,2,11
بِمَسْبُوقِينَ,2,56:60,2,14
بِمَصَابِيحَ,2,41:12,2,12
بِمَنِ,2,53:30,1,6
بِمِثْلِهِ,2,17:88,2,10
بِنَاءً,2,2:22,2,7
بِنَبَإٍ,2,27:22,2,8
بِنِعْمَةٍ,2,3:171,1,10
بِنِعْمَةِ,2,68:2,2,10
بِنِعْمَتِ,2,31:31,2,10
بِوُجُوهِكُمْ,2,4:43,2,13
بِيَدِ,2,3:73,2,6
بِيَدِكَ,2,3:26,2,8
بِيَمِينِكَ,2,20:17,2,11
تَأَخَّرَ,2,2:203,2,9
تَأَذَّنَ,2,7:167,2,9
تَأْتِهِمْ,2,7:203,2,10
تَأْتِي,2,16:111,2,7
تَأْتِيكُمْ,2,7:187,2,11
تَأْخُذُوا,2,2:229,2,10
تَأْسَ,2,5:26,1,6
تَأْكُلْ,2,7:73,2,8
تَأْلَمُونَ,2,4:104,1,11
تَأْمَنْهُ,2,3:75,1,10
تَأْوِيلًا,2,4:59,2,10
تَأْوِيلَهُ,2,3:7,2,11
تَأْوِيلُ,2,12:100,2,9
تَأْوِيلُهُ,2,7:53,2,11
تَارَةً,2,17:69,2,7
تَبَرَّأَ,2,2:166,2,9
تَبَعًا,2,14:21,2,7
تَبِعَ,2,2:38,2,6
تَبْتَئِسْ,2,11:36,2,10
تَبْتَغُوا,2,2:198,2,10
تَبْدِيلَ,2,10:64,2,9
تَتَوَفَّاهُمُ,2,16:28,1,14
تَتَّقُوا,2,3:28,2,9
تَتْبِيرًا,2,17:7,2,10
تَجَلَّى,2,7:143,2,8
تَجِدُوهُ,2,2:110,2,9
تَجْزِي,2,2:48,1,7
تَجْعَلْنِي,2,7:150,2,11
تَجْهَرْ,2,17:110,2,8
تَحِيَّةً,2,24:61,2,9
تَحِيَّتُهُمْ,2,14:23,2,13
تَحْتِهِمْ,2,6:6,2,10
تَحْزَنَ,2,20:40,2,8
تَحْزَنُونَ,2,7:49,2,11
تَحْزَنِي,2,19:24,2,9
تَحْمِلُهُ,2,2:248,2,10
تَحْمِلْ,2,2:286,2,8
تَخْشَوْهُمْ,2,2:150,2,12
تَدَّعُونَ,2,41:31,2,10
تَدْرُسُونَ,2,3:79,2,11
تَدْعُونَا,2,11:62,2,10
تَدْعُونَنِي,2,40:42,1,12
تَدْمِيرًا,2,17:16,2,10
تَذَرُ,2,51:42,2,6
تَذَرُنَّ,2,71:23,1,9
تَرَاضٍ,2,2:233,2,7
تَرَانِي,2,7:143,1,8
تَرَكُوا,2,4:9,2,8
تَرَكْتُ,2,12:37,2,8
تَرَكْتُمْ,2,4:12,1,10
تَرَوْا,2,31:20,2,7
تَرَوْنَ,2,8:48,2,8
تَرْتِيلًا,2,25:32,2,10
تَرْجُفُ,2,73:14,2,8
تَرْضَاهُ,2,27:19,2,9
تَرْضَى,2,2:120,2,7
تَرْهَقُهُمْ,2,68:43,2,12
تَزِدِ,2,71:24,1,6
تَسُؤْهُمْ,2,3:120,2,10
تَسْبِقُ,2,15:5,2,8
تَسْتَوِي,2,13:16,2,9
تَسْجُدَ,2,7:12,2,8
تَسْلِيمًا,2,4:65,2,10
تَسْمَعُونَ,2,8:20,2,11
تَشَاءُونَ,2,76:30,2,10
تَشَابَهَ,2,2:70,2,9
تَشَقَّقُ,2,25:25,2,9
تَشْرَبُونَ,2,23:33,2,11
تَشْهَدُونَ,2,2:84,2,11
تَصْدِيقَ,2,10:37,2,9
تَصْطَلُونَ,2,27:7,2,11
تَضَعُ,2,35:11,2,6
تَضِلُّوا,2,4:44,1,9
تَطَوَّعَ,2,2:158,1,9
تَطَّلِعُ,2,5:13,2,9
تَظَاهَرَا,2,28:48,2,10
تَعُدُّوا,2,14:34,2,9
تَعُدُّونَ,2,22:47,2,10
تَعُودُوا,2,8:19,2,9
تَعْبُدُ,2,19:42,2,8
تَعْجَلْ,2,19:84,2,8
تَعْرِفُ,2,22:72,2,8
تَعْضُلُوهُنَّ,2,2:232,2,14
تَعْلُوا,2,27:31,2,8
تَعْمَى,2,22:46,1,7
تَغُرَّنَّكُمُ,2,31:33,2,14
تَغْلُوا,2,4:171,2,8
تَفِيضُ,2,5:83,2,7
تَفْتَرُونَ,2,10:59,2,11
تَفْجِيرًا,2,17:91,2,10
تَفْرَحُونَ,2,27:36,2,11
تَفْضِيلًا,2,17:21,1,10
تَقَطَّعَ,2,6:94,2,9
تَقُمْ,2,9:84,1,6
تَقُومُوا,2,4:127,2,9
تَقْدِرُوا,2,5:34,2,10
تَقْدِيرًا,2,25:2,2,10
تَقْرَبَا,2,2:35,2,9
تَقْعُدُوا,2,4:140,2,10
تَقْوَى,2,9:109,2,7
تَكُونَا,2,7:20,1,8
تَكْرَهُوا,2,2:216,2,10
تَلْبَسُونَهَا,2,16:14,2,14
تَلْقَفُ,2,7:117,2,8
تَمَسَّنَا,2,2:80,2,10
تَمَنَّى,2,22:52,2,8
تَمُدَّنَّ,2,15:88,2,10
تَمُوتُنَّ,2,2:132,2,10
تَمُورُ,2,52:9,2,7
تَمِيلُوا,2,4:27,1,9
تَمْتَرُونَ,2,6:2,2,11
تَمْشِ,2,17:37,2,6
تَمْشِي,2,20:40,2,7
تَمْلِكُونَ,2,17:100,2,11
تَنْتَهُوا,2,8:19,2,10
تَنْطِقُونَ,2,37:92,2,11
تَنْفِرُوا,2,9:39,1,10
تَنْكِحُوهُنَّ,2,4:127,2,14
تَهْتَدُوا,2,2:135,2,10
تَهْتَزُّ,2,27:10,2,9
تَهْوِي,2,14:37,2,7
تَوَّابٌ,2,24:10,2,8
تَوْبَةً,2,4:92,2,8
تَيَسَّرَ,2,73:20,1,9
تُؤْتِي,2,3:26,2,7
تُؤْمَرُ,2,15:94,2,8
تُؤْمَرُونَ,2,2:68,2,11
تُؤْمِنْ,2,2:260,2,8
تُبَّعٍ,2,44:37,2,7
تُبْتُمْ,2,2:279,2,8
تُبْدَ,2,5:101,1,6
تُبْطِلُوا,2,2:264,2,10
تُجْزَى,2,40:17,2,7
تُحَاجُّونَ,2,3:65,1,11
تُحِطْ,2,18:68,2,6
تُحْصُوهَا,2,14:34,2,10
تُحْمَلُونَ,2,23:22,2,11
تُخَاطِبْنِي,2,11:37,2,12
تُخْزُونِ,2,11:78,2,9
تُخْفُونَ,2,5:15,2,9
تُخْفِي,2,3:118,2,7
تُدْعَوْنَ,2,40:10,2,10
تُرَدُّونَ,2,9:94,2,10
تُرِدْنَ,2,33:28,1,8
تُسْرِفُوا,2,6:141,2,10
تُشْرِكْ,2,22:26,2,8
تُصِبْكَ,2,9:50,1,8
تُصِيبَهُمْ,2,24:63,2,11
تُصْرَفُونَ,2,10:32,2,11
تُطِعْهُمَا,2,29:8,2,11
تُظْلَمُ,2,21:47,2,8
تُعَذِّبْهُمْ,2,5:118,2,13
تُعْجِبْكَ,2,9:55,1,10
تُغْنِي,2,10:101,2,7
تُفِيضُونَ,2,10:61,2,10
تُقَاتِلُوا,2,2:246,2,11
تُقَاتِلُونَ,2,4:75,2,12
تُقْبَلَ,2,3:90,2,8
تُكَلَّفُ,2,2:233,2,9
تُكَلِّمَ,2,3:41,2,9
تُكِنُّ,2,27:74,2,7
تُلْقِيَ,2,7:115,2,8
تُنَزَّلَ,2,3:93,2,9
تُنَزِّلَ,2,4:153,2,9
تُنْبِتُ,2,2:61,2,8
تُنْذِرُ,2,35:18,2,8
تُنْذِرْهُمْ,2,2:6,2,12
تُنْفِقُونَ,2,2:267,1,11
تُوَفَّى,2,2:281,2,8
تِلْقَاءَ,2,7:47,2,9
ثَانِيَ,2,9:40,2,7
ثَقِفْتُمُوهُمْ,2,2:191,2,15
ثَقِيلًا,2,73:5,2,8
ثَلَاثَةٌ,2,4:171,2,9
ثَلَاثَةٍ,2,5:73,2,9
ثَلَاثَةِ,2,2:196,2,9
ثَمَانِيَةَ,2,6:143,2,11
ثَمَرَاتٍ,2,35:27,2,9
ثَوَابُ,2,4:134,2,7
ثُعْبَانٌ,2,7:107,2,9
ثُقِفُوا,2,3:112,2,8
ثُلَّةٌ,2,56:13,1,7
ثِيَابَهُمْ,2,11:5,2,11
جَاءَتِ,2,79:34,2,7
جَاءَنِي,2,19:43,2,8
جَاءَهَا,2,27:8,2,8
جَامِعُ,2,3:9,2,7
جَانِبَ,2,17:68,2,7
جَانِبِ,2,19:52,2,7
جَاهَدَاكَ,2,29:8,2,10
جَاهِدِ,2,9:73,2,7
جَبَّارِينَ,2,5:22,2,11
جَحِيمٍ,2,56:94,2,7
جَدَلًا,2,18:54,2,7
جَدِيدًا,2,17:49,1,8
جَزَيْنَاهُمْ,2,6:146,2,13
جَعَلْنَاكُمْ,2,2:143,2,13
جَعَلْنَاهُمْ,2,21:8,1,13
جَمِيلٌ,2,12:18,1,7
جَنَّةُ,2,25:15,2,7
جَنَّتَيْنِ,2,18:32,2,11
جَهَّزَهُمْ,2,12:59,1,11
جَيْبِكَ,2,27:12,2,8
جُزْءًا,2,2:260,2,7
جُلُودُهُمْ,2,4:56,2,11
جُنَّةً,2,58:16,2,7
جُنُبًا,2,4:43,2,7
جُنُودُ,2,48:4,1,7
جُوعٍ,2,88:7,2,5
جِئْتَنَا,2,7:129,2,9
جِئْتَهُمْ,2,5:110,2,10
جِئْتُمُونَا,2,6:94,2,12
جِئْتُمْ,2,10:81,2,8
جِثِيًّا,2,19:68,1,8
جِنَّةٍ,2,7:184,2,7
جِهَادًا,2,25:52,2,8
حَاشَ,2,12:31,1,5
حَافِظُونَ,2,23:5,2,10
حَدَائِقَ,2,27:60,2,9
حَذَرَ,2,2:19,1,6
حَرَجًا,2,4:65,2,7
حَرَمًا,2,28:57,2,7
حَرِيرٌ,2,22:23,2,7
حَرِّقُوهُ,2,21:68,2,10
حَسَرَاتٍ,2,2:167,2,9
حَسْبُهُمْ,2,9:68,2,10
حَسْبِيَ,2,9:129,2,8
حَصِيدًا,2,10:24,2,8
حَظٍّ,2,28:79,2,5
حَظِّ,2,4:11,1,5
حَكَمًا,2,4:35,2,7
حَمَلَتْ,2,6:146,2,8
حَمَلَتْهُ,2,31:14,2,10
حَمْلٍ,2,22:2,2,6
حَمْلَهُنَّ,2,65:4,1,11
حَوْلَكُمْ,2,9:101,2,10
حَيَاةً,2,16:97,2,7
حُبِّهِ,2,2:177,2,7
حُجَّةٌ,2,2:150,2,7
حُسْبَانًا,2,6:96,2,10
حُسْنُ,2,3:14,1,6
حُكْمُ,2,5:43,2,6
حُنَفَاءَ,2,22:31,2,9
حِجَابًا,2,17:45,2,8
حِجَابٌ,2,7:46,2,7
حِجَابٍ,2,33:53,2,7
حِذْرَكُمْ,2,4:71,1,10
حِزْبٍ,2,23:53,2,6
حِزْبُ,2,58:19,1,6
حِسَابُهُمْ,2,21:1,2,11
حِسَابِهِمْ,2,6:52,1,11
حِسَابِيَهْ,2,69:20,1,11
حِطَّةٌ,2,2:58,2,7
حِلْيَةً,2,16:14,2,8
خَائِفًا,2,28:18,1,8
خَاسِئِينَ,2,2:65,2,10
خَاشِعَةٌ,2,79:9,2,9
خَاطِئِينَ,2,12:97,2,10
خَالِقٌ,2,15:28,2,7
خَبَالًا,2,3:118,2,8
خَبِيثَةٍ,2,14:26,1,9
خَبِيرٍ,2,11:1,2,7
خَرَجْتَ,2,2:149,1,8
خَرَّ,2,22:31,2,5
خَرُّوا,2,19:58,2,7
خَرْجًا,2,18:94,2,7
خَرْدَلٍ,2,21:47,2,8
خَشْيَةَ,2,17:31,1,8
خَصِيمٌ,2,16:4,2,7
خَصْمَانِ,2,22:19,2,9
خَطَأً,2,4:92,1,6
خَطَايَاكُمْ,2,2:58,2,12
خَطَايَانَا,2,20:73,2,11
خَطْبُكُمْ,2,15:57,2,10
خَلَا,2,2:76,2,5
خَلَاقٍ,2,2:102,1,7
خَلَتِ,2,46:17,1,6
خَلَقَكَ,2,18:37,2,8
خَلَقَهُنَّ,2,41:37,2,11
خَلَقْتَ,2,3:191,2,8
خَلَقْتَنِي,2,7:12,2,11
خَلِيفَةً,2,2:30,2,9
خَلْفٌ,2,7:169,2,6
خَلْقَهُ,2,20:50,2,8
خَمْرًا,2,12:36,1,7
خَمْسِينَ,2,29:14,2,9
خَوْفٍ,2,10:83,2,6
خُبْرًا,2,18:68,1,7
خُذُوهُ,2,44:47,2,7
خُذِ,2,7:199,2,4
خُوَارٌ,2,7:148,2,7
خِلَالَهَا,2,17:91,2,10
خِلَالِهِ,2,24:43,2,9
دَائِرَةُ,2,9:98,2,9
دَاخِرُونَ,2,16:48,2,10
دَاخِرِينَ,2,27:87,2,10
دَاعِيَ,2,46:31,1,7
دَامَتِ,2,11:107,1,7
دَانِيَةٌ,2,6:99,2,9
دَخَلًا,2,16:92,1,7
دَخَلَ,2,3:37,2,6
دَعَاكُمْ,2,8:24,2,9
دَعَانَا,2,10:12,2,8
دَعَوْتُهُمْ,2,71:7,1,12
دَفْعُ,2,2:251,2,6
دَمَّرْنَا,2,26:172,2,10
دُعَاءُ,2,13:14,2,7
دُعَاءِ,2,14:40,2,7
دُمْتُ,2,5:117,2,6
دُونِكَ,2,16:86,2,7
دُونِهِمَا,2,18:93,2,10
دِينَهُمُ,2,24:25,1,9
دِينِهِ,2,2:217,2,7
دِينِي,2,10:104,2,6
ذَاقُوا,2,6:148,2,7
ذَرَأَ,2,6:136,2,6
ذَرَأَكُمْ,2,23:79,2,10
ذَرْعًا,2,11:77,2,7
ذَرْهُمْ,2,6:91,2,8
ذَكَرَهُ,2,74:55,2,8
ذَوَا,2,5:95,1,5
ذُرِّيَّةٌ,2,2:266,2,10
ذُرِّيَّتَهُ,2,17:62,2,12
ذُرِّيَّتِهِ,2,6:84,2,12
ذُرِّيَّتِهِمَا,2,37:113,2,15
ذُكِّرَ,2,18:57,2,7
ذِكْرٍ,2,21:2,2,6
ذِكْرَ,2,12:42,2,6
ذِكْرُ,2,19:2,2,6
ذِكْرِنَا,2,18:28,2,9
ذِمَّةً,2,9:8,1,7
رَآهَا,2,27:10,2,6
رَأَوْهُ,2,46:24,2,8
رَابِعُهُمْ,2,18:22,2,11
رَاضِيَةٍ,2,69:21,2,9
رَاعُونَ,2,23:8,2,8
رَاغِبُونَ,2,9:59,2,10
رَاوَدْتُهُ,2,12:32,1,11
رَبُّكُمَا,2,7:20,2,10
رَبُّهُمَا,2,7:22,2,10
رَبِّهِمُ,2,17:57,2,9
رَجَعُوا,2,9:122,2,8
رَجَعْتُمْ,2,2:196,2,10
رَجِيمٌ,2,15:34,2,7
رَجِيمٍ,2,15:17,2,7
رَحُبَتْ,2,9:25,1,8
رَحِيمٍ,2,36:58,2,7
رَحْمَتَهُ,2,17:57,2,10
رَحْمَتِ,2,19:2,2,8
رَزَقَهُمُ,2,4:39,2,10
رَزَقَهُمْ,2,22:28,1,10
رَسُولُنَا,2,5:15,1,10
رَسُولِنَا,2,5:92,2,10
رَصَدًا,2,72:9,1,7
رَفَعَ,2,13:2,2,6
رَقِيبًا,2,4:1,2,8
رَقِيبٌ,2,11:93,2,7
رَمَيْتَ,2,8:17,1,8
رَهَقًا,2,72:6,1,7
رَوْحِ,2,12:87,1,6
رَيْبٍ,2,2:23,2,6
رُءُوسَكُمْ,2,2:196,2,11
رُءُوسَهُمْ,2,17:51,2,11
رُءُوسُ,2,2:279,2,7
رُؤْيَايَ,2,12:43,1,9
رُدَّتْ,2,12:65,1,7
رُدُّوهَا,2,4:86,2,9
رُسُلِنَا,2,17:77,2,9
رُسُلِهِ,2,2:285,2,8
رُشْدًا,2,4:6,2,7
رُوحِنَا,2,21:91,2,8
رُوحِي,2,15:29,2,6
رِئَاءَ,2,2:264,2,7
رِجَالِكُمْ,2,2:282,2,11
رِجْزٍ,2,34:5,2,6
رِزْقَهُ,2,67:21,2,8
رِزْقُهَا,2,11:6,2,9
رِزْقِ,2,2:60,2,6
رِسَالَتَهُ,2,5:67,2,11
رِضْوَانَ,2,3:162,1,9
رِضْوَانَهُ,2,5:16,2,11
رِيحٌ,2,10:22,2,5
زَبُورًا,2,4:163,2,8
زَجْرَةٌ,2,37:19,2,8
زَعِيمٌ,2,12:72,2,7
زَفِيرٌ,2,11:106,2,7
زَيَّنَ,2,6:137,2,7
زُلْفَى,2,34:37,2,7
زُمَرًا,2,39:71,1,7
زِدْنَاهُمْ,2,16:88,2,11
زِينَةً,2,10:88,2,7
زِينَةَ,2,7:32,2,7
زِينَتَهُنَّ,2,24:31,1,12
سَأَلْتُكُمْ,2,10:72,2,12
سَأُرِيكُمْ,2,7:145,2,11
سَادِسُهُمْ,2,18:22,2,11
سَافِلَهَا,2,11:82,2,10
سَاهُونَ,2,51:11,2,8
سَبَقَكُمْ,2,7:80,2,10
سَبَقُونَا,2,46:11,2,10
سَبِيلَهُ,2,18:61,1,9
سَبْحًا,2,73:7,2,7
سَبْعًا,2,15:87,2,7
سَبْعَةُ,2,15:44,2,8
سَبْعِينَ,2,7:155,2,9
سَحَابٌ,2,24:40,2,7
سَخَّرَهَا,2,22:37,2,10
سَدِيدًا,2,4:9,2,8
سَرَاحًا,2,33:28,1,8
سَرَقَ,2,12:77,1,6
سَرْمَدًا,2,28:71,1,9
سَعَتِهِ,2,4:130,2,8
سَعَوْا,2,22:51,2,7
سَعْيُهُمْ,2,17:19,2,10
سَقِيمٌ,2,37:89,1,7
سَكَنًا,2,6:96,2,7
سَلِيمٍ,2,26:89,2,7
سَمِعَ,2,3:181,2,6
سَمِعْتُمُوهُ,2,24:12,1,13
سَمِيًّا,2,19:7,1,8
سَمْعًا,2,18:101,2,7
سَمْعُهُمْ,2,41:20,2,10
سَنَةً,2,5:26,2,6
سَنَسْتَدْرِجُهُمْ,2,7:182,2,18
سَنَكْتُبُ,2,3:181,2,10
سَنُدْخِلُهُمْ,2,4:57,1,14
سَنُلْقِي,2,3:151,2,9
سَوَّيْتُهُ,2,15:29,2,11
سَوْءَةَ,2,5:31,1,8
سَوْآتُهُمَا,2,7:22,2,12
سَوْآتِهِمَا,2,7:20,1,12
سَيَجْزِيهِمْ,2,6:138,1,13
سَيَجْعَلُ,2,19:96,2,10
سَيُجْزَوْنَ,2,6:120,2,12
سَيُصِيبُ,2,6:124,2,9
سَيِّئَاتِهِ,2,64:9,2,12
سُبَاتًا,2,25:47,2,8
سُبُلَ,2,5:16,2,6
سُبُلَنَا,2,14:12,2,9
سُكَارَى,2,4:43,2,8
سُلَالَةٍ,2,23:12,2,9
سُنَّةُ,2,15:13,2,7
سُنَّتَ,2,35:43,2,7
سُنْبُلَاتٍ,2,12:43,1,11
سُوءِ,2,16:59,2,5
سُيِّرَتْ,2,13:31,2,9
سِخْرِيًّا,2,23:110,2,10
سِدْرٍ,2,34:16,2,6
سِرَاعًا,2,50:44,2,8
سِرَّهُمْ,2,9:78,2,9
سِمَانٍ,2,12:43,1,7
سِيءَ,2,11:77,2,5
شَأْنٍ,2,10:61,2,6
شَاعِرٌ,2,21:5,2,7
شَاقُّوا,2,8:13,2,8
شَاهِدِينَ,2,9:17,2,10
شَتَّى,2,20:53,2,6
شَجَرَةٍ,2,24:35,2,8
شَرًّا,2,24:11,2,6
شَرَابًا,2,76:21,2,8
شَرَحَ,2,16:106,2,6
شَرِيكٌ,2,17:111,2,7
شَطَطًا,2,18:14,2,7
شَطْرَهُ,2,2:144,1,8
شَعَائِرَ,2,5:2,2,9
شَعَائِرِ,2,2:158,2,9
شَفَا,2,3:103,2,5
شَفَاعَةً,2,4:85,1,9
شَفَاعَتُهُمْ,2,36:23,2,13
شَفِيعٌ,2,6:51,1,7
شَكَرَ,2,27:40,2,6
شَكَرْتُمْ,2,4:147,2,10
شَنَآنُ,2,5:2,1,7
شَهَادَاتٍ,2,24:6,1,10
شَهِدُوا,2,4:15,2,8
شَهْرًا,2,9:36,2,7
شَهْرٌ,2,34:12,1,6
شَهْرَيْنِ,2,4:92,2,10
شَهْوَةً,2,7:81,2,8
شَيْخًا,2,11:72,2,7
شَيْطَانًا,2,4:117,2,10
شُحَّ,2,59:9,2,5
شُرَكَاءَكُمْ,2,7:195,2,13
شُرَكَاؤُهُمْ,2,6:137,2,13
شُرَكَائِهِمْ,2,6:136,2,13
شُفَعَاءَ,2,7:53,2,9
شُكُورًا,2,25:62,2,8
شُهَدَاءُ,2,3:99,2,9
شُهُودًا,2,10:61,2,8
شِئْتُمَا,2,2:35,2,9
شِدَادٌ,2,12:48,2,7
شِرْكٌ,2,35:40,2,6
شِفَاءٌ,2,16:69,2,7
شِهَابٌ,2,15:18,2,7
صَابِرًا,2,18:69,2,8
صَاحِبَيِ,2,12:39,1,9
صَاحِبُكُمْ,2,53:2,2,11
صَاغِرُونَ,2,9:29,2,10
صَافَّاتٍ,2,24:41,2,9
صَالِحٌ,2,9:120,2,7
صَالِحٍ,2,11:46,1,7
صَالِحُ,2,7:77,2,7
صَبَرَ,2,42:43,2,6
صَبَرْتُمْ,2,13:24,2,10
صَبَرْنَا,2,14:21,2,9
صَبِيًّا,2,19:12,1,8
صَدَقَ,2,3:95,2,6
صَدَقَةً,2,9:103,2,8
صَدَقَةٍ,2,2:196,1,8
صَدَّقَ,2,34:20,2,7
صَدْرُكَ,2,11:12,2,8
صَدْرِي,2,20:25,2,7
صَرْحًا,2,28:38,2,7
صَرْصَرًا,2,41:16,2,9
صَغِيرًا,2,2:282,2,8
صَغِيرَةً,2,9:121,2,9
صَلَاةِ,2,24:58,1,7
صَلَحَ,2,13:23,2,6
صَلَّى,2,75:31,2,6
صَيْدُ,2,5:96,1,6
صُحُفًا,2,74:52,2,7
صُحُفِ,2,53:36,2,6
صُوَرَكُمْ,2,40:64,2,10
صِدِّيقًا,2,19:41,1,9
ضَالِّينَ,2,23:106,2,9
ضَرْبًا,2,2:273,2,7
ضَعْفًا,2,8:66,2,7
ضَعْفٍ,2,30:54,1,6
ضَلَالَتِهِمْ,2,27:81,2,13
ضَلَلْتُ,2,6:56,2,8
ضَيِّقًا,2,6:125,2,8
ضَيْفِ,2,15:51,2,6
ضَيْفِي,2,11:78,2,7
ضَيْقٍ,2,16:127,2,6
ضُحًى,2,7:98,2,5
ضُحَاهَا,2,79:29,1,8
ضُرِبَ,2,22:73,2,6
ضِرَارًا,2,2:231,2,8
ضِعْفًا,2,7:38,2,7
طسم,2,26:1,2,3
طَائِرُكُمْ,2,27:47,2,11
طَائِفٌ,2,7:201,2,7
طَائِفَةٍ,2,9:66,1,9
طَائِفَتَانِ,2,3:122,2,12
طَاغُونَ,2,51:53,2,8
طَاغِينَ,2,37:30,2,8
طَاقَةَ,2,2:249,1,7
طَرَائِقَ,2,23:17,2,9
طَرِيقًا,2,4:168,2,8
طَرِيًّا,2,16:14,2,8
طَعَامٍ,2,2:61,2,7
طَلَّقَهَا,2,2:230,1,10
طَلَّقْتُمُوهُنَّ,2,2:237,2,17
طَلْعُهَا,2,26:148,2,9
طَهُورًا,2,25:48,2,8
طَوِيلًا,2,73:7,2,8
طَيِّبَةٍ,2,10:22,2,9
طُلُوعِ,2,20:130,2,7
طُوًى,2,20:12,2,5
طِبَاقًا,2,67:3,2,8
طِفْلًا,2,22:5,2,7
ظَالِمٌ,2,18:35,2,7
ظَالِمِي,2,4:97,2,8
ظَاهِرًا,2,18:22,2,8
ظَاهِرَةً,2,31:20,2,9
ظَاهِرِينَ,2,40:29,2,10
ظَلَمَهُمُ,2,3:117,2,10
ظَلَمُونَا,2,2:57,2,10
ظَلَمْتُ,2,27:44,2,8
ظَلَمْتُمْ,2,2:54,2,10
ظَلَّ,2,16:58,2,5
ظَنًّا,2,10:36,2,6
ظَنَنَّا,2,72:5,1,8
ظَنُّ,2,10:60,2,5
ظَهْرِهِ,2,42:33,2,8
ظُلَلٌ,2,39:16,1,6
ظُلُمَاتٌ,2,2:19,2,9
ظُلُمَاتٍ,2,2:17,2,9
ظُلْمِهِ,2,5:39,2,8
ظِلَالٍ,2,36:56,2,7
عَادًا,2,11:60,2,6
عَاصِمٍ,2,10:27,2,7
عَاقِرًا,2,19:5,1,8
عَاكِفُونَ,2,2:187,2,10
عَاكِفِينَ,2,20:91,2,10
عَالِمِينَ,2,21:51,1,10
عَالِيَةٍ,2,69:22,2,9
عَالِيَهَا,2,11:82,2,10
عَاهَدَ,2,9:75,2,7
عَبَسَ,2,74:22,2,6
عَبْدٍ,2,34:9,2,6
عَبْدَهُ,2,19:2,2,8
عَبْدُ,2,19:30,2,6
عَبْدِنَا,2,2:23,2,9
عَتِيدٌ,2,50:18,1,7
عَجُوزًا,2,26:171,2,8
عَجُوزٌ,2,11:72,2,7
عَجِيبٌ,2,11:72,2,7
عَدًّا,2,19:84,1,6
عَدُوٍّ,2,4:92,2,7
عَدُوِّهِ,2,28:15,1,9
عَدْلٌ,2,2:48,1,6
عَذَابَهُ,2,17:57,2,9
عَذْبٌ,2,25:53,2,6
عَرَفُوا,2,2:89,2,8
عَرْضُهَا,2,3:133,2,9
عَسَيْتُمْ,2,2:246,2,10
عَشْرًا,2,20:103,2,7
عَصِيًّا,2,19:14,1,8
عَطَاءً,2,11:108,2,7
عَلَقَةً,2,23:14,2,8
عَلَقَةٍ,2,22:5,2,8
عَلَّمْنَاهُ,2,12:68,2,12
عَلِمَتْ,2,81:14,2,8
عَلِمْتُمُ,2,2:65,2,10
عَمَلٌ,2,9:120,2,6
عَمَلٍ,2,10:61,2,6
عَمَلَ,2,3:195,2,6
عَمَلَكُمْ,2,9:94,1,10
عَمَلِ,2,5:90,2,6
عَنِتُّمْ,2,3:118,2,9
عَنْكُمُ,2,33:33,2,8
عَهْدَ,2,2:27,2,6
عَهْدَهُمْ,2,8:56,2,10
عَيْنَ,2,34:12,2,6
عَيْنَانِ,2,55:50,1,9
عَيْنَيْكَ,2,15:88,2,10
عَيْنُهَا,2,20:40,2,9
عُدْوَانَ,2,2:193,2,9
عُذْتُ,2,40:27,2,6
عُذْرًا,2,18:76,2,7
عُمْيٌ,2,2:18,1,6
عِبَادًا,2,3:79,2,8
عِبَادٌ,2,7:194,2,7
عِبَادُ,2,43:19,2,7
عِتِيًّا,2,19:8,1,8
عِجَافٌ,2,12:43,1,7
عِجْلًا,2,7:148,2,7
عِدَّةَ,2,9:36,1,7
عِيشَةٍ,2,69:21,2,7
عِينٌ,2,37:48,2,5
عِينٍ,2,44:54,2,5
غَالِبَ,2,3:160,2,7
غَشِيَهُمْ,2,20:78,2,10
غَضَبِي,2,20:81,1,7
غَضِبَ,2,58:14,2,6
غَضْبَانَ,2,7:150,2,9
غَلَبَتْ,2,2:249,2,8
غَمْرَةٍ,2,23:63,2,8
غَنِمْتُمْ,2,8:41,1,10
غَوْرًا,2,18:41,2,7
غَيَابَتِ,2,12:10,1,9
غَيْبَ,2,2:33,2,6
غَيْرَهُ,2,2:230,2,8
غَيْرِهِ,2,4:140,2,8
غَيْرِي,2,26:29,2,7
غُثَاءً,2,23:41,2,7
غُرَفٌ,2,39:20,1,6
غُلَامًا,2,18:74,2,8
غُلْفٌ,2,2:88,2,6
غِلٍّ,2,7:43,2,5
فَآتُوهُنَّ,2,4:24,2,11
فَآمَنَ,2,29:26,2,7
فَآمَنَّا,2,3:193,2,9
فَأَتَاهُمُ,2,39:25,2,11
فَأَتْبَعَهُمْ,2,10:90,2,14
فَأَجْمِعُوا,2,10:71,2,12
فَأَحْسَنَ,2,40:64,2,10
فَأَخَافُ,2,26:14,2,9
فَأَخَذَهُمْ,2,26:189,2,12
فَأَرَادَ,2,17:103,2,9
فَأَصَابَهُمْ,2,16:34,2,13
فَأَصْبَحْتُمْ,2,3:103,2,14
فَأَعْرَضَ,2,18:57,2,10
فَأَعْرِضُوا,2,4:16,2,12
فَأَقِمْ,2,30:30,1,8
فَأَقْبَلَ,2,37:50,2,10
فَأَلْقَوْا,2,16:86,2,11
فَأَلْقُوهُ,2,12:93,2,11
فَأَمْلَيْتُ,2,13:32,2,12
فَأَنَّ,2,8:41,2,7
فَأَنَّهُ,2,6:54,2,9
فَأَنْتَ,2,80:6,1,8
فَأَنْسَاهُمْ,2,58:19,2,13
فَأَنْظِرْنِي,2,15:36,2,13
فَأَوْجَسَ,2,20:67,2,10
فَأَوْحَيْنَا,2,23:27,2,13
فَأُلْقِيَ,2,20:70,2,10
فَأُنَبِّئُكُمْ,2,29:8,2,15
فَأُهْلِكُوا,2,69:5,1,12
فَإِذْ,2,24:13,2,6
فَإِلَيْنَا,2,10:46,2,11
فَإِنَّكُمْ,2,5:23,2,11
فَإِيَّايَ,2,16:51,2,10
فَابْعَثُوا,2,4:35,2,11
فَاتَّبِعُونِي,2,3:31,2,14
فَاتَّبِعُوهُ,2,6:153,1,13
فَاخْتَلَطَ,2,10:24,2,11
فَاخْتَلَفَ,2,19:37,2,11
فَاخْتُلِفَ,2,11:110,2,11
فَادْخُلُوا,2,16:29,2,11
فَادْعُ,2,2:61,2,7
فَادْعُوا,2,40:14,1,9
فَادْعُوهُ,2,7:180,2,10
فَاذْهَبْ,2,5:24,2,9
فَارْتَقِبْ,2,44:10,1,11
فَارْجِعُوا,2,24:28,2,11
فَارْهَبُونِ,2,2:40,2,12
فَازَ,2,3:185,2,5
فَاسْأَلُوا,2,16:43,2,11
فَاسْأَلِ,2,10:94,2,9
فَاسْأَلْ,2,17:101,2,9
فَاسْتَبِقُوا,2,2:148,2,13
فَاسْتَغْفَرُوا,2,3:135,2,15
فَاسْتَفْتِهِمْ,2,37:11,1,15
فَاسْتَقِيمُوا,2,9:7,2,14
فَاسْتَمِعُوا,2,7:204,2,13
فَاسْتَوَى,2,48:29,2,10
فَاصْبِرُوا,2,7:87,2,11
فَاضْرِبْ,2,20:77,2,9
فَاطِرَ,2,12:101,2,7
فَاعْبُدْهُ,2,11:123,2,11
فَاعْفُ,2,3:159,2,7
فَاقْتُلُوا,2,2:54,2,11
فَاقْرَءُوا,2,73:20,1,11
فَاكِهَةٍ,2,44:55,2,9
فَاكِهِينَ,2,44:27,2,10
فَاكْتُبْنَا,2,3:53,2,12
فَالنَّارُ,2,11:17,2,10
فَالِقُ,2,6:95,1,7
فَامْسَحُوا,2,4:43,2,11
فَانْتَشِرُوا,2,33:53,2,13
فَبَدَّلَ,2,2:59,2,9
فَبَعَثَ,2,2:213,2,8
فَبَلَغْنَ,2,2:231,1,10
فَبُعْدًا,2,23:41,1,9
فَبِإِذْنِ,2,3:166,2,10
فَتَبَارَكَ,2,23:14,2,11
فَتَرَاهُ,2,39:21,2,9
فَتَقْعُدَ,2,17:22,1,10
فَتَكُونَا,2,2:35,2,10
فَتَمَتَّعُوا,2,16:55,2,13
فَتَمَنَّوُا,2,2:94,2,12
فَتَنْقَلِبُوا,2,3:149,2,14
فَتَوَكَّلْ,2,3:159,2,11
فَتَيَمَّمُوا,2,4:43,2,13
فَتُثِيرُ,2,30:48,2,9
فَتِلْكَ,2,27:52,2,8
فَجَاءُوهُمْ,2,10:74,2,12
فَجَعَلَ,2,48:27,2,8
فَجَعَلَهُمْ,2,21:58,2,12
فَجَعَلْنَاهَا,2,2:66,2,14
فَجَعَلْنَاهُمُ,2,21:70,2,15
فَحَاقَ,2,6:10,2,7
فَخَلَفَ,2,7:169,2,8
فَخَلَقْنَا,2,23:14,1,11
فَخُذُوهُ,2,5:41,2,9
فَخُذُوهُمْ,2,4:89,1,11
فَخُورٍ,2,31:18,2,7
فَدَعَا,2,44:22,2,7
فَدَعَوْهُمْ,2,18:52,2,12
فَذَرُوهَا,2,7:73,2,10
فَرَآهُ,2,35:8,2,7
فَرَضْتُمْ,2,2:237,1,10
فَرَّطْنَا,2,6:31,1,10
فَرَّقُوا,2,6:159,2,9
فَرِحَ,2,9:81,2,6
فَرْجَهَا,2,21:91,2,9
فَزَادَتْهُمْ,2,9:124,1,13
فَسَبِّحْهُ,2,50:40,2,11
فَسَجَدَ,2,15:30,2,8
فَسَقُوا,2,10:33,2,8
فَسَنُيَسِّرُهُ,2,92:7,1,15
فَسَوَّاهَا,2,79:28,2,11
فَسَوَّى,2,75:38,2,8
فَسَيَعْلَمُونَ,2,19:75,2,15
فَسِيرُوا,2,3:137,2,9
فَشَارِبُونَ,2,56:54,1,12
فَصَبْرٌ,2,12:18,1,8
فَصَدَّهُمْ,2,27:24,2,11
فَصَّلْنَاهُ,2,7:52,2,12
فَضَلُّوا,2,17:48,2,9
فَضَّلْتُكُمْ,2,2:47,1,13
فَضْلَهُ,2,11:3,2,8
فَطَرَ,2,6:79,2,6
فَظَلَمُوا,2,7:103,2,10
فَعَلِمَ,2,48:18,1,8
فَعَلْتُمْ,2,12:89,2,10
فَعَلْنَ,2,2:234,1,8
فَعَّالٌ,2,11:107,2,8
فَعِدَّةٌ,2,2:184,1,9
فَعِنْدَ,2,4:94,1,8
فَفَزِعَ,2,27:87,2,8
فَقَتَلَهُ,2,5:30,2,10
فَقَدَّرَهُ,2,25:2,2,11
فَقَعُوا,2,15:29,2,8
فَقُلِ,2,22:68,2,6
فَقُولُوا,2,3:64,2,9
فَقِيرًا,2,4:6,1,8
فَقِيرٌ,2,3:181,2,7
فَكَذَّبَ,2,20:56,2,9
فَكَذَّبُوا,2,34:45,2,11
فَكَذَّبُوهُمَا,2,23:48,2,15
فَكَشَفْنَا,2,21:84,2,11
فَكُنْتُمْ,2,23:66,1,10
فَلَبِثَ,2,12:42,2,8
فَلَعَلَّكَ,2,11:12,2,11
فَلَكٍ,2,21:33,2,6
فَلَكُمْ,2,2:279,2,8
فَلَهُنَّ,2,4:11,1,9
فَلِأُمِّهِ,2,4:11,1,11
فَلْيَأْتُوا,2,52:34,2,12
فَلْيَسْتَجِيبُوا,2,2:186,2,17
فَلْيَمْدُدْ,2,19:75,2,12
فَلْيَنْظُرِ,2,80:24,2,12
فَلْيَنْظُرْ,2,18:19,2,12
فَمَالِ,2,4:78,2,7
فَمَالِئُونَ,2,37:66,2,12
فَمَتَاعُ,2,28:60,2,9
فَمَثَلُهُ,2,2:264,2,10
فَمَنَّ,2,4:94,2,7
فَمِنْكُمْ,2,47:38,2,10
فَنَادَوْا,2,38:3,2,10
فَنَادَى,2,21:87,2,8
فَنَبَذْنَاهُمْ,2,28:40,2,15
فَنَتَّبِعَ,2,20:134,2,11
فَنَسِيَ,2,20:88,1,8
فَنَفَخْنَا,2,21:91,2,11
فَوَاكِهُ,2,23:19,2,9
فَوَجَدَا,2,18:65,1,9
فَوَرَبِّكَ,2,15:92,2,11
فَوَسْوَسَ,2,7:20,2,10
فَوَلُّوا,2,2:144,1,9
فَوْجٌ,2,38:59,2,6
فَوْقَكُمُ,2,2:63,1,10
فَوْقَكُمْ,2,23:17,2,10
فَوْقِ,2,14:26,2,6
فَوْقِكُمْ,2,6:65,2,10
فَوْقِهَا,2,39:20,2,9
فَوْقِهِ,2,24:40,1,8
فَيَتَّبِعُونَ,2,3:7,2,14
فَيَقُولُوا,2,26:203,2,11
فَيُصِيبُ,2,13:13,2,9
فَيُضَاعِفَهُ,2,2:245,2,13
فَيُعَذِّبُهُ,2,18:87,2,13
فَيُقْسِمَانِ,2,5:106,1,13
فَيُوَفِّيهِمْ,2,3:57,2,14
فُؤَادَكَ,2,11:120,2,9
فُتِحَتْ,2,21:96,2,8
فُرَاتٌ,2,25:53,2,7
فُرُوجَهُمْ,2,24:30,2,11
فِئَةً,2,2:249,2,6
فِئَةٌ,2,3:13,2,6
فِئَتَيْنِ,2,3:13,2,10
فِجَاجًا,2,21:31,2,8
فِدْيَةٌ,2,2:184,2,8
فِيمَ,2,4:97,2,5
قَائِمَةٌ,2,3:113,2,9
قَاتَلَهُمُ,2,9:30,2,11
قَاتَلُوكُمْ,2,2:191,2,12
قَادِرٌ,2,6:37,2,7
قَادِرِينَ,2,68:25,2,10
قَالَا,2,7:23,2,6
قَالَتَا,2,28:23,2,8
قَانِتُونَ,2,2:116,2,10
قَبْلِنَا,2,2:286,2,9
قَبْلِهَا,2,13:30,2,9
قَتَلُوهُ,2,4:157,1,9
قَتْلَ,2,5:30,2,6
قَدَرٍ,2,20:40,2,6
قَدَرُهُ,2,2:236,1,8
قَدَّرْنَا,2,15:60,2,10
قَدَّمَ,2,38:61,2,7
قَدَّمْتُ,2,50:28,2,9
قَرَأْتَ,2,16:98,2,8
قَرَارًا,2,27:61,2,8
قَرِينًا,2,4:38,1,8
قَرِينٌ,2,37:51,2,7
قَرِينُهُ,2,50:23,1,9
قَرْحٌ,2,3:140,1,6
قَرْنًا,2,6:6,2,7
قَرْيَتِكُمْ,2,7:82,2,12
قَسَتْ,2,2:74,2,6
قَصَصْنَا,2,16:118,2,9
قَضَيْنَا,2,28:44,2,9
قَلِيلٍ,2,23:40,2,7
قَلْبَهُ,2,18:28,2,8
قَلْبِهِ,2,2:204,2,8
قَمِيصَهُ,2,12:25,1,9
قَمِيصُهُ,2,12:26,1,9
قَوَارِيرَ,2,27:44,2,10
قَوَّامِينَ,2,4:135,2,11
قَوْلٍ,2,50:18,2,6
قَوْلُ,2,37:31,2,6
قَوْلُهُ,2,2:204,2,8
قَوْلِهِمْ,2,2:113,1,10
قَوْلِي,2,20:28,1,7
قَوْمَنَا,2,46:30,1,9
قَوْمِكَ,2,11:36,2,8
قُبُلًا,2,6:111,2,7
قُتِلْتُمْ,2,3:157,1,10
قُدِرَ,2,54:12,2,6
قُرًى,2,34:18,2,5
قُرُونًا,2,23:42,2,8
قُرِئَ,2,7:204,2,6
قُرْبَانًا,2,5:27,2,10
قُصُورًا,2,7:74,2,8
قُطُوفُهَا,2,69:23,2,10
قُطِّعَتْ,2,13:31,2,9
قُلُوبُ,2,9:117,2,7
قُولُوا,2,2:136,2,7
قِبَلَ,2,2:177,2,6
قِبْلَةً,2,2:144,2,8
قِرَدَةً,2,2:65,2,8
قِسْمَةٌ,2,53:22,2,8
قِصَاصٌ,2,2:194,2,7
كَأَنَّهُنَّ,2,37:49,2,12
كَأْسًا,2,52:23,2,7
كَادَ,2,9:117,2,5
كَاذِبًا,2,40:28,1,8
كَاذِبٌ,2,11:93,2,7
كَاشِفَ,2,6:17,2,7
كَافِرٌ,2,2:217,2,7
كَالْأَعْلَامِ,2,42:32,2,14
كَالْأَنْعَامِ,2,7:179,2,14
كَالْعِهْنِ,2,70:9,2,11
كَانَا,2,2:36,2,6
كَبِيرٍ,2,11:3,2,7
كَبِيرَةً,2,9:121,2,9
كَبِيرُهُمْ,2,12:80,2,11
كَذَبَ,2,39:32,2,6
كَذَّبْتُمْ,2,2:87,2,11
كَرِهُوا,2,47:9,1,8
كَشَجَرَةٍ,2,14:24,1,10
كَفَرْنَا,2,14:9,2,9
كَفَّارٌ,2,14:34,2,8
كَفَّارٍ,2,2:276,2,8
كَفَّارَةٌ,2,5:45,1,10
كَفَّيْهِ,2,13:14,2,9
كَفُورٌ,2,11:9,2,7
كَلِمَاتُ,2,18:109,2,9
كَلِمَةٍ,2,3:64,2,8
كَمَاءٍ,2,10:24,2,7
كَهَيْئَةِ,2,3:49,2,10
كَهْفِهِمْ,2,18:17,1,10
كَوْكَبًا,2,6:76,2,9
كَيْدَ,2,4:76,2,6
كَيْدَهُنَّ,2,12:33,1,11
كَيْدُهُمْ,2,3:120,2,10
كَيْدِي,2,7:183,2,7
كَيْلَ,2,12:60,1,6
كُذِّبَتْ,2,6:34,2,9
كُرْهًا,2,46:15,1,7
كُسَالَى,2,4:142,2,8
كُفْرُهُمْ,2,35:39,1,10
كُلُّهُ,2,8:39,2,7
كُنْتُنَّ,2,33:28,1,9
كِتَابُ,2,11:17,2,7
كِتَابِيَهْ,2,69:19,1,11
كِدْتَ,2,17:74,2,6
كِذَّابًا,2,78:28,1,9
كِرَامًا,2,25:72,2,8
لَآتٍ,2,6:134,2,5
لَآتِيَةٌ,2,15:85,2,9
لَآكِلُونَ,2,37:66,2,10
لَأَظُنُّكَ,2,17:101,1,11
لَأَظُنُّهُ,2,28:38,2,11
لَأَنْتَ,2,11:87,2,8
لَأَنْزَلَ,2,23:24,2,10
لَأُقَطِّعَنَّ,2,7:124,2,14
لَأُكَفِّرَنَّ,2,3:195,2,14
لَإِلَى,2,3:158,2,7
لَاعِبِينَ,2,21:16,2,10
لَافْتَدَوْا,2,13:18,2,12
لَامَسْتُمُ,2,4:43,2,11
لَبِثْتَ,2,2:259,1,8
لَبِثْتُ,2,2:259,2,8
لَبِثْنَا,2,18:19,2,9
لَتَعُودُنَّ,2,7:88,2,12
لَتَكُونَنَّ,2,26:116,1,12
لَتُسْأَلُنَّ,2,16:56,2,13
لَجَعَلَكُمْ,2,5:48,2,12
لَجَعَلْنَا,2,43:33,1,11
لَجَعَلْنَاهُ,2,6:9,2,13
لَحْمَ,2,6:145,2,6
لَخَبِيرٌ,2,35:31,2,9
لَدَى,2,12:25,2,5
لَدَيْهِ,2,18:91,2,8
لَدُنْ,2,11:1,2,6
لَدُنْهُ,2,4:40,2,8
لَذَهَبَ,2,2:20,2,8
لَذَّةٍ,2,37:46,2,7
لَذِكْرَى,2,39:21,2,9
لَزُلْفَى,2,38:25,1,9
لَسْتُمْ,2,5:68,2,8
لَضَالُّونَ,2,68:26,2,11
لَعَفُوٌّ,2,22:60,2,9
لَعَلَّكَ,2,20:130,2,9
لَعَنَهُ,2,4:118,2,8
لَعْنَتَ,2,3:61,2,8
لَغَافِلِينَ,2,6:156,2,12
لَغَنِيٌّ,2,14:8,2,9
لَفَسَدَتِ,2,2:251,2,10
لَقَدِ,2,9:48,2,6
لَقَوْلُ,2,69:40,2,8
لَقُوا,2,2:14,1,6
لَقِيتُمُ,2,8:15,2,9
لَكَبِيرُكُمُ,2,20:71,2,13
لَكَفُورٌ,2,22:66,2,9
لَكُنْتُ,2,37:57,2,8
لَكِ,2,3:37,2,4
لَمَسَّكُمْ,2,8:68,2,11
لَمُحِيطَةٌ,2,9:49,2,11
لَمُحْضَرُونَ,2,37:127,1,13
لَمُحْيِي,2,30:50,2,9
لَمُهْتَدُونَ,2,2:70,2,13
لَنُبَوِّئَنَّهُمْ,2,16:41,2,18
لَهَبٍ,2,111:1,1,6
لَهَدَاكُمْ,2,6:149,2,11
لَوَجَدُوا,2,4:64,1,10
لَوِ,2,9:42,2,4
لَوْنُهَا,2,2:69,1,9
لَيَأْكُلُونَ,2,9:34,2,13
لَيَالٍ,2,19:10,2,7
لَيَجْمَعَنَّكُمْ,2,4:87,2,17
لَيْتَنَا,2,6:27,2,9
لَيْسَتِ,2,2:113,1,8
لَيْسُوا,2,3:113,2,8
لَيْلَةُ,2,97:2,1,8
لُوطٌ,2,26:161,2,5
لُوطُ,2,11:81,2,5
لِآبَائِهِمْ,2,18:5,2,12
لِأَحَدٍ,2,38:35,2,8
لِأَزْوَاجِكَ,2,33:28,1,13
لِأَصْحَابِ,2,56:38,2,11
لِأَمَانَاتِهِمْ,2,23:8,2,16
لِبَاسٌ,2,2:187,1,7
لِتَأْكُلُوا,2,2:188,2,12
لِتَبْلُغُوا,2,22:5,2,12
لِتَجْرِيَ,2,14:32,2,10
لِتَكُونُوا,2,2:143,2,11
لِتُبَيِّنَ,2,16:44,1,11
لِذَنْبِكَ,2,40:55,2,10
لِرَبِّهَا,2,84:2,1,10
لِرَبِّهِ,2,17:27,2,9
لِرَجُلٍ,2,33:4,2,8
لِزَامًا,2,20:129,2,8
لِسَانًا,2,28:34,2,8
لِسَانَ,2,19:50,2,7
لِسَانِي,2,20:27,2,8
لِسُنَّةِ,2,33:62,2,9
لِسُنَّتِ,2,35:43,1,9
لِشَيْءٍ,2,16:40,2,8
لِصَاحِبِهِ,2,9:40,2,11
لِفَتَاهُ,2,18:60,1,9
لِفُرُوجِهِمْ,2,23:5,2,13
لِفِرْعَوْنَ,2,26:41,2,12
لِكَلِمَاتِهِ,2,6:115,2,13
لِكَيْ,2,16:70,2,6
لِكُلٍّ,2,5:48,2,7
لِلرِّجَالِ,2,4:7,1,11
لِلسَّائِلِ,2,51:19,2,11
لِلسَّائِلِينَ,2,12:7,2,14
لِلشَّمْسِ,2,27:24,2,10
لِلطَّائِفِينَ,2,2:125,2,14
لِلطَّاغِينَ,2,38:55,2,12
لِلنَّبِيِّ,2,9:113,2,11
لِلْأَذْقَانِ,2,17:107,1,13
لِلْإِسْلَامِ,2,6:125,2,13
لِلْخَيْرِ,2,50:25,2,10
لِلْعِبَادِ,2,40:31,2,11
لِلْغَيْبِ,2,4:34,2,10
لِلْكَذِبِ,2,5:41,1,10
لِلْمُجْرِمِينَ,2,25:22,2,15
لِلْمُحْسِنِينَ,2,31:3,2,15
لِلْمُسْرِفِينَ,2,10:12,2,15
لِلْمُسْلِمِينَ,2,16:89,1,15
لِلْيُسْرَى,2,87:8,2,11
لِمُؤْمِنٍ,2,4:92,2,10
لِمِيقَاتِنَا,2,7:143,1,13
لِنَفْتِنَهُمْ,2,20:131,2,14
لِهَذَا,2,7:43,2,7
لِوَلِيِّهِ,2,17:33,2,11
لِيَجْزِيَهُمُ,2,9:121,2,14
لِيَذَّكَّرُوا,2,17:41,2,14
لِيَزْدَادُوا,2,3:178,2,13
لِيَعْبُدُوا,2,9:31,2,12
لِيَقْضِيَ,2,8:42,1,10
لِيَكُونُوا,2,19:81,2,11
لِيَهْدِيَهُمْ,2,4:137,1,14
لِيُخْرِجَكُمْ,2,33:43,2,14
لِيُدْحِضُوا,2,18:56,2,12
لِيُدْخِلَ,2,48:5,1,10
لِيُضِلُّوا,2,10:88,2,11
لِيُطَهِّرَكُمْ,2,5:6,2,15
لِيُعَذِّبَهُمْ,2,8:33,2,15
لِيُنْذِرَكُمْ,2,7:63,1,14
مَآبًا,2,78:22,1,6
مَائِدَةً,2,5:112,1,9
مَاتَ,2,3:144,2,5
مَالٍ,2,23:55,2,5
مَالَ,2,6:152,2,5
مَبْعُوثُونَ,2,11:7,2,12
مَتَاعَ,2,10:23,2,7
مَتِينٌ,2,7:183,2,7
مَثَلَ,2,3:59,2,6
مَثَلُهُمْ,2,2:17,2,10
مَجِيدٌ,2,11:73,2,7
مَجْمَعَ,2,18:60,1,8
مَجْنُونٍ,2,37:36,2,9
مَحِلَّهُ,2,2:196,2,9
مَحْجُورًا,2,25:22,1,10
مَحْرُومُونَ,2,56:67,2,12
مَدًّا,2,19:75,1,6
مَدَدْنَاهَا,2,15:19,2,12
مَدَّ,2,13:3,2,5
مَذْمُومًا,2,17:18,1,10
مَرَجَ,2,25:53,2,6
مَرَحًا,2,17:37,2,7
مَرْحَبًا,2,38:59,1,9
مَرْفُوعَةٍ,2,56:34,2,11
مَرْقُومٌ,2,83:9,1,9
مَسَاكِنُهُمْ,2,28:58,2,13
مَسَاكِينَ,2,5:89,1,10
مَسَّتْهُ,2,11:10,2,9
مَسَّتْهُمْ,2,10:21,2,11
مَسَّكُمُ,2,16:53,2,9
مَسَّنَا,2,12:88,2,8
مَسْجِدًا,2,9:107,2,9
مَسْجِدٍ,2,7:29,1,8
مَسْرُورًا,2,84:9,1,10
مَسْطُورًا,2,17:58,2,10
مَشْرَبَهُمْ,2,2:60,2,12
مَشْكُورًا,2,17:19,2,10
مَطَرُ,2,26:173,2,6
مَعَاذَ,2,12:23,1,7
مَعَايِشَ,2,7:10,2,9
مَعَهُمُ,2,2:213,2,8
مَعْدُودَةٍ,2,11:8,2,11
مَعْذِرَتُهُمْ,2,30:57,2,14
مَعْرُوشَاتٍ,2,6:141,1,12
مَعْرُوفٌ,2,2:263,2,9
مَغَانِمَ,2,48:15,1,9
مَغْرَمٍ,2,52:40,2,8
مَفَاتِحَهُ,2,24:61,2,11
مَفْرُوضًا,2,4:7,1,10
مَقَاعِدَ,2,3:121,2,9
مَقَالِيدُ,2,39:63,2,10
مَقَامًا,2,17:79,2,8
مَقَامَ,2,55:46,2,7
مَقَامِي,2,10:71,2,8
مَقْضِيًّا,2,19:21,1,10
مَكَرَ,2,13:42,2,6
مَكَّنَّاكُمْ,2,7:10,2,13
مَكْرَ,2,7:99,1,6
مَكْنُونٌ,2,37:49,2,9
مَلَائِكَةٌ,2,17:95,2,11
مَلَكُوتُ,2,23:88,2,9
مَلُومًا,2,17:29,1,8
مَلُومِينَ,2,23:6,2,10
مَلِكًا,2,2:246,1,7
مَنًّا,2,2:262,2,6
مَنَازِلَ,2,10:5,2,9
مَنَنَّا,2,20:37,2,8
مَنَّاعٍ,2,50:25,2,8
مَنْثُورًا,2,25:23,2,10
مَنْسَكًا,2,22:34,1,9
مَنْضُودٍ,2,11:82,2,9
مَهْدًا,2,20:53,2,7
مَوَاخِرَ,2,16:14,2,9
مَوْتِهِ,2,4:159,2,8
مَوْثِقًا,2,12:66,1,9
مَوْعِظَةٌ,2,2:275,2,10
مَوْلًى,2,44:41,1,7
مَوْلَانَا,2,2:286,2,10
مَوْلَاهُ,2,16:76,2,9
مَوْلَاهُمُ,2,6:62,2,11
مَوْلَى,2,47:11,1,7
مَوْلُودٌ,2,2:233,2,9
مَيِّتٍ,2,7:57,2,7
مَيْتَةً,2,6:139,1,8
مُؤَذِّنٌ,2,7:44,2,9
مُؤْصَدَةٌ,2,90:20,2,10
مُؤْمِنَاتٍ,2,60:10,2,11
مُبَارَكَةٍ,2,24:35,2,11
مُبَشِّرًا,2,17:105,2,10
مُتَتَابِعَيْنِ,2,4:92,2,15
مُتَشَابِهٍ,2,6:99,1,11
مُتَعَمِّدًا,2,4:93,2,12
مُتَكَبِّرٍ,2,40:27,1,11
مُتَّبَعُونَ,2,26:52,2,12
مُتُّمْ,2,3:157,1,7
مُتْرَفُوهَا,2,34:34,2,12
مُثْقَلُونَ,2,52:40,2,11
مُجْرِمُونَ,2,44:22,2,11
مُحِيطًا,2,4:108,1,8
مُحْدَثٍ,2,21:2,2,8
مُحْصِنِينَ,2,4:24,2,11
مُخَلَّدُونَ,2,56:17,2,12
مُخَلَّقَةٍ,2,22:5,1,11
مُخْتَالٍ,2,31:18,2,9
مُخْرِجٌ,2,2:72,2,8
مُدْبِرًا,2,27:10,2,9
مُدْخَلًا,2,4:31,2,9
مُرْتَفَقًا,2,18:29,1,11
مُرْسَاهَا,2,7:187,2,10
مُرْسِلِينَ,2,28:45,2,11
مُسَافِحِينَ,2,4:24,2,12
مُسَخَّرَاتٍ,2,7:54,2,12
مُسَوَّمَةً,2,11:83,2,11
مُسْتَقِرٌّ,2,54:3,1,11
مُسْتَكْبِرًا,2,31:7,2,13
مُسْتَكْبِرُونَ,2,16:22,2,15
مُسْرِفٌ,2,40:28,1,8
مُسْرِفُونَ,2,7:81,2,11
مُسْلِمًا,2,3:67,2,9
مُسْوَدًّا,2,16:58,2,10
مُشْتَرِكُونَ,2,37:33,2,13
مُشْرِقِينَ,2,15:73,2,11
مُشْرِكُونَ,2,12:106,2,11
مُصْلِحُونَ,2,2:11,2,11
مُعْجِزِي,2,9:2,1,9
مُعْجِزِينَ,2,11:20,2,11
مُغْنُونَ,2,14:21,2,9
مُفْتَرًى,2,28:36,2,9
مُقِيمٍ,2,15:76,2,7
مُقْتَدِرٍ,2,54:42,1,10
مُقْتَصِدٌ,2,31:32,2,10
مُلِيمٌ,2,37:142,2,7
مُلْتَحَدًا,2,18:27,2,11
مُلْقُونَ,2,10:80,2,9
مُلْكًا,2,4:54,2,7
مُلْكَهُ,2,2:247,2,8
مُمَزَّقٍ,2,34:7,1,9
مُنِيبِينَ,2,30:31,1,10
مُنِيرًا,2,25:61,2,8
مُنِيرٍ,2,22:8,2,7
مُنْظَرِينَ,2,15:8,2,11
مُنْقَلِبُونَ,2,7:125,2,13
مُنْكَرُونَ,2,15:62,2,11
مُهْلِكَ,2,6:131,2,8
مُوتُوا,2,2:243,2,7
مُوقِنِينَ,2,26:24,2,10
مِائَةٌ,2,8:65,1,7
مِائَتَيْنِ,2,8:65,1,11
مِتُّ,2,19:23,1,5
مِثْلَهَا,2,6:160,2,9
مِثْلَهُمْ,2,17:99,2,10
مِثْلُهَا,2,42:40,2,9
مِزَاجُهَا,2,76:5,1,10
مِقْدَارُهُ,2,32:5,2,11
مِلَّتِنَا,2,7:88,2,10
مِلْحٌ,2,25:53,2,6
مِنْكُمُ,2,2:185,2,8
مِيثَاقِهِ,2,2:27,2,10
مِيرَاثُ,2,3:180,2,8
نَأْتِي,2,13:41,2,7
نَائِمُونَ,2,7:97,2,10
نَافَقُوا,2,3:167,2,9
نَافِلَةً,2,17:79,2,9
نَاقَةُ,2,7:73,2,7
نَبَإِ,2,6:34,2,6
نَبَاتًا,2,3:37,2,8
نَبَاتُ,2,10:24,2,7
نَبَاتُهُ,2,7:58,2,9
نَبِيُّهُمْ,2,2:247,1,11
نَبْعَثُ,2,16:84,1,8
نَتَرَبَّصُ,2,9:52,2,11
نَتَّخِذَ,2,21:17,2,9
نَتَّخِذَهُ,2,12:21,2,11
نَجَّانَا,2,7:89,2,9
نَجَّاهُمْ,2,29:65,2,10
نَجِيًّا,2,12:80,2,8
نَجِّنِي,2,26:169,2,8
نَجْعَلِ,2,77:25,2,8
نَجْوَاكُمْ,2,58:12,1,11
نَجْوَى,2,17:47,2,7
نَحْشُرُ,2,19:85,2,8
نَحْشُرُهُمْ,2,6:22,2,12
نَخَافُ,2,20:45,2,7
نَخُوضُ,2,9:65,2,7
نَخْلٍ,2,54:20,2,6
نَدْخُلَهَا,2,5:22,1,11
نَدْرِي,2,45:32,2,7
نَذَرْتُ,2,3:35,2,8
نَرْفَعُ,2,6:83,2,8
نَزَّلَهُ,2,2:97,2,9
نَزِدْ,2,42:20,1,6
نَزْغٌ,2,7:200,2,6
نَسَبًا,2,25:54,2,7
نَسِيتُ,2,18:63,1,7
نَسِيتُمْ,2,32:14,2,9
نَسْفًا,2,20:97,1,7
نَسْمَعُ,2,43:80,2,8
نَصَرَكُمُ,2,3:123,2,10
نَصِيبَهُمْ,2,4:33,2,11
نَصْرٌ,2,29:10,2,6
نَصْرَ,2,2:214,2,6
نَصْرُنَا,2,6:34,2,9
نَضْرِبُهَا,2,29:43,2,11
نَعْمَلْ,2,32:12,2,8
نَغْفِرْ,2,2:58,2,8
نَفَرًا,2,18:34,2,7
نَفْسُهُ,2,5:30,2,8
نَفْعَلُ,2,37:34,2,8
نَقَمُوا,2,9:74,2,8
نَقِيرًا,2,4:53,1,8
نَقْضِهِمْ,2,4:155,2,10
نَكَالًا,2,2:66,2,8
نَكَثُوا,2,9:12,1,8
نَكُ,2,74:43,1,4
نَكُونَ,2,7:115,2,7
نَمُوتُ,2,23:37,2,7
نَنْقُصُهَا,2,13:41,2,11
نَهَارًا,2,10:24,1,8
نُؤْتِيهِ,2,4:74,1,9
نُبَدِّلَ,2,56:61,2,9
نُبَشِّرُكَ,2,15:53,2,11
نُخْرِجُ,2,6:99,2,8
نُخْرِجُكُمْ,2,20:55,2,12
نُرَدُّ,2,6:27,2,7
نُسْقِيكُمْ,2,16:66,2,11
نُطْفَةً,2,23:13,2,8
نُمَكِّنْ,2,6:6,2,9
نُمْلِي,2,3:178,1,7
نُنَجِّي,2,10:103,2,8
نُهِيتُ,2,6:56,2,7
نُوحِيهِ,2,3:44,2,8
نُورٌ,2,5:15,2,5
نُورَ,2,9:32,2,5
نُورُهُمْ,2,57:12,2,9
نُورِهِ,2,24:35,2,7
نِسَاءَ,2,33:30,1,7
نِسَائِهِنَّ,2,24:31,2,12
نِعْمَةٌ,2,26:22,2,8
نِعْمَةٍ,2,16:53,2,8
نِعْمَتَكَ,2,27:19,2,10
نِكَاحًا,2,24:33,1,8
هَامَانُ,2,28:38,2,8
هَبَاءً,2,25:23,2,7
هَدَانِي,2,6:161,2,8
هَذَانِ,2,20:63,2,7
هَلُمَّ,2,6:150,2,7
هَمَّتْ,2,3:122,2,7
هَوَى,2,20:81,2,5
هَيِّنٌ,2,19:9,1,7
هَيْهَاتَ,2,23:36,1,9
هُدَاهُمْ,2,2:272,2,9
هُدَايَ,2,2:38,2,7
هُودٍ,2,11:60,1,5
وَآتَاكُمْ,2,5:20,2,10
وَآتَانِي,2,11:28,1,9
وَآتُوهُمْ,2,24:33,2,10
وَآثَارًا,2,40:21,1,9
وَآلَ,2,3:33,1,5
وَآمَنْتُمْ,2,4:147,2,11
وَآيَاتِهِ,2,9:65,2,10
وَأَبْصَارِهِمْ,2,2:20,2,15
وَأَبْصِرْ,2,19:38,2,10
وَأَبْنَاؤُكُمْ,2,4:11,2,15
وَأَجَلٌ,2,6:2,2,8
وَأَجَلٍ,2,30:8,2,8
وَأَجْرًا,2,33:35,2,9
وَأَخَذَ,2,7:150,2,8
وَأَخَوَاتُكُمْ,2,4:23,1,15
وَأَخِي,2,5:25,2,7
وَأَدْبَارَهُمْ,2,8:50,2,15
وَأَذِنَتْ,2,84:2,1,10
وَأَرْجُلُهُمْ,2,5:33,2,14
وَأَزْوَاجُكُمْ,2,9:24,2,15
وَأَزْوَاجِهِمْ,2,13:23,2,15
وَأَشَدَّ,2,4:66,2,9
وَأَشْهِدُوا,2,2:282,2,12
وَأَصْبَحَ,2,28:10,1,10
وَأَصْحَابَ,2,25:38,2,11
وَأَصْلِحْ,2,7:142,2,10
وَأَضَلَّ,2,20:79,2,9
وَأَطْعِمُوا,2,22:28,1,12
وَأَطْهَرُ,2,2:232,2,10
وَأَقَامَ,2,2:177,2,9
وَأَقْبَلَ,2,37:27,2,10
وَأَقْوَمُ,2,2:282,2,10
وَأَكُنْ,2,12:33,2,8
وَأَكْثَرُهُمُ,2,3:110,2,14
وَأَكْلِهِمُ,2,5:62,1,12
وَأَكْوَابٍ,2,43:71,2,11
وَأَلْحِقْنِي,2,12:101,2,13
وَأَلْقَوْا,2,4:90,2,11
وَأَلْقِ,2,20:69,2,8
وَأَمْوَالَهُمْ,2,9:111,2,15
وَأَنَّى,2,34:52,2,8
وَأَنِّي,2,2:47,1,8
وَأَنْجَيْنَا,2,26:65,2,13
وَأَنْذِرْ,2,6:51,2,10
وَأَنْذِرْهُمْ,2,19:39,2,14
وَأَنْشَأْنَا,2,6:6,2,13
وَأَنْعَامٌ,2,6:138,1,11
وَأَنْهَارًا,2,13:3,2,12
وَأَهْلِيهِمْ,2,39:15,2,13
وَأَوْحَى,2,16:68,2,9
وَأَوْرَثْنَا,2,7:137,2,13
وَأَوْرَثْنَاهَا,2,26:59,2,16
وَأَوْلَادًا,2,9:69,2,12
وَأَوْلَادُكُمْ,2,8:28,2,15
وَأَيَّدْنَاهُ,2,2:87,1,14
وَأَيْدِيكُمْ,2,4:43,2,13
وَأَيْدِيَكُمْ,2,5:6,2,14
وَأُتْبِعُوا,2,11:60,1,12
وَأُخَرَ,2,12:43,1,8
وَأُدْخِلَ,2,3:185,2,10
وَأُزْلِفَتِ,2,26:90,2,12
وَأُمَّهُ,2,5:17,2,9
وَأُمْلِي,2,7:183,2,9
وَأُوتِينَا,2,27:16,1,11
وَأُوحِيَ,2,6:19,2,9
وَأُوذُوا,2,3:195,2,9
وَأْتُونِي,2,12:93,2,10
وَإِسْتَبْرَقٍ,2,18:31,2,14
وَإِلَهُكُمْ,2,2:163,2,12
وَإِلَّا,2,11:47,2,8
وَإِنَّهَا,2,2:45,2,10
وَإِيتَاءِ,2,16:90,2,10
وَابْتَغِ,2,17:110,2,9
وَابْتِغَاءَ,2,3:7,2,12
وَابْعَثْ,2,2:129,2,9
وَاتَّقَى,2,3:76,2,9
وَاجْتَنِبُوا,2,16:36,2,13
وَاجْعَلْنَا,2,2:128,2,12
وَاخْشَوْنِ,2,5:3,1,11
وَادْعُ,2,22:67,2,7
وَادْعُوهُ,2,7:29,1,10
وَاذْكُرِ,2,73:8,2,9
وَاسِعَةٌ,2,29:56,2,9
وَاسْأَلُوا,2,4:32,2,11
وَاسْتَغْنَى,2,64:6,2,12
وَاسْجُدُوا,2,22:77,2,11
وَاسْمَعْ,2,4:46,1,9
وَاشْهَدْ,2,3:52,2,9
وَاضْمُمْ,2,20:22,2,9
وَاعْتَصَمُوا,2,4:146,1,13
وَاعْتَصِمُوا,2,3:103,2,13
وَاعْمَلُوا,2,23:51,2,11
وَاغْلُظْ,2,9:73,2,9
وَاقِعٌ,2,7:171,2,7
وَالتَّقْوَى,2,5:2,2,12
وَالتَّوْرَاةَ,2,3:48,2,14
وَالرَّسُولُ,2,3:153,2,12
وَالرُّكَّعِ,2,2:125,2,12
وَالرُّمَّانَ,2,6:99,1,13
وَالرُّوحُ,2,70:4,2,10
وَالزَّكَاةِ,2,19:31,1,12
وَالزُّبُرِ,2,3:184,2,11
وَالسَّابِقُونَ,2,9:100,2,15
وَالسَّاعَةُ,2,45:32,2,12
وَالسَّلَامُ,2,19:33,2,12
وَالسَّمَاوَاتُ,2,14:48,2,15
وَالشَّجَرُ,2,22:18,2,11
وَالشَّيَاطِينَ,2,19:68,2,15
وَالشُّهَدَاءِ,2,4:69,2,14
وَالصَّابِئِينَ,2,2:62,2,15
وَالصَّادِقِينَ,2,3:17,2,15
وَالصَّالِحِينَ,2,4:69,2,15
وَالصُّبْحِ,2,74:34,2,11
وَاللَّائِي,2,65:4,1,11
وَاللَّاتِي,2,4:15,1,11
وَالنَّخْلَ,2,6:141,2,11
وَالنُّجُومُ,2,16:12,2,12
وَالنِّسَاءِ,2,4:75,1,12
وَالَّتِي,2,21:91,2,9
وَالِدَيَّ,2,27:19,2,10
وَالْأَبْرَصَ,2,3:49,2,13
وَالْأَحْبَارُ,2,5:44,1,14
وَالْأَنْصَارِ,2,9:100,1,14
وَالْأَوْلَادِ,2,17:64,2,14
وَالْإِبْكَارِ,2,3:41,2,14
وَالْإِكْرَامِ,2,55:27,1,14
وَالْإِنْجِيلِ,2,7:157,2,14
وَالْإِيمَانَ,2,30:56,2,13
وَالْبَاقِيَاتُ,2,18:46,2,15
وَالْجَارِ,2,4:36,1,10
وَالْجِبَالَ,2,78:7,2,12
وَالْجِنُّ,2,17:88,2,10
وَالْحَمْدُ,2,6:45,2,11
وَالْحِجَارَةُ,2,2:24,2,14
وَالْحِسَابَ,2,10:5,2,12
وَالْحِكْمَةِ,2,2:231,2,13
وَالْعَشِيِّ,2,6:52,2,12
وَالْفَوَاحِشَ,2,42:37,2,14
وَالْفِتْنَةُ,2,2:191,1,13
وَالْقَانِتِينَ,2,3:17,2,15
وَالْكُفَّارَ,2,5:57,2,13
وَالْكِتَابَ,2,29:27,2,12
وَالْمَحْرُومِ,2,51:19,2,14
وَالْمَرْجَانُ,2,55:22,1,14
وَالْمَسَاكِينَ,2,2:177,2,15
وَالْمَسْجِدِ,2,2:217,2,13
وَالْمَغْرِبُ,2,2:115,1,13
وَالْمَلَكُ,2,69:17,2,11
وَالْمَيْسِرِ,2,2:219,2,13
وَالْمُؤْمِنَاتُ,2,9:71,2,16
وَالْمُسْتَضْعَفِينَ,2,4:75,1,20
وَالْمُشْرِكَاتِ,2,33:73,2,16
وَالْمُنَافِقَاتُ,2,9:67,2,17
وَالْمِسْكِينَ,2,17:26,2,14
وَالْهَدْيَ,2,5:97,2,11
وَالْوِلْدَانِ,2,4:75,1,14
وَالْيَسَعَ,2,6:86,2,11
وَالْيَوْمَ,2,33:21,2,11
وَامْرَأَتُهُ,2,11:71,2,13
وَانْصُرْنَا,2,2:250,2,12
وَبَاءُوا,2,2:61,2,9
وَبَاطِلٌ,2,7:139,2,9
وَبَرًّا,2,19:14,1,8
وَبَرَزُوا,2,14:21,1,10
وَبَشِيرٌ,2,7:188,2,9
وَبَنَاتُ,2,4:23,1,9
وَبَيْنَكُمُ,2,42:15,2,12
وَبَيْنِكَ,2,18:78,2,10
وَبُرِّزَتِ,2,26:91,2,11
وَبِأَيْمَانِهِمْ,2,57:12,2,17
وَبِالْحَقِّ,2,17:105,1,12
وَبِهِ,2,7:159,1,6
وَتَجْعَلُونَ,2,41:9,2,13
وَتَرَاهُمْ,2,7:198,2,11
وَتَزْهَقَ,2,9:55,1,10
وَتَصْرِيفِ,2,2:164,2,11
وَتَظُنُّونَ,2,17:52,2,12
وَتَفْصِيلًا,2,6:154,2,12
وَتَفْصِيلَ,2,10:37,2,11
وَتَكُونُ,2,70:9,2,9
وَتَكُونُوا,2,12:9,2,11
وَتَنْحِتُونَ,2,7:74,2,13
وَتَنْسَوْنَ,2,2:44,2,12
وَتَوَفَّنَا,2,3:193,2,12
وَتَوَلَّوْا,2,9:76,2,12
وَتُؤْمِنُونَ,2,3:110,1,13
وَتُخْرِجُ,2,3:27,1,10
وَتُنْذِرَ,2,19:97,2,10
وَثَبِّتْ,2,2:250,2,9
وَثُلَاثَ,2,4:3,2,9
وَجَاءَتْهُمْ,2,10:13,2,13
وَجَاءَهُمُ,2,3:86,2,11
وَجَاوَزْنَا,2,7:138,2,12
وَجَدَهَا,2,18:86,1,9
وَجَدْتُمُوهُمْ,2,4:89,2,15
وَجَدْتُمْ,2,7:44,2,10
وَجَعَلْنَاكُمْ,2,17:6,2,15
وَجَنَّاتٌ,2,3:136,2,10
وَجَنَّةٍ,2,3:133,2,9
وَجُنُودَهُ,2,28:40,2,11
وَجُنُودَهُمَا,2,28:6,1,14
وَجُنُودِهِ,2,2:249,1,11
وَجِلَتْ,2,8:2,2,8
وَجِيءَ,2,39:69,2,7
وَجِيهًا,2,3:45,2,8
وَجْهُهُ,2,16:58,2,8
وَجْهِيَ,2,3:20,2,8
وَحَيْثُ,2,2:144,1,8
وَحُرِّمَ,2,5:96,2,9
وَحُقَّتْ,2,84:2,1,9
وَحِفْظًا,2,37:7,2,9
وَخَتَمَ,2,6:46,2,8
وَخَرَّ,2,7:143,2,7
وَخَسِرَ,2,40:78,1,8
وَخَلَقْتَهُ,2,7:12,2,12
وَخُفْيَةً,2,6:63,2,10
وَدَّ,2,2:109,2,5
وَذَكَرَ,2,33:21,2,8
وَذَكِّرْ,2,6:70,2,9
وَرَأَوُا,2,2:166,2,9
وَرَاءَكُمْ,2,11:92,2,11
وَرَاءَهُمْ,2,18:79,2,11
وَرَائِهِ,2,14:16,1,9
وَرَبَتْ,2,22:5,2,8
وَرَبَّكُمْ,2,5:72,1,11
وَرَبِّنَا,2,6:30,2,10
وَرَقِ,2,7:22,2,6
وَرُبَاعَ,2,4:3,2,9
وَرُسُلًا,2,4:164,1,9
وَرُسُلِي,2,18:106,2,9
وَرُفَاتًا,2,17:49,1,10
وَرِضْوَانٍ,2,9:21,1,11
وَزَكَرِيَّا,2,6:85,2,12
وَزَوَّجْنَاهُمْ,2,44:54,2,16
وَزَوْجُكَ,2,2:35,2,10
وَزَيَّنَّاهَا,2,15:16,2,14
وَزُرُوعٍ,2,26:148,2,9
وَزُلْزِلُوا,2,2:214,2,12
وَزُورًا,2,25:4,2,8
وَزِنُوا,2,17:35,2,8
وَزِيرًا,2,20:29,2,8
وَزِينَتَهَا,2,11:15,2,12
وَسَعَى,2,2:114,2,7
وَسَلَامًا,2,21:69,2,10
وَسَيَعْلَمُ,2,13:42,2,12
وَسُبْحَانَ,2,12:108,2,11
وَسُعُرٍ,2,54:24,1,8
وَسِيقَ,2,39:71,1,7
وَشَدَدْنَا,2,38:20,2,11
وَشَهِدَ,2,12:26,2,8
وَشِفَاءٌ,2,10:57,2,9
وَصَاحِبَتِهِ,2,70:12,2,13
وَصَدَقَ,2,33:22,2,8
وَصَرَّفْنَا,2,20:113,2,12
وَصَمُّوا,2,5:71,1,9
وَصَوَّرَكُمْ,2,40:64,2,13
وَصَّيْنَا,2,4:131,2,10
وَصِيَّةً,2,2:240,2,9
وَضَاقَ,2,11:77,2,7
وَضَاقَتْ,2,9:25,1,9
وَضُرِبَتْ,2,2:61,2,10
وَطَرًا,2,33:37,1,7
وَطَفِقَا,2,7:22,2,9
وَظَلَمُوا,2,4:168,2,10
وَظَلَّلْنَا,2,2:57,2,12
وَظِلٍّ,2,56:30,1,7
وَعَادًا,2,25:38,2,8
وَعَتَوْا,2,7:77,2,9
وَعَدَهَا,2,9:114,2,9
وَعَدُوَّكُمْ,2,8:60,2,13
وَعَسَى,2,2:216,1,7
وَعَصَى,2,20:121,2,7
وَعَصَيْنَا,2,2:93,2,11
وَعَلَيْهِ,2,12:67,2,10
وَعَلَّمْنَاهُ,2,18:65,2,14
وَعَنْ,2,7:17,1,6
وَعَهْدِهِمْ,2,23:8,2,12
وَعِنْدَهُمْ,2,37:48,2,12
وَعْدُهُ,2,19:61,2,8
وَغَرَّتْكُمُ,2,45:35,2,13
وَفَارَ,2,11:40,2,7
وَفَاكِهَةٍ,2,56:20,1,11
وَفَرِحُوا,2,10:22,2,10
وَفَضَّلْنَاهُمْ,2,17:70,2,16
وَفِرْعَوْنُ,2,38:12,2,12
وَفِصَالُهُ,2,31:14,2,11
وَفِيكُمْ,2,3:101,2,9
وَقَاتَلُوا,2,3:195,2,11
وَقَاتِلُوهُمْ,2,2:193,2,14
وَقَارُونَ,2,29:39,2,10
وَقَبْلَ,2,20:130,2,8
وَقَدَّرَ,2,41:10,2,9
وَقَذَفَ,2,33:26,2,8
وَقَضَيْنَا,2,15:66,2,11
وَقَعَتِ,2,56:1,2,8
وَقَلْبِهِ,2,8:24,2,10
وَقُعُودًا,2,3:191,2,10
وَقُلْنَ,2,12:31,2,8
وَقُودُهَا,2,2:24,2,10
وَقِنَا,2,2:201,2,7
وَقْرٌ,2,41:5,1,6
وَكَتَبْنَا,2,5:45,2,11
وَكَرِهُوا,2,9:81,2,10
وَكَرْهًا,2,3:83,2,9
وَكَفَرُوا,2,9:74,2,10
وَكَهْلًا,2,3:46,2,9
وَكُنْتَ,2,10:91,2,8
وَكُنْتُ,2,5:117,2,8
وَكِتَابٍ,2,27:1,2,9
وَلَآمُرَنَّهُمْ,2,4:119,1,16
وَلَأَجْرُ,2,12:57,2,10
وَلَأُصَلِّبَنَّكُمْ,2,20:71,2,20
وَلَتَعْلَمُنَّ,2,20:71,2,15
وَلَحْمَ,2,2:173,2,8
وَلَدٍ,2,19:35,2,6
وَلَدَ,2,37:152,2,6
وَلَدَارُ,2,12:109,2,9
وَلَدَيْنَا,2,23:62,2,11
وَلَسَوْفَ,2,92:21,2,10
وَلَكُمُ,2,21:18,2,8
وَلَكِنَّكُمْ,2,30:56,2,13
وَلَكِنِ,2,2:253,2,8
وَلَلْآخِرَةُ,2,17:21,2,13
وَلَنَبْلُوَنَّكُمْ,2,2:155,2,19
وَلَنُذِيقَنَّهُمْ,2,32:21,2,18
وَلَهَا,2,15:4,2,7
وَلَهُمُ,2,37:149,2,8
وَلَهُنَّ,2,2:228,2,9
وَلَيَزِيدَنَّ,2,5:64,1,14
وَلُؤْلُؤًا,2,22:23,2,11
وَلِأَنْعَامِكُمْ,2,79:33,2,17
وَلِبَاسُهُمْ,2,22:23,2,13
وَلِتَبْلُغُوا,2,40:67,1,14
وَلِتَطْمَئِنَّ,2,3:126,2,15
وَلِذِي,2,8:41,2,7
وَلِسُلَيْمَانَ,2,21:81,2,15
وَلِقَاءِ,2,7:147,2,9
وَلِقَائِهِ,2,18:105,2,11
وَلِلنِّسَاءِ,2,4:7,1,13
وَلِوَالِدَيَّ,2,14:41,2,14
وَلِيُمَحِّصَ,2,3:141,1,13
وَلِيُّنَا,2,7:155,2,10
وَلْيَأْخُذُوا,2,4:102,1,14
وَلْيَتَّقِ,2,2:282,1,11
وَمَأْوَاكُمُ,2,29:25,2,13
وَمَأْوَاهُمُ,2,3:151,2,13
وَمَثَلًا,2,24:34,2,9
وَمَسَاكِنَ,2,9:72,2,11
وَمَعْصِيَتِ,2,58:8,1,12
وَمَقَامٍ,2,26:58,2,9
وَمَوْعِظَةٌ,2,3:138,2,12
وَمُصَدِّقًا,2,3:50,2,12
وَمُقَامًا,2,25:66,1,10
وَمِثْلَهُمْ,2,21:84,2,12
وَمِنَّا,2,72:11,1,8
وَنَأَى,2,17:83,2,7
وَنَادَوْا,2,7:46,2,10
وَنَادَيْنَاهُ,2,19:52,2,14
وَنَبِّئْهُمْ,2,15:51,2,13
وَنَجْوَاهُمْ,2,9:78,2,13
وَنَحْيَا,2,23:37,2,9
وَنَزَعَ,2,7:108,2,8
وَنَسِيَ,2,18:57,2,8
وَنَصَحْتُ,2,7:79,1,10
وَنَصَرُوا,2,8:72,1,10
وَنَفَخْتُ,2,15:29,2,10
وَنَقُولُ,2,3:181,2,9
وَنَقْصٍ,2,2:155,2,8
وَنُمِيتُ,2,15:23,2,9
وَنُورٌ,2,5:44,1,7
وَنِسَاءً,2,4:1,1,9
وَهَبْ,2,3:8,2,6
وَهَمُّوا,2,9:13,1,9
وَهُدُوا,2,22:24,1,8
وَوَجَدَكَ,2,93:7,1,10
وَوَحْيِنَا,2,11:37,2,11
وَوَقَاهُمْ,2,44:56,2,11
وَوَلَدًا,2,18:39,2,9
وَوُجُوهٌ,2,75:24,2,9
وَوُضِعَ,2,18:49,2,8
وَوُفِّيَتْ,2,3:25,2,11
وَيَتُوبَ,2,4:26,2,9
وَيَجْعَلَ,2,4:19,2,10
وَيَجْعَلُ,2,10:100,2,10
وَيَحِلُّ,2,11:39,2,9
وَيَحْلِفُونَ,2,9:56,2,13
وَيَحْيَى,2,6:85,2,9
وَيَدْرَءُونَ,2,13:22,2,13
وَيَزِيدَهُمْ,2,24:38,2,13
وَيَسْتَغْفِرُونَ,2,40:7,2,17
وَيَسْخَرُونَ,2,2:212,2,13
وَيَسْعَوْنَ,2,5:33,1,12
وَيَضْرِبُ,2,14:25,2,10
وَيَطُوفُ,2,52:24,2,9
وَيَعْلَمَ,2,3:142,2,10
وَيَعْلَمُونَ,2,24:25,2,13
وَيَعْمَلْ,2,64:9,2,10
وَيَفْعَلُونَ,2,16:50,2,13
وَيَقْطَعُونَ,2,2:27,2,13
وَيَلْعَبُوا,2,43:83,2,12
وَيَهْدِيهِمْ,2,4:175,2,13
وَيَهْدِيَكُمْ,2,4:26,2,14
وَيُؤْتِ,2,4:40,2,8
وَيُبَيِّنُ,2,2:221,2,11
وَيُحَذِّرُكُمُ,2,3:28,1,15
وَيُحِقُّ,2,10:82,2,9
وَيُخْرِجُ,2,10:31,2,10
وَيُرِيكُمْ,2,2:73,2,11
وَيُعَذِّبَ,2,33:24,2,11
وَيُعَلِّمُكُمُ,2,2:151,1,15
وَيُفْسِدُونَ,2,2:27,2,13
وَيُقِيمُونَ,2,2:3,2,12
وَيُنْذِرُونَكُمْ,2,6:130,2,17
وَيُونُسَ,2,4:163,2,9
وَيْلَتَى,2,11:72,2,9
وَيْلَكُمْ,2,20:61,2,10
وُجُوهَهُمُ,2,14:50,2,11
وُعِدْنَا,2,23:83,2,9
وُقِفُوا,2,6:27,1,8
وِعَاءِ,2,12:76,1,7
وِلْدَانٌ,2,56:17,2,9
يَأْبَ,2,2:282,1,6
يَأْخُذَهُمْ,2,16:46,1,12
يَأْذَنَ,2,12:80,2,8
يَأْفِكُونَ,2,7:117,2,11
يَأْكُلُهُنَّ,2,12:43,1,13
يَئِسَ,2,5:3,2,6
يَئِسُوا,2,29:23,2,8
يَابِسَاتٍ,2,12:43,1,10
يَبْخَلُ,2,47:38,1,8
يَبْعَثُ,2,16:38,2,8
يَبْكُونَ,2,12:16,2,9
يَتَخَافَتُونَ,2,20:103,2,14
يَتَدَبَّرُونَ,2,4:82,2,14
يَتَرَبَّصْنَ,2,2:228,1,13
يَتَرَقَّبُ,2,28:18,1,11
يَتَزَكَّى,2,35:18,2,10
يَتَضَرَّعُونَ,2,6:42,2,14
يَتَطَهَّرُونَ,2,7:82,2,14
يَتَعَدَّ,2,2:229,2,9
يَتَفَطَّرْنَ,2,19:90,2,13
يَتَفَكَّرُوا,2,7:184,2,13
يَتَمَاسَّا,2,58:3,1,11
يَتَنَازَعُونَ,2,18:21,2,14
يَتَوَفَّى,2,8:50,2,10
يَتَوَكَّلْ,2,8:49,2,11
يَتَوَلَّوْنَ,2,5:43,1,13
يَتَّخِذُ,2,2:165,2,9
يَتَّخِذُونَكَ,2,21:36,2,14
يَتَّخِذُوهُ,2,7:146,1,12
يَتَّخِذِ,2,3:28,2,9
يَتَّخِذْ,2,17:111,2,9
يَتُوبُوا,2,9:74,2,9
يَتِيمًا,2,90:15,2,8
يَجْتَبِي,2,3:179,2,9
يَجْتَنِبُونَ,2,42:37,2,13
يَجْعَلُهُ,2,24:43,2,10
يَجْعَلُونَ,2,2:19,2,11
يَجْمَعُكُمْ,2,45:26,2,12
يَحُضُّ,2,69:34,2,7
يَحْذَرُ,2,9:64,2,8
يَحْذَرُونَ,2,9:122,2,11
يَحْمِلُ,2,20:100,2,8
يَحْمِلُونَ,2,6:31,2,11
يَخْتَصُّ,2,2:105,2,9
يَخْصِفَانِ,2,7:22,2,11
يَخْلُقَ,2,17:99,2,8
يَخْلُقُونَ,2,16:20,2,11
يَدَيَّ,2,3:50,2,7
يَدُ,2,5:64,2,4
يَدْخُلُوهَا,2,2:114,2,12
يَدْعُ,2,23:117,2,6
يَذُوقُونَ,2,44:56,2,10
يَذْكُرُ,2,19:67,2,8
يَذْهَبُوا,2,24:62,2,10
يَرَ,2,21:30,2,4
يَرَاكُمْ,2,7:27,2,9
يَرَوْنَهَا,2,25:40,2,11
يَرِثُهَا,2,4:176,2,9
يَرِثُونَ,2,7:100,2,9
يَرْتَدَّ,2,5:54,2,9
يَزَالُونَ,2,2:217,2,10
يَزَّكَّى,2,80:3,1,9
يَزِرُونَ,2,6:31,2,9
يَزِيدُهُمْ,2,17:41,1,11
يَسَّرْنَاهُ,2,19:97,2,12
يَسْأَلُ,2,70:10,2,8
يَسْأَلُكَ,2,4:153,2,10
يَسْبَحُونَ,2,21:33,2,11
يَسْتَأْذِنُكَ,2,9:44,1,14
يَسْتَأْذِنُونَكَ,2,9:93,2,17
يَسْتَجِيبُ,2,6:36,2,11
يَسْتَحْيِي,2,2:26,2,11
يَسْتَخْفُونَ,2,4:108,1,13
يَسْتَطِعْ,2,4:25,2,10
يَسْتَطِيعُ,2,2:282,2,11
يَسْتَعْجِلُ,2,10:50,2,12
يَسْتَعْجِلُونَ,2,26:204,2,15
يَسْتَغْفِرُونَ,2,8:33,2,15
يَسْتَمِعُ,2,6:25,2,10
يَسْتَوِيَانِ,2,11:24,2,13
يَسْمَعُوا,2,7:198,2,10
يَسْمَعْهَا,2,31:7,2,11
يَشَإِ,2,6:39,2,6
يَشْرَبُ,2,76:6,2,8
يَشْفَعْ,2,4:85,1,8
يَشْكُرُ,2,27:40,2,8
يَصِلُ,2,6:136,1,6
يَصْلَاهَا,2,17:18,2,10
يَطْمِثْهُنَّ,2,55:56,1,13
يَظُنُّ,2,22:15,2,7
يَظْلِمْ,2,4:110,2,8
يَعُودُونَ,2,58:3,1,10
يَعِدُكُمُ,2,2:268,2,10
يَعِدُكُمْ,2,2:268,2,10
يَعِدُهُمُ,2,4:120,2,10
يَعْرِشُونَ,2,7:137,2,11
يَعْرِفُونَهُ,2,2:146,2,13
يَعْزُبُ,2,10:61,2,8
يَعْفُوَ,2,2:237,2,8
يَعْلَمُهَا,2,6:59,1,11
يَعْلَمْهُ,2,2:197,2,10
يَغُرَّنَّكُمْ,2,31:33,2,14
يَغِيظُ,2,9:120,2,7
يَفْرَحُونَ,2,3:188,2,11
يَفْعَلُوا,2,3:115,1,10
يَقُصُّ,2,6:57,2,7
يَقُصُّونَ,2,6:130,2,10
يَقْبَلُ,2,9:104,2,8
يَقْتُلُونَ,2,5:70,2,11
يَقْتُلُونِ,2,26:14,2,11
يَقْدِرُ,2,16:75,1,8
يَقْرَءُونَ,2,10:94,2,11
يَكْذِبُونَ,2,2:10,2,11
يَكْسِبْ,2,4:111,1,8
يَلِجُ,2,34:2,2,6
يَلْتَفِتْ,2,11:81,2,10
يَلْحَقُوا,2,3:170,2,10
يَلْقَوْنَهُ,2,9:77,2,12
يَلْهَثْ,2,7:176,1,8
يَمَسُّنَا,2,35:35,1,10
يَمَسُّهُمُ,2,6:49,2,11
يَمَسُّهُمْ,2,11:48,2,11
يَمُنُّ,2,14:11,2,7
يَمِينُكَ,2,33:50,1,9
يَمْتَرُونَ,2,15:63,2,11
يَمْسَسْنِي,2,3:47,2,11
يَنَالُوا,2,9:74,2,9
يَنْتَصِرُونَ,2,26:93,2,13
يَنْتَهُوا,2,5:73,2,10
يَنْتَهِ,2,33:60,2,8
يَنْزَغَنَّكَ,2,7:200,2,13
يَنْزِلُ,2,34:2,2,8
يَنْسِلُونَ,2,21:96,2,11
يَنْصُرُكُمْ,2,3:160,2,12
يَنْصُرُنِي,2,11:30,1,11
يَنْصُرُهُ,2,22:40,2,10
يَنْصُرُونَ,2,7:192,1,11
يَنْصُرُونَهُ,2,18:43,2,13
يَنْصُرُونَهُمْ,2,42:46,2,15
يَنْظُرُوا,2,7:185,2,10
يَنْفَعَكُمُ,2,33:16,2,12
يَنْفَعَنَا,2,12:21,2,11
يَنْفَعُكُمْ,2,11:34,2,12
يَنْقَلِبْ,2,3:144,2,10
يَنْكُثُونَ,2,7:135,2,11
يَنْهَاكُمُ,2,60:8,1,11
يَهِيجُ,2,39:21,2,7
يَهْتَدُوا,2,18:57,2,10
يَهْدِيهِمْ,2,7:148,2,11
يَوْمِئِذٍ,2,11:66,2,10
يُؤَاخِذُ,2,16:61,2,9
يُؤَاخِذُكُمُ,2,2:225,2,13
يُؤَاخِذُكُمْ,2,2:225,2,13
يُؤَدِّهِ,2,3:75,1,9
يُؤْتَ,2,2:247,1,6
يُؤْتَى,2,3:73,2,7
يُؤْتِ,2,4:146,2,6
يُؤْخَذُ,2,2:48,2,8
يُؤْخَذْ,2,6:70,2,8
يُؤْذَنَ,2,24:28,2,8
يُؤْذَنُ,2,16:84,2,8
يُؤْفَكُ,2,40:63,2,8
يُؤْمَرُونَ,2,16:50,2,11
يُؤْمِنَّ,2,2:221,1,9
يُبَايِعُونَكَ,2,48:10,1,14
يُبَيِّتُونَ,2,4:81,1,12
يُبْدِينَ,2,24:31,1,9
يُتَوَفَّوْنَ,2,2:234,1,13
يُتَوَفَّى,2,22:5,2,10
يُتِمَّ,2,2:233,2,7
يُجَادِلُونَكَ,2,6:25,2,14
يُجَاهِدُوا,2,9:44,1,11
يُجِيرُ,2,23:88,2,7
يُحَادُّونَ,2,58:5,1,11
يُحَاوِرُهُ,2,18:34,1,11
يُحِيطُونَ,2,2:255,2,10
يُحْدِثُ,2,20:113,2,8
يُحْيِيَ,2,46:33,2,8
يُخَادِعُونَ,2,2:9,2,12
يُخَوِّفُ,2,3:175,2,9
يُخْرِجَكُمْ,2,7:110,2,12
يُخْفُونَ,2,3:154,2,9
يُخْلِفَ,2,2:80,2,8
يُدْعَوْنَ,2,3:23,2,10
يُرَاءُونَ,2,4:142,2,10
يُرَدُّونَ,2,2:85,2,10
يُرَى,2,46:25,2,5
يُرِيدُوا,2,8:62,1,9
يُرِيكُمُ,2,13:12,2,9
يُرْزَقُونَ,2,3:169,2,11
يُرْسِلِ,2,11:52,2,8
يُزَكِّي,2,4:49,2,8
يُزَكِّيهِمْ,2,2:174,2,12
يُزْجِي,2,17:66,2,7
يُسَبِّحْنَ,2,21:79,2,11
يُسْحَبُونَ,2,40:71,2,11
يُشَاقِقِ,2,4:115,2,9
يُشْرَكَ,2,4:48,1,8
يُصَلِّي,2,3:39,2,8
يُصِيبَهُمْ,2,5:49,2,11
يُصْلِحُونَ,2,26:152,2,11
يُضَاعَفُ,2,11:20,2,9
يُضَاعَفْ,2,25:69,2,9
يُضِلُّوكَ,2,4:113,2,10
يُضِلُّونَ,2,3:69,2,10
يُطَافُ,2,37:45,2,7
يُظَاهِرُونَ,2,58:2,1,12
يُعَذِّبَهُمْ,2,3:128,2,13
يُعَذِّبْهُمُ,2,9:14,1,13
يُعَظِّمْ,2,22:30,1,9
يُعَقِّبْ,2,27:10,2,9
يُعَمَّرُ,2,2:96,2,9
يُعْرَضُ,2,46:20,1,8
يُغَيِّرُوا,2,8:53,2,11
يُغْشِي,2,7:54,2,7
يُفَرِّقُوا,2,4:150,1,11
يُفَصِّلُ,2,10:5,2,9
يُفْتَرَى,2,10:37,2,9
يُفْتِيكُمْ,2,4:127,1,11
يُفْلِحُونَ,2,10:69,2,11
يُقَلِّبُ,2,18:42,2,9
يُقْبَلَ,2,3:85,1,8
يُقْبَلُ,2,2:48,1,8
يُقْرِضُ,2,2:245,2,8
يُقْضَى,2,20:114,2,7
يُكَذِّبُونَ,2,83:11,2,12
يُكَذِّبُونِ,2,26:12,2,12
يُكَفِّرْ,2,64:9,2,9
يُكَلِّفُ,2,2:286,2,9
يُكَلِّمُهُمُ,2,2:174,2,13
يُلْقُونَ,2,3:44,2,9
يُمْسِكُهُنَّ,2,16:79,2,13
يُنَادَوْنَ,2,40:10,2,11
يُنَبِّئُكُمْ,2,6:60,2,13
يُنَبِّئُهُمْ,2,6:159,2,13
يُنَجِّيكُمْ,2,6:63,1,12
يُنَزَّلَ,2,2:105,2,9
يُنِيبُ,2,40:13,2,7
يُهْرَعُونَ,2,11:78,2,11
يُهْلَكُ,2,6:47,2,8
يُهْلِكَ,2,5:17,2,8
يُهْلِكُونَ,2,6:26,2,11
يُوعَظُ,2,2:232,2,7
يُوفُونَ,2,13:20,2,8
يُوقَ,2,59:9,2,5
يُونُسَ,2,10:98,2,7
يُوَارِي,2,5:31,2,8
يُوَفَّ,2,2:272,2,7
آبَاءَهُمُ,1,23:68,1,10
آبَاءِ,1,24:31,1,6
آبَائِكَ,1,2:133,1,8
آبَائِكُمْ,1,24:61,1,10
آبَائِي,1,12:38,1,7
آتَاكَ,1,28:77,1,6
آتَاكُمُ,1,59:7,1,8
آتَانَا,1,9:75,1,7
آتَاهَا,1,65:7,1,7
آتَتْ,1,18:33,1,5
آتَوْا,1,23:60,1,6
آتَوْهُ,1,12:66,1,7
آتَيْتَنَا,1,7:189,1,10
آتَيْتَنِي,1,12:101,1,10
آتَيْتَهُنَّ,1,33:51,1,12
آتَيْتُكَ,1,7:144,1,9
آتَيْتُكُمْ,1,3:81,1,11
آتَيْنَاهَا,1,6:83,1,11
آتِهِمْ,1,33:68,1,7
آتِي,1,19:93,1,4
آتِيهِ,1,19:95,1,6
آتِيهِمْ,1,11:76,1,8
آثَارِ,1,30:50,1,6
آثَارِهِمَا,1,18:64,1,11
آثَرَكَ,1,12:91,1,7
آثِمًا,1,76:24,1,6
آثِمٌ,1,2:283,1,5
آخَرَانِ,1,5:106,1,8
آخَرُونَ,1,25:4,1,8
آخِذٌ,1,11:56,1,5
آخِذِينَ,1,51:16,1,8
آخِرَهُ,1,3:72,1,7
آذَانَ,1,4:119,1,6
آذَانِنَا,1,41:5,1,9
آذَنَّاكَ,1,41:47,1,9
آذَنْتُكُمْ,1,21:109,1,11
آذَوْا,1,33:69,1,6
آذَيْتُمُونَا,1,14:12,1,13
آزَرَ,1,6:74,1,5
آسَفُونَا,1,43:55,1,9
آسَى,1,7:93,1,4
آسِنٍ,1,47:15,1,5
آلِهَتُهُمُ,1,11:101,1,11
آلِهَتِكُمْ,1,38:6,1,11
آلِهَتِهِمْ,1,37:91,1,11
آلِهَتِي,1,19:46,1,8
آمَنُكُمْ,1,12:64,1,9
آمُرُهُ,1,12:32,1,7
آمِنَةً,1,16:112,1,7
آمِنْ,1,46:17,1,5
آمِّينَ,1,5:2,1,7
آنٍ,1,55:44,1,3
آنَاءِ,1,20:130,1,6
آنَسَ,1,28:29,1,5
آنَسْتُمْ,1,4:6,1,9
آنِفًا,1,47:16,1,6
آنِيَةٍ,1,88:5,1,7
آوِي,1,11:80,1,4
آيَاتِهَا,1,21:32,1,9
آيَاتِيَ,1,7:146,1,8
آيَتَيْنِ,1,17:12,1,9
أَآلِهَتُنَا,1,43:58,1,12
أَأَتَّخِذُ,1,36:23,1,11
أَأَرْبَابٌ,1,12:39,1,11
أَأَسْجُدُ,1,17:61,1,10
أَأَسْلَمْتُمْ,1,3:20,1,14
أَأَشْفَقْتُمْ,1,58:13,1,14
أَأَشْكُرُ,1,27:40,1,10
أَأَعْجَمِيٌّ,1,41:44,1,13
أَأَقْرَرْتُمْ,1,3:81,1,14
أَأَلِدُ,1,11:72,1,8
أَأَمِنْتُمْ,1,67:16,1,12
أَأُلْقِيَ,1,54:25,1,10
أَأُنْزِلَ,1,38:8,1,10
أَؤُنَبِّئُكُمْ,1,3:15,1,15
أَئِذَا,1,56:47,1,7
أَئِفْكًا,1,37:86,1,9
أَئِمَّةَ,1,9:12,1,9
أَئِنَّ,1,26:41,1,7
أَئِنْ,1,36:19,1,6
أَبًا,1,12:78,1,5
أَبَا,1,33:40,1,5
أَبَابِيلَ,1,105:3,1,10
أَبَاكُمْ,1,12:80,1,9
أَبَاهُ,1,12:61,1,7
أَبَاهُمْ,1,12:16,1,9
أَبَشَرًا,1,54:24,1,9
أَبَشَرٌ,1,64:6,1,8
أَبَشَّرْتُمُونِي,1,15:54,1,17
أَبَعَثَ,1,17:94,1,8
أَبَقَ,1,37:140,1,6
أَبَوَيْكَ,1,12:6,1,10
أَبَوَيْكُمْ,1,7:27,1,12
أَبُوكِ,1,19:28,1,7
أَبُوهُمَا,1,18:82,1,10
أَبِاللَّهِ,1,9:65,1,11
أَبِينَا,1,12:8,1,8
أَبِيهِمْ,1,12:63,1,9
أَبْتَغِي,1,6:114,1,9
أَبْحُرٍ,1,31:27,1,8
أَبْرَحَ,1,12:80,1,8
أَبْرَحُ,1,18:60,1,8
أَبْرَمُوا,1,43:79,1,10
أَبْصَارُ,1,21:97,1,9
أَبْصَارُكُمْ,1,41:22,1,13
أَبْصَارُنَا,1,15:15,1,12
أَبْصَارُهَا,1,79:9,1,12
أَبْصَارِهِنَّ,1,24:31,1,14
أَبْصَرَ,1,6:104,1,8
أَبْصَرْنَا,1,32:12,1,11
أَبْصِرْ,1,18:26,1,8
أَبْغِي,1,6:164,1,7
أَبْغِيكُمْ,1,7:140,1,11
أَبْقَى,1,53:51,1,7
أَبْكَارًا,1,56:36,1,10
أَبْكَمُ,1,16:76,1,8
أَبْلَغُوا,1,72:28,1,10
أَبْلُغَ,1,18:60,1,8
أَبْلُغُ,1,40:36,1,8
أَبْلِغْهُ,1,9:6,1,10
أَبْنَاءَ,1,40:25,1,9
أَبْنَاءَنَا,1,3:61,1,12
أَبْنَاءَهُمُ,1,6:20,1,13
أَبْنَاءُ,1,5:18,1,9
أَبْنَائِكُمُ,1,4:23,1,13
أَبْوَابُ,1,7:40,1,9
أَبْوَابِهَا,1,2:189,1,12
أَتَأْخُذُونَهُ,1,4:20,1,15
أَتَأْمُرُونَ,1,2:44,1,13
أَتَانَا,1,74:47,1,8
أَتَبْنُونَ,1,26:128,1,11
أَتَتَّخِذُ,1,6:74,1,11
أَتَتَّخِذُنَا,1,2:67,1,14
أَتَتْ,1,51:42,1,6
أَتَتْكَ,1,20:126,1,8
أَتَتْكُمُ,1,6:40,1,10
أَتَتْهُمْ,1,9:70,1,10
أَتَجْعَلُ,1,2:30,1,10
أَتَخْشَوْنَهُمْ,1,9:13,1,16
أَتَدْعُونَ,1,37:125,1,11
أَتَذَرُ,1,7:127,1,8
أَتَسْتَبْدِلُونَ,1,2:61,1,17
أَتَصْبِرُونَ,1,25:20,1,13
أَتَعِدَانِنِي,1,46:17,1,14
أَتَعْجَبِينَ,1,11:73,1,13
أَتَعْلَمُونَ,1,7:75,1,13
أَتَقْتُلُونَ,1,40:28,1,13
أَتَمَّهَا,1,12:6,1,10
أَتَنْهَانَا,1,11:62,1,12
أَتَهْتَدِي,1,27:41,1,11
أَتَوَاصَوْا,1,51:53,1,12
أَتَوَكَّأُ,1,20:18,1,11
أَتَوْكَ,1,9:92,1,8
أَتَوْهُ,1,27:87,1,8
أَتَيَا,1,18:77,1,7
أَتَيْتَ,1,2:145,1,8
أَتَيْنَ,1,4:25,1,8
أَتَّبِعُكَ,1,18:66,1,11
أَتَّبِعْهُ,1,28:49,1,11
أَتَّخَذْتُمْ,1,2:80,1,13
أَتَّخَذْنَاهُمْ,1,38:63,1,16
أَتَّخِذُ,1,6:14,1,9
أَتَّخِذْ,1,25:28,1,9
أَتُتْرَكُونَ,1,26:146,1,13
أَتُجَادِلُونَنِي,1,7:71,1,17
أَتُحَاجُّونَنَا,1,2:139,1,16
أَتُحَاجُّونِّي,1,6:80,1,15
أَتُحَدِّثُونَهُمْ,1,2:76,1,18
أَتُرِيدُ,1,28:19,1,9
أَتُعَلِّمُونَ,1,49:16,1,14
أَتُمِدُّونَنِ,1,27:36,1,14
أَتُنَبِّئُونَ,1,10:18,1,14
أَتُهْلِكُنَا,1,7:155,1,13
أَتُوبُ,1,2:160,1,7
أَتِمُّوا,1,2:187,1,9
أَتْرَابٌ,1,38:52,1,9
أَتْقَاكُمْ,1,49:13,1,11
أَتْقَنَ,1,27:88,1,8
أَتْلُ,1,6:151,1,6
أَتْلُوَ,1,27:92,1,8
أَتْمَمْتَ,1,28:27,1,10
أَتْمِمْ,1,66:8,1,8
أَثَارَةٍ,1,46:4,1,9
أَثَامًا,1,25:68,1,8
أَثَرِي,1,20:84,1,7
أَثُمَّ,1,10:51,1,7
أَثِيمًا,1,4:107,1,8
أَثْخَنْتُمُوهُمْ,1,47:4,1,17
أَثْقَالَكُمْ,1,16:7,1,13
أَثْقَالَهَا,1,99:2,1,12
أَثْقَالَهُمْ,1,29:13,1,13
أَثْقَالِهِمْ,1,29:13,1,13
أَثْقَلَتْ,1,7:189,1,10
أَجَبْتُمُ,1,28:65,1,10
أَجَزِعْنَا,1,14:21,1,11
أَجَعَلَ,1,38:5,1,8
أَجَعَلْتُمْ,1,9:19,1,12
أَجَعَلْنَا,1,43:45,1,11
أَجَلَنَا,1,6:128,1,9
أَجَلَهُ,1,2:235,1,8
أَجَلُهَا,1,63:11,1,9
أَجَلُهُنَّ,1,65:4,1,11
أَجَلِهِ,1,2:282,1,8
أَجَّلْتَ,1,6:128,1,9
أَجِدَ,1,72:22,1,6
أَجِنَّةٌ,1,53:32,1,9
أَجِيبُوا,1,46:31,1,9
أَجْرَمْنَا,1,34:25,1,11
أَجْرَهَا,1,33:31,1,9
أَجْرَهُ,1,29:27,1,8
أَجْسَامُهُمْ,1,63:4,1,13
أَجْعَلْ,1,18:95,1,8
أَجْلِ,1,5:32,1,6
أَجْمَعُوا,1,12:102,1,10
أَجْنِحَةٍ,1,35:1,1,10
أَحَبَّ,1,9:24,1,7
أَحَدَ,1,12:4,1,6
أَحَدَكُمْ,1,18:19,1,10
أَحَدَنَا,1,12:78,1,9
أَحَدُكُمَا,1,12:41,1,11
أَحَدِهِمَا,1,5:27,1,11
أَحَسَّ,1,3:52,1,7
أَحَسُّوا,1,21:12,1,9
أَحَسِبَ,1,29:2,1,8
أَحَطْتُ,1,27:22,1,8
أَحَطْنَا,1,18:91,1,9
أَحَقٌّ,1,10:53,1,7
أَحَقَّ,1,48:26,1,7
أَحَلَّنَا,1,35:35,1,10
أَحْبَارَهُمْ,1,9:31,1,13
أَحْبَبْتَ,1,28:56,1,10
أَحْبَبْتُ,1,38:32,1,10
أَحْرَصَ,1,2:96,1,8
أَحْسَنَهُ,1,39:18,1,10
أَحْسَنِ,1,95:4,1,8
أَحْصَاهَا,1,18:49,1,10
أَحْصَاهُ,1,58:6,1,9
أَحْصَاهُمْ,1,19:94,1,11
أَحْصَى,1,18:12,1,7
أَحْضَرَتْ,1,81:14,1,10
أَحْقَابًا,1,78:23,1,10
أَحْكَمُ,1,11:45,1,8
أَحْلَامُهُمْ,1,52:32,1,13
أَحْلَلْنَا,1,33:50,1,11
أَحْمَدُ,1,61:6,1,8
أَحْمِلُ,1,12:36,1,8
أَحْمِلُكُمْ,1,9:92,1,12
أَحْوَى,1,87:5,1,7
أَحْيَا,1,5:32,1,7
أَحْيَاءً,1,77:26,1,9
أَحْيَاءٍ,1,16:21,1,9
أَحْيَاكُمْ,1,22:66,1,11
أَحْيَاهُمْ,1,2:243,1,11
أَحْيَيْنَاهَا,1,36:33,1,14
أَخَا,1,46:21,1,5
أَخَذَتِ,1,10:24,1,8
أَخَذَتْهُمُ,1,7:155,1,12
أَخَذْتُ,1,35:26,1,8
أَخَذْتُمْ,1,8:68,1,10
أَخَذْتُهَا,1,22:48,1,11
أَخَرَقْتَهَا,1,18:71,1,13
أَخَوَاتِكُمْ,1,24:61,1,13
أَخَوَيْكُمْ,1,49:10,1,12
أَخَّرْتَنَا,1,4:77,1,12
أَخَّرْتَنِ,1,17:62,1,11
أَخَّرْتَنِي,1,63:10,1,12
أَخَّرْنَا,1,11:8,1,10
أَخُنْهُ,1,12:52,1,8
أَخُوكَ,1,12:69,1,7
أَخِّرْنَا,1,14:44,1,10
أَخْبَارَكُمْ,1,47:31,1,13
أَخْبَارَهَا,1,99:4,1,12
أَخْبَارِكُمْ,1,9:94,1,13
أَخْذًا,1,73:16,1,7
أَخْذَ,1,54:42,1,6
أَخْذَةً,1,69:10,1,8
أَخْذَهُ,1,11:102,1,8
أَخْذُ,1,11:102,1,6
أَخْرَجَتْكَ,1,47:13,1,12
أَخْرَجَكَ,1,8:5,1,10
أَخْرَجَكُمْ,1,16:78,1,12
أَخْرَجَنِي,1,12:100,1,11
أَخْرَجَهُ,1,9:40,1,10
أَخْرَجُوكُمْ,1,2:191,1,13
أَخْرِجُوهُمْ,1,7:82,1,13
أَخْرِجْ,1,14:5,1,8
أَخْزَى,1,41:16,1,7
أَخْزَيْتَهُ,1,3:192,1,12
أَخْطَأْتُمْ,1,33:5,1,12
أَخْطَأْنَا,1,2:286,1,11
أَخْفَيْتُمْ,1,60:1,1,12
أَخْلَدَ,1,7:176,1,8
أَخْلَدَهُ,1,104:3,1,10
أَخْلَصْنَاهُمْ,1,38:46,1,15
أَخْلَفُوا,1,9:77,1,10
أَخْلَفْنَا,1,20:87,1,11
أَخْلُقُ,1,3:49,1,8
أَخْوَالِكُمْ,1,24:61,1,13
أَدَعَوْتُمُوهُمْ,1,7:193,1,17
أَدُلُّكَ,1,20:120,1,9
أَدُّوا,1,44:18,1,7
أَدْبَارَهُمْ,1,15:65,1,13
أَدْبَارِكُمْ,1,5:21,1,13
أَدْبَارِهَا,1,4:47,1,12
أَدْخِلُوا,1,40:46,1,10
أَدْخِلْنِي,1,17:80,1,11
أَدْرَاكُمْ,1,10:16,1,11
أَدْرَكَهُ,1,10:90,1,10
أَدْرِ,1,69:26,1,6
أَدْعِيَاءَكُمْ,1,33:4,1,15
أَدْعِيَائِهِمْ,1,33:37,1,15
أَدْهَى,1,54:46,1,7
أَذَاعُوا,1,4:83,1,9
أَذَاقَهُمْ,1,30:33,1,11
أَذَاهُمْ,1,33:48,1,9
أَذَّنَ,1,12:70,1,7
أَذِلَّةٌ,1,3:123,1,9
أَذِلَّةٍ,1,5:54,1,9
أَذِنْتَ,1,9:43,1,8
أَذْبَحُكَ,1,37:102,1,10
أَذْكُرَهُ,1,18:63,1,10
أَذْكُرْكُمْ,1,2:152,1,12
أَذْهَبَ,1,35:34,1,8
أَذْهَبْتُمْ,1,46:20,1,12
أَرَأَيْتَكَ,1,17:62,1,12
أَرَادَا,1,2:233,1,8
أَرَادَنِي,1,39:38,1,10
أَرَادَنِيَ,1,39:38,1,11
أَرَاذِلُنَا,1,11:27,1,12
أَرَاغِبٌ,1,19:46,1,9
أَرَاكَهُمْ,1,8:43,1,11
أَرَدْتُ,1,11:34,1,8
أَرَدْتُمُ,1,4:20,1,10
أَرَدْنَ,1,24:33,1,8
أَرَدْنَاهُ,1,16:40,1,11
أَرَضِيتُمْ,1,9:38,1,11
أَرَهْطِي,1,11:92,1,9
أَرَيْنَاكَ,1,17:60,1,11
أَرَيْنَاهُ,1,20:56,1,11
أَرُونِيَ,1,34:27,1,9
أَرْبَعٍ,1,24:45,1,8
أَرْبَعَ,1,24:8,1,8
أَرْبَعَةٌ,1,9:36,1,10
أَرْبَعُ,1,24:6,1,8
أَرْبَى,1,16:92,1,7
أَرْجَائِهَا,1,69:17,1,12
أَرْجُلٌ,1,7:195,1,8
أَرْجُلُهُمْ,1,36:65,1,12
أَرْجُلِكُمْ,1,6:65,1,12
أَرْجِعُ,1,12:46,1,8
أَرْحَامَكُمْ,1,47:22,1,13
أَرْحَامُكُمْ,1,60:3,1,13
أَرْحَامِهِنَّ,1,2:228,1,14
أَرْدَاكُمْ,1,41:23,1,11
أَرْسَاهَا,1,79:32,1,10
أَرْسَلَتْ,1,12:31,1,10
أَرْسَلْنَاهُ,1,51:38,1,13
أَرْسِلْ,1,26:17,1,8
أَرْسِلْهُ,1,12:12,1,10
أَرْضًا,1,12:9,1,7
أَرْضٍ,1,31:34,1,6
أَرْضَعَتْ,1,22:2,1,10
أَرْضَعْنَ,1,65:6,1,10
أَرْضَعْنَكُمْ,1,4:23,1,14
أَرْضَهُمْ,1,33:27,1,10
أَرْضِعِيهِ,1,28:7,1,11
أَرْضِي,1,29:56,1,7
أَرْكَسَهُمْ,1,4:88,1,12
أَزًّا,1,19:83,1,6
أَزَاغَ,1,61:5,1,7
أَزِفَتِ,1,53:57,1,8
أَزِيدَ,1,74:15,1,7
أَزْرِي,1,20:31,1,7
أَزْوَاجَكَ,1,33:50,1,11
أَزْوَاجَكُمُ,1,33:4,1,13
أَزْوَاجَهُ,1,33:53,1,11
أَزْوَاجَهُمْ,1,24:6,1,13
أَزْوَاجَهُنَّ,1,2:232,1,14
أَزْوَاجُكُمْ,1,4:12,1,13
أَزْوَاجُهُمْ,1,60:11,1,13
أَزْوَاجِ,1,33:37,1,9
أَزْوَاجِكَ,1,66:1,1,11
أَزْوَاجِهِ,1,66:3,1,11
أَسَأْتُمْ,1,17:7,1,10
أَسَرُّوا,1,5:52,1,9
أَسَفًا,1,18:6,1,7
أَسَفَى,1,12:84,1,7
أَسِحْرٌ,1,10:77,1,8
أَسْأَلَكَ,1,11:47,1,10
أَسْبَابَ,1,40:37,1,9
أَسْبَاطًا,1,7:160,1,10
أَسْتَجِبْ,1,40:60,1,10
أَسْتَخْلِصْهُ,1,12:54,1,14
أَسْتَغْفَرْتَ,1,63:6,1,14
أَسْتَغْفِرُ,1,12:98,1,12
أَسْتَكْبَرْتَ,1,38:75,1,14
أَسْخَطَ,1,47:28,1,8
أَسْرَفَ,1,20:127,1,8
أَسْرَفُوا,1,39:53,1,10
أَسْرَهُمْ,1,76:28,1,10
أَسْفَارًا,1,62:5,1,10
أَسْفَارِنَا,1,34:19,1,12
أَسْفَرَ,1,74:34,1,8
أَسْكَنْتُ,1,14:37,1,10
أَسْكِنُوهُنَّ,1,65:6,1,14
أَسْلَفَتْ,1,10:30,1,10
أَسْلَفْتُمْ,1,69:24,1,12
أَسْلَمَا,1,37:103,1,9
أَسْلَمْنَا,1,49:14,1,11
أَسْلِحَتَكُمْ,1,4:102,1,14
أَسْلِحَتَهُمْ,1,4:102,1,14
أَسْلِحَتِكُمْ,1,4:102,1,14
أَسْلِمُوا,1,22:34,1,10
أَسْلِمْ,1,2:131,1,8
أَسْمَاءً,1,12:40,1,9
أَسْمَاءٌ,1,53:23,1,9
أَسْمَاءٍ,1,7:71,1,9
أَسْمَائِهِ,1,7:180,1,11
أَسْمَعَهُمْ,1,8:23,1,12
أَسْمَعُ,1,20:46,1,8
أَسْمِعْ,1,19:38,1,8
أَسْوِرَةٌ,1,43:53,1,10
أَشَاءُ,1,7:156,1,7
أَشَدِّ,1,2:85,1,7
أَشَرٌّ,1,72:10,1,7
أَشَقُّ,1,13:34,1,7
أَشَهِدُوا,1,43:19,1,10
أَشُدَّهُمَا,1,18:82,1,12
أَشُقَّ,1,28:27,1,7
أَشِدَّاءُ,1,48:29,1,10
أَشِرٌ,1,54:25,1,6
أَشْرَاطُهَا,1,47:18,1,12
أَشْرَكَ,1,7:173,1,8
أَشْرَكْتَ,1,39:65,1,10
أَشْرَكْتُمُونِ,1,14:22,1,15
أَشْرَكْنَا,1,6:148,1,11
أَشْقَاهَا,1,91:12,1,10
أَشْكُو,1,12:86,1,7
أَشْهَدُ,1,6:19,1,8
أَشْهَدْتُهُمْ,1,18:51,1,14
أَشْهُرٌ,1,2:197,1,8
أَشْيَاءَ,1,5:101,1,9
أَشْيَاعَكُمْ,1,54:51,1,13
أَصَابَتْ,1,3:117,1,9
أَصَابَتْهُ,1,22:11,1,11
أَصَابَهَا,1,2:265,1,10
أَصَابَهُ,1,22:11,1,9
أَصَبْتُمْ,1,3:165,1,10
أَصَبْنَاهُمْ,1,7:100,1,13
أَصَدَقْتَ,1,27:27,1,10
أَصَلَاتُكَ,1,11:87,1,11
أَصْبَحَ,1,67:30,1,8
أَصْبَحُوا,1,5:102,1,10
أَصْبَرَهُمْ,1,2:175,1,12
أَصْبُ,1,12:33,1,6
أَصْحَابٌ,1,6:71,1,9
أَصْحَابِهِمْ,1,51:59,1,13
أَصْطَفَى,1,37:153,1,9
أَصْغَرَ,1,10:61,1,8
أَصْغَرُ,1,34:3,1,8
أَصْلَابِكُمْ,1,4:23,1,13
أَصْلُهَا,1,14:24,1,9
أَصْلِ,1,37:64,1,6
أَصْنَامٍ,1,7:138,1,9
أَصْنَامَكُمْ,1,21:57,1,13
أَصْوَاتَكُمْ,1,49:2,1,13
أَصْوَاتَهُمْ,1,49:3,1,13
أَصْوَافِهَا,1,16:80,1,12
أَضَاءَ,1,2:20,1,7
أَضَاءَتْ,1,2:17,1,9
أَضَاعُوا,1,19:59,1,9
أَضَلَّانَا,1,41:29,1,11
أَضَلَّنَا,1,26:99,1,10
أَضَلَّنِي,1,25:29,1,10
أَضَلُّوا,1,71:24,1,9
أَضَلُّونَا,1,7:38,1,11
أَضِلُّ,1,34:50,1,7
أَضْحَكَ,1,53:43,1,8
أَضْطَرُّهُ,1,2:126,1,11
أَضْعَفُ,1,72:24,1,8
أَضْغَانَكُمْ,1,47:37,1,13
أَضْغَانَهُمْ,1,47:29,1,13
أَضْلَلْتُمْ,1,25:17,1,12
أَضْلَلْنَ,1,14:36,1,10
أَطَاعَ,1,4:80,1,7
أَطَاعُونَا,1,3:168,1,11
أَطَعْتُمُوهُمْ,1,6:121,1,15
أَطَعْتُمْ,1,23:34,1,10
أَطَعْنَكُمْ,1,4:34,1,12
أَطَّلَعَ,1,19:78,1,9
أَطَّلِعُ,1,28:38,1,9
أَطْعَمَهُ,1,36:47,1,10
أَطْعَمَهُمْ,1,106:4,1,12
أَطْغَيْتُهُ,1,50:27,1,12
أَطْفَأَهَا,1,5:64,1,11
أَطْمَعُ,1,26:82,1,8
أَطْوَارًا,1,71:14,1,10
أَظْفَرَكُمْ,1,48:24,1,12
أَعَجَزْتُ,1,5:31,1,10
أَعَجِلْتُمْ,1,7:150,1,12
أَعَزُّ,1,11:92,1,7
أَعِزَّةٍ,1,5:54,1,9
أَعِزَّةَ,1,27:34,1,9
أَعِظُكَ,1,11:46,1,8
أَعِظُكُمْ,1,34:46,1,10
أَعِنْدَهُ,1,53:35,1,10
أَعِيبَهَا,1,18:79,1,10
أَعْثَرْنَا,1,18:21,1,11
أَعْجَبَ,1,57:20,1,8
أَعْجَبَكُمْ,1,2:221,1,12
أَعْجَلَكَ,1,20:83,1,10
أَعْجَمِيًّا,1,41:44,1,12
أَعْجَمِيٌّ,1,16:103,1,11
أَعْدَاءُ,1,41:19,1,9
أَعْدَاءِ,1,41:28,1,9
أَعْرَضْتُمْ,1,17:67,1,12
أَعْصِرُ,1,12:36,1,8
أَعْصِي,1,18:69,1,7
أَعْطَيْنَاكَ,1,108:1,1,13
أَعْقَابِنَا,1,6:71,1,12
أَعْلَنْتُ,1,71:9,1,10
أَعْلَنْتُمْ,1,60:1,1,12
أَعْمَالًا,1,18:103,1,10
أَعْمَالٌ,1,23:63,1,9
أَعْمَالِكُمْ,1,49:14,1,13
أَعْمَالِهِمْ,1,9:37,1,13
أَعْمَامِكُمْ,1,24:61,1,13
أَعْنَاقُهُمْ,1,26:4,1,13
أَعْنَاقِ,1,34:33,1,9
أَعْهَدْ,1,36:60,1,8
أَعْيُنَ,1,7:116,1,8
أَعْيُنُكُمْ,1,11:31,1,12
أَعْيُنُهُنَّ,1,33:51,1,13
أَعْيُنِ,1,21:61,1,8
أَعْيُنِكُمْ,1,8:44,1,12
أَغْرَقْنَاهُمْ,1,25:37,1,15
أَغْفَلْنَا,1,18:28,1,11
أَغْلَالًا,1,36:8,1,10
أَغْنَاهُمُ,1,9:74,1,11
أَغْنَتْ,1,11:101,1,8
أَغْنِيَاءَ,1,2:273,1,11
أَغْوَيْنَا,1,28:63,1,11
أَغْوَيْنَاهُمْ,1,28:63,1,15
أَفَأَصْفَاكُمْ,1,17:40,1,15
أَفَأَمِنْتُمْ,1,17:68,1,14
أَفَأَنْتُمْ,1,21:50,1,12
أَفَأُنَبِّئُكُمْ,1,22:72,1,17
أَفَاتَّخَذْتُمْ,1,13:16,1,16
أَفَاضَ,1,2:199,1,7
أَفَاقَ,1,7:143,1,7
أَفَبِنِعْمَةِ,1,16:71,1,14
أَفَبِهَذَا,1,56:81,1,11
أَفَتَأْتُونَ,1,21:3,1,13
أَفَتَتَّخِذُونَهُ,1,18:50,1,18
أَفَتَطْمَعُونَ,1,2:75,1,15
أَفَتَعْبُدُونَ,1,21:66,1,15
أَفَتُؤْمِنُونَ,1,2:85,1,15
أَفَتُمَارُونَهُ,1,53:12,1,16
أَفَتُهْلِكُنَا,1,7:173,1,15
أَفَحَسِبَ,1,18:102,1,10
أَفَحَسِبْتُمْ,1,23:115,1,14
أَفَحُكْمَ,1,5:50,1,10
أَفَسِحْرٌ,1,52:15,1,10
أَفَطَالَ,1,20:86,1,9
أَفَعَصَيْتَ,1,20:93,1,12
أَفَعَيِينَا,1,50:15,1,12
أَفَكُلَّمَا,1,2:87,1,12
أَفَلَتْ,1,6:78,1,8
أَفَمَا,1,37:58,1,7
أَفَمَنِ,1,3:162,1,8
أَفَمِنْ,1,53:59,1,8
أَفَنَجْعَلُ,1,68:35,1,12
أَفَنَضْرِبُ,1,43:5,1,12
أَفَهُمُ,1,21:44,1,8
أَفَهُمْ,1,21:6,1,8
أَفْئِدَةً,1,14:37,1,10
أَفْئِدَةُ,1,6:113,1,10
أَفْئِدَتَهُمْ,1,6:110,1,14
أَفْئِدَتُهُمْ,1,46:26,1,14
أَفْتَرَى,1,34:8,1,9
أَفْتِنَا,1,12:46,1,9
أَفْسَدُوهَا,1,27:34,1,12
أَفْصَحُ,1,28:34,1,8
أَفْضَى,1,4:21,1,7
أَفْنَانٍ,1,55:48,1,9
أَقَتَلْتَ,1,18:74,1,10
أَقَلَّ,1,18:39,1,7
أَقَلَّتْ,1,7:57,1,9
أَقَمْتُمُ,1,5:12,1,10
أَقِمْ,1,10:105,1,6
أَقْبَلْنَا,1,12:82,1,11
أَقْبِلْ,1,28:31,1,8
أَقْتُلْ,1,40:26,1,8
أَقْدَامَكُمْ,1,47:7,1,13
أَقْدَامِنَا,1,41:29,1,12
أَقْرَبَهُمْ,1,5:82,1,12
أَقْرَرْتُمْ,1,2:84,1,12
أَقْرَرْنَا,1,3:81,1,11
أَقْطَارِ,1,55:33,1,9
أَقْطَارِهَا,1,33:14,1,12
أَقْفَالُهَا,1,47:24,1,12
أَقْلَامٌ,1,31:27,1,9
أَقْلَامَهُمْ,1,3:44,1,13
أَقْلِعِي,1,11:44,1,9
أَقْوَاتَهَا,1,41:10,1,12
أَقْوَمُ,1,17:9,1,8
أَكَابِرَ,1,6:123,1,9
أَكَادُ,1,20:15,1,7
أَكَانَ,1,10:2,1,7
أَكَذَّبْتُمْ,1,27:84,1,13
أَكَفَرْتَ,1,18:37,1,10
أَكَفَرْتُمْ,1,3:106,1,12
أَكَلَ,1,5:3,1,6
أَكَلَهُ,1,12:14,1,8
أَكَّالُونَ,1,5:42,1,11
أَكُ,1,19:20,1,4
أَكُفَّارُكُمْ,1,54:43,1,14
أَكِنَّةٍ,1,41:5,1,9
أَكْبَرْنَهُ,1,12:31,1,12
أَكْثَرِهِمْ,1,36:7,1,12
أَكْرَمَكُمْ,1,49:13,1,12
أَكْرَمَنِ,1,89:15,1,10
أَكْرَهْتَنَا,1,20:73,1,13
أَكْرِمِي,1,12:21,1,9
أَكْفَرَهُ,1,80:17,1,10
أَكْفُرُ,1,27:40,1,8
أَكْفِلْنِيهَا,1,38:23,1,14
أَكْلًا,1,89:19,1,7
أَكْمَامِهَا,1,41:47,1,12
أَكْمَلْتُ,1,5:3,1,10
أَكْنَانًا,1,16:81,1,10
أَكْنَنْتُمْ,1,2:235,1,12
أَلَتْنَاهُمْ,1,52:21,1,13
أَلَدُّ,1,2:204,1,7
أَلَسْتُ,1,7:172,1,8
أَلَكُمُ,1,53:21,1,8
أَلَنْ,1,3:124,1,6
أَلَهُمْ,1,7:195,1,8
أَلَّفَ,1,8:63,1,7
أَلَّفْتَ,1,8:63,1,9
أَلِرَبِّكَ,1,37:149,1,11
أَلْحَقْتُمْ,1,34:27,1,12
أَلْحَقْنَا,1,52:21,1,11
أَلْزَمْنَاهُ,1,17:13,1,13
أَلْسِنَتَهُمْ,1,3:78,1,14
أَلْسِنَتُكُمُ,1,16:116,1,14
أَلْسِنَتُهُمُ,1,16:62,1,14
أَلْسِنَتُهُمْ,1,24:24,1,14
أَلْسِنَتِكُمْ,1,30:22,1,14
أَلْفًا,1,8:65,1,7
أَلْفٌ,1,8:66,1,6
أَلْفٍ,1,37:147,1,6
أَلْفَافًا,1,78:16,1,10
أَلْفَوْا,1,37:69,1,9
أَلْفَيْنَا,1,2:170,1,11
أَلْفَيْنِ,1,8:66,1,10
أَلْفِ,1,97:3,1,6
أَلْقَاهَا,1,4:171,1,10
أَلْقَاهُ,1,12:96,1,9
أَلْقِهَا,1,20:19,1,9
أَلْقِيَا,1,50:24,1,9
أَلْهَاكُمُ,1,102:1,1,11
أَلْوَاحٍ,1,54:13,1,9
أَمَاتَ,1,53:44,1,7
أَمَاتَهُ,1,80:21,1,9
أَمَامَهُ,1,75:5,1,9
أَمَانَاتِكُمْ,1,8:27,1,14
أَمَانَتَهُ,1,2:283,1,11
أَمَانِيَّ,1,2:78,1,10
أَمَانِيُّهُمْ,1,2:111,1,14
أَمَانِيِّ,1,4:123,1,10
أَمَتَّنَا,1,40:11,1,10
أَمَرَكُمُ,1,2:222,1,10
أَمَرَنَا,1,7:28,1,9
أَمَرَهُ,1,80:23,1,8
أَمَرْتَنِي,1,5:117,1,11
أَمَرْتَهُمْ,1,24:53,1,12
أَمَرْتُكَ,1,7:12,1,10
أَمَرْنَا,1,17:16,1,9
أَمَلًا,1,18:46,1,7
أَمَّاذَا,1,27:84,1,9
أَمُوتُ,1,19:33,1,7
أَمِنَ,1,2:283,1,6
أَمِنْتُكُمْ,1,12:64,1,12
أَمْتًا,1,20:107,1,7
أَمْثَالُهَا,1,47:10,1,12
أَمْثَالِهَا,1,6:160,1,12
أَمْثَلُهُمْ,1,20:104,1,12
أَمْرٌ,1,4:83,1,6
أَمْرَكُمْ,1,10:71,1,10
أَمْرَنَا,1,9:50,1,9
أَمْرَهَا,1,41:12,1,9
أَمْرُكُمْ,1,10:71,1,10
أَمْرُهُمْ,1,6:159,1,10
أَمْرِكُمْ,1,18:16,1,10
أَمْسَكَ,1,67:21,1,8
أَمْسَكَهُمَا,1,35:41,1,13
أَمْسَكْنَ,1,5:4,1,10
أَمْشَاجٍ,1,76:2,1,9
أَمْضِيَ,1,18:60,1,8
أَمْعَاءَهُمْ,1,47:15,1,13
أَمْلَيْتُ,1,22:48,1,10
أَمْنًا,1,24:55,1,7
أَمْهِلْهُمْ,1,86:17,1,12
أَمْوَالَكُمُ,1,4:5,1,13
أَمْوَالَهُمُ,1,2:265,1,13
أَمْوَالُنَا,1,48:11,1,12
أَمْوَالِنَا,1,11:87,1,12
أَنَبْنَا,1,60:4,1,9
أَنَحْنُ,1,34:32,1,8
أَنَدْعُو,1,6:71,1,9
أَنَسْجُدُ,1,25:60,1,10
أَنَّنَا,1,6:111,1,8
أَنُطْعِمُ,1,36:47,1,10
أَنُلْزِمُكُمُوهَا,1,11:28,1,18
أَنْبَأَكَ,1,66:3,1,10
أَنْبَأَهُمْ,1,2:33,1,12
أَنْبَائِكُمْ,1,33:20,1,13
أَنْبَائِهَا,1,7:101,1,12
أَنْبَتَتْ,1,2:261,1,10
أَنْبَتَكُمْ,1,71:17,1,12
أَنْبَتْنَا,1,26:7,1,11
أَنْبِئُونِي,1,2:31,1,12
أَنْبِئْهُمْ,1,2:33,1,12
أَنْتُمَا,1,28:35,1,9
أَنْجَاكُمْ,1,14:6,1,11
أَنْجَانَا,1,6:63,1,10
أَنْجَاهُمْ,1,10:23,1,11
أَنْجَيْتَنَا,1,10:22,1,13
أَنْذَرَ,1,46:21,1,8
أَنْذَرَهُمْ,1,54:36,1,12
أَنْذَرْتُكُمْ,1,41:13,1,14
أَنْذَرْنَاكُمْ,1,78:40,1,15
أَنْذِرُوا,1,16:2,1,10
أَنْذِرِ,1,10:2,1,8
أَنْذِرْ,1,71:1,1,8
أَنْزَلْتُ,1,2:41,1,10
أَنْزَلْتُمُوهُ,1,56:69,1,15
أَنْزَلْنَاهَا,1,24:1,1,14
أَنْزِلْ,1,5:114,1,8
أَنْزِلْنِي,1,23:29,1,11
أَنْسَابَ,1,23:101,1,9
أَنْسَانِيهُ,1,18:63,1,12
أَنْسَوْكُمْ,1,23:110,1,12
أَنْشَأَهَا,1,36:79,1,11
أَنْشَأْتُمْ,1,56:72,1,12
أَنْشَأْنَاهُ,1,23:14,1,13
أَنْشَأْنَاهُنَّ,1,56:35,1,16
أَنْشَرَهُ,1,80:22,1,10
أَنْصَارًا,1,71:25,1,10
أَنْصَارَ,1,61:14,1,9
أَنْصَحَ,1,11:34,1,8
أَنْصِتُوا,1,46:29,1,10
أَنْطَقَ,1,41:21,1,8
أَنْطَقَنَا,1,41:21,1,11
أَنْظُرْ,1,7:143,1,8
أَنْظِرْنِي,1,7:14,1,11
أَنْعَامٌ,1,6:138,1,9
أَنْعَامَكُمْ,1,20:54,1,13
أَنْعَامُهُمْ,1,32:27,1,13
أَنْعَمَهَا,1,8:53,1,11
أَنْفَقْتَ,1,8:63,1,10
أَنْفُسَكُمُ,1,6:93,1,12
أَنْفُسَنَا,1,7:23,1,11
أَنْفُسُكُمُ,1,2:87,1,12
أَنْفُسِكُمُ,1,3:168,1,12
أَنْفُسِنَا,1,6:130,1,11
أَنْقَضَ,1,94:3,1,8
أَنْكَاثًا,1,16:92,1,10
أَنْكَالًا,1,73:12,1,10
أَنْكَرَ,1,31:19,1,8
أَنْهَارٌ,1,47:15,1,9
أَنْهَاكُمْ,1,11:88,1,11
أَنْهَكُمَا,1,7:22,1,11
أَهَانَنِ,1,89:16,1,9
أَهَكَذَا,1,27:42,1,9
أَهَمَّتْهُمْ,1,3:154,1,13
أَهْدِكَ,1,19:43,1,8
أَهْدِكُمْ,1,40:38,1,10
أَهْدِيكُمْ,1,40:29,1,11
أَهْلَكَنِيَ,1,67:28,1,12
أَهْلَكْتَهُمْ,1,7:155,1,14
أَهْلَكْتُ,1,90:6,1,10
أَهْلَنَا,1,12:65,1,9
أَهْلُهُ,1,2:196,1,8
أَهْلِنَا,1,52:26,1,9
أَهْلِهِمُ,1,83:31,1,10
أَهْلِهِنَّ,1,4:25,1,11
أَهْلِيكُمْ,1,5:89,1,11
أَهْلِيهِمْ,1,48:12,1,11
أَهْوَاءَكُمْ,1,6:56,1,13
أَهْوَنُ,1,30:27,1,8
أَهْوَى,1,53:53,1,7
أَوَأَمِنَ,1,7:98,1,10
أَوَعَظْتَ,1,26:136,1,10
أَوَكُلَّمَا,1,2:100,1,12
أَوَلَمَّا,1,3:165,1,10
أَوَى,1,18:10,1,5
أَوَيْنَا,1,18:63,1,9
أَوَّابٍ,1,50:32,1,8
أَوَّاهٌ,1,11:75,1,8
أَوَّلِ,1,9:108,1,7
أَوِّبِي,1,34:10,1,8
أَوْتَادًا,1,78:7,1,10
أَوْجَفْتُمْ,1,59:6,1,12
أَوْحَيْتُ,1,5:111,1,10
أَوْدِيَةٌ,1,13:17,1,10
أَوْدِيَتِهِمْ,1,46:24,1,14
أَوْرَثْنَا,1,35:32,1,11
أَوْزَارًا,1,20:87,1,10
أَوْزَارَهَا,1,47:4,1,12
أَوْزَارِ,1,16:25,1,9
أَوْسَطُهُمْ,1,68:28,1,12
أَوْسَطِ,1,5:89,1,8
أَوْقَدُوا,1,5:64,1,10
أَوْلَادَهُمْ,1,6:140,1,13
أَوْلَادِكُمْ,1,4:11,1,13
أَوْلَادِهِمْ,1,6:137,1,13
أَوْلِيَاؤُكُمْ,1,41:31,1,15
أَوْلِيَاؤُهُ,1,8:34,1,13
أَوْلِيَاؤُهُمُ,1,2:257,1,15
أَوْلِيَاؤُهُمْ,1,6:128,1,15
أَوْلِيَائِكُمْ,1,33:6,1,15
أَوْلِيَائِهِمْ,1,6:121,1,15
أَوْهَنَ,1,29:41,1,8
أَيًّا,1,17:110,1,6
أَيَأْمُرُكُمْ,1,3:80,1,14
أَيَبْتَغُونَ,1,4:139,1,13
أَيَحْسَبُونَ,1,23:55,1,13
أَيَطْمَعُ,1,70:38,1,10
أَيَعِدُكُمْ,1,23:35,1,12
أَيَوَدُّ,1,2:266,1,9
أَيَّ,1,26:227,1,5
أَيَّامَ,1,45:14,1,8
أَيَّامِ,1,10:102,1,8
أَيَّدَكَ,1,8:62,1,9
أَيَّدْتُكَ,1,5:110,1,11
أَيَّمَا,1,28:28,1,8
أَيُحِبُّ,1,49:12,1,9
أَيُشْرِكُونَ,1,7:191,1,13
أَيُمْسِكُهُ,1,16:59,1,12
أَيُّنَا,1,20:71,1,8
أَيُّوبَ,1,38:41,1,8
أَيْدٍ,1,7:195,1,6
أَيْدِي,1,30:41,1,7
أَيْدِيهِنَّ,1,60:12,1,12
أَيْدِيَ,1,48:20,1,8
أَيْدِيَهُمَا,1,5:38,1,13
أَيْقَاظًا,1,18:18,1,10
أَيْمَانَ,1,9:12,1,9
أُبَدِّلَهُ,1,10:15,1,11
أُبَرِّئُ,1,12:53,1,9
أُبْسِلُوا,1,6:70,1,10
أُبْعَثُ,1,19:33,1,8
أُتْرِفُوا,1,11:116,1,10
أُتْرِفْتُمْ,1,21:13,1,12
أُجَاجًا,1,56:70,1,8
أُجِبْتُمْ,1,5:109,1,10
أُجِيبَتْ,1,10:89,1,9
أُجِيبُ,1,2:186,1,7
أُجِّلَتْ,1,77:12,1,9
أُحِبُّ,1,6:76,1,7
أُحِيطَ,1,10:22,1,7
أُحْدِثَ,1,18:70,1,8
أُحْصِرُوا,1,2:273,1,10
أُحْصِرْتُمْ,1,2:196,1,12
أُحْصِنَّ,1,4:25,1,9
أُحْكِمَتْ,1,11:1,1,10
أُحْيِي,1,2:258,1,7
أُخَالِفَكُمْ,1,11:88,1,13
أُخِذَ,1,8:70,1,6
أُخِذُوا,1,33:61,1,8
أُخْتَ,1,19:28,1,6
أُخْتَهَا,1,7:38,1,9
أُخْتُكَ,1,20:40,1,8
أُخْتِهَا,1,43:48,1,9
أُخْرَاكُمْ,1,3:153,1,11
أُخْرَاهُمْ,1,7:38,1,11
أُخْرَجَ,1,46:17,1,8
أُخْرَجُ,1,19:66,1,8
أُخْرِجَتْ,1,3:110,1,10
أُخْرِجْتُمْ,1,59:11,1,12
أُخْرِجْنَا,1,2:246,1,11
أُخْفِيهَا,1,20:15,1,10
أُخْفِيَ,1,32:17,1,8
أُذُنَيْهِ,1,31:7,1,10
أُذُنُ,1,9:61,1,6
أُذِنَ,1,22:39,1,6
أُرِيدَ,1,72:10,1,7
أُرِيكُمْ,1,40:29,1,9
أُرْسِلَهُ,1,12:66,1,10
أُرْسِلُوا,1,83:33,1,10
أُرْكِسُوا,1,4:91,1,10
أُزْلِفَتْ,1,81:13,1,10
أُسَارَى,1,2:85,1,8
أُسِّسَ,1,9:108,1,7
أُسْلِمَ,1,40:66,1,8
أُشْرِكَ,1,13:36,1,8
أُشْرِكْ,1,18:42,1,8
أُشْهِدُ,1,11:54,1,8
أُصُولِهَا,1,59:5,1,10
أُصِيبُ,1,7:156,1,7
أُضِيعُ,1,3:195,1,7
أُعِيذُهَا,1,3:36,1,10
أُعْطُوا,1,9:58,1,8
أُغْرِقُوا,1,71:25,1,10
أُغْشِيَتْ,1,10:27,1,10
أُغْنِي,1,12:67,1,7
أُفِكَ,1,51:9,1,6
أُفْرِغْ,1,18:96,1,8
أُقِّتَتْ,1,77:11,1,9
أُكَلِّمَ,1,19:26,1,9
أُكُلٍ,1,34:16,1,6
أُكُلُهَا,1,13:35,1,9
أُكُلُهُ,1,6:141,1,8
أُكْرِهَ,1,16:106,1,8
أُلُوفٌ,1,2:243,1,7
أُمَتِّعْكُنَّ,1,33:28,1,14
أُمَّهَاتُكُمْ,1,4:23,1,14
أُمَّهَاتِهِمْ,1,58:2,1,14
أُمُّكِ,1,19:28,1,7
أُمِّهَا,1,28:59,1,8
أُمِّهِ,1,28:13,1,7
أُمِّيُّونَ,1,2:78,1,11
أُمْطِرَتْ,1,25:40,1,10
أُمْنِيَّتِهِ,1,22:52,1,13
أُنْذِرَ,1,36:6,1,8
أُنْذِرُكُمْ,1,21:45,1,12
أُنْزِلَتِ,1,3:65,1,10
أُنْكِحَكَ,1,28:27,1,10
أُوتَ,1,69:25,1,5
أُوتُوهُ,1,2:213,1,8
أُوتِيتَ,1,20:36,1,8
أُوذِينَا,1,7:129,1,9
أُوذِيَ,1,29:10,1,7
أُورِثُوا,1,42:14,1,9
أُوفِ,1,2:40,1,5
أُوفِي,1,12:59,1,6
أُولَئِكُمْ,1,54:43,1,11
أُولَاتِ,1,65:6,1,8
أُولَاهُمَا,1,17:5,1,11
أُولَاهُمْ,1,7:39,1,10
إِثْمُهُ,1,2:181,1,8
إِجْرَامِي,1,11:35,1,10
إِحْدَاهُنَّ,1,4:20,1,12
إِخْرَاجًا,1,71:18,1,10
إِخْرَاجٍ,1,2:240,1,9
إِخْرَاجُهُمْ,1,2:85,1,13
إِخْرَاجِكُمْ,1,60:9,1,13
إِخْوَانَ,1,17:27,1,9
إِخْوَانَهُمْ,1,58:22,1,13
إِخْوَانِكُمْ,1,24:61,1,13
إِخْوَةً,1,4:176,1,8
إِخْوَةُ,1,12:58,1,8
إِخْوَتِكَ,1,12:5,1,10
إِخْوَتِي,1,12:100,1,9
إِدًّا,1,19:89,1,6
إِدْرِيسَ,1,19:56,1,9
إِذْنِهِ,1,10:3,1,8
إِرَمَ,1,89:7,1,6
إِسْتَبْرَقٍ,1,55:54,1,12
إِسْرَائِيلُ,1,3:93,1,12
إِسْرَارًا,1,71:9,1,10
إِسْرَارَهُمْ,1,47:26,1,13
إِسْرَافًا,1,4:6,1,10
إِسْلَامَكُمْ,1,49:17,1,13
إِسْلَامِهِمْ,1,9:74,1,13
إِصْرًا,1,2:286,1,7
إِصْرَهُمْ,1,7:157,1,10
إِصْرِي,1,3:81,1,7
إِصْلَاحٌ,1,2:220,1,9
إِصْلَاحٍ,1,4:114,1,9
إِطْعَامٌ,1,90:14,1,9
إِطْعَامُ,1,5:89,1,9
إِعْرَاضًا,1,4:128,1,10
إِعْرَاضُهُمْ,1,6:35,1,13
إِعْصَارٌ,1,2:266,1,9
إِفْكًا,1,29:17,1,7
إِفْكُهُمْ,1,46:28,1,10
إِفْكِهِمْ,1,37:151,1,10
إِقَامَتِكُمْ,1,16:80,1,13
إِكْرَاهَ,1,2:256,1,9
إِكْرَاهِهِنَّ,1,24:33,1,14
إِلَهَكَ,1,2:133,1,8
إِلَهَكُمْ,1,37:4,1,10
إِلَهُكُمُ,1,20:98,1,10
إِلَهِكَ,1,20:97,1,8
إِلَيْكُمَا,1,28:35,1,11
إِلْ,1,37:130,1,4
إِلْحَافًا,1,2:273,1,10
إِلْيَاسَ,1,37:123,1,9
إِمَامٍ,1,36:12,1,7
إِمْرًا,1,18:71,1,7
إِنَاهُ,1,33:53,1,7
إِنَّكِ,1,12:29,1,7
إِنَّهُمَا,1,37:122,1,10
إِنَّهُمُ,1,7:30,1,9
إِنَّهُنَّ,1,14:36,1,10
إِنْسَانٍ,1,17:13,1,9
إِنْسِيًّا,1,19:26,1,10
إِنْشَاءً,1,56:35,1,9
إِي,1,10:53,1,3
إِيلَافِهِمْ,1,106:2,1,12
إِيمَانَكُمْ,1,2:143,1,12
إِيمَانَهُ,1,40:28,1,10
إِيمَانَهُمْ,1,6:82,1,12
إِيمَانُكُمْ,1,2:93,1,12
إِيمَانِهَا,1,6:158,1,11
إِيمَانِهِ,1,16:106,1,10
إِيَابَهُمْ,1,88:25,1,11
إِيَّاكَ,1,1:5,1,8
اؤْتُمِنَ,1,2:283,1,9
ائْتِيَا,1,41:11,1,8
ائْذَنْ,1,9:49,1,7
ابْتَدَعُوهَا,1,57:27,1,13
ابْتَغَوُا,1,9:48,1,10
ابْتَغَيْتَ,1,33:51,1,11
ابْتَلَى,1,2:124,1,8
ابْتُلِيَ,1,33:11,1,9
ابْتِغَاءِ,1,4:104,1,10
ابْعَثْ,1,2:246,1,7
ابْلَعِي,1,11:44,1,8
ابْنَتَ,1,66:12,1,7
ابْنَتَيَّ,1,28:27,1,10
ابْنَكَ,1,12:81,1,7
ابْنَهُ,1,11:42,1,7
ابْنَيْ,1,5:27,1,7
ابْنِي,1,11:45,1,6
ابْيَضَّتْ,1,3:107,1,10
اتَّبَعَكُمَا,1,28:35,1,13
اتَّبَعَنِ,1,3:20,1,10
اتَّبَعَنِي,1,12:108,1,11
اتَّبَعُوكَ,1,3:55,1,11
اتَّبَعُوهُمْ,1,9:100,1,13
اتَّبَعْتَنِي,1,18:70,1,13
اتَّبَعْتُمْ,1,7:90,1,12
اتَّبِعُونِ,1,40:38,1,11
اتَّخَذَتْ,1,29:41,1,10
اتَّخَذَهَا,1,45:9,1,11
اتَّخَذُوهَا,1,5:58,1,12
اتَّخَذُوهُ,1,7:148,1,11
اتَّخَذُوهُمْ,1,5:81,1,13
اتَّخَذْتَ,1,26:29,1,10
اتَّخَذْتُ,1,25:27,1,10
اتَّخِذُونِي,1,5:116,1,12
اتَّخِذِي,1,16:68,1,9
اتَّسَقَ,1,84:18,1,8
اتَّقَيْتُنَّ,1,33:32,1,13
اتُّبِعُوا,1,2:166,1,10
اتِّبَاعَ,1,4:157,1,9
اتْلُ,1,29:45,1,5
اثَّاقَلْتُمْ,1,9:38,1,13
اثْنَا,1,9:36,1,6
اثْنَانِ,1,5:106,1,8
اثْنَتَيْ,1,7:160,1,9
اثْنَيْ,1,5:12,1,7
اجْتَبَاكُمْ,1,22:78,1,12
اجْتَبَيْتَهَا,1,7:203,1,14
اجْتَرَحُوا,1,45:21,1,11
اجْتَمَعَتِ,1,17:88,1,11
اجْتَمَعُوا,1,22:73,1,11
اجْتَنَبُوا,1,39:17,1,11
اجْتَنِبُوا,1,49:12,1,11
اجْتُثَّتْ,1,14:26,1,10
اجْعَلُوا,1,12:62,1,9
اجْهَرُوا,1,67:13,1,9
احْتَمَلَ,1,4:112,1,9
احْتَمَلُوا,1,33:58,1,11
احْشُرُوا,1,37:22,1,9
احْمِلْ,1,11:40,1,7
اخْتَرْتُكَ,1,20:13,1,11
اخْتَرْنَاهُمْ,1,44:32,1,14
اخْتَصَمُوا,1,22:19,1,11
اخْتَلَطَ,1,6:146,1,9
اخْتَلَفْتُمْ,1,42:10,1,13
اخْتِلَافًا,1,4:82,1,11
اخْتِلَافُ,1,23:80,1,10
اخْتِلَافِ,1,10:6,1,10
اخْتِلَاقٌ,1,38:7,1,10
اخْرُجُوا,1,4:66,1,9
اخْسَئُوا,1,23:108,1,9
اخْلُفْنِي,1,7:142,1,10
ادَّارَكَ,1,27:66,1,9
ادَّارَكُوا,1,7:38,1,11
ادْخُلَا,1,66:10,1,8
ادْخُلِ,1,36:26,1,7
ادْخُلِي,1,27:44,1,8
ادْعُهُنَّ,1,2:260,1,10
ادْعُونِي,1,40:60,1,9
ادْعُوهُمْ,1,33:5,1,10
ادْفَعُوا,1,3:167,1,9
اذْكُرْ,1,5:110,1,7
اذْكُرْنِي,1,12:42,1,10
ارْتَابُوا,1,24:50,1,10
ارْتَدُّوا,1,47:25,1,10
ارْجِعُونِ,1,23:99,1,10
ارْجِعِ,1,67:4,1,7
ارْجِعِي,1,89:28,1,8
ارْحَمْهُمَا,1,17:24,1,12
ارْكَبُوا,1,11:41,1,9
ارْكَبْ,1,11:42,1,7
ارْكُضْ,1,38:42,1,7
اسْتَأْجَرْتَ,1,28:26,1,13
اسْتَأْجِرْهُ,1,28:26,1,13
اسْتَأْذَنَ,1,24:59,1,11
اسْتَأْذَنَكَ,1,9:86,1,13
اسْتَأْذَنُوكَ,1,24:62,1,14
اسْتَجَارَكَ,1,9:6,1,12
اسْتَحَقَّ,1,5:107,1,10
اسْتَحَقَّا,1,5:107,1,11
اسْتَحْوَذَ,1,58:19,1,11
اسْتَخْرَجَهَا,1,12:76,1,14
اسْتَخْلَفَ,1,24:55,1,11
اسْتَرَقَ,1,15:18,1,9
اسْتَزَلَّهُمُ,1,3:155,1,14
اسْتَسْقَاهُ,1,7:160,1,12
اسْتَسْقَى,1,2:60,1,10
اسْتَضْعَفُونِي,1,7:150,1,15
اسْتَطَاعَ,1,3:97,1,10
اسْتَطَعْتُ,1,11:88,1,11
اسْتَطَعْنَا,1,9:42,1,12
اسْتَطْعَمَا,1,18:77,1,12
اسْتَعْجَلْتُمْ,1,46:24,1,15
اسْتَعْلَى,1,20:64,1,10
اسْتَقَرَّ,1,7:143,1,10
اسْتَكْبَرَ,1,38:74,1,11
اسْتَكْبَرْتُمْ,1,2:87,1,15
اسْتَكْثَرْتُمْ,1,6:128,1,15
اسْتَمَعَ,1,72:1,1,9
اسْتَمَعُوهُ,1,21:2,1,12
اسْتَمْتَعْتُمْ,1,4:24,1,15
اسْتَنْصَرَهُ,1,28:18,1,13
اسْتَنْصَرُوكُمْ,1,8:72,1,16
اسْتَنْكَفُوا,1,4:173,1,13
اسْتَهْزِئُوا,1,9:64,1,13
اسْتَهْوَتْهُ,1,6:71,1,13
اسْتَوَيْتَ,1,23:28,1,11
اسْتَوَيْتُمْ,1,43:13,1,13
اسْتَوْقَدَ,1,2:17,1,11
اسْتَيْأَسَ,1,12:110,1,11
اسْتَيْأَسُوا,1,12:80,1,13
اسْتُجِيبَ,1,42:16,1,10
اسْتُحْفِظُوا,1,5:44,1,13
اسْتِبْدَالَ,1,4:20,1,12
اسْتِحْيَاءٍ,1,28:25,1,12
اسْتِعْجَالَهُمْ,1,10:11,1,16
اسْتِغْفَارُ,1,9:114,1,12
اسْطَاعُوا,1,18:97,1,10
اسْلُكْ,1,28:32,1,7
اسْوَدَّتْ,1,3:106,1,10
اشْتَدَّتْ,1,14:18,1,10
اشْتَرَى,1,9:111,1,8
اشْتَهَتْ,1,21:102,1,9
اشْدُدْ,1,20:31,1,7
اشْرَحْ,1,20:25,1,7
اشْمَأَزَّتْ,1,39:45,1,12
اشْهَدُوا,1,3:64,1,9
اصْبِرُوا,1,3:200,1,9
اصْبِرْ,1,38:17,1,7
اصْرِفْ,1,25:65,1,7
اصْطَفَاكِ,1,3:42,1,10
اصْطَفَاهُ,1,2:247,1,10
اصْطَفَيْتُكَ,1,7:144,1,13
اصْطَفَيْنَا,1,35:32,1,12
اصْطَفَيْنَاهُ,1,2:130,1,14
اصْنَعِ,1,23:27,1,7
اضْرِبُوهُ,1,2:73,1,10
اضْطُرِرْتُمْ,1,6:119,1,13
اطَّلَعْتَ,1,18:18,1,10
اطَّيَّرْنَا,1,27:47,1,12
اطْرَحُوهُ,1,12:9,1,10
اطْمَأَنَّ,1,22:11,1,10
اطْمَأْنَنْتُمْ,1,4:103,1,15
اطْمِسْ,1,10:88,1,7
اعْبُدُونِي,1,36:61,1,11
اعْتَدَوْا,1,2:65,1,10
اعْتَدَيْنَا,1,5:107,1,12
اعْتَرَاكَ,1,11:54,1,10
اعْتَرَفُوا,1,9:102,1,11
اعْتَزَلَهُمْ,1,19:49,1,13
اعْتَزَلُوكُمْ,1,4:90,1,14
اعْتَزَلْتُمُوهُمْ,1,18:16,1,18
اعْتَمَرَ,1,2:158,1,9
اعْدِلُوا,1,5:8,1,9
اعْمَلْ,1,34:11,1,7
اغْتَرَفَ,1,2:249,1,9
اغْدُوا,1,68:22,1,7
افْتَحْ,1,7:89,1,7
افْتَدَتْ,1,2:229,1,9
افْتَدَى,1,3:91,1,8
افْتَرَيْنَا,1,7:89,1,12
افْعَلْ,1,37:102,1,7
اقْتَتَلَ,1,2:253,1,9
اقْتَحَمَ,1,90:11,1,9
اقْتَدِهْ,1,6:90,1,9
اقْتَرَبَتِ,1,54:1,1,11
اقْتَرَفْتُمُوهَا,1,9:24,1,17
اقْتُلُوهُ,1,29:24,1,10
اقْذِفِيهِ,1,20:39,1,10
اقْرَءُوا,1,69:19,1,9
اقْضُوا,1,10:71,1,7
اقْعُدُوا,1,9:46,1,9
اقْنُتِي,1,3:43,1,8
اكْتَالُوا,1,83:2,1,10
اكْتَتَبَهَا,1,25:5,1,12
اكْتَسَبَ,1,24:11,1,9
اكْتَسَبَتْ,1,2:286,1,11
اكْتَسَبْنَ,1,4:32,1,11
اكْشِفْ,1,44:12,1,7
اكْفُرْ,1,59:16,1,7
التَّائِبُونَ,1,9:112,1,13
التَّابُوتُ,1,2:248,1,11
التَّابُوتِ,1,20:39,1,11
التَّابِعِينَ,1,24:31,1,13
التَّذْكِرَةِ,1,74:49,1,13
التَّرَاقِيَ,1,75:26,1,12
التَّعَفُّفِ,1,2:273,1,12
التَّغَابُنِ,1,64:9,1,12
التَّكَاثُرُ,1,102:1,1,12
التَّلَاقِ,1,40:15,1,10
التَّمَاثِيلُ,1,21:52,1,13
التَّنَادِ,1,40:32,1,10
التَّنَاوُشُ,1,34:52,1,12
التَّهْلُكَةِ,1,2:195,1,13
التَّوَّابِينَ,1,2:222,1,14
التَّوْبِ,1,40:3,1,9
التُّرَابِ,1,16:59,1,10
التُّرَاثَ,1,89:19,1,10
التِّجَارَةِ,1,62:11,1,12
الثَّابِتِ,1,14:27,1,10
الثَّاقِبُ,1,86:3,1,10
الثَّالِثَةَ,1,53:20,1,12
الثَّرَى,1,20:6,1,8
الثَّقَلَانِ,1,55:31,1,12
الثَّلَاثَةِ,1,9:118,1,12
الثَّوَابُ,1,18:31,1,10
الثَّوَابِ,1,3:195,1,10
الثُّلُثَانِ,1,4:176,1,12
الثُّلُثُ,1,4:11,1,9
الثُّلُثِ,1,4:12,1,9
الثُّمُنُ,1,4:12,1,9
الثِّقَالَ,1,13:12,1,10
الدَّاخِلِينَ,1,66:10,1,13
الدَّاعِيَ,1,20:108,1,10
الدَّرَجَاتُ,1,20:75,1,12
الدَّرَجَاتِ,1,40:15,1,12
الدَّرْكِ,1,4:145,1,9
الدَّهْرُ,1,45:24,1,9
الدَّهْرِ,1,76:1,1,9
الدَّوَائِرَ,1,9:98,1,12
الدُّبُرَ,1,54:45,1,9
الدِّمَاءَ,1,2:30,1,10
الدِّيَارِ,1,17:5,1,10
الذَّنْبِ,1,40:3,1,9
الذَّهَبَ,1,9:34,1,9
الذَّهَبِ,1,3:14,1,9
الذُّبَابُ,1,22:73,1,10
الذُّكُورَ,1,42:49,1,10
الذُّكْرَانَ,1,26:165,1,12
الرَّأْسُ,1,19:4,1,9
الرَّأْيِ,1,11:27,1,9
الرَّاجِفَةُ,1,79:6,1,12
الرَّادِفَةُ,1,79:7,1,12
الرَّاسِخُونَ,1,4:162,1,13
الرَّاشِدُونَ,1,49:7,1,13
الرَّاكِعُونَ,1,9:112,1,13
الرَّبَّانِيُّونَ,1,5:63,1,17
الرَّجْعِ,1,86:11,1,9
الرَّحْمَةُ,1,57:13,1,11
الرَّزَّاقُ,1,51:58,1,11
الرَّسُولَا,1,33:66,1,11
الرَّشِيدُ,1,11:87,1,10
الرَّضَاعَةَ,1,2:233,1,12
الرَّضَاعَةِ,1,4:23,1,12
الرَّعْدُ,1,13:13,1,9
الرَّفَثُ,1,2:187,1,9
الرَّقِيبَ,1,5:117,1,10
الرَّهْبِ,1,28:32,1,9
الرَّوْعُ,1,11:74,1,9
الرُّجْعَى,1,96:8,1,10
الرُّشْدُ,1,2:256,1,9
الرُّوحَ,1,40:15,1,8
الرُّوحِ,1,17:85,1,8
الرُّومُ,1,30:2,1,8
الرِّجَالُ,1,4:34,1,10
الرِّجْزُ,1,7:134,1,9
الرِّعَاءُ,1,28:23,1,10
الرِّفْدُ,1,11:99,1,9
الرِّيحِ,1,17:69,1,8
الرِّيَاحُ,1,18:45,1,10
الزَّادِ,1,2:197,1,8
الزَّارِعُونَ,1,56:64,1,13
الزَّانِي,1,24:3,1,9
الزَّانِيَةُ,1,24:2,1,12
الزَّاهِدِينَ,1,12:20,1,13
الزَّبَانِيَةَ,1,96:18,1,14
الزَّبَدُ,1,13:17,1,9
الزَّبُورِ,1,21:105,1,10
الزَّرْعَ,1,16:11,1,9
الزُّجَاجَةُ,1,24:35,1,12
الزُّرَّاعَ,1,48:29,1,11
الزُّورَ,1,25:72,1,8
الزُّورِ,1,22:30,1,8
الزِّنَا,1,17:32,1,8
الزِّينَةِ,1,20:59,1,10
السَّائِحُونَ,1,9:112,1,13
السَّائِلَ,1,93:10,1,10
السَّابِقُونَ,1,56:10,1,13
السَّاجِدُونَ,1,9:112,1,13
السَّاحِرُونَ,1,10:77,1,13
السَّاخِرِينَ,1,39:56,1,13
السَّاقُ,1,75:29,1,8
السَّبُعُ,1,5:3,1,9
السَّبِيلَا,1,33:67,1,11
السَّبْتُ,1,16:124,1,9
السَّبْعُ,1,17:44,1,9
السَّبْعِ,1,23:86,1,9
السَّحَابَ,1,13:12,1,10
السَّحَابِ,1,27:88,1,10
السَّحَرَةَ,1,26:40,1,11
السَّدَّيْنِ,1,18:93,1,12
السَّرَائِرُ,1,86:9,1,12
السَّرَّاءِ,1,3:134,1,11
السَّرْدِ,1,34:11,1,9
السَّعْيَ,1,37:102,1,9
السَّفِينَةُ,1,18:79,1,12
السَّقْفُ,1,16:26,1,9
السَّلَامَ,1,4:94,1,10
السَّلَامُ,1,59:23,1,10
السَّلْمِ,1,47:35,1,9
السَّمْعِ,1,26:212,1,9
السَّوِيِّ,1,20:135,1,10
السَّيَّارَةِ,1,12:10,1,13
السَّيِّئَاتُ,1,11:10,1,13
السَّيِّئَةُ,1,41:34,1,12
السَّيِّئَةِ,1,7:95,1,12
السَّيِّئُ,1,35:43,1,10
السَّيِّئِ,1,35:43,1,10
السَّيْرَ,1,34:18,1,9
السَّيْلُ,1,13:17,1,9
السُّبُلَ,1,6:153,1,9
السُّفَهَاءَ,1,4:5,1,12
السُّفْلَى,1,9:40,1,10
السُّوءِ,1,7:165,1,8
السُّوأَى,1,30:10,1,9
السِّجِلِّ,1,21:104,1,10
السِّجْنَ,1,12:36,1,9
السِّجْنُ,1,12:33,1,9
السِّحْرُ,1,10:81,1,9
السِّحْرِ,1,20:73,1,9
السِّدْرَةَ,1,53:16,1,11
السِّقَايَةَ,1,12:70,1,12
السِّلْمِ,1,2:208,1,9
الشَّافِعِينَ,1,74:48,1,13
الشَّدِيدَ,1,10:70,1,10
الشَّدِيدِ,1,50:26,1,10
الشَّرَابُ,1,18:29,1,10
الشَّرَّ,1,10:11,1,8
الشَّكُورُ,1,34:13,1,10
الشَّهْرُ,1,2:194,1,9
الشَّهْرِ,1,2:217,1,9
الشَّوْكَةِ,1,8:7,1,11
الشُّحَّ,1,4:128,1,8
الشُّقَّةُ,1,9:42,1,10
الشُّهَدَاءُ,1,2:282,1,12
الشُّهَدَاءِ,1,2:282,1,12
الشُّهُورِ,1,9:36,1,10
الشِّتَاءِ,1,106:2,1,10
الشِّرْكَ,1,31:13,1,9
الشِّعْرَ,1,36:69,1,9
الشِّعْرَى,1,53:49,1,10
الصَّاخَّةُ,1,80:33,1,11
الصَّافُّونَ,1,37:165,1,12
الصَّافِنَاتُ,1,38:31,1,13
الصَّالِحُ,1,35:10,1,10
الصَّخْرَ,1,89:9,1,9
الصَّخْرَةِ,1,18:63,1,11
الصَّدَفَيْنِ,1,18:96,1,13
الصَّدَقَاتُ,1,9:60,1,12
الصَّدْعِ,1,86:12,1,9
الصَّرْحَ,1,27:44,1,9
الصَّفَا,1,2:158,1,8
الصَّفْحَ,1,15:85,1,9
الصَّلَاةُ,1,62:10,1,10
الصَّلَوَاتِ,1,2:238,1,12
الصَّمَدُ,1,112:2,1,9
الصَّوَاعِقَ,1,13:13,1,12
الصَّوَاعِقِ,1,2:19,1,12
الصَّيْحَةَ,1,50:42,1,11
الصَّيْدَ,1,5:95,1,9
الصُّحُفُ,1,81:10,1,9
الصُّدُورُ,1,40:19,1,10
الصُّلْبِ,1,86:7,1,9
الصِّدِّيقُ,1,12:46,1,11
الصِّدِّيقُونَ,1,57:19,1,14
الصِّدْقِ,1,46:16,1,9
الصِّيَامَ,1,2:187,1,10
الصِّيَامُ,1,2:183,1,10
الصِّيَامِ,1,2:187,1,10
الضَّأْنِ,1,6:143,1,9
الضَّرَرِ,1,4:95,1,9
الضَّرَّاءُ,1,7:95,1,11
الضَّلَالَةِ,1,19:75,1,12
الضُّرَّ,1,16:54,1,8
الضُّرِّ,1,17:56,1,8
الضُّعَفَاءِ,1,9:91,1,12
الضِّعْفِ,1,34:37,1,9
الطَّائِفَتَيْنِ,1,8:7,1,16
الطَّارِقُ,1,86:2,1,10
الطَّاغُوتُ,1,2:257,1,11
الطَّالِبُ,1,22:73,1,10
الطَّامَّةُ,1,79:34,1,11
الطَّرِيقَةِ,1,72:16,1,12
الطَّعَامِ,1,3:93,1,10
الطَّلَاقَ,1,2:227,1,10
الطَّلَاقُ,1,2:229,1,10
الطَّيْرَ,1,27:20,1,9
الطُّوفَانَ,1,7:133,1,11
الطُّوفَانُ,1,29:14,1,11
الطِّفْلِ,1,24:31,1,9
الظَّالِمُ,1,25:27,1,10
الظَّالِمِ,1,4:75,1,10
الظَّانِّينَ,1,48:6,1,12
الظَّمْآنُ,1,24:39,1,10
الظَّهِيرَةِ,1,24:58,1,12
الظُّلَّةِ,1,26:189,1,10
الظُّنُونَا,1,33:10,1,11
الظِّلَّ,1,25:45,1,8
الظِّلُّ,1,35:21,1,8
الظِّلِّ,1,28:24,1,8
اللَّاتَ,1,53:19,1,8
اللَّاعِبِينَ,1,21:55,1,13
اللَّاعِنُونَ,1,2:159,1,13
اللَّذَيْنِ,1,41:29,1,11
اللَّعْنَةَ,1,15:35,1,11
اللَّغْوَ,1,28:55,1,9
اللَّغْوِ,1,23:3,1,9
اللَّمَمَ,1,53:32,1,9
اللَّهَبِ,1,77:31,1,9
اللَّهْوِ,1,62:11,1,9
اللَّوَّامَةِ,1,75:2,1,13
اللُّؤْلُؤُ,1,55:22,1,11
اللُّؤْلُؤِ,1,56:23,1,11
المر,1,13:1,1,4
المص,1,7:1,1,4
النَّادِمِينَ,1,5:31,1,13
النَّاصِرِينَ,1,3:150,1,13
النَّاظِرِينَ,1,2:69,1,13
النَّاقَةِ,1,54:27,1,10
النَّاقُورِ,1,74:8,1,11
النَّبَإِ,1,78:2,1,9
النَّجَاةِ,1,40:41,1,10
النَّجْدَيْنِ,1,90:10,1,13
النَّجْمُ,1,86:3,1,9
النَّحْلِ,1,16:68,1,9
النَّخِيلِ,1,16:67,1,10
النَّسِيءُ,1,9:37,1,10
النَّعَمِ,1,5:95,1,9
النَّعْمَةِ,1,73:11,1,11
النَّفَّاثَاتِ,1,113:4,1,14
النَّفْسُ,1,89:27,1,9
النَّمْلُ,1,27:18,1,9
النَّمْلِ,1,27:18,1,9
النُّجُومَ,1,6:97,1,10
النُّذُرِ,1,53:56,1,9
النُّصُبِ,1,5:3,1,9
النُّطْفَةَ,1,23:14,1,11
النُّعَاسَ,1,8:11,1,10
النُّفُوسُ,1,81:7,1,10
النُّورَ,1,7:157,1,8
النُّورُ,1,35:20,1,8
النُّونِ,1,21:87,1,8
النِّسَاءُ,1,33:52,1,10
النِّسْوَةِ,1,12:50,1,11
النِّصْفُ,1,4:11,1,9
النِّفَاقِ,1,9:101,1,10
النِّكَاحَ,1,4:6,1,10
الِاسْمُ,1,49:11,1,8
الْآثِمِينَ,1,5:106,1,11
الْآخَرِ,1,5:27,1,8
الْآزِفَةُ,1,53:57,1,10
الْآزِفَةِ,1,40:18,1,10
الْآفَاقِ,1,41:53,1,9
الْآفِلِينَ,1,6:76,1,11
الْآلِهَةَ,1,38:5,1,10
الْآمِرُونَ,1,9:112,1,11
الْآمِنِينَ,1,28:31,1,11
الْآيَةَ,1,79:20,1,8
الْأَبْتَرُ,1,108:3,1,11
الْأَبْصَارَ,1,6:103,1,12
الْأَبْوَابَ,1,12:23,1,12
الْأَبْوَابُ,1,38:50,1,12
الْأَبْيَضُ,1,2:187,1,11
الْأَتْقَى,1,92:17,1,10
الْأَثِيمِ,1,44:44,1,10
الْأَجَلَ,1,28:29,1,9
الْأَجَلَيْنِ,1,28:28,1,13
الْأَحْبَارِ,1,9:34,1,12
الْأَحْلَامِ,1,12:44,1,12
الْأَحْمَالِ,1,65:4,1,12
الْأَحْيَاءُ,1,35:22,1,12
الْأَخِ,1,4:23,1,7
الْأَخِلَّاءُ,1,43:67,1,13
الْأَخْسَرِينَ,1,21:70,1,14
الْأَخْضَرِ,1,36:80,1,11
الْأَذَلَّ,1,63:8,1,10
الْأَذَلِّينَ,1,58:20,1,13
الْأَذْقَانِ,1,36:8,1,12
الْأَرْحَامُ,1,13:8,1,12
الْأَرْذَلُونَ,1,26:111,1,14
الْأَسْبَابَ,1,40:36,1,12
الْأَسْبَابُ,1,2:166,1,12
الْأَسْبَابِ,1,38:10,1,12
الْأَسْرَى,1,8:70,1,10
الْأَسْفَلِ,1,4:145,1,11
الْأَسْمَاءَ,1,2:31,1,12
الْأَسْوَدِ,1,2:187,1,11
الْأَشِرُ,1,54:26,1,9
الْأَشْرَارِ,1,38:62,1,12
الْأَشْهُرُ,1,9:5,1,11
الْأَصْنَامَ,1,14:35,1,12
الْأَصْوَاتُ,1,20:108,1,12
الْأَصْوَاتِ,1,31:19,1,12
الْأَطْفَالُ,1,24:59,1,12
الْأَعَزُّ,1,63:8,1,10
الْأَعْجَمِينَ,1,26:198,1,14
الْأَعْدَاءَ,1,7:150,1,12
الْأَعْنَاقِ,1,8:12,1,12
الْأَعْيُنُ,1,43:71,1,11
الْأَعْيُنِ,1,40:19,1,11
الْأَغْلَالَ,1,34:33,1,12
الْأَغْنِيَاءِ,1,59:7,1,14
الْأَفْئِدَةِ,1,104:7,1,13
الْأَقَاوِيلِ,1,69:44,1,13
الْأَقْدَامَ,1,8:11,1,12
الْأَقْدَمُونَ,1,26:76,1,14
الْأَقْرَبِينَ,1,26:214,1,14
الْأَقْصَى,1,17:1,1,10
الْأَكْبَرَ,1,88:24,1,11
الْأَكْبَرُ,1,21:103,1,11
الْأَكْرَمُ,1,96:3,1,11
الْأَكْمَامِ,1,55:11,1,12
الْأَلِيمُ,1,15:50,1,10
الْأَلِيمِ,1,37:38,1,10
الْأَلْوَاحِ,1,7:145,1,12
الْأَمَانَاتِ,1,4:58,1,13
الْأَمَانَةَ,1,33:72,1,12
الْأَمَانِيُّ,1,57:14,1,13
الْأَمَدُ,1,57:16,1,9
الْأَمَلُ,1,15:3,1,9
الْأَمِينِ,1,95:3,1,10
الْأَمْنُ,1,6:82,1,9
الْأَمْنِ,1,4:83,1,9
الْأَمْوَاتُ,1,35:22,1,12
الْأَنَامِلَ,1,3:119,1,12
الْأَنْبَاءُ,1,28:66,1,12
الْأَنْبَاءِ,1,54:4,1,12
الْأَنْعَامَ,1,40:79,1,12
الْأَنْفَالُ,1,8:1,1,12
الْأَنْفَالِ,1,8:1,1,12
الْأَنْفُسَ,1,39:42,1,11
الْأَنْفُسِ,1,16:7,1,11
الْأَهِلَّةِ,1,2:189,1,12
الْأَوَّلُ,1,57:3,1,10
الْأَوَّلِ,1,50:15,1,10
الْأَوْثَانِ,1,22:30,1,12
الْأَوْفَى,1,53:41,1,10
الْأَوْلَيَانِ,1,5:107,1,14
الْأَيَامَى,1,24:32,1,11
الْأَيَّامُ,1,3:140,1,11
الْأَيَّامِ,1,69:24,1,11
الْأَيْدِ,1,38:17,1,9
الْأَيْدِي,1,38:45,1,10
الْأَيْمَنَ,1,20:80,1,11
الْأُخْتَيْنِ,1,4:23,1,13
الْأُخْتِ,1,4:23,1,9
الْأُخْدُودِ,1,85:4,1,12
الْأُكُلِ,1,13:4,1,9
الْأُمَمِ,1,35:42,1,9
الْأُمُورَ,1,9:48,1,10
الْأُمِّيَّ,1,7:157,1,11
الْأُمِّيِّ,1,7:158,1,11
الْإِحْسَانُ,1,55:60,1,12
الْإِحْسَانِ,1,55:60,1,12
الْإِرْبَةِ,1,24:31,1,11
الْإِسْلَامَ,1,5:3,1,12
الْإِسْلَامُ,1,3:19,1,12
الْإِصْبَاحِ,1,6:96,1,12
الْإِصْلَاحَ,1,11:88,1,12
الْإِنْفَاقِ,1,17:100,1,12
الْبَأْسَ,1,33:18,1,9
الْبَأْسَاءُ,1,2:214,1,12
الْبَأْسَاءِ,1,2:177,1,12
الْبَأْسِ,1,2:177,1,9
الْبَائِسَ,1,22:28,1,10
الْبَابِ,1,12:25,1,8
الْبَارِئُ,1,59:24,1,10
الْبَاطِلِ,1,21:18,1,10
الْبَالِغَةُ,1,6:149,1,12
الْبَحْرَانِ,1,35:12,1,12
الْبَدْوِ,1,12:100,1,9
الْبَرُّ,1,52:28,1,8
الْبَرْقُ,1,2:20,1,9
الْبَسْطِ,1,17:29,1,9
الْبَشِيرُ,1,12:96,1,10
الْبَصَرِ,1,16:77,1,9
الْبَطْشَةَ,1,44:16,1,11
الْبَعِيدِ,1,34:8,1,10
الْبَغْضَاءُ,1,3:118,1,12
الْبَغْيُ,1,42:39,1,9
الْبَقَرَ,1,2:70,1,9
الْبَلَاءُ,1,37:106,1,10
الْبَلَدَ,1,14:35,1,9
الْبَلْدَةِ,1,27:91,1,11
الْبَنِينَ,1,37:153,1,10
الْبَوَارِ,1,14:28,1,10
الْبَيَانَ,1,55:4,1,10
الْبَيْعُ,1,2:275,1,9
الْبُرُوجِ,1,85:1,1,10
الْبُطُونِ,1,44:45,1,10
الْبُقْعَةِ,1,28:30,1,11
الْبُكْمُ,1,8:22,1,9
الْبِرُّ,1,2:189,1,8
الْبِرِّ,1,5:2,1,8
الْبِغَاءِ,1,24:33,1,10
الْتَقَتَا,1,3:13,1,10
الْتَقَيْتُمْ,1,8:44,1,13
الْجَارِيَةِ,1,69:11,1,12
الْجَانَّ,1,55:15,1,9
الْجَاهِلُ,1,2:273,1,10
الْجَبَلَ,1,7:171,1,9
الْجَبَلِ,1,7:143,1,9
الْجَبَّارُ,1,59:23,1,11
الْجَزَاءَ,1,53:41,1,10
الْجَلَاءَ,1,59:3,1,10
الْجَمَلُ,1,7:40,1,9
الْجَمِيلَ,1,15:85,1,10
الْجَمْعُ,1,54:45,1,9
الْجَنَّاتِ,1,42:22,1,11
الْجَهْرِ,1,7:205,1,9
الْجَوَارِحِ,1,5:4,1,12
الْجُرُزِ,1,32:27,1,9
الْجُمُعَةِ,1,62:9,1,11
الْجُنُبِ,1,4:36,1,9
الْجُنُودِ,1,85:17,1,10
الْجُودِيِّ,1,11:44,1,11
الْجُوعِ,1,16:112,1,8
الْجِدَارُ,1,18:82,1,10
الْجِزْيَةَ,1,9:29,1,11
الْجِنَّةُ,1,37:158,1,10
الْجِنُّ,1,34:14,1,8
الْجِيَادُ,1,38:31,1,10
الْحَاجِّ,1,9:19,1,9
الْحَاسِبِينَ,1,6:62,1,13
الْحَافِرَةِ,1,79:10,1,12
الْحَامِدُونَ,1,9:112,1,13
الْحَبِّ,1,6:95,1,8
الْحَجُّ,1,2:197,1,8
الْحَدِيدِ,1,18:96,1,10
الْحَرَامُ,1,2:194,1,10
الْحَرَّ,1,16:81,1,8
الْحَرُورُ,1,35:21,1,10
الْحَرِّ,1,9:81,1,8
الْحَرْبُ,1,47:4,1,9
الْحَرْبِ,1,8:57,1,9
الْحَزَنَ,1,35:34,1,9
الْحَسَنَاتِ,1,11:114,1,12
الْحَسَنَةَ,1,7:95,1,11
الْحَسْرَةِ,1,19:39,1,11
الْحَشْرِ,1,59:2,1,9
الْحَصِيدِ,1,50:9,1,10
الْحَطَبِ,1,111:4,1,9
الْحَلِيمُ,1,11:87,1,10
الْحَمِيرِ,1,31:19,1,10
الْحَمِيمُ,1,22:19,1,10
الْحَمِيَّةَ,1,48:26,1,12
الْحَنَاجِرَ,1,33:10,1,12
الْحَنَاجِرِ,1,40:18,1,12
الْحَوَارِيِّينَ,1,5:111,1,16
الْحَوَايَا,1,6:146,1,11
الْحَوْلِ,1,2:240,1,9
الْحَيَوَانُ,1,29:64,1,12
الْحُبُكِ,1,51:7,1,9
الْحُجَّةُ,1,6:149,1,10
الْحُجُرَاتِ,1,49:4,1,12
الْحُرُمُ,1,9:5,1,9
الْحُرُّ,1,2:178,1,8
الْحُزْنِ,1,12:84,1,9
الْحُسْنَيَيْنِ,1,9:52,1,15
الْحُطَمَةُ,1,104:5,1,11
الْحُطَمَةِ,1,104:4,1,11
الْحُكَّامِ,1,2:188,1,11
الْحُكْمَ,1,19:12,1,9
الْحُلْقُومَ,1,56:83,1,12
الْحُوتَ,1,18:63,1,8
الْحُوتُ,1,37:142,1,8
الْحُوتِ,1,68:48,1,8
الْحِجَارَةِ,1,2:74,1,12
الْحِجْرِ,1,15:80,1,9
الْحِزْبَيْنِ,1,18:12,1,13
الْحِكْمَةِ,1,17:39,1,11
الْحِلْيَةِ,1,43:18,1,11
الْحِمَارِ,1,62:5,1,10
الْحِنْثِ,1,56:46,1,9
الْخَائِضِينَ,1,74:45,1,13
الْخَاشِعِينَ,1,2:45,1,13
الْخَاطِئُونَ,1,69:37,1,13
الْخَاطِئِينَ,1,12:29,1,13
الْخَالِدُونَ,1,21:34,1,13
الْخَالِدِينَ,1,7:20,1,13
الْخَالِصُ,1,39:3,1,10
الْخَالِفِينَ,1,9:83,1,13
الْخَالِقُ,1,59:24,1,10
الْخَالِيَةِ,1,69:24,1,12
الْخَبِيثَاتُ,1,24:26,1,13
الْخَبِيثُ,1,5:100,1,10
الْخَبِيثِ,1,5:100,1,10
الْخَبْءَ,1,27:25,1,9
الْخَرَّاصُونَ,1,51:10,1,14
الْخَصْمِ,1,38:21,1,9
الْخَطْفَةَ,1,37:10,1,11
الْخَمْرُ,1,5:90,1,9
الْخَنَّاسِ,1,114:4,1,11
الْخَيْرَ,1,22:77,1,9
الْخَيْرَاتُ,1,9:88,1,12
الْخَيْطُ,1,2:187,1,9
الْخَيْطِ,1,2:187,1,9
الْخَيْلِ,1,8:60,1,9
الْخُرُوجَ,1,9:46,1,10
الْخُرُوجُ,1,50:11,1,10
الْخُرُوجِ,1,50:42,1,10
الْخُرْطُومِ,1,68:16,1,12
الْخُلَطَاءِ,1,38:24,1,12
الْخُلُودِ,1,50:34,1,10
الْخُلْدَ,1,21:34,1,9
الْخِزْيُ,1,9:63,1,9
الْخِيَاطِ,1,7:40,1,10
الْخِيَامِ,1,55:72,1,10
الْعَابِدُونَ,1,9:112,1,13
الْعَابِدِينَ,1,43:81,1,13
الْعَادِّينَ,1,23:113,1,12
الْعَاقِبَةَ,1,11:49,1,12
الْعَاكِفُ,1,22:25,1,10
الْعَالِمُونَ,1,29:43,1,13
الْعَالِينَ,1,38:75,1,11
الْعَامِلُونَ,1,37:61,1,13
الْعَدَاوَةُ,1,60:4,1,12
الْعَدُوُّ,1,63:4,1,10
الْعَرِمِ,1,34:16,1,9
الْعَرْشَ,1,40:7,1,9
الْعَزْمِ,1,46:35,1,9
الْعَشِيرُ,1,22:13,1,10
الْعَصْفِ,1,55:12,1,9
الْعَظِيمَ,1,15:87,1,10
الْعَظْمُ,1,19:4,1,9
الْعَقَبَةَ,1,90:11,1,11
الْعَقَبَةُ,1,90:12,1,11
الْعَقِيمَ,1,51:41,1,10
الْعَلَقَةَ,1,23:14,1,11
الْعَلِيِّ,1,40:12,1,10
الْعَمَى,1,41:17,1,8
الْعَنَتَ,1,4:25,1,9
الْعَهْدَ,1,17:34,1,9
الْعَهْدُ,1,20:86,1,9
الْعَيْنِ,1,3:13,1,9
الْعُسْرَ,1,2:185,1,9
الْعُسْرَةِ,1,9:117,1,11
الْعُقَدِ,1,113:4,1,9
الْعُلَمَاءُ,1,35:28,1,12
الْعُلْيَا,1,9:40,1,10
الْعُيُونِ,1,36:34,1,10
الْعِزَّةِ,1,37:180,1,10
الْعِشَاءِ,1,24:58,1,10
الْعِشَارُ,1,81:4,1,10
الْعِظَامِ,1,2:259,1,10
الْعِمَادِ,1,89:7,1,10
الْغَائِبِينَ,1,27:20,1,13
الْغَارِ,1,9:40,1,8
الْغَاشِيَةِ,1,88:1,1,12
الْغَافِرِينَ,1,7:155,1,13
الْغَافِلَاتِ,1,24:23,1,13
الْغَاوُونَ,1,26:224,1,11
الْغَرَقُ,1,10:90,1,9
الْغَرْبِيِّ,1,28:44,1,12
الْغَضَبُ,1,7:154,1,9
الْغَفَّارِ,1,40:42,1,11
الْغَمَامِ,1,2:210,1,10
الْغَيْظَ,1,3:134,1,9
الْغُرَابِ,1,5:31,1,10
الْغُرُفَاتِ,1,34:37,1,12
الْغُرُوبِ,1,50:39,1,10
الْغُرْفَةَ,1,25:75,1,11
الْغُلَامُ,1,18:80,1,10
الْفَاتِحِينَ,1,7:89,1,13
الْفَاحِشَةُ,1,24:19,1,12
الْفَاصِلِينَ,1,6:57,1,13
الْفَتَّاحُ,1,34:26,1,11
الْفَجَرَةُ,1,80:42,1,11
الْفَرِحِينَ,1,28:76,1,12
الْفَرِيضَةِ,1,4:24,1,12
الْفَزَعُ,1,21:103,1,9
الْفَسَادُ,1,30:41,1,10
الْفَسَادِ,1,11:116,1,10
الْفَقِيرَ,1,22:28,1,10
الْفَقْرَ,1,2:268,1,9
الْفَلَقِ,1,113:1,1,9
الْفُؤَادُ,1,53:11,1,10
الْفُجَّارَ,1,82:14,1,11
الْفُجَّارِ,1,83:7,1,11
الْفُرْقَانِ,1,8:41,1,12
الْفُسُوقُ,1,49:11,1,10
الْفُقَرَاءَ,1,2:271,1,12
الْفِئَتَانِ,1,8:48,1,12
الْفِتْيَةُ,1,18:10,1,11
الْفِرَارُ,1,33:16,1,10
الْفِرَاقُ,1,75:28,1,10
الْفِرْدَوْسَ,1,23:11,1,13
الْفِرْدَوْسِ,1,18:107,1,13
الْفِيلِ,1,105:1,1,8
الْقَادِرُ,1,6:65,1,10
الْقَادِرُونَ,1,77:23,1,13
الْقَاضِيَةَ,1,69:27,1,12
الْقَاعِدُونَ,1,4:95,1,13
الْقَالِينَ,1,26:168,1,11
الْقَانِتِينَ,1,66:12,1,13
الْقَانِطِينَ,1,15:55,1,13
الْقَانِعَ,1,22:36,1,10
الْقَتْلَى,1,2:178,1,10
الْقَتْلُ,1,3:154,1,9
الْقَدِيرُ,1,30:54,1,10
الْقَرَارِ,1,40:39,1,10
الْقَرِينُ,1,43:38,1,10
الْقَرْحُ,1,3:172,1,9
الْقَرْيَتَيْنِ,1,43:31,1,15
الْقَصَصُ,1,3:62,1,9
الْقَصَصِ,1,12:3,1,9
الْقَلَائِدَ,1,5:2,1,12
الْقَلْبِ,1,3:159,1,9
الْقَوَاعِدَ,1,2:127,1,12
الْقَوَاعِدِ,1,16:26,1,12
الْقَيُّومِ,1,20:111,1,11
الْقَيِّمَةِ,1,98:5,1,12
الْقَيِّمِ,1,30:43,1,10
الْقُبُورُ,1,82:4,1,10
الْقُدُّوسُ,1,59:23,1,11
الْقُدُّوسِ,1,62:1,1,11
الْقُرُونُ,1,46:17,1,10
الْقُصْوَى,1,8:42,1,10
الْقُلُوبِ,1,22:32,1,10
الْقُوَى,1,53:5,1,8
الْقُوَّةَ,1,2:165,1,10
الْقِبْلَةَ,1,2:143,1,11
الْقِتَالِ,1,8:65,1,10
الْقِرَدَةَ,1,5:60,1,11
الْقِسْطَ,1,21:47,1,9
الْقِسْمَةَ,1,4:8,1,11
الْقِصَاصُ,1,2:178,1,10
الْقِصَاصِ,1,2:179,1,10
الْقِطْرِ,1,34:12,1,9
الْكَبِيرِ,1,40:12,1,10
الْكَذَّابُ,1,54:26,1,11
الْكَذِبِ,1,58:14,1,9
الْكَرَّةَ,1,17:6,1,10
الْكَرِيمُ,1,44:49,1,10
الْكَعْبَةَ,1,5:97,1,11
الْكَعْبَةِ,1,5:95,1,11
الْكَعْبَيْنِ,1,5:6,1,13
الْكَفَرَةُ,1,80:42,1,11
الْكَفُورَ,1,34:17,1,10
الْكَلَالَةِ,1,4:176,1,12
الْكَلِمُ,1,35:10,1,9
الْكَلْبِ,1,7:176,1,9
الْكَوَافِرِ,1,60:10,1,12
الْكَوَاكِبُ,1,82:2,1,12
الْكَوَاكِبِ,1,37:6,1,12
الْكَوْثَرَ,1,108:1,1,11
الْكَيْلُ,1,12:63,1,9
الْكُبَرِ,1,74:35,1,9
الْكُنَّسِ,1,81:16,1,10
الْكُنُوزِ,1,28:76,1,10
الْكِبَرَ,1,17:23,1,9
الْمَآبِ,1,3:14,1,8
الْمَاعُونَ,1,107:7,1,11
الْمَالُ,1,18:46,1,8
الْمَالِ,1,2:247,1,8
الْمَاهِدُونَ,1,51:48,1,13
الْمَبْثُوثِ,1,101:4,1,12
الْمَتِينُ,1,51:58,1,10
الْمَثَانِي,1,15:87,1,11
الْمَثُلَاتُ,1,13:6,1,12
الْمَجَالِسِ,1,58:11,1,12
الْمَجِيدُ,1,85:15,1,10
الْمَجِيدِ,1,50:1,1,10
الْمَخَاضُ,1,19:23,1,10
الْمَدِينَةَ,1,28:15,1,12
الْمَرَاضِعَ,1,28:12,1,12
الْمَرَافِقِ,1,5:6,1,12
الْمَرْجُومِينَ,1,26:116,1,15
الْمَرْضَى,1,9:91,1,10
الْمَرْعَى,1,87:4,1,10
الْمَرْفُودُ,1,11:99,1,12
الْمَرْفُوعِ,1,52:5,1,12
الْمَسَاجِدَ,1,72:18,1,12
الْمَسَاجِدِ,1,2:187,1,12
الْمَسَاقُ,1,75:30,1,10
الْمَسِّ,1,2:275,1,8
الْمَسْجُورِ,1,52:6,1,12
الْمَسْجُونِينَ,1,26:29,1,15
الْمَسْكَنَةُ,1,3:112,1,13
الْمَشْعَرِ,1,2:198,1,11
الْمَعَارِجِ,1,70:3,1,12
الْمَعْرُوفِ,1,9:67,1,12
الْمَعْزِ,1,6:143,1,9
الْمَعْمُورِ,1,52:4,1,12
الْمَغْرِبَيْنِ,1,55:17,1,15
الْمَغْرِبِ,1,2:258,1,11
الْمَغْشِيِّ,1,47:20,1,12
الْمَغْضُوبِ,1,1:7,1,12
الْمَفَرُّ,1,75:10,1,10
الْمَفْتُونُ,1,68:6,1,12
الْمَقَابِرَ,1,102:2,1,12
الْمَقْبُوحِينَ,1,28:42,1,15
الْمَكِيدُونَ,1,52:42,1,13
الْمَكْنُونِ,1,56:23,1,12
الْمَلَأَ,1,28:20,1,9
الْمَلَكَيْنِ,1,2:102,1,13
الْمَلْعُونَةَ,1,17:60,1,14
الْمَمَاتِ,1,17:75,1,10
الْمَنَامِ,1,37:102,1,10
الْمَنُونِ,1,52:30,1,10
الْمَنْصُورُونَ,1,37:172,1,15
الْمَنْفُوشِ,1,101:5,1,12
الْمَوَازِينَ,1,21:47,1,13
الْمَوَالِيَ,1,19:5,1,12
الْمَوَدَّةَ,1,42:23,1,12
الْمَوْءُودَةُ,1,81:8,1,14
الْمَوْتَةَ,1,44:56,1,11
الْمَوْرُودُ,1,11:98,1,12
الْمَوْعُودِ,1,85:2,1,12
الْمَوْلُودِ,1,2:233,1,12
الْمَيْلِ,1,4:129,1,9
الْمُؤْمِنُ,1,59:23,1,11
الْمُبَارَكَةِ,1,28:30,1,14
الْمُبَذِّرِينَ,1,17:27,1,15
الْمُتَرَبِّصِينَ,1,52:31,1,17
الْمُتَصَدِّقِينَ,1,12:88,1,17
الْمُتَطَهِّرِينَ,1,2:222,1,17
الْمُتَعَالِ,1,13:9,1,12
الْمُتَكَبِّرُ,1,59:23,1,14
الْمُتَكَلِّفِينَ,1,38:86,1,17
الْمُتَلَقِّيَانِ,1,50:17,1,17
الْمُتَنَافِسُونَ,1,83:26,1,17
الْمُتَوَكِّلِينَ,1,3:159,1,17
الْمُثْلَى,1,20:63,1,10
الْمُجِيبُونَ,1,37:75,1,13
الْمُجْرِمُ,1,70:11,1,11
الْمُحَرَّمِ,1,14:37,1,12
الْمُحْتَظِرِ,1,54:31,1,13
الْمُخْبِتِينَ,1,22:34,1,14
الْمُخْرَجِينَ,1,26:167,1,14
الْمُخْسِرِينَ,1,26:181,1,14
الْمُدَّثِّرُ,1,74:1,1,13
الْمُدْحَضِينَ,1,37:141,1,14
الْمُزَّمِّلُ,1,73:1,1,13
الْمُزْنِ,1,56:69,1,9
الْمُسَبِّحُونَ,1,37:166,1,15
الْمُسَبِّحِينَ,1,37:143,1,15
الْمُسَخَّرِ,1,2:164,1,12
الْمُسَوَّمَةِ,1,3:14,1,14
الْمُسِيءُ,1,40:58,1,10
الْمُسْتَأْخِرِينَ,1,15:24,1,18
الْمُسْتَبِينَ,1,37:117,1,14
الْمُسْتَضْعَفِينَ,1,4:98,1,18
الْمُسْتَقَرُّ,1,75:12,1,14
الْمُسْتَقْدِمِينَ,1,15:24,1,18
الْمُسْتَكْبِرِينَ,1,16:23,1,18
الْمُسْتَهْزِئِينَ,1,15:95,1,18
الْمُسْلِمُونَ,1,72:14,1,14
الْمُشْرِكَاتِ,1,2:221,1,14
الْمُصَدِّقِينَ,1,37:52,1,15
الْمُصَوِّرُ,1,59:24,1,12
الْمُصَيْطِرُونَ,1,52:37,1,16
الْمُصَّدِّقِينَ,1,57:18,1,16
الْمُصْطَفَيْنَ,1,38:47,1,15
الْمُصْلِحِ,1,2:220,1,11
الْمُضِلِّينَ,1,18:51,1,13
الْمُضْطَرَّ,1,27:62,1,12
الْمُضْعِفُونَ,1,30:39,1,14
الْمُضْغَةَ,1,23:14,1,11
الْمُطَهَّرُونَ,1,56:79,1,15
الْمُطَّهِّرِينَ,1,9:108,1,16
الْمُطَّوِّعِينَ,1,9:79,1,16
الْمُطْمَئِنَّةُ,1,89:27,1,16
الْمُعَذَّبِينَ,1,26:213,1,15
الْمُعَذِّرُونَ,1,9:90,1,15
الْمُعَوِّقِينَ,1,33:18,1,15
الْمُعْتَبِينَ,1,41:24,1,14
الْمُعْتَدُونَ,1,9:10,1,14
الْمُعْصِرَاتِ,1,78:14,1,14
الْمُغْرَقِينَ,1,11:43,1,14
الْمُفْتَرِينَ,1,7:152,1,14
الْمُفْسِدَ,1,2:220,1,11
الْمُفْسِدُونَ,1,2:12,1,14
الْمُفْلِحِينَ,1,28:67,1,14
الْمُقَامَةِ,1,35:35,1,12
الْمُقَدَّسَةَ,1,5:21,1,14
الْمُقَنْطَرَةِ,1,3:14,1,15
الْمُقْتَسِمِينَ,1,15:90,1,16
الْمُقْتِرِ,1,2:236,1,11
الْمُكَذِّبُونَ,1,56:51,1,15
الْمُلُوكَ,1,27:34,1,10
الْمُلْقِينَ,1,7:115,1,12
الْمُنَادِ,1,50:41,1,10
الْمُنْتَصِرِينَ,1,28:81,1,16
الْمُنْزِلُونَ,1,56:69,1,14
الْمُنْشَآتُ,1,55:24,1,12
الْمُنْشِئُونَ,1,56:72,1,14
الْمُهَيْمِنُ,1,59:23,1,13
الْمُهْتَدُونَ,1,2:157,1,14
الْمُهْتَدِي,1,7:178,1,12
الْمُهْلَكِينَ,1,23:48,1,14
الْمُوسِعِ,1,2:236,1,10
الْمُوقَدَةُ,1,104:6,1,12
الْمُوقِنِينَ,1,6:75,1,13
الْمِحَالِ,1,13:13,1,10
الْمِسْكِينَ,1,74:44,1,12
الْمِصْبَاحُ,1,24:35,1,12
الْمِلَّةِ,1,38:7,1,10
الْمِيثَاقَ,1,13:20,1,11
الْمِيزَانِ,1,55:8,1,11
الْمِيعَادِ,1,8:42,1,11
الْهَالِكِينَ,1,12:85,1,13
الْهَدْيَ,1,5:2,1,9
الْهَدْيُ,1,2:196,1,9
الْهُدْهُدَ,1,27:20,1,11
الْهِيمِ,1,56:55,1,8
الْوَادِ,1,28:30,1,8
الْوَارِثِ,1,2:233,1,10
الْوَاعِظِينَ,1,26:136,1,13
الْوَالِدَيْنِ,1,4:135,1,14
الْوَتِينَ,1,69:46,1,10
الْوَثَاقَ,1,47:4,1,10
الْوَدُودُ,1,85:14,1,10
الْوَرِيدِ,1,50:16,1,10
الْوَزْنَ,1,55:9,1,9
الْوَسْوَاسِ,1,114:4,1,12
الْوَصِيَّةُ,1,2:180,1,12
الْوَصِيَّةِ,1,5:106,1,12
الْوَعْدَ,1,21:9,1,9
الْوَعْدِ,1,19:54,1,9
الْوَقُودِ,1,85:5,1,10
الْوَكِيلُ,1,3:173,1,10
الْوَلَايَةُ,1,18:44,1,12
الْوَهَّابِ,1,38:9,1,11
الْوَيْلُ,1,21:18,1,9
الْوُجُوهَ,1,18:29,1,10
الْوُجُوهُ,1,20:111,1,10
الْوُحُوشُ,1,81:5,1,10
الْوُسْطَى,1,2:238,1,10
الْوِرْدُ,1,11:98,1,9
الْوِلْدَانَ,1,73:17,1,12
الْوِلْدَانِ,1,4:127,1,12
الْيَاقُوتُ,1,55:58,1,11
الْيَمُّ,1,20:39,1,8
الْيَوْمِ,1,76:11,1,9
الْيُسْرَ,1,2:185,1,9
امْتَحَنَ,1,49:3,1,9
امْتَلَأْتِ,1,50:30,1,11
امْرَأَ,1,19:28,1,7
امْرَأَةً,1,27:23,1,9
امْرَأَتَيْنِ,1,28:23,1,13
امْرَأَتُهُ,1,51:29,1,11
امْرُؤٌ,1,4:176,1,7
امْشُوا,1,38:6,1,7
انْبَعَثَ,1,91:12,1,9
انْبِعَاثَهُمْ,1,9:46,1,14
انْتَبَذَتْ,1,19:16,1,11
انْتَثَرَتْ,1,82:2,1,11
انْتَصَرَ,1,42:41,1,9
انْتَظِرُوا,1,6:158,1,11
انْتَقَمْنَا,1,43:55,1,12
انْتَهُوا,1,4:171,1,9
انْسَلَخَ,1,9:5,1,9
انْشَقَّتِ,1,55:37,1,10
انْشَقَّتْ,1,84:1,1,10
انْشُزُوا,1,58:11,1,9
انْصَرَفُوا,1,9:127,1,11
انْطَلَقْتُمْ,1,48:15,1,13
انْظُرُونَا,1,57:13,1,11
انْظُرْنَا,1,2:104,1,10
انْفَضُّوا,1,62:11,1,10
انْفَطَرَتْ,1,82:1,1,11
انْفُخُوا,1,18:96,1,9
انْفِصَامَ,1,2:256,1,10
انْقَلَبَ,1,22:11,1,9
انْقُصْ,1,73:3,1,7
انْكَدَرَتْ,1,81:2,1,11
اهْبِطَا,1,20:123,1,8
اهْبِطْ,1,11:48,1,7
اهْتَدَيْتُ,1,34:50,1,11
اهْتَدَيْتُمْ,1,5:105,1,13
اهْدِنَا,1,1:6,1,8
بَأْسٌ,1,57:25,1,6
بَأْسَكُمْ,1,16:81,1,10
بَأْسُهُ,1,6:147,1,8
بَأْسُهُمْ,1,59:14,1,10
بَأْسِ,1,40:29,1,6
بَأْسِكُمْ,1,21:80,1,10
بَئِيسٍ,1,7:165,1,7
بَابٌ,1,57:13,1,5
بَادُونَ,1,33:20,1,8
بَادِيَ,1,11:27,1,7
بَارِدٌ,1,38:42,1,7
بَارِدٍ,1,56:44,1,7
بَارِزَةً,1,18:47,1,9
بَارِزُونَ,1,40:16,1,10
بَازِغًا,1,6:77,1,8
بَازِغَةً,1,6:78,1,9
بَاسِرَةٌ,1,75:24,1,9
بَاسِطٌ,1,18:18,1,7
بَاسِطُو,1,6:93,1,8
بَاسِقَاتٍ,1,50:10,1,10
بَاشِرُوهُنَّ,1,2:187,1,13
بَاطِنُهُ,1,57:13,1,9
بَاعِدْ,1,34:19,1,7
بَاقٍ,1,16:96,1,5
بَاقِيَةً,1,43:28,1,9
بَاقِيَةٍ,1,69:8,1,9
بَالِغَ,1,5:95,1,7
بَالِغُ,1,65:3,1,7
بَالِغُوهُ,1,7:135,1,10
بَالِغِيهِ,1,16:7,1,10
بَايَعْتُمْ,1,9:111,1,11
بَثَّ,1,42:29,1,5
بَثِّي,1,12:86,1,6
بَحِيرَةٍ,1,5:103,1,9
بَحْرٍ,1,24:40,1,6
بَخِلَ,1,92:8,1,6
بَخْسًا,1,72:13,1,7
بَخْسٍ,1,12:20,1,6
بَدَءُوكُمْ,1,9:13,1,11
بَدَأَ,1,29:20,1,6
بَدَأَكُمْ,1,7:29,1,10
بَدَأْنَا,1,21:104,1,9
بَدَتِ,1,3:118,1,6
بَدَتْ,1,7:22,1,6
بَدَلًا,1,18:50,1,7
بَدَّلَ,1,27:11,1,7
بَدَّلَهُ,1,2:181,1,9
بَدَّلْنَاهُمْ,1,4:56,1,14
بَدِّلْهُ,1,10:15,1,9
بَرَاءٌ,1,43:26,1,7
بَرَدٍ,1,24:43,1,6
بَرَرَةٍ,1,80:16,1,8
بَرَكَاتٍ,1,7:96,1,9
بَرِقَ,1,75:7,1,6
بَرِيئًا,1,4:112,1,8
بَرِيئُونَ,1,10:41,1,10
بَرْزَخًا,1,25:53,1,9
بَرْقِهِ,1,24:43,1,8
بَسًّا,1,56:5,1,6
بَسَطَ,1,42:27,1,6
بَسَطْتَ,1,5:28,1,8
بَشَرٍ,1,6:91,1,6
بَشَّرْنَاكَ,1,15:55,1,12
بَشِيرٌ,1,5:19,1,7
بَشِيرٍ,1,5:19,1,7
بَشِّرِ,1,4:138,1,7
بَصَرِهِ,1,45:23,1,8
بَصُرْتُ,1,20:96,1,8
بَصِيرَةٌ,1,75:14,1,9
بَصِيرَةٍ,1,12:108,1,9
بَطَائِنُهَا,1,55:54,1,12
بَطَرًا,1,8:47,1,7
بَطِرَتْ,1,28:58,1,8
بَطْشَ,1,85:12,1,6
بَطْشَتَنَا,1,54:36,1,11
بَطْنِي,1,3:35,1,7
بَعَثَنَا,1,36:52,1,9
بَعَثَهُ,1,2:259,1,8
بَعَثْنَاكُمْ,1,2:56,1,13
بَعُدَتْ,1,9:42,1,8
بَعُوضَةً,1,2:26,1,9
بَعِدَتْ,1,11:95,1,8
بَعْثُكُمْ,1,31:28,1,10
بَعْدَهُنَّ,1,24:58,1,11
بَعْدِكَ,1,20:85,1,8
بَعْدِكُمْ,1,6:133,1,10
بَعْضَهَا,1,13:4,1,9
بَعْلًا,1,37:125,1,7
بَعْلِهَا,1,4:128,1,9
بَعْلِي,1,11:72,1,7
بَغَتْ,1,49:9,1,6
بَغَى,1,38:22,1,5
بَغْيُكُمْ,1,10:23,1,10
بَقَرَةً,1,2:67,1,8
بَقِيَ,1,2:278,1,6
بَقِيَّةٍ,1,11:116,1,9
بَقِيَّتُ,1,11:86,1,9
بَقْلِهَا,1,2:61,1,9
بَكَتْ,1,44:29,1,6
بَلَاءً,1,8:17,1,7
بَلَاغًا,1,72:23,1,8
بَلَدًا,1,2:126,1,7
بَلَغَا,1,18:61,1,7
بَلَغَنِيَ,1,3:40,1,10
بَلَغْتَ,1,18:76,1,8
بَلَغْتُ,1,19:8,1,8
بَلَوْنَا,1,68:17,1,9
بَلَوْنَاهُمْ,1,68:17,1,13
بَلَّغْتَ,1,5:67,1,9
بَلِيغًا,1,4:63,1,8
بَلِّغْ,1,5:67,1,7
بَلْدَةٌ,1,34:15,1,8
بَنَاتٍ,1,43:16,1,7
بَنَاتِكَ,1,11:79,1,9
بَنَانٍ,1,8:12,1,7
بَنَانَهُ,1,75:4,1,9
بَنَوْا,1,9:110,1,7
بَنَّاءٍ,1,38:37,1,8
بَنُو,1,10:90,1,5
بَنُونَ,1,26:88,1,7
بَنِيهِ,1,2:132,1,7
بَهِيمَةُ,1,5:1,1,9
بَهْجَةٍ,1,27:60,1,8
بَيَانٌ,1,3:138,1,7
بَيَانَهُ,1,75:19,1,9
بَيَّتَ,1,4:81,1,7
بَيَّنَّاهُ,1,2:159,1,11
بَيِّنٍ,1,18:15,1,7
بَيِّنَةً,1,29:35,1,9
بَيِّنَةُ,1,20:133,1,9
بَيِّنَتٍ,1,35:40,1,9
بَيْتٌ,1,17:93,1,6
بَيْتِهَا,1,12:23,1,9
بَيْتِهِ,1,4:100,1,8
بَيْضٌ,1,37:49,1,6
بَيْنَهُنَّ,1,65:12,1,11
بُرَآءُ,1,60:4,1,7
بُرُوجٍ,1,4:78,1,7
بُرْهَانٌ,1,4:174,1,9
بُرْهَانَانِ,1,28:32,1,12
بُشْرَاكُمُ,1,57:12,1,11
بُطُونِهِ,1,16:66,1,9
بُعْثِرَ,1,100:9,1,8
بُعْثِرَتْ,1,82:4,1,10
بُعْدَ,1,43:38,1,6
بُغِيَ,1,22:60,1,6
بُنْيَانٌ,1,61:4,1,9
بُنْيَانَهُمْ,1,16:26,1,13
بُنْيَانُهُمُ,1,9:110,1,13
بُهْتَانٌ,1,24:16,1,9
بُورِكَ,1,27:8,1,7
بُيُوتٍ,1,24:36,1,7
بُيُوتَ,1,33:53,1,7
بُيُوتَكُمْ,1,10:87,1,11
بُيُوتَنَا,1,33:13,1,10
بُيُوتَهُمْ,1,59:2,1,11
بُيُوتُهُمْ,1,27:52,1,11
بُيُوتِهِنَّ,1,65:1,1,12
بِآخَرِينَ,1,4:133,1,10
بِآخِذِيهِ,1,2:267,1,10
بِآلِ,1,40:45,1,5
بِآنِيَةٍ,1,76:15,1,9
بِأَبْصَارِهِمْ,1,68:51,1,15
بِأَحْسَنَ,1,4:86,1,10
بِأَحْسَنِهَا,1,7:145,1,13
بِأَحْكَمِ,1,95:8,1,10
بِأَخٍ,1,12:59,1,6
بِأَخِيكَ,1,28:35,1,9
بِأَرْجُلِهِنَّ,1,24:31,1,15
بِأَسْمَاءِ,1,2:31,1,11
بِأَشْيَاعِهِمْ,1,34:54,1,15
بِأَصْحَابِ,1,105:1,1,11
بِأَعْدَائِكُمْ,1,4:45,1,15
بِأَكْوَابٍ,1,56:18,1,11
بِأَلْسِنَةٍ,1,33:19,1,12
بِأَلْسِنَتِكُمْ,1,24:15,1,16
بِأَلْفٍ,1,8:9,1,8
بِأَمَانِيِّكُمْ,1,4:123,1,16
بِأَمْرِهِمْ,1,12:15,1,12
بِأَنَّكُمُ,1,45:35,1,11
بِأَنَّنَا,1,5:111,1,10
بِأَنْعَامٍ,1,26:133,1,11
بِأَنْعُمِ,1,16:112,1,10
بِأَهْدَى,1,43:24,1,9
بِأَهْلِكُمْ,1,12:93,1,12
بِأَهْوَائِهِمْ,1,6:119,1,15
بِأَوْعِيَتِهِمْ,1,12:76,1,16
بِأَيَّامِ,1,14:5,1,10
بِأَيِّكُمُ,1,68:6,1,11
بِأَيْدٍ,1,51:47,1,8
بِأَيْدِي,1,80:15,1,9
بِأَيْدِينَا,1,9:52,1,12
بِإِبْرَاهِيمَ,1,3:68,1,14
بِإِثْمِي,1,5:29,1,9
بِإِخْرَاجِ,1,9:13,1,11
بِإِلْحَادٍ,1,22:25,1,11
بِإِمَامِهِمْ,1,17:71,1,13
بِإِيمَانٍ,1,52:21,1,10
بِإِيمَانِكُمْ,1,4:25,1,14
بِإِيمَانِهِمْ,1,10:9,1,14
بِإِيمَانِهِنَّ,1,60:10,1,15
بِاتِّخَاذِكُمُ,1,2:54,1,15
بِالتَّقْوَى,1,96:12,1,12
بِالتَّوْرَاةِ,1,3:93,1,14
بِالدُّهْنِ,1,23:20,1,11
بِالذِّكْرِ,1,41:41,1,11
بِالرُّسُلِ,1,2:87,1,11
بِالرُّوحِ,1,16:2,1,10
بِالسَّاحِلِ,1,20:39,1,12
بِالسَّاقِ,1,75:29,1,10
بِالسَّاهِرَةِ,1,79:14,1,14
بِالسُّوقِ,1,38:33,1,10
بِالسِّنِينَ,1,7:130,1,12
بِالسِّنِّ,1,5:45,1,10
بِالشَّاكِرِينَ,1,6:53,1,15
بِالشَّفَقِ,1,84:16,1,11
بِالشَّمْسِ,1,2:258,1,11
بِالشَّهَادَةِ,1,5:108,1,14
بِالشَّهْرِ,1,2:194,1,11
بِالشُّهَدَاءِ,1,24:13,1,14
بِالطَّاغُوتِ,1,2:256,1,13
بِالطَّاغِيَةِ,1,69:5,1,14
بِالطَّيِّبِ,1,4:2,1,12
بِالنَّاصِيَةِ,1,96:15,1,14
بِالنَّبِيِّينَ,1,39:69,1,15
بِالنَّذْرِ,1,76:7,1,11
بِالنَّوَاصِي,1,55:41,1,13
بِالْأَبْصَارِ,1,24:43,1,14
بِالْأَحْقَافِ,1,46:21,1,14
بِالْأَخْسَرِينَ,1,18:103,1,16
بِالْأَزْلَامِ,1,5:3,1,14
بِالْأَسْحَارِ,1,3:17,1,14
بِالْأَلْقَابِ,1,49:11,1,14
بِالْأَمْنِ,1,6:81,1,11
بِالْأَنْفِ,1,5:45,1,11
بِالْأُذُنِ,1,5:45,1,11
بِالْإِفْكِ,1,24:11,1,11
بِالْبَصَرِ,1,54:50,1,11
بِالْبَيْتِ,1,22:29,1,11
بِالْجَنَّةِ,1,41:30,1,12
بِالْجَنْبِ,1,4:36,1,11
بِالْجُنُودِ,1,2:249,1,12
بِالْجِبْتِ,1,4:51,1,11
بِالْحَجِّ,1,22:27,1,10
بِالْحَسَنَاتِ,1,7:168,1,14
بِالْحُرِّ,1,2:178,1,10
بِالْحِجَابِ,1,38:32,1,12
بِالْخَاطِئَةِ,1,69:9,1,14
بِالْخَلْقِ,1,50:15,1,11
بِالْخَيْرَاتِ,1,35:32,1,14
بِالْخُنَّسِ,1,81:15,1,12
بِالْعَبْدِ,1,2:178,1,11
بِالْعَهْدِ,1,17:34,1,11
بِالْعَيْنِ,1,5:45,1,11
بِالْعُرْفِ,1,7:199,1,11
بِالْعُصْبَةِ,1,28:76,1,13
بِالْعُقُودِ,1,5:1,1,12
بِالْعُمْرَةِ,1,2:196,1,13
بِالْغَمَامِ,1,25:25,1,12
بِالْفَتْحِ,1,5:52,1,11
بِالْقَارِعَةِ,1,69:4,1,14
بِالْقَلَمِ,1,96:4,1,11
بِالْقُعُودِ,1,9:83,1,12
بِالْمَرْحَمَةِ,1,90:17,1,15
بِالْمَغْفِرَةِ,1,2:175,1,15
بِالْمَلَإِ,1,38:69,1,11
بِالْمَلَائِكَةِ,1,15:7,1,16
بِالْمَنِّ,1,2:264,1,10
بِالْمُعْتَدِينَ,1,6:119,1,16
بِالْمُلْكِ,1,2:247,1,11
بِالْمُنْكَرِ,1,9:67,1,13
بِالْهَزْلِ,1,86:14,1,11
بِالْوَحْيِ,1,21:45,1,11
بِالْوَصِيدِ,1,18:18,1,12
بِالْوَعِيدِ,1,50:28,1,12
بِبَابِلَ,1,2:102,1,9
بِبَاسِطٍ,1,5:28,1,9
بِبَالِغِهِ,1,13:14,1,11
بِبَالِغِيهِ,1,40:56,1,12
بِبَدَنِكَ,1,10:92,1,10
بِبَدْرٍ,1,3:123,1,8
بِبَطْنِ,1,48:24,1,8
بِبَعْضِهَا,1,2:73,1,11
بِبَغْيِهِمْ,1,6:146,1,12
بِبَكَّةَ,1,3:96,1,9
بِبَنِيهِ,1,70:11,1,9
بِبَيْعِكُمُ,1,9:111,1,12
بِبُهْتَانٍ,1,60:12,1,11
بِبِضَاعَةٍ,1,12:88,1,11
بِتَارِكِي,1,11:53,1,10
بِتَحِيَّةٍ,1,4:86,1,11
بِثَالِثٍ,1,36:14,1,9
بِثَلَاثَةِ,1,3:124,1,11
بِثَمَرِهِ,1,18:42,1,10
بِثَمَنٍ,1,12:20,1,8
بِجَالُوتَ,1,2:249,1,10
بِجَبَّارٍ,1,50:45,1,10
بِجَنَاحَيْهِ,1,6:38,1,13
بِجَنَّتَيْهِمْ,1,34:16,1,15
بِجُنُودِهِ,1,20:78,1,11
بِجِذْعِ,1,19:25,1,8
بِحَامِلِينَ,1,29:12,1,12
بِحَبْلٍ,1,3:112,1,8
بِحَبْلِ,1,3:103,1,8
بِحَدِيثٍ,1,52:34,1,9
بِحَرْبٍ,1,2:279,1,8
بِحَقٍّ,1,5:116,1,7
بِحَمْدِكَ,1,2:30,1,10
بِحُسْبَانٍ,1,55:5,1,11
بِحُكْمِهِ,1,27:78,1,10
بِحِجَارَةٍ,1,105:4,1,11
بِخَارِجٍ,1,6:122,1,9
بِخَازِنِينَ,1,15:22,1,12
بِخَالِصَةٍ,1,38:46,1,11
بِخَلَاقِكُمْ,1,9:69,1,13
بِخَلْقِهِنَّ,1,46:33,1,13
بِخَمْسَةِ,1,3:125,1,10
بِخَيْلِكَ,1,17:64,1,10
بِخُمُرِهِنَّ,1,24:31,1,13
بِدَمٍ,1,12:18,1,6
بِدَيْنٍ,1,2:282,1,8
بِدُخَانٍ,1,44:10,1,9
بِدُعَاءِ,1,19:48,1,9
بِدُعَائِكَ,1,19:4,1,11
بِدِينَارٍ,1,3:75,1,10
بِدِينِكُمْ,1,49:16,1,11
بِدْعًا,1,46:9,1,7
بِذَنْبِهِ,1,29:40,1,10
بِذُنُوبِكُمْ,1,5:18,1,13
بِذُنُوبِنَا,1,40:11,1,12
بِذِبْحٍ,1,37:107,1,8
بِذِكْرِهِمْ,1,23:71,1,12
بِرَأْسِ,1,7:150,1,8
بِرَأْسِي,1,20:94,1,9
بِرَادِّي,1,16:71,1,9
بِرَازِقِينَ,1,15:20,1,12
بِرَبِّهِ,1,72:13,1,9
بِرَبْوَةٍ,1,2:265,1,10
بِرَحْمَتِنَا,1,12:56,1,13
بِرَدِّهِنَّ,1,2:228,1,12
بِرَسُولٍ,1,61:6,1,9
بِرَسُولِهِ,1,57:28,1,11
بِرَسُولِهِمْ,1,40:5,1,13
بِرَشِيدٍ,1,11:97,1,9
بِرُءُوسِكُمْ,1,5:6,1,13
بِرُسُلِنَا,1,57:27,1,11
بِرُسُلِي,1,5:12,1,9
بِرُكْنِهِ,1,51:39,1,10
بِرُوحٍ,1,58:22,1,7
بِرِجَالٍ,1,72:6,1,9
بِرِجْلِكَ,1,38:42,1,10
بِرِزْقٍ,1,18:19,1,8
بِرِسَالَاتِي,1,7:144,1,13
بِسَاحَتِهِمْ,1,37:177,1,13
بِسَاطًا,1,71:19,1,8
بِسَبَبٍ,1,22:15,1,8
بِسَحَرٍ,1,54:34,1,8
بِسَخَطٍ,1,3:162,1,8
بِسَمْعِهِمْ,1,2:20,1,12
بِسُؤَالِ,1,38:24,1,9
بِسُكَارَى,1,22:2,1,10
بِسُورٍ,1,57:13,1,7
بِسِحْرِكَ,1,20:57,1,10
بِسِحْرِهِ,1,26:35,1,10
بِسِحْرِهِمَا,1,20:63,1,13
بِشَرَرٍ,1,77:32,1,8
بِشَهَادَاتِهِمْ,1,70:33,1,16
بِشَهِيدٍ,1,4:41,1,9
بِشِرْكِكُمْ,1,35:14,1,12
بِشِقِّ,1,16:7,1,7
بِشِمَالِهِ,1,69:25,1,11
بِشِهَابٍ,1,27:7,1,9
بِصَاحِبِكُمْ,1,34:46,1,13
بِصَاحِبِهِمْ,1,7:184,1,13
بِصَدَقَةٍ,1,4:114,1,10
بِصَلَاتِكَ,1,17:110,1,11
بِصَوْتِكَ,1,17:64,1,10
بِصِحَافٍ,1,43:71,1,9
بِصِدْقِهِمْ,1,33:24,1,12
بِضَارِّهِمْ,1,58:10,1,12
بِضَارِّينَ,1,2:102,1,11
بِضَاعَةً,1,12:19,1,9
بِضَاعَتُنَا,1,12:65,1,12
بِضَنِينٍ,1,81:24,1,9
بِضِيَاءٍ,1,28:71,1,9
بِضْعَ,1,12:42,1,6
بِضْعِ,1,30:4,1,6
بِطَانَةً,1,3:118,1,9
بِطَرِيقَتِكُمُ,1,20:63,1,15
بِطَغْوَاهَا,1,91:11,1,12
بِظَاهِرٍ,1,13:33,1,9
بِعَادٍ,1,89:6,1,7
بِعَالِمِينَ,1,12:44,1,12
بِعَبْدِهِ,1,17:1,1,10
بِعَذَابِ,1,29:29,1,9
بِعَذَابِكُمْ,1,4:147,1,13
بِعَرْشِهَا,1,27:38,1,11
بِعَشْرٍ,1,7:142,1,8
بِعَشْرِ,1,11:13,1,8
بِعَظْمٍ,1,6:146,1,8
بِعَهْدِكُمْ,1,2:40,1,12
بِعَهْدِهِمْ,1,2:177,1,12
بِعَهْدِي,1,2:40,1,9
بِعَوْرَةٍ,1,33:13,1,10
بِعِبَادَةِ,1,18:110,1,11
بِعِدَّتِهِمْ,1,18:22,1,13
بِعِزَّةِ,1,26:44,1,9
بِعِصَمِ,1,60:10,1,8
بِعِلْمِ,1,11:14,1,8
بِغَائِبِينَ,1,82:16,1,12
بِغَمٍّ,1,3:153,1,7
بِغَيْظِكُمْ,1,3:119,1,12
بِغَيْظِهِمْ,1,33:25,1,12
بِغُرُورٍ,1,7:22,1,9
بِفَاتِنِينَ,1,37:162,1,12
بِفَضْلِ,1,10:58,1,8
بِقَبَسٍ,1,20:10,1,8
بِقَبُولٍ,1,3:37,1,9
بِقَدَرِهَا,1,13:17,1,11
بِقَرِيبٍ,1,11:81,1,9
بِقَمِيصِي,1,12:93,1,10
بِقُرْآنٍ,1,10:15,1,9
بِقُرْبَانٍ,1,3:183,1,11
بِقِنْطَارٍ,1,3:75,1,11
بِقِيعَةٍ,1,24:39,1,9
بِكَأْسٍ,1,37:45,1,8
بِكَافٍ,1,39:36,1,7
بِكَافِرِينَ,1,6:89,1,12
بِكَاهِنٍ,1,52:29,1,9
بِكَلِمَاتٍ,1,2:124,1,11
بِكَلِمَاتِ,1,66:12,1,11
بِكَيْدِهِنَّ,1,12:50,1,13
بِكُفْرِكَ,1,39:8,1,10
بِكُلٍّ,1,28:48,1,7
بِكِتَابِكُمْ,1,37:157,1,13
بِكِتَابِي,1,27:28,1,10
بِكْرٌ,1,2:68,1,6
بِلَيْلٍ,1,28:72,1,8
بِلِحْيَتِي,1,20:94,1,11
بِلِسَانٍ,1,26:195,1,9
بِلِسَانِ,1,14:4,1,9
بِمَ,1,27:35,1,4
بِمَالٍ,1,27:36,1,7
بِمَثَلٍ,1,25:33,1,8
بِمَغْفِرَةٍ,1,36:11,1,12
بِمَفَازَةٍ,1,3:188,1,11
بِمَفَازَتِهِمْ,1,39:61,1,15
بِمَقْعَدِهِمْ,1,9:81,1,14
بِمَكْرِهِنَّ,1,12:31,1,13
بِمَلُومٍ,1,51:54,1,9
بِمَلْكِنَا,1,20:87,1,11
بِمَوَاقِعِ,1,56:75,1,11
بِمَيِّتٍ,1,14:17,1,9
بِمَيِّتِينَ,1,37:58,1,12
بِمُؤْمِنٍ,1,12:17,1,10
بِمُخْرَجِينَ,1,15:48,1,13
بِمُزَحْزِحِهِ,1,2:96,1,14
بِمُسْتَيْقِنِينَ,1,45:32,1,17
بِمُسْمِعٍ,1,35:22,1,10
بِمُصَيْطِرٍ,1,88:22,1,12
بِمُصْرِخِكُمْ,1,14:22,1,14
بِمُصْرِخِيَّ,1,14:22,1,13
بِمُعْجِزٍ,1,46:32,1,10
بِمُنْشَرِينَ,1,44:35,1,13
بِمُوسَى,1,7:131,1,8
بِمِثْلِهَا,1,10:27,1,11
بِمِصْرَ,1,10:87,1,8
بِمِقْدَارٍ,1,13:8,1,11
بِمِيثَاقِهِمْ,1,4:154,1,14
بِنَاصِيَتِهَا,1,11:56,1,14
بِنَخْلٍ,1,18:32,1,8
بِنَصْرِ,1,30:5,1,8
بِنَفْسِكَ,1,17:14,1,10
بِنَمِيمٍ,1,68:11,1,9
بِنَهَرٍ,1,2:249,1,8
بِنُصْبٍ,1,38:41,1,8
بِنُورِ,1,39:69,1,7
بِنُورِهِمْ,1,2:17,1,11
بِنِعْمَتِهِ,1,3:103,1,12
بِهَادِ,1,30:53,1,7
بِهَادِي,1,27:81,1,8
بِهَدِيَّةٍ,1,27:35,1,11
بِهَدِيَّتِكُمْ,1,27:36,1,15
بِوَاحِدَةٍ,1,34:46,1,11
بِوَادٍ,1,14:37,1,7
بِوَالِدَتِي,1,19:32,1,12
بِوَجْهِهِ,1,39:24,1,10
بِوَرِقِكُمْ,1,18:19,1,12
بِوَلَدِهَا,1,2:233,1,11
بِوَلَدِهِ,1,2:233,1,10
بِيضٌ,1,35:27,1,5
بِيَ,1,7:150,1,4
بِيَحْيَى,1,3:39,1,9
بِيَدَيَّ,1,38:75,1,9
بِيُوسُفَ,1,12:89,1,9
تَأْتُوا,1,2:189,1,8
تَأْتُونَنَا,1,37:28,1,12
تَأْتُونِي,1,12:60,1,10
تَأْتِنَا,1,7:132,1,9
تَأْتِيَ,1,17:92,1,8
تَأْتِيَنَا,1,7:129,1,11
تَأْثِيمًا,1,56:25,1,10
تَأْثِيمٌ,1,52:23,1,9
تَأْجُرَنِي,1,28:27,1,11
تَأْخُذُهُ,1,2:255,1,10
تَأْخُذُهُمْ,1,36:49,1,12
تَأْخُذُونَهَا,1,48:20,1,14
تَأْخُذُونَهُ,1,4:21,1,13
تَأْخُذْ,1,20:94,1,8
تَأْخُذْكُمْ,1,24:2,1,12
تَأْسَوْا,1,57:23,1,9
تَأْكُلُهُ,1,3:183,1,10
تَأْكُلُوهَا,1,4:6,1,12
تَأْمَنَّا,1,12:11,1,10
تَأْمُرُكَ,1,11:87,1,10
تَأْمُرُنَا,1,25:60,1,11
تَأْمُرُهُمْ,1,52:32,1,12
تَأْمُرُونَنَا,1,34:33,1,14
تَأْمُرُونِّي,1,39:64,1,13
تَأْمُرِينَ,1,27:33,1,11
تَأْوِيلِهِ,1,3:7,1,11
تَؤُزُّهُمْ,1,19:83,1,11
تَائِبَاتٍ,1,66:5,1,10
تَابَا,1,4:16,1,6
تَارِكٌ,1,11:12,1,7
تَبَابٍ,1,40:37,1,7
تَبَارًا,1,71:28,1,8
تَبَايَعْتُمْ,1,2:282,1,13
تَبَدَّلَ,1,33:52,1,9
تَبَرَّءُوا,1,2:167,1,11
تَبَرَّأْنَا,1,28:63,1,12
تَبَرَّجْنَ,1,33:33,1,11
تَبَرُّجَ,1,33:33,1,9
تَبَرُّوا,1,2:224,1,9
تَبَرُّوهُمْ,1,60:8,1,12
تَبَوَّءُوا,1,59:9,1,11
تَبَوَّآ,1,10:87,1,8
تَبَيَّنَتِ,1,34:14,1,11
تَبَّتْ,1,111:1,1,7
تَبَّرْنَا,1,25:39,1,10
تَبُوءَ,1,5:29,1,7
تَبُورَ,1,35:29,1,7
تَبِعَنِي,1,14:36,1,9
تَبِعُوا,1,2:145,1,8
تَبِيدَ,1,18:35,1,7
تَبِيعًا,1,17:69,1,8
تَبْتَغُونَ,1,4:94,1,11
تَبْتَغِي,1,66:1,1,9
تَبْتَغِيَ,1,6:35,1,10
تَبْتِيلًا,1,73:8,1,10
تَبْخَلُوا,1,47:37,1,10
تَبْذِيرًا,1,17:26,1,10
تَبْسُطْهَا,1,17:29,1,11
تَبْصِرَةً,1,50:8,1,10
تَبْغُوا,1,4:34,1,8
تَبْغُونَهَا,1,3:99,1,12
تَبْغِ,1,28:77,1,6
تَبْغِي,1,49:9,1,7
تَبْكُونَ,1,53:60,1,9
تَبْلُغَ,1,17:37,1,8
تَبْلُو,1,10:30,1,7
تَبْيَضُّ,1,3:106,1,9
تَتَبَدَّلُوا,1,4:2,1,13
تَتَجَافَى,1,32:16,1,10
تَتَفَرَّقُوا,1,42:13,1,13
تَتَفَكَّرُوا,1,34:46,1,13
تَتَقَلَّبُ,1,24:37,1,11
تَتَكَبَّرَ,1,7:13,1,11
تَتَمَارَى,1,53:55,1,10
تَتَمَنَّوْا,1,4:32,1,12
تَتَنَاجَوْا,1,58:9,1,12
تَتَنَزَّلُ,1,41:30,1,11
تَتَّبِعَ,1,2:120,1,9
تَتَّبِعَانِّ,1,10:89,1,13
تَتَّبِعَنِ,1,20:93,1,11
تَتَّبِعُونَا,1,48:15,1,13
تَتَّبِعِ,1,38:26,1,9
تَتَّخِذَ,1,18:86,1,9
تَتُوبَا,1,66:4,1,8
تَتْبَعُهَا,1,79:7,1,11
تَتْبِيبٍ,1,11:101,1,9
تَتْرَى,1,23:44,1,7
تَتْرُكْهُ,1,7:176,1,10
تَتْلُونَ,1,2:44,1,9
تَثْبِيتًا,1,4:66,1,10
تَثْرِيبَ,1,12:92,1,9
تَثْقَفَنَّهُمْ,1,8:57,1,15
تَجَسَّسُوا,1,49:12,1,11
تَجُوعَ,1,20:118,1,7
تَجْأَرُوا,1,23:65,1,10
تَجْأَرُونَ,1,16:53,1,11
تَجْتَنِبُوا,1,4:31,1,12
تَجْرِيَانِ,1,55:50,1,11
تَجْعَلَ,1,18:94,1,8
تَجْعَلُونَهُ,1,6:91,1,13
تَجْمَعُوا,1,4:23,1,10
تَجْهَرُوا,1,49:2,1,10
تَحَاضُّونَ,1,89:18,1,11
تَحَاوُرَكُمَا,1,58:1,1,14
تَحَرَّوْا,1,72:14,1,10
تَحَصُّنًا,1,24:33,1,10
تَحُسُّونَهُمْ,1,3:152,1,14
تَحُلُّ,1,13:31,1,7
تَحِلَّةَ,1,66:2,1,9
تَحِلُّ,1,2:230,1,7
تَحِيدُ,1,50:19,1,7
تَحْبَطَ,1,49:2,1,8
تَحْبِسُونَهُمَا,1,5:106,1,16
تَحْتَكِ,1,19:24,1,8
تَحْتَهَا,1,9:100,1,9
تَحْتَهُ,1,18:82,1,8
تَحْتِي,1,43:51,1,7
تَحْذَرُونَ,1,9:64,1,11
تَحْرُثُونَ,1,56:63,1,11
تَحْرِصْ,1,16:37,1,8
تَحْرِيرُ,1,5:89,1,9
تَحْسَبَنَّهُمْ,1,3:188,1,15
تَحْسَبُ,1,25:44,1,8
تَحْسَبُهَا,1,27:88,1,11
تَحْسَبُهُمْ,1,59:14,1,12
تَحْسَبُوهُ,1,24:11,1,11
تَحْسُدُونَنَا,1,48:15,1,14
تَحْكُمُ,1,39:46,1,8
تَحْكُمُوا,1,4:58,1,10
تَحْلِقُوا,1,2:196,1,10
تَحْنَثْ,1,38:44,1,8
تَحْيَوْنَ,1,7:25,1,10
تَخَاصُمُ,1,38:64,1,9
تَخَافَا,1,20:46,1,8
تَخَافَنَّ,1,8:58,1,10
تَخَافُ,1,20:77,1,7
تَخَافُوا,1,41:30,1,9
تَخَافُونَهُمْ,1,30:28,1,14
تَخَافُوهُمْ,1,3:175,1,12
تَخَافِي,1,28:7,1,8
تَخَوُّفٍ,1,16:47,1,9
تَخَيَّرُونَ,1,68:38,1,12
تَخُطُّهُ,1,29:48,1,9
تَخُونُوا,1,8:27,1,9
تَخْتَانُونَ,1,2:187,1,12
تَخْتَصِمُوا,1,50:28,1,12
تَخْتَصِمُونَ,1,39:31,1,13
تَخْرُجَ,1,49:5,1,8
تَخْرُجُوا,1,9:83,1,10
تَخْرُجُونَ,1,30:25,1,11
تَخْرُصُونَ,1,6:148,1,11
تَخْرِقَ,1,17:37,1,8
تَخْسِيرٍ,1,11:63,1,9
تَخْشَاهُ,1,33:37,1,9
تَخْشَعَ,1,57:16,1,8
تَخْشَوُا,1,5:44,1,9
تَخْشَوْنَ,1,9:24,1,10
تَخْشَوْهُ,1,9:13,1,10
تَخْشَى,1,20:77,1,7
تَخْضَعْنَ,1,33:32,1,10
تَخْفَى,1,69:18,1,7
تَخْفِيفٌ,1,2:178,1,9
تَخْلُدُونَ,1,26:129,1,11
تَخْلُقُ,1,5:110,1,8
تَخْلُقُونَهُ,1,56:59,1,13
تَخْوِيفًا,1,17:59,1,10
تَدَارَكَهُ,1,68:49,1,11
تَدَايَنْتُمْ,1,2:282,1,13
تَدَّخِرُونَ,1,3:49,1,12
تَدُورُ,1,33:19,1,7
تَدْخُلُوهَا,1,24:28,1,12
تَدْرُونَ,1,4:11,1,9
تَدْعُهُمْ,1,18:57,1,10
تَدْعُو,1,70:17,1,7
تَدْعُونَنَا,1,14:9,1,12
تَدْعُونَهُ,1,6:63,1,11
تَذَرْ,1,71:26,1,6
تَذَرْنِي,1,21:89,1,9
تَذَرْهُمْ,1,71:27,1,10
تَذَكَّرَ,1,35:37,1,9
تَذَكَّرُوا,1,7:201,1,11
تَذُودَانِ,1,28:23,1,10
تَذْبَحُوا,1,2:67,1,10
تَذْرُوهُ,1,18:45,1,9
تَذْكُرُ,1,12:85,1,8
تَذْكُرُوا,1,43:13,1,10
تَذْلِيلًا,1,76:14,1,10
تَذْهَبُوا,1,12:13,1,10
تَذْهَبُونَ,1,81:26,1,11
تَذْهَبْ,1,35:8,1,8
تَذْهَلُ,1,22:2,1,8
تَرَاءَتِ,1,8:48,1,9
تَرَاءَى,1,26:61,1,8
تَرَاضَوْا,1,2:232,1,10
تَرَاضَيْتُمْ,1,4:24,1,13
تَرَاهُمْ,1,48:29,1,9
تَرَبَّصُوا,1,52:31,1,11
تَرَبَّصُونَ,1,9:52,1,12
تَرَبُّصُ,1,2:226,1,9
تَرَدَّى,1,92:11,1,8
تَرَكْتُمُوهَا,1,59:5,1,14
تَرَكْنَ,1,4:12,1,8
تَرَكْنَا,1,29:35,1,9
تَرَكْنَاهَا,1,54:15,1,12
تَرَنِ,1,18:39,1,6
تَرَوْنَهُمْ,1,7:27,1,12
تَرَيِنَّ,1,19:26,1,9
تَرِثُوا,1,4:19,1,8
تَرْتَابُوا,1,2:282,1,11
تَرْتَدُّوا,1,5:21,1,11
تَرْجُمُونِ,1,44:20,1,11
تَرْجُو,1,28:86,1,7
تَرْجُونَ,1,71:13,1,9
تَرْجُوهَا,1,17:28,1,10
تَرْجِعُونَهَا,1,56:87,1,14
تَرْجِعُوهُنَّ,1,60:10,1,14
تَرْضَاهَا,1,2:144,1,10
تَرْضَوْا,1,9:96,1,9
تَرْضَوْنَ,1,2:282,1,10
تَرْضَوْنَهَا,1,9:24,1,13
تَرْفَعُوا,1,49:2,1,10
تَرْقَى,1,17:93,1,7
تَرْقُبْ,1,20:94,1,8
تَرْكَبُونَ,1,43:12,1,11
تَرْكَنُ,1,17:74,1,8
تَرْكَنُوا,1,11:113,1,10
تَرْكُضُوا,1,21:13,1,10
تَرْمِي,1,77:32,1,7
تَرْمِيهِمْ,1,105:4,1,11
تَرْهَقُهَا,1,80:41,1,11
تَزَالُ,1,5:13,1,7
تَزَاوَرُ,1,18:17,1,9
تَزَيَّلُوا,1,48:25,1,11
تَزُولَا,1,35:41,1,8
تَزِيدُونَنِي,1,11:63,1,13
تَزْدَادُ,1,13:8,1,9
تَزْدَرِي,1,11:31,1,9
تَزْرَعُونَ,1,12:47,1,11
تَزْرَعُونَهُ,1,56:64,1,13
تَسَاءَلُونَ,1,4:1,1,12
تَسَوَّرُوا,1,38:21,1,11
تَسُؤْكُمْ,1,5:101,1,10
تَسُبُّوا,1,6:108,1,9
تَسُرُّ,1,2:69,1,7
تَسْأَلْنِ,1,11:46,1,10
تَسْأَلْنِي,1,18:70,1,11
تَسْأَمُوا,1,2:282,1,10
تَسْبِيحَهُمْ,1,17:44,1,13
تَسْتَأْخِرُونَ,1,34:30,1,15
تَسْتَأْنِسُوا,1,24:27,1,14
تَسْتَتِرُونَ,1,41:22,1,13
تَسْتَخِفُّونَهَا,1,16:80,1,17
تَسْتَرْضِعُوا,1,2:233,1,14
تَسْتَطِعْ,1,18:78,1,10
تَسْتَطِيعُوا,1,4:129,1,13
تَسْتَطِيعُونَ,1,25:19,1,14
تَسْتَعْجِلُونِ,1,21:37,1,15
تَسْتَعْجِلُوهُ,1,16:1,1,15
تَسْتَعْجِلْ,1,46:35,1,12
تَسْتَغِيثُونَ,1,8:9,1,14
تَسْتَغْفِرُونَ,1,27:46,1,15
تَسْتَفْتِ,1,18:22,1,10
تَسْتَفْتِحُوا,1,8:19,1,14
تَسْتَفْتِيَانِ,1,12:41,1,15
تَسْتَقْدِمُونَ,1,34:30,1,15
تَسْتَقْسِمُوا,1,5:3,1,14
تَسْتَكْثِرُ,1,74:6,1,12
تَسْتَمِعُونَ,1,26:25,1,13
تَسْتَهْزِئُونَ,1,9:65,1,15
تَسْجُدُوا,1,41:37,1,10
تَسْخَرُوا,1,11:38,1,10
تَسْخَرُونَ,1,11:38,1,11
تَسْرَحُونَ,1,16:6,1,11
تَسْرِيحٌ,1,2:229,1,9
تَسْطِعْ,1,18:82,1,8
تَسْفِكُونَ,1,2:84,1,11
تَسْقُطُ,1,6:59,1,8
تَسْقِي,1,2:71,1,7
تَسْكُنُونَ,1,28:72,1,11
تَسْمَعُوا,1,41:26,1,10
تَسْمَعْ,1,63:4,1,8
تَسْمِيَةَ,1,53:27,1,10
تَسْنِيمٍ,1,83:27,1,9
تَشَابَهَتْ,1,2:118,1,11
تَشِيعَ,1,24:19,1,7
تَشْتَهِي,1,41:31,1,9
تَشْتَهِيهِ,1,43:71,1,11
تَشْخَصُ,1,14:42,1,8
تَشْكُرُوا,1,39:7,1,10
تَشْهَدَ,1,24:8,1,8
تَشْهَدُ,1,24:24,1,8
تَشْهَدُونِ,1,27:32,1,11
تَشْهَدْ,1,6:150,1,8
تَصَدَّقَ,1,5:45,1,9
تَصَدَّقُوا,1,2:280,1,11
تَصَدَّى,1,80:6,1,8
تَصُدُّونَ,1,3:99,1,10
تَصُدُّونَا,1,14:10,1,11
تَصُومُوا,1,2:184,1,9
تَصِفُ,1,16:116,1,6
تَصِلُ,1,11:70,1,6
تَصِيرُ,1,42:53,1,7
تَصْبِرُ,1,18:68,1,8
تَصْرِفْ,1,12:33,1,8
تَصْلَى,1,88:4,1,7
تَصْنَعُونَ,1,29:45,1,11
تَضَرَّعُوا,1,6:43,1,11
تَضَعَ,1,47:4,1,6
تَضَعُوا,1,4:102,1,8
تَضَعُونَ,1,24:58,1,9
تَضُرُّونَهُ,1,11:57,1,12
تَضُرُّوهُ,1,9:39,1,10
تَضِلَّ,1,2:282,1,7
تَضْحَكُونَ,1,23:110,1,11
تَضْحَى,1,20:119,1,7
تَضْرِبُوا,1,16:74,1,10
تَضْلِيلٍ,1,105:2,1,9
تَطَئُوهَا,1,33:27,1,10
تَطَئُوهُمْ,1,48:25,1,11
تَطَهَّرْنَ,1,2:222,1,11
تَطَيَّرْنَا,1,36:18,1,12
تَطْرُدِ,1,6:52,1,8
تَطْلُعُ,1,18:90,1,8
تَطْمَئِنُّ,1,13:28,1,11
تَطْهِيرًا,1,33:33,1,10
تَظَاهَرُونَ,1,2:85,1,12
تَظُنُّ,1,75:25,1,7
تَظْلِمُوا,1,9:36,1,10
تَظْلِمُونَ,1,2:279,1,11
تَظْلِمْ,1,18:33,1,8
تَظْمَأُ,1,20:119,1,8
تَعَاسَرْتُمْ,1,65:6,1,13
تَعَاوَنُوا,1,5:2,1,11
تَعَجَّلَ,1,2:203,1,9
تَعَمَّدَتْ,1,33:5,1,11
تَعُودُونَ,1,7:29,1,10
تَعُولُوا,1,4:3,1,9
تَعِظُونَ,1,7:164,1,9
تَعْبَثُونَ,1,26:128,1,11
تَعْبُدِ,1,19:44,1,8
تَعْبُرُونَ,1,12:43,1,11
تَعْتَدُوهَا,1,2:229,1,12
تَعْتَدُّونَهَا,1,33:49,1,15
تَعْجَبُونَ,1,53:59,1,11
تَعْجَبْ,1,13:5,1,8
تَعْدُ,1,18:28,1,6
تَعْدُوا,1,4:154,1,8
تَعْدِلْ,1,6:70,1,8
تَعْرَى,1,20:118,1,7
تَعْرُجُ,1,70:4,1,8
تَعْرِفُهُمْ,1,2:273,1,12
تَعْزِمُوا,1,2:235,1,10
تَعْلَمُهَا,1,11:49,1,11
تَعْلَمُهُمْ,1,9:101,1,12
تَعْلَمُونَهُمُ,1,8:60,1,15
تَعْلَمُوهُمْ,1,48:25,1,13
تَعْمَلُ,1,21:74,1,8
تَغَشَّاهَا,1,7:189,1,11
تَغَيُّظًا,1,25:12,1,10
تَغِيضُ,1,13:8,1,7
تَغْتَسِلُوا,1,4:43,1,12
تَغْرُبُ,1,18:86,1,8
تَغْفُلُونَ,1,4:102,1,11
تَغْلِبُونَ,1,41:26,1,11
تَغْنَ,1,10:24,1,6
تَفَاوُتٍ,1,67:3,1,9
تَفَثَهُمْ,1,22:29,1,10
تَفَرَّقَ,1,98:4,1,9
تَفَسَّحُوا,1,58:11,1,11
تَفَكَّهُونَ,1,56:65,1,12
تَفُورُ,1,67:7,1,7
تَفِرُّونَ,1,62:8,1,10
تَفِيءَ,1,49:9,1,7
تَفْتَأُ,1,12:85,1,8
تَفْتَرُوا,1,20:61,1,10
تَفْتِنِّي,1,9:49,1,10
تَفْجُرَ,1,17:90,1,8
تَفْرَحُوا,1,57:23,1,10
تَفْرَحْ,1,28:76,1,8
تَفْرِضُوا,1,2:236,1,10
تَفْسُقُونَ,1,46:20,1,11
تَفْسِيرًا,1,25:33,1,10
تَفْشَلَا,1,3:122,1,9
تَفْصِيلًا,1,17:12,1,10
تَفْضَحُونِ,1,15:68,1,11
تَفْعَلُوهُ,1,8:73,1,11
تَفْعَلْ,1,5:67,1,8
تَفْقَهُونَ,1,17:44,1,11
تَفْقِدُونَ,1,12:71,1,11
تَقَاسَمُوا,1,27:49,1,11
تَقَبَّلْ,1,2:127,1,9
تَقَدَّمَ,1,48:2,1,9
تَقَعَ,1,22:65,1,6
تَقَلُّبَ,1,2:144,1,9
تَقَلُّبُ,1,3:196,1,9
تَقَلُّبُهُمْ,1,40:4,1,13
تَقَلُّبِهِمْ,1,16:46,1,13
تَقَوَّلَ,1,69:44,1,9
تَقَوَّلَهُ,1,52:33,1,11
تَقُلْ,1,17:23,1,6
تَقُولَنَّ,1,18:23,1,10
تَقِ,1,40:9,1,4
تَقِيكُمُ,1,16:81,1,9
تَقِيكُمْ,1,16:81,1,9
تَقْبَلُوا,1,24:4,1,10
تَقْتُلَنِي,1,28:19,1,11
تَقْتُلُوهُ,1,28:9,1,11
تَقْتُلُوهُمْ,1,8:17,1,13
تَقْتِيلًا,1,33:61,1,10
تَقْرَبُونِ,1,12:60,1,11
تَقْرَبُوهَا,1,2:187,1,12
تَقْرَبُوهُنَّ,1,2:222,1,14
تَقْرِضُهُمْ,1,18:17,1,12
تَقْشَعِرُّ,1,39:23,1,11
تَقْصُرُوا,1,4:101,1,10
تَقْصُصْ,1,12:5,1,8
تَقْضِي,1,20:72,1,7
تَقْعُدْ,1,6:68,1,8
تَقْفُ,1,17:36,1,6
تَقْنَطُوا,1,39:53,1,10
تَقْهَرْ,1,93:9,1,8
تَقْوَاهُمْ,1,47:17,1,11
تَقْوِيمٍ,1,95:4,1,9
تَكَلَّمُ,1,11:105,1,9
تَكْبِيرًا,1,17:111,1,10
تَكْتُبُوهَا,1,2:282,1,12
تَكْتُبُوهُ,1,2:282,1,11
تَكْتُمُوا,1,2:283,1,10
تَكْتُمُونَهُ,1,3:187,1,13
تَكْذِبُونَ,1,36:15,1,11
تَكْذِيبٍ,1,85:19,1,9
تَكْفُرُونِ,1,2:152,1,11
تَكْفُرْ,1,2:102,1,8
تَكْلِيمًا,1,4:164,1,10
تَكْنِزُونَ,1,9:35,1,11
تَلَاهَا,1,91:2,1,8
تَلَبَّثُوا,1,33:14,1,11
تَلَظَّى,1,92:14,1,8
تَلَقَّوْنَهُ,1,24:15,1,13
تَلَهَّى,1,80:10,1,8
تَلَوْتُهُ,1,10:16,1,10
تَلُومُونِي,1,14:22,1,11
تَلِينُ,1,39:23,1,7
تَلْبِسُوا,1,2:42,1,10
تَلْبِسُونَ,1,3:71,1,11
تَلْفَحُ,1,23:104,1,8
تَلْقَفْ,1,20:69,1,8
تَلْقَوْهُ,1,3:143,1,10
تَلْمِزُوا,1,49:11,1,10
تَلْوُوا,1,4:135,1,8
تَلْوُونَ,1,3:153,1,9
تَمَامًا,1,6:154,1,8
تَمَتَّعَ,1,2:196,1,9
تَمَتَّعْ,1,39:8,1,9
تَمَنَّوْا,1,28:82,1,10
تَمَنَّوْنَ,1,3:143,1,11
تَمَيَّزُ,1,67:8,1,9
تَمُتْ,1,39:42,1,6
تَمُرُّ,1,27:88,1,7
تَمُنُّهَا,1,26:22,1,10
تَمُنُّوا,1,49:17,1,9
تَمُوتَ,1,3:145,1,7
تَمُوتُ,1,31:34,1,7
تَمُوتُونَ,1,7:25,1,10
تَمْتَرُنَّ,1,43:61,1,11
تَمْرَحُونَ,1,40:75,1,11
تَمْسَسْكُمْ,1,3:120,1,12
تَمْسَسْهُ,1,24:35,1,10
تَمْشُونَ,1,57:28,1,9
تَمْكُرُونَ,1,10:21,1,11
تَمْلِكَ,1,5:41,1,8
تَمْلِكُ,1,82:19,1,8
تَمْلِكُهُمْ,1,27:23,1,12
تَمْنَعُهُمْ,1,21:43,1,12
تَمْنُنْ,1,74:6,1,8
تَمْهِيدًا,1,74:14,1,10
تَنَابَزُوا,1,49:11,1,11
تَنَاجَيْتُمْ,1,58:9,1,13
تَنَازَعُوا,1,8:46,1,11
تَنَازَعْتُمْ,1,4:59,1,13
تَنَاصَرُونَ,1,37:25,1,12
تَنَالُهُ,1,5:94,1,9
تَنَالُوا,1,3:92,1,9
تَنَزَّلَتْ,1,26:210,1,11
تَنَفَّسَ,1,81:18,1,9
تَنِيَا,1,20:42,1,7
تَنْبُتُ,1,23:20,1,8
تَنْتَشِرُونَ,1,30:20,1,13
تَنْتَصِرَانِ,1,55:35,1,13
تَنْحِتُونَ,1,37:95,1,11
تَنْزِعُ,1,54:20,1,8
تَنْزِيلَ,1,36:5,1,9
تَنْسَ,1,28:77,1,6
تَنْسَوُا,1,2:237,1,9
تَنْسَى,1,87:6,1,7
تَنْصُرُوا,1,47:7,1,10
تَنْصُرُوهُ,1,9:40,1,11
تَنْفَدَ,1,18:109,1,8
تَنْفَعَكُمْ,1,60:3,1,12
تَنْفَعُهَا,1,2:123,1,11
تَنْفَعُهُمْ,1,74:48,1,12
تَنْفُذُوا,1,55:33,1,10
تَنْفُذُونَ,1,55:33,1,11
تَنْقُصُ,1,50:4,1,8
تَنْقُصُوا,1,11:84,1,10
تَنْقُضُوا,1,16:91,1,10
تَنْقِمُ,1,7:126,1,8
تَنْقِمُونَ,1,5:59,1,11
تَنْكِحَ,1,2:230,1,8
تَنْكِصُونَ,1,23:66,1,11
تَنْكِيلًا,1,4:84,1,10
تَنْهَرْ,1,93:10,1,8
تَنْهَرْهُمَا,1,17:23,1,13
تَنْهَى,1,29:45,1,7
تَهْجُرُونَ,1,23:67,1,11
تَهْدُوا,1,4:88,1,8
تَوَارَتْ,1,38:32,1,9
تَوَاعَدْتُمْ,1,8:42,1,13
تَوَجَّهَ,1,28:22,1,9
تَوَدُّ,1,3:30,1,7
تَوَفَّاهُمُ,1,4:97,1,12
تَوَفَّتْهُ,1,6:61,1,11
تَوَفَّتْهُمُ,1,47:27,1,13
تَوَفَّنِي,1,12:101,1,10
تَوَفَّيْتَنِي,1,5:117,1,14
تَوَكَّلُوا,1,10:84,1,11
تَوَلَّ,1,27:28,1,7
تَوَلَّاهُ,1,22:4,1,10
تَوَلَّوْهُمْ,1,60:9,1,13
تَوْبَتُهُمْ,1,3:90,1,12
تَوْجَلْ,1,15:53,1,8
تَوْصِيَةً,1,36:50,1,10
تَوْفِيقِي,1,11:88,1,10
تَوْكِيدِهَا,1,16:91,1,12
تَيَمَّمُوا,1,2:267,1,11
تَيْأَسُوا,1,12:87,1,10
تُؤَاخِذْنَا,1,2:286,1,12
تُؤَاخِذْنِي,1,18:73,1,12
تُؤَدُّوا,1,4:58,1,9
تُؤْتَوْهُ,1,5:41,1,10
تُؤْتُوا,1,4:5,1,8
تُؤْتُونَهُنَّ,1,4:127,1,14
تُؤْتُونِ,1,12:66,1,9
تُؤْثِرُونَ,1,87:16,1,11
تُؤْذُوا,1,33:53,1,8
تُؤْذُونَنِي,1,61:5,1,12
تُؤْمِنَ,1,10:100,1,8
تُؤْوِيهِ,1,70:13,1,9
تُبَاشِرُوهُنَّ,1,2:187,1,15
تُبَدَّلُ,1,14:48,1,9
تُبَذِّرْ,1,17:26,1,9
تُبَشِّرُونَ,1,15:54,1,12
تُبَوِّئُ,1,3:121,1,9
تُبْدُونَهَا,1,6:91,1,12
تُبْدُوهُ,1,3:29,1,9
تُبْسَلَ,1,6:70,1,8
تُبْعَثُونَ,1,23:16,1,11
تُبْقِي,1,74:28,1,7
تُبْلَى,1,86:9,1,7
تُتْرَكُوا,1,9:16,1,10
تُثِيرُ,1,2:71,1,7
تُجَادِلُ,1,16:111,1,9
تُجَادِلُكَ,1,58:1,1,11
تُجَادِلُوا,1,29:46,1,11
تُجَادِلْ,1,4:107,1,9
تُجْرِمُونَ,1,11:35,1,11
تُحَدِّثُ,1,99:4,1,9
تُحَرِّكْ,1,75:16,1,9
تُحَرِّمُ,1,66:1,1,9
تُحَرِّمُوا,1,5:87,1,11
تُحَمِّلْنَا,1,2:286,1,12
تُحِبُّوا,1,2:216,1,9
تُحِبُّونَهَا,1,61:13,1,13
تُحِبُّونَهُمْ,1,3:119,1,14
تُحِسُّ,1,19:98,1,7
تُحِلُّوا,1,5:2,1,9
تُحِيطُوا,1,27:84,1,9
تُحْبَرُونَ,1,43:70,1,11
تُحْسِنُوا,1,4:128,1,10
تُحْصُوهُ,1,73:20,1,9
تُحْصِنُونَ,1,12:48,1,11
تُحْيِي,1,2:260,1,7
تُخَافِتْ,1,17:110,1,9
تُخَالِطُوهُمْ,1,2:220,1,14
تُخْرِجُ,1,5:110,1,8
تُخْرِجُونَ,1,2:84,1,11
تُخْرِجُوهُنَّ,1,65:1,1,14
تُخْزِنَا,1,3:194,1,9
تُخْزِنِي,1,26:87,1,9
تُخْسِرُوا,1,55:9,1,10
تُخْفُوا,1,3:29,1,8
تُخْفُوهَا,1,2:271,1,10
تُخْلَفَهُ,1,20:97,1,10
تُخْلِفُ,1,3:194,1,8
تُدَمِّرُ,1,46:25,1,9
تُدِيرُونَهَا,1,2:282,1,13
تُدْخِلِ,1,3:192,1,8
تُدْرِكَ,1,36:40,1,8
تُدْرِكُهُ,1,6:103,1,10
تُدْعَى,1,45:28,1,7
تُدْهِنُ,1,68:9,1,8
تُرَابٌ,1,2:264,1,7
تُرَاوِدُ,1,12:30,1,9
تُرَدَّ,1,5:108,1,7
تُرِيحُونَ,1,16:6,1,10
تُرِيَنِّي,1,23:93,1,10
تُرْجِي,1,33:51,1,7
تُرْزَقَانِهِ,1,12:37,1,13
تُرْفَعَ,1,24:36,1,8
تُرْهِبُونَ,1,8:60,1,11
تُرْهِقْنِي,1,18:73,1,11
تُزَكُّوا,1,53:32,1,9
تُزِغْ,1,3:8,1,6
تُسَاقِطْ,1,19:25,1,9
تُسَبِّحُ,1,17:44,1,9
تُسَبِّحُونَ,1,68:28,1,12
تُسَمَّى,1,76:18,1,8
تُسَوَّى,1,4:42,1,8
تُسِيمُونَ,1,16:10,1,10
تُسْأَلُ,1,2:119,1,8
تُسْحَرُونَ,1,23:89,1,11
تُسْقَى,1,88:5,1,7
تُسْقِطَ,1,17:92,1,8
تُسْكَنْ,1,28:58,1,8
تُسْلِمُونَ,1,16:81,1,11
تُشَاقُّونَ,1,16:27,1,11
تُشْرِكَ,1,31:15,1,8
تُشْطِطْ,1,38:22,1,8
تُشْمِتْ,1,7:150,1,8
تُصَاحِبْنِي,1,18:76,1,12
تُصَدِّقُونَ,1,56:57,1,12
تُصَعِّرْ,1,31:18,1,9
تُصَلِّ,1,9:84,1,7
تُصِبْكُمْ,1,3:120,1,10
تُصِيبَنَا,1,5:52,1,10
تُصِيبَنَّ,1,8:25,1,10
تُصِيبُهُمْ,1,13:31,1,11
تُصِيبُوا,1,49:6,1,9
تُصْبِحُونَ,1,30:17,1,11
تُصْعِدُونَ,1,3:153,1,11
تُصْلِحُوا,1,4:129,1,10
تُضَارَّ,1,2:233,1,8
تُضَارُّوهُنَّ,1,65:6,1,14
تُضِلُّ,1,7:155,1,7
تُطَهِّرُهُمْ,1,9:103,1,13
تُطِعْهُ,1,96:19,1,8
تُطِيعُوهُ,1,24:54,1,10
تُطْعِمُونَ,1,5:89,1,11
تُظَاهِرُونَ,1,33:4,1,12
تُظْهِرُونَ,1,30:18,1,11
تُعَذِّبَ,1,18:86,1,9
تُعَلِّمَنِ,1,18:66,1,11
تُعَلِّمُونَ,1,3:79,1,12
تُعَلِّمُونَهُنَّ,1,5:4,1,17
تُعْجِبُكَ,1,63:4,1,10
تُعْرَضُونَ,1,69:18,1,11
تُعْرِضَنَّ,1,17:28,1,11
تُعْرِضُوا,1,4:135,1,10
تُعْرِضْ,1,5:42,1,8
تُغْمِضُوا,1,2:267,1,10
تُفَادُوهُمْ,1,2:85,1,12
تُفَتَّحُ,1,7:40,1,9
تُفَنِّدُونِ,1,12:94,1,12
تُفْتَنُونَ,1,27:47,1,11
تُفْلِحُوا,1,18:20,1,10
تُقَاةً,1,3:28,1,7
تُقَاتِلُ,1,3:13,1,9
تُقَاتِلُونَهُمْ,1,48:16,1,16
تُقَاتِلُوهُمْ,1,2:191,1,14
تُقَاتِهِ,1,3:102,1,9
تُقَرِّبُكُمْ,1,34:37,1,13
تُقَطَّعَ,1,5:33,1,9
تُقَلَّبُ,1,33:66,1,9
تُقُبِّلَ,1,5:36,1,9
تُقِيمُوا,1,5:68,1,9
تُقْرِضُوا,1,64:17,1,10
تُقْسِطُوا,1,4:3,1,10
تُقْسِمُوا,1,24:53,1,10
تُقْلَبُونَ,1,29:21,1,11
تُكَذِّبُوا,1,29:18,1,11
تُكَلِّمُ,1,5:110,1,9
تُكَلِّمُهُمْ,1,27:82,1,13
تُكَلِّمُونِ,1,23:108,1,12
تُكْرِمُونَ,1,89:17,1,11
تُكْرِهُ,1,10:99,1,8
تُكْرِهُوا,1,24:33,1,10
تُلِيَتْ,1,8:2,1,8
تُلْقُوا,1,2:195,1,8
تُلْقُونَ,1,60:1,1,9
تُلْهِكُمْ,1,63:9,1,10
تُلْهِيهِمْ,1,24:37,1,11
تُمَارِ,1,18:22,1,7
تُمَتَّعُونَ,1,33:16,1,12
تُمْسُونَ,1,30:17,1,9
تُمْسِكُوا,1,60:10,1,10
تُمْسِكُوهُنَّ,1,2:231,1,14
تُمْلَى,1,25:5,1,7
تُمْنَى,1,53:46,1,7
تُمْنُونَ,1,56:58,1,9
تُنَبِّئُهُمْ,1,9:64,1,13
تُنَبِّئُونَهُ,1,13:33,1,14
تُنْبِتُوا,1,27:60,1,10
تُنْجِيكُمْ,1,61:10,1,11
تُنْسَى,1,20:126,1,7
تُنْقِذُ,1,39:19,1,8
تُنْكِحُوا,1,2:221,1,10
تُنْكِرُونَ,1,40:81,1,11
تُنْهَوْنَ,1,4:31,1,10
تُورُونَ,1,56:71,1,8
تُوصُونَ,1,4:12,1,8
تُوعَظُونَ,1,58:3,1,10
تُوعِدُونَ,1,7:86,1,10
تُوقِدُونَ,1,36:80,1,10
تُوقِنُونَ,1,13:2,1,10
تُولِجُ,1,3:27,1,7
تُوَاعِدُوهُنَّ,1,2:235,1,15
تُوَسْوِسُ,1,50:16,1,10
تُوَفَّوْنَ,1,3:185,1,11
تُوَلُّونَ,1,40:33,1,10
تُوَلُّوهُمُ,1,8:15,1,12
تِبْيَانًا,1,16:89,1,10
تِجَارَةٌ,1,24:37,1,9
تِجَارَةٍ,1,61:10,1,9
تِجَارَتُهُمْ,1,2:16,1,13
تِسْعًا,1,18:25,1,7
تِسْعٌ,1,38:23,1,6
تِسْعَ,1,17:101,1,6
تِسْعَةَ,1,74:30,1,8
تِسْعَةُ,1,27:48,1,8
تِسْعِ,1,27:12,1,6
تِلَاوَتِهِ,1,2:121,1,11
تِلْقَاءِ,1,10:15,1,9
تِلْكُمَا,1,7:22,1,9
تِلْكُمُ,1,7:43,1,8
ثَابِتٌ,1,14:24,1,7
ثَاقِبٌ,1,37:10,1,7
ثَالِثُ,1,5:73,1,7
ثَاوِيًا,1,28:45,1,8
ثَبَّتْنَاكَ,1,17:74,1,12
ثَجَّاجًا,1,78:14,1,9
ثَلَاثٍ,1,39:6,1,7
ثَلَاثَةً,1,56:7,1,9
ثَلَاثَةُ,1,65:4,1,9
ثَلَاثُ,1,24:58,1,7
ثَلَاثُونَ,1,46:15,1,10
ثَلَاثِ,1,77:30,1,7
ثَلَاثِينَ,1,7:142,1,10
ثَمَانِينَ,1,24:4,1,10
ثَمَانِيَ,1,28:27,1,9
ثَمَانِيَةٌ,1,69:17,1,11
ثَمَرٌ,1,18:34,1,6
ثَمَرَاتُ,1,28:57,1,9
ثَمَرَاتِ,1,16:67,1,9
ثَمَرَةٍ,1,2:25,1,8
ثَوَابِ,1,3:148,1,7
ثَيِّبَاتٍ,1,66:5,1,10
ثُبَاتٍ,1,4:71,1,7
ثُبُوتِهَا,1,16:94,1,10
ثُلُثَا,1,4:11,1,7
ثُلُثَيِ,1,73:20,1,8
ثُوِّبَ,1,83:36,1,7
ثِقَالًا,1,7:57,1,8
ثِيَابًا,1,18:31,1,8
ثِيَابٌ,1,22:19,1,7
ثِيَابَكُمْ,1,24:58,1,11
ثِيَابَهُنَّ,1,24:60,1,12
ثِيَابُ,1,76:21,1,7
جَاءَتْكَ,1,39:59,1,9
جَاءَتْكُمُ,1,2:209,1,11
جَاءَتْنَا,1,7:126,1,10
جَاءَتْهَا,1,10:22,1,10
جَاءَتْهُ,1,2:211,1,9
جَاءَنِيَ,1,40:66,1,9
جَائِرٌ,1,16:9,1,7
جَابُوا,1,89:9,1,7
جَاثِيَةً,1,45:28,1,9
جَادَلُوكَ,1,22:68,1,10
جَادَلْتَنَا,1,11:32,1,12
جَادَلْتُمْ,1,4:109,1,11
جَارٌ,1,8:48,1,5
جَارِيَةٌ,1,88:12,1,9
جَازٍ,1,31:33,1,5
جَاعِلٌ,1,2:30,1,7
جَاعِلُكَ,1,2:124,1,9
جَاعِلِ,1,35:1,1,7
جَالُوتَ,1,2:251,1,8
جَامِدَةً,1,27:88,1,9
جَامِعٍ,1,24:62,1,7
جَانِبٍ,1,37:8,1,7
جَاهَدَ,1,29:6,1,7
جَاهِلُونَ,1,12:89,1,10
جَاوَزَا,1,18:62,1,8
جَاوَزَهُ,1,2:249,1,9
جَحَدُوا,1,11:59,1,8
جَدُّ,1,72:3,1,5
جَذْوَةٍ,1,28:29,1,8
جَرَادٌ,1,54:7,1,7
جَرَحْتُمْ,1,6:60,1,10
جَزَاؤُكُمْ,1,17:63,1,11
جَزَيْتُهُمُ,1,23:111,1,12
جَزُوعًا,1,70:20,1,8
جَعَلَا,1,7:190,1,7
جَعَلَتْهُ,1,51:42,1,10
جَعَلَهَا,1,12:100,1,9
جَعَلْتُمُ,1,16:91,1,10
جَلَابِيبِهِنَّ,1,33:59,1,15
جَلَّاهَا,1,91:3,1,9
جَلْدَةً,1,24:4,1,8
جَلْدَةٍ,1,24:2,1,8
جَمًّا,1,89:20,1,6
جَمَالٌ,1,16:6,1,7
جَمَعَ,1,104:2,1,6
جَمَعُوا,1,3:173,1,8
جَمَعْنَاكُمْ,1,77:38,1,13
جَمَعْنَاهُمْ,1,3:25,1,13
جَمْعَهُ,1,75:17,1,8
جَمْعُكُمْ,1,7:48,1,10
جَمْعِهِمْ,1,42:29,1,10
جَنَاحَ,1,17:24,1,7
جَنَاحِكَ,1,20:22,1,9
جَنَحُوا,1,8:61,1,8
جَنَفًا,1,2:182,1,7
جَنَّ,1,6:76,1,5
جَنَّةً,1,76:12,1,7
جَنَّةَ,1,70:38,1,7
جَنَّةِ,1,26:85,1,7
جَنَّتَكَ,1,18:39,1,9
جَنَّتَهُ,1,18:35,1,9
جَنَّتِكَ,1,18:40,1,9
جَنَّتِي,1,89:30,1,8
جَنِيًّا,1,19:25,1,8
جَنْبِ,1,39:56,1,6
جَهَرَ,1,13:10,1,6
جَهُولًا,1,33:72,1,8
جَوِّ,1,16:79,1,5
جَوْفِهِ,1,33:4,1,8
جُدَدٌ,1,35:27,1,6
جُدُرٍ,1,59:14,1,6
جُذَاذًا,1,21:58,1,8
جُذُوعِ,1,20:71,1,7
جُرُزًا,1,18:8,1,7
جُرُفٍ,1,9:109,1,6
جُزْءٌ,1,15:44,1,6
جُعِلَ,1,16:124,1,6
جُفَاءً,1,13:17,1,7
جُلُودًا,1,4:56,1,8
جُلُودُ,1,39:23,1,7
جُلُودُكُمْ,1,41:22,1,11
جُلُودِ,1,16:80,1,7
جُمْلَةً,1,25:32,1,8
جُنُبٍ,1,28:11,1,6
جُنُوبُهَا,1,22:36,1,10
جُنُوبُهُمْ,1,32:16,1,11
جُنُوبِكُمْ,1,4:103,1,11
جُنُوبِهِمْ,1,3:191,1,11
جُنُودًا,1,9:26,1,8
جُنُودٌ,1,33:9,1,7
جُنُودَ,1,74:31,1,7
جُنُودُهُ,1,27:17,1,9
جُنْدًا,1,19:75,1,7
جُنْدٍ,1,36:28,1,6
جُنْدَنَا,1,37:173,1,9
جُهْدَهُمْ,1,9:79,1,10
جُيُوبِهِنَّ,1,24:31,1,12
جِئْتُكَ,1,26:30,1,8
جِئْتِ,1,19:27,1,6
جِئْنَاكُمْ,1,43:78,1,11
جِئْنَاهُمْ,1,7:52,1,11
جِبَالٍ,1,24:43,1,7
جِبَالُ,1,34:10,1,7
جِبَاهُهُمْ,1,9:35,1,11
جِبِلًّا,1,36:62,1,8
جِدَارًا,1,18:77,1,8
جِدَالَ,1,2:197,1,7
جِدَالَنَا,1,11:32,1,10
جِذْعِ,1,19:23,1,6
جِمَالَتٌ,1,77:33,1,9
جِهَادِهِ,1,22:78,1,9
جِهَارًا,1,71:8,1,8
جِيدِهَا,1,111:5,1,8
حَاجَجْتُمْ,1,3:66,1,11
حَاجَّ,1,2:258,1,6
حَاجَّكَ,1,3:61,1,8
حَاجُّوكَ,1,3:20,1,9
حَاجِزًا,1,27:61,1,8
حَاجِزِينَ,1,69:47,1,10
حَادَّ,1,58:22,1,6
حَاذِرُونَ,1,26:56,1,10
حَارَبَ,1,9:107,1,7
حَاسِبِينَ,1,21:47,1,10
حَاسِدٍ,1,113:5,1,7
حَاضِرًا,1,18:49,1,8
حَاضِرَةً,1,2:282,1,9
حَاضِرَةَ,1,7:163,1,9
حَاضِرِي,1,2:196,1,8
حَافِظًا,1,12:64,1,8
حَافِظٌ,1,86:4,1,7
حَافِظَاتٌ,1,4:34,1,10
حَافِظُوا,1,2:238,1,9
حَافِّينَ,1,39:75,1,9
حَامٍ,1,5:103,1,5
حَامِيَةً,1,88:4,1,9
حَامِيَةٌ,1,101:11,1,9
حَبَّبَ,1,49:7,1,7
حَبِطَ,1,5:5,1,6
حَبْلٌ,1,111:5,1,6
حَبْلِ,1,50:16,1,6
حَتْمًا,1,19:71,1,7
حَثِيثًا,1,7:54,1,8
حَجَّ,1,2:158,1,5
حَدَبٍ,1,21:96,1,6
حَدِيدًا,1,17:50,1,8
حَدِيدٌ,1,50:22,1,7
حَدِيدٍ,1,22:21,1,7
حَرًّا,1,9:81,1,6
حَرَامًا,1,10:59,1,8
حَرَامٌ,1,16:116,1,7
حَرَسًا,1,72:8,1,7
حَرَصْتَ,1,12:103,1,8
حَرَصْتُمْ,1,4:129,1,10
حَرَضًا,1,12:85,1,7
حَرَّمَهَا,1,27:91,1,10
حَرَّمَهُمَا,1,7:50,1,12
حَرِيصٌ,1,9:128,1,7
حَرِّضِ,1,8:65,1,7
حَرْثٌ,1,2:223,1,6
حَرْثَكُمْ,1,2:223,1,10
حَرْثِكُمْ,1,68:22,1,10
حَرْثِهِ,1,42:20,1,8
حَرْدٍ,1,68:25,1,6
حَرْفٍ,1,22:11,1,6
حَزَنًا,1,9:92,1,7
حَسَدًا,1,2:109,1,7
حَسَدَ,1,113:5,1,6
حَسَنٍ,1,3:37,1,6
حَسَنَاتٍ,1,25:70,1,9
حَسَنَةٍ,1,4:79,1,8
حَسُنَتْ,1,25:76,1,8
حَسِبَتْهُ,1,27:44,1,10
حَسِبْتَ,1,18:9,1,8
حَسِبْتَهُمْ,1,76:19,1,12
حَسِيرٌ,1,67:4,1,7
حَسِيسَهَا,1,21:102,1,10
حَسْبَكَ,1,8:62,1,8
حَسْبُكَ,1,8:64,1,8
حَسْبُهُ,1,65:3,1,8
حَسْرَتَا,1,39:56,1,9
حَسْرَتَنَا,1,6:31,1,11
حَشَرْتَنِي,1,20:125,1,11
حَشْرٌ,1,50:44,1,6
حَصَادِهِ,1,6:141,1,9
حَصَبُ,1,21:98,1,6
حَصَدْتُمْ,1,12:47,1,10
حَصِرَتْ,1,4:90,1,8
حَصِيرًا,1,17:8,1,8
حَصْحَصَ,1,12:51,1,8
حَضَرُوهُ,1,46:29,1,9
حَطَبًا,1,72:15,1,7
حَفَظَةً,1,6:61,1,8
حَفِظَ,1,4:34,1,6
حَفِيظٍ,1,50:32,1,7
حَفِيًّا,1,19:47,1,8
حَفِيٌّ,1,7:187,1,7
حَقُّ,1,56:95,1,5
حَقِيقٌ,1,7:105,1,7
حَكَمَ,1,40:48,1,6
حَكَمْتَ,1,5:42,1,8
حَكَمْتُمْ,1,4:58,1,10
حَلَالٌ,1,16:116,1,7
حَلَفْتُمْ,1,5:89,1,10
حَلَلْتُمْ,1,5:2,1,10
حَلَّافٍ,1,68:10,1,8
حَلِيمٍ,1,37:101,1,7
حَمَلَ,1,20:111,1,6
حَمَلْتَهُ,1,2:286,1,10
حَمَلْنَاكُمْ,1,69:11,1,13
حَمَّالَةَ,1,111:4,1,10
حَمُولَةً,1,6:142,1,9
حَمِئَةٍ,1,18:86,1,8
حَمِيدًا,1,4:131,1,8
حَمِيدٍ,1,41:42,1,7
حَمِيَّةَ,1,48:26,1,9
حَمْلًا,1,7:189,1,7
حَمْلَهَا,1,22:2,1,9
حَنِيذٍ,1,11:69,1,7
حَوْلَ,1,19:68,1,6
حَوْلَهُمْ,1,9:120,1,10
حَوْلَيْنِ,1,2:233,1,10
حَوْلِ,1,39:75,1,6
حَوْلِكَ,1,3:159,1,8
حَوْلِهِمْ,1,29:67,1,10
حَيٍّ,1,21:30,1,5
حَيَاةٌ,1,2:179,1,7
حَيَاةٍ,1,2:96,1,7
حَيَاتِكُمُ,1,46:20,1,11
حَيَّ,1,8:42,1,5
حَيَّةٌ,1,20:20,1,7
حَيَّوْكَ,1,58:8,1,9
حَيْرَانَ,1,6:71,1,9
حُبَّ,1,38:32,1,5
حُبُّ,1,3:14,1,5
حُجَّةَ,1,42:15,1,7
حُجَّتَهُمْ,1,45:25,1,11
حُجَّتُنَا,1,6:83,1,10
حُجَّتُهُمْ,1,42:16,1,11
حُجُورِكُمْ,1,4:23,1,11
حُدُودَهُ,1,4:14,1,9
حُرُمًا,1,5:96,1,7
حُرُمَاتِ,1,22:30,1,9
حُرِّمَ,1,3:50,1,7
حُسُومًا,1,69:7,1,8
حُسْنُهُنَّ,1,33:52,1,11
حُشِرَ,1,46:6,1,6
حُشِرَتْ,1,81:5,1,8
حُصُونُهُمْ,1,59:2,1,11
حُفْرَةٍ,1,3:103,1,8
حُقُبًا,1,18:60,1,7
حُكْمِهِ,1,18:26,1,8
حُلِيِّهِمْ,1,7:148,1,11
حُمُرٌ,1,74:50,1,6
حُمِّلَ,1,24:54,1,7
حُمِّلُوا,1,62:5,1,9
حُمِّلْتُمْ,1,24:54,1,11
حُمِّلْنَا,1,20:87,1,10
حُنَيْنٍ,1,9:25,1,8
حُوبًا,1,4:2,1,6
حُوتَهُمَا,1,18:61,1,10
حُورٌ,1,55:72,1,5
حُيِّيتُمْ,1,4:86,1,10
حِبَالَهُمْ,1,26:44,1,11
حِبَالُهُمْ,1,20:66,1,11
حِجَجٍ,1,28:27,1,6
حِجُّ,1,3:97,1,5
حِجْرًا,1,25:22,1,7
حِجْرٌ,1,6:138,1,6
حِجْرٍ,1,89:5,1,6
حِدَادٍ,1,33:19,1,7
حِذْرَهُمْ,1,4:102,1,10
حِزْبَهُ,1,35:6,1,8
حِسَابَهُ,1,24:39,1,9
حِسَابَهُمْ,1,88:26,1,11
حِسَابُهُ,1,23:117,1,9
حِسَابِكَ,1,6:52,1,9
حِسَانٌ,1,55:70,1,7
حِسَانٍ,1,55:76,1,7
حِفْظُهُمَا,1,2:255,1,11
حِكْمَةٌ,1,54:5,1,8
حِلًّا,1,3:93,1,6
حِلْيَةٍ,1,13:17,1,8
حِمَارِكَ,1,2:259,1,9
حِمْلًا,1,20:101,1,7
حِمْلُ,1,12:72,1,6
حِمْلِهَا,1,35:18,1,9
حِوَلًا,1,18:108,1,7
حِيتَانُهُمْ,1,7:163,1,12
حِيلَةً,1,4:98,1,7
حِينٌ,1,76:1,1,5
حِينَئِذٍ,1,56:84,1,9
حِينِ,1,28:15,1,5
خَائِبِينَ,1,3:127,1,10
خَائِفِينَ,1,2:114,1,10
خَائِنَةٍ,1,5:13,1,9
خَائِنَةَ,1,40:19,1,9
خَادِعُهُمْ,1,4:142,1,11
خَاسِئًا,1,67:4,1,8
خَاسِرَةٌ,1,79:12,1,9
خَاشِعًا,1,59:21,1,8
خَاشِعُونَ,1,23:2,1,10
خَاصَّةً,1,8:25,1,8
خَاضُوا,1,9:69,1,7
خَاضِعِينَ,1,26:4,1,10
خَاطَبَهُمُ,1,25:63,1,11
خَاطِئَةٍ,1,96:16,1,9
خَافَتْ,1,4:128,1,7
خَافُوا,1,4:9,1,7
خَافِضَةٌ,1,56:3,1,9
خَافِيَةٌ,1,69:18,1,9
خَالَاتِكَ,1,33:50,1,10
خَالَاتِكُمْ,1,24:61,1,12
خَالِدٌ,1,47:15,1,7
خَالِدَيْنِ,1,59:17,1,11
خَالِصًا,1,16:66,1,8
خَالِصَةٌ,1,6:139,1,9
خَالِقٍ,1,35:3,1,7
خَالِكَ,1,33:50,1,7
خَامِدُونَ,1,36:29,1,10
خَامِدِينَ,1,21:15,1,10
خَانُوا,1,8:71,1,7
خَاوِيَةً,1,27:52,1,9
خَاوِيَةٍ,1,69:7,1,9
خَبَتْ,1,17:97,1,6
خَبُثَ,1,7:58,1,6
خَتَمَ,1,2:7,1,6
خَتَّارٍ,1,31:32,1,8
خَدَّكَ,1,31:18,1,7
خَذُولًا,1,25:29,1,8
خَرَابِهَا,1,2:114,1,10
خَرَجْتُمْ,1,60:1,1,10
خَرَجْنَ,1,2:240,1,8
خَرَقَهَا,1,18:71,1,9
خَزَائِنَ,1,17:100,1,9
خَزَائِنُهُ,1,15:21,1,11
خَزَائِنِ,1,12:55,1,9
خَسَفْنَا,1,29:40,1,9
خَشِيتُ,1,20:94,1,7
خَشْيَةً,1,4:77,1,8
خَشْيَتِهِ,1,21:28,1,10
خَصَاصَةٌ,1,59:9,1,9
خَصِمُونَ,1,43:58,1,9
خَصِيمًا,1,4:105,1,8
خَضِرًا,1,6:99,1,7
خَطَايَاهُمْ,1,29:12,1,12
خَطِفَ,1,37:10,1,6
خَطِيئَاتِكُمْ,1,7:161,1,14
خَطِيئَاتِهِمْ,1,71:25,1,14
خَطِيئَةً,1,4:112,1,9
خَطِيئَتُهُ,1,2:81,1,11
خَطِيئَتِي,1,26:82,1,10
خَطْبُكَ,1,20:95,1,8
خَطْبُكُمَا,1,28:23,1,11
خَطْبُكُنَّ,1,12:51,1,11
خَفَّفَ,1,8:66,1,7
خَفِيفًا,1,7:189,1,8
خَفِيًّا,1,19:3,1,8
خَفِيٍّ,1,42:45,1,7
خَلَاقَ,1,3:77,1,7
خَلَصُوا,1,12:80,1,8
خَلَطُوا,1,9:102,1,8
خَلَفْتُمُونِي,1,7:150,1,14
خَلَقَنِي,1,26:78,1,9
خَلَقَهَا,1,16:5,1,9
خَلَقْتَهُ,1,15:33,1,10
خَلَقْتُكَ,1,19:9,1,10
خَلَقْنَاهُمَا,1,44:39,1,14
خَلْفَكَ,1,10:92,1,8
خَلْفَكُمْ,1,36:45,1,10
خَلْفَنَا,1,19:64,1,9
خَلْفَهَا,1,2:66,1,9
خَلْقَهُمْ,1,43:19,1,10
خَلْقُكُمْ,1,31:28,1,10
خَلْقِكُمْ,1,45:4,1,10
خَمْرٍ,1,47:15,1,6
خَمْسَةٌ,1,18:22,1,8
خَمْسَةٍ,1,58:7,1,8
خَمْطٍ,1,34:16,1,6
خَوَّانًا,1,4:107,1,9
خَوَّانٍ,1,22:38,1,8
خَوَّلَهُ,1,39:8,1,9
خَوَّلْنَاكُمْ,1,6:94,1,14
خَوَّلْنَاهُ,1,39:49,1,12
خَوْضٍ,1,52:12,1,6
خَوْضِهِمْ,1,6:91,1,10
خَوْفِهِمْ,1,24:55,1,10
خَيْرَاتٌ,1,55:70,1,9
خَيْلٍ,1,59:6,1,6
خُبْزًا,1,12:36,1,7
خُذْ,1,9:103,1,4
خُذْهَا,1,20:21,1,7
خُرُوجٍ,1,40:11,1,7
خُسْرًا,1,65:9,1,7
خُسْرٍ,1,103:2,1,6
خُسْرَانًا,1,4:119,1,10
خُشَّعًا,1,54:7,1,8
خُشُبٌ,1,63:4,1,6
خُشُوعًا,1,17:109,1,8
خُضْرًا,1,18:31,1,7
خُضْرٌ,1,76:21,1,6
خُلَّةٌ,1,2:254,1,7
خُلُقٍ,1,68:4,1,6
خُلُقُ,1,26:137,1,6
خُلِقَتْ,1,88:17,1,8
خُلِقُوا,1,52:35,1,8
خُلِّفُوا,1,9:118,1,9
خُمُسَهُ,1,8:41,1,8
خِتَامُهُ,1,83:26,1,9
خِزْيِ,1,11:66,1,6
خِطَابًا,1,78:37,1,8
خِطْئًا,1,17:31,1,7
خِطْبَةِ,1,2:235,1,8
خِفَافًا,1,9:41,1,8
خِفْتُ,1,19:5,1,6
خِفْتُكُمْ,1,26:21,1,10
خِفْتِ,1,28:7,1,6
خِلَافَ,1,9:81,1,7
خِلَافَكَ,1,17:76,1,9
خِلَالٌ,1,14:31,1,7
خِلَالَ,1,17:5,1,7
خِلَالَكُمْ,1,9:47,1,11
خِلَالَهُمَا,1,18:33,1,12
خِلْفَةً,1,25:62,1,8
خِنْزِيرٍ,1,6:145,1,9
خِيفَتِهِ,1,13:13,1,9
خِيَانَةً,1,8:58,1,9
خِيَانَتَكَ,1,8:71,1,11
دَأَبًا,1,12:47,1,7
دَأْبِ,1,40:31,1,6
دَائِبَيْنِ,1,14:33,1,11
دَائِرَةٌ,1,5:52,1,9
دَائِمٌ,1,13:35,1,7
دَائِمُونَ,1,70:23,1,10
دَابَّةً,1,27:82,1,8
دَابَّةُ,1,34:14,1,8
دَابِرُ,1,6:45,1,7
دَاحِضَةٌ,1,42:16,1,9
دَاخِلُونَ,1,5:22,1,10
دَارِ,1,10:25,1,5
دَارِكُمْ,1,11:65,1,9
دَافِعٌ,1,70:2,1,7
دَافِعٍ,1,52:8,1,7
دَافِقٍ,1,86:6,1,7
دَامُوا,1,5:24,1,7
دَانٍ,1,55:54,1,5
دَحَاهَا,1,79:30,1,8
دَخَلَتْ,1,7:38,1,8
دَخَلَهُ,1,3:97,1,8
دَخَلُوهُ,1,17:7,1,9
دَخَلْتَ,1,18:39,1,8
دَخَلْتُمُوهُ,1,5:23,1,13
دَرَاهِمَ,1,12:20,1,9
دَرَجَةٌ,1,2:228,1,8
دَرَسْتَ,1,6:105,1,8
دَرَكًا,1,20:77,1,7
دَسَّاهَا,1,91:10,1,9
دَعًّا,1,52:13,1,6
دَعَانِ,1,2:186,1,7
دَعَاهُ,1,27:62,1,7
دَعَوَا,1,7:189,1,7
دَعَوْتُ,1,71:5,1,8
دَعَوْتُكُمْ,1,14:22,1,12
دَعْوَةً,1,30:25,1,8
دَعْوَةٌ,1,40:43,1,8
دَعْوَةَ,1,2:186,1,8
دَعْوَةُ,1,13:14,1,8
دَعْوَتَكَ,1,14:44,1,10
دَعْوَتُكُمَا,1,10:89,1,13
دَفَعْتُمْ,1,4:6,1,10
دَكَّاءَ,1,18:98,1,8
دَكَّةً,1,69:14,1,7
دَلَّهُمْ,1,34:14,1,9
دَلِيلًا,1,25:45,1,8
دَلْوَهُ,1,12:19,1,8
دَمًا,1,6:145,1,5
دَمَّرَ,1,47:10,1,7
دَمَّرْنَاهُمْ,1,27:51,1,14
دَنَا,1,53:8,1,5
دَيَّارًا,1,71:26,1,9
دُبُرَهُ,1,8:16,1,8
دُحُورًا,1,37:9,1,8
دُخَانٌ,1,41:11,1,7
دُخِلَتْ,1,33:14,1,8
دُرِّيٌّ,1,24:35,1,8
دُعَاءً,1,2:171,1,7
دُعَاءٍ,1,41:51,1,7
دُعَاءَ,1,24:63,1,7
دُعَاءَكُمْ,1,35:14,1,11
دُعَاءَهُ,1,17:11,1,9
دُعَاؤُكُمْ,1,25:77,1,11
دُعَائِهِمْ,1,46:5,1,11
دُعَائِي,1,71:6,1,8
دُعِيتُمْ,1,33:53,1,9
دُعِيَ,1,40:12,1,6
دُكَّتِ,1,89:21,1,7
دُمْتَ,1,3:75,1,6
دُمْتُمْ,1,5:96,1,8
دُولَةً,1,59:7,1,7
دُونِكُمْ,1,3:118,1,9
دُونِنَا,1,21:43,1,8
دُونِهَا,1,18:90,1,8
دُونِهِمُ,1,28:23,1,9
دِرَاسَتِهِمْ,1,6:156,1,13
دِفْءٌ,1,16:5,1,6
دِمَاءَكُمْ,1,2:84,1,11
دِمَاؤُهَا,1,22:37,1,10
دِهَاقًا,1,78:34,1,8
دِينَ,1,9:29,1,5
دِينُ,1,98:5,1,5
دِينُكُمْ,1,109:6,1,9
دِينُهُمْ,1,8:49,1,9
دِينِهِمْ,1,3:24,1,9
دِيَارِنَا,1,2:246,1,10
ذَاتُ,1,55:11,1,5
ذَاقَا,1,7:22,1,6
ذَاهِبٌ,1,37:99,1,7
ذَرَأْنَا,1,7:179,1,9
ذَرُونَا,1,48:15,1,8
ذَرُونِي,1,40:26,1,8
ذَرْعُهَا,1,69:32,1,9
ذَرْنَا,1,9:86,1,7
ذَرْنِي,1,74:11,1,7
ذَرْوًا,1,51:1,1,7
ذَكَرُوا,1,3:135,1,8
ذَكَرْتَ,1,17:46,1,8
ذَكَّيْتُمْ,1,5:3,1,11
ذَلُولًا,1,67:15,1,8
ذَلُولٌ,1,2:71,1,7
ذَلِكُمَا,1,12:37,1,9
ذَنُوبًا,1,51:59,1,8
ذَنُوبِ,1,51:59,1,7
ذَنْبٌ,1,26:14,1,6
ذَنْبٍ,1,81:9,1,6
ذَنْبِكَ,1,48:2,1,8
ذَنْبِهِ,1,55:39,1,8
ذَهَابٍ,1,23:18,1,7
ذَهَبًا,1,3:91,1,7
ذَهَبَتْ,1,60:11,1,8
ذَهَبُوا,1,12:15,1,8
ذَهَبْنَا,1,12:17,1,9
ذَوَاتَا,1,55:48,1,8
ذَوَاتَيْ,1,34:16,1,9
ذَوَيْ,1,65:2,1,6
ذَوِي,1,2:177,1,5
ذُبَابًا,1,22:73,1,8
ذُبِحَ,1,5:3,1,6
ذُرِّيَّةَ,1,17:3,1,10
ذُرِّيَّتُهُمْ,1,52:21,1,14
ذُرِّيَّتِنَا,1,2:128,1,13
ذُقْ,1,44:49,1,4
ذُكِّرْتُمْ,1,36:19,1,11
ذُكْرَانًا,1,42:50,1,10
ذُلُلًا,1,16:69,1,7
ذُنُوبِهِمُ,1,28:78,1,11
ذُنُوبِهِمْ,1,5:49,1,11
ذِرَاعًا,1,69:32,1,8
ذِرَاعَيْهِ,1,18:18,1,11
ذِكْرَاهَا,1,79:43,1,10
ذِكْرَاهُمْ,1,47:18,1,11
ذِكْرَكَ,1,94:4,1,8
ذِكْرُكُمْ,1,21:10,1,10
ذِكْرِهِمْ,1,23:71,1,10
رَآكَ,1,21:36,1,5
رَأَتْهُ,1,27:44,1,8
رَأَتْهُمْ,1,25:12,1,10
رَأَوْكَ,1,25:41,1,8
رَأَوْهَا,1,68:26,1,9
رَأَوْهُمْ,1,83:32,1,10
رَأَيْتُ,1,12:4,1,8
رَأَيْتُمُوهُ,1,3:143,1,13
رَأَيْتُهُمْ,1,12:4,1,12
رَأَيْنَهُ,1,12:31,1,10
رَأْسِي,1,12:36,1,7
رَأْفَةً,1,57:27,1,8
رَأْفَةٌ,1,24:2,1,8
رَأْيَ,1,3:13,1,6
رَابِيًا,1,13:17,1,8
رَابِيَةً,1,69:10,1,9
رَادَّ,1,10:107,1,6
رَادُّوهُ,1,28:7,1,9
رَاسِيَاتٍ,1,34:13,1,10
رَاضِيَةً,1,89:28,1,9
رَاضِيَةٌ,1,88:9,1,9
رَاعِنَا,1,2:104,1,8
رَافِعَةٌ,1,56:3,1,9
رَاقٍ,1,75:27,1,5
رَاكِعًا,1,38:24,1,8
رَاكِعُونَ,1,5:55,1,10
رَانَ,1,83:14,1,5
رَاوَدَتْنِي,1,12:26,1,12
رَاوَدُوهُ,1,54:37,1,10
رَاوَدْتُنَّ,1,12:51,1,12
رَبًّا,1,6:164,1,6
رَبٍّ,1,36:58,1,5
رَبَطْنَا,1,28:10,1,9
رَبَّانِيِّينَ,1,3:79,1,14
رَبَّهُمَا,1,7:189,1,10
رَبَّيَانِي,1,17:24,1,11
رَبُّهَا,1,3:37,1,8
رَبِحَتْ,1,2:16,1,8
رَبْوَةٍ,1,23:50,1,8
رَتْقًا,1,21:30,1,7
رَجًّا,1,56:4,1,6
رَجَعَ,1,7:150,1,6
رَجَعَكَ,1,9:83,1,8
رَجَعْنَا,1,63:8,1,9
رَجُلَانِ,1,5:23,1,9
رَجْعٌ,1,50:3,1,6
رَجْعِهِ,1,86:8,1,8
رَجْمًا,1,18:22,1,7
رَحِمَنَا,1,67:28,1,9
رَحِمَهُ,1,6:16,1,8
رَحِمْتَهُ,1,40:9,1,10
رَحِمْنَاهُمْ,1,23:75,1,13
رَحِيقٍ,1,83:25,1,7
رَحْلِ,1,12:70,1,6
رَحْلِهِ,1,12:75,1,8
رَحْمَةٌ,1,18:98,1,8
رَحْمَةَ,1,39:9,1,8
رَحْمَتُ,1,11:73,1,8
رَحْمَتِكَ,1,7:151,1,10
رَحْمَتِي,1,29:23,1,9
رَدَدْنَا,1,17:6,1,9
رَدَدْنَاهُ,1,95:5,1,11
رَدَّهَا,1,21:40,1,8
رَدُّوهُ,1,4:83,1,8
رَدِفَ,1,27:72,1,6
رَدْمًا,1,18:95,1,7
رَزَقَكُمْ,1,30:40,1,10
رَزَقْنَاهُ,1,16:75,1,11
رَسُولَا,1,20:47,1,8
رَسُولَكُمُ,1,26:27,1,11
رَسُولَكُمْ,1,2:108,1,11
رَسُولَهُمْ,1,23:69,1,11
رَسُولُهَا,1,23:44,1,10
رَسُولُهُ,1,3:101,1,9
رَسُولُهُمْ,1,10:47,1,11
رَشِيدٌ,1,11:78,1,7
رَضِيتُمْ,1,9:83,1,9
رَضِيًّا,1,19:6,1,8
رَطْبٍ,1,6:59,1,6
رَعَوْهَا,1,57:27,1,9
رَغَبًا,1,21:90,1,7
رَفَثَ,1,2:197,1,6
رَفَعَهَا,1,55:7,1,9
رَفَعَهُ,1,4:158,1,8
رَفِيعُ,1,40:15,1,7
رَفِيقًا,1,4:69,1,8
رَفْرَفٍ,1,55:76,1,8
رَقٍّ,1,52:3,1,5
رَكَّبَكَ,1,82:8,1,9
رَكُوبُهُمْ,1,36:72,1,11
رَكِبَا,1,18:71,1,7
رَكِبُوا,1,29:65,1,8
رَمَضَانَ,1,2:185,1,9
رَمَى,1,8:17,1,5
رَمِيمٌ,1,36:78,1,7
رَمْزًا,1,3:41,1,7
رَهِينٌ,1,52:21,1,7
رَهِينَةٌ,1,74:38,1,9
رَهْبَةً,1,59:13,1,8
رَهْطٍ,1,27:48,1,6
رَهْطُكَ,1,11:91,1,8
رَهْوًا,1,44:24,1,7
رَوَاكِدَ,1,42:33,1,9
رَوْضَاتِ,1,42:22,1,9
رَوْضَةٍ,1,30:15,1,8
رَيْبِهِمْ,1,9:45,1,10
رُءُوسِهِمُ,1,22:19,1,11
رُؤْيَاكَ,1,12:5,1,9
رُبَمَا,1,15:2,1,7
رُجَّتِ,1,56:4,1,7
رُجُومًا,1,67:5,1,8
رُجِعْتُ,1,41:50,1,8
رُحَمَاءُ,1,48:29,1,9
رُحْمًا,1,18:81,1,7
رُخَاءً,1,38:36,1,7
رُدِدْتُ,1,18:36,1,8
رُزِقُوا,1,2:25,1,8
رُزِقْنَا,1,2:25,1,9
رُسُلُكُمْ,1,40:50,1,10
رُسُلِكَ,1,3:194,1,8
رُسُلِي,1,34:45,1,7
رُشْدَهُ,1,21:51,1,8
رُطَبًا,1,19:25,1,7
رُعْبًا,1,18:18,1,7
رُفِعَتْ,1,88:18,1,8
رُقُودٌ,1,18:18,1,7
رُكَامًا,1,24:43,1,8
رُكَّعًا,1,48:29,1,8
رُكْبَانًا,1,2:239,1,10
رُكْنٍ,1,11:80,1,6
رُوحًا,1,42:52,1,6
رُوحَنَا,1,19:17,1,8
رُوحُ,1,16:102,1,5
رُوحِهِ,1,32:9,1,7
رُوَيْدًا,1,86:17,1,9
رِبًا,1,30:39,1,5
رِبَاطِ,1,8:60,1,7
رِبِّيُّونَ,1,3:146,1,11
رِجْزَ,1,8:11,1,6
رِجْسًا,1,9:125,1,7
رِجْسِهِمْ,1,9:125,1,10
رِجْلَيْنِ,1,24:45,1,10
رِحَالِهِمْ,1,12:62,1,11
رِحْلَةَ,1,106:2,1,8
رِدْءًا,1,28:34,1,7
رِزْقٌ,1,37:41,1,6
رِزْقَكُمْ,1,56:82,1,10
رِزْقَهَا,1,29:60,1,9
رِزْقُكُمْ,1,51:22,1,10
رِزْقُهُ,1,65:7,1,8
رِزْقُهُمْ,1,19:62,1,10
رِزْقُهُنَّ,1,2:233,1,11
رِزْقِهِ,1,67:15,1,8
رِزْقِهِمْ,1,16:71,1,10
رِسَالَةَ,1,7:79,1,9
رِضْوَانِ,1,57:27,1,9
رِعَايَتِهَا,1,57:27,1,12
رِكَابٍ,1,59:6,1,7
رِكْزًا,1,19:98,1,7
رِيبَةً,1,9:110,1,7
رِيحٍ,1,3:117,1,5
رِيحَ,1,12:94,1,5
رِيحُكُمْ,1,8:46,1,9
رِيعٍ,1,26:128,1,5
زَادَتْهُ,1,9:124,1,9
زَادَتْهُمْ,1,8:2,1,11
زَادُوكُمْ,1,9:47,1,10
زَادُوهُمْ,1,11:101,1,10
زَاغَ,1,53:17,1,5
زَاغَتِ,1,33:10,1,7
زَاغَتْ,1,38:63,1,7
زَاغُوا,1,61:5,1,7
زَالَتَا,1,35:41,1,8
زَالَتْ,1,21:15,1,7
زَانٍ,1,24:3,1,5
زَانِيَةً,1,24:3,1,9
زَاهِقٌ,1,21:18,1,7
زَبَدًا,1,13:17,1,7
زَبَدٌ,1,13:17,1,6
زَجْرًا,1,37:2,1,7
زَحْفًا,1,8:15,1,7
زَرْعٍ,1,14:37,1,6
زَعَمَ,1,64:7,1,6
زَعَمْتَ,1,17:92,1,8
زَقُّومٍ,1,56:52,1,8
زَكَاةً,1,18:81,1,7
زَكَاةٍ,1,30:39,1,7
زَكَى,1,24:21,1,5
زَكَّاهَا,1,91:9,1,9
زَكِيًّا,1,19:19,1,8
زَكِيَّةً,1,18:74,1,9
زَلَقًا,1,18:40,1,7
زَلَلْتُمْ,1,2:209,1,10
زَلْزَلَةَ,1,22:1,1,10
زَمْهَرِيرًا,1,76:13,1,12
زَنِيمٍ,1,68:13,1,7
زَنْجَبِيلًا,1,76:17,1,12
زَهُوقًا,1,17:81,1,8
زَهْرَةَ,1,20:131,1,8
زَوَالٍ,1,14:44,1,7
زَوَّجْنَاكَهَا,1,33:37,1,15
زَوْجًا,1,2:230,1,7
زَوْجَانِ,1,55:52,1,9
زَوْجَكَ,1,33:37,1,8
زَوْجَهُ,1,21:90,1,8
زَوْجِهَا,1,58:1,1,9
زَيْتُهَا,1,24:35,1,9
زَيْتُونَةٍ,1,24:35,1,11
زَيْدٌ,1,33:37,1,6
زَيْغٌ,1,3:7,1,6
زُبَرَ,1,18:96,1,6
زُبُرًا,1,23:53,1,7
زُبُرِ,1,26:196,1,6
زُجَاجَةٍ,1,24:35,1,9
زُحْزِحَ,1,3:185,1,8
زُخْرُفٍ,1,17:93,1,8
زُخْرُفَ,1,6:112,1,8
زُخْرُفَهَا,1,10:24,1,11
زُرْتُمُ,1,102:2,1,8
زُرْقًا,1,20:102,1,7
زُلْزِلَتِ,1,99:1,1,10
زُلْفَةً,1,67:27,1,8
زُوِّجَتْ,1,81:7,1,9
زِدْ,1,73:4,1,4
زِدْنِي,1,20:114,1,7
زِلْتُمْ,1,40:34,1,8
زِلْزَالًا,1,33:11,1,10
زِلْزَالَهَا,1,99:1,1,12
زِينَةُ,1,18:46,1,7
زِينَةِ,1,20:87,1,7
زِينَتَكُمْ,1,7:31,1,11
زِينَتِهِ,1,28:79,1,9
زِينَتِهِنَّ,1,24:31,1,12
زِيَادَةٌ,1,9:37,1,9
سَآتِيكُمْ,1,27:7,1,10
سَآوِي,1,11:43,1,6
سَأَتْلُو,1,18:83,1,9
سَأَسْتَغْفِرُ,1,19:47,1,14
سَأَصْرِفُ,1,7:146,1,10
سَأَلَ,1,70:1,1,6
سَأَلَكَ,1,2:186,1,8
سَأَلَهَا,1,5:102,1,9
سَأَلَهُمْ,1,67:8,1,10
سَأَلُوا,1,4:153,1,8
سَأَلْتُكَ,1,18:76,1,10
سَأَلْتُمُوهُ,1,14:34,1,13
سَأَلْتُمُوهُنَّ,1,33:53,1,16
سَأَلْتُمْ,1,2:61,1,10
سَأُرْهِقُهُ,1,74:17,1,12
سَأُصْلِيهِ,1,74:26,1,11
سَأُلْقِي,1,8:12,1,9
سَأُنَبِّئُكَ,1,18:78,1,13
سَأُنْزِلُ,1,6:93,1,10
سَاءَتْ,1,25:66,1,7
سَائِبَةٍ,1,5:103,1,9
سَائِحَاتٍ,1,66:5,1,10
سَائِغًا,1,16:66,1,8
سَائِغٌ,1,35:12,1,7
سَائِقٌ,1,50:21,1,7
سَائِلٌ,1,70:1,1,7
سَابِغَاتٍ,1,34:11,1,10
سَابِقٌ,1,35:32,1,7
سَابِقُ,1,36:40,1,7
سَابِقُوا,1,57:21,1,9
سَابِقُونَ,1,23:61,1,10
سَابِقِينَ,1,29:39,1,10
سَاجِدًا,1,39:9,1,8
سَادَتَنَا,1,33:67,1,10
سَارِقِينَ,1,12:73,1,10
سَاعَةٍ,1,30:55,1,7
سَاعَةِ,1,9:117,1,7
سَافِلِينَ,1,95:5,1,10
سَاقٍ,1,68:42,1,5
سَاقَيْهَا,1,27:44,1,10
سَاقِطًا,1,52:44,1,8
سَاكِنًا,1,25:45,1,8
سَالِمُونَ,1,68:43,1,10
سَامِدُونَ,1,53:61,1,10
سَامِرًا,1,23:67,1,8
سَامِرِيُّ,1,20:95,1,10
سَاوَى,1,18:96,1,6
سَبَإٍ,1,27:22,1,6
سَبَقُوا,1,8:59,1,8
سَبِيلٌ,1,3:75,1,7
سَبِيلَكَ,1,40:7,1,9
سَبِيلَنَا,1,29:12,1,10
سَبِيلَهُمْ,1,9:5,1,11
سَبِيلُ,1,6:55,1,7
سَبِيلِكَ,1,10:88,1,9
سَبِّحُوا,1,19:11,1,9
سَبِّحِ,1,87:1,1,7
سَبْتِهِمْ,1,7:163,1,10
سَبْعَةٌ,1,18:22,1,8
سَبْعُونَ,1,69:32,1,9
سَبْعِ,1,12:46,1,6
سَبْقًا,1,79:4,1,7
سَتَجِدُونَ,1,4:91,1,11
سَتَذْكُرُونَهُنَّ,1,2:235,1,18
سَتُدْعَوْنَ,1,48:16,1,12
سَتُغْلَبُونَ,1,3:12,1,13
سَتُكْتَبُ,1,43:19,1,10
سَجَدُوا,1,4:102,1,8
سَجَى,1,93:2,1,5
سَحَرُوا,1,7:116,1,8
سَحَّارٍ,1,26:37,1,8
سَحِيقٍ,1,22:31,1,7
سَخَّرْنَا,1,38:18,1,10
سَخَّرْنَاهَا,1,22:36,1,13
سَخِرَ,1,9:79,1,6
سَخِطَ,1,5:80,1,6
سَرَابًا,1,78:20,1,8
سَرَابِيلَ,1,16:81,1,10
سَرَابِيلُهُمْ,1,14:50,1,14
سَرَبًا,1,18:61,1,7
سَرِيًّا,1,19:24,1,8
سَرِّحُوهُنَّ,1,2:231,1,13
سَعَةً,1,2:247,1,6
سَعَةٍ,1,65:7,1,6
سَعْيًا,1,2:260,1,7
سَعْيَكُمْ,1,92:4,1,10
سَعْيَهَا,1,17:19,1,9
سَعْيَهُ,1,53:40,1,8
سَعْيُكُمْ,1,76:22,1,10
سَفَاهَةٌ,1,7:67,1,9
سَفَاهَةٍ,1,7:66,1,9
سَفَرَةٍ,1,80:15,1,8
سَفَرِنَا,1,18:62,1,9
سَفَهًا,1,6:140,1,7
سَفِهَ,1,2:130,1,6
سَفِينَةٍ,1,18:79,1,9
سَفِيهًا,1,2:282,1,8
سَفِيهُنَا,1,72:4,1,10
سَقَرُ,1,74:27,1,6
سَقَطُوا,1,9:49,1,8
سَقَيْتَ,1,28:25,1,8
سَقْفًا,1,21:32,1,7
سَكَتَ,1,7:154,1,6
سَكَرًا,1,16:67,1,7
سَكَنٌ,1,9:103,1,6
سَكَنَ,1,6:13,1,6
سَكَنْتُمْ,1,65:6,1,10
سَكِينَةٌ,1,2:248,1,9
سَكْرَةُ,1,50:19,1,8
سَكْرَتِهِمْ,1,15:72,1,12
سَلَاسِلَ,1,76:4,1,9
سَلَفًا,1,43:56,1,7
سَلَقُوكُمْ,1,33:19,1,11
سَلَكَكُمْ,1,74:42,1,10
سَلَكْنَاهُ,1,26:200,1,11
سَلَمًا,1,39:29,1,7
سَلَّمَ,1,8:43,1,7
سَلَّمْتُمْ,1,2:233,1,11
سَلْ,1,2:211,1,4
سَلْسَبِيلًا,1,76:18,1,12
سَلْهُمْ,1,68:40,1,8
سَمَاءٍ,1,41:12,1,7
سَمَاءُ,1,11:44,1,7
سَمَّاكُمُ,1,22:78,1,10
سَمَّيْتُهَا,1,3:36,1,12
سَمُومٍ,1,56:42,1,7
سَمُّوهُمْ,1,13:33,1,10
سَمِعَتْ,1,12:31,1,8
سَمِعَهُ,1,2:181,1,8
سَمِعْتُمْ,1,4:140,1,10
سَمِيعُ,1,3:38,1,7
سَمِينٍ,1,51:26,1,7
سَمِّ,1,7:40,1,5
سَمْعَكُمْ,1,6:46,1,10
سَمْعُكُمْ,1,41:22,1,10
سَمْعِهِ,1,45:23,1,8
سَمْعِهِمْ,1,2:7,1,10
سَمْكَهَا,1,79:28,1,9
سَنَا,1,24:43,1,5
سَنَابِلَ,1,2:261,1,9
سَنَجْزِي,1,6:157,1,9
سَنَدْعُ,1,96:18,1,8
سَنَزِيدُ,1,7:161,1,9
سَنَسِمُهُ,1,68:16,1,10
سَنَشُدُّ,1,28:35,1,9
سَنَفْرُغُ,1,55:31,1,10
سَنَنْظُرُ,1,27:27,1,10
سَنُؤْتِيهِمْ,1,4:162,1,13
سَنُرَاوِدُ,1,12:61,1,11
سَنُرِيهِمْ,1,41:53,1,11
سَنُطِيعُكُمْ,1,47:26,1,13
سَنُعَذِّبُهُمْ,1,9:101,1,15
سَنُعِيدُهَا,1,20:21,1,12
سَنُقَتِّلُ,1,7:127,1,11
سَنُقْرِئُكَ,1,87:6,1,12
سَنُمَتِّعُهُمْ,1,11:48,1,15
سَوَّاكَ,1,18:37,1,8
سَوَّاهَا,1,91:7,1,9
سَوَّاهُ,1,32:9,1,8
سَوَّلَ,1,47:25,1,7
سَوْآتِكُمْ,1,7:26,1,11
سَوْطَ,1,89:13,1,6
سَيَحْلِفُونَ,1,9:95,1,13
سَيَدْخُلُونَ,1,40:60,1,13
سَيَذَّكَّرُ,1,87:10,1,12
سَيَرْحَمُهُمُ,1,9:71,1,14
سَيَصْلَى,1,111:3,1,9
سَيَغْلِبُونَ,1,30:3,1,13
سَيَكُونُ,1,73:20,1,9
سَيَكْفُرُونَ,1,19:82,1,13
سَيَنَالُهُمْ,1,7:152,1,13
سَيَهْدِيهِمْ,1,47:5,1,13
سَيَّارَةٌ,1,12:19,1,10
سَيُؤْتِينَا,1,9:59,1,12
سَيُبْطِلُهُ,1,10:81,1,12
سَيُدْخِلُهُمُ,1,9:99,1,14
سَيُرِيكُمْ,1,27:93,1,11
سَيُصِيبُهُمْ,1,39:51,1,13
سَيُطَوَّقُونَ,1,3:180,1,14
سَيُغْفَرُ,1,7:169,1,10
سَيُهْزَمُ,1,54:45,1,10
سَيِّئًا,1,9:102,1,8
سَيِّئَاتِ,1,40:45,1,10
سَيِّئَاتِنَا,1,3:193,1,13
سَيِّئُهُ,1,17:38,1,9
سَيِّدَهَا,1,12:25,1,10
سَيْرًا,1,52:10,1,7
سَيْلَ,1,34:16,1,6
سَيْنَاءَ,1,23:20,1,9
سُؤْلَكَ,1,20:36,1,8
سُئِلَ,1,2:108,1,6
سُئِلَتْ,1,81:8,1,8
سُئِلُوا,1,33:14,1,8
سُجِّرَتْ,1,81:6,1,9
سُخْرِيًّا,1,43:32,1,10
سُدًى,1,75:36,1,5
سُرَادِقُهَا,1,18:29,1,12
سُرُرٌ,1,88:13,1,6
سُطِحَتْ,1,88:20,1,8
سُعِدُوا,1,11:108,1,8
سُعِّرَتْ,1,81:12,1,9
سُقُفًا,1,43:33,1,7
سُقِطَ,1,7:149,1,6
سُقْنَاهُ,1,7:57,1,9
سُكِّرَتْ,1,15:15,1,9
سُلَّمًا,1,6:35,1,8
سُلَّمٌ,1,52:38,1,7
سُلْطَانُهُ,1,16:100,1,11
سُلْطَانِيَهْ,1,69:29,1,13
سُنَنٌ,1,3:137,1,6
سُنَنَ,1,4:26,1,6
سُنَّتُ,1,8:38,1,7
سُنْبُلَةٍ,1,2:261,1,10
سُنْبُلِهِ,1,12:47,1,10
سُهُولِهَا,1,7:74,1,10
سُوءٌ,1,3:174,1,5
سُودٌ,1,35:27,1,5
سُوقِهِ,1,48:29,1,7
سُوًى,1,20:58,1,5
سُوَاعًا,1,71:23,1,8
سُوَرٍ,1,11:13,1,6
سِتِّينَ,1,58:4,1,8
سِتْرًا,1,18:90,1,7
سِجِّينٌ,1,83:8,1,8
سِجِّينٍ,1,83:7,1,8
سِحْرَانِ,1,28:48,1,9
سِحْرِهِمْ,1,20:66,1,10
سِدْرَةِ,1,53:14,1,8
سِرَّكُمْ,1,6:3,1,9
سِقَايَةَ,1,9:19,1,9
سِكِّينًا,1,12:31,1,9
سِلْسِلَةٍ,1,69:32,1,10
سِنَةٌ,1,2:255,1,6
سِيئَتْ,1,67:27,1,7
سِيرَتَهَا,1,20:21,1,10
سِيمَاهُمْ,1,48:29,1,10
سِينِينَ,1,95:2,1,8
شَأْنٌ,1,80:37,1,6
شَأْنِهِمْ,1,24:62,1,10
شَاخِصَةٌ,1,21:97,1,9
شَاطِئِ,1,28:30,1,7
شَاعِرٍ,1,69:41,1,7
شَافِعِينَ,1,26:100,1,10
شَاكِرٌ,1,2:158,1,7
شَاكِرُونَ,1,21:80,1,10
شَاكِرِينَ,1,7:17,1,10
شَاكِلَتِهِ,1,17:84,1,11
شَامِخَاتٍ,1,77:27,1,10
شَانِئَكَ,1,108:3,1,9
شَاهِدُونَ,1,37:150,1,10
شَجَرٌ,1,16:10,1,6
شَجَرٍ,1,56:52,1,6
شَجَرَ,1,4:65,1,6
شَجَرَةً,1,37:146,1,8
شَجَرَةٌ,1,37:64,1,8
شَجَرَةُ,1,37:62,1,8
شَجَرَةِ,1,20:120,1,8
شَجَرَتَ,1,44:43,1,8
شَجَرَتَهَا,1,56:72,1,11
شَجَرَهَا,1,27:60,1,9
شَدِيدِ,1,40:3,1,7
شَرَابُهُ,1,35:12,1,9
شَرَعَ,1,42:13,1,6
شَرَعُوا,1,42:21,1,8
شَرَوْا,1,2:102,1,7
شَرُّ,1,98:6,1,5
شَرُّهُ,1,76:7,1,7
شَرِبَ,1,2:249,1,6
شَرِيعَةٍ,1,45:18,1,9
شَرِيكَ,1,6:163,1,7
شَرْقِيًّا,1,19:16,1,10
شَرْقِيَّةٍ,1,24:35,1,11
شَطْأَهُ,1,48:29,1,8
شَغَفَهَا,1,12:30,1,9
شَغَلَتْنَا,1,48:11,1,11
شَفَاعَةُ,1,74:48,1,9
شَقًّا,1,80:26,1,6
شَقَقْنَا,1,80:26,1,9
شَقُوا,1,11:106,1,6
شَقِيٌّ,1,11:105,1,7
شَكٌّ,1,14:10,1,5
شَكُورًا,1,17:3,1,8
شَكْلِهِ,1,38:58,1,8
شَمَائِلِهِمْ,1,7:17,1,13
شَمْسًا,1,76:13,1,7
شَهَادَةَ,1,5:106,1,9
شَهَادَةُ,1,5:106,1,9
شَهَادَتُهُمْ,1,43:19,1,13
شَهَادَتِهِمَا,1,5:107,1,14
شَهِدْتُمْ,1,41:21,1,10
شَهِيدٍ,1,41:47,1,7
شَهِيدَيْنِ,1,2:282,1,11
شَهِيقًا,1,67:7,1,8
شَهْرٍ,1,97:3,1,6
شَهْرُ,1,2:185,1,6
شَيَاطِينَ,1,6:112,1,10
شَيَاطِينِهِمْ,1,2:14,1,14
شَيْبًا,1,19:4,1,7
شَيْخٌ,1,28:23,1,6
شُبِّهَ,1,4:157,1,7
شُحُومَهُمَا,1,6:146,1,12
شُرَكَاءَكُمُ,1,35:40,1,13
شُرَكَاءَهُمْ,1,16:86,1,13
شُرَكَاؤُكُمُ,1,6:22,1,13
شُرَكَاؤُنَا,1,16:86,1,12
شُرَكَائِي,1,41:47,1,10
شُرَّعًا,1,7:163,1,8
شُرْبَ,1,56:55,1,6
شُعَبٍ,1,77:30,1,6
شُعَيْبٌ,1,26:177,1,8
شُعُوبًا,1,49:13,1,8
شُغُلٍ,1,36:55,1,6
شُفَعَاءَكُمُ,1,6:94,1,13
شُفَعَاءُ,1,30:13,1,9
شُفَعَاؤُنَا,1,10:18,1,12
شُكْرًا,1,34:13,1,7
شُهَدَاءَكُمُ,1,6:150,1,13
شُهَدَاءَكُمْ,1,2:23,1,13
شُهُودٌ,1,85:7,1,7
شُورَى,1,42:38,1,6
شُوَاظٌ,1,55:35,1,7
شُيُوخًا,1,40:67,1,8
شِدَادًا,1,78:12,1,8
شِرْبٌ,1,26:155,1,6
شِرْبٍ,1,54:28,1,6
شِرْبُ,1,26:155,1,6
شِرْعَةً,1,5:48,1,8
شِرْكٍ,1,34:22,1,6
شِقَاقَ,1,4:35,1,7
شِقَاقِي,1,11:89,1,8
شِقْوَتُنَا,1,23:106,1,11
شِهَابًا,1,72:9,1,8
شِيبًا,1,73:17,1,6
شِيعَةٍ,1,19:69,1,7
شِيَةَ,1,2:71,1,6
شِيَعِ,1,15:10,1,6
ص,1,38:1,1,1
صَابِرَةٌ,1,8:66,1,9
صَابِرُونَ,1,8:65,1,10
صَاحِبَةً,1,72:3,1,9
صَاحِبَةٌ,1,6:101,1,9
صَاحِبَهُمْ,1,54:29,1,11
صَاحِبُهُ,1,18:37,1,9
صَادِقًا,1,40:28,1,8
صَادِقَ,1,19:54,1,7
صَارِمِينَ,1,68:22,1,10
صَاعِقَةً,1,41:13,1,9
صَاعِقَةُ,1,41:17,1,9
صَاعِقَةِ,1,41:13,1,9
صَاغِرِينَ,1,7:119,1,10
صَالُو,1,38:59,1,6
صَالِ,1,37:163,1,5
صَالِحَيْنِ,1,66:10,1,11
صَامِتُونَ,1,7:193,1,10
صَبًّا,1,80:25,1,6
صَبَاحُ,1,37:177,1,7
صَبَبْنَا,1,80:25,1,9
صَبَّحَهُمْ,1,54:38,1,11
صَبْرُكَ,1,16:127,1,8
صَخْرَةٍ,1,31:16,1,8
صَدَدْتُمْ,1,16:94,1,10
صَدَدْنَاكُمْ,1,34:32,1,13
صَدَقَاتٍ,1,58:13,1,9
صَدَقَاتِكُمْ,1,2:264,1,13
صَدَقَكُمُ,1,3:152,1,10
صَدَقَنَا,1,39:74,1,9
صَدَقْتَنَا,1,5:113,1,11
صَدَقْنَاهُمُ,1,21:9,1,13
صَدَّ,1,4:55,1,5
صَدَّقْتَ,1,37:105,1,9
صَدُقَاتِهِنَّ,1,4:4,1,14
صَدُّوكُمْ,1,5:2,1,10
صَدِيدٍ,1,14:16,1,7
صَدِيقٍ,1,26:101,1,7
صَدِيقِكُمْ,1,24:61,1,11
صَدْرًا,1,16:106,1,7
صَدْرَكَ,1,94:1,1,8
صَدْرِكَ,1,7:2,1,8
صَرَفَ,1,9:127,1,6
صَرَفَكُمْ,1,3:152,1,10
صَرَفْنَا,1,46:29,1,9
صَرَّةٍ,1,51:29,1,7
صَرَّفْنَاهُ,1,25:50,1,12
صَرِيخَ,1,36:43,1,7
صَرْحٌ,1,27:44,1,6
صَرْصَرٍ,1,69:6,1,8
صَرْعَى,1,69:7,1,7
صَرْفًا,1,25:19,1,7
صَعَدًا,1,72:17,1,7
صَعُودًا,1,74:17,1,8
صَعِقًا,1,7:143,1,7
صَغَارٌ,1,6:124,1,7
صَغَتْ,1,66:4,1,6
صَغِيرٍ,1,54:53,1,7
صَفْحًا,1,43:5,1,7
صَفْرَاءُ,1,2:69,1,9
صَفْصَفًا,1,20:106,1,9
صَفْوَانٍ,1,2:264,1,9
صَلَاتَكَ,1,9:103,1,9
صَلَاتَهُ,1,24:41,1,9
صَلَاتُهُمْ,1,8:35,1,11
صَلَاتِي,1,6:162,1,8
صَلَبُوهُ,1,4:157,1,9
صَلَوَاتٌ,1,2:157,1,9
صَلَوَاتِهِمْ,1,23:9,1,13
صَلُّوا,1,33:56,1,7
صَلُّوهُ,1,69:31,1,8
صَلْدًا,1,2:264,1,7
صَنْعَةَ,1,21:80,1,8
صَوَابًا,1,78:38,1,8
صَوَافَّ,1,22:36,1,8
صَوَامِعُ,1,22:40,1,9
صَوَّرْنَاكُمْ,1,7:11,1,14
صَوْتِ,1,49:2,1,6
صَوْتِكَ,1,31:19,1,8
صَوْمًا,1,19:26,1,7
صَيَاصِيهِمْ,1,33:26,1,12
صَيْحَةٍ,1,63:4,1,8
صُبُّوا,1,44:48,1,7
صُبْحًا,1,100:3,1,7
صُحُفٍ,1,80:13,1,6
صُدُودًا,1,4:61,1,8
صُدُورَ,1,9:14,1,7
صُدُورَهُمْ,1,11:5,1,11
صُرِفَتْ,1,7:47,1,8
صُفْرٌ,1,77:33,1,6
صُلْحًا,1,4:128,1,7
صُمًّا,1,25:73,1,6
صُنْعًا,1,18:104,1,7
صُنْعَ,1,27:88,1,6
صُورَةٍ,1,82:8,1,7
صُوَاعَ,1,12:72,1,7
صِبْغَةً,1,2:138,1,8
صِبْغَةَ,1,2:138,1,8
صِدِّيقَةٌ,1,5:75,1,10
صِدْقًا,1,6:115,1,7
صِدْقُهُمْ,1,5:119,1,10
صِدْقِهِمْ,1,33:8,1,10
صِرٌّ,1,3:117,1,5
صِرَاطَ,1,1:7,1,7
صِرَاطَكَ,1,7:16,1,9
صِرَاطُ,1,6:126,1,7
صِرَاطِي,1,6:153,1,8
صِلِيًّا,1,19:70,1,8
صِنْوَانٌ,1,13:4,1,9
صِنْوَانٍ,1,13:4,1,9
صِيَامًا,1,5:95,1,8
صِيَامٍ,1,2:196,1,7
ضَاحِكًا,1,27:19,1,8
ضَاحِكَةٌ,1,80:39,1,9
ضَاقَتْ,1,9:118,1,7
ضَالًّا,1,93:7,1,7
ضَامِرٍ,1,22:27,1,7
ضَبْحًا,1,100:1,1,7
ضَرَبُوهُ,1,43:58,1,9
ضَرُّهُ,1,22:13,1,7
ضَرِيعٍ,1,88:6,1,7
ضَعُفَ,1,22:73,1,6
ضَعُفُوا,1,3:146,1,8
ضَلَالَةٌ,1,7:61,1,9
ضَلَالِكَ,1,12:95,1,9
ضَلَلْنَا,1,32:10,1,9
ضَنْكًا,1,20:124,1,7
ضَيْرَ,1,26:50,1,6
ضَيْفِهِ,1,54:37,1,8
ضُرَّهُ,1,10:12,1,7
ضُرِبَتْ,1,3:112,1,8
ضُرِّهِ,1,39:38,1,7
ضُعَفَاءُ,1,2:266,1,9
ضِدًّا,1,19:82,1,6
ضِعَافًا,1,4:9,1,8
ضِعْفٌ,1,7:38,1,6
ضِعْفَ,1,17:75,1,6
ضِغْثًا,1,38:44,1,7
ضِيزَى,1,53:22,1,6
ضِيَاءً,1,10:5,1,7
طس,1,27:1,1,2
طه,1,20:1,1,2
طَائِرٍ,1,6:38,1,7
طَائِرَهُ,1,17:13,1,9
طَائِرُهُمْ,1,7:131,1,11
طَائِعِينَ,1,41:11,1,10
طَائِفَتَيْنِ,1,6:156,1,13
طَابَ,1,4:3,1,5
طَاعِمٍ,1,6:145,1,7
طَالَ,1,21:44,1,5
طَالُوتَ,1,2:247,1,8
طَالُوتُ,1,2:249,1,8
طَبَقًا,1,84:19,1,7
طَبَقٍ,1,84:19,1,6
طَحَاهَا,1,91:6,1,8
طَرَدْتُهُمْ,1,11:30,1,12
طَرَفًا,1,3:127,1,7
طَرَفَيِ,1,11:114,1,8
طَرِيقٍ,1,46:30,1,7
طَرِيقَ,1,4:169,1,7
طَرِيقَةً,1,20:104,1,9
طَرْفٍ,1,42:45,1,6
طَرْفُكَ,1,27:40,1,8
طَرْفُهُمْ,1,14:43,1,10
طَعَامًا,1,18:19,1,8
طَعَامِكَ,1,2:259,1,9
طَعَامِهِ,1,80:24,1,9
طَعِمُوا,1,5:93,1,8
طَعِمْتُمْ,1,33:53,1,10
طَعْمُهُ,1,47:15,1,8
طَغَوْا,1,89:11,1,7
طَلَبًا,1,18:41,1,7
طَلَعَتْ,1,18:17,1,8
طَلَّقَكُنَّ,1,66:5,1,12
طَلْعٌ,1,50:10,1,6
طَلْعِهَا,1,6:99,1,9
طَهِّرَا,1,2:125,1,8
طَوَّافُونَ,1,24:58,1,11
طَوْلًا,1,4:25,1,7
طَيِّبَاتٍ,1,4:160,1,10
طَيِّبَاتِكُمْ,1,46:20,1,14
طَيِّبَةٌ,1,34:15,1,9
طَيِّبِينَ,1,16:32,1,10
طَيْرٍ,1,56:21,1,6
طُمِسَتْ,1,77:8,1,8
طُوبَى,1,13:29,1,6
طُورِ,1,23:20,1,5
طُولًا,1,17:37,1,6
طِبْتُمْ,1,39:73,1,8
طِبْنَ,1,4:4,1,6
طِينًا,1,17:61,1,6
ظَالِمَةً,1,21:11,1,9
ظَاهَرُوهُمْ,1,33:26,1,12
ظَاهِرَ,1,6:120,1,7
ظَعْنِكُمْ,1,16:80,1,10
ظَلَمَتْ,1,10:54,1,8
ظَلَمَكَ,1,38:24,1,8
ظَلَمْنَا,1,7:23,1,9
ظَلُومًا,1,33:72,1,8
ظَلِيلًا,1,4:57,1,8
ظَلِيلٍ,1,77:31,1,7
ظَلْتَ,1,20:97,1,6
ظَمَأٌ,1,9:120,1,6
ظَنَنْتُ,1,69:20,1,8
ظَنَّا,1,2:230,1,6
ظَنَّهُ,1,34:20,1,7
ظَنُّكُمُ,1,41:23,1,9
ظَنُّكُمْ,1,37:87,1,9
ظَنُّوا,1,72:7,1,7
ظَهِيرٌ,1,66:4,1,7
ظَهِيرٍ,1,34:22,1,7
ظَهْرَكَ,1,94:3,1,8
ظَهْرِهَا,1,35:45,1,9
ظُفُرٍ,1,6:146,1,6
ظُلَلٍ,1,2:210,1,6
ظُلَّةٌ,1,7:171,1,7
ظُلِمَ,1,4:148,1,6
ظُلْمَ,1,40:17,1,6
ظُلْمِهِمْ,1,13:6,1,10
ظُهُورُهَا,1,6:138,1,10
ظُهُورُهُمَا,1,6:146,1,12
ظُهُورِكُمْ,1,6:94,1,11
ظُهُورِهَا,1,2:189,1,10
ظُهُورِهِ,1,43:13,1,9
ظِلًّا,1,4:57,1,6
ظِلٍّ,1,77:30,1,5
ظِلَالًا,1,16:81,1,8
ظِلَالُهَا,1,76:14,1,10
ظِلَالُهُ,1,16:48,1,9
ظِهْرِيًّا,1,11:92,1,10
عسق,1,42:2,1,3
عَائِدُونَ,1,44:15,1,10
عَائِلًا,1,93:8,1,8
عَابِدٌ,1,109:4,1,7
عَابِدَاتٍ,1,66:5,1,10
عَابِرِي,1,4:43,1,8
عَاتِيَةٍ,1,69:6,1,9
عَادَيْتُمْ,1,60:7,1,11
عَادُونَ,1,26:166,1,8
عَارِضًا,1,46:24,1,8
عَارِضٌ,1,46:24,1,7
عَاصِفٌ,1,10:22,1,7
عَاصِفٍ,1,14:18,1,7
عَاصِفَةً,1,21:81,1,9
عَاصِمَ,1,11:43,1,7
عَاقَبَ,1,22:60,1,7
عَاقَبْتُمْ,1,16:126,1,11
عَاقِبَةَ,1,30:10,1,9
عَاقِبَتَهُمَا,1,59:17,1,14
عَاقِرٌ,1,3:40,1,7
عَاكِفًا,1,20:97,1,8
عَالِمَ,1,39:46,1,7
عَالِينَ,1,23:46,1,8
عَالِيًا,1,44:31,1,8
عَالِيَهُمْ,1,76:21,1,11
عَامٌ,1,12:49,1,5
عَامَيْنِ,1,31:14,1,9
عَامِلٍ,1,3:195,1,7
عَامِلَةٌ,1,88:3,1,9
عَامِهِمْ,1,9:28,1,9
عَاهَدْتَ,1,8:56,1,9
عَبَثًا,1,23:115,1,7
عَبَدْتُمْ,1,109:4,1,10
عَبَدْنَا,1,16:35,1,9
عَبَدْنَاهُمْ,1,43:20,1,13
عَبَّدْتَ,1,26:22,1,9
عَبُوسًا,1,76:10,1,8
عَبْدٌ,1,43:59,1,6
عَبْدَيْنِ,1,66:10,1,10
عَتَتْ,1,65:8,1,6
عَتَوْا,1,7:166,1,7
عَجَلٍ,1,21:37,1,6
عَجَّلْنَا,1,17:18,1,10
عَجُولًا,1,17:11,1,8
عَجِبُوا,1,50:2,1,8
عَجِبْتَ,1,37:12,1,8
عَجِّلْ,1,38:16,1,7
عَدَاوَةً,1,5:82,1,9
عَدَاوَةٌ,1,41:34,1,9
عَدُوَّ,1,8:60,1,7
عَدُوَّكُمْ,1,7:129,1,11
عَدُوِّكُمْ,1,20:80,1,11
عَدُوِّهِمْ,1,61:14,1,11
عَدُوِّي,1,60:1,1,8
عَدْلُ,1,5:95,1,6
عَدْوًا,1,6:108,1,7
عَذَابَهَا,1,25:65,1,10
عَذَابَهُمَا,1,24:2,1,12
عَذَابُهُ,1,10:50,1,9
عَذَابِهَا,1,35:36,1,10
عَرَبِيٌّ,1,16:103,1,9
عَرَبِيٍّ,1,26:195,1,9
عَرَضًا,1,9:42,1,7
عَرَضٌ,1,7:169,1,6
عَرَضَهُمْ,1,2:31,1,10
عَرَضْنَا,1,33:72,1,9
عَرَفَاتٍ,1,2:198,1,9
عَرَّضْتُمْ,1,2:235,1,11
عَرَّفَ,1,66:3,1,7
عَرَّفَهَا,1,47:6,1,10
عَرِيضٍ,1,41:51,1,7
عَرْشٌ,1,27:23,1,6
عَرْشَ,1,69:17,1,6
عَرْشَهَا,1,27:41,1,9
عَرْشُكِ,1,27:42,1,8
عَرْشُهُ,1,11:7,1,8
عَرْضًا,1,18:100,1,7
عَزَلْتَ,1,33:51,1,8
عَزَمَ,1,47:21,1,6
عَزَمُوا,1,2:227,1,8
عَزَمْتَ,1,3:159,1,8
عَزِيزٍ,1,54:42,1,7
عَزْمًا,1,20:115,1,7
عَسَلٍ,1,47:15,1,6
عَسِرٌ,1,54:8,1,6
عَسِيرًا,1,25:26,1,8
عَسِيرٌ,1,74:9,1,7
عَسْعَسَ,1,81:17,1,8
عَشَرَةٌ,1,2:196,1,8
عَشَرَةِ,1,5:89,1,8
عَشِيرَتَكَ,1,26:214,1,11
عَشِيرَتَهُمْ,1,58:22,1,13
عَشِيَّةً,1,79:46,1,9
عَشْرٍ,1,89:2,1,6
عَشْرُ,1,6:160,1,6
عَصَانِي,1,14:36,1,8
عَصَايَ,1,20:18,1,7
عَصَوْكَ,1,26:216,1,8
عَصَوْنِي,1,71:21,1,9
عَصَيْتَ,1,10:91,1,8
عَصَيْتُهُ,1,11:63,1,10
عَصِيبٌ,1,11:77,1,7
عَصْفًا,1,77:2,1,7
عَضُدًا,1,18:51,1,7
عَضُدَكَ,1,28:35,1,8
عَضُّوا,1,3:119,1,7
عَطَاءُ,1,17:20,1,7
عَطَاءِ,1,17:20,1,7
عَطَاؤُنَا,1,38:39,1,10
عَفَوْا,1,7:95,1,7
عَفَوْنَا,1,2:52,1,9
عَقَدَتْ,1,4:33,1,8
عَقَلُوهُ,1,2:75,1,9
عَقَّدْتُمُ,1,5:89,1,11
عَقِبِهِ,1,43:28,1,8
عَقِيمًا,1,42:50,1,8
عَقِيمٌ,1,51:29,1,7
عَقِيمٍ,1,22:55,1,7
عَلَا,1,28:4,1,5
عَلَقٍ,1,96:2,1,6
عَلَوْا,1,17:7,1,7
عَلَيْكُمَا,1,55:35,1,11
عَلَيْكِ,1,19:25,1,8
عَلَيْهُ,1,48:10,1,8
عَلَّمَكُمْ,1,2:239,1,11
عَلَّمَنِي,1,12:37,1,10
عَلَّمْتَنَا,1,2:32,1,12
عَلَّمْتُكَ,1,5:110,1,11
عَلَّمْتُمْ,1,5:4,1,11
عَلِمَتِ,1,37:158,1,8
عَلِمُوا,1,2:102,1,8
عَلِمْتَهُ,1,5:116,1,10
عَلِمْتُ,1,28:38,1,8
عَلِمْتُمُوهُنَّ,1,60:10,1,16
عَلِيٌّ,1,42:51,1,7
عَمًى,1,41:44,1,5
عَمَرُوهَا,1,30:9,1,10
عَمَلَهُمْ,1,6:108,1,10
عَمَلُكَ,1,39:65,1,8
عَمَلُكُمْ,1,10:41,1,10
عَمَلُهُ,1,5:5,1,8
عَمَلِهِمْ,1,52:21,1,10
عَمَلِي,1,10:41,1,7
عَمَّ,1,78:1,1,5
عَمَّاتِكَ,1,33:50,1,10
عَمَّاتِكُمْ,1,24:61,1,12
عَمُوا,1,5:71,1,6
عَمُونَ,1,27:66,1,7
عَمِلَتْهُ,1,36:35,1,10
عَمِلْتُمْ,1,64:7,1,10
عَمِيقٍ,1,22:27,1,7
عَمِينَ,1,7:64,1,7
عَمِيَ,1,6:104,1,6
عَمِّكَ,1,33:50,1,7
عَنِيدًا,1,74:16,1,8
عَهِدْنَا,1,20:115,1,9
عَهْدٌ,1,9:7,1,6
عَهْدٍ,1,7:102,1,6
عَهْدَهُ,1,2:80,1,8
عَهْدُ,1,33:15,1,6
عَهْدِهِمْ,1,9:12,1,10
عَهْدِي,1,2:124,1,7
عَوَانٌ,1,2:68,1,7
عَوْرَاتٍ,1,24:58,1,9
عَوْرَاتِ,1,24:31,1,9
عَوْرَةٌ,1,33:13,1,8
عَيْلَةً,1,9:28,1,8
عَيْنٌ,1,88:12,1,6
عَيْنَاكَ,1,18:28,1,9
عَيْنَاهُ,1,12:84,1,9
عَيْنَيْنِ,1,90:8,1,10
عَيْنِي,1,20:39,1,7
عُتُلٍّ,1,68:13,1,7
عُتُوًّا,1,25:21,1,8
عُتُوٍّ,1,67:21,1,7
عُثِرَ,1,5:107,1,6
عُجَابٌ,1,38:5,1,7
عُدَّةً,1,9:46,1,7
عُدْتُمْ,1,17:8,1,8
عُدْوَانًا,1,4:30,1,10
عُرُبًا,1,56:37,1,7
عُرِضَ,1,38:31,1,6
عُرْضَةً,1,2:224,1,8
عُرْفًا,1,77:1,1,7
عُزَيْرٌ,1,9:30,1,8
عُسْرًا,1,18:73,1,7
عُسْرٍ,1,65:7,1,6
عُسْرَةٍ,1,2:280,1,8
عُطِّلَتْ,1,81:4,1,9
عُفِيَ,1,2:178,1,6
عُقْبًا,1,18:44,1,7
عُقْبَاهَا,1,91:15,1,10
عُقْدَةً,1,20:27,1,8
عُقْدَةَ,1,2:235,1,8
عُقْدَةُ,1,2:237,1,8
عُلَمَاءُ,1,26:197,1,9
عُلِّمْتَ,1,18:66,1,9
عُلِّمْنَا,1,27:16,1,10
عُمُرًا,1,10:16,1,7
عُمُرِكَ,1,26:18,1,8
عُمُرِهِ,1,35:11,1,8
عُمْيًا,1,17:97,1,7
عُنُقِكَ,1,17:29,1,8
عُنُقِهِ,1,17:13,1,8
عُوقِبَ,1,22:60,1,7
عُوقِبْتُمْ,1,16:126,1,11
عُيُونًا,1,54:12,1,8
عِبَادَتِكُمْ,1,10:29,1,13
عِبَادَتِي,1,40:60,1,10
عِبَادَنَا,1,38:45,1,10
عِبَادُكَ,1,5:118,1,9
عِبَادِكُمْ,1,24:32,1,11
عِبْرَةٌ,1,12:111,1,8
عِدَّةٍ,1,33:49,1,7
عِدَّتَهُمْ,1,74:31,1,11
عِزًّا,1,19:81,1,6
عِزَّةٍ,1,38:2,1,7
عِزِينَ,1,70:37,1,7
عِشَاءً,1,12:16,1,7
عِشْرُونَ,1,8:65,1,9
عِضِينَ,1,15:91,1,7
عِطْفِهِ,1,22:9,1,8
عِظَامَهُ,1,75:3,1,9
عِفْرِيتٌ,1,27:39,1,9
عِقَابٍ,1,41:43,1,7
عِلِّيُّونَ,1,83:19,1,11
عِلِّيِّينَ,1,83:18,1,11
عِلْمُهُمْ,1,27:66,1,10
عِلْمِهِ,1,2:255,1,8
عِلْمِي,1,26:112,1,7
عِوَجٍ,1,39:28,1,6
عِوَجَ,1,20:108,1,6
عِيدًا,1,5:114,1,6
غَائِبَةٍ,1,27:75,1,9
غَائِبِينَ,1,7:7,1,10
غَاسِقٍ,1,113:3,1,7
غَاشِيَةٌ,1,12:107,1,9
غَافِرِ,1,40:3,1,7
غَافِلًا,1,14:42,1,8
غَالِبٌ,1,12:21,1,7
غَالِبُونَ,1,5:23,1,10
غَاوِينَ,1,37:32,1,8
غَبَرَةٌ,1,80:40,1,8
غَدَاءَنَا,1,18:62,1,10
غَدَقًا,1,72:16,1,7
غَدَوْتَ,1,3:121,1,8
غَرَامًا,1,25:65,1,8
غَرَبَتْ,1,18:17,1,8
غَرَّ,1,8:49,1,5
غَرَّكَ,1,82:6,1,7
غَرْبِيَّةٍ,1,24:35,1,11
غَرْقًا,1,79:1,1,7
غَزْلَهَا,1,16:92,1,9
غَسَقِ,1,17:78,1,6
غَشَّى,1,53:54,1,6
غَصْبًا,1,18:79,1,7
غَضَبٍ,1,2:90,1,6
غَضَبَ,1,24:9,1,6
غَضِبُوا,1,42:37,1,8
غَفَرَ,1,36:27,1,6
غَفَّارًا,1,71:10,1,9
غَفُورٍ,1,41:32,1,7
غَلَبُوا,1,18:21,1,8
غَلَبِهِمْ,1,30:3,1,10
غَلَّ,1,3:161,1,5
غَلِيظٌ,1,14:17,1,7
غَلِيظَ,1,3:159,1,7
غَمًّا,1,3:153,1,6
غَمٍّ,1,22:22,1,5
غَمَرَاتِ,1,6:93,1,9
غَمْرَتِهِمْ,1,23:54,1,12
غَنَمُ,1,21:78,1,6
غَنَمِي,1,20:18,1,7
غَوَاشٍ,1,7:41,1,7
غَوَى,1,53:2,1,5
غَوَيْنَا,1,28:63,1,9
غَوْلٌ,1,37:47,1,6
غَيًّا,1,19:59,1,6
غَيْبِ,1,35:38,1,6
غَيْبِهِ,1,72:26,1,8
غَيْثٍ,1,57:20,1,6
غَيْرَهَا,1,4:56,1,9
غَيْرِكُمْ,1,5:106,1,10
غَيْظَ,1,9:15,1,6
غُدُوًّا,1,40:46,1,8
غُدُوُّهَا,1,34:12,1,10
غُرَابًا,1,5:31,1,8
غُرَفًا,1,29:58,1,7
غُرُوبِهَا,1,20:130,1,10
غُرُورٍ,1,67:20,1,7
غُرْفَةً,1,2:249,1,8
غُزًّى,1,3:156,1,6
غُصَّةٍ,1,73:13,1,7
غُفْرَانَكَ,1,2:285,1,11
غُلَّتْ,1,5:64,1,7
غُلِبَتِ,1,30:2,1,8
غُلْبًا,1,80:30,1,7
غُمَّةً,1,10:71,1,7
غِسْلِينٍ,1,69:36,1,9
غِشَاوَةً,1,45:23,1,9
غِشَاوَةٌ,1,2:7,1,9
غِطَاءٍ,1,18:101,1,7
غِطَاءَكَ,1,50:22,1,9
غِلًّا,1,59:10,1,6
غِلَاظٌ,1,66:6,1,7
غِلْظَةً,1,9:123,1,8
غِلْمَانٌ,1,52:24,1,9
فَآتَاهُمُ,1,3:148,1,10
فَآتَتْ,1,2:265,1,7
فَآتَيْنَا,1,57:27,1,10
فَآتُوا,1,60:11,1,7
فَآتُوهُمْ,1,4:33,1,10
فَآتِ,1,30:38,1,5
فَآتِهِمْ,1,7:38,1,9
فَآخَرَانِ,1,5:107,1,10
فَآذُوهُمَا,1,4:16,1,11
فَآزَرَهُ,1,48:29,1,9
فَآمَنَتْ,1,61:14,1,9
فَآمَنُوا,1,37:148,1,9
فَآوَاكُمْ,1,8:26,1,10
فَآوَى,1,93:6,1,6
فَأَبَوْا,1,18:77,1,9
فَأَبَيْنَ,1,33:72,1,10
فَأَتَتْ,1,19:27,1,8
فَأَتَمَّهُنَّ,1,2:124,1,14
فَأَتَوْا,1,7:138,1,9
فَأَتَى,1,16:26,1,7
فَأَتِمُّوا,1,9:4,1,11
فَأَتْبَعَ,1,18:85,1,10
فَأَتْبَعُوهُمْ,1,26:60,1,15
فَأَتْبَعْنَا,1,23:44,1,13
فَأَثَابَكُمْ,1,3:153,1,13
فَأَثَابَهُمُ,1,5:85,1,13
فَأَثَرْنَ,1,100:4,1,10
فَأَجَاءَهَا,1,19:23,1,12
فَأَجِرْهُ,1,9:6,1,10
فَأَجْرُهُ,1,42:40,1,10
فَأَحْكُمُ,1,3:55,1,10
فَأَحْيَاكُمْ,1,2:28,1,13
فَأَحْيَيْنَا,1,35:9,1,13
فَأَحْيَيْنَاهُ,1,6:122,1,15
فَأَخَذَتْكُمُ,1,2:55,1,14
فَأَخَذَتْهُمْ,1,41:17,1,14
فَأَخَذَهُ,1,79:25,1,10
فَأَخَذْتُهُمْ,1,40:5,1,14
فَأَخْرَجَهُمَا,1,2:36,1,15
فَأَخْرَجْنَاهُمْ,1,26:57,1,17
فَأَخْلَفْتُكُمْ,1,14:22,1,16
فَأَخْلَفْتُمْ,1,20:86,1,14
فَأَدْلَى,1,12:19,1,9
فَأَذَاقَهَا,1,16:112,1,12
فَأَذَاقَهُمُ,1,39:26,1,13
فَأَذَّنَ,1,7:44,1,9
فَأَرَادُوا,1,37:98,1,11
فَأَرَاهُ,1,79:20,1,9
فَأَرَدْتُ,1,18:79,1,10
فَأَرَدْنَا,1,18:81,1,11
فَأَرُونِي,1,31:11,1,10
فَأَرْسَلَ,1,26:53,1,10
فَأَرْسَلُوا,1,12:19,1,12
فَأَرْسِلُونِ,1,12:45,1,13
فَأَرْسِلْهُ,1,28:34,1,12
فَأَزَلَّهُمَا,1,2:36,1,14
فَأَسَرَّهَا,1,12:77,1,12
فَأَسْقَيْنَاكُمُوهُ,1,15:22,1,20
فَأَسْقِطْ,1,26:187,1,10
فَأَسْكَنَّاهُ,1,23:18,1,14
فَأَشَارَتْ,1,19:29,1,11
فَأَشْهِدُوا,1,4:6,1,12
فَأَصَابَتْكُمْ,1,5:106,1,15
فَأَصَابَهَا,1,2:266,1,12
فَأَصَابَهُ,1,2:264,1,11
فَأَصَمَّهُمْ,1,47:23,1,13
فَأَصَّدَّقَ,1,63:10,1,12
فَأَصْبَحَتْ,1,68:20,1,12
فَأَصْحَابُ,1,56:8,1,11
فَأَصْلَحَ,1,2:182,1,10
فَأَضَلُّونَا,1,33:67,1,13
فَأَطَاعُوهُ,1,43:54,1,12
فَأَطَّلِعَ,1,40:37,1,11
فَأَعِينُونِي,1,18:95,1,13
فَأَعْرَضُوا,1,34:16,1,12
فَأَعْقَبَهُمْ,1,9:77,1,14
فَأَغْرَقْنَاهُ,1,17:103,1,15
فَأَغْرَيْنَا,1,5:14,1,13
فَأَغْشَيْنَاهُمْ,1,36:9,1,17
فَأَغْنَى,1,93:8,1,9
فَأَغْوَيْنَاكُمْ,1,37:32,1,17
فَأَفُوزَ,1,4:73,1,9
فَأَقَامَهُ,1,18:77,1,11
فَأَقَمْتَ,1,4:102,1,10
فَأَقْبَرَهُ,1,80:21,1,12
فَأَقْبَلَتِ,1,51:29,1,12
فَأَقْبَلُوا,1,37:94,1,12
فَأَكَلَا,1,20:121,1,9
فَأَكَلَهُ,1,12:17,1,10
فَأَكُونَ,1,39:58,1,9
فَأَكْثَرُوا,1,89:12,1,12
فَأَكْثَرْتَ,1,11:32,1,12
فَأَكْرَمَهُ,1,89:15,1,12
فَأَلَّفَ,1,3:103,1,9
فَأَلْقَاهَا,1,20:20,1,12
فَأَلْقَوُا,1,16:28,1,11
فَأَلْقِهْ,1,27:28,1,10
فَأَلْقِيهِ,1,28:7,1,11
فَأَلْقِيَاهُ,1,50:26,1,13
فَأَلْهَمَهَا,1,91:8,1,13
فَأَمَاتَهُ,1,2:259,1,11
فَأَمْطِرْ,1,8:32,1,10
فَأَمْكَنَ,1,8:71,1,10
فَأَنَا,1,43:81,1,7
فَأَنْتُمْ,1,30:28,1,10
فَأَنْجَاهُ,1,29:24,1,11
فَأَنْجَيْنَاكُمْ,1,2:50,1,17
فَأَنْجَيْنَاهُمْ,1,21:9,1,17
فَأَنْذَرْتُكُمْ,1,92:14,1,16
فَأَنْذِرْ,1,74:2,1,10
فَأَنْسَاهُ,1,12:42,1,11
فَأَنْشَأْنَا,1,23:19,1,13
فَأَنْشَرْنَا,1,43:11,1,13
فَأَنْفُخُ,1,3:49,1,10
فَأَنْفِقُوا,1,65:6,1,12
فَأَنْقَذَكُمْ,1,3:103,1,14
فَأَهْلَكَتْهُ,1,3:117,1,14
فَأَهْلَكْنَا,1,43:8,1,13
فَأَوْرَدَهُمُ,1,11:98,1,14
فَأَوْعَى,1,70:18,1,9
فَأَوْفُوا,1,7:85,1,10
فَأَوْفِ,1,12:88,1,8
فَأَوْقِدْ,1,28:38,1,10
فَأَيَّ,1,40:81,1,7
فَأَيَّدْنَا,1,61:14,1,12
فَأَيُّ,1,6:81,1,7
فَأَيْنَ,1,81:26,1,8
فَأَيْنَمَا,1,2:115,1,11
فَأُدْخِلُوا,1,71:25,1,12
فَأُعَذِّبُهُمْ,1,3:56,1,15
فَأُمَتِّعُهُ,1,2:126,1,13
فَأُمُّهُ,1,101:9,1,9
فَأُوَارِيَ,1,5:31,1,11
فَأْتُونَا,1,14:10,1,10
فَأْتُوهُنَّ,1,2:222,1,12
فَأْتِيَا,1,26:16,1,9
فَأْتِيَاهُ,1,20:47,1,11
فَأْذَنُوا,1,2:279,1,10
فَأْذَنْ,1,24:62,1,8
فَأْوُوا,1,18:16,1,8
فَإِذًا,1,4:53,1,7
فَإِطْعَامُ,1,58:4,1,11
فَإِلَهُكُمْ,1,22:34,1,12
فَإِلَيْهِ,1,16:53,1,10
فَإِلَّمْ,1,11:14,1,9
فَإِمْسَاكٌ,1,2:229,1,11
فَاءَتْ,1,49:9,1,7
فَاءُوا,1,2:226,1,7
فَابْتَغُوا,1,29:17,1,11
فَاتَّبَعُوا,1,11:97,1,12
فَاتَّبَعُوهُ,1,34:20,1,13
فَاتَّبِعُوا,1,3:95,1,12
فَاتَّبِعْ,1,75:18,1,10
فَاتَّبِعْنِي,1,19:43,1,13
فَاتَّبِعْهَا,1,45:18,1,13
فَاتَّخَذَ,1,18:61,1,10
فَاتَّخَذَتْ,1,19:17,1,12
فَاتَّخَذْتُمُوهُمْ,1,23:110,1,19
فَاتَّخِذُوهُ,1,35:6,1,13
فَاتَّخِذْهُ,1,73:9,1,12
فَاتِّبَاعٌ,1,2:178,1,11
فَاتْلُوهَا,1,3:93,1,11
فَاثْبُتُوا,1,8:45,1,11
فَاجِرًا,1,71:27,1,8
فَاجْتَبَاهُ,1,68:50,1,12
فَاجْتَنِبُوا,1,22:30,1,13
فَاجْتَنِبُوهُ,1,5:90,1,14
فَاجْلِدُوا,1,24:2,1,11
فَاجْلِدُوهُمْ,1,24:4,1,14
فَاجْنَحْ,1,8:61,1,9
فَاحْتَرَقَتْ,1,2:266,1,13
فَاحْتَمَلَ,1,13:17,1,11
فَاحْذَرُوا,1,5:41,1,11
فَاحْذَرُوهُ,1,2:235,1,12
فَاحْذَرُوهُمْ,1,64:14,1,14
فَاحْذَرْهُمْ,1,63:4,1,13
فَاخْتَلَفُوا,1,10:19,1,13
فَاخْشَوْهُمْ,1,3:173,1,13
فَاخْلَعْ,1,20:12,1,9
فَادَّارَأْتُمْ,1,2:72,1,15
فَادْخُلُوهَا,1,39:73,1,13
فَادْخُلِي,1,89:29,1,10
فَادْرَءُوا,1,3:168,1,11
فَادْعُوهُمْ,1,7:194,1,12
فَادْفَعُوا,1,4:6,1,11
فَاذْكُرُونِي,1,2:152,1,13
فَاذْهَبَا,1,26:15,1,10
فَارِضٌ,1,2:68,1,7
فَارِغًا,1,28:10,1,8
فَارِقُوهُنَّ,1,65:2,1,13
فَارِهِينَ,1,26:149,1,10
فَارْتَدَّ,1,12:96,1,10
فَارْتَدَّا,1,18:64,1,11
فَارْتَقِبْهُمْ,1,54:27,1,15
فَارْجِعِ,1,67:3,1,9
فَارْجِعْنَا,1,32:12,1,12
فَارْزُقُوهُمْ,1,4:8,1,14
فَارْغَبْ,1,94:8,1,9
فَاسِقًا,1,32:18,1,8
فَاسِقٌ,1,49:6,1,7
فَاسْأَلُوهُمْ,1,21:63,1,14
فَاسْأَلُوهُنَّ,1,33:53,1,15
فَاسْأَلْهُ,1,12:50,1,11
فَاسْتَأْذَنُوكَ,1,9:83,1,16
فَاسْتَبَقُوا,1,36:66,1,13
فَاسْتَبْشِرُوا,1,9:111,1,15
فَاسْتَجَبْتُمْ,1,14:22,1,15
فَاسْتَحَبُّوا,1,41:17,1,14
فَاسْتَخَفَّ,1,43:54,1,12
فَاسْتَشْهِدُوا,1,4:15,1,15
فَاسْتَعْصَمَ,1,12:32,1,13
فَاسْتَغَاثَهُ,1,28:15,1,14
فَاسْتَغْفَرَ,1,38:24,1,13
فَاسْتَغْفِرُوهُ,1,11:61,1,16
فَاسْتَغْفِرْ,1,48:11,1,13
فَاسْتَغْلَظَ,1,48:29,1,13
فَاسْتَقِمْ,1,11:112,1,11
فَاسْتَقِيمَا,1,10:89,1,13
فَاسْتَكْبَرْتُمْ,1,45:31,1,17
فَاسْتَمِعْ,1,20:13,1,11
فَاسْتَمْتَعُوا,1,9:69,1,15
فَاسْتَمْتَعْتُمْ,1,9:69,1,17
فَاسْتَمْسِكْ,1,43:43,1,13
فَاسْجُدُوا,1,53:62,1,11
فَاسْجُدْ,1,76:26,1,9
فَاسْعَوْا,1,62:9,1,10
فَاسْلُكُوهُ,1,69:32,1,12
فَاسْلُكِي,1,16:69,1,10
فَاسْلُكْ,1,23:27,1,9
فَاسْمَعُونِ,1,36:25,1,12
فَاشْهَدُوا,1,3:81,1,11
فَاصْدَعْ,1,15:94,1,9
فَاصْطَادُوا,1,5:2,1,12
فَاصْفَحِ,1,15:85,1,9
فَاصْفَحْ,1,43:89,1,9
فَاضْرِبُوا,1,8:12,1,11
فَاطَّلَعَ,1,37:55,1,10
فَاطَّهَّرُوا,1,5:6,1,13
فَاطِرُ,1,42:11,1,7
فَاعِلٌ,1,18:23,1,7
فَاعِلُونَ,1,23:4,1,10
فَاعْبُدُوا,1,39:15,1,11
فَاعْبُدِ,1,39:2,1,9
فَاعْبُدْ,1,39:66,1,9
فَاعْبُدْنِي,1,20:14,1,12
فَاعْتَبِرُوا,1,59:2,1,13
فَاعْتَدُوا,1,2:194,1,11
فَاعْتَرَفُوا,1,67:11,1,13
فَاعْتَرَفْنَا,1,40:11,1,14
فَاعْتَزِلُوا,1,2:222,1,13
فَاعْتَزِلُونِ,1,44:21,1,14
فَاعْتِلُوهُ,1,44:47,1,12
فَاعْدِلُوا,1,6:152,1,11
فَاعْفُوا,1,2:109,1,9
فَاعْمَلْ,1,41:5,1,9
فَاغْسِلُوا,1,5:6,1,11
فَافْتَحْ,1,26:118,1,9
فَافْرُقْ,1,5:25,1,9
فَافْسَحُوا,1,58:11,1,11
فَافْعَلُوا,1,2:68,1,11
فَاقِرَةٌ,1,75:25,1,9
فَاقِعٌ,1,2:69,1,7
فَاقْتُلُوهُمْ,1,2:191,1,14
فَاقْذِفِيهِ,1,20:39,1,12
فَاقْصُصِ,1,7:176,1,9
فَاقْضِ,1,20:72,1,7
فَاقْطَعُوا,1,5:38,1,11
فَاقْعُدُوا,1,9:83,1,11
فَاكِهُونَ,1,36:55,1,10
فَاكْتُبُوهُ,1,2:282,1,12
فَالتَّالِيَاتِ,1,37:3,1,15
فَالزَّاجِرَاتِ,1,37:2,1,15
فَالسَّابِقَاتِ,1,79:4,1,15
فَالصَّالِحَاتُ,1,4:34,1,15
فَالْآنَ,1,2:187,1,8
فَالْتَقَطَهُ,1,28:8,1,13
فَالْتَقَمَهُ,1,37:142,1,13
فَالْتَقَى,1,54:12,1,10
فَالْتَمِسُوا,1,57:13,1,13
فَالْجَارِيَاتِ,1,51:3,1,15
فَالْحَامِلَاتِ,1,51:2,1,15
فَالْحَقُّ,1,38:84,1,10
فَالْحُكْمُ,1,40:12,1,11
فَالْعَاصِفَاتِ,1,77:2,1,15
فَالْفَارِقَاتِ,1,77:4,1,15
فَالْمُدَبِّرَاتِ,1,79:5,1,17
فَالْمُغِيرَاتِ,1,100:3,1,15
فَالْمُقَسِّمَاتِ,1,51:4,1,17
فَالْمُلْقِيَاتِ,1,77:5,1,16
فَالْمُورِيَاتِ,1,100:2,1,15
فَامْتَحِنُوهُنَّ,1,60:10,1,17
فَامْشُوا,1,67:15,1,9
فَامْنُنْ,1,38:39,1,9
فَانٍ,1,55:26,1,5
فَانْبَجَسَتْ,1,7:160,1,13
فَانْبِذْ,1,8:58,1,9
فَانْتَبَذَتْ,1,19:22,1,13
فَانْتَصِرْ,1,54:10,1,11
فَانْتَهَى,1,2:275,1,10
فَانْتَهُوا,1,59:7,1,11
فَانْسَلَخَ,1,7:175,1,11
فَانْشُزُوا,1,58:11,1,11
فَانْصَبْ,1,94:7,1,9
فَانْصُرْنَا,1,2:286,1,12
فَانْطَلَقُوا,1,68:23,1,13
فَانْظُرِي,1,27:33,1,10
فَانْفَجَرَتْ,1,2:60,1,13
فَانْفَلَقَ,1,26:63,1,11
فَانْفُذُوا,1,55:33,1,11
فَانْفِرُوا,1,4:71,1,11
فَانْقَلَبُوا,1,3:174,1,13
فَانْكِحُوا,1,4:3,1,11
فَانْكِحُوهُنَّ,1,4:25,1,15
فَانْهَارَ,1,9:109,1,10
فَاهُ,1,13:14,1,5
فَاهْبِطْ,1,7:13,1,9
فَاهْجُرْ,1,74:5,1,9
فَاهْدُوهُمْ,1,37:23,1,12
فَبَاءُوا,1,2:90,1,9
فَبَايِعْهُنَّ,1,60:12,1,14
فَبَدَأَ,1,12:76,1,8
فَبَدَتْ,1,20:121,1,8
فَبَرَّأَهُ,1,33:69,1,11
فَبَشَّرْنَاهَا,1,11:71,1,15
فَبَشَّرْنَاهُ,1,37:101,1,14
فَبَشِّرْ,1,39:17,1,9
فَبَصَرُكَ,1,50:22,1,10
فَبَصُرَتْ,1,28:11,1,10
فَبَغَى,1,28:76,1,7
فَبُهِتَ,1,2:258,1,8
فَبِذَلِكَ,1,10:58,1,10
فَبِظُلْمٍ,1,4:160,1,10
فَبِعِزَّتِكَ,1,38:82,1,13
فَبِمَ,1,15:54,1,6
فَبِهُدَاهُمُ,1,6:90,1,13
فَتًى,1,21:60,1,5
فَتَأْتُونَ,1,78:18,1,11
فَتَأْتِيَهُمْ,1,6:35,1,14
فَتَأْكُلُ,1,12:41,1,10
فَتَاهَا,1,12:30,1,8
فَتَبَسَّمَ,1,27:19,1,11
فَتَبْهَتُهُمْ,1,21:40,1,14
فَتَحَ,1,2:76,1,6
فَتَحَسَّسُوا,1,12:87,1,13
فَتَحُوا,1,12:65,1,8
فَتَخْشَى,1,79:19,1,9
فَتَخْطَفُهُ,1,22:31,1,12
فَتَدَلَّى,1,53:8,1,10
فَتَذَرُوهَا,1,4:129,1,12
فَتَرَكَهُ,1,2:264,1,10
فَتَرْدَى,1,20:16,1,9
فَتَرْضَى,1,93:5,1,9
فَتَزِلَّ,1,16:94,1,9
فَتَسْتَجِيبُونَ,1,17:52,1,16
فَتَشَابَهَ,1,13:16,1,11
فَتَشْقَى,1,20:117,1,9
فَتَطَاوَلَ,1,28:45,1,11
فَتَطْرُدَهُمْ,1,6:52,1,14
فَتَعَاطَى,1,54:29,1,10
فَتَعَالَيْنَ,1,33:28,1,13
فَتَعْرِفُونَهَا,1,27:93,1,16
فَتَعْسًا,1,47:8,1,9
فَتَفَرَّقَ,1,6:153,1,11
فَتَفْشَلُوا,1,8:46,1,12
فَتَقَبَّلَهَا,1,3:37,1,14
فَتَقَبَّلْ,1,3:35,1,11
فَتَقَطَّعُوا,1,23:53,1,13
فَتَقُولُ,1,20:40,1,9
فَتَكُنْ,1,31:16,1,8
فَتَكُونُ,1,5:110,1,9
فَتَكُونُونَ,1,4:89,1,12
فَتَكْفُرُونَ,1,40:10,1,13
فَتَلَقَّى,1,2:37,1,10
فَتَمَارَوْا,1,54:36,1,12
فَتَمَثَّلَ,1,19:17,1,11
فَتَمَسَّكُمُ,1,11:113,1,13
فَتَمَّ,1,7:142,1,7
فَتَنَادَوْا,1,68:21,1,12
فَتَنَازَعُوا,1,20:62,1,13
فَتَنَّاهُ,1,38:24,1,10
فَتَنُوا,1,85:10,1,8
فَتَنْتُمْ,1,57:14,1,10
فَتَنْفَعَهُ,1,80:4,1,12
فَتَنْفُخُ,1,5:110,1,10
فَتَهَجَّدْ,1,17:79,1,11
فَتَوَكَّلُوا,1,5:23,1,13
فَتَوَلَّوْا,1,37:90,1,12
فَتَيَاتِكُمُ,1,4:25,1,13
فَتَيَاتِكُمْ,1,24:33,1,13
فَتَيَانِ,1,12:36,1,9
فَتُخْبِتَ,1,22:54,1,10
فَتُخْرِجُوهُ,1,6:148,1,13
فَتُذَكِّرَ,1,2:282,1,11
فَتُصِيبَكُمْ,1,48:25,1,13
فَتُصْبِحَ,1,18:40,1,10
فَتُصْبِحُ,1,22:63,1,10
فَتُصْبِحُوا,1,49:6,1,12
فَتُفَجِّرَ,1,17:91,1,11
فَتُقُبِّلَ,1,5:27,1,11
فَتُكْوَى,1,9:35,1,9
فَتُلْقَى,1,17:39,1,9
فَتُهَاجِرُوا,1,4:97,1,13
فَتُوبُوا,1,2:54,1,9
فَتْحٌ,1,4:141,1,6
فَتْرَةٍ,1,5:19,1,8
فَثَبَّطَهُمْ,1,9:46,1,13
فَثَبِّتُوا,1,8:12,1,11
فَثَمَّ,1,2:115,1,7
فَجٍّ,1,22:27,1,5
فَجَاءَ,1,51:26,1,7
فَجَاءَتْهُ,1,28:25,1,11
فَجَاءَهَا,1,7:4,1,10
فَجَاسُوا,1,17:5,1,9
فَجَزَاءٌ,1,5:95,1,9
فَجَزَاؤُهُ,1,4:93,1,11
فَجَعَلْتُمْ,1,10:59,1,12
فَجَعَلْنَا,1,15:74,1,11
فَجَعَلْنَاهُنَّ,1,56:36,1,16
فَجَمَعَ,1,20:60,1,8
فَجَمَعْنَاهُمْ,1,18:99,1,15
فَجُمِعَ,1,26:38,1,8
فَجْوَةٍ,1,18:17,1,8
فَحَاسَبْنَاهَا,1,65:8,1,15
فَحَبِطَتْ,1,18:105,1,10
فَحَدِّثْ,1,93:11,1,9
فَحَسْبُهُ,1,2:206,1,10
فَحَشَرَ,1,79:23,1,8
فَحَمَلَتْهُ,1,19:22,1,12
فَحَيُّوا,1,4:86,1,9
فَحُكْمُهُ,1,42:10,1,10
فَخَانَتَاهُمَا,1,66:10,1,15
فَخَرَاجُ,1,23:72,1,9
فَخَرَّ,1,16:26,1,7
فَخَسَفْنَا,1,28:81,1,11
فَخَشِينَا,1,18:80,1,10
فَخَلَقَ,1,75:38,1,8
فَخَلُّوا,1,9:5,1,9
فَخُذْهَا,1,7:145,1,9
فَخُورًا,1,4:36,1,8
فَخُورٌ,1,11:10,1,7
فَدَخَلُوا,1,12:58,1,10
فَدَلَّاهُمَا,1,7:22,1,13
فَدَمَّرْنَاهَا,1,17:16,1,15
فَدَمَّرْنَاهُمْ,1,25:36,1,16
فَدَمْدَمَ,1,91:14,1,10
فَدُكَّتَا,1,69:14,1,10
فَدِيَةٌ,1,4:92,1,8
فَذَاقَتْ,1,65:9,1,9
فَذَاقُوا,1,64:5,1,9
فَذَانِكَ,1,28:32,1,9
فَذَبَحُوهَا,1,2:71,1,12
فَذَرُوهُ,1,12:47,1,9
فَذَرْنِي,1,68:44,1,9
فَذَلِكُمُ,1,10:32,1,10
فَذَلِكُنَّ,1,12:32,1,11
فَذُو,1,41:51,1,5
فَذُوقُوهُ,1,8:14,1,10
فَرَأَوْهُ,1,30:51,1,10
فَرَبُّكُمْ,1,17:84,1,11
فَرَجَعَ,1,20:86,1,8
فَرَجَعُوا,1,21:64,1,10
فَرَجَعْنَاكَ,1,20:40,1,13
فَرَجُلٌ,1,2:282,1,8
فَرَدَدْنَاهُ,1,28:13,1,13
فَرَدُّوا,1,14:9,1,9
فَرَرْتُمْ,1,33:16,1,10
فَرَشْنَاهَا,1,51:48,1,12
فَرَضْنَا,1,33:50,1,9
فَرَغْتَ,1,94:7,1,8
فَرَقْنَا,1,2:50,1,9
فَرَقْنَاهُ,1,17:106,1,11
فَرَوْحٌ,1,56:89,1,8
فَرَّتْ,1,74:51,1,7
فَرَّطْتُ,1,39:56,1,9
فَرَّطْتُمْ,1,12:80,1,11
فَرَّقْتَ,1,20:94,1,9
فَرُدُّوهُ,1,4:59,1,10
فَرِجَالًا,1,2:239,1,10
فَرِحِينَ,1,3:170,1,9
فَرِهَانٌ,1,2:283,1,9
فَرِيقٍ,1,9:117,1,7
فَرِيقَانِ,1,27:45,1,10
فَرِيًّا,1,19:27,1,8
فَرْثٍ,1,16:66,1,6
فَرْقًا,1,77:4,1,7
فَزَادَهُمُ,1,2:10,1,11
فَزَادَهُمْ,1,3:173,1,11
فَزَادُوهُمْ,1,72:6,1,12
فَزَعٍ,1,27:89,1,6
فَزَيَّلْنَا,1,10:28,1,12
فَزَيَّنَ,1,16:63,1,9
فَزَيَّنُوا,1,41:25,1,11
فَزِدْهُ,1,38:61,1,8
فَزِعُوا,1,34:51,1,8
فَسَأَكْتُبُهَا,1,7:156,1,15
فَسَادٍ,1,5:32,1,7
فَسَالَتْ,1,13:17,1,9
فَسَاهَمَ,1,37:141,1,9
فَسَتَذْكُرُونَ,1,40:44,1,15
فَسَتُبْصِرُ,1,68:5,1,12
فَسَتُرْضِعُ,1,65:6,1,12
فَسَخَّرْنَا,1,38:36,1,12
فَسَقَى,1,28:24,1,7
فَسَلَامٌ,1,56:91,1,9
فَسَلَكَهُ,1,39:21,1,10
فَسَلِّمُوا,1,24:61,1,11
فَسَوَّاكَ,1,82:7,1,10
فَسَوَّاهُنَّ,1,2:29,1,13
فَسَيَأْتِيهِمْ,1,26:6,1,15
فَسَيَحْشُرُهُمْ,1,4:172,1,16
فَسَيَرَى,1,9:105,1,9
فَسَيَكْفِيكَهُمُ,1,2:137,1,17
فَسَيُؤْتِيهِ,1,48:10,1,13
فَسَيُدْخِلُهُمْ,1,4:175,1,16
فَسَيُنْغِضُونَ,1,17:51,1,15
فَسَيُنْفِقُونَهَا,1,8:36,1,18
فَسُحْقًا,1,67:11,1,9
فَسُقْنَاهُ,1,35:9,1,11
فَسِيحُوا,1,9:2,1,9
فَشَرِبُوا,1,2:249,1,10
فَشَرِّدْ,1,8:57,1,9
فَشَهَادَةُ,1,24:6,1,11
فَشُدُّوا,1,47:4,1,9
فَشِلْتُمْ,1,3:152,1,10
فَصَبَرُوا,1,6:34,1,10
فَصَبَّ,1,89:13,1,7
فَصَدَقَتْ,1,12:26,1,10
فَصَرَفَ,1,12:34,1,8
فَصَعِقَ,1,39:68,1,8
فَصَكَّتْ,1,51:29,1,9
فَصَلَ,1,2:249,1,6
فَصَلَتِ,1,12:94,1,8
فَصَلَّى,1,87:15,1,8
فَصَلِّ,1,108:2,1,7
فَصَّلَ,1,6:119,1,7
فَصُرْهُنَّ,1,2:260,1,11
فَصْلٌ,1,86:13,1,6
فَضَحِكَتْ,1,11:71,1,10
فَضَرَبْنَا,1,18:11,1,11
فَضَرْبَ,1,47:4,1,8
فَضَّلَكُمْ,1,7:140,1,11
فَضَّلَنَا,1,27:15,1,10
فَضُرِبَ,1,57:13,1,8
فَضْلٌ,1,4:73,1,6
فَطَافَ,1,68:19,1,7
فَطَالَ,1,57:16,1,7
فَطَرَكُمْ,1,17:51,1,10
فَطَرَنَا,1,20:72,1,9
فَطَرَهُنَّ,1,21:56,1,11
فَطَفِقَ,1,38:33,1,8
فَطَلٌّ,1,2:265,1,7
فَطَلِّقُوهُنَّ,1,65:1,1,15
فَطَمَسْنَا,1,54:37,1,11
فَطَهِّرْ,1,74:4,1,9
فَطَوَّعَتْ,1,5:30,1,11
فَطُبِعَ,1,63:3,1,8
فَظًّا,1,3:159,1,6
فَظَلَّتْ,1,26:4,1,9
فَظَلُّوا,1,15:14,1,9
فَظَلْتُمْ,1,56:65,1,10
فَظَنَّ,1,21:87,1,7
فَظَنُّوا,1,18:53,1,9
فَعَاقَبْتُمْ,1,60:11,1,13
فَعَاقِبُوا,1,16:126,1,11
فَعَتَوْا,1,51:44,1,9
فَعَجَبٌ,1,13:5,1,8
فَعَجَّلَ,1,48:20,1,9
فَعَدَلَكَ,1,82:7,1,10
فَعَرَفَهُمْ,1,12:58,1,12
فَعَزَّزْنَا,1,36:14,1,12
فَعَصَوْا,1,69:10,1,9
فَعَصَى,1,73:16,1,7
فَعَفَوْنَا,1,4:153,1,11
فَعَقَرَ,1,54:29,1,8
فَعَقَرُوا,1,7:77,1,10
فَعَلَهُ,1,21:63,1,8
فَعَلَى,1,10:71,1,7
فَعَلَيَّ,1,11:35,1,9
فَعَلَيْكُمُ,1,8:72,1,12
فَعَلَيْهِمْ,1,16:106,1,12
فَعَلَيْهِنَّ,1,4:25,1,13
فَعَلِمُوا,1,28:75,1,10
فَعَلْتُهَا,1,26:20,1,11
فَعَلْتُهُ,1,18:82,1,10
فَعَلْنَا,1,14:45,1,9
فَعَمُوا,1,5:71,1,8
فَعَمِيَتْ,1,28:66,1,10
فَعُمِّيَتْ,1,11:28,1,11
فَعِدَّتُهُنَّ,1,65:4,1,14
فَعِظُوهُنَّ,1,4:34,1,12
فَعْلَتَكَ,1,26:19,1,10
فَغَشَّاهَا,1,53:54,1,11
فَغَشِيَهُمْ,1,20:78,1,12
فَغَفَرَ,1,28:16,1,8
فَغَفَرْنَا,1,38:25,1,11
فَغَوَى,1,20:121,1,7
فَغُلُّوهُ,1,69:30,1,10
فَغُلِبُوا,1,7:119,1,10
فَفَتَحْنَا,1,54:11,1,11
فَفَتَقْنَاهُمَا,1,21:30,1,16
فَفَرَرْتُ,1,26:21,1,10
فَفَرِيقًا,1,2:87,1,10
فَفَسَقَ,1,18:50,1,8
فَفَسَقُوا,1,17:16,1,10
فَفَهَّمْنَاهَا,1,21:79,1,15
فَفِدْيَةٌ,1,2:196,1,10
فَفِرُّوا,1,51:50,1,9
فَقَاتِلَا,1,5:24,1,10
فَقَاتِلْ,1,4:84,1,9
فَقَالَتْ,1,28:12,1,9
فَقَبَضْتُ,1,20:96,1,10
فَقَدَرَ,1,89:16,1,8
فَقَدَرْنَا,1,77:23,1,11
فَقَدِّمُوا,1,58:12,1,11
فَقَذَفْنَاهَا,1,20:87,1,14
فَقَرَأَهُ,1,26:199,1,10
فَقَرَّبَهُ,1,51:27,1,11
فَقَسَتْ,1,57:16,1,8
فَقَضَاهُنَّ,1,41:12,1,12
فَقَضَى,1,28:15,1,7
فَقَطَّعَ,1,47:15,1,9
فَقَلِيلًا,1,2:88,1,10
فَقُتِلَ,1,74:19,1,8
فَقُطِعَ,1,6:45,1,8
فَقُلْتُ,1,71:10,1,8
فَقُولِي,1,19:26,1,8
فَقِنَا,1,3:191,1,7
فَكَأَيِّنْ,1,22:45,1,11
فَكَاتِبُوهُمْ,1,24:33,1,14
فَكَبِّرْ,1,74:3,1,9
فَكَثَّرَكُمْ,1,7:86,1,13
فَكَذَبَتْ,1,12:27,1,10
فَكَذَلِكَ,1,20:87,1,10
فَكَذَّبْتَ,1,39:59,1,11
فَكَذَّبْنَا,1,67:9,1,12
فَكَرِهْتُمُوهُ,1,49:12,1,15
فَكَسَوْنَا,1,23:14,1,11
فَكَفَرَتْ,1,16:112,1,10
فَكَفَى,1,10:29,1,7
فَكَفَّ,1,5:11,1,7
فَكَفَّارَتُهُ,1,5:89,1,14
فَكَّرَ,1,74:18,1,7
فَكُبَّتْ,1,27:90,1,9
فَكُبْكِبُوا,1,26:94,1,12
فَكُلًّا,1,29:40,1,8
فَكُلَا,1,7:19,1,7
فَكُلُوهُ,1,4:4,1,9
فَكُلِي,1,19:26,1,7
فَكُّ,1,90:13,1,5
فَكِهِينَ,1,83:31,1,9
فَكِيدُونِ,1,77:39,1,10
فَكِيدُونِي,1,11:55,1,11
فَلَأُقَطِّعَنَّ,1,20:71,1,16
فَلَبِئْسَ,1,16:29,1,10
فَلَبِثْتَ,1,20:40,1,10
فَلَسَوْفَ,1,26:49,1,10
فَلَعَرَفْتَهُمْ,1,47:30,1,16
فَلَعْنَةُ,1,2:89,1,10
فَلَقَاتَلُوكُمْ,1,4:90,1,16
فَلَكُمُ,1,4:12,1,8
فَلَمَسُوهُ,1,6:7,1,11
فَلَنَأْتِيَنَّكَ,1,20:58,1,17
فَلَنَأْتِيَنَّهُمْ,1,27:37,1,19
فَلَنَسْأَلَنَّ,1,7:6,1,15
فَلَنَقُصَّنَّ,1,7:7,1,14
فَلَنُحْيِيَنَّهُ,1,16:97,1,17
فَلَنُذِيقَنَّ,1,41:27,1,14
فَلَنُنَبِّئَنَّ,1,41:50,1,16
فَلَنُوَلِّيَنَّكَ,1,2:144,1,18
فَلَنِعْمَ,1,37:75,1,10
فَلَهُمَا,1,4:176,1,9
فَلَيَعْلَمَنَّ,1,29:3,1,15
فَلَيُبَتِّكُنَّ,1,4:119,1,16
فَلَيُغَيِّرُنَّ,1,4:119,1,16
فَلِأَنْفُسِكُمْ,1,2:272,1,16
فَلِأَنْفُسِهِمْ,1,30:44,1,16
فَلِذَلِكَ,1,42:15,1,10
فَلِكُلِّ,1,4:12,1,9
فَلِلذَّكَرِ,1,4:176,1,12
فَلِلْوَالِدَيْنِ,1,2:215,1,17
فَلْتَقُمْ,1,4:102,1,10
فَلْيَأْتِ,1,52:38,1,10
فَلْيَأْتِكُمْ,1,18:19,1,14
فَلْيَأْتِنَا,1,21:5,1,13
فَلْيَأْكُلْ,1,4:6,1,12
فَلْيَتَنَافَسِ,1,83:26,1,15
فَلْيَتَّقُوا,1,4:9,1,13
فَلْيَحْذَرِ,1,24:63,1,12
فَلْيَدْعُ,1,96:17,1,10
فَلْيَذُوقُوهُ,1,38:57,1,14
فَلْيَرْتَقُوا,1,38:10,1,14
فَلْيَسْتَأْذِنُوا,1,24:59,1,18
فَلْيَسْتَعْفِفْ,1,4:6,1,16
فَلْيَصُمْهُ,1,2:185,1,12
فَلْيَضْحَكُوا,1,9:82,1,14
فَلْيَعْبُدُوا,1,106:3,1,14
فَلْيَعْمَلِ,1,37:61,1,12
فَلْيَعْمَلْ,1,18:110,1,12
فَلْيَفْرَحُوا,1,10:58,1,14
فَلْيَكُونُوا,1,4:102,1,13
فَلْيَكْتُبْ,1,2:282,1,12
فَلْيَكْفُرْ,1,18:29,1,12
فَلْيُؤَدِّ,1,2:283,1,11
فَلْيُؤْمِنْ,1,18:29,1,12
فَلْيُصَلُّوا,1,4:102,1,13
فَلْيُقَاتِلْ,1,4:74,1,13
فَلْيُلْقِهِ,1,20:39,1,12
فَلْيُمْلِلْ,1,2:282,1,12
فَلْيُنْفِقْ,1,65:7,1,12
فَمَأْوَاهُمُ,1,32:20,1,13
فَمَتَّعْنَاهُمْ,1,37:148,1,16
فَمَتِّعُوهُنَّ,1,33:49,1,15
فَمَحَوْنَا,1,17:12,1,11
فَمَرَّتْ,1,7:189,1,9
فَمَكَثَ,1,27:22,1,8
فَمَهِّلِ,1,86:17,1,9
فَمُسْتَقَرٌّ,1,6:98,1,13
فَمُلَاقِيهِ,1,84:6,1,12
فَمِنْهَا,1,36:72,1,9
فَمِنْهُ,1,36:33,1,8
فَنَادَاهَا,1,19:24,1,11
فَنَادَتْهُ,1,3:39,1,11
فَنَاظِرَةٌ,1,27:35,1,11
فَنَبَذُوهُ,1,3:187,1,11
فَنَبَذْتُهَا,1,20:96,1,13
فَنَبَذْنَاهُ,1,37:145,1,13
فَنَتَبَرَّأَ,1,2:167,1,13
فَنَجَّيْنَاكَ,1,20:40,1,14
فَنَجْعَلْ,1,3:61,1,10
فَنَذَرُ,1,10:11,1,8
فَنَرُدَّهَا,1,4:47,1,12
فَنَسُوا,1,5:14,1,8
فَنَسِيتَهَا,1,20:126,1,12
فَنَسِيَهُمْ,1,9:67,1,12
فَنَظَرَ,1,37:88,1,8
فَنَظَلُّ,1,26:71,1,9
فَنَظِرَةٌ,1,2:280,1,10
فَنَعْمَلَ,1,7:53,1,10
فَنَفَعَهَا,1,10:98,1,11
فَنَقَّبُوا,1,50:36,1,11
فَنَكُونَ,1,26:102,1,9
فَنُجِّيَ,1,12:110,1,9
فَنُخْرِجُ,1,32:27,1,10
فَنُزُلٌ,1,56:93,1,8
فَنُنَبِّئُكُمْ,1,10:23,1,15
فَنُنَبِّئُهُمْ,1,31:23,1,15
فَنِصْفُ,1,2:237,1,8
فَنِعِمَّا,1,2:271,1,10
فَهَبْ,1,19:5,1,6
فَهَدَيْنَاهُمْ,1,41:17,1,15
فَهَذَا,1,30:56,1,7
فَهَزَمُوهُمْ,1,2:251,1,13
فَهُمُ,1,21:34,1,6
فَوَاحِدَةً,1,4:3,1,11
فَوَاقٍ,1,38:15,1,7
فَوَجَدَ,1,28:15,1,8
فَوَجَدْنَاهَا,1,72:8,1,14
فَوَرَبِّ,1,51:23,1,9
فَوَسَطْنَ,1,100:5,1,10
فَوَفَّاهُ,1,24:39,1,10
فَوَقَاهُ,1,40:45,1,9
فَوَقَاهُمُ,1,76:11,1,11
فَوَقَعَ,1,7:118,1,8
فَوَكَزَهُ,1,28:15,1,10
فَوَهَبَ,1,26:21,1,8
فَوْتَ,1,34:51,1,6
فَوْجًا,1,27:83,1,7
فَوْرِهِمْ,1,3:125,1,10
فَوْقَهَا,1,2:26,1,9
فَوْقَهُمُ,1,4:154,1,10
فَوْقِهِنَّ,1,42:5,1,11
فَيَأْتِيَهُمْ,1,26:202,1,14
فَيَئُوسٌ,1,41:49,1,9
فَيَبْسُطُهُ,1,30:48,1,12
فَيَتَعَلَّمُونَ,1,2:102,1,16
فَيَجْعَلَهُ,1,8:37,1,12
فَيَحِلَّ,1,20:81,1,9
فَيَحْلِفُونَ,1,58:18,1,13
فَيَخْرُجُ,1,2:74,1,10
فَيَدْمَغُهُ,1,21:18,1,12
فَيَذَرُهَا,1,20:106,1,11
فَيَذْهَبُ,1,13:17,1,10
فَيَرْكُمَهُ,1,8:37,1,12
فَيَسُبُّوا,1,6:108,1,11
فَيَسْتَحْيِي,1,33:53,1,13
فَيَسْخَرُونَ,1,9:79,1,13
فَيَسْقِي,1,12:41,1,9
فَيَشْفَعُوا,1,7:53,1,12
فَيَطْمَعَ,1,33:32,1,10
فَيَظْلَلْنَ,1,42:33,1,12
فَيَعْتَذِرُونَ,1,77:36,1,15
فَيَعْلَمُونَ,1,2:26,1,13
فَيَغْفِرُ,1,2:284,1,10
فَيَقُولَ,1,63:10,1,9
فَيَقُولُونَ,1,2:26,1,12
فَيَقْتُلُونَ,1,9:111,1,13
فَيَكُونَ,1,25:7,1,9
فَيَكِيدُوا,1,12:5,1,11
فَيَكْشِفُ,1,6:41,1,10
فَيَمُتْ,1,2:217,1,8
فَيَمُوتُوا,1,35:36,1,11
فَيَمِيلُونَ,1,4:102,1,12
فَيَمْكُثُ,1,13:17,1,10
فَيَنْتَقِمُ,1,5:95,1,12
فَيَنْسَخُ,1,22:52,1,10
فَيَنْظُرَ,1,7:129,1,10
فَيَنْقَلِبُوا,1,3:127,1,14
فَيُؤْخَذُ,1,55:41,1,10
فَيُؤْمِنُوا,1,22:54,1,12
فَيُحِلُّوا,1,9:37,1,11
فَيُحْفِكُمْ,1,47:37,1,12
فَيُحْيِي,1,30:24,1,9
فَيُدْخِلُهُمْ,1,45:30,1,14
فَيُدْهِنُونَ,1,68:9,1,13
فَيُرْسِلَ,1,17:69,1,10
فَيُسْحِتَكُمْ,1,20:61,1,14
فَيُصْبِحُوا,1,5:52,1,12
فَيُصْلَبُ,1,12:41,1,10
فَيُضِلَّكَ,1,38:26,1,11
فَيُضِلُّ,1,14:4,1,9
فَيُعَذِّبُهُمْ,1,4:173,1,15
فَيُغْرِقَكُمْ,1,17:69,1,14
فَيُقْتَلْ,1,4:74,1,10
فَيُمْسِكُ,1,39:42,1,10
فَيُوحِيَ,1,42:51,1,9
فُؤَادُ,1,28:10,1,7
فُتُونًا,1,20:40,1,8
فُتِنُوا,1,16:110,1,8
فُتِنْتُمْ,1,20:90,1,10
فُجُورَهَا,1,91:8,1,10
فُجِّرَتْ,1,82:3,1,9
فُرَاتًا,1,77:27,1,8
فُرَادَى,1,6:94,1,8
فُرُشٍ,1,55:54,1,6
فُرُطًا,1,18:28,1,7
فُرُوجٍ,1,50:6,1,7
فُرُوجَهُنَّ,1,24:31,1,12
فُرِجَتْ,1,77:9,1,8
فُرْقَانًا,1,8:29,1,10
فُزِّعَ,1,34:23,1,7
فُسُوقٌ,1,2:282,1,7
فُسُوقَ,1,2:197,1,7
فُضِّلُوا,1,16:71,1,9
فُطُورٍ,1,67:3,1,7
فُعِلَ,1,34:54,1,6
فُقَرَاءَ,1,24:32,1,9
فُلَانًا,1,25:28,1,8
فِئَتُكُمْ,1,8:19,1,10
فِتْنَةَ,1,29:10,1,8
فِتْنَتَكُمْ,1,51:14,1,12
فِتْنَتَهُ,1,5:41,1,10
فِتْنَتُكَ,1,7:155,1,10
فِتْنَتُهُمْ,1,6:23,1,12
فِتْيَةٌ,1,18:13,1,8
فِدَاءً,1,47:4,1,7
فِرَاشًا,1,2:22,1,8
فِرَاقُ,1,18:78,1,7
فِرْقٍ,1,26:63,1,6
فِرْقَةٍ,1,9:122,1,8
فِسْقًا,1,6:145,1,7
فِسْقٌ,1,5:3,1,6
فِصَالًا,1,2:233,1,8
فِطْرَتَ,1,30:30,1,8
فِعْلَ,1,21:73,1,6
ق,1,50:1,1,1
قَائِلُهَا,1,23:100,1,10
قَائِلُونَ,1,7:4,1,10
قَائِمُونَ,1,70:33,1,10
قَابَ,1,53:9,1,5
قَاتَلَ,1,3:146,1,7
قَاتَلَكُمُ,1,48:22,1,11
قَاتَلُوا,1,33:20,1,9
قَاتِلُوهُمْ,1,9:14,1,12
قَادِرُونَ,1,10:24,1,10
قَارُونَ,1,28:76,1,8
قَارُونُ,1,28:79,1,8
قَارِعَةٌ,1,13:31,1,9
قَاسِيَةً,1,5:13,1,9
قَاصِدًا,1,9:42,1,8
قَاصِفًا,1,17:69,1,8
قَاضٍ,1,20:72,1,5
قَاطِعَةً,1,27:32,1,9
قَاعًا,1,20:106,1,6
قَاعِدًا,1,10:12,1,8
قَاعِدُونَ,1,5:24,1,10
قَالَهَا,1,39:50,1,8
قَامَ,1,72:19,1,5
قَانِتًا,1,16:120,1,8
قَانِتٌ,1,39:9,1,7
قَانِتَاتٌ,1,4:34,1,10
قَانِتَاتٍ,1,66:5,1,10
قَانِتِينَ,1,2:238,1,10
قَاهِرُونَ,1,7:127,1,10
قَبَسٍ,1,27:7,1,6
قَبَضْنَاهُ,1,25:46,1,11
قَبِيلًا,1,17:92,1,8
قَبْرِهِ,1,9:84,1,8
قَبْضًا,1,25:46,1,7
قَبْضَةً,1,20:96,1,8
قَبْضَتُهُ,1,39:67,1,10
قَبْلَهُ,1,69:9,1,8
قَبْلِهِمُ,1,13:6,1,10
قَتَرٌ,1,10:26,1,6
قَتَرَةٌ,1,80:41,1,8
قَتَلَهُ,1,5:95,1,8
قَتَلَهُمْ,1,8:17,1,10
قَتَلُوا,1,6:140,1,8
قَتَلْتَ,1,28:19,1,8
قَتَلْتُ,1,28:33,1,8
قَتَلْتُمُوهُمْ,1,3:183,1,15
قَتَلْتُمْ,1,2:72,1,10
قَتَلْنَا,1,4:157,1,9
قَتُورًا,1,17:100,1,8
قَتْلَهُمْ,1,17:31,1,10
قَدَرًا,1,33:38,1,7
قَدَمٌ,1,16:94,1,6
قَدَمَ,1,10:2,1,6
قَدَّرُوهَا,1,76:16,1,11
قَدَّرْنَاهَا,1,27:57,1,13
قَدَّرْنَاهُ,1,36:39,1,12
قَدَّمُوا,1,36:12,1,9
قَدَّمْتُمُوهُ,1,38:60,1,14
قَدَّمْتُمْ,1,12:48,1,11
قَدِيمٌ,1,46:11,1,7
قَدْحًا,1,100:2,1,7
قَدْرًا,1,65:3,1,7
قَرَأْنَاهُ,1,75:18,1,11
قَرَاطِيسَ,1,6:91,1,10
قَرَّبَا,1,5:27,1,8
قَرْيَةٌ,1,10:98,1,8
قَرْيَتِكَ,1,47:13,1,10
قَرْيَتِنَا,1,7:88,1,11
قَسَمٌ,1,89:5,1,6
قَسَمْنَا,1,43:32,1,9
قَسْوَةً,1,2:74,1,8
قَسْوَرَةٍ,1,74:51,1,10
قَصَصًا,1,18:64,1,7
قَصَصِهِمْ,1,12:111,1,10
قَصَصْنَاهُمْ,1,4:164,1,13
قَصَمْنَا,1,21:11,1,9
قَصِيًّا,1,19:22,1,8
قَصْدُ,1,16:9,1,6
قَضَاهَا,1,12:68,1,8
قَضَوْا,1,33:37,1,7
قَضَيْتَ,1,4:65,1,8
قَضَيْتُ,1,28:28,1,8
قَضَيْتُمُ,1,4:103,1,10
قَضَيْتُمْ,1,2:200,1,10
قَطَعْتُمْ,1,59:5,1,10
قَطَّعْنَ,1,12:50,1,9
قَطِرَانٍ,1,14:50,1,9
قَعِيدٌ,1,50:17,1,7
قَفَّيْنَا,1,57:27,1,10
قَلَى,1,93:3,1,5
قَلَّ,1,4:7,1,5
قَلِيلَةٍ,1,2:249,1,9
قَلِيلُونَ,1,26:54,1,10
قَلْبٌ,1,50:37,1,6
قَلْبَيْنِ,1,33:4,1,10
قَلْبُهُ,1,2:283,1,8
قَلْبِ,1,40:35,1,6
قَلْبِهَا,1,28:10,1,9
قَلْبِي,1,2:260,1,7
قَمِيصِهِ,1,12:18,1,9
قَمْطَرِيرًا,1,76:10,1,12
قَنَطُوا,1,42:28,1,8
قَنُوطٌ,1,41:49,1,7
قَوَارِيرَا,1,76:15,1,11
قَوَامًا,1,25:67,1,8
قَوَّامُونَ,1,4:34,1,11
قَوِيًّا,1,33:25,1,8
قَوْسَيْنِ,1,53:9,1,10
قَوْلٌ,1,2:263,1,6
قَوْلَكُمْ,1,67:13,1,10
قَوْلَهُمْ,1,3:147,1,10
قَوْلُكُمْ,1,33:4,1,10
قَوْلُنَا,1,16:40,1,9
قَوْلِكَ,1,11:53,1,8
قَوْلِهَا,1,27:19,1,9
قَوْلِهِمُ,1,5:63,1,10
قَوْمَهَا,1,19:27,1,9
قَوْمُنَا,1,18:15,1,9
قَوْمِنَا,1,7:89,1,9
قَيِّمًا,1,18:2,1,8
قَيِّمَةٌ,1,98:3,1,9
قُبُلٍ,1,12:26,1,6
قُتِلَتْ,1,81:9,1,8
قُتِلْنَا,1,3:154,1,9
قُرَنَاءَ,1,41:25,1,9
قُرَيْشٍ,1,106:1,1,8
قُرَّةَ,1,25:74,1,7
قُرَّةِ,1,32:17,1,7
قُرَّتُ,1,28:9,1,7
قُرُبَاتٍ,1,9:99,1,9
قُرُوءٍ,1,2:228,1,7
قُرْآنٌ,1,85:21,1,7
قُرْآنٍ,1,10:61,1,7
قُرْآنَ,1,17:78,1,7
قُرْآنَهُ,1,75:18,1,9
قُرْبَةٌ,1,9:99,1,8
قُصِّيهِ,1,28:11,1,8
قُضِيَتِ,1,62:10,1,8
قُعُودٌ,1,85:6,1,7
قُلُوبٍ,1,47:24,1,7
قُلُوبَنَا,1,3:8,1,10
قُلُوبُكُمَا,1,66:4,1,12
قُلُوبِنَا,1,59:10,1,10
قُلْتُ,1,5:117,1,6
قُلْتُهُ,1,5:116,1,8
قُلْنَ,1,12:51,1,6
قُمِ,1,73:2,1,4
قُمْ,1,74:2,1,4
قُمْتُمْ,1,5:6,1,8
قُوا,1,66:6,1,4
قُوتِلُوا,1,59:12,1,9
قُوتِلْتُمْ,1,59:11,1,11
قُوَّةَ,1,18:39,1,7
قُوَّتِكُمْ,1,11:52,1,11
قِبَلَكَ,1,70:36,1,8
قِبَلِهِ,1,57:13,1,8
قِبْلَةَ,1,2:145,1,8
قِبْلَتَكَ,1,2:145,1,10
قِبْلَتَهُمْ,1,2:145,1,12
قِبْلَتِهِمُ,1,2:142,1,12
قِتَالًا,1,3:167,1,8
قِتَالٌ,1,2:217,1,7
قِتَالٍ,1,2:217,1,7
قِدَدًا,1,72:11,1,7
قِرْطَاسٍ,1,6:7,1,9
قِسِّيسِينَ,1,5:82,1,11
قِطَعًا,1,10:27,1,7
قِطَعٌ,1,13:4,1,6
قِطَّنَا,1,38:16,1,8
قِطْرًا,1,18:96,1,7
قِطْمِيرٍ,1,35:13,1,9
قِنْطَارًا,1,4:20,1,10
قِنْوَانٌ,1,6:99,1,9
قِيَامٌ,1,39:68,1,7
قِيَامٍ,1,51:45,1,7
قِيَمًا,1,6:161,1,7
كهيعص,1,19:1,1,5
كَأَحَدٍ,1,33:32,1,8
كَأَلْفِ,1,22:47,1,8
كَأَمْثَالِ,1,56:23,1,11
كَأَنَّ,1,31:7,1,7
كَأَنَّكَ,1,7:187,1,9
كَأْسٍ,1,76:5,1,6
كَاتِبًا,1,2:283,1,8
كَاتِبُونَ,1,21:94,1,10
كَاتِبِينَ,1,82:11,1,10
كَادَتْ,1,28:10,1,7
كَادِحٌ,1,84:6,1,7
كَاذِبَةٌ,1,56:2,1,9
كَاذِبَةٍ,1,96:16,1,9
كَاذِبُونَ,1,26:223,1,10
كَارِهِينَ,1,7:88,1,10
كَاشِفَاتُ,1,39:38,1,10
كَاشِفَةٌ,1,53:58,1,9
كَاشِفُو,1,44:15,1,8
كَاظِمِينَ,1,40:18,1,10
كَافُورًا,1,76:5,1,9
كَافِرٍ,1,2:41,1,7
كَافِرَةٌ,1,3:13,1,9
كَالدِّهَانِ,1,55:37,1,12
كَالرَّمِيمِ,1,51:42,1,12
كَالصَّرِيمِ,1,68:20,1,12
كَالطَّوْدِ,1,26:63,1,11
كَالظُّلَلِ,1,31:32,1,11
كَالَّتِي,1,16:92,1,9
كَالُوهُمْ,1,83:3,1,10
كَالِحُونَ,1,23:104,1,10
كَالْأَعْمَى,1,11:24,1,12
كَالْأُنْثَى,1,3:36,1,12
كَالْجَوَابِ,1,34:13,1,12
كَالْجِبَالِ,1,11:42,1,12
كَالْحِجَارَةِ,1,2:74,1,14
كَالْعُرْجُونِ,1,36:39,1,14
كَالْفَخَّارِ,1,55:14,1,13
كَالْفَرَاشِ,1,101:4,1,12
كَالْفُجَّارِ,1,38:28,1,13
كَالْقَصْرِ,1,77:32,1,11
كَالْمُجْرِمِينَ,1,68:35,1,16
كَالْمُعَلَّقَةِ,1,4:129,1,16
كَالْمُفْسِدِينَ,1,38:28,1,16
كَامِلَةً,1,16:25,1,9
كَامِلَةٌ,1,2:196,1,9
كَامِلَيْنِ,1,2:233,1,11
كَانَتِ,1,69:27,1,7
كَاهِنٍ,1,69:42,1,7
كَبَاسِطِ,1,13:14,1,9
كَبَدٍ,1,90:4,1,6
كَبُرَتْ,1,18:5,1,8
كَتَبَتْ,1,2:79,1,8
كَتَبْتَ,1,4:77,1,8
كَتَبْنَاهَا,1,57:27,1,12
كَتَمَ,1,2:140,1,6
كَثُرَ,1,4:7,1,6
كَثُرَتْ,1,8:19,1,8
كَثِيبًا,1,73:14,1,8
كَثْرَةُ,1,5:100,1,8
كَثْرَتُكُمْ,1,9:25,1,12
كَجَهْرِ,1,49:2,1,8
كَحُبِّ,1,2:165,1,7
كَخَشْيَةِ,1,4:77,1,10
كَخَلْقِهِ,1,13:16,1,10
كَخِيفَتِكُمْ,1,30:28,1,13
كَدُعَاءِ,1,24:63,1,9
كَدْحًا,1,84:6,1,7
كَذَلِكُمْ,1,48:15,1,10
كَذَّبُوكُمْ,1,25:19,1,12
كَذَّبُوهُ,1,23:44,1,10
كَذِبٍ,1,12:18,1,6
كَذِبُهُ,1,40:28,1,8
كَذِكْرِكُمْ,1,2:200,1,12
كَرَمَادٍ,1,14:18,1,9
كَرَّةٌ,1,79:12,1,7
كَرَّتَيْنِ,1,67:4,1,11
كَرَّمْتَ,1,17:62,1,9
كَرَّمْنَا,1,17:70,1,10
كَرِهْتُمُوهُنَّ,1,4:19,1,16
كَرْبٍ,1,6:64,1,6
كَزَرْعٍ,1,48:29,1,8
كَسَادَهَا,1,9:24,1,10
كَسَبَا,1,5:38,1,7
كَسَرَابٍ,1,24:39,1,9
كَشَفَ,1,16:54,1,6
كَشَفْتَ,1,7:134,1,8
كَشْفَ,1,17:56,1,6
كَصَاحِبِ,1,68:48,1,9
كَصَيِّبٍ,1,2:19,1,9
كَطَيِّ,1,21:104,1,7
كَظُلُمَاتٍ,1,24:40,1,11
كَعَذَابِ,1,29:10,1,9
كَعَرْضِ,1,57:21,1,8
كَعَصْفٍ,1,105:5,1,8
كَغَلْيِ,1,44:46,1,8
كَفَرْتُ,1,14:22,1,8
كَفَفْتُ,1,5:110,1,8
كَفَيْنَاكَ,1,15:95,1,11
كَفَّ,1,48:24,1,5
كَفَّارًا,1,71:27,1,9
كَفَّارَةُ,1,5:89,1,10
كَفَّرَ,1,47:2,1,7
كَفِيلًا,1,16:91,1,8
كَلٌّ,1,16:76,1,5
كَلَالَةً,1,4:12,1,9
كَلَمْحٍ,1,54:50,1,8
كَلَمْحِ,1,16:77,1,8
كَلَّمَ,1,2:253,1,7
كَلَّمَهُ,1,12:54,1,9
كَلِمَاتٍ,1,2:37,1,9
كَلِمَتُنَا,1,37:171,1,11
كَمِثْلِهِ,1,42:11,1,10
كَمِشْكَاةٍ,1,24:35,1,11
كَنَزْتُمْ,1,9:35,1,10
كَنَفْسٍ,1,31:28,1,8
كَنْزَهُمَا,1,18:82,1,11
كَهَشِيمِ,1,54:31,1,9
كَوْكَبٌ,1,24:35,1,8
كَيْدٌ,1,77:39,1,6
كَيْدَكُمْ,1,20:64,1,10
كَيْدَكُنَّ,1,12:28,1,11
كَيْدَهُ,1,20:60,1,8
كَيْدَهُمْ,1,105:2,1,10
كَيْدُهُ,1,22:15,1,8
كَيْدِ,1,8:18,1,6
كَيْدِكُنَّ,1,12:28,1,11
كَيْلٌ,1,12:65,1,6
كُبَّارًا,1,71:22,1,9
كُبِتَ,1,58:5,1,6
كُبِتُوا,1,58:5,1,8
كُتُبٌ,1,98:3,1,6
كُتُبٍ,1,34:44,1,6
كُذِبُوا,1,12:110,1,8
كُذِّبَ,1,3:184,1,7
كُذِّبُوا,1,6:34,1,9
كُرْسِيُّهُ,1,2:255,1,11
كُرْسِيِّهِ,1,38:34,1,11
كُرْهٌ,1,2:216,1,6
كُشِطَتْ,1,81:11,1,8
كُفَّارًا,1,2:109,1,9
كُفُوًا,1,112:4,1,7
كُفُّوا,1,4:77,1,7
كُفِرَ,1,54:14,1,6
كُفْرَانَ,1,21:94,1,9
كُلَّهُ,1,3:154,1,7
كُلُّهُنَّ,1,33:51,1,10
كُلِي,1,16:69,1,5
كُلِّمَ,1,13:31,1,7
كُلِّهَا,1,54:42,1,8
كُنْتِ,1,12:29,1,6
كُونِي,1,21:69,1,6
كُوِّرَتْ,1,81:1,1,9
كِبْرٌ,1,40:56,1,6
كِبْرَهُ,1,24:11,1,8
كِتَابَكَ,1,17:14,1,9
كِتَابَهُمْ,1,17:71,1,11
كِتَابُنَا,1,45:29,1,10
كِتَابِهَا,1,45:28,1,10
كِدْنَا,1,12:76,1,7
كِرَامٍ,1,80:16,1,7
كِسْفًا,1,52:44,1,7
كِسْوَتُهُمْ,1,5:89,1,12
كِفَاتًا,1,77:25,1,8
كِفْلٌ,1,4:85,1,6
كِفْلَيْنِ,1,57:28,1,10
كِلَاهُمَا,1,17:23,1,10
كِلْتَا,1,18:33,1,7
كِلْتُمْ,1,17:35,1,8
كِيدُونِ,1,7:195,1,8
لَآتَوْهَا,1,33:14,1,10
لَآتَيْنَا,1,32:13,1,10
لَآتَيْنَاهُمْ,1,4:67,1,14
لَآتِيَنَّهُمْ,1,7:17,1,14
لَآمَنَ,1,10:99,1,7
لَأَتَّخِذَنَّ,1,4:118,1,14
لَأَجِدَنَّ,1,18:36,1,11
لَأَجِدُ,1,12:94,1,8
لَأَجْعَلَنَّكَ,1,26:29,1,15
لَأَحْتَنِكَنَّ,1,17:62,1,15
لَأَخَذْنَا,1,69:45,1,11
لَأَذَقْنَاكَ,1,17:75,1,13
لَأَذْبَحَنَّهُ,1,27:21,1,15
لَأَرَيْنَاكَهُمْ,1,47:30,1,17
لَأَرْجُمَنَّكَ,1,19:46,1,15
لَأَزِيدَنَّكُمْ,1,14:7,1,16
لَأَسْتَغْفِرَنَّ,1,60:4,1,17
لَأَسْقَيْنَاهُمْ,1,72:16,1,17
لَأَسْمَعَهُمْ,1,8:23,1,14
لَأَعَدُّوا,1,9:46,1,11
لَأَعْنَتَكُمْ,1,2:220,1,14
لَأَغْلِبَنَّ,1,58:21,1,13
لَأَقْتُلَنَّكَ,1,5:27,1,15
لَأَقْعُدَنَّ,1,7:16,1,13
لَأَكَلُوا,1,5:66,1,10
لَأَكُونَنَّ,1,6:77,1,12
لَأَكِيدَنَّ,1,21:57,1,12
لَأَمَّارَةٌ,1,12:53,1,12
لَأَمْسَكْتُمْ,1,17:100,1,14
لَأَنْتُمْ,1,59:13,1,10
لَأَوَّاهٌ,1,9:114,1,10
لَأُزَيِّنَنَّ,1,15:39,1,14
لَأُصَلِّبَنَّكُمْ,1,7:124,1,18
لَأُعَذِّبَنَّهُ,1,27:21,1,16
لَأُغْوِيَنَّهُمْ,1,38:82,1,17
لَأُوتَيَنَّ,1,19:77,1,12
لَإِبْرَاهِيمَ,1,37:83,1,14
لَإِحْدَى,1,74:35,1,9
لَائِمٍ,1,5:54,1,7
لَابِثِينَ,1,78:23,1,10
لَابْتَغَوْا,1,17:42,1,12
لَاتَّبَعُوكَ,1,9:42,1,13
لَاتَّبَعْتُمُ,1,4:83,1,14
لَاتَّبَعْنَاكُمْ,1,3:167,1,17
لَاتَّخَذُوكَ,1,17:73,1,13
لَاتَّخَذْتَ,1,18:77,1,12
لَاتَّخَذْنَاهُ,1,21:17,1,15
لَاخْتَلَفْتُمْ,1,8:42,1,15
لَارْتَابَ,1,29:48,1,10
لَازِبٍ,1,37:11,1,7
لَاسْتَكْثَرْتُ,1,7:188,1,15
لَاصْطَفَى,1,39:4,1,10
لَاغِيَةً,1,88:11,1,9
لَافْتَدَتْ,1,10:54,1,11
لَاقِيهِ,1,28:61,1,8
لَانْتَصَرَ,1,47:4,1,11
لَانْفَضُّوا,1,3:159,1,12
لَاهِيَةً,1,21:3,1,9
لَبَرَزَ,1,3:154,1,8
لَبَعَثْنَا,1,25:51,1,11
لَبَغَوْا,1,42:27,1,9
لَبَلَاغًا,1,21:106,1,10
لَبَنًا,1,16:66,1,7
لَبَنٍ,1,47:15,1,6
لَبَيْتُ,1,29:41,1,8
لَبُوسٍ,1,21:80,1,7
لَبِإِمَامٍ,1,15:79,1,11
لَبِالْمِرْصَادِ,1,89:14,1,16
لَبِثَ,1,11:69,1,6
لَبِسَبِيلٍ,1,15:76,1,11
لَبْسٍ,1,50:15,1,6
لَتَأْتُنَّنِي,1,12:66,1,14
لَتَأْتِيَنَّكُمْ,1,34:3,1,17
لَتَارِكُو,1,37:36,1,10
لَتَجِدَنَّ,1,5:82,1,11
لَتَدْخُلُنَّ,1,48:27,1,13
لَتَدْعُوهُمْ,1,23:73,1,13
لَتَذْكِرَةٌ,1,69:48,1,12
لَتَرَوُنَّ,1,102:6,1,11
لَتَرَوُنَّهَا,1,102:7,1,14
لَتَرْكَبُنَّ,1,84:19,1,13
لَتَشْهَدُونَ,1,6:19,1,13
لَتَعْلَمُ,1,11:79,1,10
لَتَقُولُونَ,1,17:40,1,12
لَتَكْفُرُونَ,1,41:9,1,13
لَتَمُرُّونَ,1,37:137,1,12
لَتَنُوءُ,1,28:76,1,9
لَتَنْزِيلُ,1,26:192,1,11
لَتَهْدِي,1,42:52,1,9
لَتَوَلَّوْا,1,8:23,1,12
لَتُؤْمِنُنَّ,1,3:81,1,13
لَتُبَيِّنُنَّهُ,1,3:187,1,16
لَتُبْدِي,1,28:10,1,9
لَتُبْعَثُنَّ,1,64:7,1,13
لَتُبْلَوُنَّ,1,3:186,1,13
لَتُرْدِينِ,1,37:56,1,11
لَتُفْسِدُنَّ,1,17:4,1,13
لَتُلَقَّى,1,27:6,1,10
لَتُنَبَّؤُنَّ,1,64:7,1,14
لَتُنَبِّئَنَّهُمْ,1,12:15,1,18
لَجَاءَهُمُ,1,29:53,1,11
لَجَاعِلُونَ,1,18:8,1,12
لَجَعَلَ,1,11:118,1,8
لَجَعَلَهُ,1,25:45,1,10
لَجَعَلَهُمْ,1,42:8,1,12
لَجَمَعَهُمْ,1,6:35,1,12
لَجَمِيعٌ,1,26:56,1,9
لَجُّوا,1,67:21,1,7
لَحَافِظِينَ,1,82:10,1,12
لَحَبِطَ,1,6:88,1,8
لَحَسْرَةٌ,1,69:50,1,10
لَحَقُّ,1,69:51,1,7
لَحَلِيمٌ,1,11:75,1,9
لَحُسْنَ,1,38:49,1,8
لَحْنِ,1,47:30,1,6
لَخَاطِئِينَ,1,12:91,1,12
لَخَرَجْنَا,1,9:42,1,11
لَخَسَفَ,1,28:82,1,8
لَخَلْقُ,1,40:57,1,8
لَدُنِّي,1,18:76,1,8
لَذَائِقُو,1,37:38,1,10
لَذَائِقُونَ,1,37:31,1,12
لَذِكْرٌ,1,43:44,1,8
لَرَأَيْتَهُ,1,59:21,1,12
لَرَادُّكَ,1,28:85,1,10
لَرَجَمْنَاكَ,1,11:91,1,13
لَرَحْمَةً,1,29:51,1,10
لَرَسُولُ,1,63:1,1,9
لَرَسُولُهُ,1,63:1,1,11
لَرَفَعْنَاهُ,1,7:176,1,13
لَرِزْقُنَا,1,38:54,1,11
لَسَاحِرَانِ,1,20:63,1,12
لَسَارِقُونَ,1,12:70,1,12
لَسَرِيعُ,1,7:167,1,9
لَسَلَّطَهُمْ,1,4:90,1,13
لَسَمِيعٌ,1,8:42,1,9
لَسَمِيعُ,1,14:39,1,9
لَسَوْفَ,1,19:66,1,8
لَسِحْرٌ,1,10:76,1,8
لَسْتُ,1,6:66,1,6
لَسْتُنَّ,1,33:32,1,9
لَشَتَّى,1,92:4,1,8
لَشَدِيدُ,1,13:6,1,9
لَشَرَّ,1,38:55,1,7
لَشَهَادَتُنَا,1,5:107,1,14
لَشَهِيدٌ,1,100:7,1,9
لَشَوْبًا,1,37:67,1,9
لَشِرْذِمَةٌ,1,26:54,1,12
لَصَادِقٌ,1,51:5,1,9
لَصَالُو,1,83:16,1,8
لَصَوْتُ,1,31:19,1,8
لَطَمَسْنَا,1,36:66,1,11
لَطِيفًا,1,33:34,1,8
لَظَالِمُونَ,1,12:79,1,12
لَظَالِمِينَ,1,15:78,1,12
لَظَلُومٌ,1,14:34,1,9
لَظَلُّوا,1,30:51,1,9
لَظَى,1,70:15,1,5
لَظُلْمٌ,1,31:13,1,8
لَعَادُوا,1,6:28,1,9
لَعَالٍ,1,10:83,1,7
لَعَجَّلَ,1,18:58,1,9
لَعَذَّبَهُمْ,1,59:3,1,13
لَعَذَّبْنَا,1,48:25,1,12
لَعَلَّنَا,1,26:40,1,10
لَعَلِمَهُ,1,4:83,1,10
لَعَلِيمٌ,1,22:59,1,9
لَعَلِيٌّ,1,43:4,1,9
لَعَمْرُكَ,1,15:72,1,10
لَعَنَ,1,33:64,1,6
لَعَنَتْ,1,7:38,1,8
لَعَنَّا,1,4:47,1,8
لَعَنَّاهُمْ,1,5:13,1,12
لَعَنِتُّمْ,1,49:7,1,11
لَعِبًا,1,6:70,1,7
لَعِلْمٌ,1,43:61,1,8
لَعْنًا,1,33:68,1,7
لَعْنَةَ,1,3:87,1,8
لَعْنَتِي,1,38:78,1,9
لَغَائِظُونَ,1,26:55,1,12
لَغَافِلُونَ,1,10:92,1,12
لَغَفَّارٌ,1,20:82,1,10
لَغَوِيٌّ,1,28:18,1,9
لَغْوٌ,1,52:23,1,6
لَفَاسِقُونَ,1,5:49,1,12
لَفَاسِقِينَ,1,7:102,1,12
لَفَاعِلُونَ,1,12:61,1,12
لَفَتَحْنَا,1,7:96,1,11
لَفَرِحٌ,1,11:10,1,8
لَفَرِيقًا,1,3:78,1,10
لَفَسَدَتَا,1,21:22,1,11
لَفَشِلْتُمْ,1,8:43,1,12
لَفِسْقٌ,1,6:121,1,8
لَفِيفًا,1,17:104,1,8
لَقَادِرٌ,1,86:8,1,9
لَقَالَ,1,6:7,1,7
لَقَدِيرٌ,1,22:39,1,9
لَقَسَمٌ,1,56:76,1,8
لَقَطَعْنَا,1,69:46,1,11
لَقَوْلٌ,1,86:13,1,8
لَقُرْآنٌ,1,56:77,1,9
لَقُلْنَا,1,8:31,1,9
لَقُوكُمْ,1,3:119,1,9
لَقِيتُمْ,1,8:45,1,9
لَقِينَا,1,18:62,1,8
لَقِيَا,1,18:74,1,7
لَكَارِهُونَ,1,8:5,1,12
لَكَافِرُونَ,1,30:8,1,12
لَكَبِيرَةً,1,2:143,1,11
لَكَبِيرَةٌ,1,2:45,1,11
لَكَفَّرْنَا,1,5:65,1,12
لَكَنُودٌ,1,100:6,1,9
لَكُنْتُمْ,1,2:64,1,10
لَكِتَابٌ,1,41:41,1,9
لَكِنَّا,1,18:38,1,8
لَلَبِثَ,1,37:144,1,8
لَلَجُّوا,1,23:75,1,9
لَلَّذِي,1,3:96,1,8
لَلَّذِينَ,1,3:68,1,10
لَلْآخِرَةَ,1,92:13,1,11
لَلْحَقُّ,1,2:149,1,9
لَلْحُسْنَى,1,41:50,1,11
لَلْهُدَى,1,92:12,1,9
لَمًّا,1,89:19,1,6
لَمَثُوبَةٌ,1,2:103,1,11
لَمَجْمُوعُونَ,1,56:50,1,14
لَمَحْجُوبُونَ,1,83:15,1,14
لَمَدِينُونَ,1,37:53,1,12
لَمَرْدُودُونَ,1,79:10,1,14
لَمَسَخْنَاهُمْ,1,36:67,1,15
لَمَسْجِدٌ,1,9:108,1,10
لَمَسْنَا,1,72:8,1,9
لَمَعَ,1,29:69,1,6
لَمَعَكُمْ,1,5:53,1,10
لَمَعْزُولُونَ,1,26:212,1,14
لَمَغْفِرَةٌ,1,3:157,1,12
لَمَفْعُولًا,1,17:108,1,12
لَمَقْتُ,1,40:10,1,8
لَمَكْرٌ,1,7:123,1,8
لَمَنِ,1,2:102,1,6
لَمَوْعِدُهُمْ,1,15:43,1,14
لَمَيِّتُونَ,1,23:15,1,12
لَمُبْتَلِينَ,1,23:30,1,13
لَمُبْلِسِينَ,1,30:49,1,13
لَمُخْرَجُونَ,1,27:67,1,13
لَمُدْرَكُونَ,1,26:61,1,13
لَمُرْسَلُونَ,1,36:16,1,13
لَمُسْرِفُونَ,1,5:32,1,13
لَمُشْرِكُونَ,1,6:121,1,13
لَمُغْرَمُونَ,1,56:66,1,13
لَمُنَجُّوهُمْ,1,15:59,1,14
لَمُنْقَلِبُونَ,1,43:14,1,15
لَمُوسِعُونَ,1,51:47,1,12
لَمُوَفُّوهُمْ,1,11:109,1,14
لَمِنْ,1,42:43,1,6
لَمِنْكُمْ,1,9:56,1,10
لَنَاصِحُونَ,1,12:11,1,12
لَنَاكِبُونَ,1,23:74,1,12
لَنَتَّخِذَنَّ,1,18:21,1,14
لَنَحْشُرَنَّهُمْ,1,19:68,1,17
لَنَخْرُجَنَّ,1,59:11,1,13
لَنَذْهَبَنَّ,1,17:86,1,13
لَنَرَاهَا,1,12:30,1,10
لَنَرْجُمَنَّكُمْ,1,36:18,1,17
لَنَزَّلْنَا,1,17:95,1,12
لَنَسْأَلَنَّهُمْ,1,15:92,1,17
لَنَسْفَعًا,1,96:15,1,11
لَنَصَّدَّقَنَّ,1,9:75,1,15
لَنَظُنُّكَ,1,7:66,1,11
لَنَعْلَمُ,1,69:49,1,10
لَنَفِدَ,1,18:109,1,8
لَنَقُولَنَّ,1,27:49,1,12
لَنَنْزِعَنَّ,1,19:69,1,13
لَنَنْسِفَنَّهُ,1,20:97,1,15
لَنَنْصُرَنَّكُمْ,1,59:11,1,17
لَنَنْصُرُ,1,40:51,1,10
لَنَهْدِيَنَّهُمْ,1,29:69,1,17
لَنُؤْمِنَنَّ,1,7:134,1,13
لَنُبَيِّتَنَّهُ,1,27:49,1,16
لَنُبِذَ,1,68:49,1,8
لَنُحَرِّقَنَّهُ,1,20:97,1,16
لَنُحْضِرَنَّهُمْ,1,19:68,1,17
لَنُخْرِجَنَّكَ,1,7:88,1,15
لَنُخْرِجَنَّكُمْ,1,14:13,1,17
لَنُدْخِلَنَّهُمْ,1,29:9,1,17
لَنُغْرِيَنَّكَ,1,33:60,1,15
لَنُكَفِّرَنَّ,1,29:7,1,14
لَنُنَجِّيَنَّهُ,1,29:32,1,16
لَنُهْلِكَنَّ,1,14:13,1,13
لَهَادِ,1,22:54,1,7
لَهَدَى,1,13:31,1,7
لَهَدَيْنَاكُمْ,1,14:21,1,15
لَهَمَّتْ,1,4:113,1,9
لَهُدًى,1,27:77,1,7
لَهُدِّمَتْ,1,22:40,1,11
لَهِيَ,1,29:64,1,6
لَهْوٌ,1,29:64,1,6
لَهْوَ,1,31:6,1,6
لَوَاحِدٌ,1,37:4,1,9
لَوَاقِحَ,1,15:22,1,9
لَوَلَّوُا,1,48:22,1,10
لَوَلَّوْا,1,9:57,1,10
لَوَلَّيْتَ,1,18:18,1,11
لَوَّاحَةٌ,1,74:29,1,10
لَوَّوْا,1,63:5,1,8
لَوْحٍ,1,85:22,1,6
لَوْمَةَ,1,5:54,1,8
لَيًّا,1,4:46,1,6
لَيَأْتِيَنِّي,1,27:21,1,14
لَيَئُوسٌ,1,11:9,1,9
لَيَالِيَ,1,34:18,1,9
لَيَبْعَثَنَّ,1,7:167,1,13
لَيَبْغِي,1,38:24,1,9
لَيَبْلُوَنَّكُمُ,1,5:94,1,17
لَيَحْبَطَنَّ,1,39:65,1,13
لَيَحْزُنُكَ,1,6:33,1,12
لَيَحْزُنُنِي,1,12:13,1,13
لَيَحْكُمُ,1,16:124,1,10
لَيَخْرُجُنَّ,1,24:53,1,13
لَيَرْزُقَنَّهُمُ,1,22:58,1,17
لَيَسْتَخْلِفَنَّهُمْ,1,24:55,1,21
لَيَسْتَفِزُّونَكَ,1,17:76,1,18
لَيَسْجُنُنَّهُ,1,12:35,1,15
لَيَصُدُّونَهُمْ,1,43:37,1,16
لَيَصْرِمُنَّهَا,1,68:17,1,16
لَيَطْغَى,1,96:6,1,9
لَيَعْلَمُ,1,27:74,1,10
لَيَعْلَمُونَ,1,2:144,1,13
لَيَفْتِنُونَكَ,1,17:73,1,15
لَيَكُونُنَّ,1,35:42,1,12
لَيَكْتُمُونَ,1,2:146,1,13
لَيَمَسَّنَّ,1,5:73,1,12
لَيَنْصُرَنَّهُ,1,22:60,1,15
لَيُؤْمِنَنَّ,1,4:159,1,13
لَيُؤْمِنُنَّ,1,6:109,1,13
لَيُبَطِّئَنَّ,1,4:72,1,14
لَيُخْرِجَنَّ,1,63:8,1,13
لَيُدْخِلَنَّهُمْ,1,22:59,1,17
لَيُزْلِقُونَكَ,1,68:51,1,15
لَيُسَمُّونَ,1,53:27,1,12
لَيُسْجَنَنَّ,1,12:32,1,13
لَيُصْبِحُنَّ,1,23:40,1,13
لَيُضِلُّنَا,1,25:42,1,12
لَيُضِلُّونَ,1,6:119,1,12
لَيُنْبَذَنَّ,1,104:4,1,13
لَيُوحُونَ,1,6:121,1,10
لَيُوسُفُ,1,12:8,1,9
لَيُوَفِّيَنَّهُمْ,1,11:111,1,18
لَيُوَلُّنَّ,1,59:12,1,12
لَيِّنًا,1,20:44,1,8
لَيْتَهَا,1,69:27,1,9
لَيْلَةٍ,1,44:3,1,8
لَيْلَةَ,1,2:187,1,8
لَيْلَةِ,1,97:1,1,8
لَيْلَهَا,1,79:29,1,9
لُؤْلُؤًا,1,76:19,1,9
لُؤْلُؤٌ,1,52:24,1,8
لُبَدًا,1,90:6,1,7
لُجَّةً,1,27:44,1,7
لُجِّيٍّ,1,24:40,1,8
لُحُومُهَا,1,22:37,1,10
لُدًّا,1,19:97,1,6
لُعِنَ,1,5:78,1,6
لُعِنُوا,1,24:23,1,8
لُغُوبٌ,1,35:35,1,7
لُغُوبٍ,1,50:38,1,7
لُقْمَانَ,1,31:12,1,9
لُقْمَانُ,1,31:13,1,9
لُمَزَةٍ,1,104:1,1,8
لُمْتُنَّنِي,1,12:32,1,12
لِآيَاتِنَا,1,74:16,1,11
لِأَبِي,1,26:86,1,7
لِأَحَدِهِمَا,1,18:32,1,13
لِأَخِيهِ,1,7:142,1,9
لِأَزْوَاجِهِمْ,1,2:240,1,15
لِأَسْجُدَ,1,15:33,1,10
لِأَعْدِلَ,1,42:15,1,10
لِأَقْتُلَكَ,1,5:28,1,12
لِأَقْرَبَ,1,18:24,1,10
لِأَكْثَرِهِمْ,1,7:102,1,14
لِأَكْفُرَ,1,40:42,1,10
لِأَمْرِ,1,9:106,1,8
لِأَنْ,1,39:12,1,6
لِأَنْعُمِهِ,1,16:121,1,12
لِأَهَبَ,1,19:19,1,8
لِأَهْلِ,1,9:120,1,8
لِأَوَّلِ,1,59:2,1,9
لِأَوَّلِنَا,1,5:114,1,12
لِأَيِّ,1,77:12,1,7
لِأَيْمَانِكُمْ,1,2:224,1,15
لِأُخْتِهِ,1,28:11,1,10
لِأُخْرَاهُمْ,1,7:39,1,13
لِأُنْذِرَكُمْ,1,6:19,1,14
لِأُولَاهُمْ,1,7:38,1,12
لِإِبْرَاهِيمَ,1,22:26,1,14
لِإِثْمٍ,1,5:3,1,8
لِإِخْوَانِهِمُ,1,59:11,1,15
لِإِيلَافِ,1,106:1,1,10
لِابْنِهِ,1,31:13,1,9
لِامْرَأَتِهِ,1,12:21,1,13
لِبَاسَ,1,16:112,1,7
لِبَاسَهُمَا,1,7:27,1,12
لِبَدًا,1,72:19,1,7
لِبَشَرَيْنِ,1,23:47,1,12
لِبَعْضِ,1,24:62,1,8
لِبَلَدٍ,1,7:57,1,8
لِبَنِيهِ,1,2:133,1,9
لِبُعُولَتِهِنَّ,1,24:31,1,16
لِبُيُوتِهِمْ,1,43:33,1,13
لِتَأْخُذُوهَا,1,48:15,1,14
لِتَأْفِكَنَا,1,46:22,1,13
لِتَتْلُوَ,1,13:30,1,10
لِتَحْسَبُوهُ,1,3:78,1,13
لِتَحْكُمَ,1,4:105,1,10
لِتَحْمِلَهُمْ,1,9:92,1,14
لِتَذْهَبُوا,1,4:19,1,12
لِتَرْضَوْا,1,9:96,1,11
لِتَرْضَى,1,20:84,1,9
لِتَرْكَبُوا,1,40:79,1,12
لِتَرْكَبُوهَا,1,16:8,1,14
لِتَزُولَ,1,14:46,1,9
لِتَسْتَوُوا,1,43:13,1,12
لِتَسْحَرَنَا,1,7:132,1,13
لِتَسْلُكُوا,1,71:20,1,12
لِتَشْقَى,1,20:2,1,9
لِتَعَارَفُوا,1,49:13,1,13
لِتَعْتَدُوا,1,2:231,1,12
لِتَعْجَلَ,1,75:16,1,10
لِتَغْفِرَ,1,71:7,1,10
لِتَفْتَرُوا,1,16:116,1,12
لِتَفْتَرِيَ,1,17:73,1,12
لِتَقْتُلَنِي,1,5:28,1,13
لِتَقْرَأَهُ,1,17:106,1,12
لِتَلْفِتَنَا,1,10:78,1,13
لِتَهْتَدُوا,1,6:97,1,12
لِتُبَشِّرَ,1,19:97,1,11
لِتُجْزَى,1,20:15,1,9
لِتُحْصِنَكُمْ,1,21:80,1,14
لِتُخْرِجَ,1,14:1,1,10
لِتُخْرِجَنَا,1,20:57,1,13
لِتُخْرِجُوا,1,7:123,1,12
لِتُشْرِكَ,1,29:8,1,10
لِتُضَيِّقُوا,1,65:6,1,13
لِتُعْرِضُوا,1,9:95,1,12
لِتُغْرِقَ,1,18:71,1,10
لِتُكَبِّرُوا,1,22:37,1,13
لِتُنْفِقُوا,1,47:38,1,12
لِثَمُودَ,1,11:68,1,9
لِجَالُوتَ,1,2:250,1,10
لِجَنْبِهِ,1,10:12,1,10
لِجُلُودِهِمْ,1,41:21,1,13
لِجِبْرِيلَ,1,2:97,1,11
لِحَدِيثٍ,1,33:53,1,9
لِحَيَاتِي,1,89:24,1,10
لِحُبِّ,1,100:8,1,7
لِحُدُودِ,1,9:112,1,9
لِحُكْمِهِ,1,13:41,1,10
لِحُكْمِهِمْ,1,21:78,1,12
لِخَزَنَةِ,1,40:49,1,10
لِخَلْقِ,1,30:30,1,8
لِدَاوُودَ,1,38:30,1,10
لِدُلُوكِ,1,17:78,1,9
لِذَنْبِكِ,1,12:29,1,10
لِذُكُورِنَا,1,6:139,1,12
لِذُنُوبِهِمْ,1,3:135,1,13
لِذِكْرِ,1,57:16,1,8
لِذِكْرِي,1,20:14,1,9
لِذِي,1,89:5,1,5
لِرَبِّكَ,1,108:2,1,9
لِرَبِّكُمْ,1,42:47,1,11
لِرَبِّكِ,1,3:43,1,9
لِرَبِّهِمُ,1,13:18,1,11
لِرُسُلِهِمْ,1,14:13,1,12
لِرُقِيِّكَ,1,17:93,1,11
لِسَانٌ,1,16:103,1,7
لِسَانَكَ,1,75:16,1,9
لِسَانُ,1,16:103,1,7
لِسَانِ,1,5:78,1,7
لِسَبَإٍ,1,34:15,1,8
لِسَعْيِهَا,1,88:9,1,11
لِسَعْيِهِ,1,21:94,1,10
لِسُلَيْمَانَ,1,27:17,1,13
لِسُنَّتِنَا,1,17:77,1,12
لِشَاعِرٍ,1,37:36,1,9
لِشُرَكَائِنَا,1,6:136,1,14
لِشُرَكَائِهِمْ,1,6:136,1,15
لِعَادٍ,1,11:60,1,7
لِعَمَلِكُمْ,1,26:168,1,12
لِعِبَادَتِهِ,1,19:65,1,13
لِعِبَادِنَا,1,37:171,1,12
لِعِبَادِي,1,17:53,1,10
لِعِبَادِيَ,1,14:31,1,11
لِعِدَّتِهِنَّ,1,65:1,1,14
لِغَدٍ,1,59:18,1,6
لِغُلَامَيْنِ,1,18:82,1,13
لِفَضْلِهِ,1,10:107,1,10
لِفِتْيَانِهِ,1,12:62,1,13
لِقَاءِ,1,41:54,1,7
لِقَائِهِ,1,32:23,1,9
لِقَوْلِهِمْ,1,63:4,1,12
لِقَوْمِكُمَا,1,10:87,1,13
لِقَوْمِهِمْ,1,60:4,1,12
لِقُلُوبِكُمْ,1,33:53,1,13
لِقِتَالٍ,1,8:16,1,9
لِكَثِيرٍ,1,6:137,1,9
لِلذَّاكِرِينَ,1,11:114,1,14
لِلذَّكَرِ,1,4:11,1,10
لِلرُّؤْيَا,1,12:43,1,11
لِلرُّسُلِ,1,41:43,1,10
لِلزَّكَاةِ,1,23:4,1,11
لِلسَّاعَةِ,1,43:61,1,11
لِلسَّلْمِ,1,8:61,1,10
لِلسَّمْعِ,1,72:9,1,10
لِلسُّحْتِ,1,5:42,1,10
لِلشَّهَادَةِ,1,2:282,1,13
لِلشَّوَى,1,70:16,1,9
لِلشَّيَاطِينِ,1,67:5,1,14
لِلشَّيْطَانِ,1,19:45,1,13
لِلصَّابِرِينَ,1,16:126,1,14
لِلصَّلَاةِ,1,62:9,1,11
لِلطَّيِّبَاتِ,1,24:26,1,14
لِلطَّيِّبِينَ,1,24:26,1,14
لِلَّتِي,1,17:9,1,8
لِلْآخِرِينَ,1,43:56,1,12
لِلْآكِلِينَ,1,23:20,1,12
لِلْأَبْرَارِ,1,3:198,1,13
لِلْأَنَامِ,1,55:10,1,11
لِلْأَوَّابِينَ,1,17:25,1,15
لِلْجَبَلِ,1,7:143,1,10
لِلْجَبِينِ,1,37:103,1,11
لِلْحَرْبِ,1,5:64,1,10
لِلْحَوَارِيِّينَ,1,61:14,1,17
لِلْحَيِّ,1,20:111,1,9
لِلْخَائِنِينَ,1,4:105,1,14
لِلْخَبِيثَاتِ,1,24:26,1,14
لِلْخَبِيثِينَ,1,24:26,1,14
لِلْخُرُوجِ,1,9:83,1,11
لِلْعَابِدِينَ,1,21:84,1,14
لِلْعَالِمِينَ,1,30:22,1,14
لِلْعُسْرَى,1,92:10,1,11
لِلْغَاوِينَ,1,26:91,1,12
لِلْقَاسِيَةِ,1,39:22,1,13
لِلْقَمَرِ,1,41:37,1,10
لِلْقِتَالِ,1,3:121,1,11
لِلْكُتُبِ,1,21:104,1,10
لِلْكُفْرِ,1,3:167,1,10
لِلْمَلَإِ,1,26:34,1,10
لِلْمُؤْمِنَاتِ,1,24:31,1,15
لِلْمُتَكَبِّرِينَ,1,39:60,1,18
لِلْمُتَوَسِّمِينَ,1,15:75,1,18
لِلْمُحْسِنَاتِ,1,33:29,1,15
لِلْمُخَلَّفِينَ,1,48:16,1,16
لِلْمُصَلِّينَ,1,107:4,1,14
لِلْمُطَفِّفِينَ,1,83:1,1,16
لِلْمُقْوِينَ,1,56:73,1,13
لِلْمُوقِنِينَ,1,51:20,1,14
لِلْوَالِدَيْنِ,1,2:180,1,15
لِلْيَتَامَى,1,4:127,1,12
لِمَدْيَنَ,1,11:95,1,10
لِمَسَاكِينَ,1,18:79,1,12
لِمَهْلِكِهِمْ,1,18:59,1,14
لِمُسْتَقَرٍّ,1,36:38,1,13
لِمُوسَى,1,10:83,1,8
لِمِثْلِ,1,37:61,1,8
لِمِثْلِهِ,1,24:17,1,10
لِمِيقَاتِ,1,26:38,1,10
لِنَبْلُوَهُمْ,1,18:7,1,14
لِنَجْعَلَهَا,1,69:12,1,13
لِنَصْرِفَ,1,12:24,1,10
لِنَعْبُدَ,1,7:70,1,10
لِنَنْظُرَ,1,10:14,1,10
لِنَهْتَدِيَ,1,7:43,1,12
لِنُبَيِّنَ,1,22:5,1,11
لِنُثَبِّتَ,1,25:32,1,11
لِنُحْيِيَ,1,25:49,1,10
لِنُخْرِجَ,1,78:15,1,10
لِنُذِيقَهُمْ,1,41:16,1,13
لِنُرِيَكَ,1,20:23,1,10
لِنُرِيَهُ,1,17:1,1,10
لِنُرْسِلَ,1,51:33,1,10
لِنُسْلِمَ,1,6:71,1,10
لِنُفْسِدَ,1,12:73,1,10
لِنُورِهِ,1,24:35,1,9
لِنْتَ,1,3:159,1,6
لِوَاذًا,1,24:63,1,8
لِوَالِدَيْهِ,1,46:17,1,13
لِوَجْهِ,1,76:9,1,8
لِوَقْتِهَا,1,7:187,1,11
لِوَقْعَتِهَا,1,56:2,1,13
لِينَةٍ,1,59:5,1,7
لِيَأْخُذَ,1,12:76,1,10
لِيَأْخُذُوهُ,1,40:5,1,13
لِيَأْكُلُوا,1,36:35,1,12
لِيَبْتَلِيَكُمْ,1,3:152,1,16
لِيَبْلُغَ,1,13:14,1,10
لِيَبْلُوَ,1,47:4,1,10
لِيَبْلُوَنِي,1,27:40,1,13
لِيَتَسَاءَلُوا,1,18:19,1,15
لِيَتَفَقَّهُوا,1,9:122,1,15
لِيَتَّخِذَ,1,43:32,1,11
لِيَتُوبُوا,1,9:118,1,11
لِيَجْزِيَكَ,1,28:25,1,12
لِيَحْزُنَ,1,58:10,1,10
لِيَحْمِلُوا,1,16:25,1,12
لِيَدَّبَّرُوا,1,38:29,1,14
لِيَذَرَ,1,3:179,1,8
لِيَذُوقَ,1,5:95,1,9
لِيَذُوقُوا,1,4:56,1,11
لِيَذْكُرُوا,1,22:34,1,12
لِيَرْبُوَ,1,30:39,1,10
لِيَسُوءُوا,1,17:7,1,11
لِيَسْأَلَ,1,33:8,1,10
لِيَسْتَأْذِنْكُمُ,1,24:58,1,18
لِيَسْتَخْفُوا,1,11:5,1,14
لِيَسْتَيْقِنَ,1,74:31,1,14
لِيَسْكُنَ,1,7:189,1,10
لِيَسْكُنُوا,1,27:86,1,12
لِيَشْتَرُوا,1,2:79,1,12
لِيَشْهَدُوا,1,22:28,1,12
لِيَصُدُّوا,1,8:36,1,11
لِيَطْمَئِنَّ,1,2:260,1,13
لِيَعْبُدُونِ,1,51:56,1,13
لِيَعْلَمُوا,1,18:21,1,12
لِيَغِيظَ,1,48:29,1,9
لِيَفْتَدُوا,1,5:36,1,12
لِيَفْجُرَ,1,75:5,1,10
لِيَقُولُوا,1,6:53,1,11
لِيَقُومَ,1,57:25,1,9
لِيَقْتُلُوكَ,1,28:20,1,13
لِيَقْضِ,1,43:77,1,8
لِيَقْطَعَ,1,3:127,1,10
لِيَكُونَا,1,41:29,1,10
لِيَمِيزَ,1,8:37,1,9
لِيَمْكُرُوا,1,6:123,1,12
لِيَنْفِرُوا,1,9:122,1,12
لِيَهْلِكَ,1,8:42,1,10
لِيُؤْذَنَ,1,9:90,1,10
لِيُبْدِيَ,1,7:20,1,10
لِيُثَبِّتَ,1,16:102,1,11
لِيُثْبِتُوكَ,1,8:30,1,13
لِيُجَادِلُوكُمْ,1,6:121,1,16
لِيُحَاجُّوكُمْ,1,2:76,1,15
لِيُحِقَّ,1,8:8,1,9
لِيُخْرِجَ,1,65:11,1,10
لِيُخْرِجُوكَ,1,17:76,1,13
لِيُذِيقَهُمْ,1,30:41,1,13
لِيُذْهِبَ,1,33:33,1,10
لِيُرَوْا,1,99:6,1,9
لِيُرِيَكُمْ,1,31:31,1,12
لِيُرِيَهُ,1,5:31,1,10
لِيُرِيَهُمَا,1,7:27,1,13
لِيُرْدُوهُمْ,1,6:137,1,13
لِيُرْضُوكُمْ,1,9:62,1,13
لِيُضِيعَ,1,2:143,1,9
لِيُطَاعَ,1,4:64,1,9
لِيُطْفِئُوا,1,61:8,1,12
لِيُطْلِعَكُمْ,1,3:179,1,14
لِيُعَذِّبَ,1,33:73,1,11
لِيُعْجِزَهُ,1,35:44,1,12
لِيُعْلَمَ,1,24:31,1,10
لِيُفْسِدَ,1,2:205,1,10
لِيُفْسِدُوا,1,7:127,1,12
لِيُقَرِّبُونَا,1,39:3,1,15
لِيُقِيمُوا,1,14:37,1,11
لِيُقْضَى,1,6:60,1,9
لِيُكَفِّرَ,1,39:35,1,11
لِيُنْفِقْ,1,65:7,1,10
لِيُهْلِكَ,1,11:117,1,10
لِيُوَاطِئُوا,1,9:37,1,13
لِيُوَفِّيَهُمْ,1,35:30,1,15
لْيَقْضُوا,1,22:29,1,10
لْيَقْطَعْ,1,22:15,1,10
مَآبِ,1,13:36,1,5
مَآرِبُ,1,20:18,1,7
مَأْتِيًّا,1,19:61,1,10
مَأْكُولٍ,1,105:5,1,9
مَأْمَنَهُ,1,9:6,1,10
مَأْمُونٍ,1,70:28,1,9
مَأْوَاكُمُ,1,57:15,1,11
مَأْوَاهُمُ,1,10:8,1,11
مَاءَ,1,28:23,1,5
مَاءَكِ,1,11:44,1,7
مَاءَهَا,1,79:31,1,8
مَاؤُكُمْ,1,67:30,1,9
مَاؤُهَا,1,18:41,1,8
مَارِجٍ,1,55:15,1,7
مَارِدٍ,1,37:7,1,7
مَاكِثُونَ,1,43:77,1,10
مَاكِثِينَ,1,18:3,1,10
مَالٌ,1,26:88,1,5
مَالِكَ,1,3:26,1,7
مَالِكُ,1,43:77,1,7
مَالِكُونَ,1,36:71,1,10
مَالِكِ,1,1:4,1,7
مَالِيَهْ,1,69:28,1,9
مَانِعَتُهُمْ,1,59:2,1,13
مَبْثُوثَةٌ,1,88:16,1,11
مَبْسُوطَتَانِ,1,5:64,1,14
مَبْلَغُهُمْ,1,53:30,1,12
مَبْنِيَّةٌ,1,39:20,1,11
مَتَابًا,1,25:71,1,8
مَتَابِ,1,13:30,1,7
مَتَاعٍ,1,13:17,1,7
مَتَاعَنَا,1,12:79,1,10
مَتَاعَهُمْ,1,12:65,1,11
مَتَاعِنَا,1,12:17,1,10
مَتَّعْتَهُمْ,1,25:18,1,13
مَتَّعْتُ,1,43:29,1,9
مَتَّعْنَاهُ,1,28:61,1,12
مَتَّعْنَاهُمْ,1,26:205,1,14
مَتْرَبَةٍ,1,90:16,1,10
مَثَابَةً,1,2:125,1,9
مَثَانِيَ,1,39:23,1,9
مَثَلٌ,1,22:73,1,6
مَثَلُهُ,1,6:122,1,8
مَثُوبَةً,1,5:60,1,9
مَثْبُورًا,1,17:102,1,10
مَثْوَاكُمْ,1,6:128,1,11
مَثْوَاهُ,1,12:21,1,9
مَثْوَايَ,1,12:23,1,9
مَجْذُوذٍ,1,11:108,1,9
مَجْرَاهَا,1,11:41,1,10
مَجْمُوعٌ,1,11:103,1,9
مَحَارِيبَ,1,34:13,1,10
مَحَبَّةً,1,20:39,1,9
مَحِلُّهَا,1,22:33,1,10
مَحِيصًا,1,4:121,1,8
مَحْذُورًا,1,17:57,1,10
مَحْسُورًا,1,17:29,1,10
مَحْشُورَةً,1,38:19,1,11
مَحْظُورًا,1,17:20,1,10
مَحْفُوظًا,1,21:32,1,10
مَحْفُوظٍ,1,85:22,1,9
مَحْمُودًا,1,17:79,1,10
مَحْيَاهُمْ,1,45:21,1,11
مَخْتُومٍ,1,83:25,1,9
مَخْذُولًا,1,17:22,1,10
مَخْرَجًا,1,65:2,1,9
مَخْضُودٍ,1,56:28,1,9
مَخْمَصَةٌ,1,9:120,1,10
مَخْمَصَةٍ,1,5:3,1,10
مَدَدًا,1,18:109,1,7
مَدِينِينَ,1,56:86,1,10
مَذْءُومًا,1,7:18,1,10
مَذْكُورًا,1,76:1,1,10
مَذْمُومٌ,1,68:49,1,9
مَرَدًّا,1,19:76,1,8
مَرَدٍّ,1,42:44,1,7
مَرَدَّنَا,1,40:43,1,10
مَرَدُوا,1,9:101,1,8
مَرَضًا,1,2:10,1,7
مَرَّاتٍ,1,24:58,1,8
مَرَّتَانِ,1,2:229,1,10
مَرِضْتُ,1,26:80,1,8
مَرِيئًا,1,4:4,1,8
مَرِيجٍ,1,50:5,1,7
مَرِيدًا,1,4:117,1,8
مَرِيدٍ,1,22:3,1,7
مَرْجُوًّا,1,11:62,1,10
مَرْجِعَهُمْ,1,37:68,1,12
مَرْدُودٍ,1,11:76,1,9
مَرْصَدٍ,1,9:5,1,8
مَرْصُوصٌ,1,61:4,1,9
مَرْضَاتَ,1,66:1,1,9
مَرْضَاتِي,1,60:1,1,10
مَرْضِيًّا,1,19:55,1,10
مَرْضِيَّةً,1,89:28,1,11
مَرْفُوعَةٌ,1,88:13,1,11
مَرْقَدِنَا,1,36:52,1,11
مَرْكُومٌ,1,52:44,1,9
مَزِيدٌ,1,50:35,1,7
مَزِيدٍ,1,50:30,1,7
مَسَاكِنَكُمْ,1,27:18,1,13
مَسَاكِنِ,1,14:45,1,9
مَسَدٍ,1,111:5,1,6
مَسَّتْهُمُ,1,2:214,1,11
مَسَّهُمْ,1,7:201,1,9
مَسْئُولُونَ,1,37:24,1,12
مَسْتُورًا,1,17:45,1,10
مَسْحًا,1,38:33,1,7
مَسْحُورُونَ,1,15:15,1,12
مَسْطُورٍ,1,52:2,1,9
مَسْغَبَةٍ,1,90:14,1,10
مَسْفُوحًا,1,6:145,1,10
مَسْكَنِهِمْ,1,34:15,1,12
مَسْكُوبٍ,1,56:31,1,9
مَسْكُونَةٍ,1,24:29,1,11
مَشَارِقَ,1,7:137,1,9
مَشَوْا,1,2:20,1,7
مَشَّاءٍ,1,68:11,1,8
مَشِيدٍ,1,22:45,1,7
مَشْهَدِ,1,19:37,1,8
مَشْهُودًا,1,17:78,1,10
مَشْهُودٌ,1,11:103,1,9
مَشْيِكَ,1,31:19,1,8
مَصَانِعَ,1,26:129,1,9
مَصِيرَكُمْ,1,14:30,1,11
مَصْرُوفًا,1,11:8,1,10
مَصْرِفًا,1,18:53,1,9
مَصْفُوفَةٌ,1,88:15,1,11
مَصْفُوفَةٍ,1,52:20,1,11
مَضَاجِعِهِمْ,1,3:154,1,13
مَضَتْ,1,8:38,1,6
مَطَرٍ,1,4:102,1,6
مَطَرَ,1,25:40,1,6
مَطْلَعِ,1,97:5,1,8
مَطْلِعَ,1,18:90,1,8
مَطْوِيَّاتٌ,1,39:67,1,12
مَظْلُومًا,1,17:33,1,10
مَعَادٍ,1,28:85,1,7
مَعَاذِيرَهُ,1,75:15,1,12
مَعَاشًا,1,78:11,1,8
مَعَرَّةٌ,1,48:25,1,9
مَعَكُمَا,1,20:46,1,9
مَعَهَا,1,50:21,1,7
مَعِيشَةً,1,20:124,1,9
مَعِيشَتَهَا,1,28:58,1,12
مَعِيشَتَهُمْ,1,43:32,1,13
مَعْدُودٍ,1,11:104,1,9
مَعْدُودَةً,1,2:80,1,11
مَعْذِرَةً,1,7:164,1,10
مَعْرُوفَةٌ,1,24:53,1,11
مَعْزِلٍ,1,11:42,1,8
مَعْكُوفًا,1,48:25,1,10
مَعْلُومَاتٌ,1,2:197,1,12
مَعْلُومَاتٍ,1,22:28,1,12
مَغَارَاتٍ,1,9:57,1,10
مَغَانِمُ,1,4:94,1,9
مَغْرَمًا,1,9:98,1,9
مَغْرِبَ,1,18:86,1,8
مَغْلُوبٌ,1,54:10,1,9
مَغْلُولَةً,1,17:29,1,11
مَغْلُولَةٌ,1,5:64,1,11
مَفَاتِحُ,1,6:59,1,9
مَفَازًا,1,78:31,1,8
مَقَامٌ,1,37:164,1,7
مَقَامٍ,1,44:51,1,7
مَقَامَهُمَا,1,5:107,1,12
مَقَامُ,1,3:97,1,7
مَقَامِ,1,2:125,1,7
مَقَامِعُ,1,22:21,1,9
مَقَامِكَ,1,27:39,1,9
مَقِيلًا,1,25:24,1,8
مَقْبُوضَةٌ,1,2:283,1,11
مَقْتِكُمْ,1,40:10,1,10
مَقْدُورًا,1,33:38,1,10
مَقْرَبَةٍ,1,90:15,1,10
مَقْسُومٌ,1,15:44,1,9
مَقْصُورَاتٌ,1,55:72,1,12
مَقْطُوعٌ,1,15:66,1,9
مَقْطُوعَةٍ,1,56:33,1,11
مَقْعَدِ,1,54:55,1,8
مَكَانَتِهِمْ,1,36:67,1,13
مَكَانَكُمْ,1,10:28,1,11
مَكَرْتُمُوهُ,1,7:123,1,13
مَكَّةَ,1,48:24,1,7
مَكَّنِّي,1,18:95,1,9
مَكِينٌ,1,12:54,1,7
مَكْتُوبًا,1,7:157,1,10
مَكْذُوبٍ,1,11:65,1,9
مَكْرٌ,1,10:21,1,6
مَكْرَهُمْ,1,14:46,1,10
مَكْرُ,1,34:33,1,6
مَكْرُوهًا,1,17:38,1,10
مَكْرِهِمْ,1,27:51,1,10
مَكْظُومٌ,1,68:48,1,9
مَكْنُونٍ,1,56:78,1,9
مَلَأٌ,1,11:38,1,6
مَلَكٍ,1,53:26,1,6
مَلَكَيْنِ,1,7:20,1,10
مَلَكُ,1,32:11,1,6
مَلَكُوتَ,1,6:75,1,9
مَلَكُوتِ,1,7:185,1,9
مَلَكْتُمْ,1,24:61,1,10
مَلِكٌ,1,18:79,1,6
مَلِكِ,1,114:2,1,6
مَلِيكٍ,1,54:55,1,7
مَلِيًّا,1,19:46,1,8
مَلْجَأً,1,9:57,1,8
مَلْجَأَ,1,9:118,1,8
مَلْجَإٍ,1,42:47,1,8
مَلْعُونِينَ,1,33:61,1,12
مَمْدُودًا,1,74:12,1,10
مَمْدُودٍ,1,56:30,1,9
مَمْلُوكًا,1,16:75,1,10
مَمْنُوعَةٍ,1,56:33,1,11
مَنَاسِكَكُمْ,1,2:200,1,13
مَنَاسِكَنَا,1,2:128,1,12
مَنَاصٍ,1,38:3,1,7
مَنَافِعَ,1,22:28,1,9
مَنَاكِبِهَا,1,67:15,1,12
مَنَامُكُمْ,1,30:23,1,11
مَنَامِكَ,1,8:43,1,9
مَنَامِهَا,1,39:42,1,10
مَنَعَنَا,1,17:59,1,9
مَنَعَهُمْ,1,9:54,1,10
مَنُوعًا,1,70:21,1,8
مَنِيٍّ,1,75:37,1,7
مَنْسِيًّا,1,19:23,1,10
مَنْشُورًا,1,17:13,1,10
مَنْشُورٍ,1,52:3,1,9
مَنْصُورًا,1,17:33,1,10
مَنْطِقَ,1,27:16,1,8
مَنْقُوصٍ,1,11:109,1,9
مَهِيلًا,1,73:14,1,8
مَهِينٌ,1,43:52,1,7
مَهْجُورًا,1,25:30,1,10
مَهْزُومٌ,1,38:11,1,9
مَهْلِكَ,1,27:49,1,8
مَهْمَا,1,7:132,1,7
مَوَاطِنَ,1,9:25,1,9
مَوَاقِيتُ,1,2:189,1,10
مَوَالِيَ,1,4:33,1,9
مَوَدَّةٌ,1,4:73,1,9
مَوَدَّةَ,1,29:25,1,9
مَوْئِلًا,1,18:58,1,9
مَوْبِقًا,1,18:52,1,9
مَوْتًا,1,25:3,1,7
مَوْتَتَنَا,1,37:59,1,11
مَوْتَتُنَا,1,44:35,1,11
مَوْتِكُمْ,1,2:56,1,10
مَوْثِقَهُمْ,1,12:66,1,12
مَوْجٍ,1,11:42,1,6
مَوْرًا,1,52:9,1,7
مَوْزُونٍ,1,15:19,1,9
مَوْضُوعَةٌ,1,88:14,1,11
مَوْضُونَةٍ,1,56:15,1,11
مَوْطِئًا,1,9:120,1,9
مَوْعِدٌ,1,18:58,1,8
مَوْعِدَةٍ,1,9:114,1,10
مَوْعِدَكَ,1,20:87,1,10
مَوْعِدَهُمُ,1,11:81,1,12
مَوْعِدُكُمْ,1,20:59,1,12
مَوْعِدُهُ,1,11:17,1,10
مَوْعِدُهُمْ,1,54:46,1,12
مَوْعِدِي,1,20:86,1,9
مَوْعِظَةً,1,7:145,1,10
مَوْفُورًا,1,17:63,1,10
مَوْقُوتًا,1,4:103,1,10
مَوْقُوفُونَ,1,34:31,1,12
مَيِّتٌ,1,39:30,1,7
مَيِّتُونَ,1,39:30,1,10
مَيْسَرَةٍ,1,2:280,1,10
مَيْسُورًا,1,17:28,1,10
مَيْلًا,1,4:27,1,7
مَيْلَةً,1,4:102,1,8
مُؤَجَّلًا,1,3:145,1,10
مُؤْمِنٍ,1,9:10,1,8
مُؤْمِنَاتٌ,1,48:25,1,11
مُؤْمِنَةً,1,33:50,1,10
مُؤْمِنَةٌ,1,2:221,1,10
مُؤْمِنَيْنِ,1,18:80,1,12
مُبَارَكَةً,1,24:61,1,11
مُبَرَّءُونَ,1,24:26,1,12
مُبَشِّرَاتٍ,1,30:46,1,12
مُبَوَّأَ,1,10:93,1,9
مُبْتَلِيكُمْ,1,2:249,1,13
مُبْدِيهِ,1,33:37,1,9
مُبْرِمُونَ,1,43:79,1,11
مُبْصِرُونَ,1,7:201,1,11
مُبْطِلُونَ,1,30:58,1,11
مُبْعَدُونَ,1,21:101,1,11
مُتَبَرِّجَاتٍ,1,24:60,1,14
مُتَبَّرٌ,1,7:139,1,9
مُتَجَانِفٍ,1,5:3,1,11
مُتَجَاوِرَاتٌ,1,13:4,1,14
مُتَحَرِّفًا,1,8:16,1,12
مُتَحَيِّزًا,1,8:16,1,12
مُتَرَاكِبًا,1,6:99,1,12
مُتَرَبِّصٌ,1,20:135,1,11
مُتَرَبِّصُونَ,1,9:52,1,14
مُتَشَابِهَاتٌ,1,3:7,1,14
مُتَشَاكِسُونَ,1,39:29,1,14
مُتَصَدِّعًا,1,59:21,1,12
مُتَفَرِّقَةٍ,1,12:67,1,13
مُتَفَرِّقُونَ,1,12:39,1,14
مُتَقَلَّبَكُمْ,1,47:19,1,15
مُتَوَفِّيكَ,1,3:55,1,12
مُتَّخِذَ,1,18:51,1,9
مُتَّخِذَاتِ,1,4:25,1,12
مُتَّخِذِي,1,5:5,1,10
مُتَّكَأً,1,12:31,1,9
مُتَّكِئُونَ,1,36:56,1,12
مُتِمُّ,1,61:8,1,7
مُتْرَفِينَ,1,56:45,1,11
مُتْرَفِيهَا,1,17:16,1,12
مُتْرَفِيهِمْ,1,23:64,1,13
مُثْقَلَةٌ,1,35:18,1,10
مُجِيبٌ,1,11:61,1,7
مُجْتَمِعُونَ,1,26:39,1,13
مُجْرِمًا,1,20:74,1,9
مُجْرِمِيهَا,1,6:123,1,12
مُحَرَّرًا,1,3:35,1,10
مُحَرَّمًا,1,6:145,1,10
مُحَرَّمٌ,1,2:85,1,9
مُحَرَّمَةٌ,1,5:26,1,11
مُحَصَّنَةٍ,1,59:14,1,11
مُحَلِّقِينَ,1,48:27,1,12
مُحَمَّدٍ,1,47:2,1,9
مُحِلِّي,1,5:1,1,8
مُحِيطٍ,1,11:84,1,7
مُحْتَضَرٌ,1,54:28,1,10
مُحْسِنُونَ,1,16:128,1,11
مُحْسِنِينَ,1,51:16,1,11
مُحْصَنَاتٍ,1,4:25,1,11
مُحْضَرًا,1,3:30,1,9
مُحْكَمَاتٌ,1,3:7,1,11
مُحْكَمَةٌ,1,47:20,1,10
مُخْتَالًا,1,4:36,1,10
مُخْتَلِفٍ,1,51:8,1,10
مُخْتَلِفُونَ,1,78:3,1,13
مُخْتَلِفِينَ,1,11:118,1,13
مُخْرَجَ,1,17:80,1,8
مُخْرَجُونَ,1,23:35,1,11
مُخْزِي,1,9:2,1,7
مُخْضَرَّةً,1,22:63,1,11
مُخْلَصًا,1,19:51,1,9
مُخْلِصُونَ,1,2:139,1,11
مُخْلِفَ,1,14:47,1,8
مُدَّتِهِمْ,1,9:4,1,11
مُدَّتْ,1,84:3,1,7
مُدَّخَلًا,1,9:57,1,10
مُدْخَلَ,1,17:80,1,8
مُدْهَامَّتَانِ,1,55:64,1,15
مُدْهِنُونَ,1,56:81,1,11
مُذَبْذَبِينَ,1,4:143,1,13
مُذَكِّرٌ,1,88:21,1,9
مُذْعِنِينَ,1,24:49,1,11
مُرَاغَمًا,1,4:100,1,10
مُرْتَابٌ,1,40:34,1,9
مُرْتَقِبُونَ,1,44:59,1,13
مُرْجَوْنَ,1,9:106,1,10
مُرْدِفِينَ,1,8:9,1,11
مُرْسَلًا,1,13:43,1,9
مُرْسَلٌ,1,7:75,1,8
مُرْسَلُونَ,1,36:14,1,11
مُرْسِلَ,1,35:2,1,8
مُرْسِلَةٌ,1,27:35,1,10
مُرْسِلُو,1,54:27,1,9
مُرْشِدًا,1,18:17,1,9
مُرْضِعَةٍ,1,22:2,1,10
مُزِّقْتُمْ,1,34:7,1,11
مُزْجَاةٍ,1,12:88,1,9
مُزْدَجَرٌ,1,54:4,1,10
مُسَافِحَاتٍ,1,4:25,1,12
مُسَخَّرَاتٌ,1,16:12,1,12
مُسَنَّدَةٌ,1,63:4,1,11
مُسَوِّمِينَ,1,3:125,1,12
مُسْتَأْنِسِينَ,1,33:53,1,15
مُسْتَبْشِرَةٌ,1,80:39,1,14
مُسْتَبْصِرِينَ,1,29:38,1,15
مُسْتَخْفٍ,1,13:10,1,10
مُسْتَخْلَفِينَ,1,57:7,1,15
مُسْتَسْلِمُونَ,1,37:26,1,15
مُسْتَضْعَفُونَ,1,8:26,1,15
مُسْتَضْعَفِينَ,1,4:97,1,15
مُسْتَطَرٌ,1,54:53,1,10
مُسْتَطِيرًا,1,76:7,1,12
مُسْتَقَرَّهَا,1,11:6,1,14
مُسْتَقِرًّا,1,27:40,1,12
مُسْتَقْبِلَ,1,46:24,1,12
مُسْتَكْبِرِينَ,1,23:67,1,15
مُسْتَمِرٌّ,1,54:2,1,11
مُسْتَمِرٍّ,1,54:19,1,11
مُسْتَمِعُهُمْ,1,52:38,1,14
مُسْتَمِعُونَ,1,26:15,1,13
مُسْتَمْسِكُونَ,1,43:21,1,15
مُسْتَنْفِرَةٌ,1,74:50,1,14
مُسْتَهْزِئُونَ,1,2:14,1,15
مُسْرِفِينَ,1,43:5,1,11
مُسْفِرَةٌ,1,80:38,1,10
مُسْلِمَاتٍ,1,66:5,1,11
مُسْلِمَةً,1,2:128,1,10
مُسْلِمَيْنِ,1,2:128,1,12
مُسْمَعٍ,1,4:46,1,8
مُسْوَدَّةٌ,1,39:60,1,11
مُشَيَّدَةٍ,1,4:78,1,11
مُشْتَبِهًا,1,6:99,1,11
مُشْرِكٌ,1,24:3,1,8
مُشْرِكٍ,1,2:221,1,8
مُشْرِكَةً,1,24:3,1,10
مُشْرِكَةٍ,1,2:221,1,10
مُصَدِّقُ,1,6:92,1,9
مُصَفًّى,1,47:15,1,8
مُصَلًّى,1,2:125,1,8
مُصِيبَةُ,1,5:106,1,9
مُصِيبُهَا,1,11:81,1,10
مُضَارٍّ,1,4:12,1,8
مُضَاعَفَةً,1,3:130,1,11
مُضِلٌّ,1,28:15,1,7
مُضِلٍّ,1,39:37,1,7
مُضِيًّا,1,36:67,1,8
مُضْغَةً,1,23:14,1,8
مُضْغَةٍ,1,22:5,1,8
مُطَاعٍ,1,81:21,1,7
مُطَهَّرَةً,1,98:2,1,11
مُطَهَّرَةٍ,1,80:14,1,11
مُطَّلِعُونَ,1,37:54,1,12
مُطْمَئِنٌّ,1,16:106,1,11
مُطْمَئِنَّةً,1,16:112,1,13
مُطْمَئِنِّينَ,1,17:95,1,14
مُظْلِمًا,1,10:27,1,9
مُظْلِمُونَ,1,36:37,1,11
مُعَذِّبَهُمْ,1,8:33,1,13
مُعَذِّبُهُمْ,1,7:164,1,13
مُعَذِّبُوهَا,1,17:58,1,13
مُعَذِّبِينَ,1,17:15,1,12
مُعَطَّلَةٍ,1,22:45,1,11
مُعَقِّبَ,1,13:41,1,9
مُعَقِّبَاتٌ,1,13:11,1,12
مُعَلَّمٌ,1,44:14,1,9
مُعَمَّرٍ,1,35:11,1,9
مُغَاضِبًا,1,21:87,1,10
مُغَيِّرًا,1,8:53,1,10
مُغْتَسَلٌ,1,38:42,1,10
مُفَتَّحَةً,1,38:50,1,11
مُفَصَّلًا,1,6:114,1,10
مُفَصَّلَاتٍ,1,7:133,1,12
مُفْتَرٍ,1,16:101,1,8
مُفْتَرَيَاتٍ,1,11:13,1,13
مُفْتَرُونَ,1,11:50,1,11
مُفْرَطُونَ,1,16:62,1,11
مُفْسِدُونَ,1,18:94,1,11
مُقَامَ,1,33:13,1,7
مُقِيتًا,1,4:85,1,8
مُقِيمَ,1,14:40,1,7
مُقْتَحِمٌ,1,38:59,1,10
مُقْتَدُونَ,1,43:23,1,11
مُقْتَدِرًا,1,18:45,1,11
مُقْتَدِرُونَ,1,43:42,1,13
مُقْتَرِفُونَ,1,6:113,1,13
مُقْتَرِنِينَ,1,43:53,1,13
مُقْتَصِدَةٌ,1,5:66,1,12
مُقْرِنِينَ,1,43:13,1,11
مُقْمَحُونَ,1,36:8,1,11
مُقْنِعِي,1,14:43,1,9
مُكَاءً,1,8:35,1,7
مُكَذِّبِينَ,1,69:49,1,12
مُكَرَّمَةٍ,1,80:13,1,11
مُكَلِّبِينَ,1,5:4,1,12
مُكِبًّا,1,67:22,1,8
مُكْثٍ,1,17:106,1,6
مُكْرِمٍ,1,22:18,1,8
مُلَاقٍ,1,69:20,1,7
مُلَاقُوهُ,1,2:223,1,10
مُلَاقِيكُمْ,1,62:8,1,12
مُلُوكًا,1,5:20,1,8
مُلِئَتْ,1,72:8,1,8
مُلْكِ,1,2:102,1,6
مُلْكِهِ,1,2:248,1,8
مُمَدَّدَةٍ,1,104:9,1,11
مُمَرَّدٌ,1,27:44,1,9
مُمِدُّكُمْ,1,8:9,1,11
مُمْسِكَ,1,35:2,1,8
مُمْسِكَاتُ,1,39:38,1,11
مُمْطِرُنَا,1,46:24,1,11
مُنَادِيًا,1,3:193,1,10
مُنَافِقُونَ,1,9:101,1,12
مُنَجُّوكَ,1,29:33,1,10
مُنَزَّلٌ,1,6:114,1,9
مُنَزِّلُهَا,1,5:115,1,12
مُنَشَّرَةً,1,74:52,1,11
مُنِعَ,1,12:63,1,6
مُنِيبًا,1,39:8,1,8
مُنِيبٌ,1,11:75,1,7
مُنْبَثًّا,1,56:6,1,10
مُنْتَشِرٌ,1,54:7,1,10
مُنْتَصِرًا,1,18:43,1,11
مُنْتَصِرٌ,1,54:44,1,10
مُنْتَصِرِينَ,1,51:45,1,13
مُنْتَهَاهَا,1,79:44,1,12
مُنْتَهُونَ,1,5:91,1,11
مُنْذِرُ,1,79:45,1,8
مُنْذِرُونَ,1,26:208,1,11
مُنْزَلًا,1,23:29,1,9
مُنْزَلِينَ,1,3:124,1,11
مُنْزِلُونَ,1,29:34,1,11
مُنْزِلِينَ,1,36:28,1,11
مُنْظَرُونَ,1,26:203,1,11
مُنْفَطِرٌ,1,73:18,1,10
مُنْفَكِّينَ,1,98:1,1,12
مُنْقَعِرٍ,1,54:20,1,10
مُنْقَلَبًا,1,18:36,1,11
مُنْقَلَبٍ,1,26:227,1,10
مُنْكَرًا,1,58:2,1,9
مُنْكَرٍ,1,5:79,1,8
مُنْكِرَةٌ,1,16:22,1,10
مُنْهَمِرٍ,1,54:11,1,10
مُهَاجِرًا,1,4:100,1,10
مُهَاجِرٌ,1,29:26,1,9
مُهَاجِرَاتٍ,1,60:10,1,12
مُهَانًا,1,25:69,1,8
مُهْتَدٍ,1,57:26,1,8
مُهْلِكُهُمْ,1,7:164,1,12
مُهْلِكُو,1,29:31,1,9
مُهْلِكُوهَا,1,17:58,1,12
مُهْلِكِي,1,28:59,1,9
مُوصٍ,1,2:182,1,5
مُوقِنُونَ,1,32:12,1,10
مُوهِنُ,1,8:18,1,7
مُوَاقِعُوهَا,1,18:53,1,13
مُوَلِّيهَا,1,2:148,1,11
مِائَةٍ,1,18:25,1,7
مِائَةُ,1,2:261,1,7
مِائَةِ,1,37:147,1,7
مِتَّ,1,21:34,1,5
مِتُّمْ,1,23:35,1,7
مِثْقَالُ,1,34:3,1,9
مِثْقَالِ,1,10:61,1,9
مِثْلَكُمْ,1,23:34,1,10
مِثْلَنَا,1,11:27,1,9
مِثْلَهُنَّ,1,65:12,1,11
مِثْلَيْهَا,1,3:165,1,11
مِثْلَيْهِمْ,1,3:13,1,12
مِثْلُهُمْ,1,4:140,1,10
مِثْلِنَا,1,23:47,1,9
مِثْلِهَا,1,2:106,1,9
مِدَادًا,1,18:109,1,8
مِرَاءً,1,18:22,1,7
مِرَّةٍ,1,53:6,1,7
مِرْصَادًا,1,78:21,1,10
مِرْفَقًا,1,18:16,1,9
مِسَاسَ,1,20:97,1,7
مِسْكٌ,1,83:26,1,6
مِسْكِينٌ,1,68:24,1,9
مِسْكِينٍ,1,2:184,1,9
مِصْبَاحٌ,1,24:35,1,9
مِصْرًا,1,2:61,1,7
مِعْشَارَ,1,34:45,1,9
مِلَّةِ,1,2:130,1,7
مِلَّتَهُمْ,1,2:120,1,11
مِلَّتِكُمْ,1,7:89,1,11
مِلَّتِهِمْ,1,18:20,1,11
مِلْءُ,1,3:91,1,6
مِمَّ,1,86:5,1,5
مِنْسَأَتَهُ,1,34:14,1,12
مِهَادًا,1,78:6,1,8
مِهَادٌ,1,7:41,1,7
مِيثَاقُ,1,7:169,1,8
مِيعَادُ,1,34:30,1,8
مِيقَاتًا,1,78:17,1,9
مِيقَاتُ,1,7:142,1,8
مِيقَاتُهُمْ,1,44:40,1,12
مِيقَاتِ,1,56:50,1,8
ن,1,68:1,1,1
نَأْتِ,1,2:106,1,6
نَأْتِيَكُمْ,1,14:11,1,12
نَأْخُذَ,1,12:79,1,8
نَأْكُلَ,1,5:113,1,8
نَاجٍ,1,12:42,1,5
نَاجَيْتُمُ,1,58:12,1,11
نَادَانَا,1,37:75,1,9
نَادَاهُ,1,79:16,1,8
نَادَيْتُمْ,1,5:58,1,11
نَادَيْنَا,1,28:46,1,10
نَادُوا,1,18:52,1,7
نَادِيكُمُ,1,29:29,1,10
نَادِيَهُ,1,96:17,1,9
نَاسِكُوهُ,1,22:67,1,10
نَاشِئَةَ,1,73:6,1,9
نَاصِبَةٌ,1,88:3,1,9
نَاصِحٌ,1,7:68,1,7
نَاصِحُونَ,1,28:12,1,10
نَاصِرًا,1,72:24,1,8
نَاصِرٍ,1,86:10,1,7
نَاصِرَ,1,47:13,1,7
نَاصِيَةٍ,1,96:16,1,9
نَاضِرَةٌ,1,75:22,1,9
نَاظِرَةٌ,1,75:23,1,9
نَاظِرِينَ,1,33:53,1,10
نَاعِمَةٌ,1,88:8,1,9
نَاقَةٌ,1,26:155,1,7
نَاقَةَ,1,91:13,1,7
نَاكِسُو,1,32:12,1,8
نَبَأٌ,1,38:67,1,6
نَبَأَهُ,1,38:88,1,8
نَبَأَهُمْ,1,18:13,1,10
نَبَإٍ,1,6:67,1,6
نَبَاتٍ,1,20:53,1,7
نَبَاتَ,1,6:99,1,7
نَبَذَ,1,2:101,1,6
نَبَذَهُ,1,2:100,1,8
نَبَّأَتْ,1,66:3,1,9
نَبَّأَنَا,1,9:94,1,10
نَبَّأَنِيَ,1,66:3,1,11
نَبَّأَهَا,1,66:3,1,10
نَبَّأْتُكُمَا,1,12:37,1,14
نَبِّئُونِي,1,6:143,1,11
نَبِّئْ,1,15:49,1,7
نَبِّئْنَا,1,12:36,1,10
نَبْتَغِي,1,28:55,1,9
نَبْتَلِيهِ,1,76:2,1,11
نَبْتَهِلْ,1,3:61,1,10
نَبْرَأَهَا,1,57:22,1,11
نَبْرَحَ,1,20:91,1,8
نَبْطِشُ,1,44:16,1,8
نَبْعَثَ,1,17:15,1,8
نَبْغِ,1,18:64,1,6
نَبْغِي,1,12:65,1,7
نَبْلُوهُمْ,1,7:163,1,11
نَتَبَوَّأُ,1,39:74,1,11
نَتَقَبَّلُ,1,46:16,1,11
نَتَقْنَا,1,7:171,1,9
نَتَكَلَّمَ,1,24:16,1,11
نَتَنَزَّلُ,1,19:64,1,11
نَتَوَكَّلَ,1,14:12,1,11
نَتَّبِعُهُ,1,54:24,1,11
نَتَّبِعِ,1,28:57,1,9
نَتَّبِعْكُمْ,1,48:15,1,13
نَتْرُكَ,1,11:87,1,8
نَتْلُو,1,28:3,1,7
نَتْلُوهُ,1,3:58,1,9
نَجَا,1,12:45,1,5
نَجَسٌ,1,9:28,1,6
نَجَوْتَ,1,28:25,1,8
نَجَّاكُمْ,1,17:67,1,10
نَجَّيْنَاكُمْ,1,2:49,1,14
نَجَّيْنَاهُ,1,37:134,1,12
نَجَّيْنَاهُمْ,1,54:34,1,14
نَجِدْ,1,20:115,1,6
نَجْزِيهِ,1,21:29,1,9
نَجْعَلَ,1,18:48,1,8
نَجْعَلَهُمْ,1,45:21,1,12
نَجْعَلُهَا,1,28:83,1,11
نَجْعَلْهُمَا,1,41:29,1,13
نَجْمَعَ,1,75:3,1,8
نَجْوَاهُمْ,1,4:114,1,11
نَحِسَاتٍ,1,41:16,1,9
نَحْبَهُ,1,33:23,1,8
نَحْسٍ,1,54:19,1,6
نَخِرَةً,1,79:11,1,8
نَخْتِمُ,1,36:65,1,8
نَخْسِفْ,1,34:9,1,8
نَخْشَى,1,5:52,1,7
نَخْلُقْكُمْ,1,77:20,1,12
نَدُلُّكُمْ,1,34:7,1,11
نَدِيًّا,1,19:73,1,8
نَدْعُ,1,3:61,1,6
نَدْعُوهُ,1,52:28,1,9
نَدْعُوَ,1,18:14,1,8
نَذَرْتُمْ,1,2:270,1,10
نَذِلَّ,1,20:134,1,7
نَذِيرِ,1,67:17,1,7
نَذْرٍ,1,2:270,1,6
نَذْهَبَنَّ,1,43:41,1,11
نَرِثُ,1,19:40,1,6
نَرْزُقُكَ,1,20:132,1,10
نَرْزُقُكُمْ,1,6:151,1,12
نَرْزُقُهُمْ,1,17:31,1,12
نَزَعْنَاهَا,1,11:9,1,12
نَزَغَ,1,12:100,1,6
نَزَّاعَةً,1,70:16,1,10
نَزَّلْنَاهُ,1,26:198,1,12
نَزِيدَكُمْ,1,78:30,1,11
نَزْلَةً,1,53:13,1,8
نَسُوقُ,1,32:27,1,7
نَسُوهُ,1,7:53,1,7
نَسِيتَ,1,18:24,1,7
نَسِينَا,1,2:286,1,8
نَسِينَاكُمْ,1,32:14,1,12
نَسِيًّا,1,19:64,1,8
نَسِيَ,1,39:8,1,6
نَسِيَا,1,18:61,1,7
نَسْأَلُكَ,1,20:132,1,10
نَسْتَبِقُ,1,12:17,1,10
نَسْتَحْوِذْ,1,4:141,1,12
نَسْتَعِينُ,1,1:5,1,11
نَسْتَنْسِخُ,1,45:29,1,12
نَسْخَرُ,1,11:38,1,8
نَسْقِي,1,28:23,1,7
نَسْلَخُ,1,36:37,1,8
نَسْلَهُ,1,32:8,1,8
نَسْلُكُهُ,1,15:12,1,10
نَسْيًا,1,19:23,1,7
نَشْتَرِي,1,5:106,1,9
نَشْرًا,1,77:3,1,7
نَشْرَحْ,1,94:1,1,8
نَشْطًا,1,79:2,1,7
نَشْهَدُ,1,63:1,1,8
نَصَبًا,1,18:62,1,7
نَصَحُوا,1,9:91,1,8
نَصَرَهُ,1,9:40,1,8
نَصَرَهُمُ,1,46:28,1,10
نَصَرُوهُمْ,1,59:12,1,11
نَصُوحًا,1,66:8,1,8
نَصِيبٍ,1,42:20,1,7
نَصِيبَكَ,1,28:77,1,9
نَصِيبُهُمْ,1,7:37,1,11
نَصْبِرَ,1,2:61,1,8
نَصْرَانِيًّا,1,3:67,1,13
نَصْرَكُمْ,1,7:197,1,10
نَصْرَهُمْ,1,36:75,1,10
نَصْرِهِمْ,1,22:39,1,10
نَضَّاخَتَانِ,1,55:66,1,13
نَضِجَتْ,1,4:56,1,8
نَضِيدٌ,1,50:10,1,7
نَضْرَةً,1,76:11,1,8
نَضْرَةَ,1,83:24,1,8
نَضْطَرُّهُمْ,1,31:24,1,13
نَطْبَعُ,1,10:74,1,8
نَطْمَعُ,1,26:51,1,8
نَطْمِسَ,1,4:47,1,8
نَطْوِي,1,21:104,1,7
نَظُنُّ,1,45:32,1,7
نَظُنُّكَ,1,26:186,1,9
نَظُنُّكُمْ,1,11:27,1,11
نَظْرَةً,1,37:88,1,8
نَعُدُّ,1,19:84,1,7
نَعُدُّهُمْ,1,38:62,1,11
نَعُدْ,1,8:19,1,6
نَعُودَ,1,7:89,1,7
نَعِيمًا,1,76:20,1,8
نَعِيمٌ,1,9:21,1,7
نَعْبُدُهُمْ,1,39:3,1,12
نَعْجَةً,1,38:23,1,8
نَعْجَةٌ,1,38:23,1,8
نَعْجَتِكَ,1,38:24,1,10
نَعْفُ,1,9:66,1,6
نَعْقِلُ,1,67:10,1,8
نَعْلَمَ,1,47:31,1,8
نَعْلَمُهُمْ,1,9:101,1,12
نَعْلَيْكَ,1,20:12,1,10
نَعْمَاءَ,1,11:10,1,9
نَفَادٍ,1,38:54,1,7
نَفَرٌ,1,72:1,1,6
نَفَرَ,1,9:122,1,6
نَفَشَتْ,1,21:78,1,8
نَفَعَتِ,1,87:9,1,8
نَفَقًا,1,6:35,1,7
نَفَقَاتُهُمْ,1,9:54,1,13
نَفَقَةً,1,9:121,1,8
نَفَقَةٍ,1,2:270,1,8
نَفِدَتْ,1,31:27,1,8
نَفِيرًا,1,17:6,1,8
نَفْحَةٌ,1,21:46,1,8
نَفْخَةٌ,1,69:13,1,8
نَفْسَهَا,1,33:50,1,9
نَفْسُكَ,1,35:8,1,8
نَفْسِ,1,12:68,1,6
نَفْسِهَا,1,16:111,1,9
نَفْعَلَ,1,11:87,1,8
نَفْعِهِ,1,22:13,1,8
نَفْعِهِمَا,1,2:219,1,11
نَفْقَهُ,1,11:91,1,8
نَفْقِدُ,1,12:72,1,8
نَقَضَتْ,1,16:92,1,8
نَقُصُّهُ,1,11:100,1,9
نَقُولَ,1,16:40,1,7
نَقِيبًا,1,5:12,1,8
نَقْبًا,1,18:97,1,7
نَقْتَبِسْ,1,57:13,1,10
نَقْدِرَ,1,21:87,1,8
نَقْذِفُ,1,21:18,1,8
نَقْرَؤُهُ,1,17:93,1,10
نَقْصُصْ,1,40:78,1,8
نَقْصُصْهُمْ,1,4:164,1,12
نَقْعًا,1,100:4,1,7
نَقْعُدُ,1,72:9,1,8
نَكَالَ,1,79:25,1,7
نَكَثَ,1,48:10,1,6
نَكَحَ,1,4:22,1,6
نَكَحْتُمُ,1,33:49,1,10
نَكَصَ,1,8:48,1,6
نَكِدًا,1,7:58,1,7
نَكِرَهُمْ,1,11:70,1,10
نَكِيرٍ,1,42:47,1,7
نَكِّرُوا,1,27:41,1,9
نَكْتَلْ,1,12:63,1,8
نَكْتُمُ,1,5:106,1,8
نَكْسُوهَا,1,2:259,1,10
نَكْفُرَ,1,34:33,1,8
نَلْعَنَهُمْ,1,4:47,1,12
نَمُنَّ,1,28:5,1,7
نَمْلَةٌ,1,27:18,1,8
نَنْسَاكُمْ,1,45:34,1,11
نَنْسَاهُمْ,1,7:51,1,11
نَنْسَخْ,1,2:106,1,8
نَنْظُرْ,1,27:41,1,8
نَنْهَكَ,1,15:70,1,8
نَهَارٍ,1,46:35,1,7
نَهَاكُمَا,1,7:20,1,10
نَهَاكُمْ,1,59:7,1,9
نَهَرًا,1,18:33,1,7
نَهْدِي,1,42:52,1,7
نَوْمٌ,1,2:255,1,6
نَوْمَكُمْ,1,78:9,1,10
نَيْلًا,1,9:120,1,7
نُؤَخِّرُهُ,1,11:104,1,11
نُؤْتَى,1,6:124,1,7
نُؤْتِهَا,1,33:31,1,9
نُؤْثِرَكَ,1,20:72,1,10
نُبَيِّنُ,1,5:75,1,9
نُتَخَطَّفْ,1,28:57,1,11
نُتْبِعُهُمُ,1,77:17,1,12
نُثَبِّتُ,1,11:120,1,9
نُجَازِي,1,34:17,1,8
نُجِبْ,1,14:44,1,6
نُخْفِي,1,14:38,1,7
نُخْلِفُهُ,1,20:58,1,10
نُدَاوِلُهَا,1,3:140,1,12
نُذُورَهُمْ,1,22:29,1,11
نُذِيقُهُمُ,1,10:70,1,11
نُذْرًا,1,77:6,1,7
نُرَبِّكَ,1,26:18,1,9
نُرِي,1,6:75,1,5
نُرِيهِمْ,1,43:48,1,9
نُرِيَكَ,1,23:95,1,8
نُرْسِلَ,1,17:59,1,8
نُزُلُهُمْ,1,56:56,1,10
نُزِّلَتْ,1,47:20,1,9
نُسَارِعُ,1,23:56,1,9
نُسَبِّحَكَ,1,20:33,1,11
نُسَبِّحُ,1,2:30,1,9
نُسَوِّيكُمْ,1,26:98,1,12
نُسَوِّيَ,1,75:4,1,9
نُسَيِّرُ,1,18:47,1,9
نُسُكٍ,1,2:196,1,6
نُسِفَتْ,1,77:10,1,8
نُسْأَلُ,1,34:25,1,8
نُسْخَتِهَا,1,7:154,1,11
نُسْقِطْ,1,34:9,1,8
نُشُوزًا,1,4:128,1,8
نُشُوزَهُنَّ,1,4:34,1,12
نُشِرَتْ,1,81:10,1,8
نُصُبٍ,1,70:43,1,6
نُصِبَتْ,1,88:19,1,8
نُصِيبُ,1,12:56,1,7
نُصْحِي,1,11:34,1,7
نُصْلِيهِ,1,4:30,1,9
نُصْلِيهِمْ,1,4:56,1,11
نُطِيعُ,1,59:11,1,7
نُطْعِمُ,1,74:44,1,8
نُطْعِمُكُمْ,1,76:9,1,12
نُعَاسًا,1,3:154,1,8
نُعَذِّبُهُ,1,18:87,1,11
نُعَذِّبْ,1,9:66,1,9
نُعَمِّرْكُمْ,1,35:37,1,13
نُعَمِّرْهُ,1,36:68,1,11
نُعِيدُكُمْ,1,20:55,1,11
نُعِيدُهُ,1,21:104,1,9
نُعْجِزَ,1,72:12,1,8
نُعْجِزَهُ,1,72:12,1,10
نُعْلِنُ,1,14:38,1,8
نُغَادِرْ,1,18:47,1,9
نُغْرِقْهُمْ,1,36:43,1,12
نُفُوسِكُمْ,1,17:25,1,11
نُقَاتِلَ,1,2:246,1,9
نُقَاتِلْ,1,2:246,1,9
نُقَيِّضْ,1,43:36,1,9
نُقِرَ,1,74:8,1,6
نُقِيمُ,1,18:105,1,7
نُكَذِّبَ,1,6:27,1,9
نُكَذِّبُ,1,74:46,1,9
نُكَفِّرْ,1,4:31,1,9
نُكَلِّمُ,1,19:29,1,9
نُكُرٍ,1,54:6,1,6
نُكِسُوا,1,21:65,1,8
نُمَتِّعُهُمْ,1,31:24,1,13
نُمِدُّ,1,17:20,1,7
نُمِدُّهُمْ,1,23:55,1,11
نُنَبِّئُكُمْ,1,18:103,1,13
نُنَجِّيكَ,1,10:92,1,10
نُنَزِّلُ,1,15:8,1,9
نُنَزِّلُهُ,1,15:21,1,11
نُنَزِّلْ,1,26:4,1,9
نُنَكِّسْهُ,1,36:68,1,11
نُنْجِ,1,10:103,1,6
نُنْجِي,1,21:88,1,7
نُنْسِهَا,1,2:106,1,9
نُنْشِزُهَا,1,2:259,1,11
نُهْلِكَ,1,17:16,1,8
نُهْلِكِ,1,77:16,1,8
نُوحِيهَا,1,11:49,1,9
نُورَنَا,1,66:8,1,8
نُورَهُ,1,9:32,1,7
نُورُ,1,24:35,1,5
نُورِثُ,1,19:63,1,7
نُورِكُمْ,1,57:13,1,9
نُوَفِّ,1,11:15,1,7
نُوَلِّهِ,1,4:115,1,9
نُوَلِّي,1,6:129,1,8
نِحْلَةً,1,4:4,1,8
نِدَاءً,1,19:3,1,7
نِسَاءً,1,4:11,1,7
نِسَاءٌ,1,49:11,1,7
نِسَاءٍ,1,49:11,1,7
نِسَاءِ,1,3:42,1,7
نِسَاؤُكُمْ,1,2:223,1,11
نِسَائِكُمُ,1,4:23,1,11
نِسْوَةٌ,1,12:30,1,8
نِصْفَهُ,1,73:3,1,8
نِعَاجِهِ,1,38:24,1,9
نِعَمَهُ,1,31:20,1,8
نِعِمَّا,1,4:58,1,8
نِعْمَةُ,1,37:57,1,8
نِفَاقًا,1,9:77,1,8
هَاؤُمُ,1,69:19,1,7
هَاتَيْنِ,1,28:27,1,9
هَاجَرَ,1,59:9,1,7
هَاجَرْنَ,1,33:50,1,9
هَادِيًا,1,25:31,1,8
هَادِيَ,1,7:186,1,7
هَارٍ,1,9:109,1,5
هَارُوتَ,1,2:102,1,8
هَالِكٌ,1,28:88,1,7
هَامِدَةً,1,22:5,1,9
هَاوِيَةٌ,1,101:9,1,9
هَجْرًا,1,73:10,1,7
هَدًّا,1,19:90,1,6
هَدَانِ,1,6:80,1,7
هَدَاهُمُ,1,39:18,1,9
هَدَاهُمْ,1,9:115,1,9
هَدَيْتَنَا,1,3:8,1,11
هَدَيْنَاهُ,1,76:3,1,11
هَدْيًا,1,5:95,1,7
هَرَبًا,1,72:12,1,7
هَشِيمًا,1,18:45,1,8
هَضِيمٌ,1,26:148,1,7
هَضْمًا,1,20:112,1,7
هَلُوعًا,1,70:19,1,8
هَلِ,1,50:30,1,4
هَمَزَاتِ,1,23:97,1,9
هَمَّ,1,5:11,1,5
هَمَّازٍ,1,68:11,1,8
هَمْسًا,1,20:108,1,7
هَوَاءٌ,1,14:43,1,7
هَوْنًا,1,25:63,1,7
هَيِّنًا,1,24:15,1,8
هَيْتَ,1,12:23,1,6
هُدَاهَا,1,32:13,1,8
هُدِيَ,1,3:101,1,6
هُدْنَا,1,7:156,1,7
هُمَا,1,9:40,1,5
هُمَزَةٍ,1,104:1,1,8
هُودٌ,1,26:124,1,5
هُودُ,1,11:53,1,5
هُونٍ,1,16:59,1,5
هِيَهْ,1,101:10,1,6
وَآبَاؤُكُمُ,1,26:76,1,12
وَآتَاهُ,1,2:251,1,8
وَآتَاهُمْ,1,47:17,1,10
وَآتَتْ,1,12:31,1,7
وَآتَيْتُمُ,1,5:12,1,11
وَآتَيْتُمْ,1,4:20,1,11
وَآتَيْنَاهُمَا,1,37:117,1,15
وَآتُوهُنَّ,1,4:25,1,11
وَآتِ,1,17:26,1,5
وَآتِنَا,1,3:194,1,8
وَآتِينَ,1,33:33,1,8
وَآثَارَهُمْ,1,36:12,1,12
وَآثَرَ,1,79:38,1,7
وَآخَرَ,1,9:102,1,7
وَآخَرُ,1,38:58,1,7
وَآخِرُ,1,10:10,1,7
وَآخِرِنَا,1,5:114,1,10
وَآلُ,1,2:248,1,5
وَآلِهَتَكَ,1,7:127,1,11
وَآمَنَهُمْ,1,106:4,1,11
وَآوَيْنَاهُمَا,1,23:50,1,15
وَآيَةً,1,5:114,1,7
وَأَبًّا,1,80:31,1,8
وَأَبَارِيقَ,1,56:18,1,12
وَأَبَى,1,20:56,1,7
وَأَبُونَا,1,28:23,1,10
وَأَبِيهِ,1,80:35,1,9
وَأَبْشِرُوا,1,41:30,1,12
وَأَبْصَارًا,1,46:26,1,12
وَأَبْصَارَكُمْ,1,6:46,1,15
وَأَبْصَارَهُمْ,1,6:110,1,15
وَأَبْصَارُهُمْ,1,41:20,1,15
وَأَبْصِرْهُمْ,1,37:175,1,14
وَأَبْكَارًا,1,66:5,1,12
وَأَبْكَى,1,53:43,1,9
وَأَبْنَاءَكُمْ,1,3:61,1,15
وَأَبْنَائِنَا,1,2:246,1,14
وَأَتَاهُمُ,1,16:26,1,11
وَأَتَيْنَاكَ,1,15:64,1,13
وَأَتِمُّوا,1,2:196,1,11
وَأَتْبَعْنَاهُمْ,1,28:42,1,17
وَأَتْرَفْنَاهُمْ,1,23:33,1,17
وَأَتْمَمْتُ,1,5:3,1,12
وَأَتْمَمْنَاهَا,1,7:142,1,16
وَأَثَابَهُمْ,1,48:18,1,13
وَأَثَارُوا,1,30:9,1,11
وَأَثْقَالًا,1,29:13,1,12
وَأَثْلٍ,1,34:16,1,8
وَأَجْدَرُ,1,9:97,1,10
وَأَجْرٍ,1,36:11,1,8
وَأَجْلِبْ,1,17:64,1,10
وَأَجْمَعُوا,1,12:15,1,12
وَأَحَاطَ,1,72:28,1,9
وَأَحَاطَتْ,1,2:81,1,11
وَأَحَلَّ,1,2:275,1,9
وَأَحَلُّوا,1,14:28,1,11
وَأَحِبَّاؤُهُ,1,5:18,1,14
وَأَحْسَنَ,1,25:33,1,10
وَأَحْسَنُوا,1,5:93,1,12
وَأَحْسِنُوا,1,2:195,1,12
وَأَحْسِنْ,1,28:77,1,10
وَأَحْصَى,1,72:28,1,9
وَأَحْصُوا,1,65:1,1,10
وَأَحْيَا,1,53:44,1,9
وَأَحْيَيْتَنَا,1,40:11,1,15
وَأَحْيَيْنَا,1,50:11,1,13
وَأَخَافُ,1,12:13,1,9
وَأَخَذَتِ,1,11:94,1,10
وَأَخَذْتُمْ,1,3:81,1,12
وَأَخَذْنَ,1,4:21,1,10
وَأَخَذْنَاهُمْ,1,43:48,1,15
وَأَخَّرَ,1,75:13,1,9
وَأَخَّرَتْ,1,82:5,1,11
وَأَخُوكَ,1,20:42,1,9
وَأَخُوهُ,1,12:8,1,9
وَأَخْبَتُوا,1,11:23,1,12
وَأَخْذِهِمُ,1,4:161,1,12
وَأَخْرَجَ,1,79:29,1,10
وَأَخْرَجَتِ,1,99:2,1,12
وَأَخْرَجُوكُمْ,1,60:9,1,15
وَأَخْرَجْنَا,1,36:33,1,13
وَأَخْرِجُوهُمْ,1,2:191,1,15
وَأَخْرِجْنِي,1,17:80,1,13
وَأَخْفَى,1,20:7,1,9
وَأَخْلَصُوا,1,4:146,1,12
وَأَدَاءٌ,1,2:178,1,9
وَأَدْبَارَ,1,50:40,1,11
وَأَدْخَلْنَاهُ,1,21:75,1,15
وَأَدْخَلْنَاهُمْ,1,21:86,1,17
وَأَدْخِلْ,1,27:12,1,10
وَأَدْخِلْنَا,1,7:151,1,13
وَأَدْخِلْنِي,1,27:19,1,13
وَأَدْخِلْهُمْ,1,40:8,1,14
وَأَدْعُو,1,19:48,1,9
وَأَدْنَى,1,2:282,1,9
وَأَذَانٌ,1,9:3,1,9
وَأَذِّنْ,1,22:27,1,9
وَأَرَادُوا,1,21:70,1,11
وَأَرَى,1,20:46,1,7
وَأَرِنَا,1,2:128,1,9
وَأَرْجُلِهِنَّ,1,60:12,1,15
وَأَرْسَلَ,1,105:3,1,10
وَأَرْسَلْنَاكَ,1,4:79,1,15
وَأَرْسَلْنَاهُ,1,37:147,1,15
وَأَرْسِلْ,1,7:111,1,10
وَأَرْضًا,1,33:27,1,9
وَأَرْضُ,1,39:10,1,8
وَأَزْلَفْنَا,1,26:64,1,13
وَأَزْوَاجٌ,1,3:15,1,11
وَأَزْوَاجَهُمْ,1,37:22,1,15
وَأَزْوَاجُهُ,1,33:6,1,13
وَأَزْوَاجُهُمْ,1,36:56,1,15
وَأَسَرُّوهُ,1,12:19,1,12
وَأَسَلْنَا,1,34:12,1,11
وَأَسِرُّوا,1,67:13,1,11
وَأَسِيرًا,1,76:8,1,10
وَأَسْبَغَ,1,31:20,1,10
وَأَسْرَرْتُ,1,71:9,1,12
وَأَسْقَيْنَاكُمْ,1,77:27,1,17
وَأَسْلَمْتُ,1,27:44,1,12
وَأَسْلِحَتَهُمْ,1,4:102,1,16
وَأَسْلِمُوا,1,39:54,1,12
وَأَسْمِعْ,1,18:26,1,10
وَأَشَدُّ,1,4:84,1,9
وَأَشْرَقَتِ,1,39:69,1,12
وَأَشْرِكْهُ,1,20:32,1,12
وَأَشْعَارِهَا,1,16:80,1,14
وَأَشْفَقْنَ,1,33:72,1,12
وَأَشْهَدَهُمْ,1,7:172,1,14
وَأَصَابَهُ,1,2:266,1,11
وَأَصَرُّوا,1,71:7,1,11
وَأَصْحَابِ,1,9:70,1,11
وَأَصْفَاكُمْ,1,43:16,1,13
وَأَصْلَحَا,1,4:16,1,11
وَأَصْلَحْنَا,1,21:90,1,13
وَأَصْلِحُوا,1,8:1,1,12
وَأَضَلَّهُ,1,45:23,1,11
وَأَضَلَّهُمُ,1,20:85,1,13
وَأَضَلُّوا,1,5:77,1,11
وَأَضْعَفُ,1,19:75,1,10
وَأَطِعْنَ,1,33:33,1,10
وَأَطْرَافَ,1,20:130,1,11
وَأَطْغَى,1,53:52,1,9
وَأَظْهَرَهُ,1,66:3,1,12
وَأَعَانَهُ,1,25:4,1,11
وَأَعَزُّ,1,18:34,1,9
وَأَعُوذُ,1,23:98,1,9
وَأَعِدُّوا,1,8:60,1,11
وَأَعْتَدَتْ,1,12:31,1,12
وَأَعْتَزِلُكُمْ,1,19:48,1,16
وَأَعْرَضَ,1,66:3,1,10
وَأَعْطَى,1,53:34,1,9
وَأَعْظَمَ,1,73:20,1,10
وَأَعْمَى,1,47:23,1,9
وَأَعْنَابًا,1,78:32,1,12
وَأَعْيُنُهُمْ,1,9:92,1,14
وَأَغْطَشَ,1,79:29,1,10
وَأَغْلَالًا,1,76:4,1,12
وَأَفْئِدَةً,1,46:26,1,12
وَأَفْئِدَتُهُمْ,1,14:43,1,16
وَأَقَلُّ,1,72:24,1,9
وَأَقُلْ,1,7:22,1,8
وَأَقِمْنَ,1,33:33,1,10
وَأَقْبَلُوا,1,12:71,1,12
وَأَقْرَبَ,1,18:81,1,10
وَأَقْرَضُوا,1,57:18,1,12
وَأَقْرَضْتُمُ,1,5:12,1,14
وَأَقْرِضُوا,1,73:20,1,12
وَأَقْسِطُوا,1,49:9,1,12
وَأَقْنَى,1,53:48,1,9
وَأَقْوَمَ,1,4:46,1,10
وَأَكِيدُ,1,86:16,1,9
وَأَكْبَرُ,1,17:21,1,10
وَأَكْثَرَ,1,9:69,1,10
وَأَكْثَرُ,1,28:78,1,10
وَأَكْدَى,1,53:34,1,9
وَأَكْلِهِمْ,1,4:161,1,12
وَأَكْوَابٌ,1,88:14,1,11
وَأَلَنَّا,1,34:10,1,10
وَأَلَّفَ,1,8:63,1,9
وَأَلَّوِ,1,72:16,1,9
وَأَلْزَمَهُمْ,1,48:26,1,14
وَأَلْسِنَتَهُمْ,1,60:2,1,16
وَأَلْفَيَا,1,12:25,1,11
وَأَلْقَتْ,1,84:4,1,10
وَأَلْقَيْتُ,1,20:39,1,12
وَأَلْقُوهُ,1,12:10,1,11
وَأَلْوَانِكُمْ,1,30:22,1,15
وَأَمَرُوا,1,22:41,1,10
وَأَمَرُّ,1,54:46,1,9
وَأَمْتِعَتِكُمْ,1,4:102,1,16
وَأَمْدَدْنَاكُمْ,1,17:6,1,17
وَأَمْدَدْنَاهُمْ,1,52:22,1,17
وَأَمْرُهُ,1,2:275,1,10
وَأَمْرُهُمْ,1,42:38,1,12
وَأَمْلَى,1,47:25,1,9
وَأَمْنًا,1,2:125,1,9
وَأَمْوَاتًا,1,77:26,1,12
وَأَمْوَالًا,1,10:88,1,12
وَأَمْوَالٌ,1,9:24,1,11
وَأَمْوَالِهِمْ,1,59:8,1,15
وَأَنَابَ,1,38:24,1,9
وَأَنَابُوا,1,39:17,1,11
وَأَنَاسِيَّ,1,25:49,1,12
وَأَنَّكَ,1,20:119,1,9
وَأَنَّكُمْ,1,23:115,1,11
وَأَنِيبُوا,1,39:54,1,11
وَأَنْبَتَتْ,1,22:5,1,12
وَأَنْبَتَهَا,1,3:37,1,13
وَأَنْذِرِ,1,14:44,1,10
وَأَنْصَحُ,1,7:62,1,10
وَأَنْصِتُوا,1,7:204,1,12
وَأَنْعَمْتَ,1,33:37,1,12
وَأَنْفُسَكُمْ,1,3:61,1,14
وَأَنْفُسَنَا,1,3:61,1,13
وَأَنْفُسَهُمْ,1,7:177,1,14
وَأَنْفُسُهُمْ,1,32:27,1,14
وَأَنْكِحُوا,1,24:32,1,12
وَأَهُشُّ,1,20:18,1,9
وَأَهْدِيَكَ,1,79:19,1,12
وَأَهْلَكْنَا,1,21:9,1,13
وَأَهْلَنَا,1,12:88,1,11
وَأَهْلَهَا,1,48:26,1,11
وَأَهْلُ,1,74:56,1,8
وَأَهْلُونَا,1,48:11,1,12
وَأَهْلِي,1,26:169,1,9
وَأَهْلِيكُمْ,1,66:6,1,13
وَأَوْبَارِهَا,1,16:80,1,14
وَأَوْجَسَ,1,11:70,1,10
وَأَوْرَثَكُمْ,1,33:27,1,14
وَأَوْرَثَنَا,1,39:74,1,13
وَأَوْصَانِي,1,19:31,1,12
وَأَوْلَادُهُمْ,1,9:85,1,15
وَأَوْلَادِكُمْ,1,64:14,1,15
وَأَيَّامًا,1,34:18,1,11
وَأَيَّدَكُمْ,1,8:26,1,13
وَأَيَّدَهُ,1,9:40,1,11
وَأَيَّدَهُمْ,1,58:22,1,13
وَأَيْدِي,1,59:2,1,9
وَأَيْدِيهِمْ,1,24:24,1,13
وَأَيْمَانِهِمْ,1,3:77,1,15
وَأُبَلِّغُكُمْ,1,46:23,1,15
وَأُبْرِئُ,1,3:49,1,10
وَأُتُوا,1,2:25,1,8
وَأُحِلَّ,1,4:24,1,9
وَأُحِلَّتْ,1,22:30,1,11
وَأُحِيطَ,1,18:42,1,9
وَأُحْضِرَتِ,1,4:128,1,12
وَأُحْيِي,1,3:49,1,9
وَأُخَرُ,1,3:7,1,8
وَأُخِذُوا,1,34:51,1,10
وَأُخْرِجُوا,1,3:195,1,12
وَأُسَرِّحْكُنَّ,1,33:28,1,16
وَأُشْرِبُوا,1,2:93,1,12
وَأُشْرِكَ,1,40:42,1,10
وَأُفَوِّضُ,1,40:44,1,11
وَأُلْقِيَ,1,7:120,1,10
وَأُمَمٌ,1,11:48,1,8
وَأُمَّهَاتُ,1,4:23,1,12
وَأُمَّهَاتُكُمُ,1,4:23,1,16
وَأُمُّهُ,1,5:75,1,9
وَأُمِرْنَا,1,6:71,1,11
وَأُمِيتُ,1,2:258,1,9
وَأُمِّهِ,1,80:35,1,9
وَأُمِّيَ,1,5:116,1,9
وَأُنَبِّئُكُمْ,1,3:49,1,15
وَأُنْثَى,1,49:13,1,9
وَأُنْزِلَ,1,29:46,1,10
وَأُوتِيَتْ,1,27:23,1,11
وَأُولَئِكُمْ,1,4:91,1,13
وَأُولَاتُ,1,65:4,1,10
وَأُولِي,1,4:59,1,8
وَأْتَمِرُوا,1,65:6,1,12
وَأْتُوا,1,2:189,1,8
وَإِثْمُهُمَا,1,2:219,1,13
وَإِثْمِكَ,1,5:29,1,10
وَإِخْرَاجُ,1,2:217,1,11
وَإِخْوَانَكُمْ,1,9:23,1,15
وَإِخْوَانُ,1,50:13,1,11
وَإِخْوَانُكُمْ,1,9:24,1,15
وَإِخْوَانُهُمْ,1,7:202,1,15
وَإِخْوَانِهِمْ,1,6:87,1,15
وَإِخْوَتِهِ,1,12:7,1,12
وَإِدْبَارَ,1,52:49,1,11
وَإِدْرِيسَ,1,21:85,1,11
وَإِرْصَادًا,1,9:107,1,12
وَإِسْتَبْرَقٌ,1,76:21,1,14
وَإِسْرَائِيلَ,1,19:58,1,14
وَإِسْرَافَنَا,1,3:147,1,14
وَإِسْمَاعِيلُ,1,2:127,1,14
وَإِقَامَ,1,21:73,1,9
وَإِقَامِ,1,24:37,1,9
وَإِلَهَ,1,2:133,1,8
وَإِلَهُ,1,20:88,1,8
وَإِلَهُنَا,1,29:46,1,11
وَإِلَيَّ,1,22:48,1,9
وَإِلْيَاسَ,1,6:85,1,11
وَإِمَائِكُمْ,1,24:32,1,13
وَإِنَاثًا,1,42:50,1,10
وَإِنَّنَا,1,11:62,1,10
وَإِنَّنِي,1,6:19,1,10
وَإِنَّهُمَا,1,15:79,1,12
وَإِيتَاءَ,1,21:73,1,10
وَإِيَّاكَ,1,1:5,1,10
وَإِيَّاهُمْ,1,6:151,1,12
وَابْتَلُوا,1,4:6,1,11
وَابْتِغَاؤُكُمْ,1,30:23,1,16
وَابْنَهَا,1,21:91,1,10
وَابْيَضَّتْ,1,12:84,1,12
وَاتَّبَعَتْهُمْ,1,52:21,1,16
وَاتَّبَعَكَ,1,26:111,1,12
وَاتَّبَعْتُ,1,12:38,1,12
وَاتَّبَعْنَا,1,3:53,1,13
وَاتَّبِعُوا,1,39:55,1,12
وَاتَّبِعُونِ,1,43:61,1,13
وَاتَّبِعُوهُ,1,7:158,1,13
وَاتَّخَذْتُمُوهُ,1,11:92,1,17
وَاتَّخِذُوا,1,2:125,1,12
وَاتَّقُونِ,1,2:197,1,11
وَاتَّقِ,1,33:37,1,8
وَاتَّقِينَ,1,33:55,1,11
وَاتْرُكِ,1,44:24,1,9
وَاثَقَكُمْ,1,5:7,1,11
وَاجِفَةٌ,1,79:8,1,9
وَاجْتَبَيْنَا,1,19:58,1,14
وَاجْتَبَيْنَاهُمْ,1,6:87,1,18
وَاجْعَلُوا,1,10:87,1,11
وَاجْعَلْنِي,1,26:85,1,12
وَاجْعَلْهُ,1,19:6,1,11
وَاجْنُبْنِي,1,14:35,1,12
وَاحْذَرُوا,1,5:92,1,11
وَاحْذَرْهُمْ,1,5:49,1,13
وَاحْصُرُوهُمْ,1,9:5,1,14
وَاحْفَظُوا,1,5:89,1,11
وَاحْلُلْ,1,20:27,1,9
وَاخْتَارَ,1,7:155,1,10
وَاخْتَلَفُوا,1,3:105,1,13
وَاخْتِلَافُ,1,30:22,1,12
وَاخْشَوْا,1,31:33,1,10
وَاخْشَوْنِي,1,2:150,1,12
وَادٍ,1,26:225,1,5
وَادَّكَرَ,1,12:45,1,10
وَادِ,1,27:18,1,5
وَادِيًا,1,9:121,1,8
وَادْخُلِي,1,89:30,1,10
وَاذْكُرُوهُ,1,2:198,1,12
وَاذْكُرْنَ,1,33:34,1,11
وَارِدَهُمْ,1,12:19,1,11
وَارِدُهَا,1,19:71,1,10
وَارِدُونَ,1,21:98,1,10
وَارْتَابَتْ,1,9:45,1,12
وَارْتَبْتُمْ,1,57:14,1,13
وَارْتَقِبُوا,1,11:93,1,13
وَارْجُوا,1,29:36,1,9
وَارْجِعُوا,1,21:13,1,11
وَارْحَمْ,1,23:118,1,9
وَارْزُقُوهُمْ,1,4:5,1,14
وَارْزُقْ,1,2:126,1,9
وَارْزُقْنَا,1,5:114,1,12
وَارْزُقْهُمْ,1,14:37,1,13
وَارْعَوْا,1,20:54,1,10
وَارْكَعُوا,1,2:43,1,11
وَارْكَعِي,1,3:43,1,10
وَازَّيَّنَتْ,1,10:24,1,13
وَازْدَادُوا,1,18:25,1,12
وَازْدُجِرَ,1,54:9,1,11
وَاسِعًا,1,4:130,1,8
وَاسِعَةً,1,4:97,1,9
وَاسِعَةٍ,1,6:147,1,9
وَاسِعُ,1,53:32,1,7
وَاسْأَلِ,1,12:82,1,9
وَاسْأَلْ,1,43:45,1,9
وَاسْأَلْهُمْ,1,7:163,1,13
وَاسْتَبَقَا,1,12:25,1,12
وَاسْتَحْيُوا,1,40:25,1,13
وَاسْتَرْهَبُوهُمْ,1,7:116,1,18
وَاسْتَشْهِدُوا,1,2:282,1,15
وَاسْتَعِينُوا,1,2:45,1,14
وَاسْتَعْمَرَكُمْ,1,11:61,1,17
وَاسْتَغْشَوْا,1,71:7,1,14
وَاسْتَغْفَرَ,1,4:64,1,13
وَاسْتَغْفِرُوهُ,1,41:6,1,16
وَاسْتَغْفِرِ,1,4:106,1,13
وَاسْتَغْفِرِي,1,12:29,1,14
وَاسْتَغْفِرْهُ,1,110:3,1,15
وَاسْتَفْتَحُوا,1,14:15,1,15
وَاسْتَفْزِزْ,1,17:64,1,13
وَاسْتَقِمْ,1,42:15,1,11
وَاسْتَكْبَرْتَ,1,39:59,1,15
وَاسْتَكْبَرْتُمْ,1,46:10,1,17
وَاسْتَمِعْ,1,50:41,1,11
وَاسْتَمْتَعْتُمْ,1,46:20,1,17
وَاسْتَوَتْ,1,11:44,1,11
وَاسْتَوَى,1,28:14,1,10
وَاسْتَيْقَنَتْهَا,1,27:14,1,18
وَاسْجُدِي,1,3:43,1,10
وَاسْجُدْ,1,96:19,1,9
وَاشْتَرَوْا,1,3:187,1,12
وَاشْتَعَلَ,1,19:4,1,11
وَاشْدُدْ,1,10:88,1,9
وَاشْرَبِي,1,19:26,1,10
وَاشْهَدُوا,1,11:54,1,11
وَاصِبًا,1,16:52,1,8
وَاصِبٌ,1,37:9,1,7
وَاصْطَفَاكِ,1,3:42,1,12
وَاصْطَنَعْتُكَ,1,20:41,1,15
وَاصْفَحُوا,1,2:109,1,11
وَاصْفَحْ,1,5:13,1,9
وَاصْنَعِ,1,11:37,1,9
وَاضْرِبُوا,1,8:12,1,11
وَاضْرِبُوهُنَّ,1,4:34,1,15
وَاطْمَأَنُّوا,1,10:7,1,14
وَاعَدْنَا,1,2:51,1,10
وَاعِيَةٌ,1,69:12,1,9
وَاعْبُدُوهُ,1,29:17,1,12
وَاعْبُدْ,1,15:99,1,9
وَاعْفُ,1,2:286,1,7
وَاعْلَمْ,1,2:260,1,9
وَاغْضُضْ,1,31:19,1,9
وَافْعَلُوا,1,22:77,1,11
وَاقِعٍ,1,70:1,1,7
وَاقْتَرَبَ,1,21:97,1,11
وَاقْتَرِبْ,1,96:19,1,11
وَاقْصِدْ,1,31:19,1,9
وَاقْعُدُوا,1,9:5,1,11
وَاكْتُبْ,1,7:156,1,9
وَاكْسُوهُمْ,1,4:5,1,12
وَاكْفُرُوا,1,3:72,1,11
وَالتَّرَائِبِ,1,86:7,1,14
وَالتِّينِ,1,95:1,1,10
وَالثَّمَرَاتِ,1,2:155,1,14
وَالدَّارَ,1,33:29,1,10
وَالدَّارُ,1,7:169,1,10
وَالدَّمُ,1,5:3,1,9
وَالدَّوَابُّ,1,22:18,1,13
وَالدَّوَابِّ,1,35:28,1,13
وَالذَّارِيَاتِ,1,51:1,1,15
وَالذَّاكِرَاتِ,1,33:35,1,15
وَالذَّاكِرِينَ,1,33:35,1,15
وَالذِّكْرِ,1,3:58,1,11
وَالرَّاسِخُونَ,1,3:7,1,15
وَالرَّبَّانِيُّونَ,1,5:44,1,19
وَالرَّقِيمِ,1,18:9,1,12
وَالرَّكْبُ,1,8:42,1,11
وَالرَّيْحَانُ,1,55:12,1,14
وَالرُّجْزَ,1,74:5,1,11
وَالرُّهْبَانِ,1,9:34,1,14
وَالزَّانِي,1,24:2,1,11
وَالزَّانِيَةُ,1,24:3,1,14
وَالزَّرْعَ,1,6:141,1,11
وَالزَّيْتُونِ,1,95:1,1,14
وَالسَّائِلِينَ,1,2:177,1,15
وَالسَّابِحَاتِ,1,79:3,1,15
وَالسَّارِقَةُ,1,5:38,1,14
وَالسَّارِقُ,1,5:38,1,12
وَالسَّحَابِ,1,2:164,1,12
وَالسَّرَّاءُ,1,7:95,1,13
وَالسَّعَةِ,1,24:22,1,11
وَالسَّقْفِ,1,52:5,1,11
وَالسَّلَاسِلُ,1,40:71,1,14
وَالسَّمَاوَاتِ,1,20:4,1,15
وَالسَّمِيعِ,1,11:24,1,12
وَالسَّيِّئَاتِ,1,7:168,1,15
وَالسُّوءَ,1,16:27,1,10
وَالسِّنَّ,1,5:45,1,10
وَالشَّجَرَةَ,1,17:60,1,13
وَالشَّفْعِ,1,89:3,1,11
وَالشَّمَائِلِ,1,16:48,1,14
وَالشَّمْسِ,1,91:1,1,11
وَالشَّهْرَ,1,5:97,1,11
وَالشُّعَرَاءُ,1,26:224,1,14
وَالشُّهَدَاءُ,1,57:19,1,14
وَالصَّائِمَاتِ,1,33:35,1,15
وَالصَّائِمِينَ,1,33:35,1,15
وَالصَّابِئُونَ,1,5:69,1,15
وَالصَّابِرَاتِ,1,33:35,1,15
وَالصَّاحِبِ,1,4:36,1,12
وَالصَّادِقَاتِ,1,33:35,1,15
وَالصَّافَّاتِ,1,37:1,1,14
وَالصَّيْفِ,1,106:2,1,11
وَالصُّلْحُ,1,4:128,1,11
وَالصِّدِّيقِينَ,1,4:69,1,16
وَالضَّرَّاءُ,1,2:214,1,13
وَالضَّفَادِعَ,1,7:133,1,14
وَالضَّلَالِ,1,34:8,1,12
وَالضُّحَى,1,93:1,1,10
وَالطَّارِقِ,1,86:1,1,12
وَالطَّاغُوتِ,1,4:51,1,13
وَالطَّيِّبَاتُ,1,24:26,1,15
وَالطَّيِّبَاتِ,1,7:32,1,15
وَالطَّيِّبُ,1,5:100,1,12
وَالطَّيِّبُونَ,1,24:26,1,15
وَالطَّيْرُ,1,24:41,1,11
وَالطَّيْرِ,1,27:17,1,11
وَالطُّورِ,1,52:1,1,10
وَالظَّالِمُونَ,1,42:8,1,15
وَالظَّالِمِينَ,1,76:31,1,15
وَالظَّاهِرُ,1,57:3,1,12
وَاللَّذَانِ,1,4:16,1,12
وَاللَّهِ,1,6:23,1,9
وَالنَّارُ,1,47:12,1,10
وَالنَّازِعَاتِ,1,79:1,1,15
وَالنَّاشِرَاتِ,1,77:3,1,15
وَالنَّاشِطَاتِ,1,79:2,1,15
وَالنَّاهُونَ,1,9:112,1,13
وَالنَّبِيُّونَ,1,3:84,1,15
وَالنَّبِيِّ,1,5:81,1,12
وَالنَّجْمُ,1,55:6,1,11
وَالنَّجْمِ,1,53:1,1,11
وَالنَّخِيلَ,1,16:11,1,12
وَالنَّخْلُ,1,55:11,1,11
وَالنَّسْلَ,1,2:205,1,11
وَالنَّطِيحَةُ,1,5:3,1,14
وَالنَّهَارُ,1,41:37,1,12
وَالنَّوَى,1,6:95,1,10
وَالنَّوْمَ,1,25:47,1,11
وَالنُّجُومَ,1,7:54,1,12
وَالنُّذُرُ,1,10:101,1,11
وَالنُّورَ,1,6:1,1,10
وَالنُّورُ,1,13:16,1,10
وَالنُّورِ,1,64:8,1,10
وَالٍ,1,13:11,1,5
وَالِدٌ,1,31:33,1,7
وَالِدَةٌ,1,2:233,1,9
وَالِدَتِكَ,1,5:110,1,11
وَالِدِهِ,1,31:33,1,9
وَالْآخِرَةَ,1,22:11,1,12
وَالْآخِرُ,1,57:3,1,10
وَالْآخِرِينَ,1,56:49,1,13
وَالْأَبْصَارُ,1,24:37,1,14
وَالْأَبْصَارِ,1,38:45,1,14
وَالْأَحْزَابُ,1,40:5,1,14
وَالْأَذَى,1,2:264,1,10
وَالْأَرْحَامَ,1,4:1,1,14
وَالْأَزْلَامُ,1,5:90,1,14
وَالْأَسْبَاطَ,1,2:140,1,14
وَالْأَصَمِّ,1,11:24,1,12
وَالْأَعْنَابَ,1,16:11,1,14
وَالْأَعْنَابِ,1,16:67,1,14
وَالْأَعْنَاقِ,1,38:33,1,14
وَالْأَغْلَالَ,1,7:157,1,14
وَالْأَقْدَامِ,1,55:41,1,14
وَالْأَنْصَابُ,1,5:90,1,14
وَالْأَنْعَامَ,1,16:5,1,14
وَالْأَنْعَامُ,1,10:24,1,14
وَالْأَنْفَ,1,5:45,1,11
وَالْأَنْفُسِ,1,2:155,1,13
وَالْأَوَّلِينَ,1,77:38,1,15
وَالْأُذُنَ,1,5:45,1,11
وَالْأُمِّيِّينَ,1,3:20,1,16
وَالْإِثْمَ,1,7:33,1,11
وَالْإِحْسَانِ,1,16:90,1,14
وَالْإِشْرَاقِ,1,38:18,1,14
وَالْإِنْجِيلُ,1,3:65,1,14
وَالْإِنْسَ,1,51:56,1,11
وَالْبَادِ,1,22:25,1,10
وَالْبَاطِلَ,1,13:17,1,12
وَالْبَاطِنُ,1,57:3,1,12
وَالْبَحْرُ,1,31:27,1,11
وَالْبَصَرَ,1,17:36,1,11
وَالْبَصِيرِ,1,11:24,1,12
وَالْبَغْضَاءُ,1,60:4,1,14
وَالْبَغْيَ,1,7:33,1,11
وَالْبَغْيِ,1,16:90,1,11
وَالْبَلَدُ,1,7:58,1,11
وَالْبَنُونَ,1,18:46,1,12
وَالْبَنِينَ,1,3:14,1,12
وَالْبَيْتِ,1,52:4,1,11
وَالْبُدْنَ,1,22:36,1,11
وَالْبِغَالَ,1,16:8,1,12
وَالْتَفَّتِ,1,75:29,1,12
وَالْجَانَّ,1,15:27,1,11
وَالْجَرَادَ,1,7:133,1,12
وَالْجُرُوحَ,1,5:45,1,12
وَالْجُلُودُ,1,22:20,1,12
وَالْجُوعِ,1,2:155,1,10
وَالْجِبَالِ,1,33:72,1,12
وَالْجِبِلَّةَ,1,26:184,1,14
وَالْجِسْمِ,1,2:247,1,11
وَالْجِنِّ,1,6:112,1,10
وَالْحَافِظَاتِ,1,33:35,1,15
وَالْحَافِظُونَ,1,9:112,1,15
وَالْحَافِظِينَ,1,33:35,1,15
وَالْحَبُّ,1,55:12,1,10
وَالْحَجِّ,1,2:189,1,10
وَالْحَرْثِ,1,3:14,1,11
وَالْحَقَّ,1,38:84,1,10
وَالْحَمِيرَ,1,16:8,1,12
وَالْحَيَاةَ,1,67:2,1,12
وَالْحُرُمَاتُ,1,2:194,1,14
وَالْخَاشِعَاتِ,1,33:35,1,15
وَالْخَاشِعِينَ,1,33:35,1,15
وَالْخَامِسَةَ,1,24:9,1,14
وَالْخَامِسَةُ,1,24:7,1,14
وَالْخَبِيثُونَ,1,24:26,1,15
وَالْخَنَازِيرَ,1,5:60,1,15
وَالْخَوْفِ,1,16:112,1,11
وَالْخَيْرِ,1,21:35,1,11
وَالْخَيْلَ,1,16:8,1,11
وَالْخَيْلِ,1,3:14,1,11
وَالْعَادِيَاتِ,1,100:1,1,15
وَالْعَافِينَ,1,3:134,1,13
وَالْعَاكِفِينَ,1,2:125,1,15
وَالْعَامِلِينَ,1,9:60,1,15
وَالْعَبْدُ,1,2:178,1,11
وَالْعَذَابَ,1,2:175,1,12
وَالْعَصْرِ,1,103:1,1,11
وَالْعَمَلُ,1,35:10,1,11
وَالْعَنْهُمْ,1,33:68,1,13
وَالْعَيْنَ,1,5:45,1,11
وَالْعُزَّى,1,53:19,1,11
وَالْعُمْرَةَ,1,2:196,1,13
وَالْعِصْيَانَ,1,49:7,1,14
وَالْعِيرَ,1,12:82,1,10
وَالْغَارِمِينَ,1,9:60,1,15
وَالْغَاوُونَ,1,26:94,1,13
وَالْغَنَمِ,1,6:146,1,11
وَالْغَوْا,1,41:26,1,10
وَالْفَتْحُ,1,110:1,1,11
وَالْفَجْرِ,1,89:1,1,11
وَالْفَحْشَاءَ,1,12:24,1,14
وَالْفَحْشَاءِ,1,2:169,1,14
وَالْفُؤَادَ,1,17:36,1,12
وَالْفُرْقَانَ,1,2:53,1,14
وَالْفُرْقَانِ,1,2:185,1,14
وَالْفُسُوقَ,1,49:7,1,12
وَالْفُلْكَ,1,22:65,1,11
وَالْفُلْكِ,1,2:164,1,11
وَالْفِضَّةَ,1,9:34,1,12
وَالْفِضَّةِ,1,3:14,1,12
وَالْقَائِلِينَ,1,33:18,1,15
وَالْقَائِمِينَ,1,22:26,1,15
وَالْقَاسِيَةِ,1,22:53,1,14
وَالْقَانِتَاتِ,1,33:35,1,15
وَالْقَلَائِدَ,1,5:97,1,14
وَالْقَلَمِ,1,68:1,1,11
وَالْقَنَاطِيرِ,1,3:14,1,15
وَالْقَوَاعِدُ,1,24:60,1,14
وَالْقُرْآنَ,1,15:87,1,12
وَالْقُمَّلَ,1,7:133,1,12
وَالْكَاظِمِينَ,1,3:134,1,15
وَالْكَافِرِينَ,1,4:140,1,15
وَالْمَجُوسَ,1,22:17,1,12
وَالْمَرْوَةَ,1,2:158,1,13
وَالْمَسَاكِينُ,1,4:8,1,15
وَالْمَسِيحَ,1,9:31,1,12
وَالْمَسْكَنَةُ,1,2:61,1,15
وَالْمَطْلُوبُ,1,22:73,1,14
وَالْمَغَارِبِ,1,70:40,1,14
وَالْمَغْفِرَةِ,1,2:221,1,15
وَالْمَوْتَى,1,6:36,1,12
وَالْمَوْعِظَةِ,1,16:125,1,15
وَالْمَوْقُوذَةُ,1,5:3,1,16
وَالْمَيْسِرُ,1,5:90,1,13
وَالْمُؤَلَّفَةِ,1,9:60,1,16
وَالْمُؤْتَفِكَاتُ,1,69:9,1,18
وَالْمُؤْتَفِكَاتِ,1,9:70,1,18
وَالْمُؤْتَفِكَةَ,1,53:53,1,17
وَالْمُؤْتُونَ,1,4:162,1,14
وَالْمُؤْمِنِينَ,1,33:35,1,16
وَالْمُتَرَدِّيَةُ,1,5:3,1,18
وَالْمُتَصَدِّقَاتِ,1,33:35,1,19
وَالْمُتَصَدِّقِينَ,1,33:35,1,19
وَالْمُجَاهِدُونَ,1,4:95,1,17
وَالْمُرْجِفُونَ,1,33:60,1,16
وَالْمُرْسَلَاتِ,1,77:1,1,16
وَالْمُسْتَغْفِرِينَ,1,3:17,1,20
وَالْمُسْلِمَاتِ,1,33:35,1,16
وَالْمُصَّدِّقَاتِ,1,57:18,1,18
وَالْمُطَلَّقَاتُ,1,2:228,1,17
وَالْمُعْتَرَّ,1,22:36,1,14
وَالْمُقِيمِي,1,22:35,1,13
وَالْمُقِيمِينَ,1,4:162,1,15
وَالْمُكَذِّبِينَ,1,73:11,1,17
وَالْمُنْخَنِقَةُ,1,5:3,1,17
وَالْمُنْفِقِينَ,1,3:17,1,16
وَالْمُوفُونَ,1,2:177,1,13
وَالْهُدَى,1,2:159,1,10
وَالْوَالِدَاتُ,1,2:233,1,15
وَالْوَتْرِ,1,89:3,1,11
وَالْوَزْنُ,1,7:8,1,11
وَامْتَازُوا,1,36:59,1,12
وَامْرَأَةً,1,33:50,1,11
وَامْرَأَتَ,1,66:10,1,11
وَامْرَأَتَانِ,1,2:282,1,14
وَامْرَأَتِي,1,3:40,1,12
وَامْسَحُوا,1,5:6,1,11
وَامْضُوا,1,15:65,1,9
وَانْتَصَرُوا,1,26:227,1,13
وَانْتَظِرُوا,1,11:122,1,13
وَانْتَظِرْ,1,32:30,1,11
وَانْحَرْ,1,108:2,1,9
وَانْشَقَّ,1,54:1,1,10
وَانْشَقَّتِ,1,69:16,1,12
وَانْصُرُوا,1,21:68,1,11
وَانْطَلَقَ,1,38:6,1,11
وَانْظُرُوا,1,7:86,1,11
وَانْظُرْنَا,1,4:46,1,12
وَانْقَلَبُوا,1,7:119,1,13
وَانْهَ,1,31:17,1,7
وَاهِيَةٌ,1,69:16,1,9
وَاهْجُرُوهُنَّ,1,4:34,1,15
وَاهْجُرْنِي,1,19:46,1,12
وَاهْجُرْهُمْ,1,73:10,1,13
وَاهْدِنَا,1,38:22,1,10
وَبَارَكَ,1,41:10,1,9
وَبَارَكْنَا,1,37:113,1,12
وَبَاطِنَةً,1,31:20,1,11
وَبَاطِنَهُ,1,6:120,1,11
وَبَدَأَ,1,32:7,1,8
وَبَدَّلْنَاهُمْ,1,34:16,1,16
وَبَرَكَاتٍ,1,11:48,1,11
وَبَرَكَاتُهُ,1,11:73,1,13
وَبَرْقٌ,1,2:19,1,8
وَبَسَرَ,1,74:22,1,8
وَبَشَّرُوهُ,1,51:28,1,12
وَبَشَّرْنَاهُ,1,37:112,1,14
وَبَصَلِهَا,1,2:61,1,11
وَبَطَلَ,1,7:118,1,8
وَبَعَثْنَا,1,5:12,1,11
وَبَقِيَّةٌ,1,2:248,1,11
وَبَلَغَ,1,46:15,1,8
وَبَلَغَتِ,1,33:10,1,10
وَبَلَغْنَا,1,6:128,1,11
وَبَلَوْنَاهُمْ,1,7:168,1,15
وَبَنَاتٍ,1,6:100,1,9
وَبَنَاتُكُمْ,1,4:23,1,13
وَبَنَاتِكَ,1,33:59,1,11
وَبَنَيْنَا,1,78:12,1,11
وَبَنِيهِ,1,80:36,1,9
وَبَنِيَّ,1,14:35,1,9
وَبَوَّأَكُمْ,1,7:74,1,13
وَبَيَّنُوا,1,2:160,1,11
وَبَيِّنَاتٍ,1,2:185,1,12
وَبَيْنَهُمَا,1,7:46,1,13
وَبُسَّتِ,1,56:5,1,9
وَبُعُولَتُهُنَّ,1,2:228,1,16
وَبُكِيًّا,1,19:58,1,10
وَبُكْمًا,1,17:97,1,9
وَبُكْمٌ,1,6:39,1,8
وَبِئْرٍ,1,22:45,1,8
وَبِالرَّسُولِ,1,24:47,1,14
وَبِالزُّبُرِ,1,35:25,1,13
وَبِاللَّيْلِ,1,37:138,1,13
وَبِالنَّجْمِ,1,16:16,1,13
وَبِالَّذِي,1,3:183,1,11
وَبِالْآخِرَةِ,1,2:4,1,14
وَبِالْأَسْحَارِ,1,51:18,1,16
وَبِالْكِتَابِ,1,35:25,1,14
وَبِالْمُؤْمِنِينَ,1,8:62,1,18
وَبِالْيَوْمِ,1,2:8,1,13
وَبِدَارًا,1,4:6,1,10
وَبِدَارِهِ,1,28:81,1,11
وَبِذَلِكَ,1,6:163,1,10
وَبِذِي,1,4:36,1,7
وَبِرَحْمَتِهِ,1,10:58,1,14
وَبِرَسُولِهِ,1,9:54,1,13
وَبِرَسُولِي,1,5:111,1,12
وَبِصَدِّهِمْ,1,4:160,1,13
وَبِعَهْدِ,1,6:152,1,10
وَبِكَلَامِي,1,7:144,1,12
وَبِكُفْرِهِمْ,1,4:156,1,14
وَبِمَنْ,1,27:47,1,8
وَبِنِعْمَةِ,1,29:67,1,12
وَبِنِعْمَتِ,1,16:72,1,12
وَبِيلًا,1,73:16,1,8
وَبِيَعٌ,1,22:40,1,8
وَتَأْبَى,1,9:8,1,9
وَتَأْتُونَ,1,29:29,1,11
وَتَأْسِرُونَ,1,33:26,1,13
وَتَأْكُلُونَ,1,89:19,1,13
وَتَابَ,1,58:13,1,7
وَتَاللَّهِ,1,21:57,1,11
وَتَبَارَكَ,1,43:85,1,11
وَتَبَتَّلْ,1,73:8,1,11
وَتَبَيَّنَ,1,14:45,1,11
وَتَبَّ,1,111:1,1,7
وَتَبْغُونَهَا,1,7:86,1,14
وَتَتَلَقَّاهُمُ,1,21:103,1,16
وَتَتَّخِذُونَ,1,26:129,1,14
وَتَثْبِيتًا,1,2:265,1,12
وَتَحِيَّتُهُمْ,1,10:10,1,15
وَتَحْرِيرُ,1,4:92,1,11
وَتَحْسَبُهُمْ,1,18:18,1,14
وَتَحْسَبُونَهُ,1,24:15,1,15
وَتَحْمِلُ,1,16:7,1,10
وَتَخَلَّتْ,1,84:4,1,11
وَتَخُونُوا,1,8:27,1,11
وَتَخِرُّ,1,19:90,1,9
وَتَخْشَى,1,33:37,1,9
وَتَخْلُقُونَ,1,29:17,1,13
وَتَدْعُوا,1,47:35,1,10
وَتَدْعُونَنِي,1,40:41,1,14
وَتَذُوقُوا,1,16:94,1,11
وَتَذْكِيرِي,1,10:71,1,12
وَتَذْهَبَ,1,8:46,1,10
وَتَرَبَّصْتُمْ,1,57:14,1,15
وَتَرَكَهُمْ,1,2:17,1,12
وَتَرَكُوكَ,1,62:11,1,11
وَتَرَكْتُمْ,1,6:94,1,12
وَتَرْجُونَ,1,4:104,1,11
وَتَرْحَمْنَا,1,7:23,1,13
وَتَرْحَمْنِي,1,11:47,1,13
وَتَرْزُقُ,1,3:27,1,10
وَتَرْغَبُونَ,1,4:127,1,13
وَتَرْهَقُهُمْ,1,10:27,1,14
وَتَزَوَّدُوا,1,2:197,1,13
وَتَسِيرُ,1,52:10,1,9
وَتَسْبِيحَهُ,1,24:41,1,13
وَتَسْتَخْرِجُوا,1,16:14,1,16
وَتَسْتَخْرِجُونَ,1,35:12,1,17
وَتَسْلِيمًا,1,33:22,1,12
وَتَسْوَدُّ,1,3:106,1,11
وَتَشَاوُرٍ,1,2:233,1,11
وَتَشْتَكِي,1,58:1,1,11
وَتَشْهَدُ,1,36:65,1,10
وَتَصَدَّقْ,1,12:88,1,11
وَتَصُدُّونَ,1,7:86,1,12
وَتَصِفُ,1,16:62,1,8
وَتَصْدِيَةً,1,8:35,1,12
وَتَصْفَحُوا,1,64:14,1,12
وَتَصْلِيَةُ,1,56:94,1,12
وَتَضَعُ,1,22:2,1,8
وَتَضْحَكُونَ,1,53:60,1,13
وَتَطْمَئِنَّ,1,5:113,1,13
وَتَطْمَئِنُّ,1,13:28,1,13
وَتَعَاوَنُوا,1,5:2,1,13
وَتَعِيَهَا,1,69:12,1,11
وَتَعْلَمَ,1,9:43,1,10
وَتَعْمَلْ,1,33:31,1,10
وَتَغْشَى,1,14:50,1,9
وَتَغْفِرُوا,1,64:14,1,12
وَتَفَاخُرٌ,1,57:20,1,11
وَتَفَقَّدَ,1,27:20,1,11
وَتَفْرِيقًا,1,9:107,1,12
وَتَقَبَّلْ,1,14:40,1,11
وَتَقَطَّعَتْ,1,2:166,1,13
وَتَقَطَّعُوا,1,21:93,1,13
وَتَقَلُّبَكَ,1,26:219,1,13
وَتَقُولُ,1,50:30,1,9
وَتَقُولُوا,1,43:13,1,11
وَتَقُولُونَ,1,24:15,1,12
وَتَقْطَعُونَ,1,29:29,1,13
وَتَقْوَاهَا,1,91:8,1,12
وَتَكَاثُرٌ,1,57:20,1,11
وَتَكُونَ,1,10:78,1,9
وَتَكْتُمُوا,1,2:42,1,12
وَتَكْتُمُونَ,1,3:71,1,13
وَتَكْفُرُونَ,1,2:85,1,13
وَتَلَذُّ,1,43:71,1,9
وَتَلَّهُ,1,37:103,1,9
وَتَمَاثِيلَ,1,34:13,1,12
وَتَمَتَّعُوا,1,77:46,1,13
وَتَنَاجَوْا,1,58:9,1,12
وَتَنَازَعْتُمْ,1,3:152,1,15
وَتَنْزِعُ,1,3:26,1,10
وَتَنْشَقُّ,1,19:90,1,11
وَتَنْهَوْنَ,1,3:110,1,12
وَتَهْدِي,1,7:155,1,9
وَتَوَدُّونَ,1,8:7,1,12
وَتَوَلَّ,1,37:178,1,9
وَتَوْفِيقًا,1,4:62,1,12
وَتُؤْتُوهَا,1,2:271,1,12
وَتُؤْوِي,1,33:51,1,9
وَتُبْ,1,2:128,1,6
وَتُبْرِئُ,1,5:110,1,10
وَتُجَاهِدُونَ,1,61:11,1,14
وَتُحِبُّونَ,1,89:20,1,12
وَتُحْشَرُونَ,1,3:12,1,13
وَتُخْرِجُونَ,1,2:85,1,13
وَتُخْفُونَ,1,6:91,1,11
وَتُخْفِي,1,33:37,1,9
وَتُدْلُوا,1,2:188,1,10
وَتُذِلُّ,1,3:26,1,9
وَتُزَكِّيهِمْ,1,9:103,1,14
وَتُسَبِّحُوهُ,1,48:9,1,14
وَتُسَلِّمُوا,1,24:27,1,13
وَتُصْلِحُوا,1,2:224,1,12
وَتُعَزِّرُوهُ,1,48:9,1,14
وَتُعِزُّ,1,3:26,1,9
وَتُقَطِّعُوا,1,47:22,1,13
وَتُقْسِطُوا,1,60:8,1,12
وَتُكَلِّمُنَا,1,36:65,1,14
وَتُوبُوا,1,24:31,1,9
وَتُولِجُ,1,3:27,1,9
وَتُوَفَّى,1,16:111,1,10
وَتُوَقِّرُوهُ,1,48:9,1,14
وَتِجَارَةٌ,1,9:24,1,11
وَتِسْعُونَ,1,38:23,1,11
وَثَاقَهُ,1,89:26,1,9
وَثَامِنُهُمْ,1,18:22,1,13
وَثَمَانِيَةَ,1,69:7,1,13
وَثُلَّةٌ,1,56:40,1,9
وَثُلُثَهُ,1,73:20,1,10
وَثِقَالًا,1,9:41,1,10
وَثِيَابَكَ,1,74:4,1,11
وَجَاءَتْهُ,1,11:74,1,11
وَجَاءَكَ,1,11:120,1,9
وَجَاءَكُمُ,1,35:37,1,11
وَجَاءَهُ,1,11:78,1,9
وَجَاءَهُمْ,1,44:17,1,11
وَجَادَلُوا,1,40:5,1,11
وَجَادِلْهُمْ,1,16:125,1,13
وَجَاعِلُ,1,3:55,1,9
وَجَاعِلُوهُ,1,28:7,1,12
وَجَاهَدَ,1,9:19,1,9
وَجَاهِدْهُمْ,1,25:52,1,13
وَجَبَتْ,1,22:36,1,8
وَجَحَدُوا,1,27:14,1,10
وَجَحِيمًا,1,73:12,1,10
وَجَدُوا,1,12:65,1,8
وَجَدْتُ,1,27:23,1,8
وَجَدْتُهَا,1,27:24,1,11
وَجَدْنَاهُ,1,38:44,1,11
وَجَرَيْنَ,1,10:22,1,10
وَجَزَاءُ,1,42:40,1,9
وَجَزَاهُمْ,1,76:12,1,11
وَجَعَلَكُمْ,1,5:20,1,12
وَجَعَلَهَا,1,43:28,1,11
وَجَعَلْتُ,1,74:12,1,10
وَجَمَعَ,1,70:18,1,8
وَجَنَى,1,55:54,1,7
وَجَنَّتُ,1,56:89,1,9
وَجَهْرًا,1,16:75,1,9
وَجَهْرَكُمْ,1,6:3,1,12
وَجَّهْتُ,1,6:79,1,9
وَجُلُودُهُمْ,1,41:20,1,13
وَجُمِعَ,1,75:9,1,8
وَجُنُوبُهُمْ,1,9:35,1,13
وَجُنُودًا,1,33:9,1,10
وَجُنُودُ,1,26:95,1,9
وَجِئْتُكَ,1,27:22,1,10
وَجِئْتُكُمْ,1,3:50,1,12
وَجِبْرِيلَ,1,2:98,1,11
وَجِبْرِيلُ,1,66:4,1,11
وَجِفَانٍ,1,34:13,1,9
وَجِلَةٌ,1,23:60,1,8
وَجِلُونَ,1,15:52,1,9
وَجِهَادٍ,1,9:24,1,9
وَجْهَهَا,1,51:29,1,9
وَجْهِكَ,1,2:144,1,8
وَجْهِهَا,1,5:108,1,9
وَحَاجَّهُ,1,6:80,1,10
وَحَالَ,1,11:43,1,7
وَحَبَّ,1,50:9,1,7
وَحَبِطَ,1,11:16,1,8
وَحَبْلٍ,1,3:112,1,8
وَحَدَائِقَ,1,80:30,1,11
وَحَرَامٌ,1,21:95,1,9
وَحَرَّمَ,1,2:275,1,9
وَحَرَّمُوا,1,6:140,1,11
وَحَرَّمْنَا,1,28:12,1,12
وَحَرِيرًا,1,76:12,1,10
وَحَرِّضِ,1,4:84,1,9
وَحَرْثٌ,1,6:138,1,8
وَحَزَنًا,1,28:8,1,9
وَحَسُنَ,1,4:69,1,8
وَحَسُنَتْ,1,18:31,1,10
وَحَسِبُوا,1,5:71,1,10
وَحَشَرْنَا,1,6:111,1,11
وَحَشَرْنَاهُمْ,1,18:47,1,15
وَحَصُورًا,1,3:39,1,10
وَحَصِيدٌ,1,11:100,1,9
وَحَفَدَةً,1,16:72,1,10
وَحَفَفْنَاهُمَا,1,18:32,1,16
وَحَفِظْنَاهَا,1,15:17,1,14
وَحَقَّ,1,41:25,1,7
وَحَكَمًا,1,4:35,1,9
وَحَلَائِلُ,1,4:23,1,11
وَحَلَالًا,1,10:59,1,10
وَحَمَلَهَا,1,33:72,1,11
وَحَمَلْنَاهُ,1,54:13,1,13
وَحَمَلْنَاهُمْ,1,17:70,1,15
وَحَمِيمٍ,1,56:42,1,9
وَحَمْلُهُ,1,46:15,1,10
وَحَنَانًا,1,19:13,1,10
وَحُزْنِي,1,12:86,1,9
وَحُسْنُ,1,13:29,1,8
وَحُشِرَ,1,27:17,1,8
وَحُصِّلَ,1,100:10,1,9
وَحُلُّوا,1,76:21,1,9
وَحُمِلَتِ,1,69:14,1,10
وَحُمْرٌ,1,35:27,1,8
وَحُورٌ,1,56:22,1,7
وَحِجْرًا,1,25:53,1,9
وَحِكْمَةٍ,1,3:81,1,10
وَحِيدًا,1,74:11,1,8
وَحِيلَ,1,34:54,1,7
وَحْيًا,1,42:51,1,7
وَحْيٌ,1,53:4,1,6
وَحْيُهُ,1,20:114,1,8
وَخَابَ,1,14:15,1,7
وَخَاتَمَ,1,33:40,1,9
وَخَافَ,1,14:14,1,7
وَخَافُونِ,1,3:175,1,10
وَخَالَاتُكُمْ,1,4:23,1,14
وَخَرَقُوا,1,6:100,1,10
وَخَرُّوا,1,12:100,1,9
وَخَسَفَ,1,75:8,1,8
وَخَشَعَتِ,1,20:108,1,10
وَخَشِيَ,1,36:11,1,8
وَخَلَقَهُمْ,1,6:100,1,12
وَخَلَقْنَا,1,36:42,1,11
وَخَلَقْنَاكُمْ,1,78:8,1,15
وَخُذُوا,1,4:102,1,8
وَخُذُوهُمْ,1,9:5,1,11
وَخُذْ,1,38:44,1,6
وَخُضْتُمْ,1,9:69,1,10
وَخُلِقَ,1,4:28,1,8
وَخِيفَةً,1,7:205,1,9
وَدًّا,1,71:23,1,6
وَدَاعِيًا,1,33:46,1,10
وَدَانِيَةً,1,76:14,1,11
وَدَاوُودَ,1,21:78,1,10
وَدَرَسُوا,1,7:169,1,10
وَدَعْ,1,33:48,1,6
وَدَمٍ,1,16:66,1,6
وَدَمَّرْنَا,1,7:137,1,12
وَدَّتْ,1,3:69,1,7
وَدَّعَكَ,1,93:3,1,9
وَدُسُرٍ,1,54:13,1,8
وَدُودٌ,1,11:90,1,7
وَدُونَ,1,7:205,1,7
وَدِيَارَهُمْ,1,33:27,1,13
وَدِيَةٌ,1,4:92,1,8
وَذَاتَ,1,18:18,1,7
وَذَرِ,1,6:70,1,6
وَذَرْنِي,1,73:11,1,9
وَذَكَرُوا,1,26:227,1,10
وَذَكِّرْهُمْ,1,14:5,1,13
وَذَلَّلْنَاهَا,1,36:72,1,15
وَذَلِكُمْ,1,41:23,1,10
وَذُرِّيَّاتِنَا,1,25:74,1,16
وَذُرِّيَّةً,1,13:38,1,12
وَذُرِّيَّتَهَا,1,3:36,1,15
وَذُرِّيَّتَهُ,1,18:50,1,14
وَذُكِرَ,1,47:20,1,8
وَذُلِّلَتْ,1,76:14,1,11
وَذُو,1,41:43,1,5
وَذِكْرًا,1,21:48,1,9
وَذِكْرُ,1,21:24,1,8
وَذِلَّةٌ,1,7:152,1,9
وَذِي,1,2:83,1,5
وَرَأَوْا,1,7:149,1,9
وَرَأَى,1,18:53,1,7
وَرَأَيْتَ,1,110:2,1,10
وَرَأَيْتَهُمْ,1,63:5,1,14
وَرَاءَهُ,1,2:91,1,9
وَرَائِكُمْ,1,4:102,1,11
وَرَائِي,1,19:5,1,8
وَرَابِطُوا,1,3:200,1,11
وَرَاعِنَا,1,4:46,1,10
وَرَافِعُكَ,1,3:55,1,11
وَرَاوَدَتْهُ,1,12:23,1,13
وَرَبٌّ,1,34:15,1,7
وَرَبَائِبُكُمُ,1,4:23,1,15
وَرَبَطْنَا,1,18:14,1,11
وَرَبَّ,1,37:126,1,7
وَرَبَّكَ,1,74:3,1,9
وَرَبُّنَا,1,21:112,1,10
وَرَبِّ,1,45:36,1,7
وَرَبِّكَ,1,4:65,1,9
وَرَتَّلْنَاهُ,1,25:32,1,14
وَرَتِّلِ,1,73:4,1,9
وَرَثَةِ,1,26:85,1,8
وَرَجُلًا,1,39:29,1,9
وَرَجِلِكَ,1,17:64,1,10
وَرَحْمَتُ,1,43:32,1,10
وَرَحْمَتِي,1,7:156,1,11
وَرَدَ,1,28:23,1,6
وَرَدَّ,1,33:25,1,7
وَرَدُوهَا,1,21:99,1,10
وَرَزَقَنِي,1,11:88,1,11
وَرَسُولًا,1,3:49,1,10
وَرَسُولٌ,1,43:29,1,9
وَرَضِيتُ,1,5:3,1,9
وَرَضِيَ,1,20:109,1,8
وَرَعْدٌ,1,2:19,1,8
وَرَفَعْنَاهُ,1,19:57,1,13
وَرَقَةٍ,1,6:59,1,8
وَرَهَبًا,1,21:90,1,9
وَرَهْبَانِيَّةً,1,57:27,1,16
وَرَوَاحُهَا,1,34:12,1,12
وَرَيْحَانٌ,1,56:89,1,11
وَرُدُّوا,1,10:30,1,9
وَرُسُلَهُ,1,57:25,1,10
وَرُسُلُنَا,1,43:80,1,11
وَرُمَّانٌ,1,55:68,1,10
وَرُهْبَانًا,1,5:82,1,12
وَرُهْبَانَهُمْ,1,9:31,1,15
وَرُوحٌ,1,4:171,1,7
وَرِئَاءَ,1,8:47,1,9
وَرِئْيًا,1,19:74,1,9
وَرِثُوا,1,7:169,1,8
وَرِزْقًا,1,16:67,1,9
وَرِزْقُ,1,20:131,1,8
وَرِسَالَاتِهِ,1,72:23,1,14
وَرِمَاحُكُمْ,1,5:94,1,13
وَرِيشًا,1,7:26,1,8
وَرْدَةً,1,55:37,1,8
وَزَادَكُمْ,1,7:69,1,11
وَزَادَهُ,1,2:247,1,9
وَزَادَهُمْ,1,25:60,1,11
وَزَرَ,1,75:11,1,6
وَزَرَابِيُّ,1,88:16,1,12
وَزَرْعٌ,1,13:4,1,8
وَزَفِيرًا,1,25:12,1,10
وَزَكَاةً,1,19:13,1,9
وَزَنُوهُمْ,1,83:3,1,11
وَزَهَقَ,1,17:81,1,8
وَزَوْجِهِ,1,2:102,1,10
وَزَيَّنَهُ,1,49:7,1,11
وَزَيَّنَّا,1,41:12,1,11
وَزَيْتُونًا,1,80:29,1,12
وَزُخْرُفًا,1,43:35,1,11
وَزُلَفًا,1,11:114,1,9
وَزُيِّنَ,1,48:12,1,9
وَزِدْنَاهُمْ,1,18:13,1,13
وَزِينَةً,1,16:8,1,9
وَزِينَةٌ,1,57:20,1,9
وَزِينَتُهَا,1,28:60,1,12
وَزِيَادَةٌ,1,10:26,1,11
وَزْنًا,1,18:105,1,7
وَسَارَ,1,28:29,1,7
وَسَارِبٌ,1,13:10,1,9
وَسَارِعُوا,1,3:133,1,11
وَسَبَّحُوا,1,32:15,1,11
وَسَبِّحُوهُ,1,33:42,1,12
وَسَبِّحْهُ,1,76:26,1,11
وَسَبْعَ,1,12:43,1,8
وَسَبْعَةٍ,1,2:196,1,10
وَسَبْعِ,1,12:46,1,8
وَسَتُرَدُّونَ,1,9:105,1,14
وَسَخَّرْنَا,1,21:79,1,12
وَسَرَابِيلَ,1,16:81,1,12
وَسَرِّحُوهُنَّ,1,33:49,1,15
وَسَطًا,1,2:143,1,7
وَسَعَةً,1,4:100,1,8
وَسَعِيدٌ,1,11:105,1,9
وَسَعِيرًا,1,76:4,1,10
وَسَفَرًا,1,9:42,1,9
وَسَقَ,1,84:17,1,6
وَسَقَاهُمْ,1,76:21,1,11
وَسَكَنْتُمْ,1,14:45,1,12
وَسَلَكَ,1,20:53,1,8
وَسَلِّمُوا,1,33:56,1,11
وَسَمِعْنَا,1,32:12,1,11
وَسَمْعِهِمْ,1,16:108,1,12
وَسَنَجْزِي,1,3:145,1,11
وَسَنَزِيدُ,1,2:58,1,11
وَسَنَقُولُ,1,18:88,1,11
وَسَوَاءٌ,1,36:10,1,9
وَسَيَجْزِي,1,3:144,1,11
وَسَيَحْلِفُونَ,1,9:42,1,15
وَسَيَرَى,1,9:94,1,9
وَسَيَصْلَوْنَ,1,4:10,1,14
وَسَيُجَنَّبُهَا,1,92:17,1,16
وَسَيُحْبِطُ,1,47:32,1,12
وَسَيِّدًا,1,3:39,1,10
وَسُبُلًا,1,16:15,1,9
وَسُرُرًا,1,43:34,1,9
وَسُرُورًا,1,76:11,1,10
وَسُقُوا,1,47:15,1,8
وَسُقْيَاهَا,1,91:13,1,12
وَسُيِّرَتِ,1,78:20,1,11
وَسِرَاجًا,1,33:46,1,10
وَسِعَتْ,1,7:156,1,8
وَسِعْتَ,1,40:7,1,8
وَشَارِكْهُمْ,1,17:64,1,13
وَشَاقُّوا,1,47:32,1,10
وَشَاهِدٍ,1,85:3,1,9
وَشَاوِرْهُمْ,1,3:159,1,13
وَشَجَرَةً,1,23:20,1,10
وَشَرَابٌ,1,38:42,1,9
وَشَرَابٍ,1,38:51,1,9
وَشَرَابِكَ,1,2:259,1,11
وَشَرَوْهُ,1,12:20,1,10
وَشَفَتَيْنِ,1,90:9,1,12
وَشَهِيدٌ,1,50:21,1,9
وَشَهِيقٌ,1,11:106,1,9
وَشَيْءٍ,1,34:16,1,8
وَشَيْبَةً,1,30:54,1,10
وَشُرَكَاءَكُمْ,1,10:71,1,15
وَشُرَكَاؤُكُمْ,1,10:28,1,15
وَشُهُبًا,1,72:8,1,9
وَشِقَاقٍ,1,38:2,1,9
وَشِمَالٍ,1,34:15,1,9
وَصَابِرُوا,1,3:200,1,11
وَصَاحِبْهُمَا,1,31:15,1,14
وَصَالِحُ,1,66:4,1,9
وَصَبَرُوا,1,16:110,1,10
وَصَدٌّ,1,2:217,1,7
وَصَدَفَ,1,6:157,1,8
وَصَدَّقَتْ,1,66:12,1,11
وَصَدَّهَا,1,27:43,1,10
وَصَدُّوكُمْ,1,48:25,1,12
وَصَلَوَاتٌ,1,22:40,1,11
وَصَلَوَاتِ,1,9:99,1,11
وَصَلِّ,1,9:103,1,7
وَصَّاكُمُ,1,6:144,1,10
وَصَّلْنَا,1,28:51,1,10
وَصَّى,1,42:13,1,6
وَصُدَّ,1,40:37,1,7
وَصُدُّوا,1,13:33,1,9
وَصُمًّا,1,17:97,1,8
وَصِبْغٍ,1,23:20,1,8
وَصِهْرًا,1,25:54,1,9
وَصِيلَةٍ,1,5:103,1,9
وَصْفَهُمْ,1,6:139,1,10
وَضَائِقٌ,1,11:12,1,9
وَضَرَبْنَا,1,14:45,1,11
وَضَعَتْ,1,3:36,1,8
وَضَعَتْهَا,1,3:36,1,11
وَضَعَهَا,1,55:10,1,9
وَضَعْتُهَا,1,3:36,1,11
وَضَلُّوا,1,5:77,1,9
وَضُحَاهَا,1,91:1,1,10
وَضِعْفَ,1,17:75,1,8
وَضِيَاءً,1,21:48,1,9
وَطَبَعَ,1,9:93,1,8
وَطَعَامًا,1,73:13,1,10
وَطَعَامُ,1,5:5,1,9
وَطَعَامُكُمْ,1,5:5,1,13
وَطَعَامُهُ,1,5:96,1,11
وَطَعَنُوا,1,9:12,1,10
وَطَعْنًا,1,4:46,1,9
وَطَلْحٍ,1,56:29,1,8
وَطَهَّرَكِ,1,3:42,1,11
وَطَهِّرْ,1,22:26,1,9
وَطُبِعَ,1,9:87,1,8
وَطُورِ,1,95:2,1,7
وَطْئًا,1,73:6,1,7
وَظَالِمٌ,1,37:113,1,9
وَظَاهَرُوا,1,60:9,1,11
وَظَاهِرُهُ,1,57:13,1,11
وَظَنَنْتُمْ,1,48:12,1,12
وَظَهَرَ,1,9:48,1,8
وَظُلْمًا,1,4:30,1,9
وَظُهُورُهُمْ,1,9:35,1,13
وَظِلَالُهُمْ,1,13:15,1,13
وَظِلُّهَا,1,13:35,1,10
وَعَاشِرُوهُنَّ,1,4:19,1,15
وَعَبَدَ,1,5:60,1,8
وَعَبْقَرِيٍّ,1,55:76,1,13
وَعَجِبُوا,1,38:4,1,10
وَعَجِلْتُ,1,20:84,1,10
وَعَدَسِهَا,1,2:61,1,11
وَعَدَكُمُ,1,48:20,1,10
وَعَدَكُمْ,1,14:22,1,10
وَعَدَّدَهُ,1,104:2,1,11
وَعَدَّهُمْ,1,19:94,1,11
وَعَدُوهُ,1,9:77,1,9
وَعَدُوٌّ,1,20:39,1,9
وَعَدْتَنَا,1,3:194,1,11
وَعَدْتَهُمْ,1,40:8,1,12
وَعَدْلًا,1,6:115,1,9
وَعَدْنَاهُ,1,28:61,1,11
وَعَدْنَاهُمْ,1,43:42,1,13
وَعَدْوًا,1,10:90,1,9
وَعَذَابًا,1,73:13,1,10
وَعَذَابٍ,1,38:41,1,9
وَعَذَّبَ,1,9:26,1,9
وَعَذَّبْنَاهَا,1,65:8,1,15
وَعَرَبِيٌّ,1,41:44,1,11
وَعَرَضْنَا,1,18:100,1,11
وَعَزَّرُوهُ,1,7:157,1,12
وَعَزَّرْتُمُوهُمْ,1,5:12,1,18
وَعَزَّنِي,1,38:23,1,10
وَعَشِيرَتُكُمْ,1,9:24,1,15
وَعَشْرًا,1,2:234,1,9
وَعَصَوُا,1,4:42,1,9
وَعَصَوْا,1,11:59,1,9
وَعَصَيْتُمْ,1,3:152,1,12
وَعَفَا,1,2:187,1,7
وَعَلَامَاتٍ,1,16:16,1,12
وَعَلَيْكُمْ,1,24:54,1,12
وَعَلَيْنَا,1,13:40,1,11
وَعَلَيْهِمْ,1,42:16,1,12
وَعَلَّمَ,1,2:31,1,9
وَعَلَّمَكَ,1,4:113,1,11
وَعَلَّمَهُ,1,2:251,1,11
وَعَلَّمْتَنِي,1,12:101,1,14
وَعَلِمَ,1,8:66,1,8
وَعَمَرُوهَا,1,30:9,1,12
وَعَمَلِهِ,1,66:11,1,10
وَعَمَّاتُكُمْ,1,4:23,1,14
وَعَنَتِ,1,20:111,1,8
وَعَهِدْنَا,1,2:125,1,11
وَعُرِضُوا,1,18:48,1,10
وَعُقْبَى,1,13:35,1,9
وَعُلُوًّا,1,27:14,1,10
وَعُلِّمْتُمْ,1,6:91,1,13
وَعُمْيَانًا,1,25:73,1,12
وَعِبَادُ,1,25:63,1,9
وَعِدْهُمْ,1,17:64,1,10
وَعِصِيَّهُمْ,1,26:44,1,13
وَعِصِيُّهُمْ,1,20:66,1,13
وَعِظْهُمْ,1,4:63,1,10
وَعِمَارَةَ,1,9:19,1,11
وَعِنَبًا,1,80:28,1,9
وَعِنَبٍ,1,17:91,1,8
وَعِنْدَنَا,1,50:4,1,11
وَعِنْدَهُمُ,1,5:43,1,12
وَعْدٌ,1,11:65,1,6
وَعْدَكَ,1,11:45,1,8
وَعْدِهِ,1,14:47,1,8
وَغَدَوْا,1,68:25,1,9
وَغَرَابِيبُ,1,35:27,1,12
وَغَرَّكُمْ,1,57:14,1,11
وَغَرَّهُمْ,1,3:24,1,11
وَغَسَّاقًا,1,78:25,1,11
وَغَسَّاقٌ,1,38:57,1,10
وَغَضَبٌ,1,7:71,1,8
وَغَفَرَ,1,42:43,1,8
وَغَلَّقَتِ,1,12:23,1,11
وَغَوَّاصٍ,1,38:37,1,10
وَغَيْرُ,1,13:4,1,8
وَغَيْرِ,1,22:5,1,8
وَغِيضَ,1,11:44,1,7
وَفَاكِهَةً,1,80:31,1,11
وَفَتَنَّاكَ,1,20:40,1,12
وَفَتْحٌ,1,61:13,1,8
وَفَدَيْنَاهُ,1,37:107,1,13
وَفَرَضْنَاهَا,1,24:1,1,14
وَفَرِيقٌ,1,42:7,1,9
وَفَرْشًا,1,6:142,1,9
وَفَرْعُهَا,1,14:24,1,11
وَفَسَادٌ,1,8:73,1,9
وَفَصِيلَتِهِ,1,70:13,1,13
وَفَصْلَ,1,38:20,1,8
وَفَضَّلَ,1,4:95,1,9
وَفَضْلًا,1,2:268,1,9
وَفَعَلْتَ,1,26:19,1,10
وَفَوَاكِهَ,1,77:42,1,11
وَفَوْقَ,1,12:76,1,8
وَفَّى,1,53:37,1,6
وَفُتِحَتِ,1,78:19,1,10
وَفُتِحَتْ,1,39:73,1,10
وَفُرَادَى,1,34:46,1,10
وَفُرُشٍ,1,56:34,1,8
وَفُومِهَا,1,2:61,1,10
وَفِيهِ,1,12:49,1,7
وَفْدًا,1,19:85,1,7
وَقَائِمًا,1,39:9,1,10
وَقَابِلِ,1,40:3,1,9
وَقَاتَلَ,1,57:10,1,9
وَقَارًا,1,71:13,1,8
وَقَاسَمَهُمَا,1,7:21,1,14
وَقَالَا,1,27:15,1,8
وَقَبَ,1,113:3,1,6
وَقَبَائِلَ,1,49:13,1,11
وَقَبِيلُهُ,1,7:27,1,11
وَقَتَلَ,1,2:251,1,8
وَقَتَلْتَ,1,20:40,1,10
وَقَتْلَهُمُ,1,3:181,1,12
وَقَتْلِهِمُ,1,4:155,1,12
وَقَدَّتْ,1,12:25,1,9
وَقَدَّرَهُ,1,10:5,1,11
وَقَدَّرْنَا,1,34:18,1,12
وَقَدِمْنَا,1,25:23,1,11
وَقَدِّرْ,1,34:11,1,9
وَقَدِّمُوا,1,2:223,1,11
وَقَرَّبْنَاهُ,1,19:52,1,14
وَقَرِّي,1,19:26,1,8
وَقَرْنَ,1,33:33,1,8
وَقَصَّ,1,28:25,1,7
وَقَصْرٍ,1,22:45,1,8
وَقَضَى,1,17:23,1,7
وَقَضْبًا,1,80:28,1,9
وَقَطَعْنَا,1,7:72,1,11
وَقَطَّعْنَ,1,12:31,1,11
وَقَطَّعْنَاهُمُ,1,7:160,1,16
وَقَطَّعْنَاهُمْ,1,7:168,1,16
وَقَعَدَ,1,9:90,1,8
وَقَعَدُوا,1,3:168,1,10
وَقَلَّبُوا,1,9:48,1,11
وَقَلْبُهُ,1,16:106,1,10
وَقَمَرًا,1,25:61,1,9
وَقَوْلٌ,1,47:21,1,8
وَقَوْمَكَ,1,6:74,1,10
وَقَوْمَهَا,1,27:24,1,11
وَقَوْمَهُ,1,7:127,1,10
وَقَوْمَهُمَا,1,37:115,1,13
وَقَوْمَهُمْ,1,27:51,1,12
وَقَوْمُهُ,1,7:137,1,10
وَقَوْمُهُمَا,1,23:47,1,13
وَقَوْمِ,1,9:70,1,8
وَقَيَّضْنَا,1,41:25,1,12
وَقُتِلُوا,1,3:195,1,10
وَقُتِّلُوا,1,33:61,1,11
وَقُدُورٍ,1,34:13,1,9
وَقُرُونًا,1,25:38,1,10
وَقُرْآنًا,1,17:106,1,10
وَقُرْآنٌ,1,36:69,1,9
وَقُرْآنٍ,1,15:1,1,9
وَقُرْآنَ,1,17:78,1,9
وَقُرْآنَهُ,1,75:17,1,11
وَقُلُوبِهِنَّ,1,33:53,1,14
وَقُودُ,1,3:10,1,7
وَقُومُوا,1,2:238,1,9
وَقِثَّائِهَا,1,2:61,1,13
وَقِفُوهُمْ,1,37:24,1,11
وَقِهِمُ,1,40:9,1,8
وَقِهِمْ,1,40:7,1,8
وَقِيلِهِ,1,43:88,1,9
وَقِيَامًا,1,25:64,1,10
وَكَأْسًا,1,78:34,1,9
وَكَأْسٍ,1,56:18,1,8
وَكَادُوا,1,7:150,1,9
وَكَانَتْ,1,66:12,1,9
وَكَبِيرٍ,1,54:53,1,9
وَكَبِّرْهُ,1,17:111,1,11
وَكَذَّبْتُمْ,1,6:57,1,13
وَكَرَّهَ,1,49:7,1,9
وَكَشَفَتْ,1,27:44,1,10
وَكَشَفْنَا,1,23:75,1,11
وَكَفَرَ,1,88:23,1,8
وَكَفَرَتْ,1,61:14,1,10
وَكَفَرْتُمْ,1,46:10,1,12
وَكَفَرْنَا,1,40:84,1,11
وَكَفَّ,1,48:20,1,7
وَكَفَّلَهَا,1,3:37,1,12
وَكَفِّرْ,1,3:193,1,9
وَكَلَّمَ,1,4:164,1,9
وَكَلَّمَهُ,1,7:143,1,11
وَكَلَّمَهُمُ,1,6:111,1,13
وَكَلِمَاتِهِ,1,7:158,1,13
وَكَلِمَةُ,1,9:40,1,10
وَكَلِمَتُهُ,1,4:171,1,12
وَكَلْبُهُمْ,1,18:18,1,12
وَكَوَاعِبَ,1,78:33,1,11
وَكَّلْنَا,1,6:89,1,10
وَكُبَرَاءَنَا,1,33:67,1,14
وَكُذِّبَ,1,22:44,1,9
وَكُفْرٌ,1,2:217,1,8
وَكُفْرِهِمْ,1,4:155,1,12
وَكُلَا,1,2:35,1,7
وَكُلَّمَا,1,11:38,1,10
وَكُلُّهُمْ,1,19:95,1,11
وَكُنُوزٍ,1,26:58,1,9
وَكُونُوا,1,9:119,1,9
وَكِتَابٌ,1,5:15,1,9
وَكِسْوَتُهُنَّ,1,2:233,1,15
وَلَأَدْخَلْنَاهُمْ,1,5:65,1,19
وَلَأَمَةٌ,1,2:221,1,10
وَلَأَوْضَعُوا,1,9:47,1,14
وَلَأُدْخِلَنَّكُمْ,1,5:12,1,19
وَلَأُدْخِلَنَّهُمْ,1,3:195,1,19
وَلَأُضِلَّنَّهُمْ,1,4:119,1,18
وَلَأُغْوِيَنَّهُمْ,1,15:39,1,19
وَلَأُمَنِّيَنَّهُمْ,1,4:119,1,20
وَلَاتَ,1,38:3,1,7
وَلَايَتِهِمْ,1,8:72,1,13
وَلَبِثُوا,1,18:25,1,10
وَلَبِثْتَ,1,26:18,1,10
وَلَتَجِدَنَّ,1,5:82,1,13
وَلَتَجِدَنَّهُمْ,1,2:96,1,17
وَلَتَسْمَعُنَّ,1,3:186,1,15
وَلَتَعْرِفَنَّهُمْ,1,47:30,1,19
وَلَتَعْلُنَّ,1,17:4,1,13
وَلَتَكُونَنَّ,1,39:65,1,14
وَلَتَنَازَعْتُمْ,1,8:43,1,17
وَلَتَنْصُرُنَّهُ,1,3:81,1,17
وَلَتُسْأَلُنَّ,1,16:93,1,15
وَلَحْمٍ,1,52:22,1,8
وَلَحْمُ,1,5:3,1,8
وَلَحْمِ,1,56:21,1,8
وَلَدِهِ,1,31:33,1,8
وَلَدْنَهُمْ,1,58:2,1,12
وَلَذِكْرُ,1,29:45,1,10
وَلَسْتُمْ,1,2:267,1,10
وَلَعَبْدٌ,1,2:221,1,10
وَلَعَلَا,1,23:91,1,9
وَلَعَنَهُ,1,4:93,1,10
وَلَعَنَهُمُ,1,9:68,1,12
وَلَعَنَهُمْ,1,48:6,1,12
وَلَعِبٌ,1,29:64,1,8
وَلَقَّاهُمْ,1,76:11,1,12
وَلَكَ,1,28:9,1,6
وَلَكِنَّهُ,1,7:176,1,11
وَلَكِنَّهُمْ,1,9:56,1,13
وَلَلدَّارُ,1,6:32,1,11
وَلَلَبَسْنَا,1,6:9,1,13
وَلَمَنِ,1,42:41,1,8
وَلَمَنْ,1,42:43,1,8
وَلَمُلِئْتَ,1,18:18,1,12
وَلَنَا,1,2:139,1,7
وَلَنَجْزِيَنَّ,1,16:96,1,15
وَلَنَسْأَلَنَّ,1,7:6,1,15
وَلَنَصْبِرَنَّ,1,14:12,1,15
وَلَنَكُونَنَّ,1,9:75,1,14
وَلَنُخْرِجَنَّهُمْ,1,27:37,1,19
وَلَنُرْسِلَنَّ,1,7:134,1,15
وَلَنُسْكِنَنَّكُمُ,1,14:14,1,19
وَلَنِعْمَ,1,16:30,1,10
وَلَهَدَيْنَاهُمْ,1,4:68,1,17
وَلَهْوًا,1,6:70,1,9
وَلَيَأْتِيَنَّهُمْ,1,29:53,1,19
وَلَيَالٍ,1,89:2,1,9
وَلَيَحْلِفُنَّ,1,9:107,1,15
وَلَيَحْمِلُنَّ,1,29:13,1,15
وَلَيَكُونًا,1,12:32,1,12
وَلَيَمَسَّنَّكُمْ,1,36:18,1,18
وَلَيَنْصُرَنَّ,1,22:40,1,15
وَلَيُبَدِّلَنَّهُمْ,1,24:55,1,20
وَلَيُبَيِّنَنَّ,1,16:92,1,16
وَلَيُسْأَلُنَّ,1,29:13,1,15
وَلَيُمَكِّنَنَّ,1,24:55,1,16
وَلَيْسَتِ,1,4:18,1,10
وَلَّاهُمْ,1,2:142,1,10
وَلَّيْتُمْ,1,9:25,1,11
وَلُعِنُوا,1,5:64,1,10
وَلُومُوا,1,14:22,1,9
وَلِأَبَوَيْهِ,1,4:11,1,14
وَلِأَخِي,1,7:151,1,9
وَلِأُبَيِّنَ,1,43:63,1,13
وَلِأُتِمَّ,1,2:150,1,11
وَلِأُحِلَّ,1,3:50,1,11
وَلِإِخْوَانِنَا,1,59:10,1,16
وَلِبَاسُ,1,7:26,1,9
وَلِبُيُوتِهِمْ,1,43:34,1,15
وَلِتَتَّقُوا,1,7:63,1,13
وَلِتَجْرِيَ,1,30:46,1,12
وَلِتَسْتَبِينَ,1,6:55,1,15
وَلِتَصْغَى,1,6:113,1,11
وَلِتَعْلَمَ,1,28:13,1,12
وَلِتَعْلَمُوا,1,17:12,1,14
وَلِتَكُونَ,1,48:20,1,11
وَلِتُجْزَى,1,45:22,1,11
وَلِتُصْنَعَ,1,20:39,1,12
وَلِتُكَبِّرُوا,1,2:185,1,15
وَلِتُكْمِلُوا,1,2:185,1,14
وَلِتُنْذِرَ,1,6:92,1,12
وَلِذَلِكَ,1,11:119,1,10
وَلِرَبِّكَ,1,74:7,1,11
وَلِرَسُولِهِ,1,63:8,1,13
وَلِزَوْجِكَ,1,20:117,1,12
وَلِسَانًا,1,90:9,1,10
وَلِقَوْمِكَ,1,43:44,1,12
وَلِلرِّجَالِ,1,2:228,1,13
وَلِلسَّيَّارَةِ,1,5:96,1,16
وَلِلَّذِينَ,1,67:6,1,12
وَلِلْأَرْضِ,1,41:11,1,12
وَلِلْمُطَلَّقَاتِ,1,2:241,1,18
وَلِمَا,1,21:67,1,7
وَلِنَجْعَلَكَ,1,2:259,1,14
وَلِنَجْعَلَهُ,1,19:21,1,14
وَلِنُبَيِّنَهُ,1,6:105,1,15
وَلِنُعَلِّمَهُ,1,12:21,1,15
وَلِوَالِدَيْكَ,1,31:14,1,15
وَلِيجَةً,1,9:16,1,9
وَلِيدًا,1,26:18,1,8
وَلِيَبْتَلِيَ,1,3:154,1,14
وَلِيَتَذَكَّرَ,1,38:29,1,15
وَلِيَتَمَتَّعُوا,1,29:66,1,17
وَلِيَدْخُلُوا,1,17:7,1,14
وَلِيَذَّكَّرَ,1,14:52,1,14
وَلِيَرْبِطَ,1,8:11,1,12
وَلِيَرْضَوْهُ,1,6:113,1,14
وَلِيَعْلَمُوا,1,14:52,1,14
وَلِيَقُولَ,1,74:31,1,11
وَلِيَقُولُوا,1,6:105,1,13
وَلِيَقْتَرِفُوا,1,6:113,1,16
وَلِيَكُونَ,1,6:75,1,11
وَلِيَلْبِسُوا,1,6:137,1,14
وَلِيُبْلِيَ,1,8:17,1,12
وَلِيُتَبِّرُوا,1,17:7,1,15
وَلِيُتِمَّ,1,5:6,1,11
وَلِيُخْزِيَ,1,59:5,1,12
وَلِيُذِيقَكُمْ,1,30:46,1,15
وَلِيُنْذَرُوا,1,14:52,1,14
وَلِيُنْذِرُوا,1,9:122,1,14
وَلِيُوَفِّيَهُمْ,1,46:19,1,17
وَلِيُّكُمُ,1,5:55,1,11
وَلِيُّهُ,1,2:282,1,9
وَلِيُّهُمَا,1,3:122,1,12
وَلِيُّهُمُ,1,16:63,1,11
وَلِيُّهُمْ,1,6:127,1,11
وَلِيِّي,1,12:101,1,8
وَلِيِّيَ,1,7:196,1,9
وَلْتَأْتِ,1,4:102,1,10
وَلْتَكُنْ,1,3:104,1,10
وَلْتَنْظُرْ,1,59:18,1,12
وَلْنَحْمِلْ,1,29:12,1,12
وَلْيَبْكُوا,1,9:82,1,12
وَلْيَتَلَطَّفْ,1,18:19,1,15
وَلْيَجِدُوا,1,9:123,1,12
وَلْيَحْكُمْ,1,5:47,1,12
وَلْيَخْشَ,1,4:9,1,10
وَلْيَدْعُ,1,40:26,1,10
وَلْيَسْأَلُوا,1,60:10,1,14
وَلْيَسْتَعْفِفِ,1,24:33,1,16
وَلْيَشْهَدْ,1,24:2,1,12
وَلْيَصْفَحُوا,1,24:22,1,14
وَلْيَضْرِبْنَ,1,24:31,1,14
وَلْيَطَّوَّفُوا,1,22:29,1,16
وَلْيَعْفُوا,1,24:22,1,12
وَلْيَقُولُوا,1,4:9,1,13
وَلْيَكْتُبْ,1,2:282,1,12
وَلْيُؤْمِنُوا,1,2:186,1,14
وَلْيُمْلِلِ,1,2:282,1,12
وَلْيُوفُوا,1,22:29,1,11
وَمَأْجُوجَ,1,18:94,1,11
وَمَأْجُوجُ,1,21:96,1,11
وَمَاءٍ,1,56:31,1,7
وَمَاذَا,1,4:39,1,8
وَمَارُوتَ,1,2:102,1,10
وَمَتَّعْنَاهُمْ,1,10:98,1,16
وَمَتِّعُوهُنَّ,1,2:236,1,15
وَمَثَلُهُمْ,1,48:29,1,12
وَمَثْوَاكُمْ,1,47:19,1,13
وَمَحْيَايَ,1,6:162,1,11
وَمَرْعَاهَا,1,79:31,1,12
وَمَرْيَمَ,1,66:12,1,10
وَمَزَّقْنَاهُمْ,1,34:19,1,16
وَمَسَاجِدُ,1,22:40,1,11
وَمَسَاكِنُ,1,9:24,1,11
وَمَسَاكِنِكُمْ,1,21:13,1,15
وَمَشَارِبُ,1,36:73,1,11
وَمَشْهُودٍ,1,85:3,1,11
وَمَصِيرًا,1,25:15,1,10
وَمَضَى,1,43:8,1,7
وَمَعَارِجَ,1,43:33,1,11
وَمَعِينٍ,1,23:50,1,9
وَمَغَارِبَهَا,1,7:137,1,14
وَمَغَانِمَ,1,48:19,1,11
وَمَغْفِرَةً,1,4:96,1,12
وَمَقْتًا,1,4:22,1,9
وَمَكَرَ,1,3:54,1,8
وَمَكَرْنَا,1,27:50,1,11
وَمَكْرَ,1,35:43,1,8
وَمَكْرُ,1,35:10,1,8
وَمَلَأَهُ,1,10:88,1,10
وَمَلَئِهِمْ,1,10:83,1,12
وَمَلَائِكَتَهُ,1,33:56,1,15
وَمَلَائِكَتُهُ,1,33:43,1,15
وَمَمَاتُهُمْ,1,45:21,1,13
وَمَمَاتِي,1,6:162,1,10
وَمَنَاةَ,1,53:20,1,9
وَمَهَّدْتُ,1,74:14,1,11
وَمَهِّلْهُمْ,1,73:11,1,13
وَمَوَالِيكُمْ,1,33:5,1,14
وَمُحَرَّمٌ,1,6:139,1,11
وَمُخْرِجُ,1,6:95,1,10
وَمُرْسَاهَا,1,11:41,1,12
وَمُسْتَوْدَعٌ,1,6:98,1,14
وَمُسْتَوْدَعَهَا,1,11:6,1,17
وَمُطَهِّرُكَ,1,3:55,1,13
وَمُقَصِّرِينَ,1,48:27,1,14
وَمُلْكًا,1,76:20,1,9
وَمُلْكٍ,1,20:120,1,8
وَمُهَيْمِنًا,1,5:48,1,13
وَمِزَاجُهُ,1,83:27,1,11
وَمِنْكَ,1,33:7,1,8
وَمِنْهَاجًا,1,5:48,1,12
وَمِنْهُ,1,16:10,1,8
وَمِنْهُمُ,1,9:61,1,10
وَمِيثَاقَهُ,1,5:7,1,12
وَمِيكَالَ,1,2:98,1,10
وَنَادَاهُمَا,1,7:22,1,13
وَنَبَاتًا,1,78:15,1,10
وَنَبِيًّا,1,3:39,1,10
وَنَبْلُوكُمْ,1,21:35,1,13
وَنَبْلُوَ,1,47:31,1,10
وَنَتَجَاوَزُ,1,46:16,1,13
وَنَتَّبِعِ,1,14:44,1,11
وَنَجَّيْنَا,1,41:18,1,12
وَنَجَّيْنَاهُمَا,1,37:115,1,17
وَنَجَّيْنَاهُمْ,1,11:58,1,16
وَنَجِّنَا,1,10:86,1,10
وَنَجْعَلَ,1,34:33,1,10
وَنَجْعَلَهُمُ,1,28:5,1,14
وَنَجْعَلَهُمْ,1,28:5,1,14
وَنَجْعَلُ,1,28:35,1,10
وَنَحْشُرُ,1,20:102,1,10
وَنَحْشُرُهُ,1,20:124,1,12
وَنَحْشُرُهُمْ,1,17:97,1,14
وَنَحْفَظُ,1,12:65,1,10
وَنَخِيلٌ,1,13:4,1,9
وَنَخْزَى,1,20:134,1,9
وَنَخْلًا,1,80:29,1,9
وَنَخْلٌ,1,55:68,1,8
وَنَخْلٍ,1,26:148,1,8
وَنَذَرَ,1,7:70,1,8
وَنَذَرُ,1,19:72,1,8
وَنَذَرُهُمْ,1,6:110,1,12
وَنَذِيرٌ,1,5:19,1,9
وَنَذْكُرَكَ,1,20:34,1,12
وَنَرَاهُ,1,70:7,1,9
وَنَرِثُهُ,1,19:80,1,10
وَنَزَّلْنَاهُ,1,17:106,1,14
وَنَزْدَادُ,1,12:65,1,11
وَنَسُوا,1,5:13,1,8
وَنَسُوقُ,1,19:86,1,9
وَنَسُوهُ,1,58:6,1,9
وَنَسْتَحْيِي,1,7:127,1,13
وَنَسْرًا,1,71:23,1,9
وَنَصَرُوهُ,1,7:157,1,11
وَنَصَرْنَاهُ,1,21:77,1,13
وَنَصَرْنَاهُمْ,1,37:116,1,15
وَنَصِيرًا,1,25:31,1,10
وَنَضَعُ,1,21:47,1,8
وَنَطْبَعُ,1,7:100,1,10
وَنَطْمَعُ,1,5:84,1,10
وَنَعَّمَهُ,1,89:15,1,11
وَنَعِيمٍ,1,52:17,1,9
وَنَعْلَمَ,1,5:113,1,10
وَنَعْلَمُ,1,50:16,1,10
وَنَعْمَةٍ,1,44:27,1,10
وَنَفَخَ,1,32:9,1,8
وَنَفْسٍ,1,91:7,1,8
وَنَكْتُبُ,1,36:12,1,10
وَنَكْفُرُ,1,4:150,1,10
وَنَلْعَبُ,1,9:65,1,10
وَنَمَارِقُ,1,88:15,1,11
وَنَمُدُّ,1,19:79,1,9
وَنَمِيرُ,1,12:65,1,9
وَنَمْنَعْكُمْ,1,4:141,1,14
وَنَهَارًا,1,71:5,1,10
وَنَهَرٍ,1,54:54,1,8
وَنَهَوْا,1,22:41,1,9
وَنَهَى,1,79:40,1,7
وَنُحَاسٌ,1,55:35,1,9
وَنُخَوِّفُهُمْ,1,17:60,1,15
وَنُخْرِجُ,1,17:13,1,10
وَنُدْخِلُهُمْ,1,4:57,1,14
وَنُدْخِلْكُمْ,1,4:31,1,14
وَنُذِيقُهُ,1,22:9,1,11
وَنُرَدُّ,1,6:71,1,9
وَنُرِيدُ,1,28:5,1,9
وَنُرِيَ,1,28:6,1,8
وَنُزِّلَ,1,25:25,1,9
وَنُسُكِي,1,6:162,1,9
وَنُسْقِيَهُ,1,25:49,1,12
وَنُصْلِهِ,1,4:115,1,10
وَنُفَصِّلُ,1,9:11,1,11
وَنُفَضِّلُ,1,13:4,1,11
وَنُفُورٍ,1,67:21,1,9
وَنُقَدِّسُ,1,2:30,1,11
وَنُقَلِّبُ,1,6:110,1,11
وَنُقَلِّبُهُمْ,1,18:18,1,15
وَنُقِرُّ,1,22:5,1,9
وَنُمَكِّنَ,1,28:6,1,11
وَنُنَزِّلُ,1,17:82,1,11
وَنُنْشِئَكُمْ,1,56:61,1,14
وَنُودُوا,1,7:43,1,9
وَنُورُهُمْ,1,57:19,1,11
وَنُيَسِّرُكَ,1,87:8,1,13
وَنِدَاءً,1,2:171,1,9
وَنِسَاءٌ,1,48:25,1,9
وَنِسَاءَكُمْ,1,3:61,1,13
وَنِسَاءَنَا,1,3:61,1,12
وَنِسَاءِ,1,33:59,1,9
وَنِصْفَهُ,1,73:20,1,10
وَنِعْمَةً,1,49:8,1,10
وَنِفَاقًا,1,9:97,1,10
وَهَؤُلَاءِ,1,17:20,1,11
وَهَبَ,1,14:39,1,6
وَهَبَتْ,1,33:50,1,8
وَهَبْنَا,1,19:49,1,9
وَهَدَاهُ,1,16:121,1,9
وَهَدَى,1,20:122,1,7
وَهَدَيْنَاهُ,1,90:10,1,13
وَهَدَيْنَاهُمَا,1,37:118,1,16
وَهَدَيْنَاهُمْ,1,6:87,1,15
وَهَذِهِ,1,43:51,1,8
وَهَمَّ,1,12:24,1,7
وَهَمَّتْ,1,40:5,1,9
وَهَنَ,1,19:4,1,6
وَهَنُوا,1,3:146,1,8
وَهَيِّئْ,1,18:10,1,9
وَهَّاجًا,1,78:13,1,9
وَهُزِّي,1,19:25,1,8
وَهُمَا,1,46:17,1,7
وَهْنًا,1,31:14,1,7
وَهْنٍ,1,31:14,1,6
وَوَاعَدْنَا,1,7:142,1,12
وَوَاعَدْنَاكُمْ,1,20:80,1,16
وَوَالِدٍ,1,90:3,1,9
وَوَجَدُوا,1,18:49,1,10
وَوَدُّوا,1,60:2,1,9
وَوَرِثَ,1,27:16,1,8
وَوَرِثَهُ,1,4:11,1,10
وَوَصَّى,1,2:132,1,8
وَوَضَعَ,1,55:7,1,8
وَوَضَعَتْهُ,1,46:15,1,12
وَوَضَعْنَا,1,94:2,1,11
وَوَعَدْتُكُمْ,1,14:22,1,14
وَوَقَانَا,1,52:27,1,10
وَوَقَعَ,1,27:85,1,8
وَوَلَدُهُ,1,71:21,1,10
وَيَأْبَى,1,9:32,1,9
وَيَأْتُوكُمْ,1,3:125,1,13
وَيَأْتِينَا,1,19:80,1,12
وَيَأْتِيهِ,1,14:17,1,11
وَيَأْخُذُ,1,9:104,1,10
وَيَأْكُلُونَ,1,47:12,1,13
وَيَأْمَنُوا,1,4:91,1,12
وَيَأْمُرُكُمْ,1,2:268,1,14
وَيَبْسُطُ,1,2:245,1,10
وَيَبْسُطُوا,1,60:2,1,12
وَيَبْغُونَ,1,42:42,1,11
وَيَبْقَى,1,55:27,1,9
وَيَتَجَنَّبُهَا,1,87:11,1,16
وَيَتَرَبَّصُ,1,9:98,1,13
وَيَتَعَدَّ,1,4:14,1,11
وَيَتَعَلَّمُونَ,1,2:102,1,16
وَيَتَفَكَّرُونَ,1,3:191,1,16
وَيَتَمَتَّعُوا,1,15:3,1,15
وَيَتَنَاجَوْنَ,1,58:8,1,15
وَيَتَوَلَّوْا,1,9:50,1,14
وَيَتَّبِعُ,1,22:3,1,11
وَيَتَّبِعْ,1,4:115,1,11
وَيَتَّخِذَ,1,3:140,1,11
وَيَتَّخِذَهَا,1,31:6,1,14
وَيَتَّخِذُ,1,9:99,1,11
وَيَتَّقْهِ,1,24:52,1,11
وَيَتُوبُ,1,9:15,1,9
وَيَتِيمًا,1,76:8,1,10
وَيَتْلُوهُ,1,11:17,1,11
وَيَجْزِيَ,1,53:31,1,10
وَيَجْزِيَهُمْ,1,39:35,1,14
وَيَجْعَلُكُمْ,1,27:62,1,14
وَيَجْعَلُهُ,1,30:48,1,12
وَيَحِقَّ,1,36:70,1,9
وَيَحْفَظُوا,1,24:30,1,12
وَيَحْفَظْنَ,1,24:31,1,12
وَيَحْمِلُ,1,69:17,1,10
وَيَخِرُّونَ,1,17:109,1,12
وَيَخْتَارُ,1,28:68,1,11
وَيَخْشَ,1,24:52,1,8
وَيَخْشَوْنَ,1,13:21,1,12
وَيَخْشَوْنَهُ,1,33:39,1,14
وَيَخْلُدْ,1,25:69,1,10
وَيَخْلُقُ,1,16:8,1,10
وَيَدْرَأُ,1,24:8,1,10
وَيَدْعُ,1,17:11,1,8
وَيَدْعُونَنَا,1,21:90,1,14
وَيَذَرَكَ,1,7:127,1,10
وَيَذَرُهُمْ,1,7:186,1,12
وَيَذْكُرُوا,1,22:28,1,12
وَيَذْهَبَا,1,20:63,1,11
وَيَرَى,1,34:6,1,7
وَيَرِثُ,1,19:6,1,8
وَيَرْجُو,1,39:9,1,9
وَيَرْجُونَ,1,17:57,1,11
وَيَرْحَمُ,1,29:21,1,10
وَيَرْزُقْهُ,1,65:3,1,12
وَيَرْضَى,1,53:26,1,9
وَيَرْضَيْنَ,1,33:51,1,12
وَيَزِدْكُمْ,1,11:52,1,12
وَيَزِيدُ,1,19:76,1,9
وَيَزْدَادَ,1,74:31,1,11
وَيَسِّرْ,1,20:26,1,9
وَيَسْتَأْذِنُ,1,33:13,1,14
وَيَسْتَبْدِلْ,1,9:39,1,14
وَيَسْتَبْشِرُونَ,1,3:170,1,17
وَيَسْتَجِيبُ,1,42:26,1,13
وَيَسْتَحْيِي,1,28:4,1,13
وَيَسْتَخْرِجَا,1,18:82,1,15
وَيَسْتَخْلِفَكُمْ,1,7:129,1,18
وَيَسْتَخْلِفُ,1,11:57,1,14
وَيَسْتَخْلِفْ,1,6:133,1,14
وَيَسْتَغْفِرُوا,1,18:55,1,16
وَيَسْتَغْفِرُونَهُ,1,5:74,1,19
وَيَسْتَفْتُونَكَ,1,4:127,1,17
وَيَسْتَكْبِرْ,1,4:172,1,14
وَيَسْتَنْبِئُونَكَ,1,10:53,1,19
وَيَسْفِكُ,1,2:30,1,10
وَيَسْقِينِ,1,26:79,1,11
وَيَشْتَرُونَ,1,2:174,1,13
وَيَشْرَبُ,1,23:33,1,10
وَيَشْفِ,1,9:14,1,8
وَيَصُدَّكُمْ,1,5:91,1,13
وَيَصْبِرْ,1,12:90,1,10
وَيَصْرِفُهُ,1,24:43,1,12
وَيَصْلَى,1,84:12,1,9
وَيَصْنَعُ,1,11:38,1,10
وَيَضَعُ,1,7:157,1,8
وَيَضِيقُ,1,26:13,1,9
وَيَعُوقَ,1,71:23,1,9
وَيَعْفُ,1,42:34,1,8
وَيَعْقُوبُ,1,2:132,1,11
وَيَعْمَلُونَ,1,21:82,1,13
وَيَفْعَلُ,1,14:27,1,10
وَيَقُولُوا,1,54:2,1,11
وَيَقْبِضُونَ,1,9:67,1,13
وَيَقْبِضْنَ,1,67:19,1,12
وَيَقْذِفُونَ,1,34:53,1,13
وَيَقْطَعَ,1,8:7,1,10
وَيَكُفُّوا,1,4:91,1,11
وَيَكُونُونَ,1,19:82,1,12
وَيَكْتُمُونَ,1,4:37,1,13
وَيَكْشِفُ,1,27:62,1,10
وَيَكْفُرُونَ,1,2:91,1,13
وَيَلْبَسُونَ,1,18:31,1,13
وَيَلْعَبْ,1,12:12,1,10
وَيَلْعَنُ,1,29:25,1,10
وَيَلْعَنُهُمُ,1,2:159,1,14
وَيَمُدُّهُمْ,1,2:15,1,13
وَيَمْحَقَ,1,3:141,1,10
وَيَمْحُ,1,42:24,1,8
وَيَمْشُونَ,1,25:20,1,11
وَيَمْشِي,1,25:7,1,9
وَيَمْكُرُ,1,8:30,1,10
وَيَمْكُرُونَ,1,8:30,1,13
وَيَمْنَعُونَ,1,107:7,1,13
وَيَنْأَوْنَ,1,6:26,1,12
وَيَنْشُرُ,1,42:28,1,10
وَيَنْصُرَكَ,1,48:3,1,12
وَيَنْصُرُونَ,1,59:8,1,13
وَيَنْصُرْكُمْ,1,9:14,1,14
وَيَنْعِهِ,1,6:99,1,10
وَيَنْقَلِبُ,1,84:9,1,12
وَيَنْهَاهُمْ,1,7:157,1,13
وَيَنْهَى,1,16:90,1,9
وَيَهَبُ,1,42:49,1,8
وَيَهْدِيهِ,1,22:4,1,11
وَيَهْدِيَكَ,1,48:2,1,12
وَيَوْمَئِذٍ,1,30:4,1,12
وَيُؤَخِّرَكُمْ,1,14:10,1,15
وَيُؤَخِّرْكُمْ,1,71:4,1,15
وَيُؤْتُوا,1,98:5,1,10
وَيُؤْثِرُونَ,1,59:9,1,13
وَيُؤْمِنُ,1,9:61,1,10
وَيُؤْمِنُونَ,1,40:7,1,13
وَيُؤْمِنْ,1,2:256,1,10
وَيُبَشِّرَ,1,18:2,1,11
وَيُبَشِّرُ,1,17:9,1,11
وَيُبْصِرُونَ,1,68:5,1,13
وَيُبْطِلَ,1,8:8,1,10
وَيُتَخَطَّفُ,1,29:67,1,13
وَيُتِمَّ,1,48:2,1,9
وَيُتِمُّ,1,12:6,1,9
وَيُثَبِّتَ,1,8:11,1,11
وَيُثَبِّتْ,1,47:7,1,11
وَيُثْبِتُ,1,13:39,1,10
وَيُجَادِلُ,1,18:56,1,11
وَيُجِرْكُمْ,1,46:31,1,12
وَيُحَرِّمُ,1,7:157,1,11
وَيُحَرِّمُونَهُ,1,9:37,1,16
وَيُحِبُّ,1,2:222,1,9
وَيُحِبُّونَ,1,3:188,1,12
وَيُحِبُّونَهُ,1,5:54,1,14
وَيُحِلُّ,1,7:157,1,9
وَيُحْيِي,1,30:19,1,9
وَيُخَوِّفُونَكَ,1,39:36,1,16
وَيُخْرِجُكُمْ,1,71:18,1,14
وَيُخْرِجُهُمْ,1,5:16,1,14
وَيُخْرِجْ,1,47:37,1,10
وَيُخْزِهِمْ,1,9:14,1,12
وَيُدْخِلَكُمْ,1,66:8,1,14
وَيُدْخِلُهُمُ,1,47:6,1,14
وَيُدْخِلُهُمْ,1,58:22,1,14
وَيُدْخِلْكُمْ,1,61:12,1,14
وَيُدْخِلْهُ,1,64:9,1,12
وَيُدْعَوْنَ,1,68:42,1,12
وَيُذَبِّحُونَ,1,14:6,1,14
وَيُذِيقَ,1,6:65,1,9
وَيُذْكَرَ,1,24:36,1,10
وَيُذْهِبَ,1,8:11,1,10
وَيُذْهِبْ,1,9:15,1,10
وَيُرْبِي,1,2:276,1,9
وَيُرْسِلَ,1,18:40,1,10
وَيُزَكِّيكُمْ,1,2:151,1,14
وَيُسَارِعُونَ,1,3:114,1,14
وَيُسَبِّحُ,1,13:13,1,11
وَيُسَبِّحُونَهُ,1,7:206,1,16
وَيُسَلِّمُوا,1,4:65,1,13
وَيُسْأَلُونَ,1,43:19,1,13
وَيُسْتَهْزَأُ,1,4:140,1,14
وَيُسْقَوْنَ,1,76:17,1,12
وَيُسْقَى,1,14:16,1,9
وَيُشْهِدُ,1,2:204,1,10
وَيُصْلِحُ,1,47:5,1,10
وَيُضِلُّ,1,14:27,1,9
وَيُطَافُ,1,76:15,1,9
وَيُطَهِّرَكُمْ,1,33:33,1,15
وَيُطِيعُونَ,1,9:71,1,12
وَيُطْعِمُونَ,1,76:8,1,13
وَيُعَلِّمُكَ,1,12:6,1,13
وَيُعَلِّمُكُمْ,1,2:151,1,15
وَيُعَلِّمُهُ,1,3:48,1,13
وَيُعِيدُ,1,85:13,1,9
وَيُعْظِمْ,1,65:5,1,10
وَيُقَلِّلُكُمْ,1,8:44,1,15
وَيُقِيمُوا,1,98:5,1,11
وَيُقْتَلُونَ,1,9:111,1,13
وَيُقْذَفُونَ,1,37:8,1,13
وَيُكَفِّرَ,1,48:5,1,11
وَيُكَفِّرُ,1,2:271,1,11
وَيُكَفِّرْ,1,8:29,1,11
وَيُكَلِّمُ,1,3:46,1,11
وَيُكَوِّرُ,1,39:5,1,11
وَيُلَقَّوْنَ,1,25:75,1,13
وَيُلْقُوا,1,4:91,1,10
وَيُلْهِهِمُ,1,15:3,1,12
وَيُمَنِّيهِمْ,1,4:120,1,14
وَيُمْدِدْكُمْ,1,71:12,1,14
وَيُمْسِكُ,1,22:65,1,10
وَيُنَجِّي,1,39:61,1,10
وَيُنْذِرَ,1,18:4,1,10
وَيُنْشِئُ,1,13:12,1,10
وَيُنْفِقُوا,1,14:31,1,12
وَيُهَيِّئْ,1,18:16,1,11
وَيُهْلِكَ,1,2:205,1,10
وَيُوسُفَ,1,6:84,1,9
وَيُوَلُّونَ,1,54:45,1,12
وَيْكَأَنَّ,1,28:82,1,11
وَيْكَأَنَّهُ,1,28:82,1,13
وَيْلَتَا,1,5:31,1,9
وَيْلَتَنَا,1,18:49,1,11
وَيْلَكَ,1,46:17,1,8
وُجُوهًا,1,4:47,1,8
وُجُوهُ,1,67:27,1,7
وُجُوهِ,1,22:72,1,7
وُجُوهِهِمُ,1,21:39,1,11
وُجِدَ,1,12:75,1,6
وُجْدِكُمْ,1,65:6,1,10
وُدًّا,1,19:96,1,6
وُضِعَ,1,3:96,1,6
وُكِّلَ,1,32:11,1,7
وُلِدَ,1,19:15,1,6
وُلِدْتُ,1,19:33,1,8
وُورِيَ,1,7:20,1,7
وِجْهَةٌ,1,2:148,1,8
وِرْدًا,1,19:86,1,7
وِزْرًا,1,20:100,1,7
وِزْرَكَ,1,94:2,1,8
وِفَاقًا,1,78:26,1,8
وِقْرًا,1,51:2,1,7
يس,1,36:1,1,2
يَأْتَلِ,1,24:22,1,8
يَأْتَمِرُونَ,1,28:20,1,13
يَأْتُوكُمْ,1,2:85,1,11
يَأْتُونَكَ,1,25:33,1,11
يَأْتُونَنَا,1,19:38,1,12
يَأْتُونِي,1,27:38,1,10
يَأْتِكَ,1,19:43,1,8
يَأْتِهِ,1,20:75,1,8
يَأْتِيكُمَا,1,12:37,1,12
يَأْتِينَا,1,20:133,1,10
يَأْتِينَكَ,1,2:260,1,11
يَأْتِينِي,1,27:38,1,10
يَأْتِيهَا,1,16:112,1,10
يَأْتِيهِمُ,1,14:44,1,11
يَأْتِيَانِهَا,1,4:16,1,14
يَأْتِيَكَ,1,15:99,1,10
يَأْتِيَكُمَا,1,12:37,1,13
يَأْتِيَنَا,1,3:183,1,11
يَأْتِيَنِي,1,12:83,1,11
يَأْجُوجَ,1,18:94,1,9
يَأْجُوجُ,1,21:96,1,9
يَأْخُذُ,1,18:79,1,8
يَأْخُذُوا,1,7:145,1,10
يَأْخُذُونَ,1,7:169,1,11
يَأْخُذُونَهَا,1,48:19,1,14
يَأْخُذُوهُ,1,7:169,1,11
يَأْخُذْهُ,1,20:39,1,10
يَأْذَنْ,1,42:21,1,8
يَأْكُلَ,1,49:12,1,8
يَأْكُلَانِ,1,5:75,1,11
يَأْكُلَهُ,1,12:13,1,10
يَأْكُلُهُ,1,69:37,1,10
يَأْكُلُوا,1,15:3,1,10
يَأْكُلْنَ,1,12:48,1,10
يَأْلَمُونَ,1,4:104,1,11
يَأْلُونَكُمْ,1,3:118,1,13
يَأْمَنُ,1,7:99,1,8
يَأْمَنُوكُمْ,1,4:91,1,13
يَأْمُرَكُمْ,1,3:80,1,12
يَأْمُرُهُمْ,1,7:157,1,12
يَأْنِ,1,57:16,1,6
يَئُودُهُ,1,2:255,1,9
يَئُوسًا,1,17:83,1,8
يَئِسْنَ,1,65:4,1,8
يَابِسٍ,1,6:59,1,7
يَاسِينَ,1,37:130,1,8
يَبَسًا,1,20:77,1,7
يَبُثُّ,1,45:4,1,7
يَبُورُ,1,35:10,1,7
يَبِيتُونَ,1,25:64,1,10
يَبْتَغِ,1,3:85,1,8
يَبْحَثُ,1,5:31,1,8
يَبْخَسْ,1,2:282,1,8
يَبْخَلْ,1,47:38,1,8
يَبْسُطُوا,1,5:11,1,10
يَبْصُرُوا,1,20:96,1,10
يَبْطِشَ,1,28:19,1,8
يَبْطِشُونَ,1,7:195,1,11
يَبْعَثَكَ,1,17:79,1,10
يَبْعَثُكُمْ,1,6:60,1,12
يَبْغُونَكُمُ,1,9:47,1,13
يَبْغِيَانِ,1,55:20,1,11
يَبْلَى,1,20:120,1,7
يَبْلُغَا,1,18:82,1,9
يَبْلُغَنَّ,1,17:23,1,11
يَبْلُغُوا,1,24:58,1,10
يَبْلُوكُمُ,1,16:92,1,11
يَبْنَؤُمَّ,1,20:94,1,11
يَتَأَخَّرَ,1,74:37,1,11
يَتَامَى,1,4:127,1,8
يَتَبَدَّلِ,1,2:108,1,11
يَتَبَوَّأُ,1,12:56,1,11
يَتَجَرَّعُهُ,1,14:17,1,13
يَتَحَاجُّونَ,1,40:47,1,13
يَتَحَاكَمُوا,1,4:60,1,13
يَتَخَبَّطُهُ,1,2:275,1,13
يَتَخَطَّفَكُمُ,1,8:26,1,15
يَتَخَلَّفُوا,1,9:120,1,13
يَتَخَيَّرُونَ,1,56:20,1,14
يَتَرَاجَعَا,1,2:230,1,12
يَتَرَبَّصُونَ,1,4:141,1,14
يَتَرَدَّدُونَ,1,9:45,1,14
يَتَسَلَّلُونَ,1,24:63,1,14
يَتَسَنَّهْ,1,2:259,1,11
يَتَطَهَّرُوا,1,9:108,1,13
يَتَعَارَفُونَ,1,10:45,1,14
يَتَغَامَزُونَ,1,83:30,1,14
يَتَغَيَّرْ,1,47:15,1,11
يَتَفَجَّرُ,1,2:74,1,11
يَتَفَرَّقَا,1,4:130,1,12
يَتَفَرَّقُونَ,1,30:14,1,14
يَتَفَضَّلَ,1,23:24,1,11
يَتَفَيَّأُ,1,16:48,1,11
يَتَقَبَّلُ,1,5:27,1,11
يَتَقَدَّمَ,1,74:37,1,11
يَتَكَبَّرُونَ,1,7:146,1,14
يَتَكَلَّمُ,1,30:35,1,11
يَتَكَلَّمُونَ,1,78:38,1,14
يَتَلَاوَمُونَ,1,68:30,1,14
يَتَلَقَّى,1,50:17,1,10
يَتَمَتَّعُونَ,1,47:12,1,14
يَتَمَطَّى,1,75:33,1,10
يَتَمَنَّوْنَهُ,1,62:7,1,15
يَتَمَنَّوْهُ,1,2:95,1,13
يَتَنَاهَوْنَ,1,5:79,1,13
يَتَنَزَّلُ,1,65:12,1,11
يَتَوَارَى,1,16:59,1,10
يَتَوَفَّاهُنَّ,1,4:15,1,15
يَتَوَفَّوْنَهُمْ,1,7:37,1,17
يَتَوَكَّلُ,1,39:38,1,11
يَتَوَلَّوْا,1,9:74,1,12
يَتَوَلَّوْنَهُ,1,16:100,1,15
يَتَّبِعُهُمُ,1,26:224,1,13
يَتَّبِعُوكُمْ,1,7:193,1,14
يَتَّبِعْ,1,24:21,1,9
يَتَّخِذُونَ,1,4:139,1,12
يَتَّقِي,1,39:24,1,8
يَتَّكِئُونَ,1,43:34,1,12
يَتُبْ,1,49:11,1,6
يَتِرَكُمْ,1,47:35,1,10
يَتِيمَيْنِ,1,18:82,1,11
يَتِيهُونَ,1,5:26,1,10
يَتْبَعُهَا,1,2:263,1,11
يَتْلُونَهُ,1,2:121,1,11
يَثْرِبَ,1,33:13,1,8
يَثْقَفُوكُمْ,1,60:2,1,13
يَثْنُونَ,1,11:5,1,9
يَجُرُّهُ,1,7:150,1,9
يَجِدُونَهُ,1,7:157,1,11
يَجِدِ,1,4:110,1,6
يَجِدْكَ,1,93:6,1,8
يَجِدْهُ,1,24:39,1,8
يَجْأَرُونَ,1,23:64,1,11
يَجْتَبِيكَ,1,12:6,1,11
يَجْعَلُوهُ,1,12:15,1,11
يَجْعَلِ,1,24:40,1,8
يَجْعَلْنِي,1,19:32,1,11
يَجْعَلْهُ,1,6:39,1,10
يَجْمَحُونَ,1,9:57,1,11
يَجْهَلُونَ,1,6:111,1,11
يَحُورَ,1,84:14,1,7
يَحُولُ,1,8:24,1,7
يَحِضْنَ,1,65:4,1,8
يَحِلَّ,1,20:86,1,7
يَحِلُّونَ,1,60:10,1,10
يَحِيفَ,1,24:50,1,7
يَحِيقُ,1,35:43,1,7
يَحْبِسُهُ,1,11:8,1,10
يَحْتَسِبُ,1,65:3,1,10
يَحْتَسِبُوا,1,59:2,1,12
يَحْتَسِبُونَ,1,39:47,1,13
يَحْزَنَّ,1,33:51,1,9
يَحْزُنُهُمُ,1,21:103,1,12
يَحْسَبُ,1,104:3,1,8
يَحْسَبُهُ,1,24:39,1,10
يَحْسَبُهُمُ,1,2:273,1,12
يَحْسُدُونَ,1,4:54,1,11
يَحْضُرُونِ,1,23:98,1,11
يَحْطِمَنَّكُمْ,1,27:18,1,15
يَحْفَظُونَهُ,1,13:11,1,13
يَحْكُمَانِ,1,21:78,1,11
يَحْلِلْ,1,20:81,1,8
يَحْمُومٍ,1,56:43,1,9
يَحْمِلُوهَا,1,62:5,1,12
يَحْمِلْنَهَا,1,33:72,1,13
يَخَافَا,1,2:229,1,8
يَخَافُهُ,1,5:94,1,9
يَخَافُوا,1,5:108,1,9
يَخُوضُونَ,1,6:68,1,10
يَخِرُّوا,1,25:73,1,9
يَخِرُّونَ,1,17:107,1,10
يَخِصِّمُونَ,1,36:49,1,12
يَخْتَانُونَ,1,4:107,1,12
يَخْتِمْ,1,42:24,1,8
يَخْدَعُوكَ,1,8:62,1,11
يَخْدَعُونَ,1,2:9,1,11
يَخْذُلْكُمْ,1,3:160,1,12
يَخْرُجْ,1,4:100,1,8
يَخْرُجْنَ,1,65:1,1,10
يَخْسَرُ,1,45:27,1,8
يَخْشَ,1,9:18,1,6
يَخْشَاهَا,1,79:45,1,10
يَخْطَفُ,1,2:20,1,8
يَخْفَوْنَ,1,41:40,1,10
يَخْلُ,1,12:9,1,6
يَخْلُفُونَ,1,43:60,1,11
يَخْلُقُكُمْ,1,39:6,1,12
يَخْلُقُوا,1,22:73,1,10
يَدٍ,1,9:29,1,4
يَدَا,1,111:1,1,5
يَدَاكَ,1,22:10,1,7
يَدَيِ,1,49:1,1,6
يَدَيْهَا,1,2:66,1,9
يَدَّبَّرُوا,1,23:68,1,12
يَدَّعُونَ,1,36:57,1,10
يَدُسُّهُ,1,16:59,1,9
يَدُعُّ,1,107:2,1,7
يَدِينُونَ,1,9:29,1,10
يَدِيَ,1,5:28,1,6
يَدْخُلَ,1,2:111,1,8
يَدْخُلَنَّهَا,1,68:24,1,14
يَدْخُلِ,1,49:14,1,8
يَدْرُسُونَهَا,1,34:44,1,14
يَدْعُنَا,1,10:12,1,9
يَدْعُوكَ,1,28:25,1,9
يَدْعُونَنِي,1,12:33,1,12
يَدْعُونَهُ,1,6:71,1,11
يَدْعُوهُ,1,72:19,1,9
يَدْعُوهُمْ,1,31:21,1,11
يَذَّكَّرَ,1,25:62,1,10
يَذُوقُوا,1,38:8,1,9
يَذْرَؤُكُمْ,1,42:11,1,12
يَذْكُرُهُمْ,1,21:60,1,12
يَذْهَبُ,1,24:43,1,8
يَرَاكَ,1,26:218,1,7
يَرَاهَا,1,24:40,1,8
يَرَوْنَهُ,1,70:6,1,10
يَرَوْنَهُمْ,1,3:13,1,12
يَرُدُّونَكُمْ,1,2:109,1,14
يَرِثُنِي,1,19:6,1,9
يَرْبُو,1,30:39,1,7
يَرْتَابَ,1,74:31,1,9
يَرْتَابُوا,1,49:15,1,11
يَرْتَدُّ,1,14:43,1,9
يَرْتَدِدْ,1,2:217,1,10
يَرْتَعْ,1,12:12,1,8
يَرْجُمُوكُمْ,1,18:20,1,13
يَرْجِعَ,1,20:91,1,8
يَرْحَمَكُمْ,1,17:8,1,12
يَرْحَمْكُمْ,1,17:54,1,12
يَرْحَمْنَا,1,7:149,1,11
يَرْزُقُهَا,1,29:60,1,11
يَرْشُدُونَ,1,2:186,1,11
يَرْضَهُ,1,39:7,1,8
يَرْضَوْنَهُ,1,22:59,1,12
يَرْغَبُ,1,2:130,1,8
يَرْغَبُوا,1,9:120,1,10
يَرْفَعُ,1,2:127,1,8
يَرْفَعُهُ,1,35:10,1,10
يَرْفَعِ,1,58:11,1,8
يَرْقُبُوا,1,9:8,1,10
يَرْقُبُونَ,1,9:10,1,11
يَرْكَبُونَ,1,36:42,1,11
يَرْكَعُونَ,1,77:48,1,11
يَرْكُضُونَ,1,21:12,1,11
يَرْمِ,1,4:112,1,6
يَرْهَبُونَ,1,7:154,1,11
يَرْهَقُ,1,10:26,1,8
يَزِدْهُ,1,71:21,1,8
يَزِدْهُمْ,1,71:6,1,10
يَزِغْ,1,34:12,1,6
يَزِفُّونَ,1,37:94,1,10
يَزِيدُونَ,1,37:147,1,10
يَزِيغُ,1,9:117,1,7
يَزْعُمُونَ,1,4:60,1,11
يَزْنُونَ,1,25:68,1,9
يَزْنِينَ,1,60:12,1,9
يَسَّرَهُ,1,80:20,1,9
يَسَّمَّعُونَ,1,37:8,1,13
يَسُومُهُمْ,1,7:167,1,11
يَسِيرٍ,1,74:10,1,7
يَسْأَلُكُمْ,1,36:21,1,12
يَسْأَلُهُ,1,55:29,1,10
يَسْأَلْكُمُوهَا,1,47:37,1,16
يَسْأَلْكُمْ,1,47:36,1,12
يَسْأَمُ,1,41:49,1,8
يَسْأَمُونَ,1,41:38,1,11
يَسْبِتُونَ,1,7:163,1,11
يَسْبِقُونَا,1,29:4,1,12
يَسْبِقُونَهُ,1,21:27,1,13
يَسْتَأْذِنُوهُ,1,24:62,1,15
يَسْتَبْدِلْ,1,47:38,1,12
يَسْتَثْنُونَ,1,68:18,1,13
يَسْتَجِيبُونَ,1,13:14,1,14
يَسْتَحِبُّونَ,1,14:3,1,14
يَسْتَحْسِرُونَ,1,21:19,1,15
يَسْتَخِفَّنَّكَ,1,30:60,1,16
يَسْتَسْخِرُونَ,1,37:14,1,15
يَسْتَصْرِخُهُ,1,28:18,1,14
يَسْتَضْعِفُ,1,28:4,1,12
يَسْتَعْتِبُوا,1,41:24,1,14
يَسْتَعْجِلُونَكَ,1,29:54,1,17
يَسْتَعْجِلُونِ,1,51:59,1,15
يَسْتَعْفِفْنَ,1,24:60,1,14
يَسْتَغِيثَانِ,1,46:17,1,14
يَسْتَغِيثُوا,1,18:29,1,13
يَسْتَغْشُونَ,1,11:5,1,13
يَسْتَغْفِرُوا,1,9:113,1,14
يَسْتَغْفِرِ,1,4:110,1,12
يَسْتَغْفِرْ,1,63:5,1,12
يَسْتَفِزَّهُمْ,1,17:103,1,15
يَسْتَفْتُونَكَ,1,4:176,1,15
يَسْتَفْتِحُونَ,1,2:89,1,15
يَسْتَقِيمَ,1,81:28,1,11
يَسْتَمِعِ,1,72:9,1,10
يَسْتَنْبِطُونَهُ,1,4:83,1,17
يَسْتَنْقِذُوهُ,1,22:73,1,15
يَسْتَنْكِحَهَا,1,33:50,1,15
يَسْتَنْكِفَ,1,4:172,1,12
يَسْتَنْكِفْ,1,4:172,1,12
يَسْتَهْزِئُ,1,2:15,1,12
يَسْتَوْفُونَ,1,83:2,1,13
يَسْجُدَانِ,1,55:6,1,11
يَسْجُدُوا,1,27:25,1,10
يَسْخَرْ,1,49:11,1,8
يَسْخَطُونَ,1,9:58,1,11
يَسْرِ,1,89:4,1,6
يَسْرِقْ,1,12:77,1,8
يَسْرِقْنَ,1,60:12,1,10
يَسْطُرُونَ,1,68:1,1,11
يَسْطُونَ,1,22:72,1,9
يَسْعَوْنَ,1,34:38,1,10
يَسْقُونَ,1,28:23,1,9
يَسْلُبْهُمُ,1,22:73,1,12
يَسْلُكُ,1,72:27,1,8
يَسْلُكْهُ,1,72:17,1,10
يَسْمَعَ,1,9:6,1,8
يَسْمَعُونَكُمْ,1,26:72,1,15
يَشَّقَّقُ,1,2:74,1,10
يَشْتَرِي,1,31:6,1,9
يَشْرَبُونَ,1,76:5,1,11
يَشْرَحْ,1,6:125,1,8
يَشْرُونَ,1,4:74,1,9
يَشْرِي,1,2:207,1,7
يَشْفَعُ,1,2:255,1,8
يَشْفَعُونَ,1,21:28,1,11
يَشْفِينِ,1,26:80,1,9
يَشْقَى,1,20:123,1,7
يَشْكُرْ,1,31:12,1,8
يَشْهَدَ,1,41:22,1,8
يَشْهَدُهُ,1,83:21,1,10
يَشْوِي,1,18:29,1,7
يَصَّدَّعُونَ,1,30:43,1,13
يَصَّدَّقُوا,1,4:92,1,12
يَصَّعَّدُ,1,6:125,1,10
يَصُدَّكُمْ,1,34:43,1,11
يَصُدَّنَّكَ,1,20:16,1,12
يَصُدَّنَّكُمُ,1,43:62,1,14
يَصُدُّنَّكَ,1,28:87,1,12
يَصِدُّونَ,1,43:57,1,10
يَصِلُوا,1,11:81,1,8
يَصْبِرُوا,1,41:24,1,10
يَصْدُرُ,1,99:6,1,8
يَصْطَرِخُونَ,1,35:37,1,13
يَصْطَفِي,1,22:75,1,9
يَصْعَدُ,1,35:10,1,8
يَصْلَى,1,87:12,1,7
يَصْنَعُ,1,7:137,1,8
يَضَّرَّعُونَ,1,7:94,1,13
يَضُرَّ,1,3:144,1,7
يَضُرُّكَ,1,10:106,1,9
يَضُرُّنَا,1,6:71,1,10
يَضُرُّهُ,1,22:12,1,9
يَضُرُّوكَ,1,5:42,1,10
يَضُرُّوكُمْ,1,3:111,1,12
يَضُرُّونَ,1,26:73,1,10
يَضُرُّونَكَ,1,4:113,1,12
يَضِلُّونَ,1,38:26,1,10
يَضِيقُ,1,15:97,1,7
يَضْرِبَ,1,2:26,1,8
يَضْرِبْنَ,1,24:31,1,10
يَطَئُونَ,1,9:120,1,9
يَطَّوَّفَ,1,2:158,1,10
يَطَّيَّرُوا,1,7:131,1,12
يَطُوفُ,1,56:17,1,7
يَطُوفُونَ,1,55:44,1,10
يَطِيرُ,1,6:38,1,7
يَطْعَمُهَا,1,6:138,1,11
يَطْعَمُهُ,1,6:145,1,10
يَطْعَمْهُ,1,2:249,1,10
يَطْغَى,1,20:45,1,7
يَطْلُبُهُ,1,7:54,1,10
يَطْمَعُ,1,74:15,1,8
يَطْمَعُونَ,1,7:46,1,11
يَطْهُرْنَ,1,2:222,1,10
يَظْهَرُونَ,1,43:33,1,11
يَظْهَرُوهُ,1,18:97,1,11
يَعَضُّ,1,25:27,1,7
يَعُودُوا,1,8:38,1,9
يَعُوذُونَ,1,72:6,1,10
يَعِدُ,1,35:40,1,6
يَعِدُهُمْ,1,4:120,1,10
يَعِدْكُمْ,1,20:86,1,10
يَعِظُكُمُ,1,24:17,1,10
يَعِظُهُ,1,31:13,1,8
يَعْبَأُ,1,25:77,1,8
يَعْبُدُونَنِي,1,24:55,1,14
يَعْبُدُوهَا,1,39:17,1,12
يَعْتَذِرُونَ,1,9:94,1,13
يَعْتَزِلُوكُمْ,1,4:91,1,15
يَعْتَصِمْ,1,3:101,1,10
يَعْدُونَ,1,7:163,1,9
يَعْرُجُونَ,1,15:14,1,11
يَعْرِفُوا,1,23:69,1,10
يَعْرِفُونَهَا,1,12:62,1,14
يَعْرِفُونَهُمْ,1,7:48,1,15
يَعْشُ,1,43:36,1,6
يَعْصُونَ,1,66:6,1,9
يَعْصِرُونَ,1,12:49,1,11
يَعْصِمُكَ,1,5:67,1,10
يَعْصِمُكُمْ,1,33:17,1,12
يَعْصِمُنِي,1,11:43,1,11
يَعْصِينَكَ,1,60:12,1,11
يَعْفُونَ,1,2:237,1,9
يَعْقِلُهَا,1,29:43,1,11
يَعْكُفُونَ,1,7:138,1,11
يَعْلَمَهُ,1,26:197,1,10
يَعْلَمُهُ,1,2:270,1,10
يَعْمُرُ,1,9:18,1,8
يَعْمُرُوا,1,9:17,1,10
يَعْيَ,1,46:33,1,6
يَغُرَّنَّكَ,1,3:196,1,12
يَغُضُّوا,1,24:30,1,9
يَغُضُّونَ,1,49:3,1,10
يَغُلَّ,1,3:161,1,7
يَغُوثَ,1,71:23,1,7
يَغُوصُونَ,1,21:82,1,10
يَغْتَبْ,1,49:12,1,8
يَغْرُرْكَ,1,40:4,1,10
يَغْشَاهَا,1,91:4,1,10
يَغْشَاهُ,1,24:40,1,9
يَغْشَاهُمُ,1,29:55,1,11
يَغْضُضْنَ,1,24:31,1,10
يَغْفِرُوا,1,45:14,1,10
يَغْفِرُونَ,1,42:37,1,11
يَغْلُلْ,1,3:161,1,8
يَغْلِبْ,1,4:74,1,8
يَغْلِي,1,44:45,1,7
يَفِرُّ,1,80:34,1,7
يَفْتَحُ,1,34:26,1,8
يَفْتَحِ,1,35:2,1,8
يَفْتَدِي,1,70:11,1,9
يَفْتَرِي,1,16:105,1,9
يَفْتَرِينَهُ,1,60:12,1,13
يَفْتُرُونَ,1,21:20,1,11
يَفْتِنَكُمُ,1,4:101,1,12
يَفْتِنَنَّكُمُ,1,7:27,1,15
يَفْتِنَهُمْ,1,10:83,1,12
يَفْتِنُوكَ,1,5:49,1,11
يَفْرَحُ,1,30:4,1,8
يَفْرَحُوا,1,3:120,1,10
يَفْرَقُونَ,1,9:56,1,11
يَفْرُطَ,1,20:45,1,8
يَفْسَحِ,1,58:11,1,8
يَفْعَلْهُ,1,60:1,1,10
يَفْقَهُوا,1,20:28,1,10
يَقُلْ,1,21:29,1,6
يَقُولَا,1,2:102,1,8
يَقُومَانِ,1,5:107,1,10
يَقُومُونَ,1,2:275,1,10
يَقِينًا,1,4:157,1,8
يَقِينٍ,1,27:22,1,7
يَقْبِضُ,1,2:245,1,8
يَقْتَتِلَانِ,1,28:15,1,13
يَقْتَرِفُونَ,1,6:120,1,13
يَقْتَرِفْ,1,42:23,1,10
يَقْتُرُوا,1,25:67,1,10
يَقْتُلَ,1,4:92,1,8
يَقْتُلُوكَ,1,8:30,1,11
يَقْتُلُونَنِي,1,7:150,1,14
يَقْتُلْ,1,4:93,1,8
يَقْتُلْنَ,1,60:12,1,10
يَقْدُمُ,1,11:98,1,8
يَقْدِرَ,1,90:5,1,8
يَقْذِفُ,1,34:48,1,8
يَقْرَبُوا,1,9:28,1,10
يَقْسِمُونَ,1,43:32,1,11
يَقْضُونَ,1,40:20,1,9
يَقْضِ,1,80:23,1,6
يَقْطَعُونَ,1,9:121,1,11
يَقْطِينٍ,1,37:146,1,9
يَقْنَطُ,1,15:56,1,8
يَقْنَطُونَ,1,30:36,1,11
يَقْنُتْ,1,33:31,1,8
يَكَدْ,1,24:40,1,6
يَكُفَّ,1,4:84,1,7
يَكُفُّونَ,1,21:39,1,10
يَكُنَّ,1,49:11,1,7
يَكُونَا,1,2:282,1,8
يَكُونُونَ,1,72:19,1,10
يَكِيدُونَ,1,86:15,1,10
يَكْبَرُوا,1,4:6,1,10
يَكْبُرُ,1,17:51,1,8
يَكْبِتَهُمْ,1,3:127,1,12
يَكْتُبَ,1,2:282,1,8
يَكْتُبُ,1,4:81,1,8
يَكْتُمُ,1,40:28,1,8
يَكْتُمْنَ,1,2:228,1,10
يَكْتُمْهَا,1,2:283,1,11
يَكْرَهُونَ,1,16:62,1,11
يَكْسِبُهُ,1,4:111,1,10
يَكْفُلُ,1,3:44,1,8
يَكْفُلُهُ,1,20:40,1,10
يَكْفُلُونَهُ,1,28:12,1,13
يَكْفِ,1,41:53,1,6
يَكْفِهِمْ,1,29:51,1,10
يَكْفِيَكُمْ,1,3:124,1,12
يَكْلَؤُكُمْ,1,21:42,1,12
يَكْنِزُونَ,1,9:34,1,11
يَلُونَكُمْ,1,9:123,1,11
يَلِتْكُمْ,1,49:14,1,10
يَلِجَ,1,7:40,1,6
يَلِدُوا,1,71:27,1,8
يَلِدْ,1,112:3,1,6
يَلْبَثُونَ,1,17:76,1,11
يَلْبَسُونَ,1,44:53,1,11
يَلْبِسَكُمْ,1,6:65,1,12
يَلْبِسُوا,1,6:82,1,10
يَلْبِسُونَ,1,6:9,1,11
يَلْتَقِطْهُ,1,12:10,1,12
يَلْتَقِيَانِ,1,55:19,1,13
يَلْعَنُهُمُ,1,2:159,1,12
يَلْعَنِ,1,4:52,1,8
يَلْفِظُ,1,50:18,1,8
يَلْقَ,1,25:68,1,6
يَلْقَاهُ,1,17:13,1,9
يَلْقَوْنَ,1,19:59,1,10
يَلْمِزُكَ,1,9:58,1,10
يَلْمِزُونَ,1,9:79,1,11
يَلْوُونَ,1,3:78,1,9
يَمَسَّكَ,1,19:45,1,9
يَمَسُّهُ,1,56:79,1,9
يَمُدُّهُ,1,31:27,1,9
يَمُدُّونَهُمْ,1,7:202,1,14
يَمُرُّونَ,1,12:105,1,10
يَمُنُّونَ,1,49:17,1,10
يَمُوتُونَ,1,4:18,1,10
يَمُوجُ,1,18:99,1,7
يَمِيزَ,1,3:179,1,7
يَمِينٍ,1,34:15,1,7
يَمِينِكَ,1,20:69,1,9
يَمْحَقُ,1,2:276,1,8
يَمْحُو,1,13:39,1,7
يَمْسَسْكُمْ,1,3:140,1,12
يَمْسَسْهُمْ,1,3:174,1,12
يَمْكُرُ,1,8:30,1,8
يَمْهَدُونَ,1,30:44,1,11
يَنَابِيعَ,1,39:21,1,10
يَنَالَ,1,22:37,1,7
يَنَالُ,1,2:124,1,7
يَنَالُهُ,1,22:37,1,9
يَنَالُهُمُ,1,7:49,1,11
يَنَالُهُمْ,1,7:37,1,11
يَنَالُونَ,1,9:120,1,10
يَنْبُوعًا,1,17:90,1,10
يَنْتَظِرُ,1,33:23,1,10
يَنْتَظِرُونَ,1,10:102,1,13
يَنْتَهُونَ,1,9:12,1,11
يَنْحِتُونَ,1,15:82,1,11
يَنْزَغُ,1,17:53,1,8
يَنْزِعُ,1,7:27,1,8
يَنْسَى,1,20:52,1,7
يَنْسِفُهَا,1,20:105,1,11
يَنْشُرْ,1,18:16,1,8
يَنْصُرَهُ,1,22:15,1,10
يَنْصُرُ,1,30:5,1,8
يَنْصُرُنَا,1,40:29,1,11
يَنْصُرُونَكُمْ,1,26:93,1,15
يَنْصُرْكُمُ,1,3:160,1,12
يَنْصُرْكُمْ,1,47:7,1,12
يَنْطَلِقُ,1,26:13,1,10
يَنْعِقُ,1,2:171,1,8
يَنْفَدُ,1,16:96,1,8
يَنْفَضُّوا,1,63:7,1,11
يَنْفَعُكَ,1,10:106,1,10
يَنْفَعُنَا,1,6:71,1,11
يَنْفَعُهُ,1,22:12,1,10
يَنْفَعُونَكُمْ,1,26:73,1,15
يَنْقَضَّ,1,18:77,1,9
يَنْقَلِبَ,1,48:12,1,10
يَنْقَلِبُ,1,2:143,1,10
يَنْقَلِبُونَ,1,26:227,1,13
يَنْقُصُوكُمْ,1,9:4,1,13
يَنْكُثُ,1,48:10,1,8
يَنْكِحَ,1,4:25,1,8
يَنْكِحُ,1,24:3,1,8
يَنْكِحُهَا,1,24:3,1,11
يَنْكِحْنَ,1,2:232,1,10
يَنْهَاهُمُ,1,5:63,1,11
يَنْهَى,1,96:9,1,7
يَهَبُ,1,42:49,1,6
يَهُودِيًّا,1,3:67,1,11
يَهِدِّي,1,10:35,1,8
يَهِيمُونَ,1,26:225,1,10
يَهْبِطُ,1,2:74,1,8
يَهْجَعُونَ,1,51:17,1,11
يَهْدُونَنَا,1,64:6,1,12
يَهْدِنِي,1,6:77,1,9
يَهْدِيكُمْ,1,27:63,1,11
يَهْدِينِ,1,26:78,1,9
يَهْدِيهِ,1,45:23,1,9
يَهْدِيهِمُ,1,16:104,1,11
يَهْدِيَنِ,1,18:24,1,10
يَهْدِيَنِي,1,28:22,1,11
يَهْدِيَهُ,1,6:125,1,10
يَوَدُّوا,1,33:20,1,9
يَوْمُكُمُ,1,21:103,1,10
يَوْمِهِمُ,1,51:60,1,10
يَوْمِهِمْ,1,7:51,1,10
يَيْأَسُ,1,12:87,1,8
يَيْأَسِ,1,13:31,1,8
يُؤَاخِذُهُمْ,1,18:58,1,13
يُؤَخَّرُ,1,71:4,1,9
يُؤَخِّرَ,1,63:11,1,9
يُؤَلِّفُ,1,24:43,1,9
يُؤَيِّدُ,1,3:13,1,9
يُؤْتَوْنَ,1,28:54,1,10
يُؤْتُوا,1,24:22,1,8
يُؤْتِكُمُ,1,48:16,1,10
يُؤْتِيهِمْ,1,4:152,1,11
يُؤْتِيَنِ,1,18:40,1,10
يُؤْتِيَهُ,1,3:79,1,10
يُؤْتِيَهُمُ,1,11:31,1,12
يُؤْثَرُ,1,74:24,1,8
يُؤْذَيْنَ,1,33:59,1,10
يُؤْذِي,1,33:53,1,7
يُؤْلُونَ,1,2:226,1,9
يُؤْمِنَ,1,11:36,1,8
يُبَايِعُونَ,1,48:10,1,12
يُبَايِعْنَكَ,1,60:12,1,13
يُبَدَّلُ,1,50:29,1,9
يُبَدِّلَ,1,40:26,1,9
يُبَدِّلُ,1,25:70,1,9
يُبَدِّلُوا,1,48:15,1,11
يُبَدِّلُونَهُ,1,2:181,1,14
يُبَدِّلْ,1,2:211,1,9
يُبَشِّرُ,1,42:23,1,9
يُبَشِّرُكَ,1,3:39,1,11
يُبَشِّرُكِ,1,3:45,1,11
يُبَشِّرُهُمْ,1,9:21,1,13
يُبَصَّرُونَهُمْ,1,70:11,1,16
يُبَلِّغُونَ,1,33:39,1,12
يُبَيِّنَ,1,9:115,1,9
يُبَيِّنُهَا,1,2:230,1,12
يُبِينُ,1,43:52,1,7
يُبْخَسُونَ,1,11:15,1,11
يُبْدُونَ,1,3:154,1,9
يُبْدِلَنَا,1,68:32,1,11
يُبْدِلَهُ,1,66:5,1,10
يُبْدِلَهُمَا,1,18:81,1,13
يُبْدِهَا,1,12:77,1,9
يُبْصِرُ,1,19:42,1,8
يُبْعَثُ,1,19:15,1,8
يُبْعَثُوا,1,64:7,1,10
يُبْلِسُ,1,30:12,1,8
يُتَقَبَّلَ,1,9:53,1,11
يُتَقَبَّلْ,1,5:27,1,11
يُتَّبَعَ,1,10:35,1,9
يُتِمُّ,1,16:81,1,7
يُتْبِعُونَ,1,2:262,1,11
يُتْرَكَ,1,75:36,1,8
يُتْرَكُوا,1,29:2,1,10
يُثَبِّتُ,1,14:27,1,9
يُثْخِنَ,1,8:67,1,8
يُجَادِلُنَا,1,11:74,1,12
يُجَارُ,1,23:88,1,7
يُجَاهِدُ,1,29:6,1,9
يُجَاهِدُونَ,1,5:54,1,12
يُجَاوِرُونَكَ,1,33:60,1,14
يُجَلِّيهَا,1,7:187,1,11
يُجِبْ,1,46:32,1,6
يُجِيبُ,1,27:62,1,7
يُجِيرَنِي,1,72:22,1,10
يُجْبَى,1,28:57,1,7
يُجْزَ,1,4:123,1,6
يُجْزَاهُ,1,53:41,1,9
يُحَاجُّوكُمْ,1,3:73,1,13
يُحَاجُّونَ,1,42:16,1,11
يُحَادِدِ,1,9:63,1,9
يُحَارِبُونَ,1,5:33,1,12
يُحَاسَبُ,1,84:8,1,9
يُحَاسِبْكُمْ,1,2:284,1,13
يُحَاطَ,1,12:66,1,7
يُحَرِّفُونَهُ,1,2:75,1,14
يُحَرِّمُونَ,1,9:29,1,12
يُحَكِّمُوكَ,1,4:65,1,12
يُحَكِّمُونَكَ,1,5:43,1,14
يُحَيِّكَ,1,58:8,1,9
يُحِبُّهُمْ,1,5:54,1,11
يُحِبُّونَكُمْ,1,3:119,1,14
يُحِبُّونَهُمْ,1,2:165,1,14
يُحِقَّ,1,8:7,1,7
يُحِلُّونَهُ,1,9:37,1,12
يُحِيطُوا,1,10:39,1,9
يُحْبَرُونَ,1,30:15,1,11
يُحْبِبْكُمُ,1,3:31,1,12
يُحْسِنُونَ,1,18:104,1,11
يُحْشَرَ,1,20:59,1,8
يُحْشَرُ,1,41:19,1,8
يُحْشَرُوا,1,6:51,1,10
يُحْكِمُ,1,22:52,1,8
يُحْمَدُوا,1,3:188,1,10
يُحْمَلْ,1,35:18,1,8
يُحْمَى,1,9:35,1,7
يُحْيِينِ,1,26:81,1,9
يُحْيِيهَا,1,36:79,1,10
يُخَالِفُونَ,1,24:63,1,12
يُخَفِّفَ,1,4:28,1,9
يُخَفِّفْ,1,40:49,1,9
يُخَيَّلُ,1,20:66,1,9
يُخْرَجُونَ,1,45:35,1,11
يُخْرِبُونَ,1,59:2,1,11
يُخْرِجَ,1,47:29,1,8
يُخْرِجَاكُمْ,1,20:63,1,13
يُخْرِجَنَّكُمَا,1,20:117,1,16
يُخْرِجُكُمْ,1,40:67,1,12
يُخْرِجُهُمْ,1,2:257,1,12
يُخْرِجُوكَ,1,8:30,1,11
يُخْرِجُوكُمْ,1,60:8,1,13
يُخْرِجُونَ,1,60:1,1,11
يُخْرِجُونَهُمْ,1,2:257,1,15
يُخْرِجْ,1,2:61,1,8
يُخْزِي,1,66:8,1,7
يُخْزِيهِمْ,1,16:27,1,11
يُخْسِرُونَ,1,83:3,1,11
يُخْفِينَ,1,24:31,1,9
يُخْلَقْ,1,89:8,1,8
يُخْلِفُهُ,1,34:39,1,10
يُدَافِعُ,1,22:38,1,9
يُدَعُّونَ,1,52:13,1,10
يُدْخَلَ,1,70:38,1,8
يُدْخِلَنَا,1,5:84,1,11
يُدْرِكُ,1,6:103,1,8
يُدْرِكْكُمُ,1,4:78,1,12
يُدْرِكْهُ,1,4:100,1,10
يُدْعَى,1,61:7,1,7
يُدْنِينَ,1,33:59,1,9
يُذَبِّحُ,1,28:4,1,9
يُذَبِّحُونَ,1,2:49,1,12
يُذْكَرَ,1,2:114,1,8
يُذْكَرُ,1,22:40,1,8
يُذْكَرِ,1,6:121,1,8
يُذْهِبَنَّ,1,22:15,1,11
يُذْهِبْنَ,1,11:114,1,10
يُرَادُ,1,38:6,1,7
يُرِدْكَ,1,10:107,1,8
يُرِدْنِ,1,36:23,1,8
يُرِيدَا,1,4:35,1,8
يُرِيدَانِ,1,20:63,1,10
يُرِيكَهُمُ,1,8:43,1,11
يُرِيكُمُوهُمْ,1,8:44,1,14
يُرِيكُمْ,1,40:13,1,9
يُرِيهِمُ,1,2:167,1,9
يُرْجَعُ,1,11:123,1,8
يُرْسَلُ,1,55:35,1,8
يُرْضُونَكُمْ,1,9:8,1,13
يُرْضُوهُ,1,9:62,1,9
يُرْضِعْنَ,1,2:233,1,10
يُرْهِقَهُمَا,1,18:80,1,13
يُزَكُّونَ,1,4:49,1,10
يُزَوِّجُهُمْ,1,42:50,1,13
يُسَاقُونَ,1,8:6,1,10
يُسَلِّطُ,1,59:6,1,9
يُسَيِّرُكُمْ,1,10:22,1,13
يُسِيغُهُ,1,14:17,1,9
يُسْأَلُونَ,1,21:23,1,11
يُسْتَضْعَفُونَ,1,7:137,1,15
يُسْجَرُونَ,1,40:72,1,11
يُسْجَنَ,1,12:25,1,8
يُسْرِفُوا,1,25:67,1,10
يُسْرِفْ,1,17:33,1,8
يُسْقَوْنَ,1,83:25,1,10
يُسْقَى,1,13:4,1,7
يُسْكِنِ,1,42:33,1,8
يُسْلِمُونَ,1,48:16,1,11
يُسْلِمْ,1,31:22,1,8
يُسْمِعُ,1,35:22,1,8
يُسْمِنُ,1,88:7,1,8
يُشَاقِّ,1,59:4,1,8
يُشْرَكْ,1,40:12,1,8
يُشْرِكُ,1,18:26,1,8
يُشْرِكْنَ,1,60:12,1,10
يُشْعِرَنَّ,1,18:19,1,11
يُشْعِرُكُمْ,1,6:109,1,12
يُصَبُّ,1,22:19,1,7
يُصَدَّعُونَ,1,56:19,1,12
يُصَدِّقُنِي,1,28:34,1,12
يُصَدِّقُونَ,1,70:26,1,12
يُصَلَّبُوا,1,5:33,1,11
يُصَلُّوا,1,4:102,1,9
يُصَلُّونَ,1,33:56,1,10
يُصَوِّرُكُمْ,1,3:6,1,13
يُصِبْكُمْ,1,40:28,1,10
يُصِبْهَا,1,2:265,1,9
يُصِرُّ,1,45:8,1,7
يُصِرُّوا,1,3:135,1,9
يُصِرُّونَ,1,56:46,1,10
يُصِيبَكُمُ,1,9:52,1,11
يُصِيبَكُمْ,1,11:89,1,11
يُصِيبَنَا,1,9:51,1,10
يُصِيبُ,1,10:107,1,7
يُصِيبُهُمْ,1,9:120,1,11
يُصْبِحَ,1,18:41,1,8
يُصْحَبُونَ,1,21:43,1,11
يُصْدِرَ,1,28:23,1,8
يُصْرَفُونَ,1,40:69,1,11
يُصْرَفْ,1,6:16,1,8
يُصْعَقُونَ,1,52:45,1,11
يُصْلِحَا,1,4:128,1,9
يُصْلِحُ,1,10:81,1,8
يُصْلِحْ,1,33:71,1,8
يُصْهَرُ,1,22:20,1,8
يُضَارَّ,1,2:282,1,8
يُضَاعِفُ,1,2:261,1,9
يُضَاعِفْهَا,1,4:40,1,12
يُضَاعِفْهُ,1,64:17,1,11
يُضَاهِئُونَ,1,9:30,1,12
يُضَلُّ,1,9:37,1,7
يُضَيِّفُوهُمَا,1,18:77,1,15
يُضِلَّ,1,47:4,1,7
يُضِلَّهُ,1,6:125,1,9
يُضِلَّهُمْ,1,4:60,1,11
يُضِلُّهُ,1,22:4,1,9
يُضِلُّوا,1,71:27,1,9
يُضِلُّونَكُمْ,1,3:69,1,14
يُضِلُّونَهُمْ,1,16:25,1,14
يُضِيءُ,1,24:35,1,7
يُضْلِلْهُ,1,6:39,1,10
يُطَاعُ,1,40:18,1,7
يُطَهِّرَ,1,5:41,1,9
يُطِيعُكُمْ,1,49:7,1,11
يُطِيقُونَهُ,1,2:184,1,12
يُطْعَمُ,1,6:14,1,8
يُطْعِمُ,1,6:14,1,8
يُطْعِمُنِي,1,26:79,1,11
يُطْعِمُونِ,1,51:57,1,11
يُطْفِئُوا,1,9:32,1,10
يُظَاهِرُوا,1,9:4,1,11
يُظْهِرَ,1,40:26,1,8
يُظْهِرُ,1,72:26,1,8
يُعَجِّلُ,1,10:11,1,9
يُعَذِّبَهُمُ,1,8:34,1,13
يُعَذِّبُكُمْ,1,5:18,1,13
يُعَذِّبُنَا,1,58:8,1,12
يُعَذِّبُهُمْ,1,9:106,1,13
يُعَذِّبْهُ,1,48:17,1,11
يُعَلِّمَانِ,1,2:102,1,12
يُعَلِّمُهُ,1,16:103,1,11
يُعَلِّمُونَ,1,2:102,1,12
يُعَمَّرَ,1,2:96,1,9
يُعِيدَكُمْ,1,17:69,1,11
يُعِيدُ,1,34:49,1,7
يُعِيدُكُمْ,1,71:18,1,11
يُعِيدُنَا,1,17:51,1,10
يُعِيدُوكُمْ,1,18:20,1,12
يُعْبَدُونَ,1,43:45,1,11
يُعْجِبُ,1,48:29,1,8
يُعْجِبُكَ,1,2:204,1,10
يُعْجِزُونَ,1,8:59,1,11
يُعْرَفُ,1,55:41,1,8
يُعْرَفْنَ,1,33:59,1,10
يُعْرِضُوا,1,54:2,1,10
يُعْرِضْ,1,72:17,1,8
يُعْطَوْا,1,9:58,1,9
يُعْطُوا,1,9:29,1,8
يُعْطِيكَ,1,93:5,1,9
يُغَاثُ,1,12:49,1,7
يُغَاثُوا,1,18:29,1,9
يُغَادِرُ,1,18:49,1,9
يُغَشِّيكُمُ,1,8:11,1,12
يُغَيِّرُ,1,13:11,1,9
يُغْشَى,1,33:19,1,7
يُغْفَرْ,1,8:38,1,8
يُغْلَبُونَ,1,8:36,1,11
يُغْنُوا,1,45:19,1,8
يُغْنِ,1,4:130,1,6
يُغْنِهِمُ,1,24:32,1,10
يُغْنِيكُمُ,1,9:28,1,11
يُغْنِيهِ,1,80:37,1,9
يُغْنِيَا,1,66:10,1,9
يُغْنِيَهُمُ,1,24:33,1,12
يُغْوِيَكُمْ,1,11:34,1,12
يُفَتَّرُ,1,43:75,1,9
يُفَجِّرُونَهَا,1,76:6,1,15
يُفَرِّطُونَ,1,6:61,1,12
يُفَرِّقُونَ,1,2:102,1,12
يُفْرَقُ,1,44:4,1,8
يُفْسِدُ,1,2:30,1,8
يُفْعَلَ,1,75:25,1,8
يُفْعَلُ,1,46:9,1,8
يُقَاتَلُونَ,1,22:39,1,12
يُقَاتِلُوا,1,4:90,1,11
يُقَاتِلْ,1,4:74,1,9
يُقَتَّلُوا,1,5:33,1,11
يُقَتِّلُونَ,1,7:141,1,12
يُقَدِّرُ,1,73:20,1,9
يُقِيمُوا,1,14:31,1,9
يُقْتَلُ,1,2:154,1,8
يُقْسِمُ,1,30:55,1,8
يُقْصِرُونَ,1,7:202,1,11
يُكَذِّبُكَ,1,95:7,1,11
يُكَذِّبُونَكَ,1,6:33,1,14
يُكَفِّرَ,1,66:8,1,9
يُكَلِّمَهُ,1,42:51,1,11
يُكَلِّمُنَا,1,2:118,1,12
يُكَلِّمُهُمْ,1,7:148,1,13
يُكَوِّرُ,1,39:5,1,9
يُكْرِهْهُنَّ,1,24:33,1,13
يُكْشَفُ,1,68:42,1,8
يُكْفَرُ,1,4:140,1,8
يُكْفَرُوهُ,1,3:115,1,11
يُمَارُونَ,1,42:18,1,10
يُمَتَّعُونَ,1,26:207,1,12
يُمَتِّعْكُمْ,1,11:3,1,13
يُمَسِّكُونَ,1,7:170,1,12
يُمِدَّكُمْ,1,3:124,1,11
يُمِلَّ,1,2:282,1,7
يُمِيتُنِي,1,26:81,1,10
يُمْدِدْكُمْ,1,3:125,1,12
يُمْسِكُ,1,35:41,1,8
يُمْسِكْ,1,35:2,1,8
يُمْنَى,1,75:37,1,7
يُنَادُونَكَ,1,49:4,1,12
يُنَادُونَهُمْ,1,57:14,1,14
يُنَادِ,1,50:41,1,7
يُنَادِي,1,3:193,1,8
يُنَازِعُنَّكَ,1,22:67,1,14
يُنَبَّأُ,1,75:13,1,9
يُنَبَّأْ,1,53:36,1,9
يُنَبِّئُكَ,1,35:14,1,11
يُنَبِّئُهُمُ,1,5:14,1,13
يُنَزَّلُ,1,5:101,1,9
يُنَشَّأُ,1,43:18,1,9
يُنْبِتُ,1,16:11,1,8
يُنْجِيهِ,1,70:14,1,9
يُنْذَرُونَ,1,21:45,1,11
يُنْزَفُونَ,1,37:47,1,11
يُنْزِفُونَ,1,56:19,1,11
يُنْسِيَنَّكَ,1,6:68,1,13
يُنْشِئُ,1,29:20,1,8
يُنْشِرُونَ,1,21:21,1,11
يُنْفَوْا,1,5:33,1,9
يُنْفِقُونَهَا,1,9:34,1,14
يُنْقَذُونَ,1,36:43,1,11
يُنْقَصُ,1,35:11,1,8
يُنْقِذُونِ,1,36:23,1,11
يُنْكِرُ,1,13:36,1,8
يُنْكِرُونَهَا,1,16:83,1,14
يُهَاجِرْ,1,4:100,1,9
يُهِنِ,1,22:18,1,6
يُهْدَى,1,10:35,1,7
يُهْلِكُنَا,1,45:24,1,11
يُوبِقْهُنَّ,1,42:34,1,12
يُوثِقُ,1,89:26,1,7
يُوحَ,1,6:93,1,5
يُورَثُ,1,4:12,1,7
يُورِثُهَا,1,7:128,1,10
يُوصَى,1,4:12,1,6
يُوصِي,1,4:11,1,6
يُوصِيكُمُ,1,4:11,1,10
يُوصِينَ,1,4:12,1,8
يُوعَظُونَ,1,4:66,1,10
يُوعُونَ,1,84:23,1,8
يُوفِضُونَ,1,70:43,1,10
يُوقَدُ,1,24:35,1,7
يُوقِدُونَ,1,13:17,1,10
يُوقِعَ,1,5:91,1,7
يُولَدْ,1,112:3,1,7
يُوَادُّونَ,1,58:22,1,11
يُوَجِّهْهُ,1,16:76,1,11
يُوَسْوِسُ,1,114:5,1,10
يُوَفَّى,1,39:10,1,8
يُوَفِّقِ,1,4:35,1,9
يُوَفِّيهِمُ,1,24:25,1,12
يُوَلُّوكُمُ,1,3:111,1,12
يُوَلُّونَ,1,33:15,1,10
يُوَلِّهِمْ,1,8:16,1,11
