الكلمة,رقم في السورة,الرقم,خلص,عدد التكرار,أول موضع,كل المواضع,عدد السور,ترتيب التكرار,السورة,رقم السورة
الم,1,27,No,6,2:1,2:1 · 3:1 · 29:1 · 30:1 · 31:1 · 32:1,6,1495,البقرة,2
ذَلِكَ,2,28,No,280,2:2,2:2 · 2:52 · 2:61 · 2:61 · 2:64 · 2:68 · 2:74 · 2:85 · 2:176 · 2:178 · 2:178 · 2:196 … (+268),71,27,البقرة,2
الْكِتَابُ,3,29,No,8,2:2,2:2 · 2:235 · 6:156 · 6:157 · 18:49 · 28:86 · 39:69 · 42:52,6,1147,البقرة,2
لَا,4,30,No,812,2:2,2:2 · 2:6 · 2:11 · 2:12 · 2:13 · 2:17 · 2:18 · 2:26 · 2:30 · 2:32 · 2:48 · 2:68 … (+800),83,5,البقرة,2
رَيْبَ,5,31,No,15,2:2,2:2 · 3:9 · 3:25 · 4:87 · 6:12 · 10:37 · 17:99 · 18:21 · 22:7 · 32:2 · 40:59 · 42:7 … (+3),13,615,البقرة,2
فِيهِ,6,32,No,127,2:2,2:2 · 2:19 · 2:20 · 2:36 · 2:63 · 2:113 · 2:185 · 2:191 · 2:213 · 2:213 · 2:213 · 2:217 … (+115),43,69,البقرة,2
هُدًى,7,33,No,27,2:2,2:2 · 2:5 · 2:38 · 2:185 · 3:4 · 5:44 · 5:46 · 7:52 · 7:154 · 17:2 · 18:13 · 19:76 … (+15),18,347,البقرة,2
لِلْمُتَّقِينَ,8,34,No,18,2:2,2:2 · 2:66 · 3:133 · 3:138 · 5:46 · 7:128 · 11:49 · 21:48 · 24:34 · 25:74 · 26:90 · 28:83 … (+6),16,521,البقرة,2
يُؤْمِنُونَ,9,35,No,86,2:3,2:3 · 2:4 · 2:6 · 2:88 · 2:100 · 2:121 · 3:114 · 4:38 · 4:46 · 4:51 · 4:65 · 4:155 … (+74),37,96,البقرة,2
بِالْغَيْبِ,10,36,No,12,2:3,2:3 · 5:94 · 12:52 · 18:22 · 19:61 · 21:49 · 34:53 · 35:18 · 36:11 · 50:33 · 57:25 · 67:12,12,773,البقرة,2
وَيُقِيمُونَ,11,37,No,2,2:3,2:3 · 9:71,2,6439,البقرة,2
الصَّلَاةَ,12,38,No,47,2:3,2:3 · 2:43 · 2:83 · 2:110 · 2:177 · 2:277 · 4:43 · 4:77 · 4:102 · 4:103 · 4:103 · 4:103 … (+35),26,196,البقرة,2
وَمِمَّا,13,39,No,11,2:3,2:3 · 2:267 · 8:3 · 13:17 · 16:68 · 22:35 · 28:54 · 32:16 · 36:36 · 42:38 · 60:4,10,885,البقرة,2
رَزَقْنَاهُمْ,14,40,No,10,2:3,2:3 · 8:3 · 13:22 · 14:31 · 16:56 · 22:35 · 28:54 · 32:16 · 35:29 · 42:38,10,932,البقرة,2
يُنْفِقُونَ,15,41,No,20,2:3,2:3 · 2:215 · 2:219 · 2:261 · 2:262 · 2:265 · 2:274 · 3:117 · 3:134 · 4:38 · 8:3 · 8:36 … (+8),9,473,البقرة,2
وَالَّذِينَ,16,42,No,164,2:4,2:4 · 2:9 · 2:21 · 2:39 · 2:62 · 2:82 · 2:165 · 2:212 · 2:214 · 2:218 · 2:234 · 2:240 … (+152),39,50,البقرة,2
بِمَا,17,43,No,296,2:4,2:4 · 2:10 · 2:41 · 2:59 · 2:61 · 2:76 · 2:87 · 2:90 · 2:91 · 2:91 · 2:91 · 2:95 … (+284),62,25,البقرة,2
أُنْزِلَ,18,44,No,47,2:4,2:4 · 2:4 · 2:91 · 2:102 · 2:136 · 2:136 · 2:185 · 2:285 · 3:72 · 3:84 · 3:84 · 3:199 … (+35),14,194,البقرة,2
إِلَيْكَ,19,45,No,74,2:4,2:4 · 2:99 · 2:260 · 3:44 · 3:75 · 3:75 · 4:60 · 4:105 · 4:162 · 4:163 · 4:166 · 5:28 … (+62),28,121,البقرة,2
وَمَا,20,46,No,646,2:4,2:4 · 2:8 · 2:9 · 2:9 · 2:16 · 2:26 · 2:33 · 2:57 · 2:66 · 2:71 · 2:74 · 2:77 … (+634),85,12,البقرة,2
مِنْ,21,47,No,1673,2:4,2:4 · 2:5 · 2:21 · 2:23 · 2:23 · 2:25 · 2:25 · 2:25 · 2:26 · 2:27 · 2:37 · 2:49 … (+1661),92,1,البقرة,2
قَبْلِكَ,22,48,No,28,2:4,2:4 · 3:184 · 4:60 · 4:162 · 6:10 · 6:34 · 6:42 · 10:94 · 12:109 · 13:32 · 13:38 · 15:10 … (+16),20,327,البقرة,2
وَبِالْآخِرَةِ,23,49,No,1,2:4,2:4,1,15324,البقرة,2
هُمْ,24,50,No,180,2:4,2:4 · 2:8 · 2:38 · 2:39 · 2:48 · 2:62 · 2:78 · 2:81 · 2:82 · 2:86 · 2:102 · 2:112 … (+168),51,45,البقرة,2
يُوقِنُونَ,25,51,No,11,2:4,2:4 · 2:118 · 5:50 · 27:3 · 27:82 · 30:60 · 31:4 · 32:24 · 45:4 · 45:20 · 52:36,8,893,البقرة,2
أُولَئِكَ,26,52,No,133,2:5,2:5 · 2:16 · 2:27 · 2:39 · 2:82 · 2:86 · 2:114 · 2:121 · 2:157 · 2:159 · 2:161 · 2:174 … (+121),47,64,البقرة,2
عَلَى,27,53,No,670,2:5,2:5 · 2:7 · 2:20 · 2:23 · 2:31 · 2:45 · 2:47 · 2:59 · 2:61 · 2:80 · 2:89 · 2:89 … (+658),83,9,البقرة,2
رَبِّهِمْ,28,54,No,80,2:5,2:5 · 2:26 · 2:46 · 2:62 · 2:136 · 2:144 · 2:157 · 2:262 · 2:274 · 2:277 · 3:15 · 3:84 … (+68),38,107,البقرة,2
وَأُولَئِكَ,29,55,No,25,2:5,2:5 · 2:157 · 2:177 · 2:217 · 3:10 · 3:90 · 3:104 · 3:105 · 3:114 · 3:116 · 9:10 · 9:20 … (+13),10,371,البقرة,2
هُمُ,30,56,No,80,2:5,2:5 · 2:12 · 2:13 · 2:27 · 2:121 · 2:157 · 2:177 · 2:229 · 2:254 · 3:82 · 3:90 · 3:94 … (+68),30,108,البقرة,2
الْمُفْلِحُونَ,31,57,No,12,2:5,2:5 · 3:104 · 7:8 · 7:157 · 9:88 · 23:102 · 24:51 · 30:38 · 31:5 · 58:22 · 59:9 · 64:16,11,767,البقرة,2
إِنَّ,32,58,No,609,2:6,2:6 · 2:20 · 2:26 · 2:62 · 2:67 · 2:70 · 2:109 · 2:110 · 2:115 · 2:120 · 2:132 · 2:140 … (+597),87,13,البقرة,2
كَفَرُوا,33,59,No,189,2:6,2:6 · 2:26 · 2:39 · 2:89 · 2:89 · 2:102 · 2:105 · 2:161 · 2:171 · 2:212 · 2:257 · 3:4 … (+177),54,42,البقرة,2
سَوَاءٌ,34,60,No,9,2:6,2:6 · 7:193 · 13:10 · 14:21 · 16:71 · 26:136 · 30:28 · 52:16 · 63:6,9,1043,البقرة,2
أَأَنْذَرْتَهُمْ,35,61,No,2,2:6,2:6 · 36:10,2,3982,البقرة,2
أَمْ,36,62,No,110,2:6,2:6 · 2:80 · 2:108 · 2:133 · 2:140 · 2:214 · 3:142 · 4:53 · 4:54 · 4:109 · 6:144 · 7:193 … (+98),43,79,البقرة,2
لَمْ,37,63,No,163,2:6,2:6 · 2:24 · 2:151 · 2:196 · 2:196 · 2:236 · 2:239 · 2:249 · 2:259 · 2:265 · 2:279 · 2:282 … (+151),57,51,البقرة,2
تُنْذِرْهُمْ,38,64,No,2,2:6,2:6 · 36:10,2,4844,البقرة,2
خَتَمَ,39,65,No,1,2:7,2:7,1,10386,البقرة,2
اللَّهُ,40,66,No,733,2:7,2:7 · 2:10 · 2:15 · 2:17 · 2:20 · 2:26 · 2:27 · 2:70 · 2:73 · 2:74 · 2:76 · 2:80 … (+721),69,7,البقرة,2
قُلُوبِهِمْ,41,67,No,37,2:7,2:7 · 2:10 · 3:7 · 3:156 · 3:167 · 4:63 · 5:52 · 6:25 · 7:100 · 8:49 · 8:63 · 8:63 … (+25),21,260,البقرة,2
وَعَلَى,42,68,No,39,2:7,2:7 · 2:7 · 2:184 · 2:233 · 2:233 · 2:236 · 3:122 · 3:160 · 3:191 · 4:103 · 5:11 · 5:23 … (+27),23,239,البقرة,2
سَمْعِهِمْ,43,69,No,1,2:7,2:7,1,10993,البقرة,2
أَبْصَارِهِمْ,44,70,No,2,2:7,2:7 · 24:30,2,3989,البقرة,2
غِشَاوَةٌ,45,71,No,1,2:7,2:7,1,11723,البقرة,2
وَلَهُمْ,46,72,No,41,2:7,2:7 · 2:10 · 2:25 · 2:114 · 2:174 · 3:77 · 3:176 · 3:177 · 3:178 · 3:188 · 5:33 · 5:36 … (+29),22,232,البقرة,2
عَذَابٌ,47,73,No,77,2:7,2:7 · 2:10 · 2:90 · 2:104 · 2:114 · 2:174 · 2:178 · 3:4 · 3:77 · 3:91 · 3:105 · 3:176 … (+65),33,118,البقرة,2
عَظِيمٌ,48,74,No,31,2:7,2:7 · 2:49 · 2:114 · 3:105 · 3:172 · 3:176 · 3:179 · 5:9 · 5:33 · 5:41 · 7:141 · 8:28 … (+19),18,300,البقرة,2
وَمِنَ,49,75,No,38,2:8,2:8 · 2:96 · 2:165 · 2:204 · 2:207 · 3:45 · 3:46 · 3:186 · 5:14 · 5:41 · 6:99 · 6:142 … (+26),20,248,البقرة,2
النَّاسِ,50,76,No,92,2:8,2:8 · 2:94 · 2:96 · 2:142 · 2:143 · 2:165 · 2:188 · 2:200 · 2:204 · 2:207 · 2:213 · 2:224 … (+80),32,89,البقرة,2
مَنْ,51,77,No,372,2:8,2:8 · 2:30 · 2:62 · 2:81 · 2:85 · 2:90 · 2:97 · 2:98 · 2:105 · 2:111 · 2:112 · 2:126 … (+360),75,18,البقرة,2
يَقُولُ,52,78,No,35,2:8,2:8 · 2:68 · 2:69 · 2:71 · 2:117 · 2:200 · 2:201 · 3:47 · 6:25 · 6:73 · 7:53 · 8:49 … (+23),22,275,البقرة,2
آمَنَّا,53,79,No,31,2:8,2:8 · 2:14 · 2:76 · 2:136 · 3:7 · 3:16 · 3:52 · 3:53 · 3:84 · 3:119 · 5:41 · 5:59 … (+19),15,292,البقرة,2
بِاللَّهِ,54,80,No,139,2:8,2:8 · 2:28 · 2:62 · 2:67 · 2:126 · 2:136 · 2:177 · 2:228 · 2:232 · 2:256 · 2:264 · 2:285 … (+127),35,62,البقرة,2
وَبِالْيَوْمِ,55,81,No,1,2:8,2:8,1,15328,البقرة,2
الْآخِرِ,56,82,No,23,2:8,2:8 · 2:62 · 2:126 · 2:177 · 2:228 · 2:232 · 2:264 · 3:114 · 4:38 · 4:39 · 4:59 · 4:136 … (+11),8,393,البقرة,2
بِمُؤْمِنِينَ,57,83,No,6,2:8,2:8 · 7:132 · 10:78 · 11:53 · 12:103 · 23:38,6,1538,البقرة,2
يُخَادِعُونَ,58,84,No,2,2:9,2:9 · 4:142,2,6627,البقرة,2
اللَّهَ,59,85,No,592,2:9,2:9 · 2:20 · 2:26 · 2:55 · 2:67 · 2:77 · 2:83 · 2:98 · 2:106 · 2:107 · 2:109 · 2:110 … (+580),56,14,البقرة,2
آمَنُوا,60,86,No,253,2:9,2:9 · 2:14 · 2:25 · 2:26 · 2:62 · 2:76 · 2:82 · 2:103 · 2:104 · 2:137 · 2:153 · 2:165 … (+241),58,33,البقرة,2
يَخْدَعُونَ,61,87,No,1,2:9,2:9,1,16785,البقرة,2
إِلَّا,62,88,No,662,2:9,2:9 · 2:26 · 2:32 · 2:34 · 2:45 · 2:78 · 2:78 · 2:80 · 2:83 · 2:83 · 2:85 · 2:99 … (+650),79,10,البقرة,2
أَنْفُسَهُمْ,63,89,No,36,2:9,2:9 · 2:57 · 2:90 · 2:102 · 3:69 · 3:117 · 3:117 · 3:135 · 4:49 · 4:64 · 4:107 · 4:113 … (+24),17,263,البقرة,2
يَشْعُرُونَ,64,90,No,21,2:9,2:9 · 2:12 · 3:69 · 6:26 · 6:123 · 7:95 · 12:15 · 12:107 · 16:21 · 16:26 · 16:45 · 23:56 … (+9),13,452,البقرة,2
فِي,65,91,No,1185,2:10,2:10 · 2:11 · 2:15 · 2:17 · 2:19 · 2:23 · 2:27 · 2:29 · 2:30 · 2:36 · 2:60 · 2:65 … (+1173),93,2,البقرة,2
مَرَضٌ,66,92,No,12,2:10,2:10 · 5:52 · 8:49 · 9:125 · 22:53 · 24:50 · 33:12 · 33:32 · 33:60 · 47:20 · 47:29 · 74:31,9,797,البقرة,2
فَزَادَهُمُ,67,93,No,1,2:10,2:10,1,12215,البقرة,2
مَرَضًا,68,94,No,1,2:10,2:10,1,13690,البقرة,2
أَلِيمٌ,69,95,No,38,2:10,2:10 · 2:104 · 2:174 · 2:178 · 3:77 · 3:91 · 3:177 · 3:188 · 5:36 · 5:73 · 5:94 · 6:70 … (+26),23,241,البقرة,2
كَانُوا,70,96,No,229,2:10,2:10 · 2:16 · 2:57 · 2:59 · 2:61 · 2:102 · 2:103 · 2:113 · 2:134 · 2:140 · 2:141 · 2:142 … (+217),47,38,البقرة,2
يَكْذِبُونَ,71,97,No,2,2:10,2:10 · 9:77,2,6561,البقرة,2
وَإِذَا,72,98,No,130,2:11,2:11 · 2:13 · 2:14 · 2:14 · 2:20 · 2:76 · 2:76 · 2:91 · 2:117 · 2:170 · 2:186 · 2:205 … (+118),43,67,البقرة,2
قِيلَ,73,99,No,34,2:11,2:11 · 2:13 · 2:59 · 2:91 · 2:170 · 2:206 · 4:61 · 4:77 · 5:104 · 7:161 · 7:162 · 9:38 … (+22),23,279,البقرة,2
لَهُمْ,74,100,No,325,2:11,2:11 · 2:13 · 2:20 · 2:25 · 2:59 · 2:65 · 2:79 · 2:79 · 2:91 · 2:114 · 2:114 · 2:202 … (+313),68,23,البقرة,2
تُفْسِدُوا,75,101,No,4,2:11,2:11 · 7:56 · 7:85 · 47:22,3,2378,البقرة,2
الْأَرْضِ,76,102,No,219,2:11,2:11 · 2:27 · 2:29 · 2:30 · 2:36 · 2:60 · 2:168 · 2:205 · 2:255 · 2:267 · 2:273 · 2:284 … (+207),57,39,البقرة,2
قَالُوا,77,103,No,250,2:11,2:11 · 2:13 · 2:14 · 2:14 · 2:25 · 2:30 · 2:32 · 2:67 · 2:68 · 2:69 · 2:70 · 2:71 … (+238),50,34,البقرة,2
إِنَّمَا,78,104,No,113,2:11,2:11 · 2:14 · 2:102 · 2:169 · 2:173 · 2:275 · 3:155 · 3:175 · 3:178 · 4:10 · 4:17 · 4:171 … (+101),51,76,البقرة,2
نَحْنُ,79,105,No,65,2:11,2:11 · 2:14 · 2:102 · 3:52 · 5:18 · 6:29 · 6:151 · 7:113 · 7:115 · 7:132 · 9:101 · 10:78 … (+53),35,136,البقرة,2
مُصْلِحُونَ,80,106,No,2,2:11,2:11 · 11:117,2,5898,البقرة,2
أَلَا,81,107,No,54,2:12,2:12 · 2:13 · 2:214 · 6:31 · 6:62 · 7:54 · 7:131 · 9:13 · 9:49 · 9:99 · 10:55 · 10:55 … (+42),19,169,البقرة,2
إِنَّهُمْ,82,108,No,62,2:12,2:12 · 2:13 · 3:176 · 5:53 · 7:64 · 7:82 · 8:59 · 9:9 · 9:12 · 9:42 · 9:56 · 9:84 … (+50),36,141,البقرة,2
الْمُفْسِدُونَ,83,109,No,1,2:12,2:12,1,8699,البقرة,2
وَلَكِنْ,84,110,No,57,2:12,2:12 · 2:13 · 2:57 · 2:154 · 2:225 · 2:235 · 2:260 · 3:67 · 3:79 · 3:117 · 4:46 · 4:157 … (+45),30,158,البقرة,2
آمِنُوا,85,111,No,10,2:13,2:13 · 2:91 · 3:72 · 3:193 · 4:47 · 4:136 · 5:111 · 9:86 · 17:107 · 57:7,7,896,البقرة,2
كَمَا,86,112,No,59,2:13,2:13 · 2:13 · 2:108 · 2:146 · 2:151 · 2:167 · 2:183 · 2:198 · 2:239 · 2:275 · 2:282 · 2:286 … (+47),26,148,البقرة,2
آمَنَ,87,113,No,26,2:13,2:13 · 2:13 · 2:62 · 2:126 · 2:177 · 2:253 · 2:285 · 2:285 · 3:99 · 3:110 · 4:55 · 5:69 … (+14),13,351,البقرة,2
النَّاسُ,88,114,No,42,2:13,2:13 · 2:21 · 2:24 · 2:168 · 2:199 · 2:213 · 3:173 · 4:1 · 4:133 · 4:170 · 4:174 · 7:158 … (+30),23,220,البقرة,2
أَنُؤْمِنُ,89,115,No,3,2:13,2:13 · 23:47 · 26:111,3,2874,البقرة,2
السُّفَهَاءُ,90,116,No,4,2:13,2:13 · 2:13 · 2:142 · 7:155,2,2228,البقرة,2
يَعْلَمُونَ,91,117,No,81,2:13,2:13 · 2:75 · 2:77 · 2:78 · 2:101 · 2:102 · 2:103 · 2:113 · 2:118 · 2:146 · 2:230 · 3:75 … (+69),33,106,البقرة,2
لَقُوا,92,118,No,2,2:14,2:14 · 2:76,1,5683,البقرة,2
خَلَوْا,93,119,No,7,2:14,2:14 · 2:214 · 3:119 · 10:102 · 24:34 · 33:38 · 33:62,5,1333,البقرة,2
إِلَى,94,120,No,405,2:14,2:14 · 2:29 · 2:36 · 2:54 · 2:76 · 2:85 · 2:125 · 2:126 · 2:136 · 2:142 · 2:187 · 2:187 … (+393),80,17,البقرة,2
شَيَاطِينِهِمْ,95,121,No,1,2:14,2:14,1,11153,البقرة,2
إِنَّا,96,122,No,156,2:14,2:14 · 2:119 · 2:156 · 4:105 · 4:157 · 4:163 · 5:14 · 5:24 · 5:24 · 5:44 · 5:82 · 5:106 … (+144),49,53,البقرة,2
مَعَكُمْ,97,123,No,26,2:14,2:14 · 2:41 · 3:81 · 3:81 · 4:47 · 4:141 · 5:12 · 6:94 · 7:71 · 8:12 · 8:75 · 9:42 … (+14),19,360,البقرة,2
مُسْتَهْزِئُونَ,98,124,No,1,2:14,2:14,1,14008,البقرة,2
يَسْتَهْزِئُ,99,125,No,1,2:15,2:15,1,16910,البقرة,2
بِهِمْ,100,126,No,36,2:15,2:15 · 3:170 · 4:39 · 7:171 · 8:57 · 9:117 · 10:22 · 10:22 · 11:8 · 11:42 · 11:77 · 11:77 … (+24),30,264,البقرة,2
وَيَمُدُّهُمْ,101,127,No,1,2:15,2:15,1,16477,البقرة,2
طُغْيَانِهِمْ,102,128,No,5,2:15,2:15 · 6:110 · 7:186 · 10:11 · 23:75,5,1931,البقرة,2
يَعْمَهُونَ,103,129,No,7,2:15,2:15 · 6:110 · 7:186 · 10:11 · 15:72 · 23:75 · 27:4,7,1443,البقرة,2
اشْتَرَوُا,104,130,No,4,2:16,2:16 · 2:86 · 2:175 · 3:177,2,2220,البقرة,2
الضَّلَالَةَ,105,131,No,3,2:16,2:16 · 2:175 · 4:44,2,2952,البقرة,2
بِالْهُدَى,106,132,No,7,2:16,2:16 · 2:175 · 9:33 · 28:37 · 28:85 · 48:28 · 61:9,5,1313,البقرة,2
فَمَا,107,133,No,86,2:16,2:16 · 2:26 · 2:85 · 2:175 · 2:196 · 2:196 · 3:146 · 4:24 · 4:80 · 4:88 · 4:90 · 5:67 … (+74),48,94,البقرة,2
رَبِحَتْ,108,134,No,1,2:16,2:16,1,10660,البقرة,2
تِجَارَتُهُمْ,109,135,No,1,2:16,2:16,1,10017,البقرة,2
مُهْتَدِينَ,110,136,No,3,2:16,2:16 · 6:140 · 10:45,3,3611,البقرة,2
مَثَلُهُمْ,111,137,No,2,2:17,2:17 · 48:29,2,5784,البقرة,2
كَمَثَلِ,112,138,No,13,2:17,2:17 · 2:171 · 2:261 · 2:264 · 2:265 · 3:59 · 3:117 · 7:176 · 29:41 · 57:20 · 59:15 · 59:16 … (+1),7,725,البقرة,2
الَّذِي,113,139,No,268,2:17,2:17 · 2:21 · 2:22 · 2:25 · 2:29 · 2:59 · 2:61 · 2:120 · 2:171 · 2:185 · 2:228 · 2:237 … (+256),70,29,البقرة,2
اسْتَوْقَدَ,114,140,No,1,2:17,2:17,1,7835,البقرة,2
نَارًا,115,141,No,19,2:17,2:17 · 4:10 · 4:14 · 4:30 · 4:56 · 5:64 · 18:29 · 18:96 · 20:10 · 20:10 · 27:7 · 28:29 … (+7),13,498,البقرة,2
فَلَمَّا,116,142,No,101,2:17,2:17 · 2:33 · 2:89 · 2:246 · 2:249 · 2:249 · 2:259 · 3:36 · 3:52 · 4:77 · 5:117 · 6:44 … (+89),34,85,البقرة,2
أَضَاءَتْ,117,143,No,1,2:17,2:17,1,7166,البقرة,2
مَا,118,144,No,1010,2:17,2:17 · 2:26 · 2:27 · 2:29 · 2:30 · 2:32 · 2:33 · 2:57 · 2:61 · 2:63 · 2:63 · 2:68 … (+998),96,3,البقرة,2
حَوْلَهُ,119,145,No,5,2:17,2:17 · 17:1 · 26:25 · 26:34 · 40:7,4,1880,البقرة,2
ذَهَبَ,120,146,No,6,2:17,2:17 · 11:10 · 11:74 · 21:87 · 33:19 · 75:33,5,1565,البقرة,2
بِنُورِهِمْ,121,147,No,1,2:17,2:17,1,9276,البقرة,2
وَتَرَكَهُمْ,122,148,No,1,2:17,2:17,1,15375,البقرة,2
ظُلُمَاتٍ,123,149,No,2,2:17,2:17 · 39:6,2,5255,البقرة,2
يُبْصِرُونَ,124,150,No,11,2:17,2:17 · 7:179 · 7:195 · 7:198 · 10:43 · 11:20 · 32:27 · 36:9 · 36:66 · 37:175 · 37:179,7,891,البقرة,2
صُمٌّ,125,151,No,3,2:18,2:18 · 2:171 · 6:39,2,3305,البقرة,2
بُكْمٌ,126,152,No,2,2:18,2:18 · 2:171,1,4572,البقرة,2
عُمْيٌ,127,153,No,2,2:18,2:18 · 2:171,1,5309,البقرة,2
فَهُمْ,128,154,No,40,2:18,2:18 · 2:171 · 4:12 · 6:12 · 6:20 · 6:139 · 7:100 · 8:55 · 9:45 · 9:87 · 9:93 · 16:71 … (+28),21,234,البقرة,2
يَرْجِعُونَ,129,155,No,16,2:18,2:18 · 3:72 · 7:168 · 7:174 · 12:62 · 21:58 · 21:95 · 27:28 · 30:41 · 32:21 · 36:31 · 36:50 … (+4),11,585,البقرة,2
أَوْ,130,156,No,264,2:19,2:19 · 2:74 · 2:106 · 2:106 · 2:111 · 2:118 · 2:135 · 2:140 · 2:182 · 2:184 · 2:185 · 2:196 … (+252),57,31,البقرة,2
كَصَيِّبٍ,131,157,No,1,2:19,2:19,1,12859,البقرة,2
مِنَ,132,158,No,693,2:19,2:19 · 2:19 · 2:22 · 2:22 · 2:34 · 2:35 · 2:59 · 2:61 · 2:64 · 2:67 · 2:74 · 2:96 … (+681),78,8,البقرة,2
السَّمَاءِ,133,159,No,81,2:19,2:19 · 2:22 · 2:29 · 2:59 · 2:144 · 2:164 · 2:164 · 3:5 · 4:153 · 5:112 · 5:114 · 6:35 … (+69),41,104,البقرة,2
ظُلُمَاتٌ,134,160,No,2,2:19,2:19 · 24:40,2,5254,البقرة,2
وَرَعْدٌ,135,161,No,1,2:19,2:19,1,15655,البقرة,2
وَبَرْقٌ,136,162,No,1,2:19,2:19,1,15291,البقرة,2
يَجْعَلُونَ,137,163,No,2,2:19,2:19 · 15:96,2,6485,البقرة,2
أَصَابِعَهُمْ,138,164,No,2,2:19,2:19 · 71:7,2,4068,البقرة,2
آذَانِهِمْ,139,165,No,7,2:19,2:19 · 6:25 · 17:46 · 18:11 · 18:57 · 41:44 · 71:7,6,1259,البقرة,2
الصَّوَاعِقِ,140,166,No,1,2:19,2:19,1,8084,البقرة,2
حَذَرَ,141,167,No,2,2:19,2:19 · 2:243,1,4897,البقرة,2
الْمَوْتِ,142,168,No,14,2:19,2:19 · 2:243 · 3:185 · 5:106 · 6:93 · 8:6 · 11:7 · 21:35 · 29:57 · 32:11 · 33:16 · 33:19 … (+2),12,659,البقرة,2
وَاللَّهُ,143,169,No,239,2:19,2:19 · 2:72 · 2:95 · 2:96 · 2:105 · 2:105 · 2:202 · 2:205 · 2:207 · 2:212 · 2:213 · 2:216 … (+227),38,36,البقرة,2
مُحِيطٌ,144,170,No,6,2:19,2:19 · 3:120 · 8:47 · 11:92 · 41:54 · 85:20,6,1646,البقرة,2
بِالْكَافِرِينَ,145,171,No,3,2:19,2:19 · 9:49 · 29:54,3,3086,البقرة,2
يَكَادُ,146,172,No,6,2:20,2:20 · 14:17 · 24:35 · 24:43 · 43:52 · 68:51,5,1711,البقرة,2
الْبَرْقُ,147,173,No,1,2:20,2:20,1,8299,البقرة,2
يَخْطَفُ,148,174,No,1,2:20,2:20,1,16792,البقرة,2
أَبْصَارَهُمْ,149,175,No,2,2:20,2:20 · 47:23,2,3988,البقرة,2
كُلَّمَا,150,176,No,12,2:20,2:20 · 2:25 · 3:37 · 4:56 · 5:64 · 5:70 · 7:38 · 17:97 · 22:22 · 32:20 · 67:8 · 71:7,10,793,البقرة,2
أَضَاءَ,151,177,No,1,2:20,2:20,1,7165,البقرة,2
مَشَوْا,152,178,No,1,2:20,2:20,1,13728,البقرة,2
أَظْلَمَ,153,179,No,2,2:20,2:20 · 53:52,2,4076,البقرة,2
قَامُوا,154,180,No,4,2:20,2:20 · 4:142 · 4:142 · 18:14,3,2531,البقرة,2
وَلَوْ,155,181,No,108,2:20,2:20 · 2:103 · 2:165 · 2:220 · 2:221 · 2:221 · 2:253 · 2:253 · 3:110 · 3:159 · 4:46 · 4:64 … (+96),40,81,البقرة,2
شَاءَ,156,182,No,56,2:20,2:20 · 2:70 · 2:220 · 2:253 · 2:253 · 2:255 · 4:90 · 5:48 · 6:35 · 6:41 · 6:107 · 6:112 … (+44),30,159,البقرة,2
لَذَهَبَ,157,183,No,2,2:20,2:20 · 23:91,2,5668,البقرة,2
بِسَمْعِهِمْ,158,184,No,1,2:20,2:20,1,9157,البقرة,2
وَأَبْصَارِهِمْ,159,185,No,2,2:20,2:20 · 16:108,2,6035,البقرة,2
كُلِّ,160,186,No,123,2:20,2:20 · 2:106 · 2:109 · 2:148 · 2:164 · 2:259 · 2:260 · 2:261 · 2:266 · 2:284 · 3:26 · 3:29 … (+111),53,71,البقرة,2
شَيْءٍ,161,187,No,179,2:20,2:20 · 2:29 · 2:106 · 2:109 · 2:113 · 2:113 · 2:148 · 2:231 · 2:259 · 2:264 · 2:282 · 2:284 … (+167),53,46,البقرة,2
قَدِيرٌ,162,188,No,37,2:20,2:20 · 2:106 · 2:109 · 2:148 · 2:259 · 2:284 · 3:26 · 3:29 · 3:165 · 3:189 · 5:17 · 5:19 … (+25),23,259,البقرة,2
يَا,163,189,No,349,2:21,2:21 · 2:33 · 2:35 · 2:40 · 2:47 · 2:54 · 2:55 · 2:61 · 2:104 · 2:122 · 2:132 · 2:153 … (+337),59,19,البقرة,2
أَيُّهَا,164,190,No,150,2:21,2:21 · 2:104 · 2:153 · 2:168 · 2:172 · 2:178 · 2:183 · 2:208 · 2:254 · 2:264 · 2:267 · 2:278 … (+138),40,56,البقرة,2
اعْبُدُوا,165,191,No,17,2:21,2:21 · 5:72 · 5:117 · 7:59 · 7:65 · 7:73 · 7:85 · 11:50 · 11:61 · 11:84 · 16:36 · 23:23 … (+5),9,532,البقرة,2
رَبَّكُمُ,166,192,No,5,2:21,2:21 · 4:1 · 7:54 · 10:3 · 20:90,5,1901,البقرة,2
خَلَقَكُمْ,167,193,No,16,2:21,2:21 · 4:1 · 6:2 · 7:189 · 16:70 · 26:184 · 30:20 · 30:40 · 30:54 · 35:11 · 37:96 · 39:6 … (+4),14,577,البقرة,2
قَبْلِكُمْ,168,194,No,18,2:21,2:21 · 2:183 · 2:214 · 3:137 · 3:186 · 4:26 · 4:131 · 5:5 · 5:57 · 5:102 · 7:38 · 9:69 … (+6),11,517,البقرة,2
لَعَلَّكُمْ,169,195,No,59,2:21,2:21 · 2:52 · 2:53 · 2:56 · 2:63 · 2:73 · 2:179 · 2:183 · 2:189 · 2:219 · 2:242 · 2:266 … (+47),22,149,البقرة,2
تَتَّقُونَ,170,196,No,19,2:21,2:21 · 2:63 · 2:179 · 2:183 · 6:153 · 7:65 · 7:171 · 10:31 · 16:52 · 23:23 · 23:32 · 23:87 … (+7),9,485,البقرة,2
جَعَلَ,171,197,No,44,2:22,2:22 · 4:5 · 4:90 · 5:20 · 5:97 · 5:103 · 6:97 · 10:5 · 10:67 · 12:70 · 13:3 · 16:72 … (+32),28,212,البقرة,2
لَكُمُ,172,198,No,43,2:22,2:22 · 2:94 · 2:132 · 2:187 · 2:219 · 2:266 · 3:118 · 5:3 · 5:4 · 5:5 · 6:97 · 8:48 … (+31),23,217,البقرة,2
الْأَرْضَ,173,199,No,45,2:22,2:22 · 2:71 · 2:164 · 5:21 · 7:100 · 7:128 · 12:80 · 13:3 · 13:41 · 14:14 · 16:45 · 16:65 … (+33),31,210,البقرة,2
فِرَاشًا,174,200,No,1,2:22,2:22,1,12585,البقرة,2
وَالسَّمَاءَ,175,201,No,4,2:22,2:22 · 40:64 · 51:47 · 55:7,4,2690,البقرة,2
بِنَاءً,176,202,No,2,2:22,2:22 · 40:64,2,4669,البقرة,2
وَأَنْزَلَ,177,203,No,11,2:22,2:22 · 2:213 · 3:3 · 3:4 · 4:113 · 9:26 · 14:32 · 20:53 · 27:60 · 33:26 · 39:6,9,876,البقرة,2
مَاءً,178,204,No,27,2:22,2:22 · 4:43 · 5:6 · 6:99 · 8:11 · 13:17 · 14:32 · 15:22 · 16:10 · 16:65 · 20:53 · 22:63 … (+15),26,346,البقرة,2
فَأَخْرَجَ,179,205,No,3,2:22,2:22 · 14:32 · 20:88,3,3374,البقرة,2
بِهِ,180,206,No,327,2:22,2:22 · 2:25 · 2:26 · 2:26 · 2:26 · 2:27 · 2:41 · 2:76 · 2:79 · 2:81 · 2:89 · 2:90 … (+315),63,22,البقرة,2
الثَّمَرَاتِ,181,207,No,11,2:22,2:22 · 2:126 · 2:266 · 7:57 · 7:130 · 13:3 · 14:32 · 14:37 · 16:11 · 16:69 · 47:15,6,816,البقرة,2
رِزْقًا,182,208,No,15,2:22,2:22 · 2:25 · 3:37 · 11:88 · 14:32 · 16:73 · 16:75 · 20:132 · 22:58 · 28:57 · 29:17 · 33:31 … (+3),13,616,البقرة,2
لَكُمْ,183,209,No,294,2:22,2:22 · 2:29 · 2:33 · 2:54 · 2:58 · 2:61 · 2:75 · 2:107 · 2:168 · 2:184 · 2:187 · 2:187 … (+282),63,26,البقرة,2
فَلَا,184,210,No,156,2:22,2:22 · 2:38 · 2:86 · 2:102 · 2:132 · 2:147 · 2:150 · 2:158 · 2:173 · 2:182 · 2:187 · 2:193 … (+144),54,54,البقرة,2
تَجْعَلُوا,185,211,No,5,2:22,2:22 · 2:224 · 4:144 · 24:63 · 51:51,4,1845,البقرة,2
أَنْدَادًا,186,212,No,6,2:22,2:22 · 2:165 · 14:30 · 34:33 · 39:8 · 41:9,5,1463,البقرة,2
وَأَنْتُمْ,187,213,No,42,2:22,2:22 · 2:42 · 2:44 · 2:50 · 2:51 · 2:55 · 2:83 · 2:84 · 2:92 · 2:132 · 2:187 · 2:187 … (+30),17,222,البقرة,2
تَعْلَمُونَ,188,214,No,55,2:22,2:22 · 2:30 · 2:42 · 2:80 · 2:151 · 2:169 · 2:184 · 2:188 · 2:216 · 2:232 · 2:239 · 2:280 … (+43),22,165,البقرة,2
وَإِنْ,189,215,No,170,2:23,2:23 · 2:78 · 2:85 · 2:137 · 2:143 · 2:198 · 2:220 · 2:227 · 2:233 · 2:237 · 2:271 · 2:279 … (+158),50,49,البقرة,2
كُنْتُمْ,190,216,No,188,2:23,2:23 · 2:23 · 2:31 · 2:33 · 2:72 · 2:91 · 2:93 · 2:94 · 2:111 · 2:133 · 2:144 · 2:150 … (+176),48,43,البقرة,2
رَيْبٍ,191,217,No,2,2:23,2:23 · 22:5,2,5038,البقرة,2
مِمَّا,192,218,No,111,2:23,2:23 · 2:36 · 2:61 · 2:79 · 2:79 · 2:168 · 2:202 · 2:229 · 2:248 · 2:251 · 2:254 · 2:264 … (+99),41,78,البقرة,2
نَزَّلْنَا,193,219,No,6,2:23,2:23 · 4:47 · 6:7 · 6:111 · 15:9 · 76:23,5,1657,البقرة,2
عَبْدِنَا,194,220,No,2,2:23,2:23 · 8:41,2,5271,البقرة,2
فَأْتُوا,195,221,No,9,2:23,2:23 · 2:223 · 3:93 · 10:38 · 11:13 · 21:61 · 28:49 · 37:157 · 44:36,8,1058,البقرة,2
بِسُورَةٍ,196,222,No,2,2:23,2:23 · 10:38,2,4647,البقرة,2
مِثْلِهِ,197,223,No,7,2:23,2:23 · 10:38 · 11:13 · 20:58 · 36:42 · 46:10 · 52:34,7,1395,البقرة,2
وَادْعُوا,198,224,No,4,2:23,2:23 · 10:38 · 11:13 · 25:14,4,2685,البقرة,2
شُهَدَاءَكُمْ,199,225,No,1,2:23,2:23,1,11174,البقرة,2
دُونِ,200,226,No,83,2:23,2:23 · 2:94 · 2:107 · 2:165 · 3:28 · 3:64 · 3:79 · 4:119 · 4:123 · 4:139 · 4:144 · 4:173 … (+71),37,100,البقرة,2
إِنْ,201,227,No,344,2:23,2:23 · 2:31 · 2:70 · 2:91 · 2:93 · 2:94 · 2:94 · 2:111 · 2:172 · 2:180 · 2:184 · 2:228 … (+332),67,20,البقرة,2
صَادِقِينَ,202,228,No,31,2:23,2:23 · 2:31 · 2:94 · 2:111 · 3:93 · 3:168 · 3:183 · 6:40 · 6:143 · 7:194 · 10:38 · 10:48 … (+19),23,299,البقرة,2
فَإِنْ,203,229,No,89,2:24,2:24 · 2:137 · 2:191 · 2:196 · 2:209 · 2:226 · 2:229 · 2:230 · 2:230 · 2:233 · 2:239 · 2:240 … (+77),27,91,البقرة,2
تَفْعَلُوا,204,230,No,9,2:24,2:24 · 2:24 · 2:197 · 2:215 · 2:279 · 2:282 · 4:127 · 33:6 · 58:13,4,1025,البقرة,2
وَلَنْ,205,231,No,22,2:24,2:24 · 2:95 · 2:120 · 4:129 · 4:141 · 4:145 · 8:19 · 9:83 · 17:37 · 17:93 · 18:20 · 18:27 … (+10),14,430,البقرة,2
فَاتَّقُوا,206,232,No,17,2:24,2:24 · 3:50 · 3:123 · 5:100 · 8:1 · 11:78 · 26:108 · 26:110 · 26:126 · 26:131 · 26:144 · 26:150 … (+5),9,546,البقرة,2
النَّارَ,207,233,No,11,2:24,2:24 · 2:174 · 3:131 · 3:192 · 11:98 · 16:62 · 18:53 · 21:39 · 56:71 · 66:10 · 87:12,9,819,البقرة,2
الَّتِي,208,234,No,57,2:24,2:24 · 2:40 · 2:47 · 2:122 · 2:142 · 2:143 · 2:164 · 3:131 · 4:5 · 5:21 · 6:151 · 7:32 … (+45),35,155,البقرة,2
وَقُودُهَا,209,235,No,2,2:24,2:24 · 66:6,2,6326,البقرة,2
وَالْحِجَارَةُ,210,236,No,2,2:24,2:24 · 66:6,2,6161,البقرة,2
أُعِدَّتْ,211,237,No,4,2:24,2:24 · 3:131 · 3:133 · 57:21,3,2205,البقرة,2
لِلْكَافِرِينَ,212,238,No,23,2:24,2:24 · 2:98 · 3:131 · 4:37 · 4:102 · 4:141 · 4:141 · 4:151 · 4:161 · 6:122 · 8:14 · 14:2 … (+11),16,405,البقرة,2
وَبَشِّرِ,213,239,No,11,2:25,2:25 · 2:155 · 2:223 · 9:3 · 9:112 · 10:2 · 10:87 · 22:34 · 22:37 · 33:47 · 61:13,6,878,البقرة,2
وَعَمِلُوا,214,240,No,53,2:25,2:25 · 2:82 · 2:277 · 3:57 · 4:57 · 4:122 · 4:173 · 5:9 · 5:93 · 5:93 · 7:42 · 10:4 … (+41),33,173,البقرة,2
الصَّالِحَاتِ,215,241,No,59,2:25,2:25 · 2:82 · 2:277 · 3:57 · 4:57 · 4:122 · 4:124 · 4:173 · 5:9 · 5:93 · 5:93 · 7:42 … (+47),36,146,البقرة,2
أَنَّ,216,242,No,99,2:25,2:25 · 2:77 · 2:106 · 2:107 · 2:165 · 2:167 · 2:194 · 2:196 · 2:209 · 2:231 · 2:233 · 2:235 … (+87),39,87,البقرة,2
جَنَّاتٍ,217,243,No,37,2:25,2:25 · 3:195 · 4:13 · 4:57 · 4:122 · 5:12 · 5:85 · 6:141 · 9:72 · 9:89 · 9:100 · 14:23 … (+25),28,255,البقرة,2
تَجْرِي,218,244,No,48,2:25,2:25 · 2:164 · 2:266 · 3:15 · 3:136 · 3:195 · 3:198 · 4:13 · 4:57 · 4:122 · 5:12 · 5:85 … (+36),34,190,البقرة,2
تَحْتِهَا,219,245,No,35,2:25,2:25 · 2:266 · 3:15 · 3:136 · 3:195 · 3:198 · 4:13 · 4:57 · 4:122 · 5:12 · 5:85 · 5:119 … (+23),24,269,البقرة,2
الْأَنْهَارُ,220,246,No,40,2:25,2:25 · 2:74 · 2:266 · 3:15 · 3:136 · 3:195 · 3:198 · 4:13 · 4:57 · 4:122 · 5:12 · 5:85 … (+28),27,233,البقرة,2
رُزِقُوا,221,247,No,1,2:25,2:25,1,10739,البقرة,2
مِنْهَا,222,248,No,86,2:25,2:25 · 2:35 · 2:38 · 2:48 · 2:48 · 2:58 · 2:74 · 2:74 · 2:106 · 2:123 · 3:103 · 3:145 … (+74),39,95,البقرة,2
ثَمَرَةٍ,223,249,No,1,2:25,2:25,1,10047,البقرة,2
هَذَا,224,250,No,190,2:25,2:25 · 2:79 · 2:126 · 3:37 · 3:51 · 3:62 · 3:125 · 3:138 · 3:165 · 3:191 · 5:31 · 5:41 … (+178),56,41,البقرة,2
رُزِقْنَا,225,251,No,1,2:25,2:25,1,10740,البقرة,2
قَبْلُ,226,252,No,70,2:25,2:25 · 2:89 · 2:91 · 2:108 · 3:4 · 3:164 · 4:94 · 4:136 · 4:164 · 5:59 · 5:77 · 6:28 … (+58),34,130,البقرة,2
وَأُتُوا,227,253,No,1,2:25,2:25,1,14821,البقرة,2
مُتَشَابِهًا,228,254,No,3,2:25,2:25 · 6:141 · 39:23,3,3589,البقرة,2
فِيهَا,229,255,No,241,2:25,2:25 · 2:25 · 2:30 · 2:30 · 2:39 · 2:71 · 2:72 · 2:81 · 2:82 · 2:114 · 2:162 · 2:164 … (+229),68,35,البقرة,2
أَزْوَاجٌ,230,256,No,3,2:25,2:25 · 4:57 · 38:58,3,2849,البقرة,2
مُطَهَّرَةٌ,231,257,No,3,2:25,2:25 · 3:15 · 4:57,3,3599,البقرة,2
وَهُمْ,232,258,No,136,2:25,2:25 · 2:75 · 2:113 · 2:146 · 2:161 · 2:243 · 2:281 · 3:23 · 3:25 · 3:75 · 3:78 · 3:91 … (+124),40,63,البقرة,2
خَالِدُونَ,233,259,No,24,2:25,2:25 · 2:39 · 2:81 · 2:82 · 2:217 · 2:257 · 2:275 · 3:107 · 3:116 · 5:80 · 7:36 · 7:42 … (+12),12,381,البقرة,2
يَسْتَحْيِي,234,260,No,2,2:26,2:26 · 33:53,2,6520,البقرة,2
أَنْ,235,261,No,519,2:26,2:26 · 2:27 · 2:67 · 2:67 · 2:75 · 2:90 · 2:90 · 2:96 · 2:105 · 2:108 · 2:114 · 2:114 … (+507),78,15,البقرة,2
يَضْرِبَ,236,262,No,1,2:26,2:26,1,16969,البقرة,2
مَثَلًا,237,263,No,20,2:26,2:26 · 2:26 · 7:177 · 11:24 · 14:24 · 16:75 · 16:76 · 16:112 · 18:32 · 30:28 · 36:13 · 36:78 … (+8),12,470,البقرة,2
بَعُوضَةً,238,264,No,1,2:26,2:26,1,8879,البقرة,2
فَوْقَهَا,239,265,No,1,2:26,2:26,1,12498,البقرة,2
فَأَمَّا,240,266,No,22,2:26,2:26 · 3:7 · 3:56 · 3:106 · 4:173 · 4:175 · 9:124 · 11:106 · 13:17 · 28:67 · 30:15 · 41:15 … (+10),18,423,البقرة,2
فَيَعْلَمُونَ,241,267,No,1,2:26,2:26,1,12521,البقرة,2
أَنَّهُ,242,268,No,23,2:26,2:26 · 2:144 · 3:18 · 5:32 · 6:54 · 6:114 · 7:148 · 7:171 · 9:63 · 9:114 · 10:90 · 11:36 … (+11),17,391,البقرة,2
الْحَقُّ,243,269,No,48,2:26,2:26 · 2:91 · 2:109 · 2:144 · 2:147 · 2:282 · 2:282 · 3:60 · 3:62 · 6:66 · 6:73 · 7:8 … (+36),27,189,البقرة,2
وَأَمَّا,244,270,No,28,2:26,2:26 · 3:57 · 3:107 · 4:173 · 9:125 · 11:108 · 12:41 · 13:17 · 18:80 · 18:82 · 18:88 · 30:16 … (+16),22,329,البقرة,2
فَيَقُولُونَ,245,271,No,1,2:26,2:26,1,12524,البقرة,2
مَاذَا,246,272,No,22,2:26,2:26 · 2:215 · 2:219 · 5:4 · 5:109 · 10:50 · 10:101 · 12:71 · 16:24 · 16:30 · 27:28 · 27:33 … (+10),14,426,البقرة,2
أَرَادَ,247,273,No,18,2:26,2:26 · 2:233 · 5:17 · 12:25 · 13:11 · 17:19 · 25:62 · 25:62 · 28:19 · 33:17 · 33:17 · 33:50 … (+6),13,504,البقرة,2
بِهَذَا,248,274,No,14,2:26,2:26 · 6:144 · 10:68 · 18:6 · 23:24 · 24:16 · 28:36 · 34:31 · 38:7 · 52:32 · 68:44 · 74:31 … (+2),13,665,البقرة,2
يُضِلُّ,249,275,No,9,2:26,2:26 · 2:26 · 13:27 · 16:37 · 16:93 · 35:8 · 40:34 · 40:74 · 74:31,6,1107,البقرة,2
كَثِيرًا,250,276,No,46,2:26,2:26 · 2:26 · 2:269 · 3:41 · 3:186 · 4:1 · 4:19 · 4:82 · 4:100 · 4:160 · 5:15 · 5:32 … (+34),23,206,البقرة,2
وَيَهْدِي,251,277,No,9,2:26,2:26 · 10:25 · 13:27 · 14:4 · 16:93 · 34:6 · 35:8 · 42:13 · 74:31,9,1100,البقرة,2
الْفَاسِقِينَ,252,278,No,11,2:26,2:26 · 5:25 · 5:26 · 5:108 · 7:145 · 9:24 · 9:80 · 9:96 · 59:5 · 61:5 · 63:6,7,827,البقرة,2
يَنْقُضُونَ,253,279,No,4,2:27,2:27 · 8:56 · 13:20 · 13:25,3,2794,البقرة,2
عَهْدَ,254,280,No,2,2:27,2:27 · 13:25,2,5300,البقرة,2
بَعْدِ,255,281,No,82,2:27,2:27 · 2:52 · 2:56 · 2:64 · 2:74 · 2:75 · 2:109 · 2:109 · 2:145 · 2:159 · 2:209 · 2:211 … (+70),28,103,البقرة,2
مِيثَاقِهِ,256,282,No,2,2:27,2:27 · 13:25,2,5932,البقرة,2
وَيَقْطَعُونَ,257,283,No,2,2:27,2:27 · 13:25,2,6426,البقرة,2
أَمَرَ,258,284,No,7,2:27,2:27 · 4:114 · 7:29 · 12:40 · 13:21 · 13:25 · 96:12,6,1267,البقرة,2
يُوصَلَ,259,285,No,3,2:27,2:27 · 13:21 · 13:25,2,3959,البقرة,2
وَيُفْسِدُونَ,260,286,No,2,2:27,2:27 · 13:25,2,6438,البقرة,2
الْخَاسِرُونَ,261,287,No,11,2:27,2:27 · 2:121 · 7:99 · 7:178 · 8:37 · 9:69 · 16:109 · 29:52 · 39:63 · 58:19 · 63:9,9,825,البقرة,2
كَيْفَ,262,288,No,62,2:28,2:28 · 2:259 · 2:260 · 3:6 · 3:86 · 3:137 · 4:50 · 5:31 · 5:64 · 5:75 · 6:11 · 6:24 … (+50),31,142,البقرة,2
تَكْفُرُونَ,263,289,No,11,2:28,2:28 · 3:70 · 3:98 · 3:101 · 3:106 · 4:89 · 6:30 · 8:35 · 36:64 · 46:34 · 60:2,8,838,البقرة,2
وَكُنْتُمْ,264,290,No,8,2:28,2:28 · 3:103 · 6:93 · 23:35 · 23:110 · 45:31 · 48:12 · 56:7,7,1235,البقرة,2
أَمْوَاتًا,265,291,No,2,2:28,2:28 · 3:169,2,4130,البقرة,2
فَأَحْيَاكُمْ,266,292,No,1,2:28,2:28,1,11761,البقرة,2
ثُمَّ,267,293,No,337,2:28,2:28 · 2:28 · 2:28 · 2:29 · 2:31 · 2:51 · 2:52 · 2:56 · 2:64 · 2:74 · 2:75 · 2:79 … (+325),70,21,البقرة,2
يُمِيتُكُمْ,268,294,No,4,2:28,2:28 · 22:66 · 30:40 · 45:26,4,2808,البقرة,2
يُحْيِيكُمْ,269,295,No,5,2:28,2:28 · 8:24 · 22:66 · 30:40 · 45:26,5,2122,البقرة,2
إِلَيْهِ,270,296,No,76,2:28,2:28 · 2:46 · 2:156 · 2:178 · 2:203 · 2:285 · 3:97 · 4:158 · 4:172 · 4:175 · 5:35 · 5:81 … (+64),37,120,البقرة,2
تُرْجَعُونَ,271,297,No,19,2:28,2:28 · 2:245 · 2:281 · 10:56 · 11:34 · 21:35 · 23:115 · 28:70 · 28:88 · 29:17 · 29:57 · 30:11 … (+7),14,489,البقرة,2
هُوَ,272,298,No,265,2:29,2:29 · 2:37 · 2:54 · 2:61 · 2:61 · 2:96 · 2:120 · 2:148 · 2:163 · 2:222 · 2:249 · 2:255 … (+253),68,30,البقرة,2
خَلَقَ,273,299,No,58,2:29,2:29 · 2:228 · 5:18 · 6:1 · 6:73 · 7:54 · 7:185 · 9:36 · 10:3 · 10:5 · 10:6 · 11:7 … (+46),37,152,البقرة,2
جَمِيعًا,274,300,No,49,2:29,2:29 · 2:38 · 2:148 · 2:165 · 3:103 · 4:71 · 4:139 · 4:140 · 4:172 · 5:17 · 5:32 · 5:32 … (+37),22,185,البقرة,2
اسْتَوَى,275,301,No,9,2:29,2:29 · 7:54 · 10:3 · 13:2 · 20:5 · 25:59 · 32:4 · 41:11 · 57:4,9,1002,البقرة,2
فَسَوَّاهُنَّ,276,302,No,1,2:29,2:29,1,12237,البقرة,2
سَبْعَ,277,303,No,10,2:29,2:29 · 2:261 · 12:43 · 12:47 · 23:17 · 41:12 · 65:12 · 67:3 · 69:7 · 71:15,8,935,البقرة,2
سَمَاوَاتٍ,278,304,No,5,2:29,2:29 · 41:12 · 65:12 · 67:3 · 71:15,5,1915,البقرة,2
وَهُوَ,279,305,No,171,2:29,2:29 · 2:85 · 2:91 · 2:112 · 2:137 · 2:139 · 2:204 · 2:216 · 2:216 · 2:216 · 2:217 · 2:255 … (+159),53,48,البقرة,2
بِكُلِّ,280,306,No,33,2:29,2:29 · 2:145 · 2:231 · 2:282 · 4:32 · 4:126 · 4:176 · 5:97 · 6:101 · 7:86 · 7:112 · 8:75 … (+21),24,282,البقرة,2
عَلِيمٌ,281,307,No,100,2:29,2:29 · 2:95 · 2:115 · 2:158 · 2:181 · 2:215 · 2:224 · 2:227 · 2:231 · 2:244 · 2:246 · 2:247 … (+88),30,86,البقرة,2
وَإِذْ,282,308,No,69,2:30,2:30 · 2:34 · 2:49 · 2:50 · 2:51 · 2:53 · 2:54 · 2:55 · 2:58 · 2:61 · 2:63 · 2:67 … (+57),21,132,البقرة,2
قَالَ,283,309,No,416,2:30,2:30 · 2:30 · 2:33 · 2:33 · 2:54 · 2:61 · 2:67 · 2:67 · 2:68 · 2:69 · 2:71 · 2:113 … (+404),41,16,البقرة,2
رَبُّكَ,284,310,No,43,2:30,2:30 · 5:112 · 6:112 · 6:131 · 6:132 · 6:158 · 7:167 · 7:172 · 8:5 · 8:12 · 10:99 · 11:107 … (+31),24,216,البقرة,2
لِلْمَلَائِكَةِ,285,311,No,9,2:30,2:30 · 2:34 · 7:11 · 15:28 · 17:61 · 18:50 · 20:116 · 34:40 · 38:71,8,1078,البقرة,2
إِنِّي,286,312,No,131,2:30,2:30 · 2:30 · 2:33 · 2:124 · 3:35 · 3:36 · 3:55 · 4:18 · 5:12 · 5:25 · 5:28 · 5:29 … (+119),37,66,البقرة,2
جَاعِلٌ,287,313,No,1,2:30,2:30,1,10076,البقرة,2
خَلِيفَةً,288,314,No,2,2:30,2:30 · 38:26,2,4959,البقرة,2
أَتَجْعَلُ,289,315,No,1,2:30,2:30,1,6834,البقرة,2
يُفْسِدُ,290,316,No,1,2:30,2:30,1,17487,البقرة,2
وَيَسْفِكُ,291,317,No,1,2:30,2:30,1,16446,البقرة,2
الدِّمَاءَ,292,318,No,1,2:30,2:30,1,7948,البقرة,2
وَنَحْنُ,293,319,No,15,2:30,2:30 · 2:133 · 2:136 · 2:138 · 2:139 · 2:247 · 3:84 · 3:181 · 9:52 · 12:8 · 12:14 · 15:23 … (+3),8,638,البقرة,2
نُسَبِّحُ,294,320,No,1,2:30,2:30,1,14452,البقرة,2
بِحَمْدِكَ,295,321,No,1,2:30,2:30,1,9106,البقرة,2
وَنُقَدِّسُ,296,322,No,1,2:30,2:30,1,16316,البقرة,2
لَكَ,297,323,No,69,2:30,2:30 · 2:55 · 2:120 · 2:128 · 2:128 · 3:35 · 3:128 · 3:154 · 7:13 · 7:132 · 7:134 · 9:43 … (+57),30,131,البقرة,2
أَعْلَمُ,298,324,No,55,2:30,2:30 · 2:33 · 2:140 · 2:259 · 3:36 · 3:167 · 4:25 · 4:45 · 5:61 · 5:116 · 6:50 · 6:58 … (+43),26,162,البقرة,2
وَعَلَّمَ,299,325,No,1,2:31,2:31,1,15856,البقرة,2
آدَمَ,300,326,No,13,2:31,2:31 · 3:33 · 3:59 · 5:27 · 7:26 · 7:27 · 7:31 · 7:35 · 7:172 · 17:70 · 19:58 · 20:115 … (+1),8,690,البقرة,2
الْأَسْمَاءَ,301,327,No,1,2:31,2:31,1,8212,البقرة,2
كُلَّهَا,302,328,No,4,2:31,2:31 · 20:56 · 36:36 · 43:12,4,2556,البقرة,2
عَرَضَهُمْ,303,329,No,1,2:31,2:31,1,11487,البقرة,2
الْمَلَائِكَةِ,304,330,No,8,2:31,2:31 · 3:124 · 3:125 · 8:9 · 8:12 · 17:40 · 22:75 · 35:1,6,1149,البقرة,2
فَقَالَ,305,331,No,27,2:31,2:31 · 2:243 · 5:110 · 7:59 · 11:27 · 11:45 · 11:65 · 14:21 · 17:101 · 18:34 · 20:10 · 23:23 … (+15),20,342,البقرة,2
أَنْبِئُونِي,306,332,No,1,2:31,2:31,1,7419,البقرة,2
بِأَسْمَاءِ,307,333,No,1,2:31,2:31,1,8968,البقرة,2
هَؤُلَاءِ,308,334,No,41,2:31,2:31 · 2:85 · 3:66 · 4:41 · 4:51 · 4:78 · 4:109 · 4:143 · 4:143 · 6:89 · 7:38 · 7:139 … (+29),24,230,البقرة,2
سُبْحَانَكَ,309,335,No,9,2:32,2:32 · 3:191 · 5:116 · 7:143 · 10:10 · 21:87 · 24:16 · 25:18 · 34:41,9,1044,البقرة,2
عِلْمَ,310,336,No,3,2:32,2:32 · 5:109 · 102:5,3,3360,البقرة,2
لَنَا,311,337,No,83,2:32,2:32 · 2:61 · 2:61 · 2:68 · 2:68 · 2:69 · 2:69 · 2:70 · 2:70 · 2:167 · 2:246 · 2:246 … (+71),29,102,البقرة,2
عَلَّمْتَنَا,312,338,No,1,2:32,2:32,1,11549,البقرة,2
إِنَّكَ,313,339,No,49,2:32,2:32 · 2:127 · 2:128 · 2:129 · 2:145 · 3:8 · 3:9 · 3:26 · 3:35 · 3:38 · 3:192 · 3:194 … (+37),27,184,البقرة,2
أَنْتَ,314,340,No,55,2:32,2:32 · 2:35 · 2:127 · 2:128 · 2:129 · 2:145 · 2:286 · 3:8 · 3:35 · 5:24 · 5:109 · 5:116 … (+43),30,163,البقرة,2
الْعَلِيمُ,315,341,No,28,2:32,2:32 · 2:127 · 2:137 · 3:35 · 5:76 · 6:13 · 6:115 · 8:61 · 10:65 · 12:34 · 12:83 · 12:100 … (+16),20,324,البقرة,2
الْحَكِيمُ,316,342,No,33,2:32,2:32 · 2:129 · 3:6 · 3:18 · 3:62 · 5:118 · 6:18 · 6:73 · 12:83 · 12:100 · 14:4 · 16:60 … (+21),25,281,البقرة,2
آدَمُ,317,343,No,7,2:33,2:33 · 2:35 · 2:37 · 7:19 · 20:117 · 20:120 · 20:121,3,1258,البقرة,2
أَنْبِئْهُمْ,318,344,No,1,2:33,2:33,1,7420,البقرة,2
بِأَسْمَائِهِمْ,319,345,No,2,2:33,2:33 · 2:33,1,4580,البقرة,2
أَنْبَأَهُمْ,320,346,No,1,2:33,2:33,1,7413,البقرة,2
أَلَمْ,321,347,No,78,2:33,2:33 · 2:106 · 2:107 · 2:243 · 2:246 · 2:258 · 3:23 · 4:44 · 4:49 · 4:51 · 4:60 · 4:77 … (+66),40,111,البقرة,2
أَقُلْ,322,348,No,5,2:33,2:33 · 12:96 · 18:72 · 18:75 · 68:28,4,1748,البقرة,2
غَيْبَ,323,349,No,2,2:33,2:33 · 49:18,2,5330,البقرة,2
السَّمَاوَاتِ,324,350,No,175,2:33,2:33 · 2:107 · 2:116 · 2:117 · 2:164 · 2:255 · 2:255 · 2:284 · 3:29 · 3:83 · 3:109 · 3:129 … (+163),57,47,البقرة,2
وَالْأَرْضِ,325,351,No,108,2:33,2:33 · 2:107 · 2:116 · 2:117 · 2:164 · 2:164 · 3:83 · 3:180 · 3:189 · 3:190 · 3:191 · 4:170 … (+96),48,80,البقرة,2
وَأَعْلَمُ,326,352,No,3,2:33,2:33 · 7:62 · 12:86,3,3667,البقرة,2
تُبْدُونَ,327,353,No,3,2:33,2:33 · 5:99 · 24:29,3,3159,البقرة,2
تَكْتُمُونَ,328,354,No,5,2:33,2:33 · 2:72 · 5:99 · 21:110 · 24:29,4,1854,البقرة,2
قُلْنَا,329,355,No,14,2:34,2:34 · 2:38 · 2:58 · 7:11 · 7:166 · 11:40 · 17:60 · 17:61 · 18:14 · 18:50 · 18:86 · 20:68 … (+2),7,675,البقرة,2
اسْجُدُوا,330,356,No,6,2:34,2:34 · 7:11 · 17:61 · 18:50 · 20:116 · 25:60,6,1479,البقرة,2
لِآدَمَ,331,357,No,5,2:34,2:34 · 7:11 · 17:61 · 18:50 · 20:116,5,1989,البقرة,2
فَسَجَدُوا,332,358,No,5,2:34,2:34 · 7:11 · 17:61 · 18:50 · 20:116,5,1952,البقرة,2
إِبْلِيسَ,333,359,No,8,2:34,2:34 · 7:11 · 15:31 · 17:61 · 18:50 · 20:116 · 26:95 · 38:74,8,1129,البقرة,2
أَبَى,334,360,No,3,2:34,2:34 · 15:31 · 20:116,3,2828,البقرة,2
وَاسْتَكْبَرَ,335,361,No,3,2:34,2:34 · 28:39 · 74:23,3,3696,البقرة,2
وَكَانَ,336,362,No,84,2:34,2:34 · 4:17 · 4:30 · 4:39 · 4:47 · 4:85 · 4:92 · 4:96 · 4:99 · 4:100 · 4:104 · 4:108 … (+72),14,98,البقرة,2
الْكَافِرِينَ,337,363,No,52,2:34,2:34 · 2:89 · 2:191 · 2:250 · 2:264 · 2:286 · 3:28 · 3:32 · 3:141 · 3:147 · 4:101 · 4:139 … (+40),27,175,البقرة,2
وَقُلْنَا,338,364,No,6,2:35,2:35 · 2:36 · 4:154 · 4:154 · 17:104 · 67:9,4,1682,البقرة,2
اسْكُنْ,339,365,No,2,2:35,2:35 · 7:19,2,4241,البقرة,2
وَزَوْجُكَ,340,366,No,2,2:35,2:35 · 7:19,2,6262,البقرة,2
الْجَنَّةَ,341,367,No,18,2:35,2:35 · 2:111 · 2:214 · 3:142 · 3:185 · 4:124 · 5:72 · 7:19 · 7:40 · 7:49 · 9:111 · 16:32 … (+6),13,508,البقرة,2
وَكُلَا,342,368,No,1,2:35,2:35,1,16014,البقرة,2
رَغَدًا,343,369,No,3,2:35,2:35 · 2:58 · 16:112,2,3257,البقرة,2
حَيْثُ,344,370,No,29,2:35,2:35 · 2:58 · 2:149 · 2:150 · 2:191 · 2:191 · 2:199 · 2:222 · 4:89 · 4:91 · 6:124 · 7:19 … (+17),14,314,البقرة,2
شِئْتُمَا,345,371,No,2,2:35,2:35 · 7:19,2,5167,البقرة,2
تَقْرَبَا,346,372,No,2,2:35,2:35 · 7:19,2,4775,البقرة,2
هَذِهِ,347,373,No,46,2:35,2:35 · 2:58 · 2:259 · 3:117 · 4:75 · 4:78 · 4:78 · 6:63 · 6:138 · 6:139 · 7:19 · 7:20 … (+34),27,207,البقرة,2
الشَّجَرَةَ,348,374,No,3,2:35,2:35 · 7:19 · 7:22,2,2944,البقرة,2
فَتَكُونَا,349,375,No,2,2:35,2:35 · 7:19,2,5418,البقرة,2
الظَّالِمِينَ,350,376,No,64,2:35,2:35 · 2:124 · 2:145 · 2:193 · 2:258 · 3:57 · 3:86 · 3:140 · 3:151 · 5:29 · 5:51 · 5:107 … (+52),27,137,البقرة,2
فَأَزَلَّهُمَا,351,377,No,1,2:36,2:36,1,11785,البقرة,2
الشَّيْطَانُ,352,378,No,34,2:36,2:36 · 2:268 · 2:275 · 3:155 · 3:175 · 4:38 · 4:60 · 4:120 · 5:91 · 6:43 · 6:68 · 7:20 … (+22),22,276,البقرة,2
عَنْهَا,353,379,No,24,2:36,2:36 · 4:121 · 5:101 · 5:101 · 6:4 · 6:157 · 7:36 · 7:40 · 7:136 · 7:146 · 7:187 · 12:105 … (+12),16,382,البقرة,2
فَأَخْرَجَهُمَا,354,380,No,1,2:36,2:36,1,11768,البقرة,2
كَانَا,355,381,No,2,2:36,2:36 · 5:75,2,5604,البقرة,2
اهْبِطُوا,356,382,No,4,2:36,2:36 · 2:38 · 2:61 · 7:24,2,2294,البقرة,2
بَعْضُكُمْ,357,383,No,12,2:36,2:36 · 2:283 · 3:195 · 4:21 · 4:25 · 7:24 · 20:123 · 24:58 · 29:25 · 29:25 · 34:42 · 49:12,9,770,البقرة,2
لِبَعْضٍ,358,384,No,8,2:36,2:36 · 7:24 · 17:88 · 20:123 · 25:20 · 34:42 · 43:67 · 49:2,8,1208,البقرة,2
عَدُوٌّ,359,385,No,20,2:36,2:36 · 2:98 · 2:168 · 2:208 · 6:142 · 7:22 · 7:24 · 9:114 · 12:5 · 18:50 · 20:39 · 20:117 … (+8),12,464,البقرة,2
وَلَكُمْ,360,386,No,17,2:36,2:36 · 2:134 · 2:139 · 2:141 · 2:179 · 4:12 · 7:24 · 10:41 · 16:6 · 16:94 · 23:21 · 26:155 … (+5),11,553,البقرة,2
مُسْتَقَرٌّ,361,387,No,3,2:36,2:36 · 6:67 · 7:24,3,3595,البقرة,2
وَمَتَاعٌ,362,388,No,3,2:36,2:36 · 7:24 · 21:111,3,3812,البقرة,2
حِينٍ,363,389,No,15,2:36,2:36 · 7:24 · 10:98 · 12:35 · 14:25 · 16:80 · 21:111 · 23:25 · 23:54 · 36:44 · 37:148 · 37:174 … (+3),12,613,البقرة,2
فَتَلَقَّى,364,390,No,1,2:37,2:37,1,12102,البقرة,2
رَبِّهِ,365,391,No,44,2:37,2:37 · 2:112 · 2:258 · 2:275 · 2:285 · 6:37 · 7:58 · 7:75 · 7:142 · 10:20 · 11:17 · 12:24 … (+32),29,213,البقرة,2
كَلِمَاتٍ,366,392,No,1,2:37,2:37,1,12880,البقرة,2
فَتَابَ,367,393,No,5,2:37,2:37 · 2:54 · 2:187 · 20:122 · 73:20,3,1948,البقرة,2
عَلَيْهِ,368,394,No,145,2:37,2:37 · 2:158 · 2:170 · 2:173 · 2:182 · 2:194 · 2:203 · 2:203 · 2:264 · 2:282 · 2:282 · 3:5 … (+133),49,59,البقرة,2
إِنَّهُ,369,395,No,147,2:37,2:37 · 2:54 · 2:68 · 2:69 · 2:71 · 2:168 · 2:208 · 4:2 · 4:22 · 5:72 · 6:21 · 6:33 … (+135),52,57,البقرة,2
التَّوَّابُ,370,396,No,6,2:37,2:37 · 2:54 · 2:128 · 2:160 · 9:104 · 9:118,2,1481,البقرة,2
الرَّحِيمُ,371,397,No,28,2:37,2:37 · 2:54 · 2:128 · 2:160 · 2:163 · 9:104 · 9:118 · 10:107 · 12:98 · 15:49 · 26:9 · 26:68 … (+16),16,321,البقرة,2
فَإِمَّا,372,398,No,7,2:38,2:38 · 8:57 · 19:26 · 20:123 · 40:77 · 43:41 · 47:4,7,1369,البقرة,2
يَأْتِيَنَّكُمْ,373,399,No,3,2:38,2:38 · 7:35 · 20:123,3,3850,البقرة,2
مِنِّي,374,400,No,10,2:38,2:38 · 2:249 · 2:249 · 3:35 · 14:36 · 19:4 · 20:39 · 20:123 · 28:34 · 32:13,7,957,البقرة,2
فَمَنْ,375,401,No,67,2:38,2:38 · 2:158 · 2:178 · 2:181 · 2:182 · 2:184 · 2:184 · 2:185 · 2:196 · 2:196 · 2:196 · 2:197 … (+55),30,134,البقرة,2
تَبِعَ,376,402,No,2,2:38,2:38 · 3:73,2,4695,البقرة,2
هُدَايَ,377,403,No,2,2:38,2:38 · 20:123,2,6026,البقرة,2
خَوْفٌ,378,404,No,14,2:38,2:38 · 2:62 · 2:112 · 2:262 · 2:274 · 2:277 · 3:170 · 5:69 · 6:48 · 7:35 · 7:49 · 10:62 … (+2),8,669,البقرة,2
يَحْزَنُونَ,379,405,No,13,2:38,2:38 · 2:62 · 2:112 · 2:262 · 2:274 · 2:277 · 3:170 · 5:69 · 6:48 · 7:35 · 10:62 · 39:61 … (+1),8,743,البقرة,2
وَكَذَّبُوا,380,406,No,10,2:39,2:39 · 5:10 · 5:86 · 22:57 · 23:33 · 30:16 · 54:3 · 57:19 · 64:10 · 78:28,9,965,البقرة,2
بِآيَاتِنَا,381,407,No,57,2:39,2:39 · 3:11 · 4:56 · 5:10 · 5:86 · 6:39 · 6:49 · 6:54 · 6:150 · 7:9 · 7:36 · 7:40 … (+45),30,156,البقرة,2
أَصْحَابُ,382,408,No,41,2:39,2:39 · 2:81 · 2:82 · 2:217 · 2:257 · 2:275 · 3:116 · 5:10 · 5:86 · 7:36 · 7:42 · 7:44 … (+29),22,224,البقرة,2
النَّارِ,383,409,No,70,2:39,2:39 · 2:81 · 2:126 · 2:167 · 2:175 · 2:201 · 2:217 · 2:221 · 2:257 · 2:275 · 3:10 · 3:16 … (+58),32,126,البقرة,2
بَنِي,384,410,No,42,2:40,2:40 · 2:47 · 2:83 · 2:122 · 2:211 · 2:246 · 3:49 · 5:12 · 5:32 · 5:70 · 5:72 · 5:78 … (+30),16,221,البقرة,2
إِسْرَائِيلَ,385,411,No,41,2:40,2:40 · 2:47 · 2:83 · 2:122 · 2:211 · 2:246 · 3:49 · 3:93 · 5:12 · 5:32 · 5:70 · 5:72 … (+29),16,226,البقرة,2
اذْكُرُوا,386,412,No,9,2:40,2:40 · 2:47 · 2:122 · 5:11 · 5:20 · 14:6 · 33:9 · 33:41 · 35:3,5,1001,البقرة,2
نِعْمَتِيَ,387,413,No,3,2:40,2:40 · 2:47 · 2:122,1,3653,البقرة,2
أَنْعَمْتُ,388,414,No,3,2:40,2:40 · 2:47 · 2:122,1,2878,البقرة,2
عَلَيْكُمْ,389,415,No,146,2:40,2:40 · 2:47 · 2:54 · 2:64 · 2:76 · 2:85 · 2:105 · 2:122 · 2:143 · 2:150 · 2:150 · 2:151 … (+134),41,58,البقرة,2
وَأَوْفُوا,390,416,No,5,2:40,2:40 · 6:152 · 16:91 · 17:34 · 17:35,4,2028,البقرة,2
بِعَهْدِي,391,417,No,1,2:40,2:40,1,9201,البقرة,2
أُوفِ,392,418,No,1,2:40,2:40,1,7633,البقرة,2
بِعَهْدِكُمْ,393,419,No,1,2:40,2:40,1,9199,البقرة,2
وَإِيَّايَ,394,420,No,3,2:40,2:40 · 2:41 · 7:155,2,3687,البقرة,2
فَارْهَبُونِ,395,421,No,2,2:40,2:40 · 16:51,2,5385,البقرة,2
وَآمِنُوا,396,422,No,3,2:41,2:41 · 46:31 · 57:28,3,3660,البقرة,2
أَنْزَلْتُ,397,423,No,1,2:41,2:41,1,7433,البقرة,2
مُصَدِّقًا,398,424,No,11,2:41,2:41 · 2:91 · 2:97 · 3:3 · 3:39 · 4:47 · 5:46 · 5:48 · 35:31 · 46:30 · 61:6,7,871,البقرة,2
لِمَا,399,425,No,35,2:41,2:41 · 2:66 · 2:89 · 2:91 · 2:97 · 2:101 · 2:213 · 3:3 · 3:50 · 3:81 · 3:146 · 4:47 … (+23),21,273,البقرة,2
تَكُونُوا,400,426,No,21,2:41,2:41 · 2:148 · 2:151 · 2:239 · 3:105 · 3:156 · 4:23 · 4:78 · 4:104 · 8:21 · 8:47 · 14:44 … (+9),13,440,البقرة,2
أَوَّلَ,401,427,No,16,2:41,2:41 · 3:96 · 6:14 · 6:94 · 6:110 · 9:13 · 9:83 · 17:7 · 17:51 · 18:48 · 20:65 · 21:104 … (+4),12,562,البقرة,2
كَافِرٍ,402,428,No,1,2:41,2:41,1,12791,البقرة,2
تَشْتَرُوا,403,429,No,3,2:41,2:41 · 5:44 · 16:95,3,3131,البقرة,2
بِآيَاتِي,404,430,No,4,2:41,2:41 · 5:44 · 20:42 · 27:84,4,2311,البقرة,2
ثَمَنًا,405,431,No,10,2:41,2:41 · 2:79 · 2:174 · 3:77 · 3:187 · 3:199 · 5:44 · 5:106 · 9:9 · 16:95,5,924,البقرة,2
قَلِيلًا,406,432,No,55,2:41,2:41 · 2:79 · 2:83 · 2:126 · 2:174 · 2:246 · 2:249 · 3:77 · 3:187 · 3:199 · 4:46 · 4:83 … (+43),27,167,البقرة,2
فَاتَّقُونِ,407,433,No,4,2:41,2:41 · 16:2 · 23:52 · 39:16,4,2504,البقرة,2
تَلْبِسُوا,408,434,No,1,2:42,2:42,1,9737,البقرة,2
الْحَقَّ,409,435,No,24,2:42,2:42 · 2:42 · 2:146 · 3:71 · 3:71 · 4:171 · 6:57 · 7:105 · 7:169 · 8:7 · 8:8 · 8:32 … (+12),17,375,البقرة,2
بِالْبَاطِلِ,410,436,No,9,2:42,2:42 · 2:188 · 3:71 · 4:29 · 4:161 · 9:34 · 18:56 · 29:52 · 40:5,7,1020,البقرة,2
وَتَكْتُمُوا,411,437,No,1,2:42,2:42,1,15424,البقرة,2
وَأَقِيمُوا,412,438,No,11,2:43,2:43 · 2:83 · 2:110 · 4:77 · 7:29 · 10:87 · 24:56 · 30:31 · 55:9 · 65:2 · 73:20,9,875,البقرة,2
وَآتُوا,413,439,No,11,2:43,2:43 · 2:83 · 2:110 · 4:2 · 4:4 · 4:77 · 6:141 · 22:78 · 24:56 · 58:13 · 73:20,7,873,البقرة,2
الزَّكَاةَ,414,440,No,24,2:43,2:43 · 2:83 · 2:110 · 2:177 · 2:277 · 4:77 · 4:162 · 5:12 · 5:55 · 7:156 · 9:5 · 9:11 … (+12),14,373,البقرة,2
وَارْكَعُوا,415,441,No,1,2:43,2:43,1,14939,البقرة,2
مَعَ,416,442,No,58,2:43,2:43 · 2:153 · 2:194 · 2:249 · 3:43 · 3:53 · 3:193 · 4:69 · 4:146 · 5:83 · 5:84 · 6:19 … (+46),28,154,البقرة,2
الرَّاكِعِينَ,417,443,No,2,2:43,2:43 · 3:43,2,4262,البقرة,2
أَتَأْمُرُونَ,418,444,No,1,2:44,2:44,1,6825,البقرة,2
النَّاسَ,419,445,No,48,2:44,2:44 · 2:102 · 2:164 · 2:251 · 2:273 · 3:41 · 3:46 · 3:173 · 4:37 · 4:53 · 4:54 · 4:77 … (+36),25,188,البقرة,2
بِالْبِرِّ,420,446,No,2,2:44,2:44 · 58:9,2,4608,البقرة,2
وَتَنْسَوْنَ,421,447,No,2,2:44,2:44 · 6:41,2,6210,البقرة,2
أَنْفُسَكُمْ,422,448,No,17,2:44,2:44 · 2:54 · 2:54 · 2:84 · 2:85 · 2:187 · 4:29 · 4:66 · 5:105 · 9:36 · 14:22 · 30:28 … (+5),11,531,البقرة,2
تَتْلُونَ,423,449,No,1,2:44,2:44,1,9382,البقرة,2
الْكِتَابَ,424,450,No,78,2:44,2:44 · 2:53 · 2:78 · 2:79 · 2:87 · 2:101 · 2:113 · 2:121 · 2:129 · 2:144 · 2:145 · 2:146 … (+66),31,113,البقرة,2
أَفَلَا,425,451,No,45,2:44,2:44 · 2:76 · 3:65 · 4:82 · 5:74 · 6:32 · 6:50 · 6:80 · 7:65 · 7:169 · 10:3 · 10:16 … (+33),23,208,البقرة,2
تَعْقِلُونَ,426,452,No,24,2:44,2:44 · 2:73 · 2:76 · 2:242 · 3:65 · 3:118 · 6:32 · 6:151 · 7:169 · 10:16 · 11:51 · 12:2 … (+12),17,380,البقرة,2
وَاسْتَعِينُوا,427,453,No,1,2:45,2:45,1,14955,البقرة,2
بِالصَّبْرِ,428,454,No,4,2:45,2:45 · 2:153 · 90:17 · 103:3,3,2316,البقرة,2
وَالصَّلَاةِ,429,455,No,3,2:45,2:45 · 2:153 · 2:238,1,3708,البقرة,2
وَإِنَّهَا,430,456,No,2,2:45,2:45 · 15:76,2,6098,البقرة,2
لَكَبِيرَةٌ,431,457,No,1,2:45,2:45,1,13149,البقرة,2
الْخَاشِعِينَ,432,458,No,1,2:45,2:45,1,8402,البقرة,2
يَظُنُّونَ,433,459,No,5,2:46,2:46 · 2:78 · 2:249 · 3:154 · 45:24,3,2106,البقرة,2
أَنَّهُمْ,434,460,No,41,2:46,2:46 · 2:103 · 2:249 · 4:46 · 4:60 · 4:64 · 4:66 · 5:66 · 6:94 · 6:130 · 7:30 · 7:37 … (+29),23,225,البقرة,2
مُلَاقُو,435,461,No,3,2:46,2:46 · 2:249 · 11:29,2,3605,البقرة,2
وَأَنَّهُمْ,436,462,No,5,2:46,2:46 · 5:82 · 16:62 · 26:226 · 72:7,5,2027,البقرة,2
رَاجِعُونَ,437,463,No,4,2:46,2:46 · 2:156 · 21:93 · 23:60,3,2427,البقرة,2
وَأَنِّي,438,464,No,2,2:47,2:47 · 2:122,1,6069,البقرة,2
فَضَّلْتُكُمْ,439,465,No,2,2:47,2:47 · 2:122,1,5460,البقرة,2
وَاتَّقُوا,440,466,No,38,2:48,2:48 · 2:123 · 2:189 · 2:194 · 2:196 · 2:203 · 2:223 · 2:231 · 2:233 · 2:281 · 2:282 · 3:130 … (+26),13,246,البقرة,2
يَوْمًا,441,467,No,16,2:48,2:48 · 2:123 · 2:259 · 2:281 · 18:19 · 20:104 · 22:47 · 23:113 · 24:37 · 25:26 · 31:33 · 40:49 … (+4),11,586,البقرة,2
تَجْزِي,442,468,No,2,2:48,2:48 · 2:123,1,4704,البقرة,2
نَفْسٌ,443,469,No,15,2:48,2:48 · 2:123 · 2:233 · 6:70 · 11:105 · 21:47 · 31:34 · 31:34 · 32:17 · 36:54 · 39:56 · 59:18 … (+3),11,633,البقرة,2
عَنْ,444,470,No,153,2:48,2:48 · 2:119 · 2:123 · 2:130 · 2:142 · 2:217 · 2:217 · 2:217 · 2:233 · 3:99 · 3:168 · 4:4 … (+141),49,55,البقرة,2
نَفْسٍ,445,471,No,31,2:48,2:48 · 2:123 · 2:281 · 3:25 · 3:30 · 3:161 · 3:185 · 4:1 · 5:32 · 6:98 · 6:164 · 7:189 … (+19),21,302,البقرة,2
شَيْئًا,446,472,No,77,2:48,2:48 · 2:123 · 2:170 · 2:216 · 2:216 · 2:229 · 2:282 · 3:10 · 3:64 · 3:116 · 3:120 · 3:144 … (+65),36,117,البقرة,2
يُقْبَلُ,447,473,No,2,2:48,2:48 · 2:123,1,6671,البقرة,2
شَفَاعَةٌ,448,474,No,3,2:48,2:48 · 2:123 · 2:254,1,3293,البقرة,2
يُؤْخَذُ,449,475,No,2,2:48,2:48 · 57:15,2,6606,البقرة,2
عَدْلٌ,450,476,No,2,2:48,2:48 · 2:123,1,5279,البقرة,2
يُنْصَرُونَ,451,477,No,11,2:48,2:48 · 2:86 · 2:123 · 3:111 · 21:39 · 28:41 · 36:74 · 41:16 · 44:41 · 52:46 · 59:12,9,892,البقرة,2
نَجَّيْنَاكُمْ,452,478,No,1,2:49,2:49,1,14256,البقرة,2
آلِ,453,479,No,9,2:49,2:49 · 3:11 · 7:141 · 8:52 · 8:54 · 12:6 · 14:6 · 19:6 · 40:28,8,978,البقرة,2
فِرْعَوْنَ,454,480,No,48,2:49,2:49 · 2:50 · 3:11 · 7:103 · 7:109 · 7:113 · 7:127 · 7:130 · 7:141 · 8:52 · 8:54 · 8:54 … (+36),21,191,البقرة,2
يَسُومُونَكُمْ,455,481,No,3,2:49,2:49 · 7:141 · 14:6,3,3882,البقرة,2
سُوءَ,456,482,No,7,2:49,2:49 · 6:157 · 7:141 · 7:167 · 13:21 · 14:6 · 39:24,6,1351,البقرة,2
الْعَذَابِ,457,483,No,35,2:49,2:49 · 2:85 · 2:96 · 2:165 · 3:188 · 4:25 · 5:80 · 6:157 · 7:141 · 7:167 · 14:6 · 16:88 … (+23),21,268,البقرة,2
يُذَبِّحُونَ,458,484,No,1,2:49,2:49,1,17338,البقرة,2
أَبْنَاءَكُمْ,459,485,No,4,2:49,2:49 · 7:141 · 14:6 · 33:4,4,2145,البقرة,2
وَيَسْتَحْيُونَ,460,486,No,3,2:49,2:49 · 7:141 · 14:6,3,3836,البقرة,2
نِسَاءَكُمْ,461,487,No,3,2:49,2:49 · 7:141 · 14:6,3,3648,البقرة,2
وَفِي,462,488,No,33,2:49,2:49 · 2:177 · 2:201 · 5:80 · 6:3 · 6:25 · 7:141 · 7:154 · 7:156 · 9:17 · 9:60 · 9:60 … (+21),17,287,البقرة,2
ذَلِكُمْ,463,489,No,34,2:49,2:49 · 2:54 · 2:232 · 2:282 · 3:15 · 3:81 · 4:24 · 5:3 · 6:99 · 6:151 · 6:152 · 6:153 … (+22),21,278,البقرة,2
بَلَاءٌ,464,490,No,4,2:49,2:49 · 7:141 · 14:6 · 44:33,4,2302,البقرة,2
رَبِّكُمْ,465,491,No,46,2:49,2:49 · 2:76 · 2:105 · 2:178 · 2:198 · 2:248 · 3:49 · 3:50 · 3:73 · 3:133 · 4:170 · 4:174 … (+34),20,203,البقرة,2
فَرَقْنَا,466,492,No,1,2:50,2:50,1,12199,البقرة,2
بِكُمُ,467,493,No,6,2:50,2:50 · 2:148 · 2:185 · 2:185 · 9:98 · 67:16,3,1536,البقرة,2
الْبَحْرَ,468,494,No,7,2:50,2:50 · 7:138 · 10:90 · 16:14 · 26:63 · 44:24 · 45:12,7,1292,البقرة,2
فَأَنْجَيْنَاكُمْ,469,495,No,1,2:50,2:50,1,11836,البقرة,2
وَأَغْرَقْنَا,470,496,No,4,2:50,2:50 · 7:64 · 8:54 · 10:73,4,2670,البقرة,2
آلَ,471,497,No,11,2:50,2:50 · 4:54 · 7:130 · 8:54 · 15:59 · 15:61 · 27:56 · 34:13 · 40:46 · 54:34 · 54:41,9,810,البقرة,2
تَنْظُرُونَ,472,498,No,4,2:50,2:50 · 2:55 · 3:143 · 56:84,3,2370,البقرة,2
وَاعَدْنَا,473,499,No,1,2:51,2:51,1,14990,البقرة,2
مُوسَى,474,500,No,129,2:51,2:51 · 2:53 · 2:54 · 2:55 · 2:60 · 2:61 · 2:67 · 2:87 · 2:92 · 2:108 · 2:136 · 2:246 … (+117),32,68,البقرة,2
أَرْبَعِينَ,475,501,No,4,2:51,2:51 · 5:26 · 7:142 · 46:15,4,2160,البقرة,2
لَيْلَةً,476,502,No,3,2:51,2:51 · 7:142 · 7:142,2,3513,البقرة,2
اتَّخَذْتُمُ,477,503,No,2,2:51,2:51 · 2:92,1,4212,البقرة,2
الْعِجْلَ,478,504,No,6,2:51,2:51 · 2:54 · 2:92 · 2:93 · 4:153 · 7:152,3,1509,البقرة,2
بَعْدِهِ,479,505,No,19,2:51,2:51 · 2:87 · 2:92 · 3:65 · 3:160 · 4:163 · 6:54 · 7:148 · 10:74 · 12:9 · 17:104 · 30:51 … (+7),15,484,البقرة,2
ظَالِمُونَ,480,506,No,7,2:51,2:51 · 2:92 · 3:128 · 16:113 · 23:107 · 28:59 · 29:14,6,1359,البقرة,2
عَفَوْنَا,481,507,No,1,2:52,2:52,1,11533,البقرة,2
عَنْكُمْ,482,508,No,22,2:52,2:52 · 2:187 · 2:271 · 3:152 · 4:28 · 4:31 · 5:11 · 5:12 · 6:94 · 7:48 · 8:11 · 8:19 … (+10),14,421,البقرة,2
تَشْكُرُونَ,483,509,No,19,2:52,2:52 · 2:56 · 2:185 · 3:123 · 5:6 · 5:89 · 7:10 · 8:26 · 16:14 · 16:78 · 22:36 · 23:78 … (+7),15,487,البقرة,2
آتَيْنَا,484,510,No,19,2:53,2:53 · 2:87 · 4:54 · 6:154 · 11:110 · 17:101 · 21:48 · 21:51 · 21:79 · 23:49 · 25:35 · 27:15 … (+7),16,474,البقرة,2
وَالْفُرْقَانَ,485,511,No,1,2:53,2:53,1,15201,البقرة,2
تَهْتَدُونَ,486,512,No,6,2:53,2:53 · 2:150 · 3:103 · 7:158 · 16:15 · 43:10,5,1548,البقرة,2
لِقَوْمِهِ,487,513,No,13,2:54,2:54 · 2:60 · 2:67 · 5:20 · 7:80 · 7:128 · 10:71 · 14:6 · 27:54 · 29:16 · 29:28 · 37:124 … (+1),9,729,البقرة,2
قَوْمِ,488,514,No,58,2:54,2:54 · 5:20 · 5:21 · 6:78 · 6:135 · 7:59 · 7:61 · 7:65 · 7:67 · 7:69 · 7:73 · 7:79 … (+46),19,153,البقرة,2
إِنَّكُمْ,489,515,No,31,2:54,2:54 · 4:140 · 6:121 · 7:81 · 7:90 · 7:138 · 9:53 · 9:83 · 11:7 · 12:70 · 15:62 · 16:86 … (+19),22,293,البقرة,2
ظَلَمْتُمْ,490,516,No,2,2:54,2:54 · 43:39,2,5247,البقرة,2
بِاتِّخَاذِكُمُ,491,517,No,1,2:54,2:54,1,9000,البقرة,2
فَتُوبُوا,492,518,No,1,2:54,2:54,1,12132,البقرة,2
بَارِئِكُمْ,493,519,No,2,2:54,2:54 · 2:54,1,4518,البقرة,2
فَاقْتُلُوا,494,520,No,2,2:54,2:54 · 9:5,2,5401,البقرة,2
خَيْرٌ,495,521,No,78,2:54,2:54 · 2:61 · 2:103 · 2:184 · 2:184 · 2:216 · 2:220 · 2:221 · 2:221 · 2:263 · 2:271 · 2:280 … (+66),36,115,البقرة,2
عِنْدَ,496,522,No,98,2:54,2:54 · 2:62 · 2:76 · 2:80 · 2:94 · 2:110 · 2:112 · 2:191 · 2:198 · 2:217 · 2:262 · 2:274 … (+86),47,88,البقرة,2
قُلْتُمْ,497,523,No,9,2:55,2:55 · 2:61 · 3:165 · 3:183 · 5:7 · 6:152 · 24:16 · 40:34 · 45:32,7,1069,البقرة,2
لَنْ,498,524,No,59,2:55,2:55 · 2:61 · 2:80 · 2:111 · 3:10 · 3:24 · 3:90 · 3:92 · 3:111 · 3:116 · 3:176 · 3:177 … (+47),29,150,البقرة,2
نُؤْمِنَ,499,525,No,7,2:55,2:55 · 3:183 · 6:124 · 9:94 · 17:90 · 17:93 · 34:31,6,1403,البقرة,2
حَتَّى,500,526,No,142,2:55,2:55 · 2:102 · 2:109 · 2:120 · 2:187 · 2:191 · 2:193 · 2:196 · 2:214 · 2:217 · 2:221 · 2:221 … (+130),48,61,البقرة,2
نَرَى,501,527,No,6,2:55,2:55 · 2:144 · 6:94 · 11:27 · 25:21 · 38:62,5,1656,البقرة,2
جَهْرَةً,502,528,No,3,2:55,2:55 · 4:153 · 6:47,3,3189,البقرة,2
فَأَخَذَتْكُمُ,503,529,No,1,2:55,2:55,1,11764,البقرة,2
الصَّاعِقَةُ,504,530,No,3,2:55,2:55 · 4:153 · 51:44,3,2947,البقرة,2
بَعَثْنَاكُمْ,505,531,No,1,2:56,2:56,1,8877,البقرة,2
مَوْتِكُمْ,506,532,No,1,2:56,2:56,1,13860,البقرة,2
وَظَلَّلْنَا,507,533,No,2,2:57,2:57 · 7:160,2,6292,البقرة,2
عَلَيْكُمُ,508,534,No,18,2:57,2:57 · 2:57 · 2:173 · 2:178 · 2:183 · 2:216 · 2:246 · 3:119 · 5:3 · 9:25 · 12:92 · 16:32 … (+6),9,515,البقرة,2
الْغَمَامَ,509,535,No,2,2:57,2:57 · 7:160,2,4424,البقرة,2
وَأَنْزَلْنَا,510,536,No,12,2:57,2:57 · 4:174 · 5:48 · 7:160 · 16:44 · 23:18 · 24:1 · 25:48 · 31:10 · 57:25 · 57:25 · 78:14,11,801,البقرة,2
الْمَنَّ,511,537,No,3,2:57,2:57 · 7:160 · 20:80,3,3023,البقرة,2
وَالسَّلْوَى,512,538,No,3,2:57,2:57 · 7:160 · 20:80,3,3706,البقرة,2
كُلُوا,513,539,No,15,2:57,2:57 · 2:60 · 2:168 · 2:172 · 6:141 · 6:142 · 7:160 · 20:54 · 20:81 · 23:51 · 34:15 · 52:19 … (+3),9,626,البقرة,2
طَيِّبَاتِ,514,540,No,6,2:57,2:57 · 2:172 · 2:267 · 5:87 · 7:160 · 20:81,4,1590,البقرة,2
رَزَقْنَاكُمْ,515,541,No,7,2:57,2:57 · 2:172 · 2:254 · 7:160 · 20:81 · 30:28 · 63:10,5,1340,البقرة,2
ظَلَمُونَا,516,542,No,2,2:57,2:57 · 7:160,2,5245,البقرة,2
يَظْلِمُونَ,517,543,No,13,2:57,2:57 · 3:117 · 7:9 · 7:160 · 7:162 · 7:177 · 9:70 · 10:44 · 16:33 · 16:118 · 29:40 · 30:9 … (+1),9,744,البقرة,2
ادْخُلُوا,518,544,No,13,2:58,2:58 · 2:208 · 4:154 · 5:21 · 5:23 · 7:38 · 7:49 · 12:99 · 16:32 · 27:18 · 39:72 · 40:76 … (+1),10,699,البقرة,2
الْقَرْيَةَ,519,545,No,3,2:58,2:58 · 7:161 · 12:82,3,3008,البقرة,2
فَكُلُوا,520,546,No,7,2:58,2:58 · 5:4 · 6:118 · 8:69 · 16:114 · 22:28 · 22:36,6,1375,البقرة,2
شِئْتُمْ,521,547,No,5,2:58,2:58 · 2:223 · 7:161 · 39:15 · 41:40,4,1923,البقرة,2
وَادْخُلُوا,522,548,No,3,2:58,2:58 · 7:161 · 12:67,3,3693,البقرة,2
الْبَابَ,523,549,No,5,2:58,2:58 · 4:154 · 5:23 · 7:161 · 12:25,5,1797,البقرة,2
سُجَّدًا,524,550,No,11,2:58,2:58 · 4:154 · 7:161 · 12:100 · 16:48 · 17:107 · 19:58 · 20:70 · 25:64 · 32:15 · 48:29,11,848,البقرة,2
وَقُولُوا,525,551,No,8,2:58,2:58 · 2:83 · 2:104 · 4:5 · 4:8 · 7:161 · 29:46 · 33:70,5,1234,البقرة,2
حِطَّةٌ,526,552,No,2,2:58,2:58 · 7:161,2,4930,البقرة,2
نَغْفِرْ,527,553,No,2,2:58,2:58 · 7:161,2,5979,البقرة,2
خَطَايَاكُمْ,528,554,No,2,2:58,2:58 · 29:12,2,4949,البقرة,2
وَسَنَزِيدُ,529,555,No,1,2:58,2:58,1,15727,البقرة,2
الْمُحْسِنِينَ,530,556,No,30,2:58,2:58 · 2:195 · 2:236 · 3:134 · 3:148 · 5:13 · 5:85 · 5:93 · 6:84 · 7:56 · 7:161 · 9:91 … (+18),14,306,البقرة,2
فَبَدَّلَ,531,557,No,2,2:59,2:59 · 7:162,2,5410,البقرة,2
ظَلَمُوا,532,558,No,39,2:59,2:59 · 2:59 · 2:150 · 2:165 · 3:117 · 3:135 · 4:64 · 6:45 · 7:162 · 7:165 · 8:25 · 10:13 … (+27),24,236,البقرة,2
قَوْلًا,533,559,No,19,2:59,2:59 · 2:235 · 4:5 · 4:8 · 4:9 · 4:63 · 7:162 · 17:23 · 17:28 · 17:40 · 18:93 · 20:44 … (+7),10,497,البقرة,2
غَيْرَ,534,560,No,39,2:59,2:59 · 2:173 · 2:240 · 3:85 · 3:154 · 4:12 · 4:24 · 4:25 · 4:46 · 4:81 · 4:115 · 5:1 … (+27),21,237,البقرة,2
فَأَنْزَلْنَا,535,561,No,3,2:59,2:59 · 7:57 · 15:22,3,3382,البقرة,2
رِجْزًا,536,562,No,3,2:59,2:59 · 7:162 · 29:34,3,3261,البقرة,2
يَفْسُقُونَ,537,563,No,5,2:59,2:59 · 6:49 · 7:163 · 7:165 · 29:34,4,2111,البقرة,2
وَإِذِ,538,564,No,3,2:60,2:60 · 2:124 · 18:16,2,3681,البقرة,2
اسْتَسْقَى,539,565,No,1,2:60,2:60,1,7813,البقرة,2
فَقُلْنَا,540,566,No,6,2:60,2:60 · 2:65 · 2:73 · 20:117 · 25:36 · 28:75,4,1614,البقرة,2
اضْرِبْ,541,567,No,3,2:60,2:60 · 7:160 · 26:63,3,2922,البقرة,2
بِعَصَاكَ,542,568,No,3,2:60,2:60 · 7:160 · 26:63,3,3095,البقرة,2
الْحَجَرَ,543,569,No,2,2:60,2:60 · 7:160,2,4379,البقرة,2
فَانْفَجَرَتْ,544,570,No,1,2:60,2:60,1,12036,البقرة,2
مِنْهُ,545,571,No,88,2:60,2:60 · 2:74 · 2:74 · 2:217 · 2:247 · 2:249 · 2:249 · 2:267 · 2:268 · 2:282 · 3:7 · 3:7 … (+76),36,92,البقرة,2
اثْنَتَا,546,572,No,2,2:60,2:60 · 7:160,2,4215,البقرة,2
عَشْرَةَ,547,573,No,3,2:60,2:60 · 7:160 · 7:160,2,3333,البقرة,2
عَيْنًا,548,574,No,6,2:60,2:60 · 7:160 · 19:26 · 76:6 · 76:18 · 83:28,5,1598,البقرة,2
قَدْ,549,575,No,120,2:60,2:60 · 2:118 · 2:134 · 2:141 · 2:144 · 2:247 · 2:256 · 3:13 · 3:49 · 3:118 · 3:118 · 3:137 … (+108),40,72,البقرة,2
عَلِمَ,550,576,No,9,2:60,2:60 · 2:187 · 2:235 · 7:160 · 8:23 · 24:41 · 45:9 · 73:20 · 73:20,6,1054,البقرة,2
كُلُّ,551,577,No,47,2:60,2:60 · 2:281 · 3:25 · 3:30 · 3:93 · 3:161 · 3:185 · 6:164 · 7:160 · 10:30 · 10:97 · 13:8 … (+35),33,198,البقرة,2
أُنَاسٍ,552,578,No,3,2:60,2:60 · 7:160 · 17:71,3,2906,البقرة,2
مَشْرَبَهُمْ,553,579,No,2,2:60,2:60 · 7:160,2,5810,البقرة,2
وَاشْرَبُوا,554,580,No,6,2:60,2:60 · 2:187 · 7:31 · 52:19 · 69:24 · 77:43,5,1670,البقرة,2
رِزْقِ,555,581,No,2,2:60,2:60 · 34:15,2,5055,البقرة,2
تَعْثَوْا,556,582,No,5,2:60,2:60 · 7:74 · 11:85 · 26:183 · 29:36,5,1850,البقرة,2
مُفْسِدِينَ,557,583,No,5,2:60,2:60 · 7:74 · 11:85 · 26:183 · 29:36,5,2006,البقرة,2
نَصْبِرَ,558,584,No,1,2:61,2:61,1,14328,البقرة,2
طَعَامٍ,559,585,No,2,2:61,2:61 · 33:53,2,5228,البقرة,2
وَاحِدٍ,560,586,No,6,2:61,2:61 · 4:11 · 4:12 · 12:67 · 13:4 · 24:2,5,1668,البقرة,2
فَادْعُ,561,587,No,2,2:61,2:61 · 42:15,2,5379,البقرة,2
رَبَّكَ,562,588,No,55,2:61,2:61 · 2:68 · 2:69 · 2:70 · 3:41 · 6:83 · 6:117 · 6:119 · 6:128 · 6:145 · 6:165 · 7:134 … (+43),23,166,البقرة,2
يُخْرِجْ,563,589,No,1,2:61,2:61,1,17321,البقرة,2
تُنْبِتُ,564,590,No,2,2:61,2:61 · 36:36,2,4842,البقرة,2
الْأَرْضُ,565,591,No,23,2:61,2:61 · 2:251 · 4:42 · 9:25 · 9:118 · 10:24 · 13:31 · 14:48 · 19:90 · 22:63 · 23:84 · 36:33 … (+11),18,394,البقرة,2
بَقْلِهَا,566,592,No,1,2:61,2:61,1,8896,البقرة,2
وَقِثَّائِهَا,567,593,No,1,2:61,2:61,1,15978,البقرة,2
وَفُومِهَا,568,594,No,1,2:61,2:61,1,15918,البقرة,2
وَعَدَسِهَا,569,595,No,1,2:61,2:61,1,15824,البقرة,2
وَبَصَلِهَا,570,596,No,1,2:61,2:61,1,15295,البقرة,2
أَتَسْتَبْدِلُونَ,571,597,No,1,2:61,2:61,1,6838,البقرة,2
أَدْنَى,572,598,No,9,2:61,2:61 · 4:3 · 5:108 · 30:3 · 33:51 · 33:59 · 53:9 · 58:7 · 73:20,8,985,البقرة,2
بِالَّذِي,573,599,No,11,2:61,2:61 · 3:72 · 7:76 · 7:87 · 17:86 · 18:37 · 28:19 · 29:46 · 34:31 · 41:9 · 43:43,10,832,البقرة,2
مِصْرًا,574,600,No,1,2:61,2:61,1,14167,البقرة,2
فَإِنَّ,575,601,No,71,2:61,2:61 · 2:98 · 2:158 · 2:192 · 2:197 · 2:211 · 2:215 · 2:226 · 2:227 · 2:258 · 2:270 · 2:273 … (+59),31,125,البقرة,2
سَأَلْتُمْ,576,602,No,1,2:61,2:61,1,10870,البقرة,2
وَضُرِبَتْ,577,603,No,2,2:61,2:61 · 3:112,2,6288,البقرة,2
عَلَيْهِمُ,578,604,No,31,2:61,2:61 · 2:246 · 3:112 · 3:112 · 3:154 · 4:77 · 5:23 · 5:107 · 7:30 · 7:133 · 7:134 · 7:157 … (+19),18,301,البقرة,2
الذِّلَّةُ,579,605,No,2,2:61,2:61 · 3:112,2,4261,البقرة,2
وَالْمَسْكَنَةُ,580,606,No,1,2:61,2:61,1,15224,البقرة,2
وَبَاءُوا,581,607,No,2,2:61,2:61 · 3:112,2,6188,البقرة,2
بِغَضَبٍ,582,608,No,4,2:61,2:61 · 2:90 · 3:112 · 8:16,3,2332,البقرة,2
بِأَنَّهُمْ,583,609,No,24,2:61,2:61 · 2:275 · 3:24 · 3:75 · 3:112 · 5:58 · 7:136 · 7:146 · 8:13 · 8:65 · 9:6 · 9:66 … (+12),12,378,البقرة,2
يَكْفُرُونَ,584,610,No,12,2:61,2:61 · 3:21 · 3:112 · 4:150 · 6:70 · 10:4 · 10:70 · 13:30 · 16:72 · 29:67 · 30:51 · 35:14,10,807,البقرة,2
بِآيَاتِ,585,611,No,34,2:61,2:61 · 3:4 · 3:19 · 3:21 · 3:70 · 3:98 · 3:112 · 3:199 · 4:155 · 6:27 · 6:33 · 6:157 … (+22),22,277,البقرة,2
وَيَقْتُلُونَ,586,612,No,4,2:61,2:61 · 3:21 · 3:21 · 3:112,2,2750,البقرة,2
النَّبِيِّينَ,587,613,No,9,2:61,2:61 · 2:213 · 3:21 · 3:81 · 4:69 · 17:55 · 19:58 · 33:7 · 33:40,6,1004,البقرة,2
بِغَيْرِ,588,614,No,41,2:61,2:61 · 2:212 · 3:21 · 3:27 · 3:37 · 3:112 · 3:181 · 4:155 · 5:32 · 6:100 · 6:108 · 6:119 … (+29),23,227,البقرة,2
الْحَقِّ,589,615,No,37,2:61,2:61 · 2:213 · 3:154 · 5:48 · 5:77 · 5:83 · 5:84 · 6:62 · 6:93 · 7:33 · 7:146 · 8:6 … (+25),24,252,البقرة,2
عَصَوْا,590,616,No,3,2:61,2:61 · 3:112 · 5:78,3,3336,البقرة,2
وَكَانُوا,591,617,No,35,2:61,2:61 · 2:89 · 3:112 · 5:44 · 5:78 · 6:159 · 7:133 · 7:136 · 7:146 · 7:148 · 10:63 · 10:75 … (+23),23,274,البقرة,2
يَعْتَدُونَ,592,618,No,3,2:61,2:61 · 3:112 · 5:78,3,3900,البقرة,2
هَادُوا,593,619,No,10,2:62,2:62 · 4:46 · 4:160 · 5:41 · 5:44 · 5:69 · 6:146 · 16:118 · 22:17 · 62:6,7,959,البقرة,2
وَالنَّصَارَى,594,620,No,5,2:62,2:62 · 5:18 · 5:51 · 5:69 · 22:17,3,2042,البقرة,2
وَالصَّابِئِينَ,595,621,No,2,2:62,2:62 · 22:17,2,6137,البقرة,2
وَالْيَوْمِ,596,622,No,21,2:62,2:62 · 2:126 · 2:177 · 2:228 · 2:232 · 2:264 · 3:114 · 4:39 · 4:59 · 4:136 · 4:162 · 5:69 … (+9),9,450,البقرة,2
وَعَمِلَ,597,623,No,11,2:62,2:62 · 5:69 · 18:88 · 19:60 · 20:82 · 25:70 · 25:71 · 28:67 · 28:80 · 34:37 · 41:33,9,883,البقرة,2
صَالِحًا,598,624,No,36,2:62,2:62 · 5:69 · 7:73 · 7:75 · 7:189 · 7:190 · 9:102 · 11:61 · 11:66 · 16:97 · 18:82 · 18:88 … (+24),24,265,البقرة,2
فَلَهُمْ,599,625,No,6,2:62,2:62 · 2:274 · 32:19 · 58:16 · 85:10 · 95:6,5,1615,البقرة,2
أَجْرُهُمْ,600,626,No,6,2:62,2:62 · 2:262 · 2:274 · 2:277 · 3:199 · 57:19,3,1454,البقرة,2
أَخَذْنَا,601,627,No,12,2:63,2:63 · 2:83 · 2:84 · 2:93 · 5:14 · 5:70 · 7:94 · 7:130 · 9:50 · 23:64 · 29:40 · 33:7,7,751,البقرة,2
مِيثَاقَكُمْ,602,628,No,4,2:63,2:63 · 2:84 · 2:93 · 57:8,2,2623,البقرة,2
وَرَفَعْنَا,603,629,No,5,2:63,2:63 · 2:93 · 4:154 · 43:32 · 94:4,4,2054,البقرة,2
فَوْقَكُمُ,604,630,No,2,2:63,2:63 · 2:93,1,5512,البقرة,2
الطُّورَ,605,631,No,3,2:63,2:63 · 2:93 · 4:154,2,2958,البقرة,2
خُذُوا,606,632,No,5,2:63,2:63 · 2:93 · 4:71 · 7:31 · 7:171,3,1891,البقرة,2
آتَيْنَاكُمْ,607,633,No,3,2:63,2:63 · 2:93 · 7:171,2,2820,البقرة,2
بِقُوَّةٍ,608,634,No,6,2:63,2:63 · 2:93 · 7:145 · 7:171 · 18:95 · 19:12,4,1535,البقرة,2
وَاذْكُرُوا,609,635,No,13,2:63,2:63 · 2:203 · 2:231 · 3:103 · 5:4 · 5:7 · 7:69 · 7:74 · 7:86 · 7:171 · 8:26 · 8:45 … (+1),6,733,البقرة,2
تَوَلَّيْتُمْ,610,636,No,8,2:64,2:64 · 2:83 · 5:92 · 9:3 · 10:72 · 47:22 · 48:16 · 64:12,7,1161,البقرة,2
فَلَوْلَا,611,637,No,13,2:64,2:64 · 6:43 · 9:122 · 10:98 · 11:116 · 37:143 · 43:53 · 46:28 · 56:57 · 56:62 · 56:70 · 56:83 … (+1),9,723,البقرة,2
فَضْلُ,612,638,No,11,2:64,2:64 · 4:83 · 4:113 · 4:113 · 5:54 · 24:10 · 24:14 · 24:20 · 24:21 · 57:21 · 62:4,6,860,البقرة,2
وَرَحْمَتُهُ,613,639,No,7,2:64,2:64 · 4:83 · 4:113 · 24:10 · 24:14 · 24:20 · 24:21,3,1423,البقرة,2
لَكُنْتُمْ,614,640,No,1,2:64,2:64,1,13152,البقرة,2
الْخَاسِرِينَ,615,641,No,13,2:64,2:64 · 3:85 · 5:5 · 5:30 · 7:23 · 7:92 · 7:149 · 10:95 · 11:47 · 39:15 · 39:65 · 41:23 … (+1),9,708,البقرة,2
وَلَقَدْ,616,642,No,124,2:65,2:65 · 2:87 · 2:92 · 2:99 · 2:102 · 3:123 · 3:143 · 3:152 · 3:152 · 3:155 · 4:131 · 5:12 … (+112),46,70,البقرة,2
عَلِمْتُمُ,617,643,No,2,2:65,2:65 · 56:62,2,5292,البقرة,2
اعْتَدَوْا,618,644,No,1,2:65,2:65,1,7872,البقرة,2
مِنْكُمْ,619,645,No,105,2:65,2:65 · 2:83 · 2:85 · 2:85 · 2:151 · 2:184 · 2:196 · 2:217 · 2:232 · 2:234 · 2:240 · 3:104 … (+93),33,83,البقرة,2
السَّبْتِ,620,646,No,4,2:65,2:65 · 4:47 · 4:154 · 7:163,3,2226,البقرة,2
كُونُوا,621,647,No,9,2:65,2:65 · 2:135 · 3:79 · 3:79 · 4:135 · 5:8 · 7:166 · 17:50 · 61:14,7,1073,البقرة,2
قِرَدَةً,622,648,No,2,2:65,2:65 · 7:166,2,5591,البقرة,2
خَاسِئِينَ,623,649,No,2,2:65,2:65 · 7:166,2,4933,البقرة,2
فَجَعَلْنَاهَا,624,650,No,2,2:66,2:66 · 10:24,2,5429,البقرة,2
نَكَالًا,625,651,No,2,2:66,2:66 · 5:38,2,5986,البقرة,2
بَيْنَ,626,652,No,70,2:66,2:66 · 2:68 · 2:97 · 2:102 · 2:136 · 2:164 · 2:213 · 2:224 · 2:255 · 2:285 · 3:3 · 3:50 … (+58),33,128,البقرة,2
يَدَيْهَا,627,653,No,1,2:66,2:66,1,16802,البقرة,2
خَلْفَهَا,628,654,No,1,2:66,2:66,1,10431,البقرة,2
وَمَوْعِظَةً,629,655,No,3,2:66,2:66 · 5:46 · 24:34,3,3817,البقرة,2
يَأْمُرُكُمْ,630,656,No,4,2:67,2:67 · 2:93 · 2:169 · 4:58,2,2759,البقرة,2
تَذْبَحُوا,631,657,No,1,2:67,2:67,1,9476,البقرة,2
بَقَرَةً,632,658,No,1,2:67,2:67,1,8892,البقرة,2
أَتَتَّخِذُنَا,633,659,No,1,2:67,2:67,1,6829,البقرة,2
هُزُوًا,634,660,No,11,2:67,2:67 · 2:231 · 5:57 · 5:58 · 18:56 · 18:106 · 21:36 · 25:41 · 31:6 · 45:9 · 45:35,7,872,البقرة,2
أَعُوذُ,635,661,No,6,2:67,2:67 · 11:47 · 19:18 · 23:97 · 113:1 · 114:1,6,1457,البقرة,2
أَكُونَ,636,662,No,9,2:67,2:67 · 5:31 · 6:14 · 10:72 · 10:104 · 19:48 · 27:91 · 28:17 · 39:12,8,991,البقرة,2
الْجَاهِلِينَ,637,663,No,6,2:67,2:67 · 6:35 · 7:199 · 11:46 · 12:33 · 28:55,6,1500,البقرة,2
ادْعُ,638,664,No,6,2:68,2:68 · 2:69 · 2:70 · 7:134 · 16:125 · 43:49,4,1478,البقرة,2
يُبَيِّنْ,639,665,No,3,2:68,2:68 · 2:69 · 2:70,1,3927,البقرة,2
هِيَ,640,666,No,47,2:68,2:68 · 2:70 · 2:189 · 2:271 · 6:29 · 6:152 · 7:32 · 7:107 · 7:108 · 7:117 · 7:155 · 9:40 … (+35),29,200,البقرة,2
إِنَّهَا,641,667,No,15,2:68,2:68 · 2:69 · 2:71 · 9:99 · 15:60 · 23:100 · 25:66 · 27:43 · 31:16 · 37:64 · 70:15 · 74:35 … (+3),13,599,البقرة,2
بَقَرَةٌ,642,668,No,3,2:68,2:68 · 2:69 · 2:71,1,3055,البقرة,2
فَارِضٌ,643,669,No,1,2:68,2:68,1,11917,البقرة,2
بِكْرٌ,644,670,No,1,2:68,2:68,1,9235,البقرة,2
عَوَانٌ,645,671,No,1,2:68,2:68,1,11585,البقرة,2
فَافْعَلُوا,646,672,No,1,2:68,2:68,1,11989,البقرة,2
تُؤْمَرُونَ,647,673,No,2,2:68,2:68 · 15:65,2,4804,البقرة,2
لَوْنُهَا,648,674,No,2,2:69,2:69 · 2:69,1,5699,البقرة,2
صَفْرَاءُ,649,675,No,1,2:69,2:69,1,11252,البقرة,2
فَاقِعٌ,650,676,No,1,2:69,2:69,1,11991,البقرة,2
تَسُرُّ,651,677,No,1,2:69,2:69,1,9537,البقرة,2
النَّاظِرِينَ,652,678,No,1,2:69,2:69,1,8144,البقرة,2
الْبَقَرَ,653,679,No,1,2:70,2:70,1,8307,البقرة,2
تَشَابَهَ,654,680,No,2,2:70,2:70 · 3:7,2,4743,البقرة,2
عَلَيْنَا,655,681,No,51,2:70,2:70 · 2:91 · 2:128 · 2:247 · 2:250 · 2:286 · 3:75 · 3:84 · 4:77 · 5:112 · 5:114 · 6:157 … (+39),30,177,البقرة,2
وَإِنَّا,656,682,No,33,2:70,2:70 · 2:156 · 5:22 · 6:146 · 7:66 · 7:127 · 11:91 · 11:109 · 12:11 · 12:12 · 12:61 · 12:63 … (+21),19,286,البقرة,2
لَمُهْتَدُونَ,657,683,No,2,2:70,2:70 · 43:49,2,5693,البقرة,2
ذَلُولٌ,658,684,No,1,2:71,2:71,1,10588,البقرة,2
تُثِيرُ,659,685,No,1,2:71,2:71,1,9854,البقرة,2
تَسْقِي,660,686,No,1,2:71,2:71,1,9571,البقرة,2
الْحَرْثَ,661,687,No,2,2:71,2:71 · 2:205,1,4382,البقرة,2
مُسَلَّمَةٌ,662,688,No,3,2:71,2:71 · 4:92 · 4:92,2,3593,البقرة,2
شِيَةَ,663,689,No,1,2:71,2:71,1,11191,البقرة,2
الْآنَ,664,690,No,5,2:71,2:71 · 4:18 · 8:66 · 12:51 · 72:9,5,1790,البقرة,2
جِئْتَ,665,691,No,5,2:71,2:71 · 7:106 · 18:71 · 18:74 · 20:40,4,1871,البقرة,2
بِالْحَقِّ,666,692,No,74,2:71,2:71 · 2:119 · 2:176 · 2:213 · 2:252 · 3:3 · 3:108 · 4:105 · 4:170 · 5:27 · 5:48 · 6:5 … (+62),34,122,البقرة,2
فَذَبَحُوهَا,667,693,No,1,2:71,2:71,1,12180,البقرة,2
كَادُوا,668,694,No,4,2:71,2:71 · 17:73 · 17:76 · 72:19,3,2544,البقرة,2
يَفْعَلُونَ,669,695,No,13,2:71,2:71 · 5:79 · 6:159 · 10:36 · 10:46 · 11:36 · 24:41 · 26:74 · 26:226 · 27:34 · 39:70 · 83:36 … (+1),11,745,البقرة,2
قَتَلْتُمْ,670,696,No,1,2:72,2:72,1,12640,البقرة,2
نَفْسًا,671,697,No,14,2:72,2:72 · 2:286 · 4:4 · 5:32 · 6:152 · 6:158 · 7:42 · 18:74 · 20:40 · 23:62 · 28:19 · 28:33 … (+2),11,679,البقرة,2
فَادَّارَأْتُمْ,672,698,No,1,2:72,2:72,1,11909,البقرة,2
مُخْرِجٌ,673,699,No,2,2:72,2:72 · 9:64,2,5879,البقرة,2
اضْرِبُوهُ,674,700,No,1,2:73,2:73,1,7863,البقرة,2
بِبَعْضِهَا,675,701,No,1,2:73,2:73,1,9081,البقرة,2
كَذَلِكَ,676,702,No,83,2:73,2:73 · 2:113 · 2:118 · 2:167 · 2:187 · 2:191 · 2:219 · 2:242 · 2:266 · 3:40 · 3:103 · 4:94 … (+71),34,101,البقرة,2
يُحْيِي,677,703,No,16,2:73,2:73 · 2:258 · 2:259 · 3:156 · 7:158 · 9:116 · 10:56 · 22:6 · 23:80 · 30:50 · 36:78 · 40:68 … (+4),13,588,البقرة,2
الْمَوْتَى,678,704,No,16,2:73,2:73 · 2:260 · 3:49 · 5:110 · 6:111 · 7:57 · 13:31 · 22:6 · 27:80 · 30:50 · 30:52 · 36:12 … (+4),14,572,البقرة,2
وَيُرِيكُمْ,679,705,No,2,2:73,2:73 · 40:81,2,6435,البقرة,2
آيَاتِهِ,680,706,No,27,2:73,2:73 · 2:187 · 2:221 · 2:242 · 3:103 · 3:164 · 5:89 · 6:93 · 22:52 · 24:59 · 27:93 · 30:20 … (+15),14,333,البقرة,2
قَسَتْ,681,707,No,2,2:74,2:74 · 6:43,2,5560,البقرة,2
قُلُوبُكُمْ,682,708,No,5,2:74,2:74 · 2:225 · 3:126 · 8:10 · 33:5,4,1967,البقرة,2
فَهِيَ,683,709,No,5,2:74,2:74 · 22:45 · 25:5 · 36:8 · 69:16,5,1959,البقرة,2
كَالْحِجَارَةِ,684,710,No,1,2:74,2:74,1,12805,البقرة,2
أَشَدُّ,685,711,No,18,2:74,2:74 · 2:165 · 2:191 · 4:84 · 9:81 · 9:97 · 19:69 · 20:71 · 20:127 · 28:78 · 37:11 · 41:15 … (+6),13,505,البقرة,2
قَسْوَةً,686,712,No,1,2:74,2:74,1,12664,البقرة,2
وَإِنَّ,687,713,No,81,2:74,2:74 · 2:74 · 2:74 · 2:144 · 2:146 · 2:176 · 3:62 · 3:78 · 3:199 · 4:72 · 4:157 · 5:49 … (+69),33,105,البقرة,2
الْحِجَارَةِ,688,714,No,1,2:74,2:74,1,8394,البقرة,2
لَمَا,689,715,No,6,2:74,2:74 · 2:74 · 2:74 · 3:81 · 68:38 · 68:39,3,1633,البقرة,2
يَتَفَجَّرُ,690,716,No,1,2:74,2:74,1,16698,البقرة,2
يَشَّقَّقُ,691,717,No,1,2:74,2:74,1,16928,البقرة,2
فَيَخْرُجُ,692,718,No,1,2:74,2:74,1,12508,البقرة,2
الْمَاءُ,693,719,No,4,2:74,2:74 · 11:44 · 54:12 · 69:11,4,2278,البقرة,2
يَهْبِطُ,694,720,No,1,2:74,2:74,1,17194,البقرة,2
خَشْيَةِ,695,721,No,3,2:74,2:74 · 23:57 · 59:21,3,3224,البقرة,2
بِغَافِلٍ,696,722,No,9,2:74,2:74 · 2:85 · 2:140 · 2:144 · 2:149 · 3:99 · 6:132 · 11:123 · 27:93,5,1022,البقرة,2
عَمَّا,697,723,No,47,2:74,2:74 · 2:85 · 2:134 · 2:140 · 2:141 · 2:144 · 2:149 · 3:99 · 5:48 · 5:73 · 5:95 · 6:100 … (+35),26,197,البقرة,2
تَعْمَلُونَ,698,724,No,83,2:74,2:74 · 2:85 · 2:110 · 2:140 · 2:149 · 2:233 · 2:234 · 2:237 · 2:265 · 2:271 · 2:283 · 3:98 … (+71),39,99,البقرة,2
أَفَتَطْمَعُونَ,699,725,No,1,2:75,2:75,1,7251,البقرة,2
يُؤْمِنُوا,700,726,No,12,2:75,2:75 · 2:221 · 6:25 · 6:110 · 7:87 · 7:146 · 10:88 · 17:94 · 18:6 · 18:55 · 33:19 · 85:8,8,808,البقرة,2
وَقَدْ,701,727,No,43,2:75,2:75 · 2:237 · 2:246 · 3:40 · 4:21 · 4:60 · 4:140 · 4:161 · 5:61 · 6:80 · 6:119 · 10:51 … (+31),27,219,البقرة,2
كَانَ,702,728,No,323,2:75,2:75 · 2:97 · 2:98 · 2:111 · 2:114 · 2:135 · 2:143 · 2:170 · 2:184 · 2:185 · 2:196 · 2:213 … (+311),69,24,البقرة,2
فَرِيقٌ,703,729,No,12,2:75,2:75 · 2:100 · 2:101 · 3:23 · 4:77 · 16:54 · 23:109 · 24:47 · 24:48 · 30:33 · 33:13 · 42:7,9,787,البقرة,2
مِنْهُمْ,704,730,No,145,2:75,2:75 · 2:100 · 2:126 · 2:129 · 2:136 · 2:146 · 2:150 · 2:167 · 2:246 · 2:249 · 2:253 · 3:23 … (+133),47,60,البقرة,2
يَسْمَعُونَ,705,731,No,19,2:75,2:75 · 6:36 · 7:100 · 7:179 · 7:195 · 8:21 · 10:67 · 16:65 · 19:62 · 21:100 · 21:102 · 22:46 … (+7),16,501,البقرة,2
كَلَامَ,706,732,No,3,2:75,2:75 · 9:6 · 48:15,3,3478,البقرة,2
يُحَرِّفُونَهُ,707,733,No,1,2:75,2:75,1,17283,البقرة,2
عَقَلُوهُ,708,734,No,1,2:75,2:75,1,11535,البقرة,2
خَلَا,709,735,No,2,2:76,2:76 · 35:24,2,4952,البقرة,2
بَعْضُهُمْ,710,736,No,23,2:76,2:76 · 2:145 · 5:51 · 6:112 · 8:72 · 8:73 · 8:75 · 9:67 · 9:71 · 9:127 · 17:88 · 23:91 … (+11),16,397,البقرة,2
بَعْضٍ,711,737,No,37,2:76,2:76 · 2:145 · 2:253 · 3:34 · 3:195 · 4:21 · 4:25 · 4:32 · 4:34 · 5:51 · 6:65 · 6:112 … (+25),21,254,البقرة,2
أَتُحَدِّثُونَهُمْ,712,738,No,1,2:76,2:76,1,6864,البقرة,2
فَتَحَ,713,739,No,1,2:76,2:76,1,12072,البقرة,2
لِيُحَاجُّوكُمْ,714,740,No,1,2:76,2:76,1,13581,البقرة,2
أَوَلَا,715,741,No,3,2:77,2:77 · 9:126 · 19:67,3,2884,البقرة,2
يَعْلَمُ,716,742,No,62,2:77,2:77 · 2:216 · 2:220 · 2:232 · 2:235 · 2:255 · 3:7 · 3:66 · 4:63 · 5:97 · 5:99 · 6:3 … (+50),34,143,البقرة,2
يُسِرُّونَ,717,743,No,4,2:77,2:77 · 11:5 · 16:23 · 36:76,4,2804,البقرة,2
يُعْلِنُونَ,718,744,No,6,2:77,2:77 · 11:5 · 16:23 · 27:74 · 28:69 · 36:76,6,1723,البقرة,2
وَمِنْهُمْ,719,745,No,25,2:78,2:78 · 2:201 · 2:253 · 3:75 · 4:55 · 6:25 · 7:168 · 9:49 · 9:58 · 9:75 · 10:40 · 10:40 … (+13),14,372,البقرة,2
أُمِّيُّونَ,720,746,No,1,2:78,2:78,1,7620,البقرة,2
أَمَانِيَّ,721,747,No,1,2:78,2:78,1,7365,البقرة,2
فَوَيْلٌ,722,748,No,9,2:79,2:79 · 2:79 · 19:37 · 38:27 · 39:22 · 43:65 · 51:60 · 52:11 · 107:4,8,1062,البقرة,2
لِلَّذِينَ,723,749,No,79,2:79,2:79 · 2:212 · 2:226 · 3:12 · 3:15 · 3:20 · 3:172 · 4:17 · 4:18 · 4:51 · 5:44 · 5:82 … (+67),37,110,البقرة,2
يَكْتُبُونَ,724,750,No,5,2:79,2:79 · 10:21 · 43:80 · 52:41 · 68:47,5,2113,البقرة,2
بِأَيْدِيهِمْ,725,751,No,3,2:79,2:79 · 6:7 · 59:2,3,3073,البقرة,2
يَقُولُونَ,726,752,No,51,2:79,2:79 · 3:7 · 3:16 · 3:154 · 3:154 · 3:167 · 4:75 · 5:41 · 5:52 · 5:73 · 5:83 · 6:33 … (+39),32,181,البقرة,2
عِنْدِ,727,753,No,21,2:79,2:79 · 2:89 · 2:101 · 2:103 · 2:109 · 3:7 · 3:37 · 3:78 · 3:78 · 3:126 · 3:165 · 3:195 … (+9),8,445,البقرة,2
لِيَشْتَرُوا,728,754,No,1,2:79,2:79,1,13557,البقرة,2
كَتَبَتْ,729,755,No,1,2:79,2:79,1,12822,البقرة,2
أَيْدِيهِمْ,730,756,No,25,2:79,2:79 · 2:95 · 2:255 · 4:62 · 5:33 · 5:64 · 6:93 · 7:17 · 7:149 · 20:110 · 21:28 · 22:76 … (+13),18,363,البقرة,2
وَوَيْلٌ,731,757,No,3,2:79,2:79 · 14:2 · 41:6,3,3828,البقرة,2
يَكْسِبُونَ,732,758,No,14,2:79,2:79 · 6:120 · 6:129 · 7:96 · 9:82 · 9:95 · 10:8 · 15:84 · 36:65 · 39:50 · 40:82 · 41:17 … (+2),12,687,البقرة,2
وَقَالُوا,733,759,No,61,2:80,2:80 · 2:88 · 2:111 · 2:116 · 2:135 · 2:285 · 3:156 · 3:173 · 4:77 · 6:8 · 6:29 · 6:37 … (+49),31,145,البقرة,2
تَمَسَّنَا,734,760,No,2,2:80,2:80 · 3:24,2,4782,البقرة,2
النَّارُ,735,761,No,21,2:80,2:80 · 3:24 · 3:151 · 3:183 · 5:72 · 6:128 · 10:8 · 11:16 · 11:113 · 13:35 · 14:50 · 22:72 … (+9),18,437,البقرة,2
أَيَّامًا,736,762,No,3,2:80,2:80 · 2:184 · 3:24,2,2890,البقرة,2
مَعْدُودَةً,737,763,No,1,2:80,2:80,1,13759,البقرة,2
قُلْ,738,764,No,263,2:80,2:80 · 2:91 · 2:93 · 2:94 · 2:97 · 2:111 · 2:120 · 2:135 · 2:139 · 2:140 · 2:142 · 2:189 … (+251),53,32,البقرة,2
أَتَّخَذْتُمْ,739,765,No,1,2:80,2:80,1,6856,البقرة,2
عَهْدًا,740,766,No,4,2:80,2:80 · 2:100 · 19:78 · 19:87,2,2486,البقرة,2
فَلَنْ,741,767,No,22,2:80,2:80 · 3:85 · 3:91 · 3:115 · 3:144 · 4:52 · 4:88 · 4:143 · 5:41 · 5:42 · 9:80 · 12:80 … (+10),13,424,البقرة,2
يُخْلِفَ,742,768,No,2,2:80,2:80 · 22:47,2,6631,البقرة,2
عَهْدَهُ,743,769,No,1,2:80,2:80,1,11581,البقرة,2
تَقُولُونَ,744,770,No,6,2:80,2:80 · 2:140 · 4:43 · 6:93 · 25:19 · 61:2,5,1547,البقرة,2
بَلَى,745,771,No,22,2:81,2:81 · 2:112 · 2:260 · 3:76 · 3:125 · 6:30 · 7:172 · 16:28 · 16:38 · 34:3 · 36:81 · 39:59 … (+10),16,416,البقرة,2
كَسَبَ,746,772,No,3,2:81,2:81 · 52:21 · 111:2,3,3474,البقرة,2
سَيِّئَةً,747,773,No,3,2:81,2:81 · 4:85 · 40:40,3,3282,البقرة,2
وَأَحَاطَتْ,748,774,No,1,2:81,2:81,1,14631,البقرة,2
خَطِيئَتُهُ,749,775,No,1,2:81,2:81,1,10410,البقرة,2
فَأُولَئِكَ,750,776,No,46,2:81,2:81 · 2:121 · 2:160 · 2:217 · 2:229 · 2:275 · 3:82 · 3:94 · 4:17 · 4:69 · 4:97 · 4:99 … (+34),25,205,البقرة,2
الْجَنَّةِ,751,777,No,27,2:82,2:82 · 2:221 · 7:22 · 7:27 · 7:42 · 7:44 · 7:46 · 7:50 · 10:26 · 11:23 · 11:108 · 13:35 … (+15),16,339,البقرة,2
مِيثَاقَ,752,778,No,5,2:83,2:83 · 3:81 · 3:187 · 5:12 · 5:70,3,2011,البقرة,2
تَعْبُدُونَ,753,779,No,20,2:83,2:83 · 2:133 · 2:172 · 10:28 · 10:104 · 12:40 · 16:114 · 21:67 · 21:98 · 26:70 · 26:75 · 26:92 … (+8),12,458,البقرة,2
وَبِالْوَالِدَيْنِ,754,780,No,4,2:83,2:83 · 4:36 · 6:151 · 17:23,4,2705,البقرة,2
إِحْسَانًا,755,781,No,6,2:83,2:83 · 4:36 · 4:62 · 6:151 · 17:23 · 46:15,5,1471,البقرة,2
وَذِي,756,782,No,1,2:83,2:83,1,15620,البقرة,2
الْقُرْبَى,757,783,No,12,2:83,2:83 · 2:177 · 4:8 · 4:36 · 4:36 · 8:41 · 16:90 · 17:26 · 24:22 · 30:38 · 42:23 · 59:7,9,765,البقرة,2
وَالْيَتَامَى,758,784,No,7,2:83,2:83 · 2:177 · 2:215 · 4:8 · 4:36 · 8:41 · 59:7,4,1415,البقرة,2
وَالْمَسَاكِينِ,759,785,No,6,2:83,2:83 · 2:215 · 4:36 · 8:41 · 9:60 · 59:7,5,1672,البقرة,2
لِلنَّاسِ,760,786,No,51,2:83,2:83 · 2:124 · 2:125 · 2:150 · 2:159 · 2:185 · 2:187 · 2:189 · 2:219 · 2:221 · 2:259 · 3:4 … (+39),28,180,البقرة,2
حُسْنًا,761,787,No,5,2:83,2:83 · 18:86 · 27:11 · 29:8 · 42:23,5,1882,البقرة,2
مُعْرِضُونَ,762,788,No,14,2:83,2:83 · 3:23 · 8:23 · 9:76 · 12:105 · 21:1 · 21:24 · 21:32 · 21:42 · 23:3 · 23:71 · 24:48 … (+2),10,678,البقرة,2
تَسْفِكُونَ,763,789,No,1,2:84,2:84,1,9569,البقرة,2
دِمَاءَكُمْ,764,790,No,1,2:84,2:84,1,10565,البقرة,2
تُخْرِجُونَ,765,791,No,1,2:84,2:84,1,9879,البقرة,2
دِيَارِكُمْ,766,792,No,4,2:84,2:84 · 4:66 · 60:8 · 60:9,3,2419,البقرة,2
أَقْرَرْتُمْ,767,793,No,1,2:84,2:84,1,7293,البقرة,2
تَشْهَدُونَ,768,794,No,2,2:84,2:84 · 3:70,2,4746,البقرة,2
أَنْتُمْ,769,795,No,78,2:85,2:85 · 3:66 · 3:80 · 3:119 · 3:179 · 4:109 · 5:18 · 5:88 · 5:91 · 5:106 · 6:2 · 6:64 … (+66),33,112,البقرة,2
تَقْتُلُونَ,770,796,No,4,2:85,2:85 · 2:87 · 2:91 · 33:26,2,2365,البقرة,2
وَتُخْرِجُونَ,771,797,No,1,2:85,2:85,1,15447,البقرة,2
فَرِيقًا,772,798,No,10,2:85,2:85 · 2:146 · 2:188 · 3:100 · 5:70 · 7:30 · 8:5 · 33:26 · 33:26 · 34:20,7,943,البقرة,2
دِيَارِهِمْ,773,799,No,9,2:85,2:85 · 2:243 · 3:195 · 8:47 · 11:67 · 11:94 · 22:40 · 59:2 · 59:8,6,1037,البقرة,2
تَظَاهَرُونَ,774,800,No,1,2:85,2:85,1,9619,البقرة,2
بِالْإِثْمِ,775,801,No,5,2:85,2:85 · 2:188 · 2:206 · 58:8 · 58:9,2,1828,البقرة,2
وَالْعُدْوَانِ,776,802,No,5,2:85,2:85 · 5:2 · 5:62 · 58:8 · 58:9,3,2045,البقرة,2
يَأْتُوكُمْ,777,803,No,1,2:85,2:85,1,16612,البقرة,2
أُسَارَى,778,804,No,1,2:85,2:85,1,7591,البقرة,2
تُفَادُوهُمْ,779,805,No,1,2:85,2:85,1,9954,البقرة,2
مُحَرَّمٌ,780,806,No,1,2:85,2:85,1,13934,البقرة,2
إِخْرَاجُهُمْ,781,807,No,1,2:85,2:85,1,7644,البقرة,2
أَفَتُؤْمِنُونَ,782,808,No,1,2:85,2:85,1,7253,البقرة,2
بِبَعْضِ,783,809,No,4,2:85,2:85 · 3:155 · 4:19 · 5:49,4,2322,البقرة,2
الْكِتَابِ,784,810,No,77,2:85,2:85 · 2:105 · 2:109 · 2:159 · 2:174 · 2:176 · 2:231 · 3:7 · 3:23 · 3:64 · 3:65 · 3:69 … (+65),29,116,البقرة,2
وَتَكْفُرُونَ,785,811,No,1,2:85,2:85,1,15426,البقرة,2
بِبَعْضٍ,786,812,No,11,2:85,2:85 · 2:251 · 4:150 · 4:150 · 6:53 · 6:128 · 8:75 · 22:40 · 29:25 · 33:6 · 47:4,8,833,البقرة,2
جَزَاءُ,787,813,No,14,2:85,2:85 · 2:191 · 5:29 · 5:33 · 5:85 · 9:26 · 10:27 · 12:25 · 20:76 · 34:37 · 39:34 · 41:28 … (+2),11,667,البقرة,2
يَفْعَلُ,788,814,No,8,2:85,2:85 · 2:253 · 3:40 · 4:147 · 21:23 · 22:14 · 22:18 · 30:40,6,1250,البقرة,2
خِزْيٌ,789,815,No,5,2:85,2:85 · 2:114 · 5:33 · 5:41 · 22:9,3,1893,البقرة,2
الْحَيَاةِ,790,816,No,37,2:85,2:85 · 2:204 · 3:14 · 3:117 · 4:94 · 4:109 · 7:32 · 7:152 · 9:38 · 9:55 · 10:23 · 10:24 … (+25),21,253,البقرة,2
الدُّنْيَا,791,817,No,115,2:85,2:85 · 2:86 · 2:114 · 2:130 · 2:200 · 2:201 · 2:204 · 2:212 · 2:217 · 2:220 · 3:14 · 3:22 … (+103),40,75,البقرة,2
وَيَوْمَ,792,818,No,44,2:85,2:85 · 4:159 · 6:22 · 6:73 · 6:128 · 7:163 · 9:25 · 10:28 · 10:45 · 11:60 · 11:99 · 16:80 … (+32),22,214,البقرة,2
الْقِيَامَةِ,793,819,No,70,2:85,2:85 · 2:113 · 2:174 · 2:212 · 3:55 · 3:77 · 3:161 · 3:180 · 3:185 · 3:194 · 4:87 · 4:109 … (+58),30,127,البقرة,2
يُرَدُّونَ,794,820,No,2,2:85,2:85 · 9:101,2,6634,البقرة,2
أَشَدِّ,795,821,No,1,2:85,2:85,1,7120,البقرة,2
الْحَيَاةَ,796,822,No,11,2:86,2:86 · 4:74 · 11:15 · 14:3 · 16:107 · 20:72 · 28:79 · 33:28 · 53:29 · 79:38 · 87:16,11,824,البقرة,2
بِالْآخِرَةِ,797,823,No,21,2:86,2:86 · 4:74 · 6:92 · 6:113 · 6:150 · 7:45 · 11:19 · 12:37 · 16:22 · 16:60 · 17:10 · 17:45 … (+9),15,439,البقرة,2
يُخَفَّفُ,798,824,No,5,2:86,2:86 · 2:162 · 3:88 · 16:85 · 35:36,4,2123,البقرة,2
عَنْهُمُ,799,825,No,8,2:86,2:86 · 2:162 · 3:88 · 7:135 · 11:8 · 17:28 · 38:63 · 43:50,7,1186,البقرة,2
الْعَذَابُ,800,826,No,22,2:86,2:86 · 2:162 · 3:88 · 6:49 · 11:20 · 14:44 · 15:50 · 16:26 · 16:45 · 16:113 · 18:55 · 22:18 … (+10),16,412,البقرة,2
وَقَفَّيْنَا,801,827,No,3,2:87,2:87 · 5:46 · 57:27,3,3789,البقرة,2
بِالرُّسُلِ,802,828,No,1,2:87,2:87,1,9005,البقرة,2
وَآتَيْنَا,803,829,No,7,2:87,2:87 · 2:253 · 4:153 · 4:163 · 17:2 · 17:55 · 17:59,3,1407,البقرة,2
عِيسَى,804,830,No,16,2:87,2:87 · 2:253 · 3:45 · 3:52 · 3:55 · 3:59 · 4:157 · 4:171 · 5:110 · 5:112 · 5:114 · 5:116 … (+4),7,579,البقرة,2
ابْنَ,805,831,No,10,2:87,2:87 · 2:253 · 4:157 · 5:17 · 5:110 · 5:112 · 5:116 · 7:150 · 9:31 · 23:50,6,904,البقرة,2
مَرْيَمَ,806,832,No,28,2:87,2:87 · 2:253 · 3:36 · 3:44 · 3:45 · 4:156 · 4:157 · 4:171 · 4:171 · 5:17 · 5:17 · 5:46 … (+16),11,328,البقرة,2
الْبَيِّنَاتِ,807,833,No,4,2:87,2:87 · 2:159 · 2:253 · 20:72,2,2251,البقرة,2
وَأَيَّدْنَاهُ,808,834,No,2,2:87,2:87 · 2:253,1,6082,البقرة,2
بِرُوحِ,809,835,No,3,2:87,2:87 · 2:253 · 5:110,2,3092,البقرة,2
الْقُدُسِ,810,836,No,4,2:87,2:87 · 2:253 · 5:110 · 16:102,3,2275,البقرة,2
أَفَكُلَّمَا,811,837,No,1,2:87,2:87,1,7263,البقرة,2
جَاءَكُمْ,812,838,No,21,2:87,2:87 · 2:92 · 3:81 · 3:183 · 4:174 · 5:15 · 5:15 · 5:19 · 5:19 · 6:104 · 6:157 · 7:63 … (+9),12,441,البقرة,2
رَسُولٌ,813,839,No,21,2:87,2:87 · 2:101 · 3:81 · 3:144 · 5:70 · 5:75 · 7:61 · 7:67 · 7:104 · 9:128 · 10:47 · 16:113 … (+9),10,443,البقرة,2
تَهْوَى,814,840,No,3,2:87,2:87 · 5:70 · 53:23,3,3156,البقرة,2
أَنْفُسُكُمُ,815,841,No,1,2:87,2:87,1,7461,البقرة,2
اسْتَكْبَرْتُمْ,816,842,No,1,2:87,2:87,1,7823,البقرة,2
فَفَرِيقًا,817,843,No,1,2:87,2:87,1,12331,البقرة,2
كَذَّبْتُمْ,818,844,No,2,2:87,2:87 · 25:77,2,5609,البقرة,2
وَفَرِيقًا,819,845,No,3,2:87,2:87 · 5:70 · 7:30,3,3784,البقرة,2
قُلُوبُنَا,820,846,No,4,2:88,2:88 · 4:155 · 5:113 · 41:5,4,2541,البقرة,2
غُلْفٌ,821,847,No,2,2:88,2:88 · 4:155,2,5337,البقرة,2
بَلْ,822,848,No,113,2:88,2:88 · 2:100 · 2:116 · 2:135 · 2:154 · 2:170 · 2:259 · 3:169 · 3:180 · 4:155 · 4:158 · 5:18 … (+101),48,77,البقرة,2
لَعَنَهُمُ,823,849,No,5,2:88,2:88 · 4:46 · 4:52 · 33:57 · 47:23,4,1982,البقرة,2
بِكُفْرِهِمْ,824,850,No,4,2:88,2:88 · 2:93 · 4:46 · 4:155,2,2335,البقرة,2
فَقَلِيلًا,825,851,No,1,2:88,2:88,1,12351,البقرة,2
وَلَمَّا,826,852,No,31,2:89,2:89 · 2:101 · 2:214 · 2:250 · 3:142 · 7:134 · 7:143 · 7:149 · 7:150 · 7:154 · 9:16 · 10:39 … (+19),12,303,البقرة,2
جَاءَهُمْ,827,853,No,30,2:89,2:89 · 2:89 · 2:101 · 4:83 · 5:70 · 6:5 · 6:43 · 7:5 · 12:110 · 16:113 · 17:101 · 23:68 … (+18),24,307,البقرة,2
كِتَابٌ,828,854,No,18,2:89,2:89 · 6:92 · 6:155 · 7:2 · 8:68 · 11:1 · 13:38 · 14:1 · 15:4 · 23:62 · 27:29 · 38:29 … (+6),16,520,البقرة,2
مُصَدِّقٌ,829,855,No,4,2:89,2:89 · 2:101 · 3:81 · 46:12,3,2618,البقرة,2
مَعَهُمْ,830,856,No,12,2:89,2:89 · 2:91 · 2:101 · 4:72 · 4:73 · 4:108 · 4:140 · 6:150 · 21:84 · 38:43 · 58:7 · 59:12,7,798,البقرة,2
يَسْتَفْتِحُونَ,831,857,No,1,2:89,2:89,1,16902,البقرة,2
عَرَفُوا,832,858,No,2,2:89,2:89 · 5:83,2,5282,البقرة,2
فَلَعْنَةُ,833,859,No,1,2:89,2:89,1,12387,البقرة,2
بِئْسَمَا,834,860,No,3,2:90,2:90 · 2:93 · 7:150,2,3075,البقرة,2
اشْتَرَوْا,835,861,No,2,2:90,2:90 · 9:9,2,4243,البقرة,2
يَكْفُرُوا,836,862,No,3,2:90,2:90 · 4:60 · 28:48,3,3915,البقرة,2
أَنْزَلَ,837,863,No,47,2:90,2:90 · 2:91 · 2:164 · 2:170 · 2:174 · 2:231 · 3:7 · 3:154 · 4:61 · 4:136 · 4:166 · 5:44 … (+35),23,193,البقرة,2
بَغْيًا,838,864,No,6,2:90,2:90 · 2:213 · 3:19 · 10:90 · 42:14 · 45:17,5,1524,البقرة,2
يُنَزِّلَ,839,865,No,3,2:90,2:90 · 5:112 · 6:37,3,3956,البقرة,2
فَضْلِهِ,840,866,No,26,2:90,2:90 · 3:170 · 3:180 · 4:32 · 4:37 · 4:54 · 4:173 · 9:28 · 9:59 · 9:74 · 9:75 · 9:76 … (+14),12,358,البقرة,2
يَشَاءُ,841,867,No,108,2:90,2:90 · 2:105 · 2:142 · 2:212 · 2:213 · 2:247 · 2:251 · 2:261 · 2:269 · 2:272 · 2:284 · 2:284 … (+96),32,82,البقرة,2
عِبَادِهِ,842,868,No,22,2:90,2:90 · 6:18 · 6:61 · 6:88 · 7:128 · 9:104 · 10:107 · 14:11 · 16:2 · 17:17 · 25:58 · 27:15 … (+10),18,422,البقرة,2
فَبَاءُوا,843,869,No,1,2:90,2:90,1,12048,البقرة,2
غَضَبٍ,844,870,No,1,2:90,2:90,1,11679,البقرة,2
وَلِلْكَافِرِينَ,845,871,No,5,2:90,2:90 · 2:104 · 47:10 · 58:4 · 58:5,3,2071,البقرة,2
مُهِينٌ,846,872,No,8,2:90,2:90 · 3:178 · 4:14 · 22:57 · 31:6 · 45:9 · 58:5 · 58:16,7,1210,البقرة,2
نُؤْمِنُ,847,873,No,3,2:91,2:91 · 4:150 · 5:84,3,3636,البقرة,2
وَيَكْفُرُونَ,848,874,No,1,2:91,2:91,1,16472,البقرة,2
وَرَاءَهُ,849,875,No,1,2:91,2:91,1,15625,البقرة,2
فَلِمَ,850,876,No,4,2:91,2:91 · 3:66 · 3:183 · 5:18,3,2526,البقرة,2
أَنْبِيَاءَ,851,877,No,2,2:91,2:91 · 5:20,2,4136,البقرة,2
مُؤْمِنِينَ,852,878,No,33,2:91,2:91 · 2:93 · 2:248 · 2:278 · 3:49 · 3:139 · 3:175 · 5:23 · 5:57 · 5:112 · 6:118 · 7:72 … (+21),14,284,البقرة,2
بِالْبَيِّنَاتِ,853,879,No,24,2:92,2:92 · 3:183 · 3:184 · 5:32 · 5:110 · 7:101 · 9:70 · 10:13 · 10:74 · 14:9 · 16:44 · 29:39 … (+12),16,379,البقرة,2
وَاسْمَعُوا,854,880,No,4,2:93,2:93 · 2:104 · 5:108 · 64:16,3,2687,البقرة,2
سَمِعْنَا,855,881,No,16,2:93,2:93 · 2:285 · 3:193 · 4:46 · 4:46 · 5:7 · 8:21 · 8:31 · 21:60 · 23:24 · 24:51 · 28:36 … (+4),12,578,البقرة,2
وَعَصَيْنَا,856,882,No,2,2:93,2:93 · 4:46,2,6300,البقرة,2
وَأُشْرِبُوا,857,883,No,1,2:93,2:93,1,14831,البقرة,2
قُلُوبِهِمُ,858,884,No,5,2:93,2:93 · 33:26 · 48:26 · 58:22 · 59:2,5,1968,البقرة,2
إِيمَانُكُمْ,859,885,No,1,2:93,2:93,1,7703,البقرة,2
كَانَتْ,860,886,No,27,2:94,2:94 · 2:143 · 4:11 · 4:103 · 7:83 · 7:157 · 7:163 · 10:98 · 16:112 · 18:101 · 18:107 · 19:28 … (+15),18,344,البقرة,2
الدَّارُ,861,887,No,2,2:94,2:94 · 28:83,2,4255,البقرة,2
الْآخِرَةُ,862,888,No,5,2:94,2:94 · 6:32 · 7:169 · 28:83 · 53:25,5,1789,البقرة,2
خَالِصَةً,863,889,No,3,2:94,2:94 · 7:32 · 33:50,3,3219,البقرة,2
فَتَمَنَّوُا,864,890,No,2,2:94,2:94 · 62:6,2,5420,البقرة,2
الْمَوْتَ,865,891,No,10,2:94,2:94 · 3:143 · 3:168 · 34:14 · 39:42 · 44:56 · 56:60 · 62:6 · 62:8 · 67:2,8,915,البقرة,2
يَتَمَنَّوْهُ,866,892,No,1,2:95,2:95,1,16713,البقرة,2
أَبَدًا,867,893,No,28,2:95,2:95 · 4:57 · 4:122 · 4:169 · 5:24 · 5:119 · 9:22 · 9:83 · 9:84 · 9:100 · 9:108 · 18:3 … (+16),15,320,البقرة,2
قَدَّمَتْ,868,894,No,14,2:95,2:95 · 3:182 · 4:62 · 5:80 · 8:51 · 18:57 · 22:10 · 28:47 · 30:36 · 42:48 · 59:18 · 62:7 … (+2),14,674,البقرة,2
بِالظَّالِمِينَ,869,895,No,5,2:95,2:95 · 2:246 · 6:58 · 9:47 · 62:7,4,1827,البقرة,2
وَلَتَجِدَنَّهُمْ,870,896,No,1,2:96,2:96,1,16034,البقرة,2
أَحْرَصَ,871,897,No,1,2:96,2:96,1,6929,البقرة,2
حَيَاةٍ,872,898,No,1,2:96,2:96,1,10287,البقرة,2
أَشْرَكُوا,873,899,No,12,2:96,2:96 · 3:151 · 3:186 · 5:82 · 6:22 · 6:88 · 6:107 · 6:148 · 10:28 · 16:35 · 16:86 · 22:17,7,753,البقرة,2
يَوَدُّ,874,900,No,5,2:96,2:96 · 2:105 · 4:42 · 15:2 · 70:11,4,2118,البقرة,2
أَحَدُهُمْ,875,901,No,3,2:96,2:96 · 16:58 · 43:17,3,2842,البقرة,2
لَوْ,876,902,No,77,2:96,2:96 · 2:102 · 2:103 · 2:109 · 2:167 · 3:30 · 3:69 · 3:154 · 3:154 · 3:156 · 3:167 · 3:168 … (+65),39,119,البقرة,2
يُعَمَّرُ,877,903,No,2,2:96,2:96 · 35:11,2,6660,البقرة,2
أَلْفَ,878,904,No,4,2:96,2:96 · 29:14 · 32:5 · 70:4,4,2178,البقرة,2
سَنَةٍ,879,905,No,5,2:96,2:96 · 22:47 · 29:14 · 32:5 · 70:4,5,1916,البقرة,2
بِمُزَحْزِحِهِ,880,906,No,1,2:96,2:96,1,9255,البقرة,2
يُعَمَّرَ,881,907,No,1,2:96,2:96,1,17449,البقرة,2
بَصِيرٌ,882,908,No,27,2:96,2:96 · 2:110 · 2:233 · 2:237 · 2:265 · 3:15 · 3:20 · 3:156 · 3:163 · 5:71 · 8:39 · 8:72 … (+15),18,340,البقرة,2
يَعْمَلُونَ,883,909,No,56,2:96,2:96 · 2:134 · 2:141 · 2:144 · 3:120 · 3:163 · 4:17 · 4:18 · 4:108 · 5:62 · 5:66 · 5:71 … (+44),28,161,البقرة,2
عَدُوًّا,884,910,No,10,2:97,2:97 · 2:98 · 4:101 · 6:112 · 9:83 · 17:53 · 25:31 · 28:8 · 35:6 · 64:14,9,937,البقرة,2
لِجِبْرِيلَ,885,911,No,1,2:97,2:97,1,13391,البقرة,2
فَإِنَّهُ,886,912,No,15,2:97,2:97 · 2:249 · 2:282 · 2:283 · 5:51 · 6:145 · 14:36 · 17:25 · 20:7 · 20:100 · 24:21 · 25:71 … (+3),11,619,البقرة,2
نَزَّلَهُ,887,913,No,2,2:97,2:97 · 16:102,2,5964,البقرة,2
قَلْبِكَ,888,914,No,3,2:97,2:97 · 26:194 · 42:24,3,3452,البقرة,2
بِإِذْنِ,889,915,No,23,2:97,2:97 · 2:102 · 2:249 · 2:251 · 3:49 · 3:49 · 3:145 · 4:25 · 4:64 · 7:58 · 8:66 · 10:100 … (+11),14,399,البقرة,2
يَدَيْهِ,890,916,No,17,2:97,2:97 · 3:3 · 5:46 · 5:46 · 5:48 · 6:92 · 10:37 · 12:111 · 13:11 · 25:27 · 34:12 · 34:31 … (+5),13,554,البقرة,2
وَهُدًى,891,917,No,15,2:97,2:97 · 3:96 · 3:138 · 5:46 · 6:91 · 6:154 · 6:157 · 7:203 · 10:57 · 12:111 · 16:64 · 16:89 … (+3),10,640,البقرة,2
وَبُشْرَى,892,918,No,5,2:97,2:97 · 16:89 · 16:102 · 27:2 · 46:12,4,2046,البقرة,2
لِلْمُؤْمِنِينَ,893,919,No,15,2:97,2:97 · 3:124 · 7:2 · 9:61 · 10:57 · 11:120 · 15:77 · 15:88 · 17:82 · 24:30 · 27:2 · 27:77 … (+3),13,629,البقرة,2
وَمَلَائِكَتِهِ,894,920,No,3,2:98,2:98 · 2:285 · 4:136,2,3815,البقرة,2
وَرُسُلِهِ,895,921,No,11,2:98,2:98 · 2:285 · 3:179 · 4:136 · 4:150 · 4:150 · 4:152 · 4:171 · 57:19 · 57:21 · 65:8,5,881,البقرة,2
وَجِبْرِيلَ,896,922,No,1,2:98,2:98,1,15511,البقرة,2
وَمِيكَالَ,897,923,No,1,2:98,2:98,1,16236,البقرة,2
أَنْزَلْنَا,898,924,No,25,2:99,2:99 · 2:159 · 4:105 · 5:44 · 6:8 · 7:26 · 8:41 · 10:94 · 15:90 · 16:64 · 20:2 · 21:10 … (+13),21,362,البقرة,2
آيَاتٍ,899,925,No,10,2:99,2:99 · 7:133 · 17:101 · 22:16 · 24:1 · 24:34 · 24:46 · 27:12 · 57:9 · 58:5,8,897,البقرة,2
بَيِّنَاتٍ,900,926,No,14,2:99,2:99 · 10:15 · 17:101 · 19:73 · 22:16 · 22:72 · 24:1 · 28:36 · 34:43 · 45:17 · 45:25 · 46:7 … (+2),12,662,البقرة,2
يَكْفُرُ,901,927,No,3,2:99,2:99 · 29:25 · 43:33,3,3914,البقرة,2
بِهَا,902,928,No,79,2:99,2:99 · 2:132 · 2:188 · 2:258 · 3:120 · 4:11 · 4:12 · 4:12 · 4:12 · 4:140 · 4:140 · 5:44 … (+67),34,109,البقرة,2
الْفَاسِقُونَ,903,929,No,9,2:99,2:99 · 3:82 · 3:110 · 5:47 · 9:67 · 24:4 · 24:55 · 46:35 · 59:19,7,1008,البقرة,2
أَوَكُلَّمَا,904,930,No,1,2:100,2:100,1,7492,البقرة,2
عَاهَدُوا,905,931,No,4,2:100,2:100 · 2:177 · 33:15 · 33:23,2,2477,البقرة,2
نَبَذَهُ,906,932,No,1,2:100,2:100,1,14221,البقرة,2
أَكْثَرُهُمْ,907,933,No,22,2:100,2:100 · 10:36 · 12:106 · 16:75 · 16:101 · 21:24 · 26:8 · 26:67 · 26:103 · 26:121 · 26:139 · 26:158 … (+10),14,411,البقرة,2
نَبَذَ,908,934,No,1,2:101,2:101,1,14220,البقرة,2
أُوتُوا,909,935,No,32,2:101,2:101 · 2:144 · 2:145 · 3:19 · 3:20 · 3:23 · 3:100 · 3:186 · 3:187 · 4:44 · 4:47 · 4:51 … (+20),19,289,البقرة,2
كِتَابَ,910,936,No,5,2:101,2:101 · 4:24 · 35:29 · 83:7 · 83:18,4,1977,البقرة,2
وَرَاءَ,911,937,No,7,2:101,2:101 · 3:187 · 4:24 · 6:94 · 23:7 · 70:31 · 84:10,7,1422,البقرة,2
ظُهُورِهِمْ,912,938,No,5,2:101,2:101 · 3:187 · 6:31 · 7:172 · 21:39,5,1933,البقرة,2
كَأَنَّهُمْ,913,939,No,11,2:101,2:101 · 46:35 · 52:24 · 54:7 · 54:20 · 61:4 · 63:4 · 69:7 · 70:43 · 74:50 · 79:46,10,865,البقرة,2
وَاتَّبَعُوا,914,940,No,10,2:102,2:102 · 3:174 · 7:157 · 11:59 · 19:59 · 40:7 · 47:14 · 47:16 · 54:3 · 71:21,9,960,البقرة,2
تَتْلُو,915,941,No,4,2:102,2:102 · 10:61 · 28:45 · 29:48,4,2343,البقرة,2
الشَّيَاطِينُ,916,942,No,4,2:102,2:102 · 6:71 · 26:210 · 26:221,3,2234,البقرة,2
مُلْكِ,917,943,No,1,2:102,2:102,1,14088,البقرة,2
سُلَيْمَانَ,918,944,No,7,2:102,2:102 · 21:79 · 27:30 · 27:36 · 27:44 · 38:30 · 38:34,4,1350,البقرة,2
كَفَرَ,919,945,No,18,2:102,2:102 · 2:126 · 2:253 · 2:258 · 3:97 · 5:12 · 5:17 · 5:72 · 5:73 · 16:106 · 19:77 · 24:55 … (+6),11,519,البقرة,2
سُلَيْمَانُ,920,946,No,3,2:102,2:102 · 27:16 · 27:18,2,3284,البقرة,2
وَلَكِنَّ,921,947,No,53,2:102,2:102 · 2:177 · 2:189 · 2:243 · 2:251 · 2:253 · 2:272 · 3:179 · 5:81 · 5:103 · 6:33 · 6:37 … (+41),27,174,البقرة,2
الشَّيَاطِينَ,922,948,No,5,2:102,2:102 · 6:121 · 7:27 · 7:30 · 19:83,4,1782,البقرة,2
يُعَلِّمُونَ,923,949,No,1,2:102,2:102,1,17448,البقرة,2
السِّحْرَ,924,950,No,4,2:102,2:102 · 20:71 · 21:3 · 26:49,4,2230,البقرة,2
الْمَلَكَيْنِ,925,951,No,1,2:102,2:102,1,8622,البقرة,2
بِبَابِلَ,926,952,No,1,2:102,2:102,1,9074,البقرة,2
هَارُوتَ,927,953,No,1,2:102,2:102,1,14543,البقرة,2
وَمَارُوتَ,928,954,No,1,2:102,2:102,1,16184,البقرة,2
يُعَلِّمَانِ,929,955,No,1,2:102,2:102,1,17446,البقرة,2
أَحَدٍ,930,956,No,16,2:102,2:102 · 2:102 · 2:136 · 2:285 · 3:84 · 3:153 · 4:152 · 7:80 · 9:84 · 9:127 · 19:98 · 24:21 … (+4),11,558,البقرة,2
يَقُولَا,931,957,No,1,2:102,2:102,1,17057,البقرة,2
فِتْنَةٌ,932,958,No,11,2:102,2:102 · 2:193 · 5:71 · 8:28 · 8:39 · 8:73 · 21:111 · 22:11 · 24:63 · 39:49 · 64:15,8,862,البقرة,2
تَكْفُرْ,933,959,No,1,2:102,2:102,1,9726,البقرة,2
فَيَتَعَلَّمُونَ,934,960,No,1,2:102,2:102,1,12504,البقرة,2
مِنْهُمَا,935,961,No,10,2:102,2:102 · 2:233 · 4:1 · 4:11 · 4:12 · 12:42 · 12:45 · 24:2 · 28:49 · 55:22,6,958,البقرة,2
يُفَرِّقُونَ,936,962,No,1,2:102,2:102,1,17485,البقرة,2
الْمَرْءِ,937,963,No,2,2:102,2:102 · 8:24,2,4455,البقرة,2
وَزَوْجِهِ,938,964,No,1,2:102,2:102,1,15688,البقرة,2
بِضَارِّينَ,939,965,No,1,2:102,2:102,1,9179,البقرة,2
وَيَتَعَلَّمُونَ,940,966,No,1,2:102,2:102,1,16384,البقرة,2
يَضُرُّهُمْ,941,967,No,3,2:102,2:102 · 10:18 · 25:55,3,3891,البقرة,2
يَنْفَعُهُمْ,942,968,No,4,2:102,2:102 · 10:18 · 25:55 · 40:85,4,2793,البقرة,2
عَلِمُوا,943,969,No,1,2:102,2:102,1,11553,البقرة,2
لَمَنِ,944,970,No,1,2:102,2:102,1,13179,البقرة,2
اشْتَرَاهُ,945,971,No,2,2:102,2:102 · 12:21,2,4242,البقرة,2
لَهُ,946,972,No,275,2:102,2:102 · 2:107 · 2:116 · 2:116 · 2:117 · 2:131 · 2:133 · 2:136 · 2:138 · 2:139 · 2:178 · 2:184 … (+263),63,28,البقرة,2
الْآخِرَةِ,947,973,No,55,2:102,2:102 · 2:114 · 2:130 · 2:200 · 2:201 · 3:77 · 3:85 · 3:145 · 3:148 · 3:176 · 5:5 · 5:33 … (+43),28,164,البقرة,2
خَلَاقٍ,948,974,No,2,2:102,2:102 · 2:200,1,4953,البقرة,2
وَلَبِئْسَ,949,975,No,4,2:102,2:102 · 2:206 · 22:13 · 24:57,3,2729,البقرة,2
شَرَوْا,950,976,No,1,2:102,2:102,1,11121,البقرة,2
وَاتَّقَوْا,951,977,No,4,2:103,2:103 · 3:172 · 5:65 · 7:96,4,2683,البقرة,2
لَمَثُوبَةٌ,952,978,No,1,2:103,2:103,1,13164,البقرة,2
تَقُولُوا,953,979,No,15,2:104,2:104 · 2:154 · 2:169 · 2:235 · 4:94 · 4:171 · 4:171 · 5:19 · 6:156 · 6:157 · 7:33 · 7:172 … (+3),7,611,البقرة,2
رَاعِنَا,954,980,No,1,2:104,2:104,1,10644,البقرة,2
انْظُرْنَا,955,981,No,1,2:104,2:104,1,8786,البقرة,2
أَهْلِ,956,982,No,23,2:105,2:105 · 2:109 · 3:69 · 3:72 · 3:75 · 3:113 · 3:199 · 4:123 · 4:159 · 9:101 · 12:109 · 20:40 … (+11),12,392,البقرة,2
الْمُشْرِكِينَ,957,983,No,24,2:105,2:105 · 2:135 · 2:221 · 3:67 · 3:95 · 6:14 · 6:79 · 6:106 · 6:137 · 6:161 · 9:1 · 9:3 … (+12),11,377,البقرة,2
يُنَزَّلَ,958,984,No,2,2:105,2:105 · 30:49,2,6685,البقرة,2
خَيْرٍ,959,985,No,14,2:105,2:105 · 2:110 · 2:197 · 2:215 · 2:215 · 2:272 · 2:272 · 2:273 · 3:30 · 3:115 · 4:127 · 9:61 … (+2),6,670,البقرة,2
يَخْتَصُّ,960,986,No,2,2:105,2:105 · 3:74,2,6492,البقرة,2
بِرَحْمَتِهِ,961,987,No,2,2:105,2:105 · 3:74,2,4643,البقرة,2
ذُو,962,988,No,25,2:105,2:105 · 2:251 · 2:280 · 3:4 · 3:74 · 3:152 · 3:174 · 5:95 · 6:133 · 6:147 · 8:29 · 14:47 … (+13),17,367,البقرة,2
الْفَضْلِ,963,989,No,7,2:105,2:105 · 3:74 · 8:29 · 24:22 · 57:21 · 57:29 · 62:4,6,1298,البقرة,2
الْعَظِيمِ,964,990,No,19,2:105,2:105 · 3:74 · 8:29 · 9:129 · 21:76 · 23:86 · 26:63 · 27:26 · 37:76 · 37:115 · 56:46 · 56:74 … (+7),14,481,البقرة,2
نَنْسَخْ,965,991,No,1,2:106,2:106,1,14416,البقرة,2
آيَةٍ,966,992,No,12,2:106,2:106 · 2:145 · 2:211 · 6:4 · 6:25 · 7:132 · 7:146 · 10:97 · 12:105 · 16:101 · 36:46 · 43:48,8,750,البقرة,2
نُنْسِهَا,967,993,No,1,2:106,2:106,1,14508,البقرة,2
نَأْتِ,968,994,No,1,2:106,2:106,1,14185,البقرة,2
بِخَيْرٍ,969,995,No,6,2:106,2:106 · 3:15 · 6:17 · 10:107 · 11:84 · 16:76,6,1532,البقرة,2
مِثْلِهَا,970,996,No,1,2:106,2:106,1,14156,البقرة,2
تَعْلَمْ,971,997,No,4,2:106,2:106 · 2:107 · 5:40 · 22:70,3,2363,البقرة,2
مُلْكُ,972,998,No,20,2:107,2:107 · 3:189 · 5:17 · 5:18 · 5:40 · 5:120 · 7:158 · 9:116 · 24:42 · 25:2 · 38:10 · 39:44 … (+8),15,472,البقرة,2
وَلِيٍّ,973,999,No,11,2:107,2:107 · 2:120 · 9:74 · 9:116 · 13:37 · 18:26 · 29:22 · 32:4 · 42:8 · 42:31 · 42:44,7,884,البقرة,2
نَصِيرٍ,974,1000,No,9,2:107,2:107 · 2:120 · 9:74 · 9:116 · 22:71 · 29:22 · 35:37 · 42:8 · 42:31,6,1082,البقرة,2
تُرِيدُونَ,975,1001,No,5,2:108,2:108 · 8:67 · 14:10 · 30:39 · 37:86,5,1857,البقرة,2
تَسْأَلُوا,976,1002,No,3,2:108,2:108 · 5:101 · 5:101,2,3126,البقرة,2
رَسُولَكُمْ,977,1003,No,1,2:108,2:108,1,10693,البقرة,2
سُئِلَ,978,1004,No,1,2:108,2:108,1,11047,البقرة,2
وَمَنْ,979,1005,No,234,2:108,2:108 · 2:114 · 2:121 · 2:126 · 2:130 · 2:138 · 2:140 · 2:158 · 2:185 · 2:203 · 2:211 · 2:217 … (+222),58,37,البقرة,2
يَتَبَدَّلِ,980,1006,No,1,2:108,2:108,1,16680,البقرة,2
الْكُفْرَ,981,1007,No,6,2:108,2:108 · 3:52 · 3:177 · 9:23 · 39:7 · 49:7,5,1514,البقرة,2
بِالْإِيمَانِ,982,1008,No,5,2:108,2:108 · 3:177 · 5:5 · 16:106 · 59:10,5,1829,البقرة,2
فَقَدْ,983,1009,No,50,2:108,2:108 · 2:231 · 2:269 · 3:101 · 3:140 · 3:143 · 3:184 · 3:185 · 3:192 · 4:54 · 4:80 · 4:100 … (+38),23,182,البقرة,2
ضَلَّ,984,1010,No,18,2:108,2:108 · 4:116 · 4:136 · 5:12 · 5:105 · 10:108 · 16:125 · 17:15 · 17:67 · 18:104 · 27:92 · 33:36 … (+6),14,513,البقرة,2
سَوَاءَ,985,1011,No,4,2:108,2:108 · 5:12 · 28:22 · 60:1,4,2445,البقرة,2
السَّبِيلِ,986,1012,No,20,2:108,2:108 · 2:177 · 2:215 · 4:36 · 5:12 · 5:60 · 5:77 · 8:41 · 9:60 · 13:33 · 16:9 · 17:26 … (+8),16,456,البقرة,2
وَدَّ,987,1013,No,2,2:109,2:109 · 4:102,2,6244,البقرة,2
كَثِيرٌ,988,1014,No,3,2:109,2:109 · 3:146 · 5:71,3,3466,البقرة,2
يَرُدُّونَكُمْ,989,1015,No,1,2:109,2:109,1,16828,البقرة,2
إِيمَانِكُمْ,990,1016,No,4,2:109,2:109 · 3:100 · 3:106 · 9:66,3,2213,البقرة,2
كُفَّارًا,991,1017,No,1,2:109,2:109,1,12910,البقرة,2
حَسَدًا,992,1018,No,1,2:109,2:109,1,10226,البقرة,2
أَنْفُسِهِمْ,993,1019,No,27,2:109,2:109 · 2:265 · 3:154 · 3:164 · 4:63 · 4:65 · 4:97 · 5:52 · 6:24 · 6:130 · 7:37 · 7:172 … (+15),19,334,البقرة,2
تَبَيَّنَ,994,1020,No,10,2:109,2:109 · 2:256 · 2:259 · 4:115 · 8:6 · 9:113 · 9:114 · 29:38 · 47:25 · 47:32,6,923,البقرة,2
لَهُمُ,995,1021,No,48,2:109,2:109 · 2:170 · 2:243 · 2:246 · 3:173 · 4:64 · 4:102 · 4:154 · 5:75 · 6:43 · 6:82 · 7:157 … (+36),30,192,البقرة,2
فَاعْفُوا,996,1022,No,1,2:109,2:109,1,11983,البقرة,2
وَاصْفَحُوا,997,1023,No,1,2:109,2:109,1,14984,البقرة,2
يَأْتِيَ,998,1024,No,14,2:109,2:109 · 2:254 · 5:52 · 6:158 · 6:158 · 9:24 · 13:31 · 13:38 · 14:31 · 16:33 · 30:43 · 40:78 … (+2),11,685,البقرة,2
بِأَمْرِهِ,999,1025,No,12,2:109,2:109 · 7:54 · 9:24 · 14:32 · 16:12 · 21:27 · 21:81 · 22:65 · 30:25 · 30:46 · 38:36 · 45:12,10,772,البقرة,2
تُقَدِّمُوا,1000,1026,No,4,2:110,2:110 · 49:1 · 58:13 · 73:20,4,2379,البقرة,2
لِأَنْفُسِكُمْ,1001,1027,No,6,2:110,2:110 · 2:223 · 9:35 · 17:7 · 64:16 · 73:20,5,1634,البقرة,2
تَجِدُوهُ,1002,1028,No,2,2:110,2:110 · 73:20,2,4703,البقرة,2
يَدْخُلَ,1003,1029,No,1,2:111,2:111,1,16809,البقرة,2
هُودًا,1004,1030,No,6,2:111,2:111 · 2:135 · 2:140 · 7:65 · 11:50 · 11:58,3,1663,البقرة,2
نَصَارَى,1005,1031,No,5,2:111,2:111 · 2:135 · 2:140 · 5:14 · 5:82,2,2014,البقرة,2
تِلْكَ,1006,1032,No,28,2:111,2:111 · 2:134 · 2:141 · 2:187 · 2:196 · 2:229 · 2:252 · 2:253 · 3:108 · 4:13 · 7:101 · 10:1 … (+16),19,325,البقرة,2
أَمَانِيُّهُمْ,1007,1033,No,1,2:111,2:111,1,7366,البقرة,2
هَاتُوا,1008,1034,No,4,2:111,2:111 · 21:24 · 27:64 · 28:75,4,2653,البقرة,2
بُرْهَانَكُمْ,1009,1035,No,4,2:111,2:111 · 21:24 · 27:64 · 28:75,4,2305,البقرة,2
أَسْلَمَ,1010,1036,No,5,2:112,2:112 · 3:83 · 4:125 · 6:14 · 72:14,5,1741,البقرة,2
وَجْهَهُ,1011,1037,No,6,2:112,2:112 · 4:125 · 6:52 · 18:28 · 28:88 · 31:22,6,1679,البقرة,2
مُحْسِنٌ,1012,1038,No,4,2:112,2:112 · 4:125 · 31:22 · 37:113,4,2615,البقرة,2
فَلَهُ,1013,1039,No,10,2:112,2:112 · 2:178 · 2:275 · 5:94 · 6:160 · 17:110 · 18:88 · 22:34 · 27:89 · 28:84,8,945,البقرة,2
أَجْرُهُ,1014,1040,No,2,2:112,2:112 · 4:100,2,4005,البقرة,2
وَقَالَتِ,1015,1041,No,8,2:113,2:113 · 2:113 · 5:18 · 5:64 · 9:30 · 9:30 · 12:31 · 28:9,5,1233,البقرة,2
الْيَهُودُ,1016,1042,No,6,2:113,2:113 · 2:113 · 2:120 · 5:18 · 5:64 · 9:30,3,1519,البقرة,2
لَيْسَتِ,1017,1043,No,2,2:113,2:113 · 2:113,1,5704,البقرة,2
النَّصَارَى,1018,1044,No,4,2:113,2:113 · 2:113 · 2:120 · 9:30,2,2240,البقرة,2
يَتْلُونَ,1019,1045,No,5,2:113,2:113 · 3:113 · 22:72 · 35:29 · 39:71,5,2087,البقرة,2
مِثْلَ,1020,1046,No,17,2:113,2:113 · 2:118 · 3:73 · 5:31 · 6:93 · 6:124 · 8:31 · 10:102 · 23:81 · 28:48 · 28:79 · 40:30 … (+5),12,549,البقرة,2
قَوْلِهِمْ,1021,1047,No,2,2:113,2:113 · 2:118,1,5573,البقرة,2
فَاللَّهُ,1022,1048,No,6,2:113,2:113 · 4:135 · 4:141 · 9:13 · 12:64 · 42:9,5,1609,البقرة,2
يَحْكُمُ,1023,1049,No,10,2:113,2:113 · 4:141 · 5:1 · 5:44 · 5:95 · 13:41 · 22:56 · 22:69 · 39:3 · 60:10,7,972,البقرة,2
بَيْنَهُمْ,1024,1050,No,54,2:113,2:113 · 2:182 · 2:213 · 2:232 · 3:19 · 3:23 · 4:65 · 5:42 · 5:42 · 5:48 · 5:49 · 7:44 … (+42),29,171,البقرة,2
يَوْمَ,1025,1051,No,133,2:113,2:113 · 2:174 · 2:212 · 3:30 · 3:77 · 3:106 · 3:155 · 3:161 · 3:166 · 3:180 · 3:185 · 3:194 … (+121),54,65,البقرة,2
فِيمَا,1026,1052,No,24,2:113,2:113 · 2:213 · 2:229 · 2:234 · 2:235 · 3:55 · 3:66 · 3:66 · 4:24 · 4:65 · 5:93 · 7:190 … (+12),15,383,البقرة,2
يَخْتَلِفُونَ,1027,1053,No,10,2:113,2:113 · 10:19 · 10:93 · 16:39 · 16:124 · 27:76 · 32:25 · 39:3 · 39:46 · 45:17,7,973,البقرة,2
أَظْلَمُ,1028,1054,No,15,2:114,2:114 · 2:140 · 6:21 · 6:93 · 6:144 · 6:157 · 7:37 · 10:17 · 11:18 · 18:15 · 18:57 · 29:68 … (+3),10,590,البقرة,2
مِمَّنْ,1029,1055,No,21,2:114,2:114 · 2:140 · 2:143 · 2:282 · 3:26 · 4:125 · 5:18 · 6:157 · 11:48 · 11:116 · 17:70 · 18:57 … (+9),16,449,البقرة,2
مَنَعَ,1030,1056,No,3,2:114,2:114 · 17:94 · 18:55,3,3577,البقرة,2
مَسَاجِدَ,1031,1057,No,3,2:114,2:114 · 9:17 · 9:18,2,3558,البقرة,2
يُذْكَرَ,1032,1058,No,1,2:114,2:114,1,17339,البقرة,2
اسْمُهُ,1033,1059,No,5,2:114,2:114 · 3:45 · 19:7 · 24:36 · 61:6,5,1772,البقرة,2
وَسَعَى,1034,1060,No,2,2:114,2:114 · 17:19,2,6270,البقرة,2
خَرَابِهَا,1035,1061,No,1,2:114,2:114,1,10390,البقرة,2
يَدْخُلُوهَا,1036,1062,No,2,2:114,2:114 · 7:46,2,6498,البقرة,2
خَائِفِينَ,1037,1063,No,1,2:114,2:114,1,10354,البقرة,2
وَلِلَّهِ,1038,1064,No,27,2:115,2:115 · 3:97 · 3:109 · 3:129 · 3:180 · 3:189 · 4:126 · 4:131 · 4:132 · 5:17 · 5:18 · 7:180 … (+15),15,349,البقرة,2
الْمَشْرِقُ,1039,1065,No,2,2:115,2:115 · 2:142,1,4459,البقرة,2
وَالْمَغْرِبُ,1040,1066,No,2,2:115,2:115 · 2:142,1,6174,البقرة,2
فَأَيْنَمَا,1041,1067,No,1,2:115,2:115,1,11857,البقرة,2
تُوَلُّوا,1042,1068,No,3,2:115,2:115 · 2:177 · 21:57,2,3169,البقرة,2
فَثَمَّ,1043,1069,No,1,2:115,2:115,1,12137,البقرة,2
وَجْهُ,1044,1070,No,3,2:115,2:115 · 12:9 · 55:27,3,3745,البقرة,2
وَاسِعٌ,1045,1071,No,7,2:115,2:115 · 2:247 · 2:261 · 2:268 · 3:73 · 5:54 · 24:32,4,1411,البقرة,2
اتَّخَذَ,1046,1072,No,15,2:116,2:116 · 10:68 · 18:4 · 19:78 · 19:87 · 19:88 · 21:26 · 23:91 · 25:43 · 43:16 · 45:23 · 72:3 … (+3),13,600,البقرة,2
وَلَدًا,1047,1073,No,13,2:116,2:116 · 10:68 · 12:21 · 17:111 · 18:4 · 19:88 · 19:91 · 19:92 · 21:26 · 25:2 · 28:9 · 39:4 … (+1),11,741,البقرة,2
سُبْحَانَهُ,1048,1074,No,14,2:116,2:116 · 4:171 · 6:100 · 9:31 · 10:18 · 10:68 · 16:1 · 16:57 · 17:43 · 19:35 · 21:26 · 30:40 … (+2),11,671,البقرة,2
كُلٌّ,1049,1075,No,22,2:116,2:116 · 2:285 · 3:7 · 4:78 · 6:85 · 11:6 · 13:2 · 17:84 · 20:135 · 21:33 · 21:85 · 21:93 … (+10),18,425,البقرة,2
قَانِتُونَ,1050,1076,No,2,2:116,2:116 · 30:26,2,5542,البقرة,2
بَدِيعُ,1051,1077,No,2,2:117,2:117 · 6:101,2,4526,البقرة,2
قَضَى,1052,1078,No,10,2:117,2:117 · 3:47 · 6:2 · 19:35 · 28:29 · 33:23 · 33:36 · 33:37 · 39:42 · 40:68,8,947,البقرة,2
أَمْرًا,1053,1079,No,17,2:117,2:117 · 3:47 · 8:42 · 8:44 · 12:18 · 12:83 · 18:69 · 19:21 · 19:35 · 27:32 · 33:36 · 40:68 … (+5),14,529,البقرة,2
فَإِنَّمَا,1054,1080,No,30,2:117,2:117 · 2:137 · 2:181 · 3:20 · 3:47 · 4:111 · 10:108 · 10:108 · 13:40 · 16:82 · 17:15 · 17:15 … (+18),23,308,البقرة,2
كُنْ,1055,1081,No,8,2:117,2:117 · 3:47 · 3:59 · 6:73 · 16:40 · 19:35 · 36:82 · 40:68,7,1202,البقرة,2
فَيَكُونُ,1056,1082,No,9,2:117,2:117 · 3:47 · 3:49 · 3:59 · 6:73 · 16:40 · 19:35 · 36:82 · 40:68,7,1063,البقرة,2
وَقَالَ,1057,1083,No,85,2:118,2:118 · 2:167 · 2:247 · 2:248 · 4:118 · 5:12 · 5:72 · 6:128 · 7:20 · 7:79 · 7:90 · 7:93 … (+73),31,97,البقرة,2
لَوْلَا,1058,1084,No,38,2:118,2:118 · 4:77 · 5:63 · 6:8 · 6:37 · 7:43 · 7:203 · 8:68 · 10:20 · 11:12 · 12:24 · 12:94 … (+26),24,245,البقرة,2
يُكَلِّمُنَا,1059,1085,No,1,2:118,2:118,1,17504,البقرة,2
تَأْتِينَا,1060,1086,No,3,2:118,2:118 · 15:7 · 34:3,3,3107,البقرة,2
آيَةٌ,1061,1087,No,9,2:118,2:118 · 3:13 · 6:37 · 6:109 · 6:124 · 10:20 · 13:7 · 13:27 · 34:15,6,980,البقرة,2
قَبْلِهِمْ,1062,1088,No,36,2:118,2:118 · 3:11 · 6:6 · 6:148 · 8:52 · 8:54 · 9:70 · 10:39 · 10:102 · 12:109 · 13:42 · 16:26 … (+24),26,266,البقرة,2
تَشَابَهَتْ,1063,1089,No,1,2:118,2:118,1,9577,البقرة,2
قُلُوبُهُمْ,1064,1090,No,18,2:118,2:118 · 5:41 · 6:43 · 8:2 · 9:8 · 9:45 · 9:60 · 9:110 · 13:28 · 16:22 · 21:3 · 22:35 … (+6),12,518,البقرة,2
بَيَّنَّا,1065,1091,No,3,2:118,2:118 · 3:118 · 57:17,3,3059,البقرة,2
الْآيَاتِ,1066,1092,No,28,2:118,2:118 · 2:219 · 2:266 · 3:58 · 3:118 · 5:75 · 6:46 · 6:55 · 6:65 · 6:97 · 6:98 · 6:105 … (+16),14,322,البقرة,2
لِقَوْمٍ,1067,1093,No,51,2:118,2:118 · 2:164 · 2:230 · 5:41 · 5:50 · 6:97 · 6:98 · 6:99 · 6:105 · 6:126 · 7:32 · 7:52 … (+39),18,179,البقرة,2
أَرْسَلْنَاكَ,1068,1094,No,12,2:119,2:119 · 4:80 · 13:30 · 17:54 · 17:105 · 21:107 · 25:56 · 33:45 · 34:28 · 35:24 · 42:48 · 48:8,11,752,البقرة,2
بَشِيرًا,1069,1095,No,4,2:119,2:119 · 34:28 · 35:24 · 41:4,4,2297,البقرة,2
وَنَذِيرًا,1070,1096,No,8,2:119,2:119 · 17:105 · 25:56 · 33:45 · 34:28 · 35:24 · 41:4 · 48:8,8,1237,البقرة,2
تُسْأَلُ,1071,1097,No,1,2:119,2:119,1,9913,البقرة,2
أَصْحَابِ,1072,1098,No,10,2:119,2:119 · 5:29 · 7:47 · 35:6 · 39:8 · 46:16 · 56:90 · 56:91 · 60:13 · 67:10,9,901,البقرة,2
الْجَحِيمِ,1073,1099,No,17,2:119,2:119 · 5:10 · 5:86 · 9:113 · 22:51 · 37:23 · 37:55 · 37:64 · 37:68 · 37:97 · 37:163 · 40:7 … (+5),10,536,البقرة,2
تَرْضَى,1074,1100,No,2,2:120,2:120 · 20:130,2,4733,البقرة,2
عَنْكَ,1075,1101,No,8,2:120,2:120 · 4:61 · 5:110 · 9:43 · 19:42 · 45:19 · 50:22 · 94:2,8,1185,البقرة,2
تَتَّبِعَ,1076,1102,No,1,2:120,2:120,1,9371,البقرة,2
مِلَّتَهُمْ,1077,1103,No,1,2:120,2:120,1,14170,البقرة,2
هُدَى,1078,1104,No,5,2:120,2:120 · 3:73 · 6:71 · 6:88 · 39:23,4,2023,البقرة,2
الْهُدَى,1079,1105,No,22,2:120,2:120 · 2:185 · 3:73 · 4:115 · 6:35 · 6:71 · 6:71 · 7:193 · 7:198 · 17:94 · 18:55 · 18:57 … (+10),16,415,البقرة,2
وَلَئِنِ,1080,1106,No,3,2:120,2:120 · 2:145 · 13:37,2,3797,البقرة,2
اتَّبَعْتَ,1081,1107,No,3,2:120,2:120 · 2:145 · 13:37,2,2916,البقرة,2
أَهْوَاءَهُمْ,1082,1108,No,12,2:120,2:120 · 2:145 · 5:48 · 5:49 · 13:37 · 23:71 · 28:50 · 30:29 · 42:15 · 47:14 · 47:16 · 54:3,9,756,البقرة,2
بَعْدَ,1083,1109,No,54,2:120,2:120 · 2:164 · 2:178 · 2:259 · 3:8 · 3:80 · 3:82 · 3:86 · 3:90 · 3:100 · 3:106 · 4:165 … (+42),29,170,البقرة,2
جَاءَكَ,1084,1110,No,11,2:120,2:120 · 2:145 · 3:61 · 5:48 · 6:34 · 6:54 · 10:94 · 13:37 · 60:12 · 63:1 · 80:8,9,841,البقرة,2
الْعِلْمِ,1085,1111,No,12,2:120,2:120 · 2:145 · 2:247 · 3:7 · 3:18 · 3:61 · 4:162 · 13:37 · 17:85 · 19:43 · 40:83 · 53:30,8,763,البقرة,2
آتَيْنَاهُمُ,1086,1112,No,8,2:121,2:121 · 2:146 · 6:20 · 6:89 · 6:114 · 13:36 · 28:52 · 29:47,5,1110,البقرة,2
يَتْلُونَهُ,1087,1113,No,1,2:121,2:121,1,16733,البقرة,2
حَقَّ,1088,1114,No,14,2:121,2:121 · 3:102 · 6:91 · 7:30 · 22:18 · 22:74 · 22:78 · 28:63 · 32:13 · 36:7 · 39:19 · 39:67 … (+2),11,668,البقرة,2
تِلَاوَتِهِ,1089,1115,No,1,2:121,2:121,1,10024,البقرة,2
يَكْفُرْ,1090,1116,No,8,2:121,2:121 · 2:256 · 3:19 · 4:136 · 5:5 · 5:115 · 6:89 · 11:17,6,1252,البقرة,2
تَنْفَعُهَا,1091,1117,No,1,2:123,2:123,1,9793,البقرة,2
ابْتَلَى,1092,1118,No,1,2:124,2:124,1,7714,البقرة,2
إِبْرَاهِيمَ,1093,1119,No,47,2:124,2:124 · 2:125 · 2:125 · 2:130 · 2:133 · 2:135 · 2:136 · 2:140 · 2:258 · 3:33 · 3:65 · 3:84 … (+35),20,195,البقرة,2
رَبُّهُ,1094,1120,No,10,2:124,2:124 · 2:131 · 7:143 · 7:143 · 12:34 · 20:122 · 66:5 · 68:50 · 79:16 · 89:15,8,931,البقرة,2
بِكَلِمَاتٍ,1095,1121,No,1,2:124,2:124,1,9228,البقرة,2
فَأَتَمَّهُنَّ,1096,1122,No,1,2:124,2:124,1,11747,البقرة,2
جَاعِلُكَ,1097,1123,No,1,2:124,2:124,1,10077,البقرة,2
إِمَامًا,1098,1124,No,4,2:124,2:124 · 11:17 · 25:74 · 46:12,4,2212,البقرة,2
وَمِنْ,1099,1125,No,64,2:124,2:124 · 2:128 · 2:149 · 2:150 · 3:75 · 5:66 · 6:64 · 6:84 · 6:87 · 7:17 · 7:41 · 7:129 … (+52),31,138,البقرة,2
ذُرِّيَّتِي,1100,1126,No,4,2:124,2:124 · 14:37 · 14:40 · 46:15,3,2421,البقرة,2
يَنَالُ,1101,1127,No,1,2:124,2:124,1,17149,البقرة,2
عَهْدِي,1102,1128,No,1,2:124,2:124,1,11584,البقرة,2
جَعَلْنَا,1103,1129,No,29,2:125,2:125 · 2:143 · 4:33 · 4:91 · 5:48 · 6:112 · 6:123 · 7:27 · 11:82 · 15:16 · 17:18 · 17:33 … (+17),17,313,البقرة,2
الْبَيْتَ,1104,1130,No,4,2:125,2:125 · 2:158 · 5:2 · 5:97,2,2252,البقرة,2
مَثَابَةً,1105,1131,No,1,2:125,2:125,1,13651,البقرة,2
وَأَمْنًا,1106,1132,No,1,2:125,2:125,1,14774,البقرة,2
وَاتَّخِذُوا,1107,1133,No,1,2:125,2:125,1,14895,البقرة,2
مَقَامِ,1108,1134,No,1,2:125,2:125,1,13779,البقرة,2
مُصَلًّى,1109,1135,No,1,2:125,2:125,1,14024,البقرة,2
وَعَهِدْنَا,1110,1136,No,1,2:125,2:125,1,15865,البقرة,2
وَإِسْمَاعِيلَ,1111,1137,No,8,2:125,2:125 · 2:133 · 2:136 · 2:140 · 3:84 · 4:163 · 6:86 · 21:85,5,1224,البقرة,2
طَهِّرَا,1112,1138,No,1,2:125,2:125,1,11369,البقرة,2
بَيْتِيَ,1113,1139,No,3,2:125,2:125 · 22:26 · 71:28,3,3062,البقرة,2
لِلطَّائِفِينَ,1114,1140,No,2,2:125,2:125 · 22:26,2,5742,البقرة,2
وَالْعَاكِفِينَ,1115,1141,No,1,2:125,2:125,1,15180,البقرة,2
وَالرُّكَّعِ,1116,1142,No,2,2:125,2:125 · 22:26,2,6125,البقرة,2
السُّجُودِ,1117,1143,No,6,2:125,2:125 · 22:26 · 48:29 · 50:40 · 68:42 · 68:43,5,1489,البقرة,2
إِبْرَاهِيمُ,1118,1144,No,15,2:126,2:126 · 2:127 · 2:132 · 2:258 · 2:258 · 2:260 · 3:67 · 6:74 · 11:76 · 14:35 · 19:46 · 21:60 … (+3),9,597,البقرة,2
اجْعَلْ,1119,1145,No,6,2:126,2:126 · 2:260 · 3:41 · 7:138 · 14:35 · 19:10,5,1477,البقرة,2
بَلَدًا,1120,1146,No,1,2:126,2:126,1,8900,البقرة,2
آمِنًا,1121,1147,No,6,2:126,2:126 · 3:97 · 14:35 · 28:57 · 29:67 · 41:40,6,1449,البقرة,2
وَارْزُقْ,1122,1148,No,1,2:126,2:126,1,14935,البقرة,2
أَهْلَهُ,1123,1149,No,4,2:126,2:126 · 19:55 · 21:84 · 38:43,4,2192,البقرة,2
فَأُمَتِّعُهُ,1124,1150,No,1,2:126,2:126,1,11860,البقرة,2
أَضْطَرُّهُ,1125,1151,No,1,2:126,2:126,1,7175,البقرة,2
عَذَابِ,1126,1152,No,14,2:126,2:126 · 5:36 · 12:107 · 14:21 · 21:46 · 22:4 · 31:21 · 34:12 · 38:8 · 43:65 · 43:74 · 44:48 … (+2),12,673,البقرة,2
وَبِئْسَ,1127,1153,No,15,2:126,2:126 · 3:12 · 3:151 · 3:162 · 3:197 · 8:16 · 9:73 · 11:98 · 13:18 · 14:29 · 22:72 · 57:15 … (+3),12,636,البقرة,2
الْمَصِيرُ,1128,1154,No,23,2:126,2:126 · 2:285 · 3:28 · 3:162 · 5:18 · 8:16 · 9:73 · 22:48 · 22:72 · 24:42 · 24:57 · 31:14 … (+11),18,395,البقرة,2
يَرْفَعُ,1129,1155,No,1,2:127,2:127,1,16847,البقرة,2
الْقَوَاعِدَ,1130,1156,No,1,2:127,2:127,1,8535,البقرة,2
الْبَيْتِ,1131,1157,No,8,2:127,2:127 · 3:97 · 8:35 · 11:73 · 22:26 · 22:33 · 33:33 · 106:3,7,1142,البقرة,2
وَإِسْمَاعِيلُ,1132,1158,No,1,2:127,2:127,1,14867,البقرة,2
رَبَّنَا,1133,1159,No,72,2:127,2:127 · 2:128 · 2:129 · 2:200 · 2:201 · 2:250 · 2:285 · 2:286 · 2:286 · 2:286 · 3:8 · 3:9 … (+60),26,123,البقرة,2
تَقَبَّلْ,1134,1160,No,1,2:127,2:127,1,9684,البقرة,2
مِنَّا,1135,1161,No,33,2:127,2:127 · 2:167 · 5:59 · 7:72 · 7:126 · 7:155 · 11:9 · 11:38 · 11:48 · 11:48 · 11:58 · 11:66 … (+21),18,285,البقرة,2
السَّمِيعُ,1136,1162,No,19,2:127,2:127 · 2:137 · 3:35 · 5:76 · 6:13 · 6:115 · 8:61 · 10:65 · 12:34 · 17:1 · 21:4 · 26:220 … (+7),15,477,البقرة,2
وَاجْعَلْنَا,1137,1163,No,2,2:128,2:128 · 25:74,2,6105,البقرة,2
مُسْلِمَيْنِ,1138,1164,No,1,2:128,2:128,1,14013,البقرة,2
ذُرِّيَّتِنَا,1139,1165,No,1,2:128,2:128,1,10609,البقرة,2
أُمَّةً,1140,1166,No,14,2:128,2:128 · 2:143 · 2:213 · 5:48 · 10:19 · 11:118 · 16:93 · 16:120 · 21:92 · 23:44 · 23:52 · 28:23 … (+2),10,651,البقرة,2
مُسْلِمَةً,1141,1167,No,1,2:128,2:128,1,14012,البقرة,2
وَأَرِنَا,1142,1168,No,1,2:128,2:128,1,14677,البقرة,2
مَنَاسِكَنَا,1143,1169,No,1,2:128,2:128,1,13827,البقرة,2
وَتُبْ,1144,1170,No,1,2:128,2:128,1,15442,البقرة,2
وَابْعَثْ,1145,1171,No,2,2:129,2:129 · 26:36,2,6102,البقرة,2
فِيهِمْ,1146,1172,No,16,2:129,2:129 · 3:164 · 4:102 · 5:52 · 5:117 · 8:23 · 8:33 · 16:27 · 18:22 · 18:22 · 18:86 · 23:32 … (+4),12,582,البقرة,2
رَسُولًا,1147,1173,No,22,2:129,2:129 · 2:151 · 3:164 · 4:79 · 16:36 · 17:15 · 17:93 · 17:94 · 17:95 · 19:51 · 19:54 · 20:134 … (+10),15,418,البقرة,2
يَتْلُو,1148,1174,No,7,2:129,2:129 · 2:151 · 3:164 · 28:59 · 62:2 · 65:11 · 98:2,6,1434,البقرة,2
آيَاتِكَ,1149,1175,No,3,2:129,2:129 · 20:134 · 28:47,3,2826,البقرة,2
وَيُعَلِّمُهُمُ,1150,1176,No,3,2:129,2:129 · 3:164 · 62:2,3,3845,البقرة,2
وَالْحِكْمَةَ,1151,1177,No,9,2:129,2:129 · 2:151 · 2:251 · 3:48 · 3:164 · 4:54 · 4:113 · 5:110 · 62:2,5,1091,البقرة,2
وَيُزَكِّيهِمْ,1152,1178,No,3,2:129,2:129 · 3:164 · 62:2,3,3844,البقرة,2
الْعَزِيزُ,1153,1179,No,46,2:129,2:129 · 3:6 · 3:18 · 3:62 · 5:118 · 11:66 · 12:78 · 12:88 · 14:4 · 16:60 · 26:9 · 26:68 … (+34),29,202,البقرة,2
يَرْغَبُ,1154,1180,No,1,2:130,2:130,1,16845,البقرة,2
مِلَّةِ,1155,1181,No,1,2:130,2:130,1,14169,البقرة,2
سَفِهَ,1156,1182,No,1,2:130,2:130,1,10951,البقرة,2
نَفْسَهُ,1157,1183,No,7,2:130,2:130 · 2:207 · 2:231 · 3:28 · 3:30 · 4:110 · 65:1,4,1401,البقرة,2
وَلَقَدِ,1158,1184,No,5,2:130,2:130 · 6:10 · 13:32 · 21:41 · 44:32,5,2069,البقرة,2
اصْطَفَيْنَاهُ,1159,1185,No,1,2:130,2:130,1,7861,البقرة,2
وَإِنَّهُ,1160,1186,No,24,2:130,2:130 · 2:149 · 6:121 · 6:165 · 7:167 · 10:83 · 12:51 · 12:68 · 16:122 · 26:192 · 26:196 · 27:30 … (+12),14,385,البقرة,2
لَمِنَ,1161,1187,No,27,2:130,2:130 · 2:145 · 2:198 · 2:252 · 5:106 · 5:107 · 7:21 · 7:114 · 10:83 · 11:31 · 12:3 · 12:51 … (+15),16,345,البقرة,2
الصَّالِحِينَ,1162,1188,No,19,2:130,2:130 · 3:39 · 3:46 · 3:114 · 5:84 · 6:85 · 7:196 · 9:75 · 16:122 · 21:75 · 21:86 · 27:19 … (+7),14,479,البقرة,2
إِذْ,1163,1189,No,156,2:131,2:131 · 2:133 · 2:133 · 2:165 · 2:166 · 2:246 · 2:258 · 3:8 · 3:35 · 3:44 · 3:44 · 3:45 … (+144),44,52,البقرة,2
أَسْلِمْ,1164,1190,No,1,2:131,2:131,1,7110,البقرة,2
أَسْلَمْتُ,1165,1191,No,2,2:131,2:131 · 3:20,2,4058,البقرة,2
لِرَبِّ,1166,1192,No,4,2:131,2:131 · 6:71 · 40:66 · 83:6,4,2574,البقرة,2
وَوَصَّى,1167,1193,No,1,2:132,2:132,1,16361,البقرة,2
بَنِيهِ,1168,1194,No,1,2:132,2:132,1,8919,البقرة,2
وَيَعْقُوبُ,1169,1195,No,1,2:132,2:132,1,16460,البقرة,2
بَنِيَّ,1170,1196,No,3,2:132,2:132 · 12:67 · 12:87,2,3057,البقرة,2
اصْطَفَى,1171,1197,No,3,2:132,2:132 · 3:33 · 27:59,3,2921,البقرة,2
الدِّينَ,1172,1198,No,13,2:132,2:132 · 3:19 · 7:29 · 10:22 · 29:65 · 31:32 · 39:2 · 39:11 · 40:14 · 40:65 · 42:13 · 51:6 … (+1),11,700,البقرة,2
تَمُوتُنَّ,1173,1199,No,2,2:132,2:132 · 3:102,2,4785,البقرة,2
مُسْلِمُونَ,1174,1200,No,14,2:132,2:132 · 2:133 · 2:136 · 3:52 · 3:64 · 3:80 · 3:84 · 3:102 · 5:111 · 11:14 · 21:108 · 27:81 … (+2),8,677,البقرة,2
شُهَدَاءَ,1175,1201,No,10,2:133,2:133 · 2:143 · 3:140 · 4:135 · 5:8 · 5:44 · 6:144 · 22:78 · 24:4 · 24:13,7,936,البقرة,2
حَضَرَ,1176,1202,No,5,2:133,2:133 · 2:180 · 4:8 · 4:18 · 5:106,3,1876,البقرة,2
يَعْقُوبَ,1177,1203,No,5,2:133,2:133 · 11:71 · 12:6 · 12:68 · 19:6,4,2108,البقرة,2
الْمَوْتُ,1178,1204,No,11,2:133,2:133 · 2:180 · 4:15 · 4:18 · 4:78 · 4:100 · 5:106 · 6:61 · 14:17 · 23:99 · 63:10,7,829,البقرة,2
لِبَنِيهِ,1179,1205,No,1,2:133,2:133,1,13346,البقرة,2
بَعْدِي,1180,1206,No,4,2:133,2:133 · 7:150 · 38:35 · 61:6,4,2300,البقرة,2
إِلَهَكَ,1181,1207,No,1,2:133,2:133,1,7680,البقرة,2
وَإِلَهَ,1182,1208,No,1,2:133,2:133,1,14870,البقرة,2
آبَائِكَ,1183,1209,No,1,2:133,2:133,1,6699,البقرة,2
وَإِسْحَاقَ,1184,1210,No,9,2:133,2:133 · 2:136 · 2:140 · 3:84 · 4:163 · 12:6 · 12:38 · 14:39 · 38:45,6,1090,البقرة,2
إِلَهًا,1185,1211,No,16,2:133,2:133 · 7:138 · 7:140 · 9:31 · 15:96 · 17:22 · 17:39 · 18:14 · 23:117 · 25:68 · 26:29 · 26:213 … (+4),13,565,البقرة,2
وَاحِدًا,1186,1212,No,5,2:133,2:133 · 9:31 · 25:14 · 38:5 · 54:24,5,2034,البقرة,2
أُمَّةٌ,1187,1213,No,10,2:134,2:134 · 2:141 · 3:104 · 3:113 · 5:66 · 7:38 · 7:159 · 7:164 · 7:181 · 16:92,5,902,البقرة,2
خَلَتْ,1188,1214,No,13,2:134,2:134 · 2:141 · 3:137 · 3:144 · 5:75 · 7:38 · 13:6 · 13:30 · 15:13 · 40:85 · 41:25 · 46:18 … (+1),10,717,البقرة,2
لَهَا,1189,1215,No,41,2:134,2:134 · 2:141 · 2:256 · 2:286 · 4:176 · 6:70 · 8:61 · 11:28 · 14:26 · 15:44 · 17:19 · 18:7 … (+29),25,229,البقرة,2
كَسَبَتْ,1190,1216,No,16,2:134,2:134 · 2:141 · 2:225 · 2:281 · 2:286 · 3:25 · 3:161 · 6:70 · 6:158 · 13:33 · 14:51 · 30:41 … (+4),10,583,البقرة,2
كَسَبْتُمْ,1191,1217,No,3,2:134,2:134 · 2:141 · 2:267,1,3475,البقرة,2
تُسْأَلُونَ,1192,1218,No,5,2:134,2:134 · 2:141 · 21:13 · 34:25 · 43:44,4,1858,البقرة,2
تَهْتَدُوا,1193,1219,No,2,2:135,2:135 · 24:54,2,4796,البقرة,2
مِلَّةَ,1194,1220,No,8,2:135,2:135 · 3:95 · 4:125 · 6:161 · 12:37 · 12:38 · 16:123 · 22:78,7,1212,البقرة,2
حَنِيفًا,1195,1221,No,10,2:135,2:135 · 3:67 · 3:95 · 4:125 · 6:79 · 6:161 · 10:105 · 16:120 · 16:123 · 30:30,7,926,البقرة,2
قُولُوا,1196,1222,No,2,2:136,2:136 · 49:14,2,5588,البقرة,2
إِلَيْنَا,1197,1223,No,19,2:136,2:136 · 3:183 · 5:59 · 10:23 · 10:70 · 12:65 · 20:48 · 20:91 · 20:134 · 21:93 · 23:115 · 25:46 … (+7),14,476,البقرة,2
وَيَعْقُوبَ,1198,1224,No,10,2:136,2:136 · 2:140 · 3:84 · 4:163 · 6:84 · 12:38 · 19:49 · 21:72 · 29:27 · 38:45,9,967,البقرة,2
وَالْأَسْبَاطِ,1199,1225,No,3,2:136,2:136 · 3:84 · 4:163,3,3714,البقرة,2
أُوتِيَ,1200,1226,No,14,2:136,2:136 · 2:136 · 2:269 · 3:84 · 6:124 · 17:71 · 28:48 · 28:48 · 28:48 · 28:79 · 69:19 · 69:25 … (+2),7,652,البقرة,2
وَعِيسَى,1201,1227,No,7,2:136,2:136 · 3:84 · 4:163 · 5:78 · 6:85 · 33:7 · 42:13,7,1425,البقرة,2
النَّبِيُّونَ,1202,1228,No,2,2:136,2:136 · 5:44,2,4310,البقرة,2
نُفَرِّقُ,1203,1229,No,3,2:136,2:136 · 2:285 · 3:84,2,3643,البقرة,2
بِمِثْلِ,1204,1230,No,5,2:137,2:137 · 2:194 · 16:126 · 17:88 · 22:60,4,1838,البقرة,2
آمَنْتُمْ,1205,1231,No,8,2:137,2:137 · 7:76 · 7:123 · 8:41 · 10:51 · 10:84 · 20:71 · 26:49,6,1113,البقرة,2
فَقَدِ,1206,1232,No,7,2:137,2:137 · 2:256 · 3:20 · 4:48 · 4:112 · 31:22 · 33:58,5,1374,البقرة,2
اهْتَدَوْا,1207,1233,No,4,2:137,2:137 · 3:20 · 19:76 · 47:17,4,2295,البقرة,2
تَوَلَّوْا,1208,1234,No,20,2:137,2:137 · 2:246 · 3:20 · 3:32 · 3:63 · 3:64 · 3:155 · 4:89 · 5:49 · 8:20 · 8:40 · 9:92 … (+8),12,459,البقرة,2
شِقَاقٍ,1209,1235,No,4,2:137,2:137 · 2:176 · 22:53 · 41:52,3,2460,البقرة,2
فَسَيَكْفِيكَهُمُ,1210,1236,No,1,2:137,2:137,1,12241,البقرة,2
صِبْغَةَ,1211,1237,No,1,2:138,2:138,1,11290,البقرة,2
أَحْسَنُ,1212,1238,No,16,2:138,2:138 · 4:125 · 5:50 · 6:152 · 11:7 · 16:125 · 17:34 · 17:53 · 18:7 · 19:74 · 23:14 · 23:96 … (+4),13,559,البقرة,2
صِبْغَةً,1213,1239,No,1,2:138,2:138,1,11289,البقرة,2
عَابِدُونَ,1214,1240,No,4,2:138,2:138 · 23:47 · 109:3 · 109:5,3,2476,البقرة,2
أَتُحَاجُّونَنَا,1215,1241,No,1,2:139,2:139,1,6862,البقرة,2
رَبُّنَا,1216,1242,No,17,2:139,2:139 · 5:84 · 7:44 · 7:89 · 7:89 · 7:149 · 18:14 · 20:50 · 22:40 · 26:51 · 34:26 · 36:16 … (+5),13,544,البقرة,2
وَرَبُّكُمْ,1217,1243,No,5,2:139,2:139 · 3:51 · 19:36 · 42:15 · 43:64,5,2052,البقرة,2
وَلَنَا,1218,1244,No,1,2:139,2:139,1,16064,البقرة,2
أَعْمَالُنَا,1219,1245,No,3,2:139,2:139 · 28:55 · 42:15,3,2862,البقرة,2
أَعْمَالُكُمْ,1220,1246,No,4,2:139,2:139 · 28:55 · 42:15 · 49:2,4,2169,البقرة,2
مُخْلِصُونَ,1221,1247,No,1,2:139,2:139,1,13957,البقرة,2
وَالْأَسْبَاطَ,1222,1248,No,1,2:140,2:140,1,15113,البقرة,2
أَأَنْتُمْ,1223,1249,No,7,2:140,2:140 · 25:17 · 56:59 · 56:64 · 56:69 · 56:72 · 79:27,4,1261,البقرة,2
أَمِ,1224,1250,No,12,2:140,2:140 · 6:143 · 6:144 · 12:39 · 19:78 · 21:21 · 21:24 · 24:50 · 39:43 · 42:9 · 43:16 · 79:27,10,755,البقرة,2
كَتَمَ,1225,1251,No,1,2:140,2:140,1,12825,البقرة,2
شَهَادَةً,1226,1252,No,3,2:140,2:140 · 6:19 · 24:4,3,3296,البقرة,2
عِنْدَهُ,1227,1253,No,19,2:140,2:140 · 2:255 · 3:14 · 3:195 · 6:2 · 8:28 · 9:22 · 12:79 · 13:8 · 13:43 · 21:19 · 24:39 … (+7),15,494,البقرة,2
سَيَقُولُ,1228,1254,No,4,2:142,2:142 · 6:148 · 48:11 · 48:15,3,2447,البقرة,2
وَلَّاهُمْ,1229,1255,No,1,2:142,2:142,1,16087,البقرة,2
قِبْلَتِهِمُ,1230,1256,No,1,2:142,2:142,1,12753,البقرة,2
عَلَيْهَا,1231,1257,No,46,2:142,2:142 · 2:143 · 3:37 · 4:155 · 5:113 · 6:138 · 6:164 · 7:28 · 9:35 · 9:60 · 10:24 · 10:108 … (+34),34,204,البقرة,2
يَهْدِي,1232,1258,No,42,2:142,2:142 · 2:213 · 2:258 · 2:264 · 2:272 · 3:86 · 3:86 · 5:16 · 5:51 · 5:67 · 5:108 · 6:88 … (+30),21,223,البقرة,2
صِرَاطٍ,1233,1259,No,19,2:142,2:142 · 2:213 · 3:101 · 5:16 · 6:39 · 6:87 · 6:161 · 7:86 · 10:25 · 11:56 · 16:76 · 16:121 … (+7),15,493,البقرة,2
مُسْتَقِيمٍ,1234,1260,No,20,2:142,2:142 · 2:213 · 3:101 · 5:16 · 6:39 · 6:87 · 6:161 · 10:25 · 11:56 · 16:76 · 16:121 · 22:54 … (+8),15,471,البقرة,2
وَكَذَلِكَ,1235,1261,No,38,2:143,2:143 · 6:53 · 6:55 · 6:75 · 6:84 · 6:105 · 6:112 · 6:123 · 6:129 · 6:137 · 7:40 · 7:41 … (+26),18,247,البقرة,2
جَعَلْنَاكُمْ,1236,1262,No,2,2:143,2:143 · 10:14,2,4874,البقرة,2
وَسَطًا,1237,1263,No,1,2:143,2:143,1,15714,البقرة,2
لِتَكُونُوا,1238,1264,No,2,2:143,2:143 · 40:67,2,5718,البقرة,2
وَيَكُونَ,1239,1265,No,3,2:143,2:143 · 2:193 · 8:39,2,3840,البقرة,2
الرَّسُولُ,1240,1266,No,13,2:143,2:143 · 2:214 · 2:285 · 4:64 · 4:170 · 5:41 · 5:67 · 9:88 · 12:50 · 22:78 · 25:30 · 48:12 … (+1),9,701,البقرة,2
شَهِيدًا,1241,1267,No,20,2:143,2:143 · 4:33 · 4:41 · 4:72 · 4:79 · 4:159 · 4:166 · 5:117 · 10:29 · 13:43 · 16:84 · 16:89 … (+8),13,463,البقرة,2
الْقِبْلَةَ,1242,1268,No,1,2:143,2:143,1,8548,البقرة,2
كُنْتَ,1243,1269,No,35,2:143,2:143 · 3:44 · 3:44 · 3:159 · 4:102 · 5:117 · 7:70 · 7:77 · 7:106 · 7:106 · 10:94 · 11:32 … (+23),19,272,البقرة,2
لِنَعْلَمَ,1244,1270,No,3,2:143,2:143 · 18:12 · 34:21,3,3536,البقرة,2
يَتَّبِعُ,1245,1271,No,3,2:143,2:143 · 10:36 · 10:66,2,3858,البقرة,2
الرَّسُولَ,1246,1272,No,17,2:143,2:143 · 3:53 · 3:86 · 4:42 · 4:59 · 4:80 · 4:115 · 5:92 · 7:157 · 24:54 · 24:56 · 47:32 … (+5),11,533,البقرة,2
يَنْقَلِبُ,1247,1273,No,1,2:143,2:143,1,17180,البقرة,2
عَقِبَيْهِ,1248,1274,No,3,2:143,2:143 · 3:144 · 8:48,3,3339,البقرة,2
لَكَبِيرَةً,1249,1275,No,1,2:143,2:143,1,13148,البقرة,2
هَدَى,1250,1276,No,6,2:143,2:143 · 6:90 · 7:30 · 16:36 · 20:50 · 20:79,5,1661,البقرة,2
لِيُضِيعَ,1251,1277,No,1,2:143,2:143,1,13593,البقرة,2
إِيمَانَكُمْ,1252,1278,No,1,2:143,2:143,1,7700,البقرة,2
بِالنَّاسِ,1253,1279,No,3,2:143,2:143 · 17:60 · 22:65,3,3080,البقرة,2
لَرَءُوفٌ,1254,1280,No,5,2:143,2:143 · 16:7 · 16:47 · 22:65 · 57:9,4,1981,البقرة,2
رَحِيمٌ,1255,1281,No,59,2:143,2:143 · 2:173 · 2:182 · 2:192 · 2:199 · 2:218 · 2:226 · 3:31 · 3:89 · 3:129 · 4:25 · 5:3 … (+47),23,147,البقرة,2
تَقَلُّبَ,1256,1282,No,1,2:144,2:144,1,9687,البقرة,2
وَجْهِكَ,1257,1283,No,1,2:144,2:144,1,15518,البقرة,2
فَلَنُوَلِّيَنَّكَ,1258,1284,No,1,2:144,2:144,1,12398,البقرة,2
قِبْلَةً,1259,1285,No,2,2:144,2:144 · 10:87,2,5590,البقرة,2
تَرْضَاهَا,1260,1286,No,1,2:144,2:144,1,9510,البقرة,2
فَوَلِّ,1261,1287,No,3,2:144,2:144 · 2:149 · 2:150,1,3434,البقرة,2
وَجْهَكَ,1262,1288,No,6,2:144,2:144 · 2:149 · 2:150 · 10:105 · 30:30 · 30:43,3,1678,البقرة,2
شَطْرَ,1263,1289,No,3,2:144,2:144 · 2:149 · 2:150,1,3292,البقرة,2
الْمَسْجِدِ,1264,1290,No,12,2:144,2:144 · 2:149 · 2:150 · 2:191 · 2:196 · 5:2 · 8:34 · 9:7 · 9:19 · 17:1 · 17:1 · 48:25,6,766,البقرة,2
الْحَرَامِ,1265,1291,No,16,2:144,2:144 · 2:149 · 2:150 · 2:191 · 2:194 · 2:196 · 2:198 · 2:217 · 2:217 · 5:2 · 8:34 · 9:7 … (+4),7,567,البقرة,2
وَحَيْثُ,1266,1292,No,2,2:144,2:144 · 2:150,1,6235,البقرة,2
فَوَلُّوا,1267,1293,No,2,2:144,2:144 · 2:150,1,5510,البقرة,2
وُجُوهَكُمْ,1268,1294,No,6,2:144,2:144 · 2:150 · 2:177 · 5:6 · 7:29 · 17:7,4,1695,البقرة,2
شَطْرَهُ,1269,1295,No,2,2:144,2:144 · 2:150,1,5141,البقرة,2
لَيَعْلَمُونَ,1270,1296,No,1,2:144,2:144,1,13267,البقرة,2
وَلَئِنْ,1271,1297,No,30,2:145,2:145 · 3:157 · 3:158 · 4:73 · 9:65 · 11:7 · 11:8 · 11:9 · 11:10 · 12:32 · 14:7 · 16:126 … (+18),20,310,البقرة,2
أَتَيْتَ,1272,1298,No,1,2:145,2:145,1,6852,البقرة,2
تَبِعُوا,1273,1299,No,1,2:145,2:145,1,9342,البقرة,2
قِبْلَتَكَ,1274,1300,No,1,2:145,2:145,1,12751,البقرة,2
بِتَابِعٍ,1275,1301,No,2,2:145,2:145 · 2:145,1,4627,البقرة,2
قِبْلَتَهُمْ,1276,1302,No,1,2:145,2:145,1,12752,البقرة,2
قِبْلَةَ,1277,1303,No,1,2:145,2:145,1,12750,البقرة,2
إِذًا,1278,1304,No,26,2:145,2:145 · 4:140 · 5:106 · 5:107 · 6:56 · 7:90 · 10:106 · 11:31 · 12:14 · 12:79 · 15:8 · 17:42 … (+14),18,352,البقرة,2
يَعْرِفُونَهُ,1279,1305,No,2,2:146,2:146 · 6:20,2,6545,البقرة,2
يَعْرِفُونَ,1280,1306,No,4,2:146,2:146 · 6:20 · 7:46 · 16:83,4,2786,البقرة,2
أَبْنَاءَهُمْ,1281,1307,No,4,2:146,2:146 · 7:127 · 28:4 · 58:22,4,2146,البقرة,2
لَيَكْتُمُونَ,1282,1308,No,1,2:146,2:146,1,13270,البقرة,2
رَبِّكَ,1283,1309,No,116,2:147,2:147 · 2:149 · 3:60 · 5:64 · 5:67 · 5:68 · 6:106 · 6:114 · 6:115 · 6:126 · 6:158 · 6:158 … (+104),52,73,البقرة,2
تَكُونَنَّ,1284,1310,No,9,2:147,2:147 · 6:14 · 6:35 · 6:114 · 10:94 · 10:95 · 10:105 · 28:86 · 28:87,4,1026,البقرة,2
الْمُمْتَرِينَ,1285,1311,No,4,2:147,2:147 · 3:60 · 6:114 · 10:94,4,2286,البقرة,2
وَلِكُلٍّ,1286,1312,No,4,2:148,2:148 · 4:33 · 6:132 · 46:19,4,2733,البقرة,2
وِجْهَةٌ,1287,1313,No,1,2:148,2:148,1,16603,البقرة,2
مُوَلِّيهَا,1288,1314,No,1,2:148,2:148,1,14141,البقرة,2
فَاسْتَبِقُوا,1289,1315,No,2,2:148,2:148 · 5:48,2,5390,البقرة,2
الْخَيْرَاتِ,1290,1316,No,7,2:148,2:148 · 3:114 · 5:48 · 21:73 · 21:90 · 23:56 · 23:61,5,1295,البقرة,2
أَيْنَ,1291,1317,No,14,2:148,2:148 · 3:112 · 6:22 · 7:37 · 16:27 · 19:31 · 26:92 · 28:62 · 28:74 · 40:73 · 41:47 · 57:4 … (+2),13,650,البقرة,2
يَأْتِ,1292,1318,No,10,2:148,2:148 · 3:161 · 11:105 · 12:93 · 16:76 · 20:74 · 23:68 · 31:16 · 33:20 · 33:30,9,969,البقرة,2
خَرَجْتَ,1293,1319,No,2,2:149,2:149 · 2:150,1,4940,البقرة,2
لَلْحَقُّ,1294,1320,No,1,2:149,2:149,1,13160,البقرة,2
لِئَلَّا,1295,1321,No,3,2:150,2:150 · 4:165 · 57:29,3,3517,البقرة,2
يَكُونَ,1296,1322,No,17,2:150,2:150 · 4:165 · 4:171 · 4:172 · 6:145 · 7:185 · 8:67 · 15:31 · 17:51 · 17:93 · 27:72 · 28:67 … (+5),12,556,البقرة,2
حُجَّةٌ,1297,1323,No,2,2:150,2:150 · 4:165,2,4916,البقرة,2
تَخْشَوْهُمْ,1298,1324,No,2,2:150,2:150 · 5:3,2,4715,البقرة,2
وَاخْشَوْنِي,1299,1325,No,1,2:150,2:150,1,14917,البقرة,2
وَلِأُتِمَّ,1300,1326,No,1,2:150,2:150,1,16094,البقرة,2
نِعْمَتِي,1301,1327,No,3,2:150,2:150 · 5:3 · 5:110,2,3652,البقرة,2
وَلَعَلَّكُمْ,1302,1328,No,9,2:150,2:150 · 2:185 · 7:63 · 16:14 · 28:73 · 30:46 · 35:12 · 40:67 · 45:12,8,1098,البقرة,2
أَرْسَلْنَا,1303,1329,No,48,2:151,2:151 · 4:64 · 6:42 · 7:59 · 7:94 · 11:25 · 11:96 · 12:109 · 13:38 · 14:4 · 14:5 · 15:10 … (+36),29,187,البقرة,2
فِيكُمْ,1304,1330,No,11,2:151,2:151 · 5:20 · 6:94 · 8:66 · 9:8 · 9:47 · 9:123 · 10:16 · 33:20 · 49:7 · 59:11,9,863,البقرة,2
آيَاتِنَا,1305,1331,No,22,2:151,2:151 · 6:68 · 6:157 · 7:175 · 10:7 · 10:21 · 10:92 · 15:81 · 17:1 · 18:9 · 20:23 · 20:56 … (+10),14,409,البقرة,2
وَيُزَكِّيكُمْ,1306,1332,No,1,2:151,2:151,1,16542,البقرة,2
وَيُعَلِّمُكُمُ,1307,1333,No,2,2:151,2:151 · 2:282,1,6437,البقرة,2
وَيُعَلِّمُكُمْ,1308,1334,No,1,2:151,2:151,1,16559,البقرة,2
فَاذْكُرُونِي,1309,1335,No,1,2:152,2:152,1,11915,البقرة,2
أَذْكُرْكُمْ,1310,1336,No,1,2:152,2:152,1,7018,البقرة,2
وَاشْكُرُوا,1311,1337,No,5,2:152,2:152 · 2:172 · 16:114 · 29:17 · 34:15,4,2038,البقرة,2
لِي,1312,1338,No,59,2:152,2:152 · 2:186 · 3:38 · 3:40 · 3:41 · 3:47 · 3:79 · 5:116 · 5:116 · 7:151 · 9:49 · 10:15 … (+47),26,151,البقرة,2
تَكْفُرُونِ,1313,1339,No,1,2:152,2:152,1,9725,البقرة,2
اسْتَعِينُوا,1314,1340,No,2,2:153,2:153 · 7:128,2,4232,البقرة,2
الصَّابِرِينَ,1315,1341,No,10,2:153,2:153 · 2:155 · 2:249 · 3:17 · 3:142 · 3:146 · 8:46 · 8:66 · 21:85 · 37:102,5,909,البقرة,2
لِمَنْ,1316,1342,No,55,2:154,2:154 · 2:196 · 2:233 · 2:261 · 2:284 · 3:73 · 3:129 · 4:25 · 4:48 · 4:94 · 4:116 · 5:18 … (+43),34,168,البقرة,2
يُقْتَلُ,1317,1343,No,1,2:154,2:154,1,17497,البقرة,2
سَبِيلِ,1318,1344,No,72,2:154,2:154 · 2:190 · 2:195 · 2:217 · 2:218 · 2:244 · 2:246 · 2:246 · 2:261 · 2:262 · 2:273 · 3:13 … (+60),22,124,البقرة,2
أَمْوَاتٌ,1319,1345,No,2,2:154,2:154 · 16:21,2,4131,البقرة,2
أَحْيَاءٌ,1320,1346,No,2,2:154,2:154 · 3:169,2,4016,البقرة,2
تَشْعُرُونَ,1321,1347,No,4,2:154,2:154 · 26:113 · 39:55 · 49:2,4,2359,البقرة,2
وَلَنَبْلُوَنَّكُمْ,1322,1348,No,2,2:155,2:155 · 47:31,2,6351,البقرة,2
بِشَيْءٍ,1323,1349,No,6,2:155,2:155 · 2:255 · 5:94 · 13:14 · 26:30 · 40:20,5,1533,البقرة,2
الْخَوْفِ,1324,1350,No,2,2:155,2:155 · 4:83,2,4396,البقرة,2
وَالْجُوعِ,1325,1351,No,1,2:155,2:155,1,15153,البقرة,2
وَنَقْصٍ,1326,1352,No,2,2:155,2:155 · 7:130,2,6395,البقرة,2
الْأَمْوَالِ,1327,1353,No,3,2:155,2:155 · 17:64 · 57:20,3,2972,البقرة,2
وَالْأَنْفُسِ,1328,1354,No,1,2:155,2:155,1,15124,البقرة,2
وَالثَّمَرَاتِ,1329,1355,No,1,2:155,2:155,1,15008,البقرة,2
إِذَا,1330,1356,No,195,2:156,2:156 · 2:177 · 2:180 · 2:186 · 2:196 · 2:232 · 2:233 · 2:282 · 2:282 · 2:282 · 3:25 · 3:47 … (+183),65,40,البقرة,2
أَصَابَتْهُمْ,1331,1357,No,2,2:156,2:156 · 4:62,2,4066,البقرة,2
مُصِيبَةٌ,1332,1358,No,6,2:156,2:156 · 3:165 · 4:62 · 4:72 · 9:50 · 28:47,5,1651,البقرة,2
صَلَوَاتٌ,1333,1359,No,1,2:157,2:157,1,11260,البقرة,2
وَرَحْمَةٌ,1334,1360,No,11,2:157,2:157 · 2:178 · 3:157 · 6:157 · 7:154 · 7:203 · 9:61 · 10:57 · 17:82 · 27:77 · 45:20,9,880,البقرة,2
الْمُهْتَدُونَ,1335,1361,No,1,2:157,2:157,1,8715,البقرة,2
الصَّفَا,1336,1362,No,1,2:158,2:158,1,8078,البقرة,2
وَالْمَرْوَةَ,1337,1363,No,1,2:158,2:158,1,15221,البقرة,2
شَعَائِرِ,1338,1364,No,2,2:158,2:158 · 22:36,2,5143,البقرة,2
حَجَّ,1339,1365,No,1,2:158,2:158,1,10203,البقرة,2
أَوِ,1340,1366,No,16,2:158,2:158 · 3:167 · 4:12 · 4:66 · 4:71 · 4:83 · 4:135 · 6:146 · 8:32 · 12:9 · 17:110 · 24:31 … (+4),11,563,البقرة,2
اعْتَمَرَ,1341,1367,No,1,2:158,2:158,1,7879,البقرة,2
جُنَاحَ,1342,1368,No,16,2:158,2:158 · 2:229 · 2:230 · 2:233 · 2:233 · 2:234 · 2:235 · 2:236 · 2:240 · 4:23 · 4:24 · 4:102 … (+4),4,575,البقرة,2
يَطَّوَّفَ,1343,1369,No,1,2:158,2:158,1,16972,البقرة,2
بِهِمَا,1344,1370,No,3,2:158,2:158 · 4:135 · 24:2,3,3105,البقرة,2
تَطَوَّعَ,1345,1371,No,2,2:158,2:158 · 2:184,1,4751,البقرة,2
خَيْرًا,1346,1372,No,37,2:158,2:158 · 2:180 · 2:184 · 2:269 · 3:110 · 3:180 · 4:19 · 4:46 · 4:66 · 4:149 · 4:170 · 4:171 … (+25),21,256,البقرة,2
شَاكِرٌ,1347,1373,No,1,2:158,2:158,1,11100,البقرة,2
يَكْتُمُونَ,1348,1374,No,5,2:159,2:159 · 2:174 · 3:167 · 4:42 · 5:61,4,2114,البقرة,2
وَالْهُدَى,1349,1375,No,1,2:159,2:159,1,15255,البقرة,2
بَيَّنَّاهُ,1350,1376,No,1,2:159,2:159,1,8925,البقرة,2
يَلْعَنُهُمُ,1351,1377,No,1,2:159,2:159,1,17121,البقرة,2
وَيَلْعَنُهُمُ,1352,1378,No,1,2:159,2:159,1,16476,البقرة,2
اللَّاعِنُونَ,1353,1379,No,1,2:159,2:159,1,8129,البقرة,2
تَابُوا,1354,1380,No,10,2:160,2:160 · 3:89 · 4:146 · 5:34 · 7:153 · 9:5 · 9:11 · 16:119 · 24:5 · 40:7,9,922,البقرة,2
وَأَصْلَحُوا,1355,1381,No,5,2:160,2:160 · 3:89 · 4:146 · 16:119 · 24:5,5,2025,البقرة,2
وَبَيَّنُوا,1356,1382,No,1,2:160,2:160,1,15310,البقرة,2
أَتُوبُ,1357,1383,No,1,2:160,2:160,1,6870,البقرة,2
وَأَنَا,1358,1384,No,18,2:160,2:160 · 3:81 · 6:163 · 7:68 · 7:143 · 10:41 · 10:90 · 11:35 · 11:72 · 12:59 · 12:72 · 20:13 … (+6),13,522,البقرة,2
وَمَاتُوا,1359,1385,No,4,2:161,2:161 · 3:91 · 9:84 · 9:125,3,2738,البقرة,2
كُفَّارٌ,1360,1386,No,4,2:161,2:161 · 3:91 · 4:18 · 47:34,4,2554,البقرة,2
لَعْنَةُ,1361,1387,No,3,2:161,2:161 · 7:44 · 11:18,3,3502,البقرة,2
وَالْمَلَائِكَةِ,1362,1388,No,4,2:161,2:161 · 2:177 · 3:87 · 17:92,3,2699,البقرة,2
وَالنَّاسِ,1363,1389,No,5,2:161,2:161 · 3:87 · 11:119 · 32:13 · 114:6,5,2041,البقرة,2
أَجْمَعِينَ,1364,1390,No,23,2:161,2:161 · 3:87 · 6:149 · 7:18 · 7:124 · 11:119 · 12:93 · 15:39 · 15:43 · 15:59 · 15:92 · 16:9 … (+11),16,390,البقرة,2
خَالِدِينَ,1365,1391,No,43,2:162,2:162 · 3:15 · 3:88 · 3:136 · 3:198 · 4:13 · 4:57 · 4:122 · 4:169 · 5:85 · 5:119 · 6:128 … (+31),26,215,البقرة,2
يُنْظَرُونَ,1366,1392,No,6,2:162,2:162 · 3:88 · 6:8 · 16:85 · 21:40 · 32:29,6,1724,البقرة,2
وَإِلَهُكُمْ,1367,1393,No,2,2:163,2:163 · 29:46,2,6096,البقرة,2
إِلَهٌ,1368,1394,No,18,2:163,2:163 · 4:171 · 5:73 · 6:19 · 6:46 · 14:52 · 16:22 · 16:51 · 18:110 · 21:29 · 21:108 · 22:34 … (+6),13,507,البقرة,2
وَاحِدٌ,1369,1395,No,12,2:163,2:163 · 4:171 · 5:73 · 6:19 · 14:52 · 16:22 · 16:51 · 18:110 · 21:108 · 22:34 · 29:46 · 41:6,11,802,البقرة,2
إِلَهَ,1370,1396,No,37,2:163,2:163 · 2:255 · 3:2 · 3:6 · 3:18 · 3:18 · 4:87 · 6:102 · 6:106 · 7:158 · 9:31 · 9:129 … (+25),24,250,البقرة,2
الرَّحْمَنُ,1371,1397,No,21,2:163,2:163 · 19:61 · 19:75 · 19:88 · 19:96 · 20:5 · 20:90 · 20:109 · 21:26 · 21:112 · 25:59 · 25:60 … (+9),11,435,البقرة,2
خَلْقِ,1372,1398,No,5,2:164,2:164 · 3:190 · 3:191 · 40:57 · 67:3,4,1890,البقرة,2
وَاخْتِلَافِ,1373,1399,No,3,2:164,2:164 · 3:190 · 45:5,3,3691,البقرة,2
اللَّيْلِ,1374,1400,No,30,2:164,2:164 · 2:187 · 3:27 · 3:113 · 3:190 · 6:13 · 10:6 · 10:27 · 11:81 · 11:114 · 15:65 · 17:12 … (+18),21,305,البقرة,2
وَالنَّهَارِ,1375,1401,No,13,2:164,2:164 · 2:274 · 3:190 · 6:13 · 10:6 · 21:42 · 23:80 · 30:23 · 34:33 · 41:38 · 45:5 · 91:3 … (+1),12,735,البقرة,2
وَالْفُلْكِ,1376,1402,No,1,2:164,2:164,1,15205,البقرة,2
الْبَحْرِ,1377,1403,No,14,2:164,2:164 · 5:96 · 7:163 · 14:32 · 17:66 · 17:67 · 18:61 · 18:63 · 18:79 · 20:77 · 22:65 · 31:31 … (+2),11,657,البقرة,2
يَنْفَعُ,1378,1404,No,8,2:164,2:164 · 5:119 · 6:158 · 13:17 · 26:88 · 30:57 · 32:29 · 40:52,8,1254,البقرة,2
مَاءٍ,1379,1405,No,7,2:164,2:164 · 14:16 · 24:45 · 32:8 · 47:15 · 77:20 · 86:6,7,1386,البقرة,2
فَأَحْيَا,1380,1406,No,4,2:164,2:164 · 16:65 · 29:63 · 45:5,4,2499,البقرة,2
مَوْتِهَا,1381,1407,No,11,2:164,2:164 · 2:259 · 16:65 · 29:63 · 30:19 · 30:24 · 30:50 · 35:9 · 39:42 · 45:5 · 57:17,8,870,البقرة,2
وَبَثَّ,1382,1408,No,3,2:164,2:164 · 4:1 · 31:10,3,3731,البقرة,2
دَابَّةٍ,1383,1409,No,12,2:164,2:164 · 6:38 · 11:6 · 11:56 · 16:49 · 16:61 · 24:45 · 29:60 · 31:10 · 35:45 · 42:29 · 45:4,10,781,البقرة,2
وَتَصْرِيفِ,1384,1410,No,2,2:164,2:164 · 45:5,2,6203,البقرة,2
الرِّيَاحِ,1385,1411,No,2,2:164,2:164 · 45:5,2,4272,البقرة,2
وَالسَّحَابِ,1386,1412,No,1,2:164,2:164,1,15033,البقرة,2
الْمُسَخَّرِ,1387,1413,No,1,2:164,2:164,1,8664,البقرة,2
لَآيَاتٍ,1388,1414,No,29,2:164,2:164 · 3:190 · 6:99 · 10:6 · 10:67 · 13:3 · 13:4 · 14:5 · 15:75 · 16:12 · 16:79 · 20:54 … (+17),19,317,البقرة,2
يَعْقِلُونَ,1389,1415,No,22,2:164,2:164 · 2:170 · 2:171 · 5:58 · 5:103 · 8:22 · 10:42 · 10:100 · 13:4 · 16:12 · 16:67 · 22:46 … (+10),15,431,البقرة,2
يَتَّخِذُ,1390,1416,No,2,2:165,2:165 · 9:98,2,6475,البقرة,2
يُحِبُّونَهُمْ,1391,1417,No,1,2:165,2:165,1,17290,البقرة,2
كَحُبِّ,1392,1418,No,1,2:165,2:165,1,12832,البقرة,2
حُبًّا,1393,1419,No,3,2:165,2:165 · 12:30 · 89:20,3,3210,البقرة,2
يَرَى,1394,1420,No,5,2:165,2:165 · 53:12 · 53:35 · 79:36 · 96:14,4,2096,البقرة,2
يَرَوْنَ,1395,1421,No,8,2:165,2:165 · 9:126 · 20:89 · 21:44 · 25:22 · 25:42 · 46:35 · 76:13,7,1244,البقرة,2
الْعَذَابَ,1396,1422,No,28,2:165,2:165 · 2:166 · 3:106 · 4:56 · 6:30 · 7:39 · 8:35 · 10:54 · 10:70 · 10:88 · 10:97 · 11:8 … (+16),24,323,البقرة,2
الْقُوَّةَ,1397,1423,No,1,2:165,2:165,1,8547,البقرة,2
وَأَنَّ,1398,1424,No,43,2:165,2:165 · 3:171 · 3:182 · 5:59 · 5:97 · 5:98 · 6:153 · 8:14 · 8:18 · 8:19 · 8:28 · 8:51 … (+31),20,218,البقرة,2
شَدِيدُ,1399,1425,No,15,2:165,2:165 · 2:196 · 2:211 · 3:11 · 5:2 · 5:98 · 8:13 · 8:25 · 8:48 · 8:52 · 13:13 · 40:22 … (+3),8,617,البقرة,2
تَبَرَّأَ,1400,1426,No,2,2:166,2:166 · 9:114,2,4693,البقرة,2
اتُّبِعُوا,1401,1427,No,1,2:166,2:166,1,7745,البقرة,2
اتَّبَعُوا,1402,1428,No,5,2:166,2:166 · 2:167 · 47:3 · 47:3 · 47:28,2,1766,البقرة,2
وَرَأَوُا,1403,1429,No,2,2:166,2:166 · 28:64,2,6247,البقرة,2
وَتَقَطَّعَتْ,1404,1430,No,1,2:166,2:166,1,15414,البقرة,2
بِهِمُ,1405,1431,No,5,2:166,2:166 · 4:42 · 16:45 · 34:9 · 48:29,5,1839,البقرة,2
الْأَسْبَابُ,1406,1432,No,1,2:166,2:166,1,8208,البقرة,2
كَرَّةً,1407,1433,No,3,2:167,2:167 · 26:102 · 39:58,3,3472,البقرة,2
فَنَتَبَرَّأَ,1408,1434,No,1,2:167,2:167,1,12456,البقرة,2
تَبَرَّءُوا,1409,1435,No,1,2:167,2:167,1,9328,البقرة,2
يُرِيهِمُ,1410,1436,No,1,2:167,2:167,1,17352,البقرة,2
أَعْمَالَهُمْ,1411,1437,No,17,2:167,2:167 · 8:48 · 11:15 · 11:111 · 16:63 · 27:4 · 27:24 · 29:38 · 33:19 · 46:19 · 47:1 · 47:4 … (+5),10,528,البقرة,2
حَسَرَاتٍ,1412,1438,No,2,2:167,2:167 · 35:8,2,4902,البقرة,2
بِخَارِجِينَ,1413,1439,No,2,2:167,2:167 · 5:37,2,4635,البقرة,2
حَلَالًا,1414,1440,No,4,2:168,2:168 · 5:88 · 8:69 · 16:114,4,2397,البقرة,2
طَيِّبًا,1415,1441,No,6,2:168,2:168 · 4:43 · 5:6 · 5:88 · 8:69 · 16:114,5,1589,البقرة,2
تَتَّبِعُوا,1416,1442,No,8,2:168,2:168 · 2:208 · 4:135 · 5:77 · 6:142 · 6:153 · 7:3 · 24:21,6,1159,البقرة,2
خُطُوَاتِ,1417,1443,No,5,2:168,2:168 · 2:208 · 6:142 · 24:21 · 24:21,3,1892,البقرة,2
الشَّيْطَانِ,1418,1444,No,19,2:168,2:168 · 2:208 · 3:36 · 4:76 · 4:76 · 5:90 · 6:142 · 7:200 · 7:201 · 8:11 · 16:98 · 24:21 … (+7),13,478,البقرة,2
مُبِينٌ,1419,1445,No,45,2:168,2:168 · 2:208 · 5:15 · 5:110 · 6:7 · 6:142 · 7:22 · 7:107 · 7:184 · 10:2 · 10:76 · 11:7 … (+33),26,211,البقرة,2
بِالسُّوءِ,1420,1446,No,4,2:169,2:169 · 4:148 · 12:53 · 60:2,4,2315,البقرة,2
وَالْفَحْشَاءِ,1421,1447,No,1,2:169,2:169,1,15199,البقرة,2
وَأَنْ,1422,1448,No,22,2:169,2:169 · 2:184 · 2:237 · 2:280 · 4:23 · 4:25 · 4:127 · 5:3 · 6:72 · 7:33 · 7:33 · 7:185 … (+10),14,428,البقرة,2
اتَّبِعُوا,1423,1449,No,6,2:170,2:170 · 7:3 · 29:12 · 31:21 · 36:20 · 36:21,5,1476,البقرة,2
نَتَّبِعُ,1424,1450,No,3,2:170,2:170 · 26:40 · 31:21,3,3622,البقرة,2
أَلْفَيْنَا,1425,1451,No,1,2:170,2:170,1,7351,البقرة,2
آبَاءَنَا,1426,1452,No,10,2:170,2:170 · 5:104 · 7:28 · 7:95 · 10:78 · 21:53 · 26:74 · 31:21 · 43:22 · 43:23,8,894,البقرة,2
أَوَلَوْ,1427,1453,No,7,2:170,2:170 · 5:104 · 7:88 · 26:30 · 31:21 · 39:43 · 43:24,7,1271,البقرة,2
آبَاؤُهُمْ,1428,1454,No,4,2:170,2:170 · 5:104 · 11:109 · 36:6,4,2134,البقرة,2
يَهْتَدُونَ,1429,1455,No,10,2:170,2:170 · 4:98 · 5:104 · 16:16 · 21:31 · 23:49 · 27:24 · 27:41 · 28:64 · 32:3,9,975,البقرة,2
وَمَثَلُ,1430,1456,No,3,2:171,2:171 · 2:265 · 14:26,2,3813,البقرة,2
يَنْعِقُ,1431,1457,No,1,2:171,2:171,1,17171,البقرة,2
يَسْمَعُ,1432,1458,No,5,2:171,2:171 · 19:42 · 21:45 · 45:8 · 58:1,5,2101,البقرة,2
دُعَاءً,1433,1459,No,1,2:171,2:171,1,10545,البقرة,2
وَنِدَاءً,1434,1460,No,1,2:171,2:171,1,16326,البقرة,2
إِيَّاهُ,1435,1461,No,8,2:172,2:172 · 6:41 · 9:114 · 12:40 · 16:114 · 17:23 · 17:67 · 41:37,7,1130,البقرة,2
حَرَّمَ,1436,1462,No,17,2:173,2:173 · 3:93 · 5:72 · 6:119 · 6:143 · 6:144 · 6:150 · 6:151 · 6:151 · 7:32 · 7:33 · 9:29 … (+5),9,541,البقرة,2
الْمَيْتَةَ,1437,1463,No,2,2:173,2:173 · 16:115,2,4466,البقرة,2
وَالدَّمَ,1438,1464,No,3,2:173,2:173 · 7:133 · 16:115,3,3703,البقرة,2
وَلَحْمَ,1439,1465,No,2,2:173,2:173 · 16:115,2,6341,البقرة,2
الْخِنْزِيرِ,1440,1466,No,3,2:173,2:173 · 5:3 · 16:115,3,2991,البقرة,2
أُهِلَّ,1441,1467,No,4,2:173,2:173 · 5:3 · 6:145 · 16:115,4,2206,البقرة,2
لِغَيْرِ,1442,1468,No,4,2:173,2:173 · 5:3 · 6:145 · 16:115,4,2576,البقرة,2
فَمَنِ,1443,1469,No,15,2:173,2:173 · 2:178 · 2:194 · 3:94 · 5:3 · 5:94 · 6:145 · 7:35 · 10:108 · 16:115 · 20:123 · 23:7 … (+3),12,620,البقرة,2
اضْطُرَّ,1444,1470,No,4,2:173,2:173 · 5:3 · 6:145 · 16:115,4,2221,البقرة,2
بَاغٍ,1445,1471,No,3,2:173,2:173 · 6:145 · 16:115,3,3049,البقرة,2
عَادٍ,1446,1472,No,9,2:173,2:173 · 6:145 · 7:65 · 7:74 · 11:50 · 16:115 · 41:13 · 46:21 · 51:41,8,1051,البقرة,2
إِثْمَ,1447,1473,No,4,2:173,2:173 · 2:182 · 2:203 · 2:203,1,2207,البقرة,2
غَفُورٌ,1448,1474,No,51,2:173,2:173 · 2:182 · 2:192 · 2:199 · 2:218 · 2:225 · 2:226 · 2:235 · 3:31 · 3:89 · 3:129 · 3:155 … (+39),23,178,البقرة,2
وَيَشْتَرُونَ,1449,1475,No,1,2:174,2:174,1,16448,البقرة,2
يَأْكُلُونَ,1450,1476,No,7,2:174,2:174 · 2:275 · 4:10 · 4:10 · 21:8 · 36:33 · 36:72,4,1430,البقرة,2
بُطُونِهِمْ,1451,1477,No,3,2:174,2:174 · 4:10 · 22:20,3,3068,البقرة,2
يُكَلِّمُهُمُ,1452,1478,No,2,2:174,2:174 · 3:77,2,6678,البقرة,2
يُزَكِّيهِمْ,1453,1479,No,2,2:174,2:174 · 3:77,2,6641,البقرة,2
وَالْعَذَابَ,1454,1480,No,1,2:175,2:175,1,15183,البقرة,2
بِالْمَغْفِرَةِ,1455,1481,No,1,2:175,2:175,1,9063,البقرة,2
أَصْبَرَهُمْ,1456,1482,No,1,2:175,2:175,1,7150,البقرة,2
بِأَنَّ,1457,1483,No,14,2:176,2:176 · 4:138 · 5:82 · 8:53 · 9:111 · 22:6 · 22:61 · 22:62 · 31:30 · 33:47 · 47:3 · 47:11 … (+2),11,663,البقرة,2
نَزَّلَ,1458,1484,No,12,2:176,2:176 · 3:3 · 4:136 · 4:140 · 7:71 · 7:196 · 25:1 · 29:63 · 39:23 · 43:11 · 47:26 · 67:9,10,799,البقرة,2
اخْتَلَفُوا,1459,1485,No,9,2:176,2:176 · 2:213 · 2:213 · 2:253 · 4:157 · 10:93 · 16:64 · 16:124 · 45:17,5,1000,البقرة,2
لَفِي,1460,1486,No,29,2:176,2:176 · 3:164 · 4:157 · 11:62 · 11:110 · 12:8 · 12:95 · 13:5 · 14:9 · 15:72 · 22:53 · 26:97 … (+17),22,318,البقرة,2
بَعِيدٍ,1461,1487,No,12,2:176,2:176 · 14:3 · 22:53 · 25:12 · 27:22 · 34:52 · 34:53 · 41:44 · 41:52 · 42:18 · 50:27 · 50:31,9,769,البقرة,2
لَيْسَ,1462,1488,No,47,2:177,2:177 · 2:198 · 2:272 · 3:66 · 3:75 · 3:128 · 3:167 · 3:182 · 4:123 · 4:176 · 5:93 · 5:116 … (+35),23,199,البقرة,2
الْبِرَّ,1463,1489,No,4,2:177,2:177 · 2:177 · 2:189 · 3:92,2,2253,البقرة,2
قِبَلَ,1464,1490,No,2,2:177,2:177 · 27:37,2,5589,البقرة,2
الْمَشْرِقِ,1465,1491,No,4,2:177,2:177 · 2:258 · 26:28 · 73:9,3,2279,البقرة,2
وَالْمَغْرِبِ,1466,1492,No,3,2:177,2:177 · 26:28 · 73:9,3,3725,البقرة,2
وَالْكِتَابِ,1467,1493,No,6,2:177,2:177 · 3:184 · 4:136 · 4:136 · 43:2 · 44:2,5,1671,البقرة,2
وَالنَّبِيِّينَ,1468,1494,No,3,2:177,2:177 · 3:80 · 4:163,3,3710,البقرة,2
وَآتَى,1469,1495,No,3,2:177,2:177 · 2:177 · 9:18,2,3658,البقرة,2
الْمَالَ,1470,1496,No,2,2:177,2:177 · 89:20,2,4451,البقرة,2
حُبِّهِ,1471,1497,No,2,2:177,2:177 · 76:8,2,4915,البقرة,2
ذَوِي,1472,1498,No,1,2:177,2:177,1,10604,البقرة,2
وَالْمَسَاكِينَ,1473,1499,No,2,2:177,2:177 · 24:22,2,6172,البقرة,2
وَابْنَ,1474,1500,No,3,2:177,2:177 · 17:26 · 30:38,3,3690,البقرة,2
وَالسَّائِلِينَ,1475,1501,No,1,2:177,2:177,1,15029,البقرة,2
الرِّقَابِ,1476,1502,No,3,2:177,2:177 · 9:60 · 47:4,3,2940,البقرة,2
وَأَقَامَ,1477,1503,No,2,2:177,2:177 · 9:18,2,6057,البقرة,2
وَالْمُوفُونَ,1478,1504,No,1,2:177,2:177,1,15254,البقرة,2
بِعَهْدِهِمْ,1479,1505,No,1,2:177,2:177,1,9200,البقرة,2
وَالصَّابِرِينَ,1480,1506,No,4,2:177,2:177 · 22:35 · 33:35 · 47:31,4,2691,البقرة,2
الْبَأْسَاءِ,1481,1507,No,1,2:177,2:177,1,8289,البقرة,2
وَالضَّرَّاءِ,1482,1508,No,4,2:177,2:177 · 3:134 · 6:42 · 7:94,4,2692,البقرة,2
وَحِينَ,1483,1509,No,5,2:177,2:177 · 16:6 · 24:58 · 30:17 · 30:18,4,2048,البقرة,2
الْبَأْسِ,1484,1510,No,1,2:177,2:177,1,8290,البقرة,2
صَدَقُوا,1485,1511,No,5,2:177,2:177 · 9:43 · 29:3 · 33:23 · 47:21,5,1925,البقرة,2
الْمُتَّقُونَ,1486,1512,No,6,2:177,2:177 · 8:34 · 13:35 · 25:15 · 39:33 · 47:15,6,1517,البقرة,2
كُتِبَ,1487,1513,No,13,2:178,2:178 · 2:180 · 2:183 · 2:183 · 2:216 · 2:246 · 2:246 · 3:154 · 4:77 · 4:127 · 9:120 · 9:121 … (+1),5,726,البقرة,2
الْقِصَاصُ,1488,1514,No,1,2:178,2:178,1,8553,البقرة,2
الْقَتْلَى,1489,1515,No,1,2:178,2:178,1,8524,البقرة,2
الْحُرُّ,1490,1516,No,1,2:178,2:178,1,8383,البقرة,2
بِالْحُرِّ,1491,1517,No,1,2:178,2:178,1,9044,البقرة,2
وَالْعَبْدُ,1492,1518,No,1,2:178,2:178,1,15182,البقرة,2
بِالْعَبْدِ,1493,1519,No,1,2:178,2:178,1,9050,البقرة,2
وَالْأُنْثَى,1494,1520,No,4,2:178,2:178 · 53:45 · 75:39 · 92:3,4,2695,البقرة,2
بِالْأُنْثَى,1495,1521,No,2,2:178,2:178 · 16:58,2,4603,البقرة,2
عُفِيَ,1496,1522,No,1,2:178,2:178,1,11612,البقرة,2
أَخِيهِ,1497,1523,No,10,2:178,2:178 · 5:30 · 5:31 · 7:150 · 12:64 · 12:70 · 12:76 · 12:76 · 49:12 · 80:34,6,899,البقرة,2
شَيْءٌ,1498,1524,No,11,2:178,2:178 · 3:5 · 3:128 · 3:154 · 6:93 · 22:1 · 35:18 · 40:16 · 42:11 · 50:2 · 60:11,9,852,البقرة,2
فَاتِّبَاعٌ,1499,1525,No,1,2:178,2:178,1,11890,البقرة,2
بِالْمَعْرُوفِ,1500,1526,No,20,2:178,2:178 · 2:180 · 2:228 · 2:232 · 2:233 · 2:233 · 2:234 · 2:236 · 2:241 · 3:104 · 3:110 · 3:114 … (+8),7,457,البقرة,2
وَأَدَاءٌ,1501,1527,No,1,2:178,2:178,1,14663,البقرة,2
بِإِحْسَانٍ,1502,1528,No,3,2:178,2:178 · 2:229 · 9:100,2,3074,البقرة,2
تَخْفِيفٌ,1503,1529,No,1,2:178,2:178,1,9455,البقرة,2
اعْتَدَى,1504,1530,No,4,2:178,2:178 · 2:194 · 2:194 · 5:94,2,2222,البقرة,2
الْقِصَاصِ,1505,1531,No,1,2:179,2:179,1,8554,البقرة,2
حَيَاةٌ,1506,1532,No,1,2:179,2:179,1,10286,البقرة,2
أُولِي,1507,1533,No,16,2:179,2:179 · 2:197 · 4:83 · 4:95 · 5:100 · 9:113 · 17:5 · 24:22 · 24:31 · 28:76 · 35:1 · 38:45 … (+4),13,564,البقرة,2
الْأَلْبَابِ,1508,1534,No,16,2:179,2:179 · 2:197 · 2:269 · 3:7 · 3:190 · 5:100 · 12:111 · 13:19 · 14:52 · 38:29 · 38:43 · 39:9 … (+4),10,566,البقرة,2
أَحَدَكُمُ,1509,1535,No,4,2:180,2:180 · 5:106 · 6:61 · 63:10,4,2150,البقرة,2
تَرَكَ,1510,1536,No,12,2:180,2:180 · 2:248 · 4:7 · 4:7 · 4:11 · 4:11 · 4:12 · 4:33 · 4:176 · 4:176 · 16:61 · 35:45,4,777,البقرة,2
الْوَصِيَّةُ,1511,1537,No,1,2:180,2:180,1,8743,البقرة,2
لِلْوَالِدَيْنِ,1512,1538,No,1,2:180,2:180,1,13496,البقرة,2
وَالْأَقْرَبِينَ,1513,1539,No,3,2:180,2:180 · 2:215 · 4:135,2,3716,البقرة,2
حَقًّا,1514,1540,No,17,2:180,2:180 · 2:236 · 2:241 · 4:122 · 4:151 · 7:44 · 7:44 · 8:4 · 8:74 · 9:111 · 10:4 · 10:103 … (+5),11,542,البقرة,2
الْمُتَّقِينَ,1515,1541,No,23,2:180,2:180 · 2:194 · 2:241 · 3:76 · 5:27 · 9:4 · 9:7 · 9:36 · 9:123 · 15:45 · 16:30 · 16:31 … (+11),16,396,البقرة,2
بَدَّلَهُ,1516,1542,No,1,2:181,2:181,1,8845,البقرة,2
بَعْدَمَا,1517,1543,No,3,2:181,2:181 · 8:6 · 13:37,3,3052,البقرة,2
سَمِعَهُ,1518,1544,No,1,2:181,2:181,1,10985,البقرة,2
إِثْمُهُ,1519,1545,No,1,2:181,2:181,1,7639,البقرة,2
يُبَدِّلُونَهُ,1520,1546,No,1,2:181,2:181,1,17234,البقرة,2
سَمِيعٌ,1521,1547,No,20,2:181,2:181 · 2:224 · 2:227 · 2:244 · 2:256 · 3:34 · 3:121 · 7:200 · 8:17 · 8:53 · 9:98 · 9:103 … (+8),11,462,البقرة,2
خَافَ,1522,1548,No,5,2:182,2:182 · 11:103 · 14:14 · 55:46 · 79:40,5,1885,البقرة,2
مُوصٍ,1523,1549,No,1,2:182,2:182,1,14137,البقرة,2
جَنَفًا,1524,1550,No,1,2:182,2:182,1,10115,البقرة,2
إِثْمًا,1525,1551,No,7,2:182,2:182 · 3:178 · 4:48 · 4:50 · 4:111 · 4:112 · 5:107,4,1275,البقرة,2
فَأَصْلَحَ,1526,1552,No,1,2:182,2:182,1,11799,البقرة,2
الصِّيَامُ,1527,1553,No,1,2:183,2:183,1,8094,البقرة,2
مَعْدُودَاتٍ,1528,1554,No,3,2:184,2:184 · 2:203 · 3:24,2,3565,البقرة,2
مَرِيضًا,1529,1555,No,3,2:184,2:184 · 2:185 · 2:196,1,3556,البقرة,2
سَفَرٍ,1530,1556,No,5,2:184,2:184 · 2:185 · 2:283 · 4:43 · 5:6,3,1913,البقرة,2
فَعِدَّةٌ,1531,1557,No,2,2:184,2:184 · 2:185,1,5468,البقرة,2
أَيَّامٍ,1532,1558,No,18,2:184,2:184 · 2:185 · 2:196 · 2:203 · 3:41 · 5:89 · 7:54 · 10:3 · 11:7 · 11:65 · 22:28 · 25:59 … (+6),13,506,البقرة,2
أُخَرَ,1533,1559,No,2,2:184,2:184 · 2:185,1,4172,البقرة,2
يُطِيقُونَهُ,1534,1560,No,1,2:184,2:184,1,17431,البقرة,2
فِدْيَةٌ,1535,1561,No,2,2:184,2:184 · 57:15,2,5533,البقرة,2
طَعَامُ,1536,1562,No,3,2:184,2:184 · 5:95 · 44:44,3,3317,البقرة,2
مِسْكِينٍ,1537,1563,No,1,2:184,2:184,1,14165,البقرة,2
فَهُوَ,1538,1564,No,28,2:184,2:184 · 2:271 · 5:45 · 6:17 · 6:136 · 7:178 · 8:19 · 9:3 · 12:75 · 12:84 · 16:63 · 16:75 … (+16),21,326,البقرة,2
تَصُومُوا,1539,1565,No,1,2:184,2:184,1,9592,البقرة,2
شَهْرُ,1540,1566,No,1,2:185,2:185,1,11151,البقرة,2
رَمَضَانَ,1541,1567,No,1,2:185,2:185,1,10715,البقرة,2
الْقُرْآنُ,1542,1568,No,8,2:185,2:185 · 5:101 · 6:19 · 7:204 · 10:37 · 25:32 · 43:31 · 84:21,8,1146,البقرة,2
وَبَيِّنَاتٍ,1543,1569,No,1,2:185,2:185,1,15311,البقرة,2
وَالْفُرْقَانِ,1544,1570,No,1,2:185,2:185,1,15202,البقرة,2
شَهِدَ,1545,1571,No,4,2:185,2:185 · 3:18 · 41:20 · 43:86,4,2456,البقرة,2
مِنْكُمُ,1546,1572,No,2,2:185,2:185 · 24:59,2,5931,البقرة,2
الشَّهْرَ,1547,1573,No,2,2:185,2:185 · 5:2,2,4290,البقرة,2
فَلْيَصُمْهُ,1548,1574,No,1,2:185,2:185,1,12423,البقرة,2
يُرِيدُ,1549,1575,No,38,2:185,2:185 · 2:185 · 2:253 · 3:108 · 3:152 · 3:152 · 3:176 · 4:26 · 4:27 · 4:28 · 4:134 · 5:1 … (+26),21,249,البقرة,2
الْيُسْرَ,1550,1576,No,1,2:185,2:185,1,8762,البقرة,2
الْعُسْرَ,1551,1577,No,1,2:185,2:185,1,8462,البقرة,2
وَلِتُكْمِلُوا,1552,1578,No,1,2:185,2:185,1,16109,البقرة,2
الْعِدَّةَ,1553,1579,No,2,2:185,2:185 · 65:1,2,4416,البقرة,2
وَلِتُكَبِّرُوا,1554,1580,No,1,2:185,2:185,1,16108,البقرة,2
هَدَاكُمْ,1555,1581,No,4,2:185,2:185 · 2:198 · 22:37 · 49:17,3,2656,البقرة,2
سَأَلَكَ,1556,1582,No,1,2:186,2:186,1,10863,البقرة,2
عِبَادِي,1557,1583,No,8,2:186,2:186 · 15:42 · 15:49 · 17:65 · 18:102 · 23:109 · 25:17 · 89:29,7,1187,البقرة,2
عَنِّي,1558,1584,No,6,2:186,2:186 · 11:10 · 12:33 · 36:23 · 69:28 · 69:29,5,1597,البقرة,2
فَإِنِّي,1559,1585,No,6,2:186,2:186 · 5:115 · 11:3 · 18:63 · 27:11 · 52:31,6,1604,البقرة,2
قَرِيبٌ,1560,1586,No,8,2:186,2:186 · 2:214 · 7:56 · 11:61 · 11:64 · 34:50 · 42:17 · 61:13,6,1194,البقرة,2
أُجِيبُ,1561,1587,No,1,2:186,2:186,1,7556,البقرة,2
دَعْوَةَ,1562,1588,No,1,2:186,2:186,1,10525,البقرة,2
الدَّاعِ,1563,1589,No,3,2:186,2:186 · 54:6 · 54:8,2,2928,البقرة,2
دَعَانِ,1564,1590,No,1,2:186,2:186,1,10518,البقرة,2
فَلْيَسْتَجِيبُوا,1565,1591,No,2,2:186,2:186 · 7:194,2,5490,البقرة,2
وَلْيُؤْمِنُوا,1566,1592,No,1,2:186,2:186,1,16177,البقرة,2
بِي,1567,1593,No,11,2:186,2:186 · 5:111 · 7:61 · 7:67 · 12:100 · 19:47 · 22:26 · 24:55 · 29:8 · 31:15 · 46:9,10,834,البقرة,2
لَعَلَّهُمْ,1568,1594,No,41,2:186,2:186 · 2:187 · 2:221 · 3:72 · 6:42 · 6:51 · 6:65 · 6:69 · 6:154 · 7:26 · 7:94 · 7:130 … (+29),20,228,البقرة,2
يَرْشُدُونَ,1569,1595,No,1,2:186,2:186,1,16842,البقرة,2
أُحِلَّ,1570,1596,No,5,2:187,2:187 · 5:4 · 5:4 · 5:5 · 5:96,2,1756,البقرة,2
لَيْلَةَ,1571,1597,No,1,2:187,2:187,1,13292,البقرة,2
الصِّيَامِ,1572,1598,No,1,2:187,2:187,1,8095,البقرة,2
الرَّفَثُ,1573,1599,No,1,2:187,2:187,1,7972,البقرة,2
نِسَائِكُمْ,1574,1600,No,4,2:187,2:187 · 4:15 · 4:23 · 65:4,3,2649,البقرة,2
هُنَّ,1575,1601,No,7,2:187,2:187 · 3:7 · 11:78 · 39:38 · 39:38 · 58:2 · 60:10,6,1406,البقرة,2
لِبَاسٌ,1576,1602,No,2,2:187,2:187 · 2:187,1,5714,البقرة,2
لَهُنَّ,1577,1603,No,13,2:187,2:187 · 2:228 · 2:236 · 2:237 · 4:12 · 4:12 · 4:15 · 4:127 · 12:31 · 12:48 · 24:60 · 60:10 … (+1),5,727,البقرة,2
أَنَّكُمْ,1578,1604,No,14,2:187,2:187 · 2:203 · 2:223 · 2:235 · 6:81 · 9:2 · 9:3 · 23:35 · 23:35 · 23:114 · 43:39 · 51:23 … (+2),8,647,البقرة,2
تَخْتَانُونَ,1579,1605,No,1,2:187,2:187,1,9438,البقرة,2
وَعَفَا,1580,1606,No,1,2:187,2:187,1,15851,البقرة,2
فَالْآنَ,1581,1607,No,1,2:187,2:187,1,12004,البقرة,2
بَاشِرُوهُنَّ,1582,1608,No,1,2:187,2:187,1,8819,البقرة,2
وَابْتَغُوا,1583,1609,No,3,2:187,2:187 · 5:35 · 62:10,3,3689,البقرة,2
كَتَبَ,1584,1610,No,8,2:187,2:187 · 5:21 · 6:12 · 6:54 · 9:51 · 58:21 · 58:22 · 59:3,6,1199,البقرة,2
وَكُلُوا,1585,1611,No,5,2:187,2:187 · 5:88 · 7:31 · 7:161 · 67:15,4,2066,البقرة,2
يَتَبَيَّنَ,1586,1612,No,3,2:187,2:187 · 9:43 · 41:53,3,3855,البقرة,2
الْخَيْطُ,1587,1613,No,1,2:187,2:187,1,8422,البقرة,2
الْأَبْيَضُ,1588,1614,No,1,2:187,2:187,1,8189,البقرة,2
الْخَيْطِ,1589,1615,No,1,2:187,2:187,1,8423,البقرة,2
الْأَسْوَدِ,1590,1616,No,1,2:187,2:187,1,8213,البقرة,2
الْفَجْرِ,1591,1617,No,5,2:187,2:187 · 17:78 · 17:78 · 24:58 · 97:5,4,1807,البقرة,2
أَتِمُّوا,1592,1618,No,1,2:187,2:187,1,6871,البقرة,2
الصِّيَامَ,1593,1619,No,1,2:187,2:187,1,8093,البقرة,2
تُبَاشِرُوهُنَّ,1594,1620,No,1,2:187,2:187,1,9842,البقرة,2
عَاكِفُونَ,1595,1621,No,2,2:187,2:187 · 21:52,2,5261,البقرة,2
الْمَسَاجِدِ,1596,1622,No,1,2:187,2:187,1,8600,البقرة,2
حُدُودُ,1597,1623,No,6,2:187,2:187 · 2:229 · 2:230 · 4:13 · 58:4 · 65:1,4,1561,البقرة,2
تَقْرَبُوهَا,1598,1624,No,1,2:187,2:187,1,9704,البقرة,2
يُبَيِّنُ,1599,1625,No,12,2:187,2:187 · 2:219 · 2:242 · 2:266 · 3:103 · 4:176 · 5:15 · 5:19 · 5:89 · 24:58 · 24:59 · 24:61,5,809,البقرة,2
يَتَّقُونَ,1600,1626,No,18,2:187,2:187 · 6:32 · 6:51 · 6:69 · 6:69 · 7:156 · 7:164 · 7:169 · 8:56 · 9:115 · 10:6 · 10:63 … (+6),12,525,البقرة,2
تَأْكُلُوا,1601,1627,No,8,2:188,2:188 · 3:130 · 4:2 · 4:29 · 6:119 · 6:121 · 24:61 · 24:61,5,1157,البقرة,2
أَمْوَالَكُمْ,1602,1628,No,3,2:188,2:188 · 4:29 · 47:36,3,2870,البقرة,2
بَيْنَكُمْ,1603,1629,No,23,2:188,2:188 · 2:237 · 2:282 · 2:282 · 3:55 · 4:29 · 4:73 · 4:90 · 4:92 · 4:141 · 6:94 · 8:72 … (+11),13,398,البقرة,2
وَتُدْلُوا,1604,1630,No,1,2:188,2:188,1,15450,البقرة,2
الْحُكَّامِ,1605,1631,No,1,2:188,2:188,1,8388,البقرة,2
لِتَأْكُلُوا,1606,1632,No,2,2:188,2:188 · 16:14,2,5715,البقرة,2
أَمْوَالِ,1607,1633,No,2,2:188,2:188 · 30:39,2,4133,البقرة,2
يَسْأَلُونَكَ,1608,1634,No,9,2:189,2:189 · 2:215 · 2:217 · 2:219 · 5:4 · 7:187 · 7:187 · 8:1 · 79:42,5,1104,البقرة,2
عَنِ,1609,1635,No,70,2:189,2:189 · 2:217 · 2:219 · 2:220 · 2:222 · 3:97 · 3:104 · 3:110 · 3:114 · 3:134 · 3:185 · 4:107 … (+58),40,129,البقرة,2
الْأَهِلَّةِ,1610,1636,No,1,2:189,2:189,1,8259,البقرة,2
مَوَاقِيتُ,1611,1637,No,1,2:189,2:189,1,13851,البقرة,2
وَالْحَجِّ,1612,1638,No,1,2:189,2:189,1,15162,البقرة,2
وَلَيْسَ,1613,1639,No,5,2:189,2:189 · 3:36 · 33:5 · 46:32 · 58:10,5,2070,البقرة,2
الْبِرُّ,1614,1640,No,1,2:189,2:189,1,8319,البقرة,2
بِأَنْ,1615,1641,No,3,2:189,2:189 · 9:87 · 9:93,2,3071,البقرة,2
تَأْتُوا,1616,1642,No,1,2:189,2:189,1,9294,البقرة,2
الْبُيُوتَ,1617,1643,No,2,2:189,2:189 · 2:189,1,4371,البقرة,2
ظُهُورِهَا,1618,1644,No,1,2:189,2:189,1,11415,البقرة,2
مَنِ,1619,1645,No,21,2:189,2:189 · 2:249 · 3:97 · 5:16 · 10:38 · 11:13 · 15:18 · 15:42 · 17:15 · 17:64 · 19:87 · 20:47 … (+9),16,447,البقرة,2
اتَّقَى,1620,1646,No,5,2:189,2:189 · 2:203 · 4:77 · 7:35 · 53:32,4,1767,البقرة,2
وَأْتُوا,1621,1647,No,1,2:189,2:189,1,14851,البقرة,2
أَبْوَابِهَا,1622,1648,No,1,2:189,2:189,1,6823,البقرة,2
تُفْلِحُونَ,1623,1649,No,11,2:189,2:189 · 3:130 · 3:200 · 5:35 · 5:90 · 5:100 · 7:69 · 8:45 · 22:77 · 24:31 · 62:10,8,839,البقرة,2
وَقَاتِلُوا,1624,1650,No,3,2:190,2:190 · 2:244 · 9:36,2,3788,البقرة,2
يُقَاتِلُونَكُمْ,1625,1651,No,4,2:190,2:190 · 2:217 · 9:36 · 59:14,3,2806,البقرة,2
تَعْتَدُوا,1626,1652,No,3,2:190,2:190 · 5:2 · 5:87,2,3135,البقرة,2
يُحِبُّ,1627,1653,No,39,2:190,2:190 · 2:195 · 2:205 · 2:222 · 2:276 · 3:32 · 3:57 · 3:76 · 3:134 · 3:140 · 3:146 · 3:148 … (+27),18,240,البقرة,2
الْمُعْتَدِينَ,1628,1654,No,4,2:190,2:190 · 5:87 · 7:55 · 10:74,4,2282,البقرة,2
وَاقْتُلُوهُمْ,1629,1655,No,3,2:191,2:191 · 4:89 · 4:91,2,3702,البقرة,2
ثَقِفْتُمُوهُمْ,1630,1656,No,2,2:191,2:191 · 4:91,2,4849,البقرة,2
وَأَخْرِجُوهُمْ,1631,1657,No,1,2:191,2:191,1,14659,البقرة,2
أَخْرَجُوكُمْ,1632,1658,No,1,2:191,2:191,1,6980,البقرة,2
وَالْفِتْنَةُ,1633,1659,No,2,2:191,2:191 · 2:217,1,6166,البقرة,2
الْقَتْلِ,1634,1660,No,4,2:191,2:191 · 2:217 · 17:33 · 33:16,3,2272,البقرة,2
تُقَاتِلُوهُمْ,1635,1661,No,1,2:191,2:191,1,9962,البقرة,2
يُقَاتِلُوكُمْ,1636,1662,No,5,2:191,2:191 · 3:111 · 4:90 · 4:90 · 60:8,4,2129,البقرة,2
قَاتَلُوكُمْ,1637,1663,No,2,2:191,2:191 · 60:9,2,5537,البقرة,2
فَاقْتُلُوهُمْ,1638,1664,No,1,2:191,2:191,1,11992,البقرة,2
فَإِنِ,1639,1665,No,8,2:192,2:192 · 2:193 · 4:90 · 6:35 · 7:143 · 8:39 · 18:70 · 41:38,7,1189,البقرة,2
انْتَهَوْا,1640,1666,No,3,2:192,2:192 · 2:193 · 8:39,2,3042,البقرة,2
وَقَاتِلُوهُمْ,1641,1667,No,2,2:193,2:193 · 8:39,2,6316,البقرة,2
تَكُونَ,1642,1668,No,14,2:193,2:193 · 2:266 · 2:282 · 4:29 · 5:71 · 8:39 · 11:46 · 12:85 · 12:85 · 15:32 · 16:92 · 17:91 … (+2),10,666,البقرة,2
الدِّينُ,1643,1669,No,7,2:193,2:193 · 8:39 · 9:36 · 12:40 · 16:52 · 30:30 · 39:3,7,1281,البقرة,2
عُدْوَانَ,1644,1670,No,2,2:193,2:193 · 28:28,2,5306,البقرة,2
الشَّهْرُ,1645,1671,No,1,2:194,2:194,1,8056,البقرة,2
الْحَرَامُ,1646,1672,No,1,2:194,2:194,1,8356,البقرة,2
بِالشَّهْرِ,1647,1673,No,1,2:194,2:194,1,9017,البقرة,2
وَالْحُرُمَاتُ,1648,1674,No,1,2:194,2:194,1,15167,البقرة,2
قِصَاصٌ,1649,1675,No,2,2:194,2:194 · 5:45,2,5593,البقرة,2
فَاعْتَدُوا,1650,1676,No,1,2:194,2:194,1,11976,البقرة,2
وَاعْلَمُوا,1651,1677,No,18,2:194,2:194 · 2:196 · 2:203 · 2:223 · 2:231 · 2:233 · 2:235 · 2:235 · 2:244 · 2:267 · 8:24 · 8:25 … (+6),4,524,البقرة,2
وَأَنْفِقُوا,1652,1678,No,4,2:195,2:195 · 57:7 · 63:10 · 64:16,4,2675,البقرة,2
تُلْقُوا,1653,1679,No,1,2:195,2:195,1,9981,البقرة,2
بِأَيْدِيكُمْ,1654,1680,No,2,2:195,2:195 · 9:14,2,4593,البقرة,2
التَّهْلُكَةِ,1655,1681,No,1,2:195,2:195,1,7920,البقرة,2
وَأَحْسِنُوا,1656,1682,No,1,2:195,2:195,1,14637,البقرة,2
وَأَتِمُّوا,1657,1683,No,1,2:196,2:196,1,14617,البقرة,2
الْحَجَّ,1658,1684,No,2,2:196,2:196 · 2:197,1,4380,البقرة,2
وَالْعُمْرَةَ,1659,1685,No,1,2:196,2:196,1,15189,البقرة,2
أُحْصِرْتُمْ,1660,1686,No,1,2:196,2:196,1,7562,البقرة,2
اسْتَيْسَرَ,1661,1687,No,2,2:196,2:196 · 2:196,1,4238,البقرة,2
الْهَدْيِ,1662,1688,No,2,2:196,2:196 · 2:196,1,4490,البقرة,2
تَحْلِقُوا,1663,1689,No,1,2:196,2:196,1,9423,البقرة,2
رُءُوسَكُمْ,1664,1690,No,2,2:196,2:196 · 48:27,2,5039,البقرة,2
يَبْلُغَ,1665,1691,No,5,2:196,2:196 · 2:235 · 6:152 · 17:34 · 48:25,4,2083,البقرة,2
الْهَدْيُ,1666,1692,No,1,2:196,2:196,1,8730,البقرة,2
مَحِلَّهُ,1667,1693,No,2,2:196,2:196 · 48:25,2,5788,البقرة,2
أَذًى,1668,1694,No,7,2:196,2:196 · 2:222 · 2:262 · 2:263 · 3:111 · 3:186 · 4:102,3,1264,البقرة,2
رَأْسِهِ,1669,1695,No,3,2:196,2:196 · 12:41 · 44:48,3,3252,البقرة,2
فَفِدْيَةٌ,1670,1696,No,1,2:196,2:196,1,12335,البقرة,2
صِيَامٍ,1671,1697,No,1,2:196,2:196,1,11304,البقرة,2
صَدَقَةٍ,1672,1698,No,2,2:196,2:196 · 2:263,1,5186,البقرة,2
نُسُكٍ,1673,1699,No,1,2:196,2:196,1,14456,البقرة,2
فَإِذَا,1674,1700,No,86,2:196,2:196 · 2:198 · 2:200 · 2:222 · 2:234 · 2:239 · 3:159 · 4:6 · 4:25 · 4:81 · 4:102 · 4:103 … (+74),42,93,البقرة,2
أَمِنْتُمْ,1675,1701,No,4,2:196,2:196 · 2:239 · 17:69 · 67:17,3,2181,البقرة,2
تَمَتَّعَ,1676,1702,No,1,2:196,2:196,1,9746,البقرة,2
بِالْعُمْرَةِ,1677,1703,No,1,2:196,2:196,1,9056,البقرة,2
الْحَجِّ,1678,1704,No,4,2:196,2:196 · 2:196 · 2:197 · 9:3,2,2257,البقرة,2
يَجِدْ,1679,1705,No,7,2:196,2:196 · 4:92 · 4:100 · 4:123 · 5:89 · 58:4 · 72:9,5,1435,البقرة,2
فَصِيَامُ,1680,1706,No,4,2:196,2:196 · 4:92 · 5:89 · 58:4,4,2521,البقرة,2
ثَلَاثَةِ,1681,1707,No,2,2:196,2:196 · 5:89,2,4853,البقرة,2
وَسَبْعَةٍ,1682,1708,No,1,2:196,2:196,1,15708,البقرة,2
رَجَعْتُمْ,1683,1709,No,2,2:196,2:196 · 9:94,2,5020,البقرة,2
عَشَرَةٌ,1684,1710,No,1,2:196,2:196,1,11511,البقرة,2
كَامِلَةٌ,1685,1711,No,1,2:196,2:196,1,12815,البقرة,2
يَكُنْ,1686,1712,No,27,2:196,2:196 · 4:11 · 4:12 · 4:12 · 4:85 · 4:85 · 4:135 · 4:176 · 6:131 · 6:139 · 7:2 · 7:11 … (+15),14,350,البقرة,2
أَهْلُهُ,1687,1713,No,1,2:196,2:196,1,7481,البقرة,2
حَاضِرِي,1688,1714,No,1,2:196,2:196,1,10188,البقرة,2
الْعِقَابِ,1689,1715,No,16,2:196,2:196 · 2:211 · 3:11 · 5:2 · 5:98 · 6:165 · 7:167 · 8:13 · 8:25 · 8:48 · 8:52 · 13:6 … (+4),9,569,البقرة,2
الْحَجُّ,1690,1716,No,1,2:197,2:197,1,8354,البقرة,2
أَشْهُرٌ,1691,1717,No,1,2:197,2:197,1,7137,البقرة,2
مَعْلُومَاتٌ,1692,1718,No,1,2:197,2:197,1,13764,البقرة,2
فَرَضَ,1693,1719,No,4,2:197,2:197 · 28:85 · 33:38 · 66:2,4,2518,البقرة,2
فِيهِنَّ,1694,1720,No,9,2:197,2:197 · 4:127 · 5:120 · 9:36 · 17:44 · 23:71 · 55:56 · 55:70 · 71:16,8,1064,البقرة,2
رَفَثَ,1695,1721,No,1,2:197,2:197,1,10704,البقرة,2
فُسُوقَ,1696,1722,No,1,2:197,2:197,1,12571,البقرة,2
جِدَالَ,1697,1723,No,1,2:197,2:197,1,10167,البقرة,2
يَعْلَمْهُ,1698,1724,No,2,2:197,2:197 · 3:29,2,6549,البقرة,2
وَتَزَوَّدُوا,1699,1725,No,1,2:197,2:197,1,15384,البقرة,2
خَيْرَ,1700,1726,No,4,2:197,2:197 · 3:110 · 4:114 · 28:26,4,2409,البقرة,2
الزَّادِ,1701,1727,No,1,2:197,2:197,1,7987,البقرة,2
التَّقْوَى,1702,1728,No,6,2:197,2:197 · 7:26 · 9:108 · 22:37 · 48:26 · 74:56,6,1480,البقرة,2
وَاتَّقُونِ,1703,1729,No,1,2:197,2:197,1,14896,البقرة,2
جُنَاحٌ,1704,1730,No,9,2:198,2:198 · 2:282 · 4:101 · 5:93 · 24:29 · 24:58 · 24:60 · 24:61 · 33:5,5,1034,البقرة,2
تَبْتَغُوا,1705,1731,No,2,2:198,2:198 · 4:24,2,4697,البقرة,2
فَضْلًا,1706,1732,No,9,2:198,2:198 · 5:2 · 17:12 · 33:47 · 34:10 · 44:57 · 48:29 · 49:8 · 59:8,9,1060,البقرة,2
أَفَضْتُمْ,1707,1733,No,2,2:198,2:198 · 24:14,2,4096,البقرة,2
عَرَفَاتٍ,1708,1734,No,1,2:198,2:198,1,11489,البقرة,2
فَاذْكُرُوا,1709,1735,No,7,2:198,2:198 · 2:200 · 2:239 · 4:103 · 7:69 · 7:74 · 22:36,4,1370,البقرة,2
الْمَشْعَرِ,1710,1736,No,1,2:198,2:198,1,8606,البقرة,2
وَاذْكُرُوهُ,1711,1737,No,1,2:198,2:198,1,14923,البقرة,2
قَبْلِهِ,1712,1738,No,15,2:198,2:198 · 3:144 · 5:75 · 10:16 · 11:17 · 12:3 · 17:107 · 20:134 · 28:52 · 28:53 · 28:78 · 29:48 … (+3),13,622,البقرة,2
أَفِيضُوا,1713,1739,No,2,2:199,2:199 · 7:50,2,4100,البقرة,2
أَفَاضَ,1714,1740,No,1,2:199,2:199,1,7245,البقرة,2
وَاسْتَغْفِرُوا,1715,1741,No,3,2:199,2:199 · 11:90 · 73:20,3,3695,البقرة,2
قَضَيْتُمْ,1716,1742,No,1,2:200,2:200,1,12677,البقرة,2
مَنَاسِكَكُمْ,1717,1743,No,1,2:200,2:200,1,13826,البقرة,2
كَذِكْرِكُمْ,1718,1744,No,1,2:200,2:200,1,12843,البقرة,2
آبَاءَكُمْ,1719,1745,No,3,2:200,2:200 · 9:23 · 43:24,3,2814,البقرة,2
أَشَدَّ,1720,1746,No,9,2:200,2:200 · 4:77 · 5:82 · 9:69 · 30:9 · 35:44 · 40:21 · 40:46 · 43:8,8,987,البقرة,2
ذِكْرًا,1721,1747,No,10,2:200,2:200 · 18:70 · 18:83 · 20:99 · 20:113 · 33:41 · 37:3 · 37:168 · 65:10 · 77:5,7,929,البقرة,2
فَمِنَ,1722,1748,No,3,2:200,2:200 · 4:79 · 16:53,3,3430,البقرة,2
آتِنَا,1723,1749,No,4,2:200,2:200 · 2:201 · 18:10 · 18:62,2,2136,البقرة,2
حَسَنَةً,1724,1750,No,8,2:201,2:201 · 2:201 · 4:40 · 4:85 · 7:156 · 16:41 · 16:122 · 42:23,5,1167,البقرة,2
وَقِنَا,1725,1751,No,2,2:201,2:201 · 3:16,2,6327,البقرة,2
عَذَابَ,1726,1752,No,37,2:201,2:201 · 3:16 · 3:181 · 3:191 · 6:15 · 6:93 · 7:59 · 8:14 · 8:50 · 10:15 · 10:52 · 10:98 … (+25),21,257,البقرة,2
نَصِيبٌ,1727,1753,No,8,2:202,2:202 · 4:7 · 4:7 · 4:32 · 4:32 · 4:53 · 4:85 · 4:141,2,1216,البقرة,2
كَسَبُوا,1728,1754,No,15,2:202,2:202 · 2:264 · 3:155 · 4:88 · 6:70 · 10:27 · 14:18 · 18:58 · 35:45 · 39:48 · 39:51 · 39:51 … (+3),11,625,البقرة,2
سَرِيعُ,1729,1755,No,9,2:202,2:202 · 3:19 · 3:199 · 5:4 · 6:165 · 13:41 · 14:51 · 24:39 · 40:17,8,1042,البقرة,2
الْحِسَابِ,1730,1756,No,14,2:202,2:202 · 3:19 · 3:199 · 5:4 · 13:18 · 13:21 · 13:41 · 14:51 · 24:39 · 38:16 · 38:26 · 38:53 … (+2),8,658,البقرة,2
تَعَجَّلَ,1731,1757,No,1,2:203,2:203,1,9627,البقرة,2
يَوْمَيْنِ,1732,1758,No,3,2:203,2:203 · 41:9 · 41:12,2,3922,البقرة,2
تَأَخَّرَ,1733,1759,No,2,2:203,2:203 · 48:2,2,4678,البقرة,2
لِمَنِ,1734,1760,No,6,2:203,2:203 · 4:77 · 21:28 · 23:84 · 26:215 · 40:16,6,1637,البقرة,2
تُحْشَرُونَ,1735,1761,No,8,2:203,2:203 · 3:158 · 5:96 · 6:72 · 8:24 · 23:79 · 58:9 · 67:24,8,1162,البقرة,2
يُعْجِبُكَ,1736,1762,No,1,2:204,2:204,1,17457,البقرة,2
قَوْلُهُ,1737,1763,No,2,2:204,2:204 · 6:73,2,5572,البقرة,2
وَيُشْهِدُ,1738,1764,No,1,2:204,2:204,1,16551,البقرة,2
قَلْبِهِ,1739,1765,No,2,2:204,2:204 · 33:32,2,5565,البقرة,2
أَلَدُّ,1740,1766,No,1,2:204,2:204,1,7330,البقرة,2
الْخِصَامِ,1741,1767,No,2,2:204,2:204 · 43:18,2,4401,البقرة,2
تَوَلَّى,1742,1768,No,9,2:205,2:205 · 3:82 · 4:80 · 4:115 · 24:11 · 28:24 · 53:29 · 53:33 · 88:23,7,1027,البقرة,2
سَعَى,1743,1769,No,3,2:205,2:205 · 53:39 · 79:35,3,3273,البقرة,2
لِيُفْسِدَ,1744,1770,No,1,2:205,2:205,1,13600,البقرة,2
وَيُهْلِكَ,1745,1771,No,1,2:205,2:205,1,16583,البقرة,2
وَالنَّسْلَ,1746,1772,No,1,2:205,2:205,1,15089,البقرة,2
الْفَسَادَ,1747,1773,No,4,2:205,2:205 · 28:77 · 40:26 · 89:12,4,2269,البقرة,2
اتَّقِ,1748,1774,No,2,2:206,2:206 · 33:1,2,4214,البقرة,2
أَخَذَتْهُ,1749,1775,No,2,2:206,2:206 · 29:40,2,4020,البقرة,2
الْعِزَّةُ,1750,1776,No,3,2:206,2:206 · 35:10 · 63:8,3,2995,البقرة,2
فَحَسْبُهُ,1751,1777,No,1,2:206,2:206,1,12155,البقرة,2
جَهَنَّمُ,1752,1778,No,18,2:206,2:206 · 3:162 · 3:197 · 4:93 · 4:97 · 4:121 · 8:16 · 9:73 · 9:95 · 13:18 · 14:16 · 17:97 … (+6),14,510,البقرة,2
الْمِهَادُ,1753,1779,No,5,2:206,2:206 · 3:12 · 3:197 · 13:18 · 38:56,4,1818,البقرة,2
يَشْرِي,1754,1780,No,1,2:207,2:207,1,16933,البقرة,2
ابْتِغَاءَ,1755,1781,No,10,2:207,2:207 · 2:265 · 2:272 · 3:7 · 4:114 · 13:17 · 13:22 · 17:28 · 57:27 · 92:20,7,903,البقرة,2
مَرْضَاتِ,1756,1782,No,3,2:207,2:207 · 2:265 · 4:114,2,3557,البقرة,2
رَءُوفٌ,1757,1783,No,6,2:207,2:207 · 3:30 · 9:117 · 9:128 · 24:20 · 59:10,5,1568,البقرة,2
بِالْعِبَادِ,1758,1784,No,5,2:207,2:207 · 3:15 · 3:20 · 3:30 · 40:44,3,1831,البقرة,2
السِّلْمِ,1759,1785,No,1,2:208,2:208,1,8049,البقرة,2
كَافَّةً,1760,1786,No,5,2:208,2:208 · 9:36 · 9:36 · 9:122 · 34:28,3,1971,البقرة,2
زَلَلْتُمْ,1761,1787,No,1,2:209,2:209,1,10815,البقرة,2
جَاءَتْكُمُ,1762,1788,No,1,2:209,2:209,1,10062,البقرة,2
الْبَيِّنَاتُ,1763,1789,No,7,2:209,2:209 · 2:213 · 2:253 · 3:86 · 3:105 · 4:153 · 40:66,4,1293,البقرة,2
فَاعْلَمُوا,1764,1790,No,6,2:209,2:209 · 5:34 · 5:92 · 8:40 · 9:3 · 11:14,5,1607,البقرة,2
عَزِيزٌ,1765,1791,No,23,2:209,2:209 · 2:220 · 2:228 · 2:240 · 2:260 · 3:4 · 5:38 · 5:95 · 8:10 · 8:49 · 8:63 · 8:67 … (+11),12,402,البقرة,2
حَكِيمٌ,1766,1792,No,35,2:209,2:209 · 2:220 · 2:228 · 2:240 · 2:260 · 4:26 · 5:38 · 6:83 · 6:128 · 6:139 · 8:10 · 8:49 … (+23),15,270,البقرة,2
هَلْ,1767,1793,No,66,2:210,2:210 · 2:246 · 3:154 · 5:59 · 5:60 · 5:112 · 6:47 · 6:50 · 6:148 · 6:158 · 7:53 · 7:147 … (+54),38,135,البقرة,2
يَنْظُرُونَ,1768,1794,No,19,2:210,2:210 · 6:158 · 7:53 · 7:198 · 8:6 · 16:33 · 33:19 · 35:43 · 36:49 · 37:19 · 39:68 · 42:45 … (+7),16,502,البقرة,2
يَأْتِيَهُمُ,1769,1795,No,3,2:210,2:210 · 16:45 · 18:55,3,3851,البقرة,2
ظُلَلٍ,1770,1796,No,1,2:210,2:210,1,11407,البقرة,2
الْغَمَامِ,1771,1797,No,1,2:210,2:210,1,8483,البقرة,2
وَالْمَلَائِكَةُ,1772,1798,No,10,2:210,2:210 · 3:18 · 4:166 · 6:93 · 13:13 · 13:23 · 16:49 · 42:5 · 66:4 · 78:38,9,962,البقرة,2
وَقُضِيَ,1773,1799,No,5,2:210,2:210 · 10:54 · 11:44 · 39:69 · 39:75,4,2063,البقرة,2
الْأَمْرُ,1774,1800,No,12,2:210,2:210 · 6:8 · 6:58 · 11:44 · 11:123 · 12:41 · 13:31 · 14:22 · 19:39 · 30:4 · 47:21 · 65:12,10,761,البقرة,2
وَإِلَى,1775,1801,No,27,2:210,2:210 · 3:28 · 3:109 · 4:61 · 4:83 · 5:104 · 7:65 · 7:73 · 7:85 · 8:44 · 11:50 · 11:61 … (+15),18,348,البقرة,2
تُرْجَعُ,1776,1802,No,6,2:210,2:210 · 3:109 · 8:44 · 22:76 · 35:4 · 57:5,6,1551,البقرة,2
الْأُمُورُ,1777,1803,No,7,2:210,2:210 · 3:109 · 8:44 · 22:76 · 35:4 · 42:53 · 57:5,7,1291,البقرة,2
سَلْ,1778,1804,No,1,2:211,2:211,1,10975,البقرة,2
كَمْ,1779,1805,No,12,2:211,2:211 · 2:249 · 2:259 · 6:6 · 18:19 · 20:128 · 23:112 · 26:7 · 32:26 · 36:31 · 38:3 · 44:25,10,792,البقرة,2
آتَيْنَاهُمْ,1780,1806,No,8,2:211,2:211 · 16:55 · 29:66 · 30:34 · 34:44 · 34:45 · 35:40 · 43:21,7,1111,البقرة,2
بَيِّنَةٍ,1781,1807,No,9,2:211,2:211 · 6:57 · 8:42 · 8:42 · 11:17 · 11:28 · 11:63 · 11:88 · 47:14,5,1016,البقرة,2
يُبَدِّلْ,1782,1808,No,1,2:211,2:211,1,17235,البقرة,2
نِعْمَةَ,1783,1809,No,7,2:211,2:211 · 5:7 · 5:20 · 14:6 · 16:18 · 33:9 · 43:13,6,1405,البقرة,2
جَاءَتْهُ,1784,1810,No,1,2:211,2:211,1,10065,البقرة,2
زُيِّنَ,1785,1811,No,9,2:212,2:212 · 3:14 · 6:122 · 9:37 · 10:12 · 13:33 · 35:8 · 40:37 · 47:14,9,1041,البقرة,2
الْحَيَاةُ,1786,1812,No,15,2:212,2:212 · 3:185 · 6:32 · 6:70 · 6:130 · 7:51 · 13:26 · 29:64 · 31:33 · 35:5 · 40:39 · 45:35 … (+3),12,606,البقرة,2
وَيَسْخَرُونَ,1787,1813,No,2,2:212,2:212 · 37:12,2,6418,البقرة,2
اتَّقَوْا,1788,1814,No,15,2:212,2:212 · 3:15 · 3:198 · 5:93 · 5:93 · 5:93 · 7:201 · 12:109 · 13:35 · 16:30 · 16:128 · 19:72 … (+3),9,601,البقرة,2
فَوْقَهُمْ,1789,1815,No,6,2:212,2:212 · 7:127 · 7:171 · 50:6 · 67:19 · 69:17,5,1617,البقرة,2
يَرْزُقُ,1790,1816,No,4,2:212,2:212 · 3:37 · 24:38 · 42:19,4,2777,البقرة,2
حِسَابٍ,1791,1817,No,7,2:212,2:212 · 3:27 · 3:37 · 24:38 · 38:39 · 39:10 · 40:40,6,1332,البقرة,2
وَاحِدَةً,1792,1818,No,18,2:213,2:213 · 4:11 · 4:102 · 5:48 · 10:19 · 11:118 · 16:93 · 21:92 · 23:52 · 25:32 · 36:29 · 36:49 … (+6),15,523,البقرة,2
فَبَعَثَ,1793,1819,No,2,2:213,2:213 · 5:31,2,5411,البقرة,2
مُبَشِّرِينَ,1794,1820,No,4,2:213,2:213 · 4:165 · 6:48 · 18:56,4,2613,البقرة,2
وَمُنْذِرِينَ,1795,1821,No,4,2:213,2:213 · 4:165 · 6:48 · 18:56,4,2740,البقرة,2
مَعَهُمُ,1796,1822,No,2,2:213,2:213 · 57:25,2,5815,البقرة,2
لِيَحْكُمَ,1797,1823,No,4,2:213,2:213 · 3:23 · 24:48 · 24:51,3,2585,البقرة,2
اخْتَلَفَ,1798,1824,No,2,2:213,2:213 · 3:19,2,4219,البقرة,2
أُوتُوهُ,1799,1825,No,1,2:213,2:213,1,7628,البقرة,2
جَاءَتْهُمُ,1800,1826,No,7,2:213,2:213 · 2:253 · 4:153 · 6:31 · 7:131 · 41:14 · 98:4,6,1327,البقرة,2
فَهَدَى,1801,1827,No,3,2:213,2:213 · 87:3 · 93:7,3,3433,البقرة,2
بِإِذْنِهِ,1802,1828,No,9,2:213,2:213 · 2:221 · 2:255 · 3:152 · 5:16 · 11:105 · 22:65 · 33:46 · 42:51,7,1019,البقرة,2
حَسِبْتُمْ,1803,1829,No,3,2:214,2:214 · 3:142 · 9:16,3,3198,البقرة,2
تَدْخُلُوا,1804,1830,No,6,2:214,2:214 · 3:142 · 12:67 · 24:27 · 24:29 · 33:53,5,1543,البقرة,2
يَأْتِكُمْ,1805,1831,No,6,2:214,2:214 · 6:130 · 14:9 · 39:71 · 64:5 · 67:8,6,1697,البقرة,2
مَثَلُ,1806,1832,No,15,2:214,2:214 · 2:261 · 3:117 · 7:176 · 10:24 · 11:24 · 13:35 · 14:18 · 16:60 · 24:35 · 29:41 · 43:8 … (+3),13,631,البقرة,2
مَسَّتْهُمُ,1807,1833,No,1,2:214,2:214,1,13715,البقرة,2
الْبَأْسَاءُ,1808,1834,No,1,2:214,2:214,1,8288,البقرة,2
وَالضَّرَّاءُ,1809,1835,No,1,2:214,2:214,1,15060,البقرة,2
وَزُلْزِلُوا,1810,1836,No,2,2:214,2:214 · 33:11,2,6265,البقرة,2
يَقُولَ,1811,1837,No,4,2:214,2:214 · 3:79 · 36:82 · 40:28,4,2788,البقرة,2
مَعَهُ,1812,1838,No,34,2:214,2:214 · 2:249 · 3:146 · 5:36 · 7:64 · 7:72 · 7:131 · 7:157 · 9:88 · 10:73 · 11:12 · 11:40 … (+22),23,280,البقرة,2
مَتَى,1813,1839,No,9,2:214,2:214 · 10:48 · 17:51 · 21:38 · 27:71 · 32:28 · 34:29 · 36:48 · 67:25,9,1079,البقرة,2
نَصْرُ,1814,1840,No,3,2:214,2:214 · 30:47 · 110:1,3,3630,البقرة,2
نَصْرَ,1815,1841,No,2,2:214,2:214 · 21:43,2,5975,البقرة,2
أَنْفَقْتُمْ,1816,1842,No,4,2:215,2:215 · 2:270 · 34:39 · 60:10,3,2187,البقرة,2
فَلِلْوَالِدَيْنِ,1817,1843,No,1,2:215,2:215,1,12409,البقرة,2
وَابْنِ,1818,1844,No,5,2:215,2:215 · 4:36 · 8:41 · 9:60 · 59:7,5,2029,البقرة,2
الْقِتَالُ,1819,1845,No,5,2:216,2:216 · 2:246 · 2:246 · 4:77 · 47:20,3,1810,البقرة,2
كُرْهٌ,1820,1846,No,1,2:216,2:216,1,12908,البقرة,2
وَعَسَى,1821,1847,No,2,2:216,2:216 · 2:216,1,6298,البقرة,2
تَكْرَهُوا,1822,1848,No,2,2:216,2:216 · 4:19,2,4779,البقرة,2
تُحِبُّوا,1823,1849,No,1,2:216,2:216,1,9865,البقرة,2
شَرٌّ,1824,1850,No,6,2:216,2:216 · 3:180 · 5:60 · 12:77 · 19:75 · 25:34,6,1583,البقرة,2
الشَّهْرِ,1825,1851,No,1,2:217,2:217,1,8057,البقرة,2
قِتَالٍ,1826,1852,No,1,2:217,2:217,1,12756,البقرة,2
قِتَالٌ,1827,1853,No,1,2:217,2:217,1,12755,البقرة,2
كَبِيرٌ,1828,1854,No,8,2:217,2:217 · 2:219 · 8:73 · 11:11 · 28:23 · 35:7 · 57:7 · 67:12,7,1198,البقرة,2
وَصَدٌّ,1829,1855,No,1,2:217,2:217,1,15769,البقرة,2
وَكُفْرٌ,1830,1856,No,1,2:217,2:217,1,16012,البقرة,2
وَالْمَسْجِدِ,1831,1857,No,2,2:217,2:217 · 22:25,2,6173,البقرة,2
وَإِخْرَاجُ,1832,1858,No,1,2:217,2:217,1,14854,البقرة,2
أَهْلِهِ,1833,1859,No,9,2:217,2:217 · 4:35 · 4:92 · 4:92 · 27:49 · 51:26 · 75:33 · 84:9 · 84:13,6,996,البقرة,2
أَكْبَرُ,1834,1860,No,16,2:217,2:217 · 2:217 · 2:219 · 3:118 · 6:19 · 6:78 · 9:72 · 16:41 · 17:21 · 29:45 · 34:3 · 39:26 … (+4),12,560,البقرة,2
يَزَالُونَ,1835,1861,No,2,2:217,2:217 · 11:118,2,6509,البقرة,2
يَرُدُّوكُمْ,1836,1862,No,3,2:217,2:217 · 3:100 · 3:149,2,3878,البقرة,2
دِينِكُمْ,1837,1863,No,5,2:217,2:217 · 4:171 · 5:3 · 5:77 · 9:12,4,1895,البقرة,2
إِنِ,1838,1864,No,13,2:217,2:217 · 4:176 · 5:106 · 6:57 · 9:23 · 11:35 · 12:40 · 12:67 · 33:32 · 46:8 · 55:33 · 65:4 … (+1),12,698,البقرة,2
اسْتَطَاعُوا,1839,1865,No,4,2:217,2:217 · 18:97 · 36:67 · 51:45,4,2218,البقرة,2
يَرْتَدِدْ,1840,1866,No,1,2:217,2:217,1,16834,البقرة,2
دِينِهِ,1841,1867,No,2,2:217,2:217 · 5:54,2,4990,البقرة,2
فَيَمُتْ,1842,1868,No,1,2:217,2:217,1,12529,البقرة,2
كَافِرٌ,1843,1869,No,2,2:217,2:217 · 64:2,2,5600,البقرة,2
حَبِطَتْ,1844,1870,No,6,2:217,2:217 · 3:22 · 5:53 · 7:147 · 9:17 · 9:69,5,1557,البقرة,2
أَعْمَالُهُمْ,1845,1871,No,9,2:217,2:217 · 3:22 · 5:53 · 7:147 · 9:17 · 9:69 · 14:18 · 18:105 · 24:39,8,988,البقرة,2
وَالْآخِرَةِ,1846,1872,No,15,2:217,2:217 · 2:220 · 3:22 · 3:45 · 3:56 · 4:134 · 9:69 · 9:74 · 12:101 · 22:15 · 24:14 · 24:19 … (+3),9,635,البقرة,2
هَاجَرُوا,1847,1873,No,5,2:218,2:218 · 3:195 · 16:41 · 16:110 · 22:58,4,2020,البقرة,2
وَجَاهَدُوا,1848,1874,No,6,2:218,2:218 · 8:72 · 8:74 · 8:75 · 9:20 · 49:15,4,1677,البقرة,2
يَرْجُونَ,1849,1875,No,11,2:218,2:218 · 4:104 · 10:7 · 10:11 · 10:15 · 24:60 · 25:21 · 25:40 · 35:29 · 45:14 · 78:27,8,889,البقرة,2
رَحْمَتَ,1850,1876,No,3,2:218,2:218 · 7:56 · 43:32,3,3256,البقرة,2
الْخَمْرِ,1851,1877,No,2,2:219,2:219 · 5:91,2,4393,البقرة,2
وَالْمَيْسِرِ,1852,1878,No,2,2:219,2:219 · 5:91,2,6176,البقرة,2
فِيهِمَا,1853,1879,No,8,2:219,2:219 · 21:22 · 34:22 · 42:29 · 55:50 · 55:52 · 55:66 · 55:68,5,1193,البقرة,2
إِثْمٌ,1854,1880,No,2,2:219,2:219 · 49:12,2,4192,البقرة,2
وَمَنَافِعُ,1855,1881,No,3,2:219,2:219 · 16:5 · 57:25,3,3816,البقرة,2
وَإِثْمُهُمَا,1856,1882,No,1,2:219,2:219,1,14852,البقرة,2
نَفْعِهِمَا,1857,1883,No,1,2:219,2:219,1,14382,البقرة,2
وَيَسْأَلُونَكَ,1858,1884,No,6,2:219,2:219 · 2:220 · 2:222 · 17:85 · 18:83 · 20:105,4,1692,البقرة,2
قُلِ,1859,1885,No,30,2:219,2:219 · 3:26 · 4:127 · 4:176 · 6:19 · 6:64 · 6:91 · 6:158 · 7:195 · 8:1 · 9:64 · 10:21 … (+18),17,309,البقرة,2
الْعَفْوَ,1860,1886,No,2,2:219,2:219 · 7:199,2,4407,البقرة,2
تَتَفَكَّرُونَ,1861,1887,No,3,2:219,2:219 · 2:266 · 6:50,2,3113,البقرة,2
الْيَتَامَى,1862,1888,No,5,2:220,2:220 · 4:2 · 4:3 · 4:6 · 4:10,2,1819,البقرة,2
إِصْلَاحٌ,1863,1889,No,1,2:220,2:220,1,7667,البقرة,2
تُخَالِطُوهُمْ,1864,1890,No,1,2:220,2:220,1,9877,البقرة,2
فَإِخْوَانُكُمْ,1865,1891,No,3,2:220,2:220 · 9:11 · 33:5,3,3387,البقرة,2
الْمُفْسِدَ,1866,1892,No,1,2:220,2:220,1,8698,البقرة,2
الْمُصْلِحِ,1867,1893,No,1,2:220,2:220,1,8681,البقرة,2
لَأَعْنَتَكُمْ,1868,1894,No,1,2:220,2:220,1,12960,البقرة,2
تَنْكِحُوا,1869,1895,No,3,2:221,2:221 · 4:22 · 33:53,3,3153,البقرة,2
الْمُشْرِكَاتِ,1870,1896,No,1,2:221,2:221,1,8675,البقرة,2
يُؤْمِنَّ,1871,1897,No,2,2:221,2:221 · 2:228,1,6612,البقرة,2
وَلَأَمَةٌ,1872,1898,No,1,2:221,2:221,1,16022,البقرة,2
مُؤْمِنَةٌ,1873,1899,No,1,2:221,2:221,1,13890,البقرة,2
مُشْرِكَةٍ,1874,1900,No,1,2:221,2:221,1,14021,البقرة,2
أَعْجَبَتْكُمْ,1875,1901,No,2,2:221,2:221 · 9:25,2,4078,البقرة,2
تُنْكِحُوا,1876,1902,No,1,2:221,2:221,1,9999,البقرة,2
وَلَعَبْدٌ,1877,1903,No,1,2:221,2:221,1,16049,البقرة,2
مُؤْمِنٌ,1878,1904,No,10,2:221,2:221 · 4:92 · 4:124 · 16:97 · 17:19 · 20:112 · 21:94 · 40:28 · 40:40 · 64:2,8,954,البقرة,2
مُشْرِكٍ,1879,1905,No,1,2:221,2:221,1,14019,البقرة,2
أَعْجَبَكُمْ,1880,1906,No,1,2:221,2:221,1,7206,البقرة,2
يَدْعُونَ,1881,1907,No,23,2:221,2:221 · 3:104 · 4:117 · 4:117 · 6:52 · 6:108 · 10:66 · 11:101 · 13:14 · 16:20 · 17:57 · 18:28 … (+11),21,408,البقرة,2
يَدْعُو,1882,1908,No,8,2:221,2:221 · 10:25 · 22:12 · 22:13 · 35:6 · 39:8 · 46:5 · 84:11,7,1243,البقرة,2
وَالْمَغْفِرَةِ,1883,1909,No,1,2:221,2:221,1,15227,البقرة,2
وَيُبَيِّنُ,1884,1910,No,2,2:221,2:221 · 24:18,2,6431,البقرة,2
يَتَذَكَّرُونَ,1885,1911,No,7,2:221,2:221 · 14:25 · 28:43 · 28:46 · 28:51 · 39:27 · 44:58,5,1432,البقرة,2
الْمَحِيضِ,1886,1912,No,3,2:222,2:222 · 2:222 · 65:4,2,3017,البقرة,2
فَاعْتَزِلُوا,1887,1913,No,1,2:222,2:222,1,11979,البقرة,2
النِّسَاءَ,1888,1914,No,9,2:222,2:222 · 2:231 · 2:232 · 2:236 · 4:4 · 4:19 · 4:43 · 5:6 · 65:1,4,1005,البقرة,2
تَقْرَبُوهُنَّ,1889,1915,No,1,2:222,2:222,1,9705,البقرة,2
يَطْهُرْنَ,1890,1916,No,1,2:222,2:222,1,16984,البقرة,2
تَطَهَّرْنَ,1891,1917,No,1,2:222,2:222,1,9613,البقرة,2
فَأْتُوهُنَّ,1892,1918,No,1,2:222,2:222,1,11864,البقرة,2
أَمَرَكُمُ,1893,1919,No,1,2:222,2:222,1,7369,البقرة,2
التَّوَّابِينَ,1894,1920,No,1,2:222,2:222,1,7921,البقرة,2
وَيُحِبُّ,1895,1921,No,1,2:222,2:222,1,16519,البقرة,2
الْمُتَطَهِّرِينَ,1896,1922,No,1,2:222,2:222,1,8643,البقرة,2
نِسَاؤُكُمْ,1897,1923,No,1,2:223,2:223,1,14527,البقرة,2
حَرْثٌ,1898,1924,No,1,2:223,2:223,1,10219,البقرة,2
حَرْثَكُمْ,1899,1925,No,1,2:223,2:223,1,10220,البقرة,2
أَنَّى,1900,1926,No,15,2:223,2:223 · 2:247 · 2:259 · 3:37 · 3:40 · 3:47 · 3:165 · 5:75 · 6:101 · 9:30 · 19:8 · 19:20 … (+3),9,593,البقرة,2
وَقَدِّمُوا,1901,1927,No,1,2:223,2:223,1,15939,البقرة,2
مُلَاقُوهُ,1902,1928,No,1,2:223,2:223,1,14084,البقرة,2
الْمُؤْمِنِينَ,1903,1929,No,78,2:223,2:223 · 3:28 · 3:68 · 3:121 · 3:152 · 3:164 · 3:166 · 3:171 · 3:179 · 4:84 · 4:95 · 4:103 … (+66),28,114,البقرة,2
عُرْضَةً,1904,1930,No,1,2:224,2:224,1,11605,البقرة,2
لِأَيْمَانِكُمْ,1905,1931,No,1,2:224,2:224,1,13329,البقرة,2
تَبَرُّوا,1906,1932,No,1,2:224,2:224,1,9332,البقرة,2
وَتَتَّقُوا,1907,1933,No,8,2:224,2:224 · 3:120 · 3:125 · 3:179 · 3:186 · 4:128 · 4:129 · 47:36,4,1229,البقرة,2
وَتُصْلِحُوا,1908,1934,No,1,2:224,2:224,1,15455,البقرة,2
يُؤَاخِذُكُمُ,1909,1935,No,2,2:225,2:225 · 5:89,2,6600,البقرة,2
بِاللَّغْوِ,1910,1936,No,3,2:225,2:225 · 5:89 · 25:72,3,3079,البقرة,2
أَيْمَانِكُمْ,1911,1937,No,4,2:225,2:225 · 5:89 · 5:89 · 66:2,3,2201,البقرة,2
يُؤَاخِذُكُمْ,1912,1938,No,2,2:225,2:225 · 5:89,2,6601,البقرة,2
حَلِيمٌ,1913,1939,No,9,2:225,2:225 · 2:235 · 2:263 · 3:155 · 4:12 · 5:101 · 9:114 · 22:59 · 64:17,7,1035,البقرة,2
يُؤْلُونَ,1914,1940,No,1,2:226,2:226,1,17226,البقرة,2
نِسَائِهِمْ,1915,1941,No,3,2:226,2:226 · 58:2 · 58:3,2,3650,البقرة,2
تَرَبُّصُ,1916,1942,No,1,2:226,2:226,1,9492,البقرة,2
أَرْبَعَةِ,1917,1943,No,2,2:226,2:226 · 41:10,2,4041,البقرة,2
أَشْهُرٍ,1918,1944,No,4,2:226,2:226 · 2:234 · 9:2 · 65:4,3,2165,البقرة,2
فَاءُوا,1919,1945,No,1,2:226,2:226,1,11877,البقرة,2
عَزَمُوا,1920,1946,No,1,2:227,2:227,1,11502,البقرة,2
الطَّلَاقَ,1921,1947,No,1,2:227,2:227,1,8111,البقرة,2
وَالْمُطَلَّقَاتُ,1922,1948,No,1,2:228,2:228,1,15247,البقرة,2
يَتَرَبَّصْنَ,1923,1949,No,2,2:228,2:228 · 2:234,1,6462,البقرة,2
بِأَنْفُسِهِنَّ,1924,1950,No,2,2:228,2:228 · 2:234,1,4590,البقرة,2
ثَلَاثَةَ,1925,1951,No,3,2:228,2:228 · 3:41 · 11:65,3,3171,البقرة,2
قُرُوءٍ,1926,1952,No,1,2:228,2:228,1,12724,البقرة,2
يَحِلُّ,1927,1953,No,4,2:228,2:228 · 2:229 · 4:19 · 33:52,3,2769,البقرة,2
يَكْتُمْنَ,1928,1954,No,1,2:228,2:228,1,17097,البقرة,2
أَرْحَامِهِنَّ,1929,1955,No,1,2:228,2:228,1,7049,البقرة,2
كُنَّ,1930,1956,No,3,2:228,2:228 · 4:11 · 65:6,3,3488,البقرة,2
وَبُعُولَتُهُنَّ,1931,1957,No,1,2:228,2:228,1,15314,البقرة,2
أَحَقُّ,1932,1958,No,9,2:228,2:228 · 2:247 · 5:107 · 6:81 · 9:13 · 9:62 · 9:108 · 10:35 · 33:37,6,983,البقرة,2
بِرَدِّهِنَّ,1933,1959,No,1,2:228,2:228,1,9138,البقرة,2
أَرَادُوا,1934,1960,No,4,2:228,2:228 · 9:46 · 22:22 · 32:20,4,2157,البقرة,2
إِصْلَاحًا,1935,1961,No,2,2:228,2:228 · 4:35,2,4195,البقرة,2
وَلَهُنَّ,1936,1962,No,2,2:228,2:228 · 4:12,2,6355,البقرة,2
مِثْلُ,1937,1963,No,8,2:228,2:228 · 2:233 · 2:275 · 4:11 · 4:176 · 5:95 · 11:89 · 35:14,5,1211,البقرة,2
عَلَيْهِنَّ,1938,1964,No,11,2:228,2:228 · 2:228 · 4:15 · 4:34 · 12:31 · 24:60 · 33:49 · 33:55 · 33:59 · 65:6 · 65:6,6,854,البقرة,2
وَلِلرِّجَالِ,1939,1965,No,1,2:228,2:228,1,16117,البقرة,2
دَرَجَةٌ,1940,1966,No,1,2:228,2:228,1,10513,البقرة,2
الطَّلَاقُ,1941,1967,No,1,2:229,2:229,1,8112,البقرة,2
مَرَّتَانِ,1942,1968,No,1,2:229,2:229,1,13692,البقرة,2
فَإِمْسَاكٌ,1943,1969,No,1,2:229,2:229,1,11875,البقرة,2
بِمَعْرُوفٍ,1944,1970,No,6,2:229,2:229 · 2:231 · 2:231 · 65:2 · 65:2 · 65:6,2,1537,البقرة,2
تَسْرِيحٌ,1945,1971,No,1,2:229,2:229,1,9567,البقرة,2
تَأْخُذُوا,1946,1972,No,2,2:229,2:229 · 4:20,2,4683,البقرة,2
آتَيْتُمُوهُنَّ,1947,1973,No,4,2:229,2:229 · 4:19 · 5:5 · 60:10,4,2135,البقرة,2
يَخَافَا,1948,1974,No,1,2:229,2:229,1,16775,البقرة,2
أَلَّا,1949,1975,No,45,2:229,2:229 · 2:229 · 2:246 · 2:246 · 2:282 · 2:282 · 3:41 · 3:64 · 3:170 · 3:176 · 3:183 · 4:3 … (+33),23,209,البقرة,2
يُقِيمَا,1950,1976,No,3,2:229,2:229 · 2:229 · 2:230,1,3949,البقرة,2
حُدُودَ,1951,1977,No,6,2:229,2:229 · 2:229 · 2:229 · 2:230 · 9:97 · 65:1,3,1560,البقرة,2
خِفْتُمْ,1952,1978,No,7,2:229,2:229 · 2:239 · 4:3 · 4:3 · 4:35 · 4:101 · 9:28,3,1337,البقرة,2
عَلَيْهِمَا,1953,1979,No,8,2:229,2:229 · 2:230 · 2:233 · 4:128 · 5:23 · 7:22 · 20:121 · 37:119,6,1182,البقرة,2
افْتَدَتْ,1954,1980,No,1,2:229,2:229,1,7885,البقرة,2
تَعْتَدُوهَا,1955,1981,No,1,2:229,2:229,1,9635,البقرة,2
يَتَعَدَّ,1956,1982,No,2,2:229,2:229 · 65:1,2,6467,البقرة,2
الظَّالِمُونَ,1957,1983,No,24,2:229,2:229 · 2:254 · 3:94 · 5:45 · 6:21 · 6:47 · 6:93 · 6:135 · 9:23 · 12:23 · 14:42 · 17:47 … (+12),19,374,البقرة,2
طَلَّقَهَا,1958,1984,No,2,2:230,2:230 · 2:230,1,5229,البقرة,2
تَحِلُّ,1959,1985,No,1,2:230,2:230,1,9403,البقرة,2
بَعْدُ,1960,1986,No,9,2:230,2:230 · 5:115 · 8:75 · 26:120 · 30:4 · 33:52 · 47:4 · 57:10 · 95:7,9,1013,البقرة,2
تَنْكِحَ,1961,1987,No,1,2:230,2:230,1,9802,البقرة,2
زَوْجًا,1962,1988,No,1,2:230,2:230,1,10824,البقرة,2
غَيْرَهُ,1963,1989,No,2,2:230,2:230 · 17:73,2,5331,البقرة,2
يَتَرَاجَعَا,1964,1990,No,1,2:230,2:230,1,16689,البقرة,2
ظَنَّا,1965,1991,No,1,2:230,2:230,1,11397,البقرة,2
وَتِلْكَ,1966,1992,No,11,2:230,2:230 · 3:140 · 6:83 · 11:59 · 18:59 · 26:22 · 29:43 · 43:72 · 58:4 · 59:21 · 65:1,11,879,البقرة,2
يُبَيِّنُهَا,1967,1993,No,1,2:230,2:230,1,17243,البقرة,2
طَلَّقْتُمُ,1968,1994,No,4,2:231,2:231 · 2:232 · 2:236 · 65:1,2,2469,البقرة,2
فَبَلَغْنَ,1969,1995,No,2,2:231,2:231 · 2:232,1,5412,البقرة,2
أَجَلَهُنَّ,1970,1996,No,4,2:231,2:231 · 2:232 · 2:234 · 65:2,2,2148,البقرة,2
فَأَمْسِكُوهُنَّ,1971,1997,No,3,2:231,2:231 · 4:15 · 65:2,3,3380,البقرة,2
سَرِّحُوهُنَّ,1972,1998,No,1,2:231,2:231,1,10938,البقرة,2
تُمْسِكُوهُنَّ,1973,1999,No,1,2:231,2:231,1,9989,البقرة,2
ضِرَارًا,1974,2000,No,2,2:231,2:231 · 9:107,2,5215,البقرة,2
لِتَعْتَدُوا,1975,2001,No,1,2:231,2:231,1,13366,البقرة,2
يَفْعَلْ,1976,2002,No,7,2:231,2:231 · 3:28 · 4:30 · 4:114 · 12:32 · 25:68 · 63:9,6,1444,البقرة,2
ظَلَمَ,1977,2003,No,4,2:231,2:231 · 18:87 · 27:11 · 65:1,4,2472,البقرة,2
تَتَّخِذُوا,1978,2004,No,13,2:231,2:231 · 3:80 · 3:118 · 4:89 · 4:89 · 4:144 · 5:51 · 5:57 · 9:23 · 16:51 · 16:94 · 17:2 … (+1),8,715,البقرة,2
آيَاتِ,1979,2005,No,21,2:231,2:231 · 3:113 · 4:140 · 6:4 · 6:158 · 6:158 · 7:26 · 18:17 · 28:87 · 33:34 · 36:46 · 39:71 … (+9),14,432,البقرة,2
نِعْمَتَ,1980,2006,No,8,2:231,2:231 · 3:103 · 5:11 · 14:28 · 14:34 · 16:83 · 16:114 · 35:3,6,1217,البقرة,2
وَالْحِكْمَةِ,1981,2007,No,2,2:231,2:231 · 33:34,2,6163,البقرة,2
يَعِظُكُمْ,1982,2008,No,3,2:231,2:231 · 4:58 · 16:90,3,3899,البقرة,2
تَعْضُلُوهُنَّ,1983,2009,No,2,2:232,2:232 · 4:19,2,4760,البقرة,2
يَنْكِحْنَ,1984,2010,No,1,2:232,2:232,1,17187,البقرة,2
أَزْوَاجَهُنَّ,1985,2011,No,1,2:232,2:232,1,7074,البقرة,2
تَرَاضَوْا,1986,2012,No,1,2:232,2:232,1,9487,البقرة,2
يُوعَظُ,1987,2013,No,2,2:232,2:232 · 65:2,2,6691,البقرة,2
يُؤْمِنُ,1988,2014,No,18,2:232,2:232 · 2:264 · 3:199 · 7:158 · 9:61 · 9:99 · 10:40 · 10:40 · 12:106 · 20:16 · 27:81 · 29:47 … (+6),15,527,البقرة,2
أَزْكَى,1989,2015,No,4,2:232,2:232 · 18:19 · 24:28 · 24:30,3,2162,البقرة,2
وَأَطْهَرُ,1990,2016,No,2,2:232,2:232 · 58:12,2,6056,البقرة,2
وَالْوَالِدَاتُ,1991,2017,No,1,2:233,2:233,1,15256,البقرة,2
يُرْضِعْنَ,1992,2018,No,1,2:233,2:233,1,17357,البقرة,2
أَوْلَادَهُنَّ,1993,2019,No,2,2:233,2:233 · 60:12,2,4160,البقرة,2
حَوْلَيْنِ,1994,2020,No,1,2:233,2:233,1,10281,البقرة,2
كَامِلَيْنِ,1995,2021,No,1,2:233,2:233,1,12816,البقرة,2
يُتِمَّ,1996,2022,No,2,2:233,2:233 · 9:32,2,6618,البقرة,2
الرَّضَاعَةَ,1997,2023,No,1,2:233,2:233,1,7969,البقرة,2
الْمَوْلُودِ,1998,2024,No,1,2:233,2:233,1,8636,البقرة,2
رِزْقُهُنَّ,1999,2025,No,1,2:233,2:233,1,10774,البقرة,2
وَكِسْوَتُهُنَّ,2000,2026,No,1,2:233,2:233,1,16020,البقرة,2
تُكَلَّفُ,2001,2027,No,2,2:233,2:233 · 4:84,2,4836,البقرة,2
وُسْعَهَا,2002,2028,No,5,2:233,2:233 · 2:286 · 6:152 · 7:42 · 23:62,4,2077,البقرة,2
تُضَارَّ,2003,2029,No,1,2:233,2:233,1,9935,البقرة,2
وَالِدَةٌ,2004,2030,No,1,2:233,2:233,1,15101,البقرة,2
بِوَلَدِهَا,2005,2031,No,1,2:233,2:233,1,9287,البقرة,2
مَوْلُودٌ,2006,2032,No,2,2:233,2:233 · 31:33,2,5856,البقرة,2
بِوَلَدِهِ,2007,2033,No,1,2:233,2:233,1,9288,البقرة,2
الْوَارِثِ,2008,2034,No,1,2:233,2:233,1,8734,البقرة,2
أَرَادَا,2009,2035,No,1,2:233,2:233,1,7022,البقرة,2
فِصَالًا,2010,2036,No,1,2:233,2:233,1,12591,البقرة,2
تَرَاضٍ,2011,2037,No,2,2:233,2:233 · 4:29,2,4723,البقرة,2
وَتَشَاوُرٍ,2012,2038,No,1,2:233,2:233,1,15391,البقرة,2
أَرَدْتُمْ,2013,2039,No,2,2:233,2:233 · 20:86,2,4035,البقرة,2
تَسْتَرْضِعُوا,2014,2040,No,1,2:233,2:233,1,9546,البقرة,2
أَوْلَادَكُمْ,2015,2041,No,3,2:233,2:233 · 6:151 · 17:31,3,2888,البقرة,2
سَلَّمْتُمْ,2016,2042,No,1,2:233,2:233,1,10974,البقرة,2
آتَيْتُمْ,2017,2043,No,3,2:233,2:233 · 30:39 · 30:39,2,2819,البقرة,2
يُتَوَفَّوْنَ,2018,2044,No,2,2:234,2:234 · 2:240,1,6616,البقرة,2
وَيَذَرُونَ,2019,2045,No,3,2:234,2:234 · 2:240 · 76:27,2,3834,البقرة,2
أَزْوَاجًا,2020,2046,No,14,2:234,2:234 · 2:240 · 13:38 · 15:88 · 16:72 · 20:53 · 20:131 · 30:21 · 35:11 · 42:11 · 42:11 · 56:7 … (+2),11,644,البقرة,2
أَرْبَعَةَ,2021,2047,No,2,2:234,2:234 · 9:2,2,4040,البقرة,2
وَعَشْرًا,2022,2048,No,1,2:234,2:234,1,15847,البقرة,2
بَلَغْنَ,2023,2049,No,2,2:234,2:234 · 65:2,2,4550,البقرة,2
فَعَلْنَ,2024,2050,No,2,2:234,2:234 · 2:240,1,5466,البقرة,2
أَنْفُسِهِنَّ,2025,2051,No,2,2:234,2:234 · 2:240,1,4146,البقرة,2
خَبِيرٌ,2026,2052,No,23,2:234,2:234 · 2:271 · 3:153 · 3:180 · 5:8 · 9:16 · 11:111 · 22:63 · 24:30 · 24:53 · 27:88 · 31:16 … (+11),16,400,البقرة,2
عَرَّضْتُمْ,2027,2053,No,1,2:235,2:235,1,11490,البقرة,2
خِطْبَةِ,2028,2054,No,1,2:235,2:235,1,10472,البقرة,2
النِّسَاءِ,2029,2055,No,14,2:235,2:235 · 3:14 · 4:3 · 4:22 · 4:24 · 4:34 · 4:127 · 4:127 · 4:129 · 7:81 · 24:31 · 24:60 … (+2),7,655,البقرة,2
أَكْنَنْتُمْ,2030,2056,No,1,2:235,2:235,1,7328,البقرة,2
أَنْفُسِكُمْ,2031,2057,No,15,2:235,2:235 · 2:235 · 2:284 · 3:165 · 4:135 · 9:128 · 10:23 · 16:72 · 24:61 · 24:61 · 30:21 · 30:28 … (+3),11,595,البقرة,2
سَتَذْكُرُونَهُنَّ,2032,2058,No,1,2:235,2:235,1,10920,البقرة,2
تُوَاعِدُوهُنَّ,2033,2059,No,1,2:235,2:235,1,10009,البقرة,2
سِرًّا,2034,2060,No,6,2:235,2:235 · 2:274 · 13:22 · 14:31 · 16:75 · 35:29,5,1582,البقرة,2
مَعْرُوفًا,2035,2061,No,6,2:235,2:235 · 4:5 · 4:8 · 31:15 · 33:6 · 33:32,4,1641,البقرة,2
تَعْزِمُوا,2036,2062,No,1,2:235,2:235,1,9645,البقرة,2
عُقْدَةَ,2037,2063,No,1,2:235,2:235,1,11616,البقرة,2
النِّكَاحِ,2038,2064,No,2,2:235,2:235 · 2:237,1,4320,البقرة,2
أَجَلَهُ,2039,2065,No,1,2:235,2:235,1,6896,البقرة,2
فَاحْذَرُوهُ,2040,2066,No,1,2:235,2:235,1,11903,البقرة,2
تَمَسُّوهُنَّ,2041,2067,No,3,2:236,2:236 · 2:237 · 33:49,2,3148,البقرة,2
تَفْرِضُوا,2042,2068,No,1,2:236,2:236,1,9673,البقرة,2
فَرِيضَةً,2043,2069,No,5,2:236,2:236 · 2:237 · 4:11 · 4:24 · 9:60,3,1951,البقرة,2
وَمَتِّعُوهُنَّ,2044,2070,No,1,2:236,2:236,1,16186,البقرة,2
الْمُوسِعِ,2045,2071,No,1,2:236,2:236,1,8718,البقرة,2
قَدَرُهُ,2046,2072,No,2,2:236,2:236 · 2:236,1,5548,البقرة,2
الْمُقْتِرِ,2047,2073,No,1,2:236,2:236,1,8705,البقرة,2
مَتَاعًا,2048,2074,No,7,2:236,2:236 · 2:240 · 5:96 · 11:3 · 33:53 · 79:33 · 80:32,6,1388,البقرة,2
طَلَّقْتُمُوهُنَّ,2049,2075,No,2,2:237,2:237 · 33:49,2,5230,البقرة,2
قَبْلِ,2050,2076,No,25,2:237,2:237 · 2:254 · 3:93 · 3:143 · 4:47 · 5:34 · 7:129 · 11:49 · 14:31 · 20:114 · 20:134 · 24:58 … (+13),18,368,البقرة,2
فَرَضْتُمْ,2051,2077,No,2,2:237,2:237 · 2:237,1,5441,البقرة,2
فَنِصْفُ,2052,2078,No,1,2:237,2:237,1,12476,البقرة,2
يَعْفُونَ,2053,2079,No,1,2:237,2:237,1,17013,البقرة,2
يَعْفُوَ,2054,2080,No,2,2:237,2:237 · 4:99,2,6547,البقرة,2
بِيَدِهِ,2055,2081,No,5,2:237,2:237 · 2:249 · 23:88 · 36:83 · 67:1,4,1841,البقرة,2
عُقْدَةُ,2056,2082,No,1,2:237,2:237,1,11617,البقرة,2
تَعْفُوا,2057,2083,No,3,2:237,2:237 · 4:149 · 64:14,3,3137,البقرة,2
أَقْرَبُ,2058,2084,No,9,2:237,2:237 · 3:167 · 4:11 · 5:8 · 16:77 · 17:57 · 22:13 · 50:16 · 56:85,9,990,البقرة,2
لِلتَّقْوَى,2059,2085,No,4,2:237,2:237 · 5:8 · 20:132 · 49:3,4,2579,البقرة,2
تَنْسَوُا,2060,2086,No,1,2:237,2:237,1,9787,البقرة,2
الْفَضْلَ,2061,2087,No,3,2:237,2:237 · 3:73 · 57:29,3,3001,البقرة,2
حَافِظُوا,2062,2088,No,1,2:238,2:238,1,10192,البقرة,2
الصَّلَوَاتِ,2063,2089,No,1,2:238,2:238,1,8081,البقرة,2
الْوُسْطَى,2064,2090,No,1,2:238,2:238,1,8755,البقرة,2
وَقُومُوا,2065,2091,No,1,2:238,2:238,1,15977,البقرة,2
قَانِتِينَ,2066,2092,No,1,2:238,2:238,1,12621,البقرة,2
فَرِجَالًا,2067,2093,No,1,2:239,2:239,1,12207,البقرة,2
رُكْبَانًا,2068,2094,No,1,2:239,2:239,1,10751,البقرة,2
عَلَّمَكُمْ,2069,2095,No,1,2:239,2:239,1,11547,البقرة,2
وَصِيَّةً,2070,2096,No,2,2:240,2:240 · 4:12,2,6285,البقرة,2
لِأَزْوَاجِهِمْ,2071,2097,No,1,2:240,2:240,1,13314,البقرة,2
الْحَوْلِ,2072,2098,No,1,2:240,2:240,1,8377,البقرة,2
إِخْرَاجٍ,2073,2099,No,1,2:240,2:240,1,7643,البقرة,2
خَرَجْنَ,2074,2100,No,1,2:240,2:240,1,10392,البقرة,2
مَعْرُوفٍ,2075,2101,No,3,2:240,2:240 · 4:114 · 60:12,3,3566,البقرة,2
وَلِلْمُطَلَّقَاتِ,2076,2102,No,1,2:241,2:241,1,16121,البقرة,2
مَتَاعٌ,2077,2103,No,7,2:241,2:241 · 3:197 · 10:70 · 13:26 · 16:117 · 24:29 · 40:39,7,1389,البقرة,2
تَرَ,2078,2104,No,31,2:243,2:243 · 2:246 · 2:258 · 3:23 · 4:44 · 4:49 · 4:51 · 4:60 · 4:77 · 14:19 · 14:24 · 14:28 … (+19),17,296,البقرة,2
خَرَجُوا,2079,2105,No,5,2:243,2:243 · 5:61 · 8:47 · 9:47 · 47:16,5,1886,البقرة,2
أُلُوفٌ,2080,2106,No,1,2:243,2:243,1,7613,البقرة,2
مُوتُوا,2081,2107,No,2,2:243,2:243 · 3:119,2,5919,البقرة,2
أَحْيَاهُمْ,2082,2108,No,1,2:243,2:243,1,6949,البقرة,2
لَذُو,2083,2109,No,8,2:243,2:243 · 10:60 · 12:68 · 13:6 · 27:73 · 28:79 · 40:61 · 41:43,8,1204,البقرة,2
فَضْلٍ,2084,2110,No,10,2:243,2:243 · 2:251 · 3:152 · 3:174 · 7:39 · 10:60 · 11:3 · 11:27 · 27:73 · 40:61,7,944,البقرة,2
أَكْثَرَ,2085,2111,No,25,2:243,2:243 · 4:12 · 6:116 · 7:187 · 11:17 · 12:21 · 12:38 · 12:40 · 12:68 · 13:1 · 16:38 · 17:6 … (+13),16,361,البقرة,2
يَشْكُرُونَ,2086,2112,No,9,2:243,2:243 · 7:58 · 10:60 · 12:38 · 14:37 · 27:73 · 36:35 · 36:73 · 40:61,8,1105,البقرة,2
ذَا,2087,2113,No,18,2:245,2:245 · 2:255 · 3:160 · 5:106 · 6:152 · 17:26 · 18:86 · 18:94 · 23:77 · 30:38 · 33:17 · 35:18 … (+6),15,512,البقرة,2
يُقْرِضُ,2088,2114,No,2,2:245,2:245 · 57:11,2,6672,البقرة,2
قَرْضًا,2089,2115,No,6,2:245,2:245 · 5:12 · 57:11 · 57:18 · 64:17 · 73:20,5,1622,البقرة,2
حَسَنًا,2090,2116,No,18,2:245,2:245 · 3:37 · 5:12 · 8:17 · 11:3 · 11:88 · 16:67 · 16:75 · 18:2 · 20:86 · 22:58 · 28:61 … (+6),15,511,البقرة,2
فَيُضَاعِفَهُ,2091,2117,No,2,2:245,2:245 · 57:11,2,5521,البقرة,2
أَضْعَافًا,2092,2118,No,2,2:245,2:245 · 3:130,2,4071,البقرة,2
كَثِيرَةً,2093,2119,No,4,2:245,2:245 · 2:249 · 48:19 · 48:20,2,2545,البقرة,2
يَقْبِضُ,2094,2120,No,1,2:245,2:245,1,17062,البقرة,2
وَيَبْسُطُ,2095,2121,No,1,2:245,2:245,1,16377,البقرة,2
وَإِلَيْهِ,2096,2122,No,22,2:245,2:245 · 3:83 · 5:18 · 10:56 · 11:34 · 11:88 · 11:123 · 13:30 · 13:36 · 23:79 · 28:70 · 28:88 … (+10),15,429,البقرة,2
الْمَلَإِ,2097,2123,No,2,2:246,2:246 · 37:8,2,4464,البقرة,2
لِنَبِيٍّ,2098,2124,No,3,2:246,2:246 · 3:161 · 8:67,3,3535,البقرة,2
ابْعَثْ,2099,2125,No,1,2:246,2:246,1,7717,البقرة,2
مَلِكًا,2100,2126,No,2,2:246,2:246 · 2:247,1,5838,البقرة,2
نُقَاتِلْ,2101,2127,No,1,2:246,2:246,1,14487,البقرة,2
عَسَيْتُمْ,2102,2128,No,2,2:246,2:246 · 47:22,2,5284,البقرة,2
تُقَاتِلُوا,2103,2129,No,2,2:246,2:246 · 9:83,2,4833,البقرة,2
نُقَاتِلَ,2104,2130,No,1,2:246,2:246,1,14486,البقرة,2
أُخْرِجْنَا,2105,2131,No,1,2:246,2:246,1,7579,البقرة,2
دِيَارِنَا,2106,2132,No,1,2:246,2:246,1,10573,البقرة,2
وَأَبْنَائِنَا,2107,2133,No,1,2:246,2:246,1,14614,البقرة,2
نَبِيُّهُمْ,2108,2134,No,2,2:247,2:247 · 2:248,1,5943,البقرة,2
بَعَثَ,2109,2135,No,4,2:247,2:247 · 3:164 · 25:41 · 62:2,4,2298,البقرة,2
طَالُوتَ,2110,2136,No,1,2:247,2:247,1,11343,البقرة,2
يَكُونُ,2111,2137,No,18,2:247,2:247 · 3:40 · 3:47 · 4:109 · 4:159 · 5:116 · 6:101 · 7:13 · 7:89 · 9:7 · 10:15 · 19:8 … (+6),14,526,البقرة,2
الْمُلْكُ,2112,2138,No,10,2:247,2:247 · 6:73 · 22:56 · 25:26 · 35:13 · 39:6 · 40:16 · 40:29 · 64:1 · 67:1,9,917,البقرة,2
بِالْمُلْكِ,2113,2139,No,1,2:247,2:247,1,9068,البقرة,2
وَلَمْ,2114,2140,No,47,2:247,2:247 · 2:283 · 3:47 · 3:135 · 4:152 · 5:27 · 5:41 · 6:82 · 6:93 · 6:101 · 8:72 · 9:4 … (+35),24,201,البقرة,2
يُؤْتَ,2115,2141,No,2,2:247,2:247 · 2:269,1,6603,البقرة,2
سَعَةً,2116,2142,No,1,2:247,2:247,1,10939,البقرة,2
الْمَالِ,2117,2143,No,1,2:247,2:247,1,8581,البقرة,2
اصْطَفَاهُ,2118,2144,No,1,2:247,2:247,1,7858,البقرة,2
وَزَادَهُ,2119,2145,No,1,2:247,2:247,1,15679,البقرة,2
بَسْطَةً,2120,2146,No,2,2:247,2:247 · 7:69,2,4531,البقرة,2
وَالْجِسْمِ,2121,2147,No,1,2:247,2:247,1,15156,البقرة,2
يُؤْتِي,2122,2148,No,3,2:247,2:247 · 2:269 · 92:18,2,3926,البقرة,2
مُلْكَهُ,2123,2149,No,2,2:247,2:247 · 38:20,2,5910,البقرة,2
آيَةَ,2124,2150,No,3,2:248,2:248 · 17:12 · 17:12,2,2827,البقرة,2
مُلْكِهِ,2125,2151,No,1,2:248,2:248,1,14089,البقرة,2
يَأْتِيَكُمُ,2126,2152,No,3,2:248,2:248 · 39:54 · 39:55,2,3849,البقرة,2
التَّابُوتُ,2127,2153,No,1,2:248,2:248,1,7908,البقرة,2
سَكِينَةٌ,2128,2154,No,1,2:248,2:248,1,10964,البقرة,2
وَبَقِيَّةٌ,2129,2155,No,1,2:248,2:248,1,15298,البقرة,2
آلُ,2130,2156,No,2,2:248,2:248 · 28:8,2,3974,البقرة,2
وَآلُ,2131,2157,No,1,2:248,2:248,1,14595,البقرة,2
هَارُونَ,2132,2158,No,9,2:248,2:248 · 7:142 · 19:28 · 19:53 · 20:30 · 20:70 · 23:45 · 25:35 · 26:13,7,1087,البقرة,2
تَحْمِلُهُ,2133,2159,No,2,2:248,2:248 · 19:27,2,4713,البقرة,2
الْمَلَائِكَةُ,2134,2160,No,21,2:248,2:248 · 3:39 · 3:42 · 3:45 · 4:97 · 4:172 · 6:158 · 8:50 · 15:30 · 16:28 · 16:32 · 16:33 … (+9),15,438,البقرة,2
لَآيَةً,2135,2161,No,20,2:248,2:248 · 3:49 · 11:103 · 15:77 · 16:11 · 16:13 · 16:65 · 16:67 · 16:69 · 26:8 · 26:67 · 26:103 … (+8),9,469,البقرة,2
فَصَلَ,2136,2162,No,1,2:249,2:249,1,12260,البقرة,2
طَالُوتُ,2137,2163,No,1,2:249,2:249,1,11344,البقرة,2
بِالْجُنُودِ,2138,2164,No,1,2:249,2:249,1,9040,البقرة,2
مُبْتَلِيكُمْ,2139,2165,No,1,2:249,2:249,1,13896,البقرة,2
بِنَهَرٍ,2140,2166,No,1,2:249,2:249,1,9273,البقرة,2
شَرِبَ,2141,2167,No,1,2:249,2:249,1,11124,البقرة,2
فَلَيْسَ,2142,2168,No,7,2:249,2:249 · 2:282 · 3:28 · 4:101 · 24:60 · 46:32 · 69:35,6,1376,البقرة,2
يَطْعَمْهُ,2143,2169,No,1,2:249,2:249,1,16979,البقرة,2
اغْتَرَفَ,2144,2170,No,1,2:249,2:249,1,7882,البقرة,2
غُرْفَةً,2145,2171,No,1,2:249,2:249,1,11713,البقرة,2
فَشَرِبُوا,2146,2172,No,1,2:249,2:249,1,12249,البقرة,2
جَاوَزَهُ,2147,2173,No,1,2:249,2:249,1,10086,البقرة,2
طَاقَةَ,2148,2174,No,2,2:249,2:249 · 2:286,1,5224,البقرة,2
الْيَوْمَ,2149,2175,No,38,2:249,2:249 · 5:3 · 5:3 · 5:5 · 6:93 · 8:48 · 11:43 · 12:54 · 12:92 · 16:27 · 16:63 · 17:14 … (+26),23,242,البقرة,2
بِجَالُوتَ,2150,2176,No,1,2:249,2:249,1,9094,البقرة,2
وَجُنُودِهِ,2151,2177,No,2,2:249,2:249 · 2:250,1,6229,البقرة,2
فِئَةٍ,2152,2178,No,3,2:249,2:249 · 8:16 · 28:81,3,3439,البقرة,2
قَلِيلَةٍ,2153,2179,No,1,2:249,2:249,1,12685,البقرة,2
غَلَبَتْ,2154,2180,No,2,2:249,2:249 · 23:106,2,5325,البقرة,2
فِئَةً,2155,2181,No,2,2:249,2:249 · 8:45,2,5529,البقرة,2
بَرَزُوا,2156,2182,No,2,2:250,2:250 · 4:81,2,4528,البقرة,2
لِجَالُوتَ,2157,2183,No,1,2:250,2:250,1,13388,البقرة,2
أَفْرِغْ,2158,2184,No,2,2:250,2:250 · 7:126,2,4102,البقرة,2
صَبْرًا,2159,2185,No,8,2:250,2:250 · 7:126 · 18:67 · 18:72 · 18:75 · 18:78 · 18:82 · 70:5,4,1179,البقرة,2
وَثَبِّتْ,2160,2186,No,2,2:250,2:250 · 3:147,2,6216,البقرة,2
أَقْدَامَنَا,2161,2187,No,2,2:250,2:250 · 3:147,2,4109,البقرة,2
وَانْصُرْنَا,2162,2188,No,2,2:250,2:250 · 3:147,2,6187,البقرة,2
الْقَوْمِ,2163,2189,No,31,2:250,2:250 · 2:286 · 3:147 · 4:78 · 4:104 · 5:25 · 5:26 · 5:68 · 5:84 · 6:45 · 6:68 · 6:77 … (+19),18,295,البقرة,2
فَهَزَمُوهُمْ,2164,2190,No,1,2:251,2:251,1,12481,البقرة,2
وَقَتَلَ,2165,2191,No,1,2:251,2:251,1,15930,البقرة,2
دَاوُودُ,2166,2192,No,3,2:251,2:251 · 38:24 · 38:26,2,3236,البقرة,2
جَالُوتَ,2167,2193,No,1,2:251,2:251,1,10079,البقرة,2
وَآتَاهُ,2168,2194,No,1,2:251,2:251,1,14579,البقرة,2
الْمُلْكَ,2169,2195,No,4,2:251,2:251 · 2:258 · 3:26 · 3:26,2,2285,البقرة,2
وَعَلَّمَهُ,2170,2196,No,1,2:251,2:251,1,15858,البقرة,2
وَلَوْلَا,2171,2197,No,24,2:251,2:251 · 4:83 · 4:113 · 10:19 · 11:91 · 11:110 · 17:74 · 18:39 · 20:129 · 22:40 · 24:10 · 24:14 … (+12),17,387,البقرة,2
دَفْعُ,2172,2198,No,2,2:251,2:251 · 22:40,2,4982,البقرة,2
بَعْضَهُمْ,2173,2199,No,10,2:251,2:251 · 2:253 · 2:253 · 4:34 · 6:53 · 17:21 · 18:99 · 22:40 · 23:44 · 43:32,8,919,البقرة,2
لَفَسَدَتِ,2174,2200,No,2,2:251,2:251 · 23:71,2,5680,البقرة,2
آيَاتُ,2175,2201,No,13,2:252,2:252 · 3:101 · 3:108 · 10:1 · 12:1 · 13:1 · 15:1 · 19:58 · 26:2 · 27:1 · 28:2 · 31:2 … (+1),12,692,البقرة,2
نَتْلُوهَا,2176,2202,No,3,2:252,2:252 · 3:108 · 45:6,3,3623,البقرة,2
عَلَيْكَ,2177,2203,No,56,2:252,2:252 · 2:272 · 3:3 · 3:7 · 3:20 · 3:58 · 3:108 · 4:113 · 4:113 · 4:113 · 4:164 · 4:164 … (+44),29,160,البقرة,2
وَإِنَّكَ,2178,2204,No,6,2:252,2:252 · 11:79 · 23:73 · 27:6 · 42:52 · 68:4,6,1667,البقرة,2
الْمُرْسَلِينَ,2179,2205,No,24,2:252,2:252 · 6:34 · 6:48 · 7:6 · 7:77 · 15:80 · 18:56 · 25:20 · 26:21 · 26:105 · 26:123 · 26:141 … (+12),10,376,البقرة,2
الرُّسُلُ,2180,2206,No,7,2:253,2:253 · 3:144 · 5:75 · 12:110 · 23:51 · 41:14 · 77:11,7,1282,البقرة,2
فَضَّلْنَا,2181,2207,No,4,2:253,2:253 · 6:86 · 17:21 · 17:55,3,2523,البقرة,2
كَلَّمَ,2182,2208,No,1,2:253,2:253,1,12878,البقرة,2
وَرَفَعَ,2183,2209,No,3,2:253,2:253 · 6:165 · 12:100,3,3760,البقرة,2
دَرَجَاتٍ,2184,2210,No,8,2:253,2:253 · 4:96 · 6:83 · 6:165 · 12:76 · 17:21 · 43:32 · 58:11,7,1172,البقرة,2
اقْتَتَلَ,2185,2211,No,1,2:253,2:253,1,7889,البقرة,2
بَعْدِهِمْ,2186,2212,No,17,2:253,2:253 · 6:6 · 7:103 · 7:169 · 7:173 · 10:14 · 10:75 · 14:9 · 14:14 · 19:59 · 23:31 · 23:42 … (+5),11,539,البقرة,2
وَلَكِنِ,2187,2213,No,2,2:253,2:253 · 7:143,2,6349,البقرة,2
فَمِنْهُمْ,2188,2214,No,11,2:253,2:253 · 4:55 · 9:124 · 11:105 · 16:36 · 24:45 · 29:40 · 31:32 · 33:23 · 35:32 · 57:26,11,861,البقرة,2
اقْتَتَلُوا,2189,2215,No,2,2:253,2:253 · 49:9,2,4249,البقرة,2
أَنْفِقُوا,2190,2216,No,4,2:254,2:254 · 2:267 · 9:53 · 36:47,3,2188,البقرة,2
يَوْمٌ,2191,2217,No,9,2:254,2:254 · 11:77 · 11:103 · 11:103 · 14:31 · 30:43 · 42:47 · 54:8 · 74:9,7,1106,البقرة,2
بَيْعٌ,2192,2218,No,3,2:254,2:254 · 14:31 · 24:37,3,3063,البقرة,2
خُلَّةٌ,2193,2219,No,1,2:254,2:254,1,10461,البقرة,2
وَالْكَافِرُونَ,2194,2220,No,3,2:254,2:254 · 42:26 · 74:31,3,3724,البقرة,2
الْحَيُّ,2195,2221,No,3,2:255,2:255 · 3:2 · 40:65,3,2990,البقرة,2
الْقَيُّومُ,2196,2222,No,2,2:255,2:255 · 3:2,2,4441,البقرة,2
تَأْخُذُهُ,2197,2223,No,1,2:255,2:255,1,9303,البقرة,2
سِنَةٌ,2198,2224,No,1,2:255,2:255,1,11089,البقرة,2
نَوْمٌ,2199,2225,No,1,2:255,2:255,1,14424,البقرة,2
يَشْفَعُ,2200,2226,No,1,2:255,2:255,1,16934,البقرة,2
خَلْفَهُمْ,2201,2227,No,7,2:255,2:255 · 8:57 · 20:110 · 21:28 · 22:76 · 34:9 · 41:25,7,1334,البقرة,2
يُحِيطُونَ,2202,2228,No,2,2:255,2:255 · 20:110,2,6624,البقرة,2
عِلْمِهِ,2203,2229,No,1,2:255,2:255,1,11651,البقرة,2
وَسِعَ,2204,2230,No,4,2:255,2:255 · 6:80 · 7:89 · 20:98,4,2714,البقرة,2
كُرْسِيُّهُ,2205,2231,No,1,2:255,2:255,1,12906,البقرة,2
وَالْأَرْضَ,2206,2232,No,41,2:255,2:255 · 6:1 · 6:73 · 6:79 · 7:54 · 9:36 · 10:3 · 11:7 · 14:19 · 14:32 · 15:19 · 15:85 … (+29),32,231,البقرة,2
يَئُودُهُ,2207,2233,No,1,2:255,2:255,1,16651,البقرة,2
حِفْظُهُمَا,2208,2234,No,1,2:255,2:255,1,10339,البقرة,2
الْعَلِيُّ,2209,2235,No,5,2:255,2:255 · 22:62 · 31:30 · 34:23 · 42:4,5,1805,البقرة,2
الْعَظِيمُ,2210,2236,No,16,2:255,2:255 · 4:13 · 5:119 · 9:63 · 9:72 · 9:89 · 9:100 · 9:111 · 10:64 · 37:60 · 40:9 · 42:4 … (+4),12,568,البقرة,2
إِكْرَاهَ,2211,2237,No,1,2:256,2:256,1,7678,البقرة,2
الرُّشْدُ,2212,2238,No,1,2:256,2:256,1,7977,البقرة,2
الْغَيِّ,2213,2239,No,3,2:256,2:256 · 7:146 · 7:202,2,2998,البقرة,2
بِالطَّاغُوتِ,2214,2240,No,1,2:256,2:256,1,9019,البقرة,2
وَيُؤْمِنْ,2215,2241,No,1,2:256,2:256,1,16504,البقرة,2
اسْتَمْسَكَ,2216,2242,No,2,2:256,2:256 · 31:22,2,4237,البقرة,2
بِالْعُرْوَةِ,2217,2243,No,2,2:256,2:256 · 31:22,2,4613,البقرة,2
الْوُثْقَى,2218,2244,No,2,2:256,2:256 · 31:22,2,4500,البقرة,2
انْفِصَامَ,2219,2245,No,1,2:256,2:256,1,8790,البقرة,2
وَلِيُّ,2220,2246,No,3,2:257,2:257 · 3:68 · 45:19,3,3809,البقرة,2
يُخْرِجُهُمْ,2221,2247,No,1,2:257,2:257,1,17316,البقرة,2
الظُّلُمَاتِ,2222,2248,No,12,2:257,2:257 · 2:257 · 5:16 · 6:1 · 6:39 · 6:122 · 14:1 · 14:5 · 21:87 · 33:43 · 57:9 · 65:11,8,759,البقرة,2
النُّورِ,2223,2249,No,8,2:257,2:257 · 2:257 · 5:16 · 14:1 · 14:5 · 33:43 · 57:9 · 65:11,6,1138,البقرة,2
أَوْلِيَاؤُهُمُ,2224,2250,No,1,2:257,2:257,1,7517,البقرة,2
الطَّاغُوتُ,2225,2251,No,1,2:257,2:257,1,8106,البقرة,2
يُخْرِجُونَهُمْ,2226,2252,No,1,2:257,2:257,1,17320,البقرة,2
حَاجَّ,2227,2253,No,1,2:258,2:258,1,10175,البقرة,2
آتَاهُ,2228,2254,No,2,2:258,2:258 · 65:7,2,3963,البقرة,2
رَبِّيَ,2229,2255,No,3,2:258,2:258 · 7:33 · 40:28,3,3255,البقرة,2
وَيُمِيتُ,2230,2256,No,9,2:258,2:258 · 3:156 · 7:158 · 9:116 · 10:56 · 23:80 · 40:68 · 44:8 · 57:2,9,1101,البقرة,2
أَنَا,2231,2257,No,49,2:258,2:258 · 5:28 · 6:56 · 6:79 · 6:104 · 7:12 · 7:188 · 10:108 · 11:29 · 11:86 · 12:45 · 12:51 … (+37),28,183,البقرة,2
أُحْيِي,2232,2258,No,1,2:258,2:258,1,7565,البقرة,2
وَأُمِيتُ,2233,2259,No,1,2:258,2:258,1,14840,البقرة,2
يَأْتِي,2234,2260,No,8,2:258,2:258 · 5:54 · 6:158 · 7:53 · 12:48 · 12:49 · 41:40 · 61:6,7,1240,البقرة,2
بِالشَّمْسِ,2235,2261,No,1,2:258,2:258,1,9015,البقرة,2
فَأْتِ,2236,2262,No,4,2:258,2:258 · 7:106 · 26:31 · 26:154,3,2503,البقرة,2
الْمَغْرِبِ,2237,2263,No,1,2:258,2:258,1,8612,البقرة,2
فَبُهِتَ,2238,2264,No,1,2:258,2:258,1,12059,البقرة,2
الْقَوْمَ,2239,2265,No,26,2:258,2:258 · 2:264 · 3:86 · 3:140 · 5:51 · 5:67 · 5:108 · 6:144 · 7:137 · 7:150 · 9:19 · 9:24 … (+14),15,355,البقرة,2
كَالَّذِي,2240,2266,No,5,2:259,2:259 · 2:264 · 6:71 · 9:69 · 33:19,4,1972,البقرة,2
مَرَّ,2241,2267,No,4,2:259,2:259 · 10:12 · 11:38 · 27:88,4,2595,البقرة,2
قَرْيَةٍ,2242,2268,No,19,2:259,2:259 · 6:123 · 7:4 · 7:94 · 15:4 · 17:58 · 18:77 · 21:6 · 21:11 · 21:95 · 22:45 · 22:48 … (+7),15,496,البقرة,2
وَهِيَ,2243,2269,No,10,2:259,2:259 · 11:42 · 11:102 · 18:42 · 22:45 · 22:48 · 27:88 · 36:78 · 41:11 · 67:7,8,966,البقرة,2
خَاوِيَةٌ,2244,2270,No,3,2:259,2:259 · 18:42 · 22:45,3,3220,البقرة,2
عُرُوشِهَا,2245,2271,No,3,2:259,2:259 · 18:42 · 22:45,3,3352,البقرة,2
فَأَمَاتَهُ,2246,2272,No,1,2:259,2:259,1,11830,البقرة,2
مِائَةَ,2247,2273,No,3,2:259,2:259 · 2:259 · 24:2,2,3613,البقرة,2
عَامٍ,2248,2274,No,3,2:259,2:259 · 2:259 · 9:126,2,3326,البقرة,2
بَعَثَهُ,2249,2275,No,1,2:259,2:259,1,8876,البقرة,2
لَبِثْتَ,2250,2276,No,2,2:259,2:259 · 2:259,1,5653,البقرة,2
لَبِثْتُ,2251,2277,No,2,2:259,2:259 · 10:16,2,5654,البقرة,2
بَعْضَ,2252,2278,No,14,2:259,2:259 · 3:50 · 6:129 · 10:46 · 11:12 · 13:40 · 17:55 · 18:19 · 23:113 · 30:41 · 40:77 · 43:63 … (+2),14,660,البقرة,2
يَوْمٍ,2253,2279,No,28,2:259,2:259 · 6:15 · 7:59 · 9:108 · 10:15 · 11:3 · 11:26 · 11:84 · 14:18 · 18:19 · 19:37 · 22:55 … (+16),22,332,البقرة,2
فَانْظُرْ,2254,2280,No,13,2:259,2:259 · 7:84 · 7:103 · 10:39 · 10:73 · 27:14 · 27:28 · 27:51 · 28:40 · 30:50 · 37:73 · 37:102 … (+1),8,722,البقرة,2
طَعَامِكَ,2255,2281,No,1,2:259,2:259,1,11358,البقرة,2
وَشَرَابِكَ,2256,2282,No,1,2:259,2:259,1,15753,البقرة,2
يَتَسَنَّهْ,2257,2283,No,1,2:259,2:259,1,16693,البقرة,2
وَانْظُرْ,2258,2284,No,3,2:259,2:259 · 2:259 · 20:97,2,3730,البقرة,2
حِمَارِكَ,2259,2285,No,1,2:259,2:259,1,10343,البقرة,2
وَلِنَجْعَلَكَ,2260,2286,No,1,2:259,2:259,1,16123,البقرة,2
آيَةً,2261,2287,No,23,2:259,2:259 · 3:41 · 6:37 · 7:73 · 10:92 · 11:64 · 16:101 · 19:10 · 19:21 · 20:22 · 21:91 · 23:50 … (+11),18,389,البقرة,2
الْعِظَامِ,2262,2288,No,1,2:259,2:259,1,8471,البقرة,2
نُنْشِزُهَا,2263,2289,No,1,2:259,2:259,1,14509,البقرة,2
نَكْسُوهَا,2264,2290,No,1,2:259,2:259,1,14409,البقرة,2
لَحْمًا,2265,2291,No,4,2:259,2:259 · 16:14 · 23:14 · 35:12,4,2562,البقرة,2
أَرِنِي,2266,2292,No,2,2:260,2:260 · 7:143,2,4038,البقرة,2
تُحْيِي,2267,2293,No,1,2:260,2:260,1,9875,البقرة,2
أَوَلَمْ,2268,2294,No,35,2:260,2:260 · 7:100 · 7:184 · 7:185 · 13:41 · 14:44 · 15:70 · 16:48 · 17:99 · 20:133 · 21:30 · 26:7 … (+23),21,267,البقرة,2
تُؤْمِنْ,2269,2295,No,2,2:260,2:260 · 5:41,2,4805,البقرة,2
لِيَطْمَئِنَّ,2270,2296,No,1,2:260,2:260,1,13560,البقرة,2
قَلْبِي,2271,2297,No,1,2:260,2:260,1,12692,البقرة,2
فَخُذْ,2272,2298,No,3,2:260,2:260 · 7:144 · 12:78,3,3407,البقرة,2
أَرْبَعَةً,2273,2299,No,2,2:260,2:260 · 4:15,2,4039,البقرة,2
الطَّيْرِ,2274,2300,No,6,2:260,2:260 · 3:49 · 5:110 · 16:79 · 27:16 · 67:19,6,1494,البقرة,2
فَصُرْهُنَّ,2275,2301,No,1,2:260,2:260,1,12265,البقرة,2
جَبَلٍ,2276,2302,No,3,2:260,2:260 · 11:43 · 59:21,3,3176,البقرة,2
مِنْهُنَّ,2277,2303,No,7,2:260,2:260 · 4:24 · 12:31 · 33:4 · 33:37 · 33:51 · 49:11,5,1396,البقرة,2
جُزْءًا,2278,2304,No,2,2:260,2:260 · 43:15,2,4881,البقرة,2
ادْعُهُنَّ,2279,2305,No,1,2:260,2:260,1,7784,البقرة,2
يَأْتِينَكَ,2280,2306,No,1,2:260,2:260,1,16620,البقرة,2
سَعْيًا,2281,2307,No,1,2:260,2:260,1,10941,البقرة,2
وَاعْلَمْ,2282,2308,No,1,2:260,2:260,1,14995,البقرة,2
أَمْوَالَهُمْ,2283,2309,No,9,2:261,2:261 · 2:262 · 2:274 · 4:2 · 4:2 · 4:6 · 4:6 · 4:38 · 8:36,3,994,البقرة,2
حَبَّةٍ,2284,2310,No,5,2:261,2:261 · 2:261 · 6:59 · 21:47 · 31:16,4,1872,البقرة,2
أَنْبَتَتْ,2285,2311,No,1,2:261,2:261,1,7416,البقرة,2
سَنَابِلَ,2286,2312,No,1,2:261,2:261,1,10996,البقرة,2
سُنْبُلَةٍ,2287,2313,No,1,2:261,2:261,1,11069,البقرة,2
مِائَةُ,2288,2314,No,1,2:261,2:261,1,14143,البقرة,2
يُضَاعِفُ,2289,2315,No,1,2:261,2:261,1,17413,البقرة,2
يُتْبِعُونَ,2290,2316,No,1,2:262,2:262,1,17259,البقرة,2
أَنْفَقُوا,2291,2317,No,7,2:262,2:262 · 4:34 · 25:67 · 57:10 · 60:10 · 60:10 · 60:11,5,1270,البقرة,2
مَنًّا,2292,2318,No,2,2:262,2:262 · 47:4,2,5839,البقرة,2
قَوْلٌ,2293,2319,No,1,2:263,2:263,1,12702,البقرة,2
مَعْرُوفٌ,2294,2320,No,2,2:263,2:263 · 47:21,2,5819,البقرة,2
وَمَغْفِرَةٌ,2295,2321,No,4,2:263,2:263 · 8:4 · 47:15 · 57:20,4,2739,البقرة,2
يَتْبَعُهَا,2296,2322,No,1,2:263,2:263,1,16732,البقرة,2
غَنِيٌّ,2297,2323,No,7,2:263,2:263 · 2:267 · 3:97 · 27:40 · 31:12 · 39:7 · 64:6,6,1366,البقرة,2
تُبْطِلُوا,2298,2324,No,2,2:264,2:264 · 47:33,2,4809,البقرة,2
صَدَقَاتِكُمْ,2299,2325,No,1,2:264,2:264,1,11220,البقرة,2
بِالْمَنِّ,2300,2326,No,1,2:264,2:264,1,9066,البقرة,2
وَالْأَذَى,2301,2327,No,1,2:264,2:264,1,15110,البقرة,2
يُنْفِقُ,2302,2328,No,5,2:264,2:264 · 5:64 · 9:98 · 9:99 · 16:75,4,2133,البقرة,2
مَالَهُ,2303,2329,No,3,2:264,2:264 · 92:18 · 104:3,3,3547,البقرة,2
رِئَاءَ,2304,2330,No,2,2:264,2:264 · 4:38,2,5050,البقرة,2
فَمَثَلُهُ,2305,2331,No,2,2:264,2:264 · 7:176,2,5497,البقرة,2
صَفْوَانٍ,2306,2332,No,1,2:264,2:264,1,11254,البقرة,2
تُرَابٌ,2307,2333,No,1,2:264,2:264,1,9895,البقرة,2
فَأَصَابَهُ,2308,2334,No,1,2:264,2:264,1,11794,البقرة,2
وَابِلٌ,2309,2335,No,3,2:264,2:264 · 2:265 · 2:265,1,3688,البقرة,2
فَتَرَكَهُ,2310,2336,No,1,2:264,2:264,1,12079,البقرة,2
صَلْدًا,2311,2337,No,1,2:264,2:264,1,11264,البقرة,2
يَقْدِرُونَ,2312,2338,No,3,2:264,2:264 · 14:18 · 57:29,3,3912,البقرة,2
أَمْوَالَهُمُ,2313,2339,No,1,2:265,2:265,1,7402,البقرة,2
وَتَثْبِيتًا,2314,2340,No,1,2:265,2:265,1,15358,البقرة,2
جَنَّةٍ,2315,2341,No,3,2:265,2:265 · 69:22 · 88:10,3,3187,البقرة,2
بِرَبْوَةٍ,2316,2342,No,1,2:265,2:265,1,9136,البقرة,2
أَصَابَهَا,2317,2343,No,1,2:265,2:265,1,7142,البقرة,2
فَآتَتْ,2318,2344,No,1,2:265,2:265,1,11731,البقرة,2
أُكُلَهَا,2319,2345,No,3,2:265,2:265 · 14:25 · 18:33,3,2900,البقرة,2
ضِعْفَيْنِ,2320,2346,No,3,2:265,2:265 · 33:30 · 33:68,2,3312,البقرة,2
يُصِبْهَا,2321,2347,No,1,2:265,2:265,1,17393,البقرة,2
فَطَلٌّ,2322,2348,No,1,2:265,2:265,1,12280,البقرة,2
أَيَوَدُّ,2323,2349,No,1,2:266,2:266,1,7528,البقرة,2
أَحَدُكُمْ,2324,2350,No,2,2:266,2:266 · 49:12,2,4009,البقرة,2
جَنَّةٌ,2325,2351,No,3,2:266,2:266 · 17:91 · 25:8,3,3186,البقرة,2
نَخِيلٍ,2326,2352,No,4,2:266,2:266 · 17:91 · 23:19 · 36:34,4,2631,البقرة,2
وَأَعْنَابٍ,2327,2353,No,3,2:266,2:266 · 23:19 · 36:34,3,3668,البقرة,2
وَأَصَابَهُ,2328,2354,No,1,2:266,2:266,1,14707,البقرة,2
الْكِبَرُ,2329,2355,No,3,2:266,2:266 · 3:40 · 15:54,3,3016,البقرة,2
وَلَهُ,2330,2356,No,23,2:266,2:266 · 3:83 · 4:12 · 4:14 · 4:176 · 6:13 · 6:73 · 7:206 · 16:52 · 16:52 · 21:19 · 23:80 … (+11),17,407,البقرة,2
ذُرِّيَّةٌ,2331,2357,No,2,2:266,2:266 · 10:83,2,4999,البقرة,2
ضُعَفَاءُ,2332,2358,No,1,2:266,2:266,1,11325,البقرة,2
فَأَصَابَهَا,2333,2359,No,1,2:266,2:266,1,11793,البقرة,2
إِعْصَارٌ,2334,2360,No,1,2:266,2:266,1,7673,البقرة,2
نَارٌ,2335,2361,No,4,2:266,2:266 · 24:35 · 90:20 · 101:11,4,2626,البقرة,2
فَاحْتَرَقَتْ,2336,2362,No,1,2:266,2:266,1,11900,البقرة,2
أَخْرَجْنَا,2337,2363,No,2,2:267,2:267 · 27:82,2,4025,البقرة,2
تَيَمَّمُوا,2338,2364,No,1,2:267,2:267,1,9828,البقرة,2
الْخَبِيثَ,2339,2365,No,5,2:267,2:267 · 3:179 · 4:2 · 8:37 · 8:37,4,1803,البقرة,2
تُنْفِقُونَ,2340,2366,No,2,2:267,2:267 · 2:272,1,4845,البقرة,2
وَلَسْتُمْ,2341,2367,No,1,2:267,2:267,1,16048,البقرة,2
بِآخِذِيهِ,2342,2368,No,1,2:267,2:267,1,8958,البقرة,2
تُغْمِضُوا,2343,2369,No,1,2:267,2:267,1,9953,البقرة,2
حَمِيدٌ,2344,2370,No,5,2:267,2:267 · 11:73 · 14:8 · 31:12 · 64:6,5,1879,البقرة,2
يَعِدُكُمُ,2345,2371,No,2,2:268,2:268 · 8:7,2,6541,البقرة,2
الْفَقْرَ,2346,2372,No,1,2:268,2:268,1,8501,البقرة,2
وَيَأْمُرُكُمْ,2347,2373,No,1,2:268,2:268,1,16376,البقرة,2
بِالْفَحْشَاءِ,2348,2374,No,3,2:268,2:268 · 7:28 · 24:21,3,3085,البقرة,2
يَعِدُكُمْ,2349,2375,No,2,2:268,2:268 · 40:28,2,6542,البقرة,2
مَغْفِرَةً,2350,2376,No,3,2:268,2:268 · 33:35 · 48:29,3,3568,البقرة,2
وَفَضْلًا,2351,2377,No,1,2:268,2:268,1,15909,البقرة,2
الْحِكْمَةَ,2352,2378,No,4,2:269,2:269 · 2:269 · 31:12 · 38:20,3,2261,البقرة,2
يَذَّكَّرُ,2353,2379,No,3,2:269,2:269 · 3:7 · 80:4,3,3875,البقرة,2
أُولُو,2354,2380,No,13,2:269,2:269 · 3:7 · 4:8 · 9:86 · 11:116 · 13:19 · 14:52 · 24:22 · 27:33 · 38:29 · 39:9 · 39:18 … (+1),12,697,البقرة,2
نَفَقَةٍ,2355,2381,No,1,2:270,2:270,1,14371,البقرة,2
نَذَرْتُمْ,2356,2382,No,1,2:270,2:270,1,14280,البقرة,2
نَذْرٍ,2357,2383,No,1,2:270,2:270,1,14283,البقرة,2
يَعْلَمُهُ,2358,2384,No,1,2:270,2:270,1,17017,البقرة,2
لِلظَّالِمِينَ,2359,2385,No,11,2:270,2:270 · 3:192 · 5:72 · 18:29 · 18:50 · 22:71 · 25:37 · 35:37 · 37:63 · 39:24 · 40:18,10,866,البقرة,2
أَنْصَارٍ,2360,2386,No,3,2:270,2:270 · 3:192 · 5:72,3,2877,البقرة,2
تُبْدُوا,2361,2387,No,4,2:271,2:271 · 2:284 · 4:149 · 33:54,3,2373,البقرة,2
الصَّدَقَاتِ,2362,2388,No,5,2:271,2:271 · 2:276 · 9:58 · 9:79 · 9:104,2,1783,البقرة,2
فَنِعِمَّا,2363,2389,No,1,2:271,2:271,1,12477,البقرة,2
تُخْفُوهَا,2364,2390,No,1,2:271,2:271,1,9885,البقرة,2
وَتُؤْتُوهَا,2365,2391,No,1,2:271,2:271,1,15440,البقرة,2
الْفُقَرَاءَ,2366,2392,No,1,2:271,2:271,1,8508,البقرة,2
وَيُكَفِّرُ,2367,2393,No,1,2:271,2:271,1,16568,البقرة,2
سَيِّئَاتِكُمْ,2368,2394,No,5,2:271,2:271 · 4:31 · 5:12 · 8:29 · 66:8,5,1920,البقرة,2
هُدَاهُمْ,2369,2395,No,2,2:272,2:272 · 16:37,2,6025,البقرة,2
تُنْفِقُوا,2370,2396,No,8,2:272,2:272 · 2:272 · 2:273 · 3:92 · 3:92 · 8:60 · 57:10 · 63:7,5,1165,البقرة,2
فَلِأَنْفُسِكُمْ,2371,2397,No,1,2:272,2:272,1,12404,البقرة,2
وَجْهِ,2372,2398,No,4,2:272,2:272 · 12:93 · 13:22 · 92:20,4,2710,البقرة,2
يُوَفَّ,2373,2399,No,2,2:272,2:272 · 8:60,2,6696,البقرة,2
إِلَيْكُمْ,2374,2400,No,26,2:272,2:272 · 3:199 · 4:174 · 5:11 · 5:68 · 7:3 · 7:158 · 8:60 · 9:24 · 9:94 · 11:57 · 21:10 … (+14),19,353,البقرة,2
تُظْلَمُونَ,2375,2401,No,4,2:272,2:272 · 2:279 · 4:77 · 8:60,3,2376,البقرة,2
لِلْفُقَرَاءِ,2376,2402,No,3,2:273,2:273 · 9:60 · 59:8,3,3533,البقرة,2
أُحْصِرُوا,2377,2403,No,1,2:273,2:273,1,7561,البقرة,2
يَسْتَطِيعُونَ,2378,2404,No,15,2:273,2:273 · 4:98 · 7:192 · 7:197 · 11:20 · 16:73 · 17:48 · 18:101 · 21:40 · 21:43 · 25:9 · 26:211 … (+3),12,641,البقرة,2
ضَرْبًا,2379,2405,No,2,2:273,2:273 · 37:93,2,5203,البقرة,2
يَحْسَبُهُمُ,2380,2406,No,1,2:273,2:273,1,16765,البقرة,2
الْجَاهِلُ,2381,2407,No,1,2:273,2:273,1,8326,البقرة,2
أَغْنِيَاءَ,2382,2408,No,1,2:273,2:273,1,7237,البقرة,2
التَّعَفُّفِ,2383,2409,No,1,2:273,2:273,1,7913,البقرة,2
تَعْرِفُهُمْ,2384,2410,No,1,2:273,2:273,1,9644,البقرة,2
بِسِيمَاهُمْ,2385,2411,No,5,2:273,2:273 · 7:46 · 7:48 · 47:30 · 55:41,4,1835,البقرة,2
يَسْأَلُونَ,2386,2412,No,3,2:273,2:273 · 33:20 · 51:12,3,3883,البقرة,2
إِلْحَافًا,2387,2413,No,1,2:273,2:273,1,7686,البقرة,2
بِاللَّيْلِ,2388,2414,No,6,2:274,2:274 · 6:60 · 13:10 · 21:42 · 30:23 · 41:38,6,1527,البقرة,2
وَعَلَانِيَةً,2389,2415,No,4,2:274,2:274 · 13:22 · 14:31 · 35:29,4,2720,البقرة,2
الرِّبَا,2390,2416,No,7,2:275,2:275 · 2:275 · 2:275 · 2:276 · 2:278 · 3:130 · 4:161,3,1283,البقرة,2
يَقُومُونَ,2391,2417,No,1,2:275,2:275,1,17059,البقرة,2
يَقُومُ,2392,2418,No,5,2:275,2:275 · 14:41 · 40:51 · 78:38 · 83:6,5,2112,البقرة,2
يَتَخَبَّطُهُ,2393,2419,No,1,2:275,2:275,1,16685,البقرة,2
الْمَسِّ,2394,2420,No,1,2:275,2:275,1,8602,البقرة,2
الْبَيْعُ,2395,2421,No,1,2:275,2:275,1,8314,البقرة,2
وَأَحَلَّ,2396,2422,No,1,2:275,2:275,1,14632,البقرة,2
الْبَيْعَ,2397,2423,No,2,2:275,2:275 · 62:9,2,4369,البقرة,2
وَحَرَّمَ,2398,2424,No,1,2:275,2:275,1,15527,البقرة,2
جَاءَهُ,2399,2425,No,7,2:275,2:275 · 12:50 · 24:39 · 28:25 · 29:68 · 39:32 · 80:2,7,1328,البقرة,2
مَوْعِظَةٌ,2400,2426,No,2,2:275,2:275 · 10:57,2,5850,البقرة,2
فَانْتَهَى,2401,2427,No,1,2:275,2:275,1,12028,البقرة,2
سَلَفَ,2402,2428,No,5,2:275,2:275 · 4:22 · 4:23 · 5:95 · 8:38,4,1914,البقرة,2
وَأَمْرُهُ,2403,2429,No,1,2:275,2:275,1,14771,البقرة,2
عَادَ,2404,2430,No,3,2:275,2:275 · 5:95 · 36:39,3,3324,البقرة,2
يَمْحَقُ,2405,2431,No,1,2:276,2:276,1,17141,البقرة,2
وَيُرْبِي,2406,2432,No,1,2:276,2:276,1,16540,البقرة,2
كُلَّ,2407,2433,No,49,2:276,2:276 · 4:91 · 4:129 · 6:25 · 6:70 · 6:80 · 6:101 · 6:111 · 6:146 · 7:89 · 7:146 · 7:156 … (+37),34,186,البقرة,2
كَفَّارٍ,2408,2434,No,2,2:276,2:276 · 50:24,2,5614,البقرة,2
أَثِيمٍ,2409,2435,No,5,2:276,2:276 · 26:222 · 45:7 · 68:12 · 83:12,5,1735,البقرة,2
وَأَقَامُوا,2410,2436,No,8,2:277,2:277 · 7:170 · 9:5 · 9:11 · 13:22 · 35:18 · 35:29 · 42:38,6,1219,البقرة,2
وَآتَوُا,2411,2437,No,4,2:277,2:277 · 9:5 · 9:11 · 22:41,3,2660,البقرة,2
اتَّقُوا,2412,2438,No,14,2:278,2:278 · 3:102 · 4:1 · 4:131 · 5:35 · 5:112 · 9:119 · 22:1 · 31:33 · 33:70 · 36:45 · 39:10 … (+2),12,653,البقرة,2
وَذَرُوا,2413,2439,No,4,2:278,2:278 · 6:120 · 7:180 · 62:9,4,2711,البقرة,2
بَقِيَ,2414,2440,No,1,2:278,2:278,1,8893,البقرة,2
فَأْذَنُوا,2415,2441,No,1,2:279,2:279,1,11867,البقرة,2
بِحَرْبٍ,2416,2442,No,1,2:279,2:279,1,9104,البقرة,2
وَرَسُولِهِ,2417,2443,No,24,2:279,2:279 · 4:100 · 4:136 · 7:158 · 9:1 · 9:3 · 9:24 · 9:65 · 9:80 · 9:84 · 9:91 · 24:48 … (+12),12,386,البقرة,2
تُبْتُمْ,2418,2444,No,2,2:279,2:279 · 9:3,2,4807,البقرة,2
فَلَكُمْ,2419,2445,No,2,2:279,2:279 · 3:179,2,5486,البقرة,2
رُءُوسُ,2420,2446,No,2,2:279,2:279 · 37:65,2,5041,البقرة,2
أَمْوَالِكُمْ,2421,2447,No,3,2:279,2:279 · 3:186 · 4:2,3,2871,البقرة,2
تَظْلِمُونَ,2422,2448,No,1,2:279,2:279,1,9622,البقرة,2
عُسْرَةٍ,2423,2449,No,1,2:280,2:280,1,11610,البقرة,2
فَنَظِرَةٌ,2424,2450,No,1,2:280,2:280,1,12466,البقرة,2
مَيْسَرَةٍ,2425,2451,No,1,2:280,2:280,1,13882,البقرة,2
تَصَدَّقُوا,2426,2452,No,1,2:280,2:280,1,9588,البقرة,2
تُوَفَّى,2427,2453,No,2,2:281,2:281 · 3:161,2,4846,البقرة,2
يُظْلَمُونَ,2428,2454,No,15,2:281,2:281 · 3:25 · 3:161 · 4:49 · 4:124 · 6:160 · 10:47 · 10:54 · 16:111 · 17:71 · 19:60 · 23:62 … (+3),12,642,البقرة,2
تَدَايَنْتُمْ,2429,2455,No,1,2:282,2:282,1,9461,البقرة,2
بِدَيْنٍ,2430,2456,No,1,2:282,2:282,1,9119,البقرة,2
أَجَلٍ,2431,2457,No,16,2:282,2:282 · 4:77 · 7:135 · 11:3 · 13:38 · 14:10 · 14:44 · 16:61 · 22:5 · 22:33 · 31:29 · 35:45 … (+4),14,557,البقرة,2
مُسَمًّى,2432,2458,No,21,2:282,2:282 · 6:2 · 6:60 · 11:3 · 13:2 · 14:10 · 16:61 · 20:129 · 22:5 · 22:33 · 29:53 · 30:8 … (+9),17,448,البقرة,2
فَاكْتُبُوهُ,2433,2459,No,1,2:282,2:282,1,11999,البقرة,2
وَلْيَكْتُبْ,2434,2460,No,1,2:282,2:282,1,16176,البقرة,2
كَاتِبٌ,2435,2461,No,3,2:282,2:282 · 2:282 · 2:282,1,3460,البقرة,2
بِالْعَدْلِ,2436,2462,No,6,2:282,2:282 · 2:282 · 4:58 · 16:76 · 16:90 · 49:9,4,1529,البقرة,2
يَأْبَ,2437,2463,No,2,2:282,2:282 · 2:282,1,6449,البقرة,2
يَكْتُبَ,2438,2464,No,1,2:282,2:282,1,17094,البقرة,2
عَلَّمَهُ,2439,2465,No,3,2:282,2:282 · 53:5 · 55:4,3,3342,البقرة,2
فَلْيَكْتُبْ,2440,2466,No,1,2:282,2:282,1,12430,البقرة,2
وَلْيُمْلِلِ,2441,2467,No,1,2:282,2:282,1,16178,البقرة,2
وَلْيَتَّقِ,2442,2468,No,2,2:282,2:282 · 2:283,1,6371,البقرة,2
رَبَّهُ,2443,2469,No,19,2:282,2:282 · 2:283 · 3:38 · 11:45 · 12:41 · 19:3 · 20:74 · 20:121 · 21:83 · 21:89 · 37:84 · 38:24 … (+7),15,491,البقرة,2
يَبْخَسْ,2444,2470,No,1,2:282,2:282,1,16662,البقرة,2
سَفِيهًا,2445,2471,No,1,2:282,2:282,1,10953,البقرة,2
ضَعِيفًا,2446,2472,No,4,2:282,2:282 · 4:28 · 4:76 · 11:91,3,2468,البقرة,2
يَسْتَطِيعُ,2447,2473,No,2,2:282,2:282 · 5:112,2,6523,البقرة,2
يُمِلَّ,2448,2474,No,1,2:282,2:282,1,17516,البقرة,2
فَلْيُمْلِلْ,2449,2475,No,1,2:282,2:282,1,12437,البقرة,2
وَلِيُّهُ,2450,2476,No,1,2:282,2:282,1,16152,البقرة,2
وَاسْتَشْهِدُوا,2451,2477,No,1,2:282,2:282,1,14954,البقرة,2
شَهِيدَيْنِ,2452,2478,No,1,2:282,2:282,1,11148,البقرة,2
رِجَالِكُمْ,2453,2479,No,2,2:282,2:282 · 33:40,2,5051,البقرة,2
يَكُونَا,2454,2480,No,1,2:282,2:282,1,17088,البقرة,2
رَجُلَيْنِ,2455,2481,No,4,2:282,2:282 · 16:76 · 18:32 · 28:15,4,2429,البقرة,2
فَرَجُلٌ,2456,2482,No,1,2:282,2:282,1,12192,البقرة,2
وَامْرَأَتَانِ,2457,2483,No,1,2:282,2:282,1,15262,البقرة,2
تَرْضَوْنَ,2458,2484,No,1,2:282,2:282,1,9512,البقرة,2
الشُّهَدَاءِ,2459,2485,No,1,2:282,2:282,1,8062,البقرة,2
تَضِلَّ,2460,2486,No,1,2:282,2:282,1,9606,البقرة,2
إِحْدَاهُمَا,2461,2487,No,5,2:282,2:282 · 2:282 · 28:25 · 28:26 · 49:9,3,1761,البقرة,2
فَتُذَكِّرَ,2462,2488,No,1,2:282,2:282,1,12122,البقرة,2
الْأُخْرَى,2463,2489,No,5,2:282,2:282 · 39:42 · 49:9 · 53:20 · 53:47,4,1795,البقرة,2
الشُّهَدَاءُ,2464,2490,No,1,2:282,2:282,1,8061,البقرة,2
دُعُوا,2465,2491,No,3,2:282,2:282 · 24:48 · 24:51,2,3244,البقرة,2
تَسْأَمُوا,2466,2492,No,1,2:282,2:282,1,9540,البقرة,2
تَكْتُبُوهُ,2467,2493,No,1,2:282,2:282,1,9720,البقرة,2
صَغِيرًا,2468,2494,No,2,2:282,2:282 · 17:24,2,5192,البقرة,2
كَبِيرًا,2469,2495,No,17,2:282,2:282 · 4:2 · 4:34 · 12:78 · 17:4 · 17:9 · 17:31 · 17:43 · 17:60 · 17:87 · 21:58 · 25:19 … (+5),8,547,البقرة,2
أَجَلِهِ,2470,2496,No,1,2:282,2:282,1,6899,البقرة,2
أَقْسَطُ,2471,2497,No,2,2:282,2:282 · 33:5,2,4110,البقرة,2
وَأَقْوَمُ,2472,2498,No,2,2:282,2:282 · 73:6,2,6059,البقرة,2
لِلشَّهَادَةِ,2473,2499,No,1,2:282,2:282,1,13454,البقرة,2
وَأَدْنَى,2474,2500,No,1,2:282,2:282,1,14672,البقرة,2
تَرْتَابُوا,2475,2501,No,1,2:282,2:282,1,9502,البقرة,2
تِجَارَةً,2476,2502,No,4,2:282,2:282 · 4:29 · 35:29 · 62:11,4,2380,البقرة,2
حَاضِرَةً,2477,2503,No,1,2:282,2:282,1,10186,البقرة,2
تُدِيرُونَهَا,2478,2504,No,1,2:282,2:282,1,9889,البقرة,2
تَكْتُبُوهَا,2479,2505,No,1,2:282,2:282,1,9719,البقرة,2
وَأَشْهِدُوا,2480,2506,No,2,2:282,2:282 · 65:2,2,6050,البقرة,2
تَبَايَعْتُمْ,2481,2507,No,1,2:282,2:282,1,9326,البقرة,2
يُضَارَّ,2482,2508,No,1,2:282,2:282,1,17412,البقرة,2
شَهِيدٌ,2483,2509,No,11,2:282,2:282 · 3:98 · 5:117 · 6:19 · 10:46 · 22:17 · 34:47 · 41:53 · 50:37 · 58:6 · 85:9,11,851,البقرة,2
فُسُوقٌ,2484,2510,No,1,2:282,2:282,1,12570,البقرة,2
بِكُمْ,2485,2511,No,29,2:282,2:282 · 4:29 · 4:102 · 4:141 · 6:153 · 9:52 · 11:80 · 12:66 · 12:100 · 16:15 · 16:53 · 17:54 … (+17),20,312,البقرة,2
تَجِدُوا,2486,2512,No,7,2:283,2:283 · 4:43 · 5:6 · 17:68 · 17:69 · 24:28 · 58:12,6,1319,البقرة,2
كَاتِبًا,2487,2513,No,1,2:283,2:283,1,12777,البقرة,2
فَرِهَانٌ,2488,2514,No,1,2:283,2:283,1,12209,البقرة,2
مَقْبُوضَةٌ,2489,2515,No,1,2:283,2:283,1,13783,البقرة,2
أَمِنَ,2490,2516,No,1,2:283,2:283,1,7379,البقرة,2
بَعْضًا,2491,2517,No,9,2:283,2:283 · 3:64 · 6:129 · 23:44 · 24:63 · 29:25 · 35:40 · 43:32 · 49:12,9,1014,البقرة,2
فَلْيُؤَدِّ,2492,2518,No,1,2:283,2:283,1,12432,البقرة,2
اؤْتُمِنَ,2493,2519,No,1,2:283,2:283,1,7708,البقرة,2
أَمَانَتَهُ,2494,2520,No,1,2:283,2:283,1,7364,البقرة,2
تَكْتُمُوا,2495,2521,No,1,2:283,2:283,1,9721,البقرة,2
الشَّهَادَةَ,2496,2522,No,2,2:283,2:283 · 65:2,2,4289,البقرة,2
يَكْتُمْهَا,2497,2523,No,1,2:283,2:283,1,17098,البقرة,2
آثِمٌ,2498,2524,No,1,2:283,2:283,1,6723,البقرة,2
قَلْبُهُ,2499,2525,No,1,2:283,2:283,1,12689,البقرة,2
تُخْفُوهُ,2500,2526,No,3,2:284,2:284 · 4:149 · 33:54,3,3161,البقرة,2
يُحَاسِبْكُمْ,2501,2527,No,1,2:284,2:284,1,17281,البقرة,2
فَيَغْفِرُ,2502,2528,No,1,2:284,2:284,1,12522,البقرة,2
وَيُعَذِّبُ,2503,2529,No,4,2:284,2:284 · 3:129 · 5:18 · 48:14,4,2752,البقرة,2
وَالْمُؤْمِنُونَ,2504,2530,No,7,2:285,2:285 · 4:162 · 4:162 · 9:71 · 9:105 · 48:12 · 74:31,5,1414,البقرة,2
وَكُتُبِهِ,2505,2531,No,3,2:285,2:285 · 4:136 · 66:12,3,3795,البقرة,2
رُسُلِهِ,2506,2532,No,2,2:285,2:285 · 3:179,2,5046,البقرة,2
وَأَطَعْنَا,2507,2533,No,6,2:285,2:285 · 4:46 · 5:7 · 24:47 · 24:51 · 33:66,5,1665,البقرة,2
غُفْرَانَكَ,2508,2534,No,1,2:285,2:285,1,11716,البقرة,2
وَإِلَيْكَ,2509,2535,No,3,2:285,2:285 · 60:4 · 60:4,2,3682,البقرة,2
يُكَلِّفُ,2510,2536,No,2,2:286,2:286 · 65:7,2,6677,البقرة,2
وَعَلَيْهَا,2511,2537,No,3,2:286,2:286 · 23:22 · 40:80,3,3775,البقرة,2
اكْتَسَبَتْ,2512,2538,No,1,2:286,2:286,1,7903,البقرة,2
تُؤَاخِذْنَا,2513,2539,No,1,2:286,2:286,1,9830,البقرة,2
نَسِينَا,2514,2540,No,1,2:286,2:286,1,14298,البقرة,2
أَخْطَأْنَا,2515,2541,No,1,2:286,2:286,1,6986,البقرة,2
تَحْمِلْ,2516,2542,No,2,2:286,2:286 · 7:176,2,4714,البقرة,2
إِصْرًا,2517,2543,No,1,2:286,2:286,1,7664,البقرة,2
حَمَلْتَهُ,2518,2544,No,1,2:286,2:286,1,10268,البقرة,2
قَبْلِنَا,2519,2545,No,2,2:286,2:286 · 6:156,2,5543,البقرة,2
تُحَمِّلْنَا,2520,2546,No,1,2:286,2:286,1,9864,البقرة,2
وَاعْفُ,2521,2547,No,1,2:286,2:286,1,14994,البقرة,2
عَنَّا,2522,2548,No,11,2:286,2:286 · 3:193 · 7:37 · 7:134 · 14:21 · 25:65 · 35:34 · 40:47 · 40:49 · 40:74 · 44:12,8,855,البقرة,2
وَاغْفِرْ,2523,2549,No,4,2:286,2:286 · 26:86 · 60:5 · 66:8,4,2688,البقرة,2
وَارْحَمْنَا,2524,2550,No,3,2:286,2:286 · 7:155 · 23:109,3,3694,البقرة,2
مَوْلَانَا,2525,2551,No,2,2:286,2:286 · 9:51,2,5852,البقرة,2
فَانْصُرْنَا,2526,2552,No,1,2:286,2:286,1,12033,البقرة,2
